chart_year,chart_code,chart_date,rank,title,artist,source_url
2014,hot100,2014-01-08,1,Ride With Me,Hey!Say!JUMP,https://www.billboard-japan.com/charts/detail?a=hot100&year=2014&month=01&day=13
2014,hot100,2014-01-08,2,表裏一体,ゆず,https://www.billboard-japan.com/charts/detail?a=hot100&year=2014&month=01&day=13
2014,hot100,2014-01-08,3,シャレオツ,SMAP,https://www.billboard-japan.com/charts/detail?a=hot100&year=2014&month=01&day=13
2014,hot100,2014-01-08,4,ずっと feat.HAN-KUN & TEE,SPICY CHOCOLATE,https://www.billboard-japan.com/charts/detail?a=hot100&year=2014&month=01&day=13
2014,hot100,2014-01-08,5,白雪姫,Flower,https://www.billboard-japan.com/charts/detail?a=hot100&year=2014&month=01&day=13
2014,hot100,2014-01-08,6,明日も,MUSH & Co.,https://www.billboard-japan.com/charts/detail?a=hot100&year=2014&month=01&day=13
2014,hot100,2014-01-08,7,恋するフォーチュンクッキー,AKB48,https://www.billboard-japan.com/charts/detail?a=hot100&year=2014&month=01&day=13
2014,hot100,2014-01-08,8,鈴懸の木の道で「君の微笑みを夢に見る」と言ってしまったら僕たちの関係はどう変わってしまうのか、僕なりに何日か考えた上でのやや気恥ずかしい結論のようなもの,AKB48,https://www.billboard-japan.com/charts/detail?a=hot100&year=2014&month=01&day=13
2014,hot100,2014-01-08,9,クリスマス・イブ,山下達郎,https://www.billboard-japan.com/charts/detail?a=hot100&year=2014&month=01&day=13
2014,hot100,2014-01-08,10,棚からぼたもち,舞祭組,https://www.billboard-japan.com/charts/detail?a=hot100&year=2014&month=01&day=13
2014,hot100,2014-01-08,11,この街で,DREAMS COME TRUE,https://www.billboard-japan.com/charts/detail?a=hot100&year=2014&month=01&day=13
2014,hot100,2014-01-08,12,ナノ・セカンド,UVERworld,https://www.billboard-japan.com/charts/detail?a=hot100&year=2014&month=01&day=13
2014,hot100,2014-01-08,13,Feel the love,浜崎あゆみ,https://www.billboard-japan.com/charts/detail?a=hot100&year=2014&month=01&day=13
2014,hot100,2014-01-08,14,雨のち晴レルヤ,ゆず,https://www.billboard-japan.com/charts/detail?a=hot100&year=2014&month=01&day=13
2014,hot100,2014-01-08,15,恋人たちのクリスマス,マライア・キャリー,https://www.billboard-japan.com/charts/detail?a=hot100&year=2014&month=01&day=13
2014,hot100,2014-01-08,16,ハッピー・クリスマス(戦争は終った),ジョン・レノン,https://www.billboard-japan.com/charts/detail?a=hot100&year=2014&month=01&day=13
2014,hot100,2014-01-08,17,最後のメリークリスマス,くるり,https://www.billboard-japan.com/charts/detail?a=hot100&year=2014&month=01&day=13
2014,hot100,2014-01-08,18,蛍,サザンオールスターズ,https://www.billboard-japan.com/charts/detail?a=hot100&year=2014&month=01&day=13
2014,hot100,2014-01-08,19,Run Away,[Champagne],https://www.billboard-japan.com/charts/detail?a=hot100&year=2014&month=01&day=13
2014,hot100,2014-01-08,20,ワンダフル・クリスマスタイム,ポール・マッカートニー/ウイングス,https://www.billboard-japan.com/charts/detail?a=hot100&year=2014&month=01&day=13
2014,hot100,2014-01-08,21,ごめんなさいのKissing You,E-girls,https://www.billboard-japan.com/charts/detail?a=hot100&year=2014&month=01&day=13
2014,hot100,2014-01-08,22,ココロ空モヨウ,関ジャニ∞[エイト],https://www.billboard-japan.com/charts/detail?a=hot100&year=2014&month=01&day=13
2014,hot100,2014-01-08,23,ドライビング・フォー・クリスマス,クリス・レア,https://www.billboard-japan.com/charts/detail?a=hot100&year=2014&month=01&day=13
2014,hot100,2014-01-08,24,ラスト・クリスマス,ワム!,https://www.billboard-japan.com/charts/detail?a=hot100&year=2014&month=01&day=13
2014,hot100,2014-01-08,25,バレッタ,乃木坂46,https://www.billboard-japan.com/charts/detail?a=hot100&year=2014&month=01&day=13
2014,hot100,2014-01-08,26,紅蓮の弓矢,Linked Horizon,https://www.billboard-japan.com/charts/detail?a=hot100&year=2014&month=01&day=13
2014,hot100,2014-01-08,27,ママがサンタにキッスした,ジャクソン・ファイブ,https://www.billboard-japan.com/charts/detail?a=hot100&year=2014&month=01&day=13
2014,hot100,2014-01-08,28,からたちの小径,島倉千代子,https://www.billboard-japan.com/charts/detail?a=hot100&year=2014&month=01&day=13
2014,hot100,2014-01-08,29,JUST LIVE MORE,鎧武乃風,https://www.billboard-japan.com/charts/detail?a=hot100&year=2014&month=01&day=13
2014,hot100,2014-01-08,30,SNOW DOMEの約束,Kis-My-Ft2,https://www.billboard-japan.com/charts/detail?a=hot100&year=2014&month=01&day=13
2014,hot100,2014-01-08,31,冬物語,三代目 J Soul Brothers from EXILE TRIBE,https://www.billboard-japan.com/charts/detail?a=hot100&year=2014&month=01&day=13
2014,hot100,2014-01-08,32,もったいないとらんど,きゃりーぱみゅぱみゅ,https://www.billboard-japan.com/charts/detail?a=hot100&year=2014&month=01&day=13
2014,hot100,2014-01-08,33,太陽の女神,家入レオ,https://www.billboard-japan.com/charts/detail?a=hot100&year=2014&month=01&day=13
2014,hot100,2014-01-08,34,恋する惑星,花澤香菜,https://www.billboard-japan.com/charts/detail?a=hot100&year=2014&month=01&day=13
2014,hot100,2014-01-08,35,いつかのメリークリスマス,B'z,https://www.billboard-japan.com/charts/detail?a=hot100&year=2014&month=01&day=13
2014,hot100,2014-01-08,36,Love Story,安室奈美恵,https://www.billboard-japan.com/charts/detail?a=hot100&year=2014&month=01&day=13
2014,hot100,2014-01-08,37,Very Merry Xmas,東方神起,https://www.billboard-japan.com/charts/detail?a=hot100&year=2014&month=01&day=13
2014,hot100,2014-01-08,38,粉雪,BENI,https://www.billboard-japan.com/charts/detail?a=hot100&year=2014&month=01&day=13
2014,hot100,2014-01-08,39,サヨナラの準備は、もうできていた,CRUDE PLAY,https://www.billboard-japan.com/charts/detail?a=hot100&year=2014&month=01&day=13
2014,hot100,2014-01-08,40,ハピネス,AI,https://www.billboard-japan.com/charts/detail?a=hot100&year=2014&month=01&day=13
2014,hot100,2014-01-08,41,クリスマスなんて、大嫌い!!なんちゃって,クレイジーケンバンド,https://www.billboard-japan.com/charts/detail?a=hot100&year=2014&month=01&day=13
2014,hot100,2014-01-08,42,SLY,RIP SLYME,https://www.billboard-japan.com/charts/detail?a=hot100&year=2014&month=01&day=13
2014,hot100,2014-01-08,43,ムーヴ,リトル・ミックス,https://www.billboard-japan.com/charts/detail?a=hot100&year=2014&month=01&day=13
2014,hot100,2014-01-08,44,メリクリ,BoA,https://www.billboard-japan.com/charts/detail?a=hot100&year=2014&month=01&day=13
2014,hot100,2014-01-08,45,ちっぽけな愛のうた,小枝理子&小笠原秋,https://www.billboard-japan.com/charts/detail?a=hot100&year=2014&month=01&day=13
2014,hot100,2014-01-08,46,さよなら,西野カナ,https://www.billboard-japan.com/charts/detail?a=hot100&year=2014&month=01&day=13
2014,hot100,2014-01-08,47,ディス・クリスマス,ダニー・ハサウェイ,https://www.billboard-japan.com/charts/detail?a=hot100&year=2014&month=01&day=13
2014,hot100,2014-01-08,48,想い出のクリスマス,スティービー・ワンダー,https://www.billboard-japan.com/charts/detail?a=hot100&year=2014&month=01&day=13
2014,hot100,2014-01-08,49,モノクローム,コブクロ,https://www.billboard-japan.com/charts/detail?a=hot100&year=2014&month=01&day=13
2014,hot100,2014-01-08,50,ハート・エレキ,AKB48,https://www.billboard-japan.com/charts/detail?a=hot100&year=2014&month=01&day=13
2014,hot100,2014-01-08,51,Sweet Refrain,Perfume,https://www.billboard-japan.com/charts/detail?a=hot100&year=2014&month=01&day=13
2014,hot100,2014-01-08,52,守ってあげたい,JUJU,https://www.billboard-japan.com/charts/detail?a=hot100&year=2014&month=01&day=13
2014,hot100,2014-01-08,53,ストーリー・オブ・マイ・ライフ,ワン・ダイレクション,https://www.billboard-japan.com/charts/detail?a=hot100&year=2014&month=01&day=13
2014,hot100,2014-01-08,54,今、咲き誇る花たちよ,コブクロ,https://www.billboard-japan.com/charts/detail?a=hot100&year=2014&month=01&day=13
2014,hot100,2014-01-08,55,恋人がサンタクロース,松任谷由実,https://www.billboard-japan.com/charts/detail?a=hot100&year=2014&month=01&day=13
2014,hot100,2014-01-08,56,すてきなホリデイ,竹内まりや,https://www.billboard-japan.com/charts/detail?a=hot100&year=2014&month=01&day=13
2014,hot100,2014-01-08,57,白い恋人達,桑田佳祐,https://www.billboard-japan.com/charts/detail?a=hot100&year=2014&month=01&day=13
2014,hot100,2014-01-08,58,JUMP!!!!!,Twinkle5(カナエ、川添美奈、小野春乃、原江梨子、五十嵐弥生),https://www.billboard-japan.com/charts/detail?a=hot100&year=2014&month=01&day=13
2014,hot100,2014-01-08,59,ドゥ・ゼイ・ノウ・イッツ・クリスマス,バンド・エイド,https://www.billboard-japan.com/charts/detail?a=hot100&year=2014&month=01&day=13
2014,hot100,2014-01-08,60,タイトル未定,嵐,https://www.billboard-japan.com/charts/detail?a=hot100&year=2014&month=01&day=13
2014,hot100,2014-01-08,61,クリスマス・ソング,ナット・キング・コール,https://www.billboard-japan.com/charts/detail?a=hot100&year=2014&month=01&day=13
2014,hot100,2014-01-08,62,会心の一撃,RADWIMPS,https://www.billboard-japan.com/charts/detail?a=hot100&year=2014&month=01&day=13
2014,hot100,2014-01-08,63,Fun Fun Christmas,シェネル× TEE × LEO,https://www.billboard-japan.com/charts/detail?a=hot100&year=2014&month=01&day=13
2014,hot100,2014-01-08,64,アプローズ,レディー・ガガ,https://www.billboard-japan.com/charts/detail?a=hot100&year=2014&month=01&day=13
2014,hot100,2014-01-08,65,ティンバー feat.ケシャ,ピットブル,https://www.billboard-japan.com/charts/detail?a=hot100&year=2014&month=01&day=13
2014,hot100,2014-01-08,66,星月夜,JUJU,https://www.billboard-japan.com/charts/detail?a=hot100&year=2014&month=01&day=13
2014,hot100,2014-01-08,67,クルクル,E-girls,https://www.billboard-japan.com/charts/detail?a=hot100&year=2014&month=01&day=13
2014,hot100,2014-01-08,68,私たちは絶対に絶対にヨリを戻したりしない,テイラー・スウィフト,https://www.billboard-japan.com/charts/detail?a=hot100&year=2014&month=01&day=13
2014,hot100,2014-01-08,69,RPG,SEKAI NO OWARI,https://www.billboard-japan.com/charts/detail?a=hot100&year=2014&month=01&day=13
2014,hot100,2014-01-08,70,TwinkleWink,Twinkle5(阿部柚希、川添美奈、小野春乃、原江梨子、五十嵐弥生),https://www.billboard-japan.com/charts/detail?a=hot100&year=2014&month=01&day=13
2014,hot100,2014-01-08,71,日々,吉田山田,https://www.billboard-japan.com/charts/detail?a=hot100&year=2014&month=01&day=13
2014,hot100,2014-01-08,72,ウェイク・ミー・アップ!,アヴィーチー,https://www.billboard-japan.com/charts/detail?a=hot100&year=2014&month=01&day=13
2014,hot100,2014-01-08,73,黒猫〜Adult Black Cat〜,Acid Black Cherry,https://www.billboard-japan.com/charts/detail?a=hot100&year=2014&month=01&day=13
2014,hot100,2014-01-08,74,セーフ・アンド・サウンド〜僕らはダイジョウブ,キャピタル・シティーズ,https://www.billboard-japan.com/charts/detail?a=hot100&year=2014&month=01&day=13
2014,hot100,2014-01-08,75,ホワイト・クリスマス,ビング・クロスビー,https://www.billboard-japan.com/charts/detail?a=hot100&year=2014&month=01&day=13
2014,hot100,2014-01-08,76,モラトリアム,ひめキュンフルーツ缶,https://www.billboard-japan.com/charts/detail?a=hot100&year=2014&month=01&day=13
2014,hot100,2014-01-08,77,クリスマスキャロルの頃には,稲垣潤一,https://www.billboard-japan.com/charts/detail?a=hot100&year=2014&month=01&day=13
2014,hot100,2014-01-08,78,CHRISTMAS TIME IN BLUE.,佐野元春,https://www.billboard-japan.com/charts/detail?a=hot100&year=2014&month=01&day=13
2014,hot100,2014-01-08,79,X'masラブストーリー。,ソナーポケット,https://www.billboard-japan.com/charts/detail?a=hot100&year=2014&month=01&day=13
2014,hot100,2014-01-08,80,賛成カワイイ!,SKE48,https://www.billboard-japan.com/charts/detail?a=hot100&year=2014&month=01&day=13
2014,hot100,2014-01-08,81,僕らの物語,GReeeeN,https://www.billboard-japan.com/charts/detail?a=hot100&year=2014&month=01&day=13
2014,hot100,2014-01-08,82,Greatest World,Ledapple,https://www.billboard-japan.com/charts/detail?a=hot100&year=2014&month=01&day=13
2014,hot100,2014-01-08,83,女の子は泣かない,片平里菜,https://www.billboard-japan.com/charts/detail?a=hot100&year=2014&month=01&day=13
2014,hot100,2014-01-08,84,SAVIOR OF SONG feat.MY FIRST STORY,ナノ,https://www.billboard-japan.com/charts/detail?a=hot100&year=2014&month=01&day=13
2014,hot100,2014-01-08,85,ザ・モンスター feat.リアーナ,エミネム,https://www.billboard-japan.com/charts/detail?a=hot100&year=2014&month=01&day=13
2014,hot100,2014-01-08,86,ニューヨークの夢,ポーグス,https://www.billboard-japan.com/charts/detail?a=hot100&year=2014&month=01&day=13
2014,hot100,2014-01-08,87,カモネギックス,NMB48,https://www.billboard-japan.com/charts/detail?a=hot100&year=2014&month=01&day=13
2014,hot100,2014-01-08,88,321,SHINee,https://www.billboard-japan.com/charts/detail?a=hot100&year=2014&month=01&day=13
2014,hot100,2014-01-08,89,Strong Alone,kaho,https://www.billboard-japan.com/charts/detail?a=hot100&year=2014&month=01&day=13
2014,hot100,2014-01-08,90,サンタが町にやってくる,ジャクソン・ファイブ,https://www.billboard-japan.com/charts/detail?a=hot100&year=2014&month=01&day=13
2014,hot100,2014-01-08,91,ロアー〜最強ガール宣言!,ケイティ・ペリー,https://www.billboard-japan.com/charts/detail?a=hot100&year=2014&month=01&day=13
2014,hot100,2014-01-08,92,Every Hero,kaho,https://www.billboard-japan.com/charts/detail?a=hot100&year=2014&month=01&day=13
2014,hot100,2014-01-08,93,回レ!雪月花,"歌組雪月花(原田ひとみ,茅野愛衣,小倉唯)",https://www.billboard-japan.com/charts/detail?a=hot100&year=2014&month=01&day=13
2014,hot100,2014-01-08,94,XO,ビヨンセ,https://www.billboard-japan.com/charts/detail?a=hot100&year=2014&month=01&day=13
2014,hot100,2014-01-08,95,かあちゃん,島津亜矢,https://www.billboard-japan.com/charts/detail?a=hot100&year=2014&month=01&day=13
2014,hot100,2014-01-08,96,ピースとハイライト,サザンオールスターズ,https://www.billboard-japan.com/charts/detail?a=hot100&year=2014&month=01&day=13
2014,hot100,2014-01-08,97,SO RIGHT,三代目 J Soul Brothers from EXILE TRIBE,https://www.billboard-japan.com/charts/detail?a=hot100&year=2014&month=01&day=13
2014,hot100,2014-01-08,98,南部蝉しぐれ,福田こうへい,https://www.billboard-japan.com/charts/detail?a=hot100&year=2014&month=01&day=13
2014,hot100,2014-01-08,99,孤独に VIVID,bump.y,https://www.billboard-japan.com/charts/detail?a=hot100&year=2014&month=01&day=13
2014,hot100,2014-01-08,100,粉雪,レミオロメン,https://www.billboard-japan.com/charts/detail?a=hot100&year=2014&month=01&day=13
2014,hot100,2014-01-15,1,イチ、ニッ、サンでジャンプ,グッドモーニングアメリカ,https://www.billboard-japan.com/charts/detail?a=hot100&year=2014&month=01&day=20
2014,hot100,2014-01-15,2,恋するフォーチュンクッキー,AKB48,https://www.billboard-japan.com/charts/detail?a=hot100&year=2014&month=01&day=20
2014,hot100,2014-01-15,3,明日も,MUSH & Co.,https://www.billboard-japan.com/charts/detail?a=hot100&year=2014&month=01&day=20
2014,hot100,2014-01-15,4,101回目の呪い,ゴールデンボンバー,https://www.billboard-japan.com/charts/detail?a=hot100&year=2014&month=01&day=20
2014,hot100,2014-01-15,5,ずっと feat.HAN-KUN & TEE,SPICY CHOCOLATE,https://www.billboard-japan.com/charts/detail?a=hot100&year=2014&month=01&day=20
2014,hot100,2014-01-15,6,ユリイカ,サカナクション,https://www.billboard-japan.com/charts/detail?a=hot100&year=2014&month=01&day=20
2014,hot100,2014-01-15,7,イマジン,USAGI,https://www.billboard-japan.com/charts/detail?a=hot100&year=2014&month=01&day=20
2014,hot100,2014-01-15,8,表裏一体,ゆず,https://www.billboard-japan.com/charts/detail?a=hot100&year=2014&month=01&day=20
2014,hot100,2014-01-15,9,カス,泉沙世子,https://www.billboard-japan.com/charts/detail?a=hot100&year=2014&month=01&day=20
2014,hot100,2014-01-15,10,冬物語,三代目 J Soul Brothers from EXILE TRIBE,https://www.billboard-japan.com/charts/detail?a=hot100&year=2014&month=01&day=20
2014,hot100,2014-01-15,11,女の子は泣かない,片平里菜,https://www.billboard-japan.com/charts/detail?a=hot100&year=2014&month=01&day=20
2014,hot100,2014-01-15,12,紅蓮の弓矢,Linked Horizon,https://www.billboard-japan.com/charts/detail?a=hot100&year=2014&month=01&day=20
2014,hot100,2014-01-15,13,キング・アンド・クロス,アウスゲイル,https://www.billboard-japan.com/charts/detail?a=hot100&year=2014&month=01&day=20
2014,hot100,2014-01-15,14,東京,やしきたかじん,https://www.billboard-japan.com/charts/detail?a=hot100&year=2014&month=01&day=20
2014,hot100,2014-01-15,15,ベイビー・アイ,アリアナ・グランデ,https://www.billboard-japan.com/charts/detail?a=hot100&year=2014&month=01&day=20
2014,hot100,2014-01-15,16,ティンバー feat.ケシャ,ピットブル,https://www.billboard-japan.com/charts/detail?a=hot100&year=2014&month=01&day=20
2014,hot100,2014-01-15,17,雨のち晴レルヤ,ゆず,https://www.billboard-japan.com/charts/detail?a=hot100&year=2014&month=01&day=20
2014,hot100,2014-01-15,18,虹の音,藍井エイル,https://www.billboard-japan.com/charts/detail?a=hot100&year=2014&month=01&day=20
2014,hot100,2014-01-15,19,白雪姫,Flower,https://www.billboard-japan.com/charts/detail?a=hot100&year=2014&month=01&day=20
2014,hot100,2014-01-15,20,棚からぼたもち,舞祭組,https://www.billboard-japan.com/charts/detail?a=hot100&year=2014&month=01&day=20
2014,hot100,2014-01-15,21,ULTIMATE ZONE,"火神大我(小野友樹),青峰大輝(諏訪部順一)",https://www.billboard-japan.com/charts/detail?a=hot100&year=2014&month=01&day=20
2014,hot100,2014-01-15,22,Ride With Me,Hey!Say!JUMP,https://www.billboard-japan.com/charts/detail?a=hot100&year=2014&month=01&day=20
2014,hot100,2014-01-15,23,やっぱ好きやねん,やしきたかじん,https://www.billboard-japan.com/charts/detail?a=hot100&year=2014&month=01&day=20
2014,hot100,2014-01-15,24,ごめんなさいのKissing You,E-girls,https://www.billboard-japan.com/charts/detail?a=hot100&year=2014&month=01&day=20
2014,hot100,2014-01-15,25,Marigold,FOUR GET ME A NOTS,https://www.billboard-japan.com/charts/detail?a=hot100&year=2014&month=01&day=20
2014,hot100,2014-01-15,26,シャレオツ,SMAP,https://www.billboard-japan.com/charts/detail?a=hot100&year=2014&month=01&day=20
2014,hot100,2014-01-15,27,チョコレート,家入レオ,https://www.billboard-japan.com/charts/detail?a=hot100&year=2014&month=01&day=20
2014,hot100,2014-01-15,28,コートの上でこれからも,"黒子テツヤ(小野賢章),緑間真太郎(小野大輔)",https://www.billboard-japan.com/charts/detail?a=hot100&year=2014&month=01&day=20
2014,hot100,2014-01-15,29,鞆の浦慕情,岩佐美咲,https://www.billboard-japan.com/charts/detail?a=hot100&year=2014&month=01&day=20
2014,hot100,2014-01-15,30,海峡しぐれ,藤あや子,https://www.billboard-japan.com/charts/detail?a=hot100&year=2014&month=01&day=20
2014,hot100,2014-01-15,31,鈴懸の木の道で「君の微笑みを夢に見る」と言ってしまったら僕たちの関係はどう変わってしまうのか、僕なりに何日か考えた上でのやや気恥ずかしい結論のようなもの,AKB48,https://www.billboard-japan.com/charts/detail?a=hot100&year=2014&month=01&day=20
2014,hot100,2014-01-15,32,閃光ストリングス,Cyntia,https://www.billboard-japan.com/charts/detail?a=hot100&year=2014&month=01&day=20
2014,hot100,2014-01-15,33,リライト,NIGHTMARE,https://www.billboard-japan.com/charts/detail?a=hot100&year=2014&month=01&day=20
2014,hot100,2014-01-15,34,ちっぽけな愛のうた,小枝理子&小笠原秋,https://www.billboard-japan.com/charts/detail?a=hot100&year=2014&month=01&day=20
2014,hot100,2014-01-15,35,会心の一撃,RADWIMPS,https://www.billboard-japan.com/charts/detail?a=hot100&year=2014&month=01&day=20
2014,hot100,2014-01-15,36,ナノ・セカンド,UVERworld,https://www.billboard-japan.com/charts/detail?a=hot100&year=2014&month=01&day=20
2014,hot100,2014-01-15,37,アプローズ,レディー・ガガ,https://www.billboard-japan.com/charts/detail?a=hot100&year=2014&month=01&day=20
2014,hot100,2014-01-15,38,ヒカリヘ,miwa,https://www.billboard-japan.com/charts/detail?a=hot100&year=2014&month=01&day=20
2014,hot100,2014-01-15,39,ウェイク・ミー・アップ!,アヴィーチー,https://www.billboard-japan.com/charts/detail?a=hot100&year=2014&month=01&day=20
2014,hot100,2014-01-15,40,恋音と雨空,AAA,https://www.billboard-japan.com/charts/detail?a=hot100&year=2014&month=01&day=20
2014,hot100,2014-01-15,41,ザ・モンスター feat.リアーナ,エミネム,https://www.billboard-japan.com/charts/detail?a=hot100&year=2014&month=01&day=20
2014,hot100,2014-01-15,42,からたちの小径,島倉千代子,https://www.billboard-japan.com/charts/detail?a=hot100&year=2014&month=01&day=20
2014,hot100,2014-01-15,43,ロイヤルズ,ロード,https://www.billboard-japan.com/charts/detail?a=hot100&year=2014&month=01&day=20
2014,hot100,2014-01-15,44,XO,ビヨンセ,https://www.billboard-japan.com/charts/detail?a=hot100&year=2014&month=01&day=20
2014,hot100,2014-01-15,45,私たちは絶対に絶対にヨリを戻したりしない,テイラー・スウィフト,https://www.billboard-japan.com/charts/detail?a=hot100&year=2014&month=01&day=20
2014,hot100,2014-01-15,46,瞬間リアリティ,みみめめMIMI,https://www.billboard-japan.com/charts/detail?a=hot100&year=2014&month=01&day=20
2014,hot100,2014-01-15,47,さよなら,西野カナ,https://www.billboard-japan.com/charts/detail?a=hot100&year=2014&month=01&day=20
2014,hot100,2014-01-15,48,TSUKI,安室奈美恵,https://www.billboard-japan.com/charts/detail?a=hot100&year=2014&month=01&day=20
2014,hot100,2014-01-15,49,もったいないとらんど,きゃりーぱみゅぱみゅ,https://www.billboard-japan.com/charts/detail?a=hot100&year=2014&month=01&day=20
2014,hot100,2014-01-15,50,サヨナラの準備は、もうできていた,CRUDE PLAY,https://www.billboard-japan.com/charts/detail?a=hot100&year=2014&month=01&day=20
2014,hot100,2014-01-15,51,Feel the love,浜崎あゆみ,https://www.billboard-japan.com/charts/detail?a=hot100&year=2014&month=01&day=20
2014,hot100,2014-01-15,52,let go again feat.VERBAL(m-flo),Flower,https://www.billboard-japan.com/charts/detail?a=hot100&year=2014&month=01&day=20
2014,hot100,2014-01-15,53,SNOW DOMEの約束,Kis-My-Ft2,https://www.billboard-japan.com/charts/detail?a=hot100&year=2014&month=01&day=20
2014,hot100,2014-01-15,54,ストーリー・オブ・マイ・ライフ,ワン・ダイレクション,https://www.billboard-japan.com/charts/detail?a=hot100&year=2014&month=01&day=20
2014,hot100,2014-01-15,55,Run Away,[Champagne],https://www.billboard-japan.com/charts/detail?a=hot100&year=2014&month=01&day=20
2014,hot100,2014-01-15,56,カモネギックス,NMB48,https://www.billboard-japan.com/charts/detail?a=hot100&year=2014&month=01&day=20
2014,hot100,2014-01-15,57,人道,北島三郎,https://www.billboard-japan.com/charts/detail?a=hot100&year=2014&month=01&day=20
2014,hot100,2014-01-15,58,月光,鬼束ちひろ,https://www.billboard-japan.com/charts/detail?a=hot100&year=2014&month=01&day=20
2014,hot100,2014-01-15,59,オンリー・ワン,ジョン・バトラー・トリオ,https://www.billboard-japan.com/charts/detail?a=hot100&year=2014&month=01&day=20
2014,hot100,2014-01-15,60,サンキュー!!,HOME MADE 家族,https://www.billboard-japan.com/charts/detail?a=hot100&year=2014&month=01&day=20
2014,hot100,2014-01-15,61,もっと,山崎あおい,https://www.billboard-japan.com/charts/detail?a=hot100&year=2014&month=01&day=20
2014,hot100,2014-01-15,62,ゲット・ラッキー feat.ファレル・ウィリアムス,ダフト・パンク,https://www.billboard-japan.com/charts/detail?a=hot100&year=2014&month=01&day=20
2014,hot100,2014-01-15,63,ハート・エレキ,AKB48,https://www.billboard-japan.com/charts/detail?a=hot100&year=2014&month=01&day=20
2014,hot100,2014-01-15,64,革命デュアリズム,水樹奈々 × T.M.Revolution,https://www.billboard-japan.com/charts/detail?a=hot100&year=2014&month=01&day=20
2014,hot100,2014-01-15,65,RPG,SEKAI NO OWARI,https://www.billboard-japan.com/charts/detail?a=hot100&year=2014&month=01&day=20
2014,hot100,2014-01-15,66,アフロニューウェイヴ,キザイア・ジョーンズ,https://www.billboard-japan.com/charts/detail?a=hot100&year=2014&month=01&day=20
2014,hot100,2014-01-15,67,太陽の女神,家入レオ,https://www.billboard-japan.com/charts/detail?a=hot100&year=2014&month=01&day=20
2014,hot100,2014-01-15,68,友達,Tokyo Cheer(2) Party,https://www.billboard-japan.com/charts/detail?a=hot100&year=2014&month=01&day=20
2014,hot100,2014-01-15,69,JUST LIVE MORE,鎧武乃風,https://www.billboard-japan.com/charts/detail?a=hot100&year=2014&month=01&day=20
2014,hot100,2014-01-15,70,賛成カワイイ!,SKE48,https://www.billboard-japan.com/charts/detail?a=hot100&year=2014&month=01&day=20
2014,hot100,2014-01-15,71,ハッピー,ファレル・ウィリアムス,https://www.billboard-japan.com/charts/detail?a=hot100&year=2014&month=01&day=20
2014,hot100,2014-01-15,72,ホワイトレインコートマン,Scenarioart,https://www.billboard-japan.com/charts/detail?a=hot100&year=2014&month=01&day=20
2014,hot100,2014-01-15,73,薔薇とローズ,さかいゆう,https://www.billboard-japan.com/charts/detail?a=hot100&year=2014&month=01&day=20
2014,hot100,2014-01-15,74,恋の予感,山崎あおい,https://www.billboard-japan.com/charts/detail?a=hot100&year=2014&month=01&day=20
2014,hot100,2014-01-15,75,HAPPY BIRTHDAY,OKAMOTO'S,https://www.billboard-japan.com/charts/detail?a=hot100&year=2014&month=01&day=20
2014,hot100,2014-01-15,76,ラブミーベイベー,LIFriends,https://www.billboard-japan.com/charts/detail?a=hot100&year=2014&month=01&day=20
2014,hot100,2014-01-15,77,笑顔,いきものがかり,https://www.billboard-japan.com/charts/detail?a=hot100&year=2014&month=01&day=20
2014,hot100,2014-01-15,78,ブランコ,moto,https://www.billboard-japan.com/charts/detail?a=hot100&year=2014&month=01&day=20
2014,hot100,2014-01-15,79,ムーヴ,リトル・ミックス,https://www.billboard-japan.com/charts/detail?a=hot100&year=2014&month=01&day=20
2014,hot100,2014-01-15,80,僕らの物語,GReeeeN,https://www.billboard-japan.com/charts/detail?a=hot100&year=2014&month=01&day=20
2014,hot100,2014-01-15,81,We're GEM!,GEM,https://www.billboard-japan.com/charts/detail?a=hot100&year=2014&month=01&day=20
2014,hot100,2014-01-15,82,冬花火,奥華子,https://www.billboard-japan.com/charts/detail?a=hot100&year=2014&month=01&day=20
2014,hot100,2014-01-15,83,今、咲き誇る花たちよ,コブクロ,https://www.billboard-japan.com/charts/detail?a=hot100&year=2014&month=01&day=20
2014,hot100,2014-01-15,84,やさしくなりたい,斉藤和義,https://www.billboard-japan.com/charts/detail?a=hot100&year=2014&month=01&day=20
2014,hot100,2014-01-15,85,幸せな結末,大滝詠一,https://www.billboard-japan.com/charts/detail?a=hot100&year=2014&month=01&day=20
2014,hot100,2014-01-15,86,スキニー・ラヴ,バーディー,https://www.billboard-japan.com/charts/detail?a=hot100&year=2014&month=01&day=20
2014,hot100,2014-01-15,87,潮騒のメモリー,天野春子(小泉今日子),https://www.billboard-japan.com/charts/detail?a=hot100&year=2014&month=01&day=20
2014,hot100,2014-01-15,88,ロアー〜最強ガール宣言!,ケイティ・ペリー,https://www.billboard-japan.com/charts/detail?a=hot100&year=2014&month=01&day=20
2014,hot100,2014-01-15,89,スタート・ミー・アップ,ザ・ローリング・ストーンズ,https://www.billboard-japan.com/charts/detail?a=hot100&year=2014&month=01&day=20
2014,hot100,2014-01-15,90,EXILE PRIDE〜こんな世界を愛するため〜,EXILE,https://www.billboard-japan.com/charts/detail?a=hot100&year=2014&month=01&day=20
2014,hot100,2014-01-15,91,セーフ・アンド・サウンド〜僕らはダイジョウブ,キャピタル・シティーズ,https://www.billboard-japan.com/charts/detail?a=hot100&year=2014&month=01&day=20
2014,hot100,2014-01-15,92,ひびき,関ジャニ∞[エイト],https://www.billboard-japan.com/charts/detail?a=hot100&year=2014&month=01&day=20
2014,hot100,2014-01-15,93,ヒラメキの瞬間,笹木ヘンドリクス,https://www.billboard-japan.com/charts/detail?a=hot100&year=2014&month=01&day=20
2014,hot100,2014-01-15,94,糸,中島みゆき,https://www.billboard-japan.com/charts/detail?a=hot100&year=2014&month=01&day=20
2014,hot100,2014-01-15,95,ココロ空モヨウ,関ジャニ∞[エイト],https://www.billboard-japan.com/charts/detail?a=hot100&year=2014&month=01&day=20
2014,hot100,2014-01-15,96,AS IT IS,神原秋人(KENN),https://www.billboard-japan.com/charts/detail?a=hot100&year=2014&month=01&day=20
2014,hot100,2014-01-15,97,My VOICE,ファンキー加藤,https://www.billboard-japan.com/charts/detail?a=hot100&year=2014&month=01&day=20
2014,hot100,2014-01-15,98,君は天然色,大滝詠一,https://www.billboard-japan.com/charts/detail?a=hot100&year=2014&month=01&day=20
2014,hot100,2014-01-15,99,南部蝉しぐれ,福田こうへい,https://www.billboard-japan.com/charts/detail?a=hot100&year=2014&month=01&day=20
2014,hot100,2014-01-15,100,星の巡礼,ReeSya,https://www.billboard-japan.com/charts/detail?a=hot100&year=2014&month=01&day=20
2014,hot100,2014-01-22,1,ひびき,関ジャニ∞[エイト],https://www.billboard-japan.com/charts/detail?a=hot100&year=2014&month=01&day=27
2014,hot100,2014-01-22,2,グッドバイ,サカナクション,https://www.billboard-japan.com/charts/detail?a=hot100&year=2014&month=01&day=27
2014,hot100,2014-01-22,3,女の子は泣かない,片平里菜,https://www.billboard-japan.com/charts/detail?a=hot100&year=2014&month=01&day=27
2014,hot100,2014-01-22,4,ユリイカ,サカナクション,https://www.billboard-japan.com/charts/detail?a=hot100&year=2014&month=01&day=27
2014,hot100,2014-01-22,5,イマジン,USAGI,https://www.billboard-japan.com/charts/detail?a=hot100&year=2014&month=01&day=27
2014,hot100,2014-01-22,6,恋するフォーチュンクッキー,AKB48,https://www.billboard-japan.com/charts/detail?a=hot100&year=2014&month=01&day=27
2014,hot100,2014-01-22,7,Rave-up tonight,"Fear,and Loathing in Las Vegas",https://www.billboard-japan.com/charts/detail?a=hot100&year=2014&month=01&day=27
2014,hot100,2014-01-22,8,イチ、ニッ、サンでジャンプ,グッドモーニングアメリカ,https://www.billboard-japan.com/charts/detail?a=hot100&year=2014&month=01&day=27
2014,hot100,2014-01-22,9,カス,泉沙世子,https://www.billboard-japan.com/charts/detail?a=hot100&year=2014&month=01&day=27
2014,hot100,2014-01-22,10,チョコレート,家入レオ,https://www.billboard-japan.com/charts/detail?a=hot100&year=2014&month=01&day=27
2014,hot100,2014-01-22,11,ベイビー・アイ,アリアナ・グランデ,https://www.billboard-japan.com/charts/detail?a=hot100&year=2014&month=01&day=27
2014,hot100,2014-01-22,12,表裏一体,ゆず,https://www.billboard-japan.com/charts/detail?a=hot100&year=2014&month=01&day=27
2014,hot100,2014-01-22,13,ずっと feat.HAN-KUN & TEE,SPICY CHOCOLATE,https://www.billboard-japan.com/charts/detail?a=hot100&year=2014&month=01&day=27
2014,hot100,2014-01-22,14,明日も,MUSH & Co.,https://www.billboard-japan.com/charts/detail?a=hot100&year=2014&month=01&day=27
2014,hot100,2014-01-22,15,キング・アンド・クロス,アウスゲイル,https://www.billboard-japan.com/charts/detail?a=hot100&year=2014&month=01&day=27
2014,hot100,2014-01-22,16,スノーマジックファンタジー,SEKAI NO OWARI,https://www.billboard-japan.com/charts/detail?a=hot100&year=2014&month=01&day=27
2014,hot100,2014-01-22,17,君の隣,aiko,https://www.billboard-japan.com/charts/detail?a=hot100&year=2014&month=01&day=27
2014,hot100,2014-01-22,18,ストーリー・オブ・マイ・ライフ,ワン・ダイレクション,https://www.billboard-japan.com/charts/detail?a=hot100&year=2014&month=01&day=27
2014,hot100,2014-01-22,19,SHOUT IT OUT,Da-iCE,https://www.billboard-japan.com/charts/detail?a=hot100&year=2014&month=01&day=27
2014,hot100,2014-01-22,20,101回目の呪い,ゴールデンボンバー,https://www.billboard-japan.com/charts/detail?a=hot100&year=2014&month=01&day=27
2014,hot100,2014-01-22,21,ティンバー feat.ケシャ,ピットブル,https://www.billboard-japan.com/charts/detail?a=hot100&year=2014&month=01&day=27
2014,hot100,2014-01-22,22,VIRGINAL,蒼井翔太,https://www.billboard-japan.com/charts/detail?a=hot100&year=2014&month=01&day=27
2014,hot100,2014-01-22,23,雨のち晴レルヤ,ゆず,https://www.billboard-japan.com/charts/detail?a=hot100&year=2014&month=01&day=27
2014,hot100,2014-01-22,24,Golden Life,Dragon Ash,https://www.billboard-japan.com/charts/detail?a=hot100&year=2014&month=01&day=27
2014,hot100,2014-01-22,25,冬物語,三代目 J Soul Brothers from EXILE TRIBE,https://www.billboard-japan.com/charts/detail?a=hot100&year=2014&month=01&day=27
2014,hot100,2014-01-22,26,ふりそでーしょん,きゃりーぱみゅぱみゅ,https://www.billboard-japan.com/charts/detail?a=hot100&year=2014&month=01&day=27
2014,hot100,2014-01-22,27,キエタイクライ,河西智美,https://www.billboard-japan.com/charts/detail?a=hot100&year=2014&month=01&day=27
2014,hot100,2014-01-22,28,白雪姫,Flower,https://www.billboard-japan.com/charts/detail?a=hot100&year=2014&month=01&day=27
2014,hot100,2014-01-22,29,シャレオツ,SMAP,https://www.billboard-japan.com/charts/detail?a=hot100&year=2014&month=01&day=27
2014,hot100,2014-01-22,30,この広い空の下で,7!!,https://www.billboard-japan.com/charts/detail?a=hot100&year=2014&month=01&day=27
2014,hot100,2014-01-22,31,薔薇とローズ,さかいゆう,https://www.billboard-japan.com/charts/detail?a=hot100&year=2014&month=01&day=27
2014,hot100,2014-01-22,32,ブランコ,moto,https://www.billboard-japan.com/charts/detail?a=hot100&year=2014&month=01&day=27
2014,hot100,2014-01-22,33,ウェイク・ミー・アップ!,アヴィーチー,https://www.billboard-japan.com/charts/detail?a=hot100&year=2014&month=01&day=27
2014,hot100,2014-01-22,34,HAPPY BIRTHDAY,OKAMOTO'S,https://www.billboard-japan.com/charts/detail?a=hot100&year=2014&month=01&day=27
2014,hot100,2014-01-22,35,ラブミーベイベー,LIFriends,https://www.billboard-japan.com/charts/detail?a=hot100&year=2014&month=01&day=27
2014,hot100,2014-01-22,36,XO,ビヨンセ,https://www.billboard-japan.com/charts/detail?a=hot100&year=2014&month=01&day=27
2014,hot100,2014-01-22,37,オンリー・ワン,ジョン・バトラー・トリオ,https://www.billboard-japan.com/charts/detail?a=hot100&year=2014&month=01&day=27
2014,hot100,2014-01-22,38,鈴懸の木の道で「君の微笑みを夢に見る」と言ってしまったら僕たちの関係はどう変わってしまうのか、僕なりに何日か考えた上でのやや気恥ずかしい結論のようなもの,AKB48,https://www.billboard-japan.com/charts/detail?a=hot100&year=2014&month=01&day=27
2014,hot100,2014-01-22,39,冬花火,奥華子,https://www.billboard-japan.com/charts/detail?a=hot100&year=2014&month=01&day=27
2014,hot100,2014-01-22,40,サマーハイテンション☆,葉月渚(代永翼)&竜ヶ崎怜(平川大輔),https://www.billboard-japan.com/charts/detail?a=hot100&year=2014&month=01&day=27
2014,hot100,2014-01-22,41,アフロニューウェイヴ,キザイア・ジョーンズ,https://www.billboard-japan.com/charts/detail?a=hot100&year=2014&month=01&day=27
2014,hot100,2014-01-22,42,ムーヴ,リトル・ミックス,https://www.billboard-japan.com/charts/detail?a=hot100&year=2014&month=01&day=27
2014,hot100,2014-01-22,43,TSUKI,安室奈美恵,https://www.billboard-japan.com/charts/detail?a=hot100&year=2014&month=01&day=27
2014,hot100,2014-01-22,44,ザ・モンスター feat.リアーナ,エミネム,https://www.billboard-japan.com/charts/detail?a=hot100&year=2014&month=01&day=27
2014,hot100,2014-01-22,45,会いたい,HY,https://www.billboard-japan.com/charts/detail?a=hot100&year=2014&month=01&day=27
2014,hot100,2014-01-22,46,もっと,山崎あおい,https://www.billboard-japan.com/charts/detail?a=hot100&year=2014&month=01&day=27
2014,hot100,2014-01-22,47,紅蓮の弓矢,Linked Horizon,https://www.billboard-japan.com/charts/detail?a=hot100&year=2014&month=01&day=27
2014,hot100,2014-01-22,48,会心の一撃,RADWIMPS,https://www.billboard-japan.com/charts/detail?a=hot100&year=2014&month=01&day=27
2014,hot100,2014-01-22,49,Life is feat.Emi Meyer,さかいゆう,https://www.billboard-japan.com/charts/detail?a=hot100&year=2014&month=01&day=27
2014,hot100,2014-01-22,50,ロイヤルズ,ロード,https://www.billboard-japan.com/charts/detail?a=hot100&year=2014&month=01&day=27
2014,hot100,2014-01-22,51,ごめんなさいのKissing You,E-girls,https://www.billboard-japan.com/charts/detail?a=hot100&year=2014&month=01&day=27
2014,hot100,2014-01-22,52,let go again feat.VERBAL(m-flo),Flower,https://www.billboard-japan.com/charts/detail?a=hot100&year=2014&month=01&day=27
2014,hot100,2014-01-22,53,ハッピー,ファレル・ウィリアムス,https://www.billboard-japan.com/charts/detail?a=hot100&year=2014&month=01&day=27
2014,hot100,2014-01-22,54,棚からぼたもち,舞祭組,https://www.billboard-japan.com/charts/detail?a=hot100&year=2014&month=01&day=27
2014,hot100,2014-01-22,55,LILIA,Royz,https://www.billboard-japan.com/charts/detail?a=hot100&year=2014&month=01&day=27
2014,hot100,2014-01-22,56,ココロ空モヨウ,関ジャニ∞[エイト],https://www.billboard-japan.com/charts/detail?a=hot100&year=2014&month=01&day=27
2014,hot100,2014-01-22,57,ハレルヤ,セカイイチとFoZZtone,https://www.billboard-japan.com/charts/detail?a=hot100&year=2014&month=01&day=27
2014,hot100,2014-01-22,58,サンキュー!!,HOME MADE 家族,https://www.billboard-japan.com/charts/detail?a=hot100&year=2014&month=01&day=27
2014,hot100,2014-01-22,59,ホワイトレインコートマン,Scenarioart,https://www.billboard-japan.com/charts/detail?a=hot100&year=2014&month=01&day=27
2014,hot100,2014-01-22,60,嫌いにさせてよ… feat.SHUN,jyA-Me,https://www.billboard-japan.com/charts/detail?a=hot100&year=2014&month=01&day=27
2014,hot100,2014-01-22,61,スキニー・ラヴ,バーディー,https://www.billboard-japan.com/charts/detail?a=hot100&year=2014&month=01&day=27
2014,hot100,2014-01-22,62,星の巡礼,ReeSya,https://www.billboard-japan.com/charts/detail?a=hot100&year=2014&month=01&day=27
2014,hot100,2014-01-22,63,RPG,SEKAI NO OWARI,https://www.billboard-japan.com/charts/detail?a=hot100&year=2014&month=01&day=27
2014,hot100,2014-01-22,64,Ride With Me,Hey!Say!JUMP,https://www.billboard-japan.com/charts/detail?a=hot100&year=2014&month=01&day=27
2014,hot100,2014-01-22,65,ハイ・ホープス,ブルース・スプリングスティーン,https://www.billboard-japan.com/charts/detail?a=hot100&year=2014&month=01&day=27
2014,hot100,2014-01-22,66,鞆の浦慕情,岩佐美咲,https://www.billboard-japan.com/charts/detail?a=hot100&year=2014&month=01&day=27
2014,hot100,2014-01-22,67,虹の音,藍井エイル,https://www.billboard-japan.com/charts/detail?a=hot100&year=2014&month=01&day=27
2014,hot100,2014-01-22,68,私たちは絶対に絶対にヨリを戻したりしない,テイラー・スウィフト,https://www.billboard-japan.com/charts/detail?a=hot100&year=2014&month=01&day=27
2014,hot100,2014-01-22,69,輝く時間の中で,植村花菜,https://www.billboard-japan.com/charts/detail?a=hot100&year=2014&month=01&day=27
2014,hot100,2014-01-22,70,太陽の女神,家入レオ,https://www.billboard-japan.com/charts/detail?a=hot100&year=2014&month=01&day=27
2014,hot100,2014-01-22,71,想い出がいっぱい,H2O,https://www.billboard-japan.com/charts/detail?a=hot100&year=2014&month=01&day=27
2014,hot100,2014-01-22,72,After rain,AKB48,https://www.billboard-japan.com/charts/detail?a=hot100&year=2014&month=01&day=27
2014,hot100,2014-01-22,73,ユー・ウィル・オールウェイズ,マイア・ヒラサワ,https://www.billboard-japan.com/charts/detail?a=hot100&year=2014&month=01&day=27
2014,hot100,2014-01-22,74,Faith,miwa,https://www.billboard-japan.com/charts/detail?a=hot100&year=2014&month=01&day=27
2014,hot100,2014-01-22,75,閃光ストリングス,Cyntia,https://www.billboard-japan.com/charts/detail?a=hot100&year=2014&month=01&day=27
2014,hot100,2014-01-22,76,粉雪,レミオロメン,https://www.billboard-japan.com/charts/detail?a=hot100&year=2014&month=01&day=27
2014,hot100,2014-01-22,77,チェンメン天国(パラダイス),風男塾,https://www.billboard-japan.com/charts/detail?a=hot100&year=2014&month=01&day=27
2014,hot100,2014-01-22,78,ナノ・セカンド,UVERworld,https://www.billboard-japan.com/charts/detail?a=hot100&year=2014&month=01&day=27
2014,hot100,2014-01-22,79,蛍,サザンオールスターズ,https://www.billboard-japan.com/charts/detail?a=hot100&year=2014&month=01&day=27
2014,hot100,2014-01-22,80,我が儘,シシド・カフカ,https://www.billboard-japan.com/charts/detail?a=hot100&year=2014&month=01&day=27
2014,hot100,2014-01-22,81,恋音と雨空,AAA,https://www.billboard-japan.com/charts/detail?a=hot100&year=2014&month=01&day=27
2014,hot100,2014-01-22,82,ヒカリギフト,戸松遥,https://www.billboard-japan.com/charts/detail?a=hot100&year=2014&month=01&day=27
2014,hot100,2014-01-22,83,ヒラメキの瞬間,笹木ヘンドリクス,https://www.billboard-japan.com/charts/detail?a=hot100&year=2014&month=01&day=27
2014,hot100,2014-01-22,84,今、咲き誇る花たちよ,コブクロ,https://www.billboard-japan.com/charts/detail?a=hot100&year=2014&month=01&day=27
2014,hot100,2014-01-22,85,花火,三代目 J Soul Brothers,https://www.billboard-japan.com/charts/detail?a=hot100&year=2014&month=01&day=27
2014,hot100,2014-01-22,86,夢航路,走裕介,https://www.billboard-japan.com/charts/detail?a=hot100&year=2014&month=01&day=27
2014,hot100,2014-01-22,87,The Light,Nao Yoshioka,https://www.billboard-japan.com/charts/detail?a=hot100&year=2014&month=01&day=27
2014,hot100,2014-01-22,88,僕らの物語,GReeeeN,https://www.billboard-japan.com/charts/detail?a=hot100&year=2014&month=01&day=27
2014,hot100,2014-01-22,89,ヘイ・ブラザー,アヴィーチー,https://www.billboard-japan.com/charts/detail?a=hot100&year=2014&month=01&day=27
2014,hot100,2014-01-22,90,ちっぽけな愛のうた,小枝理子&小笠原秋,https://www.billboard-japan.com/charts/detail?a=hot100&year=2014&month=01&day=27
2014,hot100,2014-01-22,91,トランキライザー,KREVA,https://www.billboard-japan.com/charts/detail?a=hot100&year=2014&month=01&day=27
2014,hot100,2014-01-22,92,ねえ、タクシー,前野健太,https://www.billboard-japan.com/charts/detail?a=hot100&year=2014&month=01&day=27
2014,hot100,2014-01-22,93,ピースとハイライト,サザンオールスターズ,https://www.billboard-japan.com/charts/detail?a=hot100&year=2014&month=01&day=27
2014,hot100,2014-01-22,94,からたちの小径,島倉千代子,https://www.billboard-japan.com/charts/detail?a=hot100&year=2014&month=01&day=27
2014,hot100,2014-01-22,95,Valentine,WHITE JAM,https://www.billboard-japan.com/charts/detail?a=hot100&year=2014&month=01&day=27
2014,hot100,2014-01-22,96,Love/Affection,加藤ミリヤ,https://www.billboard-japan.com/charts/detail?a=hot100&year=2014&month=01&day=27
2014,hot100,2014-01-22,97,Marigold,FOUR GET ME A NOTS,https://www.billboard-japan.com/charts/detail?a=hot100&year=2014&month=01&day=27
2014,hot100,2014-01-22,98,月光,鬼束ちひろ,https://www.billboard-japan.com/charts/detail?a=hot100&year=2014&month=01&day=27
2014,hot100,2014-01-22,99,エボリューションだ,HR,https://www.billboard-japan.com/charts/detail?a=hot100&year=2014&month=01&day=27
2014,hot100,2014-01-22,100,ONEMAN,蓮沼執太フィル,https://www.billboard-japan.com/charts/detail?a=hot100&year=2014&month=01&day=27
2014,hot100,2014-01-29,1,スノーマジックファンタジー,SEKAI NO OWARI,https://www.billboard-japan.com/charts/detail?a=hot100&year=2014&month=02&day=03
2014,hot100,2014-01-29,2,ひびき,関ジャニ∞[エイト],https://www.billboard-japan.com/charts/detail?a=hot100&year=2014&month=02&day=03
2014,hot100,2014-01-29,3,イマジン,USAGI,https://www.billboard-japan.com/charts/detail?a=hot100&year=2014&month=02&day=03
2014,hot100,2014-01-29,4,チョコレート,家入レオ,https://www.billboard-japan.com/charts/detail?a=hot100&year=2014&month=02&day=03
2014,hot100,2014-01-29,5,ストーリー・オブ・マイ・ライフ,ワン・ダイレクション,https://www.billboard-japan.com/charts/detail?a=hot100&year=2014&month=02&day=03
2014,hot100,2014-01-29,6,ウェイク・ミー・アップ!,アヴィーチー,https://www.billboard-japan.com/charts/detail?a=hot100&year=2014&month=02&day=03
2014,hot100,2014-01-29,7,グッドバイ,サカナクション,https://www.billboard-japan.com/charts/detail?a=hot100&year=2014&month=02&day=03
2014,hot100,2014-01-29,8,Valentine,WHITE JAM,https://www.billboard-japan.com/charts/detail?a=hot100&year=2014&month=02&day=03
2014,hot100,2014-01-29,9,冬花火,奥華子,https://www.billboard-japan.com/charts/detail?a=hot100&year=2014&month=02&day=03
2014,hot100,2014-01-29,10,Love/Affection,加藤ミリヤ,https://www.billboard-japan.com/charts/detail?a=hot100&year=2014&month=02&day=03
2014,hot100,2014-01-29,11,女の子は泣かない,片平里菜,https://www.billboard-japan.com/charts/detail?a=hot100&year=2014&month=02&day=03
2014,hot100,2014-01-29,12,ベイビー・アイ,アリアナ・グランデ,https://www.billboard-japan.com/charts/detail?a=hot100&year=2014&month=02&day=03
2014,hot100,2014-01-29,13,チェンメン天国(パラダイス),風男塾,https://www.billboard-japan.com/charts/detail?a=hot100&year=2014&month=02&day=03
2014,hot100,2014-01-29,14,恋するフォーチュンクッキー,AKB48,https://www.billboard-japan.com/charts/detail?a=hot100&year=2014&month=02&day=03
2014,hot100,2014-01-29,15,ユリイカ,サカナクション,https://www.billboard-japan.com/charts/detail?a=hot100&year=2014&month=02&day=03
2014,hot100,2014-01-29,16,キング・アンド・クロス,アウスゲイル,https://www.billboard-japan.com/charts/detail?a=hot100&year=2014&month=02&day=03
2014,hot100,2014-01-29,17,SUSTAIN THE UNTRUTH,DIR EN GREY,https://www.billboard-japan.com/charts/detail?a=hot100&year=2014&month=02&day=03
2014,hot100,2014-01-29,18,君の隣,aiko,https://www.billboard-japan.com/charts/detail?a=hot100&year=2014&month=02&day=03
2014,hot100,2014-01-29,19,カラフルデイズ,LinQ,https://www.billboard-japan.com/charts/detail?a=hot100&year=2014&month=02&day=03
2014,hot100,2014-01-29,20,イチ、ニッ、サンでジャンプ,グッドモーニングアメリカ,https://www.billboard-japan.com/charts/detail?a=hot100&year=2014&month=02&day=03
2014,hot100,2014-01-29,21,After rain,AKB48,https://www.billboard-japan.com/charts/detail?a=hot100&year=2014&month=02&day=03
2014,hot100,2014-01-29,22,ずっと feat.HAN-KUN & TEE,SPICY CHOCOLATE,https://www.billboard-japan.com/charts/detail?a=hot100&year=2014&month=02&day=03
2014,hot100,2014-01-29,23,beautiful,FTISLAND,https://www.billboard-japan.com/charts/detail?a=hot100&year=2014&month=02&day=03
2014,hot100,2014-01-29,24,RPG,SEKAI NO OWARI,https://www.billboard-japan.com/charts/detail?a=hot100&year=2014&month=02&day=03
2014,hot100,2014-01-29,25,let go again feat.VERBAL(m-flo),Flower,https://www.billboard-japan.com/charts/detail?a=hot100&year=2014&month=02&day=03
2014,hot100,2014-01-29,26,ヒカリ,テゴマス,https://www.billboard-japan.com/charts/detail?a=hot100&year=2014&month=02&day=03
2014,hot100,2014-01-29,27,ロイヤルズ,ロード,https://www.billboard-japan.com/charts/detail?a=hot100&year=2014&month=02&day=03
2014,hot100,2014-01-29,28,ティンバー feat.ケシャ,ピットブル,https://www.billboard-japan.com/charts/detail?a=hot100&year=2014&month=02&day=03
2014,hot100,2014-01-29,29,表裏一体,ゆず,https://www.billboard-japan.com/charts/detail?a=hot100&year=2014&month=02&day=03
2014,hot100,2014-01-29,30,明日も,MUSH & Co.,https://www.billboard-japan.com/charts/detail?a=hot100&year=2014&month=02&day=03
2014,hot100,2014-01-29,31,輝く時間の中で,植村花菜,https://www.billboard-japan.com/charts/detail?a=hot100&year=2014&month=02&day=03
2014,hot100,2014-01-29,32,ゲット・ラッキー feat.ファレル・ウィリアムス,ダフト・パンク,https://www.billboard-japan.com/charts/detail?a=hot100&year=2014&month=02&day=03
2014,hot100,2014-01-29,33,TSUKI,安室奈美恵,https://www.billboard-japan.com/charts/detail?a=hot100&year=2014&month=02&day=03
2014,hot100,2014-01-29,34,LOVE PARADE,BUCK-TICK,https://www.billboard-japan.com/charts/detail?a=hot100&year=2014&month=02&day=03
2014,hot100,2014-01-29,35,ブランコ,moto,https://www.billboard-japan.com/charts/detail?a=hot100&year=2014&month=02&day=03
2014,hot100,2014-01-29,36,サンライズ!〜君がくれた希望〜,WHY@DOLL,https://www.billboard-japan.com/charts/detail?a=hot100&year=2014&month=02&day=03
2014,hot100,2014-01-29,37,カス,泉沙世子,https://www.billboard-japan.com/charts/detail?a=hot100&year=2014&month=02&day=03
2014,hot100,2014-01-29,38,スキニー・ラヴ,バーディー,https://www.billboard-japan.com/charts/detail?a=hot100&year=2014&month=02&day=03
2014,hot100,2014-01-29,39,雨のち晴レルヤ,ゆず,https://www.billboard-japan.com/charts/detail?a=hot100&year=2014&month=02&day=03
2014,hot100,2014-01-29,40,XO,ビヨンセ,https://www.billboard-japan.com/charts/detail?a=hot100&year=2014&month=02&day=03
2014,hot100,2014-01-29,41,Through the ages,ガブリエル・アプリン,https://www.billboard-japan.com/charts/detail?a=hot100&year=2014&month=02&day=03
2014,hot100,2014-01-29,42,ゆめのはじまりんりん,きゃりーぱみゅぱみゅ,https://www.billboard-japan.com/charts/detail?a=hot100&year=2014&month=02&day=03
2014,hot100,2014-01-29,43,白雪姫,Flower,https://www.billboard-japan.com/charts/detail?a=hot100&year=2014&month=02&day=03
2014,hot100,2014-01-29,44,Faith,miwa,https://www.billboard-japan.com/charts/detail?a=hot100&year=2014&month=02&day=03
2014,hot100,2014-01-29,45,風になり,ジャンクフジヤマ,https://www.billboard-japan.com/charts/detail?a=hot100&year=2014&month=02&day=03
2014,hot100,2014-01-29,46,Rave-up tonight,"Fear,and Loathing in Las Vegas",https://www.billboard-japan.com/charts/detail?a=hot100&year=2014&month=02&day=03
2014,hot100,2014-01-29,47,ハイ・ホープス,ブルース・スプリングスティーン,https://www.billboard-japan.com/charts/detail?a=hot100&year=2014&month=02&day=03
2014,hot100,2014-01-29,48,ハッピー,ファレル・ウィリアムス,https://www.billboard-japan.com/charts/detail?a=hot100&year=2014&month=02&day=03
2014,hot100,2014-01-29,49,ロックド・アウト・オブ・ヘヴン,ブルーノ・マーズ,https://www.billboard-japan.com/charts/detail?a=hot100&year=2014&month=02&day=03
2014,hot100,2014-01-29,50,シャレオツ,SMAP,https://www.billboard-japan.com/charts/detail?a=hot100&year=2014&month=02&day=03
2014,hot100,2014-01-29,51,コードレス☆照れ☆PHONE,草壁ゆか(田村ゆかり),https://www.billboard-japan.com/charts/detail?a=hot100&year=2014&month=02&day=03
2014,hot100,2014-01-29,52,101回目の呪い,ゴールデンボンバー,https://www.billboard-japan.com/charts/detail?a=hot100&year=2014&month=02&day=03
2014,hot100,2014-01-29,53,私たちは絶対に絶対にヨリを戻したりしない,テイラー・スウィフト,https://www.billboard-japan.com/charts/detail?a=hot100&year=2014&month=02&day=03
2014,hot100,2014-01-29,54,STUPiG,BiS,https://www.billboard-japan.com/charts/detail?a=hot100&year=2014&month=02&day=03
2014,hot100,2014-01-29,55,HAPPY BIRTHDAY,OKAMOTO'S,https://www.billboard-japan.com/charts/detail?a=hot100&year=2014&month=02&day=03
2014,hot100,2014-01-29,56,我が儘,シシド・カフカ,https://www.billboard-japan.com/charts/detail?a=hot100&year=2014&month=02&day=03
2014,hot100,2014-01-29,57,Bittersweet,嵐,https://www.billboard-japan.com/charts/detail?a=hot100&year=2014&month=02&day=03
2014,hot100,2014-01-29,58,ユー・ウィル・オールウェイズ,マイア・ヒラサワ,https://www.billboard-japan.com/charts/detail?a=hot100&year=2014&month=02&day=03
2014,hot100,2014-01-29,59,I am,chay,https://www.billboard-japan.com/charts/detail?a=hot100&year=2014&month=02&day=03
2014,hot100,2014-01-29,60,センスレス・ワンダー,ヒトリエ,https://www.billboard-japan.com/charts/detail?a=hot100&year=2014&month=02&day=03
2014,hot100,2014-01-29,61,ひとつだけ,ケラケラ,https://www.billboard-japan.com/charts/detail?a=hot100&year=2014&month=02&day=03
2014,hot100,2014-01-29,62,オンリー・ワン,ジョン・バトラー・トリオ,https://www.billboard-japan.com/charts/detail?a=hot100&year=2014&month=02&day=03
2014,hot100,2014-01-29,63,冬物語,三代目 J Soul Brothers from EXILE TRIBE,https://www.billboard-japan.com/charts/detail?a=hot100&year=2014&month=02&day=03
2014,hot100,2014-01-29,64,薔薇とローズ,さかいゆう,https://www.billboard-japan.com/charts/detail?a=hot100&year=2014&month=02&day=03
2014,hot100,2014-01-29,65,花咲く☆最強レジェンドDays,トリプルブッキング,https://www.billboard-japan.com/charts/detail?a=hot100&year=2014&month=02&day=03
2014,hot100,2014-01-29,66,ココロ空モヨウ,関ジャニ∞[エイト],https://www.billboard-japan.com/charts/detail?a=hot100&year=2014&month=02&day=03
2014,hot100,2014-01-29,67,この広い空の下で,7!!,https://www.billboard-japan.com/charts/detail?a=hot100&year=2014&month=02&day=03
2014,hot100,2014-01-29,68,ロアー〜最強ガール宣言!,ケイティ・ペリー,https://www.billboard-japan.com/charts/detail?a=hot100&year=2014&month=02&day=03
2014,hot100,2014-01-29,69,きっと大丈夫,やなわらばー,https://www.billboard-japan.com/charts/detail?a=hot100&year=2014&month=02&day=03
2014,hot100,2014-01-29,70,Life is feat.Emi Meyer,さかいゆう,https://www.billboard-japan.com/charts/detail?a=hot100&year=2014&month=02&day=03
2014,hot100,2014-01-29,71,SHOUT IT OUT,Da-iCE,https://www.billboard-japan.com/charts/detail?a=hot100&year=2014&month=02&day=03
2014,hot100,2014-01-29,72,LIFE,フジファブリック,https://www.billboard-japan.com/charts/detail?a=hot100&year=2014&month=02&day=03
2014,hot100,2014-01-29,73,会いたい,HY,https://www.billboard-japan.com/charts/detail?a=hot100&year=2014&month=02&day=03
2014,hot100,2014-01-29,74,棚からぼたもち,舞祭組,https://www.billboard-japan.com/charts/detail?a=hot100&year=2014&month=02&day=03
2014,hot100,2014-01-29,75,紅蓮の弓矢,Linked Horizon,https://www.billboard-japan.com/charts/detail?a=hot100&year=2014&month=02&day=03
2014,hot100,2014-01-29,76,The Light,Nao Yoshioka,https://www.billboard-japan.com/charts/detail?a=hot100&year=2014&month=02&day=03
2014,hot100,2014-01-29,77,ごめんなさいのKissing You,E-girls,https://www.billboard-japan.com/charts/detail?a=hot100&year=2014&month=02&day=03
2014,hot100,2014-01-29,78,夫婦鶴,菊地まどか,https://www.billboard-japan.com/charts/detail?a=hot100&year=2014&month=02&day=03
2014,hot100,2014-01-29,79,鈴懸の木の道で「君の微笑みを夢に見る」と言ってしまったら僕たちの関係はどう変わってしまうのか、僕なりに何日か考えた上でのやや気恥ずかしい結論のようなもの,AKB48,https://www.billboard-japan.com/charts/detail?a=hot100&year=2014&month=02&day=03
2014,hot100,2014-01-29,80,My VOICE,ファンキー加藤,https://www.billboard-japan.com/charts/detail?a=hot100&year=2014&month=02&day=03
2014,hot100,2014-01-29,81,Golden Life,Dragon Ash,https://www.billboard-japan.com/charts/detail?a=hot100&year=2014&month=02&day=03
2014,hot100,2014-01-29,82,今日に恋色,May'n,https://www.billboard-japan.com/charts/detail?a=hot100&year=2014&month=02&day=03
2014,hot100,2014-01-29,83,ヘイ・ブラザー,アヴィーチー,https://www.billboard-japan.com/charts/detail?a=hot100&year=2014&month=02&day=03
2014,hot100,2014-01-29,84,キャント・リメンバー・トゥ・フォーゲット・ユー feat.リアーナ,シャキーラ,https://www.billboard-japan.com/charts/detail?a=hot100&year=2014&month=02&day=03
2014,hot100,2014-01-29,85,トランキライザー,KREVA,https://www.billboard-japan.com/charts/detail?a=hot100&year=2014&month=02&day=03
2014,hot100,2014-01-29,86,情熱と人生の間,スガシカオ,https://www.billboard-japan.com/charts/detail?a=hot100&year=2014&month=02&day=03
2014,hot100,2014-01-29,87,ザ・モンスター feat.リアーナ,エミネム,https://www.billboard-japan.com/charts/detail?a=hot100&year=2014&month=02&day=03
2014,hot100,2014-01-29,88,今、咲き誇る花たちよ,コブクロ,https://www.billboard-japan.com/charts/detail?a=hot100&year=2014&month=02&day=03
2014,hot100,2014-01-29,89,ムーヴ,リトル・ミックス,https://www.billboard-japan.com/charts/detail?a=hot100&year=2014&month=02&day=03
2014,hot100,2014-01-29,90,もっと,山崎あおい,https://www.billboard-japan.com/charts/detail?a=hot100&year=2014&month=02&day=03
2014,hot100,2014-01-29,91,今宵の月のように,エレファントカシマシ,https://www.billboard-japan.com/charts/detail?a=hot100&year=2014&month=02&day=03
2014,hot100,2014-01-29,92,ピースとハイライト,サザンオールスターズ,https://www.billboard-japan.com/charts/detail?a=hot100&year=2014&month=02&day=03
2014,hot100,2014-01-29,93,Yellow Magus,cero,https://www.billboard-japan.com/charts/detail?a=hot100&year=2014&month=02&day=03
2014,hot100,2014-01-29,94,divine intervention,fhana,https://www.billboard-japan.com/charts/detail?a=hot100&year=2014&month=02&day=03
2014,hot100,2014-01-29,95,夢航路,走裕介,https://www.billboard-japan.com/charts/detail?a=hot100&year=2014&month=02&day=03
2014,hot100,2014-01-29,96,ねえ、タクシー,前野健太,https://www.billboard-japan.com/charts/detail?a=hot100&year=2014&month=02&day=03
2014,hot100,2014-01-29,97,chocolate insomnia,羽川翼(堀江由衣),https://www.billboard-japan.com/charts/detail?a=hot100&year=2014&month=02&day=03
2014,hot100,2014-01-29,98,ブレイヴ,サラ・バレリス,https://www.billboard-japan.com/charts/detail?a=hot100&year=2014&month=02&day=03
2014,hot100,2014-01-29,99,からたちの小径,島倉千代子,https://www.billboard-japan.com/charts/detail?a=hot100&year=2014&month=02&day=03
2014,hot100,2014-01-29,100,ホワイトレインコートマン,Scenarioart,https://www.billboard-japan.com/charts/detail?a=hot100&year=2014&month=02&day=03
2014,hot100,2014-02-05,1,スノーマジックファンタジー,SEKAI NO OWARI,https://www.billboard-japan.com/charts/detail?a=hot100&year=2014&month=02&day=10
2014,hot100,2014-02-05,2,チョコレート,家入レオ,https://www.billboard-japan.com/charts/detail?a=hot100&year=2014&month=02&day=10
2014,hot100,2014-02-05,3,君の隣,aiko,https://www.billboard-japan.com/charts/detail?a=hot100&year=2014&month=02&day=10
2014,hot100,2014-02-05,4,笑顔の君は太陽さ,モーニング娘。'14,https://www.billboard-japan.com/charts/detail?a=hot100&year=2014&month=02&day=10
2014,hot100,2014-02-05,5,TSUKI,安室奈美恵,https://www.billboard-japan.com/charts/detail?a=hot100&year=2014&month=02&day=10
2014,hot100,2014-02-05,6,イマジン,USAGI,https://www.billboard-japan.com/charts/detail?a=hot100&year=2014&month=02&day=10
2014,hot100,2014-02-05,7,タカラモノズ,μ's,https://www.billboard-japan.com/charts/detail?a=hot100&year=2014&month=02&day=10
2014,hot100,2014-02-05,8,ずっと feat.HAN-KUN & TEE,SPICY CHOCOLATE,https://www.billboard-japan.com/charts/detail?a=hot100&year=2014&month=02&day=10
2014,hot100,2014-02-05,9,大利根ながれ月,氷川きよし,https://www.billboard-japan.com/charts/detail?a=hot100&year=2014&month=02&day=10
2014,hot100,2014-02-05,10,ゲット・ラッキー feat.ファレル・ウィリアムス,ダフト・パンク,https://www.billboard-japan.com/charts/detail?a=hot100&year=2014&month=02&day=10
2014,hot100,2014-02-05,11,CLICK,ClariS,https://www.billboard-japan.com/charts/detail?a=hot100&year=2014&month=02&day=10
2014,hot100,2014-02-05,12,DREAM,清水翔太,https://www.billboard-japan.com/charts/detail?a=hot100&year=2014&month=02&day=10
2014,hot100,2014-02-05,13,M@STERPIECE,765PRO ALLSTARS,https://www.billboard-japan.com/charts/detail?a=hot100&year=2014&month=02&day=10
2014,hot100,2014-02-05,14,ストーリー・オブ・マイ・ライフ,ワン・ダイレクション,https://www.billboard-japan.com/charts/detail?a=hot100&year=2014&month=02&day=10
2014,hot100,2014-02-05,15,ひとつだけ,ケラケラ,https://www.billboard-japan.com/charts/detail?a=hot100&year=2014&month=02&day=10
2014,hot100,2014-02-05,16,ロイヤルズ,ロード,https://www.billboard-japan.com/charts/detail?a=hot100&year=2014&month=02&day=10
2014,hot100,2014-02-05,17,I am,chay,https://www.billboard-japan.com/charts/detail?a=hot100&year=2014&month=02&day=10
2014,hot100,2014-02-05,18,言葉にしたいんだ,住岡梨奈,https://www.billboard-japan.com/charts/detail?a=hot100&year=2014&month=02&day=10
2014,hot100,2014-02-05,19,ベイビー・アイ,アリアナ・グランデ,https://www.billboard-japan.com/charts/detail?a=hot100&year=2014&month=02&day=10
2014,hot100,2014-02-05,20,我が儘,シシド・カフカ,https://www.billboard-japan.com/charts/detail?a=hot100&year=2014&month=02&day=10
2014,hot100,2014-02-05,21,恋するフォーチュンクッキー,AKB48,https://www.billboard-japan.com/charts/detail?a=hot100&year=2014&month=02&day=10
2014,hot100,2014-02-05,22,ウェイク・ミー・アップ!,アヴィーチー,https://www.billboard-japan.com/charts/detail?a=hot100&year=2014&month=02&day=10
2014,hot100,2014-02-05,23,キング・アンド・クロス,アウスゲイル,https://www.billboard-japan.com/charts/detail?a=hot100&year=2014&month=02&day=10
2014,hot100,2014-02-05,24,ひびき,関ジャニ∞[エイト],https://www.billboard-japan.com/charts/detail?a=hot100&year=2014&month=02&day=10
2014,hot100,2014-02-05,25,グッドバイ,サカナクション,https://www.billboard-japan.com/charts/detail?a=hot100&year=2014&month=02&day=10
2014,hot100,2014-02-05,26,輝く時間の中で,植村花菜,https://www.billboard-japan.com/charts/detail?a=hot100&year=2014&month=02&day=10
2014,hot100,2014-02-05,27,Valentine,WHITE JAM,https://www.billboard-japan.com/charts/detail?a=hot100&year=2014&month=02&day=10
2014,hot100,2014-02-05,28,START AGAIN,神谷浩史,https://www.billboard-japan.com/charts/detail?a=hot100&year=2014&month=02&day=10
2014,hot100,2014-02-05,29,スキニー・ラヴ,バーディー,https://www.billboard-japan.com/charts/detail?a=hot100&year=2014&month=02&day=10
2014,hot100,2014-02-05,30,午夜の待ち合わせ,Hello Sleepwalkers,https://www.billboard-japan.com/charts/detail?a=hot100&year=2014&month=02&day=10
2014,hot100,2014-02-05,31,今日に恋色,May'n,https://www.billboard-japan.com/charts/detail?a=hot100&year=2014&month=02&day=10
2014,hot100,2014-02-05,32,Charming Do!,小倉唯,https://www.billboard-japan.com/charts/detail?a=hot100&year=2014&month=02&day=10
2014,hot100,2014-02-05,33,RPG,SEKAI NO OWARI,https://www.billboard-japan.com/charts/detail?a=hot100&year=2014&month=02&day=10
2014,hot100,2014-02-05,34,VOICE,ZAQ,https://www.billboard-japan.com/charts/detail?a=hot100&year=2014&month=02&day=10
2014,hot100,2014-02-05,35,セイム・ラヴ feat.マリー・ランバート,マックルモア & ライアン・ルイス,https://www.billboard-japan.com/charts/detail?a=hot100&year=2014&month=02&day=10
2014,hot100,2014-02-05,36,ユリイカ,サカナクション,https://www.billboard-japan.com/charts/detail?a=hot100&year=2014&month=02&day=10
2014,hot100,2014-02-05,37,ゆめのはじまりんりん,きゃりーぱみゅぱみゅ,https://www.billboard-japan.com/charts/detail?a=hot100&year=2014&month=02&day=10
2014,hot100,2014-02-05,38,ロックド・アウト・オブ・ヘヴン,ブルーノ・マーズ,https://www.billboard-japan.com/charts/detail?a=hot100&year=2014&month=02&day=10
2014,hot100,2014-02-05,39,ハイ・ホープス,ブルース・スプリングスティーン,https://www.billboard-japan.com/charts/detail?a=hot100&year=2014&month=02&day=10
2014,hot100,2014-02-05,40,冬花火,奥華子,https://www.billboard-japan.com/charts/detail?a=hot100&year=2014&month=02&day=10
2014,hot100,2014-02-05,41,Bittersweet,嵐,https://www.billboard-japan.com/charts/detail?a=hot100&year=2014&month=02&day=10
2014,hot100,2014-02-05,42,ティンバー feat.ケシャ,ピットブル,https://www.billboard-japan.com/charts/detail?a=hot100&year=2014&month=02&day=10
2014,hot100,2014-02-05,43,女の子は泣かない,片平里菜,https://www.billboard-japan.com/charts/detail?a=hot100&year=2014&month=02&day=10
2014,hot100,2014-02-05,44,イチ、ニッ、サンでジャンプ,グッドモーニングアメリカ,https://www.billboard-japan.com/charts/detail?a=hot100&year=2014&month=02&day=10
2014,hot100,2014-02-05,45,恋はパニック,ベイビーレイズ,https://www.billboard-japan.com/charts/detail?a=hot100&year=2014&month=02&day=10
2014,hot100,2014-02-05,46,一声一代,天童よしみ,https://www.billboard-japan.com/charts/detail?a=hot100&year=2014&month=02&day=10
2014,hot100,2014-02-05,47,私たちは絶対に絶対にヨリを戻したりしない,テイラー・スウィフト,https://www.billboard-japan.com/charts/detail?a=hot100&year=2014&month=02&day=10
2014,hot100,2014-02-05,48,Love/Affection,加藤ミリヤ,https://www.billboard-japan.com/charts/detail?a=hot100&year=2014&month=02&day=10
2014,hot100,2014-02-05,49,ブランコ,moto,https://www.billboard-japan.com/charts/detail?a=hot100&year=2014&month=02&day=10
2014,hot100,2014-02-05,50,エメラルドの丘,moumoon,https://www.billboard-japan.com/charts/detail?a=hot100&year=2014&month=02&day=10
2014,hot100,2014-02-05,51,白雪姫,Flower,https://www.billboard-japan.com/charts/detail?a=hot100&year=2014&month=02&day=10
2014,hot100,2014-02-05,52,エール,ヒルクライム,https://www.billboard-japan.com/charts/detail?a=hot100&year=2014&month=02&day=10
2014,hot100,2014-02-05,53,表裏一体,ゆず,https://www.billboard-japan.com/charts/detail?a=hot100&year=2014&month=02&day=10
2014,hot100,2014-02-05,54,Fight 4 Real,ALTIMA,https://www.billboard-japan.com/charts/detail?a=hot100&year=2014&month=02&day=10
2014,hot100,2014-02-05,55,Won(*3*)Chu KissMe!,SAKURA*TRICK,https://www.billboard-japan.com/charts/detail?a=hot100&year=2014&month=02&day=10
2014,hot100,2014-02-05,56,チェンメン天国(パラダイス),風男塾,https://www.billboard-japan.com/charts/detail?a=hot100&year=2014&month=02&day=10
2014,hot100,2014-02-05,57,ハッピー,ファレル・ウィリアムス,https://www.billboard-japan.com/charts/detail?a=hot100&year=2014&month=02&day=10
2014,hot100,2014-02-05,58,雨のち晴レルヤ,ゆず,https://www.billboard-japan.com/charts/detail?a=hot100&year=2014&month=02&day=10
2014,hot100,2014-02-05,59,ポーカーフェイス,ミス・モノクローム(堀江由衣),https://www.billboard-japan.com/charts/detail?a=hot100&year=2014&month=02&day=10
2014,hot100,2014-02-05,60,〜Outgrow〜,Gero,https://www.billboard-japan.com/charts/detail?a=hot100&year=2014&month=02&day=10
2014,hot100,2014-02-05,61,明日も,MUSH & Co.,https://www.billboard-japan.com/charts/detail?a=hot100&year=2014&month=02&day=10
2014,hot100,2014-02-05,62,オンリー・ワン,ジョン・バトラー・トリオ,https://www.billboard-japan.com/charts/detail?a=hot100&year=2014&month=02&day=10
2014,hot100,2014-02-05,63,ヒカリ,テゴマス,https://www.billboard-japan.com/charts/detail?a=hot100&year=2014&month=02&day=10
2014,hot100,2014-02-05,64,僕はペガサス君はポラリス,MISIA,https://www.billboard-japan.com/charts/detail?a=hot100&year=2014&month=02&day=10
2014,hot100,2014-02-05,65,ブラード・ラインズ〜今夜はヘイ・ヘイ・ヘイ♪,ロビン・シック,https://www.billboard-japan.com/charts/detail?a=hot100&year=2014&month=02&day=10
2014,hot100,2014-02-05,66,イントゥ・ザ・ブルー,カイリー・ミノーグ,https://www.billboard-japan.com/charts/detail?a=hot100&year=2014&month=02&day=10
2014,hot100,2014-02-05,67,fish,back number,https://www.billboard-japan.com/charts/detail?a=hot100&year=2014&month=02&day=10
2014,hot100,2014-02-05,68,let go again feat.VERBAL(m-flo),Flower,https://www.billboard-japan.com/charts/detail?a=hot100&year=2014&month=02&day=10
2014,hot100,2014-02-05,69,キミのすべてを愛していたよ,ユナク from 超新星,https://www.billboard-japan.com/charts/detail?a=hot100&year=2014&month=02&day=10
2014,hot100,2014-02-05,70,Faith,miwa,https://www.billboard-japan.com/charts/detail?a=hot100&year=2014&month=02&day=10
2014,hot100,2014-02-05,71,101回目の呪い,ゴールデンボンバー,https://www.billboard-japan.com/charts/detail?a=hot100&year=2014&month=02&day=10
2014,hot100,2014-02-05,72,My VOICE,ファンキー加藤,https://www.billboard-japan.com/charts/detail?a=hot100&year=2014&month=02&day=10
2014,hot100,2014-02-05,73,ビジュメニア,悠木碧,https://www.billboard-japan.com/charts/detail?a=hot100&year=2014&month=02&day=10
2014,hot100,2014-02-05,74,ビバナミダ,岡村靖幸,https://www.billboard-japan.com/charts/detail?a=hot100&year=2014&month=02&day=10
2014,hot100,2014-02-05,75,カス,泉沙世子,https://www.billboard-japan.com/charts/detail?a=hot100&year=2014&month=02&day=10
2014,hot100,2014-02-05,76,Pray,浜崎あゆみ,https://www.billboard-japan.com/charts/detail?a=hot100&year=2014&month=02&day=10
2014,hot100,2014-02-05,77,レディオアクティヴ,イマジン・ドラゴンズ,https://www.billboard-japan.com/charts/detail?a=hot100&year=2014&month=02&day=10
2014,hot100,2014-02-05,78,今、咲き誇る花たちよ,コブクロ,https://www.billboard-japan.com/charts/detail?a=hot100&year=2014&month=02&day=10
2014,hot100,2014-02-05,79,The Light〜青い空〜,平井大,https://www.billboard-japan.com/charts/detail?a=hot100&year=2014&month=02&day=10
2014,hot100,2014-02-05,80,チャンコイ,Charisma.com,https://www.billboard-japan.com/charts/detail?a=hot100&year=2014&month=02&day=10
2014,hot100,2014-02-05,81,ムーヴ,リトル・ミックス,https://www.billboard-japan.com/charts/detail?a=hot100&year=2014&month=02&day=10
2014,hot100,2014-02-05,82,君の代わりは居やしない,モーニング娘。'14,https://www.billboard-japan.com/charts/detail?a=hot100&year=2014&month=02&day=10
2014,hot100,2014-02-05,83,風になり,ジャンクフジヤマ,https://www.billboard-japan.com/charts/detail?a=hot100&year=2014&month=02&day=10
2014,hot100,2014-02-05,84,ロアー〜最強ガール宣言!,ケイティ・ペリー,https://www.billboard-japan.com/charts/detail?a=hot100&year=2014&month=02&day=10
2014,hot100,2014-02-05,85,XO,ビヨンセ,https://www.billboard-japan.com/charts/detail?a=hot100&year=2014&month=02&day=10
2014,hot100,2014-02-05,86,ごめんなさいのKissing You,E-girls,https://www.billboard-japan.com/charts/detail?a=hot100&year=2014&month=02&day=10
2014,hot100,2014-02-05,87,からたちの小径,島倉千代子,https://www.billboard-japan.com/charts/detail?a=hot100&year=2014&month=02&day=10
2014,hot100,2014-02-05,88,ブレイヴ,サラ・バレリス,https://www.billboard-japan.com/charts/detail?a=hot100&year=2014&month=02&day=10
2014,hot100,2014-02-05,89,大丈夫,ji ma ma,https://www.billboard-japan.com/charts/detail?a=hot100&year=2014&month=02&day=10
2014,hot100,2014-02-05,90,Rave-up tonight,"Fear,and Loathing in Las Vegas",https://www.billboard-japan.com/charts/detail?a=hot100&year=2014&month=02&day=10
2014,hot100,2014-02-05,91,結晶星,KANA-BOON,https://www.billboard-japan.com/charts/detail?a=hot100&year=2014&month=02&day=10
2014,hot100,2014-02-05,92,ドランク・イン・ラヴ feat.ジェイ・Z,ビヨンセ,https://www.billboard-japan.com/charts/detail?a=hot100&year=2014&month=02&day=10
2014,hot100,2014-02-05,93,The Light,Nao Yoshioka,https://www.billboard-japan.com/charts/detail?a=hot100&year=2014&month=02&day=10
2014,hot100,2014-02-05,94,もっと,山崎あおい,https://www.billboard-japan.com/charts/detail?a=hot100&year=2014&month=02&day=10
2014,hot100,2014-02-05,95,シャレオツ,SMAP,https://www.billboard-japan.com/charts/detail?a=hot100&year=2014&month=02&day=10
2014,hot100,2014-02-05,96,トランキライザー,KREVA,https://www.billboard-japan.com/charts/detail?a=hot100&year=2014&month=02&day=10
2014,hot100,2014-02-05,97,紅蓮の弓矢,Linked Horizon,https://www.billboard-japan.com/charts/detail?a=hot100&year=2014&month=02&day=10
2014,hot100,2014-02-05,98,オール・ザ・ラヴ・ユー・ガット,ダイアン・バーチ,https://www.billboard-japan.com/charts/detail?a=hot100&year=2014&month=02&day=10
2014,hot100,2014-02-05,99,Golden Life,Dragon Ash,https://www.billboard-japan.com/charts/detail?a=hot100&year=2014&month=02&day=10
2014,hot100,2014-02-05,100,情熱と人生の間,スガシカオ,https://www.billboard-japan.com/charts/detail?a=hot100&year=2014&month=02&day=10
2014,hot100,2014-02-12,1,AinoArika,Hey!Say!JUMP,https://www.billboard-japan.com/charts/detail?a=hot100&year=2014&month=02&day=17
2014,hot100,2014-02-12,2,Hide & Seek,東方神起,https://www.billboard-japan.com/charts/detail?a=hot100&year=2014&month=02&day=17
2014,hot100,2014-02-12,3,TSUKI,安室奈美恵,https://www.billboard-japan.com/charts/detail?a=hot100&year=2014&month=02&day=17
2014,hot100,2014-02-12,4,スノーマジックファンタジー,SEKAI NO OWARI,https://www.billboard-japan.com/charts/detail?a=hot100&year=2014&month=02&day=17
2014,hot100,2014-02-12,5,fish,back number,https://www.billboard-japan.com/charts/detail?a=hot100&year=2014&month=02&day=17
2014,hot100,2014-02-12,6,ベイビー・アイ,アリアナ・グランデ,https://www.billboard-japan.com/charts/detail?a=hot100&year=2014&month=02&day=17
2014,hot100,2014-02-12,7,ずっと feat.HAN-KUN & TEE,SPICY CHOCOLATE,https://www.billboard-japan.com/charts/detail?a=hot100&year=2014&month=02&day=17
2014,hot100,2014-02-12,8,チョコレート,家入レオ,https://www.billboard-japan.com/charts/detail?a=hot100&year=2014&month=02&day=17
2014,hot100,2014-02-12,9,君の隣,aiko,https://www.billboard-japan.com/charts/detail?a=hot100&year=2014&month=02&day=17
2014,hot100,2014-02-12,10,Faith,miwa,https://www.billboard-japan.com/charts/detail?a=hot100&year=2014&month=02&day=17
2014,hot100,2014-02-12,11,ストーリー・オブ・マイ・ライフ,ワン・ダイレクション,https://www.billboard-japan.com/charts/detail?a=hot100&year=2014&month=02&day=17
2014,hot100,2014-02-12,12,秘密の扉から会いにきて,田村ゆかり,https://www.billboard-japan.com/charts/detail?a=hot100&year=2014&month=02&day=17
2014,hot100,2014-02-12,13,harmonized finale,UNISON SQUARE GARDEN,https://www.billboard-japan.com/charts/detail?a=hot100&year=2014&month=02&day=17
2014,hot100,2014-02-12,14,little,板野友美,https://www.billboard-japan.com/charts/detail?a=hot100&year=2014&month=02&day=17
2014,hot100,2014-02-12,15,僕はペガサス君はポラリス,MISIA,https://www.billboard-japan.com/charts/detail?a=hot100&year=2014&month=02&day=17
2014,hot100,2014-02-12,16,イントゥ・ザ・ブルー,カイリー・ミノーグ,https://www.billboard-japan.com/charts/detail?a=hot100&year=2014&month=02&day=17
2014,hot100,2014-02-12,17,トランキライザー,KREVA,https://www.billboard-japan.com/charts/detail?a=hot100&year=2014&month=02&day=17
2014,hot100,2014-02-12,18,SAVED.,坂本真綾,https://www.billboard-japan.com/charts/detail?a=hot100&year=2014&month=02&day=17
2014,hot100,2014-02-12,19,ゲット・ラッキー feat.ファレル・ウィリアムス,ダフト・パンク,https://www.billboard-japan.com/charts/detail?a=hot100&year=2014&month=02&day=17
2014,hot100,2014-02-12,20,My VOICE,ファンキー加藤,https://www.billboard-japan.com/charts/detail?a=hot100&year=2014&month=02&day=17
2014,hot100,2014-02-12,21,光-HIKARI-,ViViD,https://www.billboard-japan.com/charts/detail?a=hot100&year=2014&month=02&day=17
2014,hot100,2014-02-12,22,Be mine!,坂本真綾,https://www.billboard-japan.com/charts/detail?a=hot100&year=2014&month=02&day=17
2014,hot100,2014-02-12,23,ウィッチ☆アクティビティ,KMM団,https://www.billboard-japan.com/charts/detail?a=hot100&year=2014&month=02&day=17
2014,hot100,2014-02-12,24,今、咲き誇る花たちよ,コブクロ,https://www.billboard-japan.com/charts/detail?a=hot100&year=2014&month=02&day=17
2014,hot100,2014-02-12,25,ゆめのはじまりんりん,きゃりーぱみゅぱみゅ,https://www.billboard-japan.com/charts/detail?a=hot100&year=2014&month=02&day=17
2014,hot100,2014-02-12,26,イマジン,USAGI,https://www.billboard-japan.com/charts/detail?a=hot100&year=2014&month=02&day=17
2014,hot100,2014-02-12,27,恋するフォーチュンクッキー,AKB48,https://www.billboard-japan.com/charts/detail?a=hot100&year=2014&month=02&day=17
2014,hot100,2014-02-12,28,タカラモノズ,μ's,https://www.billboard-japan.com/charts/detail?a=hot100&year=2014&month=02&day=17
2014,hot100,2014-02-12,29,グッドバイ,サカナクション,https://www.billboard-japan.com/charts/detail?a=hot100&year=2014&month=02&day=17
2014,hot100,2014-02-12,30,I am,chay,https://www.billboard-japan.com/charts/detail?a=hot100&year=2014&month=02&day=17
2014,hot100,2014-02-12,31,DREAM,清水翔太,https://www.billboard-japan.com/charts/detail?a=hot100&year=2014&month=02&day=17
2014,hot100,2014-02-12,32,Brand New Day,安田レイ,https://www.billboard-japan.com/charts/detail?a=hot100&year=2014&month=02&day=17
2014,hot100,2014-02-12,33,ひとつだけ,ケラケラ,https://www.billboard-japan.com/charts/detail?a=hot100&year=2014&month=02&day=17
2014,hot100,2014-02-12,34,笑顔の君は太陽さ,モーニング娘。'14,https://www.billboard-japan.com/charts/detail?a=hot100&year=2014&month=02&day=17
2014,hot100,2014-02-12,35,ウェイク・ミー・アップ!,アヴィーチー,https://www.billboard-japan.com/charts/detail?a=hot100&year=2014&month=02&day=17
2014,hot100,2014-02-12,36,ぐるぐるワンダーランド,Silent Siren,https://www.billboard-japan.com/charts/detail?a=hot100&year=2014&month=02&day=17
2014,hot100,2014-02-12,37,Bittersweet,嵐,https://www.billboard-japan.com/charts/detail?a=hot100&year=2014&month=02&day=17
2014,hot100,2014-02-12,38,ロイヤルズ,ロード,https://www.billboard-japan.com/charts/detail?a=hot100&year=2014&month=02&day=17
2014,hot100,2014-02-12,39,言葉にしたいんだ,住岡梨奈,https://www.billboard-japan.com/charts/detail?a=hot100&year=2014&month=02&day=17
2014,hot100,2014-02-12,40,ハッピー,ファレル・ウィリアムス,https://www.billboard-japan.com/charts/detail?a=hot100&year=2014&month=02&day=17
2014,hot100,2014-02-12,41,ebb and flow,Ray,https://www.billboard-japan.com/charts/detail?a=hot100&year=2014&month=02&day=17
2014,hot100,2014-02-12,42,XO,ビヨンセ,https://www.billboard-japan.com/charts/detail?a=hot100&year=2014&month=02&day=17
2014,hot100,2014-02-12,43,キング・アンド・クロス,アウスゲイル,https://www.billboard-japan.com/charts/detail?a=hot100&year=2014&month=02&day=17
2014,hot100,2014-02-12,44,ハイ・ホープス,ブルース・スプリングスティーン,https://www.billboard-japan.com/charts/detail?a=hot100&year=2014&month=02&day=17
2014,hot100,2014-02-12,45,輝く時間の中で,植村花菜,https://www.billboard-japan.com/charts/detail?a=hot100&year=2014&month=02&day=17
2014,hot100,2014-02-12,46,azurite,petit milady,https://www.billboard-japan.com/charts/detail?a=hot100&year=2014&month=02&day=17
2014,hot100,2014-02-12,47,今日に恋色,May'n,https://www.billboard-japan.com/charts/detail?a=hot100&year=2014&month=02&day=17
2014,hot100,2014-02-12,48,CLICK,ClariS,https://www.billboard-japan.com/charts/detail?a=hot100&year=2014&month=02&day=17
2014,hot100,2014-02-12,49,午夜の待ち合わせ,Hello Sleepwalkers,https://www.billboard-japan.com/charts/detail?a=hot100&year=2014&month=02&day=17
2014,hot100,2014-02-12,50,最後の青,関取花,https://www.billboard-japan.com/charts/detail?a=hot100&year=2014&month=02&day=17
2014,hot100,2014-02-12,51,ロックド・アウト・オブ・ヘヴン,ブルーノ・マーズ,https://www.billboard-japan.com/charts/detail?a=hot100&year=2014&month=02&day=17
2014,hot100,2014-02-12,52,HEAD BANGIN',THE SECOND from EXILE,https://www.billboard-japan.com/charts/detail?a=hot100&year=2014&month=02&day=17
2014,hot100,2014-02-12,53,結晶星,KANA-BOON,https://www.billboard-japan.com/charts/detail?a=hot100&year=2014&month=02&day=17
2014,hot100,2014-02-12,54,大利根ながれ月,氷川きよし,https://www.billboard-japan.com/charts/detail?a=hot100&year=2014&month=02&day=17
2014,hot100,2014-02-12,55,インヴィジブル,U2,https://www.billboard-japan.com/charts/detail?a=hot100&year=2014&month=02&day=17
2014,hot100,2014-02-12,56,ひびき,関ジャニ∞[エイト],https://www.billboard-japan.com/charts/detail?a=hot100&year=2014&month=02&day=17
2014,hot100,2014-02-12,57,雨のち晴レルヤ,ゆず,https://www.billboard-japan.com/charts/detail?a=hot100&year=2014&month=02&day=17
2014,hot100,2014-02-12,58,M@STERPIECE,765PRO ALLSTARS,https://www.billboard-japan.com/charts/detail?a=hot100&year=2014&month=02&day=17
2014,hot100,2014-02-12,59,ローハイド,NICO Touches the Walls,https://www.billboard-japan.com/charts/detail?a=hot100&year=2014&month=02&day=17
2014,hot100,2014-02-12,60,メガラバ,横山ルリカ,https://www.billboard-japan.com/charts/detail?a=hot100&year=2014&month=02&day=17
2014,hot100,2014-02-12,61,白雪姫,Flower,https://www.billboard-japan.com/charts/detail?a=hot100&year=2014&month=02&day=17
2014,hot100,2014-02-12,62,我が儘,シシド・カフカ,https://www.billboard-japan.com/charts/detail?a=hot100&year=2014&month=02&day=17
2014,hot100,2014-02-12,63,RPG,SEKAI NO OWARI,https://www.billboard-japan.com/charts/detail?a=hot100&year=2014&month=02&day=17
2014,hot100,2014-02-12,64,春の歌,POSSESSION=80.2 POR CENTO,https://www.billboard-japan.com/charts/detail?a=hot100&year=2014&month=02&day=17
2014,hot100,2014-02-12,65,I Do I Do,Secret,https://www.billboard-japan.com/charts/detail?a=hot100&year=2014&month=02&day=17
2014,hot100,2014-02-12,66,Van!shment Th!s World,Black Raison d'etre,https://www.billboard-japan.com/charts/detail?a=hot100&year=2014&month=02&day=17
2014,hot100,2014-02-12,67,ティンバー feat.ケシャ,ピットブル,https://www.billboard-japan.com/charts/detail?a=hot100&year=2014&month=02&day=17
2014,hot100,2014-02-12,68,ユリイカ,サカナクション,https://www.billboard-japan.com/charts/detail?a=hot100&year=2014&month=02&day=17
2014,hot100,2014-02-12,69,今ここにいる,新山詩織,https://www.billboard-japan.com/charts/detail?a=hot100&year=2014&month=02&day=17
2014,hot100,2014-02-12,70,一声一代,天童よしみ,https://www.billboard-japan.com/charts/detail?a=hot100&year=2014&month=02&day=17
2014,hot100,2014-02-12,71,One,androp,https://www.billboard-japan.com/charts/detail?a=hot100&year=2014&month=02&day=17
2014,hot100,2014-02-12,72,セイ・サムシング feat.クリスティーナ・アギレラ,ア・グレイト・ビッグ・ワールド,https://www.billboard-japan.com/charts/detail?a=hot100&year=2014&month=02&day=17
2014,hot100,2014-02-12,73,Valentine,WHITE JAM,https://www.billboard-japan.com/charts/detail?a=hot100&year=2014&month=02&day=17
2014,hot100,2014-02-12,74,number one,絢香,https://www.billboard-japan.com/charts/detail?a=hot100&year=2014&month=02&day=17
2014,hot100,2014-02-12,75,ジャスト・ザ・ウェイ・ユー・アー,ブルーノ・マーズ,https://www.billboard-japan.com/charts/detail?a=hot100&year=2014&month=02&day=17
2014,hot100,2014-02-12,76,ラザー・ビー,クリーン・バンディット,https://www.billboard-japan.com/charts/detail?a=hot100&year=2014&month=02&day=17
2014,hot100,2014-02-12,77,Count ZERO,T.M.Revolution,https://www.billboard-japan.com/charts/detail?a=hot100&year=2014&month=02&day=17
2014,hot100,2014-02-12,78,エメラルドの丘,moumoon,https://www.billboard-japan.com/charts/detail?a=hot100&year=2014&month=02&day=17
2014,hot100,2014-02-12,79,WHITE BREATH,T.M.Revolution,https://www.billboard-japan.com/charts/detail?a=hot100&year=2014&month=02&day=17
2014,hot100,2014-02-12,80,Here and Now feat.Monday Michiru,Kan Sano,https://www.billboard-japan.com/charts/detail?a=hot100&year=2014&month=02&day=17
2014,hot100,2014-02-12,81,私たちは絶対に絶対にヨリを戻したりしない,テイラー・スウィフト,https://www.billboard-japan.com/charts/detail?a=hot100&year=2014&month=02&day=17
2014,hot100,2014-02-12,82,Love/Affection,加藤ミリヤ,https://www.billboard-japan.com/charts/detail?a=hot100&year=2014&month=02&day=17
2014,hot100,2014-02-12,83,TOWER,SAKANAMON,https://www.billboard-japan.com/charts/detail?a=hot100&year=2014&month=02&day=17
2014,hot100,2014-02-12,84,粉雪,レミオロメン,https://www.billboard-japan.com/charts/detail?a=hot100&year=2014&month=02&day=17
2014,hot100,2014-02-12,85,ヒカレ,ゆず,https://www.billboard-japan.com/charts/detail?a=hot100&year=2014&month=02&day=17
2014,hot100,2014-02-12,86,ドリーマー,小柳ゆき,https://www.billboard-japan.com/charts/detail?a=hot100&year=2014&month=02&day=17
2014,hot100,2014-02-12,87,スキニー・ラヴ,バーディー,https://www.billboard-japan.com/charts/detail?a=hot100&year=2014&month=02&day=17
2014,hot100,2014-02-12,88,前しか向かねえ,AKB48,https://www.billboard-japan.com/charts/detail?a=hot100&year=2014&month=02&day=17
2014,hot100,2014-02-12,89,虹と雪のバラード,トワ・エ・モワ,https://www.billboard-japan.com/charts/detail?a=hot100&year=2014&month=02&day=17
2014,hot100,2014-02-12,90,センスレス・ワンダー,ヒトリエ,https://www.billboard-japan.com/charts/detail?a=hot100&year=2014&month=02&day=17
2014,hot100,2014-02-12,91,恋音と雨空,AAA,https://www.billboard-japan.com/charts/detail?a=hot100&year=2014&month=02&day=17
2014,hot100,2014-02-12,92,キングオブ男!,関ジャニ∞[エイト],https://www.billboard-japan.com/charts/detail?a=hot100&year=2014&month=02&day=17
2014,hot100,2014-02-12,93,"春よ,来い",松任谷由実,https://www.billboard-japan.com/charts/detail?a=hot100&year=2014&month=02&day=17
2014,hot100,2014-02-12,94,ARCO∞IRIS,DISACODE,https://www.billboard-japan.com/charts/detail?a=hot100&year=2014&month=02&day=17
2014,hot100,2014-02-12,95,大丈夫,ji ma ma,https://www.billboard-japan.com/charts/detail?a=hot100&year=2014&month=02&day=17
2014,hot100,2014-02-12,96,トレジャー,ブルーノ・マーズ,https://www.billboard-japan.com/charts/detail?a=hot100&year=2014&month=02&day=17
2014,hot100,2014-02-12,97,オンリー・ワン,ジョン・バトラー・トリオ,https://www.billboard-japan.com/charts/detail?a=hot100&year=2014&month=02&day=17
2014,hot100,2014-02-12,98,キャント・リメンバー・トゥ・フォーゲット・ユー feat.リアーナ,シャキーラ,https://www.billboard-japan.com/charts/detail?a=hot100&year=2014&month=02&day=17
2014,hot100,2014-02-12,99,表裏一体,ゆず,https://www.billboard-japan.com/charts/detail?a=hot100&year=2014&month=02&day=17
2014,hot100,2014-02-12,100,EXILE PRIDE〜こんな世界を愛するため〜,EXILE,https://www.billboard-japan.com/charts/detail?a=hot100&year=2014&month=02&day=17
2014,hot100,2014-02-19,1,Bittersweet,嵐,https://www.billboard-japan.com/charts/detail?a=hot100&year=2014&month=02&day=24
2014,hot100,2014-02-19,2,Faith,miwa,https://www.billboard-japan.com/charts/detail?a=hot100&year=2014&month=02&day=24
2014,hot100,2014-02-19,3,My VOICE,ファンキー加藤,https://www.billboard-japan.com/charts/detail?a=hot100&year=2014&month=02&day=24
2014,hot100,2014-02-19,4,ヒカレ,ゆず,https://www.billboard-japan.com/charts/detail?a=hot100&year=2014&month=02&day=24
2014,hot100,2014-02-19,5,TSUKI,安室奈美恵,https://www.billboard-japan.com/charts/detail?a=hot100&year=2014&month=02&day=24
2014,hot100,2014-02-19,6,スノーマジックファンタジー,SEKAI NO OWARI,https://www.billboard-japan.com/charts/detail?a=hot100&year=2014&month=02&day=24
2014,hot100,2014-02-19,7,Count ZERO,T.M.Revolution,https://www.billboard-japan.com/charts/detail?a=hot100&year=2014&month=02&day=24
2014,hot100,2014-02-19,8,ベイビー・アイ,アリアナ・グランデ,https://www.billboard-japan.com/charts/detail?a=hot100&year=2014&month=02&day=24
2014,hot100,2014-02-19,9,チョコレート,家入レオ,https://www.billboard-japan.com/charts/detail?a=hot100&year=2014&month=02&day=24
2014,hot100,2014-02-19,10,ストーリー・オブ・マイ・ライフ,ワン・ダイレクション,https://www.billboard-japan.com/charts/detail?a=hot100&year=2014&month=02&day=24
2014,hot100,2014-02-19,11,Hide & Seek,東方神起,https://www.billboard-japan.com/charts/detail?a=hot100&year=2014&month=02&day=24
2014,hot100,2014-02-19,12,ずっと feat.HAN-KUN & TEE,SPICY CHOCOLATE,https://www.billboard-japan.com/charts/detail?a=hot100&year=2014&month=02&day=24
2014,hot100,2014-02-19,13,今、咲き誇る花たちよ,コブクロ,https://www.billboard-japan.com/charts/detail?a=hot100&year=2014&month=02&day=24
2014,hot100,2014-02-19,14,春風,Rihwa,https://www.billboard-japan.com/charts/detail?a=hot100&year=2014&month=02&day=24
2014,hot100,2014-02-19,15,XO,ビヨンセ,https://www.billboard-japan.com/charts/detail?a=hot100&year=2014&month=02&day=24
2014,hot100,2014-02-19,16,number one,絢香,https://www.billboard-japan.com/charts/detail?a=hot100&year=2014&month=02&day=24
2014,hot100,2014-02-19,17,変幻自在のマジカルスター,GRANRODEO,https://www.billboard-japan.com/charts/detail?a=hot100&year=2014&month=02&day=24
2014,hot100,2014-02-19,18,fish,back number,https://www.billboard-japan.com/charts/detail?a=hot100&year=2014&month=02&day=24
2014,hot100,2014-02-19,19,君の隣,aiko,https://www.billboard-japan.com/charts/detail?a=hot100&year=2014&month=02&day=24
2014,hot100,2014-02-19,20,AinoArika,Hey!Say!JUMP,https://www.billboard-japan.com/charts/detail?a=hot100&year=2014&month=02&day=24
2014,hot100,2014-02-19,21,hug,シド,https://www.billboard-japan.com/charts/detail?a=hot100&year=2014&month=02&day=24
2014,hot100,2014-02-19,22,今ここにいる,新山詩織,https://www.billboard-japan.com/charts/detail?a=hot100&year=2014&month=02&day=24
2014,hot100,2014-02-19,23,ぐるぐるワンダーランド,Silent Siren,https://www.billboard-japan.com/charts/detail?a=hot100&year=2014&month=02&day=24
2014,hot100,2014-02-19,24,チョコレイト・ディスコ,Perfume,https://www.billboard-japan.com/charts/detail?a=hot100&year=2014&month=02&day=24
2014,hot100,2014-02-19,25,LIFE,フジファブリック,https://www.billboard-japan.com/charts/detail?a=hot100&year=2014&month=02&day=24
2014,hot100,2014-02-19,26,恋するフォーチュンクッキー,AKB48,https://www.billboard-japan.com/charts/detail?a=hot100&year=2014&month=02&day=24
2014,hot100,2014-02-19,27,僕はペガサス君はポラリス,MISIA,https://www.billboard-japan.com/charts/detail?a=hot100&year=2014&month=02&day=24
2014,hot100,2014-02-19,28,Partition Love,東京女子流,https://www.billboard-japan.com/charts/detail?a=hot100&year=2014&month=02&day=24
2014,hot100,2014-02-19,29,harmonized finale,UNISON SQUARE GARDEN,https://www.billboard-japan.com/charts/detail?a=hot100&year=2014&month=02&day=24
2014,hot100,2014-02-19,30,空色のキセキ,SUPER☆GiRLS,https://www.billboard-japan.com/charts/detail?a=hot100&year=2014&month=02&day=24
2014,hot100,2014-02-19,31,ハッピー,ファレル・ウィリアムス,https://www.billboard-japan.com/charts/detail?a=hot100&year=2014&month=02&day=24
2014,hot100,2014-02-19,32,青い龍,EXILE ATSUSHI,https://www.billboard-japan.com/charts/detail?a=hot100&year=2014&month=02&day=24
2014,hot100,2014-02-19,33,雪しずり,DEEP,https://www.billboard-japan.com/charts/detail?a=hot100&year=2014&month=02&day=24
2014,hot100,2014-02-19,34,タカラモノズ,μ's,https://www.billboard-japan.com/charts/detail?a=hot100&year=2014&month=02&day=24
2014,hot100,2014-02-19,35,イントゥ・ザ・ブルー,カイリー・ミノーグ,https://www.billboard-japan.com/charts/detail?a=hot100&year=2014&month=02&day=24
2014,hot100,2014-02-19,36,めぐり逢えた,KG,https://www.billboard-japan.com/charts/detail?a=hot100&year=2014&month=02&day=24
2014,hot100,2014-02-19,37,結晶星,KANA-BOON,https://www.billboard-japan.com/charts/detail?a=hot100&year=2014&month=02&day=24
2014,hot100,2014-02-19,38,インヴィジブル,U2,https://www.billboard-japan.com/charts/detail?a=hot100&year=2014&month=02&day=24
2014,hot100,2014-02-19,39,雨のち晴レルヤ,ゆず,https://www.billboard-japan.com/charts/detail?a=hot100&year=2014&month=02&day=24
2014,hot100,2014-02-19,40,Door,JUJU,https://www.billboard-japan.com/charts/detail?a=hot100&year=2014&month=02&day=24
2014,hot100,2014-02-19,41,I am,chay,https://www.billboard-japan.com/charts/detail?a=hot100&year=2014&month=02&day=24
2014,hot100,2014-02-19,42,キングオブ男!,関ジャニ∞[エイト],https://www.billboard-japan.com/charts/detail?a=hot100&year=2014&month=02&day=24
2014,hot100,2014-02-19,43,ひとつだけ,ケラケラ,https://www.billboard-japan.com/charts/detail?a=hot100&year=2014&month=02&day=24
2014,hot100,2014-02-19,44,トランキライザー,KREVA,https://www.billboard-japan.com/charts/detail?a=hot100&year=2014&month=02&day=24
2014,hot100,2014-02-19,45,VISION,松岡凛(宮野真守)&竜ヶ崎怜(平川大輔),https://www.billboard-japan.com/charts/detail?a=hot100&year=2014&month=02&day=24
2014,hot100,2014-02-19,46,最後の青,関取花,https://www.billboard-japan.com/charts/detail?a=hot100&year=2014&month=02&day=24
2014,hot100,2014-02-19,47,イマジン,USAGI,https://www.billboard-japan.com/charts/detail?a=hot100&year=2014&month=02&day=24
2014,hot100,2014-02-19,48,Road to Glory,嵐,https://www.billboard-japan.com/charts/detail?a=hot100&year=2014&month=02&day=24
2014,hot100,2014-02-19,49,秘密の扉から会いにきて,田村ゆかり,https://www.billboard-japan.com/charts/detail?a=hot100&year=2014&month=02&day=24
2014,hot100,2014-02-19,50,RPG,SEKAI NO OWARI,https://www.billboard-japan.com/charts/detail?a=hot100&year=2014&month=02&day=24
2014,hot100,2014-02-19,51,P.S. I LOVE U,GACKT,https://www.billboard-japan.com/charts/detail?a=hot100&year=2014&month=02&day=24
2014,hot100,2014-02-19,52,Ginger,堂本剛,https://www.billboard-japan.com/charts/detail?a=hot100&year=2014&month=02&day=24
2014,hot100,2014-02-19,53,ウェイク・ミー・アップ!,アヴィーチー,https://www.billboard-japan.com/charts/detail?a=hot100&year=2014&month=02&day=24
2014,hot100,2014-02-19,54,キング・アンド・クロス,アウスゲイル,https://www.billboard-japan.com/charts/detail?a=hot100&year=2014&month=02&day=24
2014,hot100,2014-02-19,55,私たちは絶対に絶対にヨリを戻したりしない,テイラー・スウィフト,https://www.billboard-japan.com/charts/detail?a=hot100&year=2014&month=02&day=24
2014,hot100,2014-02-19,56,ゲット・ラッキー feat.ファレル・ウィリアムス,ダフト・パンク,https://www.billboard-japan.com/charts/detail?a=hot100&year=2014&month=02&day=24
2014,hot100,2014-02-19,57,パリの散歩道,ゲイリー・ムーア,https://www.billboard-japan.com/charts/detail?a=hot100&year=2014&month=02&day=24
2014,hot100,2014-02-19,58,言葉にしたいんだ,住岡梨奈,https://www.billboard-japan.com/charts/detail?a=hot100&year=2014&month=02&day=24
2014,hot100,2014-02-19,59,Be mine!,坂本真綾,https://www.billboard-japan.com/charts/detail?a=hot100&year=2014&month=02&day=24
2014,hot100,2014-02-19,60,春の歌,POSSESSION=80.2 POR CENTO,https://www.billboard-japan.com/charts/detail?a=hot100&year=2014&month=02&day=24
2014,hot100,2014-02-19,61,little,板野友美,https://www.billboard-japan.com/charts/detail?a=hot100&year=2014&month=02&day=24
2014,hot100,2014-02-19,62,Valentine,WHITE JAM,https://www.billboard-japan.com/charts/detail?a=hot100&year=2014&month=02&day=24
2014,hot100,2014-02-19,63,風が知ってる,赤い公園,https://www.billboard-japan.com/charts/detail?a=hot100&year=2014&month=02&day=24
2014,hot100,2014-02-19,64,ラザー・ビー,クリーン・バンディット,https://www.billboard-japan.com/charts/detail?a=hot100&year=2014&month=02&day=24
2014,hot100,2014-02-19,65,ネメシス,NOVELS,https://www.billboard-japan.com/charts/detail?a=hot100&year=2014&month=02&day=24
2014,hot100,2014-02-19,66,IGNITE,小林太郎,https://www.billboard-japan.com/charts/detail?a=hot100&year=2014&month=02&day=24
2014,hot100,2014-02-19,67,セイ・サムシング feat.クリスティーナ・アギレラ,ア・グレイト・ビッグ・ワールド,https://www.billboard-japan.com/charts/detail?a=hot100&year=2014&month=02&day=24
2014,hot100,2014-02-19,68,CLICK,ClariS,https://www.billboard-japan.com/charts/detail?a=hot100&year=2014&month=02&day=24
2014,hot100,2014-02-19,69,ゆめのはじまりんりん,きゃりーぱみゅぱみゅ,https://www.billboard-japan.com/charts/detail?a=hot100&year=2014&month=02&day=24
2014,hot100,2014-02-19,70,ハイ・ホープス,ブルース・スプリングスティーン,https://www.billboard-japan.com/charts/detail?a=hot100&year=2014&month=02&day=24
2014,hot100,2014-02-19,71,DREAM,清水翔太,https://www.billboard-japan.com/charts/detail?a=hot100&year=2014&month=02&day=24
2014,hot100,2014-02-19,72,チョコレート,The 1975,https://www.billboard-japan.com/charts/detail?a=hot100&year=2014&month=02&day=24
2014,hot100,2014-02-19,73,ロックド・アウト・オブ・ヘヴン,ブルーノ・マーズ,https://www.billboard-japan.com/charts/detail?a=hot100&year=2014&month=02&day=24
2014,hot100,2014-02-19,74,TELE○POTION,七尾旅人,https://www.billboard-japan.com/charts/detail?a=hot100&year=2014&month=02&day=24
2014,hot100,2014-02-19,75,Here and Now feat.Monday Michiru,Kan Sano,https://www.billboard-japan.com/charts/detail?a=hot100&year=2014&month=02&day=24
2014,hot100,2014-02-19,76,Runners high,SCANDAL,https://www.billboard-japan.com/charts/detail?a=hot100&year=2014&month=02&day=24
2014,hot100,2014-02-19,77,グッドバイ,サカナクション,https://www.billboard-japan.com/charts/detail?a=hot100&year=2014&month=02&day=24
2014,hot100,2014-02-19,78,EX:FUTURIZE,日笠陽子,https://www.billboard-japan.com/charts/detail?a=hot100&year=2014&month=02&day=24
2014,hot100,2014-02-19,79,卒業の唄〜アリガトウは何度も言わせて〜,GReeeeN,https://www.billboard-japan.com/charts/detail?a=hot100&year=2014&month=02&day=24
2014,hot100,2014-02-19,80,ひびき,関ジャニ∞[エイト],https://www.billboard-japan.com/charts/detail?a=hot100&year=2014&month=02&day=24
2014,hot100,2014-02-19,81,ロイヤルズ,ロード,https://www.billboard-japan.com/charts/detail?a=hot100&year=2014&month=02&day=24
2014,hot100,2014-02-19,82,ごめんなさいのKissing You,E-girls,https://www.billboard-japan.com/charts/detail?a=hot100&year=2014&month=02&day=24
2014,hot100,2014-02-19,83,One,androp,https://www.billboard-japan.com/charts/detail?a=hot100&year=2014&month=02&day=24
2014,hot100,2014-02-19,84,笑顔の君は太陽さ,モーニング娘。'14,https://www.billboard-japan.com/charts/detail?a=hot100&year=2014&month=02&day=24
2014,hot100,2014-02-19,85,メズマライズ,テンプルズ,https://www.billboard-japan.com/charts/detail?a=hot100&year=2014&month=02&day=24
2014,hot100,2014-02-19,86,ブルー・ムーン,ベック,https://www.billboard-japan.com/charts/detail?a=hot100&year=2014&month=02&day=24
2014,hot100,2014-02-19,87,午夜の待ち合わせ,Hello Sleepwalkers,https://www.billboard-japan.com/charts/detail?a=hot100&year=2014&month=02&day=24
2014,hot100,2014-02-19,88,Brand New Day,安田レイ,https://www.billboard-japan.com/charts/detail?a=hot100&year=2014&month=02&day=24
2014,hot100,2014-02-19,89,バレンタイン・キッス,国生さゆり,https://www.billboard-japan.com/charts/detail?a=hot100&year=2014&month=02&day=24
2014,hot100,2014-02-19,90,Historia,金子ノブアキ,https://www.billboard-japan.com/charts/detail?a=hot100&year=2014&month=02&day=24
2014,hot100,2014-02-19,91,恋音と雨空,AAA,https://www.billboard-japan.com/charts/detail?a=hot100&year=2014&month=02&day=24
2014,hot100,2014-02-19,92,スキニー・ラヴ,バーディー,https://www.billboard-japan.com/charts/detail?a=hot100&year=2014&month=02&day=24
2014,hot100,2014-02-19,93,リヴ・ア・リトル,ウーター・ヘメル,https://www.billboard-japan.com/charts/detail?a=hot100&year=2014&month=02&day=24
2014,hot100,2014-02-19,94,光-HIKARI-,ViViD,https://www.billboard-japan.com/charts/detail?a=hot100&year=2014&month=02&day=24
2014,hot100,2014-02-19,95,ユリイカ,サカナクション,https://www.billboard-japan.com/charts/detail?a=hot100&year=2014&month=02&day=24
2014,hot100,2014-02-19,96,It's you!,miwa,https://www.billboard-japan.com/charts/detail?a=hot100&year=2014&month=02&day=24
2014,hot100,2014-02-19,97,ドリーマー,小柳ゆき,https://www.billboard-japan.com/charts/detail?a=hot100&year=2014&month=02&day=24
2014,hot100,2014-02-19,98,ヒカリヘ,miwa,https://www.billboard-japan.com/charts/detail?a=hot100&year=2014&month=02&day=24
2014,hot100,2014-02-19,99,粉雪,レミオロメン,https://www.billboard-japan.com/charts/detail?a=hot100&year=2014&month=02&day=24
2014,hot100,2014-02-19,100,ウィッチ☆アクティビティ,KMM団,https://www.billboard-japan.com/charts/detail?a=hot100&year=2014&month=02&day=24
2014,hot100,2014-02-26,1,キングオブ男!,関ジャニ∞[エイト],https://www.billboard-japan.com/charts/detail?a=hot100&year=2014&month=03&day=03
2014,hot100,2014-02-26,2,Bittersweet,嵐,https://www.billboard-japan.com/charts/detail?a=hot100&year=2014&month=03&day=03
2014,hot100,2014-02-26,3,ヒカレ,ゆず,https://www.billboard-japan.com/charts/detail?a=hot100&year=2014&month=03&day=03
2014,hot100,2014-02-26,4,今、咲き誇る花たちよ,コブクロ,https://www.billboard-japan.com/charts/detail?a=hot100&year=2014&month=03&day=03
2014,hot100,2014-02-26,5,青い龍,EXILE ATSUSHI,https://www.billboard-japan.com/charts/detail?a=hot100&year=2014&month=03&day=03
2014,hot100,2014-02-26,6,スノーマジックファンタジー,SEKAI NO OWARI,https://www.billboard-japan.com/charts/detail?a=hot100&year=2014&month=03&day=03
2014,hot100,2014-02-26,7,ストーリー・オブ・マイ・ライフ,ワン・ダイレクション,https://www.billboard-japan.com/charts/detail?a=hot100&year=2014&month=03&day=03
2014,hot100,2014-02-26,8,Faith,miwa,https://www.billboard-japan.com/charts/detail?a=hot100&year=2014&month=03&day=03
2014,hot100,2014-02-26,9,ベイビー・アイ,アリアナ・グランデ,https://www.billboard-japan.com/charts/detail?a=hot100&year=2014&month=03&day=03
2014,hot100,2014-02-26,10,My VOICE,ファンキー加藤,https://www.billboard-japan.com/charts/detail?a=hot100&year=2014&month=03&day=03
2014,hot100,2014-02-26,11,number one,絢香,https://www.billboard-japan.com/charts/detail?a=hot100&year=2014&month=03&day=03
2014,hot100,2014-02-26,12,春風,Rihwa,https://www.billboard-japan.com/charts/detail?a=hot100&year=2014&month=03&day=03
2014,hot100,2014-02-26,13,地獄の沙汰も君次第,地獄の沙汰オールスターズ,https://www.billboard-japan.com/charts/detail?a=hot100&year=2014&month=03&day=03
2014,hot100,2014-02-26,14,TSUKI,安室奈美恵,https://www.billboard-japan.com/charts/detail?a=hot100&year=2014&month=03&day=03
2014,hot100,2014-02-26,15,Hot Stuff,JUJU,https://www.billboard-japan.com/charts/detail?a=hot100&year=2014&month=03&day=03
2014,hot100,2014-02-26,16,オトノナルホウヘ→,Goose house,https://www.billboard-japan.com/charts/detail?a=hot100&year=2014&month=03&day=03
2014,hot100,2014-02-26,17,ロイヤルズ,ロード,https://www.billboard-japan.com/charts/detail?a=hot100&year=2014&month=03&day=03
2014,hot100,2014-02-26,18,チョコレート,家入レオ,https://www.billboard-japan.com/charts/detail?a=hot100&year=2014&month=03&day=03
2014,hot100,2014-02-26,19,結晶星,KANA-BOON,https://www.billboard-japan.com/charts/detail?a=hot100&year=2014&month=03&day=03
2014,hot100,2014-02-26,20,ひびき,関ジャニ∞[エイト],https://www.billboard-japan.com/charts/detail?a=hot100&year=2014&month=03&day=03
2014,hot100,2014-02-26,21,ハッピー,ファレル・ウィリアムス,https://www.billboard-japan.com/charts/detail?a=hot100&year=2014&month=03&day=03
2014,hot100,2014-02-26,22,いるよ,遊助,https://www.billboard-japan.com/charts/detail?a=hot100&year=2014&month=03&day=03
2014,hot100,2014-02-26,23,とまどい→レシピ,みかくにんぐッ!,https://www.billboard-japan.com/charts/detail?a=hot100&year=2014&month=03&day=03
2014,hot100,2014-02-26,24,NEW ORDER,宮野真守,https://www.billboard-japan.com/charts/detail?a=hot100&year=2014&month=03&day=03
2014,hot100,2014-02-26,25,ゆめのはじまりんりん,きゃりーぱみゅぱみゅ,https://www.billboard-japan.com/charts/detail?a=hot100&year=2014&month=03&day=03
2014,hot100,2014-02-26,26,ずっと feat.HAN-KUN & TEE,SPICY CHOCOLATE,https://www.billboard-japan.com/charts/detail?a=hot100&year=2014&month=03&day=03
2014,hot100,2014-02-26,27,Count ZERO,T.M.Revolution,https://www.billboard-japan.com/charts/detail?a=hot100&year=2014&month=03&day=03
2014,hot100,2014-02-26,28,XO,ビヨンセ,https://www.billboard-japan.com/charts/detail?a=hot100&year=2014&month=03&day=03
2014,hot100,2014-02-26,29,まっしろわーるど,みかくにんぐッ!,https://www.billboard-japan.com/charts/detail?a=hot100&year=2014&month=03&day=03
2014,hot100,2014-02-26,30,Door,JUJU,https://www.billboard-japan.com/charts/detail?a=hot100&year=2014&month=03&day=03
2014,hot100,2014-02-26,31,ココロ空モヨウ,関ジャニ∞[エイト],https://www.billboard-japan.com/charts/detail?a=hot100&year=2014&month=03&day=03
2014,hot100,2014-02-26,32,fish,back number,https://www.billboard-japan.com/charts/detail?a=hot100&year=2014&month=03&day=03
2014,hot100,2014-02-26,33,前しか向かねえ,AKB48,https://www.billboard-japan.com/charts/detail?a=hot100&year=2014&month=03&day=03
2014,hot100,2014-02-26,34,大人なのよ!,Berryz工房,https://www.billboard-japan.com/charts/detail?a=hot100&year=2014&month=03&day=03
2014,hot100,2014-02-26,35,イントゥ・ザ・ブルー,カイリー・ミノーグ,https://www.billboard-japan.com/charts/detail?a=hot100&year=2014&month=03&day=03
2014,hot100,2014-02-26,36,Born to be,ナノ,https://www.billboard-japan.com/charts/detail?a=hot100&year=2014&month=03&day=03
2014,hot100,2014-02-26,37,恋するフォーチュンクッキー,AKB48,https://www.billboard-japan.com/charts/detail?a=hot100&year=2014&month=03&day=03
2014,hot100,2014-02-26,38,君の隣,aiko,https://www.billboard-japan.com/charts/detail?a=hot100&year=2014&month=03&day=03
2014,hot100,2014-02-26,39,虹,真空ホロウ,https://www.billboard-japan.com/charts/detail?a=hot100&year=2014&month=03&day=03
2014,hot100,2014-02-26,40,I LOVE YOU,クリス・ハート,https://www.billboard-japan.com/charts/detail?a=hot100&year=2014&month=03&day=03
2014,hot100,2014-02-26,41,雨のち晴レルヤ,ゆず,https://www.billboard-japan.com/charts/detail?a=hot100&year=2014&month=03&day=03
2014,hot100,2014-02-26,42,ブルー・ムーン,ベック,https://www.billboard-japan.com/charts/detail?a=hot100&year=2014&month=03&day=03
2014,hot100,2014-02-26,43,START,Every Little Thing,https://www.billboard-japan.com/charts/detail?a=hot100&year=2014&month=03&day=03
2014,hot100,2014-02-26,44,最後の青,関取花,https://www.billboard-japan.com/charts/detail?a=hot100&year=2014&month=03&day=03
2014,hot100,2014-02-26,45,ぐるぐるワンダーランド,Silent Siren,https://www.billboard-japan.com/charts/detail?a=hot100&year=2014&month=03&day=03
2014,hot100,2014-02-26,46,僕はペガサス君はポラリス,MISIA,https://www.billboard-japan.com/charts/detail?a=hot100&year=2014&month=03&day=03
2014,hot100,2014-02-26,47,パリの散歩道,ゲイリー・ムーア,https://www.billboard-japan.com/charts/detail?a=hot100&year=2014&month=03&day=03
2014,hot100,2014-02-26,48,a boy,家入レオ,https://www.billboard-japan.com/charts/detail?a=hot100&year=2014&month=03&day=03
2014,hot100,2014-02-26,49,シンメトリー,THE BACK HORN,https://www.billboard-japan.com/charts/detail?a=hot100&year=2014&month=03&day=03
2014,hot100,2014-02-26,50,白鷺の宿,城之内早苗,https://www.billboard-japan.com/charts/detail?a=hot100&year=2014&month=03&day=03
2014,hot100,2014-02-26,51,あなたの100の嫌いなところ,剛力彩芽,https://www.billboard-japan.com/charts/detail?a=hot100&year=2014&month=03&day=03
2014,hot100,2014-02-26,52,Break up,U-KISS,https://www.billboard-japan.com/charts/detail?a=hot100&year=2014&month=03&day=03
2014,hot100,2014-02-26,53,MISSING,SuG,https://www.billboard-japan.com/charts/detail?a=hot100&year=2014&month=03&day=03
2014,hot100,2014-02-26,54,harmonized finale,UNISON SQUARE GARDEN,https://www.billboard-japan.com/charts/detail?a=hot100&year=2014&month=03&day=03
2014,hot100,2014-02-26,55,猿は木から何処へ落ちる,Hello Sleepwalkers,https://www.billboard-japan.com/charts/detail?a=hot100&year=2014&month=03&day=03
2014,hot100,2014-02-26,56,RPG,SEKAI NO OWARI,https://www.billboard-japan.com/charts/detail?a=hot100&year=2014&month=03&day=03
2014,hot100,2014-02-26,57,弱虫な炎,Dirty Old Men,https://www.billboard-japan.com/charts/detail?a=hot100&year=2014&month=03&day=03
2014,hot100,2014-02-26,58,Run With U,フェアリーズ,https://www.billboard-japan.com/charts/detail?a=hot100&year=2014&month=03&day=03
2014,hot100,2014-02-26,59,ゲット・ラッキー feat.ファレル・ウィリアムス,ダフト・パンク,https://www.billboard-japan.com/charts/detail?a=hot100&year=2014&month=03&day=03
2014,hot100,2014-02-26,60,Let's Go!,平野綾,https://www.billboard-japan.com/charts/detail?a=hot100&year=2014&month=03&day=03
2014,hot100,2014-02-26,61,キング・アンド・クロス,アウスゲイル,https://www.billboard-japan.com/charts/detail?a=hot100&year=2014&month=03&day=03
2014,hot100,2014-02-26,62,Diamond Only,E-girls,https://www.billboard-japan.com/charts/detail?a=hot100&year=2014&month=03&day=03
2014,hot100,2014-02-26,63,ラザー・ビー,クリーン・バンディット,https://www.billboard-japan.com/charts/detail?a=hot100&year=2014&month=03&day=03
2014,hot100,2014-02-26,64,ひとつだけ,ケラケラ,https://www.billboard-japan.com/charts/detail?a=hot100&year=2014&month=03&day=03
2014,hot100,2014-02-26,65,変幻自在のマジカルスター,GRANRODEO,https://www.billboard-japan.com/charts/detail?a=hot100&year=2014&month=03&day=03
2014,hot100,2014-02-26,66,今ここにいる,新山詩織,https://www.billboard-japan.com/charts/detail?a=hot100&year=2014&month=03&day=03
2014,hot100,2014-02-26,67,ウェイク・ミー・アップ!,アヴィーチー,https://www.billboard-japan.com/charts/detail?a=hot100&year=2014&month=03&day=03
2014,hot100,2014-02-26,68,セイ・サムシング feat.クリスティーナ・アギレラ,ア・グレイト・ビッグ・ワールド,https://www.billboard-japan.com/charts/detail?a=hot100&year=2014&month=03&day=03
2014,hot100,2014-02-26,69,メズマライズ,テンプルズ,https://www.billboard-japan.com/charts/detail?a=hot100&year=2014&month=03&day=03
2014,hot100,2014-02-26,70,空色のキセキ,SUPER☆GiRLS,https://www.billboard-japan.com/charts/detail?a=hot100&year=2014&month=03&day=03
2014,hot100,2014-02-26,71,Ginger,堂本剛,https://www.billboard-japan.com/charts/detail?a=hot100&year=2014&month=03&day=03
2014,hot100,2014-02-26,72,春の歌,POSSESSION=80.2 POR CENTO,https://www.billboard-japan.com/charts/detail?a=hot100&year=2014&month=03&day=03
2014,hot100,2014-02-26,73,ドレミ,ダイスケ,https://www.billboard-japan.com/charts/detail?a=hot100&year=2014&month=03&day=03
2014,hot100,2014-02-26,74,私たちは絶対に絶対にヨリを戻したりしない,テイラー・スウィフト,https://www.billboard-japan.com/charts/detail?a=hot100&year=2014&month=03&day=03
2014,hot100,2014-02-26,75,AinoArika,Hey!Say!JUMP,https://www.billboard-japan.com/charts/detail?a=hot100&year=2014&month=03&day=03
2014,hot100,2014-02-26,76,インヴィジブル,U2,https://www.billboard-japan.com/charts/detail?a=hot100&year=2014&month=03&day=03
2014,hot100,2014-02-26,77,TELE○POTION,七尾旅人,https://www.billboard-japan.com/charts/detail?a=hot100&year=2014&month=03&day=03
2014,hot100,2014-02-26,78,栄光の架橋,ゆず,https://www.billboard-japan.com/charts/detail?a=hot100&year=2014&month=03&day=03
2014,hot100,2014-02-26,79,One,androp,https://www.billboard-japan.com/charts/detail?a=hot100&year=2014&month=03&day=03
2014,hot100,2014-02-26,80,ティンバー feat.ケシャ,ピットブル,https://www.billboard-japan.com/charts/detail?a=hot100&year=2014&month=03&day=03
2014,hot100,2014-02-26,81,グッド・タイム with アウル・シティー,カーリー・レイ・ジェプセン,https://www.billboard-japan.com/charts/detail?a=hot100&year=2014&month=03&day=03
2014,hot100,2014-02-26,82,CLICK,ClariS,https://www.billboard-japan.com/charts/detail?a=hot100&year=2014&month=03&day=03
2014,hot100,2014-02-26,83,Here and Now feat.Monday Michiru,Kan Sano,https://www.billboard-japan.com/charts/detail?a=hot100&year=2014&month=03&day=03
2014,hot100,2014-02-26,84,チョコレイト・ディスコ,Perfume,https://www.billboard-japan.com/charts/detail?a=hot100&year=2014&month=03&day=03
2014,hot100,2014-02-26,85,タカラモノズ,μ's,https://www.billboard-japan.com/charts/detail?a=hot100&year=2014&month=03&day=03
2014,hot100,2014-02-26,86,Hikari,羽多野渉,https://www.billboard-japan.com/charts/detail?a=hot100&year=2014&month=03&day=03
2014,hot100,2014-02-26,87,カミング・オブ・エイジ,フォスター・ザ・ピープル,https://www.billboard-japan.com/charts/detail?a=hot100&year=2014&month=03&day=03
2014,hot100,2014-02-26,88,LIFE,フジファブリック,https://www.billboard-japan.com/charts/detail?a=hot100&year=2014&month=03&day=03
2014,hot100,2014-02-26,89,秘密の扉から会いにきて,田村ゆかり,https://www.billboard-japan.com/charts/detail?a=hot100&year=2014&month=03&day=03
2014,hot100,2014-02-26,90,ホワット・メイクス・ユー・ビューティフル,ワン・ダイレクション,https://www.billboard-japan.com/charts/detail?a=hot100&year=2014&month=03&day=03
2014,hot100,2014-02-26,91,スキニー・ラヴ,バーディー,https://www.billboard-japan.com/charts/detail?a=hot100&year=2014&month=03&day=03
2014,hot100,2014-02-26,92,センスレス・ワンダー,ヒトリエ,https://www.billboard-japan.com/charts/detail?a=hot100&year=2014&month=03&day=03
2014,hot100,2014-02-26,93,パラレル,KEYTALK,https://www.billboard-japan.com/charts/detail?a=hot100&year=2014&month=03&day=03
2014,hot100,2014-02-26,94,空はここにある,川嶋あい,https://www.billboard-japan.com/charts/detail?a=hot100&year=2014&month=03&day=03
2014,hot100,2014-02-26,95,hug,シド,https://www.billboard-japan.com/charts/detail?a=hot100&year=2014&month=03&day=03
2014,hot100,2014-02-26,96,トランキライザー,KREVA,https://www.billboard-japan.com/charts/detail?a=hot100&year=2014&month=03&day=03
2014,hot100,2014-02-26,97,夢灯篭,瀬口侑希,https://www.billboard-japan.com/charts/detail?a=hot100&year=2014&month=03&day=03
2014,hot100,2014-02-26,98,あたしをみつけて,Salley,https://www.billboard-japan.com/charts/detail?a=hot100&year=2014&month=03&day=03
2014,hot100,2014-02-26,99,卒業の唄〜アリガトウは何度も言わせて〜,GReeeeN,https://www.billboard-japan.com/charts/detail?a=hot100&year=2014&month=03&day=03
2014,hot100,2014-02-26,100,三つ葉の結びめ,やなぎなぎ,https://www.billboard-japan.com/charts/detail?a=hot100&year=2014&month=03&day=03
2014,hot100,2014-03-05,1,前しか向かねえ,AKB48,https://www.billboard-japan.com/charts/detail?a=hot100&year=2014&month=03&day=10
2014,hot100,2014-03-05,2,春風,Rihwa,https://www.billboard-japan.com/charts/detail?a=hot100&year=2014&month=03&day=10
2014,hot100,2014-03-05,3,ゆめのはじまりんりん,きゃりーぱみゅぱみゅ,https://www.billboard-japan.com/charts/detail?a=hot100&year=2014&month=03&day=10
2014,hot100,2014-03-05,4,結晶星,KANA-BOON,https://www.billboard-japan.com/charts/detail?a=hot100&year=2014&month=03&day=10
2014,hot100,2014-03-05,5,キングオブ男!,関ジャニ∞[エイト],https://www.billboard-japan.com/charts/detail?a=hot100&year=2014&month=03&day=10
2014,hot100,2014-03-05,6,I LOVE YOU,クリス・ハート,https://www.billboard-japan.com/charts/detail?a=hot100&year=2014&month=03&day=10
2014,hot100,2014-03-05,7,Love,AAA,https://www.billboard-japan.com/charts/detail?a=hot100&year=2014&month=03&day=10
2014,hot100,2014-03-05,8,Diamond Only,E-girls,https://www.billboard-japan.com/charts/detail?a=hot100&year=2014&month=03&day=10
2014,hot100,2014-03-05,9,Bittersweet,嵐,https://www.billboard-japan.com/charts/detail?a=hot100&year=2014&month=03&day=10
2014,hot100,2014-03-05,10,ヒカレ,ゆず,https://www.billboard-japan.com/charts/detail?a=hot100&year=2014&month=03&day=10
2014,hot100,2014-03-05,11,サクラ,Lead,https://www.billboard-japan.com/charts/detail?a=hot100&year=2014&month=03&day=10
2014,hot100,2014-03-05,12,ストーリー・オブ・マイ・ライフ,ワン・ダイレクション,https://www.billboard-japan.com/charts/detail?a=hot100&year=2014&month=03&day=10
2014,hot100,2014-03-05,13,Hot Stuff,JUJU,https://www.billboard-japan.com/charts/detail?a=hot100&year=2014&month=03&day=10
2014,hot100,2014-03-05,14,ベイビー・アイ,アリアナ・グランデ,https://www.billboard-japan.com/charts/detail?a=hot100&year=2014&month=03&day=10
2014,hot100,2014-03-05,15,今、咲き誇る花たちよ,コブクロ,https://www.billboard-japan.com/charts/detail?a=hot100&year=2014&month=03&day=10
2014,hot100,2014-03-05,16,Faith,miwa,https://www.billboard-japan.com/charts/detail?a=hot100&year=2014&month=03&day=10
2014,hot100,2014-03-05,17,あなたの100の嫌いなところ,剛力彩芽,https://www.billboard-japan.com/charts/detail?a=hot100&year=2014&month=03&day=10
2014,hot100,2014-03-05,18,TSUKI,安室奈美恵,https://www.billboard-japan.com/charts/detail?a=hot100&year=2014&month=03&day=10
2014,hot100,2014-03-05,19,My VOICE,ファンキー加藤,https://www.billboard-japan.com/charts/detail?a=hot100&year=2014&month=03&day=10
2014,hot100,2014-03-05,20,ハッピー,ファレル・ウィリアムス,https://www.billboard-japan.com/charts/detail?a=hot100&year=2014&month=03&day=10
2014,hot100,2014-03-05,21,青い龍,EXILE ATSUSHI,https://www.billboard-japan.com/charts/detail?a=hot100&year=2014&month=03&day=10
2014,hot100,2014-03-05,22,スノーマジックファンタジー,SEKAI NO OWARI,https://www.billboard-japan.com/charts/detail?a=hot100&year=2014&month=03&day=10
2014,hot100,2014-03-05,23,ロイヤルズ,ロード,https://www.billboard-japan.com/charts/detail?a=hot100&year=2014&month=03&day=10
2014,hot100,2014-03-05,24,羽1/2,清木場俊介 & EXILE ATSUSHI,https://www.billboard-japan.com/charts/detail?a=hot100&year=2014&month=03&day=10
2014,hot100,2014-03-05,25,number one,絢香,https://www.billboard-japan.com/charts/detail?a=hot100&year=2014&month=03&day=10
2014,hot100,2014-03-05,26,ray,BUMP OF CHICKEN,https://www.billboard-japan.com/charts/detail?a=hot100&year=2014&month=03&day=10
2014,hot100,2014-03-05,27,あたしをみつけて,Salley,https://www.billboard-japan.com/charts/detail?a=hot100&year=2014&month=03&day=10
2014,hot100,2014-03-05,28,カリフォルニー,ケツメイシ,https://www.billboard-japan.com/charts/detail?a=hot100&year=2014&month=03&day=10
2014,hot100,2014-03-05,29,Sweet Dreams,BIGMAMA,https://www.billboard-japan.com/charts/detail?a=hot100&year=2014&month=03&day=10
2014,hot100,2014-03-05,30,Eternal Tours,スフィア,https://www.billboard-japan.com/charts/detail?a=hot100&year=2014&month=03&day=10
2014,hot100,2014-03-05,31,ずっと feat.HAN-KUN & TEE,SPICY CHOCOLATE,https://www.billboard-japan.com/charts/detail?a=hot100&year=2014&month=03&day=10
2014,hot100,2014-03-05,32,FANTASTIC TUNE,小野賢章,https://www.billboard-japan.com/charts/detail?a=hot100&year=2014&month=03&day=10
2014,hot100,2014-03-05,33,地獄の沙汰も君次第,地獄の沙汰オールスターズ,https://www.billboard-japan.com/charts/detail?a=hot100&year=2014&month=03&day=10
2014,hot100,2014-03-05,34,Love Story,EXILE TAKAHIRO,https://www.billboard-japan.com/charts/detail?a=hot100&year=2014&month=03&day=10
2014,hot100,2014-03-05,35,どうでもよすぎ,ウルフルズ,https://www.billboard-japan.com/charts/detail?a=hot100&year=2014&month=03&day=10
2014,hot100,2014-03-05,36,ブルー・ムーン,ベック,https://www.billboard-japan.com/charts/detail?a=hot100&year=2014&month=03&day=10
2014,hot100,2014-03-05,37,a boy,家入レオ,https://www.billboard-japan.com/charts/detail?a=hot100&year=2014&month=03&day=10
2014,hot100,2014-03-05,38,言葉にしたいんだ,住岡梨奈,https://www.billboard-japan.com/charts/detail?a=hot100&year=2014&month=03&day=10
2014,hot100,2014-03-05,39,One,androp,https://www.billboard-japan.com/charts/detail?a=hot100&year=2014&month=03&day=10
2014,hot100,2014-03-05,40,FOOL THE WORLD,茅原実里,https://www.billboard-japan.com/charts/detail?a=hot100&year=2014&month=03&day=10
2014,hot100,2014-03-05,41,念書,稲葉浩志,https://www.billboard-japan.com/charts/detail?a=hot100&year=2014&month=03&day=10
2014,hot100,2014-03-05,42,ダンシン☆ハイスクール,小桃音まい,https://www.billboard-japan.com/charts/detail?a=hot100&year=2014&month=03&day=10
2014,hot100,2014-03-05,43,恋するフォーチュンクッキー,AKB48,https://www.billboard-japan.com/charts/detail?a=hot100&year=2014&month=03&day=10
2014,hot100,2014-03-05,44,最後の青,関取花,https://www.billboard-japan.com/charts/detail?a=hot100&year=2014&month=03&day=10
2014,hot100,2014-03-05,45,すているめいと!,イオシスjkガールズ,https://www.billboard-japan.com/charts/detail?a=hot100&year=2014&month=03&day=10
2014,hot100,2014-03-05,46,会いたい,HY,https://www.billboard-japan.com/charts/detail?a=hot100&year=2014&month=03&day=10
2014,hot100,2014-03-05,47,カミング・オブ・エイジ,フォスター・ザ・ピープル,https://www.billboard-japan.com/charts/detail?a=hot100&year=2014&month=03&day=10
2014,hot100,2014-03-05,48,ドレミ,ダイスケ,https://www.billboard-japan.com/charts/detail?a=hot100&year=2014&month=03&day=10
2014,hot100,2014-03-05,49,雨のち晴レルヤ,ゆず,https://www.billboard-japan.com/charts/detail?a=hot100&year=2014&month=03&day=10
2014,hot100,2014-03-05,50,オトノナルホウヘ→,Goose house,https://www.billboard-japan.com/charts/detail?a=hot100&year=2014&month=03&day=10
2014,hot100,2014-03-05,51,僕はペガサス君はポラリス,MISIA,https://www.billboard-japan.com/charts/detail?a=hot100&year=2014&month=03&day=10
2014,hot100,2014-03-05,52,UNISONIA,TRUE,https://www.billboard-japan.com/charts/detail?a=hot100&year=2014&month=03&day=10
2014,hot100,2014-03-05,53,ラザー・ビー,クリーン・バンディット,https://www.billboard-japan.com/charts/detail?a=hot100&year=2014&month=03&day=10
2014,hot100,2014-03-05,54,千年恋慕,近藤真彦,https://www.billboard-japan.com/charts/detail?a=hot100&year=2014&month=03&day=10
2014,hot100,2014-03-05,55,イントゥ・ザ・ブルー,カイリー・ミノーグ,https://www.billboard-japan.com/charts/detail?a=hot100&year=2014&month=03&day=10
2014,hot100,2014-03-05,56,Door,JUJU,https://www.billboard-japan.com/charts/detail?a=hot100&year=2014&month=03&day=10
2014,hot100,2014-03-05,57,ひびき,関ジャニ∞[エイト],https://www.billboard-japan.com/charts/detail?a=hot100&year=2014&month=03&day=10
2014,hot100,2014-03-05,58,東京,wacci,https://www.billboard-japan.com/charts/detail?a=hot100&year=2014&month=03&day=10
2014,hot100,2014-03-05,59,君の隣,aiko,https://www.billboard-japan.com/charts/detail?a=hot100&year=2014&month=03&day=10
2014,hot100,2014-03-05,60,アイニユケル,Salyu,https://www.billboard-japan.com/charts/detail?a=hot100&year=2014&month=03&day=10
2014,hot100,2014-03-05,61,猿は木から何処へ落ちる,Hello Sleepwalkers,https://www.billboard-japan.com/charts/detail?a=hot100&year=2014&month=03&day=10
2014,hot100,2014-03-05,62,XO,ビヨンセ,https://www.billboard-japan.com/charts/detail?a=hot100&year=2014&month=03&day=10
2014,hot100,2014-03-05,63,メズマライズ,テンプルズ,https://www.billboard-japan.com/charts/detail?a=hot100&year=2014&month=03&day=10
2014,hot100,2014-03-05,64,7 Girls War,"Wake Up,Girls!",https://www.billboard-japan.com/charts/detail?a=hot100&year=2014&month=03&day=10
2014,hot100,2014-03-05,65,Run With U,フェアリーズ,https://www.billboard-japan.com/charts/detail?a=hot100&year=2014&month=03&day=10
2014,hot100,2014-03-05,66,Life Goes On〜like nonstop music〜,槇原敬之,https://www.billboard-japan.com/charts/detail?a=hot100&year=2014&month=03&day=10
2014,hot100,2014-03-05,67,チョコレート,家入レオ,https://www.billboard-japan.com/charts/detail?a=hot100&year=2014&month=03&day=10
2014,hot100,2014-03-05,68,Count ZERO,T.M.Revolution,https://www.billboard-japan.com/charts/detail?a=hot100&year=2014&month=03&day=10
2014,hot100,2014-03-05,69,ヒット・ミー,ダーティ・ループス,https://www.billboard-japan.com/charts/detail?a=hot100&year=2014&month=03&day=10
2014,hot100,2014-03-05,70,ウェイク・ミー・アップ!,アヴィーチー,https://www.billboard-japan.com/charts/detail?a=hot100&year=2014&month=03&day=10
2014,hot100,2014-03-05,71,RPG,SEKAI NO OWARI,https://www.billboard-japan.com/charts/detail?a=hot100&year=2014&month=03&day=10
2014,hot100,2014-03-05,72,サティスファクション,ザ・ローリング・ストーンズ,https://www.billboard-japan.com/charts/detail?a=hot100&year=2014&month=03&day=10
2014,hot100,2014-03-05,73,Still in Love,MBLAQ,https://www.billboard-japan.com/charts/detail?a=hot100&year=2014&month=03&day=10
2014,hot100,2014-03-05,74,キング・アンド・クロス,アウスゲイル,https://www.billboard-japan.com/charts/detail?a=hot100&year=2014&month=03&day=10
2014,hot100,2014-03-05,75,Wake me up,倉木麻衣,https://www.billboard-japan.com/charts/detail?a=hot100&year=2014&month=03&day=10
2014,hot100,2014-03-05,76,私たちは絶対に絶対にヨリを戻したりしない,テイラー・スウィフト,https://www.billboard-japan.com/charts/detail?a=hot100&year=2014&month=03&day=10
2014,hot100,2014-03-05,77,虹,真空ホロウ,https://www.billboard-japan.com/charts/detail?a=hot100&year=2014&month=03&day=10
2014,hot100,2014-03-05,78,春の歌,POSSESSION=80.2 POR CENTO,https://www.billboard-japan.com/charts/detail?a=hot100&year=2014&month=03&day=10
2014,hot100,2014-03-05,79,三つ葉の結びめ,やなぎなぎ,https://www.billboard-japan.com/charts/detail?a=hot100&year=2014&month=03&day=10
2014,hot100,2014-03-05,80,あやめ雨情,三山ひろし,https://www.billboard-japan.com/charts/detail?a=hot100&year=2014&month=03&day=10
2014,hot100,2014-03-05,81,ローリングストーン,ASIAN KUNG-FU GENERATION,https://www.billboard-japan.com/charts/detail?a=hot100&year=2014&month=03&day=10
2014,hot100,2014-03-05,82,平戸雨情,水田竜子,https://www.billboard-japan.com/charts/detail?a=hot100&year=2014&month=03&day=10
2014,hot100,2014-03-05,83,ゲット・ラッキー feat.ファレル・ウィリアムス,ダフト・パンク,https://www.billboard-japan.com/charts/detail?a=hot100&year=2014&month=03&day=10
2014,hot100,2014-03-05,84,セイ・サムシング feat.クリスティーナ・アギレラ,ア・グレイト・ビッグ・ワールド,https://www.billboard-japan.com/charts/detail?a=hot100&year=2014&month=03&day=10
2014,hot100,2014-03-05,85,fish,back number,https://www.billboard-japan.com/charts/detail?a=hot100&year=2014&month=03&day=10
2014,hot100,2014-03-05,86,ティンバー feat.ケシャ,ピットブル,https://www.billboard-japan.com/charts/detail?a=hot100&year=2014&month=03&day=10
2014,hot100,2014-03-05,87,ココロ空モヨウ,関ジャニ∞[エイト],https://www.billboard-japan.com/charts/detail?a=hot100&year=2014&month=03&day=10
2014,hot100,2014-03-05,88,いるよ,遊助,https://www.billboard-japan.com/charts/detail?a=hot100&year=2014&month=03&day=10
2014,hot100,2014-03-05,89,Just For You〜君だけが僕の未来〜,MAY'S,https://www.billboard-japan.com/charts/detail?a=hot100&year=2014&month=03&day=10
2014,hot100,2014-03-05,90,SHINING,Alice Nine,https://www.billboard-japan.com/charts/detail?a=hot100&year=2014&month=03&day=10
2014,hot100,2014-03-05,91,言の葉 青葉,"Wake Up,Girls!",https://www.billboard-japan.com/charts/detail?a=hot100&year=2014&month=03&day=10
2014,hot100,2014-03-05,92,とまどい→レシピ,みかくにんぐッ!,https://www.billboard-japan.com/charts/detail?a=hot100&year=2014&month=03&day=10
2014,hot100,2014-03-05,93,スキニー・ラヴ,バーディー,https://www.billboard-japan.com/charts/detail?a=hot100&year=2014&month=03&day=10
2014,hot100,2014-03-05,94,ぐるぐるワンダーランド,Silent Siren,https://www.billboard-japan.com/charts/detail?a=hot100&year=2014&month=03&day=10
2014,hot100,2014-03-05,95,スタート・ミー・アップ,ザ・ローリング・ストーンズ,https://www.billboard-japan.com/charts/detail?a=hot100&year=2014&month=03&day=10
2014,hot100,2014-03-05,96,センスレス・ワンダー,ヒトリエ,https://www.billboard-japan.com/charts/detail?a=hot100&year=2014&month=03&day=10
2014,hot100,2014-03-05,97,居酒屋「津軽」,大石まどか,https://www.billboard-japan.com/charts/detail?a=hot100&year=2014&month=03&day=10
2014,hot100,2014-03-05,98,空色のキセキ,SUPER☆GiRLS,https://www.billboard-japan.com/charts/detail?a=hot100&year=2014&month=03&day=10
2014,hot100,2014-03-05,99,愛愛愛に撃たれてバイバイバイ,FLOW,https://www.billboard-japan.com/charts/detail?a=hot100&year=2014&month=03&day=10
2014,hot100,2014-03-05,100,大利根ながれ月,氷川きよし,https://www.billboard-japan.com/charts/detail?a=hot100&year=2014&month=03&day=10
2014,hot100,2014-03-12,1,光のシグナル,Kis-My-Ft2,https://www.billboard-japan.com/charts/detail?a=hot100&year=2014&month=03&day=17
2014,hot100,2014-03-12,2,前しか向かねえ,AKB48,https://www.billboard-japan.com/charts/detail?a=hot100&year=2014&month=03&day=17
2014,hot100,2014-03-12,3,セブンスコード,前田敦子,https://www.billboard-japan.com/charts/detail?a=hot100&year=2014&month=03&day=17
2014,hot100,2014-03-12,4,Love Story,EXILE TAKAHIRO,https://www.billboard-japan.com/charts/detail?a=hot100&year=2014&month=03&day=17
2014,hot100,2014-03-12,5,東京,wacci,https://www.billboard-japan.com/charts/detail?a=hot100&year=2014&month=03&day=17
2014,hot100,2014-03-12,6,春風,Rihwa,https://www.billboard-japan.com/charts/detail?a=hot100&year=2014&month=03&day=17
2014,hot100,2014-03-12,7,Hot Stuff,JUJU,https://www.billboard-japan.com/charts/detail?a=hot100&year=2014&month=03&day=17
2014,hot100,2014-03-12,8,あたしをみつけて,Salley,https://www.billboard-japan.com/charts/detail?a=hot100&year=2014&month=03&day=17
2014,hot100,2014-03-12,9,FREAK SHOW,DISH//,https://www.billboard-japan.com/charts/detail?a=hot100&year=2014&month=03&day=17
2014,hot100,2014-03-12,10,One,androp,https://www.billboard-japan.com/charts/detail?a=hot100&year=2014&month=03&day=17
2014,hot100,2014-03-12,11,ray,BUMP OF CHICKEN,https://www.billboard-japan.com/charts/detail?a=hot100&year=2014&month=03&day=17
2014,hot100,2014-03-12,12,ハッピー,ファレル・ウィリアムス,https://www.billboard-japan.com/charts/detail?a=hot100&year=2014&month=03&day=17
2014,hot100,2014-03-12,13,ストーリー・オブ・マイ・ライフ,ワン・ダイレクション,https://www.billboard-japan.com/charts/detail?a=hot100&year=2014&month=03&day=17
2014,hot100,2014-03-12,14,I LOVE YOU,クリス・ハート,https://www.billboard-japan.com/charts/detail?a=hot100&year=2014&month=03&day=17
2014,hot100,2014-03-12,15,Diamond Only,E-girls,https://www.billboard-japan.com/charts/detail?a=hot100&year=2014&month=03&day=17
2014,hot100,2014-03-12,16,Bittersweet,嵐,https://www.billboard-japan.com/charts/detail?a=hot100&year=2014&month=03&day=17
2014,hot100,2014-03-12,17,ゆめのはじまりんりん,きゃりーぱみゅぱみゅ,https://www.billboard-japan.com/charts/detail?a=hot100&year=2014&month=03&day=17
2014,hot100,2014-03-12,18,ヒカレ,ゆず,https://www.billboard-japan.com/charts/detail?a=hot100&year=2014&month=03&day=17
2014,hot100,2014-03-12,19,ambiguous,GARNiDELiA,https://www.billboard-japan.com/charts/detail?a=hot100&year=2014&month=03&day=17
2014,hot100,2014-03-12,20,Faith,miwa,https://www.billboard-japan.com/charts/detail?a=hot100&year=2014&month=03&day=17
2014,hot100,2014-03-12,21,心の叫びを歌にしてみた,℃-ute,https://www.billboard-japan.com/charts/detail?a=hot100&year=2014&month=03&day=17
2014,hot100,2014-03-12,22,Anchor,三浦大知,https://www.billboard-japan.com/charts/detail?a=hot100&year=2014&month=03&day=17
2014,hot100,2014-03-12,23,Love,AAA,https://www.billboard-japan.com/charts/detail?a=hot100&year=2014&month=03&day=17
2014,hot100,2014-03-12,24,キングオブ男!,関ジャニ∞[エイト],https://www.billboard-japan.com/charts/detail?a=hot100&year=2014&month=03&day=17
2014,hot100,2014-03-12,25,レット・イット・ゴー,イディナ・メンゼル,https://www.billboard-japan.com/charts/detail?a=hot100&year=2014&month=03&day=17
2014,hot100,2014-03-12,26,どうでもよすぎ,ウルフルズ,https://www.billboard-japan.com/charts/detail?a=hot100&year=2014&month=03&day=17
2014,hot100,2014-03-12,27,絶対的な関係,赤い公園,https://www.billboard-japan.com/charts/detail?a=hot100&year=2014&month=03&day=17
2014,hot100,2014-03-12,28,結晶星,KANA-BOON,https://www.billboard-japan.com/charts/detail?a=hot100&year=2014&month=03&day=17
2014,hot100,2014-03-12,29,カリフォルニー,ケツメイシ,https://www.billboard-japan.com/charts/detail?a=hot100&year=2014&month=03&day=17
2014,hot100,2014-03-12,30,リヴ・フォー・ザ・ナイト,クルーウェラ,https://www.billboard-japan.com/charts/detail?a=hot100&year=2014&month=03&day=17
2014,hot100,2014-03-12,31,手紙〜拝啓十五の君へ〜,アンジェラ・アキ,https://www.billboard-japan.com/charts/detail?a=hot100&year=2014&month=03&day=17
2014,hot100,2014-03-12,32,スノーマジックファンタジー,SEKAI NO OWARI,https://www.billboard-japan.com/charts/detail?a=hot100&year=2014&month=03&day=17
2014,hot100,2014-03-12,33,TSUKI,安室奈美恵,https://www.billboard-japan.com/charts/detail?a=hot100&year=2014&month=03&day=17
2014,hot100,2014-03-12,34,ベイビー・アイ,アリアナ・グランデ,https://www.billboard-japan.com/charts/detail?a=hot100&year=2014&month=03&day=17
2014,hot100,2014-03-12,35,パラレル,KEYTALK,https://www.billboard-japan.com/charts/detail?a=hot100&year=2014&month=03&day=17
2014,hot100,2014-03-12,36,3月9日,レミオロメン,https://www.billboard-japan.com/charts/detail?a=hot100&year=2014&month=03&day=17
2014,hot100,2014-03-12,37,Shout It Out,BoA,https://www.billboard-japan.com/charts/detail?a=hot100&year=2014&month=03&day=17
2014,hot100,2014-03-12,38,Present,CHIHIRO,https://www.billboard-japan.com/charts/detail?a=hot100&year=2014&month=03&day=17
2014,hot100,2014-03-12,39,羽1/2,清木場俊介 & EXILE ATSUSHI,https://www.billboard-japan.com/charts/detail?a=hot100&year=2014&month=03&day=17
2014,hot100,2014-03-12,40,青い龍,EXILE ATSUSHI,https://www.billboard-japan.com/charts/detail?a=hot100&year=2014&month=03&day=17
2014,hot100,2014-03-12,41,未来予想図II,いきものがかり,https://www.billboard-japan.com/charts/detail?a=hot100&year=2014&month=03&day=17
2014,hot100,2014-03-12,42,あなたの100の嫌いなところ,剛力彩芽,https://www.billboard-japan.com/charts/detail?a=hot100&year=2014&month=03&day=17
2014,hot100,2014-03-12,43,今、咲き誇る花たちよ,コブクロ,https://www.billboard-japan.com/charts/detail?a=hot100&year=2014&month=03&day=17
2014,hot100,2014-03-12,44,ラザー・ビー,クリーン・バンディット,https://www.billboard-japan.com/charts/detail?a=hot100&year=2014&month=03&day=17
2014,hot100,2014-03-12,45,瞳にキスを,曽根由希江,https://www.billboard-japan.com/charts/detail?a=hot100&year=2014&month=03&day=17
2014,hot100,2014-03-12,46,Lead the way,T-ARA,https://www.billboard-japan.com/charts/detail?a=hot100&year=2014&month=03&day=17
2014,hot100,2014-03-12,47,SHAKE A TAIL FEATHER,THE BAWDIES,https://www.billboard-japan.com/charts/detail?a=hot100&year=2014&month=03&day=17
2014,hot100,2014-03-12,48,contrast,TK from 凛として時雨,https://www.billboard-japan.com/charts/detail?a=hot100&year=2014&month=03&day=17
2014,hot100,2014-03-12,49,ブルー・ムーン,ベック,https://www.billboard-japan.com/charts/detail?a=hot100&year=2014&month=03&day=17
2014,hot100,2014-03-12,50,ロイヤルズ,ロード,https://www.billboard-japan.com/charts/detail?a=hot100&year=2014&month=03&day=17
2014,hot100,2014-03-12,51,JUSTITIA,Lia,https://www.billboard-japan.com/charts/detail?a=hot100&year=2014&month=03&day=17
2014,hot100,2014-03-12,52,イントゥ・ザ・ブルー,カイリー・ミノーグ,https://www.billboard-japan.com/charts/detail?a=hot100&year=2014&month=03&day=17
2014,hot100,2014-03-12,53,Door,JUJU,https://www.billboard-japan.com/charts/detail?a=hot100&year=2014&month=03&day=17
2014,hot100,2014-03-12,54,Just For You〜君だけが僕の未来〜,MAY'S,https://www.billboard-japan.com/charts/detail?a=hot100&year=2014&month=03&day=17
2014,hot100,2014-03-12,55,ずっと feat.HAN-KUN & TEE,SPICY CHOCOLATE,https://www.billboard-japan.com/charts/detail?a=hot100&year=2014&month=03&day=17
2014,hot100,2014-03-12,56,My VOICE,ファンキー加藤,https://www.billboard-japan.com/charts/detail?a=hot100&year=2014&month=03&day=17
2014,hot100,2014-03-12,57,魔法の夜と不思議なワルツ,佐香智久,https://www.billboard-japan.com/charts/detail?a=hot100&year=2014&month=03&day=17
2014,hot100,2014-03-12,58,DREAM,清水翔太,https://www.billboard-japan.com/charts/detail?a=hot100&year=2014&month=03&day=17
2014,hot100,2014-03-12,59,ライツ・オン feat.Ms.OOJA,ショーン・ポール,https://www.billboard-japan.com/charts/detail?a=hot100&year=2014&month=03&day=17
2014,hot100,2014-03-12,60,マジック,コールドプレイ,https://www.billboard-japan.com/charts/detail?a=hot100&year=2014&month=03&day=17
2014,hot100,2014-03-12,61,ヒット・ミー,ダーティ・ループス,https://www.billboard-japan.com/charts/detail?a=hot100&year=2014&month=03&day=17
2014,hot100,2014-03-12,62,"キャプテン,キャプテン",ティム・デラックス,https://www.billboard-japan.com/charts/detail?a=hot100&year=2014&month=03&day=17
2014,hot100,2014-03-12,63,サザンクロス,BUMP OF CHICKEN,https://www.billboard-japan.com/charts/detail?a=hot100&year=2014&month=03&day=17
2014,hot100,2014-03-12,64,パララックス・ビュー,上坂すみれ,https://www.billboard-japan.com/charts/detail?a=hot100&year=2014&month=03&day=17
2014,hot100,2014-03-12,65,愛すべき明日、一瞬と一生を,GReeeeN,https://www.billboard-japan.com/charts/detail?a=hot100&year=2014&month=03&day=17
2014,hot100,2014-03-12,66,あやめ雨情,三山ひろし,https://www.billboard-japan.com/charts/detail?a=hot100&year=2014&month=03&day=17
2014,hot100,2014-03-12,67,キャント・リメンバー・トゥ・フォーゲット・ユー feat.リアーナ,シャキーラ,https://www.billboard-japan.com/charts/detail?a=hot100&year=2014&month=03&day=17
2014,hot100,2014-03-12,68,With You/With Me,9nine,https://www.billboard-japan.com/charts/detail?a=hot100&year=2014&month=03&day=17
2014,hot100,2014-03-12,69,地獄の沙汰も君次第,地獄の沙汰オールスターズ,https://www.billboard-japan.com/charts/detail?a=hot100&year=2014&month=03&day=17
2014,hot100,2014-03-12,70,言葉にしたいんだ,住岡梨奈,https://www.billboard-japan.com/charts/detail?a=hot100&year=2014&month=03&day=17
2014,hot100,2014-03-12,71,グッドモーニング・マイ・ユニコーン,bonobos,https://www.billboard-japan.com/charts/detail?a=hot100&year=2014&month=03&day=17
2014,hot100,2014-03-12,72,Hide & Seek,東方神起,https://www.billboard-japan.com/charts/detail?a=hot100&year=2014&month=03&day=17
2014,hot100,2014-03-12,73,私たちは絶対に絶対にヨリを戻したりしない,テイラー・スウィフト,https://www.billboard-japan.com/charts/detail?a=hot100&year=2014&month=03&day=17
2014,hot100,2014-03-12,74,雨のち晴レルヤ,ゆず,https://www.billboard-japan.com/charts/detail?a=hot100&year=2014&month=03&day=17
2014,hot100,2014-03-12,75,理不尽に、,紫原敦(鈴村健一),https://www.billboard-japan.com/charts/detail?a=hot100&year=2014&month=03&day=17
2014,hot100,2014-03-12,76,恋するフォーチュンクッキー,AKB48,https://www.billboard-japan.com/charts/detail?a=hot100&year=2014&month=03&day=17
2014,hot100,2014-03-12,77,サクラ色,アンジェラ・アキ,https://www.billboard-japan.com/charts/detail?a=hot100&year=2014&month=03&day=17
2014,hot100,2014-03-12,78,マネー・オン・マイ・マインド,サム・スミス,https://www.billboard-japan.com/charts/detail?a=hot100&year=2014&month=03&day=17
2014,hot100,2014-03-12,79,サクラカウントダウン,乙女新党,https://www.billboard-japan.com/charts/detail?a=hot100&year=2014&month=03&day=17
2014,hot100,2014-03-12,80,Wake me up,倉木麻衣,https://www.billboard-japan.com/charts/detail?a=hot100&year=2014&month=03&day=17
2014,hot100,2014-03-12,81,パイオニア,高橋優,https://www.billboard-japan.com/charts/detail?a=hot100&year=2014&month=03&day=17
2014,hot100,2014-03-12,82,number one,絢香,https://www.billboard-japan.com/charts/detail?a=hot100&year=2014&month=03&day=17
2014,hot100,2014-03-12,83,a boy,家入レオ,https://www.billboard-japan.com/charts/detail?a=hot100&year=2014&month=03&day=17
2014,hot100,2014-03-12,84,春の歌,POSSESSION=80.2 POR CENTO,https://www.billboard-japan.com/charts/detail?a=hot100&year=2014&month=03&day=17
2014,hot100,2014-03-12,85,ローハイド,NICO Touches the Walls,https://www.billboard-japan.com/charts/detail?a=hot100&year=2014&month=03&day=17
2014,hot100,2014-03-12,86,Waving Flags,坂本美雨,https://www.billboard-japan.com/charts/detail?a=hot100&year=2014&month=03&day=17
2014,hot100,2014-03-12,87,カモネギックス,NMB48,https://www.billboard-japan.com/charts/detail?a=hot100&year=2014&month=03&day=17
2014,hot100,2014-03-12,88,ローリングストーン,ASIAN KUNG-FU GENERATION,https://www.billboard-japan.com/charts/detail?a=hot100&year=2014&month=03&day=17
2014,hot100,2014-03-12,89,あなたがいればOK!,Serena,https://www.billboard-japan.com/charts/detail?a=hot100&year=2014&month=03&day=17
2014,hot100,2014-03-12,90,QUICK START,桜井良(島崎信長),https://www.billboard-japan.com/charts/detail?a=hot100&year=2014&month=03&day=17
2014,hot100,2014-03-12,91,ダーク・ホース feat.ジューシー・J,ケイティ・ペリー,https://www.billboard-japan.com/charts/detail?a=hot100&year=2014&month=03&day=17
2014,hot100,2014-03-12,92,ハピネスチャージプリキュア!WOW!,仲谷明香,https://www.billboard-japan.com/charts/detail?a=hot100&year=2014&month=03&day=17
2014,hot100,2014-03-12,93,レヴィテーション,サーカ・ゼロ,https://www.billboard-japan.com/charts/detail?a=hot100&year=2014&month=03&day=17
2014,hot100,2014-03-12,94,新世界交響楽,さよならポニーテール,https://www.billboard-japan.com/charts/detail?a=hot100&year=2014&month=03&day=17
2014,hot100,2014-03-12,95,カミング・オブ・エイジ,フォスター・ザ・ピープル,https://www.billboard-japan.com/charts/detail?a=hot100&year=2014&month=03&day=17
2014,hot100,2014-03-12,96,サティスファクション,ザ・ローリング・ストーンズ,https://www.billboard-japan.com/charts/detail?a=hot100&year=2014&month=03&day=17
2014,hot100,2014-03-12,97,wimp feat.Lil'Fang from FAKY,BACK-ON,https://www.billboard-japan.com/charts/detail?a=hot100&year=2014&month=03&day=17
2014,hot100,2014-03-12,98,ウェイク・ミー・アップ!,アヴィーチー,https://www.billboard-japan.com/charts/detail?a=hot100&year=2014&month=03&day=17
2014,hot100,2014-03-12,99,僕はペガサス君はポラリス,MISIA,https://www.billboard-japan.com/charts/detail?a=hot100&year=2014&month=03&day=17
2014,hot100,2014-03-12,100,ひだまり,ゆず,https://www.billboard-japan.com/charts/detail?a=hot100&year=2014&month=03&day=17
2014,hot100,2014-03-19,1,桜、みんなで食べた,HKT48,https://www.billboard-japan.com/charts/detail?a=hot100&year=2014&month=03&day=24
2014,hot100,2014-03-19,2,ray,BUMP OF CHICKEN,https://www.billboard-japan.com/charts/detail?a=hot100&year=2014&month=03&day=24
2014,hot100,2014-03-19,3,君がいない、あの日から…,Acid Black Cherry,https://www.billboard-japan.com/charts/detail?a=hot100&year=2014&month=03&day=24
2014,hot100,2014-03-19,4,サクラあっぱれーしょん,でんぱ組.inc,https://www.billboard-japan.com/charts/detail?a=hot100&year=2014&month=03&day=24
2014,hot100,2014-03-19,5,カリフォルニー,ケツメイシ,https://www.billboard-japan.com/charts/detail?a=hot100&year=2014&month=03&day=24
2014,hot100,2014-03-19,6,春風,Rihwa,https://www.billboard-japan.com/charts/detail?a=hot100&year=2014&month=03&day=24
2014,hot100,2014-03-19,7,絶対的な関係,赤い公園,https://www.billboard-japan.com/charts/detail?a=hot100&year=2014&month=03&day=24
2014,hot100,2014-03-19,8,光のシグナル,Kis-My-Ft2,https://www.billboard-japan.com/charts/detail?a=hot100&year=2014&month=03&day=24
2014,hot100,2014-03-19,9,東京,wacci,https://www.billboard-japan.com/charts/detail?a=hot100&year=2014&month=03&day=24
2014,hot100,2014-03-19,10,With You/With Me,9nine,https://www.billboard-japan.com/charts/detail?a=hot100&year=2014&month=03&day=24
2014,hot100,2014-03-19,11,レット・イット・ゴー,イディナ・メンゼル,https://www.billboard-japan.com/charts/detail?a=hot100&year=2014&month=03&day=24
2014,hot100,2014-03-19,12,パラレル,KEYTALK,https://www.billboard-japan.com/charts/detail?a=hot100&year=2014&month=03&day=24
2014,hot100,2014-03-19,13,パイオニア,高橋優,https://www.billboard-japan.com/charts/detail?a=hot100&year=2014&month=03&day=24
2014,hot100,2014-03-19,14,前しか向かねえ,AKB48,https://www.billboard-japan.com/charts/detail?a=hot100&year=2014&month=03&day=24
2014,hot100,2014-03-19,15,Hot Stuff,JUJU,https://www.billboard-japan.com/charts/detail?a=hot100&year=2014&month=03&day=24
2014,hot100,2014-03-19,16,ハッピー,ファレル・ウィリアムス,https://www.billboard-japan.com/charts/detail?a=hot100&year=2014&month=03&day=24
2014,hot100,2014-03-19,17,流れゆく世界の中で feat.MONGOL800,東京スカパラダイスオーケストラ,https://www.billboard-japan.com/charts/detail?a=hot100&year=2014&month=03&day=24
2014,hot100,2014-03-19,18,Love Story,EXILE TAKAHIRO,https://www.billboard-japan.com/charts/detail?a=hot100&year=2014&month=03&day=24
2014,hot100,2014-03-19,19,ありとあらゆる力の限り,Cocco,https://www.billboard-japan.com/charts/detail?a=hot100&year=2014&month=03&day=24
2014,hot100,2014-03-19,20,ストーリー・オブ・マイ・ライフ,ワン・ダイレクション,https://www.billboard-japan.com/charts/detail?a=hot100&year=2014&month=03&day=24
2014,hot100,2014-03-19,21,あたしをみつけて,Salley,https://www.billboard-japan.com/charts/detail?a=hot100&year=2014&month=03&day=24
2014,hot100,2014-03-19,22,Let It Go〜ありのままで〜,May J.,https://www.billboard-japan.com/charts/detail?a=hot100&year=2014&month=03&day=24
2014,hot100,2014-03-19,23,Diamond Only,E-girls,https://www.billboard-japan.com/charts/detail?a=hot100&year=2014&month=03&day=24
2014,hot100,2014-03-19,24,3月9日,レミオロメン,https://www.billboard-japan.com/charts/detail?a=hot100&year=2014&month=03&day=24
2014,hot100,2014-03-19,25,セブンスコード,前田敦子,https://www.billboard-japan.com/charts/detail?a=hot100&year=2014&month=03&day=24
2014,hot100,2014-03-19,26,リヴ・フォー・ザ・ナイト,クルーウェラ,https://www.billboard-japan.com/charts/detail?a=hot100&year=2014&month=03&day=24
2014,hot100,2014-03-19,27,結晶星,KANA-BOON,https://www.billboard-japan.com/charts/detail?a=hot100&year=2014&month=03&day=24
2014,hot100,2014-03-19,28,手紙〜拝啓十五の君へ〜,アンジェラ・アキ,https://www.billboard-japan.com/charts/detail?a=hot100&year=2014&month=03&day=24
2014,hot100,2014-03-19,29,I LOVE YOU,クリス・ハート,https://www.billboard-japan.com/charts/detail?a=hot100&year=2014&month=03&day=24
2014,hot100,2014-03-19,30,Present,CHIHIRO,https://www.billboard-japan.com/charts/detail?a=hot100&year=2014&month=03&day=24
2014,hot100,2014-03-19,31,ハートリアライズ,Tia,https://www.billboard-japan.com/charts/detail?a=hot100&year=2014&month=03&day=24
2014,hot100,2014-03-19,32,Faith,miwa,https://www.billboard-japan.com/charts/detail?a=hot100&year=2014&month=03&day=24
2014,hot100,2014-03-19,33,イントゥ・ザ・ブルー,カイリー・ミノーグ,https://www.billboard-japan.com/charts/detail?a=hot100&year=2014&month=03&day=24
2014,hot100,2014-03-19,34,Bittersweet,嵐,https://www.billboard-japan.com/charts/detail?a=hot100&year=2014&month=03&day=24
2014,hot100,2014-03-19,35,マジック,コールドプレイ,https://www.billboard-japan.com/charts/detail?a=hot100&year=2014&month=03&day=24
2014,hot100,2014-03-19,36,Love,AAA,https://www.billboard-japan.com/charts/detail?a=hot100&year=2014&month=03&day=24
2014,hot100,2014-03-19,37,やさしさで溢れるように,華原朋美,https://www.billboard-japan.com/charts/detail?a=hot100&year=2014&month=03&day=24
2014,hot100,2014-03-19,38,Anchor,三浦大知,https://www.billboard-japan.com/charts/detail?a=hot100&year=2014&month=03&day=24
2014,hot100,2014-03-19,39,The World's End,堀江由衣,https://www.billboard-japan.com/charts/detail?a=hot100&year=2014&month=03&day=24
2014,hot100,2014-03-19,40,ロイヤルズ,ロード,https://www.billboard-japan.com/charts/detail?a=hot100&year=2014&month=03&day=24
2014,hot100,2014-03-19,41,青い龍,EXILE ATSUSHI,https://www.billboard-japan.com/charts/detail?a=hot100&year=2014&month=03&day=24
2014,hot100,2014-03-19,42,ブルー・ムーン,ベック,https://www.billboard-japan.com/charts/detail?a=hot100&year=2014&month=03&day=24
2014,hot100,2014-03-19,43,ヒカレ,ゆず,https://www.billboard-japan.com/charts/detail?a=hot100&year=2014&month=03&day=24
2014,hot100,2014-03-19,44,ゆめのはじまりんりん,きゃりーぱみゅぱみゅ,https://www.billboard-japan.com/charts/detail?a=hot100&year=2014&month=03&day=24
2014,hot100,2014-03-19,45,キングオブ男!,関ジャニ∞[エイト],https://www.billboard-japan.com/charts/detail?a=hot100&year=2014&month=03&day=24
2014,hot100,2014-03-19,46,未来予想図II,いきものがかり,https://www.billboard-japan.com/charts/detail?a=hot100&year=2014&month=03&day=24
2014,hot100,2014-03-19,47,暁,福山雅治,https://www.billboard-japan.com/charts/detail?a=hot100&year=2014&month=03&day=24
2014,hot100,2014-03-19,48,TSUKI,安室奈美恵,https://www.billboard-japan.com/charts/detail?a=hot100&year=2014&month=03&day=24
2014,hot100,2014-03-19,49,どんぐりと花の空,南壽あさ子,https://www.billboard-japan.com/charts/detail?a=hot100&year=2014&month=03&day=24
2014,hot100,2014-03-19,50,wimp feat.Lil'Fang(from FAKY),BACK-ON,https://www.billboard-japan.com/charts/detail?a=hot100&year=2014&month=03&day=24
2014,hot100,2014-03-19,51,スノーマジックファンタジー,SEKAI NO OWARI,https://www.billboard-japan.com/charts/detail?a=hot100&year=2014&month=03&day=24
2014,hot100,2014-03-19,52,ambiguous,GARNiDELiA,https://www.billboard-japan.com/charts/detail?a=hot100&year=2014&month=03&day=24
2014,hot100,2014-03-19,53,ラザー・ビー,クリーン・バンディット,https://www.billboard-japan.com/charts/detail?a=hot100&year=2014&month=03&day=24
2014,hot100,2014-03-19,54,どうでもよすぎ,ウルフルズ,https://www.billboard-japan.com/charts/detail?a=hot100&year=2014&month=03&day=24
2014,hot100,2014-03-19,55,Just For You〜君だけが僕の未来〜,MAY'S,https://www.billboard-japan.com/charts/detail?a=hot100&year=2014&month=03&day=24
2014,hot100,2014-03-19,56,First Love,宇多田ヒカル,https://www.billboard-japan.com/charts/detail?a=hot100&year=2014&month=03&day=24
2014,hot100,2014-03-19,57,今、咲き誇る花たちよ,コブクロ,https://www.billboard-japan.com/charts/detail?a=hot100&year=2014&month=03&day=24
2014,hot100,2014-03-19,58,Door,JUJU,https://www.billboard-japan.com/charts/detail?a=hot100&year=2014&month=03&day=24
2014,hot100,2014-03-19,59,瞳にキスを,曽根由希江,https://www.billboard-japan.com/charts/detail?a=hot100&year=2014&month=03&day=24
2014,hot100,2014-03-19,60,レット・イット・ゴー(エンドソング),デミ・ロヴァート,https://www.billboard-japan.com/charts/detail?a=hot100&year=2014&month=03&day=24
2014,hot100,2014-03-19,61,ベイビー・アイ,アリアナ・グランデ,https://www.billboard-japan.com/charts/detail?a=hot100&year=2014&month=03&day=24
2014,hot100,2014-03-19,62,トリックスター,SKY-HI,https://www.billboard-japan.com/charts/detail?a=hot100&year=2014&month=03&day=24
2014,hot100,2014-03-19,63,Go Crazy,m-flo + SOL(from BIGBANG),https://www.billboard-japan.com/charts/detail?a=hot100&year=2014&month=03&day=24
2014,hot100,2014-03-19,64,羽1/2,清木場俊介 & EXILE ATSUSHI,https://www.billboard-japan.com/charts/detail?a=hot100&year=2014&month=03&day=24
2014,hot100,2014-03-19,65,One,androp,https://www.billboard-japan.com/charts/detail?a=hot100&year=2014&month=03&day=24
2014,hot100,2014-03-19,66,サザンクロス,BUMP OF CHICKEN,https://www.billboard-japan.com/charts/detail?a=hot100&year=2014&month=03&day=24
2014,hot100,2014-03-19,67,雨のち晴レルヤ,ゆず,https://www.billboard-japan.com/charts/detail?a=hot100&year=2014&month=03&day=24
2014,hot100,2014-03-19,68,リヴ・ア・リトル,ウーター・ヘメル,https://www.billboard-japan.com/charts/detail?a=hot100&year=2014&month=03&day=24
2014,hot100,2014-03-19,69,花は咲く,花は咲くプロジェクト,https://www.billboard-japan.com/charts/detail?a=hot100&year=2014&month=03&day=24
2014,hot100,2014-03-19,70,パララックス・ビュー,上坂すみれ,https://www.billboard-japan.com/charts/detail?a=hot100&year=2014&month=03&day=24
2014,hot100,2014-03-19,71,ワード・アップ!,リトル・ミックス,https://www.billboard-japan.com/charts/detail?a=hot100&year=2014&month=03&day=24
2014,hot100,2014-03-19,72,MAKE A MIRACLE,EXILE ATSUSHI,https://www.billboard-japan.com/charts/detail?a=hot100&year=2014&month=03&day=24
2014,hot100,2014-03-19,73,automatic,宇多田ヒカル,https://www.billboard-japan.com/charts/detail?a=hot100&year=2014&month=03&day=24
2014,hot100,2014-03-19,74,ヘヴン・ノウズ,プリティー・レックレス,https://www.billboard-japan.com/charts/detail?a=hot100&year=2014&month=03&day=24
2014,hot100,2014-03-19,75,春の歌,POSSESSION=80.2 POR CENTO,https://www.billboard-japan.com/charts/detail?a=hot100&year=2014&month=03&day=24
2014,hot100,2014-03-19,76,卒業写真,松任谷由実,https://www.billboard-japan.com/charts/detail?a=hot100&year=2014&month=03&day=24
2014,hot100,2014-03-19,77,レヴィテーション,サーカ・ゼロ,https://www.billboard-japan.com/charts/detail?a=hot100&year=2014&month=03&day=24
2014,hot100,2014-03-19,78,世界で一番幸せ者になれ,大橋トリオ,https://www.billboard-japan.com/charts/detail?a=hot100&year=2014&month=03&day=24
2014,hot100,2014-03-19,79,FREAK SHOW,DISH//,https://www.billboard-japan.com/charts/detail?a=hot100&year=2014&month=03&day=24
2014,hot100,2014-03-19,80,あやめ雨情,三山ひろし,https://www.billboard-japan.com/charts/detail?a=hot100&year=2014&month=03&day=24
2014,hot100,2014-03-19,81,"キャプテン,キャプテン",ティム・デラックス,https://www.billboard-japan.com/charts/detail?a=hot100&year=2014&month=03&day=24
2014,hot100,2014-03-19,82,キャノンボール,リア・ミシェル,https://www.billboard-japan.com/charts/detail?a=hot100&year=2014&month=03&day=24
2014,hot100,2014-03-19,83,万華鏡と蝶,Superfly,https://www.billboard-japan.com/charts/detail?a=hot100&year=2014&month=03&day=24
2014,hot100,2014-03-19,84,Shout It Out,BoA,https://www.billboard-japan.com/charts/detail?a=hot100&year=2014&month=03&day=24
2014,hot100,2014-03-19,85,地獄の沙汰も君次第,地獄の沙汰オールスターズ,https://www.billboard-japan.com/charts/detail?a=hot100&year=2014&month=03&day=24
2014,hot100,2014-03-19,86,旅人,高橋優,https://www.billboard-japan.com/charts/detail?a=hot100&year=2014&month=03&day=24
2014,hot100,2014-03-19,87,SHAKE A TAIL FEATHER,THE BAWDIES,https://www.billboard-japan.com/charts/detail?a=hot100&year=2014&month=03&day=24
2014,hot100,2014-03-19,88,繋いだ手から,back number,https://www.billboard-japan.com/charts/detail?a=hot100&year=2014&month=03&day=24
2014,hot100,2014-03-19,89,take me,PrizmaX,https://www.billboard-japan.com/charts/detail?a=hot100&year=2014&month=03&day=24
2014,hot100,2014-03-19,90,恋するフォーチュンクッキー,AKB48,https://www.billboard-japan.com/charts/detail?a=hot100&year=2014&month=03&day=24
2014,hot100,2014-03-19,91,道,EXILE,https://www.billboard-japan.com/charts/detail?a=hot100&year=2014&month=03&day=24
2014,hot100,2014-03-19,92,DREAM,清水翔太,https://www.billboard-japan.com/charts/detail?a=hot100&year=2014&month=03&day=24
2014,hot100,2014-03-19,93,キャント・リメンバー・トゥ・フォーゲット・ユー feat.リアーナ,シャキーラ,https://www.billboard-japan.com/charts/detail?a=hot100&year=2014&month=03&day=24
2014,hot100,2014-03-19,94,何度でも,DREAMS COME TRUE,https://www.billboard-japan.com/charts/detail?a=hot100&year=2014&month=03&day=24
2014,hot100,2014-03-19,95,ウェイク・ミー・アップ!,アヴィーチー,https://www.billboard-japan.com/charts/detail?a=hot100&year=2014&month=03&day=24
2014,hot100,2014-03-19,96,evils fall,MAN WITH A MISSION,https://www.billboard-japan.com/charts/detail?a=hot100&year=2014&month=03&day=24
2014,hot100,2014-03-19,97,RPG,SEKAI NO OWARI,https://www.billboard-japan.com/charts/detail?a=hot100&year=2014&month=03&day=24
2014,hot100,2014-03-19,98,SCARLET SIGN,寺島拓篤,https://www.billboard-japan.com/charts/detail?a=hot100&year=2014&month=03&day=24
2014,hot100,2014-03-19,99,サクラ色,アンジェラ・アキ,https://www.billboard-japan.com/charts/detail?a=hot100&year=2014&month=03&day=24
2014,hot100,2014-03-19,100,心の叫びを歌にしてみた,℃-ute,https://www.billboard-japan.com/charts/detail?a=hot100&year=2014&month=03&day=24
2014,hot100,2014-03-26,1,未来とは?,SKE48,https://www.billboard-japan.com/charts/detail?a=hot100&year=2014&month=03&day=31
2014,hot100,2014-03-26,2,春風,Rihwa,https://www.billboard-japan.com/charts/detail?a=hot100&year=2014&month=03&day=31
2014,hot100,2014-03-26,3,ray,BUMP OF CHICKEN,https://www.billboard-japan.com/charts/detail?a=hot100&year=2014&month=03&day=31
2014,hot100,2014-03-26,4,レット・イット・ゴー,イディナ・メンゼル,https://www.billboard-japan.com/charts/detail?a=hot100&year=2014&month=03&day=31
2014,hot100,2014-03-26,5,レット・イット・ゴー〜ありのままで〜,松たか子,https://www.billboard-japan.com/charts/detail?a=hot100&year=2014&month=03&day=31
2014,hot100,2014-03-26,6,繋いだ手から,back number,https://www.billboard-japan.com/charts/detail?a=hot100&year=2014&month=03&day=31
2014,hot100,2014-03-26,7,カリフォルニー,ケツメイシ,https://www.billboard-japan.com/charts/detail?a=hot100&year=2014&month=03&day=31
2014,hot100,2014-03-26,8,イントゥ・ザ・ブルー,カイリー・ミノーグ,https://www.billboard-japan.com/charts/detail?a=hot100&year=2014&month=03&day=31
2014,hot100,2014-03-26,9,僕のそばには星がある,タッキー&翼,https://www.billboard-japan.com/charts/detail?a=hot100&year=2014&month=03&day=31
2014,hot100,2014-03-26,10,愛すべき明日、一瞬と一生を,GReeeeN,https://www.billboard-japan.com/charts/detail?a=hot100&year=2014&month=03&day=31
2014,hot100,2014-03-26,11,ハッピー,ファレル・ウィリアムス,https://www.billboard-japan.com/charts/detail?a=hot100&year=2014&month=03&day=31
2014,hot100,2014-03-26,12,リヴ・フォー・ザ・ナイト,クルーウェラ,https://www.billboard-japan.com/charts/detail?a=hot100&year=2014&month=03&day=31
2014,hot100,2014-03-26,13,桜、みんなで食べた,HKT48,https://www.billboard-japan.com/charts/detail?a=hot100&year=2014&month=03&day=31
2014,hot100,2014-03-26,14,Hot Stuff,JUJU,https://www.billboard-japan.com/charts/detail?a=hot100&year=2014&month=03&day=31
2014,hot100,2014-03-26,15,絶対的な関係,赤い公園,https://www.billboard-japan.com/charts/detail?a=hot100&year=2014&month=03&day=31
2014,hot100,2014-03-26,16,Let It Go〜ありのままで〜,May J.,https://www.billboard-japan.com/charts/detail?a=hot100&year=2014&month=03&day=31
2014,hot100,2014-03-26,17,裸の裸の裸のKISS,Juice=Juice,https://www.billboard-japan.com/charts/detail?a=hot100&year=2014&month=03&day=31
2014,hot100,2014-03-26,18,光のシグナル,Kis-My-Ft2,https://www.billboard-japan.com/charts/detail?a=hot100&year=2014&month=03&day=31
2014,hot100,2014-03-26,19,前しか向かねえ,AKB48,https://www.billboard-japan.com/charts/detail?a=hot100&year=2014&month=03&day=31
2014,hot100,2014-03-26,20,東京,wacci,https://www.billboard-japan.com/charts/detail?a=hot100&year=2014&month=03&day=31
2014,hot100,2014-03-26,21,I LOVE YOU,クリス・ハート,https://www.billboard-japan.com/charts/detail?a=hot100&year=2014&month=03&day=31
2014,hot100,2014-03-26,22,ストーリー・オブ・マイ・ライフ,ワン・ダイレクション,https://www.billboard-japan.com/charts/detail?a=hot100&year=2014&month=03&day=31
2014,hot100,2014-03-26,23,Love Story,EXILE TAKAHIRO,https://www.billboard-japan.com/charts/detail?a=hot100&year=2014&month=03&day=31
2014,hot100,2014-03-26,24,Bittersweet,嵐,https://www.billboard-japan.com/charts/detail?a=hot100&year=2014&month=03&day=31
2014,hot100,2014-03-26,25,AGAIN,DREAMS COME TRUE,https://www.billboard-japan.com/charts/detail?a=hot100&year=2014&month=03&day=31
2014,hot100,2014-03-26,26,ゆめのはじまりんりん,きゃりーぱみゅぱみゅ,https://www.billboard-japan.com/charts/detail?a=hot100&year=2014&month=03&day=31
2014,hot100,2014-03-26,27,君がいない、あの日から…,Acid Black Cherry,https://www.billboard-japan.com/charts/detail?a=hot100&year=2014&month=03&day=31
2014,hot100,2014-03-26,28,パラレル,KEYTALK,https://www.billboard-japan.com/charts/detail?a=hot100&year=2014&month=03&day=31
2014,hot100,2014-03-26,29,ありとあらゆる力の限り,Cocco,https://www.billboard-japan.com/charts/detail?a=hot100&year=2014&month=03&day=31
2014,hot100,2014-03-26,30,パラレルスペック,ゲスの極み乙女。,https://www.billboard-japan.com/charts/detail?a=hot100&year=2014&month=03&day=31
2014,hot100,2014-03-26,31,流れゆく世界の中で feat.MONGOL800,東京スカパラダイスオーケストラ,https://www.billboard-japan.com/charts/detail?a=hot100&year=2014&month=03&day=31
2014,hot100,2014-03-26,32,生まれてはじめて,"神田沙也加,松たか子",https://www.billboard-japan.com/charts/detail?a=hot100&year=2014&month=03&day=31
2014,hot100,2014-03-26,33,REAL WAVE,"七瀬遙(島崎信長),松岡凛(宮野真守)",https://www.billboard-japan.com/charts/detail?a=hot100&year=2014&month=03&day=31
2014,hot100,2014-03-26,34,RYDEEN〜Dance All Night〜,E-girls,https://www.billboard-japan.com/charts/detail?a=hot100&year=2014&month=03&day=31
2014,hot100,2014-03-26,35,暁,福山雅治,https://www.billboard-japan.com/charts/detail?a=hot100&year=2014&month=03&day=31
2014,hot100,2014-03-26,36,卒業サヨナラ。,ハジ→,https://www.billboard-japan.com/charts/detail?a=hot100&year=2014&month=03&day=31
2014,hot100,2014-03-26,37,どんなにどんなに,シクラメン,https://www.billboard-japan.com/charts/detail?a=hot100&year=2014&month=03&day=31
2014,hot100,2014-03-26,38,Diamond Only,E-girls,https://www.billboard-japan.com/charts/detail?a=hot100&year=2014&month=03&day=31
2014,hot100,2014-03-26,39,春が来て僕たちはまた少し大人になる,さんみゅ〜,https://www.billboard-japan.com/charts/detail?a=hot100&year=2014&month=03&day=31
2014,hot100,2014-03-26,40,勇気スーパーボール!,THE ポッシボー,https://www.billboard-japan.com/charts/detail?a=hot100&year=2014&month=03&day=31
2014,hot100,2014-03-26,41,Faith,miwa,https://www.billboard-japan.com/charts/detail?a=hot100&year=2014&month=03&day=31
2014,hot100,2014-03-26,42,Sakura Melody,加藤ミリヤ×清水翔太,https://www.billboard-japan.com/charts/detail?a=hot100&year=2014&month=03&day=31
2014,hot100,2014-03-26,43,マジック,コールドプレイ,https://www.billboard-japan.com/charts/detail?a=hot100&year=2014&month=03&day=31
2014,hot100,2014-03-26,44,カミング・オブ・エイジ,フォスター・ザ・ピープル,https://www.billboard-japan.com/charts/detail?a=hot100&year=2014&month=03&day=31
2014,hot100,2014-03-26,45,のぞみ酒,杜このみ,https://www.billboard-japan.com/charts/detail?a=hot100&year=2014&month=03&day=31
2014,hot100,2014-03-26,46,サクラあっぱれーしょん,でんぱ組.inc,https://www.billboard-japan.com/charts/detail?a=hot100&year=2014&month=03&day=31
2014,hot100,2014-03-26,47,レヴィテーション,サーカ・ゼロ,https://www.billboard-japan.com/charts/detail?a=hot100&year=2014&month=03&day=31
2014,hot100,2014-03-26,48,青い龍,EXILE ATSUSHI,https://www.billboard-japan.com/charts/detail?a=hot100&year=2014&month=03&day=31
2014,hot100,2014-03-26,49,烈車戦隊トッキュウジャー,伊勢大貴,https://www.billboard-japan.com/charts/detail?a=hot100&year=2014&month=03&day=31
2014,hot100,2014-03-26,50,手紙〜拝啓十五の君へ〜,アンジェラ・アキ,https://www.billboard-japan.com/charts/detail?a=hot100&year=2014&month=03&day=31
2014,hot100,2014-03-26,51,未来予想図II,いきものがかり,https://www.billboard-japan.com/charts/detail?a=hot100&year=2014&month=03&day=31
2014,hot100,2014-03-26,52,やさしさで溢れるように,華原朋美,https://www.billboard-japan.com/charts/detail?a=hot100&year=2014&month=03&day=31
2014,hot100,2014-03-26,53,グロテスク feat.安室奈美恵,平井堅,https://www.billboard-japan.com/charts/detail?a=hot100&year=2014&month=03&day=31
2014,hot100,2014-03-26,54,ヒカレ,ゆず,https://www.billboard-japan.com/charts/detail?a=hot100&year=2014&month=03&day=31
2014,hot100,2014-03-26,55,Present,CHIHIRO,https://www.billboard-japan.com/charts/detail?a=hot100&year=2014&month=03&day=31
2014,hot100,2014-03-26,56,キングオブ男!,関ジャニ∞[エイト],https://www.billboard-japan.com/charts/detail?a=hot100&year=2014&month=03&day=31
2014,hot100,2014-03-26,57,Anchor,三浦大知,https://www.billboard-japan.com/charts/detail?a=hot100&year=2014&month=03&day=31
2014,hot100,2014-03-26,58,With You/With Me,9nine,https://www.billboard-japan.com/charts/detail?a=hot100&year=2014&month=03&day=31
2014,hot100,2014-03-26,59,ラザー・ビー,クリーン・バンディット,https://www.billboard-japan.com/charts/detail?a=hot100&year=2014&month=03&day=31
2014,hot100,2014-03-26,60,One,androp,https://www.billboard-japan.com/charts/detail?a=hot100&year=2014&month=03&day=31
2014,hot100,2014-03-26,61,春の歌,POSSESSION=80.2 POR CENTO,https://www.billboard-japan.com/charts/detail?a=hot100&year=2014&month=03&day=31
2014,hot100,2014-03-26,62,B.B.,THE 野党,https://www.billboard-japan.com/charts/detail?a=hot100&year=2014&month=03&day=31
2014,hot100,2014-03-26,63,レット・イット・ゴー(エンドソング),デミ・ロヴァート,https://www.billboard-japan.com/charts/detail?a=hot100&year=2014&month=03&day=31
2014,hot100,2014-03-26,64,ヘヴン・ノウズ,プリティー・レックレス,https://www.billboard-japan.com/charts/detail?a=hot100&year=2014&month=03&day=31
2014,hot100,2014-03-26,65,セブンスコード,前田敦子,https://www.billboard-japan.com/charts/detail?a=hot100&year=2014&month=03&day=31
2014,hot100,2014-03-26,66,My VOICE,ファンキー加藤,https://www.billboard-japan.com/charts/detail?a=hot100&year=2014&month=03&day=31
2014,hot100,2014-03-26,67,ambiguous,GARNiDELiA,https://www.billboard-japan.com/charts/detail?a=hot100&year=2014&month=03&day=31
2014,hot100,2014-03-26,68,ウェイク・ミー・アップ!,アヴィーチー,https://www.billboard-japan.com/charts/detail?a=hot100&year=2014&month=03&day=31
2014,hot100,2014-03-26,69,エア・バルーン,リリー・アレン,https://www.billboard-japan.com/charts/detail?a=hot100&year=2014&month=03&day=31
2014,hot100,2014-03-26,70,さくら,ケツメイシ,https://www.billboard-japan.com/charts/detail?a=hot100&year=2014&month=03&day=31
2014,hot100,2014-03-26,71,今、咲き誇る花たちよ,コブクロ,https://www.billboard-japan.com/charts/detail?a=hot100&year=2014&month=03&day=31
2014,hot100,2014-03-26,72,TSUKI,安室奈美恵,https://www.billboard-japan.com/charts/detail?a=hot100&year=2014&month=03&day=31
2014,hot100,2014-03-26,73,スノーマジックファンタジー,SEKAI NO OWARI,https://www.billboard-japan.com/charts/detail?a=hot100&year=2014&month=03&day=31
2014,hot100,2014-03-26,74,MAKE A MIRACLE,EXILE ATSUSHI,https://www.billboard-japan.com/charts/detail?a=hot100&year=2014&month=03&day=31
2014,hot100,2014-03-26,75,あたしをみつけて,Salley,https://www.billboard-japan.com/charts/detail?a=hot100&year=2014&month=03&day=31
2014,hot100,2014-03-26,76,サザンクロス,BUMP OF CHICKEN,https://www.billboard-japan.com/charts/detail?a=hot100&year=2014&month=03&day=31
2014,hot100,2014-03-26,77,結晶星,KANA-BOON,https://www.billboard-japan.com/charts/detail?a=hot100&year=2014&month=03&day=31
2014,hot100,2014-03-26,78,Believe,May J.,https://www.billboard-japan.com/charts/detail?a=hot100&year=2014&month=03&day=31
2014,hot100,2014-03-26,79,どうでもよすぎ,ウルフルズ,https://www.billboard-japan.com/charts/detail?a=hot100&year=2014&month=03&day=31
2014,hot100,2014-03-26,80,ブルー・ムーン,ベック,https://www.billboard-japan.com/charts/detail?a=hot100&year=2014&month=03&day=31
2014,hot100,2014-03-26,81,First Love,宇多田ヒカル,https://www.billboard-japan.com/charts/detail?a=hot100&year=2014&month=03&day=31
2014,hot100,2014-03-26,82,恋するフォーチュンクッキー,AKB48,https://www.billboard-japan.com/charts/detail?a=hot100&year=2014&month=03&day=31
2014,hot100,2014-03-26,83,トリックスター,SKY-HI,https://www.billboard-japan.com/charts/detail?a=hot100&year=2014&month=03&day=31
2014,hot100,2014-03-26,84,万華鏡と蝶,Superfly,https://www.billboard-japan.com/charts/detail?a=hot100&year=2014&month=03&day=31
2014,hot100,2014-03-26,85,パイオニア,高橋優,https://www.billboard-japan.com/charts/detail?a=hot100&year=2014&month=03&day=31
2014,hot100,2014-03-26,86,居酒屋「津軽」,大石まどか,https://www.billboard-japan.com/charts/detail?a=hot100&year=2014&month=03&day=31
2014,hot100,2014-03-26,87,ベイビー・アイ,アリアナ・グランデ,https://www.billboard-japan.com/charts/detail?a=hot100&year=2014&month=03&day=31
2014,hot100,2014-03-26,88,I'M SO GREAT!,真心ブラザーズ,https://www.billboard-japan.com/charts/detail?a=hot100&year=2014&month=03&day=31
2014,hot100,2014-03-26,89,ロイヤルズ,ロード,https://www.billboard-japan.com/charts/detail?a=hot100&year=2014&month=03&day=31
2014,hot100,2014-03-26,90,S.A.K.U.R.A.,三代目 J Soul Brothers from EXILE TRIBE,https://www.billboard-japan.com/charts/detail?a=hot100&year=2014&month=03&day=31
2014,hot100,2014-03-26,91,明日、春が来たら,松たか子,https://www.billboard-japan.com/charts/detail?a=hot100&year=2014&month=03&day=31
2014,hot100,2014-03-26,92,ワード・アップ!,リトル・ミックス,https://www.billboard-japan.com/charts/detail?a=hot100&year=2014&month=03&day=31
2014,hot100,2014-03-26,93,瞳にキスを,曽根由希江,https://www.billboard-japan.com/charts/detail?a=hot100&year=2014&month=03&day=31
2014,hot100,2014-03-26,94,My Avatar,BOYFRIEND,https://www.billboard-japan.com/charts/detail?a=hot100&year=2014&month=03&day=31
2014,hot100,2014-03-26,95,気づいたら片想い,乃木坂46,https://www.billboard-japan.com/charts/detail?a=hot100&year=2014&month=03&day=31
2014,hot100,2014-03-26,96,Go Crazy,m-flo + SOL(from BIGBANG),https://www.billboard-japan.com/charts/detail?a=hot100&year=2014&month=03&day=31
2014,hot100,2014-03-26,97,瞬間BEAT,岡本信彦,https://www.billboard-japan.com/charts/detail?a=hot100&year=2014&month=03&day=31
2014,hot100,2014-03-26,98,なにわのはにわ,たこやきレインボー,https://www.billboard-japan.com/charts/detail?a=hot100&year=2014&month=03&day=31
2014,hot100,2014-03-26,99,春の歌,スピッツ,https://www.billboard-japan.com/charts/detail?a=hot100&year=2014&month=03&day=31
2014,hot100,2014-03-26,100,明日への卒業,X21,https://www.billboard-japan.com/charts/detail?a=hot100&year=2014&month=03&day=31
2014,hot100,2014-04-02,1,高嶺の林檎,NMB48,https://www.billboard-japan.com/charts/detail?a=hot100&year=2014&month=04&day=07
2014,hot100,2014-04-02,2,S.A.K.U.R.A.,三代目 J Soul Brothers from EXILE TRIBE,https://www.billboard-japan.com/charts/detail?a=hot100&year=2014&month=04&day=07
2014,hot100,2014-04-02,3,AGAIN,DREAMS COME TRUE,https://www.billboard-japan.com/charts/detail?a=hot100&year=2014&month=04&day=07
2014,hot100,2014-04-02,4,レット・イット・ゴー〜ありのままで〜,松たか子,https://www.billboard-japan.com/charts/detail?a=hot100&year=2014&month=04&day=07
2014,hot100,2014-04-02,5,My Avatar,BOYFRIEND,https://www.billboard-japan.com/charts/detail?a=hot100&year=2014&month=04&day=07
2014,hot100,2014-04-02,6,繋いだ手から,back number,https://www.billboard-japan.com/charts/detail?a=hot100&year=2014&month=04&day=07
2014,hot100,2014-04-02,7,春風,Rihwa,https://www.billboard-japan.com/charts/detail?a=hot100&year=2014&month=04&day=07
2014,hot100,2014-04-02,8,勇気スーパーボール!,THE ポッシボー,https://www.billboard-japan.com/charts/detail?a=hot100&year=2014&month=04&day=07
2014,hot100,2014-04-02,9,未来とは?,SKE48,https://www.billboard-japan.com/charts/detail?a=hot100&year=2014&month=04&day=07
2014,hot100,2014-04-02,10,リヴ・フォー・ザ・ナイト,クルーウェラ,https://www.billboard-japan.com/charts/detail?a=hot100&year=2014&month=04&day=07
2014,hot100,2014-04-02,11,ハッピー,ファレル・ウィリアムス,https://www.billboard-japan.com/charts/detail?a=hot100&year=2014&month=04&day=07
2014,hot100,2014-04-02,12,レット・イット・ゴー,イディナ・メンゼル,https://www.billboard-japan.com/charts/detail?a=hot100&year=2014&month=04&day=07
2014,hot100,2014-04-02,13,MATATABISTEP,パスピエ,https://www.billboard-japan.com/charts/detail?a=hot100&year=2014&month=04&day=07
2014,hot100,2014-04-02,14,ray,BUMP OF CHICKEN,https://www.billboard-japan.com/charts/detail?a=hot100&year=2014&month=04&day=07
2014,hot100,2014-04-02,15,カリフォルニー,ケツメイシ,https://www.billboard-japan.com/charts/detail?a=hot100&year=2014&month=04&day=07
2014,hot100,2014-04-02,16,暁,福山雅治,https://www.billboard-japan.com/charts/detail?a=hot100&year=2014&month=04&day=07
2014,hot100,2014-04-02,17,Let It Go〜ありのままで〜,May J.,https://www.billboard-japan.com/charts/detail?a=hot100&year=2014&month=04&day=07
2014,hot100,2014-04-02,18,東京,wacci,https://www.billboard-japan.com/charts/detail?a=hot100&year=2014&month=04&day=07
2014,hot100,2014-04-02,19,ストーリー・オブ・マイ・ライフ,ワン・ダイレクション,https://www.billboard-japan.com/charts/detail?a=hot100&year=2014&month=04&day=07
2014,hot100,2014-04-02,20,CHEAT DANCER,X.I.P.,https://www.billboard-japan.com/charts/detail?a=hot100&year=2014&month=04&day=07
2014,hot100,2014-04-02,21,Show Up!,3 Majesty,https://www.billboard-japan.com/charts/detail?a=hot100&year=2014&month=04&day=07
2014,hot100,2014-04-02,22,絶対的な関係,赤い公園,https://www.billboard-japan.com/charts/detail?a=hot100&year=2014&month=04&day=07
2014,hot100,2014-04-02,23,前しか向かねえ,AKB48,https://www.billboard-japan.com/charts/detail?a=hot100&year=2014&month=04&day=07
2014,hot100,2014-04-02,24,さくら,ケツメイシ,https://www.billboard-japan.com/charts/detail?a=hot100&year=2014&month=04&day=07
2014,hot100,2014-04-02,25,イントゥ・ザ・ブルー,カイリー・ミノーグ,https://www.billboard-japan.com/charts/detail?a=hot100&year=2014&month=04&day=07
2014,hot100,2014-04-02,26,桜、みんなで食べた,HKT48,https://www.billboard-japan.com/charts/detail?a=hot100&year=2014&month=04&day=07
2014,hot100,2014-04-02,27,Sakura Melody,加藤ミリヤ×清水翔太,https://www.billboard-japan.com/charts/detail?a=hot100&year=2014&month=04&day=07
2014,hot100,2014-04-02,28,パラレルスペック,ゲスの極み乙女。,https://www.billboard-japan.com/charts/detail?a=hot100&year=2014&month=04&day=07
2014,hot100,2014-04-02,29,蛍,一青窈,https://www.billboard-japan.com/charts/detail?a=hot100&year=2014&month=04&day=07
2014,hot100,2014-04-02,30,グロテスク feat.安室奈美恵,平井堅,https://www.billboard-japan.com/charts/detail?a=hot100&year=2014&month=04&day=07
2014,hot100,2014-04-02,31,ikki!!!!!i!!,超特急,https://www.billboard-japan.com/charts/detail?a=hot100&year=2014&month=04&day=07
2014,hot100,2014-04-02,32,生まれてはじめて,"神田沙也加,松たか子",https://www.billboard-japan.com/charts/detail?a=hot100&year=2014&month=04&day=07
2014,hot100,2014-04-02,33,Hot Stuff,JUJU,https://www.billboard-japan.com/charts/detail?a=hot100&year=2014&month=04&day=07
2014,hot100,2014-04-02,34,未来予想図II,いきものがかり,https://www.billboard-japan.com/charts/detail?a=hot100&year=2014&month=04&day=07
2014,hot100,2014-04-02,35,愛すべき明日、一瞬と一生を,GReeeeN,https://www.billboard-japan.com/charts/detail?a=hot100&year=2014&month=04&day=07
2014,hot100,2014-04-02,36,レヴィテーション,サーカ・ゼロ,https://www.billboard-japan.com/charts/detail?a=hot100&year=2014&month=04&day=07
2014,hot100,2014-04-02,37,Perfect Sky,PASSPO☆,https://www.billboard-japan.com/charts/detail?a=hot100&year=2014&month=04&day=07
2014,hot100,2014-04-02,38,光のシグナル,Kis-My-Ft2,https://www.billboard-japan.com/charts/detail?a=hot100&year=2014&month=04&day=07
2014,hot100,2014-04-02,39,恋するフォーチュンクッキー,AKB48,https://www.billboard-japan.com/charts/detail?a=hot100&year=2014&month=04&day=07
2014,hot100,2014-04-02,40,Bittersweet,嵐,https://www.billboard-japan.com/charts/detail?a=hot100&year=2014&month=04&day=07
2014,hot100,2014-04-02,41,君がいない、あの日から…,Acid Black Cherry,https://www.billboard-japan.com/charts/detail?a=hot100&year=2014&month=04&day=07
2014,hot100,2014-04-02,42,I LOVE YOU,クリス・ハート,https://www.billboard-japan.com/charts/detail?a=hot100&year=2014&month=04&day=07
2014,hot100,2014-04-02,43,涙が止まらないのは,藤田麻衣子,https://www.billboard-japan.com/charts/detail?a=hot100&year=2014&month=04&day=07
2014,hot100,2014-04-02,44,Believe,May J.,https://www.billboard-japan.com/charts/detail?a=hot100&year=2014&month=04&day=07
2014,hot100,2014-04-02,45,烈車戦隊トッキュウジャー,伊勢大貴,https://www.billboard-japan.com/charts/detail?a=hot100&year=2014&month=04&day=07
2014,hot100,2014-04-02,46,カミング・オブ・エイジ,フォスター・ザ・ピープル,https://www.billboard-japan.com/charts/detail?a=hot100&year=2014&month=04&day=07
2014,hot100,2014-04-02,47,you can do it!,Suzu,https://www.billboard-japan.com/charts/detail?a=hot100&year=2014&month=04&day=07
2014,hot100,2014-04-02,48,CHE.R.RY,YUI,https://www.billboard-japan.com/charts/detail?a=hot100&year=2014&month=04&day=07
2014,hot100,2014-04-02,49,気づいたら片想い,乃木坂46,https://www.billboard-japan.com/charts/detail?a=hot100&year=2014&month=04&day=07
2014,hot100,2014-04-02,50,RYDEEN〜Dance All Night〜,E-girls,https://www.billboard-japan.com/charts/detail?a=hot100&year=2014&month=04&day=07
2014,hot100,2014-04-02,51,Love Story,EXILE TAKAHIRO,https://www.billboard-japan.com/charts/detail?a=hot100&year=2014&month=04&day=07
2014,hot100,2014-04-02,52,Diamond Only,E-girls,https://www.billboard-japan.com/charts/detail?a=hot100&year=2014&month=04&day=07
2014,hot100,2014-04-02,53,パラレル,KEYTALK,https://www.billboard-japan.com/charts/detail?a=hot100&year=2014&month=04&day=07
2014,hot100,2014-04-02,54,桜貝,五木ひろし,https://www.billboard-japan.com/charts/detail?a=hot100&year=2014&month=04&day=07
2014,hot100,2014-04-02,55,桜の森,星野源,https://www.billboard-japan.com/charts/detail?a=hot100&year=2014&month=04&day=07
2014,hot100,2014-04-02,56,泣きながら,稲葉浩志,https://www.billboard-japan.com/charts/detail?a=hot100&year=2014&month=04&day=07
2014,hot100,2014-04-02,57,Go Crazy,m-flo + SOL(from BIGBANG),https://www.billboard-japan.com/charts/detail?a=hot100&year=2014&month=04&day=07
2014,hot100,2014-04-02,58,ラザー・ビー,クリーン・バンディット,https://www.billboard-japan.com/charts/detail?a=hot100&year=2014&month=04&day=07
2014,hot100,2014-04-02,59,Reverb,黒夢,https://www.billboard-japan.com/charts/detail?a=hot100&year=2014&month=04&day=07
2014,hot100,2014-04-02,60,さくらんぼ-カクテル-,大塚愛,https://www.billboard-japan.com/charts/detail?a=hot100&year=2014&month=04&day=07
2014,hot100,2014-04-02,61,エア・バルーン,リリー・アレン,https://www.billboard-japan.com/charts/detail?a=hot100&year=2014&month=04&day=07
2014,hot100,2014-04-02,62,ファミリーパーティー,きゃりーぱみゅぱみゅ,https://www.billboard-japan.com/charts/detail?a=hot100&year=2014&month=04&day=07
2014,hot100,2014-04-02,63,グレイター・イズ・ヒー,ジェレミー・パッション,https://www.billboard-japan.com/charts/detail?a=hot100&year=2014&month=04&day=07
2014,hot100,2014-04-02,64,桜の時,aiko,https://www.billboard-japan.com/charts/detail?a=hot100&year=2014&month=04&day=07
2014,hot100,2014-04-02,65,Departure,SCANDAL,https://www.billboard-japan.com/charts/detail?a=hot100&year=2014&month=04&day=07
2014,hot100,2014-04-02,66,The World's End,堀江由衣,https://www.billboard-japan.com/charts/detail?a=hot100&year=2014&month=04&day=07
2014,hot100,2014-04-02,67,流れゆく世界の中で feat.MONGOL800,東京スカパラダイスオーケストラ,https://www.billboard-japan.com/charts/detail?a=hot100&year=2014&month=04&day=07
2014,hot100,2014-04-02,68,Yes we are,SMAP,https://www.billboard-japan.com/charts/detail?a=hot100&year=2014&month=04&day=07
2014,hot100,2014-04-02,69,桜坂,福山雅治,https://www.billboard-japan.com/charts/detail?a=hot100&year=2014&month=04&day=07
2014,hot100,2014-04-02,70,さくら(独唱),森山直太朗,https://www.billboard-japan.com/charts/detail?a=hot100&year=2014&month=04&day=07
2014,hot100,2014-04-02,71,ambiguous,GARNiDELiA,https://www.billboard-japan.com/charts/detail?a=hot100&year=2014&month=04&day=07
2014,hot100,2014-04-02,72,マジック,コールドプレイ,https://www.billboard-japan.com/charts/detail?a=hot100&year=2014&month=04&day=07
2014,hot100,2014-04-02,73,サクラあっぱれーしょん,でんぱ組.inc,https://www.billboard-japan.com/charts/detail?a=hot100&year=2014&month=04&day=07
2014,hot100,2014-04-02,74,High Five,中山優馬,https://www.billboard-japan.com/charts/detail?a=hot100&year=2014&month=04&day=07
2014,hot100,2014-04-02,75,僕のそばには星がある,タッキー&翼,https://www.billboard-japan.com/charts/detail?a=hot100&year=2014&month=04&day=07
2014,hot100,2014-04-02,76,ゆめのはじまりんりん,きゃりーぱみゅぱみゅ,https://www.billboard-japan.com/charts/detail?a=hot100&year=2014&month=04&day=07
2014,hot100,2014-04-02,77,Faith,miwa,https://www.billboard-japan.com/charts/detail?a=hot100&year=2014&month=04&day=07
2014,hot100,2014-04-02,78,手紙〜拝啓十五の君へ〜,アンジェラ・アキ,https://www.billboard-japan.com/charts/detail?a=hot100&year=2014&month=04&day=07
2014,hot100,2014-04-02,79,ダンシング・クイーン,アバ,https://www.billboard-japan.com/charts/detail?a=hot100&year=2014&month=04&day=07
2014,hot100,2014-04-02,80,Present,CHIHIRO,https://www.billboard-japan.com/charts/detail?a=hot100&year=2014&month=04&day=07
2014,hot100,2014-04-02,81,ヒット・ミー,ダーティ・ループス,https://www.billboard-japan.com/charts/detail?a=hot100&year=2014&month=04&day=07
2014,hot100,2014-04-02,82,私たちは絶対に絶対にヨリを戻したりしない,テイラー・スウィフト,https://www.billboard-japan.com/charts/detail?a=hot100&year=2014&month=04&day=07
2014,hot100,2014-04-02,83,FANTASTIC BABY,BIGBANG,https://www.billboard-japan.com/charts/detail?a=hot100&year=2014&month=04&day=07
2014,hot100,2014-04-02,84,風になれ,馬場俊英,https://www.billboard-japan.com/charts/detail?a=hot100&year=2014&month=04&day=07
2014,hot100,2014-04-02,85,Open Tuning,.lady.,https://www.billboard-japan.com/charts/detail?a=hot100&year=2014&month=04&day=07
2014,hot100,2014-04-02,86,レット・イット・ゴー(エンドソング),デミ・ロヴァート,https://www.billboard-japan.com/charts/detail?a=hot100&year=2014&month=04&day=07
2014,hot100,2014-04-02,87,革命,黒木渚,https://www.billboard-japan.com/charts/detail?a=hot100&year=2014&month=04&day=07
2014,hot100,2014-04-02,88,ドラゴン気取りのティーンネイジ・ブルース,涼 the graduater,https://www.billboard-japan.com/charts/detail?a=hot100&year=2014&month=04&day=07
2014,hot100,2014-04-02,89,With You/With Me,9nine,https://www.billboard-japan.com/charts/detail?a=hot100&year=2014&month=04&day=07
2014,hot100,2014-04-02,90,リヴ・ア・リトル,ウーター・ヘメル,https://www.billboard-japan.com/charts/detail?a=hot100&year=2014&month=04&day=07
2014,hot100,2014-04-02,91,チェリー,スピッツ,https://www.billboard-japan.com/charts/detail?a=hot100&year=2014&month=04&day=07
2014,hot100,2014-04-02,92,どんなにどんなに,シクラメン,https://www.billboard-japan.com/charts/detail?a=hot100&year=2014&month=04&day=07
2014,hot100,2014-04-02,93,ありとあらゆる力の限り,Cocco,https://www.billboard-japan.com/charts/detail?a=hot100&year=2014&month=04&day=07
2014,hot100,2014-04-02,94,卒業サヨナラ。,ハジ→,https://www.billboard-japan.com/charts/detail?a=hot100&year=2014&month=04&day=07
2014,hot100,2014-04-02,95,トーキョー・シック,佐野元春 & 雪村いづみ,https://www.billboard-japan.com/charts/detail?a=hot100&year=2014&month=04&day=07
2014,hot100,2014-04-02,96,桜色舞うころ,中島美嘉,https://www.billboard-japan.com/charts/detail?a=hot100&year=2014&month=04&day=07
2014,hot100,2014-04-02,97,borka,cinema staff,https://www.billboard-japan.com/charts/detail?a=hot100&year=2014&month=04&day=07
2014,hot100,2014-04-02,98,さくら,ルーカス・ティーグ,https://www.billboard-japan.com/charts/detail?a=hot100&year=2014&month=04&day=07
2014,hot100,2014-04-02,99,うれしい!たのしい!大好き!,E-girls,https://www.billboard-japan.com/charts/detail?a=hot100&year=2014&month=04&day=07
2014,hot100,2014-04-02,100,TSUKI,安室奈美恵,https://www.billboard-japan.com/charts/detail?a=hot100&year=2014&month=04&day=07
2014,hot100,2014-04-09,1,気づいたら片想い,乃木坂46,https://www.billboard-japan.com/charts/detail?a=hot100&year=2014&month=04&day=14
2014,hot100,2014-04-09,2,NO MERCY,B.A.P,https://www.billboard-japan.com/charts/detail?a=hot100&year=2014&month=04&day=14
2014,hot100,2014-04-09,3,レット・イット・ゴー〜ありのままで〜,松たか子,https://www.billboard-japan.com/charts/detail?a=hot100&year=2014&month=04&day=14
2014,hot100,2014-04-09,4,グロテスク feat.安室奈美恵,平井堅,https://www.billboard-japan.com/charts/detail?a=hot100&year=2014&month=04&day=14
2014,hot100,2014-04-09,5,High Five,中山優馬,https://www.billboard-japan.com/charts/detail?a=hot100&year=2014&month=04&day=14
2014,hot100,2014-04-09,6,S.A.K.U.R.A.,三代目 J Soul Brothers from EXILE TRIBE,https://www.billboard-japan.com/charts/detail?a=hot100&year=2014&month=04&day=14
2014,hot100,2014-04-09,7,Yes we are,SMAP,https://www.billboard-japan.com/charts/detail?a=hot100&year=2014&month=04&day=14
2014,hot100,2014-04-09,8,Let It Go〜ありのままで〜,May J.,https://www.billboard-japan.com/charts/detail?a=hot100&year=2014&month=04&day=14
2014,hot100,2014-04-09,9,春風,Rihwa,https://www.billboard-japan.com/charts/detail?a=hot100&year=2014&month=04&day=14
2014,hot100,2014-04-09,10,高嶺の林檎,NMB48,https://www.billboard-japan.com/charts/detail?a=hot100&year=2014&month=04&day=14
2014,hot100,2014-04-09,11,レット・イット・ゴー,イディナ・メンゼル,https://www.billboard-japan.com/charts/detail?a=hot100&year=2014&month=04&day=14
2014,hot100,2014-04-09,12,パラレルスペック,ゲスの極み乙女。,https://www.billboard-japan.com/charts/detail?a=hot100&year=2014&month=04&day=14
2014,hot100,2014-04-09,13,暁,福山雅治,https://www.billboard-japan.com/charts/detail?a=hot100&year=2014&month=04&day=14
2014,hot100,2014-04-09,14,ハッピー,ファレル・ウィリアムス,https://www.billboard-japan.com/charts/detail?a=hot100&year=2014&month=04&day=14
2014,hot100,2014-04-09,15,you can do it!,Suzu,https://www.billboard-japan.com/charts/detail?a=hot100&year=2014&month=04&day=14
2014,hot100,2014-04-09,16,繋いだ手から,back number,https://www.billboard-japan.com/charts/detail?a=hot100&year=2014&month=04&day=14
2014,hot100,2014-04-09,17,未体験Future,FTISLAND,https://www.billboard-japan.com/charts/detail?a=hot100&year=2014&month=04&day=14
2014,hot100,2014-04-09,18,峠越え,福田こうへい,https://www.billboard-japan.com/charts/detail?a=hot100&year=2014&month=04&day=14
2014,hot100,2014-04-09,19,Sakura Melody,加藤ミリヤ×清水翔太,https://www.billboard-japan.com/charts/detail?a=hot100&year=2014&month=04&day=14
2014,hot100,2014-04-09,20,さくら,ケツメイシ,https://www.billboard-japan.com/charts/detail?a=hot100&year=2014&month=04&day=14
2014,hot100,2014-04-09,21,生まれてはじめて,"神田沙也加,松たか子",https://www.billboard-japan.com/charts/detail?a=hot100&year=2014&month=04&day=14
2014,hot100,2014-04-09,22,カリフォルニー,ケツメイシ,https://www.billboard-japan.com/charts/detail?a=hot100&year=2014&month=04&day=14
2014,hot100,2014-04-09,23,ray,BUMP OF CHICKEN,https://www.billboard-japan.com/charts/detail?a=hot100&year=2014&month=04&day=14
2014,hot100,2014-04-09,24,炎と森のカーニバル,SEKAI NO OWARI,https://www.billboard-japan.com/charts/detail?a=hot100&year=2014&month=04&day=14
2014,hot100,2014-04-09,25,ストーリー・オブ・マイ・ライフ,ワン・ダイレクション,https://www.billboard-japan.com/charts/detail?a=hot100&year=2014&month=04&day=14
2014,hot100,2014-04-09,26,前しか向かねえ,AKB48,https://www.billboard-japan.com/charts/detail?a=hot100&year=2014&month=04&day=14
2014,hot100,2014-04-09,27,AGAIN,DREAMS COME TRUE,https://www.billboard-japan.com/charts/detail?a=hot100&year=2014&month=04&day=14
2014,hot100,2014-04-09,28,未来とは?,SKE48,https://www.billboard-japan.com/charts/detail?a=hot100&year=2014&month=04&day=14
2014,hot100,2014-04-09,29,革命,黒木渚,https://www.billboard-japan.com/charts/detail?a=hot100&year=2014&month=04&day=14
2014,hot100,2014-04-09,30,リヴ・フォー・ザ・ナイト,クルーウェラ,https://www.billboard-japan.com/charts/detail?a=hot100&year=2014&month=04&day=14
2014,hot100,2014-04-09,31,Hot Stuff,JUJU,https://www.billboard-japan.com/charts/detail?a=hot100&year=2014&month=04&day=14
2014,hot100,2014-04-09,32,桜、みんなで食べた,HKT48,https://www.billboard-japan.com/charts/detail?a=hot100&year=2014&month=04&day=14
2014,hot100,2014-04-09,33,With me,HAN-KUN,https://www.billboard-japan.com/charts/detail?a=hot100&year=2014&month=04&day=14
2014,hot100,2014-04-09,34,愛はおしゃれじゃない,岡村靖幸 w 小出祐介,https://www.billboard-japan.com/charts/detail?a=hot100&year=2014&month=04&day=14
2014,hot100,2014-04-09,35,勇気スーパーボール!,THE ポッシボー,https://www.billboard-japan.com/charts/detail?a=hot100&year=2014&month=04&day=14
2014,hot100,2014-04-09,36,愛すべき明日、一瞬と一生を,GReeeeN,https://www.billboard-japan.com/charts/detail?a=hot100&year=2014&month=04&day=14
2014,hot100,2014-04-09,37,ザ・バラッド・オブ・ミスター・ステーキ,キシバシ,https://www.billboard-japan.com/charts/detail?a=hot100&year=2014&month=04&day=14
2014,hot100,2014-04-09,38,Bittersweet,嵐,https://www.billboard-japan.com/charts/detail?a=hot100&year=2014&month=04&day=14
2014,hot100,2014-04-09,39,CHE.R.RY,YUI,https://www.billboard-japan.com/charts/detail?a=hot100&year=2014&month=04&day=14
2014,hot100,2014-04-09,40,光のシグナル,Kis-My-Ft2,https://www.billboard-japan.com/charts/detail?a=hot100&year=2014&month=04&day=14
2014,hot100,2014-04-09,41,ヒット・ミー,ダーティ・ループス,https://www.billboard-japan.com/charts/detail?a=hot100&year=2014&month=04&day=14
2014,hot100,2014-04-09,42,Sakuraホライズン,アイドリングNEO,https://www.billboard-japan.com/charts/detail?a=hot100&year=2014&month=04&day=14
2014,hot100,2014-04-09,43,Believe,May J.,https://www.billboard-japan.com/charts/detail?a=hot100&year=2014&month=04&day=14
2014,hot100,2014-04-09,44,Love Story,EXILE TAKAHIRO,https://www.billboard-japan.com/charts/detail?a=hot100&year=2014&month=04&day=14
2014,hot100,2014-04-09,45,RPG,SEKAI NO OWARI,https://www.billboard-japan.com/charts/detail?a=hot100&year=2014&month=04&day=14
2014,hot100,2014-04-09,46,暗夜の心中立て,石川さゆり,https://www.billboard-japan.com/charts/detail?a=hot100&year=2014&month=04&day=14
2014,hot100,2014-04-09,47,borka,cinema staff,https://www.billboard-japan.com/charts/detail?a=hot100&year=2014&month=04&day=14
2014,hot100,2014-04-09,48,brand new day,lyrical school,https://www.billboard-japan.com/charts/detail?a=hot100&year=2014&month=04&day=14
2014,hot100,2014-04-09,49,桜の時,aiko,https://www.billboard-japan.com/charts/detail?a=hot100&year=2014&month=04&day=14
2014,hot100,2014-04-09,50,雪だるまつくろう,"神田沙也加,稲葉菜月,諸星すみれ",https://www.billboard-japan.com/charts/detail?a=hot100&year=2014&month=04&day=14
2014,hot100,2014-04-09,51,残春,さだまさし,https://www.billboard-japan.com/charts/detail?a=hot100&year=2014&month=04&day=14
2014,hot100,2014-04-09,52,烈車戦隊トッキュウジャー,伊勢大貴,https://www.billboard-japan.com/charts/detail?a=hot100&year=2014&month=04&day=14
2014,hot100,2014-04-09,53,リヴ・ア・リトル,ウーター・ヘメル,https://www.billboard-japan.com/charts/detail?a=hot100&year=2014&month=04&day=14
2014,hot100,2014-04-09,54,SAKURA,いきものがかり,https://www.billboard-japan.com/charts/detail?a=hot100&year=2014&month=04&day=14
2014,hot100,2014-04-09,55,Diamond Only,E-girls,https://www.billboard-japan.com/charts/detail?a=hot100&year=2014&month=04&day=14
2014,hot100,2014-04-09,56,レット・イット・ゴー(エンドソング),デミ・ロヴァート,https://www.billboard-japan.com/charts/detail?a=hot100&year=2014&month=04&day=14
2014,hot100,2014-04-09,57,蛍,一青窈,https://www.billboard-japan.com/charts/detail?a=hot100&year=2014&month=04&day=14
2014,hot100,2014-04-09,58,君がいない、あの日から…,Acid Black Cherry,https://www.billboard-japan.com/charts/detail?a=hot100&year=2014&month=04&day=14
2014,hot100,2014-04-09,59,恋するフォーチュンクッキー,AKB48,https://www.billboard-japan.com/charts/detail?a=hot100&year=2014&month=04&day=14
2014,hot100,2014-04-09,60,Twinkle Days,chay,https://www.billboard-japan.com/charts/detail?a=hot100&year=2014&month=04&day=14
2014,hot100,2014-04-09,61,東京,wacci,https://www.billboard-japan.com/charts/detail?a=hot100&year=2014&month=04&day=14
2014,hot100,2014-04-09,62,I LOVE YOU,クリス・ハート,https://www.billboard-japan.com/charts/detail?a=hot100&year=2014&month=04&day=14
2014,hot100,2014-04-09,63,RYDEEN〜Dance All Night〜,E-girls,https://www.billboard-japan.com/charts/detail?a=hot100&year=2014&month=04&day=14
2014,hot100,2014-04-09,64,イマジネーション,SPYAIR,https://www.billboard-japan.com/charts/detail?a=hot100&year=2014&month=04&day=14
2014,hot100,2014-04-09,65,MATATABISTEP,パスピエ,https://www.billboard-japan.com/charts/detail?a=hot100&year=2014&month=04&day=14
2014,hot100,2014-04-09,66,♪ラララ♪,カメレオ,https://www.billboard-japan.com/charts/detail?a=hot100&year=2014&month=04&day=14
2014,hot100,2014-04-09,67,チェリー,スピッツ,https://www.billboard-japan.com/charts/detail?a=hot100&year=2014&month=04&day=14
2014,hot100,2014-04-09,68,ごめんなさいのKissing You,E-girls,https://www.billboard-japan.com/charts/detail?a=hot100&year=2014&month=04&day=14
2014,hot100,2014-04-09,69,ファミリーパーティー,きゃりーぱみゅぱみゅ,https://www.billboard-japan.com/charts/detail?a=hot100&year=2014&month=04&day=14
2014,hot100,2014-04-09,70,イントゥ・ザ・ブルー,カイリー・ミノーグ,https://www.billboard-japan.com/charts/detail?a=hot100&year=2014&month=04&day=14
2014,hot100,2014-04-09,71,絶対的な関係,赤い公園,https://www.billboard-japan.com/charts/detail?a=hot100&year=2014&month=04&day=14
2014,hot100,2014-04-09,72,ambiguous,GARNiDELiA,https://www.billboard-japan.com/charts/detail?a=hot100&year=2014&month=04&day=14
2014,hot100,2014-04-09,73,ゆめのはじまりんりん,きゃりーぱみゅぱみゅ,https://www.billboard-japan.com/charts/detail?a=hot100&year=2014&month=04&day=14
2014,hot100,2014-04-09,74,私たちは絶対に絶対にヨリを戻したりしない,テイラー・スウィフト,https://www.billboard-japan.com/charts/detail?a=hot100&year=2014&month=04&day=14
2014,hot100,2014-04-09,75,桜貝,五木ひろし,https://www.billboard-japan.com/charts/detail?a=hot100&year=2014&month=04&day=14
2014,hot100,2014-04-09,76,ダイアローグ・モノローグ,秦基博,https://www.billboard-japan.com/charts/detail?a=hot100&year=2014&month=04&day=14
2014,hot100,2014-04-09,77,カミング・オブ・エイジ,フォスター・ザ・ピープル,https://www.billboard-japan.com/charts/detail?a=hot100&year=2014&month=04&day=14
2014,hot100,2014-04-09,78,Faith,miwa,https://www.billboard-japan.com/charts/detail?a=hot100&year=2014&month=04&day=14
2014,hot100,2014-04-09,79,桜坂,福山雅治,https://www.billboard-japan.com/charts/detail?a=hot100&year=2014&month=04&day=14
2014,hot100,2014-04-09,80,さくら(独唱),森山直太朗,https://www.billboard-japan.com/charts/detail?a=hot100&year=2014&month=04&day=14
2014,hot100,2014-04-09,81,未来予想図II,いきものがかり,https://www.billboard-japan.com/charts/detail?a=hot100&year=2014&month=04&day=14
2014,hot100,2014-04-09,82,スノーマジックファンタジー,SEKAI NO OWARI,https://www.billboard-japan.com/charts/detail?a=hot100&year=2014&month=04&day=14
2014,hot100,2014-04-09,83,フォーリン・ラヴ・トゥナイト,プリンス feat.ゾーイ・デシャネル,https://www.billboard-japan.com/charts/detail?a=hot100&year=2014&month=04&day=14
2014,hot100,2014-04-09,84,キャント・リメンバー・トゥ・フォーゲット・ユー feat.リアーナ,シャキーラ,https://www.billboard-japan.com/charts/detail?a=hot100&year=2014&month=04&day=14
2014,hot100,2014-04-09,85,ウェイク・ミー・アップ!,アヴィーチー,https://www.billboard-japan.com/charts/detail?a=hot100&year=2014&month=04&day=14
2014,hot100,2014-04-09,86,僕はペガサス君はポラリス,MISIA,https://www.billboard-japan.com/charts/detail?a=hot100&year=2014&month=04&day=14
2014,hot100,2014-04-09,87,桜色舞うころ,中島美嘉,https://www.billboard-japan.com/charts/detail?a=hot100&year=2014&month=04&day=14
2014,hot100,2014-04-09,88,TSUKI,安室奈美恵,https://www.billboard-japan.com/charts/detail?a=hot100&year=2014&month=04&day=14
2014,hot100,2014-04-09,89,遠く遠く,槇原敬之,https://www.billboard-japan.com/charts/detail?a=hot100&year=2014&month=04&day=14
2014,hot100,2014-04-09,90,Something Ever After,the HIATUS,https://www.billboard-japan.com/charts/detail?a=hot100&year=2014&month=04&day=14
2014,hot100,2014-04-09,91,桜の森,星野源,https://www.billboard-japan.com/charts/detail?a=hot100&year=2014&month=04&day=14
2014,hot100,2014-04-09,92,のぞみ酒,杜このみ,https://www.billboard-japan.com/charts/detail?a=hot100&year=2014&month=04&day=14
2014,hot100,2014-04-09,93,"ヘイ,ヘイ・ラヴァー",ハートブレイクス,https://www.billboard-japan.com/charts/detail?a=hot100&year=2014&month=04&day=14
2014,hot100,2014-04-09,94,恋音と雨空,AAA,https://www.billboard-japan.com/charts/detail?a=hot100&year=2014&month=04&day=14
2014,hot100,2014-04-09,95,レヴィテーション,サーカ・ゼロ,https://www.billboard-japan.com/charts/detail?a=hot100&year=2014&month=04&day=14
2014,hot100,2014-04-09,96,サクラ色,アンジェラ・アキ,https://www.billboard-japan.com/charts/detail?a=hot100&year=2014&month=04&day=14
2014,hot100,2014-04-09,97,HOPE & DREAMS,MISIA,https://www.billboard-japan.com/charts/detail?a=hot100&year=2014&month=04&day=14
2014,hot100,2014-04-09,98,エア・バルーン,リリー・アレン,https://www.billboard-japan.com/charts/detail?a=hot100&year=2014&month=04&day=14
2014,hot100,2014-04-09,99,カラフル,Salley,https://www.billboard-japan.com/charts/detail?a=hot100&year=2014&month=04&day=14
2014,hot100,2014-04-09,100,ラザー・ビー feat.ジェス・グリン,クリーン・バンディット,https://www.billboard-japan.com/charts/detail?a=hot100&year=2014&month=04&day=14
2014,hot100,2014-04-16,1,Yes we are,SMAP,https://www.billboard-japan.com/charts/detail?a=hot100&year=2014&month=04&day=21
2014,hot100,2014-04-16,2,炎と森のカーニバル,SEKAI NO OWARI,https://www.billboard-japan.com/charts/detail?a=hot100&year=2014&month=04&day=21
2014,hot100,2014-04-16,3,レット・イット・ゴー〜ありのままで〜,松たか子,https://www.billboard-japan.com/charts/detail?a=hot100&year=2014&month=04&day=21
2014,hot100,2014-04-16,4,気づいたら片想い,乃木坂46,https://www.billboard-japan.com/charts/detail?a=hot100&year=2014&month=04&day=21
2014,hot100,2014-04-16,5,グロテスク feat.安室奈美恵,平井堅,https://www.billboard-japan.com/charts/detail?a=hot100&year=2014&month=04&day=21
2014,hot100,2014-04-16,6,レット・イット・ゴー,イディナ・メンゼル,https://www.billboard-japan.com/charts/detail?a=hot100&year=2014&month=04&day=21
2014,hot100,2014-04-16,7,パラレルスペック,ゲスの極み乙女。,https://www.billboard-japan.com/charts/detail?a=hot100&year=2014&month=04&day=21
2014,hot100,2014-04-16,8,ハッピー,ファレル・ウィリアムス,https://www.billboard-japan.com/charts/detail?a=hot100&year=2014&month=04&day=21
2014,hot100,2014-04-16,9,you can do it!,Suzu,https://www.billboard-japan.com/charts/detail?a=hot100&year=2014&month=04&day=21
2014,hot100,2014-04-16,10,革命,黒木渚,https://www.billboard-japan.com/charts/detail?a=hot100&year=2014&month=04&day=21
2014,hot100,2014-04-16,11,暁,福山雅治,https://www.billboard-japan.com/charts/detail?a=hot100&year=2014&month=04&day=21
2014,hot100,2014-04-16,12,ずっと,シェネル,https://www.billboard-japan.com/charts/detail?a=hot100&year=2014&month=04&day=21
2014,hot100,2014-04-16,13,ザ・バラッド・オブ・ミスター・ステーキ,キシバシ,https://www.billboard-japan.com/charts/detail?a=hot100&year=2014&month=04&day=21
2014,hot100,2014-04-16,14,生まれてはじめて,クリステン・ベル&イディナ・メンゼル,https://www.billboard-japan.com/charts/detail?a=hot100&year=2014&month=04&day=21
2014,hot100,2014-04-16,15,ストーリー・オブ・マイ・ライフ,ワン・ダイレクション,https://www.billboard-japan.com/charts/detail?a=hot100&year=2014&month=04&day=21
2014,hot100,2014-04-16,16,ヒット・ミー,ダーティ・ループス,https://www.billboard-japan.com/charts/detail?a=hot100&year=2014&month=04&day=21
2014,hot100,2014-04-16,17,カラフル,Salley,https://www.billboard-japan.com/charts/detail?a=hot100&year=2014&month=04&day=21
2014,hot100,2014-04-16,18,カリフォルニー,ケツメイシ,https://www.billboard-japan.com/charts/detail?a=hot100&year=2014&month=04&day=21
2014,hot100,2014-04-16,19,TOKI,Da-iCE,https://www.billboard-japan.com/charts/detail?a=hot100&year=2014&month=04&day=21
2014,hot100,2014-04-16,20,島根恋旅,水森かおり,https://www.billboard-japan.com/charts/detail?a=hot100&year=2014&month=04&day=21
2014,hot100,2014-04-16,21,高嶺の林檎,NMB48,https://www.billboard-japan.com/charts/detail?a=hot100&year=2014&month=04&day=21
2014,hot100,2014-04-16,22,キャント・リメンバー・トゥ・フォーゲット・ユー feat.リアーナ,シャキーラ,https://www.billboard-japan.com/charts/detail?a=hot100&year=2014&month=04&day=21
2014,hot100,2014-04-16,23,家族になろうよ,福山雅治,https://www.billboard-japan.com/charts/detail?a=hot100&year=2014&month=04&day=21
2014,hot100,2014-04-16,24,Sakura Melody,加藤ミリヤ×清水翔太,https://www.billboard-japan.com/charts/detail?a=hot100&year=2014&month=04&day=21
2014,hot100,2014-04-16,25,春風,Rihwa,https://www.billboard-japan.com/charts/detail?a=hot100&year=2014&month=04&day=21
2014,hot100,2014-04-16,26,AGAIN,DREAMS COME TRUE,https://www.billboard-japan.com/charts/detail?a=hot100&year=2014&month=04&day=21
2014,hot100,2014-04-16,27,前しか向かねえ,AKB48,https://www.billboard-japan.com/charts/detail?a=hot100&year=2014&month=04&day=21
2014,hot100,2014-04-16,28,ファミリーパーティー,きゃりーぱみゅぱみゅ,https://www.billboard-japan.com/charts/detail?a=hot100&year=2014&month=04&day=21
2014,hot100,2014-04-16,29,S.A.K.U.R.A.,三代目 J Soul Brothers from EXILE TRIBE,https://www.billboard-japan.com/charts/detail?a=hot100&year=2014&month=04&day=21
2014,hot100,2014-04-16,30,High Five,中山優馬,https://www.billboard-japan.com/charts/detail?a=hot100&year=2014&month=04&day=21
2014,hot100,2014-04-16,31,Let It Go〜ありのままで〜,May J.,https://www.billboard-japan.com/charts/detail?a=hot100&year=2014&month=04&day=21
2014,hot100,2014-04-16,32,恋するフォーチュンクッキー,AKB48,https://www.billboard-japan.com/charts/detail?a=hot100&year=2014&month=04&day=21
2014,hot100,2014-04-16,33,未来とは?,SKE48,https://www.billboard-japan.com/charts/detail?a=hot100&year=2014&month=04&day=21
2014,hot100,2014-04-16,34,High Jump!!,愛乙女★DOLL,https://www.billboard-japan.com/charts/detail?a=hot100&year=2014&month=04&day=21
2014,hot100,2014-04-16,35,LUCKY DUCKY!!,ゆいかおり(小倉唯&石原夏織),https://www.billboard-japan.com/charts/detail?a=hot100&year=2014&month=04&day=21
2014,hot100,2014-04-16,36,峠越え,福田こうへい,https://www.billboard-japan.com/charts/detail?a=hot100&year=2014&month=04&day=21
2014,hot100,2014-04-16,37,雪だるまつくろう,"クリステン・ベル,アガサ・リー・モン&ケイティー・ロペス",https://www.billboard-japan.com/charts/detail?a=hot100&year=2014&month=04&day=21
2014,hot100,2014-04-16,38,HUMAN,福山雅治,https://www.billboard-japan.com/charts/detail?a=hot100&year=2014&month=04&day=21
2014,hot100,2014-04-16,39,フォーリン・ラヴ・トゥナイト,プリンス feat.ゾーイ・デシャネル,https://www.billboard-japan.com/charts/detail?a=hot100&year=2014&month=04&day=21
2014,hot100,2014-04-16,40,さくら,ケツメイシ,https://www.billboard-japan.com/charts/detail?a=hot100&year=2014&month=04&day=21
2014,hot100,2014-04-16,41,ええじゃないか,ジャニーズWEST,https://www.billboard-japan.com/charts/detail?a=hot100&year=2014&month=04&day=21
2014,hot100,2014-04-16,42,繋いだ手から,back number,https://www.billboard-japan.com/charts/detail?a=hot100&year=2014&month=04&day=21
2014,hot100,2014-04-16,43,フロントメモリー feat.川本真琴,神聖かまってちゃん,https://www.billboard-japan.com/charts/detail?a=hot100&year=2014&month=04&day=21
2014,hot100,2014-04-16,44,ココカラ,SMAP,https://www.billboard-japan.com/charts/detail?a=hot100&year=2014&month=04&day=21
2014,hot100,2014-04-16,45,桜坂,福山雅治,https://www.billboard-japan.com/charts/detail?a=hot100&year=2014&month=04&day=21
2014,hot100,2014-04-16,46,Period,vistlip,https://www.billboard-japan.com/charts/detail?a=hot100&year=2014&month=04&day=21
2014,hot100,2014-04-16,47,暗夜の心中立て,石川さゆり,https://www.billboard-japan.com/charts/detail?a=hot100&year=2014&month=04&day=21
2014,hot100,2014-04-16,48,リヴ・フォー・ザ・ナイト,クルーウェラ,https://www.billboard-japan.com/charts/detail?a=hot100&year=2014&month=04&day=21
2014,hot100,2014-04-16,49,桜、みんなで食べた,HKT48,https://www.billboard-japan.com/charts/detail?a=hot100&year=2014&month=04&day=21
2014,hot100,2014-04-16,50,きらきら,トミタ栞,https://www.billboard-japan.com/charts/detail?a=hot100&year=2014&month=04&day=21
2014,hot100,2014-04-16,51,レット・イット・ゴー(エンドソング),デミ・ロヴァート,https://www.billboard-japan.com/charts/detail?a=hot100&year=2014&month=04&day=21
2014,hot100,2014-04-16,52,ray,BUMP OF CHICKEN,https://www.billboard-japan.com/charts/detail?a=hot100&year=2014&month=04&day=21
2014,hot100,2014-04-16,53,TSUKI,安室奈美恵,https://www.billboard-japan.com/charts/detail?a=hot100&year=2014&month=04&day=21
2014,hot100,2014-04-16,54,エイリアンズ,キリンジ,https://www.billboard-japan.com/charts/detail?a=hot100&year=2014&month=04&day=21
2014,hot100,2014-04-16,55,MAKE UP,ケラケラ,https://www.billboard-japan.com/charts/detail?a=hot100&year=2014&month=04&day=21
2014,hot100,2014-04-16,56,ラザー・ビー feat.ジェス・グリン,クリーン・バンディット,https://www.billboard-japan.com/charts/detail?a=hot100&year=2014&month=04&day=21
2014,hot100,2014-04-16,57,君がいない、あの日から…,Acid Black Cherry,https://www.billboard-japan.com/charts/detail?a=hot100&year=2014&month=04&day=21
2014,hot100,2014-04-16,58,光のシグナル,Kis-My-Ft2,https://www.billboard-japan.com/charts/detail?a=hot100&year=2014&month=04&day=21
2014,hot100,2014-04-16,59,Bittersweet,嵐,https://www.billboard-japan.com/charts/detail?a=hot100&year=2014&month=04&day=21
2014,hot100,2014-04-16,60,カミング・オブ・エイジ,フォスター・ザ・ピープル,https://www.billboard-japan.com/charts/detail?a=hot100&year=2014&month=04&day=21
2014,hot100,2014-04-16,61,進め!フレッシュマン,Tokyo Cheer(2) Party,https://www.billboard-japan.com/charts/detail?a=hot100&year=2014&month=04&day=21
2014,hot100,2014-04-16,62,RPG,SEKAI NO OWARI,https://www.billboard-japan.com/charts/detail?a=hot100&year=2014&month=04&day=21
2014,hot100,2014-04-16,63,私たちは絶対に絶対にヨリを戻したりしない,テイラー・スウィフト,https://www.billboard-japan.com/charts/detail?a=hot100&year=2014&month=04&day=21
2014,hot100,2014-04-16,64,トレジャー,ブルーノ・マーズ,https://www.billboard-japan.com/charts/detail?a=hot100&year=2014&month=04&day=21
2014,hot100,2014-04-16,65,愛はおしゃれじゃない,岡村靖幸 w 小出祐介,https://www.billboard-japan.com/charts/detail?a=hot100&year=2014&month=04&day=21
2014,hot100,2014-04-16,66,CHE.R.RY,YUI,https://www.billboard-japan.com/charts/detail?a=hot100&year=2014&month=04&day=21
2014,hot100,2014-04-16,67,ディスコの神様 feat.藤井隆,tofubeats,https://www.billboard-japan.com/charts/detail?a=hot100&year=2014&month=04&day=21
2014,hot100,2014-04-16,68,恋音と雨空,AAA,https://www.billboard-japan.com/charts/detail?a=hot100&year=2014&month=04&day=21
2014,hot100,2014-04-16,69,Blow Your Mind,Dragon Ash,https://www.billboard-japan.com/charts/detail?a=hot100&year=2014&month=04&day=21
2014,hot100,2014-04-16,70,ダイアローグ・モノローグ,秦基博,https://www.billboard-japan.com/charts/detail?a=hot100&year=2014&month=04&day=21
2014,hot100,2014-04-16,71,リヴ・ア・リトル,ウーター・ヘメル,https://www.billboard-japan.com/charts/detail?a=hot100&year=2014&month=04&day=21
2014,hot100,2014-04-16,72,バーブラ・ストレイサンド,ダック・ソース,https://www.billboard-japan.com/charts/detail?a=hot100&year=2014&month=04&day=21
2014,hot100,2014-04-16,73,ZOO,辻仁成,https://www.billboard-japan.com/charts/detail?a=hot100&year=2014&month=04&day=21
2014,hot100,2014-04-16,74,明日への賛歌,flumpool,https://www.billboard-japan.com/charts/detail?a=hot100&year=2014&month=04&day=21
2014,hot100,2014-04-16,75,(仮)は返すぜ☆be your soul,アップアップガールズ(仮),https://www.billboard-japan.com/charts/detail?a=hot100&year=2014&month=04&day=21
2014,hot100,2014-04-16,76,マジック,コールドプレイ,https://www.billboard-japan.com/charts/detail?a=hot100&year=2014&month=04&day=21
2014,hot100,2014-04-16,77,愛すべき明日、一瞬と一生を,GReeeeN,https://www.billboard-japan.com/charts/detail?a=hot100&year=2014&month=04&day=21
2014,hot100,2014-04-16,78,17歳,竹友あつき,https://www.billboard-japan.com/charts/detail?a=hot100&year=2014&month=04&day=21
2014,hot100,2014-04-16,79,ウェイク・ミー・アップ!,アヴィーチー,https://www.billboard-japan.com/charts/detail?a=hot100&year=2014&month=04&day=21
2014,hot100,2014-04-16,80,KIDS,a flood of circle,https://www.billboard-japan.com/charts/detail?a=hot100&year=2014&month=04&day=21
2014,hot100,2014-04-16,81,MATATABISTEP,パスピエ,https://www.billboard-japan.com/charts/detail?a=hot100&year=2014&month=04&day=21
2014,hot100,2014-04-16,82,Love Story,安室奈美恵,https://www.billboard-japan.com/charts/detail?a=hot100&year=2014&month=04&day=21
2014,hot100,2014-04-16,83,勇気スーパーボール!,THE ポッシボー,https://www.billboard-japan.com/charts/detail?a=hot100&year=2014&month=04&day=21
2014,hot100,2014-04-16,84,陽だまりの道,コブクロ,https://www.billboard-japan.com/charts/detail?a=hot100&year=2014&month=04&day=21
2014,hot100,2014-04-16,85,桜の森,星野源,https://www.billboard-japan.com/charts/detail?a=hot100&year=2014&month=04&day=21
2014,hot100,2014-04-16,86,ジャスト・ザ・ウェイ・ユー・アー,ブルーノ・マーズ,https://www.billboard-japan.com/charts/detail?a=hot100&year=2014&month=04&day=21
2014,hot100,2014-04-16,87,Keep on Lovin' You,palet,https://www.billboard-japan.com/charts/detail?a=hot100&year=2014&month=04&day=21
2014,hot100,2014-04-16,88,ワード・アップ!,リトル・ミックス,https://www.billboard-japan.com/charts/detail?a=hot100&year=2014&month=04&day=21
2014,hot100,2014-04-16,89,Hot Stuff,JUJU,https://www.billboard-japan.com/charts/detail?a=hot100&year=2014&month=04&day=21
2014,hot100,2014-04-16,90,Departure,SCANDAL,https://www.billboard-japan.com/charts/detail?a=hot100&year=2014&month=04&day=21
2014,hot100,2014-04-16,91,ウィ・アー・ワン(オレ・オラ),ピットブル,https://www.billboard-japan.com/charts/detail?a=hot100&year=2014&month=04&day=21
2014,hot100,2014-04-16,92,桜の時,aiko,https://www.billboard-japan.com/charts/detail?a=hot100&year=2014&month=04&day=21
2014,hot100,2014-04-16,93,ザ・マン,アロー・ブラック,https://www.billboard-japan.com/charts/detail?a=hot100&year=2014&month=04&day=21
2014,hot100,2014-04-16,94,能登の海鳴り,竹村こずえ,https://www.billboard-japan.com/charts/detail?a=hot100&year=2014&month=04&day=21
2014,hot100,2014-04-16,95,With me,HAN-KUN,https://www.billboard-japan.com/charts/detail?a=hot100&year=2014&month=04&day=21
2014,hot100,2014-04-16,96,クロスハッチング,Qaijff,https://www.billboard-japan.com/charts/detail?a=hot100&year=2014&month=04&day=21
2014,hot100,2014-04-16,97,イントゥ・ザ・ブルー,カイリー・ミノーグ,https://www.billboard-japan.com/charts/detail?a=hot100&year=2014&month=04&day=21
2014,hot100,2014-04-16,98,さくら(独唱),森山直太朗,https://www.billboard-japan.com/charts/detail?a=hot100&year=2014&month=04&day=21
2014,hot100,2014-04-16,99,イマジネーション,SPYAIR,https://www.billboard-japan.com/charts/detail?a=hot100&year=2014&month=04&day=21
2014,hot100,2014-04-16,100,ベスト・デイ・オブ・マイ・ライフ,アメリカン・オーサーズ,https://www.billboard-japan.com/charts/detail?a=hot100&year=2014&month=04&day=21
2014,hot100,2014-04-23,1,炎と森のカーニバル,SEKAI NO OWARI,https://www.billboard-japan.com/charts/detail?a=hot100&year=2014&month=04&day=28
2014,hot100,2014-04-23,2,レット・イット・ゴー〜ありのままで〜,松たか子,https://www.billboard-japan.com/charts/detail?a=hot100&year=2014&month=04&day=28
2014,hot100,2014-04-23,3,時空を超え 宇宙を超え,モーニング娘。'14,https://www.billboard-japan.com/charts/detail?a=hot100&year=2014&month=04&day=28
2014,hot100,2014-04-23,4,ファミリーパーティー,きゃりーぱみゅぱみゅ,https://www.billboard-japan.com/charts/detail?a=hot100&year=2014&month=04&day=28
2014,hot100,2014-04-23,5,STEP,ClariS,https://www.billboard-japan.com/charts/detail?a=hot100&year=2014&month=04&day=28
2014,hot100,2014-04-23,6,Yes we are,SMAP,https://www.billboard-japan.com/charts/detail?a=hot100&year=2014&month=04&day=28
2014,hot100,2014-04-23,7,気づいたら片想い,乃木坂46,https://www.billboard-japan.com/charts/detail?a=hot100&year=2014&month=04&day=28
2014,hot100,2014-04-23,8,Let It Go〜ありのままで〜,May J.,https://www.billboard-japan.com/charts/detail?a=hot100&year=2014&month=04&day=28
2014,hot100,2014-04-23,9,ai,ソナーポケット,https://www.billboard-japan.com/charts/detail?a=hot100&year=2014&month=04&day=28
2014,hot100,2014-04-23,10,レット・イット・ゴー,イディナ・メンゼル,https://www.billboard-japan.com/charts/detail?a=hot100&year=2014&month=04&day=28
2014,hot100,2014-04-23,11,ハッピー,ファレル・ウィリアムス,https://www.billboard-japan.com/charts/detail?a=hot100&year=2014&month=04&day=28
2014,hot100,2014-04-23,12,ザ・バラッド・オブ・ミスター・ステーキ,キシバシ,https://www.billboard-japan.com/charts/detail?a=hot100&year=2014&month=04&day=28
2014,hot100,2014-04-23,13,ええじゃないか,ジャニーズWEST,https://www.billboard-japan.com/charts/detail?a=hot100&year=2014&month=04&day=28
2014,hot100,2014-04-23,14,グロテスク feat.安室奈美恵,平井堅,https://www.billboard-japan.com/charts/detail?a=hot100&year=2014&month=04&day=28
2014,hot100,2014-04-23,15,パラレルスペック,ゲスの極み乙女。,https://www.billboard-japan.com/charts/detail?a=hot100&year=2014&month=04&day=28
2014,hot100,2014-04-23,16,ヒット・ミー,ダーティ・ループス,https://www.billboard-japan.com/charts/detail?a=hot100&year=2014&month=04&day=28
2014,hot100,2014-04-23,17,you can do it!,Suzu,https://www.billboard-japan.com/charts/detail?a=hot100&year=2014&month=04&day=28
2014,hot100,2014-04-23,18,春風,Rihwa,https://www.billboard-japan.com/charts/detail?a=hot100&year=2014&month=04&day=28
2014,hot100,2014-04-23,19,ストーリー・オブ・マイ・ライフ,ワン・ダイレクション,https://www.billboard-japan.com/charts/detail?a=hot100&year=2014&month=04&day=28
2014,hot100,2014-04-23,20,生まれてはじめて,"神田沙也加,松たか子",https://www.billboard-japan.com/charts/detail?a=hot100&year=2014&month=04&day=28
2014,hot100,2014-04-23,21,ラブサーチライト,柴咲コウ,https://www.billboard-japan.com/charts/detail?a=hot100&year=2014&month=04&day=28
2014,hot100,2014-04-23,22,RPG,SEKAI NO OWARI,https://www.billboard-japan.com/charts/detail?a=hot100&year=2014&month=04&day=28
2014,hot100,2014-04-23,23,GUTS!,嵐,https://www.billboard-japan.com/charts/detail?a=hot100&year=2014&month=04&day=28
2014,hot100,2014-04-23,24,くそったれの世界,The Birthday,https://www.billboard-japan.com/charts/detail?a=hot100&year=2014&month=04&day=28
2014,hot100,2014-04-23,25,革命,黒木渚,https://www.billboard-japan.com/charts/detail?a=hot100&year=2014&month=04&day=28
2014,hot100,2014-04-23,26,MAKE UP,ケラケラ,https://www.billboard-japan.com/charts/detail?a=hot100&year=2014&month=04&day=28
2014,hot100,2014-04-23,27,ダイアローグ・モノローグ,秦基博,https://www.billboard-japan.com/charts/detail?a=hot100&year=2014&month=04&day=28
2014,hot100,2014-04-23,28,峠越え,福田こうへい,https://www.billboard-japan.com/charts/detail?a=hot100&year=2014&month=04&day=28
2014,hot100,2014-04-23,29,カリフォルニー,ケツメイシ,https://www.billboard-japan.com/charts/detail?a=hot100&year=2014&month=04&day=28
2014,hot100,2014-04-23,30,ハルカナタ,ひめキュンフルーツ缶,https://www.billboard-japan.com/charts/detail?a=hot100&year=2014&month=04&day=28
2014,hot100,2014-04-23,31,ずっと,シェネル,https://www.billboard-japan.com/charts/detail?a=hot100&year=2014&month=04&day=28
2014,hot100,2014-04-23,32,PEACE SUNSHINE,DANCE EARTH PARTY,https://www.billboard-japan.com/charts/detail?a=hot100&year=2014&month=04&day=28
2014,hot100,2014-04-23,33,家族になろうよ,福山雅治,https://www.billboard-japan.com/charts/detail?a=hot100&year=2014&month=04&day=28
2014,hot100,2014-04-23,34,LOVE-arigatou-,Rev.from DVL,https://www.billboard-japan.com/charts/detail?a=hot100&year=2014&month=04&day=28
2014,hot100,2014-04-23,35,カラフル,Salley,https://www.billboard-japan.com/charts/detail?a=hot100&year=2014&month=04&day=28
2014,hot100,2014-04-23,36,未来とは?,SKE48,https://www.billboard-japan.com/charts/detail?a=hot100&year=2014&month=04&day=28
2014,hot100,2014-04-23,37,Departure,SCANDAL,https://www.billboard-japan.com/charts/detail?a=hot100&year=2014&month=04&day=28
2014,hot100,2014-04-23,38,キャント・リメンバー・トゥ・フォーゲット・ユー feat.リアーナ,シャキーラ,https://www.billboard-japan.com/charts/detail?a=hot100&year=2014&month=04&day=28
2014,hot100,2014-04-23,39,EVERLIGHT,ACIDMAN,https://www.billboard-japan.com/charts/detail?a=hot100&year=2014&month=04&day=28
2014,hot100,2014-04-23,40,恋するフォーチュンクッキー,AKB48,https://www.billboard-japan.com/charts/detail?a=hot100&year=2014&month=04&day=28
2014,hot100,2014-04-23,41,暁,福山雅治,https://www.billboard-japan.com/charts/detail?a=hot100&year=2014&month=04&day=28
2014,hot100,2014-04-23,42,トリプル!WONDERLAND,Negicco,https://www.billboard-japan.com/charts/detail?a=hot100&year=2014&month=04&day=28
2014,hot100,2014-04-23,43,Password is 0,モーニング娘。'14,https://www.billboard-japan.com/charts/detail?a=hot100&year=2014&month=04&day=28
2014,hot100,2014-04-23,44,ray,BUMP OF CHICKEN,https://www.billboard-japan.com/charts/detail?a=hot100&year=2014&month=04&day=28
2014,hot100,2014-04-23,45,高嶺の林檎,NMB48,https://www.billboard-japan.com/charts/detail?a=hot100&year=2014&month=04&day=28
2014,hot100,2014-04-23,46,ZERO GAME,"紫原敦(鈴村健一),氷室辰也(谷山紀章)",https://www.billboard-japan.com/charts/detail?a=hot100&year=2014&month=04&day=28
2014,hot100,2014-04-23,47,前しか向かねえ,AKB48,https://www.billboard-japan.com/charts/detail?a=hot100&year=2014&month=04&day=28
2014,hot100,2014-04-23,48,雪だるまつくろう,"神田沙也加,稲葉菜月,諸星すみれ",https://www.billboard-japan.com/charts/detail?a=hot100&year=2014&month=04&day=28
2014,hot100,2014-04-23,49,君色デイズ,Honey L Days,https://www.billboard-japan.com/charts/detail?a=hot100&year=2014&month=04&day=28
2014,hot100,2014-04-23,50,フォーリン・ラヴ・トゥナイト,プリンス feat.ゾーイ・デシャネル,https://www.billboard-japan.com/charts/detail?a=hot100&year=2014&month=04&day=28
2014,hot100,2014-04-23,51,スノーマジックファンタジー,SEKAI NO OWARI,https://www.billboard-japan.com/charts/detail?a=hot100&year=2014&month=04&day=28
2014,hot100,2014-04-23,52,Sakura Melody,加藤ミリヤ×清水翔太,https://www.billboard-japan.com/charts/detail?a=hot100&year=2014&month=04&day=28
2014,hot100,2014-04-23,53,S.A.K.U.R.A.,三代目 J Soul Brothers from EXILE TRIBE,https://www.billboard-japan.com/charts/detail?a=hot100&year=2014&month=04&day=28
2014,hot100,2014-04-23,54,ZOO,辻仁成,https://www.billboard-japan.com/charts/detail?a=hot100&year=2014&month=04&day=28
2014,hot100,2014-04-23,55,ディスコの神様 feat.藤井隆,tofubeats,https://www.billboard-japan.com/charts/detail?a=hot100&year=2014&month=04&day=28
2014,hot100,2014-04-23,56,17歳,竹友あつき,https://www.billboard-japan.com/charts/detail?a=hot100&year=2014&month=04&day=28
2014,hot100,2014-04-23,57,Keep on Lovin' You,palet,https://www.billboard-japan.com/charts/detail?a=hot100&year=2014&month=04&day=28
2014,hot100,2014-04-23,58,暗夜の心中立て,石川さゆり,https://www.billboard-japan.com/charts/detail?a=hot100&year=2014&month=04&day=28
2014,hot100,2014-04-23,59,愛はおしゃれじゃない,岡村靖幸 w 小出祐介,https://www.billboard-japan.com/charts/detail?a=hot100&year=2014&month=04&day=28
2014,hot100,2014-04-23,60,Twinkle Days,chay,https://www.billboard-japan.com/charts/detail?a=hot100&year=2014&month=04&day=28
2014,hot100,2014-04-23,61,Hot Stuff,JUJU,https://www.billboard-japan.com/charts/detail?a=hot100&year=2014&month=04&day=28
2014,hot100,2014-04-23,62,レット・イット・ゴー(エンドソング),デミ・ロヴァート,https://www.billboard-japan.com/charts/detail?a=hot100&year=2014&month=04&day=28
2014,hot100,2014-04-23,63,桜、みんなで食べた,HKT48,https://www.billboard-japan.com/charts/detail?a=hot100&year=2014&month=04&day=28
2014,hot100,2014-04-23,64,アパッショナート,水樹奈々,https://www.billboard-japan.com/charts/detail?a=hot100&year=2014&month=04&day=28
2014,hot100,2014-04-23,65,Oh JANE,片平里菜,https://www.billboard-japan.com/charts/detail?a=hot100&year=2014&month=04&day=28
2014,hot100,2014-04-23,66,君がいない、あの日から…,Acid Black Cherry,https://www.billboard-japan.com/charts/detail?a=hot100&year=2014&month=04&day=28
2014,hot100,2014-04-23,67,TSUKI,安室奈美恵,https://www.billboard-japan.com/charts/detail?a=hot100&year=2014&month=04&day=28
2014,hot100,2014-04-23,68,繋いだ手から,back number,https://www.billboard-japan.com/charts/detail?a=hot100&year=2014&month=04&day=28
2014,hot100,2014-04-23,69,島根恋旅,水森かおり,https://www.billboard-japan.com/charts/detail?a=hot100&year=2014&month=04&day=28
2014,hot100,2014-04-23,70,飾らない愛,井手綾香,https://www.billboard-japan.com/charts/detail?a=hot100&year=2014&month=04&day=28
2014,hot100,2014-04-23,71,My Love,木村カエラ,https://www.billboard-japan.com/charts/detail?a=hot100&year=2014&month=04&day=28
2014,hot100,2014-04-23,72,明日への賛歌,flumpool,https://www.billboard-japan.com/charts/detail?a=hot100&year=2014&month=04&day=28
2014,hot100,2014-04-23,73,リヴ・フォー・ザ・ナイト,クルーウェラ,https://www.billboard-japan.com/charts/detail?a=hot100&year=2014&month=04&day=28
2014,hot100,2014-04-23,74,ピエロ,SEKAI NO OWARI,https://www.billboard-japan.com/charts/detail?a=hot100&year=2014&month=04&day=28
2014,hot100,2014-04-23,75,ロックド・アウト・オブ・ヘヴン,ブルーノ・マーズ,https://www.billboard-japan.com/charts/detail?a=hot100&year=2014&month=04&day=28
2014,hot100,2014-04-23,76,イッツ・オン・アゲイン,アリシア・キーズ feat.ケンドリック・ラマー,https://www.billboard-japan.com/charts/detail?a=hot100&year=2014&month=04&day=28
2014,hot100,2014-04-23,77,AGAIN,DREAMS COME TRUE,https://www.billboard-japan.com/charts/detail?a=hot100&year=2014&month=04&day=28
2014,hot100,2014-04-23,78,とびら開けて,"神田沙也加,津田英佑",https://www.billboard-japan.com/charts/detail?a=hot100&year=2014&month=04&day=28
2014,hot100,2014-04-23,79,HUMAN,福山雅治,https://www.billboard-japan.com/charts/detail?a=hot100&year=2014&month=04&day=28
2014,hot100,2014-04-23,80,NEVER LET YOU GO,GENERATIONS from EXILE TRIBE,https://www.billboard-japan.com/charts/detail?a=hot100&year=2014&month=04&day=28
2014,hot100,2014-04-23,81,ラザー・ビー feat.ジェス・グリン,クリーン・バンディット,https://www.billboard-japan.com/charts/detail?a=hot100&year=2014&month=04&day=28
2014,hot100,2014-04-23,82,Believe ×,寿美菜子,https://www.billboard-japan.com/charts/detail?a=hot100&year=2014&month=04&day=28
2014,hot100,2014-04-23,83,シドニア,angela,https://www.billboard-japan.com/charts/detail?a=hot100&year=2014&month=04&day=28
2014,hot100,2014-04-23,84,TOKI,Da-iCE,https://www.billboard-japan.com/charts/detail?a=hot100&year=2014&month=04&day=28
2014,hot100,2014-04-23,85,Blow Your Mind,Dragon Ash,https://www.billboard-japan.com/charts/detail?a=hot100&year=2014&month=04&day=28
2014,hot100,2014-04-23,86,ウェイク・ミー・アップ!,アヴィーチー,https://www.billboard-japan.com/charts/detail?a=hot100&year=2014&month=04&day=28
2014,hot100,2014-04-23,87,Bittersweet,嵐,https://www.billboard-japan.com/charts/detail?a=hot100&year=2014&month=04&day=28
2014,hot100,2014-04-23,88,恋音と雨空,AAA,https://www.billboard-japan.com/charts/detail?a=hot100&year=2014&month=04&day=28
2014,hot100,2014-04-23,89,アイネクライネ,米津玄師,https://www.billboard-japan.com/charts/detail?a=hot100&year=2014&month=04&day=28
2014,hot100,2014-04-23,90,歩き出してくれないか,松山千春,https://www.billboard-japan.com/charts/detail?a=hot100&year=2014&month=04&day=28
2014,hot100,2014-04-23,91,ジャスト・ザ・ウェイ・ユー・アー,ブルーノ・マーズ,https://www.billboard-japan.com/charts/detail?a=hot100&year=2014&month=04&day=28
2014,hot100,2014-04-23,92,High Five,中山優馬,https://www.billboard-japan.com/charts/detail?a=hot100&year=2014&month=04&day=28
2014,hot100,2014-04-23,93,リヴ・ア・リトル,ウーター・ヘメル,https://www.billboard-japan.com/charts/detail?a=hot100&year=2014&month=04&day=28
2014,hot100,2014-04-23,94,光のシグナル,Kis-My-Ft2,https://www.billboard-japan.com/charts/detail?a=hot100&year=2014&month=04&day=28
2014,hot100,2014-04-23,95,ベスト・デイ・オブ・マイ・ライフ,アメリカン・オーサーズ,https://www.billboard-japan.com/charts/detail?a=hot100&year=2014&month=04&day=28
2014,hot100,2014-04-23,96,紅蓮の弓矢,Linked Horizon,https://www.billboard-japan.com/charts/detail?a=hot100&year=2014&month=04&day=28
2014,hot100,2014-04-23,97,のぞみ酒,杜このみ,https://www.billboard-japan.com/charts/detail?a=hot100&year=2014&month=04&day=28
2014,hot100,2014-04-23,98,トレジャー,ブルーノ・マーズ,https://www.billboard-japan.com/charts/detail?a=hot100&year=2014&month=04&day=28
2014,hot100,2014-04-23,99,烈車戦隊トッキュウジャー,伊勢大貴,https://www.billboard-japan.com/charts/detail?a=hot100&year=2014&month=04&day=28
2014,hot100,2014-04-23,100,シング,エド・シーラン,https://www.billboard-japan.com/charts/detail?a=hot100&year=2014&month=04&day=28
2014,hot100,2014-04-30,1,ええじゃないか,ジャニーズWEST,https://www.billboard-japan.com/charts/detail?a=hot100&year=2014&month=05&day=05
2014,hot100,2014-04-30,2,それは僕たちの奇跡,μ's,https://www.billboard-japan.com/charts/detail?a=hot100&year=2014&month=05&day=05
2014,hot100,2014-04-30,3,Departure,SCANDAL,https://www.billboard-japan.com/charts/detail?a=hot100&year=2014&month=05&day=05
2014,hot100,2014-04-30,4,レット・イット・ゴー〜ありのままで〜,松たか子,https://www.billboard-japan.com/charts/detail?a=hot100&year=2014&month=05&day=05
2014,hot100,2014-04-30,5,炎と森のカーニバル,SEKAI NO OWARI,https://www.billboard-japan.com/charts/detail?a=hot100&year=2014&month=05&day=05
2014,hot100,2014-04-30,6,NEVER LET YOU GO,GENERATIONS from EXILE TRIBE,https://www.billboard-japan.com/charts/detail?a=hot100&year=2014&month=05&day=05
2014,hot100,2014-04-30,7,Truth,CNBLUE,https://www.billboard-japan.com/charts/detail?a=hot100&year=2014&month=05&day=05
2014,hot100,2014-04-30,8,グロテスク feat.安室奈美恵,平井堅,https://www.billboard-japan.com/charts/detail?a=hot100&year=2014&month=05&day=05
2014,hot100,2014-04-30,9,Keep on Lovin' You,palet,https://www.billboard-japan.com/charts/detail?a=hot100&year=2014&month=05&day=05
2014,hot100,2014-04-30,10,ダイアローグ・モノローグ,秦基博,https://www.billboard-japan.com/charts/detail?a=hot100&year=2014&month=05&day=05
2014,hot100,2014-04-30,11,STAND PROUD,橋本仁,https://www.billboard-japan.com/charts/detail?a=hot100&year=2014&month=05&day=05
2014,hot100,2014-04-30,12,ハッピー,ファレル・ウィリアムス,https://www.billboard-japan.com/charts/detail?a=hot100&year=2014&month=05&day=05
2014,hot100,2014-04-30,13,Let It Go〜ありのままで〜,May J.,https://www.billboard-japan.com/charts/detail?a=hot100&year=2014&month=05&day=05
2014,hot100,2014-04-30,14,レット・イット・ゴー,イディナ・メンゼル,https://www.billboard-japan.com/charts/detail?a=hot100&year=2014&month=05&day=05
2014,hot100,2014-04-30,15,GUTS!,嵐,https://www.billboard-japan.com/charts/detail?a=hot100&year=2014&month=05&day=05
2014,hot100,2014-04-30,16,ザ・バラッド・オブ・ミスター・ステーキ,キシバシ,https://www.billboard-japan.com/charts/detail?a=hot100&year=2014&month=05&day=05
2014,hot100,2014-04-30,17,創傷イノセンス,内田真礼,https://www.billboard-japan.com/charts/detail?a=hot100&year=2014&month=05&day=05
2014,hot100,2014-04-30,18,気づいたら片想い,乃木坂46,https://www.billboard-japan.com/charts/detail?a=hot100&year=2014&month=05&day=05
2014,hot100,2014-04-30,19,パラレルスペック,ゲスの極み乙女。,https://www.billboard-japan.com/charts/detail?a=hot100&year=2014&month=05&day=05
2014,hot100,2014-04-30,20,ファミリーパーティー,きゃりーぱみゅぱみゅ,https://www.billboard-japan.com/charts/detail?a=hot100&year=2014&month=05&day=05
2014,hot100,2014-04-30,21,ヒット・ミー,ダーティ・ループス,https://www.billboard-japan.com/charts/detail?a=hot100&year=2014&month=05&day=05
2014,hot100,2014-04-30,22,Twinkle Days,chay,https://www.billboard-japan.com/charts/detail?a=hot100&year=2014&month=05&day=05
2014,hot100,2014-04-30,23,生まれてはじめて,"神田沙也加,松たか子",https://www.billboard-japan.com/charts/detail?a=hot100&year=2014&month=05&day=05
2014,hot100,2014-04-30,24,春風,Rihwa,https://www.billboard-japan.com/charts/detail?a=hot100&year=2014&month=05&day=05
2014,hot100,2014-04-30,25,LOUD,TM NETWORK,https://www.billboard-japan.com/charts/detail?a=hot100&year=2014&month=05&day=05
2014,hot100,2014-04-30,26,STEP,ClariS,https://www.billboard-japan.com/charts/detail?a=hot100&year=2014&month=05&day=05
2014,hot100,2014-04-30,27,時空を超え 宇宙を超え,モーニング娘。'14,https://www.billboard-japan.com/charts/detail?a=hot100&year=2014&month=05&day=05
2014,hot100,2014-04-30,28,マワルセカイ,夢みるアドレセンス,https://www.billboard-japan.com/charts/detail?a=hot100&year=2014&month=05&day=05
2014,hot100,2014-04-30,29,Yes we are,SMAP,https://www.billboard-japan.com/charts/detail?a=hot100&year=2014&month=05&day=05
2014,hot100,2014-04-30,30,ストーリー・オブ・マイ・ライフ,ワン・ダイレクション,https://www.billboard-japan.com/charts/detail?a=hot100&year=2014&month=05&day=05
2014,hot100,2014-04-30,31,オンリーワン,TEE,https://www.billboard-japan.com/charts/detail?a=hot100&year=2014&month=05&day=05
2014,hot100,2014-04-30,32,ラブサーチライト,柴咲コウ,https://www.billboard-japan.com/charts/detail?a=hot100&year=2014&month=05&day=05
2014,hot100,2014-04-30,33,RPG,SEKAI NO OWARI,https://www.billboard-japan.com/charts/detail?a=hot100&year=2014&month=05&day=05
2014,hot100,2014-04-30,34,you can do it!,Suzu,https://www.billboard-japan.com/charts/detail?a=hot100&year=2014&month=05&day=05
2014,hot100,2014-04-30,35,ai,ソナーポケット,https://www.billboard-japan.com/charts/detail?a=hot100&year=2014&month=05&day=05
2014,hot100,2014-04-30,36,イッツ・オン・アゲイン,アリシア・キーズ feat.ケンドリック・ラマー,https://www.billboard-japan.com/charts/detail?a=hot100&year=2014&month=05&day=05
2014,hot100,2014-04-30,37,Oh JANE,片平里菜,https://www.billboard-japan.com/charts/detail?a=hot100&year=2014&month=05&day=05
2014,hot100,2014-04-30,38,健全ロボ ダイミダラー,遠藤会,https://www.billboard-japan.com/charts/detail?a=hot100&year=2014&month=05&day=05
2014,hot100,2014-04-30,39,世界の風を僕らは受けて,Not yet,https://www.billboard-japan.com/charts/detail?a=hot100&year=2014&month=05&day=05
2014,hot100,2014-04-30,40,ray,BUMP OF CHICKEN,https://www.billboard-japan.com/charts/detail?a=hot100&year=2014&month=05&day=05
2014,hot100,2014-04-30,41,雪だるまつくろう,"神田沙也加,稲葉菜月,諸星すみれ",https://www.billboard-japan.com/charts/detail?a=hot100&year=2014&month=05&day=05
2014,hot100,2014-04-30,42,とびら開けて,"神田沙也加,津田英佑",https://www.billboard-japan.com/charts/detail?a=hot100&year=2014&month=05&day=05
2014,hot100,2014-04-30,43,有明海,北山たけし,https://www.billboard-japan.com/charts/detail?a=hot100&year=2014&month=05&day=05
2014,hot100,2014-04-30,44,カリフォルニー,ケツメイシ,https://www.billboard-japan.com/charts/detail?a=hot100&year=2014&month=05&day=05
2014,hot100,2014-04-30,45,イマジネーション,SPYAIR,https://www.billboard-japan.com/charts/detail?a=hot100&year=2014&month=05&day=05
2014,hot100,2014-04-30,46,峠越え,福田こうへい,https://www.billboard-japan.com/charts/detail?a=hot100&year=2014&month=05&day=05
2014,hot100,2014-04-30,47,恋するフォーチュンクッキー,AKB48,https://www.billboard-japan.com/charts/detail?a=hot100&year=2014&month=05&day=05
2014,hot100,2014-04-30,48,家族になろうよ,福山雅治,https://www.billboard-japan.com/charts/detail?a=hot100&year=2014&month=05&day=05
2014,hot100,2014-04-30,49,私たちは絶対に絶対にヨリを戻したりしない,テイラー・スウィフト,https://www.billboard-japan.com/charts/detail?a=hot100&year=2014&month=05&day=05
2014,hot100,2014-04-30,50,前しか向かねえ,AKB48,https://www.billboard-japan.com/charts/detail?a=hot100&year=2014&month=05&day=05
2014,hot100,2014-04-30,51,スノーマジックファンタジー,SEKAI NO OWARI,https://www.billboard-japan.com/charts/detail?a=hot100&year=2014&month=05&day=05
2014,hot100,2014-04-30,52,レット・イット・ゴー(エンドソング),デミ・ロヴァート,https://www.billboard-japan.com/charts/detail?a=hot100&year=2014&month=05&day=05
2014,hot100,2014-04-30,53,What's this?,超魂團,https://www.billboard-japan.com/charts/detail?a=hot100&year=2014&month=05&day=05
2014,hot100,2014-04-30,54,Diamond days〜ココロノツバサ〜,上野優華,https://www.billboard-japan.com/charts/detail?a=hot100&year=2014&month=05&day=05
2014,hot100,2014-04-30,55,ひとり越前〜明日への旅〜,大月みやこ,https://www.billboard-japan.com/charts/detail?a=hot100&year=2014&month=05&day=05
2014,hot100,2014-04-30,56,極上スマイル,I-1club,https://www.billboard-japan.com/charts/detail?a=hot100&year=2014&month=05&day=05
2014,hot100,2014-04-30,57,ディスコの神様 feat.藤井隆,tofubeats,https://www.billboard-japan.com/charts/detail?a=hot100&year=2014&month=05&day=05
2014,hot100,2014-04-30,58,シドニア,angela,https://www.billboard-japan.com/charts/detail?a=hot100&year=2014&month=05&day=05
2014,hot100,2014-04-30,59,Fighter,中島美嘉×加藤ミリヤ,https://www.billboard-japan.com/charts/detail?a=hot100&year=2014&month=05&day=05
2014,hot100,2014-04-30,60,寝癖,クリープハイプ,https://www.billboard-japan.com/charts/detail?a=hot100&year=2014&month=05&day=05
2014,hot100,2014-04-30,61,Lie to myself,テスラは泣かない。,https://www.billboard-japan.com/charts/detail?a=hot100&year=2014&month=05&day=05
2014,hot100,2014-04-30,62,MAKE UP,ケラケラ,https://www.billboard-japan.com/charts/detail?a=hot100&year=2014&month=05&day=05
2014,hot100,2014-04-30,63,アイネクライネ,米津玄師,https://www.billboard-japan.com/charts/detail?a=hot100&year=2014&month=05&day=05
2014,hot100,2014-04-30,64,Hot Stuff,JUJU,https://www.billboard-japan.com/charts/detail?a=hot100&year=2014&month=05&day=05
2014,hot100,2014-04-30,65,島根恋旅,水森かおり,https://www.billboard-japan.com/charts/detail?a=hot100&year=2014&month=05&day=05
2014,hot100,2014-04-30,66,ZOO,辻仁成,https://www.billboard-japan.com/charts/detail?a=hot100&year=2014&month=05&day=05
2014,hot100,2014-04-30,67,もう一度…,moto,https://www.billboard-japan.com/charts/detail?a=hot100&year=2014&month=05&day=05
2014,hot100,2014-04-30,68,Break Out,Dream5,https://www.billboard-japan.com/charts/detail?a=hot100&year=2014&month=05&day=05
2014,hot100,2014-04-30,69,フォーリン・ラヴ・トゥナイト,プリンス feat.ゾーイ・デシャネル,https://www.billboard-japan.com/charts/detail?a=hot100&year=2014&month=05&day=05
2014,hot100,2014-04-30,70,CHE.R.RY,YUI,https://www.billboard-japan.com/charts/detail?a=hot100&year=2014&month=05&day=05
2014,hot100,2014-04-30,71,DARAKENA,野水いおり,https://www.billboard-japan.com/charts/detail?a=hot100&year=2014&month=05&day=05
2014,hot100,2014-04-30,72,高嶺の林檎,NMB48,https://www.billboard-japan.com/charts/detail?a=hot100&year=2014&month=05&day=05
2014,hot100,2014-04-30,73,hello,指田郁也,https://www.billboard-japan.com/charts/detail?a=hot100&year=2014&month=05&day=05
2014,hot100,2014-04-30,74,未来とは?,SKE48,https://www.billboard-japan.com/charts/detail?a=hot100&year=2014&month=05&day=05
2014,hot100,2014-04-30,75,Stay Free,稲葉浩志,https://www.billboard-japan.com/charts/detail?a=hot100&year=2014&month=05&day=05
2014,hot100,2014-04-30,76,My Love,木村カエラ,https://www.billboard-japan.com/charts/detail?a=hot100&year=2014&month=05&day=05
2014,hot100,2014-04-30,77,Neon Sign Stomp,EGO-WRAPPIN',https://www.billboard-japan.com/charts/detail?a=hot100&year=2014&month=05&day=05
2014,hot100,2014-04-30,78,グッド・タイム with アウル・シティー,カーリー・レイ・ジェプセン,https://www.billboard-japan.com/charts/detail?a=hot100&year=2014&month=05&day=05
2014,hot100,2014-04-30,79,繋いだ手から,back number,https://www.billboard-japan.com/charts/detail?a=hot100&year=2014&month=05&day=05
2014,hot100,2014-04-30,80,革命,黒木渚,https://www.billboard-japan.com/charts/detail?a=hot100&year=2014&month=05&day=05
2014,hot100,2014-04-30,81,きらきらキラー,きゃりーぱみゅぱみゅ,https://www.billboard-japan.com/charts/detail?a=hot100&year=2014&month=05&day=05
2014,hot100,2014-04-30,82,君がいない、あの日から…,Acid Black Cherry,https://www.billboard-japan.com/charts/detail?a=hot100&year=2014&month=05&day=05
2014,hot100,2014-04-30,83,Once in a while,TarO & JirO,https://www.billboard-japan.com/charts/detail?a=hot100&year=2014&month=05&day=05
2014,hot100,2014-04-30,84,S.A.K.U.R.A.,三代目 J Soul Brothers from EXILE TRIBE,https://www.billboard-japan.com/charts/detail?a=hot100&year=2014&month=05&day=05
2014,hot100,2014-04-30,85,愛はおしゃれじゃない,岡村靖幸 w 小出祐介,https://www.billboard-japan.com/charts/detail?a=hot100&year=2014&month=05&day=05
2014,hot100,2014-04-30,86,EVERLIGHT,ACIDMAN,https://www.billboard-japan.com/charts/detail?a=hot100&year=2014&month=05&day=05
2014,hot100,2014-04-30,87,恋音と雨空,AAA,https://www.billboard-japan.com/charts/detail?a=hot100&year=2014&month=05&day=05
2014,hot100,2014-04-30,88,奏(かなで),スキマスイッチ,https://www.billboard-japan.com/charts/detail?a=hot100&year=2014&month=05&day=05
2014,hot100,2014-04-30,89,歩き出してくれないか,松山千春,https://www.billboard-japan.com/charts/detail?a=hot100&year=2014&month=05&day=05
2014,hot100,2014-04-30,90,RAINBOW,lego big morl,https://www.billboard-japan.com/charts/detail?a=hot100&year=2014&month=05&day=05
2014,hot100,2014-04-30,91,FUGLY,SCREW,https://www.billboard-japan.com/charts/detail?a=hot100&year=2014&month=05&day=05
2014,hot100,2014-04-30,92,Get Wild,TM NETWORK,https://www.billboard-japan.com/charts/detail?a=hot100&year=2014&month=05&day=05
2014,hot100,2014-04-30,93,Bittersweet,嵐,https://www.billboard-japan.com/charts/detail?a=hot100&year=2014&month=05&day=05
2014,hot100,2014-04-30,94,TSUKI,安室奈美恵,https://www.billboard-japan.com/charts/detail?a=hot100&year=2014&month=05&day=05
2014,hot100,2014-04-30,95,シング,エド・シーラン,https://www.billboard-japan.com/charts/detail?a=hot100&year=2014&month=05&day=05
2014,hot100,2014-04-30,96,キャント・リメンバー・トゥ・フォーゲット・ユー feat.リアーナ,シャキーラ,https://www.billboard-japan.com/charts/detail?a=hot100&year=2014&month=05&day=05
2014,hot100,2014-04-30,97,ラザー・ビー feat.ジェス・グリン,クリーン・バンディット,https://www.billboard-japan.com/charts/detail?a=hot100&year=2014&month=05&day=05
2014,hot100,2014-04-30,98,おもかげ,KG,https://www.billboard-japan.com/charts/detail?a=hot100&year=2014&month=05&day=05
2014,hot100,2014-04-30,99,17歳,竹友あつき,https://www.billboard-japan.com/charts/detail?a=hot100&year=2014&month=05&day=05
2014,hot100,2014-04-30,100,飾らない愛,井手綾香,https://www.billboard-japan.com/charts/detail?a=hot100&year=2014&month=05&day=05
2014,hot100,2014-05-07,1,GUTS!,嵐,https://www.billboard-japan.com/charts/detail?a=hot100&year=2014&month=05&day=12
2014,hot100,2014-05-07,2,レット・イット・ゴー〜ありのままで〜,松たか子,https://www.billboard-japan.com/charts/detail?a=hot100&year=2014&month=05&day=12
2014,hot100,2014-05-07,3,イマジネーション,SPYAIR,https://www.billboard-japan.com/charts/detail?a=hot100&year=2014&month=05&day=12
2014,hot100,2014-05-07,4,炎と森のカーニバル,SEKAI NO OWARI,https://www.billboard-japan.com/charts/detail?a=hot100&year=2014&month=05&day=12
2014,hot100,2014-05-07,5,ハッピー,ファレル・ウィリアムス,https://www.billboard-japan.com/charts/detail?a=hot100&year=2014&month=05&day=12
2014,hot100,2014-05-07,6,ええじゃないか,ジャニーズWEST,https://www.billboard-japan.com/charts/detail?a=hot100&year=2014&month=05&day=12
2014,hot100,2014-05-07,7,グロテスク feat.安室奈美恵,平井堅,https://www.billboard-japan.com/charts/detail?a=hot100&year=2014&month=05&day=12
2014,hot100,2014-05-07,8,Let It Go〜ありのままで〜,May J.,https://www.billboard-japan.com/charts/detail?a=hot100&year=2014&month=05&day=12
2014,hot100,2014-05-07,9,ゲラゲラポーのうた,キング・クリームソーダ,https://www.billboard-japan.com/charts/detail?a=hot100&year=2014&month=05&day=12
2014,hot100,2014-05-07,10,レット・イット・ゴー,イディナ・メンゼル,https://www.billboard-japan.com/charts/detail?a=hot100&year=2014&month=05&day=12
2014,hot100,2014-05-07,11,Oh JANE,片平里菜,https://www.billboard-japan.com/charts/detail?a=hot100&year=2014&month=05&day=12
2014,hot100,2014-05-07,12,にじいろ,絢香,https://www.billboard-japan.com/charts/detail?a=hot100&year=2014&month=05&day=12
2014,hot100,2014-05-07,13,愛しき人へ,寿嶺二(森久保祥太郎),https://www.billboard-japan.com/charts/detail?a=hot100&year=2014&month=05&day=12
2014,hot100,2014-05-07,14,ミステリーナイト!,スマイレージ,https://www.billboard-japan.com/charts/detail?a=hot100&year=2014&month=05&day=12
2014,hot100,2014-05-07,15,それは僕たちの奇跡,μ's,https://www.billboard-japan.com/charts/detail?a=hot100&year=2014&month=05&day=12
2014,hot100,2014-05-07,16,Departure,SCANDAL,https://www.billboard-japan.com/charts/detail?a=hot100&year=2014&month=05&day=12
2014,hot100,2014-05-07,17,NEVER LET YOU GO,GENERATIONS from EXILE TRIBE,https://www.billboard-japan.com/charts/detail?a=hot100&year=2014&month=05&day=12
2014,hot100,2014-05-07,18,ザ・バラッド・オブ・ミスター・ステーキ,キシバシ,https://www.billboard-japan.com/charts/detail?a=hot100&year=2014&month=05&day=12
2014,hot100,2014-05-07,19,生まれてはじめて,"神田沙也加,松たか子",https://www.billboard-japan.com/charts/detail?a=hot100&year=2014&month=05&day=12
2014,hot100,2014-05-07,20,RPG,SEKAI NO OWARI,https://www.billboard-japan.com/charts/detail?a=hot100&year=2014&month=05&day=12
2014,hot100,2014-05-07,21,薄荷-ハッカ-,北条加蓮(渕上舞),https://www.billboard-japan.com/charts/detail?a=hot100&year=2014&month=05&day=12
2014,hot100,2014-05-07,22,2nd SIDE,神谷奈緒(松井恵理子),https://www.billboard-japan.com/charts/detail?a=hot100&year=2014&month=05&day=12
2014,hot100,2014-05-07,23,STAND PROUD,橋本仁,https://www.billboard-japan.com/charts/detail?a=hot100&year=2014&month=05&day=12
2014,hot100,2014-05-07,24,ヒット・ミー,ダーティ・ループス,https://www.billboard-japan.com/charts/detail?a=hot100&year=2014&month=05&day=12
2014,hot100,2014-05-07,25,毒茸伝説,星輝子(松田颯水),https://www.billboard-japan.com/charts/detail?a=hot100&year=2014&month=05&day=12
2014,hot100,2014-05-07,26,気づいたら片想い,乃木坂46,https://www.billboard-japan.com/charts/detail?a=hot100&year=2014&month=05&day=12
2014,hot100,2014-05-07,27,パラレルスペック,ゲスの極み乙女。,https://www.billboard-japan.com/charts/detail?a=hot100&year=2014&month=05&day=12
2014,hot100,2014-05-07,28,ファミリーパーティー,きゃりーぱみゅぱみゅ,https://www.billboard-japan.com/charts/detail?a=hot100&year=2014&month=05&day=12
2014,hot100,2014-05-07,29,春風,Rihwa,https://www.billboard-japan.com/charts/detail?a=hot100&year=2014&month=05&day=12
2014,hot100,2014-05-07,30,花簪 HANAKANZASHI,小早川紗枝(立花理香),https://www.billboard-japan.com/charts/detail?a=hot100&year=2014&month=05&day=12
2014,hot100,2014-05-07,31,ミラクルテレパシー,堀裕子(鈴木絵理),https://www.billboard-japan.com/charts/detail?a=hot100&year=2014&month=05&day=12
2014,hot100,2014-05-07,32,ディスコの神様 feat.藤井隆,tofubeats,https://www.billboard-japan.com/charts/detail?a=hot100&year=2014&month=05&day=12
2014,hot100,2014-05-07,33,イッツ・オン・アゲイン,アリシア・キーズ feat.ケンドリック・ラマー,https://www.billboard-japan.com/charts/detail?a=hot100&year=2014&month=05&day=12
2014,hot100,2014-05-07,34,RAINBOW,lego big morl,https://www.billboard-japan.com/charts/detail?a=hot100&year=2014&month=05&day=12
2014,hot100,2014-05-07,35,ダイアローグ・モノローグ,秦基博,https://www.billboard-japan.com/charts/detail?a=hot100&year=2014&month=05&day=12
2014,hot100,2014-05-07,36,とびら開けて,"神田沙也加,津田英佑",https://www.billboard-japan.com/charts/detail?a=hot100&year=2014&month=05&day=12
2014,hot100,2014-05-07,37,Nobody,CREAM,https://www.billboard-japan.com/charts/detail?a=hot100&year=2014&month=05&day=12
2014,hot100,2014-05-07,38,killy killy JOKER,分島花音,https://www.billboard-japan.com/charts/detail?a=hot100&year=2014&month=05&day=12
2014,hot100,2014-05-07,39,雪だるまつくろう,"神田沙也加,稲葉菜月,諸星すみれ",https://www.billboard-japan.com/charts/detail?a=hot100&year=2014&month=05&day=12
2014,hot100,2014-05-07,40,ラブサーチライト,柴咲コウ,https://www.billboard-japan.com/charts/detail?a=hot100&year=2014&month=05&day=12
2014,hot100,2014-05-07,41,スノーマジックファンタジー,SEKAI NO OWARI,https://www.billboard-japan.com/charts/detail?a=hot100&year=2014&month=05&day=12
2014,hot100,2014-05-07,42,ストーリー・オブ・マイ・ライフ,ワン・ダイレクション,https://www.billboard-japan.com/charts/detail?a=hot100&year=2014&month=05&day=12
2014,hot100,2014-05-07,43,クピドゥレビュー,悠木碧,https://www.billboard-japan.com/charts/detail?a=hot100&year=2014&month=05&day=12
2014,hot100,2014-05-07,44,you can do it!,Suzu,https://www.billboard-japan.com/charts/detail?a=hot100&year=2014&month=05&day=12
2014,hot100,2014-05-07,45,Yes we are,SMAP,https://www.billboard-japan.com/charts/detail?a=hot100&year=2014&month=05&day=12
2014,hot100,2014-05-07,46,オンリーワン,TEE,https://www.billboard-japan.com/charts/detail?a=hot100&year=2014&month=05&day=12
2014,hot100,2014-05-07,47,Bittersweet,嵐,https://www.billboard-japan.com/charts/detail?a=hot100&year=2014&month=05&day=12
2014,hot100,2014-05-07,48,STEP,ClariS,https://www.billboard-japan.com/charts/detail?a=hot100&year=2014&month=05&day=12
2014,hot100,2014-05-07,49,カリフォルニー,ケツメイシ,https://www.billboard-japan.com/charts/detail?a=hot100&year=2014&month=05&day=12
2014,hot100,2014-05-07,50,Twinkle Days,chay,https://www.billboard-japan.com/charts/detail?a=hot100&year=2014&month=05&day=12
2014,hot100,2014-05-07,51,REASON FOR...,"アポロン(入野自由),ハデス(小野大輔),月人(上村祐翔),尊(豊永利行),バルドル(神谷浩史),ロキ(細谷佳正)",https://www.billboard-japan.com/charts/detail?a=hot100&year=2014&month=05&day=12
2014,hot100,2014-05-07,52,Keep on Lovin' You,palet,https://www.billboard-japan.com/charts/detail?a=hot100&year=2014&month=05&day=12
2014,hot100,2014-05-07,53,ai,ソナーポケット,https://www.billboard-japan.com/charts/detail?a=hot100&year=2014&month=05&day=12
2014,hot100,2014-05-07,54,TILL THE END,"アポロン(入野自由),ハデス(小野大輔),月人(上村祐翔),尊(豊永利行),バルドル(神谷浩史),ロキ(細谷佳正)",https://www.billboard-japan.com/charts/detail?a=hot100&year=2014&month=05&day=12
2014,hot100,2014-05-07,55,ミレナリオ,ELISA,https://www.billboard-japan.com/charts/detail?a=hot100&year=2014&month=05&day=12
2014,hot100,2014-05-07,56,時空を超え 宇宙を超え,モーニング娘。'14,https://www.billboard-japan.com/charts/detail?a=hot100&year=2014&month=05&day=12
2014,hot100,2014-05-07,57,いつかの、いくつかのきみとのせかい,fhana,https://www.billboard-japan.com/charts/detail?a=hot100&year=2014&month=05&day=12
2014,hot100,2014-05-07,58,恋するフォーチュンクッキー,AKB48,https://www.billboard-japan.com/charts/detail?a=hot100&year=2014&month=05&day=12
2014,hot100,2014-05-07,59,プロブレム feat.イギー・アザリア,アリアナ・グランデ,https://www.billboard-japan.com/charts/detail?a=hot100&year=2014&month=05&day=12
2014,hot100,2014-05-07,60,峠越え,福田こうへい,https://www.billboard-japan.com/charts/detail?a=hot100&year=2014&month=05&day=12
2014,hot100,2014-05-07,61,Endless Road,fumika,https://www.billboard-japan.com/charts/detail?a=hot100&year=2014&month=05&day=12
2014,hot100,2014-05-07,62,アイネクライネ,米津玄師,https://www.billboard-japan.com/charts/detail?a=hot100&year=2014&month=05&day=12
2014,hot100,2014-05-07,63,輝け,ファンキー加藤,https://www.billboard-japan.com/charts/detail?a=hot100&year=2014&month=05&day=12
2014,hot100,2014-05-07,64,奏(かなで),スキマスイッチ,https://www.billboard-japan.com/charts/detail?a=hot100&year=2014&month=05&day=12
2014,hot100,2014-05-07,65,ハナミズキ,一青窈,https://www.billboard-japan.com/charts/detail?a=hot100&year=2014&month=05&day=12
2014,hot100,2014-05-07,66,レット・イット・ゴー(エンドソング),デミ・ロヴァート,https://www.billboard-japan.com/charts/detail?a=hot100&year=2014&month=05&day=12
2014,hot100,2014-05-07,67,きらきらキラー,きゃりーぱみゅぱみゅ,https://www.billboard-japan.com/charts/detail?a=hot100&year=2014&month=05&day=12
2014,hot100,2014-05-07,68,創傷イノセンス,内田真礼,https://www.billboard-japan.com/charts/detail?a=hot100&year=2014&month=05&day=12
2014,hot100,2014-05-07,69,前しか向かねえ,AKB48,https://www.billboard-japan.com/charts/detail?a=hot100&year=2014&month=05&day=12
2014,hot100,2014-05-07,70,オン・アワ・ウェイ,ロイヤル・コンセプト,https://www.billboard-japan.com/charts/detail?a=hot100&year=2014&month=05&day=12
2014,hot100,2014-05-07,71,拝啓、ツラツストラ,グッドモーニングアメリカ,https://www.billboard-japan.com/charts/detail?a=hot100&year=2014&month=05&day=12
2014,hot100,2014-05-07,72,ray,BUMP OF CHICKEN,https://www.billboard-japan.com/charts/detail?a=hot100&year=2014&month=05&day=12
2014,hot100,2014-05-07,73,君と踊ろう,LUHICA,https://www.billboard-japan.com/charts/detail?a=hot100&year=2014&month=05&day=12
2014,hot100,2014-05-07,74,家族になろうよ,福山雅治,https://www.billboard-japan.com/charts/detail?a=hot100&year=2014&month=05&day=12
2014,hot100,2014-05-07,75,Truth,CNBLUE,https://www.billboard-japan.com/charts/detail?a=hot100&year=2014&month=05&day=12
2014,hot100,2014-05-07,76,Neon Sign Stomp,EGO-WRAPPIN',https://www.billboard-japan.com/charts/detail?a=hot100&year=2014&month=05&day=12
2014,hot100,2014-05-07,77,プリンシプル,洲崎綾,https://www.billboard-japan.com/charts/detail?a=hot100&year=2014&month=05&day=12
2014,hot100,2014-05-07,78,私たちは絶対に絶対にヨリを戻したりしない,テイラー・スウィフト,https://www.billboard-japan.com/charts/detail?a=hot100&year=2014&month=05&day=12
2014,hot100,2014-05-07,79,寝癖,クリープハイプ,https://www.billboard-japan.com/charts/detail?a=hot100&year=2014&month=05&day=12
2014,hot100,2014-05-07,80,革命,黒木渚,https://www.billboard-japan.com/charts/detail?a=hot100&year=2014&month=05&day=12
2014,hot100,2014-05-07,81,SHINING LINE*,わか･ふうり･ゆな from STAR☆ANIS,https://www.billboard-japan.com/charts/detail?a=hot100&year=2014&month=05&day=12
2014,hot100,2014-05-07,82,有明海,北山たけし,https://www.billboard-japan.com/charts/detail?a=hot100&year=2014&month=05&day=12
2014,hot100,2014-05-07,83,ちゅるりちゅるりら,でんぱ組.inc,https://www.billboard-japan.com/charts/detail?a=hot100&year=2014&month=05&day=12
2014,hot100,2014-05-07,84,青春ラブレター,菊池桃子,https://www.billboard-japan.com/charts/detail?a=hot100&year=2014&month=05&day=12
2014,hot100,2014-05-07,85,シング,エド・シーラン,https://www.billboard-japan.com/charts/detail?a=hot100&year=2014&month=05&day=12
2014,hot100,2014-05-07,86,HAPPIEST FOOL,マイア・ヒラサワ,https://www.billboard-japan.com/charts/detail?a=hot100&year=2014&month=05&day=12
2014,hot100,2014-05-07,87,LOUD,TM NETWORK,https://www.billboard-japan.com/charts/detail?a=hot100&year=2014&month=05&day=12
2014,hot100,2014-05-07,88,VEIL,Apeace,https://www.billboard-japan.com/charts/detail?a=hot100&year=2014&month=05&day=12
2014,hot100,2014-05-07,89,繋いだ手から,back number,https://www.billboard-japan.com/charts/detail?a=hot100&year=2014&month=05&day=12
2014,hot100,2014-05-07,90,インヴィジブル〜キミはひとりきりじゃない〜,ハンター・ヘイズ,https://www.billboard-japan.com/charts/detail?a=hot100&year=2014&month=05&day=12
2014,hot100,2014-05-07,91,未来とは?,SKE48,https://www.billboard-japan.com/charts/detail?a=hot100&year=2014&month=05&day=12
2014,hot100,2014-05-07,92,Faith,miwa,https://www.billboard-japan.com/charts/detail?a=hot100&year=2014&month=05&day=12
2014,hot100,2014-05-07,93,ゲット・ラッキー feat.ファレル・ウィリアムス,ダフト・パンク,https://www.billboard-japan.com/charts/detail?a=hot100&year=2014&month=05&day=12
2014,hot100,2014-05-07,94,ラブラドール・レトリバー,AKB48,https://www.billboard-japan.com/charts/detail?a=hot100&year=2014&month=05&day=12
2014,hot100,2014-05-07,95,シドニア,angela,https://www.billboard-japan.com/charts/detail?a=hot100&year=2014&month=05&day=12
2014,hot100,2014-05-07,96,ウェイク・ミー・アップ!,アヴィーチー,https://www.billboard-japan.com/charts/detail?a=hot100&year=2014&month=05&day=12
2014,hot100,2014-05-07,97,愛はおしゃれじゃない,岡村靖幸 w 小出祐介,https://www.billboard-japan.com/charts/detail?a=hot100&year=2014&month=05&day=12
2014,hot100,2014-05-07,98,Hot Stuff,JUJU,https://www.billboard-japan.com/charts/detail?a=hot100&year=2014&month=05&day=12
2014,hot100,2014-05-07,99,もう一度…,moto,https://www.billboard-japan.com/charts/detail?a=hot100&year=2014&month=05&day=12
2014,hot100,2014-05-07,100,健全ロボ ダイミダラー,遠藤会,https://www.billboard-japan.com/charts/detail?a=hot100&year=2014&month=05&day=12
2014,hot100,2014-05-14,1,GUTS!,嵐,https://www.billboard-japan.com/charts/detail?a=hot100&year=2014&month=05&day=19
2014,hot100,2014-05-14,2,泣いてもいいんだよ,ももいろクローバーZ,https://www.billboard-japan.com/charts/detail?a=hot100&year=2014&month=05&day=19
2014,hot100,2014-05-14,3,Rising Hope,LiSA,https://www.billboard-japan.com/charts/detail?a=hot100&year=2014&month=05&day=19
2014,hot100,2014-05-14,4,どんなときもずっと,μ's,https://www.billboard-japan.com/charts/detail?a=hot100&year=2014&month=05&day=19
2014,hot100,2014-05-14,5,レット・イット・ゴー〜ありのままで〜,松たか子,https://www.billboard-japan.com/charts/detail?a=hot100&year=2014&month=05&day=19
2014,hot100,2014-05-14,6,寝癖,クリープハイプ,https://www.billboard-japan.com/charts/detail?a=hot100&year=2014&month=05&day=19
2014,hot100,2014-05-14,7,Let It Go〜ありのままで〜,May J.,https://www.billboard-japan.com/charts/detail?a=hot100&year=2014&month=05&day=19
2014,hot100,2014-05-14,8,ハッピー,ファレル・ウィリアムス,https://www.billboard-japan.com/charts/detail?a=hot100&year=2014&month=05&day=19
2014,hot100,2014-05-14,9,炎と森のカーニバル,SEKAI NO OWARI,https://www.billboard-japan.com/charts/detail?a=hot100&year=2014&month=05&day=19
2014,hot100,2014-05-14,10,拝啓、ツラツストラ,グッドモーニングアメリカ,https://www.billboard-japan.com/charts/detail?a=hot100&year=2014&month=05&day=19
2014,hot100,2014-05-14,11,イマジネーション,SPYAIR,https://www.billboard-japan.com/charts/detail?a=hot100&year=2014&month=05&day=19
2014,hot100,2014-05-14,12,ゲラゲラポーのうた,キング・クリームソーダ,https://www.billboard-japan.com/charts/detail?a=hot100&year=2014&month=05&day=19
2014,hot100,2014-05-14,13,レット・イット・ゴー,イディナ・メンゼル,https://www.billboard-japan.com/charts/detail?a=hot100&year=2014&month=05&day=19
2014,hot100,2014-05-14,14,Jewel,moumoon,https://www.billboard-japan.com/charts/detail?a=hot100&year=2014&month=05&day=19
2014,hot100,2014-05-14,15,ええじゃないか,ジャニーズWEST,https://www.billboard-japan.com/charts/detail?a=hot100&year=2014&month=05&day=19
2014,hot100,2014-05-14,16,グロテスク feat.安室奈美恵,平井堅,https://www.billboard-japan.com/charts/detail?a=hot100&year=2014&month=05&day=19
2014,hot100,2014-05-14,17,インヴィジブル〜キミはひとりきりじゃない〜,ハンター・ヘイズ,https://www.billboard-japan.com/charts/detail?a=hot100&year=2014&month=05&day=19
2014,hot100,2014-05-14,18,ラヴ・ネヴァー・フェルト・ソー・グッド,マイケル・ジャクソン,https://www.billboard-japan.com/charts/detail?a=hot100&year=2014&month=05&day=19
2014,hot100,2014-05-14,19,オン・アワ・ウェイ,ロイヤル・コンセプト,https://www.billboard-japan.com/charts/detail?a=hot100&year=2014&month=05&day=19
2014,hot100,2014-05-14,20,Oh JANE,片平里菜,https://www.billboard-japan.com/charts/detail?a=hot100&year=2014&month=05&day=19
2014,hot100,2014-05-14,21,にじいろ,絢香,https://www.billboard-japan.com/charts/detail?a=hot100&year=2014&month=05&day=19
2014,hot100,2014-05-14,22,それは僕たちの奇跡,μ's,https://www.billboard-japan.com/charts/detail?a=hot100&year=2014&month=05&day=19
2014,hot100,2014-05-14,23,We Are Never Ever Getting Back Together,MACO,https://www.billboard-japan.com/charts/detail?a=hot100&year=2014&month=05&day=19
2014,hot100,2014-05-14,24,輝け,ファンキー加藤,https://www.billboard-japan.com/charts/detail?a=hot100&year=2014&month=05&day=19
2014,hot100,2014-05-14,25,美少女,吉澤嘉代子,https://www.billboard-japan.com/charts/detail?a=hot100&year=2014&month=05&day=19
2014,hot100,2014-05-14,26,LIFE,スガシカオ,https://www.billboard-japan.com/charts/detail?a=hot100&year=2014&month=05&day=19
2014,hot100,2014-05-14,27,生まれてはじめて,"神田沙也加,松たか子",https://www.billboard-japan.com/charts/detail?a=hot100&year=2014&month=05&day=19
2014,hot100,2014-05-14,28,Trust in you,sweet ARMS,https://www.billboard-japan.com/charts/detail?a=hot100&year=2014&month=05&day=19
2014,hot100,2014-05-14,29,RPG,SEKAI NO OWARI,https://www.billboard-japan.com/charts/detail?a=hot100&year=2014&month=05&day=19
2014,hot100,2014-05-14,30,ファミリーパーティー,きゃりーぱみゅぱみゅ,https://www.billboard-japan.com/charts/detail?a=hot100&year=2014&month=05&day=19
2014,hot100,2014-05-14,31,フルドライブ,KANA-BOON,https://www.billboard-japan.com/charts/detail?a=hot100&year=2014&month=05&day=19
2014,hot100,2014-05-14,32,Departure,SCANDAL,https://www.billboard-japan.com/charts/detail?a=hot100&year=2014&month=05&day=19
2014,hot100,2014-05-14,33,プロブレム feat.イギー・アゼリア,アリアナ・グランデ,https://www.billboard-japan.com/charts/detail?a=hot100&year=2014&month=05&day=19
2014,hot100,2014-05-14,34,ア・スカイ・フル・オブ・スターズ,コールドプレイ,https://www.billboard-japan.com/charts/detail?a=hot100&year=2014&month=05&day=19
2014,hot100,2014-05-14,35,NEVER LET YOU GO,GENERATIONS from EXILE TRIBE,https://www.billboard-japan.com/charts/detail?a=hot100&year=2014&month=05&day=19
2014,hot100,2014-05-14,36,ヒット・ミー,ダーティ・ループス,https://www.billboard-japan.com/charts/detail?a=hot100&year=2014&month=05&day=19
2014,hot100,2014-05-14,37,ザ・バラッド・オブ・ミスター・ステーキ,キシバシ,https://www.billboard-japan.com/charts/detail?a=hot100&year=2014&month=05&day=19
2014,hot100,2014-05-14,38,ストーリー・オブ・マイ・ライフ,ワン・ダイレクション,https://www.billboard-japan.com/charts/detail?a=hot100&year=2014&month=05&day=19
2014,hot100,2014-05-14,39,STAND PROUD,橋本仁,https://www.billboard-japan.com/charts/detail?a=hot100&year=2014&month=05&day=19
2014,hot100,2014-05-14,40,太陽と花,高橋優,https://www.billboard-japan.com/charts/detail?a=hot100&year=2014&month=05&day=19
2014,hot100,2014-05-14,41,ディスコの神様 feat.藤井隆,tofubeats,https://www.billboard-japan.com/charts/detail?a=hot100&year=2014&month=05&day=19
2014,hot100,2014-05-14,42,こっちを向いてよ,WEAVER,https://www.billboard-japan.com/charts/detail?a=hot100&year=2014&month=05&day=19
2014,hot100,2014-05-14,43,ラブラドール・レトリバー,AKB48,https://www.billboard-japan.com/charts/detail?a=hot100&year=2014&month=05&day=19
2014,hot100,2014-05-14,44,前しか向かねえ,AKB48,https://www.billboard-japan.com/charts/detail?a=hot100&year=2014&month=05&day=19
2014,hot100,2014-05-14,45,恋するフォーチュンクッキー,AKB48,https://www.billboard-japan.com/charts/detail?a=hot100&year=2014&month=05&day=19
2014,hot100,2014-05-14,46,Nobody,CREAM,https://www.billboard-japan.com/charts/detail?a=hot100&year=2014&month=05&day=19
2014,hot100,2014-05-14,47,気づいたら片想い,乃木坂46,https://www.billboard-japan.com/charts/detail?a=hot100&year=2014&month=05&day=19
2014,hot100,2014-05-14,48,Who are you〜愛のフラワー〜,Ledapple,https://www.billboard-japan.com/charts/detail?a=hot100&year=2014&month=05&day=19
2014,hot100,2014-05-14,49,雪だるまつくろう,"神田沙也加,稲葉菜月,諸星すみれ",https://www.billboard-japan.com/charts/detail?a=hot100&year=2014&month=05&day=19
2014,hot100,2014-05-14,50,春風,Rihwa,https://www.billboard-japan.com/charts/detail?a=hot100&year=2014&month=05&day=19
2014,hot100,2014-05-14,51,Diamond days〜ココロノツバサ〜,上野優華,https://www.billboard-japan.com/charts/detail?a=hot100&year=2014&month=05&day=19
2014,hot100,2014-05-14,52,とびら開けて,"神田沙也加,津田英佑",https://www.billboard-japan.com/charts/detail?a=hot100&year=2014&month=05&day=19
2014,hot100,2014-05-14,53,JUICY LOVE,Happiness,https://www.billboard-japan.com/charts/detail?a=hot100&year=2014&month=05&day=19
2014,hot100,2014-05-14,54,Once in a while,TarO & JirO,https://www.billboard-japan.com/charts/detail?a=hot100&year=2014&month=05&day=19
2014,hot100,2014-05-14,55,ラヴ・ネヴァー・フェルト・ソー・グッド feat.ジャスティン・ティンバーレイク,マイケル・ジャクソン,https://www.billboard-japan.com/charts/detail?a=hot100&year=2014&month=05&day=19
2014,hot100,2014-05-14,56,STEP,ClariS,https://www.billboard-japan.com/charts/detail?a=hot100&year=2014&month=05&day=19
2014,hot100,2014-05-14,57,RAINBOW,lego big morl,https://www.billboard-japan.com/charts/detail?a=hot100&year=2014&month=05&day=19
2014,hot100,2014-05-14,58,瞳のシャッター,ももちひろこ,https://www.billboard-japan.com/charts/detail?a=hot100&year=2014&month=05&day=19
2014,hot100,2014-05-14,59,mi-chi,ウカスカジー,https://www.billboard-japan.com/charts/detail?a=hot100&year=2014&month=05&day=19
2014,hot100,2014-05-14,60,ダイアローグ・モノローグ,秦基博,https://www.billboard-japan.com/charts/detail?a=hot100&year=2014&month=05&day=19
2014,hot100,2014-05-14,61,Yes we are,SMAP,https://www.billboard-japan.com/charts/detail?a=hot100&year=2014&month=05&day=19
2014,hot100,2014-05-14,62,エア・バルーン,リリー・アレン,https://www.billboard-japan.com/charts/detail?a=hot100&year=2014&month=05&day=19
2014,hot100,2014-05-14,63,スノーマジックファンタジー,SEKAI NO OWARI,https://www.billboard-japan.com/charts/detail?a=hot100&year=2014&month=05&day=19
2014,hot100,2014-05-14,64,Endless Road,fumika,https://www.billboard-japan.com/charts/detail?a=hot100&year=2014&month=05&day=19
2014,hot100,2014-05-14,65,Bittersweet,嵐,https://www.billboard-japan.com/charts/detail?a=hot100&year=2014&month=05&day=19
2014,hot100,2014-05-14,66,My dear fellow,ももいろクローバーZ,https://www.billboard-japan.com/charts/detail?a=hot100&year=2014&month=05&day=19
2014,hot100,2014-05-14,67,僕らのミュージック,それでも世界が続くなら,https://www.billboard-japan.com/charts/detail?a=hot100&year=2014&month=05&day=19
2014,hot100,2014-05-14,68,イッツ・オン・アゲイン,アリシア・キーズ feat.ケンドリック・ラマー,https://www.billboard-japan.com/charts/detail?a=hot100&year=2014&month=05&day=19
2014,hot100,2014-05-14,69,ウェイク・ミー・アップ!,アヴィーチー,https://www.billboard-japan.com/charts/detail?a=hot100&year=2014&month=05&day=19
2014,hot100,2014-05-14,70,旅の居酒屋,北川大介,https://www.billboard-japan.com/charts/detail?a=hot100&year=2014&month=05&day=19
2014,hot100,2014-05-14,71,カリフォルニー,ケツメイシ,https://www.billboard-japan.com/charts/detail?a=hot100&year=2014&month=05&day=19
2014,hot100,2014-05-14,72,ラブサーチライト,柴咲コウ,https://www.billboard-japan.com/charts/detail?a=hot100&year=2014&month=05&day=19
2014,hot100,2014-05-14,73,幸せをみつけられるように,クリス・ハート,https://www.billboard-japan.com/charts/detail?a=hot100&year=2014&month=05&day=19
2014,hot100,2014-05-14,74,Hello,USAGI,https://www.billboard-japan.com/charts/detail?a=hot100&year=2014&month=05&day=19
2014,hot100,2014-05-14,75,Goodtime,SALU,https://www.billboard-japan.com/charts/detail?a=hot100&year=2014&month=05&day=19
2014,hot100,2014-05-14,76,Blue Sky Blue,Nゼロ,https://www.billboard-japan.com/charts/detail?a=hot100&year=2014&month=05&day=19
2014,hot100,2014-05-14,77,君が誰かの彼女になりくさっても,天才バンド,https://www.billboard-japan.com/charts/detail?a=hot100&year=2014&month=05&day=19
2014,hot100,2014-05-14,78,oh my love,稲葉浩志,https://www.billboard-japan.com/charts/detail?a=hot100&year=2014&month=05&day=19
2014,hot100,2014-05-14,79,私たちは絶対に絶対にヨリを戻したりしない,テイラー・スウィフト,https://www.billboard-japan.com/charts/detail?a=hot100&year=2014&month=05&day=19
2014,hot100,2014-05-14,80,青春ラブレター,菊池桃子,https://www.billboard-japan.com/charts/detail?a=hot100&year=2014&month=05&day=19
2014,hot100,2014-05-14,81,きらきらキラー,きゃりーぱみゅぱみゅ,https://www.billboard-japan.com/charts/detail?a=hot100&year=2014&month=05&day=19
2014,hot100,2014-05-14,82,レット・イット・ゴー(エンドソング),デミ・ロヴァート,https://www.billboard-japan.com/charts/detail?a=hot100&year=2014&month=05&day=19
2014,hot100,2014-05-14,83,シング,エド・シーラン,https://www.billboard-japan.com/charts/detail?a=hot100&year=2014&month=05&day=19
2014,hot100,2014-05-14,84,奏(かなで),スキマスイッチ,https://www.billboard-japan.com/charts/detail?a=hot100&year=2014&month=05&day=19
2014,hot100,2014-05-14,85,killy killy JOKER,分島花音,https://www.billboard-japan.com/charts/detail?a=hot100&year=2014&month=05&day=19
2014,hot100,2014-05-14,86,ai,ソナーポケット,https://www.billboard-japan.com/charts/detail?a=hot100&year=2014&month=05&day=19
2014,hot100,2014-05-14,87,Twinkle Days,chay,https://www.billboard-japan.com/charts/detail?a=hot100&year=2014&month=05&day=19
2014,hot100,2014-05-14,88,HAPPIEST FOOL,マイア・ヒラサワ,https://www.billboard-japan.com/charts/detail?a=hot100&year=2014&month=05&day=19
2014,hot100,2014-05-14,89,アイネクライネ,米津玄師,https://www.billboard-japan.com/charts/detail?a=hot100&year=2014&month=05&day=19
2014,hot100,2014-05-14,90,烈車戦隊トッキュウジャー,伊勢大貴,https://www.billboard-japan.com/charts/detail?a=hot100&year=2014&month=05&day=19
2014,hot100,2014-05-14,91,静かな伝説(レジェンド),竹内まりや,https://www.billboard-japan.com/charts/detail?a=hot100&year=2014&month=05&day=19
2014,hot100,2014-05-14,92,Day to Story,佐土原かおり,https://www.billboard-japan.com/charts/detail?a=hot100&year=2014&month=05&day=19
2014,hot100,2014-05-14,93,イーハトーヴの風〜reborn〜,あんべ光俊 feat.臼澤みさき,https://www.billboard-japan.com/charts/detail?a=hot100&year=2014&month=05&day=19
2014,hot100,2014-05-14,94,サマー,カルヴィン・ハリス,https://www.billboard-japan.com/charts/detail?a=hot100&year=2014&month=05&day=19
2014,hot100,2014-05-14,95,愛しき人へ,寿嶺二(森久保祥太郎),https://www.billboard-japan.com/charts/detail?a=hot100&year=2014&month=05&day=19
2014,hot100,2014-05-14,96,Neon Sign Stomp,EGO-WRAPPIN',https://www.billboard-japan.com/charts/detail?a=hot100&year=2014&month=05&day=19
2014,hot100,2014-05-14,97,時空を超え 宇宙を超え,モーニング娘。'14,https://www.billboard-japan.com/charts/detail?a=hot100&year=2014&month=05&day=19
2014,hot100,2014-05-14,98,家族になろうよ,福山雅治,https://www.billboard-japan.com/charts/detail?a=hot100&year=2014&month=05&day=19
2014,hot100,2014-05-14,99,創傷イノセンス,内田真礼,https://www.billboard-japan.com/charts/detail?a=hot100&year=2014&month=05&day=19
2014,hot100,2014-05-14,100,Keep on Lovin' You,palet,https://www.billboard-japan.com/charts/detail?a=hot100&year=2014&month=05&day=19
2014,hot100,2014-05-21,1,King & Queen & Joker,Sexy Zone,https://www.billboard-japan.com/charts/detail?a=hot100&year=2014&month=05&day=26
2014,hot100,2014-05-21,2,GUTS!,嵐,https://www.billboard-japan.com/charts/detail?a=hot100&year=2014&month=05&day=26
2014,hot100,2014-05-21,3,誰も知らない,嵐,https://www.billboard-japan.com/charts/detail?a=hot100&year=2014&month=05&day=26
2014,hot100,2014-05-21,4,輝け,ファンキー加藤,https://www.billboard-japan.com/charts/detail?a=hot100&year=2014&month=05&day=26
2014,hot100,2014-05-21,5,レット・イット・ゴー〜ありのままで〜,松たか子,https://www.billboard-japan.com/charts/detail?a=hot100&year=2014&month=05&day=26
2014,hot100,2014-05-21,6,ハッピー,ファレル・ウィリアムス,https://www.billboard-japan.com/charts/detail?a=hot100&year=2014&month=05&day=26
2014,hot100,2014-05-21,7,Live,Superfly,https://www.billboard-japan.com/charts/detail?a=hot100&year=2014&month=05&day=26
2014,hot100,2014-05-21,8,泣いてもいいんだよ,ももいろクローバーZ,https://www.billboard-japan.com/charts/detail?a=hot100&year=2014&month=05&day=26
2014,hot100,2014-05-21,9,Let It Go〜ありのままで〜,May J.,https://www.billboard-japan.com/charts/detail?a=hot100&year=2014&month=05&day=26
2014,hot100,2014-05-21,10,Rising Hope,LiSA,https://www.billboard-japan.com/charts/detail?a=hot100&year=2014&month=05&day=26
2014,hot100,2014-05-21,11,black bullet,fripSide,https://www.billboard-japan.com/charts/detail?a=hot100&year=2014&month=05&day=26
2014,hot100,2014-05-21,12,ラヴ・ネヴァー・フェルト・ソー・グッド,マイケル・ジャクソン,https://www.billboard-japan.com/charts/detail?a=hot100&year=2014&month=05&day=26
2014,hot100,2014-05-21,13,炎と森のカーニバル,SEKAI NO OWARI,https://www.billboard-japan.com/charts/detail?a=hot100&year=2014&month=05&day=26
2014,hot100,2014-05-21,14,いいくらし,チームしゃちほこ,https://www.billboard-japan.com/charts/detail?a=hot100&year=2014&month=05&day=26
2014,hot100,2014-05-21,15,イマジネーション,SPYAIR,https://www.billboard-japan.com/charts/detail?a=hot100&year=2014&month=05&day=26
2014,hot100,2014-05-21,16,Dear☆Stageへようこそ,でんぱ組.inc,https://www.billboard-japan.com/charts/detail?a=hot100&year=2014&month=05&day=26
2014,hot100,2014-05-21,17,寝癖,クリープハイプ,https://www.billboard-japan.com/charts/detail?a=hot100&year=2014&month=05&day=26
2014,hot100,2014-05-21,18,美少女,吉澤嘉代子,https://www.billboard-japan.com/charts/detail?a=hot100&year=2014&month=05&day=26
2014,hot100,2014-05-21,19,レット・イット・ゴー,イディナ・メンゼル,https://www.billboard-japan.com/charts/detail?a=hot100&year=2014&month=05&day=26
2014,hot100,2014-05-21,20,ラブラドール・レトリバー,AKB48,https://www.billboard-japan.com/charts/detail?a=hot100&year=2014&month=05&day=26
2014,hot100,2014-05-21,21,ア・スカイ・フル・オブ・スターズ,コールドプレイ,https://www.billboard-japan.com/charts/detail?a=hot100&year=2014&month=05&day=26
2014,hot100,2014-05-21,22,LOVE & HATE,Jun.K(From 2PM),https://www.billboard-japan.com/charts/detail?a=hot100&year=2014&month=05&day=26
2014,hot100,2014-05-21,23,形而上 流星,BUCK-TICK,https://www.billboard-japan.com/charts/detail?a=hot100&year=2014&month=05&day=26
2014,hot100,2014-05-21,24,どんなときもずっと,μ's,https://www.billboard-japan.com/charts/detail?a=hot100&year=2014&month=05&day=26
2014,hot100,2014-05-21,25,オン・アワ・ウェイ,ロイヤル・コンセプト,https://www.billboard-japan.com/charts/detail?a=hot100&year=2014&month=05&day=26
2014,hot100,2014-05-21,26,ゲラゲラポーのうた,キング・クリームソーダ,https://www.billboard-japan.com/charts/detail?a=hot100&year=2014&month=05&day=26
2014,hot100,2014-05-21,27,インヴィジブル〜キミはひとりきりじゃない〜,ハンター・ヘイズ,https://www.billboard-japan.com/charts/detail?a=hot100&year=2014&month=05&day=26
2014,hot100,2014-05-21,28,LIFE,スガシカオ,https://www.billboard-japan.com/charts/detail?a=hot100&year=2014&month=05&day=26
2014,hot100,2014-05-21,29,Hello new me,浜崎あゆみ,https://www.billboard-japan.com/charts/detail?a=hot100&year=2014&month=05&day=26
2014,hot100,2014-05-21,30,R.Y.U.S.E.I,三代目 J Soul Brothers from EXILE TRIBE,https://www.billboard-japan.com/charts/detail?a=hot100&year=2014&month=05&day=26
2014,hot100,2014-05-21,31,風,GReeeeN,https://www.billboard-japan.com/charts/detail?a=hot100&year=2014&month=05&day=26
2014,hot100,2014-05-21,32,グロテスク feat.安室奈美恵,平井堅,https://www.billboard-japan.com/charts/detail?a=hot100&year=2014&month=05&day=26
2014,hot100,2014-05-21,33,ぶっちゃけRock'n はっちゃけRoll,ベイビーレイズ,https://www.billboard-japan.com/charts/detail?a=hot100&year=2014&month=05&day=26
2014,hot100,2014-05-21,34,にじいろ,絢香,https://www.billboard-japan.com/charts/detail?a=hot100&year=2014&month=05&day=26
2014,hot100,2014-05-21,35,花道!!ア〜ンビシャス,SUPER☆GiRLS,https://www.billboard-japan.com/charts/detail?a=hot100&year=2014&month=05&day=26
2014,hot100,2014-05-21,36,ラヴ・ネヴァー・フェルト・ソー・グッド feat.ジャスティン・ティンバーレイク,マイケル・ジャクソン,https://www.billboard-japan.com/charts/detail?a=hot100&year=2014&month=05&day=26
2014,hot100,2014-05-21,37,Hello,USAGI,https://www.billboard-japan.com/charts/detail?a=hot100&year=2014&month=05&day=26
2014,hot100,2014-05-21,38,ウィー・アー・ワン(オーレ・オーラ),ピットブル feat.ジェニファー・ロペス & クラウディア・レイチ,https://www.billboard-japan.com/charts/detail?a=hot100&year=2014&month=05&day=26
2014,hot100,2014-05-21,39,掌-show-,喜多村英梨,https://www.billboard-japan.com/charts/detail?a=hot100&year=2014&month=05&day=26
2014,hot100,2014-05-21,40,生まれてはじめて,"神田沙也加,松たか子",https://www.billboard-japan.com/charts/detail?a=hot100&year=2014&month=05&day=26
2014,hot100,2014-05-21,41,恋のマシンガン,東京カランコロン,https://www.billboard-japan.com/charts/detail?a=hot100&year=2014&month=05&day=26
2014,hot100,2014-05-21,42,ええじゃないか,ジャニーズWEST,https://www.billboard-japan.com/charts/detail?a=hot100&year=2014&month=05&day=26
2014,hot100,2014-05-21,43,拝啓、ツラツストラ,グッドモーニングアメリカ,https://www.billboard-japan.com/charts/detail?a=hot100&year=2014&month=05&day=26
2014,hot100,2014-05-21,44,Jewel,moumoon,https://www.billboard-japan.com/charts/detail?a=hot100&year=2014&month=05&day=26
2014,hot100,2014-05-21,45,また恋をすることなど,Ms.OOJA,https://www.billboard-japan.com/charts/detail?a=hot100&year=2014&month=05&day=26
2014,hot100,2014-05-21,46,oh my love,稲葉浩志,https://www.billboard-japan.com/charts/detail?a=hot100&year=2014&month=05&day=26
2014,hot100,2014-05-21,47,気づいたら片想い,乃木坂46,https://www.billboard-japan.com/charts/detail?a=hot100&year=2014&month=05&day=26
2014,hot100,2014-05-21,48,We Are Never Ever Getting Back Together,MACO,https://www.billboard-japan.com/charts/detail?a=hot100&year=2014&month=05&day=26
2014,hot100,2014-05-21,49,微かな密かな確かなミライ,スフィア,https://www.billboard-japan.com/charts/detail?a=hot100&year=2014&month=05&day=26
2014,hot100,2014-05-21,50,プロブレム feat.イギー・アゼリア,アリアナ・グランデ,https://www.billboard-japan.com/charts/detail?a=hot100&year=2014&month=05&day=26
2014,hot100,2014-05-21,51,Oh JANE,片平里菜,https://www.billboard-japan.com/charts/detail?a=hot100&year=2014&month=05&day=26
2014,hot100,2014-05-21,52,それは僕たちの奇跡,μ's,https://www.billboard-japan.com/charts/detail?a=hot100&year=2014&month=05&day=26
2014,hot100,2014-05-21,53,フルドライブ,KANA-BOON,https://www.billboard-japan.com/charts/detail?a=hot100&year=2014&month=05&day=26
2014,hot100,2014-05-21,54,ビリーバーズ・ハイ,flumpool,https://www.billboard-japan.com/charts/detail?a=hot100&year=2014&month=05&day=26
2014,hot100,2014-05-21,55,雪だるまつくろう,"神田沙也加,稲葉菜月,諸星すみれ",https://www.billboard-japan.com/charts/detail?a=hot100&year=2014&month=05&day=26
2014,hot100,2014-05-21,56,RPG,SEKAI NO OWARI,https://www.billboard-japan.com/charts/detail?a=hot100&year=2014&month=05&day=26
2014,hot100,2014-05-21,57,Tomorrows,BREATHE,https://www.billboard-japan.com/charts/detail?a=hot100&year=2014&month=05&day=26
2014,hot100,2014-05-21,58,エア・バルーン,リリー・アレン,https://www.billboard-japan.com/charts/detail?a=hot100&year=2014&month=05&day=26
2014,hot100,2014-05-21,59,Neon Sign Stomp,EGO-WRAPPIN',https://www.billboard-japan.com/charts/detail?a=hot100&year=2014&month=05&day=26
2014,hot100,2014-05-21,60,Colourful,NIKIIE,https://www.billboard-japan.com/charts/detail?a=hot100&year=2014&month=05&day=26
2014,hot100,2014-05-21,61,病ンデル彼女,R指定,https://www.billboard-japan.com/charts/detail?a=hot100&year=2014&month=05&day=26
2014,hot100,2014-05-21,62,瞳のシャッター,ももちひろこ,https://www.billboard-japan.com/charts/detail?a=hot100&year=2014&month=05&day=26
2014,hot100,2014-05-21,63,醒めながら見る夢,堂珍嘉邦,https://www.billboard-japan.com/charts/detail?a=hot100&year=2014&month=05&day=26
2014,hot100,2014-05-21,64,ファミリーパーティー,きゃりーぱみゅぱみゅ,https://www.billboard-japan.com/charts/detail?a=hot100&year=2014&month=05&day=26
2014,hot100,2014-05-21,65,STAND PROUD,橋本仁,https://www.billboard-japan.com/charts/detail?a=hot100&year=2014&month=05&day=26
2014,hot100,2014-05-21,66,セイム・オル,ヘヴィー,https://www.billboard-japan.com/charts/detail?a=hot100&year=2014&month=05&day=26
2014,hot100,2014-05-21,67,とびら開けて,"神田沙也加,津田英佑",https://www.billboard-japan.com/charts/detail?a=hot100&year=2014&month=05&day=26
2014,hot100,2014-05-21,68,明日の歌,aiko,https://www.billboard-japan.com/charts/detail?a=hot100&year=2014&month=05&day=26
2014,hot100,2014-05-21,69,シング,エド・シーラン,https://www.billboard-japan.com/charts/detail?a=hot100&year=2014&month=05&day=26
2014,hot100,2014-05-21,70,聖剣なんていらない,榊原ゆい,https://www.billboard-japan.com/charts/detail?a=hot100&year=2014&month=05&day=26
2014,hot100,2014-05-21,71,コール・ミー,Drop's,https://www.billboard-japan.com/charts/detail?a=hot100&year=2014&month=05&day=26
2014,hot100,2014-05-21,72,明日への賛歌,flumpool,https://www.billboard-japan.com/charts/detail?a=hot100&year=2014&month=05&day=26
2014,hot100,2014-05-21,73,Nobody,CREAM,https://www.billboard-japan.com/charts/detail?a=hot100&year=2014&month=05&day=26
2014,hot100,2014-05-21,74,T字路,小泉今日子 & 中井貴一,https://www.billboard-japan.com/charts/detail?a=hot100&year=2014&month=05&day=26
2014,hot100,2014-05-21,75,シドニア,angela,https://www.billboard-japan.com/charts/detail?a=hot100&year=2014&month=05&day=26
2014,hot100,2014-05-21,76,ストーリー・オブ・マイ・ライフ,ワン・ダイレクション,https://www.billboard-japan.com/charts/detail?a=hot100&year=2014&month=05&day=26
2014,hot100,2014-05-21,77,Goodtime,SALU,https://www.billboard-japan.com/charts/detail?a=hot100&year=2014&month=05&day=26
2014,hot100,2014-05-21,78,私たちは絶対に絶対にヨリを戻したりしない,テイラー・スウィフト,https://www.billboard-japan.com/charts/detail?a=hot100&year=2014&month=05&day=26
2014,hot100,2014-05-21,79,恋するフォーチュンクッキー,AKB48,https://www.billboard-japan.com/charts/detail?a=hot100&year=2014&month=05&day=26
2014,hot100,2014-05-21,80,ヒット・ミー,ダーティ・ループス,https://www.billboard-japan.com/charts/detail?a=hot100&year=2014&month=05&day=26
2014,hot100,2014-05-21,81,Diamond days〜ココロノツバサ〜,上野優華,https://www.billboard-japan.com/charts/detail?a=hot100&year=2014&month=05&day=26
2014,hot100,2014-05-21,82,天地ガエシ,NICO Touches the Walls,https://www.billboard-japan.com/charts/detail?a=hot100&year=2014&month=05&day=26
2014,hot100,2014-05-21,83,We Don't Stop,西野カナ,https://www.billboard-japan.com/charts/detail?a=hot100&year=2014&month=05&day=26
2014,hot100,2014-05-21,84,アイネクライネ,米津玄師,https://www.billboard-japan.com/charts/detail?a=hot100&year=2014&month=05&day=26
2014,hot100,2014-05-21,85,太陽と花,高橋優,https://www.billboard-japan.com/charts/detail?a=hot100&year=2014&month=05&day=26
2014,hot100,2014-05-21,86,HAPPIEST FOOL,マイア・ヒラサワ,https://www.billboard-japan.com/charts/detail?a=hot100&year=2014&month=05&day=26
2014,hot100,2014-05-21,87,JUICY LOVE,Happiness,https://www.billboard-japan.com/charts/detail?a=hot100&year=2014&month=05&day=26
2014,hot100,2014-05-21,88,My Sweet Shelter,"河合律(花澤香菜),錦野麻弓(佐藤利奈),渡辺彩花(金元寿子)",https://www.billboard-japan.com/charts/detail?a=hot100&year=2014&month=05&day=26
2014,hot100,2014-05-21,89,愛をこめて花束を,Superfly,https://www.billboard-japan.com/charts/detail?a=hot100&year=2014&month=05&day=26
2014,hot100,2014-05-21,90,君が誰かの彼女になりくさっても,天才バンド,https://www.billboard-japan.com/charts/detail?a=hot100&year=2014&month=05&day=26
2014,hot100,2014-05-21,91,NEVER LET YOU GO,GENERATIONS from EXILE TRIBE,https://www.billboard-japan.com/charts/detail?a=hot100&year=2014&month=05&day=26
2014,hot100,2014-05-21,92,春風,Rihwa,https://www.billboard-japan.com/charts/detail?a=hot100&year=2014&month=05&day=26
2014,hot100,2014-05-21,93,サマー,カルヴィン・ハリス,https://www.billboard-japan.com/charts/detail?a=hot100&year=2014&month=05&day=26
2014,hot100,2014-05-21,94,イーハトーヴの風〜reborn〜,あんべ光俊 feat.臼澤みさき,https://www.billboard-japan.com/charts/detail?a=hot100&year=2014&month=05&day=26
2014,hot100,2014-05-21,95,mi-chi,ウカスカジー,https://www.billboard-japan.com/charts/detail?a=hot100&year=2014&month=05&day=26
2014,hot100,2014-05-21,96,イッツ・オン・アゲイン,アリシア・キーズ feat.ケンドリック・ラマー,https://www.billboard-japan.com/charts/detail?a=hot100&year=2014&month=05&day=26
2014,hot100,2014-05-21,97,あやめ雨情,三山ひろし,https://www.billboard-japan.com/charts/detail?a=hot100&year=2014&month=05&day=26
2014,hot100,2014-05-21,98,カリフォルニー,ケツメイシ,https://www.billboard-japan.com/charts/detail?a=hot100&year=2014&month=05&day=26
2014,hot100,2014-05-21,99,STEP,ClariS,https://www.billboard-japan.com/charts/detail?a=hot100&year=2014&month=05&day=26
2014,hot100,2014-05-21,100,青春の瞬き,椎名林檎,https://www.billboard-japan.com/charts/detail?a=hot100&year=2014&month=05&day=26
2014,hot100,2014-05-28,1,ラブラドール・レトリバー,AKB48,https://www.billboard-japan.com/charts/detail?a=hot100&year=2014&month=06&day=02
2014,hot100,2014-05-28,2,We Don't Stop,西野カナ,https://www.billboard-japan.com/charts/detail?a=hot100&year=2014&month=06&day=02
2014,hot100,2014-05-28,3,GUTS!,嵐,https://www.billboard-japan.com/charts/detail?a=hot100&year=2014&month=06&day=02
2014,hot100,2014-05-28,4,放たれる,Mr.Children,https://www.billboard-japan.com/charts/detail?a=hot100&year=2014&month=06&day=02
2014,hot100,2014-05-28,5,フルドライブ,KANA-BOON,https://www.billboard-japan.com/charts/detail?a=hot100&year=2014&month=06&day=02
2014,hot100,2014-05-28,6,レット・イット・ゴー〜ありのままで〜,松たか子,https://www.billboard-japan.com/charts/detail?a=hot100&year=2014&month=06&day=02
2014,hot100,2014-05-28,7,ハッピー,ファレル・ウィリアムス,https://www.billboard-japan.com/charts/detail?a=hot100&year=2014&month=06&day=02
2014,hot100,2014-05-28,8,誰も知らない,嵐,https://www.billboard-japan.com/charts/detail?a=hot100&year=2014&month=06&day=02
2014,hot100,2014-05-28,9,This game,鈴木このみ,https://www.billboard-japan.com/charts/detail?a=hot100&year=2014&month=06&day=02
2014,hot100,2014-05-28,10,black bullet,fripSide,https://www.billboard-japan.com/charts/detail?a=hot100&year=2014&month=06&day=02
2014,hot100,2014-05-28,11,奏(かなで),藤宮香織(雨宮天),https://www.billboard-japan.com/charts/detail?a=hot100&year=2014&month=06&day=02
2014,hot100,2014-05-28,12,ラヴ・ネヴァー・フェルト・ソー・グッド,マイケル・ジャクソン,https://www.billboard-japan.com/charts/detail?a=hot100&year=2014&month=06&day=02
2014,hot100,2014-05-28,13,喧嘩上等,氣志團,https://www.billboard-japan.com/charts/detail?a=hot100&year=2014&month=06&day=02
2014,hot100,2014-05-28,14,ア・スカイ・フル・オブ・スターズ,コールドプレイ,https://www.billboard-japan.com/charts/detail?a=hot100&year=2014&month=06&day=02
2014,hot100,2014-05-28,15,King & Queen & Joker,Sexy Zone,https://www.billboard-japan.com/charts/detail?a=hot100&year=2014&month=06&day=02
2014,hot100,2014-05-28,16,"LOVE,HOLIDAY.",TOKIO,https://www.billboard-japan.com/charts/detail?a=hot100&year=2014&month=06&day=02
2014,hot100,2014-05-28,17,StarRingChild,Aimer(エメ),https://www.billboard-japan.com/charts/detail?a=hot100&year=2014&month=06&day=02
2014,hot100,2014-05-28,18,輝け,ファンキー加藤,https://www.billboard-japan.com/charts/detail?a=hot100&year=2014&month=06&day=02
2014,hot100,2014-05-28,19,イマジネーション,SPYAIR,https://www.billboard-japan.com/charts/detail?a=hot100&year=2014&month=06&day=02
2014,hot100,2014-05-28,20,Rising Hope,LiSA,https://www.billboard-japan.com/charts/detail?a=hot100&year=2014&month=06&day=02
2014,hot100,2014-05-28,21,炎と森のカーニバル,SEKAI NO OWARI,https://www.billboard-japan.com/charts/detail?a=hot100&year=2014&month=06&day=02
2014,hot100,2014-05-28,22,勝利の笑みを君と,ウカスカジー,https://www.billboard-japan.com/charts/detail?a=hot100&year=2014&month=06&day=02
2014,hot100,2014-05-28,23,Believe in yourself,阿部真央,https://www.billboard-japan.com/charts/detail?a=hot100&year=2014&month=06&day=02
2014,hot100,2014-05-28,24,oh my love,稲葉浩志,https://www.billboard-japan.com/charts/detail?a=hot100&year=2014&month=06&day=02
2014,hot100,2014-05-28,25,99は終わらない,郷ひろみ,https://www.billboard-japan.com/charts/detail?a=hot100&year=2014&month=06&day=02
2014,hot100,2014-05-28,26,泣いてもいいんだよ,ももいろクローバーZ,https://www.billboard-japan.com/charts/detail?a=hot100&year=2014&month=06&day=02
2014,hot100,2014-05-28,27,LIFE,スガシカオ,https://www.billboard-japan.com/charts/detail?a=hot100&year=2014&month=06&day=02
2014,hot100,2014-05-28,28,風,GReeeeN,https://www.billboard-japan.com/charts/detail?a=hot100&year=2014&month=06&day=02
2014,hot100,2014-05-28,29,虹のかけら,昆夏美,https://www.billboard-japan.com/charts/detail?a=hot100&year=2014&month=06&day=02
2014,hot100,2014-05-28,30,Let It Go〜ありのままで〜,May J.,https://www.billboard-japan.com/charts/detail?a=hot100&year=2014&month=06&day=02
2014,hot100,2014-05-28,31,シドニア,angela,https://www.billboard-japan.com/charts/detail?a=hot100&year=2014&month=06&day=02
2014,hot100,2014-05-28,32,アストライド,スガシカオ,https://www.billboard-japan.com/charts/detail?a=hot100&year=2014&month=06&day=02
2014,hot100,2014-05-28,33,Goodtime,SALU,https://www.billboard-japan.com/charts/detail?a=hot100&year=2014&month=06&day=02
2014,hot100,2014-05-28,34,Neon Sign Stomp,EGO-WRAPPIN',https://www.billboard-japan.com/charts/detail?a=hot100&year=2014&month=06&day=02
2014,hot100,2014-05-28,35,SAY YES,CHAGE&ASKA,https://www.billboard-japan.com/charts/detail?a=hot100&year=2014&month=06&day=02
2014,hot100,2014-05-28,36,ラヴ・ネヴァー・フェルト・ソー・グッド feat.ジャスティン・ティンバーレイク,マイケル・ジャクソン,https://www.billboard-japan.com/charts/detail?a=hot100&year=2014&month=06&day=02
2014,hot100,2014-05-28,37,レット・イット・ゴー,イディナ・メンゼル,https://www.billboard-japan.com/charts/detail?a=hot100&year=2014&month=06&day=02
2014,hot100,2014-05-28,38,Live,Superfly,https://www.billboard-japan.com/charts/detail?a=hot100&year=2014&month=06&day=02
2014,hot100,2014-05-28,39,オラシオン,白(茅野愛衣),https://www.billboard-japan.com/charts/detail?a=hot100&year=2014&month=06&day=02
2014,hot100,2014-05-28,40,ヒーロー,ウルフルズ,https://www.billboard-japan.com/charts/detail?a=hot100&year=2014&month=06&day=02
2014,hot100,2014-05-28,41,Hold Your Hand,Perfume,https://www.billboard-japan.com/charts/detail?a=hot100&year=2014&month=06&day=02
2014,hot100,2014-05-28,42,インヴィジブル〜キミはひとりきりじゃない〜,ハンター・ヘイズ,https://www.billboard-japan.com/charts/detail?a=hot100&year=2014&month=06&day=02
2014,hot100,2014-05-28,43,キャン・ウィー・ダンス,ザ・ヴァンプス,https://www.billboard-japan.com/charts/detail?a=hot100&year=2014&month=06&day=02
2014,hot100,2014-05-28,44,にじいろ,絢香,https://www.billboard-japan.com/charts/detail?a=hot100&year=2014&month=06&day=02
2014,hot100,2014-05-28,45,RPG,SEKAI NO OWARI,https://www.billboard-japan.com/charts/detail?a=hot100&year=2014&month=06&day=02
2014,hot100,2014-05-28,46,ゲラゲラポーのうた,キング・クリームソーダ,https://www.billboard-japan.com/charts/detail?a=hot100&year=2014&month=06&day=02
2014,hot100,2014-05-28,47,明日の歌,aiko,https://www.billboard-japan.com/charts/detail?a=hot100&year=2014&month=06&day=02
2014,hot100,2014-05-28,48,明日への賛歌,flumpool,https://www.billboard-japan.com/charts/detail?a=hot100&year=2014&month=06&day=02
2014,hot100,2014-05-28,49,グロテスク feat.安室奈美恵,平井堅,https://www.billboard-japan.com/charts/detail?a=hot100&year=2014&month=06&day=02
2014,hot100,2014-05-28,50,オン・アワ・ウェイ,ロイヤル・コンセプト,https://www.billboard-japan.com/charts/detail?a=hot100&year=2014&month=06&day=02
2014,hot100,2014-05-28,51,ビリーバーズ・ハイ,flumpool,https://www.billboard-japan.com/charts/detail?a=hot100&year=2014&month=06&day=02
2014,hot100,2014-05-28,52,メロディ・メーカー,7!!,https://www.billboard-japan.com/charts/detail?a=hot100&year=2014&month=06&day=02
2014,hot100,2014-05-28,53,太陽と花,高橋優,https://www.billboard-japan.com/charts/detail?a=hot100&year=2014&month=06&day=02
2014,hot100,2014-05-28,54,恋するフォーチュンクッキー,AKB48,https://www.billboard-japan.com/charts/detail?a=hot100&year=2014&month=06&day=02
2014,hot100,2014-05-28,55,モアモア,大塚愛,https://www.billboard-japan.com/charts/detail?a=hot100&year=2014&month=06&day=02
2014,hot100,2014-05-28,56,Colourful,NIKIIE,https://www.billboard-japan.com/charts/detail?a=hot100&year=2014&month=06&day=02
2014,hot100,2014-05-28,57,十字架,東京女子流,https://www.billboard-japan.com/charts/detail?a=hot100&year=2014&month=06&day=02
2014,hot100,2014-05-28,58,プロブレム feat.イギー・アゼリア,アリアナ・グランデ,https://www.billboard-japan.com/charts/detail?a=hot100&year=2014&month=06&day=02
2014,hot100,2014-05-28,59,生まれてはじめて,"神田沙也加,松たか子",https://www.billboard-japan.com/charts/detail?a=hot100&year=2014&month=06&day=02
2014,hot100,2014-05-28,60,Glory Road,チーム箱根学園,https://www.billboard-japan.com/charts/detail?a=hot100&year=2014&month=06&day=02
2014,hot100,2014-05-28,61,ウィー・アー・ワン(オーレ・オーラ),ピットブル feat.ジェニファー・ロペス & クラウディア・レイチ,https://www.billboard-japan.com/charts/detail?a=hot100&year=2014&month=06&day=02
2014,hot100,2014-05-28,62,美少女,吉澤嘉代子,https://www.billboard-japan.com/charts/detail?a=hot100&year=2014&month=06&day=02
2014,hot100,2014-05-28,63,ええじゃないか,ジャニーズWEST,https://www.billboard-japan.com/charts/detail?a=hot100&year=2014&month=06&day=02
2014,hot100,2014-05-28,64,花になれ,flumpool,https://www.billboard-japan.com/charts/detail?a=hot100&year=2014&month=06&day=02
2014,hot100,2014-05-28,65,ざんげの花道,ダウト,https://www.billboard-japan.com/charts/detail?a=hot100&year=2014&month=06&day=02
2014,hot100,2014-05-28,66,私たちは絶対に絶対にヨリを戻したりしない,テイラー・スウィフト,https://www.billboard-japan.com/charts/detail?a=hot100&year=2014&month=06&day=02
2014,hot100,2014-05-28,67,君に届け,flumpool,https://www.billboard-japan.com/charts/detail?a=hot100&year=2014&month=06&day=02
2014,hot100,2014-05-28,68,寝癖,クリープハイプ,https://www.billboard-japan.com/charts/detail?a=hot100&year=2014&month=06&day=02
2014,hot100,2014-05-28,69,YAH YAH YAH,CHAGE&ASKA,https://www.billboard-japan.com/charts/detail?a=hot100&year=2014&month=06&day=02
2014,hot100,2014-05-28,70,神様,FLOWER FLOWER,https://www.billboard-japan.com/charts/detail?a=hot100&year=2014&month=06&day=02
2014,hot100,2014-05-28,71,雪だるまつくろう,"神田沙也加,稲葉菜月,諸星すみれ",https://www.billboard-japan.com/charts/detail?a=hot100&year=2014&month=06&day=02
2014,hot100,2014-05-28,72,星のラブレター,THE BOOM,https://www.billboard-japan.com/charts/detail?a=hot100&year=2014&month=06&day=02
2014,hot100,2014-05-28,73,ストーリー・オブ・マイ・ライフ,ワン・ダイレクション,https://www.billboard-japan.com/charts/detail?a=hot100&year=2014&month=06&day=02
2014,hot100,2014-05-28,74,また恋をすることなど,Ms.OOJA,https://www.billboard-japan.com/charts/detail?a=hot100&year=2014&month=06&day=02
2014,hot100,2014-05-28,75,JUICY LOVE,Happiness,https://www.billboard-japan.com/charts/detail?a=hot100&year=2014&month=06&day=02
2014,hot100,2014-05-28,76,どんなときもずっと,μ's,https://www.billboard-japan.com/charts/detail?a=hot100&year=2014&month=06&day=02
2014,hot100,2014-05-28,77,幸せな日々を君と,清木場俊介,https://www.billboard-japan.com/charts/detail?a=hot100&year=2014&month=06&day=02
2014,hot100,2014-05-28,78,拝啓、ツラツストラ,グッドモーニングアメリカ,https://www.billboard-japan.com/charts/detail?a=hot100&year=2014&month=06&day=02
2014,hot100,2014-05-28,79,居酒屋ほたる,上杉香緒里,https://www.billboard-japan.com/charts/detail?a=hot100&year=2014&month=06&day=02
2014,hot100,2014-05-28,80,Hello new me,浜崎あゆみ,https://www.billboard-japan.com/charts/detail?a=hot100&year=2014&month=06&day=02
2014,hot100,2014-05-28,81,Be As One,チーム総北,https://www.billboard-japan.com/charts/detail?a=hot100&year=2014&month=06&day=02
2014,hot100,2014-05-28,82,T字路,小泉今日子 & 中井貴一,https://www.billboard-japan.com/charts/detail?a=hot100&year=2014&month=06&day=02
2014,hot100,2014-05-28,83,純粋なフジュンブツ,StylipS,https://www.billboard-japan.com/charts/detail?a=hot100&year=2014&month=06&day=02
2014,hot100,2014-05-28,84,STAND PROUD,橋本仁,https://www.billboard-japan.com/charts/detail?a=hot100&year=2014&month=06&day=02
2014,hot100,2014-05-28,85,NICE AND SLOW,THE BAWDIES,https://www.billboard-japan.com/charts/detail?a=hot100&year=2014&month=06&day=02
2014,hot100,2014-05-28,86,monochrome,Dancing Dolls,https://www.billboard-japan.com/charts/detail?a=hot100&year=2014&month=06&day=02
2014,hot100,2014-05-28,87,それは僕たちの奇跡,μ's,https://www.billboard-japan.com/charts/detail?a=hot100&year=2014&month=06&day=02
2014,hot100,2014-05-28,88,この惑星のすべて,The Mirraz,https://www.billboard-japan.com/charts/detail?a=hot100&year=2014&month=06&day=02
2014,hot100,2014-05-28,89,LOVE SONG,CHAGE&ASKA,https://www.billboard-japan.com/charts/detail?a=hot100&year=2014&month=06&day=02
2014,hot100,2014-05-28,90,We Are Never Ever Getting Back Together,MACO,https://www.billboard-japan.com/charts/detail?a=hot100&year=2014&month=06&day=02
2014,hot100,2014-05-28,91,Perfect HERO,Tom-H@ck feat.大石昌良,https://www.billboard-japan.com/charts/detail?a=hot100&year=2014&month=06&day=02
2014,hot100,2014-05-28,92,Hello,USAGI,https://www.billboard-japan.com/charts/detail?a=hot100&year=2014&month=06&day=02
2014,hot100,2014-05-28,93,とびら開けて,"神田沙也加,津田英佑",https://www.billboard-japan.com/charts/detail?a=hot100&year=2014&month=06&day=02
2014,hot100,2014-05-28,94,Song for,小園美樹,https://www.billboard-japan.com/charts/detail?a=hot100&year=2014&month=06&day=02
2014,hot100,2014-05-28,95,お月さんとおりゃんせ,あさみちゆき,https://www.billboard-japan.com/charts/detail?a=hot100&year=2014&month=06&day=02
2014,hot100,2014-05-28,96,恋のマシンガン,東京カランコロン,https://www.billboard-japan.com/charts/detail?a=hot100&year=2014&month=06&day=02
2014,hot100,2014-05-28,97,八方塞がり美人,空想委員会,https://www.billboard-japan.com/charts/detail?a=hot100&year=2014&month=06&day=02
2014,hot100,2014-05-28,98,LOVE SONG,ASKA,https://www.billboard-japan.com/charts/detail?a=hot100&year=2014&month=06&day=02
2014,hot100,2014-05-28,99,気づいたら片想い,乃木坂46,https://www.billboard-japan.com/charts/detail?a=hot100&year=2014&month=06&day=02
2014,hot100,2014-05-28,100,吾輩はオス猫である,Gero,https://www.billboard-japan.com/charts/detail?a=hot100&year=2014&month=06&day=02
2014,hot100,2014-06-04,1,誰も知らない,嵐,https://www.billboard-japan.com/charts/detail?a=hot100&year=2014&month=06&day=09
2014,hot100,2014-06-04,2,ラブラドール・レトリバー,AKB48,https://www.billboard-japan.com/charts/detail?a=hot100&year=2014&month=06&day=09
2014,hot100,2014-06-04,3,ユメノトビラ,μ's,https://www.billboard-japan.com/charts/detail?a=hot100&year=2014&month=06&day=09
2014,hot100,2014-06-04,4,GUTS!,嵐,https://www.billboard-japan.com/charts/detail?a=hot100&year=2014&month=06&day=09
2014,hot100,2014-06-04,5,太陽と花,高橋優,https://www.billboard-japan.com/charts/detail?a=hot100&year=2014&month=06&day=09
2014,hot100,2014-06-04,6,喧嘩上等,氣志團,https://www.billboard-japan.com/charts/detail?a=hot100&year=2014&month=06&day=09
2014,hot100,2014-06-04,7,放たれる,Mr.Children,https://www.billboard-japan.com/charts/detail?a=hot100&year=2014&month=06&day=09
2014,hot100,2014-06-04,8,レット・イット・ゴー〜ありのままで〜,松たか子,https://www.billboard-japan.com/charts/detail?a=hot100&year=2014&month=06&day=09
2014,hot100,2014-06-04,9,JUICY LOVE,Happiness,https://www.billboard-japan.com/charts/detail?a=hot100&year=2014&month=06&day=09
2014,hot100,2014-06-04,10,勝利の笑みを君と,ウカスカジー,https://www.billboard-japan.com/charts/detail?a=hot100&year=2014&month=06&day=09
2014,hot100,2014-06-04,11,Daydream cafe,Petit Rabbit's,https://www.billboard-japan.com/charts/detail?a=hot100&year=2014&month=06&day=09
2014,hot100,2014-06-04,12,ハッピー,ファレル・ウィリアムス,https://www.billboard-japan.com/charts/detail?a=hot100&year=2014&month=06&day=09
2014,hot100,2014-06-04,13,We Don't Stop,西野カナ,https://www.billboard-japan.com/charts/detail?a=hot100&year=2014&month=06&day=09
2014,hot100,2014-06-04,14,Not Bad,黒崎蘭丸(鈴木達央),https://www.billboard-japan.com/charts/detail?a=hot100&year=2014&month=06&day=09
2014,hot100,2014-06-04,15,明日の歌,aiko,https://www.billboard-japan.com/charts/detail?a=hot100&year=2014&month=06&day=09
2014,hot100,2014-06-04,16,フルドライブ,KANA-BOON,https://www.billboard-japan.com/charts/detail?a=hot100&year=2014&month=06&day=09
2014,hot100,2014-06-04,17,キュピ,アイドリング!!!,https://www.billboard-japan.com/charts/detail?a=hot100&year=2014&month=06&day=09
2014,hot100,2014-06-04,18,StarRingChild,Aimer(エメ),https://www.billboard-japan.com/charts/detail?a=hot100&year=2014&month=06&day=09
2014,hot100,2014-06-04,19,風,GReeeeN,https://www.billboard-japan.com/charts/detail?a=hot100&year=2014&month=06&day=09
2014,hot100,2014-06-04,20,スタートアップ!,BOYFRIEND,https://www.billboard-japan.com/charts/detail?a=hot100&year=2014&month=06&day=09
2014,hot100,2014-06-04,21,ラヴ・ネヴァー・フェルト・ソー・グッド,マイケル・ジャクソン,https://www.billboard-japan.com/charts/detail?a=hot100&year=2014&month=06&day=09
2014,hot100,2014-06-04,22,炎と森のカーニバル,SEKAI NO OWARI,https://www.billboard-japan.com/charts/detail?a=hot100&year=2014&month=06&day=09
2014,hot100,2014-06-04,23,アストライド,スガシカオ,https://www.billboard-japan.com/charts/detail?a=hot100&year=2014&month=06&day=09
2014,hot100,2014-06-04,24,Super Hero,フェアリーズ,https://www.billboard-japan.com/charts/detail?a=hot100&year=2014&month=06&day=09
2014,hot100,2014-06-04,25,Let It Go〜ありのままで〜,May J.,https://www.billboard-japan.com/charts/detail?a=hot100&year=2014&month=06&day=09
2014,hot100,2014-06-04,26,ア・スカイ・フル・オブ・スターズ,コールドプレイ,https://www.billboard-japan.com/charts/detail?a=hot100&year=2014&month=06&day=09
2014,hot100,2014-06-04,27,輝け,ファンキー加藤,https://www.billboard-japan.com/charts/detail?a=hot100&year=2014&month=06&day=09
2014,hot100,2014-06-04,28,This game,鈴木このみ,https://www.billboard-japan.com/charts/detail?a=hot100&year=2014&month=06&day=09
2014,hot100,2014-06-04,29,キャン・ウィー・ダンス,ザ・ヴァンプス,https://www.billboard-japan.com/charts/detail?a=hot100&year=2014&month=06&day=09
2014,hot100,2014-06-04,30,ADRENALINE,BEAST,https://www.billboard-japan.com/charts/detail?a=hot100&year=2014&month=06&day=09
2014,hot100,2014-06-04,31,Rising Hope,LiSA,https://www.billboard-japan.com/charts/detail?a=hot100&year=2014&month=06&day=09
2014,hot100,2014-06-04,32,King & Queen & Joker,Sexy Zone,https://www.billboard-japan.com/charts/detail?a=hot100&year=2014&month=06&day=09
2014,hot100,2014-06-04,33,black bullet,fripSide,https://www.billboard-japan.com/charts/detail?a=hot100&year=2014&month=06&day=09
2014,hot100,2014-06-04,34,ウィー・アー・ワン(オーレ・オーラ),ピットブル feat.ジェニファー・ロペス & クラウディア・レイチ,https://www.billboard-japan.com/charts/detail?a=hot100&year=2014&month=06&day=09
2014,hot100,2014-06-04,35,奏(かなで),藤宮香織(雨宮天),https://www.billboard-japan.com/charts/detail?a=hot100&year=2014&month=06&day=09
2014,hot100,2014-06-04,36,RPG,SEKAI NO OWARI,https://www.billboard-japan.com/charts/detail?a=hot100&year=2014&month=06&day=09
2014,hot100,2014-06-04,37,ラヴ・ネヴァー・フェルト・ソー・グッド feat.ジャスティン・ティンバーレイク,マイケル・ジャクソン,https://www.billboard-japan.com/charts/detail?a=hot100&year=2014&month=06&day=09
2014,hot100,2014-06-04,38,泣いてもいいんだよ,ももいろクローバーZ,https://www.billboard-japan.com/charts/detail?a=hot100&year=2014&month=06&day=09
2014,hot100,2014-06-04,39,イマジネーション,SPYAIR,https://www.billboard-japan.com/charts/detail?a=hot100&year=2014&month=06&day=09
2014,hot100,2014-06-04,40,ENDER ENDER,ムック,https://www.billboard-japan.com/charts/detail?a=hot100&year=2014&month=06&day=09
2014,hot100,2014-06-04,41,青春の瞬き,椎名林檎,https://www.billboard-japan.com/charts/detail?a=hot100&year=2014&month=06&day=09
2014,hot100,2014-06-04,42,Goodtime,SALU,https://www.billboard-japan.com/charts/detail?a=hot100&year=2014&month=06&day=09
2014,hot100,2014-06-04,43,Believe in yourself,阿部真央,https://www.billboard-japan.com/charts/detail?a=hot100&year=2014&month=06&day=09
2014,hot100,2014-06-04,44,ぽっぴんジャンプ♪,チマメ隊,https://www.billboard-japan.com/charts/detail?a=hot100&year=2014&month=06&day=09
2014,hot100,2014-06-04,45,FiNAL DANCE,BiS,https://www.billboard-japan.com/charts/detail?a=hot100&year=2014&month=06&day=09
2014,hot100,2014-06-04,46,インヴィジブル〜キミはひとりきりじゃない〜,ハンター・ヘイズ,https://www.billboard-japan.com/charts/detail?a=hot100&year=2014&month=06&day=09
2014,hot100,2014-06-04,47,レット・イット・ゴー,イディナ・メンゼル,https://www.billboard-japan.com/charts/detail?a=hot100&year=2014&month=06&day=09
2014,hot100,2014-06-04,48,ゲラゲラポーのうた,キング・クリームソーダ,https://www.billboard-japan.com/charts/detail?a=hot100&year=2014&month=06&day=09
2014,hot100,2014-06-04,49,Crazy Crazy,星野源,https://www.billboard-japan.com/charts/detail?a=hot100&year=2014&month=06&day=09
2014,hot100,2014-06-04,50,グロテスク feat.安室奈美恵,平井堅,https://www.billboard-japan.com/charts/detail?a=hot100&year=2014&month=06&day=09
2014,hot100,2014-06-04,51,にじいろ,絢香,https://www.billboard-japan.com/charts/detail?a=hot100&year=2014&month=06&day=09
2014,hot100,2014-06-04,52,LIFE,スガシカオ,https://www.billboard-japan.com/charts/detail?a=hot100&year=2014&month=06&day=09
2014,hot100,2014-06-04,53,オン・アワ・ウェイ,ロイヤル・コンセプト,https://www.billboard-japan.com/charts/detail?a=hot100&year=2014&month=06&day=09
2014,hot100,2014-06-04,54,シドニア,angela,https://www.billboard-japan.com/charts/detail?a=hot100&year=2014&month=06&day=09
2014,hot100,2014-06-04,55,99は終わらない,郷ひろみ,https://www.billboard-japan.com/charts/detail?a=hot100&year=2014&month=06&day=09
2014,hot100,2014-06-04,56,プロブレム feat.イギー・アゼリア,アリアナ・グランデ,https://www.billboard-japan.com/charts/detail?a=hot100&year=2014&month=06&day=09
2014,hot100,2014-06-04,57,美少女,吉澤嘉代子,https://www.billboard-japan.com/charts/detail?a=hot100&year=2014&month=06&day=09
2014,hot100,2014-06-04,58,"LOVE,HOLIDAY.",TOKIO,https://www.billboard-japan.com/charts/detail?a=hot100&year=2014&month=06&day=09
2014,hot100,2014-06-04,59,恋するフォーチュンクッキー,AKB48,https://www.billboard-japan.com/charts/detail?a=hot100&year=2014&month=06&day=09
2014,hot100,2014-06-04,60,その日がきたら,ハルカトミユキ,https://www.billboard-japan.com/charts/detail?a=hot100&year=2014&month=06&day=09
2014,hot100,2014-06-04,61,Hold Your Hand,Perfume,https://www.billboard-japan.com/charts/detail?a=hot100&year=2014&month=06&day=09
2014,hot100,2014-06-04,62,Song for,小園美樹,https://www.billboard-japan.com/charts/detail?a=hot100&year=2014&month=06&day=09
2014,hot100,2014-06-04,63,生まれてはじめて,"神田沙也加,松たか子",https://www.billboard-japan.com/charts/detail?a=hot100&year=2014&month=06&day=09
2014,hot100,2014-06-04,64,私たちは絶対に絶対にヨリを戻したりしない,テイラー・スウィフト,https://www.billboard-japan.com/charts/detail?a=hot100&year=2014&month=06&day=09
2014,hot100,2014-06-04,65,Colourful,NIKIIE,https://www.billboard-japan.com/charts/detail?a=hot100&year=2014&month=06&day=09
2014,hot100,2014-06-04,66,"""あのヒーローと""僕らについて",メレンゲ,https://www.billboard-japan.com/charts/detail?a=hot100&year=2014&month=06&day=09
2014,hot100,2014-06-04,67,oh my love,稲葉浩志,https://www.billboard-japan.com/charts/detail?a=hot100&year=2014&month=06&day=09
2014,hot100,2014-06-04,68,Live,Superfly,https://www.billboard-japan.com/charts/detail?a=hot100&year=2014&month=06&day=09
2014,hot100,2014-06-04,69,恋の津軽十三湖,長山洋子,https://www.billboard-japan.com/charts/detail?a=hot100&year=2014&month=06&day=09
2014,hot100,2014-06-04,70,スレイヴ・トゥ・ザ・リズム,マイケル・ジャクソン,https://www.billboard-japan.com/charts/detail?a=hot100&year=2014&month=06&day=09
2014,hot100,2014-06-04,71,八方塞がり美人,空想委員会,https://www.billboard-japan.com/charts/detail?a=hot100&year=2014&month=06&day=09
2014,hot100,2014-06-04,72,どんなときもずっと,μ's,https://www.billboard-japan.com/charts/detail?a=hot100&year=2014&month=06&day=09
2014,hot100,2014-06-04,73,Neon Sign Stomp,EGO-WRAPPIN',https://www.billboard-japan.com/charts/detail?a=hot100&year=2014&month=06&day=09
2014,hot100,2014-06-04,74,NICE AND SLOW,THE BAWDIES,https://www.billboard-japan.com/charts/detail?a=hot100&year=2014&month=06&day=09
2014,hot100,2014-06-04,75,明日への賛歌,flumpool,https://www.billboard-japan.com/charts/detail?a=hot100&year=2014&month=06&day=09
2014,hot100,2014-06-04,76,虹のかけら,昆夏美,https://www.billboard-japan.com/charts/detail?a=hot100&year=2014&month=06&day=09
2014,hot100,2014-06-04,77,君に届け,flumpool,https://www.billboard-japan.com/charts/detail?a=hot100&year=2014&month=06&day=09
2014,hot100,2014-06-04,78,ええじゃないか,ジャニーズWEST,https://www.billboard-japan.com/charts/detail?a=hot100&year=2014&month=06&day=09
2014,hot100,2014-06-04,79,それは僕たちの奇跡,μ's,https://www.billboard-japan.com/charts/detail?a=hot100&year=2014&month=06&day=09
2014,hot100,2014-06-04,80,お年玉〜TOUDAIMOTOKURASHI〜,味噌汁's,https://www.billboard-japan.com/charts/detail?a=hot100&year=2014&month=06&day=09
2014,hot100,2014-06-04,81,唯一人,爆弾ジョニー,https://www.billboard-japan.com/charts/detail?a=hot100&year=2014&month=06&day=09
2014,hot100,2014-06-04,82,モアモア,大塚愛,https://www.billboard-japan.com/charts/detail?a=hot100&year=2014&month=06&day=09
2014,hot100,2014-06-04,83,ストーリー・オブ・マイ・ライフ,ワン・ダイレクション,https://www.billboard-japan.com/charts/detail?a=hot100&year=2014&month=06&day=09
2014,hot100,2014-06-04,84,春の歌,ウカスカジー,https://www.billboard-japan.com/charts/detail?a=hot100&year=2014&month=06&day=09
2014,hot100,2014-06-04,85,オラシオン,白(茅野愛衣),https://www.billboard-japan.com/charts/detail?a=hot100&year=2014&month=06&day=09
2014,hot100,2014-06-04,86,The World is ours!,ナオト・インティライミ,https://www.billboard-japan.com/charts/detail?a=hot100&year=2014&month=06&day=09
2014,hot100,2014-06-04,87,雪だるまつくろう,"神田沙也加,稲葉菜月,諸星すみれ",https://www.billboard-japan.com/charts/detail?a=hot100&year=2014&month=06&day=09
2014,hot100,2014-06-04,88,ジーザスフレンド,N'夙川BOYS,https://www.billboard-japan.com/charts/detail?a=hot100&year=2014&month=06&day=09
2014,hot100,2014-06-04,89,ビリーバーズ・ハイ,flumpool,https://www.billboard-japan.com/charts/detail?a=hot100&year=2014&month=06&day=09
2014,hot100,2014-06-04,90,十字架,東京女子流,https://www.billboard-japan.com/charts/detail?a=hot100&year=2014&month=06&day=09
2014,hot100,2014-06-04,91,家族になろうよ,福山雅治,https://www.billboard-japan.com/charts/detail?a=hot100&year=2014&month=06&day=09
2014,hot100,2014-06-04,92,サヨナラ嘘ツキ,みみめめMIMI,https://www.billboard-japan.com/charts/detail?a=hot100&year=2014&month=06&day=09
2014,hot100,2014-06-04,93,Glory Road,チーム箱根学園,https://www.billboard-japan.com/charts/detail?a=hot100&year=2014&month=06&day=09
2014,hot100,2014-06-04,94,Virtual Insanity,平井堅,https://www.billboard-japan.com/charts/detail?a=hot100&year=2014&month=06&day=09
2014,hot100,2014-06-04,95,STAND PROUD,橋本仁,https://www.billboard-japan.com/charts/detail?a=hot100&year=2014&month=06&day=09
2014,hot100,2014-06-04,96,テン・フィート・トール feat.レイベル,アフロジャック,https://www.billboard-japan.com/charts/detail?a=hot100&year=2014&month=06&day=09
2014,hot100,2014-06-04,97,エア・バルーン,リリー・アレン,https://www.billboard-japan.com/charts/detail?a=hot100&year=2014&month=06&day=09
2014,hot100,2014-06-04,98,年貢 for you feat.旗本ひろし、足軽先生,レキシ,https://www.billboard-japan.com/charts/detail?a=hot100&year=2014&month=06&day=09
2014,hot100,2014-06-04,99,We Are Never Ever Getting Back Together,MACO,https://www.billboard-japan.com/charts/detail?a=hot100&year=2014&month=06&day=09
2014,hot100,2014-06-04,100,ファミリーパーティー,きゃりーぱみゅぱみゅ,https://www.billboard-japan.com/charts/detail?a=hot100&year=2014&month=06&day=09
2014,hot100,2014-06-11,1,In Fact,KAT-TUN,https://www.billboard-japan.com/charts/detail?a=hot100&year=2014&month=06&day=16
2014,hot100,2014-06-11,2,誰も知らない,嵐,https://www.billboard-japan.com/charts/detail?a=hot100&year=2014&month=06&day=16
2014,hot100,2014-06-11,3,ラブラドール・レトリバー,AKB48,https://www.billboard-japan.com/charts/detail?a=hot100&year=2014&month=06&day=16
2014,hot100,2014-06-11,4,GUTS!,嵐,https://www.billboard-japan.com/charts/detail?a=hot100&year=2014&month=06&day=16
2014,hot100,2014-06-11,5,陽だまりの道,コブクロ,https://www.billboard-japan.com/charts/detail?a=hot100&year=2014&month=06&day=16
2014,hot100,2014-06-11,6,NO MORE DREAM,BTS (防弾少年団),https://www.billboard-japan.com/charts/detail?a=hot100&year=2014&month=06&day=16
2014,hot100,2014-06-11,7,ハッピー,ファレル・ウィリアムス,https://www.billboard-japan.com/charts/detail?a=hot100&year=2014&month=06&day=16
2014,hot100,2014-06-11,8,喧嘩上等,氣志團,https://www.billboard-japan.com/charts/detail?a=hot100&year=2014&month=06&day=16
2014,hot100,2014-06-11,9,バタフライエフェクト,私立恵比寿中学,https://www.billboard-japan.com/charts/detail?a=hot100&year=2014&month=06&day=16
2014,hot100,2014-06-11,10,BACK TO THE FUTURE,EXILE SHOKICHI feat.VERBAL(m-flo) & SWAY,https://www.billboard-japan.com/charts/detail?a=hot100&year=2014&month=06&day=16
2014,hot100,2014-06-11,11,NIPPON,椎名林檎,https://www.billboard-japan.com/charts/detail?a=hot100&year=2014&month=06&day=16
2014,hot100,2014-06-11,12,レット・イット・ゴー〜ありのままで〜,松たか子,https://www.billboard-japan.com/charts/detail?a=hot100&year=2014&month=06&day=16
2014,hot100,2014-06-11,13,We Don't Stop,西野カナ,https://www.billboard-japan.com/charts/detail?a=hot100&year=2014&month=06&day=16
2014,hot100,2014-06-11,14,トコハナ,やなぎなぎ,https://www.billboard-japan.com/charts/detail?a=hot100&year=2014&month=06&day=16
2014,hot100,2014-06-11,15,放たれる,Mr.Children,https://www.billboard-japan.com/charts/detail?a=hot100&year=2014&month=06&day=16
2014,hot100,2014-06-11,16,勝利の笑みを君と,ウカスカジー,https://www.billboard-japan.com/charts/detail?a=hot100&year=2014&month=06&day=16
2014,hot100,2014-06-11,17,太陽と花,高橋優,https://www.billboard-japan.com/charts/detail?a=hot100&year=2014&month=06&day=16
2014,hot100,2014-06-11,18,愛はいつも君の中に,Berryz工房,https://www.billboard-japan.com/charts/detail?a=hot100&year=2014&month=06&day=16
2014,hot100,2014-06-11,19,Fighter,中島美嘉×加藤ミリヤ,https://www.billboard-japan.com/charts/detail?a=hot100&year=2014&month=06&day=16
2014,hot100,2014-06-11,20,T字路,小泉今日子 & 中井貴一,https://www.billboard-japan.com/charts/detail?a=hot100&year=2014&month=06&day=16
2014,hot100,2014-06-11,21,ラヴ・ネヴァー・フェルト・ソー・グッド,マイケル・ジャクソン,https://www.billboard-japan.com/charts/detail?a=hot100&year=2014&month=06&day=16
2014,hot100,2014-06-11,22,The World is ours!,ナオト・インティライミ,https://www.billboard-japan.com/charts/detail?a=hot100&year=2014&month=06&day=16
2014,hot100,2014-06-11,23,Song for,小園美樹,https://www.billboard-japan.com/charts/detail?a=hot100&year=2014&month=06&day=16
2014,hot100,2014-06-11,24,猛烈宇宙交響曲・第七楽章「無限の愛」(Emperor Style),ももいろクローバーZ feat.イングヴェイ・マルムスティーン,https://www.billboard-japan.com/charts/detail?a=hot100&year=2014&month=06&day=16
2014,hot100,2014-06-11,25,唯一人,爆弾ジョニー,https://www.billboard-japan.com/charts/detail?a=hot100&year=2014&month=06&day=16
2014,hot100,2014-06-11,26,CAN YOU CELEBRATE? feat.葉加瀬太郎,安室奈美恵,https://www.billboard-japan.com/charts/detail?a=hot100&year=2014&month=06&day=16
2014,hot100,2014-06-11,27,JUICY LOVE,Happiness,https://www.billboard-japan.com/charts/detail?a=hot100&year=2014&month=06&day=16
2014,hot100,2014-06-11,28,明日の歌,aiko,https://www.billboard-japan.com/charts/detail?a=hot100&year=2014&month=06&day=16
2014,hot100,2014-06-11,29,私たちは絶対に絶対にヨリを戻したりしない,テイラー・スウィフト,https://www.billboard-japan.com/charts/detail?a=hot100&year=2014&month=06&day=16
2014,hot100,2014-06-11,30,八方塞がり美人,空想委員会,https://www.billboard-japan.com/charts/detail?a=hot100&year=2014&month=06&day=16
2014,hot100,2014-06-11,31,天地ガエシ,NICO Touches the Walls,https://www.billboard-japan.com/charts/detail?a=hot100&year=2014&month=06&day=16
2014,hot100,2014-06-11,32,Crazy Crazy,星野源,https://www.billboard-japan.com/charts/detail?a=hot100&year=2014&month=06&day=16
2014,hot100,2014-06-11,33,炎と森のカーニバル,SEKAI NO OWARI,https://www.billboard-japan.com/charts/detail?a=hot100&year=2014&month=06&day=16
2014,hot100,2014-06-11,34,ジーザスフレンド,N'夙川BOYS,https://www.billboard-japan.com/charts/detail?a=hot100&year=2014&month=06&day=16
2014,hot100,2014-06-11,35,ONE-for the win-,NEWS,https://www.billboard-japan.com/charts/detail?a=hot100&year=2014&month=06&day=16
2014,hot100,2014-06-11,36,キャン・ウィー・ダンス,ザ・ヴァンプス,https://www.billboard-japan.com/charts/detail?a=hot100&year=2014&month=06&day=16
2014,hot100,2014-06-11,37,RPG,SEKAI NO OWARI,https://www.billboard-japan.com/charts/detail?a=hot100&year=2014&month=06&day=16
2014,hot100,2014-06-11,38,Rising Hope,LiSA,https://www.billboard-japan.com/charts/detail?a=hot100&year=2014&month=06&day=16
2014,hot100,2014-06-11,39,ユメノトビラ,μ's,https://www.billboard-japan.com/charts/detail?a=hot100&year=2014&month=06&day=16
2014,hot100,2014-06-11,40,Let It Go〜ありのままで〜,May J.,https://www.billboard-japan.com/charts/detail?a=hot100&year=2014&month=06&day=16
2014,hot100,2014-06-11,41,ア・スカイ・フル・オブ・スターズ,コールドプレイ,https://www.billboard-japan.com/charts/detail?a=hot100&year=2014&month=06&day=16
2014,hot100,2014-06-11,42,Do You Ever Shine?,Mayday,https://www.billboard-japan.com/charts/detail?a=hot100&year=2014&month=06&day=16
2014,hot100,2014-06-11,43,高尾山,北島三郎,https://www.billboard-japan.com/charts/detail?a=hot100&year=2014&month=06&day=16
2014,hot100,2014-06-11,44,アストライド,スガシカオ,https://www.billboard-japan.com/charts/detail?a=hot100&year=2014&month=06&day=16
2014,hot100,2014-06-11,45,フルドライブ,KANA-BOON,https://www.billboard-japan.com/charts/detail?a=hot100&year=2014&month=06&day=16
2014,hot100,2014-06-11,46,風,GReeeeN,https://www.billboard-japan.com/charts/detail?a=hot100&year=2014&month=06&day=16
2014,hot100,2014-06-11,47,ウィー・アー・ワン(オーレ・オーラ),ピットブル feat.ジェニファー・ロペス & クラウディア・レイチ,https://www.billboard-japan.com/charts/detail?a=hot100&year=2014&month=06&day=16
2014,hot100,2014-06-11,48,Jewelry Box,MiNo,https://www.billboard-japan.com/charts/detail?a=hot100&year=2014&month=06&day=16
2014,hot100,2014-06-11,49,わんだふるワールド,竹達彩奈,https://www.billboard-japan.com/charts/detail?a=hot100&year=2014&month=06&day=16
2014,hot100,2014-06-11,50,年貢 for you feat.旗本ひろし、足軽先生,レキシ,https://www.billboard-japan.com/charts/detail?a=hot100&year=2014&month=06&day=16
2014,hot100,2014-06-11,51,StarRingChild,Aimer(エメ),https://www.billboard-japan.com/charts/detail?a=hot100&year=2014&month=06&day=16
2014,hot100,2014-06-11,52,Like a flower,塩ノ谷早耶香,https://www.billboard-japan.com/charts/detail?a=hot100&year=2014&month=06&day=16
2014,hot100,2014-06-11,53,レット・イット・ゴー,イディナ・メンゼル,https://www.billboard-japan.com/charts/detail?a=hot100&year=2014&month=06&day=16
2014,hot100,2014-06-11,54,輝け,ファンキー加藤,https://www.billboard-japan.com/charts/detail?a=hot100&year=2014&month=06&day=16
2014,hot100,2014-06-11,55,This game,鈴木このみ,https://www.billboard-japan.com/charts/detail?a=hot100&year=2014&month=06&day=16
2014,hot100,2014-06-11,56,ゲラゲラポーのうた,キング・クリームソーダ,https://www.billboard-japan.com/charts/detail?a=hot100&year=2014&month=06&day=16
2014,hot100,2014-06-11,57,泣いてもいいんだよ,ももいろクローバーZ,https://www.billboard-japan.com/charts/detail?a=hot100&year=2014&month=06&day=16
2014,hot100,2014-06-11,58,プロブレム feat.イギー・アゼリア,アリアナ・グランデ,https://www.billboard-japan.com/charts/detail?a=hot100&year=2014&month=06&day=16
2014,hot100,2014-06-11,59,U・N・M・E・Iライブ,"春日未来(山崎はるか),最上静香(田所あずさ),箱崎星梨花(麻倉もも)",https://www.billboard-japan.com/charts/detail?a=hot100&year=2014&month=06&day=16
2014,hot100,2014-06-11,60,イマジネーション,SPYAIR,https://www.billboard-japan.com/charts/detail?a=hot100&year=2014&month=06&day=16
2014,hot100,2014-06-11,61,ラヴ・ネヴァー・フェルト・ソー・グッド feat.ジャスティン・ティンバーレイク,マイケル・ジャクソン,https://www.billboard-japan.com/charts/detail?a=hot100&year=2014&month=06&day=16
2014,hot100,2014-06-11,62,熱帯魚の涙,Flower,https://www.billboard-japan.com/charts/detail?a=hot100&year=2014&month=06&day=16
2014,hot100,2014-06-11,63,black bullet,fripSide,https://www.billboard-japan.com/charts/detail?a=hot100&year=2014&month=06&day=16
2014,hot100,2014-06-11,64,Daydream cafe,Petit Rabbit's,https://www.billboard-japan.com/charts/detail?a=hot100&year=2014&month=06&day=16
2014,hot100,2014-06-11,65,ラザー・ビー feat.ジェス・グリン,クリーン・バンディット,https://www.billboard-japan.com/charts/detail?a=hot100&year=2014&month=06&day=16
2014,hot100,2014-06-11,66,イイナヅケブルー,Charisma.com,https://www.billboard-japan.com/charts/detail?a=hot100&year=2014&month=06&day=16
2014,hot100,2014-06-11,67,幾歳月,中村中,https://www.billboard-japan.com/charts/detail?a=hot100&year=2014&month=06&day=16
2014,hot100,2014-06-11,68,恋するフォーチュンクッキー,AKB48,https://www.billboard-japan.com/charts/detail?a=hot100&year=2014&month=06&day=16
2014,hot100,2014-06-11,69,にじいろ,絢香,https://www.billboard-japan.com/charts/detail?a=hot100&year=2014&month=06&day=16
2014,hot100,2014-06-11,70,BLEEZE,GLAY,https://www.billboard-japan.com/charts/detail?a=hot100&year=2014&month=06&day=16
2014,hot100,2014-06-11,71,Super Hero,フェアリーズ,https://www.billboard-japan.com/charts/detail?a=hot100&year=2014&month=06&day=16
2014,hot100,2014-06-11,72,グロテスク feat.安室奈美恵,平井堅,https://www.billboard-japan.com/charts/detail?a=hot100&year=2014&month=06&day=16
2014,hot100,2014-06-11,73,Do You Believe?,GEM,https://www.billboard-japan.com/charts/detail?a=hot100&year=2014&month=06&day=16
2014,hot100,2014-06-11,74,King & Queen & Joker,Sexy Zone,https://www.billboard-japan.com/charts/detail?a=hot100&year=2014&month=06&day=16
2014,hot100,2014-06-11,75,生まれてはじめて,"神田沙也加,松たか子",https://www.billboard-japan.com/charts/detail?a=hot100&year=2014&month=06&day=16
2014,hot100,2014-06-11,76,やぶれかぶれ,島谷ひとみ,https://www.billboard-japan.com/charts/detail?a=hot100&year=2014&month=06&day=16
2014,hot100,2014-06-11,77,誓い〜Waiting For Love〜,K,https://www.billboard-japan.com/charts/detail?a=hot100&year=2014&month=06&day=16
2014,hot100,2014-06-11,78,LOST CHILD,ももいろクローバーZ,https://www.billboard-japan.com/charts/detail?a=hot100&year=2014&month=06&day=16
2014,hot100,2014-06-11,79,ずっと,シェネル,https://www.billboard-japan.com/charts/detail?a=hot100&year=2014&month=06&day=16
2014,hot100,2014-06-11,80,SWEET 19 BLUES,安室奈美恵,https://www.billboard-japan.com/charts/detail?a=hot100&year=2014&month=06&day=16
2014,hot100,2014-06-11,81,Love Story,安室奈美恵,https://www.billboard-japan.com/charts/detail?a=hot100&year=2014&month=06&day=16
2014,hot100,2014-06-11,82,奏(かなで),藤宮香織(雨宮天),https://www.billboard-japan.com/charts/detail?a=hot100&year=2014&month=06&day=16
2014,hot100,2014-06-11,83,R.Y.U.S.E.I.,三代目 J Soul Brothers from EXILE TRIBE,https://www.billboard-japan.com/charts/detail?a=hot100&year=2014&month=06&day=16
2014,hot100,2014-06-11,84,青春の瞬き,椎名林檎,https://www.billboard-japan.com/charts/detail?a=hot100&year=2014&month=06&day=16
2014,hot100,2014-06-11,85,ego-izm,la la larks,https://www.billboard-japan.com/charts/detail?a=hot100&year=2014&month=06&day=16
2014,hot100,2014-06-11,86,月と太陽の日々,The Cheserasera,https://www.billboard-japan.com/charts/detail?a=hot100&year=2014&month=06&day=16
2014,hot100,2014-06-11,87,頑張ったっていいんじゃない,大原櫻子(from MUSH & Co.),https://www.billboard-japan.com/charts/detail?a=hot100&year=2014&month=06&day=16
2014,hot100,2014-06-11,88,Hold Your Hand,Perfume,https://www.billboard-japan.com/charts/detail?a=hot100&year=2014&month=06&day=16
2014,hot100,2014-06-11,89,Live,Superfly,https://www.billboard-japan.com/charts/detail?a=hot100&year=2014&month=06&day=16
2014,hot100,2014-06-11,90,パスコード4854,安田レイ,https://www.billboard-japan.com/charts/detail?a=hot100&year=2014&month=06&day=16
2014,hot100,2014-06-11,91,ユー・アー・マイン(エターナル),マライア・キャリー,https://www.billboard-japan.com/charts/detail?a=hot100&year=2014&month=06&day=16
2014,hot100,2014-06-11,92,最後の夏,キマグレン,https://www.billboard-japan.com/charts/detail?a=hot100&year=2014&month=06&day=16
2014,hot100,2014-06-11,93,Believe in yourself,阿部真央,https://www.billboard-japan.com/charts/detail?a=hot100&year=2014&month=06&day=16
2014,hot100,2014-06-11,94,セイ・サムシング with クリスティーナ・アギレラ,ア・グレイト・ビッグ・ワールド,https://www.billboard-japan.com/charts/detail?a=hot100&year=2014&month=06&day=16
2014,hot100,2014-06-11,95,"LOVE,HOLIDAY.",TOKIO,https://www.billboard-japan.com/charts/detail?a=hot100&year=2014&month=06&day=16
2014,hot100,2014-06-11,96,ユメノカケラ,Candy☆Drops,https://www.billboard-japan.com/charts/detail?a=hot100&year=2014&month=06&day=16
2014,hot100,2014-06-11,97,星のかけら,笹木ヘンドリクス,https://www.billboard-japan.com/charts/detail?a=hot100&year=2014&month=06&day=16
2014,hot100,2014-06-11,98,Butterfly,木村カエラ,https://www.billboard-japan.com/charts/detail?a=hot100&year=2014&month=06&day=16
2014,hot100,2014-06-11,99,峠越え,福田こうへい,https://www.billboard-japan.com/charts/detail?a=hot100&year=2014&month=06&day=16
2014,hot100,2014-06-11,100,雪だるまつくろう,"神田沙也加,稲葉菜月,諸星すみれ",https://www.billboard-japan.com/charts/detail?a=hot100&year=2014&month=06&day=16
2014,hot100,2014-06-18,1,Sweat,東方神起,https://www.billboard-japan.com/charts/detail?a=hot100&year=2014&month=06&day=23
2014,hot100,2014-06-18,2,ONE-for the win-,NEWS,https://www.billboard-japan.com/charts/detail?a=hot100&year=2014&month=06&day=23
2014,hot100,2014-06-18,3,NIPPON,椎名林檎,https://www.billboard-japan.com/charts/detail?a=hot100&year=2014&month=06&day=23
2014,hot100,2014-06-18,4,誰も知らない,嵐,https://www.billboard-japan.com/charts/detail?a=hot100&year=2014&month=06&day=23
2014,hot100,2014-06-18,5,Love wing bell,"星空凛(飯田里穂),西木野真姫(Pile),小泉花陽(久保ユリカ),絢瀬絵里(南條愛乃),東條希(楠田亜衣奈),矢澤にこ(徳井青空)",https://www.billboard-japan.com/charts/detail?a=hot100&year=2014&month=06&day=23
2014,hot100,2014-06-18,6,GUTS!,嵐,https://www.billboard-japan.com/charts/detail?a=hot100&year=2014&month=06&day=23
2014,hot100,2014-06-18,7,Crazy Crazy,星野源,https://www.billboard-japan.com/charts/detail?a=hot100&year=2014&month=06&day=23
2014,hot100,2014-06-18,8,熱帯魚の涙,Flower,https://www.billboard-japan.com/charts/detail?a=hot100&year=2014&month=06&day=23
2014,hot100,2014-06-18,9,勝利の笑みを君と,ウカスカジー,https://www.billboard-japan.com/charts/detail?a=hot100&year=2014&month=06&day=23
2014,hot100,2014-06-18,10,BRAND NEW STORY,東京パフォーマンスドール,https://www.billboard-japan.com/charts/detail?a=hot100&year=2014&month=06&day=23
2014,hot100,2014-06-18,11,RHYTHM OF THE SUN,ケツメイシ,https://www.billboard-japan.com/charts/detail?a=hot100&year=2014&month=06&day=23
2014,hot100,2014-06-18,12,きらきらキラー,きゃりーぱみゅぱみゅ,https://www.billboard-japan.com/charts/detail?a=hot100&year=2014&month=06&day=23
2014,hot100,2014-06-18,13,天地ガエシ,NICO Touches the Walls,https://www.billboard-japan.com/charts/detail?a=hot100&year=2014&month=06&day=23
2014,hot100,2014-06-18,14,Believe×Believe,超特急,https://www.billboard-japan.com/charts/detail?a=hot100&year=2014&month=06&day=23
2014,hot100,2014-06-18,15,ハッピー,ファレル・ウィリアムス,https://www.billboard-japan.com/charts/detail?a=hot100&year=2014&month=06&day=23
2014,hot100,2014-06-18,16,ラブラドール・レトリバー,AKB48,https://www.billboard-japan.com/charts/detail?a=hot100&year=2014&month=06&day=23
2014,hot100,2014-06-18,17,レット・イット・ゴー〜ありのままで〜,松たか子,https://www.billboard-japan.com/charts/detail?a=hot100&year=2014&month=06&day=23
2014,hot100,2014-06-18,18,ウィー・アー・ワン(オーレ・オーラ),ピットブル feat.ジェニファー・ロペス & クラウディア・レイチ,https://www.billboard-japan.com/charts/detail?a=hot100&year=2014&month=06&day=23
2014,hot100,2014-06-18,19,夢で逢えるのに〜Sometimes I Cry〜,w-inds.,https://www.billboard-japan.com/charts/detail?a=hot100&year=2014&month=06&day=23
2014,hot100,2014-06-18,20,In Fact,KAT-TUN,https://www.billboard-japan.com/charts/detail?a=hot100&year=2014&month=06&day=23
2014,hot100,2014-06-18,21,喧嘩上等,氣志團,https://www.billboard-japan.com/charts/detail?a=hot100&year=2014&month=06&day=23
2014,hot100,2014-06-18,22,We Don't Stop,西野カナ,https://www.billboard-japan.com/charts/detail?a=hot100&year=2014&month=06&day=23
2014,hot100,2014-06-18,23,Destiny,エレファントカシマシ,https://www.billboard-japan.com/charts/detail?a=hot100&year=2014&month=06&day=23
2014,hot100,2014-06-18,24,ア・スカイ・フル・オブ・スターズ,コールドプレイ,https://www.billboard-japan.com/charts/detail?a=hot100&year=2014&month=06&day=23
2014,hot100,2014-06-18,25,The World is ours!,ナオト・インティライミ,https://www.billboard-japan.com/charts/detail?a=hot100&year=2014&month=06&day=23
2014,hot100,2014-06-18,26,走る,長渕剛,https://www.billboard-japan.com/charts/detail?a=hot100&year=2014&month=06&day=23
2014,hot100,2014-06-18,27,にじいろ,絢香,https://www.billboard-japan.com/charts/detail?a=hot100&year=2014&month=06&day=23
2014,hot100,2014-06-18,28,太陽と花,高橋優,https://www.billboard-japan.com/charts/detail?a=hot100&year=2014&month=06&day=23
2014,hot100,2014-06-18,29,陽だまりの道,コブクロ,https://www.billboard-japan.com/charts/detail?a=hot100&year=2014&month=06&day=23
2014,hot100,2014-06-18,30,八方塞がり美人,空想委員会,https://www.billboard-japan.com/charts/detail?a=hot100&year=2014&month=06&day=23
2014,hot100,2014-06-18,31,ラヴ・ネヴァー・フェルト・ソー・グッド,マイケル・ジャクソン,https://www.billboard-japan.com/charts/detail?a=hot100&year=2014&month=06&day=23
2014,hot100,2014-06-18,32,Song for,小園美樹,https://www.billboard-japan.com/charts/detail?a=hot100&year=2014&month=06&day=23
2014,hot100,2014-06-18,33,年貢 for you feat.旗本ひろし、足軽先生,レキシ,https://www.billboard-japan.com/charts/detail?a=hot100&year=2014&month=06&day=23
2014,hot100,2014-06-18,34,放たれる,Mr.Children,https://www.billboard-japan.com/charts/detail?a=hot100&year=2014&month=06&day=23
2014,hot100,2014-06-18,35,星のかけら,笹木ヘンドリクス,https://www.billboard-japan.com/charts/detail?a=hot100&year=2014&month=06&day=23
2014,hot100,2014-06-18,36,頑張ったっていいんじゃない,大原櫻子(from MUSH & Co.),https://www.billboard-japan.com/charts/detail?a=hot100&year=2014&month=06&day=23
2014,hot100,2014-06-18,37,CAN YOU CELEBRATE? feat.葉加瀬太郎,安室奈美恵,https://www.billboard-japan.com/charts/detail?a=hot100&year=2014&month=06&day=23
2014,hot100,2014-06-18,38,私たちは絶対に絶対にヨリを戻したりしない,テイラー・スウィフト,https://www.billboard-japan.com/charts/detail?a=hot100&year=2014&month=06&day=23
2014,hot100,2014-06-18,39,レット・イット・ゴー,イディナ・メンゼル,https://www.billboard-japan.com/charts/detail?a=hot100&year=2014&month=06&day=23
2014,hot100,2014-06-18,40,美しき生命,コールドプレイ,https://www.billboard-japan.com/charts/detail?a=hot100&year=2014&month=06&day=23
2014,hot100,2014-06-18,41,ゲラゲラポーのうた,キング・クリームソーダ,https://www.billboard-japan.com/charts/detail?a=hot100&year=2014&month=06&day=23
2014,hot100,2014-06-18,42,炎と森のカーニバル,SEKAI NO OWARI,https://www.billboard-japan.com/charts/detail?a=hot100&year=2014&month=06&day=23
2014,hot100,2014-06-18,43,7日目の決意,UVERworld,https://www.billboard-japan.com/charts/detail?a=hot100&year=2014&month=06&day=23
2014,hot100,2014-06-18,44,バタフライエフェクト,私立恵比寿中学,https://www.billboard-japan.com/charts/detail?a=hot100&year=2014&month=06&day=23
2014,hot100,2014-06-18,45,T字路,小泉今日子 & 中井貴一,https://www.billboard-japan.com/charts/detail?a=hot100&year=2014&month=06&day=23
2014,hot100,2014-06-18,46,明日の歌,aiko,https://www.billboard-japan.com/charts/detail?a=hot100&year=2014&month=06&day=23
2014,hot100,2014-06-18,47,Let It Go〜ありのままで〜,May J.,https://www.billboard-japan.com/charts/detail?a=hot100&year=2014&month=06&day=23
2014,hot100,2014-06-18,48,JUICY LOVE,Happiness,https://www.billboard-japan.com/charts/detail?a=hot100&year=2014&month=06&day=23
2014,hot100,2014-06-18,49,唯一人,爆弾ジョニー,https://www.billboard-japan.com/charts/detail?a=hot100&year=2014&month=06&day=23
2014,hot100,2014-06-18,50,Dancing stars on me!,μ's,https://www.billboard-japan.com/charts/detail?a=hot100&year=2014&month=06&day=23
2014,hot100,2014-06-18,51,Fighter,中島美嘉×加藤ミリヤ,https://www.billboard-japan.com/charts/detail?a=hot100&year=2014&month=06&day=23
2014,hot100,2014-06-18,52,ユメノトビラ,μ's,https://www.billboard-japan.com/charts/detail?a=hot100&year=2014&month=06&day=23
2014,hot100,2014-06-18,53,ラザー・ビー feat.ジェス・グリン,クリーン・バンディット,https://www.billboard-japan.com/charts/detail?a=hot100&year=2014&month=06&day=23
2014,hot100,2014-06-18,54,RPG,SEKAI NO OWARI,https://www.billboard-japan.com/charts/detail?a=hot100&year=2014&month=06&day=23
2014,hot100,2014-06-18,55,シェキナベイベー,内田裕也 feat.指原莉乃,https://www.billboard-japan.com/charts/detail?a=hot100&year=2014&month=06&day=23
2014,hot100,2014-06-18,56,トコハナ,やなぎなぎ,https://www.billboard-japan.com/charts/detail?a=hot100&year=2014&month=06&day=23
2014,hot100,2014-06-18,57,フルドライブ,KANA-BOON,https://www.billboard-japan.com/charts/detail?a=hot100&year=2014&month=06&day=23
2014,hot100,2014-06-18,58,輝け,ファンキー加藤,https://www.billboard-japan.com/charts/detail?a=hot100&year=2014&month=06&day=23
2014,hot100,2014-06-18,59,セイ・サムシング with クリスティーナ・アギレラ,ア・グレイト・ビッグ・ワールド,https://www.billboard-japan.com/charts/detail?a=hot100&year=2014&month=06&day=23
2014,hot100,2014-06-18,60,アロハ式恋愛指南,竹内まりや,https://www.billboard-japan.com/charts/detail?a=hot100&year=2014&month=06&day=23
2014,hot100,2014-06-18,61,イマジネーション,SPYAIR,https://www.billboard-japan.com/charts/detail?a=hot100&year=2014&month=06&day=23
2014,hot100,2014-06-18,62,Rising Hope,LiSA,https://www.billboard-japan.com/charts/detail?a=hot100&year=2014&month=06&day=23
2014,hot100,2014-06-18,63,BACK TO THE FUTURE,EXILE SHOKICHI feat.VERBAL(m-flo) & SWAY,https://www.billboard-japan.com/charts/detail?a=hot100&year=2014&month=06&day=23
2014,hot100,2014-06-18,64,世界の終わり,ロットングラフティー,https://www.billboard-japan.com/charts/detail?a=hot100&year=2014&month=06&day=23
2014,hot100,2014-06-18,65,ラヴ・ネヴァー・フェルト・ソー・グッド feat.ジャスティン・ティンバーレイク,マイケル・ジャクソン,https://www.billboard-japan.com/charts/detail?a=hot100&year=2014&month=06&day=23
2014,hot100,2014-06-18,66,キャン・ウィー・ダンス,ザ・ヴァンプス,https://www.billboard-japan.com/charts/detail?a=hot100&year=2014&month=06&day=23
2014,hot100,2014-06-18,67,StarRingChild,Aimer(エメ),https://www.billboard-japan.com/charts/detail?a=hot100&year=2014&month=06&day=23
2014,hot100,2014-06-18,68,King & Queen & Joker,Sexy Zone,https://www.billboard-japan.com/charts/detail?a=hot100&year=2014&month=06&day=23
2014,hot100,2014-06-18,69,ラヴ・サムワン,ジェイソン・ムラーズ,https://www.billboard-japan.com/charts/detail?a=hot100&year=2014&month=06&day=23
2014,hot100,2014-06-18,70,This game,鈴木このみ,https://www.billboard-japan.com/charts/detail?a=hot100&year=2014&month=06&day=23
2014,hot100,2014-06-18,71,炎の花,Haruka Hummingbird,https://www.billboard-japan.com/charts/detail?a=hot100&year=2014&month=06&day=23
2014,hot100,2014-06-18,72,恋するフォーチュンクッキー,AKB48,https://www.billboard-japan.com/charts/detail?a=hot100&year=2014&month=06&day=23
2014,hot100,2014-06-18,73,SWEET 19 BLUES,安室奈美恵,https://www.billboard-japan.com/charts/detail?a=hot100&year=2014&month=06&day=23
2014,hot100,2014-06-18,74,生まれてはじめて,"神田沙也加,松たか子",https://www.billboard-japan.com/charts/detail?a=hot100&year=2014&month=06&day=23
2014,hot100,2014-06-18,75,高尾山,北島三郎,https://www.billboard-japan.com/charts/detail?a=hot100&year=2014&month=06&day=23
2014,hot100,2014-06-18,76,プロブレム feat.イギー・アゼリア,アリアナ・グランデ,https://www.billboard-japan.com/charts/detail?a=hot100&year=2014&month=06&day=23
2014,hot100,2014-06-18,77,もう二度と…Rebirth,BENI,https://www.billboard-japan.com/charts/detail?a=hot100&year=2014&month=06&day=23
2014,hot100,2014-06-18,78,イイナヅケブルー,Charisma.com,https://www.billboard-japan.com/charts/detail?a=hot100&year=2014&month=06&day=23
2014,hot100,2014-06-18,79,全速力 feat.三浦大知,KREVA,https://www.billboard-japan.com/charts/detail?a=hot100&year=2014&month=06&day=23
2014,hot100,2014-06-18,80,風,GReeeeN,https://www.billboard-japan.com/charts/detail?a=hot100&year=2014&month=06&day=23
2014,hot100,2014-06-18,81,black bullet,fripSide,https://www.billboard-japan.com/charts/detail?a=hot100&year=2014&month=06&day=23
2014,hot100,2014-06-18,82,ずっと,シェネル,https://www.billboard-japan.com/charts/detail?a=hot100&year=2014&month=06&day=23
2014,hot100,2014-06-18,83,ストーリー・オブ・マイ・ライフ,ワン・ダイレクション,https://www.billboard-japan.com/charts/detail?a=hot100&year=2014&month=06&day=23
2014,hot100,2014-06-18,84,Daydream cafe,Petit Rabbit's,https://www.billboard-japan.com/charts/detail?a=hot100&year=2014&month=06&day=23
2014,hot100,2014-06-18,85,奏(かなで),藤宮香織(雨宮天),https://www.billboard-japan.com/charts/detail?a=hot100&year=2014&month=06&day=23
2014,hot100,2014-06-18,86,家族になろうよ,福山雅治,https://www.billboard-japan.com/charts/detail?a=hot100&year=2014&month=06&day=23
2014,hot100,2014-06-18,87,NO MORE DREAM,BTS (防弾少年団),https://www.billboard-japan.com/charts/detail?a=hot100&year=2014&month=06&day=23
2014,hot100,2014-06-18,88,グロテスク feat.安室奈美恵,平井堅,https://www.billboard-japan.com/charts/detail?a=hot100&year=2014&month=06&day=23
2014,hot100,2014-06-18,89,XXX,ザ・ボヒカズ,https://www.billboard-japan.com/charts/detail?a=hot100&year=2014&month=06&day=23
2014,hot100,2014-06-18,90,OLE!OH!,木村カエラ,https://www.billboard-japan.com/charts/detail?a=hot100&year=2014&month=06&day=23
2014,hot100,2014-06-18,91,逆さに数えて,椎名林檎,https://www.billboard-japan.com/charts/detail?a=hot100&year=2014&month=06&day=23
2014,hot100,2014-06-18,92,月と太陽の日々,The Cheserasera,https://www.billboard-japan.com/charts/detail?a=hot100&year=2014&month=06&day=23
2014,hot100,2014-06-18,93,Love Story,安室奈美恵,https://www.billboard-japan.com/charts/detail?a=hot100&year=2014&month=06&day=23
2014,hot100,2014-06-18,94,Do You Ever Shine?,Mayday,https://www.billboard-japan.com/charts/detail?a=hot100&year=2014&month=06&day=23
2014,hot100,2014-06-18,95,誓い〜Waiting For Love〜,K,https://www.billboard-japan.com/charts/detail?a=hot100&year=2014&month=06&day=23
2014,hot100,2014-06-18,96,恋の津軽十三湖,長山洋子,https://www.billboard-japan.com/charts/detail?a=hot100&year=2014&month=06&day=23
2014,hot100,2014-06-18,97,Goodtime,SALU,https://www.billboard-japan.com/charts/detail?a=hot100&year=2014&month=06&day=23
2014,hot100,2014-06-18,98,泣いてもいいんだよ,ももいろクローバーZ,https://www.billboard-japan.com/charts/detail?a=hot100&year=2014&month=06&day=23
2014,hot100,2014-06-18,99,アストライド,スガシカオ,https://www.billboard-japan.com/charts/detail?a=hot100&year=2014&month=06&day=23
2014,hot100,2014-06-18,100,ダール・ウン・ジェイト(ウィー・ウィル・ファインド・ア・ウェイ),サンタナ & ワイクリフ feat.アヴィーチー & アレシャンドレ・ピリス,https://www.billboard-japan.com/charts/detail?a=hot100&year=2014&month=06&day=23
2014,hot100,2014-06-25,1,7日目の決意,UVERworld,https://www.billboard-japan.com/charts/detail?a=hot100&year=2014&month=06&day=30
2014,hot100,2014-06-25,2,NIPPON,椎名林檎,https://www.billboard-japan.com/charts/detail?a=hot100&year=2014&month=06&day=30
2014,hot100,2014-06-25,3,daze feat.メイリア from GARNiDELiA,じん,https://www.billboard-japan.com/charts/detail?a=hot100&year=2014&month=06&day=30
2014,hot100,2014-06-25,4,Sweat,東方神起,https://www.billboard-japan.com/charts/detail?a=hot100&year=2014&month=06&day=30
2014,hot100,2014-06-25,5,HOT SUN,キム・ヒョンジュン,https://www.billboard-japan.com/charts/detail?a=hot100&year=2014&month=06&day=30
2014,hot100,2014-06-25,6,The World is ours!,ナオト・インティライミ,https://www.billboard-japan.com/charts/detail?a=hot100&year=2014&month=06&day=30
2014,hot100,2014-06-25,7,勝利の笑みを君と,ウカスカジー,https://www.billboard-japan.com/charts/detail?a=hot100&year=2014&month=06&day=30
2014,hot100,2014-06-25,8,ONE-for the win-,NEWS,https://www.billboard-japan.com/charts/detail?a=hot100&year=2014&month=06&day=30
2014,hot100,2014-06-25,9,にじいろ,絢香,https://www.billboard-japan.com/charts/detail?a=hot100&year=2014&month=06&day=30
2014,hot100,2014-06-25,10,ラッキーガール,Silent Siren,https://www.billboard-japan.com/charts/detail?a=hot100&year=2014&month=06&day=30
2014,hot100,2014-06-25,11,誰も知らない,嵐,https://www.billboard-japan.com/charts/detail?a=hot100&year=2014&month=06&day=30
2014,hot100,2014-06-25,12,ウィー・アー・ワン(オーレ・オーラ),ピットブル feat.ジェニファー・ロペス & クラウディア・レイチ,https://www.billboard-japan.com/charts/detail?a=hot100&year=2014&month=06&day=30
2014,hot100,2014-06-25,13,GUTS!,嵐,https://www.billboard-japan.com/charts/detail?a=hot100&year=2014&month=06&day=30
2014,hot100,2014-06-25,14,COME HERE,KAT-TUN,https://www.billboard-japan.com/charts/detail?a=hot100&year=2014&month=06&day=30
2014,hot100,2014-06-25,15,We Don't Stop,西野カナ,https://www.billboard-japan.com/charts/detail?a=hot100&year=2014&month=06&day=30
2014,hot100,2014-06-25,16,レット・イット・ゴー〜ありのままで〜,松たか子,https://www.billboard-japan.com/charts/detail?a=hot100&year=2014&month=06&day=30
2014,hot100,2014-06-25,17,ハッピー,ファレル・ウィリアムス,https://www.billboard-japan.com/charts/detail?a=hot100&year=2014&month=06&day=30
2014,hot100,2014-06-25,18,Adventure,[Alexandros],https://www.billboard-japan.com/charts/detail?a=hot100&year=2014&month=06&day=30
2014,hot100,2014-06-25,19,RHYTHM OF THE SUN,ケツメイシ,https://www.billboard-japan.com/charts/detail?a=hot100&year=2014&month=06&day=30
2014,hot100,2014-06-25,20,ラブラドール・レトリバー,AKB48,https://www.billboard-japan.com/charts/detail?a=hot100&year=2014&month=06&day=30
2014,hot100,2014-06-25,21,頑張ったっていいんじゃない,大原櫻子(from MUSH & Co.),https://www.billboard-japan.com/charts/detail?a=hot100&year=2014&month=06&day=30
2014,hot100,2014-06-25,22,Sunshine,遊助,https://www.billboard-japan.com/charts/detail?a=hot100&year=2014&month=06&day=30
2014,hot100,2014-06-25,23,ラムネ色 青春,765PRO ALLSTARS,https://www.billboard-japan.com/charts/detail?a=hot100&year=2014&month=06&day=30
2014,hot100,2014-06-25,24,Crazy Crazy,星野源,https://www.billboard-japan.com/charts/detail?a=hot100&year=2014&month=06&day=30
2014,hot100,2014-06-25,25,喧嘩上等,氣志團,https://www.billboard-japan.com/charts/detail?a=hot100&year=2014&month=06&day=30
2014,hot100,2014-06-25,26,Feeling My Soul,F.CUZ,https://www.billboard-japan.com/charts/detail?a=hot100&year=2014&month=06&day=30
2014,hot100,2014-06-25,27,Upside Down,久保田利伸,https://www.billboard-japan.com/charts/detail?a=hot100&year=2014&month=06&day=30
2014,hot100,2014-06-25,28,天地ガエシ,NICO Touches the Walls,https://www.billboard-japan.com/charts/detail?a=hot100&year=2014&month=06&day=30
2014,hot100,2014-06-25,29,プロブレム feat.イギー・アゼリア,アリアナ・グランデ,https://www.billboard-japan.com/charts/detail?a=hot100&year=2014&month=06&day=30
2014,hot100,2014-06-25,30,イージー,カサビアン,https://www.billboard-japan.com/charts/detail?a=hot100&year=2014&month=06&day=30
2014,hot100,2014-06-25,31,熱帯魚の涙,Flower,https://www.billboard-japan.com/charts/detail?a=hot100&year=2014&month=06&day=30
2014,hot100,2014-06-25,32,I am Dandy,MANNISH BOYS,https://www.billboard-japan.com/charts/detail?a=hot100&year=2014&month=06&day=30
2014,hot100,2014-06-25,33,Re:REMEMBER,May'n,https://www.billboard-japan.com/charts/detail?a=hot100&year=2014&month=06&day=30
2014,hot100,2014-06-25,34,太陽と花,高橋優,https://www.billboard-japan.com/charts/detail?a=hot100&year=2014&month=06&day=30
2014,hot100,2014-06-25,35,Love wing bell,"星空凛(飯田里穂),西木野真姫(Pile),小泉花陽(久保ユリカ),絢瀬絵里(南條愛乃),東條希(楠田亜衣奈),矢澤にこ(徳井青空)",https://www.billboard-japan.com/charts/detail?a=hot100&year=2014&month=06&day=30
2014,hot100,2014-06-25,36,全速力 feat.三浦大知,KREVA,https://www.billboard-japan.com/charts/detail?a=hot100&year=2014&month=06&day=30
2014,hot100,2014-06-25,37,ゲラゲラポーのうた,キング・クリームソーダ,https://www.billboard-japan.com/charts/detail?a=hot100&year=2014&month=06&day=30
2014,hot100,2014-06-25,38,ア・スカイ・フル・オブ・スターズ,コールドプレイ,https://www.billboard-japan.com/charts/detail?a=hot100&year=2014&month=06&day=30
2014,hot100,2014-06-25,39,In Fact,KAT-TUN,https://www.billboard-japan.com/charts/detail?a=hot100&year=2014&month=06&day=30
2014,hot100,2014-06-25,40,陽だまりの道,コブクロ,https://www.billboard-japan.com/charts/detail?a=hot100&year=2014&month=06&day=30
2014,hot100,2014-06-25,41,きらきらキラー,きゃりーぱみゅぱみゅ,https://www.billboard-japan.com/charts/detail?a=hot100&year=2014&month=06&day=30
2014,hot100,2014-06-25,42,COME ON,THE BAWDIES,https://www.billboard-japan.com/charts/detail?a=hot100&year=2014&month=06&day=30
2014,hot100,2014-06-25,43,シング,エド・シーラン,https://www.billboard-japan.com/charts/detail?a=hot100&year=2014&month=06&day=30
2014,hot100,2014-06-25,44,BRAND NEW STORY,東京パフォーマンスドール,https://www.billboard-japan.com/charts/detail?a=hot100&year=2014&month=06&day=30
2014,hot100,2014-06-25,45,年貢 for you feat.旗本ひろし、足軽先生,レキシ,https://www.billboard-japan.com/charts/detail?a=hot100&year=2014&month=06&day=30
2014,hot100,2014-06-25,46,ラヴ・ネヴァー・フェルト・ソー・グッド,マイケル・ジャクソン,https://www.billboard-japan.com/charts/detail?a=hot100&year=2014&month=06&day=30
2014,hot100,2014-06-25,47,いつまでもいつまでも,KG,https://www.billboard-japan.com/charts/detail?a=hot100&year=2014&month=06&day=30
2014,hot100,2014-06-25,48,唯一人,爆弾ジョニー,https://www.billboard-japan.com/charts/detail?a=hot100&year=2014&month=06&day=30
2014,hot100,2014-06-25,49,R.Y.U.S.E.I.,三代目 J Soul Brothers from EXILE TRIBE,https://www.billboard-japan.com/charts/detail?a=hot100&year=2014&month=06&day=30
2014,hot100,2014-06-25,50,生まれてはじめて,"神田沙也加,松たか子",https://www.billboard-japan.com/charts/detail?a=hot100&year=2014&month=06&day=30
2014,hot100,2014-06-25,51,セイ・サムシング with クリスティーナ・アギレラ,ア・グレイト・ビッグ・ワールド,https://www.billboard-japan.com/charts/detail?a=hot100&year=2014&month=06&day=30
2014,hot100,2014-06-25,52,T字路,小泉今日子 & 中井貴一,https://www.billboard-japan.com/charts/detail?a=hot100&year=2014&month=06&day=30
2014,hot100,2014-06-25,53,マップス,マルーン5,https://www.billboard-japan.com/charts/detail?a=hot100&year=2014&month=06&day=30
2014,hot100,2014-06-25,54,Fighter,中島美嘉×加藤ミリヤ,https://www.billboard-japan.com/charts/detail?a=hot100&year=2014&month=06&day=30
2014,hot100,2014-06-25,55,恋するフォーチュンクッキー,AKB48,https://www.billboard-japan.com/charts/detail?a=hot100&year=2014&month=06&day=30
2014,hot100,2014-06-25,56,さんさ里唄,臼澤みさき,https://www.billboard-japan.com/charts/detail?a=hot100&year=2014&month=06&day=30
2014,hot100,2014-06-25,57,タマシイレボリューション,Superfly,https://www.billboard-japan.com/charts/detail?a=hot100&year=2014&month=06&day=30
2014,hot100,2014-06-25,58,炎と森のカーニバル,SEKAI NO OWARI,https://www.billboard-japan.com/charts/detail?a=hot100&year=2014&month=06&day=30
2014,hot100,2014-06-25,59,トコハナ,やなぎなぎ,https://www.billboard-japan.com/charts/detail?a=hot100&year=2014&month=06&day=30
2014,hot100,2014-06-25,60,Let It Go〜ありのままで〜,May J.,https://www.billboard-japan.com/charts/detail?a=hot100&year=2014&month=06&day=30
2014,hot100,2014-06-25,61,星のかけら,笹木ヘンドリクス,https://www.billboard-japan.com/charts/detail?a=hot100&year=2014&month=06&day=30
2014,hot100,2014-06-25,62,イマジネーション,SPYAIR,https://www.billboard-japan.com/charts/detail?a=hot100&year=2014&month=06&day=30
2014,hot100,2014-06-25,63,Rising Hope,LiSA,https://www.billboard-japan.com/charts/detail?a=hot100&year=2014&month=06&day=30
2014,hot100,2014-06-25,64,チェリー・ポップ,アレクサンドラ・スタン,https://www.billboard-japan.com/charts/detail?a=hot100&year=2014&month=06&day=30
2014,hot100,2014-06-25,65,私たちは絶対に絶対にヨリを戻したりしない,テイラー・スウィフト,https://www.billboard-japan.com/charts/detail?a=hot100&year=2014&month=06&day=30
2014,hot100,2014-06-25,66,美しき生命,コールドプレイ,https://www.billboard-japan.com/charts/detail?a=hot100&year=2014&month=06&day=30
2014,hot100,2014-06-25,67,泣いてもいいんだよ,ももいろクローバーZ,https://www.billboard-japan.com/charts/detail?a=hot100&year=2014&month=06&day=30
2014,hot100,2014-06-25,68,RPG,SEKAI NO OWARI,https://www.billboard-japan.com/charts/detail?a=hot100&year=2014&month=06&day=30
2014,hot100,2014-06-25,69,Jewel,moumoon,https://www.billboard-japan.com/charts/detail?a=hot100&year=2014&month=06&day=30
2014,hot100,2014-06-25,70,ラブソングはとまらないよ,いきものがかり,https://www.billboard-japan.com/charts/detail?a=hot100&year=2014&month=06&day=30
2014,hot100,2014-06-25,71,Song for,小園美樹,https://www.billboard-japan.com/charts/detail?a=hot100&year=2014&month=06&day=30
2014,hot100,2014-06-25,72,もう二度と…Rebirth,BENI,https://www.billboard-japan.com/charts/detail?a=hot100&year=2014&month=06&day=30
2014,hot100,2014-06-25,73,Ready Go,Hey!Say!JUMP,https://www.billboard-japan.com/charts/detail?a=hot100&year=2014&month=06&day=30
2014,hot100,2014-06-25,74,Destiny,エレファントカシマシ,https://www.billboard-japan.com/charts/detail?a=hot100&year=2014&month=06&day=30
2014,hot100,2014-06-25,75,輝け,ファンキー加藤,https://www.billboard-japan.com/charts/detail?a=hot100&year=2014&month=06&day=30
2014,hot100,2014-06-25,76,放たれる,Mr.Children,https://www.billboard-japan.com/charts/detail?a=hot100&year=2014&month=06&day=30
2014,hot100,2014-06-25,77,OLE!OH!,木村カエラ,https://www.billboard-japan.com/charts/detail?a=hot100&year=2014&month=06&day=30
2014,hot100,2014-06-25,78,E.G.Anthem-WE ARE VENUS-,E-girls,https://www.billboard-japan.com/charts/detail?a=hot100&year=2014&month=06&day=30
2014,hot100,2014-06-25,79,明日の歌,aiko,https://www.billboard-japan.com/charts/detail?a=hot100&year=2014&month=06&day=30
2014,hot100,2014-06-25,80,ファースト・ラヴ,ジェニファー・ロペス,https://www.billboard-japan.com/charts/detail?a=hot100&year=2014&month=06&day=30
2014,hot100,2014-06-25,81,ラザー・ビー feat.ジェス・グリン,クリーン・バンディット,https://www.billboard-japan.com/charts/detail?a=hot100&year=2014&month=06&day=30
2014,hot100,2014-06-25,82,ダール・ウン・ジェイト(ウィー・ウィル・ファインド・ア・ウェイ),サンタナ & ワイクリフ feat.アヴィーチー & アレシャンドレ・ピリス,https://www.billboard-japan.com/charts/detail?a=hot100&year=2014&month=06&day=30
2014,hot100,2014-06-25,83,バタフライエフェクト,私立恵比寿中学,https://www.billboard-japan.com/charts/detail?a=hot100&year=2014&month=06&day=30
2014,hot100,2014-06-25,84,走る,長渕剛,https://www.billboard-japan.com/charts/detail?a=hot100&year=2014&month=06&day=30
2014,hot100,2014-06-25,85,フルドライブ,KANA-BOON,https://www.billboard-japan.com/charts/detail?a=hot100&year=2014&month=06&day=30
2014,hot100,2014-06-25,86,days feat.Lia,じん,https://www.billboard-japan.com/charts/detail?a=hot100&year=2014&month=06&day=30
2014,hot100,2014-06-25,87,XXX,ボヒカズ,https://www.billboard-japan.com/charts/detail?a=hot100&year=2014&month=06&day=30
2014,hot100,2014-06-25,88,ビビった,キュウソネコカミ,https://www.billboard-japan.com/charts/detail?a=hot100&year=2014&month=06&day=30
2014,hot100,2014-06-25,89,八方塞がり美人,空想委員会,https://www.billboard-japan.com/charts/detail?a=hot100&year=2014&month=06&day=30
2014,hot100,2014-06-25,90,ATLAS,TRUSTRICK,https://www.billboard-japan.com/charts/detail?a=hot100&year=2014&month=06&day=30
2014,hot100,2014-06-25,91,This game,鈴木このみ,https://www.billboard-japan.com/charts/detail?a=hot100&year=2014&month=06&day=30
2014,hot100,2014-06-25,92,きっといい場所(フチ),バニラビーンズ,https://www.billboard-japan.com/charts/detail?a=hot100&year=2014&month=06&day=30
2014,hot100,2014-06-25,93,ラヴ・サムワン,ジェイソン・ムラーズ,https://www.billboard-japan.com/charts/detail?a=hot100&year=2014&month=06&day=30
2014,hot100,2014-06-25,94,CAN YOU CELEBRATE? feat.葉加瀬太郎,安室奈美恵,https://www.billboard-japan.com/charts/detail?a=hot100&year=2014&month=06&day=30
2014,hot100,2014-06-25,95,ユメノトビラ,μ's,https://www.billboard-japan.com/charts/detail?a=hot100&year=2014&month=06&day=30
2014,hot100,2014-06-25,96,Half Moon feat.鈴木雅之,川畑要,https://www.billboard-japan.com/charts/detail?a=hot100&year=2014&month=06&day=30
2014,hot100,2014-06-25,97,ラザレット,ジャック・ホワイト,https://www.billboard-japan.com/charts/detail?a=hot100&year=2014&month=06&day=30
2014,hot100,2014-06-25,98,ラヴ・ネヴァー・フェルト・ソー・グッド feat.ジャスティン・ティンバーレイク,マイケル・ジャクソン,https://www.billboard-japan.com/charts/detail?a=hot100&year=2014&month=06&day=30
2014,hot100,2014-06-25,99,七色の少年,パスピエ,https://www.billboard-japan.com/charts/detail?a=hot100&year=2014&month=06&day=30
2014,hot100,2014-06-25,100,ベストライバル,"巻島裕介(森久保祥太郎),東堂尽八(柿原徹也)",https://www.billboard-japan.com/charts/detail?a=hot100&year=2014&month=06&day=30
2014,hot100,2014-07-02,1,R.Y.U.S.E.I.,三代目 J Soul Brothers from EXILE TRIBE,https://www.billboard-japan.com/charts/detail?a=hot100&year=2014&month=07&day=07
2014,hot100,2014-07-02,2,LUCKY STAR,SHINee,https://www.billboard-japan.com/charts/detail?a=hot100&year=2014&month=07&day=07
2014,hot100,2014-07-02,3,NIPPON,椎名林檎,https://www.billboard-japan.com/charts/detail?a=hot100&year=2014&month=07&day=07
2014,hot100,2014-07-02,4,頑張ったっていいんじゃない,大原櫻子(from MUSH & Co.),https://www.billboard-japan.com/charts/detail?a=hot100&year=2014&month=07&day=07
2014,hot100,2014-07-02,5,にじいろ,絢香,https://www.billboard-japan.com/charts/detail?a=hot100&year=2014&month=07&day=07
2014,hot100,2014-07-02,6,A.I,美風藍(蒼井翔太),https://www.billboard-japan.com/charts/detail?a=hot100&year=2014&month=07&day=07
2014,hot100,2014-07-02,7,サイショの恋〜モテたくて〜,DISH//,https://www.billboard-japan.com/charts/detail?a=hot100&year=2014&month=07&day=07
2014,hot100,2014-07-02,8,Sweat,東方神起,https://www.billboard-japan.com/charts/detail?a=hot100&year=2014&month=07&day=07
2014,hot100,2014-07-02,9,君に出会えたから,miwa,https://www.billboard-japan.com/charts/detail?a=hot100&year=2014&month=07&day=07
2014,hot100,2014-07-02,10,The World is ours!,ナオト・インティライミ,https://www.billboard-japan.com/charts/detail?a=hot100&year=2014&month=07&day=07
2014,hot100,2014-07-02,11,COME HERE,KAT-TUN,https://www.billboard-japan.com/charts/detail?a=hot100&year=2014&month=07&day=07
2014,hot100,2014-07-02,12,daze feat.メイリア from GARNiDELiA,じん,https://www.billboard-japan.com/charts/detail?a=hot100&year=2014&month=07&day=07
2014,hot100,2014-07-02,13,勝利の笑みを君と,ウカスカジー,https://www.billboard-japan.com/charts/detail?a=hot100&year=2014&month=07&day=07
2014,hot100,2014-07-02,14,シング,エド・シーラン,https://www.billboard-japan.com/charts/detail?a=hot100&year=2014&month=07&day=07
2014,hot100,2014-07-02,15,ONE-for the win-,NEWS,https://www.billboard-japan.com/charts/detail?a=hot100&year=2014&month=07&day=07
2014,hot100,2014-07-02,16,レット・イット・ゴー〜ありのままで〜,松たか子,https://www.billboard-japan.com/charts/detail?a=hot100&year=2014&month=07&day=07
2014,hot100,2014-07-02,17,ハッピー,ファレル・ウィリアムス,https://www.billboard-japan.com/charts/detail?a=hot100&year=2014&month=07&day=07
2014,hot100,2014-07-02,18,7日目の決意,UVERworld,https://www.billboard-japan.com/charts/detail?a=hot100&year=2014&month=07&day=07
2014,hot100,2014-07-02,19,CRUSH,2NE1,https://www.billboard-japan.com/charts/detail?a=hot100&year=2014&month=07&day=07
2014,hot100,2014-07-02,20,We Don't Stop,西野カナ,https://www.billboard-japan.com/charts/detail?a=hot100&year=2014&month=07&day=07
2014,hot100,2014-07-02,21,GUTS!,嵐,https://www.billboard-japan.com/charts/detail?a=hot100&year=2014&month=07&day=07
2014,hot100,2014-07-02,22,喧嘩上等,氣志團,https://www.billboard-japan.com/charts/detail?a=hot100&year=2014&month=07&day=07
2014,hot100,2014-07-02,23,Crazy Crazy,星野源,https://www.billboard-japan.com/charts/detail?a=hot100&year=2014&month=07&day=07
2014,hot100,2014-07-02,24,誰も知らない,嵐,https://www.billboard-japan.com/charts/detail?a=hot100&year=2014&month=07&day=07
2014,hot100,2014-07-02,25,プロブレム feat.イギー・アゼリア,アリアナ・グランデ,https://www.billboard-japan.com/charts/detail?a=hot100&year=2014&month=07&day=07
2014,hot100,2014-07-02,26,ウィー・アー・ワン(オーレ・オーラ),ピットブル feat.ジェニファー・ロペス & クラウディア・レイチ,https://www.billboard-japan.com/charts/detail?a=hot100&year=2014&month=07&day=07
2014,hot100,2014-07-02,27,RHYTHM OF THE SUN,ケツメイシ,https://www.billboard-japan.com/charts/detail?a=hot100&year=2014&month=07&day=07
2014,hot100,2014-07-02,28,ラブラドール・レトリバー,AKB48,https://www.billboard-japan.com/charts/detail?a=hot100&year=2014&month=07&day=07
2014,hot100,2014-07-02,29,OLE!OH!,木村カエラ,https://www.billboard-japan.com/charts/detail?a=hot100&year=2014&month=07&day=07
2014,hot100,2014-07-02,30,ラッキーガール,Silent Siren,https://www.billboard-japan.com/charts/detail?a=hot100&year=2014&month=07&day=07
2014,hot100,2014-07-02,31,Super Magical Illusion,ストレイテナー,https://www.billboard-japan.com/charts/detail?a=hot100&year=2014&month=07&day=07
2014,hot100,2014-07-02,32,Take me,TEAM H,https://www.billboard-japan.com/charts/detail?a=hot100&year=2014&month=07&day=07
2014,hot100,2014-07-02,33,COME ON,THE BAWDIES,https://www.billboard-japan.com/charts/detail?a=hot100&year=2014&month=07&day=07
2014,hot100,2014-07-02,34,イージー,カサビアン,https://www.billboard-japan.com/charts/detail?a=hot100&year=2014&month=07&day=07
2014,hot100,2014-07-02,35,恋するフォーチュンクッキー,AKB48,https://www.billboard-japan.com/charts/detail?a=hot100&year=2014&month=07&day=07
2014,hot100,2014-07-02,36,セイ・サムシング with クリスティーナ・アギレラ,ア・グレイト・ビッグ・ワールド,https://www.billboard-japan.com/charts/detail?a=hot100&year=2014&month=07&day=07
2014,hot100,2014-07-02,37,天地ガエシ,NICO Touches the Walls,https://www.billboard-japan.com/charts/detail?a=hot100&year=2014&month=07&day=07
2014,hot100,2014-07-02,38,マップス,マルーン5,https://www.billboard-japan.com/charts/detail?a=hot100&year=2014&month=07&day=07
2014,hot100,2014-07-02,39,NICE AND SLOW,THE BAWDIES,https://www.billboard-japan.com/charts/detail?a=hot100&year=2014&month=07&day=07
2014,hot100,2014-07-02,40,TABOO,NIGHTMARE,https://www.billboard-japan.com/charts/detail?a=hot100&year=2014&month=07&day=07
2014,hot100,2014-07-02,41,さんさ里唄,臼澤みさき,https://www.billboard-japan.com/charts/detail?a=hot100&year=2014&month=07&day=07
2014,hot100,2014-07-02,42,Wedding Bell〜素晴らしきかな人生〜,三代目 J Soul Brothers from EXILE TRIBE,https://www.billboard-japan.com/charts/detail?a=hot100&year=2014&month=07&day=07
2014,hot100,2014-07-02,43,ゲラゲラポーのうた,キング・クリームソーダ,https://www.billboard-japan.com/charts/detail?a=hot100&year=2014&month=07&day=07
2014,hot100,2014-07-02,44,BLEEZE,GLAY,https://www.billboard-japan.com/charts/detail?a=hot100&year=2014&month=07&day=07
2014,hot100,2014-07-02,45,陽だまりの道,コブクロ,https://www.billboard-japan.com/charts/detail?a=hot100&year=2014&month=07&day=07
2014,hot100,2014-07-02,46,ラブ・ストーリーは突然に,クリス・ハート,https://www.billboard-japan.com/charts/detail?a=hot100&year=2014&month=07&day=07
2014,hot100,2014-07-02,47,夏なんて,WHITE JAM,https://www.billboard-japan.com/charts/detail?a=hot100&year=2014&month=07&day=07
2014,hot100,2014-07-02,48,太陽と花,高橋優,https://www.billboard-japan.com/charts/detail?a=hot100&year=2014&month=07&day=07
2014,hot100,2014-07-02,49,Cling Cling,Perfume,https://www.billboard-japan.com/charts/detail?a=hot100&year=2014&month=07&day=07
2014,hot100,2014-07-02,50,ズッ友,神聖かまってちゃん,https://www.billboard-japan.com/charts/detail?a=hot100&year=2014&month=07&day=07
2014,hot100,2014-07-02,51,夜明けの流星群,SCANDAL,https://www.billboard-japan.com/charts/detail?a=hot100&year=2014&month=07&day=07
2014,hot100,2014-07-02,52,Let It Go〜ありのままで〜,May J.,https://www.billboard-japan.com/charts/detail?a=hot100&year=2014&month=07&day=07
2014,hot100,2014-07-02,53,I am Dandy,MANNISH BOYS,https://www.billboard-japan.com/charts/detail?a=hot100&year=2014&month=07&day=07
2014,hot100,2014-07-02,54,ラヴ・ネヴァー・フェルト・ソー・グッド,マイケル・ジャクソン,https://www.billboard-japan.com/charts/detail?a=hot100&year=2014&month=07&day=07
2014,hot100,2014-07-02,55,きらきらキラー,きゃりーぱみゅぱみゅ,https://www.billboard-japan.com/charts/detail?a=hot100&year=2014&month=07&day=07
2014,hot100,2014-07-02,56,イマジネーション,SPYAIR,https://www.billboard-japan.com/charts/detail?a=hot100&year=2014&month=07&day=07
2014,hot100,2014-07-02,57,ア・スカイ・フル・オブ・スターズ,コールドプレイ,https://www.billboard-japan.com/charts/detail?a=hot100&year=2014&month=07&day=07
2014,hot100,2014-07-02,58,RPG,SEKAI NO OWARI,https://www.billboard-japan.com/charts/detail?a=hot100&year=2014&month=07&day=07
2014,hot100,2014-07-02,59,Upside Down,久保田利伸,https://www.billboard-japan.com/charts/detail?a=hot100&year=2014&month=07&day=07
2014,hot100,2014-07-02,60,T字路,小泉今日子 & 中井貴一,https://www.billboard-japan.com/charts/detail?a=hot100&year=2014&month=07&day=07
2014,hot100,2014-07-02,61,全速力 feat.三浦大知,KREVA,https://www.billboard-japan.com/charts/detail?a=hot100&year=2014&month=07&day=07
2014,hot100,2014-07-02,62,BRAND NEW STORY,東京パフォーマンスドール,https://www.billboard-japan.com/charts/detail?a=hot100&year=2014&month=07&day=07
2014,hot100,2014-07-02,63,熱帯魚の涙,Flower,https://www.billboard-japan.com/charts/detail?a=hot100&year=2014&month=07&day=07
2014,hot100,2014-07-02,64,炎と森のカーニバル,SEKAI NO OWARI,https://www.billboard-japan.com/charts/detail?a=hot100&year=2014&month=07&day=07
2014,hot100,2014-07-02,65,唯一人,爆弾ジョニー,https://www.billboard-japan.com/charts/detail?a=hot100&year=2014&month=07&day=07
2014,hot100,2014-07-02,66,ラブソングはとまらないよ,いきものがかり,https://www.billboard-japan.com/charts/detail?a=hot100&year=2014&month=07&day=07
2014,hot100,2014-07-02,67,In Fact,KAT-TUN,https://www.billboard-japan.com/charts/detail?a=hot100&year=2014&month=07&day=07
2014,hot100,2014-07-02,68,生まれてはじめて,"神田沙也加,松たか子",https://www.billboard-japan.com/charts/detail?a=hot100&year=2014&month=07&day=07
2014,hot100,2014-07-02,69,みるいろの星,南壽あさ子,https://www.billboard-japan.com/charts/detail?a=hot100&year=2014&month=07&day=07
2014,hot100,2014-07-02,70,Summer Dreams Come True,三代目 J Soul Brothers from EXILE TRIBE,https://www.billboard-japan.com/charts/detail?a=hot100&year=2014&month=07&day=07
2014,hot100,2014-07-02,71,Do You Ever Shine?,Mayday,https://www.billboard-japan.com/charts/detail?a=hot100&year=2014&month=07&day=07
2014,hot100,2014-07-02,72,ピーナッツバター,石崎ひゅーい,https://www.billboard-japan.com/charts/detail?a=hot100&year=2014&month=07&day=07
2014,hot100,2014-07-02,73,Rising Hope,LiSA,https://www.billboard-japan.com/charts/detail?a=hot100&year=2014&month=07&day=07
2014,hot100,2014-07-02,74,ATLAS,TRUSTRICK,https://www.billboard-japan.com/charts/detail?a=hot100&year=2014&month=07&day=07
2014,hot100,2014-07-02,75,Fallin' Out,當山みれい,https://www.billboard-japan.com/charts/detail?a=hot100&year=2014&month=07&day=07
2014,hot100,2014-07-02,76,Love wing bell,"星空凛(飯田里穂),西木野真姫(Pile),小泉花陽(久保ユリカ),絢瀬絵里(南條愛乃),東條希(楠田亜衣奈),矢澤にこ(徳井青空)",https://www.billboard-japan.com/charts/detail?a=hot100&year=2014&month=07&day=07
2014,hot100,2014-07-02,77,ファースト・ラヴ,ジェニファー・ロペス,https://www.billboard-japan.com/charts/detail?a=hot100&year=2014&month=07&day=07
2014,hot100,2014-07-02,78,星のかけら,笹木ヘンドリクス,https://www.billboard-japan.com/charts/detail?a=hot100&year=2014&month=07&day=07
2014,hot100,2014-07-02,79,ラヴ・ネヴァー・フェルト・ソー・グッド feat.ジャスティン・ティンバーレイク,マイケル・ジャクソン,https://www.billboard-japan.com/charts/detail?a=hot100&year=2014&month=07&day=07
2014,hot100,2014-07-02,80,私たちは絶対に絶対にヨリを戻したりしない,テイラー・スウィフト,https://www.billboard-japan.com/charts/detail?a=hot100&year=2014&month=07&day=07
2014,hot100,2014-07-02,81,家族になろうよ,福山雅治,https://www.billboard-japan.com/charts/detail?a=hot100&year=2014&month=07&day=07
2014,hot100,2014-07-02,82,Re:REMEMBER,May'n,https://www.billboard-japan.com/charts/detail?a=hot100&year=2014&month=07&day=07
2014,hot100,2014-07-02,83,泣いてもいいんだよ,ももいろクローバーZ,https://www.billboard-japan.com/charts/detail?a=hot100&year=2014&month=07&day=07
2014,hot100,2014-07-02,84,レット・イット・ゴー,イディナ・メンゼル,https://www.billboard-japan.com/charts/detail?a=hot100&year=2014&month=07&day=07
2014,hot100,2014-07-02,85,Adventure,[Alexandros],https://www.billboard-japan.com/charts/detail?a=hot100&year=2014&month=07&day=07
2014,hot100,2014-07-02,86,ロックスター,ア・グレイト・ビッグ・ワールド,https://www.billboard-japan.com/charts/detail?a=hot100&year=2014&month=07&day=07
2014,hot100,2014-07-02,87,Fighter,中島美嘉×加藤ミリヤ,https://www.billboard-japan.com/charts/detail?a=hot100&year=2014&month=07&day=07
2014,hot100,2014-07-02,88,URAHARAテンプテーション,吉川友,https://www.billboard-japan.com/charts/detail?a=hot100&year=2014&month=07&day=07
2014,hot100,2014-07-02,89,オモイダマ,関ジャニ∞[エイト],https://www.billboard-japan.com/charts/detail?a=hot100&year=2014&month=07&day=07
2014,hot100,2014-07-02,90,スタンダード,ASIAN KUNG-FU GENERATION,https://www.billboard-japan.com/charts/detail?a=hot100&year=2014&month=07&day=07
2014,hot100,2014-07-02,91,純情,家入レオ,https://www.billboard-japan.com/charts/detail?a=hot100&year=2014&month=07&day=07
2014,hot100,2014-07-02,92,フルドライブ,KANA-BOON,https://www.billboard-japan.com/charts/detail?a=hot100&year=2014&month=07&day=07
2014,hot100,2014-07-02,93,年貢 for you feat.旗本ひろし、足軽先生,レキシ,https://www.billboard-japan.com/charts/detail?a=hot100&year=2014&month=07&day=07
2014,hot100,2014-07-02,94,This game,鈴木このみ,https://www.billboard-japan.com/charts/detail?a=hot100&year=2014&month=07&day=07
2014,hot100,2014-07-02,95,君と夏フェス,SHISHAMO,https://www.billboard-japan.com/charts/detail?a=hot100&year=2014&month=07&day=07
2014,hot100,2014-07-02,96,Recollection,浪川大輔,https://www.billboard-japan.com/charts/detail?a=hot100&year=2014&month=07&day=07
2014,hot100,2014-07-02,97,輝け,ファンキー加藤,https://www.billboard-japan.com/charts/detail?a=hot100&year=2014&month=07&day=07
2014,hot100,2014-07-02,98,XXX,ボヒカズ,https://www.billboard-japan.com/charts/detail?a=hot100&year=2014&month=07&day=07
2014,hot100,2014-07-02,99,Song for,小園美樹,https://www.billboard-japan.com/charts/detail?a=hot100&year=2014&month=07&day=07
2014,hot100,2014-07-02,100,ビビった,キュウソネコカミ,https://www.billboard-japan.com/charts/detail?a=hot100&year=2014&month=07&day=07
2014,hot100,2014-07-09,1,オモイダマ,関ジャニ∞[エイト],https://www.billboard-japan.com/charts/detail?a=hot100&year=2014&month=07&day=14
2014,hot100,2014-07-09,2,君に出会えたから,miwa,https://www.billboard-japan.com/charts/detail?a=hot100&year=2014&month=07&day=14
2014,hot100,2014-07-09,3,Last Romeo〜君がいればいい〜,INFINITE,https://www.billboard-japan.com/charts/detail?a=hot100&year=2014&month=07&day=14
2014,hot100,2014-07-09,4,Wake up!,AAA,https://www.billboard-japan.com/charts/detail?a=hot100&year=2014&month=07&day=14
2014,hot100,2014-07-09,5,R.Y.U.S.E.I.,三代目 J Soul Brothers from EXILE TRIBE,https://www.billboard-japan.com/charts/detail?a=hot100&year=2014&month=07&day=14
2014,hot100,2014-07-09,6,にじいろ,絢香,https://www.billboard-japan.com/charts/detail?a=hot100&year=2014&month=07&day=14
2014,hot100,2014-07-09,7,頑張ったっていいんじゃない,大原櫻子(from MUSH & Co.),https://www.billboard-japan.com/charts/detail?a=hot100&year=2014&month=07&day=14
2014,hot100,2014-07-09,8,Cling Cling,Perfume,https://www.billboard-japan.com/charts/detail?a=hot100&year=2014&month=07&day=14
2014,hot100,2014-07-09,9,レット・イット・ゴー〜ありのままで〜,松たか子,https://www.billboard-japan.com/charts/detail?a=hot100&year=2014&month=07&day=14
2014,hot100,2014-07-09,10,うれし涙 feat.シェネル & MACO,SPICY CHOCOLATE,https://www.billboard-japan.com/charts/detail?a=hot100&year=2014&month=07&day=14
2014,hot100,2014-07-09,11,NIPPON,椎名林檎,https://www.billboard-japan.com/charts/detail?a=hot100&year=2014&month=07&day=14
2014,hot100,2014-07-09,12,ハッピー,ファレル・ウィリアムス,https://www.billboard-japan.com/charts/detail?a=hot100&year=2014&month=07&day=14
2014,hot100,2014-07-09,13,Precious Love,EXILE ATSUSHI,https://www.billboard-japan.com/charts/detail?a=hot100&year=2014&month=07&day=14
2014,hot100,2014-07-09,14,Wake Up! feat.ASIAN KUNG-FU GENERATION,東京スカパラダイスオーケストラ,https://www.billboard-japan.com/charts/detail?a=hot100&year=2014&month=07&day=14
2014,hot100,2014-07-09,15,COME HERE,KAT-TUN,https://www.billboard-japan.com/charts/detail?a=hot100&year=2014&month=07&day=14
2014,hot100,2014-07-09,16,君と夏フェス,SHISHAMO,https://www.billboard-japan.com/charts/detail?a=hot100&year=2014&month=07&day=14
2014,hot100,2014-07-09,17,シング,エド・シーラン,https://www.billboard-japan.com/charts/detail?a=hot100&year=2014&month=07&day=14
2014,hot100,2014-07-09,18,プロブレム feat.イギー・アゼリア,アリアナ・グランデ,https://www.billboard-japan.com/charts/detail?a=hot100&year=2014&month=07&day=14
2014,hot100,2014-07-09,19,マップス,マルーン5,https://www.billboard-japan.com/charts/detail?a=hot100&year=2014&month=07&day=14
2014,hot100,2014-07-09,20,We Don't Stop,西野カナ,https://www.billboard-japan.com/charts/detail?a=hot100&year=2014&month=07&day=14
2014,hot100,2014-07-09,21,Sweat,東方神起,https://www.billboard-japan.com/charts/detail?a=hot100&year=2014&month=07&day=14
2014,hot100,2014-07-09,22,The World is ours!,ナオト・インティライミ,https://www.billboard-japan.com/charts/detail?a=hot100&year=2014&month=07&day=14
2014,hot100,2014-07-09,23,純情,家入レオ,https://www.billboard-japan.com/charts/detail?a=hot100&year=2014&month=07&day=14
2014,hot100,2014-07-09,24,喧嘩上等,氣志團,https://www.billboard-japan.com/charts/detail?a=hot100&year=2014&month=07&day=14
2014,hot100,2014-07-09,25,きらきらキラー,きゃりーぱみゅぱみゅ,https://www.billboard-japan.com/charts/detail?a=hot100&year=2014&month=07&day=14
2014,hot100,2014-07-09,26,ラブラドール・レトリバー,AKB48,https://www.billboard-japan.com/charts/detail?a=hot100&year=2014&month=07&day=14
2014,hot100,2014-07-09,27,RHYTHM OF THE SUN,ケツメイシ,https://www.billboard-japan.com/charts/detail?a=hot100&year=2014&month=07&day=14
2014,hot100,2014-07-09,28,ONE-for the win-,NEWS,https://www.billboard-japan.com/charts/detail?a=hot100&year=2014&month=07&day=14
2014,hot100,2014-07-09,29,誰も知らない,嵐,https://www.billboard-japan.com/charts/detail?a=hot100&year=2014&month=07&day=14
2014,hot100,2014-07-09,30,BLEEZE,GLAY,https://www.billboard-japan.com/charts/detail?a=hot100&year=2014&month=07&day=14
2014,hot100,2014-07-09,31,GUTS!,嵐,https://www.billboard-japan.com/charts/detail?a=hot100&year=2014&month=07&day=14
2014,hot100,2014-07-09,32,NEW HORIZON,EXILE,https://www.billboard-japan.com/charts/detail?a=hot100&year=2014&month=07&day=14
2014,hot100,2014-07-09,33,7日目の決意,UVERworld,https://www.billboard-japan.com/charts/detail?a=hot100&year=2014&month=07&day=14
2014,hot100,2014-07-09,34,daze feat.メイリア from GARNiDELiA,じん,https://www.billboard-japan.com/charts/detail?a=hot100&year=2014&month=07&day=14
2014,hot100,2014-07-09,35,OLE!OH!,木村カエラ,https://www.billboard-japan.com/charts/detail?a=hot100&year=2014&month=07&day=14
2014,hot100,2014-07-09,36,Intro Situation,ゆいかおり(小倉唯&石原夏織),https://www.billboard-japan.com/charts/detail?a=hot100&year=2014&month=07&day=14
2014,hot100,2014-07-09,37,純情マーメイド,さんみゅ〜,https://www.billboard-japan.com/charts/detail?a=hot100&year=2014&month=07&day=14
2014,hot100,2014-07-09,38,ドント・ストップ,ファイヴ・セカンズ・オブ・サマー,https://www.billboard-japan.com/charts/detail?a=hot100&year=2014&month=07&day=14
2014,hot100,2014-07-09,39,サイショの恋〜モテたくて〜,DISH//,https://www.billboard-japan.com/charts/detail?a=hot100&year=2014&month=07&day=14
2014,hot100,2014-07-09,40,IMPACT,UVERworld,https://www.billboard-japan.com/charts/detail?a=hot100&year=2014&month=07&day=14
2014,hot100,2014-07-09,41,Ah Yeah!!,スキマスイッチ,https://www.billboard-japan.com/charts/detail?a=hot100&year=2014&month=07&day=14
2014,hot100,2014-07-09,42,ゲラゲラポーのうた,キング・クリームソーダ,https://www.billboard-japan.com/charts/detail?a=hot100&year=2014&month=07&day=14
2014,hot100,2014-07-09,43,Crazy Crazy,星野源,https://www.billboard-japan.com/charts/detail?a=hot100&year=2014&month=07&day=14
2014,hot100,2014-07-09,44,夏のFree & Easy,乃木坂46,https://www.billboard-japan.com/charts/detail?a=hot100&year=2014&month=07&day=14
2014,hot100,2014-07-09,45,セイ・サムシング with クリスティーナ・アギレラ,ア・グレイト・ビッグ・ワールド,https://www.billboard-japan.com/charts/detail?a=hot100&year=2014&month=07&day=14
2014,hot100,2014-07-09,46,ア・スカイ・フル・オブ・スターズ,コールドプレイ,https://www.billboard-japan.com/charts/detail?a=hot100&year=2014&month=07&day=14
2014,hot100,2014-07-09,47,E.G.Anthem-WE ARE VENUS-,E-girls,https://www.billboard-japan.com/charts/detail?a=hot100&year=2014&month=07&day=14
2014,hot100,2014-07-09,48,ラブソングはとまらないよ,いきものがかり,https://www.billboard-japan.com/charts/detail?a=hot100&year=2014&month=07&day=14
2014,hot100,2014-07-09,49,ラブ・ストーリーは突然に,クリス・ハート,https://www.billboard-japan.com/charts/detail?a=hot100&year=2014&month=07&day=14
2014,hot100,2014-07-09,50,ラヴ・ネヴァー・フェルト・ソー・グッド,マイケル・ジャクソン,https://www.billboard-japan.com/charts/detail?a=hot100&year=2014&month=07&day=14
2014,hot100,2014-07-09,51,愛になる,小田和正,https://www.billboard-japan.com/charts/detail?a=hot100&year=2014&month=07&day=14
2014,hot100,2014-07-09,52,君のネガイ叶えたい!,Doll☆Elements,https://www.billboard-japan.com/charts/detail?a=hot100&year=2014&month=07&day=14
2014,hot100,2014-07-09,53,ブレイク・フリー feat.ゼッド,アリアナ・グランデ,https://www.billboard-japan.com/charts/detail?a=hot100&year=2014&month=07&day=14
2014,hot100,2014-07-09,54,陽だまりの道,コブクロ,https://www.billboard-japan.com/charts/detail?a=hot100&year=2014&month=07&day=14
2014,hot100,2014-07-09,55,LUCKY STAR,SHINee,https://www.billboard-japan.com/charts/detail?a=hot100&year=2014&month=07&day=14
2014,hot100,2014-07-09,56,サーフ、ラヴ・アンド・ロックン・ロール,デュークス・オブ・サーフ,https://www.billboard-japan.com/charts/detail?a=hot100&year=2014&month=07&day=14
2014,hot100,2014-07-09,57,イマジネーション,SPYAIR,https://www.billboard-japan.com/charts/detail?a=hot100&year=2014&month=07&day=14
2014,hot100,2014-07-09,58,夜明けの流星群,SCANDAL,https://www.billboard-japan.com/charts/detail?a=hot100&year=2014&month=07&day=14
2014,hot100,2014-07-09,59,RPG,SEKAI NO OWARI,https://www.billboard-japan.com/charts/detail?a=hot100&year=2014&month=07&day=14
2014,hot100,2014-07-09,60,紅蓮,DOES,https://www.billboard-japan.com/charts/detail?a=hot100&year=2014&month=07&day=14
2014,hot100,2014-07-09,61,ラッキーガール,Silent Siren,https://www.billboard-japan.com/charts/detail?a=hot100&year=2014&month=07&day=14
2014,hot100,2014-07-09,62,ありがとう,MACO,https://www.billboard-japan.com/charts/detail?a=hot100&year=2014&month=07&day=14
2014,hot100,2014-07-09,63,勝利の笑みを君と,ウカスカジー,https://www.billboard-japan.com/charts/detail?a=hot100&year=2014&month=07&day=14
2014,hot100,2014-07-09,64,奏(かなで),藤宮香織(雨宮天),https://www.billboard-japan.com/charts/detail?a=hot100&year=2014&month=07&day=14
2014,hot100,2014-07-09,65,高嶺の林檎,NMB48,https://www.billboard-japan.com/charts/detail?a=hot100&year=2014&month=07&day=14
2014,hot100,2014-07-09,66,Let It Go〜ありのままで〜,May J.,https://www.billboard-japan.com/charts/detail?a=hot100&year=2014&month=07&day=14
2014,hot100,2014-07-09,67,ラヴ・サムワン,ジェイソン・ムラーズ,https://www.billboard-japan.com/charts/detail?a=hot100&year=2014&month=07&day=14
2014,hot100,2014-07-09,68,さんさ里唄,臼澤みさき,https://www.billboard-japan.com/charts/detail?a=hot100&year=2014&month=07&day=14
2014,hot100,2014-07-09,69,COME ON,THE BAWDIES,https://www.billboard-japan.com/charts/detail?a=hot100&year=2014&month=07&day=14
2014,hot100,2014-07-09,70,走る,長渕剛,https://www.billboard-japan.com/charts/detail?a=hot100&year=2014&month=07&day=14
2014,hot100,2014-07-09,71,イージー,カサビアン,https://www.billboard-japan.com/charts/detail?a=hot100&year=2014&month=07&day=14
2014,hot100,2014-07-09,72,ハッピリー,ワン・ダイレクション,https://www.billboard-japan.com/charts/detail?a=hot100&year=2014&month=07&day=14
2014,hot100,2014-07-09,73,天地ガエシ,NICO Touches the Walls,https://www.billboard-japan.com/charts/detail?a=hot100&year=2014&month=07&day=14
2014,hot100,2014-07-09,74,ウィー・アー・ワン(オーレ・オーラ),ピットブル feat.ジェニファー・ロペス & クラウディア・レイチ,https://www.billboard-japan.com/charts/detail?a=hot100&year=2014&month=07&day=14
2014,hot100,2014-07-09,75,泣いてもいいんだよ,ももいろクローバーZ,https://www.billboard-japan.com/charts/detail?a=hot100&year=2014&month=07&day=14
2014,hot100,2014-07-09,76,ダメかしら?,シシド・カフカ,https://www.billboard-japan.com/charts/detail?a=hot100&year=2014&month=07&day=14
2014,hot100,2014-07-09,77,Upside Down,久保田利伸,https://www.billboard-japan.com/charts/detail?a=hot100&year=2014&month=07&day=14
2014,hot100,2014-07-09,78,恋するフォーチュンクッキー,AKB48,https://www.billboard-japan.com/charts/detail?a=hot100&year=2014&month=07&day=14
2014,hot100,2014-07-09,79,生まれてはじめて,"神田沙也加,松たか子",https://www.billboard-japan.com/charts/detail?a=hot100&year=2014&month=07&day=14
2014,hot100,2014-07-09,80,炎と森のカーニバル,SEKAI NO OWARI,https://www.billboard-japan.com/charts/detail?a=hot100&year=2014&month=07&day=14
2014,hot100,2014-07-09,81,ネヴァー・キャン・ディサイド,アヌーシュカ,https://www.billboard-japan.com/charts/detail?a=hot100&year=2014&month=07&day=14
2014,hot100,2014-07-09,82,Top Of The World,SMAP,https://www.billboard-japan.com/charts/detail?a=hot100&year=2014&month=07&day=14
2014,hot100,2014-07-09,83,Crush,板野友美,https://www.billboard-japan.com/charts/detail?a=hot100&year=2014&month=07&day=14
2014,hot100,2014-07-09,84,レット・イット・ゴー,イディナ・メンゼル,https://www.billboard-japan.com/charts/detail?a=hot100&year=2014&month=07&day=14
2014,hot100,2014-07-09,85,Rising Hope,LiSA,https://www.billboard-japan.com/charts/detail?a=hot100&year=2014&month=07&day=14
2014,hot100,2014-07-09,86,私たちは絶対に絶対にヨリを戻したりしない,テイラー・スウィフト,https://www.billboard-japan.com/charts/detail?a=hot100&year=2014&month=07&day=14
2014,hot100,2014-07-09,87,太陽と花,高橋優,https://www.billboard-japan.com/charts/detail?a=hot100&year=2014&month=07&day=14
2014,hot100,2014-07-09,88,A.I,美風藍(蒼井翔太),https://www.billboard-japan.com/charts/detail?a=hot100&year=2014&month=07&day=14
2014,hot100,2014-07-09,89,ルード,マジック!,https://www.billboard-japan.com/charts/detail?a=hot100&year=2014&month=07&day=14
2014,hot100,2014-07-09,90,Hello new me,浜崎あゆみ,https://www.billboard-japan.com/charts/detail?a=hot100&year=2014&month=07&day=14
2014,hot100,2014-07-09,91,そんなことより幸せになろう,小田和正,https://www.billboard-japan.com/charts/detail?a=hot100&year=2014&month=07&day=14
2014,hot100,2014-07-09,92,ダフト・パンク・メドレー,ペンタトニックス,https://www.billboard-japan.com/charts/detail?a=hot100&year=2014&month=07&day=14
2014,hot100,2014-07-09,93,SING!!!!!,ゴスペラーズ,https://www.billboard-japan.com/charts/detail?a=hot100&year=2014&month=07&day=14
2014,hot100,2014-07-09,94,ファンシー feat.チャーリーXCX,イギー・アゼリア,https://www.billboard-japan.com/charts/detail?a=hot100&year=2014&month=07&day=14
2014,hot100,2014-07-09,95,HAPPY AND HAPPY,トミタ栞,https://www.billboard-japan.com/charts/detail?a=hot100&year=2014&month=07&day=14
2014,hot100,2014-07-09,96,No Way,Czecho No Republic,https://www.billboard-japan.com/charts/detail?a=hot100&year=2014&month=07&day=14
2014,hot100,2014-07-09,97,永遠の祭り,TAK-Z & NATURAL WEAPON,https://www.billboard-japan.com/charts/detail?a=hot100&year=2014&month=07&day=14
2014,hot100,2014-07-09,98,ラザー・ビー feat.ジェス・グリン,クリーン・バンディット,https://www.billboard-japan.com/charts/detail?a=hot100&year=2014&month=07&day=14
2014,hot100,2014-07-09,99,ラヴ・ネヴァー・フェルト・ソー・グッド feat.ジャスティン・ティンバーレイク,マイケル・ジャクソン,https://www.billboard-japan.com/charts/detail?a=hot100&year=2014&month=07&day=14
2014,hot100,2014-07-09,100,サマー,カルヴィン・ハリス,https://www.billboard-japan.com/charts/detail?a=hot100&year=2014&month=07&day=14
2014,hot100,2014-07-16,1,夏のFree & Easy,乃木坂46,https://www.billboard-japan.com/charts/detail?a=hot100&year=2014&month=07&day=21
2014,hot100,2014-07-16,2,KiRa-KiRa Sensation!,μ's,https://www.billboard-japan.com/charts/detail?a=hot100&year=2014&month=07&day=21
2014,hot100,2014-07-16,3,ラブソングはとまらないよ,いきものがかり,https://www.billboard-japan.com/charts/detail?a=hot100&year=2014&month=07&day=21
2014,hot100,2014-07-16,4,BLEEZE,GLAY,https://www.billboard-japan.com/charts/detail?a=hot100&year=2014&month=07&day=21
2014,hot100,2014-07-16,5,E.G.Anthem-WE ARE VENUS-,E-girls,https://www.billboard-japan.com/charts/detail?a=hot100&year=2014&month=07&day=21
2014,hot100,2014-07-16,6,君に出会えたから,miwa,https://www.billboard-japan.com/charts/detail?a=hot100&year=2014&month=07&day=21
2014,hot100,2014-07-16,7,オモイダマ,関ジャニ∞[エイト],https://www.billboard-japan.com/charts/detail?a=hot100&year=2014&month=07&day=21
2014,hot100,2014-07-16,8,Top Of The World,SMAP,https://www.billboard-japan.com/charts/detail?a=hot100&year=2014&month=07&day=21
2014,hot100,2014-07-16,9,OLE!OH!,木村カエラ,https://www.billboard-japan.com/charts/detail?a=hot100&year=2014&month=07&day=21
2014,hot100,2014-07-16,10,きらきらキラー,きゃりーぱみゅぱみゅ,https://www.billboard-japan.com/charts/detail?a=hot100&year=2014&month=07&day=21
2014,hot100,2014-07-16,11,R.Y.U.S.E.I.,三代目 J Soul Brothers from EXILE TRIBE,https://www.billboard-japan.com/charts/detail?a=hot100&year=2014&month=07&day=21
2014,hot100,2014-07-16,12,Wake up!,AAA,https://www.billboard-japan.com/charts/detail?a=hot100&year=2014&month=07&day=21
2014,hot100,2014-07-16,13,SING!!!!!,ゴスペラーズ,https://www.billboard-japan.com/charts/detail?a=hot100&year=2014&month=07&day=21
2014,hot100,2014-07-16,14,Cling Cling,Perfume,https://www.billboard-japan.com/charts/detail?a=hot100&year=2014&month=07&day=21
2014,hot100,2014-07-16,15,にじいろ,絢香,https://www.billboard-japan.com/charts/detail?a=hot100&year=2014&month=07&day=21
2014,hot100,2014-07-16,16,ドント・ストップ,ファイヴ・セカンズ・オブ・サマー,https://www.billboard-japan.com/charts/detail?a=hot100&year=2014&month=07&day=21
2014,hot100,2014-07-16,17,COME HERE,KAT-TUN,https://www.billboard-japan.com/charts/detail?a=hot100&year=2014&month=07&day=21
2014,hot100,2014-07-16,18,Wake Up! feat.ASIAN KUNG-FU GENERATION,東京スカパラダイスオーケストラ,https://www.billboard-japan.com/charts/detail?a=hot100&year=2014&month=07&day=21
2014,hot100,2014-07-16,19,ブレイク・フリー feat.ゼッド,アリアナ・グランデ,https://www.billboard-japan.com/charts/detail?a=hot100&year=2014&month=07&day=21
2014,hot100,2014-07-16,20,7日目の決意,UVERworld,https://www.billboard-japan.com/charts/detail?a=hot100&year=2014&month=07&day=21
2014,hot100,2014-07-16,21,レット・イット・ゴー〜ありのままで〜,松たか子,https://www.billboard-japan.com/charts/detail?a=hot100&year=2014&month=07&day=21
2014,hot100,2014-07-16,22,日々,吉田山田,https://www.billboard-japan.com/charts/detail?a=hot100&year=2014&month=07&day=21
2014,hot100,2014-07-16,23,ハッピー,ファレル・ウィリアムス,https://www.billboard-japan.com/charts/detail?a=hot100&year=2014&month=07&day=21
2014,hot100,2014-07-16,24,プロブレム feat.イギー・アゼリア,アリアナ・グランデ,https://www.billboard-japan.com/charts/detail?a=hot100&year=2014&month=07&day=21
2014,hot100,2014-07-16,25,ハッピリー,ワン・ダイレクション,https://www.billboard-japan.com/charts/detail?a=hot100&year=2014&month=07&day=21
2014,hot100,2014-07-16,26,うれし涙 feat.シェネル & MACO,SPICY CHOCOLATE,https://www.billboard-japan.com/charts/detail?a=hot100&year=2014&month=07&day=21
2014,hot100,2014-07-16,27,頑張ったっていいんじゃない,大原櫻子(from MUSH & Co.),https://www.billboard-japan.com/charts/detail?a=hot100&year=2014&month=07&day=21
2014,hot100,2014-07-16,28,Vertical Innocence,access,https://www.billboard-japan.com/charts/detail?a=hot100&year=2014&month=07&day=21
2014,hot100,2014-07-16,29,We Don't Stop,西野カナ,https://www.billboard-japan.com/charts/detail?a=hot100&year=2014&month=07&day=21
2014,hot100,2014-07-16,30,NIPPON,椎名林檎,https://www.billboard-japan.com/charts/detail?a=hot100&year=2014&month=07&day=21
2014,hot100,2014-07-16,31,GUTS!,嵐,https://www.billboard-japan.com/charts/detail?a=hot100&year=2014&month=07&day=21
2014,hot100,2014-07-16,32,ア・スカイ・フル・オブ・スターズ,コールドプレイ,https://www.billboard-japan.com/charts/detail?a=hot100&year=2014&month=07&day=21
2014,hot100,2014-07-16,33,純情,家入レオ,https://www.billboard-japan.com/charts/detail?a=hot100&year=2014&month=07&day=21
2014,hot100,2014-07-16,34,RHYTHM OF THE SUN,ケツメイシ,https://www.billboard-japan.com/charts/detail?a=hot100&year=2014&month=07&day=21
2014,hot100,2014-07-16,35,マップス,マルーン5,https://www.billboard-japan.com/charts/detail?a=hot100&year=2014&month=07&day=21
2014,hot100,2014-07-16,36,ラブラドール・レトリバー,AKB48,https://www.billboard-japan.com/charts/detail?a=hot100&year=2014&month=07&day=21
2014,hot100,2014-07-16,37,若者たち,森山直太朗,https://www.billboard-japan.com/charts/detail?a=hot100&year=2014&month=07&day=21
2014,hot100,2014-07-16,38,ゲラゲラポーのうた,キング・クリームソーダ,https://www.billboard-japan.com/charts/detail?a=hot100&year=2014&month=07&day=21
2014,hot100,2014-07-16,39,君と夏フェス,SHISHAMO,https://www.billboard-japan.com/charts/detail?a=hot100&year=2014&month=07&day=21
2014,hot100,2014-07-16,40,スターライトパレード,SEKAI NO OWARI,https://www.billboard-japan.com/charts/detail?a=hot100&year=2014&month=07&day=21
2014,hot100,2014-07-16,41,No Way,Czecho No Republic,https://www.billboard-japan.com/charts/detail?a=hot100&year=2014&month=07&day=21
2014,hot100,2014-07-16,42,RPG,SEKAI NO OWARI,https://www.billboard-japan.com/charts/detail?a=hot100&year=2014&month=07&day=21
2014,hot100,2014-07-16,43,Happy maker!,μ's,https://www.billboard-japan.com/charts/detail?a=hot100&year=2014&month=07&day=21
2014,hot100,2014-07-16,44,誰も知らない,嵐,https://www.billboard-japan.com/charts/detail?a=hot100&year=2014&month=07&day=21
2014,hot100,2014-07-16,45,喧嘩上等,氣志團,https://www.billboard-japan.com/charts/detail?a=hot100&year=2014&month=07&day=21
2014,hot100,2014-07-16,46,サマー,カルヴィン・ハリス,https://www.billboard-japan.com/charts/detail?a=hot100&year=2014&month=07&day=21
2014,hot100,2014-07-16,47,虹,いきものがかり,https://www.billboard-japan.com/charts/detail?a=hot100&year=2014&month=07&day=21
2014,hot100,2014-07-16,48,シング,エド・シーラン,https://www.billboard-japan.com/charts/detail?a=hot100&year=2014&month=07&day=21
2014,hot100,2014-07-16,49,ウィー・アー・ワン(オーレ・オーラ),ピットブル feat.ジェニファー・ロペス & クラウディア・レイチ,https://www.billboard-japan.com/charts/detail?a=hot100&year=2014&month=07&day=21
2014,hot100,2014-07-16,50,愛になる,小田和正,https://www.billboard-japan.com/charts/detail?a=hot100&year=2014&month=07&day=21
2014,hot100,2014-07-16,51,Precious Love,EXILE ATSUSHI,https://www.billboard-japan.com/charts/detail?a=hot100&year=2014&month=07&day=21
2014,hot100,2014-07-16,52,エロ,クリープハイプ,https://www.billboard-japan.com/charts/detail?a=hot100&year=2014&month=07&day=21
2014,hot100,2014-07-16,53,起死回生STORY,THE ORAL CIGARETTES,https://www.billboard-japan.com/charts/detail?a=hot100&year=2014&month=07&day=21
2014,hot100,2014-07-16,54,サーフ、ラヴ・アンド・ロックン・ロール,デュークス・オブ・サーフ,https://www.billboard-japan.com/charts/detail?a=hot100&year=2014&month=07&day=21
2014,hot100,2014-07-16,55,The World is ours!,ナオト・インティライミ,https://www.billboard-japan.com/charts/detail?a=hot100&year=2014&month=07&day=21
2014,hot100,2014-07-16,56,さよなら,KIDS,https://www.billboard-japan.com/charts/detail?a=hot100&year=2014&month=07&day=21
2014,hot100,2014-07-16,57,恋するフォーチュンクッキー,AKB48,https://www.billboard-japan.com/charts/detail?a=hot100&year=2014&month=07&day=21
2014,hot100,2014-07-16,58,通り雨,ボールズ,https://www.billboard-japan.com/charts/detail?a=hot100&year=2014&month=07&day=21
2014,hot100,2014-07-16,59,sumire。,ハジ→,https://www.billboard-japan.com/charts/detail?a=hot100&year=2014&month=07&day=21
2014,hot100,2014-07-16,60,daze feat.メイリア from GARNiDELiA,じん,https://www.billboard-japan.com/charts/detail?a=hot100&year=2014&month=07&day=21
2014,hot100,2014-07-16,61,HIGH FIVE,片平里菜,https://www.billboard-japan.com/charts/detail?a=hot100&year=2014&month=07&day=21
2014,hot100,2014-07-16,62,忘れかけてた物語,チャラン・ポ・ランタン,https://www.billboard-japan.com/charts/detail?a=hot100&year=2014&month=07&day=21
2014,hot100,2014-07-16,63,夜明けの流星群,SCANDAL,https://www.billboard-japan.com/charts/detail?a=hot100&year=2014&month=07&day=21
2014,hot100,2014-07-16,64,炎と森のカーニバル,SEKAI NO OWARI,https://www.billboard-japan.com/charts/detail?a=hot100&year=2014&month=07&day=21
2014,hot100,2014-07-16,65,グイグイグイ↑↑↑,BEE SHUFFLE,https://www.billboard-japan.com/charts/detail?a=hot100&year=2014&month=07&day=21
2014,hot100,2014-07-16,66,Sweat,東方神起,https://www.billboard-japan.com/charts/detail?a=hot100&year=2014&month=07&day=21
2014,hot100,2014-07-16,67,Ah Yeah!!,スキマスイッチ,https://www.billboard-japan.com/charts/detail?a=hot100&year=2014&month=07&day=21
2014,hot100,2014-07-16,68,Crazy Crazy,星野源,https://www.billboard-japan.com/charts/detail?a=hot100&year=2014&month=07&day=21
2014,hot100,2014-07-16,69,ストロベリーフィールズ,しなまゆ,https://www.billboard-japan.com/charts/detail?a=hot100&year=2014&month=07&day=21
2014,hot100,2014-07-16,70,叶えたまえ,豊崎愛生,https://www.billboard-japan.com/charts/detail?a=hot100&year=2014&month=07&day=21
2014,hot100,2014-07-16,71,生まれてはじめて,"神田沙也加,松たか子",https://www.billboard-japan.com/charts/detail?a=hot100&year=2014&month=07&day=21
2014,hot100,2014-07-16,72,ありがとう,MACO,https://www.billboard-japan.com/charts/detail?a=hot100&year=2014&month=07&day=21
2014,hot100,2014-07-16,73,ラヴ・サムワン,ジェイソン・ムラーズ,https://www.billboard-japan.com/charts/detail?a=hot100&year=2014&month=07&day=21
2014,hot100,2014-07-16,74,Zombie Morning,Saku,https://www.billboard-japan.com/charts/detail?a=hot100&year=2014&month=07&day=21
2014,hot100,2014-07-16,75,"7月7日,晴れ",DREAMS COME TRUE,https://www.billboard-japan.com/charts/detail?a=hot100&year=2014&month=07&day=21
2014,hot100,2014-07-16,76,レット・イット・ゴー,イディナ・メンゼル,https://www.billboard-japan.com/charts/detail?a=hot100&year=2014&month=07&day=21
2014,hot100,2014-07-16,77,スターズ,シンプリー・レッド,https://www.billboard-japan.com/charts/detail?a=hot100&year=2014&month=07&day=21
2014,hot100,2014-07-16,78,夏の情事,MONKEY MAJIK + 吉田兄弟,https://www.billboard-japan.com/charts/detail?a=hot100&year=2014&month=07&day=21
2014,hot100,2014-07-16,79,イビサガール,NMB48,https://www.billboard-japan.com/charts/detail?a=hot100&year=2014&month=07&day=21
2014,hot100,2014-07-16,80,ルード,マジック!,https://www.billboard-japan.com/charts/detail?a=hot100&year=2014&month=07&day=21
2014,hot100,2014-07-16,81,ダフト・パンク・メドレー,ペンタトニックス,https://www.billboard-japan.com/charts/detail?a=hot100&year=2014&month=07&day=21
2014,hot100,2014-07-16,82,ファイン・オン・ザ・アウトサイド,プリシラ・アーン,https://www.billboard-japan.com/charts/detail?a=hot100&year=2014&month=07&day=21
2014,hot100,2014-07-16,83,Love wing bell,"星空凛(飯田里穂),西木野真姫(Pile),小泉花陽(久保ユリカ),絢瀬絵里(南條愛乃),東條希(楠田亜衣奈),矢澤にこ(徳井青空)",https://www.billboard-japan.com/charts/detail?a=hot100&year=2014&month=07&day=21
2014,hot100,2014-07-16,84,ONE-for the win-,NEWS,https://www.billboard-japan.com/charts/detail?a=hot100&year=2014&month=07&day=21
2014,hot100,2014-07-16,85,NEW HORIZON,EXILE,https://www.billboard-japan.com/charts/detail?a=hot100&year=2014&month=07&day=21
2014,hot100,2014-07-16,86,私たちは絶対に絶対にヨリを戻したりしない,テイラー・スウィフト,https://www.billboard-japan.com/charts/detail?a=hot100&year=2014&month=07&day=21
2014,hot100,2014-07-16,87,天体観測,BUMP OF CHICKEN,https://www.billboard-japan.com/charts/detail?a=hot100&year=2014&month=07&day=21
2014,hot100,2014-07-16,88,ネヴァー・セイ・ネヴァー,ベースメント・ジャックス,https://www.billboard-japan.com/charts/detail?a=hot100&year=2014&month=07&day=21
2014,hot100,2014-07-16,89,ラヴァーズ・オン・ザ・サン feat.サム・マーティン,デヴィッド・ゲッタ,https://www.billboard-japan.com/charts/detail?a=hot100&year=2014&month=07&day=21
2014,hot100,2014-07-16,90,ユメノトビラ,μ's,https://www.billboard-japan.com/charts/detail?a=hot100&year=2014&month=07&day=21
2014,hot100,2014-07-16,91,ビューティフル・タイムズ feat.リンジー・スターリング,アウル・シティー,https://www.billboard-japan.com/charts/detail?a=hot100&year=2014&month=07&day=21
2014,hot100,2014-07-16,92,さんさ里唄,臼澤みさき,https://www.billboard-japan.com/charts/detail?a=hot100&year=2014&month=07&day=21
2014,hot100,2014-07-16,93,Seven Journey,Kis-My-Ft2,https://www.billboard-japan.com/charts/detail?a=hot100&year=2014&month=07&day=21
2014,hot100,2014-07-16,94,イージー,カサビアン,https://www.billboard-japan.com/charts/detail?a=hot100&year=2014&month=07&day=21
2014,hot100,2014-07-16,95,Crush,板野友美,https://www.billboard-japan.com/charts/detail?a=hot100&year=2014&month=07&day=21
2014,hot100,2014-07-16,96,Let It Go〜ありのままで〜,May J.,https://www.billboard-japan.com/charts/detail?a=hot100&year=2014&month=07&day=21
2014,hot100,2014-07-16,97,最終電車〜missing you〜,ソナーポケット,https://www.billboard-japan.com/charts/detail?a=hot100&year=2014&month=07&day=21
2014,hot100,2014-07-16,98,Rising Hope,LiSA,https://www.billboard-japan.com/charts/detail?a=hot100&year=2014&month=07&day=21
2014,hot100,2014-07-16,99,イマジネーション,SPYAIR,https://www.billboard-japan.com/charts/detail?a=hot100&year=2014&month=07&day=21
2014,hot100,2014-07-16,100,ラヴ・ネヴァー・フェルト・ソー・グッド feat.ジャスティン・ティンバーレイク,マイケル・ジャクソン,https://www.billboard-japan.com/charts/detail?a=hot100&year=2014&month=07&day=21
2014,hot100,2014-07-23,1,Top Of The World,SMAP,https://www.billboard-japan.com/charts/detail?a=hot100&year=2014&month=07&day=28
2014,hot100,2014-07-23,2,Cling Cling,Perfume,https://www.billboard-japan.com/charts/detail?a=hot100&year=2014&month=07&day=28
2014,hot100,2014-07-23,3,夜明けの流星群,SCANDAL,https://www.billboard-japan.com/charts/detail?a=hot100&year=2014&month=07&day=28
2014,hot100,2014-07-23,4,BOY IN LUV,BTS (防弾少年団),https://www.billboard-japan.com/charts/detail?a=hot100&year=2014&month=07&day=28
2014,hot100,2014-07-23,5,ラブソングはとまらないよ,いきものがかり,https://www.billboard-japan.com/charts/detail?a=hot100&year=2014&month=07&day=28
2014,hot100,2014-07-23,6,Mighty Long Fall,ONE OK ROCK,https://www.billboard-japan.com/charts/detail?a=hot100&year=2014&month=07&day=28
2014,hot100,2014-07-23,7,夏のFree & Easy,乃木坂46,https://www.billboard-japan.com/charts/detail?a=hot100&year=2014&month=07&day=28
2014,hot100,2014-07-23,8,E.G.Anthem-WE ARE VENUS-,E-girls,https://www.billboard-japan.com/charts/detail?a=hot100&year=2014&month=07&day=28
2014,hot100,2014-07-23,9,君に出会えたから,miwa,https://www.billboard-japan.com/charts/detail?a=hot100&year=2014&month=07&day=28
2014,hot100,2014-07-23,10,最終電車〜missing you〜,ソナーポケット,https://www.billboard-japan.com/charts/detail?a=hot100&year=2014&month=07&day=28
2014,hot100,2014-07-23,11,ドント・ストップ,ファイヴ・セカンズ・オブ・サマー,https://www.billboard-japan.com/charts/detail?a=hot100&year=2014&month=07&day=28
2014,hot100,2014-07-23,12,The Power,℃-ute,https://www.billboard-japan.com/charts/detail?a=hot100&year=2014&month=07&day=28
2014,hot100,2014-07-23,13,ONE LIFE,氷室京介,https://www.billboard-japan.com/charts/detail?a=hot100&year=2014&month=07&day=28
2014,hot100,2014-07-23,14,レット・イット・ゴー〜ありのままで〜,松たか子,https://www.billboard-japan.com/charts/detail?a=hot100&year=2014&month=07&day=28
2014,hot100,2014-07-23,15,BLEEZE,GLAY,https://www.billboard-japan.com/charts/detail?a=hot100&year=2014&month=07&day=28
2014,hot100,2014-07-23,16,No Way,Czecho No Republic,https://www.billboard-japan.com/charts/detail?a=hot100&year=2014&month=07&day=28
2014,hot100,2014-07-23,17,R.Y.U.S.E.I.,三代目 J Soul Brothers from EXILE TRIBE,https://www.billboard-japan.com/charts/detail?a=hot100&year=2014&month=07&day=28
2014,hot100,2014-07-23,18,ラヴ・サムワン,ジェイソン・ムラーズ,https://www.billboard-japan.com/charts/detail?a=hot100&year=2014&month=07&day=28
2014,hot100,2014-07-23,19,ハッピー,ファレル・ウィリアムス,https://www.billboard-japan.com/charts/detail?a=hot100&year=2014&month=07&day=28
2014,hot100,2014-07-23,20,オモイダマ,関ジャニ∞[エイト],https://www.billboard-japan.com/charts/detail?a=hot100&year=2014&month=07&day=28
2014,hot100,2014-07-23,21,にじいろ,絢香,https://www.billboard-japan.com/charts/detail?a=hot100&year=2014&month=07&day=28
2014,hot100,2014-07-23,22,Wake up!,AAA,https://www.billboard-japan.com/charts/detail?a=hot100&year=2014&month=07&day=28
2014,hot100,2014-07-23,23,忘れられぬミュージック,ゆず/ももいろクローバーZ/back number/大原櫻子 & 松任谷由実,https://www.billboard-japan.com/charts/detail?a=hot100&year=2014&month=07&day=28
2014,hot100,2014-07-23,24,ブレイク・フリー feat.ゼッド,アリアナ・グランデ,https://www.billboard-japan.com/charts/detail?a=hot100&year=2014&month=07&day=28
2014,hot100,2014-07-23,25,愛のことば,スピッツ,https://www.billboard-japan.com/charts/detail?a=hot100&year=2014&month=07&day=28
2014,hot100,2014-07-23,26,スパークだ!,クレイジーケンバンド,https://www.billboard-japan.com/charts/detail?a=hot100&year=2014&month=07&day=28
2014,hot100,2014-07-23,27,起死回生STORY,THE ORAL CIGARETTES,https://www.billboard-japan.com/charts/detail?a=hot100&year=2014&month=07&day=28
2014,hot100,2014-07-23,28,OLE!OH!,木村カエラ,https://www.billboard-japan.com/charts/detail?a=hot100&year=2014&month=07&day=28
2014,hot100,2014-07-23,29,GUTS!,嵐,https://www.billboard-japan.com/charts/detail?a=hot100&year=2014&month=07&day=28
2014,hot100,2014-07-23,30,ハッピリー,ワン・ダイレクション,https://www.billboard-japan.com/charts/detail?a=hot100&year=2014&month=07&day=28
2014,hot100,2014-07-23,31,LOVE ON U,U-KISS,https://www.billboard-japan.com/charts/detail?a=hot100&year=2014&month=07&day=28
2014,hot100,2014-07-23,32,KiRa-KiRa Sensation!,μ's,https://www.billboard-japan.com/charts/detail?a=hot100&year=2014&month=07&day=28
2014,hot100,2014-07-23,33,Wake Up! feat.ASIAN KUNG-FU GENERATION,東京スカパラダイスオーケストラ,https://www.billboard-japan.com/charts/detail?a=hot100&year=2014&month=07&day=28
2014,hot100,2014-07-23,34,静かな伝説(レジェンド),竹内まりや,https://www.billboard-japan.com/charts/detail?a=hot100&year=2014&month=07&day=28
2014,hot100,2014-07-23,35,プロブレム feat.イギー・アゼリア,アリアナ・グランデ,https://www.billboard-japan.com/charts/detail?a=hot100&year=2014&month=07&day=28
2014,hot100,2014-07-23,36,純情,家入レオ,https://www.billboard-japan.com/charts/detail?a=hot100&year=2014&month=07&day=28
2014,hot100,2014-07-23,37,ファイン・オン・ザ・アウトサイド,プリシラ・アーン,https://www.billboard-japan.com/charts/detail?a=hot100&year=2014&month=07&day=28
2014,hot100,2014-07-23,38,We Don't Stop,西野カナ,https://www.billboard-japan.com/charts/detail?a=hot100&year=2014&month=07&day=28
2014,hot100,2014-07-23,39,マップス,マルーン5,https://www.billboard-japan.com/charts/detail?a=hot100&year=2014&month=07&day=28
2014,hot100,2014-07-23,40,夏の情事,Monkey Majik + 吉田兄弟,https://www.billboard-japan.com/charts/detail?a=hot100&year=2014&month=07&day=28
2014,hot100,2014-07-23,41,日々,吉田山田,https://www.billboard-japan.com/charts/detail?a=hot100&year=2014&month=07&day=28
2014,hot100,2014-07-23,42,きらきらキラー,きゃりーぱみゅぱみゅ,https://www.billboard-japan.com/charts/detail?a=hot100&year=2014&month=07&day=28
2014,hot100,2014-07-23,43,Never Say Never,CODE-V,https://www.billboard-japan.com/charts/detail?a=hot100&year=2014&month=07&day=28
2014,hot100,2014-07-23,44,heavenly blue,Kalafina,https://www.billboard-japan.com/charts/detail?a=hot100&year=2014&month=07&day=28
2014,hot100,2014-07-23,45,頑張ったっていいんじゃない,大原櫻子(from MUSH & Co.),https://www.billboard-japan.com/charts/detail?a=hot100&year=2014&month=07&day=28
2014,hot100,2014-07-23,46,ダンス,アレクサンドラ・スタン,https://www.billboard-japan.com/charts/detail?a=hot100&year=2014&month=07&day=28
2014,hot100,2014-07-23,47,COME HERE,KAT-TUN,https://www.billboard-japan.com/charts/detail?a=hot100&year=2014&month=07&day=28
2014,hot100,2014-07-23,48,ゲラゲラポーのうた,キング・クリームソーダ,https://www.billboard-japan.com/charts/detail?a=hot100&year=2014&month=07&day=28
2014,hot100,2014-07-23,49,サマー,カルヴィン・ハリス,https://www.billboard-japan.com/charts/detail?a=hot100&year=2014&month=07&day=28
2014,hot100,2014-07-23,50,RPG,SEKAI NO OWARI,https://www.billboard-japan.com/charts/detail?a=hot100&year=2014&month=07&day=28
2014,hot100,2014-07-23,51,Stay in my hand,ACIDMAN,https://www.billboard-japan.com/charts/detail?a=hot100&year=2014&month=07&day=28
2014,hot100,2014-07-23,52,RHYTHM OF THE SUN,ケツメイシ,https://www.billboard-japan.com/charts/detail?a=hot100&year=2014&month=07&day=28
2014,hot100,2014-07-23,53,NIPPON,椎名林檎,https://www.billboard-japan.com/charts/detail?a=hot100&year=2014&month=07&day=28
2014,hot100,2014-07-23,54,sky traveler,Dorothy Little Happy,https://www.billboard-japan.com/charts/detail?a=hot100&year=2014&month=07&day=28
2014,hot100,2014-07-23,55,シング,エド・シーラン,https://www.billboard-japan.com/charts/detail?a=hot100&year=2014&month=07&day=28
2014,hot100,2014-07-23,56,HIGH FIVE,片平里菜,https://www.billboard-japan.com/charts/detail?a=hot100&year=2014&month=07&day=28
2014,hot100,2014-07-23,57,ラブラドール・レトリバー,AKB48,https://www.billboard-japan.com/charts/detail?a=hot100&year=2014&month=07&day=28
2014,hot100,2014-07-23,58,SING!!!!!,ゴスペラーズ,https://www.billboard-japan.com/charts/detail?a=hot100&year=2014&month=07&day=28
2014,hot100,2014-07-23,59,Just The Way You Are,DEEP,https://www.billboard-japan.com/charts/detail?a=hot100&year=2014&month=07&day=28
2014,hot100,2014-07-23,60,さよなら,KIDS,https://www.billboard-japan.com/charts/detail?a=hot100&year=2014&month=07&day=28
2014,hot100,2014-07-23,61,TRANSFORM,VALSHE,https://www.billboard-japan.com/charts/detail?a=hot100&year=2014&month=07&day=28
2014,hot100,2014-07-23,62,炎と森のカーニバル,SEKAI NO OWARI,https://www.billboard-japan.com/charts/detail?a=hot100&year=2014&month=07&day=28
2014,hot100,2014-07-23,63,Ah Yeah!!,スキマスイッチ,https://www.billboard-japan.com/charts/detail?a=hot100&year=2014&month=07&day=28
2014,hot100,2014-07-23,64,ウィー・アー・ワン(オーレ・オーラ),ピットブル feat.ジェニファー・ロペス & クラウディア・レイチ,https://www.billboard-japan.com/charts/detail?a=hot100&year=2014&month=07&day=28
2014,hot100,2014-07-23,65,誰も知らない,嵐,https://www.billboard-japan.com/charts/detail?a=hot100&year=2014&month=07&day=28
2014,hot100,2014-07-23,66,通り雨,ボールズ,https://www.billboard-japan.com/charts/detail?a=hot100&year=2014&month=07&day=28
2014,hot100,2014-07-23,67,Let It Go〜ありのままで〜,May J.,https://www.billboard-japan.com/charts/detail?a=hot100&year=2014&month=07&day=28
2014,hot100,2014-07-23,68,ドント・ノウ・ホワット・イット・ミーンズ,プスンブーツ,https://www.billboard-japan.com/charts/detail?a=hot100&year=2014&month=07&day=28
2014,hot100,2014-07-23,69,君と夏フェス,SHISHAMO,https://www.billboard-japan.com/charts/detail?a=hot100&year=2014&month=07&day=28
2014,hot100,2014-07-23,70,エロ,クリープハイプ,https://www.billboard-japan.com/charts/detail?a=hot100&year=2014&month=07&day=28
2014,hot100,2014-07-23,71,スリラー,マイケル・ジャクソン,https://www.billboard-japan.com/charts/detail?a=hot100&year=2014&month=07&day=28
2014,hot100,2014-07-23,72,猟奇的なキスを私にして,ゲスの極み乙女。,https://www.billboard-japan.com/charts/detail?a=hot100&year=2014&month=07&day=28
2014,hot100,2014-07-23,73,喧嘩上等,氣志團,https://www.billboard-japan.com/charts/detail?a=hot100&year=2014&month=07&day=28
2014,hot100,2014-07-23,74,うれし涙 feat.シェネル & MACO,SPICY CHOCOLATE,https://www.billboard-japan.com/charts/detail?a=hot100&year=2014&month=07&day=28
2014,hot100,2014-07-23,75,レット・イット・ゴー,イディナ・メンゼル,https://www.billboard-japan.com/charts/detail?a=hot100&year=2014&month=07&day=28
2014,hot100,2014-07-23,76,BLACK RAIL,MY FIRST STORY,https://www.billboard-japan.com/charts/detail?a=hot100&year=2014&month=07&day=28
2014,hot100,2014-07-23,77,The World is ours!,ナオト・インティライミ,https://www.billboard-japan.com/charts/detail?a=hot100&year=2014&month=07&day=28
2014,hot100,2014-07-23,78,Amazing Discovery,SMAP,https://www.billboard-japan.com/charts/detail?a=hot100&year=2014&month=07&day=28
2014,hot100,2014-07-23,79,生まれてはじめて,"神田沙也加,松たか子",https://www.billboard-japan.com/charts/detail?a=hot100&year=2014&month=07&day=28
2014,hot100,2014-07-23,80,来たれ!暁の同志,上坂すみれ,https://www.billboard-japan.com/charts/detail?a=hot100&year=2014&month=07&day=28
2014,hot100,2014-07-23,81,サーフ、ラヴ・アンド・ロックン・ロール,デュークス・オブ・サーフ,https://www.billboard-japan.com/charts/detail?a=hot100&year=2014&month=07&day=28
2014,hot100,2014-07-23,82,ダフト・パンク・メドレー,ペンタトニックス,https://www.billboard-japan.com/charts/detail?a=hot100&year=2014&month=07&day=28
2014,hot100,2014-07-23,83,ルード,マジック!,https://www.billboard-japan.com/charts/detail?a=hot100&year=2014&month=07&day=28
2014,hot100,2014-07-23,84,恋するフォーチュンクッキー,AKB48,https://www.billboard-japan.com/charts/detail?a=hot100&year=2014&month=07&day=28
2014,hot100,2014-07-23,85,YOUR SONG,鎧武乃風,https://www.billboard-japan.com/charts/detail?a=hot100&year=2014&month=07&day=28
2014,hot100,2014-07-23,86,sumire。,ハジ→,https://www.billboard-japan.com/charts/detail?a=hot100&year=2014&month=07&day=28
2014,hot100,2014-07-23,87,スターライトパレード,SEKAI NO OWARI,https://www.billboard-japan.com/charts/detail?a=hot100&year=2014&month=07&day=28
2014,hot100,2014-07-23,88,明日は続くよどこまでも,アンダーグラフ,https://www.billboard-japan.com/charts/detail?a=hot100&year=2014&month=07&day=28
2014,hot100,2014-07-23,89,Indestructible,少女時代,https://www.billboard-japan.com/charts/detail?a=hot100&year=2014&month=07&day=28
2014,hot100,2014-07-23,90,ラヴァーズ・オン・ザ・サン feat.サム・マーティン,デヴィッド・ゲッタ,https://www.billboard-japan.com/charts/detail?a=hot100&year=2014&month=07&day=28
2014,hot100,2014-07-23,91,この恋のストーリー,藤田麻衣子,https://www.billboard-japan.com/charts/detail?a=hot100&year=2014&month=07&day=28
2014,hot100,2014-07-23,92,ア・スカイ・フル・オブ・スターズ,コールドプレイ,https://www.billboard-japan.com/charts/detail?a=hot100&year=2014&month=07&day=28
2014,hot100,2014-07-23,93,ウェイク・ミー・アップ!,アヴィーチー,https://www.billboard-japan.com/charts/detail?a=hot100&year=2014&month=07&day=28
2014,hot100,2014-07-23,94,ストロベリーフィールズ,しなまゆ,https://www.billboard-japan.com/charts/detail?a=hot100&year=2014&month=07&day=28
2014,hot100,2014-07-23,95,ONE-for the win-,NEWS,https://www.billboard-japan.com/charts/detail?a=hot100&year=2014&month=07&day=28
2014,hot100,2014-07-23,96,daze,じん feat.メイリア from GARNiDELiA,https://www.billboard-japan.com/charts/detail?a=hot100&year=2014&month=07&day=28
2014,hot100,2014-07-23,97,ネヴァー・セイ・ネヴァー,ベースメント・ジャックス,https://www.billboard-japan.com/charts/detail?a=hot100&year=2014&month=07&day=28
2014,hot100,2014-07-23,98,NEW HORIZON,EXILE,https://www.billboard-japan.com/charts/detail?a=hot100&year=2014&month=07&day=28
2014,hot100,2014-07-23,99,笑うドッペルゲンガー,東京カランコロン,https://www.billboard-japan.com/charts/detail?a=hot100&year=2014&month=07&day=28
2014,hot100,2014-07-23,100,グッド・タイム with アウル・シティー,カーリー・レイ・ジェプセン,https://www.billboard-japan.com/charts/detail?a=hot100&year=2014&month=07&day=28
2014,hot100,2014-07-30,1,NEW HORIZON,EXILE,https://www.billboard-japan.com/charts/detail?a=hot100&year=2014&month=08&day=04
2014,hot100,2014-07-30,2,静かな伝説(レジェンド),竹内まりや,https://www.billboard-japan.com/charts/detail?a=hot100&year=2014&month=08&day=04
2014,hot100,2014-07-30,3,Ah Yeah!!,スキマスイッチ,https://www.billboard-japan.com/charts/detail?a=hot100&year=2014&month=08&day=04
2014,hot100,2014-07-30,4,てぃーてぃーてぃーてれっててれてぃてぃてぃ〜だれのケツ〜,舞祭組,https://www.billboard-japan.com/charts/detail?a=hot100&year=2014&month=08&day=04
2014,hot100,2014-07-30,5,Mighty Long Fall,ONE OK ROCK,https://www.billboard-japan.com/charts/detail?a=hot100&year=2014&month=08&day=04
2014,hot100,2014-07-30,6,unravel,TK from 凛として時雨,https://www.billboard-japan.com/charts/detail?a=hot100&year=2014&month=08&day=04
2014,hot100,2014-07-30,7,マジカル☆エクスプレス☆ジャーニー,アフィリア・サーガ,https://www.billboard-japan.com/charts/detail?a=hot100&year=2014&month=08&day=04
2014,hot100,2014-07-30,8,エロ,クリープハイプ,https://www.billboard-japan.com/charts/detail?a=hot100&year=2014&month=08&day=04
2014,hot100,2014-07-30,9,Top Of The World,SMAP,https://www.billboard-japan.com/charts/detail?a=hot100&year=2014&month=08&day=04
2014,hot100,2014-07-30,10,Cling Cling,Perfume,https://www.billboard-japan.com/charts/detail?a=hot100&year=2014&month=08&day=04
2014,hot100,2014-07-30,11,ドント・ストップ,ファイヴ・セカンズ・オブ・サマー,https://www.billboard-japan.com/charts/detail?a=hot100&year=2014&month=08&day=04
2014,hot100,2014-07-30,12,ラブソングはとまらないよ,いきものがかり,https://www.billboard-japan.com/charts/detail?a=hot100&year=2014&month=08&day=04
2014,hot100,2014-07-30,13,E.G.Anthem-WE ARE VENUS-,E-girls,https://www.billboard-japan.com/charts/detail?a=hot100&year=2014&month=08&day=04
2014,hot100,2014-07-30,14,夜明けの流星群,SCANDAL,https://www.billboard-japan.com/charts/detail?a=hot100&year=2014&month=08&day=04
2014,hot100,2014-07-30,15,サンシャイン日本海,Negicco,https://www.billboard-japan.com/charts/detail?a=hot100&year=2014&month=08&day=04
2014,hot100,2014-07-30,16,君に出会えたから,miwa,https://www.billboard-japan.com/charts/detail?a=hot100&year=2014&month=08&day=04
2014,hot100,2014-07-30,17,レット・イット・ゴー〜ありのままで〜,松たか子,https://www.billboard-japan.com/charts/detail?a=hot100&year=2014&month=08&day=04
2014,hot100,2014-07-30,18,向かい風に打たれながら,茅原実里,https://www.billboard-japan.com/charts/detail?a=hot100&year=2014&month=08&day=04
2014,hot100,2014-07-30,19,夏のFree & Easy,乃木坂46,https://www.billboard-japan.com/charts/detail?a=hot100&year=2014&month=08&day=04
2014,hot100,2014-07-30,20,にじいろ,絢香,https://www.billboard-japan.com/charts/detail?a=hot100&year=2014&month=08&day=04
2014,hot100,2014-07-30,21,純情,家入レオ,https://www.billboard-japan.com/charts/detail?a=hot100&year=2014&month=08&day=04
2014,hot100,2014-07-30,22,プロブレム feat.イギー・アゼリア,アリアナ・グランデ,https://www.billboard-japan.com/charts/detail?a=hot100&year=2014&month=08&day=04
2014,hot100,2014-07-30,23,R.Y.U.S.E.I.,三代目 J Soul Brothers from EXILE TRIBE,https://www.billboard-japan.com/charts/detail?a=hot100&year=2014&month=08&day=04
2014,hot100,2014-07-30,24,ブレイク・フリー feat.ゼッド,アリアナ・グランデ,https://www.billboard-japan.com/charts/detail?a=hot100&year=2014&month=08&day=04
2014,hot100,2014-07-30,25,忘れられぬミュージック,ゆず/ももいろクローバーZ/back number/大原櫻子 & 松任谷由実,https://www.billboard-japan.com/charts/detail?a=hot100&year=2014&month=08&day=04
2014,hot100,2014-07-30,26,ハッピー,ファレル・ウィリアムス,https://www.billboard-japan.com/charts/detail?a=hot100&year=2014&month=08&day=04
2014,hot100,2014-07-30,27,MASAYUME CHASING,BoA,https://www.billboard-japan.com/charts/detail?a=hot100&year=2014&month=08&day=04
2014,hot100,2014-07-30,28,ファイン・オン・ザ・アウトサイド,プリシラ・アーン,https://www.billboard-japan.com/charts/detail?a=hot100&year=2014&month=08&day=04
2014,hot100,2014-07-30,29,No Way,Czecho No Republic,https://www.billboard-japan.com/charts/detail?a=hot100&year=2014&month=08&day=04
2014,hot100,2014-07-30,30,オモイダマ,関ジャニ∞[エイト],https://www.billboard-japan.com/charts/detail?a=hot100&year=2014&month=08&day=04
2014,hot100,2014-07-30,31,B.A.B.Y.,SuG,https://www.billboard-japan.com/charts/detail?a=hot100&year=2014&month=08&day=04
2014,hot100,2014-07-30,32,ラヴ・サムワン,ジェイソン・ムラーズ,https://www.billboard-japan.com/charts/detail?a=hot100&year=2014&month=08&day=04
2014,hot100,2014-07-30,33,HIGH FIVE,片平里菜,https://www.billboard-japan.com/charts/detail?a=hot100&year=2014&month=08&day=04
2014,hot100,2014-07-30,34,起死回生STORY,THE ORAL CIGARETTES,https://www.billboard-japan.com/charts/detail?a=hot100&year=2014&month=08&day=04
2014,hot100,2014-07-30,35,BLEEZE,GLAY,https://www.billboard-japan.com/charts/detail?a=hot100&year=2014&month=08&day=04
2014,hot100,2014-07-30,36,ルード,マジック!,https://www.billboard-japan.com/charts/detail?a=hot100&year=2014&month=08&day=04
2014,hot100,2014-07-30,37,Wake up!,AAA,https://www.billboard-japan.com/charts/detail?a=hot100&year=2014&month=08&day=04
2014,hot100,2014-07-30,38,この恋のストーリー,藤田麻衣子,https://www.billboard-japan.com/charts/detail?a=hot100&year=2014&month=08&day=04
2014,hot100,2014-07-30,39,ゲラゲラポーのうた,キング・クリームソーダ,https://www.billboard-japan.com/charts/detail?a=hot100&year=2014&month=08&day=04
2014,hot100,2014-07-30,40,Come & Get It!!,Rico,https://www.billboard-japan.com/charts/detail?a=hot100&year=2014&month=08&day=04
2014,hot100,2014-07-30,41,猟奇的なキスを私にして,ゲスの極み乙女。,https://www.billboard-japan.com/charts/detail?a=hot100&year=2014&month=08&day=04
2014,hot100,2014-07-30,42,ハッピリー,ワン・ダイレクション,https://www.billboard-japan.com/charts/detail?a=hot100&year=2014&month=08&day=04
2014,hot100,2014-07-30,43,RHYTHM OF THE SUN,ケツメイシ,https://www.billboard-japan.com/charts/detail?a=hot100&year=2014&month=08&day=04
2014,hot100,2014-07-30,44,親父のメール,ケツメイシ,https://www.billboard-japan.com/charts/detail?a=hot100&year=2014&month=08&day=04
2014,hot100,2014-07-30,45,heavenly blue,Kalafina,https://www.billboard-japan.com/charts/detail?a=hot100&year=2014&month=08&day=04
2014,hot100,2014-07-30,46,生まれてはじめて,"神田沙也加,松たか子",https://www.billboard-japan.com/charts/detail?a=hot100&year=2014&month=08&day=04
2014,hot100,2014-07-30,47,GUTS!,嵐,https://www.billboard-japan.com/charts/detail?a=hot100&year=2014&month=08&day=04
2014,hot100,2014-07-30,48,Let It Go〜ありのままで〜,May J.,https://www.billboard-japan.com/charts/detail?a=hot100&year=2014&month=08&day=04
2014,hot100,2014-07-30,49,Craving In My Soul,EXILE,https://www.billboard-japan.com/charts/detail?a=hot100&year=2014&month=08&day=04
2014,hot100,2014-07-30,50,サマー,カルヴィン・ハリス,https://www.billboard-japan.com/charts/detail?a=hot100&year=2014&month=08&day=04
2014,hot100,2014-07-30,51,We Don't Stop,西野カナ,https://www.billboard-japan.com/charts/detail?a=hot100&year=2014&month=08&day=04
2014,hot100,2014-07-30,52,はじめての海,上間綾乃,https://www.billboard-japan.com/charts/detail?a=hot100&year=2014&month=08&day=04
2014,hot100,2014-07-30,53,Poker Face,伊藤萌々香,https://www.billboard-japan.com/charts/detail?a=hot100&year=2014&month=08&day=04
2014,hot100,2014-07-30,54,共鳴のTrue Force,原田ひとみ,https://www.billboard-japan.com/charts/detail?a=hot100&year=2014&month=08&day=04
2014,hot100,2014-07-30,55,お化け,カメレオ,https://www.billboard-japan.com/charts/detail?a=hot100&year=2014&month=08&day=04
2014,hot100,2014-07-30,56,ちゅるりちゅるりら,でんぱ組.Inc,https://www.billboard-japan.com/charts/detail?a=hot100&year=2014&month=08&day=04
2014,hot100,2014-07-30,57,最終電車〜missing you〜,ソナーポケット,https://www.billboard-japan.com/charts/detail?a=hot100&year=2014&month=08&day=04
2014,hot100,2014-07-30,58,夏色,ゆず,https://www.billboard-japan.com/charts/detail?a=hot100&year=2014&month=08&day=04
2014,hot100,2014-07-30,59,ROCK★STAR,清木場俊介,https://www.billboard-japan.com/charts/detail?a=hot100&year=2014&month=08&day=04
2014,hot100,2014-07-30,60,スパークだ!,クレイジーケンバンド,https://www.billboard-japan.com/charts/detail?a=hot100&year=2014&month=08&day=04
2014,hot100,2014-07-30,61,Let it be,TEE & AI,https://www.billboard-japan.com/charts/detail?a=hot100&year=2014&month=08&day=04
2014,hot100,2014-07-30,62,OLE!OH!,木村カエラ,https://www.billboard-japan.com/charts/detail?a=hot100&year=2014&month=08&day=04
2014,hot100,2014-07-30,63,ダンス,アレクサンドラ・スタン,https://www.billboard-japan.com/charts/detail?a=hot100&year=2014&month=08&day=04
2014,hot100,2014-07-30,64,愛のことば,スピッツ,https://www.billboard-japan.com/charts/detail?a=hot100&year=2014&month=08&day=04
2014,hot100,2014-07-30,65,あー夏休み,TUBE,https://www.billboard-japan.com/charts/detail?a=hot100&year=2014&month=08&day=04
2014,hot100,2014-07-30,66,Tough Intention,KOTOKO,https://www.billboard-japan.com/charts/detail?a=hot100&year=2014&month=08&day=04
2014,hot100,2014-07-30,67,INFINITY≠ZERO,ナノ,https://www.billboard-japan.com/charts/detail?a=hot100&year=2014&month=08&day=04
2014,hot100,2014-07-30,68,KiRa-KiRa Sensation!,μ's,https://www.billboard-japan.com/charts/detail?a=hot100&year=2014&month=08&day=04
2014,hot100,2014-07-30,69,YooHoo,Secret,https://www.billboard-japan.com/charts/detail?a=hot100&year=2014&month=08&day=04
2014,hot100,2014-07-30,70,ネヴァー・セイ・ネヴァー,ベースメント・ジャックス,https://www.billboard-japan.com/charts/detail?a=hot100&year=2014&month=08&day=04
2014,hot100,2014-07-30,71,COME HERE,KAT-TUN,https://www.billboard-japan.com/charts/detail?a=hot100&year=2014&month=08&day=04
2014,hot100,2014-07-30,72,誰も知らない,嵐,https://www.billboard-japan.com/charts/detail?a=hot100&year=2014&month=08&day=04
2014,hot100,2014-07-30,73,私たちは絶対に絶対にヨリを戻したりしない〜We Are Never Ever Getting Back Together,MACO,https://www.billboard-japan.com/charts/detail?a=hot100&year=2014&month=08&day=04
2014,hot100,2014-07-30,74,心のプラカード,AKB48,https://www.billboard-japan.com/charts/detail?a=hot100&year=2014&month=08&day=04
2014,hot100,2014-07-30,75,透明な世界,nano.RIPE,https://www.billboard-japan.com/charts/detail?a=hot100&year=2014&month=08&day=04
2014,hot100,2014-07-30,76,屋形船,増位山太志郎 & 菊地まどか,https://www.billboard-japan.com/charts/detail?a=hot100&year=2014&month=08&day=04
2014,hot100,2014-07-30,77,夏の情事,Monkey Majik + 吉田兄弟,https://www.billboard-japan.com/charts/detail?a=hot100&year=2014&month=08&day=04
2014,hot100,2014-07-30,78,恋するフォーチュンクッキー,AKB48,https://www.billboard-japan.com/charts/detail?a=hot100&year=2014&month=08&day=04
2014,hot100,2014-07-30,79,マップス,マルーン5,https://www.billboard-japan.com/charts/detail?a=hot100&year=2014&month=08&day=04
2014,hot100,2014-07-30,80,もうそう☆えくすぷれす,千石撫子(花澤香菜),https://www.billboard-japan.com/charts/detail?a=hot100&year=2014&month=08&day=04
2014,hot100,2014-07-30,81,ONE LIFE,氷室京介,https://www.billboard-japan.com/charts/detail?a=hot100&year=2014&month=08&day=04
2014,hot100,2014-07-30,82,スタートライン,7!!,https://www.billboard-japan.com/charts/detail?a=hot100&year=2014&month=08&day=04
2014,hot100,2014-07-30,83,カリフォルニー,ケツメイシ,https://www.billboard-japan.com/charts/detail?a=hot100&year=2014&month=08&day=04
2014,hot100,2014-07-30,84,RPG,SEKAI NO OWARI,https://www.billboard-japan.com/charts/detail?a=hot100&year=2014&month=08&day=04
2014,hot100,2014-07-30,85,いていたいよ,MINMI,https://www.billboard-japan.com/charts/detail?a=hot100&year=2014&month=08&day=04
2014,hot100,2014-07-30,86,君と夏フェス,SHISHAMO,https://www.billboard-japan.com/charts/detail?a=hot100&year=2014&month=08&day=04
2014,hot100,2014-07-30,87,レット・イット・ゴー,イディナ・メンゼル,https://www.billboard-japan.com/charts/detail?a=hot100&year=2014&month=08&day=04
2014,hot100,2014-07-30,88,花火,aiko,https://www.billboard-japan.com/charts/detail?a=hot100&year=2014&month=08&day=04
2014,hot100,2014-07-30,89,ラブラドール・レトリバー,AKB48,https://www.billboard-japan.com/charts/detail?a=hot100&year=2014&month=08&day=04
2014,hot100,2014-07-30,90,ホロスコープ,AJI,https://www.billboard-japan.com/charts/detail?a=hot100&year=2014&month=08&day=04
2014,hot100,2014-07-30,91,グッド・タイム with アウル・シティー,カーリー・レイ・ジェプセン,https://www.billboard-japan.com/charts/detail?a=hot100&year=2014&month=08&day=04
2014,hot100,2014-07-30,92,喧嘩上等,氣志團,https://www.billboard-japan.com/charts/detail?a=hot100&year=2014&month=08&day=04
2014,hot100,2014-07-30,93,Hot Stuff,JUJU,https://www.billboard-japan.com/charts/detail?a=hot100&year=2014&month=08&day=04
2014,hot100,2014-07-30,94,ラヴァーズ・オン・ザ・サン feat.サム・マーティン,デヴィッド・ゲッタ,https://www.billboard-japan.com/charts/detail?a=hot100&year=2014&month=08&day=04
2014,hot100,2014-07-30,95,頑張ったっていいんじゃない,大原櫻子(from MUSH & Co.),https://www.billboard-japan.com/charts/detail?a=hot100&year=2014&month=08&day=04
2014,hot100,2014-07-30,96,NIPPON,椎名林檎,https://www.billboard-japan.com/charts/detail?a=hot100&year=2014&month=08&day=04
2014,hot100,2014-07-30,97,私たちは絶対に絶対にヨリを戻したりしない,テイラー・スウィフト,https://www.billboard-japan.com/charts/detail?a=hot100&year=2014&month=08&day=04
2014,hot100,2014-07-30,98,ドント・ノウ・ホワット・イット・ミーンズ,プスンブーツ,https://www.billboard-japan.com/charts/detail?a=hot100&year=2014&month=08&day=04
2014,hot100,2014-07-30,99,ray,BUMP OF CHICKEN,https://www.billboard-japan.com/charts/detail?a=hot100&year=2014&month=08&day=04
2014,hot100,2014-07-30,100,さよなら,KIDS,https://www.billboard-japan.com/charts/detail?a=hot100&year=2014&month=08&day=04
2014,hot100,2014-08-06,1,不器用太陽,SKE48,https://www.billboard-japan.com/charts/detail?a=hot100&year=2014&month=08&day=11
2014,hot100,2014-08-06,2,Mighty Long Fall,ONE OK ROCK,https://www.billboard-japan.com/charts/detail?a=hot100&year=2014&month=08&day=11
2014,hot100,2014-08-06,3,MOON PRIDE,ももいろクローバーZ,https://www.billboard-japan.com/charts/detail?a=hot100&year=2014&month=08&day=11
2014,hot100,2014-08-06,4,Dried Up Youthful Fame,OLDCODEX,https://www.billboard-japan.com/charts/detail?a=hot100&year=2014&month=08&day=11
2014,hot100,2014-08-06,5,純情,家入レオ,https://www.billboard-japan.com/charts/detail?a=hot100&year=2014&month=08&day=11
2014,hot100,2014-08-06,6,You were here,BUMP OF CHICKEN,https://www.billboard-japan.com/charts/detail?a=hot100&year=2014&month=08&day=11
2014,hot100,2014-08-06,7,NEW HORIZON,EXILE,https://www.billboard-japan.com/charts/detail?a=hot100&year=2014&month=08&day=11
2014,hot100,2014-08-06,8,ちゅるりちゅるりら,でんぱ組.inc,https://www.billboard-japan.com/charts/detail?a=hot100&year=2014&month=08&day=11
2014,hot100,2014-08-06,9,てぃーてぃーてぃーてれっててれてぃてぃてぃ〜だれのケツ〜,舞祭組,https://www.billboard-japan.com/charts/detail?a=hot100&year=2014&month=08&day=11
2014,hot100,2014-08-06,10,We're the friends!,"THE IDOLM@STER CINDERELLA GIRLS!!(渋谷凛,鷺沢文香,高垣楓,安部菜々,緒方智絵里,島村卯月,本田未央,姫川友紀,高森藍子)",https://www.billboard-japan.com/charts/detail?a=hot100&year=2014&month=08&day=11
2014,hot100,2014-08-06,11,ドント・ストップ,ファイヴ・セカンズ・オブ・サマー,https://www.billboard-japan.com/charts/detail?a=hot100&year=2014&month=08&day=11
2014,hot100,2014-08-06,12,Decision,ONE OK ROCK,https://www.billboard-japan.com/charts/detail?a=hot100&year=2014&month=08&day=11
2014,hot100,2014-08-06,13,HIGH FIVE,片平里菜,https://www.billboard-japan.com/charts/detail?a=hot100&year=2014&month=08&day=11
2014,hot100,2014-08-06,14,心のプラカード,AKB48,https://www.billboard-japan.com/charts/detail?a=hot100&year=2014&month=08&day=11
2014,hot100,2014-08-06,15,猟奇的なキスを私にして,ゲスの極み乙女。,https://www.billboard-japan.com/charts/detail?a=hot100&year=2014&month=08&day=11
2014,hot100,2014-08-06,16,Ah Yeah!!,スキマスイッチ,https://www.billboard-japan.com/charts/detail?a=hot100&year=2014&month=08&day=11
2014,hot100,2014-08-06,17,grilletto,GARNiDELiA,https://www.billboard-japan.com/charts/detail?a=hot100&year=2014&month=08&day=11
2014,hot100,2014-08-06,18,ブラックバタフライ,Juice=Juice,https://www.billboard-japan.com/charts/detail?a=hot100&year=2014&month=08&day=11
2014,hot100,2014-08-06,19,純潔なる愛-Aspiration-,カミュ(前野智昭),https://www.billboard-japan.com/charts/detail?a=hot100&year=2014&month=08&day=11
2014,hot100,2014-08-06,20,unravel,TK from 凛として時雨,https://www.billboard-japan.com/charts/detail?a=hot100&year=2014&month=08&day=11
2014,hot100,2014-08-06,21,Top Of The World,SMAP,https://www.billboard-japan.com/charts/detail?a=hot100&year=2014&month=08&day=11
2014,hot100,2014-08-06,22,Cling Cling,Perfume,https://www.billboard-japan.com/charts/detail?a=hot100&year=2014&month=08&day=11
2014,hot100,2014-08-06,23,ラブソングはとまらないよ,いきものがかり,https://www.billboard-japan.com/charts/detail?a=hot100&year=2014&month=08&day=11
2014,hot100,2014-08-06,24,静かな伝説(レジェンド),竹内まりや,https://www.billboard-japan.com/charts/detail?a=hot100&year=2014&month=08&day=11
2014,hot100,2014-08-06,25,君に出会えたから,miwa,https://www.billboard-japan.com/charts/detail?a=hot100&year=2014&month=08&day=11
2014,hot100,2014-08-06,26,E.G.Anthem-WE ARE VENUS-,E-girls,https://www.billboard-japan.com/charts/detail?a=hot100&year=2014&month=08&day=11
2014,hot100,2014-08-06,27,スタートライン,7!!,https://www.billboard-japan.com/charts/detail?a=hot100&year=2014&month=08&day=11
2014,hot100,2014-08-06,28,レット・イット・ゴー〜ありのままで〜,松たか子,https://www.billboard-japan.com/charts/detail?a=hot100&year=2014&month=08&day=11
2014,hot100,2014-08-06,29,ハッピー,ファレル・ウィリアムス,https://www.billboard-japan.com/charts/detail?a=hot100&year=2014&month=08&day=11
2014,hot100,2014-08-06,30,Pieces of Me,ONE OK ROCK,https://www.billboard-japan.com/charts/detail?a=hot100&year=2014&month=08&day=11
2014,hot100,2014-08-06,31,R.Y.U.S.E.I.,三代目 J Soul Brothers from EXILE TRIBE,https://www.billboard-japan.com/charts/detail?a=hot100&year=2014&month=08&day=11
2014,hot100,2014-08-06,32,エロ,クリープハイプ,https://www.billboard-japan.com/charts/detail?a=hot100&year=2014&month=08&day=11
2014,hot100,2014-08-06,33,ナツコイ,LinQ,https://www.billboard-japan.com/charts/detail?a=hot100&year=2014&month=08&day=11
2014,hot100,2014-08-06,34,にじいろ,絢香,https://www.billboard-japan.com/charts/detail?a=hot100&year=2014&month=08&day=11
2014,hot100,2014-08-06,35,夜明けの流星群,SCANDAL,https://www.billboard-japan.com/charts/detail?a=hot100&year=2014&month=08&day=11
2014,hot100,2014-08-06,36,ブレイク・フリー feat.ゼッド,アリアナ・グランデ,https://www.billboard-japan.com/charts/detail?a=hot100&year=2014&month=08&day=11
2014,hot100,2014-08-06,37,ルード★それでも僕は結婚する,マジック!,https://www.billboard-japan.com/charts/detail?a=hot100&year=2014&month=08&day=11
2014,hot100,2014-08-06,38,プロブレム feat.イギー・アゼリア,アリアナ・グランデ,https://www.billboard-japan.com/charts/detail?a=hot100&year=2014&month=08&day=11
2014,hot100,2014-08-06,39,ブルー,フジファブリック,https://www.billboard-japan.com/charts/detail?a=hot100&year=2014&month=08&day=11
2014,hot100,2014-08-06,40,夏のFree & Easy,乃木坂46,https://www.billboard-japan.com/charts/detail?a=hot100&year=2014&month=08&day=11
2014,hot100,2014-08-06,41,私たちは絶対に絶対にヨリを戻したりしない〜We Are Never Ever Getting Back Together,MACO,https://www.billboard-japan.com/charts/detail?a=hot100&year=2014&month=08&day=11
2014,hot100,2014-08-06,42,ray,BUMP OF CHICKEN,https://www.billboard-japan.com/charts/detail?a=hot100&year=2014&month=08&day=11
2014,hot100,2014-08-06,43,ER2,エイトレンジャー,https://www.billboard-japan.com/charts/detail?a=hot100&year=2014&month=08&day=11
2014,hot100,2014-08-06,44,サマー,カルヴィン・ハリス,https://www.billboard-japan.com/charts/detail?a=hot100&year=2014&month=08&day=11
2014,hot100,2014-08-06,45,ダフト・パンク・メドレー,ペンタトニックス,https://www.billboard-japan.com/charts/detail?a=hot100&year=2014&month=08&day=11
2014,hot100,2014-08-06,46,起死回生STORY,THE ORAL CIGARETTES,https://www.billboard-japan.com/charts/detail?a=hot100&year=2014&month=08&day=11
2014,hot100,2014-08-06,47,Let it be,TEE & AI,https://www.billboard-japan.com/charts/detail?a=hot100&year=2014&month=08&day=11
2014,hot100,2014-08-06,48,No Way,Czecho No Republic,https://www.billboard-japan.com/charts/detail?a=hot100&year=2014&month=08&day=11
2014,hot100,2014-08-06,49,はじめての海,上間綾乃,https://www.billboard-japan.com/charts/detail?a=hot100&year=2014&month=08&day=11
2014,hot100,2014-08-06,50,ゲラゲラポーのうた,キング・クリームソーダ,https://www.billboard-japan.com/charts/detail?a=hot100&year=2014&month=08&day=11
2014,hot100,2014-08-06,51,RHYTHM OF THE SUN,ケツメイシ,https://www.billboard-japan.com/charts/detail?a=hot100&year=2014&month=08&day=11
2014,hot100,2014-08-06,52,GUTS!,嵐,https://www.billboard-japan.com/charts/detail?a=hot100&year=2014&month=08&day=11
2014,hot100,2014-08-06,53,オモイダマ,関ジャニ∞[エイト],https://www.billboard-japan.com/charts/detail?a=hot100&year=2014&month=08&day=11
2014,hot100,2014-08-06,54,heavenly blue,Kalafina,https://www.billboard-japan.com/charts/detail?a=hot100&year=2014&month=08&day=11
2014,hot100,2014-08-06,55,BLEEZE,GLAY,https://www.billboard-japan.com/charts/detail?a=hot100&year=2014&month=08&day=11
2014,hot100,2014-08-06,56,"Good times,bad times",LOVE PSYCHEDELICO,https://www.billboard-japan.com/charts/detail?a=hot100&year=2014&month=08&day=11
2014,hot100,2014-08-06,57,マップス,マルーン5,https://www.billboard-japan.com/charts/detail?a=hot100&year=2014&month=08&day=11
2014,hot100,2014-08-06,58,親父のメール,ケツメイシ,https://www.billboard-japan.com/charts/detail?a=hot100&year=2014&month=08&day=11
2014,hot100,2014-08-06,59,Come & Get It!!,Rico,https://www.billboard-japan.com/charts/detail?a=hot100&year=2014&month=08&day=11
2014,hot100,2014-08-06,60,Saturday,稲葉浩志,https://www.billboard-japan.com/charts/detail?a=hot100&year=2014&month=08&day=11
2014,hot100,2014-08-06,61,moving soul,栗林みな実,https://www.billboard-japan.com/charts/detail?a=hot100&year=2014&month=08&day=11
2014,hot100,2014-08-06,62,忘れられぬミュージック,ゆず/ももいろクローバーZ/back number/大原櫻子 & 松任谷由実,https://www.billboard-japan.com/charts/detail?a=hot100&year=2014&month=08&day=11
2014,hot100,2014-08-06,63,誰も知らない,嵐,https://www.billboard-japan.com/charts/detail?a=hot100&year=2014&month=08&day=11
2014,hot100,2014-08-06,64,We Don't Stop,西野カナ,https://www.billboard-japan.com/charts/detail?a=hot100&year=2014&month=08&day=11
2014,hot100,2014-08-06,65,ラブラドール・レトリバー,AKB48,https://www.billboard-japan.com/charts/detail?a=hot100&year=2014&month=08&day=11
2014,hot100,2014-08-06,66,ラヴ・サムワン,ジェイソン・ムラーズ,https://www.billboard-japan.com/charts/detail?a=hot100&year=2014&month=08&day=11
2014,hot100,2014-08-06,67,COME HERE,KAT-TUN,https://www.billboard-japan.com/charts/detail?a=hot100&year=2014&month=08&day=11
2014,hot100,2014-08-06,68,Lady No.5,矢沢洋子,https://www.billboard-japan.com/charts/detail?a=hot100&year=2014&month=08&day=11
2014,hot100,2014-08-06,69,ミライファンファーレ,流川ガールズ,https://www.billboard-japan.com/charts/detail?a=hot100&year=2014&month=08&day=11
2014,hot100,2014-08-06,70,恋するフォーチュンクッキー,AKB48,https://www.billboard-japan.com/charts/detail?a=hot100&year=2014&month=08&day=11
2014,hot100,2014-08-06,71,夏のトカゲ,TOTALFAT,https://www.billboard-japan.com/charts/detail?a=hot100&year=2014&month=08&day=11
2014,hot100,2014-08-06,72,花火,aiko,https://www.billboard-japan.com/charts/detail?a=hot100&year=2014&month=08&day=11
2014,hot100,2014-08-06,73,愛のことば,スピッツ,https://www.billboard-japan.com/charts/detail?a=hot100&year=2014&month=08&day=11
2014,hot100,2014-08-06,74,バン・バン,ジェシー・J、アリアナ・グランデ & ニッキー・ミナージュ,https://www.billboard-japan.com/charts/detail?a=hot100&year=2014&month=08&day=11
2014,hot100,2014-08-06,75,君と夏フェス,SHISHAMO,https://www.billboard-japan.com/charts/detail?a=hot100&year=2014&month=08&day=11
2014,hot100,2014-08-06,76,夏色,ゆず,https://www.billboard-japan.com/charts/detail?a=hot100&year=2014&month=08&day=11
2014,hot100,2014-08-06,77,ホロスコープ,AJI,https://www.billboard-japan.com/charts/detail?a=hot100&year=2014&month=08&day=11
2014,hot100,2014-08-06,78,あのコが、髪を、切らない理由。,アイドルカレッジ,https://www.billboard-japan.com/charts/detail?a=hot100&year=2014&month=08&day=11
2014,hot100,2014-08-06,79,生まれてはじめて,"神田沙也加,松たか子",https://www.billboard-japan.com/charts/detail?a=hot100&year=2014&month=08&day=11
2014,hot100,2014-08-06,80,MASAYUME CHASING,BoA,https://www.billboard-japan.com/charts/detail?a=hot100&year=2014&month=08&day=11
2014,hot100,2014-08-06,81,RPG,SEKAI NO OWARI,https://www.billboard-japan.com/charts/detail?a=hot100&year=2014&month=08&day=11
2014,hot100,2014-08-06,82,Hot Stuff,JUJU,https://www.billboard-japan.com/charts/detail?a=hot100&year=2014&month=08&day=11
2014,hot100,2014-08-06,83,Moon Revenge,ももいろクローバーZ,https://www.billboard-japan.com/charts/detail?a=hot100&year=2014&month=08&day=11
2014,hot100,2014-08-06,84,月虹,ももいろクローバーZ,https://www.billboard-japan.com/charts/detail?a=hot100&year=2014&month=08&day=11
2014,hot100,2014-08-06,85,Wake up!,AAA,https://www.billboard-japan.com/charts/detail?a=hot100&year=2014&month=08&day=11
2014,hot100,2014-08-06,86,最後の夏,キマグレン,https://www.billboard-japan.com/charts/detail?a=hot100&year=2014&month=08&day=11
2014,hot100,2014-08-06,87,ファイン・オン・ザ・アウトサイド,プリシラ・アーン,https://www.billboard-japan.com/charts/detail?a=hot100&year=2014&month=08&day=11
2014,hot100,2014-08-06,88,Poker Face,伊藤萌々香,https://www.billboard-japan.com/charts/detail?a=hot100&year=2014&month=08&day=11
2014,hot100,2014-08-06,89,この恋のストーリー,藤田麻衣子,https://www.billboard-japan.com/charts/detail?a=hot100&year=2014&month=08&day=11
2014,hot100,2014-08-06,90,喧嘩上等,氣志團,https://www.billboard-japan.com/charts/detail?a=hot100&year=2014&month=08&day=11
2014,hot100,2014-08-06,91,ひまわりの約束,秦基博,https://www.billboard-japan.com/charts/detail?a=hot100&year=2014&month=08&day=11
2014,hot100,2014-08-06,92,ネヴァー・セイ・ネヴァー,ベースメント・ジャックス,https://www.billboard-japan.com/charts/detail?a=hot100&year=2014&month=08&day=11
2014,hot100,2014-08-06,93,So right,rieco,https://www.billboard-japan.com/charts/detail?a=hot100&year=2014&month=08&day=11
2014,hot100,2014-08-06,94,夏祭り,Whiteberry,https://www.billboard-japan.com/charts/detail?a=hot100&year=2014&month=08&day=11
2014,hot100,2014-08-06,95,天体観測,BUMP OF CHICKEN,https://www.billboard-japan.com/charts/detail?a=hot100&year=2014&month=08&day=11
2014,hot100,2014-08-06,96,夏の思い出,ケツメイシ,https://www.billboard-japan.com/charts/detail?a=hot100&year=2014&month=08&day=11
2014,hot100,2014-08-06,97,明日への星,高橋優,https://www.billboard-japan.com/charts/detail?a=hot100&year=2014&month=08&day=11
2014,hot100,2014-08-06,98,ラヴァーズ・オン・ザ・サン feat.サム・マーティン,デヴィッド・ゲッタ,https://www.billboard-japan.com/charts/detail?a=hot100&year=2014&month=08&day=11
2014,hot100,2014-08-06,99,Fantastic Soda!!,戸松遥,https://www.billboard-japan.com/charts/detail?a=hot100&year=2014&month=08&day=11
2014,hot100,2014-08-06,100,さよなら,KIDS,https://www.billboard-japan.com/charts/detail?a=hot100&year=2014&month=08&day=11
2014,hot100,2014-08-13,1,ER2,エイトレンジャー,https://www.billboard-japan.com/charts/detail?a=hot100&year=2014&month=08&day=18
2014,hot100,2014-08-13,2,ひまわりの約束,秦基博,https://www.billboard-japan.com/charts/detail?a=hot100&year=2014&month=08&day=18
2014,hot100,2014-08-13,3,FUTURE FISH,STYLE FIVE,https://www.billboard-japan.com/charts/detail?a=hot100&year=2014&month=08&day=18
2014,hot100,2014-08-13,4,猟奇的なキスを私にして,ゲスの極み乙女。,https://www.billboard-japan.com/charts/detail?a=hot100&year=2014&month=08&day=18
2014,hot100,2014-08-13,5,Mighty Long Fall,ONE OK ROCK,https://www.billboard-japan.com/charts/detail?a=hot100&year=2014&month=08&day=18
2014,hot100,2014-08-13,6,パズル,湘南乃風,https://www.billboard-japan.com/charts/detail?a=hot100&year=2014&month=08&day=18
2014,hot100,2014-08-13,7,HIGH FIVE,片平里菜,https://www.billboard-japan.com/charts/detail?a=hot100&year=2014&month=08&day=18
2014,hot100,2014-08-13,8,Good Time,赤西仁,https://www.billboard-japan.com/charts/detail?a=hot100&year=2014&month=08&day=18
2014,hot100,2014-08-13,9,不器用太陽,SKE48,https://www.billboard-japan.com/charts/detail?a=hot100&year=2014&month=08&day=18
2014,hot100,2014-08-13,10,突キ破レル-Time to SMASH!,T.M.Revolution,https://www.billboard-japan.com/charts/detail?a=hot100&year=2014&month=08&day=18
2014,hot100,2014-08-13,11,壊れた愛の果てに,predia,https://www.billboard-japan.com/charts/detail?a=hot100&year=2014&month=08&day=18
2014,hot100,2014-08-13,12,NEW HORIZON,EXILE,https://www.billboard-japan.com/charts/detail?a=hot100&year=2014&month=08&day=18
2014,hot100,2014-08-13,13,MOON PRIDE,ももいろクローバーZ,https://www.billboard-japan.com/charts/detail?a=hot100&year=2014&month=08&day=18
2014,hot100,2014-08-13,14,You were here,BUMP OF CHICKEN,https://www.billboard-japan.com/charts/detail?a=hot100&year=2014&month=08&day=18
2014,hot100,2014-08-13,15,彼に守ってほしい10のこと,植田真梨恵,https://www.billboard-japan.com/charts/detail?a=hot100&year=2014&month=08&day=18
2014,hot100,2014-08-13,16,純情,家入レオ,https://www.billboard-japan.com/charts/detail?a=hot100&year=2014&month=08&day=18
2014,hot100,2014-08-13,17,heavenly blue,Kalafina,https://www.billboard-japan.com/charts/detail?a=hot100&year=2014&month=08&day=18
2014,hot100,2014-08-13,18,ラブソングはとまらないよ,いきものがかり,https://www.billboard-japan.com/charts/detail?a=hot100&year=2014&month=08&day=18
2014,hot100,2014-08-13,19,SKELETON,SUPER JUNIOR DONGHAE & EUNHYUK,https://www.billboard-japan.com/charts/detail?a=hot100&year=2014&month=08&day=18
2014,hot100,2014-08-13,20,TRUE HEARTS,蒼井翔太,https://www.billboard-japan.com/charts/detail?a=hot100&year=2014&month=08&day=18
2014,hot100,2014-08-13,21,世界は恋に落ちている,CHiCO with HoneyWorks,https://www.billboard-japan.com/charts/detail?a=hot100&year=2014&month=08&day=18
2014,hot100,2014-08-13,22,Ah Yeah!!,スキマスイッチ,https://www.billboard-japan.com/charts/detail?a=hot100&year=2014&month=08&day=18
2014,hot100,2014-08-13,23,HOTEL,倖田來未,https://www.billboard-japan.com/charts/detail?a=hot100&year=2014&month=08&day=18
2014,hot100,2014-08-13,24,せいいっぱい、つたえたい!,三森すずこ,https://www.billboard-japan.com/charts/detail?a=hot100&year=2014&month=08&day=18
2014,hot100,2014-08-13,25,レット・ゴー・フォー・トゥナイト,フォクシーズ,https://www.billboard-japan.com/charts/detail?a=hot100&year=2014&month=08&day=18
2014,hot100,2014-08-13,26,unravel,TK from 凛として時雨,https://www.billboard-japan.com/charts/detail?a=hot100&year=2014&month=08&day=18
2014,hot100,2014-08-13,27,Dried Up Youthful Fame,OLDCODEX,https://www.billboard-japan.com/charts/detail?a=hot100&year=2014&month=08&day=18
2014,hot100,2014-08-13,28,ルード★それでも僕は結婚する,マジック!,https://www.billboard-japan.com/charts/detail?a=hot100&year=2014&month=08&day=18
2014,hot100,2014-08-13,29,スクランブル,山崎あおい,https://www.billboard-japan.com/charts/detail?a=hot100&year=2014&month=08&day=18
2014,hot100,2014-08-13,30,心のプラカード,AKB48,https://www.billboard-japan.com/charts/detail?a=hot100&year=2014&month=08&day=18
2014,hot100,2014-08-13,31,Cling Cling,Perfume,https://www.billboard-japan.com/charts/detail?a=hot100&year=2014&month=08&day=18
2014,hot100,2014-08-13,32,シング,エド・シーラン,https://www.billboard-japan.com/charts/detail?a=hot100&year=2014&month=08&day=18
2014,hot100,2014-08-13,33,てぃーてぃーてぃーてれっててれてぃてぃてぃ〜だれのケツ〜,舞祭組,https://www.billboard-japan.com/charts/detail?a=hot100&year=2014&month=08&day=18
2014,hot100,2014-08-13,34,聖者たち,People In The Box,https://www.billboard-japan.com/charts/detail?a=hot100&year=2014&month=08&day=18
2014,hot100,2014-08-13,35,君に出会えたから,miwa,https://www.billboard-japan.com/charts/detail?a=hot100&year=2014&month=08&day=18
2014,hot100,2014-08-13,36,オモイダマ,関ジャニ∞[エイト],https://www.billboard-japan.com/charts/detail?a=hot100&year=2014&month=08&day=18
2014,hot100,2014-08-13,37,ゲラゲラポーのうた,キング・クリームソーダ,https://www.billboard-japan.com/charts/detail?a=hot100&year=2014&month=08&day=18
2014,hot100,2014-08-13,38,R.Y.U.S.E.I.,三代目 J Soul Brothers from EXILE TRIBE,https://www.billboard-japan.com/charts/detail?a=hot100&year=2014&month=08&day=18
2014,hot100,2014-08-13,39,ハッピー,ファレル・ウィリアムス,https://www.billboard-japan.com/charts/detail?a=hot100&year=2014&month=08&day=18
2014,hot100,2014-08-13,40,E.G.Anthem-WE ARE VENUS-,E-girls,https://www.billboard-japan.com/charts/detail?a=hot100&year=2014&month=08&day=18
2014,hot100,2014-08-13,41,にじいろ,絢香,https://www.billboard-japan.com/charts/detail?a=hot100&year=2014&month=08&day=18
2014,hot100,2014-08-13,42,サマー,カルヴィン・ハリス,https://www.billboard-japan.com/charts/detail?a=hot100&year=2014&month=08&day=18
2014,hot100,2014-08-13,43,ドント・ストップ,ファイヴ・セカンズ・オブ・サマー,https://www.billboard-japan.com/charts/detail?a=hot100&year=2014&month=08&day=18
2014,hot100,2014-08-13,44,キスまでいける,ザ・クロマニヨンズ,https://www.billboard-japan.com/charts/detail?a=hot100&year=2014&month=08&day=18
2014,hot100,2014-08-13,45,Top Of The World,SMAP,https://www.billboard-japan.com/charts/detail?a=hot100&year=2014&month=08&day=18
2014,hot100,2014-08-13,46,レット・イット・ゴー〜ありのままで〜,松たか子,https://www.billboard-japan.com/charts/detail?a=hot100&year=2014&month=08&day=18
2014,hot100,2014-08-13,47,ちゅるりちゅるりら,でんぱ組.inc,https://www.billboard-japan.com/charts/detail?a=hot100&year=2014&month=08&day=18
2014,hot100,2014-08-13,48,BANG!BANG!BANG!,Silent Siren,https://www.billboard-japan.com/charts/detail?a=hot100&year=2014&month=08&day=18
2014,hot100,2014-08-13,49,ラブラドール・レトリバー,AKB48,https://www.billboard-japan.com/charts/detail?a=hot100&year=2014&month=08&day=18
2014,hot100,2014-08-13,50,プロブレム feat.イギー・アゼリア,アリアナ・グランデ,https://www.billboard-japan.com/charts/detail?a=hot100&year=2014&month=08&day=18
2014,hot100,2014-08-13,51,静かな伝説(レジェンド),竹内まりや,https://www.billboard-japan.com/charts/detail?a=hot100&year=2014&month=08&day=18
2014,hot100,2014-08-13,52,誰でもロンリー,YUKI,https://www.billboard-japan.com/charts/detail?a=hot100&year=2014&month=08&day=18
2014,hot100,2014-08-13,53,明日への星,高橋優,https://www.billboard-japan.com/charts/detail?a=hot100&year=2014&month=08&day=18
2014,hot100,2014-08-13,54,ナイト・ライク・ディス,LP,https://www.billboard-japan.com/charts/detail?a=hot100&year=2014&month=08&day=18
2014,hot100,2014-08-13,55,grilletto,GARNiDELiA,https://www.billboard-japan.com/charts/detail?a=hot100&year=2014&month=08&day=18
2014,hot100,2014-08-13,56,ダフト・パンク・メドレー,ペンタトニックス,https://www.billboard-japan.com/charts/detail?a=hot100&year=2014&month=08&day=18
2014,hot100,2014-08-13,57,GUTS!,嵐,https://www.billboard-japan.com/charts/detail?a=hot100&year=2014&month=08&day=18
2014,hot100,2014-08-13,58,バン・バン,ジェシー・J + アリアナ・グランデ + ニッキー・ミナージュ,https://www.billboard-japan.com/charts/detail?a=hot100&year=2014&month=08&day=18
2014,hot100,2014-08-13,59,アソビ,ゲスの極み乙女。,https://www.billboard-japan.com/charts/detail?a=hot100&year=2014&month=08&day=18
2014,hot100,2014-08-13,60,RPG,SEKAI NO OWARI,https://www.billboard-japan.com/charts/detail?a=hot100&year=2014&month=08&day=18
2014,hot100,2014-08-13,61,ブレイク・フリー feat.ゼッド,アリアナ・グランデ,https://www.billboard-japan.com/charts/detail?a=hot100&year=2014&month=08&day=18
2014,hot100,2014-08-13,62,YES!!,大橋彩香,https://www.billboard-japan.com/charts/detail?a=hot100&year=2014&month=08&day=18
2014,hot100,2014-08-13,63,マップス,マルーン5,https://www.billboard-japan.com/charts/detail?a=hot100&year=2014&month=08&day=18
2014,hot100,2014-08-13,64,ベイビー・アイ feat.葉加瀬太郎,アリアナ・グランデ,https://www.billboard-japan.com/charts/detail?a=hot100&year=2014&month=08&day=18
2014,hot100,2014-08-13,65,"ONE LAST DANCE,STILL IN A TRANCE",DREAMS COME TRUE,https://www.billboard-japan.com/charts/detail?a=hot100&year=2014&month=08&day=18
2014,hot100,2014-08-13,66,エロ,クリープハイプ,https://www.billboard-japan.com/charts/detail?a=hot100&year=2014&month=08&day=18
2014,hot100,2014-08-13,67,夜明けの流星群,SCANDAL,https://www.billboard-japan.com/charts/detail?a=hot100&year=2014&month=08&day=18
2014,hot100,2014-08-13,68,We Don't Stop,西野カナ,https://www.billboard-japan.com/charts/detail?a=hot100&year=2014&month=08&day=18
2014,hot100,2014-08-13,69,夏色,ゆず,https://www.billboard-japan.com/charts/detail?a=hot100&year=2014&month=08&day=18
2014,hot100,2014-08-13,70,Shout,androp,https://www.billboard-japan.com/charts/detail?a=hot100&year=2014&month=08&day=18
2014,hot100,2014-08-13,71,睡蓮花,湘南乃風,https://www.billboard-japan.com/charts/detail?a=hot100&year=2014&month=08&day=18
2014,hot100,2014-08-13,72,炎と森のカーニバル,SEKAI NO OWARI,https://www.billboard-japan.com/charts/detail?a=hot100&year=2014&month=08&day=18
2014,hot100,2014-08-13,73,ファイン・オン・ザ・アウトサイド,プリシラ・アーン,https://www.billboard-japan.com/charts/detail?a=hot100&year=2014&month=08&day=18
2014,hot100,2014-08-13,74,COME HERE,KAT-TUN,https://www.billboard-japan.com/charts/detail?a=hot100&year=2014&month=08&day=18
2014,hot100,2014-08-13,75,若者たち,森山直太朗,https://www.billboard-japan.com/charts/detail?a=hot100&year=2014&month=08&day=18
2014,hot100,2014-08-13,76,夏の日と君の声,ChouCho,https://www.billboard-japan.com/charts/detail?a=hot100&year=2014&month=08&day=18
2014,hot100,2014-08-13,77,生まれてはじめて,"神田沙也加,松たか子",https://www.billboard-japan.com/charts/detail?a=hot100&year=2014&month=08&day=18
2014,hot100,2014-08-13,78,グッド・タイム with アウル・シティー,カーリー・レイ・ジェプセン,https://www.billboard-japan.com/charts/detail?a=hot100&year=2014&month=08&day=18
2014,hot100,2014-08-13,79,Wake up!,AAA,https://www.billboard-japan.com/charts/detail?a=hot100&year=2014&month=08&day=18
2014,hot100,2014-08-13,80,忘れられぬミュージック,ゆず/ももいろクローバーZ/back number/大原櫻子 & 松任谷由実,https://www.billboard-japan.com/charts/detail?a=hot100&year=2014&month=08&day=18
2014,hot100,2014-08-13,81,RHYTHM OF THE SUN,ケツメイシ,https://www.billboard-japan.com/charts/detail?a=hot100&year=2014&month=08&day=18
2014,hot100,2014-08-13,82,ハッピリー,ワン・ダイレクション,https://www.billboard-japan.com/charts/detail?a=hot100&year=2014&month=08&day=18
2014,hot100,2014-08-13,83,Baby Love,遠藤舞,https://www.billboard-japan.com/charts/detail?a=hot100&year=2014&month=08&day=18
2014,hot100,2014-08-13,84,ドキドキ☆夏恋物語,ぽこた,https://www.billboard-japan.com/charts/detail?a=hot100&year=2014&month=08&day=18
2014,hot100,2014-08-13,85,恋するフォーチュンクッキー,AKB48,https://www.billboard-japan.com/charts/detail?a=hot100&year=2014&month=08&day=18
2014,hot100,2014-08-13,86,No Way,Czecho No Republic,https://www.billboard-japan.com/charts/detail?a=hot100&year=2014&month=08&day=18
2014,hot100,2014-08-13,87,Decision,ONE OK ROCK,https://www.billboard-japan.com/charts/detail?a=hot100&year=2014&month=08&day=18
2014,hot100,2014-08-13,88,夏のFree & Easy,乃木坂46,https://www.billboard-japan.com/charts/detail?a=hot100&year=2014&month=08&day=18
2014,hot100,2014-08-13,89,誰も知らない,嵐,https://www.billboard-japan.com/charts/detail?a=hot100&year=2014&month=08&day=18
2014,hot100,2014-08-13,90,夏祭り,Whiteberry,https://www.billboard-japan.com/charts/detail?a=hot100&year=2014&month=08&day=18
2014,hot100,2014-08-13,91,下田慕情,竹川美子,https://www.billboard-japan.com/charts/detail?a=hot100&year=2014&month=08&day=18
2014,hot100,2014-08-13,92,恋文川,真木ことみ,https://www.billboard-japan.com/charts/detail?a=hot100&year=2014&month=08&day=18
2014,hot100,2014-08-13,93,はじめての海,上間綾乃,https://www.billboard-japan.com/charts/detail?a=hot100&year=2014&month=08&day=18
2014,hot100,2014-08-13,94,Summer Dreamer,ジャニーズWEST,https://www.billboard-japan.com/charts/detail?a=hot100&year=2014&month=08&day=18
2014,hot100,2014-08-13,95,花火,aiko,https://www.billboard-japan.com/charts/detail?a=hot100&year=2014&month=08&day=18
2014,hot100,2014-08-13,96,Darling,西野カナ,https://www.billboard-japan.com/charts/detail?a=hot100&year=2014&month=08&day=18
2014,hot100,2014-08-13,97,amazing sky,片平里菜,https://www.billboard-japan.com/charts/detail?a=hot100&year=2014&month=08&day=18
2014,hot100,2014-08-13,98,花火,三代目 J Soul Brothers,https://www.billboard-japan.com/charts/detail?a=hot100&year=2014&month=08&day=18
2014,hot100,2014-08-13,99,私たちは絶対に絶対にヨリを戻したりしない〜We Are Never Ever Getting Back Together,MACO,https://www.billboard-japan.com/charts/detail?a=hot100&year=2014&month=08&day=18
2014,hot100,2014-08-13,100,ホロスコープ,AJI,https://www.billboard-japan.com/charts/detail?a=hot100&year=2014&month=08&day=18
2014,hot100,2014-08-20,1,Another Future,Kis-My-Ft2,https://www.billboard-japan.com/charts/detail?a=hot100&year=2014&month=08&day=25
2014,hot100,2014-08-20,2,Darling,西野カナ,https://www.billboard-japan.com/charts/detail?a=hot100&year=2014&month=08&day=25
2014,hot100,2014-08-20,3,ひまわりの約束,秦基博,https://www.billboard-japan.com/charts/detail?a=hot100&year=2014&month=08&day=25
2014,hot100,2014-08-20,4,Mighty Long Fall,ONE OK ROCK,https://www.billboard-japan.com/charts/detail?a=hot100&year=2014&month=08&day=25
2014,hot100,2014-08-20,5,ER2,エイトレンジャー,https://www.billboard-japan.com/charts/detail?a=hot100&year=2014&month=08&day=25
2014,hot100,2014-08-20,6,BANG!BANG!BANG!,Silent Siren,https://www.billboard-japan.com/charts/detail?a=hot100&year=2014&month=08&day=25
2014,hot100,2014-08-20,7,Shout,androp,https://www.billboard-japan.com/charts/detail?a=hot100&year=2014&month=08&day=25
2014,hot100,2014-08-20,8,EVERLASTING,L'Arc〜en〜Ciel,https://www.billboard-japan.com/charts/detail?a=hot100&year=2014&month=08&day=25
2014,hot100,2014-08-20,9,おどるポンポコリン,E-girls,https://www.billboard-japan.com/charts/detail?a=hot100&year=2014&month=08&day=25
2014,hot100,2014-08-20,10,パズル,湘南乃風,https://www.billboard-japan.com/charts/detail?a=hot100&year=2014&month=08&day=25
2014,hot100,2014-08-20,11,HIGH FIVE,片平里菜,https://www.billboard-japan.com/charts/detail?a=hot100&year=2014&month=08&day=25
2014,hot100,2014-08-20,12,レット・ゴー・フォー・トゥナイト,フォクシーズ,https://www.billboard-japan.com/charts/detail?a=hot100&year=2014&month=08&day=25
2014,hot100,2014-08-20,13,虹色ミラクル,765PRO ALLSTARS,https://www.billboard-japan.com/charts/detail?a=hot100&year=2014&month=08&day=25
2014,hot100,2014-08-20,14,猟奇的なキスを私にして,ゲスの極み乙女。,https://www.billboard-japan.com/charts/detail?a=hot100&year=2014&month=08&day=25
2014,hot100,2014-08-20,15,若者たち,森山直太朗,https://www.billboard-japan.com/charts/detail?a=hot100&year=2014&month=08&day=25
2014,hot100,2014-08-20,16,彼に守ってほしい10のこと,植田真梨恵,https://www.billboard-japan.com/charts/detail?a=hot100&year=2014&month=08&day=25
2014,hot100,2014-08-20,17,Skyreach,雨宮天,https://www.billboard-japan.com/charts/detail?a=hot100&year=2014&month=08&day=25
2014,hot100,2014-08-20,18,R.Y.U.S.E.I.,三代目 J Soul Brothers from EXILE TRIBE,https://www.billboard-japan.com/charts/detail?a=hot100&year=2014&month=08&day=25
2014,hot100,2014-08-20,19,不器用太陽,SKE48,https://www.billboard-japan.com/charts/detail?a=hot100&year=2014&month=08&day=25
2014,hot100,2014-08-20,20,MOON PRIDE,ももいろクローバーZ,https://www.billboard-japan.com/charts/detail?a=hot100&year=2014&month=08&day=25
2014,hot100,2014-08-20,21,NEW HORIZON,EXILE,https://www.billboard-japan.com/charts/detail?a=hot100&year=2014&month=08&day=25
2014,hot100,2014-08-20,22,FUTURE FISH,STYLE FIVE,https://www.billboard-japan.com/charts/detail?a=hot100&year=2014&month=08&day=25
2014,hot100,2014-08-20,23,Tinkling Smile,小倉唯,https://www.billboard-japan.com/charts/detail?a=hot100&year=2014&month=08&day=25
2014,hot100,2014-08-20,24,ゲラゲラポーのうた,キング・クリームソーダ,https://www.billboard-japan.com/charts/detail?a=hot100&year=2014&month=08&day=25
2014,hot100,2014-08-20,25,ラブソングはとまらないよ,いきものがかり,https://www.billboard-japan.com/charts/detail?a=hot100&year=2014&month=08&day=25
2014,hot100,2014-08-20,26,ルード★それでも僕は結婚する,マジック!,https://www.billboard-japan.com/charts/detail?a=hot100&year=2014&month=08&day=25
2014,hot100,2014-08-20,27,レット・イット・ゴー〜ありのままで〜,松たか子,https://www.billboard-japan.com/charts/detail?a=hot100&year=2014&month=08&day=25
2014,hot100,2014-08-20,28,オモイダマ,関ジャニ∞[エイト],https://www.billboard-japan.com/charts/detail?a=hot100&year=2014&month=08&day=25
2014,hot100,2014-08-20,29,君に出会えたから,miwa,https://www.billboard-japan.com/charts/detail?a=hot100&year=2014&month=08&day=25
2014,hot100,2014-08-20,30,THE REVOLUTION,EXILE TRIBE,https://www.billboard-japan.com/charts/detail?a=hot100&year=2014&month=08&day=25
2014,hot100,2014-08-20,31,心のプラカード,AKB48,https://www.billboard-japan.com/charts/detail?a=hot100&year=2014&month=08&day=25
2014,hot100,2014-08-20,32,unravel,TK from 凛として時雨,https://www.billboard-japan.com/charts/detail?a=hot100&year=2014&month=08&day=25
2014,hot100,2014-08-20,33,純情,家入レオ,https://www.billboard-japan.com/charts/detail?a=hot100&year=2014&month=08&day=25
2014,hot100,2014-08-20,34,夏色,ゆず,https://www.billboard-japan.com/charts/detail?a=hot100&year=2014&month=08&day=25
2014,hot100,2014-08-20,35,Ah Yeah!!,スキマスイッチ,https://www.billboard-japan.com/charts/detail?a=hot100&year=2014&month=08&day=25
2014,hot100,2014-08-20,36,世界は恋に落ちている,CHiCO with HoneyWorks,https://www.billboard-japan.com/charts/detail?a=hot100&year=2014&month=08&day=25
2014,hot100,2014-08-20,37,にじいろ,絢香,https://www.billboard-japan.com/charts/detail?a=hot100&year=2014&month=08&day=25
2014,hot100,2014-08-20,38,誰でもロンリー,YUKI,https://www.billboard-japan.com/charts/detail?a=hot100&year=2014&month=08&day=25
2014,hot100,2014-08-20,39,てぃーてぃーてぃーてれっててれてぃてぃてぃ〜だれのケツ〜,舞祭組,https://www.billboard-japan.com/charts/detail?a=hot100&year=2014&month=08&day=25
2014,hot100,2014-08-20,40,RPG,SEKAI NO OWARI,https://www.billboard-japan.com/charts/detail?a=hot100&year=2014&month=08&day=25
2014,hot100,2014-08-20,41,"ONE LAST DANCE,STILL IN A TRANCE",DREAMS COME TRUE,https://www.billboard-japan.com/charts/detail?a=hot100&year=2014&month=08&day=25
2014,hot100,2014-08-20,42,スクランブル,山崎あおい,https://www.billboard-japan.com/charts/detail?a=hot100&year=2014&month=08&day=25
2014,hot100,2014-08-20,43,E.G.Anthem-WE ARE VENUS-,E-girls,https://www.billboard-japan.com/charts/detail?a=hot100&year=2014&month=08&day=25
2014,hot100,2014-08-20,44,heavenly blue,Kalafina,https://www.billboard-japan.com/charts/detail?a=hot100&year=2014&month=08&day=25
2014,hot100,2014-08-20,45,You were here,BUMP OF CHICKEN,https://www.billboard-japan.com/charts/detail?a=hot100&year=2014&month=08&day=25
2014,hot100,2014-08-20,46,ハッピー,ファレル・ウィリアムス,https://www.billboard-japan.com/charts/detail?a=hot100&year=2014&month=08&day=25
2014,hot100,2014-08-20,47,突キ破レル-Time to SMASH!,T.M.Revolution,https://www.billboard-japan.com/charts/detail?a=hot100&year=2014&month=08&day=25
2014,hot100,2014-08-20,48,We Don't Stop,西野カナ,https://www.billboard-japan.com/charts/detail?a=hot100&year=2014&month=08&day=25
2014,hot100,2014-08-20,49,HOTEL,倖田來未,https://www.billboard-japan.com/charts/detail?a=hot100&year=2014&month=08&day=25
2014,hot100,2014-08-20,50,Cling Cling,Perfume,https://www.billboard-japan.com/charts/detail?a=hot100&year=2014&month=08&day=25
2014,hot100,2014-08-20,51,ナイト・ライク・ディス,LP,https://www.billboard-japan.com/charts/detail?a=hot100&year=2014&month=08&day=25
2014,hot100,2014-08-20,52,OH MY LITTLE GIRL,尾崎豊,https://www.billboard-japan.com/charts/detail?a=hot100&year=2014&month=08&day=25
2014,hot100,2014-08-20,53,炎と森のカーニバル,SEKAI NO OWARI,https://www.billboard-japan.com/charts/detail?a=hot100&year=2014&month=08&day=25
2014,hot100,2014-08-20,54,グッド・タイム with アウル・シティー,カーリー・レイ・ジェプセン,https://www.billboard-japan.com/charts/detail?a=hot100&year=2014&month=08&day=25
2014,hot100,2014-08-20,55,サマー,カルヴィン・ハリス,https://www.billboard-japan.com/charts/detail?a=hot100&year=2014&month=08&day=25
2014,hot100,2014-08-20,56,FLOWER BLOOM,ヒルクライム,https://www.billboard-japan.com/charts/detail?a=hot100&year=2014&month=08&day=25
2014,hot100,2014-08-20,57,Top Of The World,SMAP,https://www.billboard-japan.com/charts/detail?a=hot100&year=2014&month=08&day=25
2014,hot100,2014-08-20,58,花火,三代目 J Soul Brothers,https://www.billboard-japan.com/charts/detail?a=hot100&year=2014&month=08&day=25
2014,hot100,2014-08-20,59,CLOUD NINE,青道高校野球部,https://www.billboard-japan.com/charts/detail?a=hot100&year=2014&month=08&day=25
2014,hot100,2014-08-20,60,GUTS!,嵐,https://www.billboard-japan.com/charts/detail?a=hot100&year=2014&month=08&day=25
2014,hot100,2014-08-20,61,バン・バン,ジェシー・J + アリアナ・グランデ + ニッキー・ミナージュ,https://www.billboard-japan.com/charts/detail?a=hot100&year=2014&month=08&day=25
2014,hot100,2014-08-20,62,プロブレム feat.イギー・アゼリア,アリアナ・グランデ,https://www.billboard-japan.com/charts/detail?a=hot100&year=2014&month=08&day=25
2014,hot100,2014-08-20,63,ドント・ストップ,ファイヴ・セカンズ・オブ・サマー,https://www.billboard-japan.com/charts/detail?a=hot100&year=2014&month=08&day=25
2014,hot100,2014-08-20,64,Do my best!!,Rev.from DVL,https://www.billboard-japan.com/charts/detail?a=hot100&year=2014&month=08&day=25
2014,hot100,2014-08-20,65,ちゅるりちゅるりら,でんぱ組.inc,https://www.billboard-japan.com/charts/detail?a=hot100&year=2014&month=08&day=25
2014,hot100,2014-08-20,66,恋はみるくてぃ,petit milady,https://www.billboard-japan.com/charts/detail?a=hot100&year=2014&month=08&day=25
2014,hot100,2014-08-20,67,Dried Up Youthful Fame,OLDCODEX,https://www.billboard-japan.com/charts/detail?a=hot100&year=2014&month=08&day=25
2014,hot100,2014-08-20,68,"他人の関係 feat.SOIL &""PIMP""SESSIONS",一青窈,https://www.billboard-japan.com/charts/detail?a=hot100&year=2014&month=08&day=25
2014,hot100,2014-08-20,69,Wake up!,AAA,https://www.billboard-japan.com/charts/detail?a=hot100&year=2014&month=08&day=25
2014,hot100,2014-08-20,70,ダフト・パンク・メドレー,ペンタトニックス,https://www.billboard-japan.com/charts/detail?a=hot100&year=2014&month=08&day=25
2014,hot100,2014-08-20,71,静かな伝説(レジェンド),竹内まりや,https://www.billboard-japan.com/charts/detail?a=hot100&year=2014&month=08&day=25
2014,hot100,2014-08-20,72,grilletto,GARNiDELiA,https://www.billboard-japan.com/charts/detail?a=hot100&year=2014&month=08&day=25
2014,hot100,2014-08-20,73,恋するフォーチュンクッキー,AKB48,https://www.billboard-japan.com/charts/detail?a=hot100&year=2014&month=08&day=25
2014,hot100,2014-08-20,74,ベスト・ミステイク feat.ビッグ・ショーン,アリアナ・グランデ,https://www.billboard-japan.com/charts/detail?a=hot100&year=2014&month=08&day=25
2014,hot100,2014-08-20,75,生まれてはじめて,"神田沙也加,松たか子",https://www.billboard-japan.com/charts/detail?a=hot100&year=2014&month=08&day=25
2014,hot100,2014-08-20,76,ブレイク・フリー feat.ゼッド,アリアナ・グランデ,https://www.billboard-japan.com/charts/detail?a=hot100&year=2014&month=08&day=25
2014,hot100,2014-08-20,77,生きてゆく,KANA-BOON,https://www.billboard-japan.com/charts/detail?a=hot100&year=2014&month=08&day=25
2014,hot100,2014-08-20,78,paradise dream,ブレイク☆スルー,https://www.billboard-japan.com/charts/detail?a=hot100&year=2014&month=08&day=25
2014,hot100,2014-08-20,79,Lucy,HAPPY,https://www.billboard-japan.com/charts/detail?a=hot100&year=2014&month=08&day=25
2014,hot100,2014-08-20,80,聖者たち,People In The Box,https://www.billboard-japan.com/charts/detail?a=hot100&year=2014&month=08&day=25
2014,hot100,2014-08-20,81,スタートライン,7!!,https://www.billboard-japan.com/charts/detail?a=hot100&year=2014&month=08&day=25
2014,hot100,2014-08-20,82,Good Time,赤西仁,https://www.billboard-japan.com/charts/detail?a=hot100&year=2014&month=08&day=25
2014,hot100,2014-08-20,83,Still love you,西野カナ,https://www.billboard-japan.com/charts/detail?a=hot100&year=2014&month=08&day=25
2014,hot100,2014-08-20,84,イビサガール,NMB48,https://www.billboard-japan.com/charts/detail?a=hot100&year=2014&month=08&day=25
2014,hot100,2014-08-20,85,HELLO,山下智久,https://www.billboard-japan.com/charts/detail?a=hot100&year=2014&month=08&day=25
2014,hot100,2014-08-20,86,アッハッハ!〜超絶爆笑音頭〜,SUPER☆GiRLS,https://www.billboard-japan.com/charts/detail?a=hot100&year=2014&month=08&day=25
2014,hot100,2014-08-20,87,誰も知らない,嵐,https://www.billboard-japan.com/charts/detail?a=hot100&year=2014&month=08&day=25
2014,hot100,2014-08-20,88,ラブラドール・レトリバー,AKB48,https://www.billboard-japan.com/charts/detail?a=hot100&year=2014&month=08&day=25
2014,hot100,2014-08-20,89,とびら開けて,"神田沙也加,津田英佑",https://www.billboard-japan.com/charts/detail?a=hot100&year=2014&month=08&day=25
2014,hot100,2014-08-20,90,ファイン・オン・ザ・アウトサイド,プリシラ・アーン,https://www.billboard-japan.com/charts/detail?a=hot100&year=2014&month=08&day=25
2014,hot100,2014-08-20,91,日々,吉田山田,https://www.billboard-japan.com/charts/detail?a=hot100&year=2014&month=08&day=25
2014,hot100,2014-08-20,92,少年時代,井上陽水,https://www.billboard-japan.com/charts/detail?a=hot100&year=2014&month=08&day=25
2014,hot100,2014-08-20,93,恋花火,LiLi,https://www.billboard-japan.com/charts/detail?a=hot100&year=2014&month=08&day=25
2014,hot100,2014-08-20,94,キスまでいける,ザ・クロマニヨンズ,https://www.billboard-japan.com/charts/detail?a=hot100&year=2014&month=08&day=25
2014,hot100,2014-08-20,95,夏のFree & Easy,乃木坂46,https://www.billboard-japan.com/charts/detail?a=hot100&year=2014&month=08&day=25
2014,hot100,2014-08-20,96,ようかい体操第一,Dream5,https://www.billboard-japan.com/charts/detail?a=hot100&year=2014&month=08&day=25
2014,hot100,2014-08-20,97,夏祭り,Whiteberry,https://www.billboard-japan.com/charts/detail?a=hot100&year=2014&month=08&day=25
2014,hot100,2014-08-20,98,Can't Stop,EDGE of LIFE,https://www.billboard-japan.com/charts/detail?a=hot100&year=2014&month=08&day=25
2014,hot100,2014-08-20,99,黄金蟲,HIP ATTACK from アイドリング!!!,https://www.billboard-japan.com/charts/detail?a=hot100&year=2014&month=08&day=25
2014,hot100,2014-08-20,100,マップス,マルーン5,https://www.billboard-japan.com/charts/detail?a=hot100&year=2014&month=08&day=25
2014,hot100,2014-08-27,1,IGNITE,藍井エイル,https://www.billboard-japan.com/charts/detail?a=hot100&year=2014&month=09&day=01
2014,hot100,2014-08-27,2,ローラの傷だらけ,ゴールデンボンバー,https://www.billboard-japan.com/charts/detail?a=hot100&year=2014&month=09&day=01
2014,hot100,2014-08-27,3,THE REVOLUTION,EXILE TRIBE,https://www.billboard-japan.com/charts/detail?a=hot100&year=2014&month=09&day=01
2014,hot100,2014-08-27,4,ひまわりの約束,秦基博,https://www.billboard-japan.com/charts/detail?a=hot100&year=2014&month=09&day=01
2014,hot100,2014-08-27,5,Darling,西野カナ,https://www.billboard-japan.com/charts/detail?a=hot100&year=2014&month=09&day=01
2014,hot100,2014-08-27,6,Another Future,Kis-My-Ft2,https://www.billboard-japan.com/charts/detail?a=hot100&year=2014&month=09&day=01
2014,hot100,2014-08-27,7,GET AWAY,VAMPS,https://www.billboard-japan.com/charts/detail?a=hot100&year=2014&month=09&day=01
2014,hot100,2014-08-27,8,Mighty Long Fall,ONE OK ROCK,https://www.billboard-japan.com/charts/detail?a=hot100&year=2014&month=09&day=01
2014,hot100,2014-08-27,9,Startear,春奈るな,https://www.billboard-japan.com/charts/detail?a=hot100&year=2014&month=09&day=01
2014,hot100,2014-08-27,10,誰でもロンリー,YUKI,https://www.billboard-japan.com/charts/detail?a=hot100&year=2014&month=09&day=01
2014,hot100,2014-08-27,11,Mr.S-SAITEI DE SAIKOU NO OTOKO-,SMAP,https://www.billboard-japan.com/charts/detail?a=hot100&year=2014&month=09&day=01
2014,hot100,2014-08-27,12,太陽,ファンキー加藤,https://www.billboard-japan.com/charts/detail?a=hot100&year=2014&month=09&day=01
2014,hot100,2014-08-27,13,心のプラカード,AKB48,https://www.billboard-japan.com/charts/detail?a=hot100&year=2014&month=09&day=01
2014,hot100,2014-08-27,14,東京VICTORY,サザンオールスターズ,https://www.billboard-japan.com/charts/detail?a=hot100&year=2014&month=09&day=01
2014,hot100,2014-08-27,15,Go your way,CNBLUE,https://www.billboard-japan.com/charts/detail?a=hot100&year=2014&month=09&day=01
2014,hot100,2014-08-27,16,パズル,湘南乃風,https://www.billboard-japan.com/charts/detail?a=hot100&year=2014&month=09&day=01
2014,hot100,2014-08-27,17,向日葵,PASSPO☆,https://www.billboard-japan.com/charts/detail?a=hot100&year=2014&month=09&day=01
2014,hot100,2014-08-27,18,シェイク・イット・オフ,テイラー・スウィフト,https://www.billboard-japan.com/charts/detail?a=hot100&year=2014&month=09&day=01
2014,hot100,2014-08-27,19,抱夏-ダキナツ-,タッキー&翼,https://www.billboard-japan.com/charts/detail?a=hot100&year=2014&month=09&day=01
2014,hot100,2014-08-27,20,流線の行方,橘真琴(鈴木達央),https://www.billboard-japan.com/charts/detail?a=hot100&year=2014&month=09&day=01
2014,hot100,2014-08-27,21,HIGH FIVE,片平里菜,https://www.billboard-japan.com/charts/detail?a=hot100&year=2014&month=09&day=01
2014,hot100,2014-08-27,22,嗚呼すすきの,スマイレージ,https://www.billboard-japan.com/charts/detail?a=hot100&year=2014&month=09&day=01
2014,hot100,2014-08-27,23,Deep Moment,七瀬遙(島崎信長),https://www.billboard-japan.com/charts/detail?a=hot100&year=2014&month=09&day=01
2014,hot100,2014-08-27,24,レプリカ,坂本真綾,https://www.billboard-japan.com/charts/detail?a=hot100&year=2014&month=09&day=01
2014,hot100,2014-08-27,25,猟奇的なキスを私にして,ゲスの極み乙女。,https://www.billboard-japan.com/charts/detail?a=hot100&year=2014&month=09&day=01
2014,hot100,2014-08-27,26,TOKYO Dreamer,NICO Touches the Walls,https://www.billboard-japan.com/charts/detail?a=hot100&year=2014&month=09&day=01
2014,hot100,2014-08-27,27,ER2,エイトレンジャー,https://www.billboard-japan.com/charts/detail?a=hot100&year=2014&month=09&day=01
2014,hot100,2014-08-27,28,レット・ゴー・フォー・トゥナイト,フォクシーズ,https://www.billboard-japan.com/charts/detail?a=hot100&year=2014&month=09&day=01
2014,hot100,2014-08-27,29,"ONE LAST DANCE,STILL IN A TRANCE",DREAMS COME TRUE,https://www.billboard-japan.com/charts/detail?a=hot100&year=2014&month=09&day=01
2014,hot100,2014-08-27,30,BANG!BANG!BANG!,Silent Siren,https://www.billboard-japan.com/charts/detail?a=hot100&year=2014&month=09&day=01
2014,hot100,2014-08-27,31,君の瞳にロックオン,LIFriends feat.新里宏太,https://www.billboard-japan.com/charts/detail?a=hot100&year=2014&month=09&day=01
2014,hot100,2014-08-27,32,LOVE EVOLUTION,西内まりや,https://www.billboard-japan.com/charts/detail?a=hot100&year=2014&month=09&day=01
2014,hot100,2014-08-27,33,彼に守ってほしい10のこと,植田真梨恵,https://www.billboard-japan.com/charts/detail?a=hot100&year=2014&month=09&day=01
2014,hot100,2014-08-27,34,若者たち,森山直太朗,https://www.billboard-japan.com/charts/detail?a=hot100&year=2014&month=09&day=01
2014,hot100,2014-08-27,35,R.Y.U.S.E.I.,三代目 J Soul Brothers from EXILE TRIBE,https://www.billboard-japan.com/charts/detail?a=hot100&year=2014&month=09&day=01
2014,hot100,2014-08-27,36,不器用太陽,SKE48,https://www.billboard-japan.com/charts/detail?a=hot100&year=2014&month=09&day=01
2014,hot100,2014-08-27,37,ルード★それでも僕は結婚する,マジック!,https://www.billboard-japan.com/charts/detail?a=hot100&year=2014&month=09&day=01
2014,hot100,2014-08-27,38,ぶぎぶぎふなっしー♪〜ふなっしー公式テーマソング第二弾〜,ふなっしー,https://www.billboard-japan.com/charts/detail?a=hot100&year=2014&month=09&day=01
2014,hot100,2014-08-27,39,ナイト・ライク・ディス,LP,https://www.billboard-japan.com/charts/detail?a=hot100&year=2014&month=09&day=01
2014,hot100,2014-08-27,40,Ah Yeah!!,スキマスイッチ,https://www.billboard-japan.com/charts/detail?a=hot100&year=2014&month=09&day=01
2014,hot100,2014-08-27,41,Shout,androp,https://www.billboard-japan.com/charts/detail?a=hot100&year=2014&month=09&day=01
2014,hot100,2014-08-27,42,ダフト・パンク・メドレー,ペンタトニックス,https://www.billboard-japan.com/charts/detail?a=hot100&year=2014&month=09&day=01
2014,hot100,2014-08-27,43,おどるポンポコリン,E-girls,https://www.billboard-japan.com/charts/detail?a=hot100&year=2014&month=09&day=01
2014,hot100,2014-08-27,44,ゲラゲラポーのうた,キング・クリームソーダ,https://www.billboard-japan.com/charts/detail?a=hot100&year=2014&month=09&day=01
2014,hot100,2014-08-27,45,オモイダマ,関ジャニ∞[エイト],https://www.billboard-japan.com/charts/detail?a=hot100&year=2014&month=09&day=01
2014,hot100,2014-08-27,46,レット・イット・ゴー〜ありのままで〜,松たか子,https://www.billboard-japan.com/charts/detail?a=hot100&year=2014&month=09&day=01
2014,hot100,2014-08-27,47,Jack,vistlip,https://www.billboard-japan.com/charts/detail?a=hot100&year=2014&month=09&day=01
2014,hot100,2014-08-27,48,心情呼吸,近藤晃央,https://www.billboard-japan.com/charts/detail?a=hot100&year=2014&month=09&day=01
2014,hot100,2014-08-27,49,にじいろ,絢香,https://www.billboard-japan.com/charts/detail?a=hot100&year=2014&month=09&day=01
2014,hot100,2014-08-27,50,unravel,TK from 凛として時雨,https://www.billboard-japan.com/charts/detail?a=hot100&year=2014&month=09&day=01
2014,hot100,2014-08-27,51,OH MY LITTLE GIRL,尾崎豊,https://www.billboard-japan.com/charts/detail?a=hot100&year=2014&month=09&day=01
2014,hot100,2014-08-27,52,ダンス,アレクサンドラ・スタン,https://www.billboard-japan.com/charts/detail?a=hot100&year=2014&month=09&day=01
2014,hot100,2014-08-27,53,ハッピー,ファレル・ウィリアムス,https://www.billboard-japan.com/charts/detail?a=hot100&year=2014&month=09&day=01
2014,hot100,2014-08-27,54,You were here,BUMP OF CHICKEN,https://www.billboard-japan.com/charts/detail?a=hot100&year=2014&month=09&day=01
2014,hot100,2014-08-27,55,ブレイク・フリー feat.ゼッド,アリアナ・グランデ,https://www.billboard-japan.com/charts/detail?a=hot100&year=2014&month=09&day=01
2014,hot100,2014-08-27,56,FUTURE FISH,STYLE FIVE,https://www.billboard-japan.com/charts/detail?a=hot100&year=2014&month=09&day=01
2014,hot100,2014-08-27,57,生きてゆく,KANA-BOON,https://www.billboard-japan.com/charts/detail?a=hot100&year=2014&month=09&day=01
2014,hot100,2014-08-27,58,純情,家入レオ,https://www.billboard-japan.com/charts/detail?a=hot100&year=2014&month=09&day=01
2014,hot100,2014-08-27,59,COME HERE,KAT-TUN,https://www.billboard-japan.com/charts/detail?a=hot100&year=2014&month=09&day=01
2014,hot100,2014-08-27,60,君に出会えたから,miwa,https://www.billboard-japan.com/charts/detail?a=hot100&year=2014&month=09&day=01
2014,hot100,2014-08-27,61,サマー,カルヴィン・ハリス,https://www.billboard-japan.com/charts/detail?a=hot100&year=2014&month=09&day=01
2014,hot100,2014-08-27,62,NEW HORIZON,EXILE,https://www.billboard-japan.com/charts/detail?a=hot100&year=2014&month=09&day=01
2014,hot100,2014-08-27,63,世界は恋に落ちている,CHiCO with HoneyWorks,https://www.billboard-japan.com/charts/detail?a=hot100&year=2014&month=09&day=01
2014,hot100,2014-08-27,64,Skyreach,雨宮天,https://www.billboard-japan.com/charts/detail?a=hot100&year=2014&month=09&day=01
2014,hot100,2014-08-27,65,heavenly blue,Kalafina,https://www.billboard-japan.com/charts/detail?a=hot100&year=2014&month=09&day=01
2014,hot100,2014-08-27,66,OVERDRIVER,ZAQ,https://www.billboard-japan.com/charts/detail?a=hot100&year=2014&month=09&day=01
2014,hot100,2014-08-27,67,ラブソングはとまらないよ,いきものがかり,https://www.billboard-japan.com/charts/detail?a=hot100&year=2014&month=09&day=01
2014,hot100,2014-08-27,68,ネヴァー・セイ・ネヴァー,ベースメント・ジャックス,https://www.billboard-japan.com/charts/detail?a=hot100&year=2014&month=09&day=01
2014,hot100,2014-08-27,69,レッド・カセット,ママズ・ガン,https://www.billboard-japan.com/charts/detail?a=hot100&year=2014&month=09&day=01
2014,hot100,2014-08-27,70,花火,三代目 J Soul Brothers,https://www.billboard-japan.com/charts/detail?a=hot100&year=2014&month=09&day=01
2014,hot100,2014-08-27,71,"他人の関係 feat.SOIL &""PIMP""SESSIONS",一青窈,https://www.billboard-japan.com/charts/detail?a=hot100&year=2014&month=09&day=01
2014,hot100,2014-08-27,72,ブーム・クラップ,チャーリーXCX,https://www.billboard-japan.com/charts/detail?a=hot100&year=2014&month=09&day=01
2014,hot100,2014-08-27,73,MOON PRIDE,ももいろクローバーZ,https://www.billboard-japan.com/charts/detail?a=hot100&year=2014&month=09&day=01
2014,hot100,2014-08-27,74,スクランブル,山崎あおい,https://www.billboard-japan.com/charts/detail?a=hot100&year=2014&month=09&day=01
2014,hot100,2014-08-27,75,プロブレム feat.イギー・アゼリア,アリアナ・グランデ,https://www.billboard-japan.com/charts/detail?a=hot100&year=2014&month=09&day=01
2014,hot100,2014-08-27,76,Summer Darling,chay,https://www.billboard-japan.com/charts/detail?a=hot100&year=2014&month=09&day=01
2014,hot100,2014-08-27,77,HELLO,山下智久,https://www.billboard-japan.com/charts/detail?a=hot100&year=2014&month=09&day=01
2014,hot100,2014-08-27,78,Make it!,i☆Ris,https://www.billboard-japan.com/charts/detail?a=hot100&year=2014&month=09&day=01
2014,hot100,2014-08-27,79,ツインテール-I Love youをありがとう,青SHUN学園,https://www.billboard-japan.com/charts/detail?a=hot100&year=2014&month=09&day=01
2014,hot100,2014-08-27,80,Cling Cling,Perfume,https://www.billboard-japan.com/charts/detail?a=hot100&year=2014&month=09&day=01
2014,hot100,2014-08-27,81,Greed,KNOCK OUT MONKEY,https://www.billboard-japan.com/charts/detail?a=hot100&year=2014&month=09&day=01
2014,hot100,2014-08-27,82,恋するフォーチュンクッキー,AKB48,https://www.billboard-japan.com/charts/detail?a=hot100&year=2014&month=09&day=01
2014,hot100,2014-08-27,83,マップス,マルーン5,https://www.billboard-japan.com/charts/detail?a=hot100&year=2014&month=09&day=01
2014,hot100,2014-08-27,84,RPG,SEKAI NO OWARI,https://www.billboard-japan.com/charts/detail?a=hot100&year=2014&month=09&day=01
2014,hot100,2014-08-27,85,grilletto,GARNiDELiA,https://www.billboard-japan.com/charts/detail?a=hot100&year=2014&month=09&day=01
2014,hot100,2014-08-27,86,グッド・タイム with アウル・シティー,カーリー・レイ・ジェプセン,https://www.billboard-japan.com/charts/detail?a=hot100&year=2014&month=09&day=01
2014,hot100,2014-08-27,87,Top Of The World,SMAP,https://www.billboard-japan.com/charts/detail?a=hot100&year=2014&month=09&day=01
2014,hot100,2014-08-27,88,GUTS!,嵐,https://www.billboard-japan.com/charts/detail?a=hot100&year=2014&month=09&day=01
2014,hot100,2014-08-27,89,てぃーてぃーてぃーてれっててれてぃてぃてぃ〜だれのケツ〜,舞祭組,https://www.billboard-japan.com/charts/detail?a=hot100&year=2014&month=09&day=01
2014,hot100,2014-08-27,90,アム・アイ・ロング,ニコ & ヴィンス,https://www.billboard-japan.com/charts/detail?a=hot100&year=2014&month=09&day=01
2014,hot100,2014-08-27,91,日々,吉田山田,https://www.billboard-japan.com/charts/detail?a=hot100&year=2014&month=09&day=01
2014,hot100,2014-08-27,92,Lucy,HAPPY,https://www.billboard-japan.com/charts/detail?a=hot100&year=2014&month=09&day=01
2014,hot100,2014-08-27,93,私の時計は逆回転!,4to6(Pile&飯田里穂),https://www.billboard-japan.com/charts/detail?a=hot100&year=2014&month=09&day=01
2014,hot100,2014-08-27,94,ドント・ストップ,ファイヴ・セカンズ・オブ・サマー,https://www.billboard-japan.com/charts/detail?a=hot100&year=2014&month=09&day=01
2014,hot100,2014-08-27,95,ぴてぃぱてぃサバイバード,ゲスかわ☆ガールズ,https://www.billboard-japan.com/charts/detail?a=hot100&year=2014&month=09&day=01
2014,hot100,2014-08-27,96,少年時代,井上陽水,https://www.billboard-japan.com/charts/detail?a=hot100&year=2014&month=09&day=01
2014,hot100,2014-08-27,97,Decision,ONE OK ROCK,https://www.billboard-japan.com/charts/detail?a=hot100&year=2014&month=09&day=01
2014,hot100,2014-08-27,98,かんちがいロンリーナイト,DROPKIX,https://www.billboard-japan.com/charts/detail?a=hot100&year=2014&month=09&day=01
2014,hot100,2014-08-27,99,無敵なハート,倉木麻衣,https://www.billboard-japan.com/charts/detail?a=hot100&year=2014&month=09&day=01
2014,hot100,2014-08-27,100,Keep On Singing,EXILE TRIBE,https://www.billboard-japan.com/charts/detail?a=hot100&year=2014&month=09&day=01
2014,hot100,2014-09-03,1,心のプラカード,AKB48,https://www.billboard-japan.com/charts/detail?a=hot100&year=2014&month=09&day=08
2014,hot100,2014-09-03,2,涙のアトが消える頃,V6,https://www.billboard-japan.com/charts/detail?a=hot100&year=2014&month=09&day=08
2014,hot100,2014-09-03,3,ひまわりの約束,秦基博,https://www.billboard-japan.com/charts/detail?a=hot100&year=2014&month=09&day=08
2014,hot100,2014-09-03,4,Darling,西野カナ,https://www.billboard-japan.com/charts/detail?a=hot100&year=2014&month=09&day=08
2014,hot100,2014-09-03,5,ENAMEL,シド,https://www.billboard-japan.com/charts/detail?a=hot100&year=2014&month=09&day=08
2014,hot100,2014-09-03,6,無敵なハート,倉木麻衣,https://www.billboard-japan.com/charts/detail?a=hot100&year=2014&month=09&day=08
2014,hot100,2014-09-03,7,花ハ踊レヤいろはにほ,"チーム""ハナヤマタ""",https://www.billboard-japan.com/charts/detail?a=hot100&year=2014&month=09&day=08
2014,hot100,2014-09-03,8,マリアージュ,"寿嶺二(森久保祥太郎),黒崎蘭丸(鈴木達央),美風藍(蒼井翔太),カミュ(前野智昭)",https://www.billboard-japan.com/charts/detail?a=hot100&year=2014&month=09&day=08
2014,hot100,2014-09-03,9,マンマミーア!,KARA,https://www.billboard-japan.com/charts/detail?a=hot100&year=2014&month=09&day=08
2014,hot100,2014-09-03,10,THE REVOLUTION,EXILE TRIBE,https://www.billboard-japan.com/charts/detail?a=hot100&year=2014&month=09&day=08
2014,hot100,2014-09-03,11,君じゃなきゃダメみたい,オーイシマサヨシ,https://www.billboard-japan.com/charts/detail?a=hot100&year=2014&month=09&day=08
2014,hot100,2014-09-03,12,Mighty Long Fall,ONE OK ROCK,https://www.billboard-japan.com/charts/detail?a=hot100&year=2014&month=09&day=08
2014,hot100,2014-09-03,13,生きてゆく,KANA-BOON,https://www.billboard-japan.com/charts/detail?a=hot100&year=2014&month=09&day=08
2014,hot100,2014-09-03,14,英雄の詩,THE ALFEE,https://www.billboard-japan.com/charts/detail?a=hot100&year=2014&month=09&day=08
2014,hot100,2014-09-03,15,IGNITE,藍井エイル,https://www.billboard-japan.com/charts/detail?a=hot100&year=2014&month=09&day=08
2014,hot100,2014-09-03,16,東京VICTORY,サザンオールスターズ,https://www.billboard-japan.com/charts/detail?a=hot100&year=2014&month=09&day=08
2014,hot100,2014-09-03,17,ローラの傷だらけ,ゴールデンボンバー,https://www.billboard-japan.com/charts/detail?a=hot100&year=2014&month=09&day=08
2014,hot100,2014-09-03,18,VICTORY,palet,https://www.billboard-japan.com/charts/detail?a=hot100&year=2014&month=09&day=08
2014,hot100,2014-09-03,19,シェイク・イット・オフ,テイラー・スウィフト,https://www.billboard-japan.com/charts/detail?a=hot100&year=2014&month=09&day=08
2014,hot100,2014-09-03,20,セツナツ、ダイバー,愛乙女★DOLL,https://www.billboard-japan.com/charts/detail?a=hot100&year=2014&month=09&day=08
2014,hot100,2014-09-03,21,Another Future,Kis-My-Ft2,https://www.billboard-japan.com/charts/detail?a=hot100&year=2014&month=09&day=08
2014,hot100,2014-09-03,22,猟奇的なキスを私にして,ゲスの極み乙女。,https://www.billboard-japan.com/charts/detail?a=hot100&year=2014&month=09&day=08
2014,hot100,2014-09-03,23,ウラオモテ・フォーチュン,佐倉千代(小澤亜李),https://www.billboard-japan.com/charts/detail?a=hot100&year=2014&month=09&day=08
2014,hot100,2014-09-03,24,"他人の関係 feat.SOIL &""PIMP""SESSIONS",一青窈,https://www.billboard-japan.com/charts/detail?a=hot100&year=2014&month=09&day=08
2014,hot100,2014-09-03,25,ダンス,アレクサンドラ・スタン,https://www.billboard-japan.com/charts/detail?a=hot100&year=2014&month=09&day=08
2014,hot100,2014-09-03,26,R.Y.U.S.E.I.,三代目 J Soul Brothers from EXILE TRIBE,https://www.billboard-japan.com/charts/detail?a=hot100&year=2014&month=09&day=08
2014,hot100,2014-09-03,27,パラダイム,ひめキュンフルーツ缶,https://www.billboard-japan.com/charts/detail?a=hot100&year=2014&month=09&day=08
2014,hot100,2014-09-03,28,花雪,smileY inc.,https://www.billboard-japan.com/charts/detail?a=hot100&year=2014&month=09&day=08
2014,hot100,2014-09-03,29,パズル,湘南乃風,https://www.billboard-japan.com/charts/detail?a=hot100&year=2014&month=09&day=08
2014,hot100,2014-09-03,30,誰でもロンリー,YUKI,https://www.billboard-japan.com/charts/detail?a=hot100&year=2014&month=09&day=08
2014,hot100,2014-09-03,31,Mr.S-SAITEI DE SAIKOU NO OTOKO-,SMAP,https://www.billboard-japan.com/charts/detail?a=hot100&year=2014&month=09&day=08
2014,hot100,2014-09-03,32,ルード★それでも僕は結婚する,マジック!,https://www.billboard-japan.com/charts/detail?a=hot100&year=2014&month=09&day=08
2014,hot100,2014-09-03,33,レット・ゴー・フォー・トゥナイト,フォクシーズ,https://www.billboard-japan.com/charts/detail?a=hot100&year=2014&month=09&day=08
2014,hot100,2014-09-03,34,YOU...feat.仲宗根泉(HY),加藤ミリヤ,https://www.billboard-japan.com/charts/detail?a=hot100&year=2014&month=09&day=08
2014,hot100,2014-09-03,35,ナイト・ライク・ディス,LP,https://www.billboard-japan.com/charts/detail?a=hot100&year=2014&month=09&day=08
2014,hot100,2014-09-03,36,日々,吉田山田,https://www.billboard-japan.com/charts/detail?a=hot100&year=2014&month=09&day=08
2014,hot100,2014-09-03,37,24WORLD,EXILE TRIBE,https://www.billboard-japan.com/charts/detail?a=hot100&year=2014&month=09&day=08
2014,hot100,2014-09-03,38,ハッシュ ハッシュ,Da-iCE,https://www.billboard-japan.com/charts/detail?a=hot100&year=2014&month=09&day=08
2014,hot100,2014-09-03,39,ONLY MY NOTE,765PRO ALLSTARS,https://www.billboard-japan.com/charts/detail?a=hot100&year=2014&month=09&day=08
2014,hot100,2014-09-03,40,彼に守ってほしい10のこと,植田真梨恵,https://www.billboard-japan.com/charts/detail?a=hot100&year=2014&month=09&day=08
2014,hot100,2014-09-03,41,Life and death,カスタマイZ,https://www.billboard-japan.com/charts/detail?a=hot100&year=2014&month=09&day=08
2014,hot100,2014-09-03,42,太陽,ファンキー加藤,https://www.billboard-japan.com/charts/detail?a=hot100&year=2014&month=09&day=08
2014,hot100,2014-09-03,43,プロブレム feat.イギー・アゼリア,アリアナ・グランデ,https://www.billboard-japan.com/charts/detail?a=hot100&year=2014&month=09&day=08
2014,hot100,2014-09-03,44,蒼い星,柴咲コウ,https://www.billboard-japan.com/charts/detail?a=hot100&year=2014&month=09&day=08
2014,hot100,2014-09-03,45,ハッピー,ファレル・ウィリアムス,https://www.billboard-japan.com/charts/detail?a=hot100&year=2014&month=09&day=08
2014,hot100,2014-09-03,46,オモイダマ,関ジャニ∞[エイト],https://www.billboard-japan.com/charts/detail?a=hot100&year=2014&month=09&day=08
2014,hot100,2014-09-03,47,若者たち,森山直太朗,https://www.billboard-japan.com/charts/detail?a=hot100&year=2014&month=09&day=08
2014,hot100,2014-09-03,48,unravel,TK from 凛として時雨,https://www.billboard-japan.com/charts/detail?a=hot100&year=2014&month=09&day=08
2014,hot100,2014-09-03,49,ゲラゲラポーのうた,キング・クリームソーダ,https://www.billboard-japan.com/charts/detail?a=hot100&year=2014&month=09&day=08
2014,hot100,2014-09-03,50,Always with you,GENERATIONS from EXILE TRIBE,https://www.billboard-japan.com/charts/detail?a=hot100&year=2014&month=09&day=08
2014,hot100,2014-09-03,51,BANG!BANG!BANG!,Silent Siren,https://www.billboard-japan.com/charts/detail?a=hot100&year=2014&month=09&day=08
2014,hot100,2014-09-03,52,ブレイク・フリー feat.ゼッド,アリアナ・グランデ,https://www.billboard-japan.com/charts/detail?a=hot100&year=2014&month=09&day=08
2014,hot100,2014-09-03,53,不器用太陽,SKE48,https://www.billboard-japan.com/charts/detail?a=hot100&year=2014&month=09&day=08
2014,hot100,2014-09-03,54,君の瞳にロックオン,LIFriends feat.新里宏太,https://www.billboard-japan.com/charts/detail?a=hot100&year=2014&month=09&day=08
2014,hot100,2014-09-03,55,ER2,エイトレンジャー,https://www.billboard-japan.com/charts/detail?a=hot100&year=2014&month=09&day=08
2014,hot100,2014-09-03,56,GET AWAY,VAMPS,https://www.billboard-japan.com/charts/detail?a=hot100&year=2014&month=09&day=08
2014,hot100,2014-09-03,57,青春クロニクル,バクステ外神田一丁目,https://www.billboard-japan.com/charts/detail?a=hot100&year=2014&month=09&day=08
2014,hot100,2014-09-03,58,夏の終わり,森山直太朗,https://www.billboard-japan.com/charts/detail?a=hot100&year=2014&month=09&day=08
2014,hot100,2014-09-03,59,Trigger,Yuuki Ozaki(from Galileo Galilei),https://www.billboard-japan.com/charts/detail?a=hot100&year=2014&month=09&day=08
2014,hot100,2014-09-03,60,Startear,春奈るな,https://www.billboard-japan.com/charts/detail?a=hot100&year=2014&month=09&day=08
2014,hot100,2014-09-03,61,レット・イット・ゴー〜ありのままで〜,松たか子,https://www.billboard-japan.com/charts/detail?a=hot100&year=2014&month=09&day=08
2014,hot100,2014-09-03,62,Ah Yeah!!,スキマスイッチ,https://www.billboard-japan.com/charts/detail?a=hot100&year=2014&month=09&day=08
2014,hot100,2014-09-03,63,NEW HORIZON,EXILE,https://www.billboard-japan.com/charts/detail?a=hot100&year=2014&month=09&day=08
2014,hot100,2014-09-03,64,HIGH FIVE,片平里菜,https://www.billboard-japan.com/charts/detail?a=hot100&year=2014&month=09&day=08
2014,hot100,2014-09-03,65,にじいろ,絢香,https://www.billboard-japan.com/charts/detail?a=hot100&year=2014&month=09&day=08
2014,hot100,2014-09-03,66,若者のすべて,フジファブリック,https://www.billboard-japan.com/charts/detail?a=hot100&year=2014&month=09&day=08
2014,hot100,2014-09-03,67,おどるポンポコリン,E-girls,https://www.billboard-japan.com/charts/detail?a=hot100&year=2014&month=09&day=08
2014,hot100,2014-09-03,68,絶頂DAYBREAK,超魂團,https://www.billboard-japan.com/charts/detail?a=hot100&year=2014&month=09&day=08
2014,hot100,2014-09-03,69,夏の思い出,ケツメイシ,https://www.billboard-japan.com/charts/detail?a=hot100&year=2014&month=09&day=08
2014,hot100,2014-09-03,70,サマー,カルヴィン・ハリス,https://www.billboard-japan.com/charts/detail?a=hot100&year=2014&month=09&day=08
2014,hot100,2014-09-03,71,Shout,androp,https://www.billboard-japan.com/charts/detail?a=hot100&year=2014&month=09&day=08
2014,hot100,2014-09-03,72,世界は恋に落ちている,CHiCO with HoneyWorks,https://www.billboard-japan.com/charts/detail?a=hot100&year=2014&month=09&day=08
2014,hot100,2014-09-03,73,少年時代,井上陽水,https://www.billboard-japan.com/charts/detail?a=hot100&year=2014&month=09&day=08
2014,hot100,2014-09-03,74,LOVE EVOLUTION,西内まりや,https://www.billboard-japan.com/charts/detail?a=hot100&year=2014&month=09&day=08
2014,hot100,2014-09-03,75,Mirror,安田レイ,https://www.billboard-japan.com/charts/detail?a=hot100&year=2014&month=09&day=08
2014,hot100,2014-09-03,76,secret base〜君がくれたもの〜,ZONE,https://www.billboard-japan.com/charts/detail?a=hot100&year=2014&month=09&day=08
2014,hot100,2014-09-03,77,ダフト・パンク・メドレー,ペンタトニックス,https://www.billboard-japan.com/charts/detail?a=hot100&year=2014&month=09&day=08
2014,hot100,2014-09-03,78,I'm Scarlet,moumoon,https://www.billboard-japan.com/charts/detail?a=hot100&year=2014&month=09&day=08
2014,hot100,2014-09-03,79,ラブソングはとまらないよ,いきものがかり,https://www.billboard-japan.com/charts/detail?a=hot100&year=2014&month=09&day=08
2014,hot100,2014-09-03,80,INFINITY,DOBERMAN INFINITY,https://www.billboard-japan.com/charts/detail?a=hot100&year=2014&month=09&day=08
2014,hot100,2014-09-03,81,heavenly blue,Kalafina,https://www.billboard-japan.com/charts/detail?a=hot100&year=2014&month=09&day=08
2014,hot100,2014-09-03,82,マップス,マルーン5,https://www.billboard-japan.com/charts/detail?a=hot100&year=2014&month=09&day=08
2014,hot100,2014-09-03,83,君に出会えたから,miwa,https://www.billboard-japan.com/charts/detail?a=hot100&year=2014&month=09&day=08
2014,hot100,2014-09-03,84,恋するフォーチュンクッキー,AKB48,https://www.billboard-japan.com/charts/detail?a=hot100&year=2014&month=09&day=08
2014,hot100,2014-09-03,85,泣きぬれて…,竹島宏,https://www.billboard-japan.com/charts/detail?a=hot100&year=2014&month=09&day=08
2014,hot100,2014-09-03,86,FUTURE FISH,STYLE FIVE,https://www.billboard-japan.com/charts/detail?a=hot100&year=2014&month=09&day=08
2014,hot100,2014-09-03,87,OH MY LITTLE GIRL,尾崎豊,https://www.billboard-japan.com/charts/detail?a=hot100&year=2014&month=09&day=08
2014,hot100,2014-09-03,88,"ONE LAST DANCE,STILL IN A TRANCE",DREAMS COME TRUE,https://www.billboard-japan.com/charts/detail?a=hot100&year=2014&month=09&day=08
2014,hot100,2014-09-03,89,レッド・カセット,ママズ・ガン,https://www.billboard-japan.com/charts/detail?a=hot100&year=2014&month=09&day=08
2014,hot100,2014-09-03,90,楽園,メレンゲ,https://www.billboard-japan.com/charts/detail?a=hot100&year=2014&month=09&day=08
2014,hot100,2014-09-03,91,さよなら夏の日,山下達郎,https://www.billboard-japan.com/charts/detail?a=hot100&year=2014&month=09&day=08
2014,hot100,2014-09-03,92,You were here,BUMP OF CHICKEN,https://www.billboard-japan.com/charts/detail?a=hot100&year=2014&month=09&day=08
2014,hot100,2014-09-03,93,純情,家入レオ,https://www.billboard-japan.com/charts/detail?a=hot100&year=2014&month=09&day=08
2014,hot100,2014-09-03,94,アム・アイ・ロング,ニコ & ヴィンス,https://www.billboard-japan.com/charts/detail?a=hot100&year=2014&month=09&day=08
2014,hot100,2014-09-03,95,Cling Cling,Perfume,https://www.billboard-japan.com/charts/detail?a=hot100&year=2014&month=09&day=08
2014,hot100,2014-09-03,96,MOON PRIDE,ももいろクローバーZ,https://www.billboard-japan.com/charts/detail?a=hot100&year=2014&month=09&day=08
2014,hot100,2014-09-03,97,ブーム・クラップ,チャーリーXCX,https://www.billboard-japan.com/charts/detail?a=hot100&year=2014&month=09&day=08
2014,hot100,2014-09-03,98,夏の終りのハーモニー,井上陽水&安全地帯,https://www.billboard-japan.com/charts/detail?a=hot100&year=2014&month=09&day=08
2014,hot100,2014-09-03,99,ラヴ・サムワン,ジェイソン・ムラーズ,https://www.billboard-japan.com/charts/detail?a=hot100&year=2014&month=09&day=08
2014,hot100,2014-09-03,100,青いラブソング,サスケ,https://www.billboard-japan.com/charts/detail?a=hot100&year=2014&month=09&day=08
2014,hot100,2014-09-10,1,ウィークエンダー,Hey!Say!JUMP,https://www.billboard-japan.com/charts/detail?a=hot100&year=2014&month=09&day=15
2014,hot100,2014-09-10,2,心のプラカード,AKB48,https://www.billboard-japan.com/charts/detail?a=hot100&year=2014&month=09&day=15
2014,hot100,2014-09-10,3,EXCUSE ME,B.A.P,https://www.billboard-japan.com/charts/detail?a=hot100&year=2014&month=09&day=15
2014,hot100,2014-09-10,4,Darling,西野カナ,https://www.billboard-japan.com/charts/detail?a=hot100&year=2014&month=09&day=15
2014,hot100,2014-09-10,5,ひまわりの約束,秦基博,https://www.billboard-japan.com/charts/detail?a=hot100&year=2014&month=09&day=15
2014,hot100,2014-09-10,6,俺たちのセレブレーション,ポルノグラフィティ,https://www.billboard-japan.com/charts/detail?a=hot100&year=2014&month=09&day=15
2014,hot100,2014-09-10,7,Always with you,GENERATIONS from EXILE TRIBE,https://www.billboard-japan.com/charts/detail?a=hot100&year=2014&month=09&day=15
2014,hot100,2014-09-10,8,THE REVOLUTION,EXILE TRIBE,https://www.billboard-japan.com/charts/detail?a=hot100&year=2014&month=09&day=15
2014,hot100,2014-09-10,9,東京VICTORY,サザンオールスターズ,https://www.billboard-japan.com/charts/detail?a=hot100&year=2014&month=09&day=15
2014,hot100,2014-09-10,10,Mr.S-SAITEI DE SAIKOU NO OTOKO-,SMAP,https://www.billboard-japan.com/charts/detail?a=hot100&year=2014&month=09&day=15
2014,hot100,2014-09-10,11,Phantom Pain,T.M.Revolution,https://www.billboard-japan.com/charts/detail?a=hot100&year=2014&month=09&day=15
2014,hot100,2014-09-10,12,Mighty Long Fall,ONE OK ROCK,https://www.billboard-japan.com/charts/detail?a=hot100&year=2014&month=09&day=15
2014,hot100,2014-09-10,13,シェイク・イット・オフ,テイラー・スウィフト,https://www.billboard-japan.com/charts/detail?a=hot100&year=2014&month=09&day=15
2014,hot100,2014-09-10,14,Over the Dream,松岡凛(宮野真守),https://www.billboard-japan.com/charts/detail?a=hot100&year=2014&month=09&day=15
2014,hot100,2014-09-10,15,YOU...feat.仲宗根泉(HY),加藤ミリヤ,https://www.billboard-japan.com/charts/detail?a=hot100&year=2014&month=09&day=15
2014,hot100,2014-09-10,16,マップス,マルーン5,https://www.billboard-japan.com/charts/detail?a=hot100&year=2014&month=09&day=15
2014,hot100,2014-09-10,17,ルード★それでも僕は結婚する,マジック!,https://www.billboard-japan.com/charts/detail?a=hot100&year=2014&month=09&day=15
2014,hot100,2014-09-10,18,Coming Soooon!!,竜ヶ崎怜(平川大輔),https://www.billboard-japan.com/charts/detail?a=hot100&year=2014&month=09&day=15
2014,hot100,2014-09-10,19,ボクカクメイ,葉月渚(代永翼),https://www.billboard-japan.com/charts/detail?a=hot100&year=2014&month=09&day=15
2014,hot100,2014-09-10,20,静かな伝説(レジェンド),竹内まりや,https://www.billboard-japan.com/charts/detail?a=hot100&year=2014&month=09&day=15
2014,hot100,2014-09-10,21,IGNITE,藍井エイル,https://www.billboard-japan.com/charts/detail?a=hot100&year=2014&month=09&day=15
2014,hot100,2014-09-10,22,Mirror,安田レイ,https://www.billboard-japan.com/charts/detail?a=hot100&year=2014&month=09&day=15
2014,hot100,2014-09-10,23,誰でもロンリー,YUKI,https://www.billboard-japan.com/charts/detail?a=hot100&year=2014&month=09&day=15
2014,hot100,2014-09-10,24,サマーアゲイン,さかいゆう,https://www.billboard-japan.com/charts/detail?a=hot100&year=2014&month=09&day=15
2014,hot100,2014-09-10,25,ダンス,アレクサンドラ・スタン,https://www.billboard-japan.com/charts/detail?a=hot100&year=2014&month=09&day=15
2014,hot100,2014-09-10,26,君じゃなきゃダメみたい,オーイシマサヨシ,https://www.billboard-japan.com/charts/detail?a=hot100&year=2014&month=09&day=15
2014,hot100,2014-09-10,27,猟奇的なキスを私にして,ゲスの極み乙女。,https://www.billboard-japan.com/charts/detail?a=hot100&year=2014&month=09&day=15
2014,hot100,2014-09-10,28,ローラの傷だらけ,ゴールデンボンバー,https://www.billboard-japan.com/charts/detail?a=hot100&year=2014&month=09&day=15
2014,hot100,2014-09-10,29,日々,吉田山田,https://www.billboard-japan.com/charts/detail?a=hot100&year=2014&month=09&day=15
2014,hot100,2014-09-10,30,R.Y.U.S.E.I.,三代目 J Soul Brothers from EXILE TRIBE,https://www.billboard-japan.com/charts/detail?a=hot100&year=2014&month=09&day=15
2014,hot100,2014-09-10,31,BLING BLING MY LOVE,フェアリーズ,https://www.billboard-japan.com/charts/detail?a=hot100&year=2014&month=09&day=15
2014,hot100,2014-09-10,32,パズル,湘南乃風,https://www.billboard-japan.com/charts/detail?a=hot100&year=2014&month=09&day=15
2014,hot100,2014-09-10,33,ウソツキ,WHITE JAM,https://www.billboard-japan.com/charts/detail?a=hot100&year=2014&month=09&day=15
2014,hot100,2014-09-10,34,"他人の関係 feat.SOIL &""PIMP""SESSIONS",一青窈,https://www.billboard-japan.com/charts/detail?a=hot100&year=2014&month=09&day=15
2014,hot100,2014-09-10,35,にじいろ,絢香,https://www.billboard-japan.com/charts/detail?a=hot100&year=2014&month=09&day=15
2014,hot100,2014-09-10,36,花ハ踊レヤいろはにほ,"チーム""ハナヤマタ""",https://www.billboard-japan.com/charts/detail?a=hot100&year=2014&month=09&day=15
2014,hot100,2014-09-10,37,ブレイク・フリー feat.ゼッド,アリアナ・グランデ,https://www.billboard-japan.com/charts/detail?a=hot100&year=2014&month=09&day=15
2014,hot100,2014-09-10,38,クラッシュ!,タヒチ 80,https://www.billboard-japan.com/charts/detail?a=hot100&year=2014&month=09&day=15
2014,hot100,2014-09-10,39,千の翼,livetune adding Takuro Sugawara(from 9mm Parabellum Bullet),https://www.billboard-japan.com/charts/detail?a=hot100&year=2014&month=09&day=15
2014,hot100,2014-09-10,40,生きてゆく,KANA-BOON,https://www.billboard-japan.com/charts/detail?a=hot100&year=2014&month=09&day=15
2014,hot100,2014-09-10,41,誰か、海を。,Aimer(エメ),https://www.billboard-japan.com/charts/detail?a=hot100&year=2014&month=09&day=15
2014,hot100,2014-09-10,42,ハッピー,ファレル・ウィリアムス,https://www.billboard-japan.com/charts/detail?a=hot100&year=2014&month=09&day=15
2014,hot100,2014-09-10,43,僕らの自分戦争,Suck a Stew Dry,https://www.billboard-japan.com/charts/detail?a=hot100&year=2014&month=09&day=15
2014,hot100,2014-09-10,44,太陽,ファンキー加藤,https://www.billboard-japan.com/charts/detail?a=hot100&year=2014&month=09&day=15
2014,hot100,2014-09-10,45,本当の恋,May J.,https://www.billboard-japan.com/charts/detail?a=hot100&year=2014&month=09&day=15
2014,hot100,2014-09-10,46,Dream On,吉川晃司,https://www.billboard-japan.com/charts/detail?a=hot100&year=2014&month=09&day=15
2014,hot100,2014-09-10,47,Another Future,Kis-My-Ft2,https://www.billboard-japan.com/charts/detail?a=hot100&year=2014&month=09&day=15
2014,hot100,2014-09-10,48,ENAMEL,シド,https://www.billboard-japan.com/charts/detail?a=hot100&year=2014&month=09&day=15
2014,hot100,2014-09-10,49,レット・ゴー・フォー・トゥナイト,フォクシーズ,https://www.billboard-japan.com/charts/detail?a=hot100&year=2014&month=09&day=15
2014,hot100,2014-09-10,50,ここから,USAGI,https://www.billboard-japan.com/charts/detail?a=hot100&year=2014&month=09&day=15
2014,hot100,2014-09-10,51,プロブレム feat.イギー・アゼリア,アリアナ・グランデ,https://www.billboard-japan.com/charts/detail?a=hot100&year=2014&month=09&day=15
2014,hot100,2014-09-10,52,心情呼吸,近藤晃央,https://www.billboard-japan.com/charts/detail?a=hot100&year=2014&month=09&day=15
2014,hot100,2014-09-10,53,根にもってます,在日ファンク,https://www.billboard-japan.com/charts/detail?a=hot100&year=2014&month=09&day=15
2014,hot100,2014-09-10,54,涙のアトが消える頃,V6,https://www.billboard-japan.com/charts/detail?a=hot100&year=2014&month=09&day=15
2014,hot100,2014-09-10,55,ゲラゲラポーのうた,キング・クリームソーダ,https://www.billboard-japan.com/charts/detail?a=hot100&year=2014&month=09&day=15
2014,hot100,2014-09-10,56,RPG,SEKAI NO OWARI,https://www.billboard-japan.com/charts/detail?a=hot100&year=2014&month=09&day=15
2014,hot100,2014-09-10,57,セプテンバー,アース・ウィンド&ファイアー,https://www.billboard-japan.com/charts/detail?a=hot100&year=2014&month=09&day=15
2014,hot100,2014-09-10,58,若者たち,森山直太朗,https://www.billboard-japan.com/charts/detail?a=hot100&year=2014&month=09&day=15
2014,hot100,2014-09-10,59,海峡岬,市川由紀乃,https://www.billboard-japan.com/charts/detail?a=hot100&year=2014&month=09&day=15
2014,hot100,2014-09-10,60,オモイダマ,関ジャニ∞[エイト],https://www.billboard-japan.com/charts/detail?a=hot100&year=2014&month=09&day=15
2014,hot100,2014-09-10,61,夏の終わり,森山直太朗,https://www.billboard-japan.com/charts/detail?a=hot100&year=2014&month=09&day=15
2014,hot100,2014-09-10,62,無敵なハート,倉木麻衣,https://www.billboard-japan.com/charts/detail?a=hot100&year=2014&month=09&day=15
2014,hot100,2014-09-10,63,マイム,Plastic Tree,https://www.billboard-japan.com/charts/detail?a=hot100&year=2014&month=09&day=15
2014,hot100,2014-09-10,64,マンマミーア!,KARA,https://www.billboard-japan.com/charts/detail?a=hot100&year=2014&month=09&day=15
2014,hot100,2014-09-10,65,ナイト・ライク・ディス,LP,https://www.billboard-japan.com/charts/detail?a=hot100&year=2014&month=09&day=15
2014,hot100,2014-09-10,66,24WORLD,EXILE TRIBE,https://www.billboard-japan.com/charts/detail?a=hot100&year=2014&month=09&day=15
2014,hot100,2014-09-10,67,好きよ,SMAP,https://www.billboard-japan.com/charts/detail?a=hot100&year=2014&month=09&day=15
2014,hot100,2014-09-10,68,バン・バン,ジェシー・J + アリアナ・グランデ + ニッキー・ミナージュ,https://www.billboard-japan.com/charts/detail?a=hot100&year=2014&month=09&day=15
2014,hot100,2014-09-10,69,さよなら夏の日,山下達郎,https://www.billboard-japan.com/charts/detail?a=hot100&year=2014&month=09&day=15
2014,hot100,2014-09-10,70,レット・イット・ゴー〜ありのままで〜,松たか子,https://www.billboard-japan.com/charts/detail?a=hot100&year=2014&month=09&day=15
2014,hot100,2014-09-10,71,unravel,TK from 凛として時雨,https://www.billboard-japan.com/charts/detail?a=hot100&year=2014&month=09&day=15
2014,hot100,2014-09-10,72,英雄の詩,THE ALFEE,https://www.billboard-japan.com/charts/detail?a=hot100&year=2014&month=09&day=15
2014,hot100,2014-09-10,73,Ah Yeah!!,スキマスイッチ,https://www.billboard-japan.com/charts/detail?a=hot100&year=2014&month=09&day=15
2014,hot100,2014-09-10,74,蒼い星,柴咲コウ,https://www.billboard-japan.com/charts/detail?a=hot100&year=2014&month=09&day=15
2014,hot100,2014-09-10,75,若者のすべて,フジファブリック,https://www.billboard-japan.com/charts/detail?a=hot100&year=2014&month=09&day=15
2014,hot100,2014-09-10,76,Top Of The World,SMAP,https://www.billboard-japan.com/charts/detail?a=hot100&year=2014&month=09&day=15
2014,hot100,2014-09-10,77,マリアージュ,"寿嶺二(森久保祥太郎),黒崎蘭丸(鈴木達央),美風藍(蒼井翔太),カミュ(前野智昭)",https://www.billboard-japan.com/charts/detail?a=hot100&year=2014&month=09&day=15
2014,hot100,2014-09-10,78,ミラクル,キンブラ,https://www.billboard-japan.com/charts/detail?a=hot100&year=2014&month=09&day=15
2014,hot100,2014-09-10,79,INFINITY,DOBERMAN INFINITY,https://www.billboard-japan.com/charts/detail?a=hot100&year=2014&month=09&day=15
2014,hot100,2014-09-10,80,リスタート,wacci,https://www.billboard-japan.com/charts/detail?a=hot100&year=2014&month=09&day=15
2014,hot100,2014-09-10,81,ザ・チェンバー,レニー・クラヴィッツ,https://www.billboard-japan.com/charts/detail?a=hot100&year=2014&month=09&day=15
2014,hot100,2014-09-10,82,ダフト・パンク・メドレー,ペンタトニックス,https://www.billboard-japan.com/charts/detail?a=hot100&year=2014&month=09&day=15
2014,hot100,2014-09-10,83,swim,04 Limited Sazabys,https://www.billboard-japan.com/charts/detail?a=hot100&year=2014&month=09&day=15
2014,hot100,2014-09-10,84,Shout,androp,https://www.billboard-japan.com/charts/detail?a=hot100&year=2014&month=09&day=15
2014,hot100,2014-09-10,85,不器用太陽,SKE48,https://www.billboard-japan.com/charts/detail?a=hot100&year=2014&month=09&day=15
2014,hot100,2014-09-10,86,セプテンバーさん,RADWIMPS,https://www.billboard-japan.com/charts/detail?a=hot100&year=2014&month=09&day=15
2014,hot100,2014-09-10,87,Startear,春奈るな,https://www.billboard-japan.com/charts/detail?a=hot100&year=2014&month=09&day=15
2014,hot100,2014-09-10,88,キミといたナツ,NEO from アイドリング!!!,https://www.billboard-japan.com/charts/detail?a=hot100&year=2014&month=09&day=15
2014,hot100,2014-09-10,89,パラダイム,ひめキュンフルーツ缶,https://www.billboard-japan.com/charts/detail?a=hot100&year=2014&month=09&day=15
2014,hot100,2014-09-10,90,未来ライン,竹友あつき,https://www.billboard-japan.com/charts/detail?a=hot100&year=2014&month=09&day=15
2014,hot100,2014-09-10,91,MEMENTO,BLUE ENCOUNT,https://www.billboard-japan.com/charts/detail?a=hot100&year=2014&month=09&day=15
2014,hot100,2014-09-10,92,ウラオモテ・フォーチュン,佐倉千代(小澤亜李),https://www.billboard-japan.com/charts/detail?a=hot100&year=2014&month=09&day=15
2014,hot100,2014-09-10,93,夏の終りのハーモニー,井上陽水&安全地帯,https://www.billboard-japan.com/charts/detail?a=hot100&year=2014&month=09&day=15
2014,hot100,2014-09-10,94,少年時代,井上陽水,https://www.billboard-japan.com/charts/detail?a=hot100&year=2014&month=09&day=15
2014,hot100,2014-09-10,95,うきよ川,長保有紀,https://www.billboard-japan.com/charts/detail?a=hot100&year=2014&month=09&day=15
2014,hot100,2014-09-10,96,絶唱!なにわで生まれた少女たち,たこやきレインボー,https://www.billboard-japan.com/charts/detail?a=hot100&year=2014&month=09&day=15
2014,hot100,2014-09-10,97,Wanna?,OKAMOTO'S × RIP Slyme,https://www.billboard-japan.com/charts/detail?a=hot100&year=2014&month=09&day=15
2014,hot100,2014-09-10,98,君がいた夏,Mr.Children,https://www.billboard-japan.com/charts/detail?a=hot100&year=2014&month=09&day=15
2014,hot100,2014-09-10,99,世界は恋に落ちている,CHiCO with HoneyWorks,https://www.billboard-japan.com/charts/detail?a=hot100&year=2014&month=09&day=15
2014,hot100,2014-09-10,100,Liberty & Gravity,くるり,https://www.billboard-japan.com/charts/detail?a=hot100&year=2014&month=09&day=15
2014,hot100,2014-09-17,1,東京VICTORY,サザンオールスターズ,https://www.billboard-japan.com/charts/detail?a=hot100&year=2014&month=09&day=22
2014,hot100,2014-09-17,2,心のプラカード,AKB48,https://www.billboard-japan.com/charts/detail?a=hot100&year=2014&month=09&day=22
2014,hot100,2014-09-17,3,SOLO DAY,B1A4,https://www.billboard-japan.com/charts/detail?a=hot100&year=2014&month=09&day=22
2014,hot100,2014-09-17,4,Highschool love,E-girls,https://www.billboard-japan.com/charts/detail?a=hot100&year=2014&month=09&day=22
2014,hot100,2014-09-17,5,Darling,西野カナ,https://www.billboard-japan.com/charts/detail?a=hot100&year=2014&month=09&day=22
2014,hot100,2014-09-17,6,本当の恋,May J.,https://www.billboard-japan.com/charts/detail?a=hot100&year=2014&month=09&day=22
2014,hot100,2014-09-17,7,ひまわりの約束,秦基博,https://www.billboard-japan.com/charts/detail?a=hot100&year=2014&month=09&day=22
2014,hot100,2014-09-17,8,ウィークエンダー,Hey!Say!JUMP,https://www.billboard-japan.com/charts/detail?a=hot100&year=2014&month=09&day=22
2014,hot100,2014-09-17,9,A/Z,SawanoHiroyuki[nZk],https://www.billboard-japan.com/charts/detail?a=hot100&year=2014&month=09&day=22
2014,hot100,2014-09-17,10,ラストシーン,JUJU,https://www.billboard-japan.com/charts/detail?a=hot100&year=2014&month=09&day=22
2014,hot100,2014-09-17,11,Mr.S-SAITEI DE SAIKOU NO OTOKO-,SMAP,https://www.billboard-japan.com/charts/detail?a=hot100&year=2014&month=09&day=22
2014,hot100,2014-09-17,12,ルード★それでも僕は結婚する,マジック!,https://www.billboard-japan.com/charts/detail?a=hot100&year=2014&month=09&day=22
2014,hot100,2014-09-17,13,静かな伝説(レジェンド),竹内まりや,https://www.billboard-japan.com/charts/detail?a=hot100&year=2014&month=09&day=22
2014,hot100,2014-09-17,14,Always with you,GENERATIONS from EXILE TRIBE,https://www.billboard-japan.com/charts/detail?a=hot100&year=2014&month=09&day=22
2014,hot100,2014-09-17,15,Get Up!,中山優馬,https://www.billboard-japan.com/charts/detail?a=hot100&year=2014&month=09&day=22
2014,hot100,2014-09-17,16,シェイク・イット・オフ,テイラー・スウィフト,https://www.billboard-japan.com/charts/detail?a=hot100&year=2014&month=09&day=22
2014,hot100,2014-09-17,17,CHANGE!!,DAIGO,https://www.billboard-japan.com/charts/detail?a=hot100&year=2014&month=09&day=22
2014,hot100,2014-09-17,18,Mighty Long Fall,ONE OK ROCK,https://www.billboard-japan.com/charts/detail?a=hot100&year=2014&month=09&day=22
2014,hot100,2014-09-17,19,REBORN,PrizmaX,https://www.billboard-japan.com/charts/detail?a=hot100&year=2014&month=09&day=22
2014,hot100,2014-09-17,20,マップス,マルーン5,https://www.billboard-japan.com/charts/detail?a=hot100&year=2014&month=09&day=22
2014,hot100,2014-09-17,21,aLIEz,SawanoHiroyuki[nZk],https://www.billboard-japan.com/charts/detail?a=hot100&year=2014&month=09&day=22
2014,hot100,2014-09-17,22,証明ティンエイジャー,夢みるアドレセンス,https://www.billboard-japan.com/charts/detail?a=hot100&year=2014&month=09&day=22
2014,hot100,2014-09-17,23,ウソツキ,WHITE JAM,https://www.billboard-japan.com/charts/detail?a=hot100&year=2014&month=09&day=22
2014,hot100,2014-09-17,24,LEO,tacica,https://www.billboard-japan.com/charts/detail?a=hot100&year=2014&month=09&day=22
2014,hot100,2014-09-17,25,俺たちのセレブレーション,ポルノグラフィティ,https://www.billboard-japan.com/charts/detail?a=hot100&year=2014&month=09&day=22
2014,hot100,2014-09-17,26,笑顔と笑顔で始まるよ!,新田恵海,https://www.billboard-japan.com/charts/detail?a=hot100&year=2014&month=09&day=22
2014,hot100,2014-09-17,27,クラッシュ!,タヒチ 80,https://www.billboard-japan.com/charts/detail?a=hot100&year=2014&month=09&day=22
2014,hot100,2014-09-17,28,ブレイク・フリー feat.ゼッド,アリアナ・グランデ,https://www.billboard-japan.com/charts/detail?a=hot100&year=2014&month=09&day=22
2014,hot100,2014-09-17,29,YOU...feat.仲宗根泉(HY),加藤ミリヤ,https://www.billboard-japan.com/charts/detail?a=hot100&year=2014&month=09&day=22
2014,hot100,2014-09-17,30,Hopes Bright,WHITE ASH,https://www.billboard-japan.com/charts/detail?a=hot100&year=2014&month=09&day=22
2014,hot100,2014-09-17,31,Real?,MIYAVI,https://www.billboard-japan.com/charts/detail?a=hot100&year=2014&month=09&day=22
2014,hot100,2014-09-17,32,日々,吉田山田,https://www.billboard-japan.com/charts/detail?a=hot100&year=2014&month=09&day=22
2014,hot100,2014-09-17,33,IGNITE,藍井エイル,https://www.billboard-japan.com/charts/detail?a=hot100&year=2014&month=09&day=22
2014,hot100,2014-09-17,34,プロブレム feat.イギー・アゼリア,アリアナ・グランデ,https://www.billboard-japan.com/charts/detail?a=hot100&year=2014&month=09&day=22
2014,hot100,2014-09-17,35,にじいろ,絢香,https://www.billboard-japan.com/charts/detail?a=hot100&year=2014&month=09&day=22
2014,hot100,2014-09-17,36,東京,きのこ帝国,https://www.billboard-japan.com/charts/detail?a=hot100&year=2014&month=09&day=22
2014,hot100,2014-09-17,37,ミラクル,キンブラ,https://www.billboard-japan.com/charts/detail?a=hot100&year=2014&month=09&day=22
2014,hot100,2014-09-17,38,LIFE,ナオト・インティライミ,https://www.billboard-japan.com/charts/detail?a=hot100&year=2014&month=09&day=22
2014,hot100,2014-09-17,39,ダンス,アレクサンドラ・スタン,https://www.billboard-japan.com/charts/detail?a=hot100&year=2014&month=09&day=22
2014,hot100,2014-09-17,40,THE REVOLUTION,EXILE TRIBE,https://www.billboard-japan.com/charts/detail?a=hot100&year=2014&month=09&day=22
2014,hot100,2014-09-17,41,誰でもロンリー,YUKI,https://www.billboard-japan.com/charts/detail?a=hot100&year=2014&month=09&day=22
2014,hot100,2014-09-17,42,僕らの自分戦争,Suck a Stew Dry,https://www.billboard-japan.com/charts/detail?a=hot100&year=2014&month=09&day=22
2014,hot100,2014-09-17,43,しあわせ feat.Ms.OOJA & SALU,SPICY CHOCOLATE,https://www.billboard-japan.com/charts/detail?a=hot100&year=2014&month=09&day=22
2014,hot100,2014-09-17,44,R.Y.U.S.E.I.,三代目 J Soul Brothers from EXILE TRIBE,https://www.billboard-japan.com/charts/detail?a=hot100&year=2014&month=09&day=22
2014,hot100,2014-09-17,45,君じゃなきゃダメみたい,オーイシマサヨシ,https://www.billboard-japan.com/charts/detail?a=hot100&year=2014&month=09&day=22
2014,hot100,2014-09-17,46,パズル,湘南乃風,https://www.billboard-japan.com/charts/detail?a=hot100&year=2014&month=09&day=22
2014,hot100,2014-09-17,47,MEMENTO,BLUE ENCOUNT,https://www.billboard-japan.com/charts/detail?a=hot100&year=2014&month=09&day=22
2014,hot100,2014-09-17,48,未来ライン,竹友あつき,https://www.billboard-japan.com/charts/detail?a=hot100&year=2014&month=09&day=22
2014,hot100,2014-09-17,49,君は歌うことが出来る,さだまさし,https://www.billboard-japan.com/charts/detail?a=hot100&year=2014&month=09&day=22
2014,hot100,2014-09-17,50,Mirror,安田レイ,https://www.billboard-japan.com/charts/detail?a=hot100&year=2014&month=09&day=22
2014,hot100,2014-09-17,51,猟奇的なキスを私にして,ゲスの極み乙女。,https://www.billboard-japan.com/charts/detail?a=hot100&year=2014&month=09&day=22
2014,hot100,2014-09-17,52,"他人の関係 feat.SOIL &""PIMP""SESSIONS",一青窈,https://www.billboard-japan.com/charts/detail?a=hot100&year=2014&month=09&day=22
2014,hot100,2014-09-17,53,ハッピー,ファレル・ウィリアムス,https://www.billboard-japan.com/charts/detail?a=hot100&year=2014&month=09&day=22
2014,hot100,2014-09-17,54,故に、摩天楼,ムック,https://www.billboard-japan.com/charts/detail?a=hot100&year=2014&month=09&day=22
2014,hot100,2014-09-17,55,ゲラゲラポーのうた,キング・クリームソーダ,https://www.billboard-japan.com/charts/detail?a=hot100&year=2014&month=09&day=22
2014,hot100,2014-09-17,56,瞳に映らない,indigo la End,https://www.billboard-japan.com/charts/detail?a=hot100&year=2014&month=09&day=22
2014,hot100,2014-09-17,57,幸せな結末 with 松たか子,鈴木雅之,https://www.billboard-japan.com/charts/detail?a=hot100&year=2014&month=09&day=22
2014,hot100,2014-09-17,58,太陽,ファンキー加藤,https://www.billboard-japan.com/charts/detail?a=hot100&year=2014&month=09&day=22
2014,hot100,2014-09-17,59,Here For You,小柳ゆき×ピーボ・ブライソン,https://www.billboard-japan.com/charts/detail?a=hot100&year=2014&month=09&day=22
2014,hot100,2014-09-17,60,生命のワルツ,9mm Parabellum Bullet,https://www.billboard-japan.com/charts/detail?a=hot100&year=2014&month=09&day=22
2014,hot100,2014-09-17,61,September,竹内まりや,https://www.billboard-japan.com/charts/detail?a=hot100&year=2014&month=09&day=22
2014,hot100,2014-09-17,62,サマーアゲイン,さかいゆう,https://www.billboard-japan.com/charts/detail?a=hot100&year=2014&month=09&day=22
2014,hot100,2014-09-17,63,Phantom Pain,T.M.Revolution,https://www.billboard-japan.com/charts/detail?a=hot100&year=2014&month=09&day=22
2014,hot100,2014-09-17,64,RPG,SEKAI NO OWARI,https://www.billboard-japan.com/charts/detail?a=hot100&year=2014&month=09&day=22
2014,hot100,2014-09-17,65,花ハ踊レヤいろはにほ,"チーム""ハナヤマタ""",https://www.billboard-japan.com/charts/detail?a=hot100&year=2014&month=09&day=22
2014,hot100,2014-09-17,66,NOW ON AIR,赤い公園,https://www.billboard-japan.com/charts/detail?a=hot100&year=2014&month=09&day=22
2014,hot100,2014-09-17,67,若者たち,森山直太朗,https://www.billboard-japan.com/charts/detail?a=hot100&year=2014&month=09&day=22
2014,hot100,2014-09-17,68,heavenly blue,Kalafina,https://www.billboard-japan.com/charts/detail?a=hot100&year=2014&month=09&day=22
2014,hot100,2014-09-17,69,根にもってます,在日ファンク,https://www.billboard-japan.com/charts/detail?a=hot100&year=2014&month=09&day=22
2014,hot100,2014-09-17,70,リスタート,wacci,https://www.billboard-japan.com/charts/detail?a=hot100&year=2014&month=09&day=22
2014,hot100,2014-09-17,71,unravel,TK from 凛として時雨,https://www.billboard-japan.com/charts/detail?a=hot100&year=2014&month=09&day=22
2014,hot100,2014-09-17,72,バン・バン,ジェシー・J + アリアナ・グランデ + ニッキー・ミナージュ,https://www.billboard-japan.com/charts/detail?a=hot100&year=2014&month=09&day=22
2014,hot100,2014-09-17,73,Ah Yeah!!,スキマスイッチ,https://www.billboard-japan.com/charts/detail?a=hot100&year=2014&month=09&day=22
2014,hot100,2014-09-17,74,Your Eyes,竹内まりや,https://www.billboard-japan.com/charts/detail?a=hot100&year=2014&month=09&day=22
2014,hot100,2014-09-17,75,心情呼吸,近藤晃央,https://www.billboard-japan.com/charts/detail?a=hot100&year=2014&month=09&day=22
2014,hot100,2014-09-17,76,ナイト・ライク・ディス,LP,https://www.billboard-japan.com/charts/detail?a=hot100&year=2014&month=09&day=22
2014,hot100,2014-09-17,77,ザ・チェンバー,レニー・クラヴィッツ,https://www.billboard-japan.com/charts/detail?a=hot100&year=2014&month=09&day=22
2014,hot100,2014-09-17,78,白い光の朝に,平賀さち枝とホームカミングス,https://www.billboard-japan.com/charts/detail?a=hot100&year=2014&month=09&day=22
2014,hot100,2014-09-17,79,ローラの傷だらけ,ゴールデンボンバー,https://www.billboard-japan.com/charts/detail?a=hot100&year=2014&month=09&day=22
2014,hot100,2014-09-17,80,生きてゆく,KANA-BOON,https://www.billboard-japan.com/charts/detail?a=hot100&year=2014&month=09&day=22
2014,hot100,2014-09-17,81,ENAMEL,シド,https://www.billboard-japan.com/charts/detail?a=hot100&year=2014&month=09&day=22
2014,hot100,2014-09-17,82,Liberty & Gravity,くるり,https://www.billboard-japan.com/charts/detail?a=hot100&year=2014&month=09&day=22
2014,hot100,2014-09-17,83,Keep on keeping on,SawanoHiroyuki[nZk],https://www.billboard-japan.com/charts/detail?a=hot100&year=2014&month=09&day=22
2014,hot100,2014-09-17,84,Another Future,Kis-My-Ft2,https://www.billboard-japan.com/charts/detail?a=hot100&year=2014&month=09&day=22
2014,hot100,2014-09-17,85,You You,Superfly,https://www.billboard-japan.com/charts/detail?a=hot100&year=2014&month=09&day=22
2014,hot100,2014-09-17,86,オモイダマ,関ジャニ∞[エイト],https://www.billboard-japan.com/charts/detail?a=hot100&year=2014&month=09&day=22
2014,hot100,2014-09-17,87,INFINITY,DOBERMAN INFINITY,https://www.billboard-japan.com/charts/detail?a=hot100&year=2014&month=09&day=22
2014,hot100,2014-09-17,88,レッド・カセット,ママズ・ガン,https://www.billboard-japan.com/charts/detail?a=hot100&year=2014&month=09&day=22
2014,hot100,2014-09-17,89,BLING BLING MY LOVE,フェアリーズ,https://www.billboard-japan.com/charts/detail?a=hot100&year=2014&month=09&day=22
2014,hot100,2014-09-17,90,蒼い星,柴咲コウ,https://www.billboard-japan.com/charts/detail?a=hot100&year=2014&month=09&day=22
2014,hot100,2014-09-17,91,情熱のZUMBA,MAX,https://www.billboard-japan.com/charts/detail?a=hot100&year=2014&month=09&day=22
2014,hot100,2014-09-17,92,EXCUSE ME,B.A.P,https://www.billboard-japan.com/charts/detail?a=hot100&year=2014&month=09&day=22
2014,hot100,2014-09-17,93,ここから,USAGI,https://www.billboard-japan.com/charts/detail?a=hot100&year=2014&month=09&day=22
2014,hot100,2014-09-17,94,世界は恋に落ちている,CHiCO with HoneyWorks,https://www.billboard-japan.com/charts/detail?a=hot100&year=2014&month=09&day=22
2014,hot100,2014-09-17,95,縁の糸,竹内まりや,https://www.billboard-japan.com/charts/detail?a=hot100&year=2014&month=09&day=22
2014,hot100,2014-09-17,96,無敵なハート,倉木麻衣,https://www.billboard-japan.com/charts/detail?a=hot100&year=2014&month=09&day=22
2014,hot100,2014-09-17,97,レット・イット・ゴー〜ありのままで〜,松たか子,https://www.billboard-japan.com/charts/detail?a=hot100&year=2014&month=09&day=22
2014,hot100,2014-09-17,98,涙のアトが消える頃,V6,https://www.billboard-japan.com/charts/detail?a=hot100&year=2014&month=09&day=22
2014,hot100,2014-09-17,99,ふたりのアイランド,レーモンド松屋 with Yoko,https://www.billboard-japan.com/charts/detail?a=hot100&year=2014&month=09&day=22
2014,hot100,2014-09-17,100,Shout,androp,https://www.billboard-japan.com/charts/detail?a=hot100&year=2014&month=09&day=22
2014,hot100,2014-09-24,1,ミダレテミナ,2PM,https://www.billboard-japan.com/charts/detail?a=hot100&year=2014&month=09&day=29
2014,hot100,2014-09-24,2,心のプラカード,AKB48,https://www.billboard-japan.com/charts/detail?a=hot100&year=2014&month=09&day=29
2014,hot100,2014-09-24,3,さよならの前に,AAA,https://www.billboard-japan.com/charts/detail?a=hot100&year=2014&month=09&day=29
2014,hot100,2014-09-24,4,ちょいときまぐれ渡り鳥,氷川きよし,https://www.billboard-japan.com/charts/detail?a=hot100&year=2014&month=09&day=29
2014,hot100,2014-09-24,5,想い出ブレイカー,Lead,https://www.billboard-japan.com/charts/detail?a=hot100&year=2014&month=09&day=29
2014,hot100,2014-09-24,6,東京VICTORY,サザンオールスターズ,https://www.billboard-japan.com/charts/detail?a=hot100&year=2014&month=09&day=29
2014,hot100,2014-09-24,7,ラストシーン,JUJU,https://www.billboard-japan.com/charts/detail?a=hot100&year=2014&month=09&day=29
2014,hot100,2014-09-24,8,Highschool love,E-girls,https://www.billboard-japan.com/charts/detail?a=hot100&year=2014&month=09&day=29
2014,hot100,2014-09-24,9,Darling,西野カナ,https://www.billboard-japan.com/charts/detail?a=hot100&year=2014&month=09&day=29
2014,hot100,2014-09-24,10,LIFE,ナオト・インティライミ,https://www.billboard-japan.com/charts/detail?a=hot100&year=2014&month=09&day=29
2014,hot100,2014-09-24,11,ひまわりの約束,秦基博,https://www.billboard-japan.com/charts/detail?a=hot100&year=2014&month=09&day=29
2014,hot100,2014-09-24,12,ルード★それでも僕は結婚する,マジック!,https://www.billboard-japan.com/charts/detail?a=hot100&year=2014&month=09&day=29
2014,hot100,2014-09-24,13,シェイク・イット・オフ,テイラー・スウィフト,https://www.billboard-japan.com/charts/detail?a=hot100&year=2014&month=09&day=29
2014,hot100,2014-09-24,14,ウソツキ,WHITE JAM,https://www.billboard-japan.com/charts/detail?a=hot100&year=2014&month=09&day=29
2014,hot100,2014-09-24,15,Mighty Long Fall,ONE OK ROCK,https://www.billboard-japan.com/charts/detail?a=hot100&year=2014&month=09&day=29
2014,hot100,2014-09-24,16,本当の恋,May J.,https://www.billboard-japan.com/charts/detail?a=hot100&year=2014&month=09&day=29
2014,hot100,2014-09-24,17,ウィークエンダー,Hey!Say!JUMP,https://www.billboard-japan.com/charts/detail?a=hot100&year=2014&month=09&day=29
2014,hot100,2014-09-24,18,BRiGHT FLiGHT,LiSA,https://www.billboard-japan.com/charts/detail?a=hot100&year=2014&month=09&day=29
2014,hot100,2014-09-24,19,マップス,マルーン5,https://www.billboard-japan.com/charts/detail?a=hot100&year=2014&month=09&day=29
2014,hot100,2014-09-24,20,日々,吉田山田,https://www.billboard-japan.com/charts/detail?a=hot100&year=2014&month=09&day=29
2014,hot100,2014-09-24,21,プロブレム feat.イギー・アゼリア,アリアナ・グランデ,https://www.billboard-japan.com/charts/detail?a=hot100&year=2014&month=09&day=29
2014,hot100,2014-09-24,22,Mr.S-SAITEI DE SAIKOU NO OTOKO-,SMAP,https://www.billboard-japan.com/charts/detail?a=hot100&year=2014&month=09&day=29
2014,hot100,2014-09-24,23,Always with you,GENERATIONS from EXILE TRIBE,https://www.billboard-japan.com/charts/detail?a=hot100&year=2014&month=09&day=29
2014,hot100,2014-09-24,24,ブレイク・フリー feat.ゼッド,アリアナ・グランデ,https://www.billboard-japan.com/charts/detail?a=hot100&year=2014&month=09&day=29
2014,hot100,2014-09-24,25,冬の太陽,ストレイテナー,https://www.billboard-japan.com/charts/detail?a=hot100&year=2014&month=09&day=29
2014,hot100,2014-09-24,26,誰でもロンリー,YUKI,https://www.billboard-japan.com/charts/detail?a=hot100&year=2014&month=09&day=29
2014,hot100,2014-09-24,27,クラッシュ!,タヒチ 80,https://www.billboard-japan.com/charts/detail?a=hot100&year=2014&month=09&day=29
2014,hot100,2014-09-24,28,にじいろ,絢香,https://www.billboard-japan.com/charts/detail?a=hot100&year=2014&month=09&day=29
2014,hot100,2014-09-24,29,"他人の関係 feat.SOIL &""PIMP""SESSIONS",一青窈,https://www.billboard-japan.com/charts/detail?a=hot100&year=2014&month=09&day=29
2014,hot100,2014-09-24,30,静かな伝説(レジェンド),竹内まりや,https://www.billboard-japan.com/charts/detail?a=hot100&year=2014&month=09&day=29
2014,hot100,2014-09-24,31,俺たちのセレブレーション,ポルノグラフィティ,https://www.billboard-japan.com/charts/detail?a=hot100&year=2014&month=09&day=29
2014,hot100,2014-09-24,32,きゅるきゅる,大森靖子,https://www.billboard-japan.com/charts/detail?a=hot100&year=2014&month=09&day=29
2014,hot100,2014-09-24,33,A/Z,SawanoHiroyuki[nZk],https://www.billboard-japan.com/charts/detail?a=hot100&year=2014&month=09&day=29
2014,hot100,2014-09-24,34,You You,Superfly,https://www.billboard-japan.com/charts/detail?a=hot100&year=2014&month=09&day=29
2014,hot100,2014-09-24,35,今さらさら,河西智美,https://www.billboard-japan.com/charts/detail?a=hot100&year=2014&month=09&day=29
2014,hot100,2014-09-24,36,抱きしめたい,EXILE TAKAHIRO,https://www.billboard-japan.com/charts/detail?a=hot100&year=2014&month=09&day=29
2014,hot100,2014-09-24,37,花束,back number,https://www.billboard-japan.com/charts/detail?a=hot100&year=2014&month=09&day=29
2014,hot100,2014-09-24,38,ミラクル,キンブラ,https://www.billboard-japan.com/charts/detail?a=hot100&year=2014&month=09&day=29
2014,hot100,2014-09-24,39,Get Up!,中山優馬,https://www.billboard-japan.com/charts/detail?a=hot100&year=2014&month=09&day=29
2014,hot100,2014-09-24,40,Heroine,SOLIDEMO,https://www.billboard-japan.com/charts/detail?a=hot100&year=2014&month=09&day=29
2014,hot100,2014-09-24,41,Liberty & Gravity,くるり,https://www.billboard-japan.com/charts/detail?a=hot100&year=2014&month=09&day=29
2014,hot100,2014-09-24,42,しあわせ feat.Ms.OOJA & SALU,SPICY CHOCOLATE,https://www.billboard-japan.com/charts/detail?a=hot100&year=2014&month=09&day=29
2014,hot100,2014-09-24,43,NOW ON AIR,赤い公園,https://www.billboard-japan.com/charts/detail?a=hot100&year=2014&month=09&day=29
2014,hot100,2014-09-24,44,IGNITE,藍井エイル,https://www.billboard-japan.com/charts/detail?a=hot100&year=2014&month=09&day=29
2014,hot100,2014-09-24,45,THE REVOLUTION,EXILE TRIBE,https://www.billboard-japan.com/charts/detail?a=hot100&year=2014&month=09&day=29
2014,hot100,2014-09-24,46,オール・アバウト・ザット・ベース,メーガン・トレイナー,https://www.billboard-japan.com/charts/detail?a=hot100&year=2014&month=09&day=29
2014,hot100,2014-09-24,47,瞳に映らない,indigo la End,https://www.billboard-japan.com/charts/detail?a=hot100&year=2014&month=09&day=29
2014,hot100,2014-09-24,48,About A Rock'n'Roll Band,the pillows,https://www.billboard-japan.com/charts/detail?a=hot100&year=2014&month=09&day=29
2014,hot100,2014-09-24,49,ザ・ミラクル(オブ・ジョーイ・ラモーン),U2,https://www.billboard-japan.com/charts/detail?a=hot100&year=2014&month=09&day=29
2014,hot100,2014-09-24,50,R.Y.U.S.E.I.,三代目 J Soul Brothers from EXILE TRIBE,https://www.billboard-japan.com/charts/detail?a=hot100&year=2014&month=09&day=29
2014,hot100,2014-09-24,51,ハッピー,ファレル・ウィリアムス,https://www.billboard-japan.com/charts/detail?a=hot100&year=2014&month=09&day=29
2014,hot100,2014-09-24,52,ゲラゲラポーのうた,キング・クリームソーダ,https://www.billboard-japan.com/charts/detail?a=hot100&year=2014&month=09&day=29
2014,hot100,2014-09-24,53,aLIEz,SawanoHiroyuki[nZk],https://www.billboard-japan.com/charts/detail?a=hot100&year=2014&month=09&day=29
2014,hot100,2014-09-24,54,ツナガル!カナデル!MUSIC,バンドじゃないもん!,https://www.billboard-japan.com/charts/detail?a=hot100&year=2014&month=09&day=29
2014,hot100,2014-09-24,55,猟奇的なキスを私にして,ゲスの極み乙女。,https://www.billboard-japan.com/charts/detail?a=hot100&year=2014&month=09&day=29
2014,hot100,2014-09-24,56,Hopes Bright,WHITE ASH,https://www.billboard-japan.com/charts/detail?a=hot100&year=2014&month=09&day=29
2014,hot100,2014-09-24,57,君じゃなきゃダメみたい,オーイシマサヨシ,https://www.billboard-japan.com/charts/detail?a=hot100&year=2014&month=09&day=29
2014,hot100,2014-09-24,58,LEO,tacica,https://www.billboard-japan.com/charts/detail?a=hot100&year=2014&month=09&day=29
2014,hot100,2014-09-24,59,unravel,TK from 凛として時雨,https://www.billboard-japan.com/charts/detail?a=hot100&year=2014&month=09&day=29
2014,hot100,2014-09-24,60,Do it,吉野裕行,https://www.billboard-japan.com/charts/detail?a=hot100&year=2014&month=09&day=29
2014,hot100,2014-09-24,61,YOU...feat.仲宗根泉(HY),加藤ミリヤ,https://www.billboard-japan.com/charts/detail?a=hot100&year=2014&month=09&day=29
2014,hot100,2014-09-24,62,パズル,湘南乃風,https://www.billboard-japan.com/charts/detail?a=hot100&year=2014&month=09&day=29
2014,hot100,2014-09-24,63,ザ・チェンバー,レニー・クラヴィッツ,https://www.billboard-japan.com/charts/detail?a=hot100&year=2014&month=09&day=29
2014,hot100,2014-09-24,64,Real?,MIYAVI,https://www.billboard-japan.com/charts/detail?a=hot100&year=2014&month=09&day=29
2014,hot100,2014-09-24,65,Mirror,安田レイ,https://www.billboard-japan.com/charts/detail?a=hot100&year=2014&month=09&day=29
2014,hot100,2014-09-24,66,ダンス,アレクサンドラ・スタン,https://www.billboard-japan.com/charts/detail?a=hot100&year=2014&month=09&day=29
2014,hot100,2014-09-24,67,波乗り500マイル feat.KAKATO,YUKI,https://www.billboard-japan.com/charts/detail?a=hot100&year=2014&month=09&day=29
2014,hot100,2014-09-24,68,情熱のZUMBA,MAX,https://www.billboard-japan.com/charts/detail?a=hot100&year=2014&month=09&day=29
2014,hot100,2014-09-24,69,MEMENTO,BLUE ENCOUNT,https://www.billboard-japan.com/charts/detail?a=hot100&year=2014&month=09&day=29
2014,hot100,2014-09-24,70,Twilight,コブクロ,https://www.billboard-japan.com/charts/detail?a=hot100&year=2014&month=09&day=29
2014,hot100,2014-09-24,71,Ah Yeah!!,スキマスイッチ,https://www.billboard-japan.com/charts/detail?a=hot100&year=2014&month=09&day=29
2014,hot100,2014-09-24,72,太陽,ファンキー加藤,https://www.billboard-japan.com/charts/detail?a=hot100&year=2014&month=09&day=29
2014,hot100,2014-09-24,73,バン・バン,ジェシー・J + アリアナ・グランデ + ニッキー・ミナージュ,https://www.billboard-japan.com/charts/detail?a=hot100&year=2014&month=09&day=29
2014,hot100,2014-09-24,74,Next Stage,AAA,https://www.billboard-japan.com/charts/detail?a=hot100&year=2014&month=09&day=29
2014,hot100,2014-09-24,75,僕らの自分戦争,Suck a Stew Dry,https://www.billboard-japan.com/charts/detail?a=hot100&year=2014&month=09&day=29
2014,hot100,2014-09-24,76,艶歌船,細川たかし,https://www.billboard-japan.com/charts/detail?a=hot100&year=2014&month=09&day=29
2014,hot100,2014-09-24,77,夏のFree & Easy,乃木坂46,https://www.billboard-japan.com/charts/detail?a=hot100&year=2014&month=09&day=29
2014,hot100,2014-09-24,78,幸せな結末 with 松たか子,鈴木雅之,https://www.billboard-japan.com/charts/detail?a=hot100&year=2014&month=09&day=29
2014,hot100,2014-09-24,79,君は歌うことが出来る,さだまさし,https://www.billboard-japan.com/charts/detail?a=hot100&year=2014&month=09&day=29
2014,hot100,2014-09-24,80,ローラの傷だらけ,ゴールデンボンバー,https://www.billboard-japan.com/charts/detail?a=hot100&year=2014&month=09&day=29
2014,hot100,2014-09-24,81,未来ライン,竹友あつき,https://www.billboard-japan.com/charts/detail?a=hot100&year=2014&month=09&day=29
2014,hot100,2014-09-24,82,冬子のブルース,増位山太志郎,https://www.billboard-japan.com/charts/detail?a=hot100&year=2014&month=09&day=29
2014,hot100,2014-09-24,83,RPG,SEKAI NO OWARI,https://www.billboard-japan.com/charts/detail?a=hot100&year=2014&month=09&day=29
2014,hot100,2014-09-24,84,友情エクスプレス,ALLOVER,https://www.billboard-japan.com/charts/detail?a=hot100&year=2014&month=09&day=29
2014,hot100,2014-09-24,85,若者たち,森山直太朗,https://www.billboard-japan.com/charts/detail?a=hot100&year=2014&month=09&day=29
2014,hot100,2014-09-24,86,ブレイム feat.ジョン・ニューマン,カルヴィン・ハリス,https://www.billboard-japan.com/charts/detail?a=hot100&year=2014&month=09&day=29
2014,hot100,2014-09-24,87,Perfect Night,I Don't Like Mondays.,https://www.billboard-japan.com/charts/detail?a=hot100&year=2014&month=09&day=29
2014,hot100,2014-09-24,88,EVERLASTING,L'Arc〜en〜Ciel,https://www.billboard-japan.com/charts/detail?a=hot100&year=2014&month=09&day=29
2014,hot100,2014-09-24,89,世界は恋に落ちている,CHiCO with HoneyWorks,https://www.billboard-japan.com/charts/detail?a=hot100&year=2014&month=09&day=29
2014,hot100,2014-09-24,90,ENAMEL,シド,https://www.billboard-japan.com/charts/detail?a=hot100&year=2014&month=09&day=29
2014,hot100,2014-09-24,91,熱情のスペクトラム,いきものがかり,https://www.billboard-japan.com/charts/detail?a=hot100&year=2014&month=09&day=29
2014,hot100,2014-09-24,92,忘れられぬミュージック,ゆず/ももいろクローバーZ/back number/大原櫻子 & 松任谷由実,https://www.billboard-japan.com/charts/detail?a=hot100&year=2014&month=09&day=29
2014,hot100,2014-09-24,93,生きてゆく,KANA-BOON,https://www.billboard-japan.com/charts/detail?a=hot100&year=2014&month=09&day=29
2014,hot100,2014-09-24,94,ここから,USAGI,https://www.billboard-japan.com/charts/detail?a=hot100&year=2014&month=09&day=29
2014,hot100,2014-09-24,95,花ハ踊レヤいろはにほ,"チーム""ハナヤマタ""",https://www.billboard-japan.com/charts/detail?a=hot100&year=2014&month=09&day=29
2014,hot100,2014-09-24,96,heavenly blue,Kalafina,https://www.billboard-japan.com/charts/detail?a=hot100&year=2014&month=09&day=29
2014,hot100,2014-09-24,97,スウィート・フリーク,ブラン・ニュー・ヘヴィーズ,https://www.billboard-japan.com/charts/detail?a=hot100&year=2014&month=09&day=29
2014,hot100,2014-09-24,98,エニシング・ゴーズ,レディー・ガガ & トニー・ベネット,https://www.billboard-japan.com/charts/detail?a=hot100&year=2014&month=09&day=29
2014,hot100,2014-09-24,99,INFINITY,DOBERMAN INFINITY,https://www.billboard-japan.com/charts/detail?a=hot100&year=2014&month=09&day=29
2014,hot100,2014-09-24,100,オドループ,フレデリック,https://www.billboard-japan.com/charts/detail?a=hot100&year=2014&month=09&day=29
2014,hot100,2014-10-01,1,控えめI love you!,HKT48,https://www.billboard-japan.com/charts/detail?a=hot100&year=2014&month=10&day=06
2014,hot100,2014-10-01,2,心のプラカード,AKB48,https://www.billboard-japan.com/charts/detail?a=hot100&year=2014&month=10&day=06
2014,hot100,2014-10-01,3,BE HERO,風男塾,https://www.billboard-japan.com/charts/detail?a=hot100&year=2014&month=10&day=06
2014,hot100,2014-10-01,4,ルード★それでも僕は結婚する,マジック!,https://www.billboard-japan.com/charts/detail?a=hot100&year=2014&month=10&day=06
2014,hot100,2014-10-01,5,ラストシーン,JUJU,https://www.billboard-japan.com/charts/detail?a=hot100&year=2014&month=10&day=06
2014,hot100,2014-10-01,6,ウソツキ,WHITE JAM,https://www.billboard-japan.com/charts/detail?a=hot100&year=2014&month=10&day=06
2014,hot100,2014-10-01,7,Darling,西野カナ,https://www.billboard-japan.com/charts/detail?a=hot100&year=2014&month=10&day=06
2014,hot100,2014-10-01,8,東京VICTORY,サザンオールスターズ,https://www.billboard-japan.com/charts/detail?a=hot100&year=2014&month=10&day=06
2014,hot100,2014-10-01,9,Highschool love,E-girls,https://www.billboard-japan.com/charts/detail?a=hot100&year=2014&month=10&day=06
2014,hot100,2014-10-01,10,ミダレテミナ,2PM,https://www.billboard-japan.com/charts/detail?a=hot100&year=2014&month=10&day=06
2014,hot100,2014-10-01,11,ひまわりの約束,秦基博,https://www.billboard-japan.com/charts/detail?a=hot100&year=2014&month=10&day=06
2014,hot100,2014-10-01,12,さよならの前に,AAA,https://www.billboard-japan.com/charts/detail?a=hot100&year=2014&month=10&day=06
2014,hot100,2014-10-01,13,瞳に映らない,indigo la End,https://www.billboard-japan.com/charts/detail?a=hot100&year=2014&month=10&day=06
2014,hot100,2014-10-01,14,シェイク・イット・オフ,テイラー・スウィフト,https://www.billboard-japan.com/charts/detail?a=hot100&year=2014&month=10&day=06
2014,hot100,2014-10-01,15,LIFE,ナオト・インティライミ,https://www.billboard-japan.com/charts/detail?a=hot100&year=2014&month=10&day=06
2014,hot100,2014-10-01,16,プロブレム feat.イギー・アゼリア,アリアナ・グランデ,https://www.billboard-japan.com/charts/detail?a=hot100&year=2014&month=10&day=06
2014,hot100,2014-10-01,17,NOW ON AIR,赤い公園,https://www.billboard-japan.com/charts/detail?a=hot100&year=2014&month=10&day=06
2014,hot100,2014-10-01,18,マップス,マルーン5,https://www.billboard-japan.com/charts/detail?a=hot100&year=2014&month=10&day=06
2014,hot100,2014-10-01,19,THE REVOLUTION,EXILE TRIBE,https://www.billboard-japan.com/charts/detail?a=hot100&year=2014&month=10&day=06
2014,hot100,2014-10-01,20,ウェッサイ!!ガッサイ!!,LinQ,https://www.billboard-japan.com/charts/detail?a=hot100&year=2014&month=10&day=06
2014,hot100,2014-10-01,21,ザ・チェンバー,レニー・クラヴィッツ,https://www.billboard-japan.com/charts/detail?a=hot100&year=2014&month=10&day=06
2014,hot100,2014-10-01,22,Mighty Long Fall,ONE OK ROCK,https://www.billboard-japan.com/charts/detail?a=hot100&year=2014&month=10&day=06
2014,hot100,2014-10-01,23,本当の恋,May J.,https://www.billboard-japan.com/charts/detail?a=hot100&year=2014&month=10&day=06
2014,hot100,2014-10-01,24,ウィークエンダー,Hey!Say!JUMP,https://www.billboard-japan.com/charts/detail?a=hot100&year=2014&month=10&day=06
2014,hot100,2014-10-01,25,にじいろ,絢香,https://www.billboard-japan.com/charts/detail?a=hot100&year=2014&month=10&day=06
2014,hot100,2014-10-01,26,あなたを想う風,HY,https://www.billboard-japan.com/charts/detail?a=hot100&year=2014&month=10&day=06
2014,hot100,2014-10-01,27,ブレイク・フリー feat.ゼッド,アリアナ・グランデ,https://www.billboard-japan.com/charts/detail?a=hot100&year=2014&month=10&day=06
2014,hot100,2014-10-01,28,Mr.S-SAITEI DE SAIKOU NO OTOKO-,SMAP,https://www.billboard-japan.com/charts/detail?a=hot100&year=2014&month=10&day=06
2014,hot100,2014-10-01,29,You You,Superfly,https://www.billboard-japan.com/charts/detail?a=hot100&year=2014&month=10&day=06
2014,hot100,2014-10-01,30,さよならの向う側,徳永英明,https://www.billboard-japan.com/charts/detail?a=hot100&year=2014&month=10&day=06
2014,hot100,2014-10-01,31,"他人の関係 feat.SOIL &""PIMP""SESSIONS",一青窈,https://www.billboard-japan.com/charts/detail?a=hot100&year=2014&month=10&day=06
2014,hot100,2014-10-01,32,ハッピー,ファレル・ウィリアムス,https://www.billboard-japan.com/charts/detail?a=hot100&year=2014&month=10&day=06
2014,hot100,2014-10-01,33,LEO,tacica,https://www.billboard-japan.com/charts/detail?a=hot100&year=2014&month=10&day=06
2014,hot100,2014-10-01,34,希望の蕾,HR,https://www.billboard-japan.com/charts/detail?a=hot100&year=2014&month=10&day=06
2014,hot100,2014-10-01,35,ちょいときまぐれ渡り鳥,氷川きよし,https://www.billboard-japan.com/charts/detail?a=hot100&year=2014&month=10&day=06
2014,hot100,2014-10-01,36,静かな伝説(レジェンド),竹内まりや,https://www.billboard-japan.com/charts/detail?a=hot100&year=2014&month=10&day=06
2014,hot100,2014-10-01,37,世界が終わる夜,ACIDMAN,https://www.billboard-japan.com/charts/detail?a=hot100&year=2014&month=10&day=06
2014,hot100,2014-10-01,38,Perfect Night,I Don't Like Mondays.,https://www.billboard-japan.com/charts/detail?a=hot100&year=2014&month=10&day=06
2014,hot100,2014-10-01,39,生命の証,クイーン,https://www.billboard-japan.com/charts/detail?a=hot100&year=2014&month=10&day=06
2014,hot100,2014-10-01,40,Always with you,GENERATIONS from EXILE TRIBE,https://www.billboard-japan.com/charts/detail?a=hot100&year=2014&month=10&day=06
2014,hot100,2014-10-01,41,誰でもロンリー,YUKI,https://www.billboard-japan.com/charts/detail?a=hot100&year=2014&month=10&day=06
2014,hot100,2014-10-01,42,らしさ,SUPER BEAVER,https://www.billboard-japan.com/charts/detail?a=hot100&year=2014&month=10&day=06
2014,hot100,2014-10-01,43,俺たちのセレブレーション,ポルノグラフィティ,https://www.billboard-japan.com/charts/detail?a=hot100&year=2014&month=10&day=06
2014,hot100,2014-10-01,44,エニシング・ゴーズ,トニー・ベネット & レディー・ガガ,https://www.billboard-japan.com/charts/detail?a=hot100&year=2014&month=10&day=06
2014,hot100,2014-10-01,45,きゅるきゅる,大森靖子,https://www.billboard-japan.com/charts/detail?a=hot100&year=2014&month=10&day=06
2014,hot100,2014-10-01,46,日々,吉田山田,https://www.billboard-japan.com/charts/detail?a=hot100&year=2014&month=10&day=06
2014,hot100,2014-10-01,47,不可逆リプレイス,MY FIRST STORY,https://www.billboard-japan.com/charts/detail?a=hot100&year=2014&month=10&day=06
2014,hot100,2014-10-01,48,ロッカールーム-Go Hard or Go Home-,AK-69,https://www.billboard-japan.com/charts/detail?a=hot100&year=2014&month=10&day=06
2014,hot100,2014-10-01,49,冬子のブルース,増位山太志郎,https://www.billboard-japan.com/charts/detail?a=hot100&year=2014&month=10&day=06
2014,hot100,2014-10-01,50,JUGEMU,BugLug,https://www.billboard-japan.com/charts/detail?a=hot100&year=2014&month=10&day=06
2014,hot100,2014-10-01,51,ゲラゲラポーのうた,キング・クリームソーダ,https://www.billboard-japan.com/charts/detail?a=hot100&year=2014&month=10&day=06
2014,hot100,2014-10-01,52,想い出ブレイカー,Lead,https://www.billboard-japan.com/charts/detail?a=hot100&year=2014&month=10&day=06
2014,hot100,2014-10-01,53,unravel,TK from 凛として時雨,https://www.billboard-japan.com/charts/detail?a=hot100&year=2014&month=10&day=06
2014,hot100,2014-10-01,54,IGNITE,藍井エイル,https://www.billboard-japan.com/charts/detail?a=hot100&year=2014&month=10&day=06
2014,hot100,2014-10-01,55,夏のFree & Easy,乃木坂46,https://www.billboard-japan.com/charts/detail?a=hot100&year=2014&month=10&day=06
2014,hot100,2014-10-01,56,R.Y.U.S.E.I.,三代目 J Soul Brothers from EXILE TRIBE,https://www.billboard-japan.com/charts/detail?a=hot100&year=2014&month=10&day=06
2014,hot100,2014-10-01,57,猟奇的なキスを私にして,ゲスの極み乙女。,https://www.billboard-japan.com/charts/detail?a=hot100&year=2014&month=10&day=06
2014,hot100,2014-10-01,58,ミラクル,キンブラ,https://www.billboard-japan.com/charts/detail?a=hot100&year=2014&month=10&day=06
2014,hot100,2014-10-01,59,ブレイム feat.ジョン・ニューマン,カルヴィン・ハリス,https://www.billboard-japan.com/charts/detail?a=hot100&year=2014&month=10&day=06
2014,hot100,2014-10-01,60,真夏の夜の夢,放課後プリンセス,https://www.billboard-japan.com/charts/detail?a=hot100&year=2014&month=10&day=06
2014,hot100,2014-10-01,61,A/Z,SawanoHiroyuki[nZk],https://www.billboard-japan.com/charts/detail?a=hot100&year=2014&month=10&day=06
2014,hot100,2014-10-01,62,ザ・ミラクル(オブ・ジョーイ・ラモーン),U2,https://www.billboard-japan.com/charts/detail?a=hot100&year=2014&month=10&day=06
2014,hot100,2014-10-01,63,バン・バン,ジェシー・J + アリアナ・グランデ + ニッキー・ミナージュ,https://www.billboard-japan.com/charts/detail?a=hot100&year=2014&month=10&day=06
2014,hot100,2014-10-01,64,君じゃなきゃダメみたい,オーイシマサヨシ,https://www.billboard-japan.com/charts/detail?a=hot100&year=2014&month=10&day=06
2014,hot100,2014-10-01,65,I will,Chelsy,https://www.billboard-japan.com/charts/detail?a=hot100&year=2014&month=10&day=06
2014,hot100,2014-10-01,66,MEMENTO,BLUE ENCOUNT,https://www.billboard-japan.com/charts/detail?a=hot100&year=2014&month=10&day=06
2014,hot100,2014-10-01,67,アンモナイト!,ねごと,https://www.billboard-japan.com/charts/detail?a=hot100&year=2014&month=10&day=06
2014,hot100,2014-10-01,68,MAGIC MOTION NO.5,WHY@DOLL,https://www.billboard-japan.com/charts/detail?a=hot100&year=2014&month=10&day=06
2014,hot100,2014-10-01,69,オール・アバウト・ザット・ベース,メーガン・トレイナー,https://www.billboard-japan.com/charts/detail?a=hot100&year=2014&month=10&day=06
2014,hot100,2014-10-01,70,幸せな結末 with 松たか子,鈴木雅之,https://www.billboard-japan.com/charts/detail?a=hot100&year=2014&month=10&day=06
2014,hot100,2014-10-01,71,愛が叫んでる,ななみ,https://www.billboard-japan.com/charts/detail?a=hot100&year=2014&month=10&day=06
2014,hot100,2014-10-01,72,Sky Is Blue,Glider,https://www.billboard-japan.com/charts/detail?a=hot100&year=2014&month=10&day=06
2014,hot100,2014-10-01,73,Liberty & Gravity,くるり,https://www.billboard-japan.com/charts/detail?a=hot100&year=2014&month=10&day=06
2014,hot100,2014-10-01,74,終わりなき輪舞曲,C & K,https://www.billboard-japan.com/charts/detail?a=hot100&year=2014&month=10&day=06
2014,hot100,2014-10-01,75,花ハ踊レヤいろはにほ,"チーム""ハナヤマタ""",https://www.billboard-japan.com/charts/detail?a=hot100&year=2014&month=10&day=06
2014,hot100,2014-10-01,76,パズル,湘南乃風,https://www.billboard-japan.com/charts/detail?a=hot100&year=2014&month=10&day=06
2014,hot100,2014-10-01,77,Twilight,コブクロ,https://www.billboard-japan.com/charts/detail?a=hot100&year=2014&month=10&day=06
2014,hot100,2014-10-01,78,オドループ,フレデリック,https://www.billboard-japan.com/charts/detail?a=hot100&year=2014&month=10&day=06
2014,hot100,2014-10-01,79,TODAY IS A NEW DAY,木村カエラ,https://www.billboard-japan.com/charts/detail?a=hot100&year=2014&month=10&day=06
2014,hot100,2014-10-01,80,クラッシュ!,タヒチ 80,https://www.billboard-japan.com/charts/detail?a=hot100&year=2014&month=10&day=06
2014,hot100,2014-10-01,81,ダンス,アレクサンドラ・スタン,https://www.billboard-japan.com/charts/detail?a=hot100&year=2014&month=10&day=06
2014,hot100,2014-10-01,82,百花繚乱,GLAY,https://www.billboard-japan.com/charts/detail?a=hot100&year=2014&month=10&day=06
2014,hot100,2014-10-01,83,恋するフォーチュンクッキー,AKB48,https://www.billboard-japan.com/charts/detail?a=hot100&year=2014&month=10&day=06
2014,hot100,2014-10-01,84,何度目の青空か?,乃木坂46,https://www.billboard-japan.com/charts/detail?a=hot100&year=2014&month=10&day=06
2014,hot100,2014-10-01,85,LOVE AIN'T EASY,JAMOSA,https://www.billboard-japan.com/charts/detail?a=hot100&year=2014&month=10&day=06
2014,hot100,2014-10-01,86,抱きしめたい,EXILE TAKAHIRO,https://www.billboard-japan.com/charts/detail?a=hot100&year=2014&month=10&day=06
2014,hot100,2014-10-01,87,YOU...feat.仲宗根泉(HY),加藤ミリヤ,https://www.billboard-japan.com/charts/detail?a=hot100&year=2014&month=10&day=06
2014,hot100,2014-10-01,88,ふうらいぼうきょう,高橋直純,https://www.billboard-japan.com/charts/detail?a=hot100&year=2014&month=10&day=06
2014,hot100,2014-10-01,89,ウィー・アー・ヒア,アリシア・キーズ,https://www.billboard-japan.com/charts/detail?a=hot100&year=2014&month=10&day=06
2014,hot100,2014-10-01,90,太陽,ファンキー加藤,https://www.billboard-japan.com/charts/detail?a=hot100&year=2014&month=10&day=06
2014,hot100,2014-10-01,91,heavenly blue,Kalafina,https://www.billboard-japan.com/charts/detail?a=hot100&year=2014&month=10&day=06
2014,hot100,2014-10-01,92,Get Up!,中山優馬,https://www.billboard-japan.com/charts/detail?a=hot100&year=2014&month=10&day=06
2014,hot100,2014-10-01,93,RPG,SEKAI NO OWARI,https://www.billboard-japan.com/charts/detail?a=hot100&year=2014&month=10&day=06
2014,hot100,2014-10-01,94,世界は恋に落ちている,CHiCO with HoneyWorks,https://www.billboard-japan.com/charts/detail?a=hot100&year=2014&month=10&day=06
2014,hot100,2014-10-01,95,私たちは絶対に絶対にヨリを戻したりしない,テイラー・スウィフト,https://www.billboard-japan.com/charts/detail?a=hot100&year=2014&month=10&day=06
2014,hot100,2014-10-01,96,TRIP×TRICK,VALSHE,https://www.billboard-japan.com/charts/detail?a=hot100&year=2014&month=10&day=06
2014,hot100,2014-10-01,97,しあわせ feat.Ms.OOJA & SALU,SPICY CHOCOLATE,https://www.billboard-japan.com/charts/detail?a=hot100&year=2014&month=10&day=06
2014,hot100,2014-10-01,98,霧笛の宿,大月みやこ,https://www.billboard-japan.com/charts/detail?a=hot100&year=2014&month=10&day=06
2014,hot100,2014-10-01,99,aLIEz,SawanoHiroyuki[nZk],https://www.billboard-japan.com/charts/detail?a=hot100&year=2014&month=10&day=06
2014,hot100,2014-10-01,100,ケラケラじゃんけん,ケラケラ,https://www.billboard-japan.com/charts/detail?a=hot100&year=2014&month=10&day=06
2014,hot100,2014-10-08,1,男 never give up,Sexy Zone,https://www.billboard-japan.com/charts/detail?a=hot100&year=2014&month=10&day=13
2014,hot100,2014-10-08,2,心のプラカード,AKB48,https://www.billboard-japan.com/charts/detail?a=hot100&year=2014&month=10&day=13
2014,hot100,2014-10-08,3,よだかの星,Sound Horizon,https://www.billboard-japan.com/charts/detail?a=hot100&year=2014&month=10&day=13
2014,hot100,2014-10-08,4,Shangri-La Shower,μ's,https://www.billboard-japan.com/charts/detail?a=hot100&year=2014&month=10&day=13
2014,hot100,2014-10-08,5,思い出せない花,フレンチ・キス,https://www.billboard-japan.com/charts/detail?a=hot100&year=2014&month=10&day=13
2014,hot100,2014-10-08,6,Darling,西野カナ,https://www.billboard-japan.com/charts/detail?a=hot100&year=2014&month=10&day=13
2014,hot100,2014-10-08,7,ひまわりの約束,秦基博,https://www.billboard-japan.com/charts/detail?a=hot100&year=2014&month=10&day=13
2014,hot100,2014-10-08,8,ルード★それでも僕は結婚する,マジック!,https://www.billboard-japan.com/charts/detail?a=hot100&year=2014&month=10&day=13
2014,hot100,2014-10-08,9,ラストシーン,JUJU,https://www.billboard-japan.com/charts/detail?a=hot100&year=2014&month=10&day=13
2014,hot100,2014-10-08,10,ウソツキ,WHITE JAM,https://www.billboard-japan.com/charts/detail?a=hot100&year=2014&month=10&day=13
2014,hot100,2014-10-08,11,さよならの前に,AAA,https://www.billboard-japan.com/charts/detail?a=hot100&year=2014&month=10&day=13
2014,hot100,2014-10-08,12,東京VICTORY,サザンオールスターズ,https://www.billboard-japan.com/charts/detail?a=hot100&year=2014&month=10&day=13
2014,hot100,2014-10-08,13,控えめI love you!,HKT48,https://www.billboard-japan.com/charts/detail?a=hot100&year=2014&month=10&day=13
2014,hot100,2014-10-08,14,LIFE,ナオト・インティライミ,https://www.billboard-japan.com/charts/detail?a=hot100&year=2014&month=10&day=13
2014,hot100,2014-10-08,15,何度目の青空か?,乃木坂46,https://www.billboard-japan.com/charts/detail?a=hot100&year=2014&month=10&day=13
2014,hot100,2014-10-08,16,Highschool love,E-girls,https://www.billboard-japan.com/charts/detail?a=hot100&year=2014&month=10&day=13
2014,hot100,2014-10-08,17,背伸び,Juice=Juice,https://www.billboard-japan.com/charts/detail?a=hot100&year=2014&month=10&day=13
2014,hot100,2014-10-08,18,シェイク・イット・オフ,テイラー・スウィフト,https://www.billboard-japan.com/charts/detail?a=hot100&year=2014&month=10&day=13
2014,hot100,2014-10-08,19,抱きよせてTONIGHT,フェロ☆メン,https://www.billboard-japan.com/charts/detail?a=hot100&year=2014&month=10&day=13
2014,hot100,2014-10-08,20,スティール・マイ・ガール,ワン・ダイレクション,https://www.billboard-japan.com/charts/detail?a=hot100&year=2014&month=10&day=13
2014,hot100,2014-10-08,21,暁月夜-DAY BREAKERS-,GACKT,https://www.billboard-japan.com/charts/detail?a=hot100&year=2014&month=10&day=13
2014,hot100,2014-10-08,22,NOW ON AIR,赤い公園,https://www.billboard-japan.com/charts/detail?a=hot100&year=2014&month=10&day=13
2014,hot100,2014-10-08,23,ザ・チェンバー,レニー・クラヴィッツ,https://www.billboard-japan.com/charts/detail?a=hot100&year=2014&month=10&day=13
2014,hot100,2014-10-08,24,TODAY IS A NEW DAY,木村カエラ,https://www.billboard-japan.com/charts/detail?a=hot100&year=2014&month=10&day=13
2014,hot100,2014-10-08,25,革命への前奏曲,跡部景吾,https://www.billboard-japan.com/charts/detail?a=hot100&year=2014&month=10&day=13
2014,hot100,2014-10-08,26,愛が叫んでる,ななみ,https://www.billboard-japan.com/charts/detail?a=hot100&year=2014&month=10&day=13
2014,hot100,2014-10-08,27,Mighty Long Fall,ONE OK ROCK,https://www.billboard-japan.com/charts/detail?a=hot100&year=2014&month=10&day=13
2014,hot100,2014-10-08,28,ほほ笑みモード,花澤香菜,https://www.billboard-japan.com/charts/detail?a=hot100&year=2014&month=10&day=13
2014,hot100,2014-10-08,29,あなたを想う風,HY,https://www.billboard-japan.com/charts/detail?a=hot100&year=2014&month=10&day=13
2014,hot100,2014-10-08,30,にじいろ,絢香,https://www.billboard-japan.com/charts/detail?a=hot100&year=2014&month=10&day=13
2014,hot100,2014-10-08,31,You You,Superfly,https://www.billboard-japan.com/charts/detail?a=hot100&year=2014&month=10&day=13
2014,hot100,2014-10-08,32,プロブレム feat.イギー・アゼリア,アリアナ・グランデ,https://www.billboard-japan.com/charts/detail?a=hot100&year=2014&month=10&day=13
2014,hot100,2014-10-08,33,ミニスカート,AOA,https://www.billboard-japan.com/charts/detail?a=hot100&year=2014&month=10&day=13
2014,hot100,2014-10-08,34,マップス,マルーン5,https://www.billboard-japan.com/charts/detail?a=hot100&year=2014&month=10&day=13
2014,hot100,2014-10-08,35,ブレイク・フリー feat.ゼッド,アリアナ・グランデ,https://www.billboard-japan.com/charts/detail?a=hot100&year=2014&month=10&day=13
2014,hot100,2014-10-08,36,本当の恋,May J.,https://www.billboard-japan.com/charts/detail?a=hot100&year=2014&month=10&day=13
2014,hot100,2014-10-08,37,瞳に映らない,indigo la End,https://www.billboard-japan.com/charts/detail?a=hot100&year=2014&month=10&day=13
2014,hot100,2014-10-08,38,Bring It Down,三浦大知,https://www.billboard-japan.com/charts/detail?a=hot100&year=2014&month=10&day=13
2014,hot100,2014-10-08,39,量産型彼氏,SHISHAMO,https://www.billboard-japan.com/charts/detail?a=hot100&year=2014&month=10&day=13
2014,hot100,2014-10-08,40,Perfect Night,I Don't Like Mondays.,https://www.billboard-japan.com/charts/detail?a=hot100&year=2014&month=10&day=13
2014,hot100,2014-10-08,41,オール・アバウト・ザット・ベース,メーガン・トレイナー,https://www.billboard-japan.com/charts/detail?a=hot100&year=2014&month=10&day=13
2014,hot100,2014-10-08,42,ハッピー,ファレル・ウィリアムス,https://www.billboard-japan.com/charts/detail?a=hot100&year=2014&month=10&day=13
2014,hot100,2014-10-08,43,ウィークエンダー,Hey!Say!JUMP,https://www.billboard-japan.com/charts/detail?a=hot100&year=2014&month=10&day=13
2014,hot100,2014-10-08,44,THE REVOLUTION,EXILE TRIBE,https://www.billboard-japan.com/charts/detail?a=hot100&year=2014&month=10&day=13
2014,hot100,2014-10-08,45,Mr.S,SMAP,https://www.billboard-japan.com/charts/detail?a=hot100&year=2014&month=10&day=13
2014,hot100,2014-10-08,46,ありきたりな女,椎名林檎,https://www.billboard-japan.com/charts/detail?a=hot100&year=2014&month=10&day=13
2014,hot100,2014-10-08,47,愛をからだに吹き込んで,Superfly,https://www.billboard-japan.com/charts/detail?a=hot100&year=2014&month=10&day=13
2014,hot100,2014-10-08,48,エニシング・ゴーズ,トニー・ベネット & レディー・ガガ,https://www.billboard-japan.com/charts/detail?a=hot100&year=2014&month=10&day=13
2014,hot100,2014-10-08,49,夏色プレゼント,"あおい(井口裕香),ひなた(阿澄佳奈),かえで(日笠陽子),ここな(小倉唯)",https://www.billboard-japan.com/charts/detail?a=hot100&year=2014&month=10&day=13
2014,hot100,2014-10-08,50,"他人の関係 feat.SOIL &""PIMP""SESSIONS",一青窈,https://www.billboard-japan.com/charts/detail?a=hot100&year=2014&month=10&day=13
2014,hot100,2014-10-08,51,生命の証,クイーン,https://www.billboard-japan.com/charts/detail?a=hot100&year=2014&month=10&day=13
2014,hot100,2014-10-08,52,BE HERO,風男塾,https://www.billboard-japan.com/charts/detail?a=hot100&year=2014&month=10&day=13
2014,hot100,2014-10-08,53,アム・アイ・ロング,ニコ & ヴィンス,https://www.billboard-japan.com/charts/detail?a=hot100&year=2014&month=10&day=13
2014,hot100,2014-10-08,54,ゲラゲラポーのうた,キング・クリームソーダ,https://www.billboard-japan.com/charts/detail?a=hot100&year=2014&month=10&day=13
2014,hot100,2014-10-08,55,R.Y.U.S.E.I.,三代目 J Soul Brothers from EXILE TRIBE,https://www.billboard-japan.com/charts/detail?a=hot100&year=2014&month=10&day=13
2014,hot100,2014-10-08,56,バン・バン,ジェシー・J + アリアナ・グランデ + ニッキー・ミナージュ,https://www.billboard-japan.com/charts/detail?a=hot100&year=2014&month=10&day=13
2014,hot100,2014-10-08,57,HOWEVER,華原朋美,https://www.billboard-japan.com/charts/detail?a=hot100&year=2014&month=10&day=13
2014,hot100,2014-10-08,58,ちょいときまぐれ渡り鳥,氷川きよし,https://www.billboard-japan.com/charts/detail?a=hot100&year=2014&month=10&day=13
2014,hot100,2014-10-08,59,ウィー・アー・ヒア,アリシア・キーズ,https://www.billboard-japan.com/charts/detail?a=hot100&year=2014&month=10&day=13
2014,hot100,2014-10-08,60,静かな伝説(レジェンド),竹内まりや,https://www.billboard-japan.com/charts/detail?a=hot100&year=2014&month=10&day=13
2014,hot100,2014-10-08,61,君が僕を忘れないように僕が君をおぼえている,DEEN,https://www.billboard-japan.com/charts/detail?a=hot100&year=2014&month=10&day=13
2014,hot100,2014-10-08,62,誰でもロンリー,YUKI,https://www.billboard-japan.com/charts/detail?a=hot100&year=2014&month=10&day=13
2014,hot100,2014-10-08,63,LEO,tacica,https://www.billboard-japan.com/charts/detail?a=hot100&year=2014&month=10&day=13
2014,hot100,2014-10-08,64,ギフト,ET-KING,https://www.billboard-japan.com/charts/detail?a=hot100&year=2014&month=10&day=13
2014,hot100,2014-10-08,65,ボンバスティック!,Chu-Z,https://www.billboard-japan.com/charts/detail?a=hot100&year=2014&month=10&day=13
2014,hot100,2014-10-08,66,ロイヤル feat.リル・ウェイン & タイガ,クリス・ブラウン,https://www.billboard-japan.com/charts/detail?a=hot100&year=2014&month=10&day=13
2014,hot100,2014-10-08,67,ミラクル,キンブラ,https://www.billboard-japan.com/charts/detail?a=hot100&year=2014&month=10&day=13
2014,hot100,2014-10-08,68,猟奇的なキスを私にして,ゲスの極み乙女。,https://www.billboard-japan.com/charts/detail?a=hot100&year=2014&month=10&day=13
2014,hot100,2014-10-08,69,さよならの向う側,徳永英明,https://www.billboard-japan.com/charts/detail?a=hot100&year=2014&month=10&day=13
2014,hot100,2014-10-08,70,ジパング・おおきに大作戦,ジャニーズWEST,https://www.billboard-japan.com/charts/detail?a=hot100&year=2014&month=10&day=13
2014,hot100,2014-10-08,71,C.O.S.M.O.S.〜秋桜〜,三代目 J Soul Brothers from EXILE TRIBE,https://www.billboard-japan.com/charts/detail?a=hot100&year=2014&month=10&day=13
2014,hot100,2014-10-08,72,RPG,SEKAI NO OWARI,https://www.billboard-japan.com/charts/detail?a=hot100&year=2014&month=10&day=13
2014,hot100,2014-10-08,73,IGNITE,藍井エイル,https://www.billboard-japan.com/charts/detail?a=hot100&year=2014&month=10&day=13
2014,hot100,2014-10-08,74,ダンス,アレクサンドラ・スタン,https://www.billboard-japan.com/charts/detail?a=hot100&year=2014&month=10&day=13
2014,hot100,2014-10-08,75,終わりなき輪舞曲,C & K,https://www.billboard-japan.com/charts/detail?a=hot100&year=2014&month=10&day=13
2014,hot100,2014-10-08,76,衣替え feat.BONNIE PINK,tofubeats,https://www.billboard-japan.com/charts/detail?a=hot100&year=2014&month=10&day=13
2014,hot100,2014-10-08,77,熱情のスペクトラム,いきものがかり,https://www.billboard-japan.com/charts/detail?a=hot100&year=2014&month=10&day=13
2014,hot100,2014-10-08,78,私たちは絶対に絶対にヨリを戻したりしない,テイラー・スウィフト,https://www.billboard-japan.com/charts/detail?a=hot100&year=2014&month=10&day=13
2014,hot100,2014-10-08,79,日々,吉田山田,https://www.billboard-japan.com/charts/detail?a=hot100&year=2014&month=10&day=13
2014,hot100,2014-10-08,80,恋するフォーチュンクッキー,AKB48,https://www.billboard-japan.com/charts/detail?a=hot100&year=2014&month=10&day=13
2014,hot100,2014-10-08,81,素晴らしい世界,FLOWER FLOWER,https://www.billboard-japan.com/charts/detail?a=hot100&year=2014&month=10&day=13
2014,hot100,2014-10-08,82,ルナティック・キス,"菱田春草(KENN),泉鏡花(岡本信彦)",https://www.billboard-japan.com/charts/detail?a=hot100&year=2014&month=10&day=13
2014,hot100,2014-10-08,83,Plastic 2 Mercy,プラニメ,https://www.billboard-japan.com/charts/detail?a=hot100&year=2014&month=10&day=13
2014,hot100,2014-10-08,84,オドループ,フレデリック,https://www.billboard-japan.com/charts/detail?a=hot100&year=2014&month=10&day=13
2014,hot100,2014-10-08,85,LOVE AIN'T EASY,JAMOSA,https://www.billboard-japan.com/charts/detail?a=hot100&year=2014&month=10&day=13
2014,hot100,2014-10-08,86,unravel,TK from 凛として時雨,https://www.billboard-japan.com/charts/detail?a=hot100&year=2014&month=10&day=13
2014,hot100,2014-10-08,87,Sky Is Blue,Glider,https://www.billboard-japan.com/charts/detail?a=hot100&year=2014&month=10&day=13
2014,hot100,2014-10-08,88,バック・トゥ・ザ・シャック,ウィーザー,https://www.billboard-japan.com/charts/detail?a=hot100&year=2014&month=10&day=13
2014,hot100,2014-10-08,89,ブレイム feat.ジョン・ニューマン,カルヴィン・ハリス,https://www.billboard-japan.com/charts/detail?a=hot100&year=2014&month=10&day=13
2014,hot100,2014-10-08,90,Always with you,GENERATIONS from EXILE TRIBE,https://www.billboard-japan.com/charts/detail?a=hot100&year=2014&month=10&day=13
2014,hot100,2014-10-08,91,ザ・ミラクル(オブ・ジョーイ・ラモーン),U2,https://www.billboard-japan.com/charts/detail?a=hot100&year=2014&month=10&day=13
2014,hot100,2014-10-08,92,クラッシュ!,タヒチ 80,https://www.billboard-japan.com/charts/detail?a=hot100&year=2014&month=10&day=13
2014,hot100,2014-10-08,93,ケラケラじゃんけん,ケラケラ,https://www.billboard-japan.com/charts/detail?a=hot100&year=2014&month=10&day=13
2014,hot100,2014-10-08,94,百花繚乱,GLAY,https://www.billboard-japan.com/charts/detail?a=hot100&year=2014&month=10&day=13
2014,hot100,2014-10-08,95,A/Z,SawanoHiroyuki[nZk],https://www.billboard-japan.com/charts/detail?a=hot100&year=2014&month=10&day=13
2014,hot100,2014-10-08,96,刹那ハレーション,Luce Twinkle Wink☆,https://www.billboard-japan.com/charts/detail?a=hot100&year=2014&month=10&day=13
2014,hot100,2014-10-08,97,アリカナシカ,SAKANAMON,https://www.billboard-japan.com/charts/detail?a=hot100&year=2014&month=10&day=13
2014,hot100,2014-10-08,98,モノラルセカイ,スガシカオ,https://www.billboard-japan.com/charts/detail?a=hot100&year=2014&month=10&day=13
2014,hot100,2014-10-08,99,忘れられぬミュージック,ゆず/ももいろクローバーZ/back number/大原櫻子 & 松任谷由実,https://www.billboard-japan.com/charts/detail?a=hot100&year=2014&month=10&day=13
2014,hot100,2014-10-08,100,Don't Stop The Music feat.森高千里,tofubeats,https://www.billboard-japan.com/charts/detail?a=hot100&year=2014&month=10&day=13
2014,hot100,2014-10-15,1,何度目の青空か?,乃木坂46,https://www.billboard-japan.com/charts/detail?a=hot100&year=2014&month=10&day=20
2014,hot100,2014-10-15,2,ジパング・おおきに大作戦,ジャニーズWEST,https://www.billboard-japan.com/charts/detail?a=hot100&year=2014&month=10&day=20
2014,hot100,2014-10-15,3,心のプラカード,AKB48,https://www.billboard-japan.com/charts/detail?a=hot100&year=2014&month=10&day=20
2014,hot100,2014-10-15,4,Darling,西野カナ,https://www.billboard-japan.com/charts/detail?a=hot100&year=2014&month=10&day=20
2014,hot100,2014-10-15,5,VAMPIRE'S LOVE,VAMPS,https://www.billboard-japan.com/charts/detail?a=hot100&year=2014&month=10&day=20
2014,hot100,2014-10-15,6,I miss you feat.清水翔太,SPICY CHOCOLATE,https://www.billboard-japan.com/charts/detail?a=hot100&year=2014&month=10&day=20
2014,hot100,2014-10-15,7,ひまわりの約束,秦基博,https://www.billboard-japan.com/charts/detail?a=hot100&year=2014&month=10&day=20
2014,hot100,2014-10-15,8,ラストシーン,JUJU,https://www.billboard-japan.com/charts/detail?a=hot100&year=2014&month=10&day=20
2014,hot100,2014-10-15,9,愛が叫んでる,ななみ,https://www.billboard-japan.com/charts/detail?a=hot100&year=2014&month=10&day=20
2014,hot100,2014-10-15,10,YOUR STEP,山下智久,https://www.billboard-japan.com/charts/detail?a=hot100&year=2014&month=10&day=20
2014,hot100,2014-10-15,11,男 never give up,Sexy Zone,https://www.billboard-japan.com/charts/detail?a=hot100&year=2014&month=10&day=20
2014,hot100,2014-10-15,12,蓮の花,サカナクション,https://www.billboard-japan.com/charts/detail?a=hot100&year=2014&month=10&day=20
2014,hot100,2014-10-15,13,東京VICTORY,サザンオールスターズ,https://www.billboard-japan.com/charts/detail?a=hot100&year=2014&month=10&day=20
2014,hot100,2014-10-15,14,スティール・マイ・ガール,ワン・ダイレクション,https://www.billboard-japan.com/charts/detail?a=hot100&year=2014&month=10&day=20
2014,hot100,2014-10-15,15,シェイク・イット・オフ〜気にしてなんかいられないっ!!,テイラー・スウィフト,https://www.billboard-japan.com/charts/detail?a=hot100&year=2014&month=10&day=20
2014,hot100,2014-10-15,16,DISCOVERY,DIVA,https://www.billboard-japan.com/charts/detail?a=hot100&year=2014&month=10&day=20
2014,hot100,2014-10-15,17,アム・アイ・ロング,ニコ & ヴィンス,https://www.billboard-japan.com/charts/detail?a=hot100&year=2014&month=10&day=20
2014,hot100,2014-10-15,18,さよならの前に,AAA,https://www.billboard-japan.com/charts/detail?a=hot100&year=2014&month=10&day=20
2014,hot100,2014-10-15,19,Dragon Night,SEKAI NO OWARI,https://www.billboard-japan.com/charts/detail?a=hot100&year=2014&month=10&day=20
2014,hot100,2014-10-15,20,ルード★それでも僕は結婚する,マジック!,https://www.billboard-japan.com/charts/detail?a=hot100&year=2014&month=10&day=20
2014,hot100,2014-10-15,21,TODAY IS A NEW DAY,木村カエラ,https://www.billboard-japan.com/charts/detail?a=hot100&year=2014&month=10&day=20
2014,hot100,2014-10-15,22,ザ・デイズ,アヴィーチー,https://www.billboard-japan.com/charts/detail?a=hot100&year=2014&month=10&day=20
2014,hot100,2014-10-15,23,Highschool love,E-girls,https://www.billboard-japan.com/charts/detail?a=hot100&year=2014&month=10&day=20
2014,hot100,2014-10-15,24,本当の恋,May J.,https://www.billboard-japan.com/charts/detail?a=hot100&year=2014&month=10&day=20
2014,hot100,2014-10-15,25,思い出せない花,フレンチ・キス,https://www.billboard-japan.com/charts/detail?a=hot100&year=2014&month=10&day=20
2014,hot100,2014-10-15,26,LIFE,ナオト・インティライミ,https://www.billboard-japan.com/charts/detail?a=hot100&year=2014&month=10&day=20
2014,hot100,2014-10-15,27,純愛、故に性悪説,空想委員会,https://www.billboard-japan.com/charts/detail?a=hot100&year=2014&month=10&day=20
2014,hot100,2014-10-15,28,控えめI love you!,HKT48,https://www.billboard-japan.com/charts/detail?a=hot100&year=2014&month=10&day=20
2014,hot100,2014-10-15,29,ケラケラじゃんけん,ケラケラ,https://www.billboard-japan.com/charts/detail?a=hot100&year=2014&month=10&day=20
2014,hot100,2014-10-15,30,You You,Superfly,https://www.billboard-japan.com/charts/detail?a=hot100&year=2014&month=10&day=20
2014,hot100,2014-10-15,31,ウソツキ,WHITE JAM,https://www.billboard-japan.com/charts/detail?a=hot100&year=2014&month=10&day=20
2014,hot100,2014-10-15,32,愛をからだに吹き込んで,Superfly,https://www.billboard-japan.com/charts/detail?a=hot100&year=2014&month=10&day=20
2014,hot100,2014-10-15,33,オール・アバウト・ザット・ベース,メーガン・トレイナー,https://www.billboard-japan.com/charts/detail?a=hot100&year=2014&month=10&day=20
2014,hot100,2014-10-15,34,Mighty Long Fall,ONE OK ROCK,https://www.billboard-japan.com/charts/detail?a=hot100&year=2014&month=10&day=20
2014,hot100,2014-10-15,35,ブレイク・フリー feat.ゼッド,アリアナ・グランデ,https://www.billboard-japan.com/charts/detail?a=hot100&year=2014&month=10&day=20
2014,hot100,2014-10-15,36,C.O.S.M.O.S.〜秋桜〜,三代目 J Soul Brothers from EXILE TRIBE,https://www.billboard-japan.com/charts/detail?a=hot100&year=2014&month=10&day=20
2014,hot100,2014-10-15,37,ありがとう...,KUNI,https://www.billboard-japan.com/charts/detail?a=hot100&year=2014&month=10&day=20
2014,hot100,2014-10-15,38,モノラルセカイ,スガシカオ,https://www.billboard-japan.com/charts/detail?a=hot100&year=2014&month=10&day=20
2014,hot100,2014-10-15,39,クラウズ,プリンス,https://www.billboard-japan.com/charts/detail?a=hot100&year=2014&month=10&day=20
2014,hot100,2014-10-15,40,New Position,DA PUMP,https://www.billboard-japan.com/charts/detail?a=hot100&year=2014&month=10&day=20
2014,hot100,2014-10-15,41,あなたを想う風,HY,https://www.billboard-japan.com/charts/detail?a=hot100&year=2014&month=10&day=20
2014,hot100,2014-10-15,42,Shangri-La Shower,μ's,https://www.billboard-japan.com/charts/detail?a=hot100&year=2014&month=10&day=20
2014,hot100,2014-10-15,43,NOW ON AIR,赤い公園,https://www.billboard-japan.com/charts/detail?a=hot100&year=2014&month=10&day=20
2014,hot100,2014-10-15,44,プロブレム feat.イギー・アゼリア,アリアナ・グランデ,https://www.billboard-japan.com/charts/detail?a=hot100&year=2014&month=10&day=20
2014,hot100,2014-10-15,45,マップス,マルーン5,https://www.billboard-japan.com/charts/detail?a=hot100&year=2014&month=10&day=20
2014,hot100,2014-10-15,46,ありきたりな女,椎名林檎,https://www.billboard-japan.com/charts/detail?a=hot100&year=2014&month=10&day=20
2014,hot100,2014-10-15,47,ロイヤル feat.リル・ウェイン & タイガ,クリス・ブラウン,https://www.billboard-japan.com/charts/detail?a=hot100&year=2014&month=10&day=20
2014,hot100,2014-10-15,48,エニシング・ゴーズ,トニー・ベネット & レディー・ガガ,https://www.billboard-japan.com/charts/detail?a=hot100&year=2014&month=10&day=20
2014,hot100,2014-10-15,49,瞳に映らない,indigo la End,https://www.billboard-japan.com/charts/detail?a=hot100&year=2014&month=10&day=20
2014,hot100,2014-10-15,50,日々,吉田山田,https://www.billboard-japan.com/charts/detail?a=hot100&year=2014&month=10&day=20
2014,hot100,2014-10-15,51,ハッピー,ファレル・ウィリアムス,https://www.billboard-japan.com/charts/detail?a=hot100&year=2014&month=10&day=20
2014,hot100,2014-10-15,52,よだかの星,Sound Horizon,https://www.billboard-japan.com/charts/detail?a=hot100&year=2014&month=10&day=20
2014,hot100,2014-10-15,53,RPG,SEKAI NO OWARI,https://www.billboard-japan.com/charts/detail?a=hot100&year=2014&month=10&day=20
2014,hot100,2014-10-15,54,ザ・ミラクル(オブ・ジョーイ・ラモーン),U2,https://www.billboard-japan.com/charts/detail?a=hot100&year=2014&month=10&day=20
2014,hot100,2014-10-15,55,ウィー・アー・ヒア,アリシア・キーズ,https://www.billboard-japan.com/charts/detail?a=hot100&year=2014&month=10&day=20
2014,hot100,2014-10-15,56,キス・ミー・キス・ミー,ファイヴ・セカンズ・オブ・サマー,https://www.billboard-japan.com/charts/detail?a=hot100&year=2014&month=10&day=20
2014,hot100,2014-10-15,57,R.Y.U.S.E.I.,三代目 J Soul Brothers from EXILE TRIBE,https://www.billboard-japan.com/charts/detail?a=hot100&year=2014&month=10&day=20
2014,hot100,2014-10-15,58,ブレイム feat.ジョン・ニューマン,カルヴィン・ハリス,https://www.billboard-japan.com/charts/detail?a=hot100&year=2014&month=10&day=20
2014,hot100,2014-10-15,59,ゲラゲラポーのうた,キング・クリームソーダ,https://www.billboard-japan.com/charts/detail?a=hot100&year=2014&month=10&day=20
2014,hot100,2014-10-15,60,背伸び,Juice=Juice,https://www.billboard-japan.com/charts/detail?a=hot100&year=2014&month=10&day=20
2014,hot100,2014-10-15,61,雨の港町,キム・ヨンジャ,https://www.billboard-japan.com/charts/detail?a=hot100&year=2014&month=10&day=20
2014,hot100,2014-10-15,62,バン・バン,ジェシー・J + アリアナ・グランデ + ニッキー・ミナージュ,https://www.billboard-japan.com/charts/detail?a=hot100&year=2014&month=10&day=20
2014,hot100,2014-10-15,63,にじいろ,絢香,https://www.billboard-japan.com/charts/detail?a=hot100&year=2014&month=10&day=20
2014,hot100,2014-10-15,64,I don't know,Chara×韻シスト,https://www.billboard-japan.com/charts/detail?a=hot100&year=2014&month=10&day=20
2014,hot100,2014-10-15,65,MADNESS,CROSSFAITH,https://www.billboard-japan.com/charts/detail?a=hot100&year=2014&month=10&day=20
2014,hot100,2014-10-15,66,ウィークエンダー,Hey!Say!JUMP,https://www.billboard-japan.com/charts/detail?a=hot100&year=2014&month=10&day=20
2014,hot100,2014-10-15,67,ペロレラ・レボリューション,TarO & JirO,https://www.billboard-japan.com/charts/detail?a=hot100&year=2014&month=10&day=20
2014,hot100,2014-10-15,68,Perfect Night,I Don't Like Mondays.,https://www.billboard-japan.com/charts/detail?a=hot100&year=2014&month=10&day=20
2014,hot100,2014-10-15,69,誰でもロンリー,YUKI,https://www.billboard-japan.com/charts/detail?a=hot100&year=2014&month=10&day=20
2014,hot100,2014-10-15,70,HOWEVER,華原朋美,https://www.billboard-japan.com/charts/detail?a=hot100&year=2014&month=10&day=20
2014,hot100,2014-10-15,71,包帯男,R指定,https://www.billboard-japan.com/charts/detail?a=hot100&year=2014&month=10&day=20
2014,hot100,2014-10-15,72,NO WAY,THE BAWDIES,https://www.billboard-japan.com/charts/detail?a=hot100&year=2014&month=10&day=20
2014,hot100,2014-10-15,73,Spending all my time,Perfume,https://www.billboard-japan.com/charts/detail?a=hot100&year=2014&month=10&day=20
2014,hot100,2014-10-15,74,デジタルモグラ,ゲスの極み乙女。,https://www.billboard-japan.com/charts/detail?a=hot100&year=2014&month=10&day=20
2014,hot100,2014-10-15,75,ザ・チェンバー,レニー・クラヴィッツ,https://www.billboard-japan.com/charts/detail?a=hot100&year=2014&month=10&day=20
2014,hot100,2014-10-15,76,inトーキョーシティ,グッドモーニングアメリカ,https://www.billboard-japan.com/charts/detail?a=hot100&year=2014&month=10&day=20
2014,hot100,2014-10-15,77,秋の香り,ビッケブランカ,https://www.billboard-japan.com/charts/detail?a=hot100&year=2014&month=10&day=20
2014,hot100,2014-10-15,78,量産型彼氏,SHISHAMO,https://www.billboard-japan.com/charts/detail?a=hot100&year=2014&month=10&day=20
2014,hot100,2014-10-15,79,バック・トゥ・ザ・シャック,ウィーザー,https://www.billboard-japan.com/charts/detail?a=hot100&year=2014&month=10&day=20
2014,hot100,2014-10-15,80,ラザー・ビー feat.ジェス・グリン,クリーン・バンディット,https://www.billboard-japan.com/charts/detail?a=hot100&year=2014&month=10&day=20
2014,hot100,2014-10-15,81,アイ・ワナ・ゲット・ベター,ブリーチャーズ,https://www.billboard-japan.com/charts/detail?a=hot100&year=2014&month=10&day=20
2014,hot100,2014-10-15,82,ファンクンロール,プリンス,https://www.billboard-japan.com/charts/detail?a=hot100&year=2014&month=10&day=20
2014,hot100,2014-10-15,83,ちょいときまぐれ渡り鳥,氷川きよし,https://www.billboard-japan.com/charts/detail?a=hot100&year=2014&month=10&day=20
2014,hot100,2014-10-15,84,MUSEE & PEACE,M Dream's,https://www.billboard-japan.com/charts/detail?a=hot100&year=2014&month=10&day=20
2014,hot100,2014-10-15,85,バック・トゥ・アース feat.フォール・アウト・ボーイ,スティーヴ・アオキ,https://www.billboard-japan.com/charts/detail?a=hot100&year=2014&month=10&day=20
2014,hot100,2014-10-15,86,Stand by you,Large House Satisfaction,https://www.billboard-japan.com/charts/detail?a=hot100&year=2014&month=10&day=20
2014,hot100,2014-10-15,87,LIGHT,SPECIAL OTHERS ACOUSTIC,https://www.billboard-japan.com/charts/detail?a=hot100&year=2014&month=10&day=20
2014,hot100,2014-10-15,88,熱情のスペクトラム,いきものがかり,https://www.billboard-japan.com/charts/detail?a=hot100&year=2014&month=10&day=20
2014,hot100,2014-10-15,89,終わりなき輪舞曲,C & K,https://www.billboard-japan.com/charts/detail?a=hot100&year=2014&month=10&day=20
2014,hot100,2014-10-15,90,炎と森のカーニバル,SEKAI NO OWARI,https://www.billboard-japan.com/charts/detail?a=hot100&year=2014&month=10&day=20
2014,hot100,2014-10-15,91,SCARE,Angelo,https://www.billboard-japan.com/charts/detail?a=hot100&year=2014&month=10&day=20
2014,hot100,2014-10-15,92,衣替え feat.BONNIE PINK,tofubeats,https://www.billboard-japan.com/charts/detail?a=hot100&year=2014&month=10&day=20
2014,hot100,2014-10-15,93,オドループ,フレデリック,https://www.billboard-japan.com/charts/detail?a=hot100&year=2014&month=10&day=20
2014,hot100,2014-10-15,94,ダンス,アレクサンドラ・スタン,https://www.billboard-japan.com/charts/detail?a=hot100&year=2014&month=10&day=20
2014,hot100,2014-10-15,95,生まれてくれてありがとう,ファンタスマゴリック,https://www.billboard-japan.com/charts/detail?a=hot100&year=2014&month=10&day=20
2014,hot100,2014-10-15,96,Bring It Down,三浦大知,https://www.billboard-japan.com/charts/detail?a=hot100&year=2014&month=10&day=20
2014,hot100,2014-10-15,97,禁断のレジスタンス,水樹奈々,https://www.billboard-japan.com/charts/detail?a=hot100&year=2014&month=10&day=20
2014,hot100,2014-10-15,98,さよならの向う側,徳永英明,https://www.billboard-japan.com/charts/detail?a=hot100&year=2014&month=10&day=20
2014,hot100,2014-10-15,99,"他人の関係 feat.SOIL &""PIMP""SESSIONS",一青窈,https://www.billboard-japan.com/charts/detail?a=hot100&year=2014&month=10&day=20
2014,hot100,2014-10-15,100,ネバー・キャッチ・ミー feat.ケンドリック・ラマー,フライング・ロータス,https://www.billboard-japan.com/charts/detail?a=hot100&year=2014&month=10&day=20
2014,hot100,2014-10-22,1,言ったじゃないか,関ジャニ∞[エイト],https://www.billboard-japan.com/charts/detail?a=hot100&year=2014&month=10&day=27
2014,hot100,2014-10-22,2,C.O.S.M.O.S.〜秋桜〜,三代目 J Soul Brothers from EXILE TRIBE,https://www.billboard-japan.com/charts/detail?a=hot100&year=2014&month=10&day=27
2014,hot100,2014-10-22,3,Dragon Night,SEKAI NO OWARI,https://www.billboard-japan.com/charts/detail?a=hot100&year=2014&month=10&day=27
2014,hot100,2014-10-22,4,好き,西野カナ,https://www.billboard-japan.com/charts/detail?a=hot100&year=2014&month=10&day=27
2014,hot100,2014-10-22,5,禁断のレジスタンス,水樹奈々,https://www.billboard-japan.com/charts/detail?a=hot100&year=2014&month=10&day=27
2014,hot100,2014-10-22,6,熱情のスペクトラム,いきものがかり,https://www.billboard-japan.com/charts/detail?a=hot100&year=2014&month=10&day=27
2014,hot100,2014-10-22,7,TIKI BUN,モーニング娘。'14,https://www.billboard-japan.com/charts/detail?a=hot100&year=2014&month=10&day=27
2014,hot100,2014-10-22,8,何度目の青空か?,乃木坂46,https://www.billboard-japan.com/charts/detail?a=hot100&year=2014&month=10&day=27
2014,hot100,2014-10-22,9,百花繚乱,GLAY,https://www.billboard-japan.com/charts/detail?a=hot100&year=2014&month=10&day=27
2014,hot100,2014-10-22,10,Darling,西野カナ,https://www.billboard-japan.com/charts/detail?a=hot100&year=2014&month=10&day=27
2014,hot100,2014-10-22,11,ひまわりの約束,秦基博,https://www.billboard-japan.com/charts/detail?a=hot100&year=2014&month=10&day=27
2014,hot100,2014-10-22,12,ラストシーン,JUJU,https://www.billboard-japan.com/charts/detail?a=hot100&year=2014&month=10&day=27
2014,hot100,2014-10-22,13,To The Light,FTISLAND,https://www.billboard-japan.com/charts/detail?a=hot100&year=2014&month=10&day=27
2014,hot100,2014-10-22,14,心のプラカード,AKB48,https://www.billboard-japan.com/charts/detail?a=hot100&year=2014&month=10&day=27
2014,hot100,2014-10-22,15,ジパング・おおきに大作戦,ジャニーズWEST,https://www.billboard-japan.com/charts/detail?a=hot100&year=2014&month=10&day=27
2014,hot100,2014-10-22,16,蓮の花,サカナクション,https://www.billboard-japan.com/charts/detail?a=hot100&year=2014&month=10&day=27
2014,hot100,2014-10-22,17,愛が叫んでる,ななみ,https://www.billboard-japan.com/charts/detail?a=hot100&year=2014&month=10&day=27
2014,hot100,2014-10-22,18,I miss you feat.清水翔太,SPICY CHOCOLATE,https://www.billboard-japan.com/charts/detail?a=hot100&year=2014&month=10&day=27
2014,hot100,2014-10-22,19,シェイク・イット・オフ〜気にしてなんかいられないっ!!,テイラー・スウィフト,https://www.billboard-japan.com/charts/detail?a=hot100&year=2014&month=10&day=27
2014,hot100,2014-10-22,20,AROUND THE WORLD,GOT7,https://www.billboard-japan.com/charts/detail?a=hot100&year=2014&month=10&day=27
2014,hot100,2014-10-22,21,アム・アイ・ロング,ニコ & ヴィンス,https://www.billboard-japan.com/charts/detail?a=hot100&year=2014&month=10&day=27
2014,hot100,2014-10-22,22,デジタルモグラ,ゲスの極み乙女。,https://www.billboard-japan.com/charts/detail?a=hot100&year=2014&month=10&day=27
2014,hot100,2014-10-22,23,愛をからだに吹き込んで,Superfly,https://www.billboard-japan.com/charts/detail?a=hot100&year=2014&month=10&day=27
2014,hot100,2014-10-22,24,"world's end, girl's rondo",分島花音,https://www.billboard-japan.com/charts/detail?a=hot100&year=2014&month=10&day=27
2014,hot100,2014-10-22,25,YOUR STEP,山下智久,https://www.billboard-japan.com/charts/detail?a=hot100&year=2014&month=10&day=27
2014,hot100,2014-10-22,26,疾走れ!ミライ,GLAY,https://www.billboard-japan.com/charts/detail?a=hot100&year=2014&month=10&day=27
2014,hot100,2014-10-22,27,楽園の翼,黒崎真音,https://www.billboard-japan.com/charts/detail?a=hot100&year=2014&month=10&day=27
2014,hot100,2014-10-22,28,ザ・デイズ,アヴィーチー,https://www.billboard-japan.com/charts/detail?a=hot100&year=2014&month=10&day=27
2014,hot100,2014-10-22,29,東京VICTORY,サザンオールスターズ,https://www.billboard-japan.com/charts/detail?a=hot100&year=2014&month=10&day=27
2014,hot100,2014-10-22,30,スティール・マイ・ガール,ワン・ダイレクション,https://www.billboard-japan.com/charts/detail?a=hot100&year=2014&month=10&day=27
2014,hot100,2014-10-22,31,さよならの前に,AAA,https://www.billboard-japan.com/charts/detail?a=hot100&year=2014&month=10&day=27
2014,hot100,2014-10-22,32,明日へのLast Race,山崎宗介(細谷佳正),https://www.billboard-japan.com/charts/detail?a=hot100&year=2014&month=10&day=27
2014,hot100,2014-10-22,33,ルード★それでも僕は結婚する,マジック!,https://www.billboard-japan.com/charts/detail?a=hot100&year=2014&month=10&day=27
2014,hot100,2014-10-22,34,齧りかけの林檎,竹達彩奈,https://www.billboard-japan.com/charts/detail?a=hot100&year=2014&month=10&day=27
2014,hot100,2014-10-22,35,Highschool love,E-girls,https://www.billboard-japan.com/charts/detail?a=hot100&year=2014&month=10&day=27
2014,hot100,2014-10-22,36,You You,Superfly,https://www.billboard-japan.com/charts/detail?a=hot100&year=2014&month=10&day=27
2014,hot100,2014-10-22,37,マップス,マルーン5,https://www.billboard-japan.com/charts/detail?a=hot100&year=2014&month=10&day=27
2014,hot100,2014-10-22,38,RPG,SEKAI NO OWARI,https://www.billboard-japan.com/charts/detail?a=hot100&year=2014&month=10&day=27
2014,hot100,2014-10-22,39,本当の恋,May J.,https://www.billboard-japan.com/charts/detail?a=hot100&year=2014&month=10&day=27
2014,hot100,2014-10-22,40,MOMO'S BEAT,御子柴百太郎(鈴村健一),https://www.billboard-japan.com/charts/detail?a=hot100&year=2014&month=10&day=27
2014,hot100,2014-10-22,41,TODAY IS A NEW DAY,木村カエラ,https://www.billboard-japan.com/charts/detail?a=hot100&year=2014&month=10&day=27
2014,hot100,2014-10-22,42,オール・アバウト・ザット・ベース,メーガン・トレイナー,https://www.billboard-japan.com/charts/detail?a=hot100&year=2014&month=10&day=27
2014,hot100,2014-10-22,43,LIFE,ナオト・インティライミ,https://www.billboard-japan.com/charts/detail?a=hot100&year=2014&month=10&day=27
2014,hot100,2014-10-22,44,あなたを想う風,HY,https://www.billboard-japan.com/charts/detail?a=hot100&year=2014&month=10&day=27
2014,hot100,2014-10-22,45,アコガレStarting Block!!,似鳥愛一郎(宮田幸季),https://www.billboard-japan.com/charts/detail?a=hot100&year=2014&month=10&day=27
2014,hot100,2014-10-22,46,涙がきえるなら,いきものがかり,https://www.billboard-japan.com/charts/detail?a=hot100&year=2014&month=10&day=27
2014,hot100,2014-10-22,47,モノラルセカイ,スガシカオ,https://www.billboard-japan.com/charts/detail?a=hot100&year=2014&month=10&day=27
2014,hot100,2014-10-22,48,ペロレラ・レボリューション,TarO & JirO,https://www.billboard-japan.com/charts/detail?a=hot100&year=2014&month=10&day=27
2014,hot100,2014-10-22,49,MONSTER DANCE,KEYTALK,https://www.billboard-japan.com/charts/detail?a=hot100&year=2014&month=10&day=27
2014,hot100,2014-10-22,50,プロブレム feat.イギー・アゼリア,アリアナ・グランデ,https://www.billboard-japan.com/charts/detail?a=hot100&year=2014&month=10&day=27
2014,hot100,2014-10-22,51,男 never give up,Sexy Zone,https://www.billboard-japan.com/charts/detail?a=hot100&year=2014&month=10&day=27
2014,hot100,2014-10-22,52,inトーキョーシティ,グッドモーニングアメリカ,https://www.billboard-japan.com/charts/detail?a=hot100&year=2014&month=10&day=27
2014,hot100,2014-10-22,53,ありがとう...,KUNI,https://www.billboard-japan.com/charts/detail?a=hot100&year=2014&month=10&day=27
2014,hot100,2014-10-22,54,R.Y.U.S.E.I.,三代目 J Soul Brothers from EXILE TRIBE,https://www.billboard-japan.com/charts/detail?a=hot100&year=2014&month=10&day=27
2014,hot100,2014-10-22,55,VAMPIRE'S LOVE,VAMPS,https://www.billboard-japan.com/charts/detail?a=hot100&year=2014&month=10&day=27
2014,hot100,2014-10-22,56,ブレイク・フリー feat.ゼッド,アリアナ・グランデ,https://www.billboard-japan.com/charts/detail?a=hot100&year=2014&month=10&day=27
2014,hot100,2014-10-22,57,Glory,三代目 J Soul Brothers from EXILE TRIBE,https://www.billboard-japan.com/charts/detail?a=hot100&year=2014&month=10&day=27
2014,hot100,2014-10-22,58,にじいろ,絢香,https://www.billboard-japan.com/charts/detail?a=hot100&year=2014&month=10&day=27
2014,hot100,2014-10-22,59,Stand by you,Large House Satisfaction,https://www.billboard-japan.com/charts/detail?a=hot100&year=2014&month=10&day=27
2014,hot100,2014-10-22,60,控えめI love you!,HKT48,https://www.billboard-japan.com/charts/detail?a=hot100&year=2014&month=10&day=27
2014,hot100,2014-10-22,61,ゲラゲラポーのうた,キング・クリームソーダ,https://www.billboard-japan.com/charts/detail?a=hot100&year=2014&month=10&day=27
2014,hot100,2014-10-22,62,ウソツキ,WHITE JAM,https://www.billboard-japan.com/charts/detail?a=hot100&year=2014&month=10&day=27
2014,hot100,2014-10-22,63,RAIN,竹原ピストル,https://www.billboard-japan.com/charts/detail?a=hot100&year=2014&month=10&day=27
2014,hot100,2014-10-22,64,バック・トゥ・ザ・シャック,ウィーザー,https://www.billboard-japan.com/charts/detail?a=hot100&year=2014&month=10&day=27
2014,hot100,2014-10-22,65,キス・ミー・キス・ミー,ファイヴ・セカンズ・オブ・サマー,https://www.billboard-japan.com/charts/detail?a=hot100&year=2014&month=10&day=27
2014,hot100,2014-10-22,66,The Glory Days,Tia,https://www.billboard-japan.com/charts/detail?a=hot100&year=2014&month=10&day=27
2014,hot100,2014-10-22,67,ザ・バーズ・オブ・セント・マークス,ジャクソン・ブラウン,https://www.billboard-japan.com/charts/detail?a=hot100&year=2014&month=10&day=27
2014,hot100,2014-10-22,68,ありきたりな女,椎名林檎,https://www.billboard-japan.com/charts/detail?a=hot100&year=2014&month=10&day=27
2014,hot100,2014-10-22,69,瞳に映らない,indigo la End,https://www.billboard-japan.com/charts/detail?a=hot100&year=2014&month=10&day=27
2014,hot100,2014-10-22,70,純愛、故に性悪説,空想委員会,https://www.billboard-japan.com/charts/detail?a=hot100&year=2014&month=10&day=27
2014,hot100,2014-10-22,71,L.A.ラヴ(ラ・ラ),ファーギー,https://www.billboard-japan.com/charts/detail?a=hot100&year=2014&month=10&day=27
2014,hot100,2014-10-22,72,あたしの向こう,aiko,https://www.billboard-japan.com/charts/detail?a=hot100&year=2014&month=10&day=27
2014,hot100,2014-10-22,73,日々,吉田山田,https://www.billboard-japan.com/charts/detail?a=hot100&year=2014&month=10&day=27
2014,hot100,2014-10-22,74,ウィークエンダー,Hey!Say!JUMP,https://www.billboard-japan.com/charts/detail?a=hot100&year=2014&month=10&day=27
2014,hot100,2014-10-22,75,思い出せない花,フレンチ・キス,https://www.billboard-japan.com/charts/detail?a=hot100&year=2014&month=10&day=27
2014,hot100,2014-10-22,76,ブレイム feat.ジョン・ニューマン,カルヴィン・ハリス,https://www.billboard-japan.com/charts/detail?a=hot100&year=2014&month=10&day=27
2014,hot100,2014-10-22,77,Freedom Express,JiLL-Decoy association,https://www.billboard-japan.com/charts/detail?a=hot100&year=2014&month=10&day=27
2014,hot100,2014-10-22,78,Mighty Long Fall,ONE OK ROCK,https://www.billboard-japan.com/charts/detail?a=hot100&year=2014&month=10&day=27
2014,hot100,2014-10-22,79,ケラケラじゃんけん,ケラケラ,https://www.billboard-japan.com/charts/detail?a=hot100&year=2014&month=10&day=27
2014,hot100,2014-10-22,80,ザ・ミラクル(オブ・ジョーイ・ラモーン),U2,https://www.billboard-japan.com/charts/detail?a=hot100&year=2014&month=10&day=27
2014,hot100,2014-10-22,81,恋するフォーチュンクッキー,AKB48,https://www.billboard-japan.com/charts/detail?a=hot100&year=2014&month=10&day=27
2014,hot100,2014-10-22,82,秋の香り,ビッケブランカ,https://www.billboard-japan.com/charts/detail?a=hot100&year=2014&month=10&day=27
2014,hot100,2014-10-22,83,キャスリーン,キャットフィッシュ・アンド・ザ・ボトルメン,https://www.billboard-japan.com/charts/detail?a=hot100&year=2014&month=10&day=27
2014,hot100,2014-10-22,84,ハッピー,ファレル・ウィリアムス,https://www.billboard-japan.com/charts/detail?a=hot100&year=2014&month=10&day=27
2014,hot100,2014-10-22,85,炎と森のカーニバル,SEKAI NO OWARI,https://www.billboard-japan.com/charts/detail?a=hot100&year=2014&month=10&day=27
2014,hot100,2014-10-22,86,Mr.S-SAITEI DE SAIKOU NO OTOKO-,SMAP,https://www.billboard-japan.com/charts/detail?a=hot100&year=2014&month=10&day=27
2014,hot100,2014-10-22,87,"他人の関係 feat.SOIL &""PIMP""SESSIONS",一青窈,https://www.billboard-japan.com/charts/detail?a=hot100&year=2014&month=10&day=27
2014,hot100,2014-10-22,88,Shangri-La Shower,μ's,https://www.billboard-japan.com/charts/detail?a=hot100&year=2014&month=10&day=27
2014,hot100,2014-10-22,89,猟奇的なキスを私にして,ゲスの極み乙女。,https://www.billboard-japan.com/charts/detail?a=hot100&year=2014&month=10&day=27
2014,hot100,2014-10-22,90,エニシング・ゴーズ,トニー・ベネット & レディー・ガガ,https://www.billboard-japan.com/charts/detail?a=hot100&year=2014&month=10&day=27
2014,hot100,2014-10-22,91,ロイヤル feat.リル・ウェイン & タイガ,クリス・ブラウン,https://www.billboard-japan.com/charts/detail?a=hot100&year=2014&month=10&day=27
2014,hot100,2014-10-22,92,NOW ON AIR,赤い公園,https://www.billboard-japan.com/charts/detail?a=hot100&year=2014&month=10&day=27
2014,hot100,2014-10-22,93,ウィー・アー・ヒア,アリシア・キーズ,https://www.billboard-japan.com/charts/detail?a=hot100&year=2014&month=10&day=27
2014,hot100,2014-10-22,94,霧笛の宿,大月みやこ,https://www.billboard-japan.com/charts/detail?a=hot100&year=2014&month=10&day=27
2014,hot100,2014-10-22,95,ラザー・ビー feat.ジェス・グリン,クリーン・バンディット,https://www.billboard-japan.com/charts/detail?a=hot100&year=2014&month=10&day=27
2014,hot100,2014-10-22,96,背伸び,Juice=Juice,https://www.billboard-japan.com/charts/detail?a=hot100&year=2014&month=10&day=27
2014,hot100,2014-10-22,97,Empty,セカイイチ,https://www.billboard-japan.com/charts/detail?a=hot100&year=2014&month=10&day=27
2014,hot100,2014-10-22,98,ザ・チェンバー,レニー・クラヴィッツ,https://www.billboard-japan.com/charts/detail?a=hot100&year=2014&month=10&day=27
2014,hot100,2014-10-22,99,バン・バン,ジェシー・J + アリアナ・グランデ + ニッキー・ミナージュ,https://www.billboard-japan.com/charts/detail?a=hot100&year=2014&month=10&day=27
2014,hot100,2014-10-22,100,パンダにバナナ,Cocco,https://www.billboard-japan.com/charts/detail?a=hot100&year=2014&month=10&day=27
2014,hot100,2014-10-29,1,Sky's The Limit,V6,https://www.billboard-japan.com/charts/detail?a=hot100&year=2014&month=11&day=03
2014,hot100,2014-10-29,2,Dragon Night,SEKAI NO OWARI,https://www.billboard-japan.com/charts/detail?a=hot100&year=2014&month=11&day=03
2014,hot100,2014-10-29,3,INCUBUS,Acid Black Cherry,https://www.billboard-japan.com/charts/detail?a=hot100&year=2014&month=11&day=03
2014,hot100,2014-10-29,4,AROUND THE WORLD,GOT7,https://www.billboard-japan.com/charts/detail?a=hot100&year=2014&month=11&day=03
2014,hot100,2014-10-29,5,C.O.S.M.O.S.〜秋桜〜,三代目 J Soul Brothers from EXILE TRIBE,https://www.billboard-japan.com/charts/detail?a=hot100&year=2014&month=11&day=03
2014,hot100,2014-10-29,6,NoNoNo,Apink,https://www.billboard-japan.com/charts/detail?a=hot100&year=2014&month=11&day=03
2014,hot100,2014-10-29,7,好き,西野カナ,https://www.billboard-japan.com/charts/detail?a=hot100&year=2014&month=11&day=03
2014,hot100,2014-10-29,8,言ったじゃないか,関ジャニ∞[エイト],https://www.billboard-japan.com/charts/detail?a=hot100&year=2014&month=11&day=03
2014,hot100,2014-10-29,9,The One,EXILE SHOKICHI,https://www.billboard-japan.com/charts/detail?a=hot100&year=2014&month=11&day=03
2014,hot100,2014-10-29,10,TODAY IS A NEW DAY,木村カエラ,https://www.billboard-japan.com/charts/detail?a=hot100&year=2014&month=11&day=03
2014,hot100,2014-10-29,11,熱情のスペクトラム,いきものがかり,https://www.billboard-japan.com/charts/detail?a=hot100&year=2014&month=11&day=03
2014,hot100,2014-10-29,12,ideal white,綾野ましろ,https://www.billboard-japan.com/charts/detail?a=hot100&year=2014&month=11&day=03
2014,hot100,2014-10-29,13,シェイク・イット・オフ〜気にしてなんかいられないっ!!,テイラー・スウィフト,https://www.billboard-japan.com/charts/detail?a=hot100&year=2014&month=11&day=03
2014,hot100,2014-10-29,14,何度目の青空か?,乃木坂46,https://www.billboard-japan.com/charts/detail?a=hot100&year=2014&month=11&day=03
2014,hot100,2014-10-29,15,R.Y.U.S.E.I.,三代目 J Soul Brothers from EXILE TRIBE,https://www.billboard-japan.com/charts/detail?a=hot100&year=2014&month=11&day=03
2014,hot100,2014-10-29,16,禁断のレジスタンス,水樹奈々,https://www.billboard-japan.com/charts/detail?a=hot100&year=2014&month=11&day=03
2014,hot100,2014-10-29,17,ひまわりの約束,秦基博,https://www.billboard-japan.com/charts/detail?a=hot100&year=2014&month=11&day=03
2014,hot100,2014-10-29,18,ギミー!レボリューション,内田真礼,https://www.billboard-japan.com/charts/detail?a=hot100&year=2014&month=11&day=03
2014,hot100,2014-10-29,19,エクストラ・マジック・アワー,AKINO with bless4,https://www.billboard-japan.com/charts/detail?a=hot100&year=2014&month=11&day=03
2014,hot100,2014-10-29,20,Darling,西野カナ,https://www.billboard-japan.com/charts/detail?a=hot100&year=2014&month=11&day=03
2014,hot100,2014-10-29,21,心のプラカード,AKB48,https://www.billboard-japan.com/charts/detail?a=hot100&year=2014&month=11&day=03
2014,hot100,2014-10-29,22,デジタルモグラ,ゲスの極み乙女。,https://www.billboard-japan.com/charts/detail?a=hot100&year=2014&month=11&day=03
2014,hot100,2014-10-29,23,MONSTER DANCE,KEYTALK,https://www.billboard-japan.com/charts/detail?a=hot100&year=2014&month=11&day=03
2014,hot100,2014-10-29,24,それぞれ歩き出そう,阿部真央,https://www.billboard-japan.com/charts/detail?a=hot100&year=2014&month=11&day=03
2014,hot100,2014-10-29,25,アム・アイ・ロング,ニコ & ヴィンス,https://www.billboard-japan.com/charts/detail?a=hot100&year=2014&month=11&day=03
2014,hot100,2014-10-29,26,inトーキョーシティ,グッドモーニングアメリカ,https://www.billboard-japan.com/charts/detail?a=hot100&year=2014&month=11&day=03
2014,hot100,2014-10-29,27,ペロレラ・レボリューション,TarO & JirO,https://www.billboard-japan.com/charts/detail?a=hot100&year=2014&month=11&day=03
2014,hot100,2014-10-29,28,蓮の花,サカナクション,https://www.billboard-japan.com/charts/detail?a=hot100&year=2014&month=11&day=03
2014,hot100,2014-10-29,29,ラストシーン,JUJU,https://www.billboard-japan.com/charts/detail?a=hot100&year=2014&month=11&day=03
2014,hot100,2014-10-29,30,モノラルセカイ,スガシカオ,https://www.billboard-japan.com/charts/detail?a=hot100&year=2014&month=11&day=03
2014,hot100,2014-10-29,31,I miss you feat.清水翔太,SPICY CHOCOLATE,https://www.billboard-japan.com/charts/detail?a=hot100&year=2014&month=11&day=03
2014,hot100,2014-10-29,32,TIKI BUN,モーニング娘。'14,https://www.billboard-japan.com/charts/detail?a=hot100&year=2014&month=11&day=03
2014,hot100,2014-10-29,33,ザ・デイズ,アヴィーチー,https://www.billboard-japan.com/charts/detail?a=hot100&year=2014&month=11&day=03
2014,hot100,2014-10-29,34,RAIN,竹原ピストル,https://www.billboard-japan.com/charts/detail?a=hot100&year=2014&month=11&day=03
2014,hot100,2014-10-29,35,THE REVOLUTION,EXILE TRIBE,https://www.billboard-japan.com/charts/detail?a=hot100&year=2014&month=11&day=03
2014,hot100,2014-10-29,36,あたしの向こう,aiko,https://www.billboard-japan.com/charts/detail?a=hot100&year=2014&month=11&day=03
2014,hot100,2014-10-29,37,ルード★それでも僕は結婚する,マジック!,https://www.billboard-japan.com/charts/detail?a=hot100&year=2014&month=11&day=03
2014,hot100,2014-10-29,38,She is WANNABE!,GALETTe,https://www.billboard-japan.com/charts/detail?a=hot100&year=2014&month=11&day=03
2014,hot100,2014-10-29,39,さよならの前に,AAA,https://www.billboard-japan.com/charts/detail?a=hot100&year=2014&month=11&day=03
2014,hot100,2014-10-29,40,東京VICTORY,サザンオールスターズ,https://www.billboard-japan.com/charts/detail?a=hot100&year=2014&month=11&day=03
2014,hot100,2014-10-29,41,Zero-G,嵐,https://www.billboard-japan.com/charts/detail?a=hot100&year=2014&month=11&day=03
2014,hot100,2014-10-29,42,You You,Superfly,https://www.billboard-japan.com/charts/detail?a=hot100&year=2014&month=11&day=03
2014,hot100,2014-10-29,43,MAGIC,SEKAI NO OWARI,https://www.billboard-japan.com/charts/detail?a=hot100&year=2014&month=11&day=03
2014,hot100,2014-10-29,44,RPG,SEKAI NO OWARI,https://www.billboard-japan.com/charts/detail?a=hot100&year=2014&month=11&day=03
2014,hot100,2014-10-29,45,スティール・マイ・ガール,ワン・ダイレクション,https://www.billboard-japan.com/charts/detail?a=hot100&year=2014&month=11&day=03
2014,hot100,2014-10-29,46,愛をからだに吹き込んで,Superfly,https://www.billboard-japan.com/charts/detail?a=hot100&year=2014&month=11&day=03
2014,hot100,2014-10-29,47,どうしようか?,Nissy,https://www.billboard-japan.com/charts/detail?a=hot100&year=2014&month=11&day=03
2014,hot100,2014-10-29,48,ジパング・おおきに大作戦,ジャニーズWEST,https://www.billboard-japan.com/charts/detail?a=hot100&year=2014&month=11&day=03
2014,hot100,2014-10-29,49,VAMPIRE'S LOVE,VAMPS,https://www.billboard-japan.com/charts/detail?a=hot100&year=2014&month=11&day=03
2014,hot100,2014-10-29,50,猟奇的なキスを私にして,ゲスの極み乙女。,https://www.billboard-japan.com/charts/detail?a=hot100&year=2014&month=11&day=03
2014,hot100,2014-10-29,51,百花繚乱,GLAY,https://www.billboard-japan.com/charts/detail?a=hot100&year=2014&month=11&day=03
2014,hot100,2014-10-29,52,ハッピー,ファレル・ウィリアムス,https://www.billboard-japan.com/charts/detail?a=hot100&year=2014&month=11&day=03
2014,hot100,2014-10-29,53,神様のイジ悪,CANDY GO!GO!,https://www.billboard-japan.com/charts/detail?a=hot100&year=2014&month=11&day=03
2014,hot100,2014-10-29,54,ザ・ミラクル(オブ・ジョーイ・ラモーン),U2,https://www.billboard-japan.com/charts/detail?a=hot100&year=2014&month=11&day=03
2014,hot100,2014-10-29,55,オール・アバウト・ザット・ベース,メーガン・トレイナー,https://www.billboard-japan.com/charts/detail?a=hot100&year=2014&month=11&day=03
2014,hot100,2014-10-29,56,愛が叫んでる,ななみ,https://www.billboard-japan.com/charts/detail?a=hot100&year=2014&month=11&day=03
2014,hot100,2014-10-29,57,パパママ,一青窈,https://www.billboard-japan.com/charts/detail?a=hot100&year=2014&month=11&day=03
2014,hot100,2014-10-29,58,日々,吉田山田,https://www.billboard-japan.com/charts/detail?a=hot100&year=2014&month=11&day=03
2014,hot100,2014-10-29,59,プロブレム feat.イギー・アゼリア,アリアナ・グランデ,https://www.billboard-japan.com/charts/detail?a=hot100&year=2014&month=11&day=03
2014,hot100,2014-10-29,60,Freedom Express,JiLL-Decoy association,https://www.billboard-japan.com/charts/detail?a=hot100&year=2014&month=11&day=03
2014,hot100,2014-10-29,61,本当の恋,May J.,https://www.billboard-japan.com/charts/detail?a=hot100&year=2014&month=11&day=03
2014,hot100,2014-10-29,62,あなたを想う風,HY,https://www.billboard-japan.com/charts/detail?a=hot100&year=2014&month=11&day=03
2014,hot100,2014-10-29,63,LIFE,ナオト・インティライミ,https://www.billboard-japan.com/charts/detail?a=hot100&year=2014&month=11&day=03
2014,hot100,2014-10-29,64,ブレイク・フリー feat.ゼッド,アリアナ・グランデ,https://www.billboard-japan.com/charts/detail?a=hot100&year=2014&month=11&day=03
2014,hot100,2014-10-29,65,Baby's on Fire,電気グルーヴ,https://www.billboard-japan.com/charts/detail?a=hot100&year=2014&month=11&day=03
2014,hot100,2014-10-29,66,ツインテール・ドリーマー!,"ツインテイルズ(上坂すみれ,相坂優歌,赤崎千夏)",https://www.billboard-japan.com/charts/detail?a=hot100&year=2014&month=11&day=03
2014,hot100,2014-10-29,67,エレメンタリオで会いましょう!,BRILLIANT4,https://www.billboard-japan.com/charts/detail?a=hot100&year=2014&month=11&day=03
2014,hot100,2014-10-29,68,放課後ハイファイブ,Little Glee Monster,https://www.billboard-japan.com/charts/detail?a=hot100&year=2014&month=11&day=03
2014,hot100,2014-10-29,69,Stand by you,Large House Satisfaction,https://www.billboard-japan.com/charts/detail?a=hot100&year=2014&month=11&day=03
2014,hot100,2014-10-29,70,マップス,マルーン5,https://www.billboard-japan.com/charts/detail?a=hot100&year=2014&month=11&day=03
2014,hot100,2014-10-29,71,楽園の翼,黒崎真音,https://www.billboard-japan.com/charts/detail?a=hot100&year=2014&month=11&day=03
2014,hot100,2014-10-29,72,北の孤愁,山本譲二,https://www.billboard-japan.com/charts/detail?a=hot100&year=2014&month=11&day=03
2014,hot100,2014-10-29,73,恋するフォーチュンクッキー,AKB48,https://www.billboard-japan.com/charts/detail?a=hot100&year=2014&month=11&day=03
2014,hot100,2014-10-29,74,ロング・クラブ,ザ・ティン・ティンズ,https://www.billboard-japan.com/charts/detail?a=hot100&year=2014&month=11&day=03
2014,hot100,2014-10-29,75,Le jour,佐藤聡美,https://www.billboard-japan.com/charts/detail?a=hot100&year=2014&month=11&day=03
2014,hot100,2014-10-29,76,ありきたりな女,椎名林檎,https://www.billboard-japan.com/charts/detail?a=hot100&year=2014&month=11&day=03
2014,hot100,2014-10-29,77,Highschool love,E-girls,https://www.billboard-japan.com/charts/detail?a=hot100&year=2014&month=11&day=03
2014,hot100,2014-10-29,78,"他人の関係 feat.SOIL &""PIMP""SESSIONS",一青窈,https://www.billboard-japan.com/charts/detail?a=hot100&year=2014&month=11&day=03
2014,hot100,2014-10-29,79,"ナルバキスン(Look at me,Gwisun)",D-LITE(from BIGBANG),https://www.billboard-japan.com/charts/detail?a=hot100&year=2014&month=11&day=03
2014,hot100,2014-10-29,80,ゲラゲラポーのうた,キング・クリームソーダ,https://www.billboard-japan.com/charts/detail?a=hot100&year=2014&month=11&day=03
2014,hot100,2014-10-29,81,炎と森のカーニバル,SEKAI NO OWARI,https://www.billboard-japan.com/charts/detail?a=hot100&year=2014&month=11&day=03
2014,hot100,2014-10-29,82,キャスリーン,キャットフィッシュ・アンド・ザ・ボトルメン,https://www.billboard-japan.com/charts/detail?a=hot100&year=2014&month=11&day=03
2014,hot100,2014-10-29,83,ray,BUMP OF CHICKEN,https://www.billboard-japan.com/charts/detail?a=hot100&year=2014&month=11&day=03
2014,hot100,2014-10-29,84,イェーイ,SEBASTIAN X,https://www.billboard-japan.com/charts/detail?a=hot100&year=2014&month=11&day=03
2014,hot100,2014-10-29,85,控えめI love you!,HKT48,https://www.billboard-japan.com/charts/detail?a=hot100&year=2014&month=11&day=03
2014,hot100,2014-10-29,86,ありがとう...,KUNI,https://www.billboard-japan.com/charts/detail?a=hot100&year=2014&month=11&day=03
2014,hot100,2014-10-29,87,疾走れ!ミライ,GLAY,https://www.billboard-japan.com/charts/detail?a=hot100&year=2014&month=11&day=03
2014,hot100,2014-10-29,88,にじいろ,絢香,https://www.billboard-japan.com/charts/detail?a=hot100&year=2014&month=11&day=03
2014,hot100,2014-10-29,89,"world's end, girl's rondo",分島花音,https://www.billboard-japan.com/charts/detail?a=hot100&year=2014&month=11&day=03
2014,hot100,2014-10-29,90,エニシング・ゴーズ,トニー・ベネット & レディー・ガガ,https://www.billboard-japan.com/charts/detail?a=hot100&year=2014&month=11&day=03
2014,hot100,2014-10-29,91,Mighty Long Fall,ONE OK ROCK,https://www.billboard-japan.com/charts/detail?a=hot100&year=2014&month=11&day=03
2014,hot100,2014-10-29,92,バン・バン,ジェシー・J + アリアナ・グランデ + ニッキー・ミナージュ,https://www.billboard-japan.com/charts/detail?a=hot100&year=2014&month=11&day=03
2014,hot100,2014-10-29,93,Wonderful Wonder World*,Yun*chi,https://www.billboard-japan.com/charts/detail?a=hot100&year=2014&month=11&day=03
2014,hot100,2014-10-29,94,イン・ザ・ヒート・オブ・ザ・モーメント,ノエル・ギャラガーズ・ハイ・フライング・バーズ,https://www.billboard-japan.com/charts/detail?a=hot100&year=2014&month=11&day=03
2014,hot100,2014-10-29,95,GUTS!,嵐,https://www.billboard-japan.com/charts/detail?a=hot100&year=2014&month=11&day=03
2014,hot100,2014-10-29,96,スターライトパレード,SEKAI NO OWARI,https://www.billboard-japan.com/charts/detail?a=hot100&year=2014&month=11&day=03
2014,hot100,2014-10-29,97,冬かもめ,松川未樹,https://www.billboard-japan.com/charts/detail?a=hot100&year=2014&month=11&day=03
2014,hot100,2014-10-29,98,BF,moumoon,https://www.billboard-japan.com/charts/detail?a=hot100&year=2014&month=11&day=03
2014,hot100,2014-10-29,99,ラストスパート,AJI,https://www.billboard-japan.com/charts/detail?a=hot100&year=2014&month=11&day=03
2014,hot100,2014-10-29,100,TOKYOエレクトリックパレード,DOG inThePWO,https://www.billboard-japan.com/charts/detail?a=hot100&year=2014&month=11&day=03
2014,hot100,2014-11-05,1,祭り囃子でゲラゲラポー,キング・クリームソーダ,https://www.billboard-japan.com/charts/detail?a=hot100&year=2014&month=11&day=10
2014,hot100,2014-11-05,2,Dragon Night,SEKAI NO OWARI,https://www.billboard-japan.com/charts/detail?a=hot100&year=2014&month=11&day=10
2014,hot100,2014-11-05,3,ダン・ダン ドゥビ・ズバー!,Dream5 + ブリー隊長,https://www.billboard-japan.com/charts/detail?a=hot100&year=2014&month=11&day=10
2014,hot100,2014-11-05,4,さよならはエモーション,サカナクション,https://www.billboard-japan.com/charts/detail?a=hot100&year=2014&month=11&day=10
2014,hot100,2014-11-05,5,シェイク・イット・オフ〜気にしてなんかいられないっ!!,テイラー・スウィフト,https://www.billboard-japan.com/charts/detail?a=hot100&year=2014&month=11&day=10
2014,hot100,2014-11-05,6,Precious Love,EXILE ATSUSHI,https://www.billboard-japan.com/charts/detail?a=hot100&year=2014&month=11&day=10
2014,hot100,2014-11-05,7,ひまわりの約束,秦基博,https://www.billboard-japan.com/charts/detail?a=hot100&year=2014&month=11&day=10
2014,hot100,2014-11-05,8,好き,西野カナ,https://www.billboard-japan.com/charts/detail?a=hot100&year=2014&month=11&day=10
2014,hot100,2014-11-05,9,麦の唄,中島みゆき,https://www.billboard-japan.com/charts/detail?a=hot100&year=2014&month=11&day=10
2014,hot100,2014-11-05,10,C.O.S.M.O.S.〜秋桜〜,三代目 J Soul Brothers from EXILE TRIBE,https://www.billboard-japan.com/charts/detail?a=hot100&year=2014&month=11&day=10
2014,hot100,2014-11-05,11,BLAZING,GARNiDELiA,https://www.billboard-japan.com/charts/detail?a=hot100&year=2014&month=11&day=10
2014,hot100,2014-11-05,12,Happiness,シェネル,https://www.billboard-japan.com/charts/detail?a=hot100&year=2014&month=11&day=10
2014,hot100,2014-11-05,13,デジタルモグラ,ゲスの極み乙女。,https://www.billboard-japan.com/charts/detail?a=hot100&year=2014&month=11&day=10
2014,hot100,2014-11-05,14,熱情のスペクトラム,いきものがかり,https://www.billboard-japan.com/charts/detail?a=hot100&year=2014&month=11&day=10
2014,hot100,2014-11-05,15,Darling,西野カナ,https://www.billboard-japan.com/charts/detail?a=hot100&year=2014&month=11&day=10
2014,hot100,2014-11-05,16,心のプラカード,AKB48,https://www.billboard-japan.com/charts/detail?a=hot100&year=2014&month=11&day=10
2014,hot100,2014-11-05,17,TODAY IS A NEW DAY,木村カエラ,https://www.billboard-japan.com/charts/detail?a=hot100&year=2014&month=11&day=10
2014,hot100,2014-11-05,18,蓮の花,サカナクション,https://www.billboard-japan.com/charts/detail?a=hot100&year=2014&month=11&day=10
2014,hot100,2014-11-05,19,くやしいけど大事な人,剛力彩芽,https://www.billboard-japan.com/charts/detail?a=hot100&year=2014&month=11&day=10
2014,hot100,2014-11-05,20,言ったじゃないか,関ジャニ∞[エイト],https://www.billboard-japan.com/charts/detail?a=hot100&year=2014&month=11&day=10
2014,hot100,2014-11-05,21,放課後ハイファイブ,Little Glee Monster,https://www.billboard-japan.com/charts/detail?a=hot100&year=2014&month=11&day=10
2014,hot100,2014-11-05,22,アイ・ウォント・レット・ユー・ダウン,OK GO,https://www.billboard-japan.com/charts/detail?a=hot100&year=2014&month=11&day=10
2014,hot100,2014-11-05,23,何度目の青空か?,乃木坂46,https://www.billboard-japan.com/charts/detail?a=hot100&year=2014&month=11&day=10
2014,hot100,2014-11-05,24,こころとあたま,チャットモンチー,https://www.billboard-japan.com/charts/detail?a=hot100&year=2014&month=11&day=10
2014,hot100,2014-11-05,25,ペロレラ・レボリューション,TarO & JirO,https://www.billboard-japan.com/charts/detail?a=hot100&year=2014&month=11&day=10
2014,hot100,2014-11-05,26,INCUBUS,Acid Black Cherry,https://www.billboard-japan.com/charts/detail?a=hot100&year=2014&month=11&day=10
2014,hot100,2014-11-05,27,禁断のレジスタンス,水樹奈々,https://www.billboard-japan.com/charts/detail?a=hot100&year=2014&month=11&day=10
2014,hot100,2014-11-05,28,ideal white,綾野ましろ,https://www.billboard-japan.com/charts/detail?a=hot100&year=2014&month=11&day=10
2014,hot100,2014-11-05,29,AROUND THE WORLD,GOT7,https://www.billboard-japan.com/charts/detail?a=hot100&year=2014&month=11&day=10
2014,hot100,2014-11-05,30,凛麗,喜多村英梨,https://www.billboard-japan.com/charts/detail?a=hot100&year=2014&month=11&day=10
2014,hot100,2014-11-05,31,ルード★それでも僕は結婚する,マジック!,https://www.billboard-japan.com/charts/detail?a=hot100&year=2014&month=11&day=10
2014,hot100,2014-11-05,32,Welcome!!DISCOけもけもけ,"コックリさん(小野大輔),狗神(櫻井孝宏)&信楽(中田譲治)",https://www.billboard-japan.com/charts/detail?a=hot100&year=2014&month=11&day=10
2014,hot100,2014-11-05,33,The One,EXILE SHOKICHI,https://www.billboard-japan.com/charts/detail?a=hot100&year=2014&month=11&day=10
2014,hot100,2014-11-05,34,PRIDE,lyrical school,https://www.billboard-japan.com/charts/detail?a=hot100&year=2014&month=11&day=10
2014,hot100,2014-11-05,35,会いたい,Tritops*,https://www.billboard-japan.com/charts/detail?a=hot100&year=2014&month=11&day=10
2014,hot100,2014-11-05,36,アム・アイ・ロング,ニコ & ヴィンス,https://www.billboard-japan.com/charts/detail?a=hot100&year=2014&month=11&day=10
2014,hot100,2014-11-05,37,エクストラ・マジック・アワー,AKINO with bless4,https://www.billboard-japan.com/charts/detail?a=hot100&year=2014&month=11&day=10
2014,hot100,2014-11-05,38,スティール・マイ・ガール,ワン・ダイレクション,https://www.billboard-japan.com/charts/detail?a=hot100&year=2014&month=11&day=10
2014,hot100,2014-11-05,39,Sky's The Limit,V6,https://www.billboard-japan.com/charts/detail?a=hot100&year=2014&month=11&day=10
2014,hot100,2014-11-05,40,さよならの前に,AAA,https://www.billboard-japan.com/charts/detail?a=hot100&year=2014&month=11&day=10
2014,hot100,2014-11-05,41,RPG,SEKAI NO OWARI,https://www.billboard-japan.com/charts/detail?a=hot100&year=2014&month=11&day=10
2014,hot100,2014-11-05,42,ラストシーン,JUJU,https://www.billboard-japan.com/charts/detail?a=hot100&year=2014&month=11&day=10
2014,hot100,2014-11-05,43,ザ・デイズ,アヴィーチー,https://www.billboard-japan.com/charts/detail?a=hot100&year=2014&month=11&day=10
2014,hot100,2014-11-05,44,それぞれ歩き出そう,阿部真央,https://www.billboard-japan.com/charts/detail?a=hot100&year=2014&month=11&day=10
2014,hot100,2014-11-05,45,ロング・クラブ,ザ・ティン・ティンズ,https://www.billboard-japan.com/charts/detail?a=hot100&year=2014&month=11&day=10
2014,hot100,2014-11-05,46,ギミー!レボリューション,内田真礼,https://www.billboard-japan.com/charts/detail?a=hot100&year=2014&month=11&day=10
2014,hot100,2014-11-05,47,あたしの向こう,aiko,https://www.billboard-japan.com/charts/detail?a=hot100&year=2014&month=11&day=10
2014,hot100,2014-11-05,48,足音〜Be Strong,Mr.Children,https://www.billboard-japan.com/charts/detail?a=hot100&year=2014&month=11&day=10
2014,hot100,2014-11-05,49,You You,Superfly,https://www.billboard-japan.com/charts/detail?a=hot100&year=2014&month=11&day=10
2014,hot100,2014-11-05,50,ゲラゲラポーのうた,キング・クリームソーダ,https://www.billboard-japan.com/charts/detail?a=hot100&year=2014&month=11&day=10
2014,hot100,2014-11-05,51,Freedom Express,JiLL-Decoy association,https://www.billboard-japan.com/charts/detail?a=hot100&year=2014&month=11&day=10
2014,hot100,2014-11-05,52,RAIN,竹原ピストル,https://www.billboard-japan.com/charts/detail?a=hot100&year=2014&month=11&day=10
2014,hot100,2014-11-05,53,ブレイク・フリー feat.ゼッド,アリアナ・グランデ,https://www.billboard-japan.com/charts/detail?a=hot100&year=2014&month=11&day=10
2014,hot100,2014-11-05,54,希望的リフレイン,AKB48,https://www.billboard-japan.com/charts/detail?a=hot100&year=2014&month=11&day=10
2014,hot100,2014-11-05,55,7-SEVEN-,FLOW×GRANRODEO,https://www.billboard-japan.com/charts/detail?a=hot100&year=2014&month=11&day=10
2014,hot100,2014-11-05,56,"ナルバキスン(Look at me,Gwisun)",D-LITE(from BIGBANG),https://www.billboard-japan.com/charts/detail?a=hot100&year=2014&month=11&day=10
2014,hot100,2014-11-05,57,inトーキョーシティ,グッドモーニングアメリカ,https://www.billboard-japan.com/charts/detail?a=hot100&year=2014&month=11&day=10
2014,hot100,2014-11-05,58,愛をからだに吹き込んで,Superfly,https://www.billboard-japan.com/charts/detail?a=hot100&year=2014&month=11&day=10
2014,hot100,2014-11-05,59,Baby's on Fire,電気グルーヴ,https://www.billboard-japan.com/charts/detail?a=hot100&year=2014&month=11&day=10
2014,hot100,2014-11-05,60,東京VICTORY,サザンオールスターズ,https://www.billboard-japan.com/charts/detail?a=hot100&year=2014&month=11&day=10
2014,hot100,2014-11-05,61,VAMPIRE'S LOVE,VAMPS,https://www.billboard-japan.com/charts/detail?a=hot100&year=2014&month=11&day=10
2014,hot100,2014-11-05,62,Stargazer,Larval Stage Planning,https://www.billboard-japan.com/charts/detail?a=hot100&year=2014&month=11&day=10
2014,hot100,2014-11-05,63,日々,吉田山田,https://www.billboard-japan.com/charts/detail?a=hot100&year=2014&month=11&day=10
2014,hot100,2014-11-05,64,R.Y.U.S.E.I.,三代目 J Soul Brothers from EXILE TRIBE,https://www.billboard-japan.com/charts/detail?a=hot100&year=2014&month=11&day=10
2014,hot100,2014-11-05,65,ハッピー,ファレル・ウィリアムス,https://www.billboard-japan.com/charts/detail?a=hot100&year=2014&month=11&day=10
2014,hot100,2014-11-05,66,愛が叫んでる,ななみ,https://www.billboard-japan.com/charts/detail?a=hot100&year=2014&month=11&day=10
2014,hot100,2014-11-05,67,Silly,家入レオ,https://www.billboard-japan.com/charts/detail?a=hot100&year=2014&month=11&day=10
2014,hot100,2014-11-05,68,猟奇的なキスを私にして,ゲスの極み乙女。,https://www.billboard-japan.com/charts/detail?a=hot100&year=2014&month=11&day=10
2014,hot100,2014-11-05,69,オール・アバウト・ザット・ベース,メーガン・トレイナー,https://www.billboard-japan.com/charts/detail?a=hot100&year=2014&month=11&day=10
2014,hot100,2014-11-05,70,TIKI BUN,モーニング娘。'14,https://www.billboard-japan.com/charts/detail?a=hot100&year=2014&month=11&day=10
2014,hot100,2014-11-05,71,BF,moumoon,https://www.billboard-japan.com/charts/detail?a=hot100&year=2014&month=11&day=10
2014,hot100,2014-11-05,72,NoNoNo,Apink,https://www.billboard-japan.com/charts/detail?a=hot100&year=2014&month=11&day=10
2014,hot100,2014-11-05,73,デンジャラス,ルーマー,https://www.billboard-japan.com/charts/detail?a=hot100&year=2014&month=11&day=10
2014,hot100,2014-11-05,74,ブレイム feat.ジョン・ニューマン,カルヴィン・ハリス,https://www.billboard-japan.com/charts/detail?a=hot100&year=2014&month=11&day=10
2014,hot100,2014-11-05,75,BRIGHTER DAY,安室奈美恵,https://www.billboard-japan.com/charts/detail?a=hot100&year=2014&month=11&day=10
2014,hot100,2014-11-05,76,サムシング・フロム・ナッシング,フー・ファイターズ,https://www.billboard-japan.com/charts/detail?a=hot100&year=2014&month=11&day=10
2014,hot100,2014-11-05,77,Stand by you,Large House Satisfaction,https://www.billboard-japan.com/charts/detail?a=hot100&year=2014&month=11&day=10
2014,hot100,2014-11-05,78,ケラケラじゃんけん,ケラケラ,https://www.billboard-japan.com/charts/detail?a=hot100&year=2014&month=11&day=10
2014,hot100,2014-11-05,79,炎と森のカーニバル,SEKAI NO OWARI,https://www.billboard-japan.com/charts/detail?a=hot100&year=2014&month=11&day=10
2014,hot100,2014-11-05,80,ウェルカム・トゥ・ニューヨーク,テイラー・スウィフト,https://www.billboard-japan.com/charts/detail?a=hot100&year=2014&month=11&day=10
2014,hot100,2014-11-05,81,夢ってどんな色してるの,渡辺美里,https://www.billboard-japan.com/charts/detail?a=hot100&year=2014&month=11&day=10
2014,hot100,2014-11-05,82,キャスリーン,キャットフィッシュ・アンド・ザ・ボトルメン,https://www.billboard-japan.com/charts/detail?a=hot100&year=2014&month=11&day=10
2014,hot100,2014-11-05,83,マップス,マルーン5,https://www.billboard-japan.com/charts/detail?a=hot100&year=2014&month=11&day=10
2014,hot100,2014-11-05,84,プロブレム feat.イギー・アゼリア,アリアナ・グランデ,https://www.billboard-japan.com/charts/detail?a=hot100&year=2014&month=11&day=10
2014,hot100,2014-11-05,85,スリラー,マイケル・ジャクソン,https://www.billboard-japan.com/charts/detail?a=hot100&year=2014&month=11&day=10
2014,hot100,2014-11-05,86,にじいろ,絢香,https://www.billboard-japan.com/charts/detail?a=hot100&year=2014&month=11&day=10
2014,hot100,2014-11-05,87,ありきたりな女,椎名林檎,https://www.billboard-japan.com/charts/detail?a=hot100&year=2014&month=11&day=10
2014,hot100,2014-11-05,88,Highschool love,E-girls,https://www.billboard-japan.com/charts/detail?a=hot100&year=2014&month=11&day=10
2014,hot100,2014-11-05,89,楽園の翼,黒崎真音,https://www.billboard-japan.com/charts/detail?a=hot100&year=2014&month=11&day=10
2014,hot100,2014-11-05,90,ザ・ミラクル(オブ・ジョーイ・ラモーン),U2,https://www.billboard-japan.com/charts/detail?a=hot100&year=2014&month=11&day=10
2014,hot100,2014-11-05,91,艶歌船,細川たかし,https://www.billboard-japan.com/charts/detail?a=hot100&year=2014&month=11&day=10
2014,hot100,2014-11-05,92,スターライトパレード,SEKAI NO OWARI,https://www.billboard-japan.com/charts/detail?a=hot100&year=2014&month=11&day=10
2014,hot100,2014-11-05,93,私たちは絶対に絶対にヨリを戻したりしない,テイラー・スウィフト,https://www.billboard-japan.com/charts/detail?a=hot100&year=2014&month=11&day=10
2014,hot100,2014-11-05,94,あなたを想う風,HY,https://www.billboard-japan.com/charts/detail?a=hot100&year=2014&month=11&day=10
2014,hot100,2014-11-05,95,I miss you feat.清水翔太,SPICY CHOCOLATE,https://www.billboard-japan.com/charts/detail?a=hot100&year=2014&month=11&day=10
2014,hot100,2014-11-05,96,MONSTER DANCE,KEYTALK,https://www.billboard-japan.com/charts/detail?a=hot100&year=2014&month=11&day=10
2014,hot100,2014-11-05,97,GOLDEN GIRL,いきものがかり,https://www.billboard-japan.com/charts/detail?a=hot100&year=2014&month=11&day=10
2014,hot100,2014-11-05,98,LIFE,ナオト・インティライミ,https://www.billboard-japan.com/charts/detail?a=hot100&year=2014&month=11&day=10
2014,hot100,2014-11-05,99,ジパング・おおきに大作戦,ジャニーズWEST,https://www.billboard-japan.com/charts/detail?a=hot100&year=2014&month=11&day=10
2014,hot100,2014-11-05,100,ロマンティック東京,はやぶさ,https://www.billboard-japan.com/charts/detail?a=hot100&year=2014&month=11&day=10
2014,hot100,2014-11-12,1,Time Works Wonders,東方神起,https://www.billboard-japan.com/charts/detail?a=hot100&year=2014&month=11&day=17
2014,hot100,2014-11-12,2,らしくない,NMB48,https://www.billboard-japan.com/charts/detail?a=hot100&year=2014&month=11&day=17
2014,hot100,2014-11-12,3,Dragon Night,SEKAI NO OWARI,https://www.billboard-japan.com/charts/detail?a=hot100&year=2014&month=11&day=17
2014,hot100,2014-11-12,4,シェイク・イット・オフ〜気にしてなんかいられないっ!!,テイラー・スウィフト,https://www.billboard-japan.com/charts/detail?a=hot100&year=2014&month=11&day=17
2014,hot100,2014-11-12,5,Enigmatic Feeling,凛として時雨,https://www.billboard-japan.com/charts/detail?a=hot100&year=2014&month=11&day=17
2014,hot100,2014-11-12,6,ワン・ウーマン・ショー〜甘い幻〜,ポルノグラフィティ,https://www.billboard-japan.com/charts/detail?a=hot100&year=2014&month=11&day=17
2014,hot100,2014-11-12,7,好き,西野カナ,https://www.billboard-japan.com/charts/detail?a=hot100&year=2014&month=11&day=17
2014,hot100,2014-11-12,8,ひまわりの約束,秦基博,https://www.billboard-japan.com/charts/detail?a=hot100&year=2014&month=11&day=17
2014,hot100,2014-11-12,9,Happiness,シェネル,https://www.billboard-japan.com/charts/detail?a=hot100&year=2014&month=11&day=17
2014,hot100,2014-11-12,10,AROUND THE WORLD,GOT7,https://www.billboard-japan.com/charts/detail?a=hot100&year=2014&month=11&day=17
2014,hot100,2014-11-12,11,百八円の恋,クリープハイプ,https://www.billboard-japan.com/charts/detail?a=hot100&year=2014&month=11&day=17
2014,hot100,2014-11-12,12,祭り囃子でゲラゲラポー,キング・クリームソーダ,https://www.billboard-japan.com/charts/detail?a=hot100&year=2014&month=11&day=17
2014,hot100,2014-11-12,13,ダーリン,Dream,https://www.billboard-japan.com/charts/detail?a=hot100&year=2014&month=11&day=17
2014,hot100,2014-11-12,14,ハイタテキ!,私立恵比寿中学,https://www.billboard-japan.com/charts/detail?a=hot100&year=2014&month=11&day=17
2014,hot100,2014-11-12,15,麦の唄,中島みゆき,https://www.billboard-japan.com/charts/detail?a=hot100&year=2014&month=11&day=17
2014,hot100,2014-11-12,16,きみ,遊助,https://www.billboard-japan.com/charts/detail?a=hot100&year=2014&month=11&day=17
2014,hot100,2014-11-12,17,C.O.S.M.O.S.〜秋桜〜,三代目 J Soul Brothers from EXILE TRIBE,https://www.billboard-japan.com/charts/detail?a=hot100&year=2014&month=11&day=17
2014,hot100,2014-11-12,18,結-yui-,浜端ヨウヘイ,https://www.billboard-japan.com/charts/detail?a=hot100&year=2014&month=11&day=17
2014,hot100,2014-11-12,19,ダン・ダン ドゥビ・ズバー!,Dream5 + ブリー隊長,https://www.billboard-japan.com/charts/detail?a=hot100&year=2014&month=11&day=17
2014,hot100,2014-11-12,20,Beautiful Dreamer,アップアップガールズ(仮),https://www.billboard-japan.com/charts/detail?a=hot100&year=2014&month=11&day=17
2014,hot100,2014-11-12,21,さよならはエモーション,サカナクション,https://www.billboard-japan.com/charts/detail?a=hot100&year=2014&month=11&day=17
2014,hot100,2014-11-12,22,笑顔の理由。,ソナーポケット,https://www.billboard-japan.com/charts/detail?a=hot100&year=2014&month=11&day=17
2014,hot100,2014-11-12,23,Darling,西野カナ,https://www.billboard-japan.com/charts/detail?a=hot100&year=2014&month=11&day=17
2014,hot100,2014-11-12,24,心のプラカード,AKB48,https://www.billboard-japan.com/charts/detail?a=hot100&year=2014&month=11&day=17
2014,hot100,2014-11-12,25,トーキョー feat.SEKAI NO OWARI,アウル・シティー,https://www.billboard-japan.com/charts/detail?a=hot100&year=2014&month=11&day=17
2014,hot100,2014-11-12,26,熱情のスペクトラム,いきものがかり,https://www.billboard-japan.com/charts/detail?a=hot100&year=2014&month=11&day=17
2014,hot100,2014-11-12,27,ルード★それでも僕は結婚する,マジック!,https://www.billboard-japan.com/charts/detail?a=hot100&year=2014&month=11&day=17
2014,hot100,2014-11-12,28,言ったじゃないか,関ジャニ∞[エイト],https://www.billboard-japan.com/charts/detail?a=hot100&year=2014&month=11&day=17
2014,hot100,2014-11-12,29,マジック,go!go!vanillas,https://www.billboard-japan.com/charts/detail?a=hot100&year=2014&month=11&day=17
2014,hot100,2014-11-12,30,アイ・ウォント・レット・ユー・ダウン,OK GO,https://www.billboard-japan.com/charts/detail?a=hot100&year=2014&month=11&day=17
2014,hot100,2014-11-12,31,Precious Love,EXILE ATSUSHI,https://www.billboard-japan.com/charts/detail?a=hot100&year=2014&month=11&day=17
2014,hot100,2014-11-12,32,Twilight,コブクロ,https://www.billboard-japan.com/charts/detail?a=hot100&year=2014&month=11&day=17
2014,hot100,2014-11-12,33,足音〜Be Strong,Mr.Children,https://www.billboard-japan.com/charts/detail?a=hot100&year=2014&month=11&day=17
2014,hot100,2014-11-12,34,あたしの向こう,aiko,https://www.billboard-japan.com/charts/detail?a=hot100&year=2014&month=11&day=17
2014,hot100,2014-11-12,35,何度目の青空か?,乃木坂46,https://www.billboard-japan.com/charts/detail?a=hot100&year=2014&month=11&day=17
2014,hot100,2014-11-12,36,BRIGHTER DAY,安室奈美恵,https://www.billboard-japan.com/charts/detail?a=hot100&year=2014&month=11&day=17
2014,hot100,2014-11-12,37,あなたの愛した世界,南條愛乃,https://www.billboard-japan.com/charts/detail?a=hot100&year=2014&month=11&day=17
2014,hot100,2014-11-12,38,Never Ending Story,CODE-V,https://www.billboard-japan.com/charts/detail?a=hot100&year=2014&month=11&day=17
2014,hot100,2014-11-12,39,デジタルモグラ,ゲスの極み乙女。,https://www.billboard-japan.com/charts/detail?a=hot100&year=2014&month=11&day=17
2014,hot100,2014-11-12,40,ふれあうだけで〜Always with you〜,三浦大知,https://www.billboard-japan.com/charts/detail?a=hot100&year=2014&month=11&day=17
2014,hot100,2014-11-12,41,BLAZING,GARNiDELiA,https://www.billboard-japan.com/charts/detail?a=hot100&year=2014&month=11&day=17
2014,hot100,2014-11-12,42,放課後ハイファイブ,Little Glee Monster,https://www.billboard-japan.com/charts/detail?a=hot100&year=2014&month=11&day=17
2014,hot100,2014-11-12,43,走れゎナンバー,椎名林檎,https://www.billboard-japan.com/charts/detail?a=hot100&year=2014&month=11&day=17
2014,hot100,2014-11-12,44,Shalala Ring,NU'EST,https://www.billboard-japan.com/charts/detail?a=hot100&year=2014&month=11&day=17
2014,hot100,2014-11-12,45,センセーション・シグナル,ぐるたみん,https://www.billboard-japan.com/charts/detail?a=hot100&year=2014&month=11&day=17
2014,hot100,2014-11-12,46,ideal white,綾野ましろ,https://www.billboard-japan.com/charts/detail?a=hot100&year=2014&month=11&day=17
2014,hot100,2014-11-12,47,星屑のインターリュード,fhana,https://www.billboard-japan.com/charts/detail?a=hot100&year=2014&month=11&day=17
2014,hot100,2014-11-12,48,RPG,SEKAI NO OWARI,https://www.billboard-japan.com/charts/detail?a=hot100&year=2014&month=11&day=17
2014,hot100,2014-11-12,49,TODAY IS A NEW DAY,木村カエラ,https://www.billboard-japan.com/charts/detail?a=hot100&year=2014&month=11&day=17
2014,hot100,2014-11-12,50,Silly,家入レオ,https://www.billboard-japan.com/charts/detail?a=hot100&year=2014&month=11&day=17
2014,hot100,2014-11-12,51,ブレイム feat.ジョン・ニューマン,カルヴィン・ハリス,https://www.billboard-japan.com/charts/detail?a=hot100&year=2014&month=11&day=17
2014,hot100,2014-11-12,52,MUSIC LIFE,GLAY,https://www.billboard-japan.com/charts/detail?a=hot100&year=2014&month=11&day=17
2014,hot100,2014-11-12,53,Mr.Snowman,E-girls,https://www.billboard-japan.com/charts/detail?a=hot100&year=2014&month=11&day=17
2014,hot100,2014-11-12,54,デンジャラス,ルーマー,https://www.billboard-japan.com/charts/detail?a=hot100&year=2014&month=11&day=17
2014,hot100,2014-11-12,55,スティール・マイ・ガール,ワン・ダイレクション,https://www.billboard-japan.com/charts/detail?a=hot100&year=2014&month=11&day=17
2014,hot100,2014-11-12,56,ブレイク・フリー feat.ゼッド,アリアナ・グランデ,https://www.billboard-japan.com/charts/detail?a=hot100&year=2014&month=11&day=17
2014,hot100,2014-11-12,57,それぞれ歩き出そう,阿部真央,https://www.billboard-japan.com/charts/detail?a=hot100&year=2014&month=11&day=17
2014,hot100,2014-11-12,58,秋風のアンサー,Flower,https://www.billboard-japan.com/charts/detail?a=hot100&year=2014&month=11&day=17
2014,hot100,2014-11-12,59,エクストラ・マジック・アワー,AKINO with bless4,https://www.billboard-japan.com/charts/detail?a=hot100&year=2014&month=11&day=17
2014,hot100,2014-11-12,60,疾走れ!ミライ,GLAY,https://www.billboard-japan.com/charts/detail?a=hot100&year=2014&month=11&day=17
2014,hot100,2014-11-12,61,愛をからだに吹き込んで,Superfly,https://www.billboard-japan.com/charts/detail?a=hot100&year=2014&month=11&day=17
2014,hot100,2014-11-12,62,東京VICTORY,サザンオールスターズ,https://www.billboard-japan.com/charts/detail?a=hot100&year=2014&month=11&day=17
2014,hot100,2014-11-12,63,もしもの話,ももちひろこ,https://www.billboard-japan.com/charts/detail?a=hot100&year=2014&month=11&day=17
2014,hot100,2014-11-12,64,ザ・デイズ,アヴィーチー,https://www.billboard-japan.com/charts/detail?a=hot100&year=2014&month=11&day=17
2014,hot100,2014-11-12,65,"ナルバキスン(Look at me,Gwisun)",D-LITE(from BIGBANG),https://www.billboard-japan.com/charts/detail?a=hot100&year=2014&month=11&day=17
2014,hot100,2014-11-12,66,さよならの前に,AAA,https://www.billboard-japan.com/charts/detail?a=hot100&year=2014&month=11&day=17
2014,hot100,2014-11-12,67,ペロレラ・レボリューション,TarO & JirO,https://www.billboard-japan.com/charts/detail?a=hot100&year=2014&month=11&day=17
2014,hot100,2014-11-12,68,ゲラゲラポーのうた,キング・クリームソーダ,https://www.billboard-japan.com/charts/detail?a=hot100&year=2014&month=11&day=17
2014,hot100,2014-11-12,69,The One,EXILE SHOKICHI,https://www.billboard-japan.com/charts/detail?a=hot100&year=2014&month=11&day=17
2014,hot100,2014-11-12,70,にじいろ,絢香,https://www.billboard-japan.com/charts/detail?a=hot100&year=2014&month=11&day=17
2014,hot100,2014-11-12,71,ミュージック・アンド・イッツ・マジカル・ウェイ,ジャロッド・ローソン,https://www.billboard-japan.com/charts/detail?a=hot100&year=2014&month=11&day=17
2014,hot100,2014-11-12,72,ラストシーン,JUJU,https://www.billboard-japan.com/charts/detail?a=hot100&year=2014&month=11&day=17
2014,hot100,2014-11-12,73,BF,moumoon,https://www.billboard-japan.com/charts/detail?a=hot100&year=2014&month=11&day=17
2014,hot100,2014-11-12,74,日々,吉田山田,https://www.billboard-japan.com/charts/detail?a=hot100&year=2014&month=11&day=17
2014,hot100,2014-11-12,75,禁断のレジスタンス,水樹奈々,https://www.billboard-japan.com/charts/detail?a=hot100&year=2014&month=11&day=17
2014,hot100,2014-11-12,76,雪の華,中島美嘉,https://www.billboard-japan.com/charts/detail?a=hot100&year=2014&month=11&day=17
2014,hot100,2014-11-12,77,こころとあたま,チャットモンチー,https://www.billboard-japan.com/charts/detail?a=hot100&year=2014&month=11&day=17
2014,hot100,2014-11-12,78,猟奇的なキスを私にして,ゲスの極み乙女。,https://www.billboard-japan.com/charts/detail?a=hot100&year=2014&month=11&day=17
2014,hot100,2014-11-12,79,GOLDEN GIRL,いきものがかり,https://www.billboard-japan.com/charts/detail?a=hot100&year=2014&month=11&day=17
2014,hot100,2014-11-12,80,ホシトハナ,"讃州中学勇者部(照井春佳,三森すずこ,内山夕実,黒沢ともよ,長妻樹里)",https://www.billboard-japan.com/charts/detail?a=hot100&year=2014&month=11&day=17
2014,hot100,2014-11-12,81,シルエット,KANA-BOON,https://www.billboard-japan.com/charts/detail?a=hot100&year=2014&month=11&day=17
2014,hot100,2014-11-12,82,くやしいけど大事な人,剛力彩芽,https://www.billboard-japan.com/charts/detail?a=hot100&year=2014&month=11&day=17
2014,hot100,2014-11-12,83,INCUBUS,Acid Black Cherry,https://www.billboard-japan.com/charts/detail?a=hot100&year=2014&month=11&day=17
2014,hot100,2014-11-12,84,Welcome!!DISCOけもけもけ,"コックリさん(小野大輔),狗神(櫻井孝宏)&信楽(中田譲治)",https://www.billboard-japan.com/charts/detail?a=hot100&year=2014&month=11&day=17
2014,hot100,2014-11-12,85,私たちは絶対に絶対にヨリを戻したりしない,テイラー・スウィフト,https://www.billboard-japan.com/charts/detail?a=hot100&year=2014&month=11&day=17
2014,hot100,2014-11-12,86,ぎんなん楽団カルテット,高橋克実とチャラン・ポ・ランタン,https://www.billboard-japan.com/charts/detail?a=hot100&year=2014&month=11&day=17
2014,hot100,2014-11-12,87,オール・アバウト・ザット・ベース,メーガン・トレイナー,https://www.billboard-japan.com/charts/detail?a=hot100&year=2014&month=11&day=17
2014,hot100,2014-11-12,88,ギミー!レボリューション,内田真礼,https://www.billboard-japan.com/charts/detail?a=hot100&year=2014&month=11&day=17
2014,hot100,2014-11-12,89,凛麗,喜多村英梨,https://www.billboard-japan.com/charts/detail?a=hot100&year=2014&month=11&day=17
2014,hot100,2014-11-12,90,希望的リフレイン,AKB48,https://www.billboard-japan.com/charts/detail?a=hot100&year=2014&month=11&day=17
2014,hot100,2014-11-12,91,ジュリエット,アフター・ロミオ,https://www.billboard-japan.com/charts/detail?a=hot100&year=2014&month=11&day=17
2014,hot100,2014-11-12,92,ありきたりな女,椎名林檎,https://www.billboard-japan.com/charts/detail?a=hot100&year=2014&month=11&day=17
2014,hot100,2014-11-12,93,Highschool love,E-girls,https://www.billboard-japan.com/charts/detail?a=hot100&year=2014&month=11&day=17
2014,hot100,2014-11-12,94,イン・ザ・ヒート・オブ・ザ・モーメント,ノエル・ギャラガーズ・ハイ・フライング・バーズ,https://www.billboard-japan.com/charts/detail?a=hot100&year=2014&month=11&day=17
2014,hot100,2014-11-12,95,Oh Yeah!!!!!!!,Czecho No Republic,https://www.billboard-japan.com/charts/detail?a=hot100&year=2014&month=11&day=17
2014,hot100,2014-11-12,96,百花繚乱,GLAY,https://www.billboard-japan.com/charts/detail?a=hot100&year=2014&month=11&day=17
2014,hot100,2014-11-12,97,サムシング・フロム・ナッシング,フー・ファイターズ,https://www.billboard-japan.com/charts/detail?a=hot100&year=2014&month=11&day=17
2014,hot100,2014-11-12,98,R.Y.U.S.E.I.,三代目 J Soul Brothers from EXILE TRIBE,https://www.billboard-japan.com/charts/detail?a=hot100&year=2014&month=11&day=17
2014,hot100,2014-11-12,99,ロング・クラブ,ザ・ティン・ティンズ,https://www.billboard-japan.com/charts/detail?a=hot100&year=2014&month=11&day=17
2014,hot100,2014-11-12,100,Sky's The Limit,V6,https://www.billboard-japan.com/charts/detail?a=hot100&year=2014&month=11&day=17
2014,hot100,2014-11-19,1,鍵のない箱,KinKi Kids,https://www.billboard-japan.com/charts/detail?a=hot100&year=2014&month=11&day=24
2014,hot100,2014-11-19,2,Time Works Wonders,東方神起,https://www.billboard-japan.com/charts/detail?a=hot100&year=2014&month=11&day=24
2014,hot100,2014-11-19,3,BRIGHTER DAY,安室奈美恵,https://www.billboard-japan.com/charts/detail?a=hot100&year=2014&month=11&day=24
2014,hot100,2014-11-19,4,秋風のアンサー,Flower,https://www.billboard-japan.com/charts/detail?a=hot100&year=2014&month=11&day=24
2014,hot100,2014-11-19,5,あたしの向こう,aiko,https://www.billboard-japan.com/charts/detail?a=hot100&year=2014&month=11&day=24
2014,hot100,2014-11-19,6,永遠フレンズ,Printemps(高坂穂乃果・南ことり・小泉花陽)from μ's,https://www.billboard-japan.com/charts/detail?a=hot100&year=2014&month=11&day=24
2014,hot100,2014-11-19,7,Star Gear,超特急,https://www.billboard-japan.com/charts/detail?a=hot100&year=2014&month=11&day=24
2014,hot100,2014-11-19,8,GOLDEN GIRL,いきものがかり,https://www.billboard-japan.com/charts/detail?a=hot100&year=2014&month=11&day=24
2014,hot100,2014-11-19,9,シェイク・イット・オフ〜気にしてなんかいられないっ!!,テイラー・スウィフト,https://www.billboard-japan.com/charts/detail?a=hot100&year=2014&month=11&day=24
2014,hot100,2014-11-19,10,希望の環(WA),miwa,https://www.billboard-japan.com/charts/detail?a=hot100&year=2014&month=11&day=24
2014,hot100,2014-11-19,11,Dragon Night,SEKAI NO OWARI,https://www.billboard-japan.com/charts/detail?a=hot100&year=2014&month=11&day=24
2014,hot100,2014-11-19,12,WOW,BTOB,https://www.billboard-japan.com/charts/detail?a=hot100&year=2014&month=11&day=24
2014,hot100,2014-11-19,13,Happiness,シェネル,https://www.billboard-japan.com/charts/detail?a=hot100&year=2014&month=11&day=24
2014,hot100,2014-11-19,14,好き,西野カナ,https://www.billboard-japan.com/charts/detail?a=hot100&year=2014&month=11&day=24
2014,hot100,2014-11-19,15,らしくない,NMB48,https://www.billboard-japan.com/charts/detail?a=hot100&year=2014&month=11&day=24
2014,hot100,2014-11-19,16,ロマンスを語って,Berryz工房,https://www.billboard-japan.com/charts/detail?a=hot100&year=2014&month=11&day=24
2014,hot100,2014-11-19,17,ひまわりの約束,秦基博,https://www.billboard-japan.com/charts/detail?a=hot100&year=2014&month=11&day=24
2014,hot100,2014-11-19,18,Darling,西野カナ,https://www.billboard-japan.com/charts/detail?a=hot100&year=2014&month=11&day=24
2014,hot100,2014-11-19,19,結-yui-,浜端ヨウヘイ,https://www.billboard-japan.com/charts/detail?a=hot100&year=2014&month=11&day=24
2014,hot100,2014-11-19,20,麦の唄,中島みゆき,https://www.billboard-japan.com/charts/detail?a=hot100&year=2014&month=11&day=24
2014,hot100,2014-11-19,21,BREAK IT!,宮野真守,https://www.billboard-japan.com/charts/detail?a=hot100&year=2014&month=11&day=24
2014,hot100,2014-11-19,22,Oh Yeah!!!!!!!,Czecho No Republic,https://www.billboard-japan.com/charts/detail?a=hot100&year=2014&month=11&day=24
2014,hot100,2014-11-19,23,キミはどう?,BEAST,https://www.billboard-japan.com/charts/detail?a=hot100&year=2014&month=11&day=24
2014,hot100,2014-11-19,24,C.O.S.M.O.S.〜秋桜〜,三代目 J Soul Brothers from EXILE TRIBE,https://www.billboard-japan.com/charts/detail?a=hot100&year=2014&month=11&day=24
2014,hot100,2014-11-19,25,さよならはエモーション,サカナクション,https://www.billboard-japan.com/charts/detail?a=hot100&year=2014&month=11&day=24
2014,hot100,2014-11-19,26,マジック,go!go!vanillas,https://www.billboard-japan.com/charts/detail?a=hot100&year=2014&month=11&day=24
2014,hot100,2014-11-19,27,Silly,家入レオ,https://www.billboard-japan.com/charts/detail?a=hot100&year=2014&month=11&day=24
2014,hot100,2014-11-19,28,Twilight,コブクロ,https://www.billboard-japan.com/charts/detail?a=hot100&year=2014&month=11&day=24
2014,hot100,2014-11-19,29,Enigmatic Feeling,凛として時雨,https://www.billboard-japan.com/charts/detail?a=hot100&year=2014&month=11&day=24
2014,hot100,2014-11-19,30,心のプラカード,AKB48,https://www.billboard-japan.com/charts/detail?a=hot100&year=2014&month=11&day=24
2014,hot100,2014-11-19,31,ダーリン,Dream,https://www.billboard-japan.com/charts/detail?a=hot100&year=2014&month=11&day=24
2014,hot100,2014-11-19,32,足音〜Be Strong,Mr.Children,https://www.billboard-japan.com/charts/detail?a=hot100&year=2014&month=11&day=24
2014,hot100,2014-11-19,33,祭り囃子でゲラゲラポー,キング・クリームソーダ,https://www.billboard-japan.com/charts/detail?a=hot100&year=2014&month=11&day=24
2014,hot100,2014-11-19,34,彼氏になって優しくなって,岡村靖幸,https://www.billboard-japan.com/charts/detail?a=hot100&year=2014&month=11&day=24
2014,hot100,2014-11-19,35,AMAZING BREAK,TERRASPEX,https://www.billboard-japan.com/charts/detail?a=hot100&year=2014&month=11&day=24
2014,hot100,2014-11-19,36,デンジャラス,ルーマー,https://www.billboard-japan.com/charts/detail?a=hot100&year=2014&month=11&day=24
2014,hot100,2014-11-19,37,アイ・ウォント・レット・ユー・ダウン,OK GO,https://www.billboard-japan.com/charts/detail?a=hot100&year=2014&month=11&day=24
2014,hot100,2014-11-19,38,もしもの話,ももちひろこ,https://www.billboard-japan.com/charts/detail?a=hot100&year=2014&month=11&day=24
2014,hot100,2014-11-19,39,熱情のスペクトラム,いきものがかり,https://www.billboard-japan.com/charts/detail?a=hot100&year=2014&month=11&day=24
2014,hot100,2014-11-19,40,ワン・ウーマン・ショー〜甘い幻〜,ポルノグラフィティ,https://www.billboard-japan.com/charts/detail?a=hot100&year=2014&month=11&day=24
2014,hot100,2014-11-19,41,ダン・ダン ドゥビ・ズバー!,Dream5 + ブリー隊長,https://www.billboard-japan.com/charts/detail?a=hot100&year=2014&month=11&day=24
2014,hot100,2014-11-19,42,SNOW SMILE,清水翔太,https://www.billboard-japan.com/charts/detail?a=hot100&year=2014&month=11&day=24
2014,hot100,2014-11-19,43,トーキョー feat.SEKAI NO OWARI,アウル・シティー,https://www.billboard-japan.com/charts/detail?a=hot100&year=2014&month=11&day=24
2014,hot100,2014-11-19,44,O.R.I.O.N.,三代目 J Soul Brothers from EXILE TRIBE,https://www.billboard-japan.com/charts/detail?a=hot100&year=2014&month=11&day=24
2014,hot100,2014-11-19,45,冬が来る,Salley,https://www.billboard-japan.com/charts/detail?a=hot100&year=2014&month=11&day=24
2014,hot100,2014-11-19,46,言ったじゃないか,関ジャニ∞[エイト],https://www.billboard-japan.com/charts/detail?a=hot100&year=2014&month=11&day=24
2014,hot100,2014-11-19,47,スティール・マイ・ガール,ワン・ダイレクション,https://www.billboard-japan.com/charts/detail?a=hot100&year=2014&month=11&day=24
2014,hot100,2014-11-19,48,ブレイム feat.ジョン・ニューマン,カルヴィン・ハリス,https://www.billboard-japan.com/charts/detail?a=hot100&year=2014&month=11&day=24
2014,hot100,2014-11-19,49,Still Lovin' You,安室奈美恵,https://www.billboard-japan.com/charts/detail?a=hot100&year=2014&month=11&day=24
2014,hot100,2014-11-19,50,ブレイク・フリー feat.ゼッド,アリアナ・グランデ,https://www.billboard-japan.com/charts/detail?a=hot100&year=2014&month=11&day=24
2014,hot100,2014-11-19,51,ツナガルオモイ,藍井エイル,https://www.billboard-japan.com/charts/detail?a=hot100&year=2014&month=11&day=24
2014,hot100,2014-11-19,52,ルード★それでも僕は結婚する,マジック!,https://www.billboard-japan.com/charts/detail?a=hot100&year=2014&month=11&day=24
2014,hot100,2014-11-19,53,ミュージック・アンド・イッツ・マジカル・ウェイ,ジャロッド・ローソン,https://www.billboard-japan.com/charts/detail?a=hot100&year=2014&month=11&day=24
2014,hot100,2014-11-19,54,Precious Love,EXILE ATSUSHI,https://www.billboard-japan.com/charts/detail?a=hot100&year=2014&month=11&day=24
2014,hot100,2014-11-19,55,冬がはじまるよ,槇原敬之,https://www.billboard-japan.com/charts/detail?a=hot100&year=2014&month=11&day=24
2014,hot100,2014-11-19,56,SWEET KISSES,安室奈美恵,https://www.billboard-japan.com/charts/detail?a=hot100&year=2014&month=11&day=24
2014,hot100,2014-11-19,57,デジタルモグラ,ゲスの極み乙女。,https://www.billboard-japan.com/charts/detail?a=hot100&year=2014&month=11&day=24
2014,hot100,2014-11-19,58,愛をからだに吹き込んで,Superfly,https://www.billboard-japan.com/charts/detail?a=hot100&year=2014&month=11&day=24
2014,hot100,2014-11-19,59,Wishes,chay,https://www.billboard-japan.com/charts/detail?a=hot100&year=2014&month=11&day=24
2014,hot100,2014-11-19,60,笑顔の理由。,ソナーポケット,https://www.billboard-japan.com/charts/detail?a=hot100&year=2014&month=11&day=24
2014,hot100,2014-11-19,61,ふれあうだけで〜Always with you〜,三浦大知,https://www.billboard-japan.com/charts/detail?a=hot100&year=2014&month=11&day=24
2014,hot100,2014-11-19,62,ideal white,綾野ましろ,https://www.billboard-japan.com/charts/detail?a=hot100&year=2014&month=11&day=24
2014,hot100,2014-11-19,63,サムシング・フロム・ナッシング,フー・ファイターズ,https://www.billboard-japan.com/charts/detail?a=hot100&year=2014&month=11&day=24
2014,hot100,2014-11-19,64,パレード,BUMP OF CHICKEN,https://www.billboard-japan.com/charts/detail?a=hot100&year=2014&month=11&day=24
2014,hot100,2014-11-19,65,BLAZING,GARNiDELiA,https://www.billboard-japan.com/charts/detail?a=hot100&year=2014&month=11&day=24
2014,hot100,2014-11-19,66,RPG,SEKAI NO OWARI,https://www.billboard-japan.com/charts/detail?a=hot100&year=2014&month=11&day=24
2014,hot100,2014-11-19,67,R.Y.U.S.E.I.,三代目 J Soul Brothers from EXILE TRIBE,https://www.billboard-japan.com/charts/detail?a=hot100&year=2014&month=11&day=24
2014,hot100,2014-11-19,68,放課後ハイファイブ,Little Glee Monster,https://www.billboard-japan.com/charts/detail?a=hot100&year=2014&month=11&day=24
2014,hot100,2014-11-19,69,TODAY IS A NEW DAY,木村カエラ,https://www.billboard-japan.com/charts/detail?a=hot100&year=2014&month=11&day=24
2014,hot100,2014-11-19,70,有頂天ガール,バニラビーンズ,https://www.billboard-japan.com/charts/detail?a=hot100&year=2014&month=11&day=24
2014,hot100,2014-11-19,71,ザ・デイズ,アヴィーチー,https://www.billboard-japan.com/charts/detail?a=hot100&year=2014&month=11&day=24
2014,hot100,2014-11-19,72,ジュリエット,アフター・ロミオ,https://www.billboard-japan.com/charts/detail?a=hot100&year=2014&month=11&day=24
2014,hot100,2014-11-19,73,パラボラヴァ,スキマスイッチ,https://www.billboard-japan.com/charts/detail?a=hot100&year=2014&month=11&day=24
2014,hot100,2014-11-19,74,STARGET,THE ORAL CIGARETTES,https://www.billboard-japan.com/charts/detail?a=hot100&year=2014&month=11&day=24
2014,hot100,2014-11-19,75,百八円の恋,クリープハイプ,https://www.billboard-japan.com/charts/detail?a=hot100&year=2014&month=11&day=24
2014,hot100,2014-11-19,76,"Love, Day After Tomorrow",倉木麻衣,https://www.billboard-japan.com/charts/detail?a=hot100&year=2014&month=11&day=24
2014,hot100,2014-11-19,77,エクストラ・マジック・アワー,AKINO with bless4,https://www.billboard-japan.com/charts/detail?a=hot100&year=2014&month=11&day=24
2014,hot100,2014-11-19,78,蓮の花,サカナクション,https://www.billboard-japan.com/charts/detail?a=hot100&year=2014&month=11&day=24
2014,hot100,2014-11-19,79,桃太郎,水曜日のカンパネラ,https://www.billboard-japan.com/charts/detail?a=hot100&year=2014&month=11&day=24
2014,hot100,2014-11-19,80,何度目の青空か?,乃木坂46,https://www.billboard-japan.com/charts/detail?a=hot100&year=2014&month=11&day=24
2014,hot100,2014-11-19,81,疾走れ!ミライ,GLAY,https://www.billboard-japan.com/charts/detail?a=hot100&year=2014&month=11&day=24
2014,hot100,2014-11-19,82,ミラクル☆パラダイス,i☆Ris,https://www.billboard-japan.com/charts/detail?a=hot100&year=2014&month=11&day=24
2014,hot100,2014-11-19,83,Lightning,TERRASPEX,https://www.billboard-japan.com/charts/detail?a=hot100&year=2014&month=11&day=24
2014,hot100,2014-11-19,84,Will You Marry Me?,清竜人25,https://www.billboard-japan.com/charts/detail?a=hot100&year=2014&month=11&day=24
2014,hot100,2014-11-19,85,さよならの前に,AAA,https://www.billboard-japan.com/charts/detail?a=hot100&year=2014&month=11&day=24
2014,hot100,2014-11-19,86,禁断のレジスタンス,水樹奈々,https://www.billboard-japan.com/charts/detail?a=hot100&year=2014&month=11&day=24
2014,hot100,2014-11-19,87,アウトサイド feat.エリー・ゴールディング,カルヴィン・ハリス,https://www.billboard-japan.com/charts/detail?a=hot100&year=2014&month=11&day=24
2014,hot100,2014-11-19,88,走れゎナンバー,椎名林檎,https://www.billboard-japan.com/charts/detail?a=hot100&year=2014&month=11&day=24
2014,hot100,2014-11-19,89,BF,moumoon,https://www.billboard-japan.com/charts/detail?a=hot100&year=2014&month=11&day=24
2014,hot100,2014-11-19,90,ラストシーン,JUJU,https://www.billboard-japan.com/charts/detail?a=hot100&year=2014&month=11&day=24
2014,hot100,2014-11-19,91,恋する気持ち,西野カナ,https://www.billboard-japan.com/charts/detail?a=hot100&year=2014&month=11&day=24
2014,hot100,2014-11-19,92,セルリアン,BACK-ON,https://www.billboard-japan.com/charts/detail?a=hot100&year=2014&month=11&day=24
2014,hot100,2014-11-19,93,サンキュー。,大原櫻子,https://www.billboard-japan.com/charts/detail?a=hot100&year=2014&month=11&day=24
2014,hot100,2014-11-19,94,ハッピー,ファレル・ウィリアムス,https://www.billboard-japan.com/charts/detail?a=hot100&year=2014&month=11&day=24
2014,hot100,2014-11-19,95,INCUBUS,Acid Black Cherry,https://www.billboard-japan.com/charts/detail?a=hot100&year=2014&month=11&day=24
2014,hot100,2014-11-19,96,ポートレイト,豊崎愛生,https://www.billboard-japan.com/charts/detail?a=hot100&year=2014&month=11&day=24
2014,hot100,2014-11-19,97,セレブレート(フロム・ザ・オリジナル・モーション・ピクチャー・ペンギンズ・オブ・マダガスカル),ピットブル,https://www.billboard-japan.com/charts/detail?a=hot100&year=2014&month=11&day=24
2014,hot100,2014-11-19,98,ウェルカム・トゥ・ニューヨーク,テイラー・スウィフト,https://www.billboard-japan.com/charts/detail?a=hot100&year=2014&month=11&day=24
2014,hot100,2014-11-19,99,ライブオアライブ,HOWL BE QUIET,https://www.billboard-japan.com/charts/detail?a=hot100&year=2014&month=11&day=24
2014,hot100,2014-11-19,100,ゲラゲラポーのうた,キング・クリームソーダ,https://www.billboard-japan.com/charts/detail?a=hot100&year=2014&month=11&day=24
2014,hot100,2014-11-26,1,足音〜Be Strong,Mr.Children,https://www.billboard-japan.com/charts/detail?a=hot100&year=2014&month=12&day=01
2014,hot100,2014-11-26,2,Time Works Wonders,東方神起,https://www.billboard-japan.com/charts/detail?a=hot100&year=2014&month=12&day=01
2014,hot100,2014-11-26,3,Silly,家入レオ,https://www.billboard-japan.com/charts/detail?a=hot100&year=2014&month=12&day=01
2014,hot100,2014-11-26,4,君にHITOMEBORE,Sexy Zone,https://www.billboard-japan.com/charts/detail?a=hot100&year=2014&month=12&day=01
2014,hot100,2014-11-26,5,光るなら,Goose house,https://www.billboard-japan.com/charts/detail?a=hot100&year=2014&month=12&day=01
2014,hot100,2014-11-26,6,Happiness,シェネル,https://www.billboard-japan.com/charts/detail?a=hot100&year=2014&month=12&day=01
2014,hot100,2014-11-26,7,BRIGHTER DAY,安室奈美恵,https://www.billboard-japan.com/charts/detail?a=hot100&year=2014&month=12&day=01
2014,hot100,2014-11-26,8,Fallen,EGOIST,https://www.billboard-japan.com/charts/detail?a=hot100&year=2014&month=12&day=01
2014,hot100,2014-11-26,9,Danger,防彈少年團,https://www.billboard-japan.com/charts/detail?a=hot100&year=2014&month=12&day=01
2014,hot100,2014-11-26,10,believe,Kalafina,https://www.billboard-japan.com/charts/detail?a=hot100&year=2014&month=12&day=01
2014,hot100,2014-11-26,11,恋のサイン,INFINITE F,https://www.billboard-japan.com/charts/detail?a=hot100&year=2014&month=12&day=01
2014,hot100,2014-11-26,12,愛をからだに吹き込んで,Superfly,https://www.billboard-japan.com/charts/detail?a=hot100&year=2014&month=12&day=01
2014,hot100,2014-11-26,13,Fall,槇原敬之,https://www.billboard-japan.com/charts/detail?a=hot100&year=2014&month=12&day=01
2014,hot100,2014-11-26,14,Image,SCANDAL,https://www.billboard-japan.com/charts/detail?a=hot100&year=2014&month=12&day=01
2014,hot100,2014-11-26,15,好き,西野カナ,https://www.billboard-japan.com/charts/detail?a=hot100&year=2014&month=12&day=01
2014,hot100,2014-11-26,16,Dragon Night,SEKAI NO OWARI,https://www.billboard-japan.com/charts/detail?a=hot100&year=2014&month=12&day=01
2014,hot100,2014-11-26,17,スティール・マイ・ガール,ワン・ダイレクション,https://www.billboard-japan.com/charts/detail?a=hot100&year=2014&month=12&day=01
2014,hot100,2014-11-26,18,シェイク・イット・オフ〜気にしてなんかいられないっ!!,テイラー・スウィフト,https://www.billboard-japan.com/charts/detail?a=hot100&year=2014&month=12&day=01
2014,hot100,2014-11-26,19,Darling,西野カナ,https://www.billboard-japan.com/charts/detail?a=hot100&year=2014&month=12&day=01
2014,hot100,2014-11-26,20,パラボラヴァ,スキマスイッチ,https://www.billboard-japan.com/charts/detail?a=hot100&year=2014&month=12&day=01
2014,hot100,2014-11-26,21,鍵のない箱,KinKi Kids,https://www.billboard-japan.com/charts/detail?a=hot100&year=2014&month=12&day=01
2014,hot100,2014-11-26,22,あたしの向こう,aiko,https://www.billboard-japan.com/charts/detail?a=hot100&year=2014&month=12&day=01
2014,hot100,2014-11-26,23,希望的リフレイン,AKB48,https://www.billboard-japan.com/charts/detail?a=hot100&year=2014&month=12&day=01
2014,hot100,2014-11-26,24,Seek A Light,Happiness,https://www.billboard-japan.com/charts/detail?a=hot100&year=2014&month=12&day=01
2014,hot100,2014-11-26,25,R.Y.U.S.E.I.,三代目 J Soul Brothers from EXILE TRIBE,https://www.billboard-japan.com/charts/detail?a=hot100&year=2014&month=12&day=01
2014,hot100,2014-11-26,26,GOLDEN GIRL,いきものがかり,https://www.billboard-japan.com/charts/detail?a=hot100&year=2014&month=12&day=01
2014,hot100,2014-11-26,27,O.R.I.O.N.,三代目 J Soul Brothers from EXILE TRIBE,https://www.billboard-japan.com/charts/detail?a=hot100&year=2014&month=12&day=01
2014,hot100,2014-11-26,28,I miss you,℃-ute,https://www.billboard-japan.com/charts/detail?a=hot100&year=2014&month=12&day=01
2014,hot100,2014-11-26,29,Seven Doors,ZAQ,https://www.billboard-japan.com/charts/detail?a=hot100&year=2014&month=12&day=01
2014,hot100,2014-11-26,30,結-yui-,浜端ヨウヘイ,https://www.billboard-japan.com/charts/detail?a=hot100&year=2014&month=12&day=01
2014,hot100,2014-11-26,31,ドゥ・ゼイ・ノウ・イッツ・クリスマス?(2014),バンド・エイド30,https://www.billboard-japan.com/charts/detail?a=hot100&year=2014&month=12&day=01
2014,hot100,2014-11-26,32,銀閃の風,鈴木このみ,https://www.billboard-japan.com/charts/detail?a=hot100&year=2014&month=12&day=01
2014,hot100,2014-11-26,33,ひまわりの約束,秦基博,https://www.billboard-japan.com/charts/detail?a=hot100&year=2014&month=12&day=01
2014,hot100,2014-11-26,34,初雪のシンフォニー,さんみゅ〜,https://www.billboard-japan.com/charts/detail?a=hot100&year=2014&month=12&day=01
2014,hot100,2014-11-26,35,さよならの前に,AAA,https://www.billboard-japan.com/charts/detail?a=hot100&year=2014&month=12&day=01
2014,hot100,2014-11-26,36,クリスマス・クワイア,ゴスペラーズ,https://www.billboard-japan.com/charts/detail?a=hot100&year=2014&month=12&day=01
2014,hot100,2014-11-26,37,心のプラカード,AKB48,https://www.billboard-japan.com/charts/detail?a=hot100&year=2014&month=12&day=01
2014,hot100,2014-11-26,38,Empty song,GRAPEVINE,https://www.billboard-japan.com/charts/detail?a=hot100&year=2014&month=12&day=01
2014,hot100,2014-11-26,39,永遠フレンズ,Printemps(高坂穂乃果・南ことり・小泉花陽)from μ's,https://www.billboard-japan.com/charts/detail?a=hot100&year=2014&month=12&day=01
2014,hot100,2014-11-26,40,BEAUTIFUL≒SENTENCE,メイガス・トゥー,https://www.billboard-japan.com/charts/detail?a=hot100&year=2014&month=12&day=01
2014,hot100,2014-11-26,41,秋風のアンサー,Flower,https://www.billboard-japan.com/charts/detail?a=hot100&year=2014&month=12&day=01
2014,hot100,2014-11-26,42,天照,己龍,https://www.billboard-japan.com/charts/detail?a=hot100&year=2014&month=12&day=01
2014,hot100,2014-11-26,43,麦の唄,中島みゆき,https://www.billboard-japan.com/charts/detail?a=hot100&year=2014&month=12&day=01
2014,hot100,2014-11-26,44,希望の環(WA),miwa,https://www.billboard-japan.com/charts/detail?a=hot100&year=2014&month=12&day=01
2014,hot100,2014-11-26,45,OVERLAPPERS,Qverktett:||,https://www.billboard-japan.com/charts/detail?a=hot100&year=2014&month=12&day=01
2014,hot100,2014-11-26,46,らしくない,NMB48,https://www.billboard-japan.com/charts/detail?a=hot100&year=2014&month=12&day=01
2014,hot100,2014-11-26,47,デンジャラス,ルーマー,https://www.billboard-japan.com/charts/detail?a=hot100&year=2014&month=12&day=01
2014,hot100,2014-11-26,48,Enigmatic Feeling,凛として時雨,https://www.billboard-japan.com/charts/detail?a=hot100&year=2014&month=12&day=01
2014,hot100,2014-11-26,49,もしもの話,ももちひろこ,https://www.billboard-japan.com/charts/detail?a=hot100&year=2014&month=12&day=01
2014,hot100,2014-11-26,50,It's Alright!,THE TURTLES JAPAN,https://www.billboard-japan.com/charts/detail?a=hot100&year=2014&month=12&day=01
2014,hot100,2014-11-26,51,パレード,BUMP OF CHICKEN,https://www.billboard-japan.com/charts/detail?a=hot100&year=2014&month=12&day=01
2014,hot100,2014-11-26,52,月灯り,雨宮天,https://www.billboard-japan.com/charts/detail?a=hot100&year=2014&month=12&day=01
2014,hot100,2014-11-26,53,さよならはエモーション,サカナクション,https://www.billboard-japan.com/charts/detail?a=hot100&year=2014&month=12&day=01
2014,hot100,2014-11-26,54,クリスマス・イブ,山下達郎,https://www.billboard-japan.com/charts/detail?a=hot100&year=2014&month=12&day=01
2014,hot100,2014-11-26,55,#Music,ケツメイシ,https://www.billboard-japan.com/charts/detail?a=hot100&year=2014&month=12&day=01
2014,hot100,2014-11-26,56,INFINITY,DOBERMAN INFINITY,https://www.billboard-japan.com/charts/detail?a=hot100&year=2014&month=12&day=01
2014,hot100,2014-11-26,57,熱情のスペクトラム,いきものがかり,https://www.billboard-japan.com/charts/detail?a=hot100&year=2014&month=12&day=01
2014,hot100,2014-11-26,58,ミュージック・アンド・イッツ・マジカル・ウェイ,ジャロッド・ローソン,https://www.billboard-japan.com/charts/detail?a=hot100&year=2014&month=12&day=01
2014,hot100,2014-11-26,59,ジュリエット,アフター・ロミオ,https://www.billboard-japan.com/charts/detail?a=hot100&year=2014&month=12&day=01
2014,hot100,2014-11-26,60,トーキョー feat.SEKAI NO OWARI,アウル・シティー,https://www.billboard-japan.com/charts/detail?a=hot100&year=2014&month=12&day=01
2014,hot100,2014-11-26,61,ブレイク・フリー feat.ゼッド,アリアナ・グランデ,https://www.billboard-japan.com/charts/detail?a=hot100&year=2014&month=12&day=01
2014,hot100,2014-11-26,62,C.O.S.M.O.S.〜秋桜〜,三代目 J Soul Brothers from EXILE TRIBE,https://www.billboard-japan.com/charts/detail?a=hot100&year=2014&month=12&day=01
2014,hot100,2014-11-26,63,Oh Yeah!!!!!!!,Czecho No Republic,https://www.billboard-japan.com/charts/detail?a=hot100&year=2014&month=12&day=01
2014,hot100,2014-11-26,64,SHaVaDaVa in AMAZING♪,ユイレヴィ,https://www.billboard-japan.com/charts/detail?a=hot100&year=2014&month=12&day=01
2014,hot100,2014-11-26,65,マジック,go!go!vanillas,https://www.billboard-japan.com/charts/detail?a=hot100&year=2014&month=12&day=01
2014,hot100,2014-11-26,66,何度目の青空か?,乃木坂46,https://www.billboard-japan.com/charts/detail?a=hot100&year=2014&month=12&day=01
2014,hot100,2014-11-26,67,あなたを想う風,HY,https://www.billboard-japan.com/charts/detail?a=hot100&year=2014&month=12&day=01
2014,hot100,2014-11-26,68,You Gotta Love Me!,かと*ふく(加藤英美里&福原香織),https://www.billboard-japan.com/charts/detail?a=hot100&year=2014&month=12&day=01
2014,hot100,2014-11-26,69,Mr.Snowman,E-girls,https://www.billboard-japan.com/charts/detail?a=hot100&year=2014&month=12&day=01
2014,hot100,2014-11-26,70,ワン・ウーマン・ショー〜甘い幻〜,ポルノグラフィティ,https://www.billboard-japan.com/charts/detail?a=hot100&year=2014&month=12&day=01
2014,hot100,2014-11-26,71,7-seven-,FLOW × GRANRODEO,https://www.billboard-japan.com/charts/detail?a=hot100&year=2014&month=12&day=01
2014,hot100,2014-11-26,72,サムシング・フロム・ナッシング,フー・ファイターズ,https://www.billboard-japan.com/charts/detail?a=hot100&year=2014&month=12&day=01
2014,hot100,2014-11-26,73,STARGET,THE ORAL CIGARETTES,https://www.billboard-japan.com/charts/detail?a=hot100&year=2014&month=12&day=01
2014,hot100,2014-11-26,74,How long?,KNOCK OUT MONKEY,https://www.billboard-japan.com/charts/detail?a=hot100&year=2014&month=12&day=01
2014,hot100,2014-11-26,75,ブレイム feat.ジョン・ニューマン,カルヴィン・ハリス,https://www.billboard-japan.com/charts/detail?a=hot100&year=2014&month=12&day=01
2014,hot100,2014-11-26,76,Mission D,小野大輔,https://www.billboard-japan.com/charts/detail?a=hot100&year=2014&month=12&day=01
2014,hot100,2014-11-26,77,アイ・ウォント・レット・ユー・ダウン,OK GO,https://www.billboard-japan.com/charts/detail?a=hot100&year=2014&month=12&day=01
2014,hot100,2014-11-26,78,ザクロの実,植田真梨恵,https://www.billboard-japan.com/charts/detail?a=hot100&year=2014&month=12&day=01
2014,hot100,2014-11-26,79,祭り囃子でゲラゲラポー,キング・クリームソーダ,https://www.billboard-japan.com/charts/detail?a=hot100&year=2014&month=12&day=01
2014,hot100,2014-11-26,80,ブランク・スペース,テイラー・スウィフト,https://www.billboard-japan.com/charts/detail?a=hot100&year=2014&month=12&day=01
2014,hot100,2014-11-26,81,デジタルモグラ,ゲスの極み乙女。,https://www.billboard-japan.com/charts/detail?a=hot100&year=2014&month=12&day=01
2014,hot100,2014-11-26,82,アップタウン・ファンク feat.ブルーノ・マーズ,マーク・ロンソン,https://www.billboard-japan.com/charts/detail?a=hot100&year=2014&month=12&day=01
2014,hot100,2014-11-26,83,ふれあうだけで〜Always with you〜,三浦大知,https://www.billboard-japan.com/charts/detail?a=hot100&year=2014&month=12&day=01
2014,hot100,2014-11-26,84,ルード★それでも僕は結婚する,マジック!,https://www.billboard-japan.com/charts/detail?a=hot100&year=2014&month=12&day=01
2014,hot100,2014-11-26,85,ザ・デイズ,アヴィーチー,https://www.billboard-japan.com/charts/detail?a=hot100&year=2014&month=12&day=01
2014,hot100,2014-11-26,86,ふたりで歩けば,山崎あおい,https://www.billboard-japan.com/charts/detail?a=hot100&year=2014&month=12&day=01
2014,hot100,2014-11-26,87,ダーリン,Dream,https://www.billboard-japan.com/charts/detail?a=hot100&year=2014&month=12&day=01
2014,hot100,2014-11-26,88,Twilight,コブクロ,https://www.billboard-japan.com/charts/detail?a=hot100&year=2014&month=12&day=01
2014,hot100,2014-11-26,89,CRY OUT,SuG,https://www.billboard-japan.com/charts/detail?a=hot100&year=2014&month=12&day=01
2014,hot100,2014-11-26,90,ideal white,綾野ましろ,https://www.billboard-japan.com/charts/detail?a=hot100&year=2014&month=12&day=01
2014,hot100,2014-11-26,91,彼氏になって優しくなって,岡村靖幸,https://www.billboard-japan.com/charts/detail?a=hot100&year=2014&month=12&day=01
2014,hot100,2014-11-26,92,シルエット,KANA-BOON,https://www.billboard-japan.com/charts/detail?a=hot100&year=2014&month=12&day=01
2014,hot100,2014-11-26,93,AMAZING BREAK,TERRASPEX,https://www.billboard-japan.com/charts/detail?a=hot100&year=2014&month=12&day=01
2014,hot100,2014-11-26,94,キミノミライ,ROOT FIVE,https://www.billboard-japan.com/charts/detail?a=hot100&year=2014&month=12&day=01
2014,hot100,2014-11-26,95,ダン・ダン ドゥビ・ズバー!,Dream5 + ブリー隊長,https://www.billboard-japan.com/charts/detail?a=hot100&year=2014&month=12&day=01
2014,hot100,2014-11-26,96,日々,吉田山田,https://www.billboard-japan.com/charts/detail?a=hot100&year=2014&month=12&day=01
2014,hot100,2014-11-26,97,Story,AI,https://www.billboard-japan.com/charts/detail?a=hot100&year=2014&month=12&day=01
2014,hot100,2014-11-26,98,言ったじゃないか,関ジャニ∞[エイト],https://www.billboard-japan.com/charts/detail?a=hot100&year=2014&month=12&day=01
2014,hot100,2014-11-26,99,終わりなき午後の冒険者,爆弾ジョニー,https://www.billboard-japan.com/charts/detail?a=hot100&year=2014&month=12&day=01
2014,hot100,2014-11-26,100,薄紅,中田裕二,https://www.billboard-japan.com/charts/detail?a=hot100&year=2014&month=12&day=01
2014,hot100,2014-12-03,1,希望的リフレイン,AKB48,https://www.billboard-japan.com/charts/detail?a=hot100&year=2014&month=12&day=08
2014,hot100,2014-12-03,2,Time Works Wonders,東方神起,https://www.billboard-japan.com/charts/detail?a=hot100&year=2014&month=12&day=08
2014,hot100,2014-12-03,3,Mr.Snowman,E-girls,https://www.billboard-japan.com/charts/detail?a=hot100&year=2014&month=12&day=08
2014,hot100,2014-12-03,4,ファイター,BUMP OF CHICKEN,https://www.billboard-japan.com/charts/detail?a=hot100&year=2014&month=12&day=08
2014,hot100,2014-12-03,5,Happiness,シェネル,https://www.billboard-japan.com/charts/detail?a=hot100&year=2014&month=12&day=08
2014,hot100,2014-12-03,6,秋のあなたの空遠く,"lily white〜園田海未(三森すずこ),星空凛(飯田里穂),東條希(楠田亜衣奈)from μ's〜",https://www.billboard-japan.com/charts/detail?a=hot100&year=2014&month=12&day=08
2014,hot100,2014-12-03,7,Silly,家入レオ,https://www.billboard-japan.com/charts/detail?a=hot100&year=2014&month=12&day=08
2014,hot100,2014-12-03,8,パレード,BUMP OF CHICKEN,https://www.billboard-japan.com/charts/detail?a=hot100&year=2014&month=12&day=08
2014,hot100,2014-12-03,9,シルエット,KANA-BOON,https://www.billboard-japan.com/charts/detail?a=hot100&year=2014&month=12&day=08
2014,hot100,2014-12-03,10,DREAM TRIGGER,東京パフォーマンスドール,https://www.billboard-japan.com/charts/detail?a=hot100&year=2014&month=12&day=08
2014,hot100,2014-12-03,11,足音〜Be Strong,Mr.Children,https://www.billboard-japan.com/charts/detail?a=hot100&year=2014&month=12&day=08
2014,hot100,2014-12-03,12,でんぱーりーナイト,でんぱ組.inc,https://www.billboard-japan.com/charts/detail?a=hot100&year=2014&month=12&day=08
2014,hot100,2014-12-03,13,Dragon Night,SEKAI NO OWARI,https://www.billboard-japan.com/charts/detail?a=hot100&year=2014&month=12&day=08
2014,hot100,2014-12-03,14,BRIGHTER DAY,安室奈美恵,https://www.billboard-japan.com/charts/detail?a=hot100&year=2014&month=12&day=08
2014,hot100,2014-12-03,15,サンキュー。,大原櫻子,https://www.billboard-japan.com/charts/detail?a=hot100&year=2014&month=12&day=08
2014,hot100,2014-12-03,16,スティール・マイ・ガール,ワン・ダイレクション,https://www.billboard-japan.com/charts/detail?a=hot100&year=2014&month=12&day=08
2014,hot100,2014-12-03,17,7-seven-,FLOW × GRANRODEO,https://www.billboard-japan.com/charts/detail?a=hot100&year=2014&month=12&day=08
2014,hot100,2014-12-03,18,Fall,槇原敬之,https://www.billboard-japan.com/charts/detail?a=hot100&year=2014&month=12&day=08
2014,hot100,2014-12-03,19,好き,西野カナ,https://www.billboard-japan.com/charts/detail?a=hot100&year=2014&month=12&day=08
2014,hot100,2014-12-03,20,光るなら,Goose house,https://www.billboard-japan.com/charts/detail?a=hot100&year=2014&month=12&day=08
2014,hot100,2014-12-03,21,Darling,西野カナ,https://www.billboard-japan.com/charts/detail?a=hot100&year=2014&month=12&day=08
2014,hot100,2014-12-03,22,ジャポネスク×ロマネスク,アフィリア・サーガ,https://www.billboard-japan.com/charts/detail?a=hot100&year=2014&month=12&day=08
2014,hot100,2014-12-03,23,Bargain girl,愛乙女★DOLL,https://www.billboard-japan.com/charts/detail?a=hot100&year=2014&month=12&day=08
2014,hot100,2014-12-03,24,愛をからだに吹き込んで,Superfly,https://www.billboard-japan.com/charts/detail?a=hot100&year=2014&month=12&day=08
2014,hot100,2014-12-03,25,シェイク・イット・オフ〜気にしてなんかいられないっ!!,テイラー・スウィフト,https://www.billboard-japan.com/charts/detail?a=hot100&year=2014&month=12&day=08
2014,hot100,2014-12-03,26,R.Y.U.S.E.I.,三代目 J Soul Brothers from EXILE TRIBE,https://www.billboard-japan.com/charts/detail?a=hot100&year=2014&month=12&day=08
2014,hot100,2014-12-03,27,あたしの向こう,aiko,https://www.billboard-japan.com/charts/detail?a=hot100&year=2014&month=12&day=08
2014,hot100,2014-12-03,28,君にHITOMEBORE,Sexy Zone,https://www.billboard-japan.com/charts/detail?a=hot100&year=2014&month=12&day=08
2014,hot100,2014-12-03,29,Fallen,EGOIST,https://www.billboard-japan.com/charts/detail?a=hot100&year=2014&month=12&day=08
2014,hot100,2014-12-03,30,GOLDEN GIRL,いきものがかり,https://www.billboard-japan.com/charts/detail?a=hot100&year=2014&month=12&day=08
2014,hot100,2014-12-03,31,Liar Mask,真山りか,https://www.billboard-japan.com/charts/detail?a=hot100&year=2014&month=12&day=08
2014,hot100,2014-12-03,32,ひまわりの約束,秦基博,https://www.billboard-japan.com/charts/detail?a=hot100&year=2014&month=12&day=08
2014,hot100,2014-12-03,33,心のプラカード,AKB48,https://www.billboard-japan.com/charts/detail?a=hot100&year=2014&month=12&day=08
2014,hot100,2014-12-03,34,believe,Kalafina,https://www.billboard-japan.com/charts/detail?a=hot100&year=2014&month=12&day=08
2014,hot100,2014-12-03,35,麦の唄,中島みゆき,https://www.billboard-japan.com/charts/detail?a=hot100&year=2014&month=12&day=08
2014,hot100,2014-12-03,36,結-yui-,浜端ヨウヘイ,https://www.billboard-japan.com/charts/detail?a=hot100&year=2014&month=12&day=08
2014,hot100,2014-12-03,37,仲間,LIFriends,https://www.billboard-japan.com/charts/detail?a=hot100&year=2014&month=12&day=08
2014,hot100,2014-12-03,38,らしくない,NMB48,https://www.billboard-japan.com/charts/detail?a=hot100&year=2014&month=12&day=08
2014,hot100,2014-12-03,39,アップタウン・ファンク feat.ブルーノ・マーズ,マーク・ロンソン,https://www.billboard-japan.com/charts/detail?a=hot100&year=2014&month=12&day=08
2014,hot100,2014-12-03,40,パラボラヴァ,スキマスイッチ,https://www.billboard-japan.com/charts/detail?a=hot100&year=2014&month=12&day=08
2014,hot100,2014-12-03,41,愛してる愛して欲しい,サンボマスター,https://www.billboard-japan.com/charts/detail?a=hot100&year=2014&month=12&day=08
2014,hot100,2014-12-03,42,ビバ!乙女の大冒険っ!!,乙女新党,https://www.billboard-japan.com/charts/detail?a=hot100&year=2014&month=12&day=08
2014,hot100,2014-12-03,43,虎虎タイガー!!,ベイビーレイズ,https://www.billboard-japan.com/charts/detail?a=hot100&year=2014&month=12&day=08
2014,hot100,2014-12-03,44,鍵のない箱,KinKi Kids,https://www.billboard-japan.com/charts/detail?a=hot100&year=2014&month=12&day=08
2014,hot100,2014-12-03,45,ブランク・スペース,テイラー・スウィフト,https://www.billboard-japan.com/charts/detail?a=hot100&year=2014&month=12&day=08
2014,hot100,2014-12-03,46,セレブレート(フロム・ペンギンズ・オブ・マダガスカル),ピットブル,https://www.billboard-japan.com/charts/detail?a=hot100&year=2014&month=12&day=08
2014,hot100,2014-12-03,47,C.O.S.M.O.S.〜秋桜〜,三代目 J Soul Brothers from EXILE TRIBE,https://www.billboard-japan.com/charts/detail?a=hot100&year=2014&month=12&day=08
2014,hot100,2014-12-03,48,あなたを想う風,HY,https://www.billboard-japan.com/charts/detail?a=hot100&year=2014&month=12&day=08
2014,hot100,2014-12-03,49,ワガママ,Nissy,https://www.billboard-japan.com/charts/detail?a=hot100&year=2014&month=12&day=08
2014,hot100,2014-12-03,50,熱情のスペクトラム,いきものがかり,https://www.billboard-japan.com/charts/detail?a=hot100&year=2014&month=12&day=08
2014,hot100,2014-12-03,51,君の待つ世界,LAGOON,https://www.billboard-japan.com/charts/detail?a=hot100&year=2014&month=12&day=08
2014,hot100,2014-12-03,52,RPG,SEKAI NO OWARI,https://www.billboard-japan.com/charts/detail?a=hot100&year=2014&month=12&day=08
2014,hot100,2014-12-03,53,ミュージック・アンド・イッツ・マジカル・ウェイ,ジャロッド・ローソン,https://www.billboard-japan.com/charts/detail?a=hot100&year=2014&month=12&day=08
2014,hot100,2014-12-03,54,O.R.I.O.N.,三代目 J Soul Brothers from EXILE TRIBE,https://www.billboard-japan.com/charts/detail?a=hot100&year=2014&month=12&day=08
2014,hot100,2014-12-03,55,ドゥ・ゼイ・ノウ・イッツ・クリスマス?(2014),バンド・エイド30,https://www.billboard-japan.com/charts/detail?a=hot100&year=2014&month=12&day=08
2014,hot100,2014-12-03,56,希望の環(WA),miwa,https://www.billboard-japan.com/charts/detail?a=hot100&year=2014&month=12&day=08
2014,hot100,2014-12-03,57,デンジャラス,ルーマー,https://www.billboard-japan.com/charts/detail?a=hot100&year=2014&month=12&day=08
2014,hot100,2014-12-03,58,永遠フレンズ,Printemps(高坂穂乃果・南ことり・小泉花陽)from μ's,https://www.billboard-japan.com/charts/detail?a=hot100&year=2014&month=12&day=08
2014,hot100,2014-12-03,59,COLORFUL BOX,石田燿子,https://www.billboard-japan.com/charts/detail?a=hot100&year=2014&month=12&day=08
2014,hot100,2014-12-03,60,WHITE of CRIME,REVALCY,https://www.billboard-japan.com/charts/detail?a=hot100&year=2014&month=12&day=08
2014,hot100,2014-12-03,61,冬が来る,Salley,https://www.billboard-japan.com/charts/detail?a=hot100&year=2014&month=12&day=08
2014,hot100,2014-12-03,62,恋のサイン,INFINITE F,https://www.billboard-japan.com/charts/detail?a=hot100&year=2014&month=12&day=08
2014,hot100,2014-12-03,63,クリスマス・イブ,イディナ・メンゼル,https://www.billboard-japan.com/charts/detail?a=hot100&year=2014&month=12&day=08
2014,hot100,2014-12-03,64,Image,SCANDAL,https://www.billboard-japan.com/charts/detail?a=hot100&year=2014&month=12&day=08
2014,hot100,2014-12-03,65,祭り囃子でゲラゲラポー,キング・クリームソーダ,https://www.billboard-japan.com/charts/detail?a=hot100&year=2014&month=12&day=08
2014,hot100,2014-12-03,66,さよならはエモーション,サカナクション,https://www.billboard-japan.com/charts/detail?a=hot100&year=2014&month=12&day=08
2014,hot100,2014-12-03,67,#Music,ケツメイシ,https://www.billboard-japan.com/charts/detail?a=hot100&year=2014&month=12&day=08
2014,hot100,2014-12-03,68,Seek A Light,Happiness,https://www.billboard-japan.com/charts/detail?a=hot100&year=2014&month=12&day=08
2014,hot100,2014-12-03,69,How long?,KNOCK OUT MONKEY,https://www.billboard-japan.com/charts/detail?a=hot100&year=2014&month=12&day=08
2014,hot100,2014-12-03,70,ブレイク・フリー feat.ゼッド,アリアナ・グランデ,https://www.billboard-japan.com/charts/detail?a=hot100&year=2014&month=12&day=08
2014,hot100,2014-12-03,71,もしもの話,ももちひろこ,https://www.billboard-japan.com/charts/detail?a=hot100&year=2014&month=12&day=08
2014,hot100,2014-12-03,72,にじいろ,絢香,https://www.billboard-japan.com/charts/detail?a=hot100&year=2014&month=12&day=08
2014,hot100,2014-12-03,73,秋風のアンサー,Flower,https://www.billboard-japan.com/charts/detail?a=hot100&year=2014&month=12&day=08
2014,hot100,2014-12-03,74,日々,吉田山田,https://www.billboard-japan.com/charts/detail?a=hot100&year=2014&month=12&day=08
2014,hot100,2014-12-03,75,何度目の青空か?,乃木坂46,https://www.billboard-japan.com/charts/detail?a=hot100&year=2014&month=12&day=08
2014,hot100,2014-12-03,76,アイ・ウォント・レット・ユー・ダウン,OK GO,https://www.billboard-japan.com/charts/detail?a=hot100&year=2014&month=12&day=08
2014,hot100,2014-12-03,77,言ったじゃないか,関ジャニ∞[エイト],https://www.billboard-japan.com/charts/detail?a=hot100&year=2014&month=12&day=08
2014,hot100,2014-12-03,78,ジュリエット,アフター・ロミオ,https://www.billboard-japan.com/charts/detail?a=hot100&year=2014&month=12&day=08
2014,hot100,2014-12-03,79,Enigmatic Feeling,凛として時雨,https://www.billboard-japan.com/charts/detail?a=hot100&year=2014&month=12&day=08
2014,hot100,2014-12-03,80,ガット・ユア・バック,CRADLE ORCHESTRA & ジョヴァンカ,https://www.billboard-japan.com/charts/detail?a=hot100&year=2014&month=12&day=08
2014,hot100,2014-12-03,81,デジタルモグラ,ゲスの極み乙女。,https://www.billboard-japan.com/charts/detail?a=hot100&year=2014&month=12&day=08
2014,hot100,2014-12-03,82,クリスマス・クワイア,ゴスペラーズ,https://www.billboard-japan.com/charts/detail?a=hot100&year=2014&month=12&day=08
2014,hot100,2014-12-03,83,マジック,go!go!vanillas,https://www.billboard-japan.com/charts/detail?a=hot100&year=2014&month=12&day=08
2014,hot100,2014-12-03,84,Precious Love,EXILE ATSUSHI,https://www.billboard-japan.com/charts/detail?a=hot100&year=2014&month=12&day=08
2014,hot100,2014-12-03,85,Seven Doors,ZAQ,https://www.billboard-japan.com/charts/detail?a=hot100&year=2014&month=12&day=08
2014,hot100,2014-12-03,86,ハッピー,ファレル・ウィリアムス,https://www.billboard-japan.com/charts/detail?a=hot100&year=2014&month=12&day=08
2014,hot100,2014-12-03,87,Always Love U,シェネル,https://www.billboard-japan.com/charts/detail?a=hot100&year=2014&month=12&day=08
2014,hot100,2014-12-03,88,ダン・ダン ドゥビ・ズバー!,Dream5 + ブリー隊長,https://www.billboard-japan.com/charts/detail?a=hot100&year=2014&month=12&day=08
2014,hot100,2014-12-03,89,ゲラゲラポーのうた,キング・クリームソーダ,https://www.billboard-japan.com/charts/detail?a=hot100&year=2014&month=12&day=08
2014,hot100,2014-12-03,90,銀閃の風,鈴木このみ,https://www.billboard-japan.com/charts/detail?a=hot100&year=2014&month=12&day=08
2014,hot100,2014-12-03,91,星のうつわ,スキマスイッチ,https://www.billboard-japan.com/charts/detail?a=hot100&year=2014&month=12&day=08
2014,hot100,2014-12-03,92,ルード★それでも僕は結婚する,マジック!,https://www.billboard-japan.com/charts/detail?a=hot100&year=2014&month=12&day=08
2014,hot100,2014-12-03,93,Determination,LASTGASP,https://www.billboard-japan.com/charts/detail?a=hot100&year=2014&month=12&day=08
2014,hot100,2014-12-03,94,クリスマス・イブ,山下達郎,https://www.billboard-japan.com/charts/detail?a=hot100&year=2014&month=12&day=08
2014,hot100,2014-12-03,95,ゆるゆりんりんりんりんりん,七森中★ごらく部,https://www.billboard-japan.com/charts/detail?a=hot100&year=2014&month=12&day=08
2014,hot100,2014-12-03,96,GUTS!,嵐,https://www.billboard-japan.com/charts/detail?a=hot100&year=2014&month=12&day=08
2014,hot100,2014-12-03,97,デンジャラス feat.サム・マーティン,デヴィッド・ゲッタ,https://www.billboard-japan.com/charts/detail?a=hot100&year=2014&month=12&day=08
2014,hot100,2014-12-03,98,さよならの前に,AAA,https://www.billboard-japan.com/charts/detail?a=hot100&year=2014&month=12&day=08
2014,hot100,2014-12-03,99,ふれあうだけで〜Always with you〜,三浦大知,https://www.billboard-japan.com/charts/detail?a=hot100&year=2014&month=12&day=08
2014,hot100,2014-12-03,100,Story,AI,https://www.billboard-japan.com/charts/detail?a=hot100&year=2014&month=12&day=08
2014,hot100,2014-12-10,1,がむしゃら行進曲,関ジャニ∞[エイト],https://www.billboard-japan.com/charts/detail?a=hot100&year=2014&month=12&day=15
2014,hot100,2014-12-10,2,希望的リフレイン,AKB48,https://www.billboard-japan.com/charts/detail?a=hot100&year=2014&month=12&day=15
2014,hot100,2014-12-10,3,courage,戸松遥,https://www.billboard-japan.com/charts/detail?a=hot100&year=2014&month=12&day=15
2014,hot100,2014-12-10,4,Happiness,シェネル,https://www.billboard-japan.com/charts/detail?a=hot100&year=2014&month=12&day=15
2014,hot100,2014-12-10,5,Dragon Night,SEKAI NO OWARI,https://www.billboard-japan.com/charts/detail?a=hot100&year=2014&month=12&day=15
2014,hot100,2014-12-10,6,Mr.Snowman,E-girls,https://www.billboard-japan.com/charts/detail?a=hot100&year=2014&month=12&day=15
2014,hot100,2014-12-10,7,星のうつわ,スキマスイッチ,https://www.billboard-japan.com/charts/detail?a=hot100&year=2014&month=12&day=15
2014,hot100,2014-12-10,8,ファイター,BUMP OF CHICKEN,https://www.billboard-japan.com/charts/detail?a=hot100&year=2014&month=12&day=15
2014,hot100,2014-12-10,9,Silly,家入レオ,https://www.billboard-japan.com/charts/detail?a=hot100&year=2014&month=12&day=15
2014,hot100,2014-12-10,10,恋い雪,Silent Siren,https://www.billboard-japan.com/charts/detail?a=hot100&year=2014&month=12&day=15
2014,hot100,2014-12-10,11,変顔でバイバイ!!,DISH//,https://www.billboard-japan.com/charts/detail?a=hot100&year=2014&month=12&day=15
2014,hot100,2014-12-10,12,足音〜Be Strong,Mr.Children,https://www.billboard-japan.com/charts/detail?a=hot100&year=2014&month=12&day=15
2014,hot100,2014-12-10,13,Time Works Wonders,東方神起,https://www.billboard-japan.com/charts/detail?a=hot100&year=2014&month=12&day=15
2014,hot100,2014-12-10,14,SURPRISE-DRIVE,Mitsuru Matsuoka EARNEST DRIVE,https://www.billboard-japan.com/charts/detail?a=hot100&year=2014&month=12&day=15
2014,hot100,2014-12-10,15,パレード,BUMP OF CHICKEN,https://www.billboard-japan.com/charts/detail?a=hot100&year=2014&month=12&day=15
2014,hot100,2014-12-10,16,BRIGHTER DAY,安室奈美恵,https://www.billboard-japan.com/charts/detail?a=hot100&year=2014&month=12&day=15
2014,hot100,2014-12-10,17,Darling,西野カナ,https://www.billboard-japan.com/charts/detail?a=hot100&year=2014&month=12&day=15
2014,hot100,2014-12-10,18,スティール・マイ・ガール,ワン・ダイレクション,https://www.billboard-japan.com/charts/detail?a=hot100&year=2014&month=12&day=15
2014,hot100,2014-12-10,19,R.Y.U.S.E.I.,三代目 J Soul Brothers from EXILE TRIBE,https://www.billboard-japan.com/charts/detail?a=hot100&year=2014&month=12&day=15
2014,hot100,2014-12-10,20,秘密のクチヅケ,蒼井翔太,https://www.billboard-japan.com/charts/detail?a=hot100&year=2014&month=12&day=15
2014,hot100,2014-12-10,21,シルエット,KANA-BOON,https://www.billboard-japan.com/charts/detail?a=hot100&year=2014&month=12&day=15
2014,hot100,2014-12-10,22,あなたを想う風,HY,https://www.billboard-japan.com/charts/detail?a=hot100&year=2014&month=12&day=15
2014,hot100,2014-12-10,23,ふれあうだけで〜Always with you〜,三浦大知,https://www.billboard-japan.com/charts/detail?a=hot100&year=2014&month=12&day=15
2014,hot100,2014-12-10,24,Fall,槇原敬之,https://www.billboard-japan.com/charts/detail?a=hot100&year=2014&month=12&day=15
2014,hot100,2014-12-10,25,シェイク・イット・オフ〜気にしてなんかいられないっ!!,テイラー・スウィフト,https://www.billboard-japan.com/charts/detail?a=hot100&year=2014&month=12&day=15
2014,hot100,2014-12-10,26,ひまわりの約束,秦基博,https://www.billboard-japan.com/charts/detail?a=hot100&year=2014&month=12&day=15
2014,hot100,2014-12-10,27,光のシュプール,Negicco,https://www.billboard-japan.com/charts/detail?a=hot100&year=2014&month=12&day=15
2014,hot100,2014-12-10,28,サンキュー。,大原櫻子,https://www.billboard-japan.com/charts/detail?a=hot100&year=2014&month=12&day=15
2014,hot100,2014-12-10,29,好き,西野カナ,https://www.billboard-japan.com/charts/detail?a=hot100&year=2014&month=12&day=15
2014,hot100,2014-12-10,30,愛をからだに吹き込んで,Superfly,https://www.billboard-japan.com/charts/detail?a=hot100&year=2014&month=12&day=15
2014,hot100,2014-12-10,31,光るなら,Goose house,https://www.billboard-japan.com/charts/detail?a=hot100&year=2014&month=12&day=15
2014,hot100,2014-12-10,32,生きて,Aqua Timez,https://www.billboard-japan.com/charts/detail?a=hot100&year=2014&month=12&day=15
2014,hot100,2014-12-10,33,アップタウン・ファンク feat.ブルーノ・マーズ,マーク・ロンソン,https://www.billboard-japan.com/charts/detail?a=hot100&year=2014&month=12&day=15
2014,hot100,2014-12-10,34,心のプラカード,AKB48,https://www.billboard-japan.com/charts/detail?a=hot100&year=2014&month=12&day=15
2014,hot100,2014-12-10,35,KICKS!,THE BAWDIES,https://www.billboard-japan.com/charts/detail?a=hot100&year=2014&month=12&day=15
2014,hot100,2014-12-10,36,Image,SCANDAL,https://www.billboard-japan.com/charts/detail?a=hot100&year=2014&month=12&day=15
2014,hot100,2014-12-10,37,セレブレート(フロム・ペンギンズ・オブ・マダガスカル),ピットブル,https://www.billboard-japan.com/charts/detail?a=hot100&year=2014&month=12&day=15
2014,hot100,2014-12-10,38,秋のあなたの空遠く,"lily white〜園田海未(三森すずこ),星空凛(飯田里穂),東條希(楠田亜衣奈)from μ's〜",https://www.billboard-japan.com/charts/detail?a=hot100&year=2014&month=12&day=15
2014,hot100,2014-12-10,39,O.R.I.O.N.,三代目 J Soul Brothers from EXILE TRIBE,https://www.billboard-japan.com/charts/detail?a=hot100&year=2014&month=12&day=15
2014,hot100,2014-12-10,40,クリスマス・イブ,イディナ・メンゼル,https://www.billboard-japan.com/charts/detail?a=hot100&year=2014&month=12&day=15
2014,hot100,2014-12-10,41,絶対,新山詩織,https://www.billboard-japan.com/charts/detail?a=hot100&year=2014&month=12&day=15
2014,hot100,2014-12-10,42,ソレデモシタイ,平井堅,https://www.billboard-japan.com/charts/detail?a=hot100&year=2014&month=12&day=15
2014,hot100,2014-12-10,43,あたしの向こう,aiko,https://www.billboard-japan.com/charts/detail?a=hot100&year=2014&month=12&day=15
2014,hot100,2014-12-10,44,未来へ,SHU-I,https://www.billboard-japan.com/charts/detail?a=hot100&year=2014&month=12&day=15
2014,hot100,2014-12-10,45,ブランク・スペース,テイラー・スウィフト,https://www.billboard-japan.com/charts/detail?a=hot100&year=2014&month=12&day=15
2014,hot100,2014-12-10,46,伝説のFLARE,Pile,https://www.billboard-japan.com/charts/detail?a=hot100&year=2014&month=12&day=15
2014,hot100,2014-12-10,47,さよならベル,indigo la End,https://www.billboard-japan.com/charts/detail?a=hot100&year=2014&month=12&day=15
2014,hot100,2014-12-10,48,12月のカンガルー,SKE48,https://www.billboard-japan.com/charts/detail?a=hot100&year=2014&month=12&day=15
2014,hot100,2014-12-10,49,GOLDEN GIRL,いきものがかり,https://www.billboard-japan.com/charts/detail?a=hot100&year=2014&month=12&day=15
2014,hot100,2014-12-10,50,パラボラヴァ,スキマスイッチ,https://www.billboard-japan.com/charts/detail?a=hot100&year=2014&month=12&day=15
2014,hot100,2014-12-10,51,言ったじゃないか,関ジャニ∞[エイト],https://www.billboard-japan.com/charts/detail?a=hot100&year=2014&month=12&day=15
2014,hot100,2014-12-10,52,C.O.S.M.O.S.〜秋桜〜,三代目 J Soul Brothers from EXILE TRIBE,https://www.billboard-japan.com/charts/detail?a=hot100&year=2014&month=12&day=15
2014,hot100,2014-12-10,53,Fallen,EGOIST,https://www.billboard-japan.com/charts/detail?a=hot100&year=2014&month=12&day=15
2014,hot100,2014-12-10,54,RPG,SEKAI NO OWARI,https://www.billboard-japan.com/charts/detail?a=hot100&year=2014&month=12&day=15
2014,hot100,2014-12-10,55,恋人たちのクリスマス,マライア・キャリー,https://www.billboard-japan.com/charts/detail?a=hot100&year=2014&month=12&day=15
2014,hot100,2014-12-10,56,麦の唄,中島みゆき,https://www.billboard-japan.com/charts/detail?a=hot100&year=2014&month=12&day=15
2014,hot100,2014-12-10,57,でんぱーりーナイト,でんぱ組.inc,https://www.billboard-japan.com/charts/detail?a=hot100&year=2014&month=12&day=15
2014,hot100,2014-12-10,58,7-seven-,FLOW × GRANRODEO,https://www.billboard-japan.com/charts/detail?a=hot100&year=2014&month=12&day=15
2014,hot100,2014-12-10,59,君にHITOMEBORE,Sexy Zone,https://www.billboard-japan.com/charts/detail?a=hot100&year=2014&month=12&day=15
2014,hot100,2014-12-10,60,ラストシーン,JUJU,https://www.billboard-japan.com/charts/detail?a=hot100&year=2014&month=12&day=15
2014,hot100,2014-12-10,61,仲間,LIFriends,https://www.billboard-japan.com/charts/detail?a=hot100&year=2014&month=12&day=15
2014,hot100,2014-12-10,62,ラスト・グッバイ,DEEP,https://www.billboard-japan.com/charts/detail?a=hot100&year=2014&month=12&day=15
2014,hot100,2014-12-10,63,にじいろ,絢香,https://www.billboard-japan.com/charts/detail?a=hot100&year=2014&month=12&day=15
2014,hot100,2014-12-10,64,キラメキ,wacci,https://www.billboard-japan.com/charts/detail?a=hot100&year=2014&month=12&day=15
2014,hot100,2014-12-10,65,トゥルーエンドプレイヤー,アイドルカレッジ,https://www.billboard-japan.com/charts/detail?a=hot100&year=2014&month=12&day=15
2014,hot100,2014-12-10,66,DREAM TRIGGER,東京パフォーマンスドール,https://www.billboard-japan.com/charts/detail?a=hot100&year=2014&month=12&day=15
2014,hot100,2014-12-10,67,日々,吉田山田,https://www.billboard-japan.com/charts/detail?a=hot100&year=2014&month=12&day=15
2014,hot100,2014-12-10,68,ドゥ・ゼイ・ノウ・イッツ・クリスマス?(2014),バンド・エイド30,https://www.billboard-japan.com/charts/detail?a=hot100&year=2014&month=12&day=15
2014,hot100,2014-12-10,69,さらば青春,Drop's,https://www.billboard-japan.com/charts/detail?a=hot100&year=2014&month=12&day=15
2014,hot100,2014-12-10,70,ANNIVERSARY,JUJU,https://www.billboard-japan.com/charts/detail?a=hot100&year=2014&month=12&day=15
2014,hot100,2014-12-10,71,クリスマス・イブ,山下達郎,https://www.billboard-japan.com/charts/detail?a=hot100&year=2014&month=12&day=15
2014,hot100,2014-12-10,72,熱情のスペクトラム,いきものがかり,https://www.billboard-japan.com/charts/detail?a=hot100&year=2014&month=12&day=15
2014,hot100,2014-12-10,73,雪の華,中島美嘉,https://www.billboard-japan.com/charts/detail?a=hot100&year=2014&month=12&day=15
2014,hot100,2014-12-10,74,何度目の青空か?,乃木坂46,https://www.billboard-japan.com/charts/detail?a=hot100&year=2014&month=12&day=15
2014,hot100,2014-12-10,75,かなわないゆめ,秀吉,https://www.billboard-japan.com/charts/detail?a=hot100&year=2014&month=12&day=15
2014,hot100,2014-12-10,76,Precious Love,EXILE ATSUSHI,https://www.billboard-japan.com/charts/detail?a=hot100&year=2014&month=12&day=15
2014,hot100,2014-12-10,77,believe,Kalafina,https://www.billboard-japan.com/charts/detail?a=hot100&year=2014&month=12&day=15
2014,hot100,2014-12-10,78,ザ・ナイツ,アヴィーチー,https://www.billboard-japan.com/charts/detail?a=hot100&year=2014&month=12&day=15
2014,hot100,2014-12-10,79,デンジャラス feat.サム・マーティン,デヴィッド・ゲッタ,https://www.billboard-japan.com/charts/detail?a=hot100&year=2014&month=12&day=15
2014,hot100,2014-12-10,80,FLY,BoA,https://www.billboard-japan.com/charts/detail?a=hot100&year=2014&month=12&day=15
2014,hot100,2014-12-10,81,ハッピー,ファレル・ウィリアムス,https://www.billboard-japan.com/charts/detail?a=hot100&year=2014&month=12&day=15
2014,hot100,2014-12-10,82,クリスマス・クワイア,ゴスペラーズ,https://www.billboard-japan.com/charts/detail?a=hot100&year=2014&month=12&day=15
2014,hot100,2014-12-10,83,有頂天ガール,バニラビーンズ,https://www.billboard-japan.com/charts/detail?a=hot100&year=2014&month=12&day=15
2014,hot100,2014-12-10,84,LOVE GOOD TIME,SpecialThanks,https://www.billboard-japan.com/charts/detail?a=hot100&year=2014&month=12&day=15
2014,hot100,2014-12-10,85,ラスト・クリスマス,ワム!,https://www.billboard-japan.com/charts/detail?a=hot100&year=2014&month=12&day=15
2014,hot100,2014-12-10,86,Story,AI,https://www.billboard-japan.com/charts/detail?a=hot100&year=2014&month=12&day=15
2014,hot100,2014-12-10,87,ディセンバー,アース・ウィンド&ファイアー,https://www.billboard-japan.com/charts/detail?a=hot100&year=2014&month=12&day=15
2014,hot100,2014-12-10,88,デジタルモグラ,ゲスの極み乙女。,https://www.billboard-japan.com/charts/detail?a=hot100&year=2014&month=12&day=15
2014,hot100,2014-12-10,89,ガット・ユア・バック,CRADLE ORCHESTRA & ジョヴァンカ,https://www.billboard-japan.com/charts/detail?a=hot100&year=2014&month=12&day=15
2014,hot100,2014-12-10,90,プレイボール,AC/DC,https://www.billboard-japan.com/charts/detail?a=hot100&year=2014&month=12&day=15
2014,hot100,2014-12-10,91,ハピネス,AI,https://www.billboard-japan.com/charts/detail?a=hot100&year=2014&month=12&day=15
2014,hot100,2014-12-10,92,サンタ・テル・ミー,アリアナ・グランデ,https://www.billboard-japan.com/charts/detail?a=hot100&year=2014&month=12&day=15
2014,hot100,2014-12-10,93,祭り囃子でゲラゲラポー,キング・クリームソーダ,https://www.billboard-japan.com/charts/detail?a=hot100&year=2014&month=12&day=15
2014,hot100,2014-12-10,94,ラスト・クリスマス,アリアナ・グランデ,https://www.billboard-japan.com/charts/detail?a=hot100&year=2014&month=12&day=15
2014,hot100,2014-12-10,95,Determination,LASTGASP,https://www.billboard-japan.com/charts/detail?a=hot100&year=2014&month=12&day=15
2014,hot100,2014-12-10,96,らしくない,NMB48,https://www.billboard-japan.com/charts/detail?a=hot100&year=2014&month=12&day=15
2014,hot100,2014-12-10,97,絶対絶望絶好調,大森靖子,https://www.billboard-japan.com/charts/detail?a=hot100&year=2014&month=12&day=15
2014,hot100,2014-12-10,98,SAKURAドロップス,井上陽水,https://www.billboard-japan.com/charts/detail?a=hot100&year=2014&month=12&day=15
2014,hot100,2014-12-10,99,ステイ・ウィズ・ミー〜そばにいてほしい,サム・スミス,https://www.billboard-japan.com/charts/detail?a=hot100&year=2014&month=12&day=15
2014,hot100,2014-12-10,100,Always Love U,シェネル,https://www.billboard-japan.com/charts/detail?a=hot100&year=2014&month=12&day=15
2014,hot100,2014-12-17,1,O.R.I.O.N.,三代目 J Soul Brothers from EXILE TRIBE,https://www.billboard-japan.com/charts/detail?a=hot100&year=2014&month=12&day=22
2014,hot100,2014-12-17,2,12月のカンガルー,SKE48,https://www.billboard-japan.com/charts/detail?a=hot100&year=2014&month=12&day=22
2014,hot100,2014-12-17,3,シルシ,LiSA,https://www.billboard-japan.com/charts/detail?a=hot100&year=2014&month=12&day=22
2014,hot100,2014-12-17,4,Happiness,シェネル,https://www.billboard-japan.com/charts/detail?a=hot100&year=2014&month=12&day=22
2014,hot100,2014-12-17,5,がむしゃら行進曲,関ジャニ∞[エイト],https://www.billboard-japan.com/charts/detail?a=hot100&year=2014&month=12&day=22
2014,hot100,2014-12-17,6,Dragon Night,SEKAI NO OWARI,https://www.billboard-japan.com/charts/detail?a=hot100&year=2014&month=12&day=22
2014,hot100,2014-12-17,7,希望的リフレイン,AKB48,https://www.billboard-japan.com/charts/detail?a=hot100&year=2014&month=12&day=22
2014,hot100,2014-12-17,8,Mr.Snowman,E-girls,https://www.billboard-japan.com/charts/detail?a=hot100&year=2014&month=12&day=22
2014,hot100,2014-12-17,9,Silly,家入レオ,https://www.billboard-japan.com/charts/detail?a=hot100&year=2014&month=12&day=22
2014,hot100,2014-12-17,10,ソレデモシタイ,平井堅,https://www.billboard-japan.com/charts/detail?a=hot100&year=2014&month=12&day=22
2014,hot100,2014-12-17,11,足音〜Be Strong,Mr.Children,https://www.billboard-japan.com/charts/detail?a=hot100&year=2014&month=12&day=22
2014,hot100,2014-12-17,12,courage,戸松遥,https://www.billboard-japan.com/charts/detail?a=hot100&year=2014&month=12&day=22
2014,hot100,2014-12-17,13,White tree,シド,https://www.billboard-japan.com/charts/detail?a=hot100&year=2014&month=12&day=22
2014,hot100,2014-12-17,14,星のうつわ,スキマスイッチ,https://www.billboard-japan.com/charts/detail?a=hot100&year=2014&month=12&day=22
2014,hot100,2014-12-17,15,BRIGHTER DAY,安室奈美恵,https://www.billboard-japan.com/charts/detail?a=hot100&year=2014&month=12&day=22
2014,hot100,2014-12-17,16,Time Works Wonders,東方神起,https://www.billboard-japan.com/charts/detail?a=hot100&year=2014&month=12&day=22
2014,hot100,2014-12-17,17,R.Y.U.S.E.I.,三代目 J Soul Brothers from EXILE TRIBE,https://www.billboard-japan.com/charts/detail?a=hot100&year=2014&month=12&day=22
2014,hot100,2014-12-17,18,Error,VIXX,https://www.billboard-japan.com/charts/detail?a=hot100&year=2014&month=12&day=22
2014,hot100,2014-12-17,19,Darling,西野カナ,https://www.billboard-japan.com/charts/detail?a=hot100&year=2014&month=12&day=22
2014,hot100,2014-12-17,20,ファイター,BUMP OF CHICKEN,https://www.billboard-japan.com/charts/detail?a=hot100&year=2014&month=12&day=22
2014,hot100,2014-12-17,21,シェイク・イット・オフ〜気にしてなんかいられないっ!!,テイラー・スウィフト,https://www.billboard-japan.com/charts/detail?a=hot100&year=2014&month=12&day=22
2014,hot100,2014-12-17,22,シャンプーハット,チームしゃちほこ,https://www.billboard-japan.com/charts/detail?a=hot100&year=2014&month=12&day=22
2014,hot100,2014-12-17,23,あなたを想う風,HY,https://www.billboard-japan.com/charts/detail?a=hot100&year=2014&month=12&day=22
2014,hot100,2014-12-17,24,ひまわりの約束,秦基博,https://www.billboard-japan.com/charts/detail?a=hot100&year=2014&month=12&day=22
2014,hot100,2014-12-17,25,SNOW DISTANCE,palet,https://www.billboard-japan.com/charts/detail?a=hot100&year=2014&month=12&day=22
2014,hot100,2014-12-17,26,恋い雪,Silent Siren,https://www.billboard-japan.com/charts/detail?a=hot100&year=2014&month=12&day=22
2014,hot100,2014-12-17,27,好き,西野カナ,https://www.billboard-japan.com/charts/detail?a=hot100&year=2014&month=12&day=22
2014,hot100,2014-12-17,28,スティール・マイ・ガール,ワン・ダイレクション,https://www.billboard-japan.com/charts/detail?a=hot100&year=2014&month=12&day=22
2014,hot100,2014-12-17,29,日々,吉田山田,https://www.billboard-japan.com/charts/detail?a=hot100&year=2014&month=12&day=22
2014,hot100,2014-12-17,30,シルエット,KANA-BOON,https://www.billboard-japan.com/charts/detail?a=hot100&year=2014&month=12&day=22
2014,hot100,2014-12-17,31,恋人たちのクリスマス,マライア・キャリー,https://www.billboard-japan.com/charts/detail?a=hot100&year=2014&month=12&day=22
2014,hot100,2014-12-17,32,Fall,槇原敬之,https://www.billboard-japan.com/charts/detail?a=hot100&year=2014&month=12&day=22
2014,hot100,2014-12-17,33,Sweat,東方神起,https://www.billboard-japan.com/charts/detail?a=hot100&year=2014&month=12&day=22
2014,hot100,2014-12-17,34,愛をからだに吹き込んで,Superfly,https://www.billboard-japan.com/charts/detail?a=hot100&year=2014&month=12&day=22
2014,hot100,2014-12-17,35,心のプラカード,AKB48,https://www.billboard-japan.com/charts/detail?a=hot100&year=2014&month=12&day=22
2014,hot100,2014-12-17,36,Movin' on without you,浜崎あゆみ,https://www.billboard-japan.com/charts/detail?a=hot100&year=2014&month=12&day=22
2014,hot100,2014-12-17,37,パレード,BUMP OF CHICKEN,https://www.billboard-japan.com/charts/detail?a=hot100&year=2014&month=12&day=22
2014,hot100,2014-12-17,38,ハッピー,ファレル・ウィリアムス,https://www.billboard-japan.com/charts/detail?a=hot100&year=2014&month=12&day=22
2014,hot100,2014-12-17,39,キラリ,いきものがかり,https://www.billboard-japan.com/charts/detail?a=hot100&year=2014&month=12&day=22
2014,hot100,2014-12-17,40,GIFT,Nissy,https://www.billboard-japan.com/charts/detail?a=hot100&year=2014&month=12&day=22
2014,hot100,2014-12-17,41,スマイルドロップ,SKY-HI,https://www.billboard-japan.com/charts/detail?a=hot100&year=2014&month=12&day=22
2014,hot100,2014-12-17,42,SURPRISE-DRIVE,Mitsuru Matsuoka EARNEST DRIVE,https://www.billboard-japan.com/charts/detail?a=hot100&year=2014&month=12&day=22
2014,hot100,2014-12-17,43,光るなら,Goose house,https://www.billboard-japan.com/charts/detail?a=hot100&year=2014&month=12&day=22
2014,hot100,2014-12-17,44,子 ギャル,hide,https://www.billboard-japan.com/charts/detail?a=hot100&year=2014&month=12&day=22
2014,hot100,2014-12-17,45,クリスマス・イブ,山下達郎,https://www.billboard-japan.com/charts/detail?a=hot100&year=2014&month=12&day=22
2014,hot100,2014-12-17,46,サンキュー。,大原櫻子,https://www.billboard-japan.com/charts/detail?a=hot100&year=2014&month=12&day=22
2014,hot100,2014-12-17,47,ステイ・ウィズ・ミー〜そばにいてほしい,サム・スミス,https://www.billboard-japan.com/charts/detail?a=hot100&year=2014&month=12&day=22
2014,hot100,2014-12-17,48,アップタウン・ファンク feat.ブルーノ・マーズ,マーク・ロンソン,https://www.billboard-japan.com/charts/detail?a=hot100&year=2014&month=12&day=22
2014,hot100,2014-12-17,49,にじいろ,絢香,https://www.billboard-japan.com/charts/detail?a=hot100&year=2014&month=12&day=22
2014,hot100,2014-12-17,50,ラスト・クリスマス,ワム!,https://www.billboard-japan.com/charts/detail?a=hot100&year=2014&month=12&day=22
2014,hot100,2014-12-17,51,ふれあうだけで〜Always with you〜,三浦大知,https://www.billboard-japan.com/charts/detail?a=hot100&year=2014&month=12&day=22
2014,hot100,2014-12-17,52,C.O.S.M.O.S.〜秋桜〜,三代目 J Soul Brothers from EXILE TRIBE,https://www.billboard-japan.com/charts/detail?a=hot100&year=2014&month=12&day=22
2014,hot100,2014-12-17,53,生命のワルツ,9mm Parabellum Bullet,https://www.billboard-japan.com/charts/detail?a=hot100&year=2014&month=12&day=22
2014,hot100,2014-12-17,54,粉雪,レミオロメン,https://www.billboard-japan.com/charts/detail?a=hot100&year=2014&month=12&day=22
2014,hot100,2014-12-17,55,Say long goodbye,東京女子流,https://www.billboard-japan.com/charts/detail?a=hot100&year=2014&month=12&day=22
2014,hot100,2014-12-17,56,生きて,Aqua Timez,https://www.billboard-japan.com/charts/detail?a=hot100&year=2014&month=12&day=22
2014,hot100,2014-12-17,57,レット・イット・ゴー〜ありのままで〜,松たか子,https://www.billboard-japan.com/charts/detail?a=hot100&year=2014&month=12&day=22
2014,hot100,2014-12-17,58,sonic manic,木村カエラ,https://www.billboard-japan.com/charts/detail?a=hot100&year=2014&month=12&day=22
2014,hot100,2014-12-17,59,セレブレート(フロム・ペンギンズ・オブ・マダガスカル),ピットブル,https://www.billboard-japan.com/charts/detail?a=hot100&year=2014&month=12&day=22
2014,hot100,2014-12-17,60,ブランク・スペース,テイラー・スウィフト,https://www.billboard-japan.com/charts/detail?a=hot100&year=2014&month=12&day=22
2014,hot100,2014-12-17,61,さよならベル,indigo la End,https://www.billboard-japan.com/charts/detail?a=hot100&year=2014&month=12&day=22
2014,hot100,2014-12-17,62,Story,AI,https://www.billboard-japan.com/charts/detail?a=hot100&year=2014&month=12&day=22
2014,hot100,2014-12-17,63,言ったじゃないか,関ジャニ∞[エイト],https://www.billboard-japan.com/charts/detail?a=hot100&year=2014&month=12&day=22
2014,hot100,2014-12-17,64,GOLDEN GIRL,いきものがかり,https://www.billboard-japan.com/charts/detail?a=hot100&year=2014&month=12&day=22
2014,hot100,2014-12-17,65,ハピネス,AI,https://www.billboard-japan.com/charts/detail?a=hot100&year=2014&month=12&day=22
2014,hot100,2014-12-17,66,RPG,SEKAI NO OWARI,https://www.billboard-japan.com/charts/detail?a=hot100&year=2014&month=12&day=22
2014,hot100,2014-12-17,67,あたしの向こう,aiko,https://www.billboard-japan.com/charts/detail?a=hot100&year=2014&month=12&day=22
2014,hot100,2014-12-17,68,SAKURAドロップス,井上陽水,https://www.billboard-japan.com/charts/detail?a=hot100&year=2014&month=12&day=22
2014,hot100,2014-12-17,69,ハッピー・クリスマス(戦争は終った),ジョン・レノン,https://www.billboard-japan.com/charts/detail?a=hot100&year=2014&month=12&day=22
2014,hot100,2014-12-17,70,SPEAK LOW,KinKi Kids,https://www.billboard-japan.com/charts/detail?a=hot100&year=2014&month=12&day=22
2014,hot100,2014-12-17,71,ANNIVERSARY,JUJU,https://www.billboard-japan.com/charts/detail?a=hot100&year=2014&month=12&day=22
2014,hot100,2014-12-17,72,雪の華,中島美嘉,https://www.billboard-japan.com/charts/detail?a=hot100&year=2014&month=12&day=22
2014,hot100,2014-12-17,73,ラスト・クリスマス,アリアナ・グランデ,https://www.billboard-japan.com/charts/detail?a=hot100&year=2014&month=12&day=22
2014,hot100,2014-12-17,74,KICKS!,THE BAWDIES,https://www.billboard-japan.com/charts/detail?a=hot100&year=2014&month=12&day=22
2014,hot100,2014-12-17,75,No More Time Machine,LiSA,https://www.billboard-japan.com/charts/detail?a=hot100&year=2014&month=12&day=22
2014,hot100,2014-12-17,76,サンタ・テル・ミー,アリアナ・グランデ,https://www.billboard-japan.com/charts/detail?a=hot100&year=2014&month=12&day=22
2014,hot100,2014-12-17,77,クリスマス・クワイア,ゴスペラーズ,https://www.billboard-japan.com/charts/detail?a=hot100&year=2014&month=12&day=22
2014,hot100,2014-12-17,78,DREAM TRIGGER,東京パフォーマンスドール,https://www.billboard-japan.com/charts/detail?a=hot100&year=2014&month=12&day=22
2014,hot100,2014-12-17,79,ray,BUMP OF CHICKEN,https://www.billboard-japan.com/charts/detail?a=hot100&year=2014&month=12&day=22
2014,hot100,2014-12-17,80,one more,木村カエラ,https://www.billboard-japan.com/charts/detail?a=hot100&year=2014&month=12&day=22
2014,hot100,2014-12-17,81,メリクリ,BoA,https://www.billboard-japan.com/charts/detail?a=hot100&year=2014&month=12&day=22
2014,hot100,2014-12-17,82,熱情のスペクトラム,いきものがかり,https://www.billboard-japan.com/charts/detail?a=hot100&year=2014&month=12&day=22
2014,hot100,2014-12-17,83,ラストシーン,JUJU,https://www.billboard-japan.com/charts/detail?a=hot100&year=2014&month=12&day=22
2014,hot100,2014-12-17,84,Fallen,EGOIST,https://www.billboard-japan.com/charts/detail?a=hot100&year=2014&month=12&day=22
2014,hot100,2014-12-17,85,だめだめだ,トミタ栞,https://www.billboard-japan.com/charts/detail?a=hot100&year=2014&month=12&day=22
2014,hot100,2014-12-17,86,ブレイク・フリー feat.ゼッド,アリアナ・グランデ,https://www.billboard-japan.com/charts/detail?a=hot100&year=2014&month=12&day=22
2014,hot100,2014-12-17,87,閻魔大王に訊いてごらん,上坂すみれ,https://www.billboard-japan.com/charts/detail?a=hot100&year=2014&month=12&day=22
2014,hot100,2014-12-17,88,鍵のない箱,KinKi Kids,https://www.billboard-japan.com/charts/detail?a=hot100&year=2014&month=12&day=22
2014,hot100,2014-12-17,89,ラップド・アップ feat.トラヴィー・マッコイ,オリー・マーズ,https://www.billboard-japan.com/charts/detail?a=hot100&year=2014&month=12&day=22
2014,hot100,2014-12-17,90,プレイボール,AC/DC,https://www.billboard-japan.com/charts/detail?a=hot100&year=2014&month=12&day=22
2014,hot100,2014-12-17,91,Automatic,岡村靖幸,https://www.billboard-japan.com/charts/detail?a=hot100&year=2014&month=12&day=22
2014,hot100,2014-12-17,92,仲間,LIFriends,https://www.billboard-japan.com/charts/detail?a=hot100&year=2014&month=12&day=22
2014,hot100,2014-12-17,93,Supernova,Royz,https://www.billboard-japan.com/charts/detail?a=hot100&year=2014&month=12&day=22
2014,hot100,2014-12-17,94,ing,藤巻亮太,https://www.billboard-japan.com/charts/detail?a=hot100&year=2014&month=12&day=22
2014,hot100,2014-12-17,95,私たちは絶対に絶対にヨリを戻したりしない,テイラー・スウィフト,https://www.billboard-japan.com/charts/detail?a=hot100&year=2014&month=12&day=22
2014,hot100,2014-12-17,96,白い恋人達,桑田佳祐,https://www.billboard-japan.com/charts/detail?a=hot100&year=2014&month=12&day=22
2014,hot100,2014-12-17,97,雪空,塩ノ谷早耶香,https://www.billboard-japan.com/charts/detail?a=hot100&year=2014&month=12&day=22
2014,hot100,2014-12-17,98,恋するフォーチュンクッキー,AKB48,https://www.billboard-japan.com/charts/detail?a=hot100&year=2014&month=12&day=22
2014,hot100,2014-12-17,99,スターライトパレード,SEKAI NO OWARI,https://www.billboard-japan.com/charts/detail?a=hot100&year=2014&month=12&day=22
2014,hot100,2014-12-17,100,糸,JUJU,https://www.billboard-japan.com/charts/detail?a=hot100&year=2014&month=12&day=22
2014,hot100,2014-12-24,1,O.R.I.O.N.,三代目 J Soul Brothers from EXILE TRIBE,https://www.billboard-japan.com/charts/detail?a=hot100&year=2014&month=12&day=29
2014,hot100,2014-12-24,2,Happiness,シェネル,https://www.billboard-japan.com/charts/detail?a=hot100&year=2014&month=12&day=29
2014,hot100,2014-12-24,3,R.Y.U.S.E.I.,三代目 J Soul Brothers from EXILE TRIBE,https://www.billboard-japan.com/charts/detail?a=hot100&year=2014&month=12&day=29
2014,hot100,2014-12-24,4,Silly,家入レオ,https://www.billboard-japan.com/charts/detail?a=hot100&year=2014&month=12&day=29
2014,hot100,2014-12-24,5,美しき孤独たち,predia,https://www.billboard-japan.com/charts/detail?a=hot100&year=2014&month=12&day=29
2014,hot100,2014-12-24,6,Dragon Night,SEKAI NO OWARI,https://www.billboard-japan.com/charts/detail?a=hot100&year=2014&month=12&day=29
2014,hot100,2014-12-24,7,Mr.Snowman,E-girls,https://www.billboard-japan.com/charts/detail?a=hot100&year=2014&month=12&day=29
2014,hot100,2014-12-24,8,Darling,西野カナ,https://www.billboard-japan.com/charts/detail?a=hot100&year=2014&month=12&day=29
2014,hot100,2014-12-24,9,シルシ,LiSA,https://www.billboard-japan.com/charts/detail?a=hot100&year=2014&month=12&day=29
2014,hot100,2014-12-24,10,12月のカンガルー,SKE48,https://www.billboard-japan.com/charts/detail?a=hot100&year=2014&month=12&day=29
2014,hot100,2014-12-24,11,Time Works Wonders,東方神起,https://www.billboard-japan.com/charts/detail?a=hot100&year=2014&month=12&day=29
2014,hot100,2014-12-24,12,COME PARTY!,板野友美,https://www.billboard-japan.com/charts/detail?a=hot100&year=2014&month=12&day=29
2014,hot100,2014-12-24,13,足音〜Be Strong,Mr.Children,https://www.billboard-japan.com/charts/detail?a=hot100&year=2014&month=12&day=29
2014,hot100,2014-12-24,14,Sweat,東方神起,https://www.billboard-japan.com/charts/detail?a=hot100&year=2014&month=12&day=29
2014,hot100,2014-12-24,15,希望的リフレイン,AKB48,https://www.billboard-japan.com/charts/detail?a=hot100&year=2014&month=12&day=29
2014,hot100,2014-12-24,16,BRIGHTER DAY,安室奈美恵,https://www.billboard-japan.com/charts/detail?a=hot100&year=2014&month=12&day=29
2014,hot100,2014-12-24,17,東京VICTORY,サザンオールスターズ,https://www.billboard-japan.com/charts/detail?a=hot100&year=2014&month=12&day=29
2014,hot100,2014-12-24,18,ひまわりの約束,秦基博,https://www.billboard-japan.com/charts/detail?a=hot100&year=2014&month=12&day=29
2014,hot100,2014-12-24,19,Story,AI,https://www.billboard-japan.com/charts/detail?a=hot100&year=2014&month=12&day=29
2014,hot100,2014-12-24,20,MAMACITA-AYAYA-,SUPER JUNIOR,https://www.billboard-japan.com/charts/detail?a=hot100&year=2014&month=12&day=29
2014,hot100,2014-12-24,21,がむしゃら行進曲,関ジャニ∞[エイト],https://www.billboard-japan.com/charts/detail?a=hot100&year=2014&month=12&day=29
2014,hot100,2014-12-24,22,sonic manic,木村カエラ,https://www.billboard-japan.com/charts/detail?a=hot100&year=2014&month=12&day=29
2014,hot100,2014-12-24,23,GIFT,Nissy,https://www.billboard-japan.com/charts/detail?a=hot100&year=2014&month=12&day=29
2014,hot100,2014-12-24,24,キラリ,いきものがかり,https://www.billboard-japan.com/charts/detail?a=hot100&year=2014&month=12&day=29
2014,hot100,2014-12-24,25,ソレデモシタイ,平井堅,https://www.billboard-japan.com/charts/detail?a=hot100&year=2014&month=12&day=29
2014,hot100,2014-12-24,26,ing,藤巻亮太,https://www.billboard-japan.com/charts/detail?a=hot100&year=2014&month=12&day=29
2014,hot100,2014-12-24,27,シェイク・イット・オフ〜気にしてなんかいられないっ!!,テイラー・スウィフト,https://www.billboard-japan.com/charts/detail?a=hot100&year=2014&month=12&day=29
2014,hot100,2014-12-24,28,恋い雪,Silent Siren,https://www.billboard-japan.com/charts/detail?a=hot100&year=2014&month=12&day=29
2014,hot100,2014-12-24,29,恋人たちのクリスマス,マライア・キャリー,https://www.billboard-japan.com/charts/detail?a=hot100&year=2014&month=12&day=29
2014,hot100,2014-12-24,30,もう一度だけ〜Remind〜,F.cuz,https://www.billboard-japan.com/charts/detail?a=hot100&year=2014&month=12&day=29
2014,hot100,2014-12-24,31,courage,戸松遥,https://www.billboard-japan.com/charts/detail?a=hot100&year=2014&month=12&day=29
2014,hot100,2014-12-24,32,心のプラカード,AKB48,https://www.billboard-japan.com/charts/detail?a=hot100&year=2014&month=12&day=29
2014,hot100,2014-12-24,33,アップタウン・ファンク feat.ブルーノ・マーズ,マーク・ロンソン,https://www.billboard-japan.com/charts/detail?a=hot100&year=2014&month=12&day=29
2014,hot100,2014-12-24,34,broKen NIGHT,Aimer(エメ),https://www.billboard-japan.com/charts/detail?a=hot100&year=2014&month=12&day=29
2014,hot100,2014-12-24,35,日々,吉田山田,https://www.billboard-japan.com/charts/detail?a=hot100&year=2014&month=12&day=29
2014,hot100,2014-12-24,36,好き,西野カナ,https://www.billboard-japan.com/charts/detail?a=hot100&year=2014&month=12&day=29
2014,hot100,2014-12-24,37,Fall,槇原敬之,https://www.billboard-japan.com/charts/detail?a=hot100&year=2014&month=12&day=29
2014,hot100,2014-12-24,38,ステイ・ウィズ・ミー〜そばにいてほしい,サム・スミス,https://www.billboard-japan.com/charts/detail?a=hot100&year=2014&month=12&day=29
2014,hot100,2014-12-24,39,星のうつわ,スキマスイッチ,https://www.billboard-japan.com/charts/detail?a=hot100&year=2014&month=12&day=29
2014,hot100,2014-12-24,40,クリスマス・イブ,山下達郎,https://www.billboard-japan.com/charts/detail?a=hot100&year=2014&month=12&day=29
2014,hot100,2014-12-24,41,蛍,サザンオールスターズ,https://www.billboard-japan.com/charts/detail?a=hot100&year=2014&month=12&day=29
2014,hot100,2014-12-24,42,愛をからだに吹き込んで,Superfly,https://www.billboard-japan.com/charts/detail?a=hot100&year=2014&month=12&day=29
2014,hot100,2014-12-24,43,セルリアン,BACK-ON,https://www.billboard-japan.com/charts/detail?a=hot100&year=2014&month=12&day=29
2014,hot100,2014-12-24,44,TSUNAMI,サザンオールスターズ,https://www.billboard-japan.com/charts/detail?a=hot100&year=2014&month=12&day=29
2014,hot100,2014-12-24,45,GOOD BOY,G-DRAGON × TAEYANG(from BIGBANG),https://www.billboard-japan.com/charts/detail?a=hot100&year=2014&month=12&day=29
2014,hot100,2014-12-24,46,ハッピー,ファレル・ウィリアムス,https://www.billboard-japan.com/charts/detail?a=hot100&year=2014&month=12&day=29
2014,hot100,2014-12-24,47,スティール・マイ・ガール,ワン・ダイレクション,https://www.billboard-japan.com/charts/detail?a=hot100&year=2014&month=12&day=29
2014,hot100,2014-12-24,48,Orphans,cero,https://www.billboard-japan.com/charts/detail?a=hot100&year=2014&month=12&day=29
2014,hot100,2014-12-24,49,ラスト・クリスマス,ワム!,https://www.billboard-japan.com/charts/detail?a=hot100&year=2014&month=12&day=29
2014,hot100,2014-12-24,50,シルエット,KANA-BOON,https://www.billboard-japan.com/charts/detail?a=hot100&year=2014&month=12&day=29
2014,hot100,2014-12-24,51,粉雪,レミオロメン,https://www.billboard-japan.com/charts/detail?a=hot100&year=2014&month=12&day=29
2014,hot100,2014-12-24,52,LOVE AFFAIR〜秘密のデート〜,サザンオールスターズ,https://www.billboard-japan.com/charts/detail?a=hot100&year=2014&month=12&day=29
2014,hot100,2014-12-24,53,さよならベル,indigo la End,https://www.billboard-japan.com/charts/detail?a=hot100&year=2014&month=12&day=29
2014,hot100,2014-12-24,54,サンタ・テル・ミー,アリアナ・グランデ,https://www.billboard-japan.com/charts/detail?a=hot100&year=2014&month=12&day=29
2014,hot100,2014-12-24,55,ファイター,BUMP OF CHICKEN,https://www.billboard-japan.com/charts/detail?a=hot100&year=2014&month=12&day=29
2014,hot100,2014-12-24,56,にじいろ,絢香,https://www.billboard-japan.com/charts/detail?a=hot100&year=2014&month=12&day=29
2014,hot100,2014-12-24,57,ブランク・スペース,テイラー・スウィフト,https://www.billboard-japan.com/charts/detail?a=hot100&year=2014&month=12&day=29
2014,hot100,2014-12-24,58,Movin' on without you,浜崎あゆみ,https://www.billboard-japan.com/charts/detail?a=hot100&year=2014&month=12&day=29
2014,hot100,2014-12-24,59,Star Shine Story,GEM,https://www.billboard-japan.com/charts/detail?a=hot100&year=2014&month=12&day=29
2014,hot100,2014-12-24,60,Sweetie,U-KISS,https://www.billboard-japan.com/charts/detail?a=hot100&year=2014&month=12&day=29
2014,hot100,2014-12-24,61,ラップド・アップ feat.トラヴィー・マッコイ,オリー・マーズ,https://www.billboard-japan.com/charts/detail?a=hot100&year=2014&month=12&day=29
2014,hot100,2014-12-24,62,光るなら,Goose house,https://www.billboard-japan.com/charts/detail?a=hot100&year=2014&month=12&day=29
2014,hot100,2014-12-24,63,クリスマス・クワイア,ゴスペラーズ,https://www.billboard-japan.com/charts/detail?a=hot100&year=2014&month=12&day=29
2014,hot100,2014-12-24,64,雪の華,中島美嘉,https://www.billboard-japan.com/charts/detail?a=hot100&year=2014&month=12&day=29
2014,hot100,2014-12-24,65,真夏の果実,サザンオールスターズ,https://www.billboard-japan.com/charts/detail?a=hot100&year=2014&month=12&day=29
2014,hot100,2014-12-24,66,あなたを想う風,HY,https://www.billboard-japan.com/charts/detail?a=hot100&year=2014&month=12&day=29
2014,hot100,2014-12-24,67,スマイルドロップ,SKY-HI,https://www.billboard-japan.com/charts/detail?a=hot100&year=2014&month=12&day=29
2014,hot100,2014-12-24,68,ハピネス,AI,https://www.billboard-japan.com/charts/detail?a=hot100&year=2014&month=12&day=29
2014,hot100,2014-12-24,69,SPEAK LOW,KinKi Kids,https://www.billboard-japan.com/charts/detail?a=hot100&year=2014&month=12&day=29
2014,hot100,2014-12-24,70,レット・イット・ゴー〜ありのままで〜,松たか子,https://www.billboard-japan.com/charts/detail?a=hot100&year=2014&month=12&day=29
2014,hot100,2014-12-24,71,Zutto...,浜崎あゆみ,https://www.billboard-japan.com/charts/detail?a=hot100&year=2014&month=12&day=29
2014,hot100,2014-12-24,72,ハッピー・クリスマス(戦争は終った),ジョン・レノン,https://www.billboard-japan.com/charts/detail?a=hot100&year=2014&month=12&day=29
2014,hot100,2014-12-24,73,RPG,SEKAI NO OWARI,https://www.billboard-japan.com/charts/detail?a=hot100&year=2014&month=12&day=29
2014,hot100,2014-12-24,74,毎日コハルビヨリ,"あおい(井口裕香),ひなた(阿澄佳奈)",https://www.billboard-japan.com/charts/detail?a=hot100&year=2014&month=12&day=29
2014,hot100,2014-12-24,75,白い恋人達,桑田佳祐,https://www.billboard-japan.com/charts/detail?a=hot100&year=2014&month=12&day=29
2014,hot100,2014-12-24,76,サンキュー。,大原櫻子,https://www.billboard-japan.com/charts/detail?a=hot100&year=2014&month=12&day=29
2014,hot100,2014-12-24,77,HOTEL PACIFIC,サザンオールスターズ,https://www.billboard-japan.com/charts/detail?a=hot100&year=2014&month=12&day=29
2014,hot100,2014-12-24,78,ドゥ・ゼイ・ノウ・イッツ・クリスマス?(2014),バンド・エイド30,https://www.billboard-japan.com/charts/detail?a=hot100&year=2014&month=12&day=29
2014,hot100,2014-12-24,79,明日へ続く道,長渕剛,https://www.billboard-japan.com/charts/detail?a=hot100&year=2014&month=12&day=29
2014,hot100,2014-12-24,80,ふれあうだけで〜Always with you〜,三浦大知,https://www.billboard-japan.com/charts/detail?a=hot100&year=2014&month=12&day=29
2014,hot100,2014-12-24,81,パレード,BUMP OF CHICKEN,https://www.billboard-japan.com/charts/detail?a=hot100&year=2014&month=12&day=29
2014,hot100,2014-12-24,82,GOLDEN GIRL,いきものがかり,https://www.billboard-japan.com/charts/detail?a=hot100&year=2014&month=12&day=29
2014,hot100,2014-12-24,83,希望の轍,サザンオールスターズ,https://www.billboard-japan.com/charts/detail?a=hot100&year=2014&month=12&day=29
2014,hot100,2014-12-24,84,There is(always light),くるり,https://www.billboard-japan.com/charts/detail?a=hot100&year=2014&month=12&day=29
2014,hot100,2014-12-24,85,ワンダフル・クリスマスタイム,ポール・マッカートニー/ウイングス,https://www.billboard-japan.com/charts/detail?a=hot100&year=2014&month=12&day=29
2014,hot100,2014-12-24,86,SURPRISE-DRIVE,Mitsuru Matsuoka EARNEST DRIVE,https://www.billboard-japan.com/charts/detail?a=hot100&year=2014&month=12&day=29
2014,hot100,2014-12-24,87,熱情のスペクトラム,いきものがかり,https://www.billboard-japan.com/charts/detail?a=hot100&year=2014&month=12&day=29
2014,hot100,2014-12-24,88,メリクリ,BoA,https://www.billboard-japan.com/charts/detail?a=hot100&year=2014&month=12&day=29
2014,hot100,2014-12-24,89,いとしのエリー,サザンオールスターズ,https://www.billboard-japan.com/charts/detail?a=hot100&year=2014&month=12&day=29
2014,hot100,2014-12-24,90,I Am The Best,2NE1,https://www.billboard-japan.com/charts/detail?a=hot100&year=2014&month=12&day=29
2014,hot100,2014-12-24,91,子 ギャル,hide,https://www.billboard-japan.com/charts/detail?a=hot100&year=2014&month=12&day=29
2014,hot100,2014-12-24,92,言ったじゃないか,関ジャニ∞[エイト],https://www.billboard-japan.com/charts/detail?a=hot100&year=2014&month=12&day=29
2014,hot100,2014-12-24,93,C.O.S.M.O.S.〜秋桜〜,三代目 J Soul Brothers from EXILE TRIBE,https://www.billboard-japan.com/charts/detail?a=hot100&year=2014&month=12&day=29
2014,hot100,2014-12-24,94,ヒロイン,back number,https://www.billboard-japan.com/charts/detail?a=hot100&year=2014&month=12&day=29
2014,hot100,2014-12-24,95,麦の唄,中島みゆき,https://www.billboard-japan.com/charts/detail?a=hot100&year=2014&month=12&day=29
2014,hot100,2014-12-24,96,one more,木村カエラ,https://www.billboard-japan.com/charts/detail?a=hot100&year=2014&month=12&day=29
2014,hot100,2014-12-24,97,あたしの向こう,aiko,https://www.billboard-japan.com/charts/detail?a=hot100&year=2014&month=12&day=29
2014,hot100,2014-12-24,98,ドライビング・フォー・クリスマス,クリス・レア,https://www.billboard-japan.com/charts/detail?a=hot100&year=2014&month=12&day=29
2014,hot100,2014-12-24,99,Fallen,EGOIST,https://www.billboard-japan.com/charts/detail?a=hot100&year=2014&month=12&day=29
2014,hot100,2014-12-24,100,有頂天,B'z,https://www.billboard-japan.com/charts/detail?a=hot100&year=2014&month=12&day=29
