chart_year,chart_code,chart_date,rank,title,artist,source_url
2023,dlsongs,2023-01-04,1,Subtitle,Official髭男dism,https://www.billboard-japan.com/charts/detail?a=dlsongs&year=2023&month=01&day=09
2023,dlsongs,2023-01-04,2,Habit,SEKAI NO OWARI,https://www.billboard-japan.com/charts/detail?a=dlsongs&year=2023&month=01&day=09
2023,dlsongs,2023-01-04,3,新時代 (ウタ from ONE PIECE FILM RED),Ado,https://www.billboard-japan.com/charts/detail?a=dlsongs&year=2023&month=01&day=09
2023,dlsongs,2023-01-04,4,第ゼロ感,10-FEET,https://www.billboard-japan.com/charts/detail?a=dlsongs&year=2023&month=01&day=09
2023,dlsongs,2023-01-04,5,KICK BACK,米津玄師,https://www.billboard-japan.com/charts/detail?a=dlsongs&year=2023&month=01&day=09
2023,dlsongs,2023-01-04,6,ファイトソング,Eve,https://www.billboard-japan.com/charts/detail?a=dlsongs&year=2023&month=01&day=09
2023,dlsongs,2023-01-04,7,All yours,聖川真斗(鈴村健一),https://www.billboard-japan.com/charts/detail?a=dlsongs&year=2023&month=01&day=09
2023,dlsongs,2023-01-04,8,星座になれたら,結束バンド,https://www.billboard-japan.com/charts/detail?a=dlsongs&year=2023&month=01&day=09
2023,dlsongs,2023-01-04,9,ダンスホール,Mrs.GREEN APPLE,https://www.billboard-japan.com/charts/detail?a=dlsongs&year=2023&month=01&day=09
2023,dlsongs,2023-01-04,10,ミックスナッツ,Official髭男dism,https://www.billboard-japan.com/charts/detail?a=dlsongs&year=2023&month=01&day=09
2023,dlsongs,2023-01-04,11,祝福,YOASOBI,https://www.billboard-japan.com/charts/detail?a=dlsongs&year=2023&month=01&day=09
2023,dlsongs,2023-01-04,12,残響散歌,Aimer(エメ),https://www.billboard-japan.com/charts/detail?a=dlsongs&year=2023&month=01&day=09
2023,dlsongs,2023-01-04,13,アイラブユー,back number,https://www.billboard-japan.com/charts/detail?a=dlsongs&year=2023&month=01&day=09
2023,dlsongs,2023-01-04,14,スターマイン,Da-iCE,https://www.billboard-japan.com/charts/detail?a=dlsongs&year=2023&month=01&day=09
2023,dlsongs,2023-01-04,15,メリーゴーランド,優里,https://www.billboard-japan.com/charts/detail?a=dlsongs&year=2023&month=01&day=09
2023,dlsongs,2023-01-04,16,忘れてやらない,結束バンド,https://www.billboard-japan.com/charts/detail?a=dlsongs&year=2023&month=01&day=09
2023,dlsongs,2023-01-04,17,SOUVENIR,BUMP OF CHICKEN,https://www.billboard-japan.com/charts/detail?a=dlsongs&year=2023&month=01&day=09
2023,dlsongs,2023-01-04,18,私は最強 (ウタ from ONE PIECE FILM RED),Ado,https://www.billboard-japan.com/charts/detail?a=dlsongs&year=2023&month=01&day=09
2023,dlsongs,2023-01-04,19,W / X / Y,Tani Yuuki,https://www.billboard-japan.com/charts/detail?a=dlsongs&year=2023&month=01&day=09
2023,dlsongs,2023-01-04,20,The Last Rockstars,THE LAST ROCKSTARS,https://www.billboard-japan.com/charts/detail?a=dlsongs&year=2023&month=01&day=09
2023,dlsongs,2023-01-04,21,Stardom,King Gnu,https://www.billboard-japan.com/charts/detail?a=dlsongs&year=2023&month=01&day=09
2023,dlsongs,2023-01-04,22,時代遅れのRock'n'Roll Band,"桑田佳祐 feat.佐野元春,世良公則, Char,野口五郎",https://www.billboard-japan.com/charts/detail?a=dlsongs&year=2023&month=01&day=09
2023,dlsongs,2023-01-04,23,おもかげ (produced by Vaundy),milet & Aimer(エメ) & 幾田りら,https://www.billboard-japan.com/charts/detail?a=dlsongs&year=2023&month=01&day=09
2023,dlsongs,2023-01-04,24,水平線,back number,https://www.billboard-japan.com/charts/detail?a=dlsongs&year=2023&month=01&day=09
2023,dlsongs,2023-01-04,25,転がる岩、君に朝が降る,結束バンド,https://www.billboard-japan.com/charts/detail?a=dlsongs&year=2023&month=01&day=09
2023,dlsongs,2023-01-04,26,正解,RADWIMPS,https://www.billboard-japan.com/charts/detail?a=dlsongs&year=2023&month=01&day=09
2023,dlsongs,2023-01-04,27,色彩,yama,https://www.billboard-japan.com/charts/detail?a=dlsongs&year=2023&month=01&day=09
2023,dlsongs,2023-01-04,28,僕のこと,Mrs.GREEN APPLE,https://www.billboard-japan.com/charts/detail?a=dlsongs&year=2023&month=01&day=09
2023,dlsongs,2023-01-04,29,恋だろ,wacci,https://www.billboard-japan.com/charts/detail?a=dlsongs&year=2023&month=01&day=09
2023,dlsongs,2023-01-04,30,綺羅キラー (feat. Mori Calliope),ずっと真夜中でいいのに。,https://www.billboard-japan.com/charts/detail?a=dlsongs&year=2023&month=01&day=09
2023,dlsongs,2023-01-04,31,死ぬのがいいわ,藤井風,https://www.billboard-japan.com/charts/detail?a=dlsongs&year=2023&month=01&day=09
2023,dlsongs,2023-01-04,32,シンデレラボーイ,Saucy Dog,https://www.billboard-japan.com/charts/detail?a=dlsongs&year=2023&month=01&day=09
2023,dlsongs,2023-01-04,33,バイオレンス,女王蜂,https://www.billboard-japan.com/charts/detail?a=dlsongs&year=2023&month=01&day=09
2023,dlsongs,2023-01-04,34,逆夢,King Gnu,https://www.billboard-japan.com/charts/detail?a=dlsongs&year=2023&month=01&day=09
2023,dlsongs,2023-01-04,35,grace,藤井風,https://www.billboard-japan.com/charts/detail?a=dlsongs&year=2023&month=01&day=09
2023,dlsongs,2023-01-04,36,すずめ (feat. 十明),RADWIMPS,https://www.billboard-japan.com/charts/detail?a=dlsongs&year=2023&month=01&day=09
2023,dlsongs,2023-01-04,37,深夜高速,岡崎体育,https://www.billboard-japan.com/charts/detail?a=dlsongs&year=2023&month=01&day=09
2023,dlsongs,2023-01-04,38,Ms. VICTORIA,"トウカイテイオー(Machico),オグリキャップ(高柳知葉),ウオッカ(大橋彩香),タイキシャトル(大坪由佳),エルコンドルパサー(高橋ミナミ)",https://www.billboard-japan.com/charts/detail?a=dlsongs&year=2023&month=01&day=09
2023,dlsongs,2023-01-04,39,Soranji,Mrs.GREEN APPLE,https://www.billboard-japan.com/charts/detail?a=dlsongs&year=2023&month=01&day=09
2023,dlsongs,2023-01-04,40,カナタハルカ,RADWIMPS,https://www.billboard-japan.com/charts/detail?a=dlsongs&year=2023&month=01&day=09
2023,dlsongs,2023-01-04,41,Farewell,Superfly,https://www.billboard-japan.com/charts/detail?a=dlsongs&year=2023&month=01&day=09
2023,dlsongs,2023-01-04,42,なんでもないよ、,マカロニえんぴつ,https://www.billboard-japan.com/charts/detail?a=dlsongs&year=2023&month=01&day=09
2023,dlsongs,2023-01-04,43,Mela!,緑黄色社会,https://www.billboard-japan.com/charts/detail?a=dlsongs&year=2023&month=01&day=09
2023,dlsongs,2023-01-04,44,私は最強,Mrs.GREEN APPLE,https://www.billboard-japan.com/charts/detail?a=dlsongs&year=2023&month=01&day=09
2023,dlsongs,2023-01-04,45,僕らと君のうた。,さくらみこ,https://www.billboard-japan.com/charts/detail?a=dlsongs&year=2023&month=01&day=09
2023,dlsongs,2023-01-04,46,高嶺の花子さん,back number,https://www.billboard-japan.com/charts/detail?a=dlsongs&year=2023&month=01&day=09
2023,dlsongs,2023-01-04,47,LOVE ROCKETS,The Birthday,https://www.billboard-japan.com/charts/detail?a=dlsongs&year=2023&month=01&day=09
2023,dlsongs,2023-01-04,48,一途,King Gnu,https://www.billboard-japan.com/charts/detail?a=dlsongs&year=2023&month=01&day=09
2023,dlsongs,2023-01-04,49,フラッシュバッカー,結束バンド,https://www.billboard-japan.com/charts/detail?a=dlsongs&year=2023&month=01&day=09
2023,dlsongs,2023-01-04,50,LOVE RED,WOLF HOWL HARMONY,https://www.billboard-japan.com/charts/detail?a=dlsongs&year=2023&month=01&day=09
2023,dlsongs,2023-01-04,51,"トウキョウ・シャンディ・ランデヴ feat. 花譜, ツミキ",MAISONdes,https://www.billboard-japan.com/charts/detail?a=dlsongs&year=2023&month=01&day=09
2023,dlsongs,2023-01-04,52,可愛くてごめん feat. ちゅーたん(早見沙織),HoneyWorks,https://www.billboard-japan.com/charts/detail?a=dlsongs&year=2023&month=01&day=09
2023,dlsongs,2023-01-04,53,DOGLAND,PEOPLE 1,https://www.billboard-japan.com/charts/detail?a=dlsongs&year=2023&month=01&day=09
2023,dlsongs,2023-01-04,54,君の花になる,8LOOM,https://www.billboard-japan.com/charts/detail?a=dlsongs&year=2023&month=01&day=09
2023,dlsongs,2023-01-04,55,燦燦,三浦大知,https://www.billboard-japan.com/charts/detail?a=dlsongs&year=2023&month=01&day=09
2023,dlsongs,2023-01-04,56,ひみつ基地,結束バンド,https://www.billboard-japan.com/charts/detail?a=dlsongs&year=2023&month=01&day=09
2023,dlsongs,2023-01-04,57,CHAINSAW BLOOD,Vaundy,https://www.billboard-japan.com/charts/detail?a=dlsongs&year=2023&month=01&day=09
2023,dlsongs,2023-01-04,58,妖,福山雅治,https://www.billboard-japan.com/charts/detail?a=dlsongs&year=2023&month=01&day=09
2023,dlsongs,2023-01-04,59,Beautiful,Superfly,https://www.billboard-japan.com/charts/detail?a=dlsongs&year=2023&month=01&day=09
2023,dlsongs,2023-01-04,60,Overdose,なとり,https://www.billboard-japan.com/charts/detail?a=dlsongs&year=2023&month=01&day=09
2023,dlsongs,2023-01-04,61,エジソン,水曜日のカンパネラ,https://www.billboard-japan.com/charts/detail?a=dlsongs&year=2023&month=01&day=09
2023,dlsongs,2023-01-04,62,喜劇,星野源,https://www.billboard-japan.com/charts/detail?a=dlsongs&year=2023&month=01&day=09
2023,dlsongs,2023-01-04,63,小さな海,結束バンド,https://www.billboard-japan.com/charts/detail?a=dlsongs&year=2023&month=01&day=09
2023,dlsongs,2023-01-04,64,ベテルギウス,優里,https://www.billboard-japan.com/charts/detail?a=dlsongs&year=2023&month=01&day=09
2023,dlsongs,2023-01-04,65,KIRARI MAGIC SHOW,"オグリキャップ(高柳知葉),イナリワン(井上遥乃),スマートファルコン(大和田仁美),コパノリッキー(稲垣好),ホッコータルマエ(菊池紗矢香)",https://www.billboard-japan.com/charts/detail?a=dlsongs&year=2023&month=01&day=09
2023,dlsongs,2023-01-04,66,恋人たちのクリスマス,マライア・キャリー,https://www.billboard-japan.com/charts/detail?a=dlsongs&year=2023&month=01&day=09
2023,dlsongs,2023-01-04,67,ちゅ、多様性。,ano,https://www.billboard-japan.com/charts/detail?a=dlsongs&year=2023&month=01&day=09
2023,dlsongs,2023-01-04,68,ラブソングが歌えない,結束バンド,https://www.billboard-japan.com/charts/detail?a=dlsongs&year=2023&month=01&day=09
2023,dlsongs,2023-01-04,69,倶(とも)に,中島みゆき,https://www.billboard-japan.com/charts/detail?a=dlsongs&year=2023&month=01&day=09
2023,dlsongs,2023-01-04,70,CITRUS,Da-iCE,https://www.billboard-japan.com/charts/detail?a=dlsongs&year=2023&month=01&day=09
2023,dlsongs,2023-01-04,71,別世界,天音かなた,https://www.billboard-japan.com/charts/detail?a=dlsongs&year=2023&month=01&day=09
2023,dlsongs,2023-01-04,72,ここにはないもの,乃木坂46,https://www.billboard-japan.com/charts/detail?a=dlsongs&year=2023&month=01&day=09
2023,dlsongs,2023-01-04,73,君はロックを聴かない,あいみょん,https://www.billboard-japan.com/charts/detail?a=dlsongs&year=2023&month=01&day=09
2023,dlsongs,2023-01-04,74,Melody,8LOOM,https://www.billboard-japan.com/charts/detail?a=dlsongs&year=2023&month=01&day=09
2023,dlsongs,2023-01-04,75,銀の龍の背に乗って,中島みゆき,https://www.billboard-japan.com/charts/detail?a=dlsongs&year=2023&month=01&day=09
2023,dlsongs,2023-01-04,76,それを愛と呼ぶなら,Uru,https://www.billboard-japan.com/charts/detail?a=dlsongs&year=2023&month=01&day=09
2023,dlsongs,2023-01-04,77,Deep down,Aimer(エメ),https://www.billboard-japan.com/charts/detail?a=dlsongs&year=2023&month=01&day=09
2023,dlsongs,2023-01-04,78,Wings,川村壱馬/吉野北人 (THE RAMPAGE) × 中本悠太 (NCT 127) × 三山凌輝 (BE:FIRST) from HiGH&LOW THE WORST X,https://www.billboard-japan.com/charts/detail?a=dlsongs&year=2023&month=01&day=09
2023,dlsongs,2023-01-04,79,I Love Youからはじめよう,安全地帯,https://www.billboard-japan.com/charts/detail?a=dlsongs&year=2023&month=01&day=09
2023,dlsongs,2023-01-04,80,C'mon,KID PHENOMENON,https://www.billboard-japan.com/charts/detail?a=dlsongs&year=2023&month=01&day=09
2023,dlsongs,2023-01-04,81,逆光 (ウタ from ONE PIECE FILM RED),Ado,https://www.billboard-japan.com/charts/detail?a=dlsongs&year=2023&month=01&day=09
2023,dlsongs,2023-01-04,82,WHEN I MOVE,KARA,https://www.billboard-japan.com/charts/detail?a=dlsongs&year=2023&month=01&day=09
2023,dlsongs,2023-01-04,83,若者のすべて,フジファブリック,https://www.billboard-japan.com/charts/detail?a=dlsongs&year=2023&month=01&day=09
2023,dlsongs,2023-01-04,84,もう一度,Tani Yuuki,https://www.billboard-japan.com/charts/detail?a=dlsongs&year=2023&month=01&day=09
2023,dlsongs,2023-01-04,85,Come Again,8LOOM,https://www.billboard-japan.com/charts/detail?a=dlsongs&year=2023&month=01&day=09
2023,dlsongs,2023-01-04,86,Blue Moon,NiziU,https://www.billboard-japan.com/charts/detail?a=dlsongs&year=2023&month=01&day=09
2023,dlsongs,2023-01-04,87,カメレオン,King Gnu,https://www.billboard-japan.com/charts/detail?a=dlsongs&year=2023&month=01&day=09
2023,dlsongs,2023-01-04,88,M八七,米津玄師,https://www.billboard-japan.com/charts/detail?a=dlsongs&year=2023&month=01&day=09
2023,dlsongs,2023-01-04,89,"アイウエ feat. 美波, SAKURAmoti",MAISONdes,https://www.billboard-japan.com/charts/detail?a=dlsongs&year=2023&month=01&day=09
2023,dlsongs,2023-01-04,90,CASE 143,Stray Kids,https://www.billboard-japan.com/charts/detail?a=dlsongs&year=2023&month=01&day=09
2023,dlsongs,2023-01-04,91,ドライフラワー,優里,https://www.billboard-japan.com/charts/detail?a=dlsongs&year=2023&month=01&day=09
2023,dlsongs,2023-01-04,92,Swing Swing Paradise,モーニング娘。'22,https://www.billboard-japan.com/charts/detail?a=dlsongs&year=2023&month=01&day=09
2023,dlsongs,2023-01-04,93,RAGING BULL,THE JET BOY BANGERZ,https://www.billboard-japan.com/charts/detail?a=dlsongs&year=2023&month=01&day=09
2023,dlsongs,2023-01-04,94,Thank you for the encounter,SMC組,https://www.billboard-japan.com/charts/detail?a=dlsongs&year=2023&month=01&day=09
2023,dlsongs,2023-01-04,95,カオスが極まる,UNISON SQUARE GARDEN,https://www.billboard-japan.com/charts/detail?a=dlsongs&year=2023&month=01&day=09
2023,dlsongs,2023-01-04,95,Forever or Never,8LOOM,https://www.billboard-japan.com/charts/detail?a=dlsongs&year=2023&month=01&day=09
2023,dlsongs,2023-01-04,95,残機,ずっと真夜中でいいのに。,https://www.billboard-japan.com/charts/detail?a=dlsongs&year=2023&month=01&day=09
2023,dlsongs,2023-01-04,98,閃光,[Alexandros],https://www.billboard-japan.com/charts/detail?a=dlsongs&year=2023&month=01&day=09
2023,dlsongs,2023-01-04,99,君よ 気高くあれ,シユイ,https://www.billboard-japan.com/charts/detail?a=dlsongs&year=2023&month=01&day=09
2023,dlsongs,2023-01-04,100,Ditto,NewJeans,https://www.billboard-japan.com/charts/detail?a=dlsongs&year=2023&month=01&day=09
2023,dlsongs,2023-01-11,1,怪獣の花唄,Vaundy,https://www.billboard-japan.com/charts/detail?a=dlsongs&year=2023&month=01&day=16
2023,dlsongs,2023-01-11,2,Subtitle,Official髭男dism,https://www.billboard-japan.com/charts/detail?a=dlsongs&year=2023&month=01&day=16
2023,dlsongs,2023-01-11,3,Habit,SEKAI NO OWARI,https://www.billboard-japan.com/charts/detail?a=dlsongs&year=2023&month=01&day=16
2023,dlsongs,2023-01-11,4,第ゼロ感,10-FEET,https://www.billboard-japan.com/charts/detail?a=dlsongs&year=2023&month=01&day=16
2023,dlsongs,2023-01-11,5,新時代 (ウタ from ONE PIECE FILM RED),Ado,https://www.billboard-japan.com/charts/detail?a=dlsongs&year=2023&month=01&day=16
2023,dlsongs,2023-01-11,6,KICK BACK,米津玄師,https://www.billboard-japan.com/charts/detail?a=dlsongs&year=2023&month=01&day=16
2023,dlsongs,2023-01-11,7,おもかげ (produced by Vaundy),milet & Aimer(エメ) & 幾田りら,https://www.billboard-japan.com/charts/detail?a=dlsongs&year=2023&month=01&day=16
2023,dlsongs,2023-01-11,8,W / X / Y,Tani Yuuki,https://www.billboard-japan.com/charts/detail?a=dlsongs&year=2023&month=01&day=16
2023,dlsongs,2023-01-11,9,祝福,YOASOBI,https://www.billboard-japan.com/charts/detail?a=dlsongs&year=2023&month=01&day=16
2023,dlsongs,2023-01-11,10,残響散歌,Aimer(エメ),https://www.billboard-japan.com/charts/detail?a=dlsongs&year=2023&month=01&day=16
2023,dlsongs,2023-01-11,11,この宇宙の片隅で,三代目 J SOUL BROTHERS from EXILE TRIBE,https://www.billboard-japan.com/charts/detail?a=dlsongs&year=2023&month=01&day=16
2023,dlsongs,2023-01-11,12,ダンスホール,Mrs.GREEN APPLE,https://www.billboard-japan.com/charts/detail?a=dlsongs&year=2023&month=01&day=16
2023,dlsongs,2023-01-11,13,ミックスナッツ,Official髭男dism,https://www.billboard-japan.com/charts/detail?a=dlsongs&year=2023&month=01&day=16
2023,dlsongs,2023-01-11,14,アイラブユー,back number,https://www.billboard-japan.com/charts/detail?a=dlsongs&year=2023&month=01&day=16
2023,dlsongs,2023-01-11,15,SOUVENIR,BUMP OF CHICKEN,https://www.billboard-japan.com/charts/detail?a=dlsongs&year=2023&month=01&day=16
2023,dlsongs,2023-01-11,16,ファイトソング,Eve,https://www.billboard-japan.com/charts/detail?a=dlsongs&year=2023&month=01&day=16
2023,dlsongs,2023-01-11,17,スターマイン,Da-iCE,https://www.billboard-japan.com/charts/detail?a=dlsongs&year=2023&month=01&day=16
2023,dlsongs,2023-01-11,18,時代遅れのRock'n'Roll Band,"桑田佳祐 feat.佐野元春,世良公則, Char,野口五郎",https://www.billboard-japan.com/charts/detail?a=dlsongs&year=2023&month=01&day=16
2023,dlsongs,2023-01-11,19,私は最強 (ウタ from ONE PIECE FILM RED),Ado,https://www.billboard-japan.com/charts/detail?a=dlsongs&year=2023&month=01&day=16
2023,dlsongs,2023-01-11,20,星座になれたら,結束バンド,https://www.billboard-japan.com/charts/detail?a=dlsongs&year=2023&month=01&day=16
2023,dlsongs,2023-01-11,21,The Last Rockstars,THE LAST ROCKSTARS,https://www.billboard-japan.com/charts/detail?a=dlsongs&year=2023&month=01&day=16
2023,dlsongs,2023-01-11,22,Stardom,King Gnu,https://www.billboard-japan.com/charts/detail?a=dlsongs&year=2023&month=01&day=16
2023,dlsongs,2023-01-11,23,story time,"Star Flower(星街すいせい, AZKi, Moona Hoshinova, IRyS)",https://www.billboard-japan.com/charts/detail?a=dlsongs&year=2023&month=01&day=16
2023,dlsongs,2023-01-11,24,踊り子,Vaundy,https://www.billboard-japan.com/charts/detail?a=dlsongs&year=2023&month=01&day=16
2023,dlsongs,2023-01-11,25,死ぬのがいいわ,藤井風,https://www.billboard-japan.com/charts/detail?a=dlsongs&year=2023&month=01&day=16
2023,dlsongs,2023-01-11,26,水平線,back number,https://www.billboard-japan.com/charts/detail?a=dlsongs&year=2023&month=01&day=16
2023,dlsongs,2023-01-11,27,色彩,yama,https://www.billboard-japan.com/charts/detail?a=dlsongs&year=2023&month=01&day=16
2023,dlsongs,2023-01-11,28,メリーゴーランド,優里,https://www.billboard-japan.com/charts/detail?a=dlsongs&year=2023&month=01&day=16
2023,dlsongs,2023-01-11,29,アイワナムチュー feat.asmi & すりぃ,MAISONdes,https://www.billboard-japan.com/charts/detail?a=dlsongs&year=2023&month=01&day=16
2023,dlsongs,2023-01-11,30,escalate,Aimer(エメ),https://www.billboard-japan.com/charts/detail?a=dlsongs&year=2023&month=01&day=16
2023,dlsongs,2023-01-11,31,OMG,NewJeans,https://www.billboard-japan.com/charts/detail?a=dlsongs&year=2023&month=01&day=16
2023,dlsongs,2023-01-11,32,grace,藤井風,https://www.billboard-japan.com/charts/detail?a=dlsongs&year=2023&month=01&day=16
2023,dlsongs,2023-01-11,33,私は最強,Mrs.GREEN APPLE,https://www.billboard-japan.com/charts/detail?a=dlsongs&year=2023&month=01&day=16
2023,dlsongs,2023-01-11,34,すずめ (feat. 十明),RADWIMPS,https://www.billboard-japan.com/charts/detail?a=dlsongs&year=2023&month=01&day=16
2023,dlsongs,2023-01-11,35,LOVE ROCKETS,The Birthday,https://www.billboard-japan.com/charts/detail?a=dlsongs&year=2023&month=01&day=16
2023,dlsongs,2023-01-11,36,あかときリロード,aiko,https://www.billboard-japan.com/charts/detail?a=dlsongs&year=2023&month=01&day=16
2023,dlsongs,2023-01-11,37,シンデレラボーイ,Saucy Dog,https://www.billboard-japan.com/charts/detail?a=dlsongs&year=2023&month=01&day=16
2023,dlsongs,2023-01-11,38,カナタハルカ,RADWIMPS,https://www.billboard-japan.com/charts/detail?a=dlsongs&year=2023&month=01&day=16
2023,dlsongs,2023-01-11,39,ぼくらの,Eve,https://www.billboard-japan.com/charts/detail?a=dlsongs&year=2023&month=01&day=16
2023,dlsongs,2023-01-11,40,高嶺の花子さん,back number,https://www.billboard-japan.com/charts/detail?a=dlsongs&year=2023&month=01&day=16
2023,dlsongs,2023-01-11,41,"トウキョウ・シャンディ・ランデヴ feat. 花譜, ツミキ",MAISONdes,https://www.billboard-japan.com/charts/detail?a=dlsongs&year=2023&month=01&day=16
2023,dlsongs,2023-01-11,42,Mela!,緑黄色社会,https://www.billboard-japan.com/charts/detail?a=dlsongs&year=2023&month=01&day=16
2023,dlsongs,2023-01-11,43,可愛くてごめん feat. ちゅーたん(早見沙織),HoneyWorks,https://www.billboard-japan.com/charts/detail?a=dlsongs&year=2023&month=01&day=16
2023,dlsongs,2023-01-11,44,CHAINSAW BLOOD,Vaundy,https://www.billboard-japan.com/charts/detail?a=dlsongs&year=2023&month=01&day=16
2023,dlsongs,2023-01-11,45,Soranji,Mrs.GREEN APPLE,https://www.billboard-japan.com/charts/detail?a=dlsongs&year=2023&month=01&day=16
2023,dlsongs,2023-01-11,46,忘れてやらない,結束バンド,https://www.billboard-japan.com/charts/detail?a=dlsongs&year=2023&month=01&day=16
2023,dlsongs,2023-01-11,47,僕のこと,Mrs.GREEN APPLE,https://www.billboard-japan.com/charts/detail?a=dlsongs&year=2023&month=01&day=16
2023,dlsongs,2023-01-11,48,逆夢,King Gnu,https://www.billboard-japan.com/charts/detail?a=dlsongs&year=2023&month=01&day=16
2023,dlsongs,2023-01-11,49,君はロックを聴かない,あいみょん,https://www.billboard-japan.com/charts/detail?a=dlsongs&year=2023&month=01&day=16
2023,dlsongs,2023-01-11,50,Overdose,なとり,https://www.billboard-japan.com/charts/detail?a=dlsongs&year=2023&month=01&day=16
2023,dlsongs,2023-01-11,51,喜劇,星野源,https://www.billboard-japan.com/charts/detail?a=dlsongs&year=2023&month=01&day=16
2023,dlsongs,2023-01-11,52,乙女のススメ?!,さくらみこ,https://www.billboard-japan.com/charts/detail?a=dlsongs&year=2023&month=01&day=16
2023,dlsongs,2023-01-11,53,Ditto,NewJeans,https://www.billboard-japan.com/charts/detail?a=dlsongs&year=2023&month=01&day=16
2023,dlsongs,2023-01-11,54,恋だろ,wacci,https://www.billboard-japan.com/charts/detail?a=dlsongs&year=2023&month=01&day=16
2023,dlsongs,2023-01-11,55,君の花になる,8LOOM,https://www.billboard-japan.com/charts/detail?a=dlsongs&year=2023&month=01&day=16
2023,dlsongs,2023-01-11,56,Dreamy Anniversary,"久川凪(立花日菜),大槻唯(山下七海),高垣楓(早見沙織),望月聖(原涼子),新田美波(洲崎綾)",https://www.billboard-japan.com/charts/detail?a=dlsongs&year=2023&month=01&day=16
2023,dlsongs,2023-01-11,57,不可幸力,Vaundy,https://www.billboard-japan.com/charts/detail?a=dlsongs&year=2023&month=01&day=16
2023,dlsongs,2023-01-11,58,Melody,8LOOM,https://www.billboard-japan.com/charts/detail?a=dlsongs&year=2023&month=01&day=16
2023,dlsongs,2023-01-11,59,Celebrate,TWICE,https://www.billboard-japan.com/charts/detail?a=dlsongs&year=2023&month=01&day=16
2023,dlsongs,2023-01-11,60,ちゅ、多様性。,ano,https://www.billboard-japan.com/charts/detail?a=dlsongs&year=2023&month=01&day=16
2023,dlsongs,2023-01-11,61,DOGLAND,PEOPLE 1,https://www.billboard-japan.com/charts/detail?a=dlsongs&year=2023&month=01&day=16
2023,dlsongs,2023-01-11,62,バイオレンス,女王蜂,https://www.billboard-japan.com/charts/detail?a=dlsongs&year=2023&month=01&day=16
2023,dlsongs,2023-01-11,63,花の塔,さユり,https://www.billboard-japan.com/charts/detail?a=dlsongs&year=2023&month=01&day=16
2023,dlsongs,2023-01-11,64,Woo Woo,n.SSign,https://www.billboard-japan.com/charts/detail?a=dlsongs&year=2023&month=01&day=16
2023,dlsongs,2023-01-11,65,青春コンプレックス,結束バンド,https://www.billboard-japan.com/charts/detail?a=dlsongs&year=2023&month=01&day=16
2023,dlsongs,2023-01-11,66,綺羅キラー (feat. Mori Calliope),ずっと真夜中でいいのに。,https://www.billboard-japan.com/charts/detail?a=dlsongs&year=2023&month=01&day=16
2023,dlsongs,2023-01-11,67,いつのまに feat.Aimer & 和ぬか,MAISONdes,https://www.billboard-japan.com/charts/detail?a=dlsongs&year=2023&month=01&day=16
2023,dlsongs,2023-01-11,68,なんでもないよ、,マカロニえんぴつ,https://www.billboard-japan.com/charts/detail?a=dlsongs&year=2023&month=01&day=16
2023,dlsongs,2023-01-11,69,裸の勇者,Vaundy,https://www.billboard-japan.com/charts/detail?a=dlsongs&year=2023&month=01&day=16
2023,dlsongs,2023-01-11,70,もう一度,Tani Yuuki,https://www.billboard-japan.com/charts/detail?a=dlsongs&year=2023&month=01&day=16
2023,dlsongs,2023-01-11,71,FAKEit,SawanoHiroyuki[nZk]:Laco,https://www.billboard-japan.com/charts/detail?a=dlsongs&year=2023&month=01&day=16
2023,dlsongs,2023-01-11,72,転がる岩、君に朝が降る,結束バンド,https://www.billboard-japan.com/charts/detail?a=dlsongs&year=2023&month=01&day=16
2023,dlsongs,2023-01-11,73,フカ,KANA-BOON,https://www.billboard-japan.com/charts/detail?a=dlsongs&year=2023&month=01&day=16
2023,dlsongs,2023-01-11,74,一途,King Gnu,https://www.billboard-japan.com/charts/detail?a=dlsongs&year=2023&month=01&day=16
2023,dlsongs,2023-01-11,75,All yours,聖川真斗(鈴村健一),https://www.billboard-japan.com/charts/detail?a=dlsongs&year=2023&month=01&day=16
2023,dlsongs,2023-01-11,76,閃光,[Alexandros],https://www.billboard-japan.com/charts/detail?a=dlsongs&year=2023&month=01&day=16
2023,dlsongs,2023-01-11,77,HIGHEST,OxT,https://www.billboard-japan.com/charts/detail?a=dlsongs&year=2023&month=01&day=16
2023,dlsongs,2023-01-11,78,恋風邪にのせて,Vaundy,https://www.billboard-japan.com/charts/detail?a=dlsongs&year=2023&month=01&day=16
2023,dlsongs,2023-01-11,79,Farewell,Superfly,https://www.billboard-japan.com/charts/detail?a=dlsongs&year=2023&month=01&day=16
2023,dlsongs,2023-01-11,80,逆光 (ウタ from ONE PIECE FILM RED),Ado,https://www.billboard-japan.com/charts/detail?a=dlsongs&year=2023&month=01&day=16
2023,dlsongs,2023-01-11,81,ALIVE,ClariS,https://www.billboard-japan.com/charts/detail?a=dlsongs&year=2023&month=01&day=16
2023,dlsongs,2023-01-11,81,燦燦,三浦大知,https://www.billboard-japan.com/charts/detail?a=dlsongs&year=2023&month=01&day=16
2023,dlsongs,2023-01-11,83,Beautiful,Superfly,https://www.billboard-japan.com/charts/detail?a=dlsongs&year=2023&month=01&day=16
2023,dlsongs,2023-01-11,84,"アイウエ feat. 美波, SAKURAmoti",MAISONdes,https://www.billboard-japan.com/charts/detail?a=dlsongs&year=2023&month=01&day=16
2023,dlsongs,2023-01-11,85,Come Again,8LOOM,https://www.billboard-japan.com/charts/detail?a=dlsongs&year=2023&month=01&day=16
2023,dlsongs,2023-01-11,86,想花,Kis-My-Ft2,https://www.billboard-japan.com/charts/detail?a=dlsongs&year=2023&month=01&day=16
2023,dlsongs,2023-01-11,87,銀の龍の背に乗って,中島みゆき,https://www.billboard-japan.com/charts/detail?a=dlsongs&year=2023&month=01&day=16
2023,dlsongs,2023-01-11,88,全人類 兎化計画!,兎田ぺこら,https://www.billboard-japan.com/charts/detail?a=dlsongs&year=2023&month=01&day=16
2023,dlsongs,2023-01-11,89,ベテルギウス,優里,https://www.billboard-japan.com/charts/detail?a=dlsongs&year=2023&month=01&day=16
2023,dlsongs,2023-01-11,90,拝啓、少年よ,Hump Back,https://www.billboard-japan.com/charts/detail?a=dlsongs&year=2023&month=01&day=16
2023,dlsongs,2023-01-11,91,I Love Youからはじめよう,安全地帯,https://www.billboard-japan.com/charts/detail?a=dlsongs&year=2023&month=01&day=16
2023,dlsongs,2023-01-11,92,ギターと孤独と蒼い惑星,結束バンド,https://www.billboard-japan.com/charts/detail?a=dlsongs&year=2023&month=01&day=16
2023,dlsongs,2023-01-11,93,ANTIFRAGILE,LE SSERAFIM,https://www.billboard-japan.com/charts/detail?a=dlsongs&year=2023&month=01&day=16
2023,dlsongs,2023-01-11,93,エジソン,水曜日のカンパネラ,https://www.billboard-japan.com/charts/detail?a=dlsongs&year=2023&month=01&day=16
2023,dlsongs,2023-01-11,95,CITRUS,Da-iCE,https://www.billboard-japan.com/charts/detail?a=dlsongs&year=2023&month=01&day=16
2023,dlsongs,2023-01-11,96,115万キロのフィルム,Official髭男dism,https://www.billboard-japan.com/charts/detail?a=dlsongs&year=2023&month=01&day=16
2023,dlsongs,2023-01-11,97,Deep down,Aimer(エメ),https://www.billboard-japan.com/charts/detail?a=dlsongs&year=2023&month=01&day=16
2023,dlsongs,2023-01-11,98,東京フラッシュ,Vaundy,https://www.billboard-japan.com/charts/detail?a=dlsongs&year=2023&month=01&day=16
2023,dlsongs,2023-01-11,99,恋しさと せつなさと 心強さと 2023,篠原涼子 with t.komuro,https://www.billboard-japan.com/charts/detail?a=dlsongs&year=2023&month=01&day=16
2023,dlsongs,2023-01-11,100,群青,YOASOBI,https://www.billboard-japan.com/charts/detail?a=dlsongs&year=2023&month=01&day=16
2023,dlsongs,2023-01-18,1,ホワイトノイズ,Official髭男dism,https://www.billboard-japan.com/charts/detail?a=dlsongs&year=2023&month=01&day=23
2023,dlsongs,2023-01-18,2,第ゼロ感,10-FEET,https://www.billboard-japan.com/charts/detail?a=dlsongs&year=2023&month=01&day=23
2023,dlsongs,2023-01-18,3,VIBE (feat. Jimin of BTS),TAEYANG,https://www.billboard-japan.com/charts/detail?a=dlsongs&year=2023&month=01&day=23
2023,dlsongs,2023-01-18,4,Subtitle,Official髭男dism,https://www.billboard-japan.com/charts/detail?a=dlsongs&year=2023&month=01&day=23
2023,dlsongs,2023-01-18,5,怪獣の花唄,Vaundy,https://www.billboard-japan.com/charts/detail?a=dlsongs&year=2023&month=01&day=23
2023,dlsongs,2023-01-18,6,Habit,SEKAI NO OWARI,https://www.billboard-japan.com/charts/detail?a=dlsongs&year=2023&month=01&day=23
2023,dlsongs,2023-01-18,7,祝福,YOASOBI,https://www.billboard-japan.com/charts/detail?a=dlsongs&year=2023&month=01&day=23
2023,dlsongs,2023-01-18,8,僕のこと (Orchestra ver.),Mrs.GREEN APPLE,https://www.billboard-japan.com/charts/detail?a=dlsongs&year=2023&month=01&day=23
2023,dlsongs,2023-01-18,9,新時代 (ウタ from ONE PIECE FILM RED),Ado,https://www.billboard-japan.com/charts/detail?a=dlsongs&year=2023&month=01&day=23
2023,dlsongs,2023-01-18,10,KICK BACK,米津玄師,https://www.billboard-japan.com/charts/detail?a=dlsongs&year=2023&month=01&day=23
2023,dlsongs,2023-01-18,11,escalate,Aimer(エメ),https://www.billboard-japan.com/charts/detail?a=dlsongs&year=2023&month=01&day=23
2023,dlsongs,2023-01-18,12,Arch of Light,She is Legend,https://www.billboard-japan.com/charts/detail?a=dlsongs&year=2023&month=01&day=23
2023,dlsongs,2023-01-18,13,ミックスナッツ,Official髭男dism,https://www.billboard-japan.com/charts/detail?a=dlsongs&year=2023&month=01&day=23
2023,dlsongs,2023-01-18,14,ダンスホール,Mrs.GREEN APPLE,https://www.billboard-japan.com/charts/detail?a=dlsongs&year=2023&month=01&day=23
2023,dlsongs,2023-01-18,15,僕のこと,Mrs.GREEN APPLE,https://www.billboard-japan.com/charts/detail?a=dlsongs&year=2023&month=01&day=23
2023,dlsongs,2023-01-18,16,W / X / Y,Tani Yuuki,https://www.billboard-japan.com/charts/detail?a=dlsongs&year=2023&month=01&day=23
2023,dlsongs,2023-01-18,17,アイラブユー,back number,https://www.billboard-japan.com/charts/detail?a=dlsongs&year=2023&month=01&day=23
2023,dlsongs,2023-01-18,18,残響散歌,Aimer(エメ),https://www.billboard-japan.com/charts/detail?a=dlsongs&year=2023&month=01&day=23
2023,dlsongs,2023-01-18,19,スターマイン,Da-iCE,https://www.billboard-japan.com/charts/detail?a=dlsongs&year=2023&month=01&day=23
2023,dlsongs,2023-01-18,20,ぼくらの,Eve,https://www.billboard-japan.com/charts/detail?a=dlsongs&year=2023&month=01&day=23
2023,dlsongs,2023-01-18,21,アイワナムチュー feat.asmi & すりぃ,MAISONdes,https://www.billboard-japan.com/charts/detail?a=dlsongs&year=2023&month=01&day=23
2023,dlsongs,2023-01-18,22,星座になれたら,結束バンド,https://www.billboard-japan.com/charts/detail?a=dlsongs&year=2023&month=01&day=23
2023,dlsongs,2023-01-18,23,テレパス,ヨルシカ,https://www.billboard-japan.com/charts/detail?a=dlsongs&year=2023&month=01&day=23
2023,dlsongs,2023-01-18,24,擬態ごっこ,沙花叉クロヱ,https://www.billboard-japan.com/charts/detail?a=dlsongs&year=2023&month=01&day=23
2023,dlsongs,2023-01-18,25,SOUVENIR,BUMP OF CHICKEN,https://www.billboard-japan.com/charts/detail?a=dlsongs&year=2023&month=01&day=23
2023,dlsongs,2023-01-18,26,"アイタリナイ feat. yama, ニト。",MAISONdes,https://www.billboard-japan.com/charts/detail?a=dlsongs&year=2023&month=01&day=23
2023,dlsongs,2023-01-18,27,Ghostic Treat House,fine,https://www.billboard-japan.com/charts/detail?a=dlsongs&year=2023&month=01&day=23
2023,dlsongs,2023-01-18,28,おもかげ (produced by Vaundy),milet & Aimer(エメ) & 幾田りら,https://www.billboard-japan.com/charts/detail?a=dlsongs&year=2023&month=01&day=23
2023,dlsongs,2023-01-18,29,まぶた,Vaundy,https://www.billboard-japan.com/charts/detail?a=dlsongs&year=2023&month=01&day=23
2023,dlsongs,2023-01-18,30,私は最強 (ウタ from ONE PIECE FILM RED),Ado,https://www.billboard-japan.com/charts/detail?a=dlsongs&year=2023&month=01&day=23
2023,dlsongs,2023-01-18,31,"トウキョウ・シャンディ・ランデヴ feat. 花譜, ツミキ",MAISONdes,https://www.billboard-japan.com/charts/detail?a=dlsongs&year=2023&month=01&day=23
2023,dlsongs,2023-01-18,32,可愛くてごめん feat. ちゅーたん(早見沙織),HoneyWorks,https://www.billboard-japan.com/charts/detail?a=dlsongs&year=2023&month=01&day=23
2023,dlsongs,2023-01-18,33,Farewell,Superfly,https://www.billboard-japan.com/charts/detail?a=dlsongs&year=2023&month=01&day=23
2023,dlsongs,2023-01-18,34,JOYFUL HEART MAKER,High×Joker,https://www.billboard-japan.com/charts/detail?a=dlsongs&year=2023&month=01&day=23
2023,dlsongs,2023-01-18,35,LOVE ROCKETS,The Birthday,https://www.billboard-japan.com/charts/detail?a=dlsongs&year=2023&month=01&day=23
2023,dlsongs,2023-01-18,36,ファイトソング,Eve,https://www.billboard-japan.com/charts/detail?a=dlsongs&year=2023&month=01&day=23
2023,dlsongs,2023-01-18,37,Soranji,Mrs.GREEN APPLE,https://www.billboard-japan.com/charts/detail?a=dlsongs&year=2023&month=01&day=23
2023,dlsongs,2023-01-18,38,すずめ (feat. 十明),RADWIMPS,https://www.billboard-japan.com/charts/detail?a=dlsongs&year=2023&month=01&day=23
2023,dlsongs,2023-01-18,39,メリーゴーランド,優里,https://www.billboard-japan.com/charts/detail?a=dlsongs&year=2023&month=01&day=23
2023,dlsongs,2023-01-18,40,色彩,yama,https://www.billboard-japan.com/charts/detail?a=dlsongs&year=2023&month=01&day=23
2023,dlsongs,2023-01-18,41,Overdose,なとり,https://www.billboard-japan.com/charts/detail?a=dlsongs&year=2023&month=01&day=23
2023,dlsongs,2023-01-18,42,私は最強,Mrs.GREEN APPLE,https://www.billboard-japan.com/charts/detail?a=dlsongs&year=2023&month=01&day=23
2023,dlsongs,2023-01-18,43,青春コンプレックス,結束バンド,https://www.billboard-japan.com/charts/detail?a=dlsongs&year=2023&month=01&day=23
2023,dlsongs,2023-01-18,44,水平線,back number,https://www.billboard-japan.com/charts/detail?a=dlsongs&year=2023&month=01&day=23
2023,dlsongs,2023-01-18,45,シンデレラボーイ,Saucy Dog,https://www.billboard-japan.com/charts/detail?a=dlsongs&year=2023&month=01&day=23
2023,dlsongs,2023-01-18,46,踊り子,Vaundy,https://www.billboard-japan.com/charts/detail?a=dlsongs&year=2023&month=01&day=23
2023,dlsongs,2023-01-18,47,アンチノミー,amazarashi,https://www.billboard-japan.com/charts/detail?a=dlsongs&year=2023&month=01&day=23
2023,dlsongs,2023-01-18,48,君よ 気高くあれ,シユイ,https://www.billboard-japan.com/charts/detail?a=dlsongs&year=2023&month=01&day=23
2023,dlsongs,2023-01-18,49,リンジュー・ラヴ,マカロニえんぴつ,https://www.billboard-japan.com/charts/detail?a=dlsongs&year=2023&month=01&day=23
2023,dlsongs,2023-01-18,50,ギターと孤独と蒼い惑星,結束バンド,https://www.billboard-japan.com/charts/detail?a=dlsongs&year=2023&month=01&day=23
2023,dlsongs,2023-01-18,51,カナタハルカ,RADWIMPS,https://www.billboard-japan.com/charts/detail?a=dlsongs&year=2023&month=01&day=23
2023,dlsongs,2023-01-18,52,死ぬのがいいわ,藤井風,https://www.billboard-japan.com/charts/detail?a=dlsongs&year=2023&month=01&day=23
2023,dlsongs,2023-01-18,53,Ditto,NewJeans,https://www.billboard-japan.com/charts/detail?a=dlsongs&year=2023&month=01&day=23
2023,dlsongs,2023-01-18,54,Stardom,King Gnu,https://www.billboard-japan.com/charts/detail?a=dlsongs&year=2023&month=01&day=23
2023,dlsongs,2023-01-18,55,OMG,NewJeans,https://www.billboard-japan.com/charts/detail?a=dlsongs&year=2023&month=01&day=23
2023,dlsongs,2023-01-18,56,閃光,[Alexandros],https://www.billboard-japan.com/charts/detail?a=dlsongs&year=2023&month=01&day=23
2023,dlsongs,2023-01-18,57,grace,藤井風,https://www.billboard-japan.com/charts/detail?a=dlsongs&year=2023&month=01&day=23
2023,dlsongs,2023-01-18,58,嘘つき,家入レオ,https://www.billboard-japan.com/charts/detail?a=dlsongs&year=2023&month=01&day=23
2023,dlsongs,2023-01-18,59,忘れてやらない,結束バンド,https://www.billboard-japan.com/charts/detail?a=dlsongs&year=2023&month=01&day=23
2023,dlsongs,2023-01-18,60,CHAINSAW BLOOD,Vaundy,https://www.billboard-japan.com/charts/detail?a=dlsongs&year=2023&month=01&day=23
2023,dlsongs,2023-01-18,61,ちゅ、多様性。,ano,https://www.billboard-japan.com/charts/detail?a=dlsongs&year=2023&month=01&day=23
2023,dlsongs,2023-01-18,62,花の塔,さユり,https://www.billboard-japan.com/charts/detail?a=dlsongs&year=2023&month=01&day=23
2023,dlsongs,2023-01-18,63,あかときリロード,aiko,https://www.billboard-japan.com/charts/detail?a=dlsongs&year=2023&month=01&day=23
2023,dlsongs,2023-01-18,64,"アイウエ feat. 美波, SAKURAmoti",MAISONdes,https://www.billboard-japan.com/charts/detail?a=dlsongs&year=2023&month=01&day=23
2023,dlsongs,2023-01-18,65,DOGLAND,PEOPLE 1,https://www.billboard-japan.com/charts/detail?a=dlsongs&year=2023&month=01&day=23
2023,dlsongs,2023-01-18,66,First Love,宇多田ヒカル,https://www.billboard-japan.com/charts/detail?a=dlsongs&year=2023&month=01&day=23
2023,dlsongs,2023-01-18,67,もう一度,Tani Yuuki,https://www.billboard-japan.com/charts/detail?a=dlsongs&year=2023&month=01&day=23
2023,dlsongs,2023-01-18,68,綺羅キラー (feat. Mori Calliope),ずっと真夜中でいいのに。,https://www.billboard-japan.com/charts/detail?a=dlsongs&year=2023&month=01&day=23
2023,dlsongs,2023-01-18,69,時代遅れのRock'n'Roll Band,"桑田佳祐 feat.佐野元春,世良公則, Char,野口五郎",https://www.billboard-japan.com/charts/detail?a=dlsongs&year=2023&month=01&day=23
2023,dlsongs,2023-01-18,70,RECONNECTION,angela,https://www.billboard-japan.com/charts/detail?a=dlsongs&year=2023&month=01&day=23
2023,dlsongs,2023-01-18,71,Melody,8LOOM,https://www.billboard-japan.com/charts/detail?a=dlsongs&year=2023&month=01&day=23
2023,dlsongs,2023-01-18,72,不可幸力,Vaundy,https://www.billboard-japan.com/charts/detail?a=dlsongs&year=2023&month=01&day=23
2023,dlsongs,2023-01-18,73,高嶺の花子さん,back number,https://www.billboard-japan.com/charts/detail?a=dlsongs&year=2023&month=01&day=23
2023,dlsongs,2023-01-18,74,Celebrate,TWICE,https://www.billboard-japan.com/charts/detail?a=dlsongs&year=2023&month=01&day=23
2023,dlsongs,2023-01-18,75,アイデン貞貞メルトダウン,えなこ feat.P丸様。,https://www.billboard-japan.com/charts/detail?a=dlsongs&year=2023&month=01&day=23
2023,dlsongs,2023-01-18,76,君の花になる,8LOOM,https://www.billboard-japan.com/charts/detail?a=dlsongs&year=2023&month=01&day=23
2023,dlsongs,2023-01-18,77,逆夢,King Gnu,https://www.billboard-japan.com/charts/detail?a=dlsongs&year=2023&month=01&day=23
2023,dlsongs,2023-01-18,78,裸の勇者,Vaundy,https://www.billboard-japan.com/charts/detail?a=dlsongs&year=2023&month=01&day=23
2023,dlsongs,2023-01-18,79,Mela!,緑黄色社会,https://www.billboard-japan.com/charts/detail?a=dlsongs&year=2023&month=01&day=23
2023,dlsongs,2023-01-18,80,世界が終るまでは…,WANDS,https://www.billboard-japan.com/charts/detail?a=dlsongs&year=2023&month=01&day=23
2023,dlsongs,2023-01-18,80,HIGHEST,OxT,https://www.billboard-japan.com/charts/detail?a=dlsongs&year=2023&month=01&day=23
2023,dlsongs,2023-01-18,82,CITRUS,Da-iCE,https://www.billboard-japan.com/charts/detail?a=dlsongs&year=2023&month=01&day=23
2023,dlsongs,2023-01-18,83,喜劇,星野源,https://www.billboard-japan.com/charts/detail?a=dlsongs&year=2023&month=01&day=23
2023,dlsongs,2023-01-18,84,なんでもないよ、,マカロニえんぴつ,https://www.billboard-japan.com/charts/detail?a=dlsongs&year=2023&month=01&day=23
2023,dlsongs,2023-01-18,85,蒲公英,幾田りら,https://www.billboard-japan.com/charts/detail?a=dlsongs&year=2023&month=01&day=23
2023,dlsongs,2023-01-18,86,カオスが極まる,UNISON SQUARE GARDEN,https://www.billboard-japan.com/charts/detail?a=dlsongs&year=2023&month=01&day=23
2023,dlsongs,2023-01-18,87,LONGINESS REMIX,"SugLawd Familiar, CHICO CARLITO & Awich",https://www.billboard-japan.com/charts/detail?a=dlsongs&year=2023&month=01&day=23
2023,dlsongs,2023-01-18,88,エジソン,水曜日のカンパネラ,https://www.billboard-japan.com/charts/detail?a=dlsongs&year=2023&month=01&day=23
2023,dlsongs,2023-01-18,89,転がる岩、君に朝が降る,結束バンド,https://www.billboard-japan.com/charts/detail?a=dlsongs&year=2023&month=01&day=23
2023,dlsongs,2023-01-18,90,バイオレンス,女王蜂,https://www.billboard-japan.com/charts/detail?a=dlsongs&year=2023&month=01&day=23
2023,dlsongs,2023-01-18,91,逆光 (ウタ from ONE PIECE FILM RED),Ado,https://www.billboard-japan.com/charts/detail?a=dlsongs&year=2023&month=01&day=23
2023,dlsongs,2023-01-18,92,踊,Ado,https://www.billboard-japan.com/charts/detail?a=dlsongs&year=2023&month=01&day=23
2023,dlsongs,2023-01-18,93,ALIVE,ClariS,https://www.billboard-japan.com/charts/detail?a=dlsongs&year=2023&month=01&day=23
2023,dlsongs,2023-01-18,94,恋風邪にのせて,Vaundy,https://www.billboard-japan.com/charts/detail?a=dlsongs&year=2023&month=01&day=23
2023,dlsongs,2023-01-18,95,Surges,Orangestar (feat.夏背 & ルワン),https://www.billboard-japan.com/charts/detail?a=dlsongs&year=2023&month=01&day=23
2023,dlsongs,2023-01-18,96,恋だろ,wacci,https://www.billboard-japan.com/charts/detail?a=dlsongs&year=2023&month=01&day=23
2023,dlsongs,2023-01-18,97,Hunter,LIL LEAGUE from EXILE TRIBE,https://www.billboard-japan.com/charts/detail?a=dlsongs&year=2023&month=01&day=23
2023,dlsongs,2023-01-18,98,ベテルギウス,優里,https://www.billboard-japan.com/charts/detail?a=dlsongs&year=2023&month=01&day=23
2023,dlsongs,2023-01-18,99,君が好きだと叫びたい,BAAD,https://www.billboard-japan.com/charts/detail?a=dlsongs&year=2023&month=01&day=23
2023,dlsongs,2023-01-18,100,ギフト,オーイシマサヨシ,https://www.billboard-japan.com/charts/detail?a=dlsongs&year=2023&month=01&day=23
2023,dlsongs,2023-01-25,1,ホワイトノイズ,Official髭男dism,https://www.billboard-japan.com/charts/detail?a=dlsongs&year=2023&month=01&day=30
2023,dlsongs,2023-01-25,2,BETTING,香取慎吾×SEVENTEEN,https://www.billboard-japan.com/charts/detail?a=dlsongs&year=2023&month=01&day=30
2023,dlsongs,2023-01-25,3,第ゼロ感,10-FEET,https://www.billboard-japan.com/charts/detail?a=dlsongs&year=2023&month=01&day=30
2023,dlsongs,2023-01-25,4,Subtitle,Official髭男dism,https://www.billboard-japan.com/charts/detail?a=dlsongs&year=2023&month=01&day=30
2023,dlsongs,2023-01-25,5,ビリミリオン,優里,https://www.billboard-japan.com/charts/detail?a=dlsongs&year=2023&month=01&day=30
2023,dlsongs,2023-01-25,6,怪獣の花唄,Vaundy,https://www.billboard-japan.com/charts/detail?a=dlsongs&year=2023&month=01&day=30
2023,dlsongs,2023-01-25,7,KICK BACK,米津玄師,https://www.billboard-japan.com/charts/detail?a=dlsongs&year=2023&month=01&day=30
2023,dlsongs,2023-01-25,8,MOONLIGHT SUNRISE,TWICE,https://www.billboard-japan.com/charts/detail?a=dlsongs&year=2023&month=01&day=30
2023,dlsongs,2023-01-25,9,Habit,SEKAI NO OWARI,https://www.billboard-japan.com/charts/detail?a=dlsongs&year=2023&month=01&day=30
2023,dlsongs,2023-01-25,10,祝福,YOASOBI,https://www.billboard-japan.com/charts/detail?a=dlsongs&year=2023&month=01&day=30
2023,dlsongs,2023-01-25,11,新時代 (ウタ from ONE PIECE FILM RED),Ado,https://www.billboard-japan.com/charts/detail?a=dlsongs&year=2023&month=01&day=30
2023,dlsongs,2023-01-25,12,W / X / Y,Tani Yuuki,https://www.billboard-japan.com/charts/detail?a=dlsongs&year=2023&month=01&day=30
2023,dlsongs,2023-01-25,13,ミックスナッツ,Official髭男dism,https://www.billboard-japan.com/charts/detail?a=dlsongs&year=2023&month=01&day=30
2023,dlsongs,2023-01-25,14,アイラブユー,back number,https://www.billboard-japan.com/charts/detail?a=dlsongs&year=2023&month=01&day=30
2023,dlsongs,2023-01-25,15,VIBE (feat. Jimin of BTS),TAEYANG,https://www.billboard-japan.com/charts/detail?a=dlsongs&year=2023&month=01&day=30
2023,dlsongs,2023-01-25,16,ダンスホール,Mrs.GREEN APPLE,https://www.billboard-japan.com/charts/detail?a=dlsongs&year=2023&month=01&day=30
2023,dlsongs,2023-01-25,17,水平線,back number,https://www.billboard-japan.com/charts/detail?a=dlsongs&year=2023&month=01&day=30
2023,dlsongs,2023-01-25,18,暁,玉井詩織,https://www.billboard-japan.com/charts/detail?a=dlsongs&year=2023&month=01&day=30
2023,dlsongs,2023-01-25,19,ALLDAY,舐達麻,https://www.billboard-japan.com/charts/detail?a=dlsongs&year=2023&month=01&day=30
2023,dlsongs,2023-01-25,20,蒲公英,幾田りら,https://www.billboard-japan.com/charts/detail?a=dlsongs&year=2023&month=01&day=30
2023,dlsongs,2023-01-25,21,escalate,Aimer(エメ),https://www.billboard-japan.com/charts/detail?a=dlsongs&year=2023&month=01&day=30
2023,dlsongs,2023-01-25,22,僕のこと,Mrs.GREEN APPLE,https://www.billboard-japan.com/charts/detail?a=dlsongs&year=2023&month=01&day=30
2023,dlsongs,2023-01-25,23,まぶた,Vaundy,https://www.billboard-japan.com/charts/detail?a=dlsongs&year=2023&month=01&day=30
2023,dlsongs,2023-01-25,24,スターマイン,Da-iCE,https://www.billboard-japan.com/charts/detail?a=dlsongs&year=2023&month=01&day=30
2023,dlsongs,2023-01-25,25,We Good,JO1,https://www.billboard-japan.com/charts/detail?a=dlsongs&year=2023&month=01&day=30
2023,dlsongs,2023-01-25,26,僕のこと (Orchestra ver.),Mrs.GREEN APPLE,https://www.billboard-japan.com/charts/detail?a=dlsongs&year=2023&month=01&day=30
2023,dlsongs,2023-01-25,27,エンベロープ,コブクロ,https://www.billboard-japan.com/charts/detail?a=dlsongs&year=2023&month=01&day=30
2023,dlsongs,2023-01-25,28,Metal Kingdom,BABYMETAL,https://www.billboard-japan.com/charts/detail?a=dlsongs&year=2023&month=01&day=30
2023,dlsongs,2023-01-25,29,残響散歌,Aimer(エメ),https://www.billboard-japan.com/charts/detail?a=dlsongs&year=2023&month=01&day=30
2023,dlsongs,2023-01-25,30,リンジュー・ラヴ,マカロニえんぴつ,https://www.billboard-japan.com/charts/detail?a=dlsongs&year=2023&month=01&day=30
2023,dlsongs,2023-01-25,31,可愛くてごめん feat. ちゅーたん(早見沙織),HoneyWorks,https://www.billboard-japan.com/charts/detail?a=dlsongs&year=2023&month=01&day=30
2023,dlsongs,2023-01-25,32,"トウキョウ・シャンディ・ランデヴ feat. 花譜, ツミキ",MAISONdes,https://www.billboard-japan.com/charts/detail?a=dlsongs&year=2023&month=01&day=30
2023,dlsongs,2023-01-25,33,春泥棒,ヨルシカ,https://www.billboard-japan.com/charts/detail?a=dlsongs&year=2023&month=01&day=30
2023,dlsongs,2023-01-25,34,Overdose,なとり,https://www.billboard-japan.com/charts/detail?a=dlsongs&year=2023&month=01&day=30
2023,dlsongs,2023-01-25,35,星座になれたら,結束バンド,https://www.billboard-japan.com/charts/detail?a=dlsongs&year=2023&month=01&day=30
2023,dlsongs,2023-01-25,36,私は最強 (ウタ from ONE PIECE FILM RED),Ado,https://www.billboard-japan.com/charts/detail?a=dlsongs&year=2023&month=01&day=30
2023,dlsongs,2023-01-25,37,高嶺の花子さん,back number,https://www.billboard-japan.com/charts/detail?a=dlsongs&year=2023&month=01&day=30
2023,dlsongs,2023-01-25,38,GO FOR IT!!,315 STARS,https://www.billboard-japan.com/charts/detail?a=dlsongs&year=2023&month=01&day=30
2023,dlsongs,2023-01-25,39,SOUVENIR,BUMP OF CHICKEN,https://www.billboard-japan.com/charts/detail?a=dlsongs&year=2023&month=01&day=30
2023,dlsongs,2023-01-25,40,アイワナムチュー feat.asmi & すりぃ,MAISONdes,https://www.billboard-japan.com/charts/detail?a=dlsongs&year=2023&month=01&day=30
2023,dlsongs,2023-01-25,41,"アイタリナイ feat. yama, ニト。",MAISONdes,https://www.billboard-japan.com/charts/detail?a=dlsongs&year=2023&month=01&day=30
2023,dlsongs,2023-01-25,42,レモネード,nqrse,https://www.billboard-japan.com/charts/detail?a=dlsongs&year=2023&month=01&day=30
2023,dlsongs,2023-01-25,43,Farewell,Superfly,https://www.billboard-japan.com/charts/detail?a=dlsongs&year=2023&month=01&day=30
2023,dlsongs,2023-01-25,44,アンチノミー,amazarashi,https://www.billboard-japan.com/charts/detail?a=dlsongs&year=2023&month=01&day=30
2023,dlsongs,2023-01-25,45,RYDEEN,YELLOW MAGIC ORCHESTRA,https://www.billboard-japan.com/charts/detail?a=dlsongs&year=2023&month=01&day=30
2023,dlsongs,2023-01-25,46,LOVE ROCKETS,The Birthday,https://www.billboard-japan.com/charts/detail?a=dlsongs&year=2023&month=01&day=30
2023,dlsongs,2023-01-25,47,Ditto,NewJeans,https://www.billboard-japan.com/charts/detail?a=dlsongs&year=2023&month=01&day=30
2023,dlsongs,2023-01-25,48,Walk This Way feat.AKLO,ZORN,https://www.billboard-japan.com/charts/detail?a=dlsongs&year=2023&month=01&day=30
2023,dlsongs,2023-01-25,49,Journey,Zhang Zhehan,https://www.billboard-japan.com/charts/detail?a=dlsongs&year=2023&month=01&day=30
2023,dlsongs,2023-01-25,50,Soranji,Mrs.GREEN APPLE,https://www.billboard-japan.com/charts/detail?a=dlsongs&year=2023&month=01&day=30
2023,dlsongs,2023-01-25,51,閃光,[Alexandros],https://www.billboard-japan.com/charts/detail?a=dlsongs&year=2023&month=01&day=30
2023,dlsongs,2023-01-25,52,テレパス,ヨルシカ,https://www.billboard-japan.com/charts/detail?a=dlsongs&year=2023&month=01&day=30
2023,dlsongs,2023-01-25,53,ぼくらの,Eve,https://www.billboard-japan.com/charts/detail?a=dlsongs&year=2023&month=01&day=30
2023,dlsongs,2023-01-25,54,メリーゴーランド,優里,https://www.billboard-japan.com/charts/detail?a=dlsongs&year=2023&month=01&day=30
2023,dlsongs,2023-01-25,55,おもかげ (produced by Vaundy),milet & Aimer(エメ) & 幾田りら,https://www.billboard-japan.com/charts/detail?a=dlsongs&year=2023&month=01&day=30
2023,dlsongs,2023-01-25,56,私は最強,Mrs.GREEN APPLE,https://www.billboard-japan.com/charts/detail?a=dlsongs&year=2023&month=01&day=30
2023,dlsongs,2023-01-25,57,色彩,yama,https://www.billboard-japan.com/charts/detail?a=dlsongs&year=2023&month=01&day=30
2023,dlsongs,2023-01-25,58,傷つけど、愛してる。,ツユ,https://www.billboard-japan.com/charts/detail?a=dlsongs&year=2023&month=01&day=30
2023,dlsongs,2023-01-25,59,アイスドロップ,MORE MORE JUMP!,https://www.billboard-japan.com/charts/detail?a=dlsongs&year=2023&month=01&day=30
2023,dlsongs,2023-01-25,60,青春コンプレックス,結束バンド,https://www.billboard-japan.com/charts/detail?a=dlsongs&year=2023&month=01&day=30
2023,dlsongs,2023-01-25,61,OMG,NewJeans,https://www.billboard-japan.com/charts/detail?a=dlsongs&year=2023&month=01&day=30
2023,dlsongs,2023-01-25,62,すずめ (feat. 十明),RADWIMPS,https://www.billboard-japan.com/charts/detail?a=dlsongs&year=2023&month=01&day=30
2023,dlsongs,2023-01-25,63,grace,藤井風,https://www.billboard-japan.com/charts/detail?a=dlsongs&year=2023&month=01&day=30
2023,dlsongs,2023-01-25,64,ギターと孤独と蒼い惑星,結束バンド,https://www.billboard-japan.com/charts/detail?a=dlsongs&year=2023&month=01&day=30
2023,dlsongs,2023-01-25,65,ファイトソング,Eve,https://www.billboard-japan.com/charts/detail?a=dlsongs&year=2023&month=01&day=30
2023,dlsongs,2023-01-25,66,Watercolor,VOLTACTION,https://www.billboard-japan.com/charts/detail?a=dlsongs&year=2023&month=01&day=30
2023,dlsongs,2023-01-25,67,シンデレラボーイ,Saucy Dog,https://www.billboard-japan.com/charts/detail?a=dlsongs&year=2023&month=01&day=30
2023,dlsongs,2023-01-25,68,アイノマテリアル,MORE MORE JUMP!,https://www.billboard-japan.com/charts/detail?a=dlsongs&year=2023&month=01&day=30
2023,dlsongs,2023-01-25,69,Stamp On It,GOT the beat,https://www.billboard-japan.com/charts/detail?a=dlsongs&year=2023&month=01&day=30
2023,dlsongs,2023-01-25,70,地球という名の都,SawanoHiroyuki[nZk]:ASKA,https://www.billboard-japan.com/charts/detail?a=dlsongs&year=2023&month=01&day=30
2023,dlsongs,2023-01-25,70,エジソン,水曜日のカンパネラ,https://www.billboard-japan.com/charts/detail?a=dlsongs&year=2023&month=01&day=30
2023,dlsongs,2023-01-25,72,アイデン貞貞メルトダウン,えなこ feat.P丸様。,https://www.billboard-japan.com/charts/detail?a=dlsongs&year=2023&month=01&day=30
2023,dlsongs,2023-01-25,73,LOVE DIVE,IVE,https://www.billboard-japan.com/charts/detail?a=dlsongs&year=2023&month=01&day=30
2023,dlsongs,2023-01-25,74,花の塔,さユり,https://www.billboard-japan.com/charts/detail?a=dlsongs&year=2023&month=01&day=30
2023,dlsongs,2023-01-25,75,もう一度,Tani Yuuki,https://www.billboard-japan.com/charts/detail?a=dlsongs&year=2023&month=01&day=30
2023,dlsongs,2023-01-25,76,Invincible Love,宮野真守,https://www.billboard-japan.com/charts/detail?a=dlsongs&year=2023&month=01&day=30
2023,dlsongs,2023-01-25,77,カナタハルカ,RADWIMPS,https://www.billboard-japan.com/charts/detail?a=dlsongs&year=2023&month=01&day=30
2023,dlsongs,2023-01-25,78,ちゅ、多様性。,ano,https://www.billboard-japan.com/charts/detail?a=dlsongs&year=2023&month=01&day=30
2023,dlsongs,2023-01-25,79,Beyond,中島美嘉,https://www.billboard-japan.com/charts/detail?a=dlsongs&year=2023&month=01&day=30
2023,dlsongs,2023-01-25,80,秘密のキス,back number,https://www.billboard-japan.com/charts/detail?a=dlsongs&year=2023&month=01&day=30
2023,dlsongs,2023-01-25,81,CHAINSAW BLOOD,Vaundy,https://www.billboard-japan.com/charts/detail?a=dlsongs&year=2023&month=01&day=30
2023,dlsongs,2023-01-25,82,踊り子,Vaundy,https://www.billboard-japan.com/charts/detail?a=dlsongs&year=2023&month=01&day=30
2023,dlsongs,2023-01-25,83,忘れてやらない,結束バンド,https://www.billboard-japan.com/charts/detail?a=dlsongs&year=2023&month=01&day=30
2023,dlsongs,2023-01-25,84,All My Homies,ZORN,https://www.billboard-japan.com/charts/detail?a=dlsongs&year=2023&month=01&day=30
2023,dlsongs,2023-01-25,85,レオ,優里,https://www.billboard-japan.com/charts/detail?a=dlsongs&year=2023&month=01&day=30
2023,dlsongs,2023-01-25,86,死ぬのがいいわ,藤井風,https://www.billboard-japan.com/charts/detail?a=dlsongs&year=2023&month=01&day=30
2023,dlsongs,2023-01-25,87,変幻自在,PENGUIN RESEARCH,https://www.billboard-japan.com/charts/detail?a=dlsongs&year=2023&month=01&day=30
2023,dlsongs,2023-01-25,88,酔いどれ知らず,Kanaria,https://www.billboard-japan.com/charts/detail?a=dlsongs&year=2023&month=01&day=30
2023,dlsongs,2023-01-25,89,RECONNECTION,angela,https://www.billboard-japan.com/charts/detail?a=dlsongs&year=2023&month=01&day=30
2023,dlsongs,2023-01-25,89,綺羅キラー (feat. Mori Calliope),ずっと真夜中でいいのに。,https://www.billboard-japan.com/charts/detail?a=dlsongs&year=2023&month=01&day=30
2023,dlsongs,2023-01-25,91,群青,YOASOBI,https://www.billboard-japan.com/charts/detail?a=dlsongs&year=2023&month=01&day=30
2023,dlsongs,2023-01-25,91,君よ 気高くあれ,シユイ,https://www.billboard-japan.com/charts/detail?a=dlsongs&year=2023&month=01&day=30
2023,dlsongs,2023-01-25,93,ベテルギウス,優里,https://www.billboard-japan.com/charts/detail?a=dlsongs&year=2023&month=01&day=30
2023,dlsongs,2023-01-25,94,ドライフラワー,優里,https://www.billboard-japan.com/charts/detail?a=dlsongs&year=2023&month=01&day=30
2023,dlsongs,2023-01-25,95,君の花になる,8LOOM,https://www.billboard-japan.com/charts/detail?a=dlsongs&year=2023&month=01&day=30
2023,dlsongs,2023-01-25,96,Judgement,ASH DA HERO,https://www.billboard-japan.com/charts/detail?a=dlsongs&year=2023&month=01&day=30
2023,dlsongs,2023-01-25,97,小さな恋のうた,椎名真昼(石見舞菜香),https://www.billboard-japan.com/charts/detail?a=dlsongs&year=2023&month=01&day=30
2023,dlsongs,2023-01-25,98,世界が終るまでは…,WANDS,https://www.billboard-japan.com/charts/detail?a=dlsongs&year=2023&month=01&day=30
2023,dlsongs,2023-01-25,99,"アイウエ feat. 美波, SAKURAmoti",MAISONdes,https://www.billboard-japan.com/charts/detail?a=dlsongs&year=2023&month=01&day=30
2023,dlsongs,2023-01-25,100,Stardom,King Gnu,https://www.billboard-japan.com/charts/detail?a=dlsongs&year=2023&month=01&day=30
2023,dlsongs,2023-02-01,1,第ゼロ感,10-FEET,https://www.billboard-japan.com/charts/detail?a=dlsongs&year=2023&month=02&day=06
2023,dlsongs,2023-02-01,2,Subtitle,Official髭男dism,https://www.billboard-japan.com/charts/detail?a=dlsongs&year=2023&month=02&day=06
2023,dlsongs,2023-02-01,3,ホワイトノイズ,Official髭男dism,https://www.billboard-japan.com/charts/detail?a=dlsongs&year=2023&month=02&day=06
2023,dlsongs,2023-02-01,4,Floating Labyrinth,カミュ(前野智昭),https://www.billboard-japan.com/charts/detail?a=dlsongs&year=2023&month=02&day=06
2023,dlsongs,2023-02-01,5,スターライトパレード,fine & Knights,https://www.billboard-japan.com/charts/detail?a=dlsongs&year=2023&month=02&day=06
2023,dlsongs,2023-02-01,6,KICK BACK,米津玄師,https://www.billboard-japan.com/charts/detail?a=dlsongs&year=2023&month=02&day=06
2023,dlsongs,2023-02-01,7,アイラブユー,back number,https://www.billboard-japan.com/charts/detail?a=dlsongs&year=2023&month=02&day=06
2023,dlsongs,2023-02-01,8,怪獣の花唄,Vaundy,https://www.billboard-japan.com/charts/detail?a=dlsongs&year=2023&month=02&day=06
2023,dlsongs,2023-02-01,9,Helter-Spider,Crazy:B,https://www.billboard-japan.com/charts/detail?a=dlsongs&year=2023&month=02&day=06
2023,dlsongs,2023-02-01,10,MOONLIGHT SUNRISE,TWICE,https://www.billboard-japan.com/charts/detail?a=dlsongs&year=2023&month=02&day=06
2023,dlsongs,2023-02-01,11,祝福,YOASOBI,https://www.billboard-japan.com/charts/detail?a=dlsongs&year=2023&month=02&day=06
2023,dlsongs,2023-02-01,12,SHOOTING STAR,XG,https://www.billboard-japan.com/charts/detail?a=dlsongs&year=2023&month=02&day=06
2023,dlsongs,2023-02-01,13,CRYST@LOUD,天海春香、渋谷凛、伊吹翼、天道輝、八宮めぐる from THE IDOLM@STER M@STERS OF IDOL WORLD!!!!! 2023,https://www.billboard-japan.com/charts/detail?a=dlsongs&year=2023&month=02&day=06
2023,dlsongs,2023-02-01,14,Habit,SEKAI NO OWARI,https://www.billboard-japan.com/charts/detail?a=dlsongs&year=2023&month=02&day=06
2023,dlsongs,2023-02-01,15,新時代 (ウタ from ONE PIECE FILM RED),Ado,https://www.billboard-japan.com/charts/detail?a=dlsongs&year=2023&month=02&day=06
2023,dlsongs,2023-02-01,16,Bouquet,MOMO SANA MINA,https://www.billboard-japan.com/charts/detail?a=dlsongs&year=2023&month=02&day=06
2023,dlsongs,2023-02-01,17,ビリミリオン,優里,https://www.billboard-japan.com/charts/detail?a=dlsongs&year=2023&month=02&day=06
2023,dlsongs,2023-02-01,18,Walk This Way feat.AKLO,ZORN,https://www.billboard-japan.com/charts/detail?a=dlsongs&year=2023&month=02&day=06
2023,dlsongs,2023-02-01,19,W / X / Y,Tani Yuuki,https://www.billboard-japan.com/charts/detail?a=dlsongs&year=2023&month=02&day=06
2023,dlsongs,2023-02-01,20,水平線,back number,https://www.billboard-japan.com/charts/detail?a=dlsongs&year=2023&month=02&day=06
2023,dlsongs,2023-02-01,21,ジュブナイル,GReeeeN,https://www.billboard-japan.com/charts/detail?a=dlsongs&year=2023&month=02&day=06
2023,dlsongs,2023-02-01,22,ミックスナッツ,Official髭男dism,https://www.billboard-japan.com/charts/detail?a=dlsongs&year=2023&month=02&day=06
2023,dlsongs,2023-02-01,23,エジソン,水曜日のカンパネラ,https://www.billboard-japan.com/charts/detail?a=dlsongs&year=2023&month=02&day=06
2023,dlsongs,2023-02-01,24,ダンスホール,Mrs.GREEN APPLE,https://www.billboard-japan.com/charts/detail?a=dlsongs&year=2023&month=02&day=06
2023,dlsongs,2023-02-01,25,Overdose,なとり,https://www.billboard-japan.com/charts/detail?a=dlsongs&year=2023&month=02&day=06
2023,dlsongs,2023-02-01,26,LEFT RIGHT,XG,https://www.billboard-japan.com/charts/detail?a=dlsongs&year=2023&month=02&day=06
2023,dlsongs,2023-02-01,27,THE SOUND,Stray Kids,https://www.billboard-japan.com/charts/detail?a=dlsongs&year=2023&month=02&day=06
2023,dlsongs,2023-02-01,28,アルカンシェル,花たん,https://www.billboard-japan.com/charts/detail?a=dlsongs&year=2023&month=02&day=06
2023,dlsongs,2023-02-01,29,リンジュー・ラヴ,マカロニえんぴつ,https://www.billboard-japan.com/charts/detail?a=dlsongs&year=2023&month=02&day=06
2023,dlsongs,2023-02-01,30,"トウキョウ・シャンディ・ランデヴ feat. 花譜, ツミキ",MAISONdes,https://www.billboard-japan.com/charts/detail?a=dlsongs&year=2023&month=02&day=06
2023,dlsongs,2023-02-01,31,モッシュレース,さくらみこ × 兎田ぺこら,https://www.billboard-japan.com/charts/detail?a=dlsongs&year=2023&month=02&day=06
2023,dlsongs,2023-02-01,32,可愛くてごめん feat. ちゅーたん(早見沙織),HoneyWorks,https://www.billboard-japan.com/charts/detail?a=dlsongs&year=2023&month=02&day=06
2023,dlsongs,2023-02-01,33,Stellar Stellar,星街すいせい,https://www.billboard-japan.com/charts/detail?a=dlsongs&year=2023&month=02&day=06
2023,dlsongs,2023-02-01,34,恋,Uru,https://www.billboard-japan.com/charts/detail?a=dlsongs&year=2023&month=02&day=06
2023,dlsongs,2023-02-01,35,DAN DAN 心魅かれてく,FIELD OF VIEW,https://www.billboard-japan.com/charts/detail?a=dlsongs&year=2023&month=02&day=06
2023,dlsongs,2023-02-01,36,BETTING,香取慎吾×SEVENTEEN,https://www.billboard-japan.com/charts/detail?a=dlsongs&year=2023&month=02&day=06
2023,dlsongs,2023-02-01,37,アイワナムチュー feat.asmi & すりぃ,MAISONdes,https://www.billboard-japan.com/charts/detail?a=dlsongs&year=2023&month=02&day=06
2023,dlsongs,2023-02-01,38,春泥棒,ヨルシカ,https://www.billboard-japan.com/charts/detail?a=dlsongs&year=2023&month=02&day=06
2023,dlsongs,2023-02-01,39,小さな恋のうた,椎名真昼(石見舞菜香),https://www.billboard-japan.com/charts/detail?a=dlsongs&year=2023&month=02&day=06
2023,dlsongs,2023-02-01,40,escalate,Aimer(エメ),https://www.billboard-japan.com/charts/detail?a=dlsongs&year=2023&month=02&day=06
2023,dlsongs,2023-02-01,41,FEARLESS,LE SSERAFIM,https://www.billboard-japan.com/charts/detail?a=dlsongs&year=2023&month=02&day=06
2023,dlsongs,2023-02-01,42,スターマイン,Da-iCE,https://www.billboard-japan.com/charts/detail?a=dlsongs&year=2023&month=02&day=06
2023,dlsongs,2023-02-01,43,まぶた,Vaundy,https://www.billboard-japan.com/charts/detail?a=dlsongs&year=2023&month=02&day=06
2023,dlsongs,2023-02-01,44,The Symphonic Daylight,Altessimo,https://www.billboard-japan.com/charts/detail?a=dlsongs&year=2023&month=02&day=06
2023,dlsongs,2023-02-01,45,永遠に続く日々の階段を,平井大,https://www.billboard-japan.com/charts/detail?a=dlsongs&year=2023&month=02&day=06
2023,dlsongs,2023-02-01,46,Surprising Thanks!! (Crazy:B ver.),Crazy:B,https://www.billboard-japan.com/charts/detail?a=dlsongs&year=2023&month=02&day=06
2023,dlsongs,2023-02-01,47,僕のこと,Mrs.GREEN APPLE,https://www.billboard-japan.com/charts/detail?a=dlsongs&year=2023&month=02&day=06
2023,dlsongs,2023-02-01,48,残響散歌,Aimer(エメ),https://www.billboard-japan.com/charts/detail?a=dlsongs&year=2023&month=02&day=06
2023,dlsongs,2023-02-01,49,Resonate Blessing,都築圭(土岐隼一),https://www.billboard-japan.com/charts/detail?a=dlsongs&year=2023&month=02&day=06
2023,dlsongs,2023-02-01,50,スパークルダンサー,フレデリック,https://www.billboard-japan.com/charts/detail?a=dlsongs&year=2023&month=02&day=06
2023,dlsongs,2023-02-01,51,Ditto,NewJeans,https://www.billboard-japan.com/charts/detail?a=dlsongs&year=2023&month=02&day=06
2023,dlsongs,2023-02-01,52,SOUVENIR,BUMP OF CHICKEN,https://www.billboard-japan.com/charts/detail?a=dlsongs&year=2023&month=02&day=06
2023,dlsongs,2023-02-01,53,私は最強 (ウタ from ONE PIECE FILM RED),Ado,https://www.billboard-japan.com/charts/detail?a=dlsongs&year=2023&month=02&day=06
2023,dlsongs,2023-02-01,54,All My Homies,ZORN,https://www.billboard-japan.com/charts/detail?a=dlsongs&year=2023&month=02&day=06
2023,dlsongs,2023-02-01,55,酔いどれ知らず,Kanaria,https://www.billboard-japan.com/charts/detail?a=dlsongs&year=2023&month=02&day=06
2023,dlsongs,2023-02-01,56,星座になれたら,結束バンド,https://www.billboard-japan.com/charts/detail?a=dlsongs&year=2023&month=02&day=06
2023,dlsongs,2023-02-01,57,閃光,[Alexandros],https://www.billboard-japan.com/charts/detail?a=dlsongs&year=2023&month=02&day=06
2023,dlsongs,2023-02-01,58,Purple Sky,NOA,https://www.billboard-japan.com/charts/detail?a=dlsongs&year=2023&month=02&day=06
2023,dlsongs,2023-02-01,59,VITA,ReoNa,https://www.billboard-japan.com/charts/detail?a=dlsongs&year=2023&month=02&day=06
2023,dlsongs,2023-02-01,60,高嶺の花子さん,back number,https://www.billboard-japan.com/charts/detail?a=dlsongs&year=2023&month=02&day=06
2023,dlsongs,2023-02-01,61,LOVE ROCKETS,The Birthday,https://www.billboard-japan.com/charts/detail?a=dlsongs&year=2023&month=02&day=06
2023,dlsongs,2023-02-01,62,"アイタリナイ feat. yama, ニト。",MAISONdes,https://www.billboard-japan.com/charts/detail?a=dlsongs&year=2023&month=02&day=06
2023,dlsongs,2023-02-01,63,突然,FIELD OF VIEW,https://www.billboard-japan.com/charts/detail?a=dlsongs&year=2023&month=02&day=06
2023,dlsongs,2023-02-01,64,Soranji,Mrs.GREEN APPLE,https://www.billboard-japan.com/charts/detail?a=dlsongs&year=2023&month=02&day=06
2023,dlsongs,2023-02-01,65,アイデン貞貞メルトダウン,えなこ feat.P丸様。,https://www.billboard-japan.com/charts/detail?a=dlsongs&year=2023&month=02&day=06
2023,dlsongs,2023-02-01,66,GIVE ME FUSION,卯月巻緒(児玉卓也),https://www.billboard-japan.com/charts/detail?a=dlsongs&year=2023&month=02&day=06
2023,dlsongs,2023-02-01,67,Smiling Platter!,Cafe Parade,https://www.billboard-japan.com/charts/detail?a=dlsongs&year=2023&month=02&day=06
2023,dlsongs,2023-02-01,68,赤ずきん,水曜日のカンパネラ,https://www.billboard-japan.com/charts/detail?a=dlsongs&year=2023&month=02&day=06
2023,dlsongs,2023-02-01,69,すずめ (feat. 十明),RADWIMPS,https://www.billboard-japan.com/charts/detail?a=dlsongs&year=2023&month=02&day=06
2023,dlsongs,2023-02-01,70,OMG,NewJeans,https://www.billboard-japan.com/charts/detail?a=dlsongs&year=2023&month=02&day=06
2023,dlsongs,2023-02-01,71,First Love,宇多田ヒカル,https://www.billboard-japan.com/charts/detail?a=dlsongs&year=2023&month=02&day=06
2023,dlsongs,2023-02-01,72,Primordial Theater,Zhang Zhehan,https://www.billboard-japan.com/charts/detail?a=dlsongs&year=2023&month=02&day=06
2023,dlsongs,2023-02-01,73,家庭の事情,ZORN,https://www.billboard-japan.com/charts/detail?a=dlsongs&year=2023&month=02&day=06
2023,dlsongs,2023-02-01,74,蒲公英,幾田りら,https://www.billboard-japan.com/charts/detail?a=dlsongs&year=2023&month=02&day=06
2023,dlsongs,2023-02-01,74,オーロラ・モーメント,神楽麗(永野由祐),https://www.billboard-japan.com/charts/detail?a=dlsongs&year=2023&month=02&day=06
2023,dlsongs,2023-02-01,76,暗黒への前奏曲,アスラン=ベルゼビュートII世(古川慎),https://www.billboard-japan.com/charts/detail?a=dlsongs&year=2023&month=02&day=06
2023,dlsongs,2023-02-01,77,ベテルギウス,優里,https://www.billboard-japan.com/charts/detail?a=dlsongs&year=2023&month=02&day=06
2023,dlsongs,2023-02-01,78,VIBE (feat. Jimin of BTS),TAEYANG,https://www.billboard-japan.com/charts/detail?a=dlsongs&year=2023&month=02&day=06
2023,dlsongs,2023-02-01,79,The Last Rockstars,THE LAST ROCKSTARS,https://www.billboard-japan.com/charts/detail?a=dlsongs&year=2023&month=02&day=06
2023,dlsongs,2023-02-01,80,Make up Magic,水嶋咲(小林大紀),https://www.billboard-japan.com/charts/detail?a=dlsongs&year=2023&month=02&day=06
2023,dlsongs,2023-02-01,81,ぼくらの,Eve,https://www.billboard-japan.com/charts/detail?a=dlsongs&year=2023&month=02&day=06
2023,dlsongs,2023-02-01,82,DAY1,AUO feat. MORISAKI WIN,https://www.billboard-japan.com/charts/detail?a=dlsongs&year=2023&month=02&day=06
2023,dlsongs,2023-02-01,83,Beyond,中島美嘉,https://www.billboard-japan.com/charts/detail?a=dlsongs&year=2023&month=02&day=06
2023,dlsongs,2023-02-01,84,Farewell,Superfly,https://www.billboard-japan.com/charts/detail?a=dlsongs&year=2023&month=02&day=06
2023,dlsongs,2023-02-01,85,踊り子,Vaundy,https://www.billboard-japan.com/charts/detail?a=dlsongs&year=2023&month=02&day=06
2023,dlsongs,2023-02-01,86,Journey JOY Blend,神谷幸広(狩野翔),https://www.billboard-japan.com/charts/detail?a=dlsongs&year=2023&month=02&day=06
2023,dlsongs,2023-02-01,87,ドライフラワー,優里,https://www.billboard-japan.com/charts/detail?a=dlsongs&year=2023&month=02&day=06
2023,dlsongs,2023-02-01,88,青春コンプレックス,結束バンド,https://www.billboard-japan.com/charts/detail?a=dlsongs&year=2023&month=02&day=06
2023,dlsongs,2023-02-01,89,私は最強,Mrs.GREEN APPLE,https://www.billboard-japan.com/charts/detail?a=dlsongs&year=2023&month=02&day=06
2023,dlsongs,2023-02-01,90,夢物語,ベリーグッドマン,https://www.billboard-japan.com/charts/detail?a=dlsongs&year=2023&month=02&day=06
2023,dlsongs,2023-02-01,91,色彩,yama,https://www.billboard-japan.com/charts/detail?a=dlsongs&year=2023&month=02&day=06
2023,dlsongs,2023-02-01,92,Surges,Orangestar (feat.夏背 & ルワン),https://www.billboard-japan.com/charts/detail?a=dlsongs&year=2023&month=02&day=06
2023,dlsongs,2023-02-01,93,おもかげ (produced by Vaundy),milet & Aimer(エメ) & 幾田りら,https://www.billboard-japan.com/charts/detail?a=dlsongs&year=2023&month=02&day=06
2023,dlsongs,2023-02-01,94,アンチノミー,amazarashi,https://www.billboard-japan.com/charts/detail?a=dlsongs&year=2023&month=02&day=06
2023,dlsongs,2023-02-01,95,メリーゴーランド,優里,https://www.billboard-japan.com/charts/detail?a=dlsongs&year=2023&month=02&day=06
2023,dlsongs,2023-02-01,96,テレパス,ヨルシカ,https://www.billboard-japan.com/charts/detail?a=dlsongs&year=2023&month=02&day=06
2023,dlsongs,2023-02-01,97,カナタハルカ,RADWIMPS,https://www.billboard-japan.com/charts/detail?a=dlsongs&year=2023&month=02&day=06
2023,dlsongs,2023-02-01,98,レオ,優里,https://www.billboard-japan.com/charts/detail?a=dlsongs&year=2023&month=02&day=06
2023,dlsongs,2023-02-01,99,ちゅ、多様性。,ano,https://www.billboard-japan.com/charts/detail?a=dlsongs&year=2023&month=02&day=06
2023,dlsongs,2023-02-01,100,ギターと孤独と蒼い惑星,結束バンド,https://www.billboard-japan.com/charts/detail?a=dlsongs&year=2023&month=02&day=06
2023,dlsongs,2023-02-08,1,BANTAM,稲葉浩志,https://www.billboard-japan.com/charts/detail?a=dlsongs&year=2023&month=02&day=13
2023,dlsongs,2023-02-08,2,第ゼロ感,10-FEET,https://www.billboard-japan.com/charts/detail?a=dlsongs&year=2023&month=02&day=13
2023,dlsongs,2023-02-08,3,Subtitle,Official髭男dism,https://www.billboard-japan.com/charts/detail?a=dlsongs&year=2023&month=02&day=13
2023,dlsongs,2023-02-08,4,New Day,INI,https://www.billboard-japan.com/charts/detail?a=dlsongs&year=2023&month=02&day=13
2023,dlsongs,2023-02-08,5,ホワイトノイズ,Official髭男dism,https://www.billboard-japan.com/charts/detail?a=dlsongs&year=2023&month=02&day=13
2023,dlsongs,2023-02-08,6,STARS,三代目 J SOUL BROTHERS from EXILE TRIBE,https://www.billboard-japan.com/charts/detail?a=dlsongs&year=2023&month=02&day=13
2023,dlsongs,2023-02-08,7,先駆者,星街すいせい,https://www.billboard-japan.com/charts/detail?a=dlsongs&year=2023&month=02&day=13
2023,dlsongs,2023-02-08,8,恋はこれから,20th Century,https://www.billboard-japan.com/charts/detail?a=dlsongs&year=2023&month=02&day=13
2023,dlsongs,2023-02-08,9,夜空を翔ける,ケツメイシ,https://www.billboard-japan.com/charts/detail?a=dlsongs&year=2023&month=02&day=13
2023,dlsongs,2023-02-08,10,KICK BACK,米津玄師,https://www.billboard-japan.com/charts/detail?a=dlsongs&year=2023&month=02&day=13
2023,dlsongs,2023-02-08,11,怪獣の花唄,Vaundy,https://www.billboard-japan.com/charts/detail?a=dlsongs&year=2023&month=02&day=13
2023,dlsongs,2023-02-08,12,祝福,YOASOBI,https://www.billboard-japan.com/charts/detail?a=dlsongs&year=2023&month=02&day=13
2023,dlsongs,2023-02-08,13,Habit,SEKAI NO OWARI,https://www.billboard-japan.com/charts/detail?a=dlsongs&year=2023&month=02&day=13
2023,dlsongs,2023-02-08,14,エジソン,水曜日のカンパネラ,https://www.billboard-japan.com/charts/detail?a=dlsongs&year=2023&month=02&day=13
2023,dlsongs,2023-02-08,15,アイラブユー,back number,https://www.billboard-japan.com/charts/detail?a=dlsongs&year=2023&month=02&day=13
2023,dlsongs,2023-02-08,16,君の笑顔につられて,20th Century,https://www.billboard-japan.com/charts/detail?a=dlsongs&year=2023&month=02&day=13
2023,dlsongs,2023-02-08,17,新時代 (ウタ from ONE PIECE FILM RED),Ado,https://www.billboard-japan.com/charts/detail?a=dlsongs&year=2023&month=02&day=13
2023,dlsongs,2023-02-08,18,ミックスナッツ,Official髭男dism,https://www.billboard-japan.com/charts/detail?a=dlsongs&year=2023&month=02&day=13
2023,dlsongs,2023-02-08,19,紫陽花,PEOPLE 1,https://www.billboard-japan.com/charts/detail?a=dlsongs&year=2023&month=02&day=13
2023,dlsongs,2023-02-08,20,リンジュー・ラヴ,マカロニえんぴつ,https://www.billboard-japan.com/charts/detail?a=dlsongs&year=2023&month=02&day=13
2023,dlsongs,2023-02-08,21,W / X / Y,Tani Yuuki,https://www.billboard-japan.com/charts/detail?a=dlsongs&year=2023&month=02&day=13
2023,dlsongs,2023-02-08,22,"トウキョウ・シャンディ・ランデヴ feat. 花譜, ツミキ",MAISONdes,https://www.billboard-japan.com/charts/detail?a=dlsongs&year=2023&month=02&day=13
2023,dlsongs,2023-02-08,23,ダンスホール,Mrs.GREEN APPLE,https://www.billboard-japan.com/charts/detail?a=dlsongs&year=2023&month=02&day=13
2023,dlsongs,2023-02-08,23,PARALLEL PARALLEL,東方神起,https://www.billboard-japan.com/charts/detail?a=dlsongs&year=2023&month=02&day=13
2023,dlsongs,2023-02-08,25,可愛くてごめん feat. ちゅーたん(早見沙織),HoneyWorks,https://www.billboard-japan.com/charts/detail?a=dlsongs&year=2023&month=02&day=13
2023,dlsongs,2023-02-08,26,アルカンシェル,花たん,https://www.billboard-japan.com/charts/detail?a=dlsongs&year=2023&month=02&day=13
2023,dlsongs,2023-02-08,27,MOONLIGHT SUNRISE,TWICE,https://www.billboard-japan.com/charts/detail?a=dlsongs&year=2023&month=02&day=13
2023,dlsongs,2023-02-08,28,ALOS,三浦大知,https://www.billboard-japan.com/charts/detail?a=dlsongs&year=2023&month=02&day=13
2023,dlsongs,2023-02-08,29,水平線,back number,https://www.billboard-japan.com/charts/detail?a=dlsongs&year=2023&month=02&day=13
2023,dlsongs,2023-02-08,30,残響散歌,Aimer(エメ),https://www.billboard-japan.com/charts/detail?a=dlsongs&year=2023&month=02&day=13
2023,dlsongs,2023-02-08,31,ライメイ,常闇トワ,https://www.billboard-japan.com/charts/detail?a=dlsongs&year=2023&month=02&day=13
2023,dlsongs,2023-02-08,32,Overdose,なとり,https://www.billboard-japan.com/charts/detail?a=dlsongs&year=2023&month=02&day=13
2023,dlsongs,2023-02-08,33,Isosceles,"小日向美穂(津田美波),藤原肇(鈴木みのり)",https://www.billboard-japan.com/charts/detail?a=dlsongs&year=2023&month=02&day=13
2023,dlsongs,2023-02-08,34,アイワナムチュー feat.asmi & すりぃ,MAISONdes,https://www.billboard-japan.com/charts/detail?a=dlsongs&year=2023&month=02&day=13
2023,dlsongs,2023-02-08,35,No Sympathy,東方神起,https://www.billboard-japan.com/charts/detail?a=dlsongs&year=2023&month=02&day=13
2023,dlsongs,2023-02-08,36,SHOOTING STAR,XG,https://www.billboard-japan.com/charts/detail?a=dlsongs&year=2023&month=02&day=13
2023,dlsongs,2023-02-08,37,閃光,[Alexandros],https://www.billboard-japan.com/charts/detail?a=dlsongs&year=2023&month=02&day=13
2023,dlsongs,2023-02-08,38,僕のこと,Mrs.GREEN APPLE,https://www.billboard-japan.com/charts/detail?a=dlsongs&year=2023&month=02&day=13
2023,dlsongs,2023-02-08,39,FEARLESS,LE SSERAFIM,https://www.billboard-japan.com/charts/detail?a=dlsongs&year=2023&month=02&day=13
2023,dlsongs,2023-02-08,40,酔いどれ知らず,Kanaria,https://www.billboard-japan.com/charts/detail?a=dlsongs&year=2023&month=02&day=13
2023,dlsongs,2023-02-08,41,スターマイン,Da-iCE,https://www.billboard-japan.com/charts/detail?a=dlsongs&year=2023&month=02&day=13
2023,dlsongs,2023-02-08,42,Here I Stand,TREASURE,https://www.billboard-japan.com/charts/detail?a=dlsongs&year=2023&month=02&day=13
2023,dlsongs,2023-02-08,43,Ditto,NewJeans,https://www.billboard-japan.com/charts/detail?a=dlsongs&year=2023&month=02&day=13
2023,dlsongs,2023-02-08,44,まぶた,Vaundy,https://www.billboard-japan.com/charts/detail?a=dlsongs&year=2023&month=02&day=13
2023,dlsongs,2023-02-08,45,恋だろ,wacci,https://www.billboard-japan.com/charts/detail?a=dlsongs&year=2023&month=02&day=13
2023,dlsongs,2023-02-08,46,私は最強 (ウタ from ONE PIECE FILM RED),Ado,https://www.billboard-japan.com/charts/detail?a=dlsongs&year=2023&month=02&day=13
2023,dlsongs,2023-02-08,47,紡ぐ,とた,https://www.billboard-japan.com/charts/detail?a=dlsongs&year=2023&month=02&day=13
2023,dlsongs,2023-02-08,48,Stellar Stellar,星街すいせい,https://www.billboard-japan.com/charts/detail?a=dlsongs&year=2023&month=02&day=13
2023,dlsongs,2023-02-08,49,SOUVENIR,BUMP OF CHICKEN,https://www.billboard-japan.com/charts/detail?a=dlsongs&year=2023&month=02&day=13
2023,dlsongs,2023-02-08,50,D.U.N.K.,SKY-HI,https://www.billboard-japan.com/charts/detail?a=dlsongs&year=2023&month=02&day=13
2023,dlsongs,2023-02-08,51,めざせポケモンマスター -with my friends-,サトシ(松本梨香),https://www.billboard-japan.com/charts/detail?a=dlsongs&year=2023&month=02&day=13
2023,dlsongs,2023-02-08,51,春泥棒,ヨルシカ,https://www.billboard-japan.com/charts/detail?a=dlsongs&year=2023&month=02&day=13
2023,dlsongs,2023-02-08,53,ちゅ、多様性。,ano,https://www.billboard-japan.com/charts/detail?a=dlsongs&year=2023&month=02&day=13
2023,dlsongs,2023-02-08,54,星座になれたら,結束バンド,https://www.billboard-japan.com/charts/detail?a=dlsongs&year=2023&month=02&day=13
2023,dlsongs,2023-02-08,55,アイデン貞貞メルトダウン,えなこ feat.P丸様。,https://www.billboard-japan.com/charts/detail?a=dlsongs&year=2023&month=02&day=13
2023,dlsongs,2023-02-08,56,Soranji,Mrs.GREEN APPLE,https://www.billboard-japan.com/charts/detail?a=dlsongs&year=2023&month=02&day=13
2023,dlsongs,2023-02-08,57,LOVE ROCKETS,The Birthday,https://www.billboard-japan.com/charts/detail?a=dlsongs&year=2023&month=02&day=13
2023,dlsongs,2023-02-08,58,escalate,Aimer(エメ),https://www.billboard-japan.com/charts/detail?a=dlsongs&year=2023&month=02&day=13
2023,dlsongs,2023-02-08,59,Helter-Spider,Crazy:B,https://www.billboard-japan.com/charts/detail?a=dlsongs&year=2023&month=02&day=13
2023,dlsongs,2023-02-08,60,二十億光年の恋,MY FIRST STORY,https://www.billboard-japan.com/charts/detail?a=dlsongs&year=2023&month=02&day=13
2023,dlsongs,2023-02-08,61,恋,Uru,https://www.billboard-japan.com/charts/detail?a=dlsongs&year=2023&month=02&day=13
2023,dlsongs,2023-02-08,62,Primordial Theater,Zhang Zhehan,https://www.billboard-japan.com/charts/detail?a=dlsongs&year=2023&month=02&day=13
2023,dlsongs,2023-02-08,63,"アイタリナイ feat. yama, ニト。",MAISONdes,https://www.billboard-japan.com/charts/detail?a=dlsongs&year=2023&month=02&day=13
2023,dlsongs,2023-02-08,63,OMG,NewJeans,https://www.billboard-japan.com/charts/detail?a=dlsongs&year=2023&month=02&day=13
2023,dlsongs,2023-02-08,65,Mela!,緑黄色社会,https://www.billboard-japan.com/charts/detail?a=dlsongs&year=2023&month=02&day=13
2023,dlsongs,2023-02-08,66,ぼくらの,Eve,https://www.billboard-japan.com/charts/detail?a=dlsongs&year=2023&month=02&day=13
2023,dlsongs,2023-02-08,67,自分が思っていたよりも,ケツメイシ,https://www.billboard-japan.com/charts/detail?a=dlsongs&year=2023&month=02&day=13
2023,dlsongs,2023-02-08,68,ジュブナイル,GReeeeN,https://www.billboard-japan.com/charts/detail?a=dlsongs&year=2023&month=02&day=13
2023,dlsongs,2023-02-08,69,ビリミリオン,優里,https://www.billboard-japan.com/charts/detail?a=dlsongs&year=2023&month=02&day=13
2023,dlsongs,2023-02-08,70,すずめ (feat. 十明),RADWIMPS,https://www.billboard-japan.com/charts/detail?a=dlsongs&year=2023&month=02&day=13
2023,dlsongs,2023-02-08,71,テレパス,ヨルシカ,https://www.billboard-japan.com/charts/detail?a=dlsongs&year=2023&month=02&day=13
2023,dlsongs,2023-02-08,72,Walk This Way feat.AKLO,ZORN,https://www.billboard-japan.com/charts/detail?a=dlsongs&year=2023&month=02&day=13
2023,dlsongs,2023-02-08,73,VII CROWNS,三代目 J SOUL BROTHERS from EXILE TRIBE,https://www.billboard-japan.com/charts/detail?a=dlsongs&year=2023&month=02&day=13
2023,dlsongs,2023-02-08,74,灯火,nonoc,https://www.billboard-japan.com/charts/detail?a=dlsongs&year=2023&month=02&day=13
2023,dlsongs,2023-02-08,75,小さな恋のうた,椎名真昼(石見舞菜香),https://www.billboard-japan.com/charts/detail?a=dlsongs&year=2023&month=02&day=13
2023,dlsongs,2023-02-08,76,VITA,ReoNa,https://www.billboard-japan.com/charts/detail?a=dlsongs&year=2023&month=02&day=13
2023,dlsongs,2023-02-08,77,DAN DAN 心魅かれてく,FIELD OF VIEW,https://www.billboard-japan.com/charts/detail?a=dlsongs&year=2023&month=02&day=13
2023,dlsongs,2023-02-08,78,スパークルダンサー,フレデリック,https://www.billboard-japan.com/charts/detail?a=dlsongs&year=2023&month=02&day=13
2023,dlsongs,2023-02-08,79,ギターと孤独と蒼い惑星,結束バンド,https://www.billboard-japan.com/charts/detail?a=dlsongs&year=2023&month=02&day=13
2023,dlsongs,2023-02-08,80,みちづれ,星街すいせい,https://www.billboard-japan.com/charts/detail?a=dlsongs&year=2023&month=02&day=13
2023,dlsongs,2023-02-08,81,going on,宇野実彩子(AAA),https://www.billboard-japan.com/charts/detail?a=dlsongs&year=2023&month=02&day=13
2023,dlsongs,2023-02-08,82,Ay-Yo,NCT 127,https://www.billboard-japan.com/charts/detail?a=dlsongs&year=2023&month=02&day=13
2023,dlsongs,2023-02-08,83,ベテルギウス,優里,https://www.billboard-japan.com/charts/detail?a=dlsongs&year=2023&month=02&day=13
2023,dlsongs,2023-02-08,84,Twilight Cinema,EXILE THE SECOND,https://www.billboard-japan.com/charts/detail?a=dlsongs&year=2023&month=02&day=13
2023,dlsongs,2023-02-08,85,高嶺の花子さん,back number,https://www.billboard-japan.com/charts/detail?a=dlsongs&year=2023&month=02&day=13
2023,dlsongs,2023-02-08,86,私は最強,Mrs.GREEN APPLE,https://www.billboard-japan.com/charts/detail?a=dlsongs&year=2023&month=02&day=13
2023,dlsongs,2023-02-08,87,Surges,Orangestar (feat.夏背 & ルワン),https://www.billboard-japan.com/charts/detail?a=dlsongs&year=2023&month=02&day=13
2023,dlsongs,2023-02-08,88,わちゅごなどぅー,虹ヶ咲学園スクールアイドル同好会,https://www.billboard-japan.com/charts/detail?a=dlsongs&year=2023&month=02&day=13
2023,dlsongs,2023-02-08,89,色彩,yama,https://www.billboard-japan.com/charts/detail?a=dlsongs&year=2023&month=02&day=13
2023,dlsongs,2023-02-08,90,青春コンプレックス,結束バンド,https://www.billboard-japan.com/charts/detail?a=dlsongs&year=2023&month=02&day=13
2023,dlsongs,2023-02-08,90,アイノカタチ feat.HIDE(GReeeeN),MISIA,https://www.billboard-japan.com/charts/detail?a=dlsongs&year=2023&month=02&day=13
2023,dlsongs,2023-02-08,92,かくれんぼ,AliA,https://www.billboard-japan.com/charts/detail?a=dlsongs&year=2023&month=02&day=13
2023,dlsongs,2023-02-08,93,踊り子,Vaundy,https://www.billboard-japan.com/charts/detail?a=dlsongs&year=2023&month=02&day=13
2023,dlsongs,2023-02-08,94,grace,藤井風,https://www.billboard-japan.com/charts/detail?a=dlsongs&year=2023&month=02&day=13
2023,dlsongs,2023-02-08,95,贅沢な匙,Van de Shop,https://www.billboard-japan.com/charts/detail?a=dlsongs&year=2023&month=02&day=13
2023,dlsongs,2023-02-08,96,カナタハルカ,RADWIMPS,https://www.billboard-japan.com/charts/detail?a=dlsongs&year=2023&month=02&day=13
2023,dlsongs,2023-02-08,96,イカロス,秦基博,https://www.billboard-japan.com/charts/detail?a=dlsongs&year=2023&month=02&day=13
2023,dlsongs,2023-02-08,98,それを愛と呼ぶなら,Uru,https://www.billboard-japan.com/charts/detail?a=dlsongs&year=2023&month=02&day=13
2023,dlsongs,2023-02-08,99,永遠に続く日々の階段を,平井大,https://www.billboard-japan.com/charts/detail?a=dlsongs&year=2023&month=02&day=13
2023,dlsongs,2023-02-08,100,"アイウエ feat. 美波, SAKURAmoti",MAISONdes,https://www.billboard-japan.com/charts/detail?a=dlsongs&year=2023&month=02&day=13
2023,dlsongs,2023-02-15,1,星月夜,由薫,https://www.billboard-japan.com/charts/detail?a=dlsongs&year=2023&month=02&day=20
2023,dlsongs,2023-02-15,2,アルジャーノン,ヨルシカ,https://www.billboard-japan.com/charts/detail?a=dlsongs&year=2023&month=02&day=20
2023,dlsongs,2023-02-15,3,第ゼロ感,10-FEET,https://www.billboard-japan.com/charts/detail?a=dlsongs&year=2023&month=02&day=20
2023,dlsongs,2023-02-15,4,Subtitle,Official髭男dism,https://www.billboard-japan.com/charts/detail?a=dlsongs&year=2023&month=02&day=20
2023,dlsongs,2023-02-15,5,ホワイトノイズ,Official髭男dism,https://www.billboard-japan.com/charts/detail?a=dlsongs&year=2023&month=02&day=20
2023,dlsongs,2023-02-15,6,怪獣の花唄,Vaundy,https://www.billboard-japan.com/charts/detail?a=dlsongs&year=2023&month=02&day=20
2023,dlsongs,2023-02-15,7,KICK BACK,米津玄師,https://www.billboard-japan.com/charts/detail?a=dlsongs&year=2023&month=02&day=20
2023,dlsongs,2023-02-15,8,青が灯る洞 〜雪山冥洞 ラピス・マナリス〜,祖堅正慶,https://www.billboard-japan.com/charts/detail?a=dlsongs&year=2023&month=02&day=20
2023,dlsongs,2023-02-15,9,Fighting (feat. Lee Young Ji),BSS (SEVENTEEN),https://www.billboard-japan.com/charts/detail?a=dlsongs&year=2023&month=02&day=20
2023,dlsongs,2023-02-15,10,Romance,JO1,https://www.billboard-japan.com/charts/detail?a=dlsongs&year=2023&month=02&day=20
2023,dlsongs,2023-02-15,11,祝福,YOASOBI,https://www.billboard-japan.com/charts/detail?a=dlsongs&year=2023&month=02&day=20
2023,dlsongs,2023-02-15,12,Habit,SEKAI NO OWARI,https://www.billboard-japan.com/charts/detail?a=dlsongs&year=2023&month=02&day=20
2023,dlsongs,2023-02-15,13,春泥棒,ヨルシカ,https://www.billboard-japan.com/charts/detail?a=dlsongs&year=2023&month=02&day=20
2023,dlsongs,2023-02-15,14,夜空を翔ける,ケツメイシ,https://www.billboard-japan.com/charts/detail?a=dlsongs&year=2023&month=02&day=20
2023,dlsongs,2023-02-15,15,アイラブユー,back number,https://www.billboard-japan.com/charts/detail?a=dlsongs&year=2023&month=02&day=20
2023,dlsongs,2023-02-15,16,桜月,櫻坂46,https://www.billboard-japan.com/charts/detail?a=dlsongs&year=2023&month=02&day=20
2023,dlsongs,2023-02-15,17,リンジュー・ラヴ,マカロニえんぴつ,https://www.billboard-japan.com/charts/detail?a=dlsongs&year=2023&month=02&day=20
2023,dlsongs,2023-02-15,18,新時代 (ウタ from ONE PIECE FILM RED),Ado,https://www.billboard-japan.com/charts/detail?a=dlsongs&year=2023&month=02&day=20
2023,dlsongs,2023-02-15,19,閃光,[Alexandros],https://www.billboard-japan.com/charts/detail?a=dlsongs&year=2023&month=02&day=20
2023,dlsongs,2023-02-15,20,ミックスナッツ,Official髭男dism,https://www.billboard-japan.com/charts/detail?a=dlsongs&year=2023&month=02&day=20
2023,dlsongs,2023-02-15,21,可愛くてごめん feat. ちゅーたん(早見沙織),HoneyWorks,https://www.billboard-japan.com/charts/detail?a=dlsongs&year=2023&month=02&day=20
2023,dlsongs,2023-02-15,22,水平線,back number,https://www.billboard-japan.com/charts/detail?a=dlsongs&year=2023&month=02&day=20
2023,dlsongs,2023-02-15,23,ダンスホール,Mrs.GREEN APPLE,https://www.billboard-japan.com/charts/detail?a=dlsongs&year=2023&month=02&day=20
2023,dlsongs,2023-02-15,24,BANTAM,稲葉浩志,https://www.billboard-japan.com/charts/detail?a=dlsongs&year=2023&month=02&day=20
2023,dlsongs,2023-02-15,25,"トウキョウ・シャンディ・ランデヴ feat. 花譜, ツミキ",MAISONdes,https://www.billboard-japan.com/charts/detail?a=dlsongs&year=2023&month=02&day=20
2023,dlsongs,2023-02-15,26,W / X / Y,Tani Yuuki,https://www.billboard-japan.com/charts/detail?a=dlsongs&year=2023&month=02&day=20
2023,dlsongs,2023-02-15,27,"""緊急事態3 (feat. CHEHON, 775, HAN-KUN, MINMI, JUMBO MAATCH, 三木道三, APOLLO, EXPRESS, KIRA, KENTY GROSS, H",RED SPIDER,https://www.billboard-japan.com/charts/detail?a=dlsongs&year=2023&month=02&day=20
2023,dlsongs,2023-02-15,28,残響散歌,Aimer(エメ),https://www.billboard-japan.com/charts/detail?a=dlsongs&year=2023&month=02&day=20
2023,dlsongs,2023-02-15,29,エジソン,水曜日のカンパネラ,https://www.billboard-japan.com/charts/detail?a=dlsongs&year=2023&month=02&day=20
2023,dlsongs,2023-02-15,30,それを愛と呼ぶなら,Uru,https://www.billboard-japan.com/charts/detail?a=dlsongs&year=2023&month=02&day=20
2023,dlsongs,2023-02-15,31,Overdose,なとり,https://www.billboard-japan.com/charts/detail?a=dlsongs&year=2023&month=02&day=20
2023,dlsongs,2023-02-15,32,Stellar Stellar - From THE FIRST TAKE,星街すいせい,https://www.billboard-japan.com/charts/detail?a=dlsongs&year=2023&month=02&day=20
2023,dlsongs,2023-02-15,33,7PM (feat. Peder Elias),BSS (SEVENTEEN),https://www.billboard-japan.com/charts/detail?a=dlsongs&year=2023&month=02&day=20
2023,dlsongs,2023-02-15,34,LUNCH,BSS (SEVENTEEN),https://www.billboard-japan.com/charts/detail?a=dlsongs&year=2023&month=02&day=20
2023,dlsongs,2023-02-15,35,STARS,三代目 J SOUL BROTHERS from EXILE TRIBE,https://www.billboard-japan.com/charts/detail?a=dlsongs&year=2023&month=02&day=20
2023,dlsongs,2023-02-15,36,酔いどれ知らず,Kanaria,https://www.billboard-japan.com/charts/detail?a=dlsongs&year=2023&month=02&day=20
2023,dlsongs,2023-02-15,37,まぶた,Vaundy,https://www.billboard-japan.com/charts/detail?a=dlsongs&year=2023&month=02&day=20
2023,dlsongs,2023-02-15,38,アルカンシェル,花たん,https://www.billboard-japan.com/charts/detail?a=dlsongs&year=2023&month=02&day=20
2023,dlsongs,2023-02-15,39,僕のこと,Mrs.GREEN APPLE,https://www.billboard-japan.com/charts/detail?a=dlsongs&year=2023&month=02&day=20
2023,dlsongs,2023-02-15,40,MOONLIGHT SUNRISE,TWICE,https://www.billboard-japan.com/charts/detail?a=dlsongs&year=2023&month=02&day=20
2023,dlsongs,2023-02-15,41,VOX,Dragon Ash,https://www.billboard-japan.com/charts/detail?a=dlsongs&year=2023&month=02&day=20
2023,dlsongs,2023-02-15,42,アイワナムチュー feat.asmi & すりぃ,MAISONdes,https://www.billboard-japan.com/charts/detail?a=dlsongs&year=2023&month=02&day=20
2023,dlsongs,2023-02-15,43,ビリミリオン,優里,https://www.billboard-japan.com/charts/detail?a=dlsongs&year=2023&month=02&day=20
2023,dlsongs,2023-02-15,44,Mela!,緑黄色社会,https://www.billboard-japan.com/charts/detail?a=dlsongs&year=2023&month=02&day=20
2023,dlsongs,2023-02-15,45,スターマイン,Da-iCE,https://www.billboard-japan.com/charts/detail?a=dlsongs&year=2023&month=02&day=20
2023,dlsongs,2023-02-15,46,Forged in Crimson 〜紅蓮の求道者〜,祖堅正慶,https://www.billboard-japan.com/charts/detail?a=dlsongs&year=2023&month=02&day=20
2023,dlsongs,2023-02-15,47,Only for you,"アニスフィア・ウィン・パレッティア(千本木彩花),ユフィリア・マゼンタ(石見舞菜香)",https://www.billboard-japan.com/charts/detail?a=dlsongs&year=2023&month=02&day=20
2023,dlsongs,2023-02-15,48,Ditto,NewJeans,https://www.billboard-japan.com/charts/detail?a=dlsongs&year=2023&month=02&day=20
2023,dlsongs,2023-02-15,49,紡ぐ,とた,https://www.billboard-japan.com/charts/detail?a=dlsongs&year=2023&month=02&day=20
2023,dlsongs,2023-02-15,49,SOUVENIR,BUMP OF CHICKEN,https://www.billboard-japan.com/charts/detail?a=dlsongs&year=2023&month=02&day=20
2023,dlsongs,2023-02-15,51,星座になれたら,結束バンド,https://www.billboard-japan.com/charts/detail?a=dlsongs&year=2023&month=02&day=20
2023,dlsongs,2023-02-15,52,私は最強 (ウタ from ONE PIECE FILM RED),Ado,https://www.billboard-japan.com/charts/detail?a=dlsongs&year=2023&month=02&day=20
2023,dlsongs,2023-02-15,53,LOVE ROCKETS,The Birthday,https://www.billboard-japan.com/charts/detail?a=dlsongs&year=2023&month=02&day=20
2023,dlsongs,2023-02-15,54,Best Friend Ever,NCT DREAM,https://www.billboard-japan.com/charts/detail?a=dlsongs&year=2023&month=02&day=20
2023,dlsongs,2023-02-15,55,ぼくらの,Eve,https://www.billboard-japan.com/charts/detail?a=dlsongs&year=2023&month=02&day=20
2023,dlsongs,2023-02-15,56,Walk This Way feat.AKLO,ZORN,https://www.billboard-japan.com/charts/detail?a=dlsongs&year=2023&month=02&day=20
2023,dlsongs,2023-02-15,57,アイデン貞貞メルトダウン,えなこ feat.P丸様。,https://www.billboard-japan.com/charts/detail?a=dlsongs&year=2023&month=02&day=20
2023,dlsongs,2023-02-15,58,MIRROR of TRUTH,Beit,https://www.billboard-japan.com/charts/detail?a=dlsongs&year=2023&month=02&day=20
2023,dlsongs,2023-02-15,59,OMG,NewJeans,https://www.billboard-japan.com/charts/detail?a=dlsongs&year=2023&month=02&day=20
2023,dlsongs,2023-02-15,59,Soranji,Mrs.GREEN APPLE,https://www.billboard-japan.com/charts/detail?a=dlsongs&year=2023&month=02&day=20
2023,dlsongs,2023-02-15,59,GASSHOW,illion,https://www.billboard-japan.com/charts/detail?a=dlsongs&year=2023&month=02&day=20
2023,dlsongs,2023-02-15,62,テレパス,ヨルシカ,https://www.billboard-japan.com/charts/detail?a=dlsongs&year=2023&month=02&day=20
2023,dlsongs,2023-02-15,63,高嶺の花子さん,back number,https://www.billboard-japan.com/charts/detail?a=dlsongs&year=2023&month=02&day=20
2023,dlsongs,2023-02-15,64,シンデレラボーイ,Saucy Dog,https://www.billboard-japan.com/charts/detail?a=dlsongs&year=2023&month=02&day=20
2023,dlsongs,2023-02-15,65,ちゅ、多様性。,ano,https://www.billboard-japan.com/charts/detail?a=dlsongs&year=2023&month=02&day=20
2023,dlsongs,2023-02-15,66,Overrunner!,"ダイタクヘリオス(山根綺),ヤマニンゼファー(今泉りおな),ダイイチルビー(礒部花凜),ケイエスミラクル(佐藤日向)",https://www.billboard-japan.com/charts/detail?a=dlsongs&year=2023&month=02&day=20
2023,dlsongs,2023-02-15,67,みちづれ,星街すいせい,https://www.billboard-japan.com/charts/detail?a=dlsongs&year=2023&month=02&day=20
2023,dlsongs,2023-02-15,68,CRYST@LOUD,天海春香、渋谷凛、伊吹翼、天道輝、八宮めぐる from THE IDOLM@STER M@STERS OF IDOL WORLD!!!!! 2023,https://www.billboard-japan.com/charts/detail?a=dlsongs&year=2023&month=02&day=20
2023,dlsongs,2023-02-15,69,四季彩 -SHIKISAI-,HIPPY,https://www.billboard-japan.com/charts/detail?a=dlsongs&year=2023&month=02&day=20
2023,dlsongs,2023-02-15,70,ギターと孤独と蒼い惑星,結束バンド,https://www.billboard-japan.com/charts/detail?a=dlsongs&year=2023&month=02&day=20
2023,dlsongs,2023-02-15,71,NO GRAVITY,THE RAMPAGE from EXILE TRIBE,https://www.billboard-japan.com/charts/detail?a=dlsongs&year=2023&month=02&day=20
2023,dlsongs,2023-02-15,72,愛を知っている,橋本裕太,https://www.billboard-japan.com/charts/detail?a=dlsongs&year=2023&month=02&day=20
2023,dlsongs,2023-02-15,73,君に捧げる応援歌,HIPPY,https://www.billboard-japan.com/charts/detail?a=dlsongs&year=2023&month=02&day=20
2023,dlsongs,2023-02-15,74,青春コンプレックス,結束バンド,https://www.billboard-japan.com/charts/detail?a=dlsongs&year=2023&month=02&day=20
2023,dlsongs,2023-02-15,75,踊り子,Vaundy,https://www.billboard-japan.com/charts/detail?a=dlsongs&year=2023&month=02&day=20
2023,dlsongs,2023-02-15,76,すずめ (feat. 十明),RADWIMPS,https://www.billboard-japan.com/charts/detail?a=dlsongs&year=2023&month=02&day=20
2023,dlsongs,2023-02-15,77,先駆者,星街すいせい,https://www.billboard-japan.com/charts/detail?a=dlsongs&year=2023&month=02&day=20
2023,dlsongs,2023-02-15,78,レオ,優里,https://www.billboard-japan.com/charts/detail?a=dlsongs&year=2023&month=02&day=20
2023,dlsongs,2023-02-15,79,キミにはくしゅ!,花田ゆういちろう・ながたまや(NHKおかあさんといっしょ),https://www.billboard-japan.com/charts/detail?a=dlsongs&year=2023&month=02&day=20
2023,dlsongs,2023-02-15,80,贅沢な匙,Van de Shop,https://www.billboard-japan.com/charts/detail?a=dlsongs&year=2023&month=02&day=20
2023,dlsongs,2023-02-15,81,FEARLESS,LE SSERAFIM,https://www.billboard-japan.com/charts/detail?a=dlsongs&year=2023&month=02&day=20
2023,dlsongs,2023-02-15,82,escalate,Aimer(エメ),https://www.billboard-japan.com/charts/detail?a=dlsongs&year=2023&month=02&day=20
2023,dlsongs,2023-02-15,83,"アイタリナイ feat. yama, ニト。",MAISONdes,https://www.billboard-japan.com/charts/detail?a=dlsongs&year=2023&month=02&day=20
2023,dlsongs,2023-02-15,84,ベテルギウス,優里,https://www.billboard-japan.com/charts/detail?a=dlsongs&year=2023&month=02&day=20
2023,dlsongs,2023-02-15,85,恋はこれから,20th Century,https://www.billboard-japan.com/charts/detail?a=dlsongs&year=2023&month=02&day=20
2023,dlsongs,2023-02-15,86,世界が終るまでは…,WANDS,https://www.billboard-japan.com/charts/detail?a=dlsongs&year=2023&month=02&day=20
2023,dlsongs,2023-02-15,87,二十億光年の恋,MY FIRST STORY,https://www.billboard-japan.com/charts/detail?a=dlsongs&year=2023&month=02&day=20
2023,dlsongs,2023-02-15,88,PANORAMA JET,FANTASTICS from EXILE TRIBE,https://www.billboard-japan.com/charts/detail?a=dlsongs&year=2023&month=02&day=20
2023,dlsongs,2023-02-15,89,CITRUS,Da-iCE,https://www.billboard-japan.com/charts/detail?a=dlsongs&year=2023&month=02&day=20
2023,dlsongs,2023-02-15,90,Surges,Orangestar (feat.夏背 & ルワン),https://www.billboard-japan.com/charts/detail?a=dlsongs&year=2023&month=02&day=20
2023,dlsongs,2023-02-15,91,ドライフラワー,優里,https://www.billboard-japan.com/charts/detail?a=dlsongs&year=2023&month=02&day=20
2023,dlsongs,2023-02-15,92,花の塔,さユり,https://www.billboard-japan.com/charts/detail?a=dlsongs&year=2023&month=02&day=20
2023,dlsongs,2023-02-15,93,私は最強,Mrs.GREEN APPLE,https://www.billboard-japan.com/charts/detail?a=dlsongs&year=2023&month=02&day=20
2023,dlsongs,2023-02-15,94,灯火,nonoc,https://www.billboard-japan.com/charts/detail?a=dlsongs&year=2023&month=02&day=20
2023,dlsongs,2023-02-15,95,オトナブルー,新しい学校のリーダーズ,https://www.billboard-japan.com/charts/detail?a=dlsongs&year=2023&month=02&day=20
2023,dlsongs,2023-02-15,96,Glitch Mode,NCT DREAM,https://www.billboard-japan.com/charts/detail?a=dlsongs&year=2023&month=02&day=20
2023,dlsongs,2023-02-15,97,All My Homies,ZORN,https://www.billboard-japan.com/charts/detail?a=dlsongs&year=2023&month=02&day=20
2023,dlsongs,2023-02-15,98,TOMBI,Kvi Baba,https://www.billboard-japan.com/charts/detail?a=dlsongs&year=2023&month=02&day=20
2023,dlsongs,2023-02-15,99,もう一度,Tani Yuuki,https://www.billboard-japan.com/charts/detail?a=dlsongs&year=2023&month=02&day=20
2023,dlsongs,2023-02-15,100,Primordial Theater,Zhang Zhehan,https://www.billboard-japan.com/charts/detail?a=dlsongs&year=2023&month=02&day=20
2023,dlsongs,2023-02-22,1,Boom Boom Back,BE:FIRST,https://www.billboard-japan.com/charts/detail?a=dlsongs&year=2023&month=02&day=27
2023,dlsongs,2023-02-22,2,星月夜,由薫,https://www.billboard-japan.com/charts/detail?a=dlsongs&year=2023&month=02&day=27
2023,dlsongs,2023-02-22,3,アドベンチャー,YOASOBI,https://www.billboard-japan.com/charts/detail?a=dlsongs&year=2023&month=02&day=27
2023,dlsongs,2023-02-22,4,Alive in yours,神宮寺レン(諏訪部順一),https://www.billboard-japan.com/charts/detail?a=dlsongs&year=2023&month=02&day=27
2023,dlsongs,2023-02-22,5,第ゼロ感,10-FEET,https://www.billboard-japan.com/charts/detail?a=dlsongs&year=2023&month=02&day=27
2023,dlsongs,2023-02-22,6,恋人じゃなくなった日,優里,https://www.billboard-japan.com/charts/detail?a=dlsongs&year=2023&month=02&day=27
2023,dlsongs,2023-02-22,7,Subtitle,Official髭男dism,https://www.billboard-japan.com/charts/detail?a=dlsongs&year=2023&month=02&day=27
2023,dlsongs,2023-02-22,8,アルジャーノン,ヨルシカ,https://www.billboard-japan.com/charts/detail?a=dlsongs&year=2023&month=02&day=27
2023,dlsongs,2023-02-22,9,桜月,櫻坂46,https://www.billboard-japan.com/charts/detail?a=dlsongs&year=2023&month=02&day=27
2023,dlsongs,2023-02-22,10,FLASH LIGHT,315 STARS,https://www.billboard-japan.com/charts/detail?a=dlsongs&year=2023&month=02&day=27
2023,dlsongs,2023-02-22,11,ホワイトノイズ,Official髭男dism,https://www.billboard-japan.com/charts/detail?a=dlsongs&year=2023&month=02&day=27
2023,dlsongs,2023-02-22,12,僕たちのサヨナラ,乃木坂46,https://www.billboard-japan.com/charts/detail?a=dlsongs&year=2023&month=02&day=27
2023,dlsongs,2023-02-22,13,怪獣の花唄,Vaundy,https://www.billboard-japan.com/charts/detail?a=dlsongs&year=2023&month=02&day=27
2023,dlsongs,2023-02-22,14,KICK BACK,米津玄師,https://www.billboard-japan.com/charts/detail?a=dlsongs&year=2023&month=02&day=27
2023,dlsongs,2023-02-22,15,祝福,YOASOBI,https://www.billboard-japan.com/charts/detail?a=dlsongs&year=2023&month=02&day=27
2023,dlsongs,2023-02-22,16,W / X / Y,Tani Yuuki,https://www.billboard-japan.com/charts/detail?a=dlsongs&year=2023&month=02&day=27
2023,dlsongs,2023-02-22,17,"トウキョウ・シャンディ・ランデヴ feat. 花譜, ツミキ",MAISONdes,https://www.billboard-japan.com/charts/detail?a=dlsongs&year=2023&month=02&day=27
2023,dlsongs,2023-02-22,18,ラストシーン,Novelbright,https://www.billboard-japan.com/charts/detail?a=dlsongs&year=2023&month=02&day=27
2023,dlsongs,2023-02-22,19,ビリミリオン,優里,https://www.billboard-japan.com/charts/detail?a=dlsongs&year=2023&month=02&day=27
2023,dlsongs,2023-02-22,20,トンデモワンダーズ,ワンダーランズ×ショウタイム,https://www.billboard-japan.com/charts/detail?a=dlsongs&year=2023&month=02&day=27
2023,dlsongs,2023-02-22,21,アイラブユー,back number,https://www.billboard-japan.com/charts/detail?a=dlsongs&year=2023&month=02&day=27
2023,dlsongs,2023-02-22,22,Habit,SEKAI NO OWARI,https://www.billboard-japan.com/charts/detail?a=dlsongs&year=2023&month=02&day=27
2023,dlsongs,2023-02-22,23,"My Soul,Your Beats!",Lia,https://www.billboard-japan.com/charts/detail?a=dlsongs&year=2023&month=02&day=27
2023,dlsongs,2023-02-22,24,ダンスホール,Mrs.GREEN APPLE,https://www.billboard-japan.com/charts/detail?a=dlsongs&year=2023&month=02&day=27
2023,dlsongs,2023-02-22,25,新時代 (ウタ from ONE PIECE FILM RED),Ado,https://www.billboard-japan.com/charts/detail?a=dlsongs&year=2023&month=02&day=27
2023,dlsongs,2023-02-22,26,リンジュー・ラヴ,マカロニえんぴつ,https://www.billboard-japan.com/charts/detail?a=dlsongs&year=2023&month=02&day=27
2023,dlsongs,2023-02-22,27,ミックスナッツ,Official髭男dism,https://www.billboard-japan.com/charts/detail?a=dlsongs&year=2023&month=02&day=27
2023,dlsongs,2023-02-22,28,春泥棒,ヨルシカ,https://www.billboard-japan.com/charts/detail?a=dlsongs&year=2023&month=02&day=27
2023,dlsongs,2023-02-22,29,水平線,back number,https://www.billboard-japan.com/charts/detail?a=dlsongs&year=2023&month=02&day=27
2023,dlsongs,2023-02-22,30,可愛くてごめん feat. ちゅーたん(早見沙織),HoneyWorks,https://www.billboard-japan.com/charts/detail?a=dlsongs&year=2023&month=02&day=27
2023,dlsongs,2023-02-22,31,君に捧げる応援歌,HIPPY,https://www.billboard-japan.com/charts/detail?a=dlsongs&year=2023&month=02&day=27
2023,dlsongs,2023-02-22,32,アイデン貞貞メルトダウン,えなこ feat.P丸様。,https://www.billboard-japan.com/charts/detail?a=dlsongs&year=2023&month=02&day=27
2023,dlsongs,2023-02-22,33,Glory Steady Go!,ワンダーランズ×ショウタイム,https://www.billboard-japan.com/charts/detail?a=dlsongs&year=2023&month=02&day=27
2023,dlsongs,2023-02-22,34,まぶた,Vaundy,https://www.billboard-japan.com/charts/detail?a=dlsongs&year=2023&month=02&day=27
2023,dlsongs,2023-02-22,35,STARS,三代目 J SOUL BROTHERS from EXILE TRIBE,https://www.billboard-japan.com/charts/detail?a=dlsongs&year=2023&month=02&day=27
2023,dlsongs,2023-02-22,36,酔いどれ知らず,Kanaria,https://www.billboard-japan.com/charts/detail?a=dlsongs&year=2023&month=02&day=27
2023,dlsongs,2023-02-22,37,So Addictive,伶,https://www.billboard-japan.com/charts/detail?a=dlsongs&year=2023&month=02&day=27
2023,dlsongs,2023-02-22,38,残響散歌,Aimer(エメ),https://www.billboard-japan.com/charts/detail?a=dlsongs&year=2023&month=02&day=27
2023,dlsongs,2023-02-22,39,CRYST@LOUD,天海春香、渋谷凛、伊吹翼、天道輝、八宮めぐる from THE IDOLM@STER M@STERS OF IDOL WORLD!!!!! 2023,https://www.billboard-japan.com/charts/detail?a=dlsongs&year=2023&month=02&day=27
2023,dlsongs,2023-02-22,40,yes. I. do,エレファントカシマシ,https://www.billboard-japan.com/charts/detail?a=dlsongs&year=2023&month=02&day=27
2023,dlsongs,2023-02-22,41,それを愛と呼ぶなら,Uru,https://www.billboard-japan.com/charts/detail?a=dlsongs&year=2023&month=02&day=27
2023,dlsongs,2023-02-22,42,四季彩 -SHIKISAI-,HIPPY,https://www.billboard-japan.com/charts/detail?a=dlsongs&year=2023&month=02&day=27
2023,dlsongs,2023-02-22,43,閃光,[Alexandros],https://www.billboard-japan.com/charts/detail?a=dlsongs&year=2023&month=02&day=27
2023,dlsongs,2023-02-22,44,限界突破,GLAY,https://www.billboard-japan.com/charts/detail?a=dlsongs&year=2023&month=02&day=27
2023,dlsongs,2023-02-22,45,スターマイン,Da-iCE,https://www.billboard-japan.com/charts/detail?a=dlsongs&year=2023&month=02&day=27
2023,dlsongs,2023-02-22,46,Overdose,なとり,https://www.billboard-japan.com/charts/detail?a=dlsongs&year=2023&month=02&day=27
2023,dlsongs,2023-02-22,47,エジソン,水曜日のカンパネラ,https://www.billboard-japan.com/charts/detail?a=dlsongs&year=2023&month=02&day=27
2023,dlsongs,2023-02-22,48,Bet On Me,JUJU,https://www.billboard-japan.com/charts/detail?a=dlsongs&year=2023&month=02&day=27
2023,dlsongs,2023-02-22,49,青が灯る洞 〜雪山冥洞 ラピス・マナリス〜,祖堅正慶,https://www.billboard-japan.com/charts/detail?a=dlsongs&year=2023&month=02&day=27
2023,dlsongs,2023-02-22,50,ベテルギウス,優里,https://www.billboard-japan.com/charts/detail?a=dlsongs&year=2023&month=02&day=27
2023,dlsongs,2023-02-22,51,Ditto,NewJeans,https://www.billboard-japan.com/charts/detail?a=dlsongs&year=2023&month=02&day=27
2023,dlsongs,2023-02-22,52,SOUVENIR,BUMP OF CHICKEN,https://www.billboard-japan.com/charts/detail?a=dlsongs&year=2023&month=02&day=27
2023,dlsongs,2023-02-22,53,アルカンシェル,花たん,https://www.billboard-japan.com/charts/detail?a=dlsongs&year=2023&month=02&day=27
2023,dlsongs,2023-02-22,54,アイワナムチュー feat.asmi & すりぃ,MAISONdes,https://www.billboard-japan.com/charts/detail?a=dlsongs&year=2023&month=02&day=27
2023,dlsongs,2023-02-22,55,Fighting (feat. Lee Young Ji),BSS (SEVENTEEN),https://www.billboard-japan.com/charts/detail?a=dlsongs&year=2023&month=02&day=27
2023,dlsongs,2023-02-22,56,私は最強 (ウタ from ONE PIECE FILM RED),Ado,https://www.billboard-japan.com/charts/detail?a=dlsongs&year=2023&month=02&day=27
2023,dlsongs,2023-02-22,57,僕のこと,Mrs.GREEN APPLE,https://www.billboard-japan.com/charts/detail?a=dlsongs&year=2023&month=02&day=27
2023,dlsongs,2023-02-22,58,OMG,NewJeans,https://www.billboard-japan.com/charts/detail?a=dlsongs&year=2023&month=02&day=27
2023,dlsongs,2023-02-22,59,Walk This Way feat.AKLO,ZORN,https://www.billboard-japan.com/charts/detail?a=dlsongs&year=2023&month=02&day=27
2023,dlsongs,2023-02-22,60,美しい生き物,菅田将暉,https://www.billboard-japan.com/charts/detail?a=dlsongs&year=2023&month=02&day=27
2023,dlsongs,2023-02-22,61,MOONLIGHT SUNRISE,TWICE,https://www.billboard-japan.com/charts/detail?a=dlsongs&year=2023&month=02&day=27
2023,dlsongs,2023-02-22,62,Fly and Fly,シーズ,https://www.billboard-japan.com/charts/detail?a=dlsongs&year=2023&month=02&day=27
2023,dlsongs,2023-02-22,63,オトナブルー,新しい学校のリーダーズ,https://www.billboard-japan.com/charts/detail?a=dlsongs&year=2023&month=02&day=27
2023,dlsongs,2023-02-22,64,PANORAMA JET,FANTASTICS from EXILE TRIBE,https://www.billboard-japan.com/charts/detail?a=dlsongs&year=2023&month=02&day=27
2023,dlsongs,2023-02-22,65,Crow Song,marina,https://www.billboard-japan.com/charts/detail?a=dlsongs&year=2023&month=02&day=27
2023,dlsongs,2023-02-22,66,Lost Glacier,Zhang Zhehan,https://www.billboard-japan.com/charts/detail?a=dlsongs&year=2023&month=02&day=27
2023,dlsongs,2023-02-22,67,LOVE ROCKETS,The Birthday,https://www.billboard-japan.com/charts/detail?a=dlsongs&year=2023&month=02&day=27
2023,dlsongs,2023-02-22,68,バレンタイン・キッス,椎名真昼(石見舞菜香),https://www.billboard-japan.com/charts/detail?a=dlsongs&year=2023&month=02&day=27
2023,dlsongs,2023-02-22,69,DAN DAN 心魅かれてく,FIELD OF VIEW,https://www.billboard-japan.com/charts/detail?a=dlsongs&year=2023&month=02&day=27
2023,dlsongs,2023-02-22,70,YOU,FUNKY MONKEY BΛBY'S,https://www.billboard-japan.com/charts/detail?a=dlsongs&year=2023&month=02&day=27
2023,dlsongs,2023-02-22,71,ひめごと*クライシスターズ,ONIMAI SISTERS(高野麻里佳・石原夏織・金元寿子・津田美波),https://www.billboard-japan.com/charts/detail?a=dlsongs&year=2023&month=02&day=27
2023,dlsongs,2023-02-22,72,星座になれたら,結束バンド,https://www.billboard-japan.com/charts/detail?a=dlsongs&year=2023&month=02&day=27
2023,dlsongs,2023-02-22,73,Alchemy,marina,https://www.billboard-japan.com/charts/detail?a=dlsongs&year=2023&month=02&day=27
2023,dlsongs,2023-02-22,74,There,Stray Kids,https://www.billboard-japan.com/charts/detail?a=dlsongs&year=2023&month=02&day=27
2023,dlsongs,2023-02-22,75,First Love,宇多田ヒカル,https://www.billboard-japan.com/charts/detail?a=dlsongs&year=2023&month=02&day=27
2023,dlsongs,2023-02-22,76,ちゅ、多様性。,ano,https://www.billboard-japan.com/charts/detail?a=dlsongs&year=2023&month=02&day=27
2023,dlsongs,2023-02-22,77,Ruby Love,Eve,https://www.billboard-japan.com/charts/detail?a=dlsongs&year=2023&month=02&day=27
2023,dlsongs,2023-02-22,78,Only for you,"アニスフィア・ウィン・パレッティア(千本木彩花),ユフィリア・マゼンタ(石見舞菜香)",https://www.billboard-japan.com/charts/detail?a=dlsongs&year=2023&month=02&day=27
2023,dlsongs,2023-02-22,78,Melting Rouge Soul,Adam,https://www.billboard-japan.com/charts/detail?a=dlsongs&year=2023&month=02&day=27
2023,dlsongs,2023-02-22,80,夜空を翔ける,ケツメイシ,https://www.billboard-japan.com/charts/detail?a=dlsongs&year=2023&month=02&day=27
2023,dlsongs,2023-02-22,81,虹,福山雅治,https://www.billboard-japan.com/charts/detail?a=dlsongs&year=2023&month=02&day=27
2023,dlsongs,2023-02-22,82,虹,菅田将暉,https://www.billboard-japan.com/charts/detail?a=dlsongs&year=2023&month=02&day=27
2023,dlsongs,2023-02-22,83,ぼくらの,Eve,https://www.billboard-japan.com/charts/detail?a=dlsongs&year=2023&month=02&day=27
2023,dlsongs,2023-02-22,84,絆炎,Rainy。,https://www.billboard-japan.com/charts/detail?a=dlsongs&year=2023&month=02&day=27
2023,dlsongs,2023-02-22,85,N.O.R.〜Notes of Revolution〜革命についての覚書,"星輝子(松田颯水),脇山珠美(嘉山未紗),小関麗奈(長野佑紀)",https://www.billboard-japan.com/charts/detail?a=dlsongs&year=2023&month=02&day=27
2023,dlsongs,2023-02-22,86,ワンダーラスト,GENERATIONS from EXILE TRIBE,https://www.billboard-japan.com/charts/detail?a=dlsongs&year=2023&month=02&day=27
2023,dlsongs,2023-02-22,87,ミラクルレボリューション No.9,フジファブリック,https://www.billboard-japan.com/charts/detail?a=dlsongs&year=2023&month=02&day=27
2023,dlsongs,2023-02-22,88,レッド・ソール,"桐生つかさ(河瀬茉希),三船美優(原田彩楓),星輝子(松田颯水),藤原肇(鈴木みのり)",https://www.billboard-japan.com/charts/detail?a=dlsongs&year=2023&month=02&day=27
2023,dlsongs,2023-02-22,88,Platinum MASK,Beit,https://www.billboard-japan.com/charts/detail?a=dlsongs&year=2023&month=02&day=27
2023,dlsongs,2023-02-22,90,スパークル,幾田りら,https://www.billboard-japan.com/charts/detail?a=dlsongs&year=2023&month=02&day=27
2023,dlsongs,2023-02-22,91,Cool,櫻坂46,https://www.billboard-japan.com/charts/detail?a=dlsongs&year=2023&month=02&day=27
2023,dlsongs,2023-02-22,92,贅沢な匙,Van de Shop,https://www.billboard-japan.com/charts/detail?a=dlsongs&year=2023&month=02&day=27
2023,dlsongs,2023-02-22,93,Soranji,Mrs.GREEN APPLE,https://www.billboard-japan.com/charts/detail?a=dlsongs&year=2023&month=02&day=27
2023,dlsongs,2023-02-22,94,小さな恋のうた,椎名真昼(石見舞菜香),https://www.billboard-japan.com/charts/detail?a=dlsongs&year=2023&month=02&day=27
2023,dlsongs,2023-02-22,95,かくれんぼ,AliA,https://www.billboard-japan.com/charts/detail?a=dlsongs&year=2023&month=02&day=27
2023,dlsongs,2023-02-22,96,ドライフラワー,優里,https://www.billboard-japan.com/charts/detail?a=dlsongs&year=2023&month=02&day=27
2023,dlsongs,2023-02-22,97,escalate,Aimer(エメ),https://www.billboard-japan.com/charts/detail?a=dlsongs&year=2023&month=02&day=27
2023,dlsongs,2023-02-22,98,すずめ (feat. 十明),RADWIMPS,https://www.billboard-japan.com/charts/detail?a=dlsongs&year=2023&month=02&day=27
2023,dlsongs,2023-02-22,99,レオ,優里,https://www.billboard-japan.com/charts/detail?a=dlsongs&year=2023&month=02&day=27
2023,dlsongs,2023-02-22,100,Stellar Stellar - From THE FIRST TAKE,星街すいせい,https://www.billboard-japan.com/charts/detail?a=dlsongs&year=2023&month=02&day=27
2023,dlsongs,2023-03-01,1,星月夜,由薫,https://www.billboard-japan.com/charts/detail?a=dlsongs&year=2023&month=03&day=06
2023,dlsongs,2023-03-01,2,アタシは問題作,Ado,https://www.billboard-japan.com/charts/detail?a=dlsongs&year=2023&month=03&day=06
2023,dlsongs,2023-03-01,3,SUPER ICY,ShowMinorSavage,https://www.billboard-japan.com/charts/detail?a=dlsongs&year=2023&month=03&day=06
2023,dlsongs,2023-03-01,4,第ゼロ感,10-FEET,https://www.billboard-japan.com/charts/detail?a=dlsongs&year=2023&month=03&day=06
2023,dlsongs,2023-03-01,5,Thinkin' bout you,ShowMinorSavage,https://www.billboard-japan.com/charts/detail?a=dlsongs&year=2023&month=03&day=06
2023,dlsongs,2023-03-01,6,No Cap Navy,ShowMinorSavage,https://www.billboard-japan.com/charts/detail?a=dlsongs&year=2023&month=03&day=06
2023,dlsongs,2023-03-01,7,アドベンチャー,YOASOBI,https://www.billboard-japan.com/charts/detail?a=dlsongs&year=2023&month=03&day=06
2023,dlsongs,2023-03-01,8,Subtitle,Official髭男dism,https://www.billboard-japan.com/charts/detail?a=dlsongs&year=2023&month=03&day=06
2023,dlsongs,2023-03-01,9,Crow Song (SiL Ver.),She is Legend,https://www.billboard-japan.com/charts/detail?a=dlsongs&year=2023&month=03&day=06
2023,dlsongs,2023-03-01,10,アルジャーノン,ヨルシカ,https://www.billboard-japan.com/charts/detail?a=dlsongs&year=2023&month=03&day=06
2023,dlsongs,2023-03-01,11,四季彩 -SHIKISAI-,HIPPY,https://www.billboard-japan.com/charts/detail?a=dlsongs&year=2023&month=03&day=06
2023,dlsongs,2023-03-01,12,Fantasista,MAN WITH A MISSION,https://www.billboard-japan.com/charts/detail?a=dlsongs&year=2023&month=03&day=06
2023,dlsongs,2023-03-01,13,ホワイトノイズ,Official髭男dism,https://www.billboard-japan.com/charts/detail?a=dlsongs&year=2023&month=03&day=06
2023,dlsongs,2023-03-01,14,怪獣の花唄,Vaundy,https://www.billboard-japan.com/charts/detail?a=dlsongs&year=2023&month=03&day=06
2023,dlsongs,2023-03-01,15,愛唄,椎名真昼(石見舞菜香),https://www.billboard-japan.com/charts/detail?a=dlsongs&year=2023&month=03&day=06
2023,dlsongs,2023-03-01,16,間違いじゃない 泣いたりしない,つばきファクトリー,https://www.billboard-japan.com/charts/detail?a=dlsongs&year=2023&month=03&day=06
2023,dlsongs,2023-03-01,17,KICK BACK,米津玄師,https://www.billboard-japan.com/charts/detail?a=dlsongs&year=2023&month=03&day=06
2023,dlsongs,2023-03-01,18,"トウキョウ・シャンディ・ランデヴ feat. 花譜, ツミキ",MAISONdes,https://www.billboard-japan.com/charts/detail?a=dlsongs&year=2023&month=03&day=06
2023,dlsongs,2023-03-01,19,Another World,玉井詩織,https://www.billboard-japan.com/charts/detail?a=dlsongs&year=2023&month=03&day=06
2023,dlsongs,2023-03-01,20,Light And Darkness,BABYMETAL,https://www.billboard-japan.com/charts/detail?a=dlsongs&year=2023&month=03&day=06
2023,dlsongs,2023-03-01,21,恋人じゃなくなった日,優里,https://www.billboard-japan.com/charts/detail?a=dlsongs&year=2023&month=03&day=06
2023,dlsongs,2023-03-01,22,アイラブユー,back number,https://www.billboard-japan.com/charts/detail?a=dlsongs&year=2023&month=03&day=06
2023,dlsongs,2023-03-01,23,祝福,YOASOBI,https://www.billboard-japan.com/charts/detail?a=dlsongs&year=2023&month=03&day=06
2023,dlsongs,2023-03-01,24,君に捧げる応援歌,HIPPY,https://www.billboard-japan.com/charts/detail?a=dlsongs&year=2023&month=03&day=06
2023,dlsongs,2023-03-01,25,Bye-Bye Show,BiSH,https://www.billboard-japan.com/charts/detail?a=dlsongs&year=2023&month=03&day=06
2023,dlsongs,2023-03-01,26,新時代 (ウタ from ONE PIECE FILM RED),Ado,https://www.billboard-japan.com/charts/detail?a=dlsongs&year=2023&month=03&day=06
2023,dlsongs,2023-03-01,27,ダンスホール,Mrs.GREEN APPLE,https://www.billboard-japan.com/charts/detail?a=dlsongs&year=2023&month=03&day=06
2023,dlsongs,2023-03-01,28,ミックスナッツ,Official髭男dism,https://www.billboard-japan.com/charts/detail?a=dlsongs&year=2023&month=03&day=06
2023,dlsongs,2023-03-01,29,君のまま,百足 & 韻マン,https://www.billboard-japan.com/charts/detail?a=dlsongs&year=2023&month=03&day=06
2023,dlsongs,2023-03-01,30,Flower Ring,ルールーシー=ルー(下地紫野)&ティア(洲崎綾),https://www.billboard-japan.com/charts/detail?a=dlsongs&year=2023&month=03&day=06
2023,dlsongs,2023-03-01,31,Habit,SEKAI NO OWARI,https://www.billboard-japan.com/charts/detail?a=dlsongs&year=2023&month=03&day=06
2023,dlsongs,2023-03-01,32,W / X / Y,Tani Yuuki,https://www.billboard-japan.com/charts/detail?a=dlsongs&year=2023&month=03&day=06
2023,dlsongs,2023-03-01,33,リンジュー・ラヴ,マカロニえんぴつ,https://www.billboard-japan.com/charts/detail?a=dlsongs&year=2023&month=03&day=06
2023,dlsongs,2023-03-01,34,水平線,back number,https://www.billboard-japan.com/charts/detail?a=dlsongs&year=2023&month=03&day=06
2023,dlsongs,2023-03-01,35,春泥棒,ヨルシカ,https://www.billboard-japan.com/charts/detail?a=dlsongs&year=2023&month=03&day=06
2023,dlsongs,2023-03-01,36,可愛くてごめん feat. ちゅーたん(早見沙織),HoneyWorks,https://www.billboard-japan.com/charts/detail?a=dlsongs&year=2023&month=03&day=06
2023,dlsongs,2023-03-01,37,酔いどれ知らず,Kanaria,https://www.billboard-japan.com/charts/detail?a=dlsongs&year=2023&month=03&day=06
2023,dlsongs,2023-03-01,38,スキップ・スキップ・スキップ,つばきファクトリー,https://www.billboard-japan.com/charts/detail?a=dlsongs&year=2023&month=03&day=06
2023,dlsongs,2023-03-01,39,Boom Boom Back,BE:FIRST,https://www.billboard-japan.com/charts/detail?a=dlsongs&year=2023&month=03&day=06
2023,dlsongs,2023-03-01,40,残響散歌,Aimer(エメ),https://www.billboard-japan.com/charts/detail?a=dlsongs&year=2023&month=03&day=06
2023,dlsongs,2023-03-01,41,遥か未来の君へ,Rockon Social Club,https://www.billboard-japan.com/charts/detail?a=dlsongs&year=2023&month=03&day=06
2023,dlsongs,2023-03-01,42,まぶた,Vaundy,https://www.billboard-japan.com/charts/detail?a=dlsongs&year=2023&month=03&day=06
2023,dlsongs,2023-03-01,43,オトナブルー,新しい学校のリーダーズ,https://www.billboard-japan.com/charts/detail?a=dlsongs&year=2023&month=03&day=06
2023,dlsongs,2023-03-01,44,閃光,[Alexandros],https://www.billboard-japan.com/charts/detail?a=dlsongs&year=2023&month=03&day=06
2023,dlsongs,2023-03-01,45,Overdose,なとり,https://www.billboard-japan.com/charts/detail?a=dlsongs&year=2023&month=03&day=06
2023,dlsongs,2023-03-01,46,僕のこと,Mrs.GREEN APPLE,https://www.billboard-japan.com/charts/detail?a=dlsongs&year=2023&month=03&day=06
2023,dlsongs,2023-03-01,47,桜月,櫻坂46,https://www.billboard-japan.com/charts/detail?a=dlsongs&year=2023&month=03&day=06
2023,dlsongs,2023-03-01,48,ビリミリオン,優里,https://www.billboard-japan.com/charts/detail?a=dlsongs&year=2023&month=03&day=06
2023,dlsongs,2023-03-01,49,ラストシーン,Novelbright,https://www.billboard-japan.com/charts/detail?a=dlsongs&year=2023&month=03&day=06
2023,dlsongs,2023-03-01,50,ちゅ、多様性。,ano,https://www.billboard-japan.com/charts/detail?a=dlsongs&year=2023&month=03&day=06
2023,dlsongs,2023-03-01,51,エジソン,水曜日のカンパネラ,https://www.billboard-japan.com/charts/detail?a=dlsongs&year=2023&month=03&day=06
2023,dlsongs,2023-03-01,52,ベテルギウス,優里,https://www.billboard-japan.com/charts/detail?a=dlsongs&year=2023&month=03&day=06
2023,dlsongs,2023-03-01,53,キンモクセイ,もさを。,https://www.billboard-japan.com/charts/detail?a=dlsongs&year=2023&month=03&day=06
2023,dlsongs,2023-03-01,54,アルカンシェル,花たん,https://www.billboard-japan.com/charts/detail?a=dlsongs&year=2023&month=03&day=06
2023,dlsongs,2023-03-01,55,"My Soul,Your Beats!",Lia,https://www.billboard-japan.com/charts/detail?a=dlsongs&year=2023&month=03&day=06
2023,dlsongs,2023-03-01,56,Ditto,NewJeans,https://www.billboard-japan.com/charts/detail?a=dlsongs&year=2023&month=03&day=06
2023,dlsongs,2023-03-01,57,トンデモワンダーズ,ワンダーランズ×ショウタイム,https://www.billboard-japan.com/charts/detail?a=dlsongs&year=2023&month=03&day=06
2023,dlsongs,2023-03-01,58,アイワナムチュー feat.asmi & すりぃ,MAISONdes,https://www.billboard-japan.com/charts/detail?a=dlsongs&year=2023&month=03&day=06
2023,dlsongs,2023-03-01,59,アイデン貞貞メルトダウン,えなこ feat.P丸様。,https://www.billboard-japan.com/charts/detail?a=dlsongs&year=2023&month=03&day=06
2023,dlsongs,2023-03-01,60,スターマイン,Da-iCE,https://www.billboard-japan.com/charts/detail?a=dlsongs&year=2023&month=03&day=06
2023,dlsongs,2023-03-01,61,私は最強 (ウタ from ONE PIECE FILM RED),Ado,https://www.billboard-japan.com/charts/detail?a=dlsongs&year=2023&month=03&day=06
2023,dlsongs,2023-03-01,62,OMG,NewJeans,https://www.billboard-japan.com/charts/detail?a=dlsongs&year=2023&month=03&day=06
2023,dlsongs,2023-03-01,63,僕たちのサヨナラ,乃木坂46,https://www.billboard-japan.com/charts/detail?a=dlsongs&year=2023&month=03&day=06
2023,dlsongs,2023-03-01,64,escalate,Aimer(エメ),https://www.billboard-japan.com/charts/detail?a=dlsongs&year=2023&month=03&day=06
2023,dlsongs,2023-03-01,65,CRIMSON SiN,佐坂めぐみ,https://www.billboard-japan.com/charts/detail?a=dlsongs&year=2023&month=03&day=06
2023,dlsongs,2023-03-01,66,SOUVENIR,BUMP OF CHICKEN,https://www.billboard-japan.com/charts/detail?a=dlsongs&year=2023&month=03&day=06
2023,dlsongs,2023-03-01,66,Feel the Winds,緋月ゆい,https://www.billboard-japan.com/charts/detail?a=dlsongs&year=2023&month=03&day=06
2023,dlsongs,2023-03-01,68,君と僕の絆 feat.KIKI,つばきファクトリー,https://www.billboard-japan.com/charts/detail?a=dlsongs&year=2023&month=03&day=06
2023,dlsongs,2023-03-01,69,LOVE ROCKETS,The Birthday,https://www.billboard-japan.com/charts/detail?a=dlsongs&year=2023&month=03&day=06
2023,dlsongs,2023-03-01,70,Judgement,ASH DA HERO,https://www.billboard-japan.com/charts/detail?a=dlsongs&year=2023&month=03&day=06
2023,dlsongs,2023-03-01,71,ぼくらの,Eve,https://www.billboard-japan.com/charts/detail?a=dlsongs&year=2023&month=03&day=06
2023,dlsongs,2023-03-01,72,小さな恋のうた,椎名真昼(石見舞菜香),https://www.billboard-japan.com/charts/detail?a=dlsongs&year=2023&month=03&day=06
2023,dlsongs,2023-03-01,73,私は最強,Mrs.GREEN APPLE,https://www.billboard-japan.com/charts/detail?a=dlsongs&year=2023&month=03&day=06
2023,dlsongs,2023-03-01,73,みちづれ - From THE FIRST TAKE,星街すいせい,https://www.billboard-japan.com/charts/detail?a=dlsongs&year=2023&month=03&day=06
2023,dlsongs,2023-03-01,75,それを愛と呼ぶなら,Uru,https://www.billboard-japan.com/charts/detail?a=dlsongs&year=2023&month=03&day=06
2023,dlsongs,2023-03-01,76,拝啓、少年よ,Hump Back,https://www.billboard-japan.com/charts/detail?a=dlsongs&year=2023&month=03&day=06
2023,dlsongs,2023-03-01,77,Soranji,Mrs.GREEN APPLE,https://www.billboard-japan.com/charts/detail?a=dlsongs&year=2023&month=03&day=06
2023,dlsongs,2023-03-01,78,アンチノミー,amazarashi,https://www.billboard-japan.com/charts/detail?a=dlsongs&year=2023&month=03&day=06
2023,dlsongs,2023-03-01,79,星座になれたら,結束バンド,https://www.billboard-japan.com/charts/detail?a=dlsongs&year=2023&month=03&day=06
2023,dlsongs,2023-03-01,80,ドライフラワー,優里,https://www.billboard-japan.com/charts/detail?a=dlsongs&year=2023&month=03&day=06
2023,dlsongs,2023-03-01,81,FEARLESS,LE SSERAFIM,https://www.billboard-japan.com/charts/detail?a=dlsongs&year=2023&month=03&day=06
2023,dlsongs,2023-03-01,82,バレンタイン・キッス,椎名真昼(石見舞菜香),https://www.billboard-japan.com/charts/detail?a=dlsongs&year=2023&month=03&day=06
2023,dlsongs,2023-03-01,83,Walk This Way feat.AKLO,ZORN,https://www.billboard-japan.com/charts/detail?a=dlsongs&year=2023&month=03&day=06
2023,dlsongs,2023-03-01,84,STARS,三代目 J SOUL BROTHERS from EXILE TRIBE,https://www.billboard-japan.com/charts/detail?a=dlsongs&year=2023&month=03&day=06
2023,dlsongs,2023-03-01,85,贅沢な匙,Van de Shop,https://www.billboard-japan.com/charts/detail?a=dlsongs&year=2023&month=03&day=06
2023,dlsongs,2023-03-01,86,Mela!,緑黄色社会,https://www.billboard-japan.com/charts/detail?a=dlsongs&year=2023&month=03&day=06
2023,dlsongs,2023-03-01,87,お願いマッスル,"紗倉ひびき(ファイルーズあい),街雄鳴造(石川界人)",https://www.billboard-japan.com/charts/detail?a=dlsongs&year=2023&month=03&day=06
2023,dlsongs,2023-03-01,88,すずめ (feat. 十明),RADWIMPS,https://www.billboard-japan.com/charts/detail?a=dlsongs&year=2023&month=03&day=06
2023,dlsongs,2023-03-01,89,ミニー、ウィー・ラブ・ユー! (東京ディズニーランド),(ディズニー),https://www.billboard-japan.com/charts/detail?a=dlsongs&year=2023&month=03&day=06
2023,dlsongs,2023-03-01,90,虹,福山雅治,https://www.billboard-japan.com/charts/detail?a=dlsongs&year=2023&month=03&day=06
2023,dlsongs,2023-03-01,91,XY feat.YOSHI,XY feat.YOSHI,https://www.billboard-japan.com/charts/detail?a=dlsongs&year=2023&month=03&day=06
2023,dlsongs,2023-03-01,92,Fighting (feat. Lee Young Ji),BSS (SEVENTEEN),https://www.billboard-japan.com/charts/detail?a=dlsongs&year=2023&month=03&day=06
2023,dlsongs,2023-03-01,93,かくれんぼ,AliA,https://www.billboard-japan.com/charts/detail?a=dlsongs&year=2023&month=03&day=06
2023,dlsongs,2023-03-01,93,百合の咲く場所で,10-FEET,https://www.billboard-japan.com/charts/detail?a=dlsongs&year=2023&month=03&day=06
2023,dlsongs,2023-03-01,95,"アイタリナイ feat. yama, ニト。",MAISONdes,https://www.billboard-japan.com/charts/detail?a=dlsongs&year=2023&month=03&day=06
2023,dlsongs,2023-03-01,96,MOONLIGHT SUNRISE,TWICE,https://www.billboard-japan.com/charts/detail?a=dlsongs&year=2023&month=03&day=06
2023,dlsongs,2023-03-01,97,レオ,優里,https://www.billboard-japan.com/charts/detail?a=dlsongs&year=2023&month=03&day=06
2023,dlsongs,2023-03-01,97,花の塔,さユり,https://www.billboard-japan.com/charts/detail?a=dlsongs&year=2023&month=03&day=06
2023,dlsongs,2023-03-01,99,ギターと孤独と蒼い惑星,結束バンド,https://www.billboard-japan.com/charts/detail?a=dlsongs&year=2023&month=03&day=06
2023,dlsongs,2023-03-01,100,HIGHEST,OxT,https://www.billboard-japan.com/charts/detail?a=dlsongs&year=2023&month=03&day=06
2023,dlsongs,2023-03-08,1,Paradise,NiziU,https://www.billboard-japan.com/charts/detail?a=dlsongs&year=2023&month=03&day=13
2023,dlsongs,2023-03-08,2,on the street (with J. Cole),J-HOPE,https://www.billboard-japan.com/charts/detail?a=dlsongs&year=2023&month=03&day=13
2023,dlsongs,2023-03-08,3,星月夜,由薫,https://www.billboard-japan.com/charts/detail?a=dlsongs&year=2023&month=03&day=13
2023,dlsongs,2023-03-08,4,FLAKE HEART,美風藍(蒼井翔太),https://www.billboard-japan.com/charts/detail?a=dlsongs&year=2023&month=03&day=13
2023,dlsongs,2023-03-08,5,第ゼロ感,10-FEET,https://www.billboard-japan.com/charts/detail?a=dlsongs&year=2023&month=03&day=13
2023,dlsongs,2023-03-08,6,Subtitle,Official髭男dism,https://www.billboard-japan.com/charts/detail?a=dlsongs&year=2023&month=03&day=13
2023,dlsongs,2023-03-08,7,crossovers,Aimer(エメ),https://www.billboard-japan.com/charts/detail?a=dlsongs&year=2023&month=03&day=13
2023,dlsongs,2023-03-08,8,アルジャーノン,ヨルシカ,https://www.billboard-japan.com/charts/detail?a=dlsongs&year=2023&month=03&day=13
2023,dlsongs,2023-03-08,9,Crow Song (SiL Ver.),She is Legend,https://www.billboard-japan.com/charts/detail?a=dlsongs&year=2023&month=03&day=13
2023,dlsongs,2023-03-08,10,怪獣の花唄,Vaundy,https://www.billboard-japan.com/charts/detail?a=dlsongs&year=2023&month=03&day=13
2023,dlsongs,2023-03-08,11,四季彩 -SHIKISAI-,HIPPY,https://www.billboard-japan.com/charts/detail?a=dlsongs&year=2023&month=03&day=13
2023,dlsongs,2023-03-08,12,escalate,Aimer(エメ),https://www.billboard-japan.com/charts/detail?a=dlsongs&year=2023&month=03&day=13
2023,dlsongs,2023-03-08,13,アタシは問題作,Ado,https://www.billboard-japan.com/charts/detail?a=dlsongs&year=2023&month=03&day=13
2023,dlsongs,2023-03-08,14,ホワイトノイズ,Official髭男dism,https://www.billboard-japan.com/charts/detail?a=dlsongs&year=2023&month=03&day=13
2023,dlsongs,2023-03-08,15,リンジュー・ラヴ,マカロニえんぴつ,https://www.billboard-japan.com/charts/detail?a=dlsongs&year=2023&month=03&day=13
2023,dlsongs,2023-03-08,16,KICK BACK,米津玄師,https://www.billboard-japan.com/charts/detail?a=dlsongs&year=2023&month=03&day=13
2023,dlsongs,2023-03-08,17,アドベンチャー,YOASOBI,https://www.billboard-japan.com/charts/detail?a=dlsongs&year=2023&month=03&day=13
2023,dlsongs,2023-03-08,18,命にふさわしい,Aimer(エメ),https://www.billboard-japan.com/charts/detail?a=dlsongs&year=2023&month=03&day=13
2023,dlsongs,2023-03-08,19,"トウキョウ・シャンディ・ランデヴ feat. 花譜, ツミキ",MAISONdes,https://www.billboard-japan.com/charts/detail?a=dlsongs&year=2023&month=03&day=13
2023,dlsongs,2023-03-08,20,六道伍感さんぽ,戌亥とこ,https://www.billboard-japan.com/charts/detail?a=dlsongs&year=2023&month=03&day=13
2023,dlsongs,2023-03-08,21,酔いどれ知らず,Kanaria,https://www.billboard-japan.com/charts/detail?a=dlsongs&year=2023&month=03&day=13
2023,dlsongs,2023-03-08,22,可愛くてごめん feat. ちゅーたん(早見沙織),HoneyWorks,https://www.billboard-japan.com/charts/detail?a=dlsongs&year=2023&month=03&day=13
2023,dlsongs,2023-03-08,23,祝福,YOASOBI,https://www.billboard-japan.com/charts/detail?a=dlsongs&year=2023&month=03&day=13
2023,dlsongs,2023-03-08,24,ダンスホール,Mrs.GREEN APPLE,https://www.billboard-japan.com/charts/detail?a=dlsongs&year=2023&month=03&day=13
2023,dlsongs,2023-03-08,25,新時代 (ウタ from ONE PIECE FILM RED),Ado,https://www.billboard-japan.com/charts/detail?a=dlsongs&year=2023&month=03&day=13
2023,dlsongs,2023-03-08,26,名前のない感情,町田ちま,https://www.billboard-japan.com/charts/detail?a=dlsongs&year=2023&month=03&day=13
2023,dlsongs,2023-03-08,26,君に捧げる応援歌,HIPPY,https://www.billboard-japan.com/charts/detail?a=dlsongs&year=2023&month=03&day=13
2023,dlsongs,2023-03-08,28,水平線,back number,https://www.billboard-japan.com/charts/detail?a=dlsongs&year=2023&month=03&day=13
2023,dlsongs,2023-03-08,29,ミックスナッツ,Official髭男dism,https://www.billboard-japan.com/charts/detail?a=dlsongs&year=2023&month=03&day=13
2023,dlsongs,2023-03-08,30,アイラブユー,back number,https://www.billboard-japan.com/charts/detail?a=dlsongs&year=2023&month=03&day=13
2023,dlsongs,2023-03-08,31,僕のこと,Mrs.GREEN APPLE,https://www.billboard-japan.com/charts/detail?a=dlsongs&year=2023&month=03&day=13
2023,dlsongs,2023-03-08,32,Habit,SEKAI NO OWARI,https://www.billboard-japan.com/charts/detail?a=dlsongs&year=2023&month=03&day=13
2023,dlsongs,2023-03-08,33,Fantasista,MAN WITH A MISSION,https://www.billboard-japan.com/charts/detail?a=dlsongs&year=2023&month=03&day=13
2023,dlsongs,2023-03-08,33,春泥棒,ヨルシカ,https://www.billboard-japan.com/charts/detail?a=dlsongs&year=2023&month=03&day=13
2023,dlsongs,2023-03-08,35,永遠のブルー,羊文学,https://www.billboard-japan.com/charts/detail?a=dlsongs&year=2023&month=03&day=13
2023,dlsongs,2023-03-08,36,W / X / Y,Tani Yuuki,https://www.billboard-japan.com/charts/detail?a=dlsongs&year=2023&month=03&day=13
2023,dlsongs,2023-03-08,37,Starry Night,"松永涼(千菅春香),三船美優(原田彩楓),森久保乃々(高橋花林),藤原肇(鈴木みのり),砂塚あきら(富田美憂)",https://www.billboard-japan.com/charts/detail?a=dlsongs&year=2023&month=03&day=13
2023,dlsongs,2023-03-08,38,ちゅ、多様性。,ano,https://www.billboard-japan.com/charts/detail?a=dlsongs&year=2023&month=03&day=13
2023,dlsongs,2023-03-08,39,CASE 143,Stray Kids,https://www.billboard-japan.com/charts/detail?a=dlsongs&year=2023&month=03&day=13
2023,dlsongs,2023-03-08,40,エジソン,水曜日のカンパネラ,https://www.billboard-japan.com/charts/detail?a=dlsongs&year=2023&month=03&day=13
2023,dlsongs,2023-03-08,41,残響散歌,Aimer(エメ),https://www.billboard-japan.com/charts/detail?a=dlsongs&year=2023&month=03&day=13
2023,dlsongs,2023-03-08,41,恋人じゃなくなった日,優里,https://www.billboard-japan.com/charts/detail?a=dlsongs&year=2023&month=03&day=13
2023,dlsongs,2023-03-08,43,オトナブルー,新しい学校のリーダーズ,https://www.billboard-japan.com/charts/detail?a=dlsongs&year=2023&month=03&day=13
2023,dlsongs,2023-03-08,44,UNDER THE TREE,SiM,https://www.billboard-japan.com/charts/detail?a=dlsongs&year=2023&month=03&day=13
2023,dlsongs,2023-03-08,45,Overdose,なとり,https://www.billboard-japan.com/charts/detail?a=dlsongs&year=2023&month=03&day=13
2023,dlsongs,2023-03-08,46,for Victory!,ぶいすぽっ!,https://www.billboard-japan.com/charts/detail?a=dlsongs&year=2023&month=03&day=13
2023,dlsongs,2023-03-08,47,スパロウズ,CHEMISTRY & Da-iCE,https://www.billboard-japan.com/charts/detail?a=dlsongs&year=2023&month=03&day=13
2023,dlsongs,2023-03-08,48,Ditto,NewJeans,https://www.billboard-japan.com/charts/detail?a=dlsongs&year=2023&month=03&day=13
2023,dlsongs,2023-03-08,49,3月9日,レミオロメン,https://www.billboard-japan.com/charts/detail?a=dlsongs&year=2023&month=03&day=13
2023,dlsongs,2023-03-08,50,愛唄,椎名真昼(石見舞菜香),https://www.billboard-japan.com/charts/detail?a=dlsongs&year=2023&month=03&day=13
2023,dlsongs,2023-03-08,51,間違いじゃない 泣いたりしない,つばきファクトリー,https://www.billboard-japan.com/charts/detail?a=dlsongs&year=2023&month=03&day=13
2023,dlsongs,2023-03-08,52,拝啓、少年よ,Hump Back,https://www.billboard-japan.com/charts/detail?a=dlsongs&year=2023&month=03&day=13
2023,dlsongs,2023-03-08,53,君のまま,百足 & 韻マン,https://www.billboard-japan.com/charts/detail?a=dlsongs&year=2023&month=03&day=13
2023,dlsongs,2023-03-08,54,Capricciosa!!,真風涼帆、潤花、芹香斗亜、ほか,https://www.billboard-japan.com/charts/detail?a=dlsongs&year=2023&month=03&day=13
2023,dlsongs,2023-03-08,55,まぶた,Vaundy,https://www.billboard-japan.com/charts/detail?a=dlsongs&year=2023&month=03&day=13
2023,dlsongs,2023-03-08,56,OMG,NewJeans,https://www.billboard-japan.com/charts/detail?a=dlsongs&year=2023&month=03&day=13
2023,dlsongs,2023-03-08,57,エンベロープ,コブクロ,https://www.billboard-japan.com/charts/detail?a=dlsongs&year=2023&month=03&day=13
2023,dlsongs,2023-03-08,58,Unchained,朝日南アカネ,https://www.billboard-japan.com/charts/detail?a=dlsongs&year=2023&month=03&day=13
2023,dlsongs,2023-03-08,59,Flower Ring,ルールーシー=ルー(下地紫野)&ティア(洲崎綾),https://www.billboard-japan.com/charts/detail?a=dlsongs&year=2023&month=03&day=13
2023,dlsongs,2023-03-08,60,閃光,[Alexandros],https://www.billboard-japan.com/charts/detail?a=dlsongs&year=2023&month=03&day=13
2023,dlsongs,2023-03-08,61,Judgement,ASH DA HERO,https://www.billboard-japan.com/charts/detail?a=dlsongs&year=2023&month=03&day=13
2023,dlsongs,2023-03-08,62,私は最強 (ウタ from ONE PIECE FILM RED),Ado,https://www.billboard-japan.com/charts/detail?a=dlsongs&year=2023&month=03&day=13
2023,dlsongs,2023-03-08,63,世界が終るまでは…,WANDS,https://www.billboard-japan.com/charts/detail?a=dlsongs&year=2023&month=03&day=13
2023,dlsongs,2023-03-08,64,ビリミリオン,優里,https://www.billboard-japan.com/charts/detail?a=dlsongs&year=2023&month=03&day=13
2023,dlsongs,2023-03-08,65,アイデン貞貞メルトダウン,えなこ feat.P丸様。,https://www.billboard-japan.com/charts/detail?a=dlsongs&year=2023&month=03&day=13
2023,dlsongs,2023-03-08,66,eden,"ひかりとだいち love SOIL & ""PIMP"" SESSIONS",https://www.billboard-japan.com/charts/detail?a=dlsongs&year=2023&month=03&day=13
2023,dlsongs,2023-03-08,67,Mela!,緑黄色社会,https://www.billboard-japan.com/charts/detail?a=dlsongs&year=2023&month=03&day=13
2023,dlsongs,2023-03-08,68,私は最強,Mrs.GREEN APPLE,https://www.billboard-japan.com/charts/detail?a=dlsongs&year=2023&month=03&day=13
2023,dlsongs,2023-03-08,69,かくれんぼ,AliA,https://www.billboard-japan.com/charts/detail?a=dlsongs&year=2023&month=03&day=13
2023,dlsongs,2023-03-08,70,アイワナムチュー feat.asmi & すりぃ,MAISONdes,https://www.billboard-japan.com/charts/detail?a=dlsongs&year=2023&month=03&day=13
2023,dlsongs,2023-03-08,71,スターマイン,Da-iCE,https://www.billboard-japan.com/charts/detail?a=dlsongs&year=2023&month=03&day=13
2023,dlsongs,2023-03-08,72,この盾に、隠れます。,純情のアフィリア,https://www.billboard-japan.com/charts/detail?a=dlsongs&year=2023&month=03&day=13
2023,dlsongs,2023-03-08,73,LOVE ROCKETS,The Birthday,https://www.billboard-japan.com/charts/detail?a=dlsongs&year=2023&month=03&day=13
2023,dlsongs,2023-03-08,74,Listen,MY FIRST STORY,https://www.billboard-japan.com/charts/detail?a=dlsongs&year=2023&month=03&day=13
2023,dlsongs,2023-03-08,75,星座になれたら,結束バンド,https://www.billboard-japan.com/charts/detail?a=dlsongs&year=2023&month=03&day=13
2023,dlsongs,2023-03-08,76,ベテルギウス,優里,https://www.billboard-japan.com/charts/detail?a=dlsongs&year=2023&month=03&day=13
2023,dlsongs,2023-03-08,77,正解,RADWIMPS,https://www.billboard-japan.com/charts/detail?a=dlsongs&year=2023&month=03&day=13
2023,dlsongs,2023-03-08,78,First Love,宇多田ヒカル,https://www.billboard-japan.com/charts/detail?a=dlsongs&year=2023&month=03&day=13
2023,dlsongs,2023-03-08,79,阿修羅ちゃん,Ado,https://www.billboard-japan.com/charts/detail?a=dlsongs&year=2023&month=03&day=13
2023,dlsongs,2023-03-08,80,Soranji,Mrs.GREEN APPLE,https://www.billboard-japan.com/charts/detail?a=dlsongs&year=2023&month=03&day=13
2023,dlsongs,2023-03-08,81,ぼくらの,Eve,https://www.billboard-japan.com/charts/detail?a=dlsongs&year=2023&month=03&day=13
2023,dlsongs,2023-03-08,82,SOUVENIR,BUMP OF CHICKEN,https://www.billboard-japan.com/charts/detail?a=dlsongs&year=2023&month=03&day=13
2023,dlsongs,2023-03-08,83,パズル,Rockon Social Club,https://www.billboard-japan.com/charts/detail?a=dlsongs&year=2023&month=03&day=13
2023,dlsongs,2023-03-08,84,ハルカ,YOASOBI,https://www.billboard-japan.com/charts/detail?a=dlsongs&year=2023&month=03&day=13
2023,dlsongs,2023-03-08,85,アルカンシェル,花たん,https://www.billboard-japan.com/charts/detail?a=dlsongs&year=2023&month=03&day=13
2023,dlsongs,2023-03-08,85,RED HEART,赤井はあと,https://www.billboard-japan.com/charts/detail?a=dlsongs&year=2023&month=03&day=13
2023,dlsongs,2023-03-08,87,Thinkin' bout you,ShowMinorSavage,https://www.billboard-japan.com/charts/detail?a=dlsongs&year=2023&month=03&day=13
2023,dlsongs,2023-03-08,88,アンチノミー,amazarashi,https://www.billboard-japan.com/charts/detail?a=dlsongs&year=2023&month=03&day=13
2023,dlsongs,2023-03-08,89,No Cap Navy,ShowMinorSavage,https://www.billboard-japan.com/charts/detail?a=dlsongs&year=2023&month=03&day=13
2023,dlsongs,2023-03-08,90,贅沢な匙,Van de Shop,https://www.billboard-japan.com/charts/detail?a=dlsongs&year=2023&month=03&day=13
2023,dlsongs,2023-03-08,91,群青,YOASOBI,https://www.billboard-japan.com/charts/detail?a=dlsongs&year=2023&month=03&day=13
2023,dlsongs,2023-03-08,92,僕らまた,SG,https://www.billboard-japan.com/charts/detail?a=dlsongs&year=2023&month=03&day=13
2023,dlsongs,2023-03-08,92,Walk This Way feat.AKLO,ZORN,https://www.billboard-japan.com/charts/detail?a=dlsongs&year=2023&month=03&day=13
2023,dlsongs,2023-03-08,94,レオ,優里,https://www.billboard-japan.com/charts/detail?a=dlsongs&year=2023&month=03&day=13
2023,dlsongs,2023-03-08,95,Burn My Soul,She is Legend,https://www.billboard-japan.com/charts/detail?a=dlsongs&year=2023&month=03&day=13
2023,dlsongs,2023-03-08,96,Boom Boom Back,BE:FIRST,https://www.billboard-japan.com/charts/detail?a=dlsongs&year=2023&month=03&day=13
2023,dlsongs,2023-03-08,97,倶(とも)に,中島みゆき,https://www.billboard-japan.com/charts/detail?a=dlsongs&year=2023&month=03&day=13
2023,dlsongs,2023-03-08,98,空想フォレスト,森久保乃々(高橋花林),https://www.billboard-japan.com/charts/detail?a=dlsongs&year=2023&month=03&day=13
2023,dlsongs,2023-03-08,99,すずめ (feat. 十明),RADWIMPS,https://www.billboard-japan.com/charts/detail?a=dlsongs&year=2023&month=03&day=13
2023,dlsongs,2023-03-08,100,花の塔,さユり,https://www.billboard-japan.com/charts/detail?a=dlsongs&year=2023&month=03&day=13
2023,dlsongs,2023-03-15,1,Trust・Last,倖田來未 × 湘南乃風,https://www.billboard-japan.com/charts/detail?a=dlsongs&year=2023&month=03&day=20
2023,dlsongs,2023-03-15,2,約束,JIMIN,https://www.billboard-japan.com/charts/detail?a=dlsongs&year=2023&month=03&day=20
2023,dlsongs,2023-03-15,3,Paradise,NiziU,https://www.billboard-japan.com/charts/detail?a=dlsongs&year=2023&month=03&day=20
2023,dlsongs,2023-03-15,4,Christmas Love,JIMIN,https://www.billboard-japan.com/charts/detail?a=dlsongs&year=2023&month=03&day=20
2023,dlsongs,2023-03-15,5,星月夜,由薫,https://www.billboard-japan.com/charts/detail?a=dlsongs&year=2023&month=03&day=20
2023,dlsongs,2023-03-15,6,第ゼロ感,10-FEET,https://www.billboard-japan.com/charts/detail?a=dlsongs&year=2023&month=03&day=20
2023,dlsongs,2023-03-15,7,Subtitle,Official髭男dism,https://www.billboard-japan.com/charts/detail?a=dlsongs&year=2023&month=03&day=20
2023,dlsongs,2023-03-15,8,リンジュー・ラヴ,マカロニえんぴつ,https://www.billboard-japan.com/charts/detail?a=dlsongs&year=2023&month=03&day=20
2023,dlsongs,2023-03-15,9,アルジャーノン,ヨルシカ,https://www.billboard-japan.com/charts/detail?a=dlsongs&year=2023&month=03&day=20
2023,dlsongs,2023-03-15,10,四季彩 -SHIKISAI-,HIPPY,https://www.billboard-japan.com/charts/detail?a=dlsongs&year=2023&month=03&day=20
2023,dlsongs,2023-03-15,11,青い春のエチュード feat.長屋晴子(緑黄色社会),東京スカパラダイスオーケストラ,https://www.billboard-japan.com/charts/detail?a=dlsongs&year=2023&month=03&day=20
2023,dlsongs,2023-03-15,12,3月9日,レミオロメン,https://www.billboard-japan.com/charts/detail?a=dlsongs&year=2023&month=03&day=20
2023,dlsongs,2023-03-15,13,怪獣の花唄,Vaundy,https://www.billboard-japan.com/charts/detail?a=dlsongs&year=2023&month=03&day=20
2023,dlsongs,2023-03-15,14,君に捧げる応援歌,HIPPY,https://www.billboard-japan.com/charts/detail?a=dlsongs&year=2023&month=03&day=20
2023,dlsongs,2023-03-15,15,ホワイトノイズ,Official髭男dism,https://www.billboard-japan.com/charts/detail?a=dlsongs&year=2023&month=03&day=20
2023,dlsongs,2023-03-15,16,KICK BACK,米津玄師,https://www.billboard-japan.com/charts/detail?a=dlsongs&year=2023&month=03&day=20
2023,dlsongs,2023-03-15,17,uni-verse,オーイシマサヨシ,https://www.billboard-japan.com/charts/detail?a=dlsongs&year=2023&month=03&day=20
2023,dlsongs,2023-03-15,18,Our Bright Parade,hololive IDOL PROJECT,https://www.billboard-japan.com/charts/detail?a=dlsongs&year=2023&month=03&day=20
2023,dlsongs,2023-03-15,19,OVERCOME,幸村精市(永井幸子),https://www.billboard-japan.com/charts/detail?a=dlsongs&year=2023&month=03&day=20
2023,dlsongs,2023-03-15,20,ちゅ、多様性。,ano,https://www.billboard-japan.com/charts/detail?a=dlsongs&year=2023&month=03&day=20
2023,dlsongs,2023-03-15,21,新時代 (ウタ from ONE PIECE FILM RED),Ado,https://www.billboard-japan.com/charts/detail?a=dlsongs&year=2023&month=03&day=20
2023,dlsongs,2023-03-15,22,on the street (with J. Cole),J-HOPE,https://www.billboard-japan.com/charts/detail?a=dlsongs&year=2023&month=03&day=20
2023,dlsongs,2023-03-15,23,Ditto,NewJeans,https://www.billboard-japan.com/charts/detail?a=dlsongs&year=2023&month=03&day=20
2023,dlsongs,2023-03-15,24,可愛くてごめん feat. ちゅーたん(早見沙織),HoneyWorks,https://www.billboard-japan.com/charts/detail?a=dlsongs&year=2023&month=03&day=20
2023,dlsongs,2023-03-15,25,ミックスナッツ,Official髭男dism,https://www.billboard-japan.com/charts/detail?a=dlsongs&year=2023&month=03&day=20
2023,dlsongs,2023-03-15,26,祝福,YOASOBI,https://www.billboard-japan.com/charts/detail?a=dlsongs&year=2023&month=03&day=20
2023,dlsongs,2023-03-15,27,"トウキョウ・シャンディ・ランデヴ feat. 花譜, ツミキ",MAISONdes,https://www.billboard-japan.com/charts/detail?a=dlsongs&year=2023&month=03&day=20
2023,dlsongs,2023-03-15,28,正解,RADWIMPS,https://www.billboard-japan.com/charts/detail?a=dlsongs&year=2023&month=03&day=20
2023,dlsongs,2023-03-15,29,アドベンチャー,YOASOBI,https://www.billboard-japan.com/charts/detail?a=dlsongs&year=2023&month=03&day=20
2023,dlsongs,2023-03-15,30,W / X / Y,Tani Yuuki,https://www.billboard-japan.com/charts/detail?a=dlsongs&year=2023&month=03&day=20
2023,dlsongs,2023-03-15,31,Utopia,ZOOL,https://www.billboard-japan.com/charts/detail?a=dlsongs&year=2023&month=03&day=20
2023,dlsongs,2023-03-15,32,春泥棒,ヨルシカ,https://www.billboard-japan.com/charts/detail?a=dlsongs&year=2023&month=03&day=20
2023,dlsongs,2023-03-15,33,ハートオンライン,さくらみこ,https://www.billboard-japan.com/charts/detail?a=dlsongs&year=2023&month=03&day=20
2023,dlsongs,2023-03-15,34,オトナブルー,新しい学校のリーダーズ,https://www.billboard-japan.com/charts/detail?a=dlsongs&year=2023&month=03&day=20
2023,dlsongs,2023-03-15,35,君のまま,百足 & 韻マン,https://www.billboard-japan.com/charts/detail?a=dlsongs&year=2023&month=03&day=20
2023,dlsongs,2023-03-15,36,BE AUTHENTIC,TRIGGER,https://www.billboard-japan.com/charts/detail?a=dlsongs&year=2023&month=03&day=20
2023,dlsongs,2023-03-15,37,escalate,Aimer(エメ),https://www.billboard-japan.com/charts/detail?a=dlsongs&year=2023&month=03&day=20
2023,dlsongs,2023-03-15,38,TOMORROW EViDENCE,IDOLiSH7,https://www.billboard-japan.com/charts/detail?a=dlsongs&year=2023&month=03&day=20
2023,dlsongs,2023-03-15,39,Habit,SEKAI NO OWARI,https://www.billboard-japan.com/charts/detail?a=dlsongs&year=2023&month=03&day=20
2023,dlsongs,2023-03-15,40,Hi Fine FOX!!,白上フブキ,https://www.billboard-japan.com/charts/detail?a=dlsongs&year=2023&month=03&day=20
2023,dlsongs,2023-03-15,41,ダンスホール,Mrs.GREEN APPLE,https://www.billboard-japan.com/charts/detail?a=dlsongs&year=2023&month=03&day=20
2023,dlsongs,2023-03-15,42,私は最強 (ウタ from ONE PIECE FILM RED),Ado,https://www.billboard-japan.com/charts/detail?a=dlsongs&year=2023&month=03&day=20
2023,dlsongs,2023-03-15,43,SET ME FREE,TWICE,https://www.billboard-japan.com/charts/detail?a=dlsongs&year=2023&month=03&day=20
2023,dlsongs,2023-03-15,44,酔いどれ知らず,Kanaria,https://www.billboard-japan.com/charts/detail?a=dlsongs&year=2023&month=03&day=20
2023,dlsongs,2023-03-15,45,crossovers,Aimer(エメ),https://www.billboard-japan.com/charts/detail?a=dlsongs&year=2023&month=03&day=20
2023,dlsongs,2023-03-15,46,Overdose,なとり,https://www.billboard-japan.com/charts/detail?a=dlsongs&year=2023&month=03&day=20
2023,dlsongs,2023-03-15,47,OMG,NewJeans,https://www.billboard-japan.com/charts/detail?a=dlsongs&year=2023&month=03&day=20
2023,dlsongs,2023-03-15,48,YOUR RHAPSODY,Re:vale,https://www.billboard-japan.com/charts/detail?a=dlsongs&year=2023&month=03&day=20
2023,dlsongs,2023-03-15,49,Crow Song (SiL Ver.),She is Legend,https://www.billboard-japan.com/charts/detail?a=dlsongs&year=2023&month=03&day=20
2023,dlsongs,2023-03-15,50,キズナ,"MEZZO""",https://www.billboard-japan.com/charts/detail?a=dlsongs&year=2023&month=03&day=20
2023,dlsongs,2023-03-15,51,CASE 143,Stray Kids,https://www.billboard-japan.com/charts/detail?a=dlsongs&year=2023&month=03&day=20
2023,dlsongs,2023-03-15,52,水平線,back number,https://www.billboard-japan.com/charts/detail?a=dlsongs&year=2023&month=03&day=20
2023,dlsongs,2023-03-15,53,アイラブユー,back number,https://www.billboard-japan.com/charts/detail?a=dlsongs&year=2023&month=03&day=20
2023,dlsongs,2023-03-15,54,451,ヨルシカ,https://www.billboard-japan.com/charts/detail?a=dlsongs&year=2023&month=03&day=20
2023,dlsongs,2023-03-15,55,僕のこと,Mrs.GREEN APPLE,https://www.billboard-japan.com/charts/detail?a=dlsongs&year=2023&month=03&day=20
2023,dlsongs,2023-03-15,56,フォトフレーム,"MEZZO""",https://www.billboard-japan.com/charts/detail?a=dlsongs&year=2023&month=03&day=20
2023,dlsongs,2023-03-15,57,レニー来航!!,高城れにwithサイプレス上野とロベルト吉野(応援団長と旗手長),https://www.billboard-japan.com/charts/detail?a=dlsongs&year=2023&month=03&day=20
2023,dlsongs,2023-03-15,58,三心同体,ヒプノシスマイク-D.R.B- Rule the Stage (F.P VS M.T.C All Cast),https://www.billboard-japan.com/charts/detail?a=dlsongs&year=2023&month=03&day=20
2023,dlsongs,2023-03-15,59,Boom Boom Back,BE:FIRST,https://www.billboard-japan.com/charts/detail?a=dlsongs&year=2023&month=03&day=20
2023,dlsongs,2023-03-15,60,ハルカ,YOASOBI,https://www.billboard-japan.com/charts/detail?a=dlsongs&year=2023&month=03&day=20
2023,dlsongs,2023-03-15,61,残響散歌,Aimer(エメ),https://www.billboard-japan.com/charts/detail?a=dlsongs&year=2023&month=03&day=20
2023,dlsongs,2023-03-15,62,アタシは問題作,Ado,https://www.billboard-japan.com/charts/detail?a=dlsongs&year=2023&month=03&day=20
2023,dlsongs,2023-03-15,63,セパレイト・ウェイズ,ジャーニー,https://www.billboard-japan.com/charts/detail?a=dlsongs&year=2023&month=03&day=20
2023,dlsongs,2023-03-15,64,まぶた,Vaundy,https://www.billboard-japan.com/charts/detail?a=dlsongs&year=2023&month=03&day=20
2023,dlsongs,2023-03-15,65,エジソン,水曜日のカンパネラ,https://www.billboard-japan.com/charts/detail?a=dlsongs&year=2023&month=03&day=20
2023,dlsongs,2023-03-15,66,MOONLIGHT SUNRISE,TWICE,https://www.billboard-japan.com/charts/detail?a=dlsongs&year=2023&month=03&day=20
2023,dlsongs,2023-03-15,67,CHILI CHOCOLATE,MOON CHILD,https://www.billboard-japan.com/charts/detail?a=dlsongs&year=2023&month=03&day=20
2023,dlsongs,2023-03-15,68,永遠のブルー,羊文学,https://www.billboard-japan.com/charts/detail?a=dlsongs&year=2023&month=03&day=20
2023,dlsongs,2023-03-15,69,Orange Days,平井大,https://www.billboard-japan.com/charts/detail?a=dlsongs&year=2023&month=03&day=20
2023,dlsongs,2023-03-15,70,拝啓、少年よ,Hump Back,https://www.billboard-japan.com/charts/detail?a=dlsongs&year=2023&month=03&day=20
2023,dlsongs,2023-03-15,71,風のゆくえ (ウタ from ONE PIECE FILM RED),Ado,https://www.billboard-japan.com/charts/detail?a=dlsongs&year=2023&month=03&day=20
2023,dlsongs,2023-03-15,72,スターマイン,Da-iCE,https://www.billboard-japan.com/charts/detail?a=dlsongs&year=2023&month=03&day=20
2023,dlsongs,2023-03-15,73,閃光,[Alexandros],https://www.billboard-japan.com/charts/detail?a=dlsongs&year=2023&month=03&day=20
2023,dlsongs,2023-03-15,74,命にふさわしい,Aimer(エメ),https://www.billboard-japan.com/charts/detail?a=dlsongs&year=2023&month=03&day=20
2023,dlsongs,2023-03-15,75,かくれんぼ,AliA,https://www.billboard-japan.com/charts/detail?a=dlsongs&year=2023&month=03&day=20
2023,dlsongs,2023-03-15,76,アイデン貞貞メルトダウン,えなこ feat.P丸様。,https://www.billboard-japan.com/charts/detail?a=dlsongs&year=2023&month=03&day=20
2023,dlsongs,2023-03-15,77,ベテルギウス,優里,https://www.billboard-japan.com/charts/detail?a=dlsongs&year=2023&month=03&day=20
2023,dlsongs,2023-03-15,78,贅沢な匙,Van de Shop,https://www.billboard-japan.com/charts/detail?a=dlsongs&year=2023&month=03&day=20
2023,dlsongs,2023-03-15,79,Paradise -Instrumental-,NiziU,https://www.billboard-japan.com/charts/detail?a=dlsongs&year=2023&month=03&day=20
2023,dlsongs,2023-03-15,80,UNDER THE TREE,SiM,https://www.billboard-japan.com/charts/detail?a=dlsongs&year=2023&month=03&day=20
2023,dlsongs,2023-03-15,81,Change my future,倖田來未,https://www.billboard-japan.com/charts/detail?a=dlsongs&year=2023&month=03&day=20
2023,dlsongs,2023-03-15,82,ONE BITE,MOON CHILD,https://www.billboard-japan.com/charts/detail?a=dlsongs&year=2023&month=03&day=20
2023,dlsongs,2023-03-15,83,逆光 (ウタ from ONE PIECE FILM RED),Ado,https://www.billboard-japan.com/charts/detail?a=dlsongs&year=2023&month=03&day=20
2023,dlsongs,2023-03-15,84,ぼくらの,Eve,https://www.billboard-japan.com/charts/detail?a=dlsongs&year=2023&month=03&day=20
2023,dlsongs,2023-03-15,85,アイワナムチュー feat.asmi & すりぃ,MAISONdes,https://www.billboard-japan.com/charts/detail?a=dlsongs&year=2023&month=03&day=20
2023,dlsongs,2023-03-15,86,ビリミリオン,優里,https://www.billboard-japan.com/charts/detail?a=dlsongs&year=2023&month=03&day=20
2023,dlsongs,2023-03-15,87,私は最強,Mrs.GREEN APPLE,https://www.billboard-japan.com/charts/detail?a=dlsongs&year=2023&month=03&day=20
2023,dlsongs,2023-03-15,88,Toward Pole Star,High×Joker,https://www.billboard-japan.com/charts/detail?a=dlsongs&year=2023&month=03&day=20
2023,dlsongs,2023-03-15,89,Lonely,MOON CHILD,https://www.billboard-japan.com/charts/detail?a=dlsongs&year=2023&month=03&day=20
2023,dlsongs,2023-03-15,90,世界が終るまでは…,WANDS,https://www.billboard-japan.com/charts/detail?a=dlsongs&year=2023&month=03&day=20
2023,dlsongs,2023-03-15,91,ギフト,オーイシマサヨシ,https://www.billboard-japan.com/charts/detail?a=dlsongs&year=2023&month=03&day=20
2023,dlsongs,2023-03-15,92,SOUVENIR,BUMP OF CHICKEN,https://www.billboard-japan.com/charts/detail?a=dlsongs&year=2023&month=03&day=20
2023,dlsongs,2023-03-15,92,アンチノミー,amazarashi,https://www.billboard-japan.com/charts/detail?a=dlsongs&year=2023&month=03&day=20
2023,dlsongs,2023-03-15,94,沈丁花,DISH//,https://www.billboard-japan.com/charts/detail?a=dlsongs&year=2023&month=03&day=20
2023,dlsongs,2023-03-15,95,Soranji,Mrs.GREEN APPLE,https://www.billboard-japan.com/charts/detail?a=dlsongs&year=2023&month=03&day=20
2023,dlsongs,2023-03-15,96,LOVE ROCKETS,The Birthday,https://www.billboard-japan.com/charts/detail?a=dlsongs&year=2023&month=03&day=20
2023,dlsongs,2023-03-15,97,僕らまた,SG,https://www.billboard-japan.com/charts/detail?a=dlsongs&year=2023&month=03&day=20
2023,dlsongs,2023-03-15,97,アルカンシェル,花たん,https://www.billboard-japan.com/charts/detail?a=dlsongs&year=2023&month=03&day=20
2023,dlsongs,2023-03-15,99,Judgement,ASH DA HERO,https://www.billboard-japan.com/charts/detail?a=dlsongs&year=2023&month=03&day=20
2023,dlsongs,2023-03-15,100,虹,福山雅治,https://www.billboard-japan.com/charts/detail?a=dlsongs&year=2023&month=03&day=20
2023,dlsongs,2023-03-22,1,Set Me Free Pt.2,JIMIN,https://www.billboard-japan.com/charts/detail?a=dlsongs&year=2023&month=03&day=27
2023,dlsongs,2023-03-22,2,星月夜,由薫,https://www.billboard-japan.com/charts/detail?a=dlsongs&year=2023&month=03&day=27
2023,dlsongs,2023-03-22,3,第ゼロ感,10-FEET,https://www.billboard-japan.com/charts/detail?a=dlsongs&year=2023&month=03&day=27
2023,dlsongs,2023-03-22,4,リンジュー・ラヴ,マカロニえんぴつ,https://www.billboard-japan.com/charts/detail?a=dlsongs&year=2023&month=03&day=27
2023,dlsongs,2023-03-22,5,Subtitle,Official髭男dism,https://www.billboard-japan.com/charts/detail?a=dlsongs&year=2023&month=03&day=27
2023,dlsongs,2023-03-22,6,アルジャーノン,ヨルシカ,https://www.billboard-japan.com/charts/detail?a=dlsongs&year=2023&month=03&day=27
2023,dlsongs,2023-03-22,7,Paradise,NiziU,https://www.billboard-japan.com/charts/detail?a=dlsongs&year=2023&month=03&day=27
2023,dlsongs,2023-03-22,8,シガチョコ,She is Legend,https://www.billboard-japan.com/charts/detail?a=dlsongs&year=2023&month=03&day=27
2023,dlsongs,2023-03-22,9,青い春のエチュード feat.長屋晴子(緑黄色社会),東京スカパラダイスオーケストラ,https://www.billboard-japan.com/charts/detail?a=dlsongs&year=2023&month=03&day=27
2023,dlsongs,2023-03-22,10,アドベンチャー,YOASOBI,https://www.billboard-japan.com/charts/detail?a=dlsongs&year=2023&month=03&day=27
2023,dlsongs,2023-03-22,11,怪獣の花唄,Vaundy,https://www.billboard-japan.com/charts/detail?a=dlsongs&year=2023&month=03&day=27
2023,dlsongs,2023-03-22,12,Trust・Last,倖田來未 × 湘南乃風,https://www.billboard-japan.com/charts/detail?a=dlsongs&year=2023&month=03&day=27
2023,dlsongs,2023-03-22,13,四季彩 -SHIKISAI-,HIPPY,https://www.billboard-japan.com/charts/detail?a=dlsongs&year=2023&month=03&day=27
2023,dlsongs,2023-03-22,14,ホワイトノイズ,Official髭男dism,https://www.billboard-japan.com/charts/detail?a=dlsongs&year=2023&month=03&day=27
2023,dlsongs,2023-03-22,15,パラダイム・リバーシ!,Puffy☆Bunny,https://www.billboard-japan.com/charts/detail?a=dlsongs&year=2023&month=03&day=27
2023,dlsongs,2023-03-22,16,新時代 (ウタ from ONE PIECE FILM RED),Ado,https://www.billboard-japan.com/charts/detail?a=dlsongs&year=2023&month=03&day=27
2023,dlsongs,2023-03-22,17,KICK BACK,米津玄師,https://www.billboard-japan.com/charts/detail?a=dlsongs&year=2023&month=03&day=27
2023,dlsongs,2023-03-22,18,Smoke Sprite (feat. RM of BTS),So!YoON!,https://www.billboard-japan.com/charts/detail?a=dlsongs&year=2023&month=03&day=27
2023,dlsongs,2023-03-22,19,史上最大のQUESTION!,博衣こより,https://www.billboard-japan.com/charts/detail?a=dlsongs&year=2023&month=03&day=27
2023,dlsongs,2023-03-22,20,オトナブルー,新しい学校のリーダーズ,https://www.billboard-japan.com/charts/detail?a=dlsongs&year=2023&month=03&day=27
2023,dlsongs,2023-03-22,21,SET ME FREE,TWICE,https://www.billboard-japan.com/charts/detail?a=dlsongs&year=2023&month=03&day=27
2023,dlsongs,2023-03-22,22,そんなbitterな話,Vaundy,https://www.billboard-japan.com/charts/detail?a=dlsongs&year=2023&month=03&day=27
2023,dlsongs,2023-03-22,23,ちゅ、多様性。,ano,https://www.billboard-japan.com/charts/detail?a=dlsongs&year=2023&month=03&day=27
2023,dlsongs,2023-03-22,24,precious love,315 STARS,https://www.billboard-japan.com/charts/detail?a=dlsongs&year=2023&month=03&day=27
2023,dlsongs,2023-03-22,25,可愛くてごめん feat. ちゅーたん(早見沙織),HoneyWorks,https://www.billboard-japan.com/charts/detail?a=dlsongs&year=2023&month=03&day=27
2023,dlsongs,2023-03-22,26,3月9日,レミオロメン,https://www.billboard-japan.com/charts/detail?a=dlsongs&year=2023&month=03&day=27
2023,dlsongs,2023-03-22,27,君に捧げる応援歌,HIPPY,https://www.billboard-japan.com/charts/detail?a=dlsongs&year=2023&month=03&day=27
2023,dlsongs,2023-03-22,28,祝福,YOASOBI,https://www.billboard-japan.com/charts/detail?a=dlsongs&year=2023&month=03&day=27
2023,dlsongs,2023-03-22,29,Overdose,なとり,https://www.billboard-japan.com/charts/detail?a=dlsongs&year=2023&month=03&day=27
2023,dlsongs,2023-03-22,29,私は最強 (ウタ from ONE PIECE FILM RED),Ado,https://www.billboard-japan.com/charts/detail?a=dlsongs&year=2023&month=03&day=27
2023,dlsongs,2023-03-22,31,エゴイスティック・シーソー,博衣こより,https://www.billboard-japan.com/charts/detail?a=dlsongs&year=2023&month=03&day=27
2023,dlsongs,2023-03-22,32,アイラブユー,back number,https://www.billboard-japan.com/charts/detail?a=dlsongs&year=2023&month=03&day=27
2023,dlsongs,2023-03-22,33,春泥棒,ヨルシカ,https://www.billboard-japan.com/charts/detail?a=dlsongs&year=2023&month=03&day=27
2023,dlsongs,2023-03-22,34,Line of sight,SCANDAL,https://www.billboard-japan.com/charts/detail?a=dlsongs&year=2023&month=03&day=27
2023,dlsongs,2023-03-22,35,ダンスホール,Mrs.GREEN APPLE,https://www.billboard-japan.com/charts/detail?a=dlsongs&year=2023&month=03&day=27
2023,dlsongs,2023-03-22,36,ミックスナッツ,Official髭男dism,https://www.billboard-japan.com/charts/detail?a=dlsongs&year=2023&month=03&day=27
2023,dlsongs,2023-03-22,37,"トウキョウ・シャンディ・ランデヴ feat. 花譜, ツミキ",MAISONdes,https://www.billboard-japan.com/charts/detail?a=dlsongs&year=2023&month=03&day=27
2023,dlsongs,2023-03-22,38,酔いどれ知らず,Kanaria,https://www.billboard-japan.com/charts/detail?a=dlsongs&year=2023&month=03&day=27
2023,dlsongs,2023-03-22,39,Our Bright Parade,hololive IDOL PROJECT,https://www.billboard-japan.com/charts/detail?a=dlsongs&year=2023&month=03&day=27
2023,dlsongs,2023-03-22,40,Answer,幾田りら,https://www.billboard-japan.com/charts/detail?a=dlsongs&year=2023&month=03&day=27
2023,dlsongs,2023-03-22,41,Habit,SEKAI NO OWARI,https://www.billboard-japan.com/charts/detail?a=dlsongs&year=2023&month=03&day=27
2023,dlsongs,2023-03-22,42,水平線,back number,https://www.billboard-japan.com/charts/detail?a=dlsongs&year=2023&month=03&day=27
2023,dlsongs,2023-03-22,43,RISE,NEMOPHILA,https://www.billboard-japan.com/charts/detail?a=dlsongs&year=2023&month=03&day=27
2023,dlsongs,2023-03-22,44,正解,RADWIMPS,https://www.billboard-japan.com/charts/detail?a=dlsongs&year=2023&month=03&day=27
2023,dlsongs,2023-03-22,45,W / X / Y,Tani Yuuki,https://www.billboard-japan.com/charts/detail?a=dlsongs&year=2023&month=03&day=27
2023,dlsongs,2023-03-22,46,拝啓、少年よ,Hump Back,https://www.billboard-japan.com/charts/detail?a=dlsongs&year=2023&month=03&day=27
2023,dlsongs,2023-03-22,47,Cheers,Tani Yuuki,https://www.billboard-japan.com/charts/detail?a=dlsongs&year=2023&month=03&day=27
2023,dlsongs,2023-03-22,48,ハルカ,YOASOBI,https://www.billboard-japan.com/charts/detail?a=dlsongs&year=2023&month=03&day=27
2023,dlsongs,2023-03-22,49,escalate,Aimer(エメ),https://www.billboard-japan.com/charts/detail?a=dlsongs&year=2023&month=03&day=27
2023,dlsongs,2023-03-22,50,僕のこと,Mrs.GREEN APPLE,https://www.billboard-japan.com/charts/detail?a=dlsongs&year=2023&month=03&day=27
2023,dlsongs,2023-03-22,51,Ditto,NewJeans,https://www.billboard-japan.com/charts/detail?a=dlsongs&year=2023&month=03&day=27
2023,dlsongs,2023-03-22,52,君のまま,百足 & 韻マン,https://www.billboard-japan.com/charts/detail?a=dlsongs&year=2023&month=03&day=27
2023,dlsongs,2023-03-22,53,Funky Jumping,Da-iCE,https://www.billboard-japan.com/charts/detail?a=dlsongs&year=2023&month=03&day=27
2023,dlsongs,2023-03-22,54,OMG,NewJeans,https://www.billboard-japan.com/charts/detail?a=dlsongs&year=2023&month=03&day=27
2023,dlsongs,2023-03-22,55,残響散歌,Aimer(エメ),https://www.billboard-japan.com/charts/detail?a=dlsongs&year=2023&month=03&day=27
2023,dlsongs,2023-03-22,56,まぶた,Vaundy,https://www.billboard-japan.com/charts/detail?a=dlsongs&year=2023&month=03&day=27
2023,dlsongs,2023-03-22,57,瞳のランデヴー,フジファブリック×フレデリック,https://www.billboard-japan.com/charts/detail?a=dlsongs&year=2023&month=03&day=27
2023,dlsongs,2023-03-22,58,uni-verse,オーイシマサヨシ,https://www.billboard-japan.com/charts/detail?a=dlsongs&year=2023&month=03&day=27
2023,dlsongs,2023-03-22,59,ビリミリオン,優里,https://www.billboard-japan.com/charts/detail?a=dlsongs&year=2023&month=03&day=27
2023,dlsongs,2023-03-22,60,Boom Boom Back,BE:FIRST,https://www.billboard-japan.com/charts/detail?a=dlsongs&year=2023&month=03&day=27
2023,dlsongs,2023-03-22,61,CASE 143,Stray Kids,https://www.billboard-japan.com/charts/detail?a=dlsongs&year=2023&month=03&day=27
2023,dlsongs,2023-03-22,62,僕らまた,SG,https://www.billboard-japan.com/charts/detail?a=dlsongs&year=2023&month=03&day=27
2023,dlsongs,2023-03-22,63,ベテルギウス,優里,https://www.billboard-japan.com/charts/detail?a=dlsongs&year=2023&month=03&day=27
2023,dlsongs,2023-03-22,64,あかときリロード,aiko,https://www.billboard-japan.com/charts/detail?a=dlsongs&year=2023&month=03&day=27
2023,dlsongs,2023-03-22,65,Crow Song (SiL Ver.),She is Legend,https://www.billboard-japan.com/charts/detail?a=dlsongs&year=2023&month=03&day=27
2023,dlsongs,2023-03-22,66,アタシは問題作,Ado,https://www.billboard-japan.com/charts/detail?a=dlsongs&year=2023&month=03&day=27
2023,dlsongs,2023-03-22,67,群青,YOASOBI,https://www.billboard-japan.com/charts/detail?a=dlsongs&year=2023&month=03&day=27
2023,dlsongs,2023-03-22,68,風のゆくえ (ウタ from ONE PIECE FILM RED),Ado,https://www.billboard-japan.com/charts/detail?a=dlsongs&year=2023&month=03&day=27
2023,dlsongs,2023-03-22,69,閃光,[Alexandros],https://www.billboard-japan.com/charts/detail?a=dlsongs&year=2023&month=03&day=27
2023,dlsongs,2023-03-22,70,スターマイン,Da-iCE,https://www.billboard-japan.com/charts/detail?a=dlsongs&year=2023&month=03&day=27
2023,dlsongs,2023-03-22,71,W.O.L.F. (Win Or Lose Fight),&TEAM,https://www.billboard-japan.com/charts/detail?a=dlsongs&year=2023&month=03&day=27
2023,dlsongs,2023-03-22,72,プラネタリウム,星街すいせい,https://www.billboard-japan.com/charts/detail?a=dlsongs&year=2023&month=03&day=27
2023,dlsongs,2023-03-22,73,逆光 (ウタ from ONE PIECE FILM RED),Ado,https://www.billboard-japan.com/charts/detail?a=dlsongs&year=2023&month=03&day=27
2023,dlsongs,2023-03-22,74,アイデン貞貞メルトダウン,えなこ feat.P丸様。,https://www.billboard-japan.com/charts/detail?a=dlsongs&year=2023&month=03&day=27
2023,dlsongs,2023-03-22,75,贅沢な匙,Van de Shop,https://www.billboard-japan.com/charts/detail?a=dlsongs&year=2023&month=03&day=27
2023,dlsongs,2023-03-22,76,アイワナムチュー feat.asmi & すりぃ,MAISONdes,https://www.billboard-japan.com/charts/detail?a=dlsongs&year=2023&month=03&day=27
2023,dlsongs,2023-03-22,77,約束,JIMIN,https://www.billboard-japan.com/charts/detail?a=dlsongs&year=2023&month=03&day=27
2023,dlsongs,2023-03-22,78,エジソン,水曜日のカンパネラ,https://www.billboard-japan.com/charts/detail?a=dlsongs&year=2023&month=03&day=27
2023,dlsongs,2023-03-22,79,Mela!,緑黄色社会,https://www.billboard-japan.com/charts/detail?a=dlsongs&year=2023&month=03&day=27
2023,dlsongs,2023-03-22,80,夏ノ雪,岡部啓一,https://www.billboard-japan.com/charts/detail?a=dlsongs&year=2023&month=03&day=27
2023,dlsongs,2023-03-22,81,Bet On Me,JUJU,https://www.billboard-japan.com/charts/detail?a=dlsongs&year=2023&month=03&day=27
2023,dlsongs,2023-03-22,82,私は最強,Mrs.GREEN APPLE,https://www.billboard-japan.com/charts/detail?a=dlsongs&year=2023&month=03&day=27
2023,dlsongs,2023-03-22,83,ぼくらの,Eve,https://www.billboard-japan.com/charts/detail?a=dlsongs&year=2023&month=03&day=27
2023,dlsongs,2023-03-22,84,Ghost Town,レオタードブタとヤギ・ハイレグ,https://www.billboard-japan.com/charts/detail?a=dlsongs&year=2023&month=03&day=27
2023,dlsongs,2023-03-22,85,虹,福山雅治,https://www.billboard-japan.com/charts/detail?a=dlsongs&year=2023&month=03&day=27
2023,dlsongs,2023-03-22,86,I do! Do you?,Kep1er,https://www.billboard-japan.com/charts/detail?a=dlsongs&year=2023&month=03&day=27
2023,dlsongs,2023-03-22,87,アスノヨゾラ哨戒班,ゆある,https://www.billboard-japan.com/charts/detail?a=dlsongs&year=2023&month=03&day=27
2023,dlsongs,2023-03-22,88,on the street (with J. Cole),J-HOPE,https://www.billboard-japan.com/charts/detail?a=dlsongs&year=2023&month=03&day=27
2023,dlsongs,2023-03-22,89,BUTA,赤井はあと,https://www.billboard-japan.com/charts/detail?a=dlsongs&year=2023&month=03&day=27
2023,dlsongs,2023-03-22,89,かくれんぼ,AliA,https://www.billboard-japan.com/charts/detail?a=dlsongs&year=2023&month=03&day=27
2023,dlsongs,2023-03-22,91,SOUVENIR,BUMP OF CHICKEN,https://www.billboard-japan.com/charts/detail?a=dlsongs&year=2023&month=03&day=27
2023,dlsongs,2023-03-22,92,story,前島麻由,https://www.billboard-japan.com/charts/detail?a=dlsongs&year=2023&month=03&day=27
2023,dlsongs,2023-03-22,93,WONDER LOVER,Little Glee Monster,https://www.billboard-japan.com/charts/detail?a=dlsongs&year=2023&month=03&day=27
2023,dlsongs,2023-03-22,94,嫌嫌,Novelbright,https://www.billboard-japan.com/charts/detail?a=dlsongs&year=2023&month=03&day=27
2023,dlsongs,2023-03-22,95,Judgement,ASH DA HERO,https://www.billboard-japan.com/charts/detail?a=dlsongs&year=2023&month=03&day=27
2023,dlsongs,2023-03-22,95,Soranji,Mrs.GREEN APPLE,https://www.billboard-japan.com/charts/detail?a=dlsongs&year=2023&month=03&day=27
2023,dlsongs,2023-03-22,97,"Hello,Again〜昔からある場所〜",My Little Lover,https://www.billboard-japan.com/charts/detail?a=dlsongs&year=2023&month=03&day=27
2023,dlsongs,2023-03-22,98,Tot Musica (ウタ from ONE PIECE FILM RED),Ado,https://www.billboard-japan.com/charts/detail?a=dlsongs&year=2023&month=03&day=27
2023,dlsongs,2023-03-22,99,カメレオン,King Gnu,https://www.billboard-japan.com/charts/detail?a=dlsongs&year=2023&month=03&day=27
2023,dlsongs,2023-03-22,100,旅立ちの日に…,川嶋あい,https://www.billboard-japan.com/charts/detail?a=dlsongs&year=2023&month=03&day=27
2023,dlsongs,2023-03-29,1,LADY,米津玄師,https://www.billboard-japan.com/charts/detail?a=dlsongs&year=2023&month=04&day=03
2023,dlsongs,2023-03-29,2,人は夢を二度見る,乃木坂46,https://www.billboard-japan.com/charts/detail?a=dlsongs&year=2023&month=04&day=03
2023,dlsongs,2023-03-29,3,Like Crazy,JIMIN,https://www.billboard-japan.com/charts/detail?a=dlsongs&year=2023&month=04&day=03
2023,dlsongs,2023-03-29,4,アルジャーノン,ヨルシカ,https://www.billboard-japan.com/charts/detail?a=dlsongs&year=2023&month=04&day=03
2023,dlsongs,2023-03-29,5,第ゼロ感,10-FEET,https://www.billboard-japan.com/charts/detail?a=dlsongs&year=2023&month=04&day=03
2023,dlsongs,2023-03-29,6,Have you been naughty or nice?,Flambe!,https://www.billboard-japan.com/charts/detail?a=dlsongs&year=2023&month=04&day=03
2023,dlsongs,2023-03-29,7,Subtitle,Official髭男dism,https://www.billboard-japan.com/charts/detail?a=dlsongs&year=2023&month=04&day=03
2023,dlsongs,2023-03-29,8,ひろがるスカイ!プリキュア 〜Hero Girls〜,石井あみ,https://www.billboard-japan.com/charts/detail?a=dlsongs&year=2023&month=04&day=03
2023,dlsongs,2023-03-29,9,星月夜,由薫,https://www.billboard-japan.com/charts/detail?a=dlsongs&year=2023&month=04&day=03
2023,dlsongs,2023-03-29,10,uni-verse,オーイシマサヨシ,https://www.billboard-japan.com/charts/detail?a=dlsongs&year=2023&month=04&day=03
2023,dlsongs,2023-03-29,11,そんなbitterな話,Vaundy,https://www.billboard-japan.com/charts/detail?a=dlsongs&year=2023&month=04&day=03
2023,dlsongs,2023-03-29,12,夜に駆ける,ALKALOID & Double Face,https://www.billboard-japan.com/charts/detail?a=dlsongs&year=2023&month=04&day=03
2023,dlsongs,2023-03-29,13,Paradise,NiziU,https://www.billboard-japan.com/charts/detail?a=dlsongs&year=2023&month=04&day=03
2023,dlsongs,2023-03-29,14,リンジュー・ラヴ,マカロニえんぴつ,https://www.billboard-japan.com/charts/detail?a=dlsongs&year=2023&month=04&day=03
2023,dlsongs,2023-03-29,15,Set Me Free Pt.2,JIMIN,https://www.billboard-japan.com/charts/detail?a=dlsongs&year=2023&month=04&day=03
2023,dlsongs,2023-03-29,16,春泥棒,ヨルシカ,https://www.billboard-japan.com/charts/detail?a=dlsongs&year=2023&month=04&day=03
2023,dlsongs,2023-03-29,17,オトナブルー,新しい学校のリーダーズ,https://www.billboard-japan.com/charts/detail?a=dlsongs&year=2023&month=04&day=03
2023,dlsongs,2023-03-29,18,White Rabbit,緑黄色社会,https://www.billboard-japan.com/charts/detail?a=dlsongs&year=2023&month=04&day=03
2023,dlsongs,2023-03-29,19,怪獣の花唄,Vaundy,https://www.billboard-japan.com/charts/detail?a=dlsongs&year=2023&month=04&day=03
2023,dlsongs,2023-03-29,20,ヒロガリズム,石井あみ & 吉武千颯,https://www.billboard-japan.com/charts/detail?a=dlsongs&year=2023&month=04&day=03
2023,dlsongs,2023-03-29,21,INTERNET YAMERO,Aiobahn feat. KOTOKO,https://www.billboard-japan.com/charts/detail?a=dlsongs&year=2023&month=04&day=03
2023,dlsongs,2023-03-29,22,なんでもないよ、,マカロニえんぴつ,https://www.billboard-japan.com/charts/detail?a=dlsongs&year=2023&month=04&day=03
2023,dlsongs,2023-03-29,23,KICK BACK,米津玄師,https://www.billboard-japan.com/charts/detail?a=dlsongs&year=2023&month=04&day=03
2023,dlsongs,2023-03-29,24,日常,玉井詩織,https://www.billboard-japan.com/charts/detail?a=dlsongs&year=2023&month=04&day=03
2023,dlsongs,2023-03-29,25,セパレイト・ウェイズ,ジャーニー,https://www.billboard-japan.com/charts/detail?a=dlsongs&year=2023&month=04&day=03
2023,dlsongs,2023-03-29,26,アドベンチャー,YOASOBI,https://www.billboard-japan.com/charts/detail?a=dlsongs&year=2023&month=04&day=03
2023,dlsongs,2023-03-29,27,運命,Tani Yuuki,https://www.billboard-japan.com/charts/detail?a=dlsongs&year=2023&month=04&day=03
2023,dlsongs,2023-03-29,28,ホワイトノイズ,Official髭男dism,https://www.billboard-japan.com/charts/detail?a=dlsongs&year=2023&month=04&day=03
2023,dlsongs,2023-03-29,29,Crossing!,765 MILLION ALLSTARS,https://www.billboard-japan.com/charts/detail?a=dlsongs&year=2023&month=04&day=03
2023,dlsongs,2023-03-29,30,四季彩 -SHIKISAI-,HIPPY,https://www.billboard-japan.com/charts/detail?a=dlsongs&year=2023&month=04&day=03
2023,dlsongs,2023-03-29,31,新時代 (ウタ from ONE PIECE FILM RED),Ado,https://www.billboard-japan.com/charts/detail?a=dlsongs&year=2023&month=04&day=03
2023,dlsongs,2023-03-29,32,ちゅ、多様性。,ano,https://www.billboard-japan.com/charts/detail?a=dlsongs&year=2023&month=04&day=03
2023,dlsongs,2023-03-29,33,Like Crazy (Deep House Remix),JIMIN,https://www.billboard-japan.com/charts/detail?a=dlsongs&year=2023&month=04&day=03
2023,dlsongs,2023-03-29,34,回春 feat.満島ひかり,女王蜂,https://www.billboard-japan.com/charts/detail?a=dlsongs&year=2023&month=04&day=03
2023,dlsongs,2023-03-29,35,針音,叶,https://www.billboard-japan.com/charts/detail?a=dlsongs&year=2023&month=04&day=03
2023,dlsongs,2023-03-29,36,可愛くてごめん feat. ちゅーたん(早見沙織),HoneyWorks,https://www.billboard-japan.com/charts/detail?a=dlsongs&year=2023&month=04&day=03
2023,dlsongs,2023-03-29,37,WWW,HIMEHINA,https://www.billboard-japan.com/charts/detail?a=dlsongs&year=2023&month=04&day=03
2023,dlsongs,2023-03-29,38,INSPIRATION,ONEW(SHINee),https://www.billboard-japan.com/charts/detail?a=dlsongs&year=2023&month=04&day=03
2023,dlsongs,2023-03-29,39,パラダイム・リバーシ!,Puffy☆Bunny,https://www.billboard-japan.com/charts/detail?a=dlsongs&year=2023&month=04&day=03
2023,dlsongs,2023-03-29,40,Heart aid Cafeteria,BLEND+,https://www.billboard-japan.com/charts/detail?a=dlsongs&year=2023&month=04&day=03
2023,dlsongs,2023-03-29,41,W / X / Y,Tani Yuuki,https://www.billboard-japan.com/charts/detail?a=dlsongs&year=2023&month=04&day=03
2023,dlsongs,2023-03-29,42,Face-off,JIMIN,https://www.billboard-japan.com/charts/detail?a=dlsongs&year=2023&month=04&day=03
2023,dlsongs,2023-03-29,43,アイラブユー,back number,https://www.billboard-japan.com/charts/detail?a=dlsongs&year=2023&month=04&day=03
2023,dlsongs,2023-03-29,44,Knock On My Door,ONEW(SHINee),https://www.billboard-japan.com/charts/detail?a=dlsongs&year=2023&month=04&day=03
2023,dlsongs,2023-03-29,45,Magnificent Life,Zhang Zhehan,https://www.billboard-japan.com/charts/detail?a=dlsongs&year=2023&month=04&day=03
2023,dlsongs,2023-03-29,46,まぶた,Vaundy,https://www.billboard-japan.com/charts/detail?a=dlsongs&year=2023&month=04&day=03
2023,dlsongs,2023-03-29,47,Like Crazy (UK Garage Remix),JIMIN,https://www.billboard-japan.com/charts/detail?a=dlsongs&year=2023&month=04&day=03
2023,dlsongs,2023-03-29,48,祝福,YOASOBI,https://www.billboard-japan.com/charts/detail?a=dlsongs&year=2023&month=04&day=03
2023,dlsongs,2023-03-29,49,ダンスホール,Mrs.GREEN APPLE,https://www.billboard-japan.com/charts/detail?a=dlsongs&year=2023&month=04&day=03
2023,dlsongs,2023-03-29,50,Alone,JIMIN,https://www.billboard-japan.com/charts/detail?a=dlsongs&year=2023&month=04&day=03
2023,dlsongs,2023-03-29,51,ミックスナッツ,Official髭男dism,https://www.billboard-japan.com/charts/detail?a=dlsongs&year=2023&month=04&day=03
2023,dlsongs,2023-03-29,52,Our Bright Parade,hololive IDOL PROJECT,https://www.billboard-japan.com/charts/detail?a=dlsongs&year=2023&month=04&day=03
2023,dlsongs,2023-03-29,53,どうしても君が好きだ,AKB48,https://www.billboard-japan.com/charts/detail?a=dlsongs&year=2023&month=04&day=03
2023,dlsongs,2023-03-29,54,Interlude : Dive,JIMIN,https://www.billboard-japan.com/charts/detail?a=dlsongs&year=2023&month=04&day=03
2023,dlsongs,2023-03-29,55,私は最強 (ウタ from ONE PIECE FILM RED),Ado,https://www.billboard-japan.com/charts/detail?a=dlsongs&year=2023&month=04&day=03
2023,dlsongs,2023-03-29,56,"トウキョウ・シャンディ・ランデヴ feat. 花譜, ツミキ",MAISONdes,https://www.billboard-japan.com/charts/detail?a=dlsongs&year=2023&month=04&day=03
2023,dlsongs,2023-03-29,57,Trust・Last,倖田來未 × 湘南乃風,https://www.billboard-japan.com/charts/detail?a=dlsongs&year=2023&month=04&day=03
2023,dlsongs,2023-03-29,58,水平線,back number,https://www.billboard-japan.com/charts/detail?a=dlsongs&year=2023&month=04&day=03
2023,dlsongs,2023-03-29,59,ミライコンパス,"望月聖(原涼子),佐久間まゆ(牧野由依),緒方智絵里(大空直美),依田芳乃(高田憂希),高森藍子(金子有希)",https://www.billboard-japan.com/charts/detail?a=dlsongs&year=2023&month=04&day=03
2023,dlsongs,2023-03-29,60,酔いどれ知らず,Kanaria,https://www.billboard-japan.com/charts/detail?a=dlsongs&year=2023&month=04&day=03
2023,dlsongs,2023-03-29,61,Habit,SEKAI NO OWARI,https://www.billboard-japan.com/charts/detail?a=dlsongs&year=2023&month=04&day=03
2023,dlsongs,2023-03-29,62,SET ME FREE,TWICE,https://www.billboard-japan.com/charts/detail?a=dlsongs&year=2023&month=04&day=03
2023,dlsongs,2023-03-29,63,青い春のエチュード feat.長屋晴子(緑黄色社会),東京スカパラダイスオーケストラ,https://www.billboard-japan.com/charts/detail?a=dlsongs&year=2023&month=04&day=03
2023,dlsongs,2023-03-29,64,Overdose,なとり,https://www.billboard-japan.com/charts/detail?a=dlsongs&year=2023&month=04&day=03
2023,dlsongs,2023-03-29,65,心にもないこと,乃木坂46,https://www.billboard-japan.com/charts/detail?a=dlsongs&year=2023&month=04&day=03
2023,dlsongs,2023-03-29,66,シガチョコ,She is Legend,https://www.billboard-japan.com/charts/detail?a=dlsongs&year=2023&month=04&day=03
2023,dlsongs,2023-03-29,67,ぼくらの,Eve,https://www.billboard-japan.com/charts/detail?a=dlsongs&year=2023&month=04&day=03
2023,dlsongs,2023-03-29,68,W.O.L.F. (Win Or Lose Fight),&TEAM,https://www.billboard-japan.com/charts/detail?a=dlsongs&year=2023&month=04&day=03
2023,dlsongs,2023-03-29,69,拝啓、少年よ,Hump Back,https://www.billboard-japan.com/charts/detail?a=dlsongs&year=2023&month=04&day=03
2023,dlsongs,2023-03-29,70,君に捧げる応援歌,HIPPY,https://www.billboard-japan.com/charts/detail?a=dlsongs&year=2023&month=04&day=03
2023,dlsongs,2023-03-29,70,モンスター (feat. yama),ジェニーハイ,https://www.billboard-japan.com/charts/detail?a=dlsongs&year=2023&month=04&day=03
2023,dlsongs,2023-03-29,72,残響散歌,Aimer(エメ),https://www.billboard-japan.com/charts/detail?a=dlsongs&year=2023&month=04&day=03
2023,dlsongs,2023-03-29,73,EZ DO DANCE -Version. 2023-,TRF,https://www.billboard-japan.com/charts/detail?a=dlsongs&year=2023&month=04&day=03
2023,dlsongs,2023-03-29,74,Ditto,NewJeans,https://www.billboard-japan.com/charts/detail?a=dlsongs&year=2023&month=04&day=03
2023,dlsongs,2023-03-29,75,ビリミリオン,優里,https://www.billboard-japan.com/charts/detail?a=dlsongs&year=2023&month=04&day=03
2023,dlsongs,2023-03-29,76,escalate,Aimer(エメ),https://www.billboard-japan.com/charts/detail?a=dlsongs&year=2023&month=04&day=03
2023,dlsongs,2023-03-29,77,ドライフラワー,優里,https://www.billboard-japan.com/charts/detail?a=dlsongs&year=2023&month=04&day=03
2023,dlsongs,2023-03-29,77,ベテルギウス,優里,https://www.billboard-japan.com/charts/detail?a=dlsongs&year=2023&month=04&day=03
2023,dlsongs,2023-03-29,79,M7,岩崎琢,https://www.billboard-japan.com/charts/detail?a=dlsongs&year=2023&month=04&day=03
2023,dlsongs,2023-03-29,80,OMG,NewJeans,https://www.billboard-japan.com/charts/detail?a=dlsongs&year=2023&month=04&day=03
2023,dlsongs,2023-03-29,81,君のまま,百足 & 韻マン,https://www.billboard-japan.com/charts/detail?a=dlsongs&year=2023&month=04&day=03
2023,dlsongs,2023-03-29,82,ハルカ,YOASOBI,https://www.billboard-japan.com/charts/detail?a=dlsongs&year=2023&month=04&day=03
2023,dlsongs,2023-03-29,83,FIST OF SOUL,舞闘会,https://www.billboard-japan.com/charts/detail?a=dlsongs&year=2023&month=04&day=03
2023,dlsongs,2023-03-29,84,僕のこと,Mrs.GREEN APPLE,https://www.billboard-japan.com/charts/detail?a=dlsongs&year=2023&month=04&day=03
2023,dlsongs,2023-03-29,85,3月9日,レミオロメン,https://www.billboard-japan.com/charts/detail?a=dlsongs&year=2023&month=04&day=03
2023,dlsongs,2023-03-29,86,かくれんぼ,AliA,https://www.billboard-japan.com/charts/detail?a=dlsongs&year=2023&month=04&day=03
2023,dlsongs,2023-03-29,87,SPARK,BiSH,https://www.billboard-japan.com/charts/detail?a=dlsongs&year=2023&month=04&day=03
2023,dlsongs,2023-03-29,88,お気楽KING,ピーナッツくん & ぽんぽこ,https://www.billboard-japan.com/charts/detail?a=dlsongs&year=2023&month=04&day=03
2023,dlsongs,2023-03-29,89,閃光,[Alexandros],https://www.billboard-japan.com/charts/detail?a=dlsongs&year=2023&month=04&day=03
2023,dlsongs,2023-03-29,90,インパーフェクト,オーイシマサヨシ,https://www.billboard-japan.com/charts/detail?a=dlsongs&year=2023&month=04&day=03
2023,dlsongs,2023-03-29,91,Bye-Bye Show,BiSH,https://www.billboard-japan.com/charts/detail?a=dlsongs&year=2023&month=04&day=03
2023,dlsongs,2023-03-29,92,群青,YOASOBI,https://www.billboard-japan.com/charts/detail?a=dlsongs&year=2023&month=04&day=03
2023,dlsongs,2023-03-29,92,アタシは問題作,Ado,https://www.billboard-japan.com/charts/detail?a=dlsongs&year=2023&month=04&day=03
2023,dlsongs,2023-03-29,92,僕らまた,SG,https://www.billboard-japan.com/charts/detail?a=dlsongs&year=2023&month=04&day=03
2023,dlsongs,2023-03-29,95,めざせポケモンマスター -with my friends-,サトシ(松本梨香),https://www.billboard-japan.com/charts/detail?a=dlsongs&year=2023&month=04&day=03
2023,dlsongs,2023-03-29,96,エゴイスティック・シーソー,博衣こより,https://www.billboard-japan.com/charts/detail?a=dlsongs&year=2023&month=04&day=03
2023,dlsongs,2023-03-29,97,天空のミラクルスター,"一十木音也(寺島拓篤),聖川真斗(鈴村健一),四ノ宮那月(谷山紀章),一ノ瀬トキヤ(宮野真守),神宮寺レン(諏訪部順一),来栖翔(下野紘),愛島セシル(鳥海浩輔)",https://www.billboard-japan.com/charts/detail?a=dlsongs&year=2023&month=04&day=03
2023,dlsongs,2023-03-29,98,スターマイン,Da-iCE,https://www.billboard-japan.com/charts/detail?a=dlsongs&year=2023&month=04&day=03
2023,dlsongs,2023-03-29,99,アイデン貞貞メルトダウン,えなこ feat.P丸様。,https://www.billboard-japan.com/charts/detail?a=dlsongs&year=2023&month=04&day=03
2023,dlsongs,2023-03-29,100,アイワナムチュー feat.asmi & すりぃ,MAISONdes,https://www.billboard-japan.com/charts/detail?a=dlsongs&year=2023&month=04&day=03
2023,dlsongs,2023-04-05,1,窓の中から,BUMP OF CHICKEN,https://www.billboard-japan.com/charts/detail?a=dlsongs&year=2023&month=04&day=10
2023,dlsongs,2023-04-05,2,セブンティーン,YOASOBI,https://www.billboard-japan.com/charts/detail?a=dlsongs&year=2023&month=04&day=10
2023,dlsongs,2023-04-05,3,LADY,米津玄師,https://www.billboard-japan.com/charts/detail?a=dlsongs&year=2023&month=04&day=10
2023,dlsongs,2023-04-05,4,W●RK,millennium parade × 椎名林檎,https://www.billboard-japan.com/charts/detail?a=dlsongs&year=2023&month=04&day=10
2023,dlsongs,2023-04-05,5,MISSION,MAZZEL,https://www.billboard-japan.com/charts/detail?a=dlsongs&year=2023&month=04&day=10
2023,dlsongs,2023-04-05,6,uni-verse,オーイシマサヨシ,https://www.billboard-japan.com/charts/detail?a=dlsongs&year=2023&month=04&day=10
2023,dlsongs,2023-04-05,7,第ゼロ感,10-FEET,https://www.billboard-japan.com/charts/detail?a=dlsongs&year=2023&month=04&day=10
2023,dlsongs,2023-04-05,8,Subtitle,Official髭男dism,https://www.billboard-japan.com/charts/detail?a=dlsongs&year=2023&month=04&day=10
2023,dlsongs,2023-04-05,9,Ding Dong,佐藤優樹,https://www.billboard-japan.com/charts/detail?a=dlsongs&year=2023&month=04&day=10
2023,dlsongs,2023-04-05,10,アイラブユー,back number,https://www.billboard-japan.com/charts/detail?a=dlsongs&year=2023&month=04&day=10
2023,dlsongs,2023-04-05,11,BLACK DEJAVU,"BLACK DEJAVU[一十木音也(寺島拓篤),一ノ瀬トキヤ(宮野真守),神宮寺レン(諏訪部順一),寿嶺二(森久保祥太郎),黒崎蘭丸(鈴木達央)]",https://www.billboard-japan.com/charts/detail?a=dlsongs&year=2023&month=04&day=10
2023,dlsongs,2023-04-05,12,人は夢を二度見る,乃木坂46,https://www.billboard-japan.com/charts/detail?a=dlsongs&year=2023&month=04&day=10
2023,dlsongs,2023-04-05,13,星月夜,由薫,https://www.billboard-japan.com/charts/detail?a=dlsongs&year=2023&month=04&day=10
2023,dlsongs,2023-04-05,14,Face-off,JIMIN,https://www.billboard-japan.com/charts/detail?a=dlsongs&year=2023&month=04&day=10
2023,dlsongs,2023-04-05,15,怪獣の花唄,Vaundy,https://www.billboard-japan.com/charts/detail?a=dlsongs&year=2023&month=04&day=10
2023,dlsongs,2023-04-05,16,アルジャーノン,ヨルシカ,https://www.billboard-japan.com/charts/detail?a=dlsongs&year=2023&month=04&day=10
2023,dlsongs,2023-04-05,17,Alone,JIMIN,https://www.billboard-japan.com/charts/detail?a=dlsongs&year=2023&month=04&day=10
2023,dlsongs,2023-04-05,18,WHITE GRAVITY,"WHITE GRAVITY[聖川真斗(鈴村健一),四ノ宮那月(谷山紀章),来栖翔(下野紘),愛島セシル(鳥海浩輔,美風藍(蒼井翔太),カミュ(前野智昭)]",https://www.billboard-japan.com/charts/detail?a=dlsongs&year=2023&month=04&day=10
2023,dlsongs,2023-04-05,19,KICK BACK,米津玄師,https://www.billboard-japan.com/charts/detail?a=dlsongs&year=2023&month=04&day=10
2023,dlsongs,2023-04-05,20,Interlude : Dive,JIMIN,https://www.billboard-japan.com/charts/detail?a=dlsongs&year=2023&month=04&day=10
2023,dlsongs,2023-04-05,21,Paradise,NiziU,https://www.billboard-japan.com/charts/detail?a=dlsongs&year=2023&month=04&day=10
2023,dlsongs,2023-04-05,22,君に届け,椎名真昼(石見舞菜香),https://www.billboard-japan.com/charts/detail?a=dlsongs&year=2023&month=04&day=10
2023,dlsongs,2023-04-05,23,リンジュー・ラヴ,マカロニえんぴつ,https://www.billboard-japan.com/charts/detail?a=dlsongs&year=2023&month=04&day=10
2023,dlsongs,2023-04-05,24,春泥棒,ヨルシカ,https://www.billboard-japan.com/charts/detail?a=dlsongs&year=2023&month=04&day=10
2023,dlsongs,2023-04-05,25,かわ世,百鬼あやめ,https://www.billboard-japan.com/charts/detail?a=dlsongs&year=2023&month=04&day=10
2023,dlsongs,2023-04-05,26,ホワイトノイズ,Official髭男dism,https://www.billboard-japan.com/charts/detail?a=dlsongs&year=2023&month=04&day=10
2023,dlsongs,2023-04-05,27,Everlasting BEATS,"トウカイテイオー(Machico),ウオッカ(大橋彩香),シンボリルドルフ(田所あずさ),ツルマルツヨシ(青山吉能),タニノギムレット(松岡美里)",https://www.billboard-japan.com/charts/detail?a=dlsongs&year=2023&month=04&day=10
2023,dlsongs,2023-04-05,28,オトナブルー,新しい学校のリーダーズ,https://www.billboard-japan.com/charts/detail?a=dlsongs&year=2023&month=04&day=10
2023,dlsongs,2023-04-05,29,Kitsch,IVE,https://www.billboard-japan.com/charts/detail?a=dlsongs&year=2023&month=04&day=10
2023,dlsongs,2023-04-05,30,アドベンチャー,YOASOBI,https://www.billboard-japan.com/charts/detail?a=dlsongs&year=2023&month=04&day=10
2023,dlsongs,2023-04-05,31,グラデーション,SUPER BEAVER,https://www.billboard-japan.com/charts/detail?a=dlsongs&year=2023&month=04&day=10
2023,dlsongs,2023-04-05,32,Flyer!,Vivid BAD SQUAD,https://www.billboard-japan.com/charts/detail?a=dlsongs&year=2023&month=04&day=10
2023,dlsongs,2023-04-05,33,インパーフェクト,オーイシマサヨシ,https://www.billboard-japan.com/charts/detail?a=dlsongs&year=2023&month=04&day=10
2023,dlsongs,2023-04-05,34,フライデー・ナイト,なとり,https://www.billboard-japan.com/charts/detail?a=dlsongs&year=2023&month=04&day=10
2023,dlsongs,2023-04-05,35,White Rabbit,緑黄色社会,https://www.billboard-japan.com/charts/detail?a=dlsongs&year=2023&month=04&day=10
2023,dlsongs,2023-04-05,36,夜に駆ける,ALKALOID & Double Face,https://www.billboard-japan.com/charts/detail?a=dlsongs&year=2023&month=04&day=10
2023,dlsongs,2023-04-05,37,ミライ,Vivid BAD SQUAD,https://www.billboard-japan.com/charts/detail?a=dlsongs&year=2023&month=04&day=10
2023,dlsongs,2023-04-05,38,可愛くてごめん feat. ちゅーたん(早見沙織),HoneyWorks,https://www.billboard-japan.com/charts/detail?a=dlsongs&year=2023&month=04&day=10
2023,dlsongs,2023-04-05,39,DRAMATIC JOURNEY,"""スペシャルウィーク(和氣あず未),トウカイテイオー(Machico),テイエムオペラオー(徳井青空),ナリタブライアン(衣川里佳),シンボリルドルフ(田所あずさ),マヤノトップガン(星谷美緒),マン",https://www.billboard-japan.com/charts/detail?a=dlsongs&year=2023&month=04&day=10
2023,dlsongs,2023-04-05,40,ひろがるスカイ!プリキュア 〜Hero Girls〜,石井あみ,https://www.billboard-japan.com/charts/detail?a=dlsongs&year=2023&month=04&day=10
2023,dlsongs,2023-04-05,41,Habit,SEKAI NO OWARI,https://www.billboard-japan.com/charts/detail?a=dlsongs&year=2023&month=04&day=10
2023,dlsongs,2023-04-05,42,新時代 (ウタ from ONE PIECE FILM RED),Ado,https://www.billboard-japan.com/charts/detail?a=dlsongs&year=2023&month=04&day=10
2023,dlsongs,2023-04-05,43,四季彩 -SHIKISAI-,HIPPY,https://www.billboard-japan.com/charts/detail?a=dlsongs&year=2023&month=04&day=10
2023,dlsongs,2023-04-05,44,祝福,YOASOBI,https://www.billboard-japan.com/charts/detail?a=dlsongs&year=2023&month=04&day=10
2023,dlsongs,2023-04-05,45,ちゅ、多様性。,ano,https://www.billboard-japan.com/charts/detail?a=dlsongs&year=2023&month=04&day=10
2023,dlsongs,2023-04-05,46,鱗(うろこ),秦基博,https://www.billboard-japan.com/charts/detail?a=dlsongs&year=2023&month=04&day=10
2023,dlsongs,2023-04-05,47,Overdose,なとり,https://www.billboard-japan.com/charts/detail?a=dlsongs&year=2023&month=04&day=10
2023,dlsongs,2023-04-05,48,ミックスナッツ,Official髭男dism,https://www.billboard-japan.com/charts/detail?a=dlsongs&year=2023&month=04&day=10
2023,dlsongs,2023-04-05,49,"トウキョウ・シャンディ・ランデヴ feat. 花譜, ツミキ",MAISONdes,https://www.billboard-japan.com/charts/detail?a=dlsongs&year=2023&month=04&day=10
2023,dlsongs,2023-04-05,50,酔いどれ知らず,Kanaria,https://www.billboard-japan.com/charts/detail?a=dlsongs&year=2023&month=04&day=10
2023,dlsongs,2023-04-05,51,そんなbitterな話,Vaundy,https://www.billboard-japan.com/charts/detail?a=dlsongs&year=2023&month=04&day=10
2023,dlsongs,2023-04-05,52,ダンスホール,Mrs.GREEN APPLE,https://www.billboard-japan.com/charts/detail?a=dlsongs&year=2023&month=04&day=10
2023,dlsongs,2023-04-05,53,私は最強 (ウタ from ONE PIECE FILM RED),Ado,https://www.billboard-japan.com/charts/detail?a=dlsongs&year=2023&month=04&day=10
2023,dlsongs,2023-04-05,54,I'm a mess,MY FIRST STORY,https://www.billboard-japan.com/charts/detail?a=dlsongs&year=2023&month=04&day=10
2023,dlsongs,2023-04-05,55,DESTINY,BLUE ENCOUNT,https://www.billboard-japan.com/charts/detail?a=dlsongs&year=2023&month=04&day=10
2023,dlsongs,2023-04-05,56,残響散歌,Aimer(エメ),https://www.billboard-japan.com/charts/detail?a=dlsongs&year=2023&month=04&day=10
2023,dlsongs,2023-04-05,57,W / X / Y,Tani Yuuki,https://www.billboard-japan.com/charts/detail?a=dlsongs&year=2023&month=04&day=10
2023,dlsongs,2023-04-05,58,Comfort Zone,手越祐也,https://www.billboard-japan.com/charts/detail?a=dlsongs&year=2023&month=04&day=10
2023,dlsongs,2023-04-05,59,グリンピース,GReeeeN,https://www.billboard-japan.com/charts/detail?a=dlsongs&year=2023&month=04&day=10
2023,dlsongs,2023-04-05,60,水平線,back number,https://www.billboard-japan.com/charts/detail?a=dlsongs&year=2023&month=04&day=10
2023,dlsongs,2023-04-05,61,生きてることが辛いなら,森山直太朗,https://www.billboard-japan.com/charts/detail?a=dlsongs&year=2023&month=04&day=10
2023,dlsongs,2023-04-05,62,なんでもないよ、,マカロニえんぴつ,https://www.billboard-japan.com/charts/detail?a=dlsongs&year=2023&month=04&day=10
2023,dlsongs,2023-04-05,63,SET ME FREE,TWICE,https://www.billboard-japan.com/charts/detail?a=dlsongs&year=2023&month=04&day=10
2023,dlsongs,2023-04-05,64,回春 feat.満島ひかり,女王蜂,https://www.billboard-japan.com/charts/detail?a=dlsongs&year=2023&month=04&day=10
2023,dlsongs,2023-04-05,65,BEAUTIFUL,TREASURE,https://www.billboard-japan.com/charts/detail?a=dlsongs&year=2023&month=04&day=10
2023,dlsongs,2023-04-05,66,君に捧げる応援歌,HIPPY,https://www.billboard-japan.com/charts/detail?a=dlsongs&year=2023&month=04&day=10
2023,dlsongs,2023-04-05,67,ONE to DREAM!,FRAME,https://www.billboard-japan.com/charts/detail?a=dlsongs&year=2023&month=04&day=10
2023,dlsongs,2023-04-05,68,タイムマシーンにのって/家族の風景,PUNPEE,https://www.billboard-japan.com/charts/detail?a=dlsongs&year=2023&month=04&day=10
2023,dlsongs,2023-04-05,69,UNION,OxT,https://www.billboard-japan.com/charts/detail?a=dlsongs&year=2023&month=04&day=10
2023,dlsongs,2023-04-05,70,ヒロガリズム,石井あみ & 吉武千颯,https://www.billboard-japan.com/charts/detail?a=dlsongs&year=2023&month=04&day=10
2023,dlsongs,2023-04-05,71,Trust・Last,倖田來未 × 湘南乃風,https://www.billboard-japan.com/charts/detail?a=dlsongs&year=2023&month=04&day=10
2023,dlsongs,2023-04-05,72,さくら,ケツメイシ,https://www.billboard-japan.com/charts/detail?a=dlsongs&year=2023&month=04&day=10
2023,dlsongs,2023-04-05,73,Here I Stand,TREASURE,https://www.billboard-japan.com/charts/detail?a=dlsongs&year=2023&month=04&day=10
2023,dlsongs,2023-04-05,74,SOUVENIR,BUMP OF CHICKEN,https://www.billboard-japan.com/charts/detail?a=dlsongs&year=2023&month=04&day=10
2023,dlsongs,2023-04-05,75,ドライフラワー,優里,https://www.billboard-japan.com/charts/detail?a=dlsongs&year=2023&month=04&day=10
2023,dlsongs,2023-04-05,76,まぶた,Vaundy,https://www.billboard-japan.com/charts/detail?a=dlsongs&year=2023&month=04&day=10
2023,dlsongs,2023-04-05,77,アトモスフィア,握野英雄(熊谷健太郎),https://www.billboard-japan.com/charts/detail?a=dlsongs&year=2023&month=04&day=10
2023,dlsongs,2023-04-05,78,シャッター,優里,https://www.billboard-japan.com/charts/detail?a=dlsongs&year=2023&month=04&day=10
2023,dlsongs,2023-04-05,79,INTERNET YAMERO,Aiobahn feat. KOTOKO,https://www.billboard-japan.com/charts/detail?a=dlsongs&year=2023&month=04&day=10
2023,dlsongs,2023-04-05,80,Ditto,NewJeans,https://www.billboard-japan.com/charts/detail?a=dlsongs&year=2023&month=04&day=10
2023,dlsongs,2023-04-05,81,ギフト,オーイシマサヨシ,https://www.billboard-japan.com/charts/detail?a=dlsongs&year=2023&month=04&day=10
2023,dlsongs,2023-04-05,82,僕のこと,Mrs.GREEN APPLE,https://www.billboard-japan.com/charts/detail?a=dlsongs&year=2023&month=04&day=10
2023,dlsongs,2023-04-05,83,OMG,NewJeans,https://www.billboard-japan.com/charts/detail?a=dlsongs&year=2023&month=04&day=10
2023,dlsongs,2023-04-05,84,群青,YOASOBI,https://www.billboard-japan.com/charts/detail?a=dlsongs&year=2023&month=04&day=10
2023,dlsongs,2023-04-05,85,FLOWER,JISOO,https://www.billboard-japan.com/charts/detail?a=dlsongs&year=2023&month=04&day=10
2023,dlsongs,2023-04-05,86,かくれんぼ,AliA,https://www.billboard-japan.com/charts/detail?a=dlsongs&year=2023&month=04&day=10
2023,dlsongs,2023-04-05,87,SPARKLE SIGN,木村龍(濱健人),https://www.billboard-japan.com/charts/detail?a=dlsongs&year=2023&month=04&day=10
2023,dlsongs,2023-04-05,88,Like Crazy,JIMIN,https://www.billboard-japan.com/charts/detail?a=dlsongs&year=2023&month=04&day=10
2023,dlsongs,2023-04-05,89,青い春のエチュード feat.長屋晴子(緑黄色社会),東京スカパラダイスオーケストラ,https://www.billboard-japan.com/charts/detail?a=dlsongs&year=2023&month=04&day=10
2023,dlsongs,2023-04-05,90,ベテルギウス,優里,https://www.billboard-japan.com/charts/detail?a=dlsongs&year=2023&month=04&day=10
2023,dlsongs,2023-04-05,91,Tokimeki,Vaundy,https://www.billboard-japan.com/charts/detail?a=dlsongs&year=2023&month=04&day=10
2023,dlsongs,2023-04-05,92,WONDER☆RONDO,"一十木音也(寺島拓篤),聖川真斗(鈴村健一),四ノ宮那月(谷山紀章),一ノ瀬トキヤ(宮野真守),神宮寺レン(諏訪部順一),来栖翔(下野紘),愛島セシル(鳥海浩輔)",https://www.billboard-japan.com/charts/detail?a=dlsongs&year=2023&month=04&day=10
2023,dlsongs,2023-04-05,93,ぼくらの,Eve,https://www.billboard-japan.com/charts/detail?a=dlsongs&year=2023&month=04&day=10
2023,dlsongs,2023-04-05,94,拝啓、少年よ,Hump Back,https://www.billboard-japan.com/charts/detail?a=dlsongs&year=2023&month=04&day=10
2023,dlsongs,2023-04-05,95,ハルジオン,MY FIRST STORY,https://www.billboard-japan.com/charts/detail?a=dlsongs&year=2023&month=04&day=10
2023,dlsongs,2023-04-05,96,Tick Tack Voice,信玄誠司(増元拓也),https://www.billboard-japan.com/charts/detail?a=dlsongs&year=2023&month=04&day=10
2023,dlsongs,2023-04-05,97,パレード(MIROIRS〜AQUAの地球),宝塚歌劇団雪組,https://www.billboard-japan.com/charts/detail?a=dlsongs&year=2023&month=04&day=10
2023,dlsongs,2023-04-05,98,ここにしか咲かない花,コブクロ,https://www.billboard-japan.com/charts/detail?a=dlsongs&year=2023&month=04&day=10
2023,dlsongs,2023-04-05,99,innocent arrogance,BiSH,https://www.billboard-japan.com/charts/detail?a=dlsongs&year=2023&month=04&day=10
2023,dlsongs,2023-04-05,99,LOVE ROCKETS,The Birthday,https://www.billboard-japan.com/charts/detail?a=dlsongs&year=2023&month=04&day=10
2023,dlsongs,2023-04-12,1,Tiger,JO1,https://www.billboard-japan.com/charts/detail?a=dlsongs&year=2023&month=04&day=17
2023,dlsongs,2023-04-12,2,愛の花,あいみょん,https://www.billboard-japan.com/charts/detail?a=dlsongs&year=2023&month=04&day=17
2023,dlsongs,2023-04-12,3,LADY,米津玄師,https://www.billboard-japan.com/charts/detail?a=dlsongs&year=2023&month=04&day=17
2023,dlsongs,2023-04-12,4,窓の中から,BUMP OF CHICKEN,https://www.billboard-japan.com/charts/detail?a=dlsongs&year=2023&month=04&day=17
2023,dlsongs,2023-04-12,5,slash,yama,https://www.billboard-japan.com/charts/detail?a=dlsongs&year=2023&month=04&day=17
2023,dlsongs,2023-04-12,6,全力キング,古川貴之,https://www.billboard-japan.com/charts/detail?a=dlsongs&year=2023&month=04&day=17
2023,dlsongs,2023-04-12,7,People Pt.2 (feat. IU),Agust D,https://www.billboard-japan.com/charts/detail?a=dlsongs&year=2023&month=04&day=17
2023,dlsongs,2023-04-12,8,スイちゃんのメンテナンスソング,星街すいせい,https://www.billboard-japan.com/charts/detail?a=dlsongs&year=2023&month=04&day=17
2023,dlsongs,2023-04-12,9,W●RK,millennium parade × 椎名林檎,https://www.billboard-japan.com/charts/detail?a=dlsongs&year=2023&month=04&day=17
2023,dlsongs,2023-04-12,10,セブンティーン,YOASOBI,https://www.billboard-japan.com/charts/detail?a=dlsongs&year=2023&month=04&day=17
2023,dlsongs,2023-04-12,11,Merry Christmas Mr.Lawrence,坂本龍一,https://www.billboard-japan.com/charts/detail?a=dlsongs&year=2023&month=04&day=17
2023,dlsongs,2023-04-12,12,フライデー・ナイト,なとり,https://www.billboard-japan.com/charts/detail?a=dlsongs&year=2023&month=04&day=17
2023,dlsongs,2023-04-12,13,第ゼロ感,10-FEET,https://www.billboard-japan.com/charts/detail?a=dlsongs&year=2023&month=04&day=17
2023,dlsongs,2023-04-12,14,Subtitle,Official髭男dism,https://www.billboard-japan.com/charts/detail?a=dlsongs&year=2023&month=04&day=17
2023,dlsongs,2023-04-12,15,uni-verse,オーイシマサヨシ,https://www.billboard-japan.com/charts/detail?a=dlsongs&year=2023&month=04&day=17
2023,dlsongs,2023-04-12,16,怪獣の花唄,Vaundy,https://www.billboard-japan.com/charts/detail?a=dlsongs&year=2023&month=04&day=17
2023,dlsongs,2023-04-12,17,何色,甲斐田晴,https://www.billboard-japan.com/charts/detail?a=dlsongs&year=2023&month=04&day=17
2023,dlsongs,2023-04-12,18,I'm a mess,MY FIRST STORY,https://www.billboard-japan.com/charts/detail?a=dlsongs&year=2023&month=04&day=17
2023,dlsongs,2023-04-12,19,SOUVENIR,BUMP OF CHICKEN,https://www.billboard-japan.com/charts/detail?a=dlsongs&year=2023&month=04&day=17
2023,dlsongs,2023-04-12,20,KICK BACK,米津玄師,https://www.billboard-japan.com/charts/detail?a=dlsongs&year=2023&month=04&day=17
2023,dlsongs,2023-04-12,21,energy flow,坂本龍一,https://www.billboard-japan.com/charts/detail?a=dlsongs&year=2023&month=04&day=17
2023,dlsongs,2023-04-12,22,Overdose,なとり,https://www.billboard-japan.com/charts/detail?a=dlsongs&year=2023&month=04&day=17
2023,dlsongs,2023-04-12,23,都落ち,ヨルシカ,https://www.billboard-japan.com/charts/detail?a=dlsongs&year=2023&month=04&day=17
2023,dlsongs,2023-04-12,24,Paradise,NiziU,https://www.billboard-japan.com/charts/detail?a=dlsongs&year=2023&month=04&day=17
2023,dlsongs,2023-04-12,25,ホワイトノイズ,Official髭男dism,https://www.billboard-japan.com/charts/detail?a=dlsongs&year=2023&month=04&day=17
2023,dlsongs,2023-04-12,26,星月夜,由薫,https://www.billboard-japan.com/charts/detail?a=dlsongs&year=2023&month=04&day=17
2023,dlsongs,2023-04-12,27,アドベンチャー,YOASOBI,https://www.billboard-japan.com/charts/detail?a=dlsongs&year=2023&month=04&day=17
2023,dlsongs,2023-04-12,28,オトナブルー,新しい学校のリーダーズ,https://www.billboard-japan.com/charts/detail?a=dlsongs&year=2023&month=04&day=17
2023,dlsongs,2023-04-12,29,人は夢を二度見る,乃木坂46,https://www.billboard-japan.com/charts/detail?a=dlsongs&year=2023&month=04&day=17
2023,dlsongs,2023-04-12,30,祝福,YOASOBI,https://www.billboard-japan.com/charts/detail?a=dlsongs&year=2023&month=04&day=17
2023,dlsongs,2023-04-12,31,アイラブユー,back number,https://www.billboard-japan.com/charts/detail?a=dlsongs&year=2023&month=04&day=17
2023,dlsongs,2023-04-12,32,可愛くてごめん feat. ちゅーたん(早見沙織),HoneyWorks,https://www.billboard-japan.com/charts/detail?a=dlsongs&year=2023&month=04&day=17
2023,dlsongs,2023-04-12,33,RYDEEN,YELLOW MAGIC ORCHESTRA,https://www.billboard-japan.com/charts/detail?a=dlsongs&year=2023&month=04&day=17
2023,dlsongs,2023-04-12,34,残響散歌,Aimer(エメ),https://www.billboard-japan.com/charts/detail?a=dlsongs&year=2023&month=04&day=17
2023,dlsongs,2023-04-12,35,インパーフェクト,オーイシマサヨシ,https://www.billboard-japan.com/charts/detail?a=dlsongs&year=2023&month=04&day=17
2023,dlsongs,2023-04-12,36,グラデーション,SUPER BEAVER,https://www.billboard-japan.com/charts/detail?a=dlsongs&year=2023&month=04&day=17
2023,dlsongs,2023-04-12,37,ハルジオン,MY FIRST STORY,https://www.billboard-japan.com/charts/detail?a=dlsongs&year=2023&month=04&day=17
2023,dlsongs,2023-04-12,38,ビリミリオン,優里,https://www.billboard-japan.com/charts/detail?a=dlsongs&year=2023&month=04&day=17
2023,dlsongs,2023-04-12,39,W / X / Y,Tani Yuuki,https://www.billboard-japan.com/charts/detail?a=dlsongs&year=2023&month=04&day=17
2023,dlsongs,2023-04-12,40,Spotlight 〜光の先へ〜,EXILE TAKAHIRO,https://www.billboard-japan.com/charts/detail?a=dlsongs&year=2023&month=04&day=17
2023,dlsongs,2023-04-12,41,春泥棒,ヨルシカ,https://www.billboard-japan.com/charts/detail?a=dlsongs&year=2023&month=04&day=17
2023,dlsongs,2023-04-12,42,クロノスタシス,BUMP OF CHICKEN,https://www.billboard-japan.com/charts/detail?a=dlsongs&year=2023&month=04&day=17
2023,dlsongs,2023-04-12,43,新時代 (ウタ from ONE PIECE FILM RED),Ado,https://www.billboard-japan.com/charts/detail?a=dlsongs&year=2023&month=04&day=17
2023,dlsongs,2023-04-12,44,酔いどれ知らず,Kanaria,https://www.billboard-japan.com/charts/detail?a=dlsongs&year=2023&month=04&day=17
2023,dlsongs,2023-04-12,45,わたしのリンゴ,叶,https://www.billboard-japan.com/charts/detail?a=dlsongs&year=2023&month=04&day=17
2023,dlsongs,2023-04-12,46,World Is Mine!,Machico,https://www.billboard-japan.com/charts/detail?a=dlsongs&year=2023&month=04&day=17
2023,dlsongs,2023-04-12,47,Magic,flumpool,https://www.billboard-japan.com/charts/detail?a=dlsongs&year=2023&month=04&day=17
2023,dlsongs,2023-04-12,48,INFERNO,ナノ,https://www.billboard-japan.com/charts/detail?a=dlsongs&year=2023&month=04&day=17
2023,dlsongs,2023-04-12,48,Try & Fight,鎌田章吾,https://www.billboard-japan.com/charts/detail?a=dlsongs&year=2023&month=04&day=17
2023,dlsongs,2023-04-12,50,かわ世,百鬼あやめ,https://www.billboard-japan.com/charts/detail?a=dlsongs&year=2023&month=04&day=17
2023,dlsongs,2023-04-12,51,天体観測 (2022 Rerecording Version),BUMP OF CHICKEN,https://www.billboard-japan.com/charts/detail?a=dlsongs&year=2023&month=04&day=17
2023,dlsongs,2023-04-12,52,ユグドラシル,不知火フレア,https://www.billboard-japan.com/charts/detail?a=dlsongs&year=2023&month=04&day=17
2023,dlsongs,2023-04-12,53,"トウキョウ・シャンディ・ランデヴ feat. 花譜, ツミキ",MAISONdes,https://www.billboard-japan.com/charts/detail?a=dlsongs&year=2023&month=04&day=17
2023,dlsongs,2023-04-12,54,You're My Friend feat.KIKI,浅倉樹々(つばきファクトリー),https://www.billboard-japan.com/charts/detail?a=dlsongs&year=2023&month=04&day=17
2023,dlsongs,2023-04-12,55,Ignorantia juris nocet,ゴッカンクワイア,https://www.billboard-japan.com/charts/detail?a=dlsongs&year=2023&month=04&day=17
2023,dlsongs,2023-04-12,56,Habit,SEKAI NO OWARI,https://www.billboard-japan.com/charts/detail?a=dlsongs&year=2023&month=04&day=17
2023,dlsongs,2023-04-12,57,リンジュー・ラヴ,マカロニえんぴつ,https://www.billboard-japan.com/charts/detail?a=dlsongs&year=2023&month=04&day=17
2023,dlsongs,2023-04-12,58,宴じゃオージャー!,高橋秀幸&伊勢大貴,https://www.billboard-japan.com/charts/detail?a=dlsongs&year=2023&month=04&day=17
2023,dlsongs,2023-04-12,59,ちゅ、多様性。,ano,https://www.billboard-japan.com/charts/detail?a=dlsongs&year=2023&month=04&day=17
2023,dlsongs,2023-04-12,60,BREAK THE LAW,岩田剛典,https://www.billboard-japan.com/charts/detail?a=dlsongs&year=2023&month=04&day=17
2023,dlsongs,2023-04-12,61,ハレノヒSugar Wave,Ra*bits,https://www.billboard-japan.com/charts/detail?a=dlsongs&year=2023&month=04&day=17
2023,dlsongs,2023-04-12,62,Zero,NewJeans,https://www.billboard-japan.com/charts/detail?a=dlsongs&year=2023&month=04&day=17
2023,dlsongs,2023-04-12,63,ひろがるスカイ!プリキュア 〜Hero Girls〜,石井あみ,https://www.billboard-japan.com/charts/detail?a=dlsongs&year=2023&month=04&day=17
2023,dlsongs,2023-04-12,64,私は最強 (ウタ from ONE PIECE FILM RED),Ado,https://www.billboard-japan.com/charts/detail?a=dlsongs&year=2023&month=04&day=17
2023,dlsongs,2023-04-12,65,逆転劇,月詠み,https://www.billboard-japan.com/charts/detail?a=dlsongs&year=2023&month=04&day=17
2023,dlsongs,2023-04-12,66,ダンスホール,Mrs.GREEN APPLE,https://www.billboard-japan.com/charts/detail?a=dlsongs&year=2023&month=04&day=17
2023,dlsongs,2023-04-12,67,innocent arrogance,BiSH,https://www.billboard-japan.com/charts/detail?a=dlsongs&year=2023&month=04&day=17
2023,dlsongs,2023-04-12,68,さやけき花の生命に,"西園寺琴歌(安齋由香里),相葉夕美(木村珠莉)",https://www.billboard-japan.com/charts/detail?a=dlsongs&year=2023&month=04&day=17
2023,dlsongs,2023-04-12,69,Tokimeki,Vaundy,https://www.billboard-japan.com/charts/detail?a=dlsongs&year=2023&month=04&day=17
2023,dlsongs,2023-04-12,70,アルジャーノン,ヨルシカ,https://www.billboard-japan.com/charts/detail?a=dlsongs&year=2023&month=04&day=17
2023,dlsongs,2023-04-12,71,ミックスナッツ,Official髭男dism,https://www.billboard-japan.com/charts/detail?a=dlsongs&year=2023&month=04&day=17
2023,dlsongs,2023-04-12,72,第一夜,ヨルシカ,https://www.billboard-japan.com/charts/detail?a=dlsongs&year=2023&month=04&day=17
2023,dlsongs,2023-04-12,73,有心論,RADWIMPS,https://www.billboard-japan.com/charts/detail?a=dlsongs&year=2023&month=04&day=17
2023,dlsongs,2023-04-12,74,ドライフラワー,優里,https://www.billboard-japan.com/charts/detail?a=dlsongs&year=2023&month=04&day=17
2023,dlsongs,2023-04-12,75,そんなbitterな話,Vaundy,https://www.billboard-japan.com/charts/detail?a=dlsongs&year=2023&month=04&day=17
2023,dlsongs,2023-04-12,76,UNION,OxT,https://www.billboard-japan.com/charts/detail?a=dlsongs&year=2023&month=04&day=17
2023,dlsongs,2023-04-12,77,かくれんぼ,AliA,https://www.billboard-japan.com/charts/detail?a=dlsongs&year=2023&month=04&day=17
2023,dlsongs,2023-04-12,78,群青,YOASOBI,https://www.billboard-japan.com/charts/detail?a=dlsongs&year=2023&month=04&day=17
2023,dlsongs,2023-04-12,79,Ding Dong,佐藤優樹,https://www.billboard-japan.com/charts/detail?a=dlsongs&year=2023&month=04&day=17
2023,dlsongs,2023-04-12,80,Like Crazy,JIMIN,https://www.billboard-japan.com/charts/detail?a=dlsongs&year=2023&month=04&day=17
2023,dlsongs,2023-04-12,81,flavor,鈴木雅之,https://www.billboard-japan.com/charts/detail?a=dlsongs&year=2023&month=04&day=17
2023,dlsongs,2023-04-12,82,水平線,back number,https://www.billboard-japan.com/charts/detail?a=dlsongs&year=2023&month=04&day=17
2023,dlsongs,2023-04-12,83,明日への扉,I WiSH,https://www.billboard-japan.com/charts/detail?a=dlsongs&year=2023&month=04&day=17
2023,dlsongs,2023-04-12,84,死んだ!,オーイシマサヨシ,https://www.billboard-japan.com/charts/detail?a=dlsongs&year=2023&month=04&day=17
2023,dlsongs,2023-04-12,85,Flyer!,Vivid BAD SQUAD,https://www.billboard-japan.com/charts/detail?a=dlsongs&year=2023&month=04&day=17
2023,dlsongs,2023-04-12,86,MISSION,MAZZEL,https://www.billboard-japan.com/charts/detail?a=dlsongs&year=2023&month=04&day=17
2023,dlsongs,2023-04-12,87,Trust・Last,倖田來未 × 湘南乃風,https://www.billboard-japan.com/charts/detail?a=dlsongs&year=2023&month=04&day=17
2023,dlsongs,2023-04-12,88,ここにしか咲かない花,コブクロ,https://www.billboard-japan.com/charts/detail?a=dlsongs&year=2023&month=04&day=17
2023,dlsongs,2023-04-12,89,刹那の誓い (feat. 由崎司),Neko Hacker,https://www.billboard-japan.com/charts/detail?a=dlsongs&year=2023&month=04&day=17
2023,dlsongs,2023-04-12,90,OMG,NewJeans,https://www.billboard-japan.com/charts/detail?a=dlsongs&year=2023&month=04&day=17
2023,dlsongs,2023-04-12,90,Kitsch,IVE,https://www.billboard-japan.com/charts/detail?a=dlsongs&year=2023&month=04&day=17
2023,dlsongs,2023-04-12,92,君に届け,椎名真昼(石見舞菜香),https://www.billboard-japan.com/charts/detail?a=dlsongs&year=2023&month=04&day=17
2023,dlsongs,2023-04-12,93,Ditto,NewJeans,https://www.billboard-japan.com/charts/detail?a=dlsongs&year=2023&month=04&day=17
2023,dlsongs,2023-04-12,94,閃光,[Alexandros],https://www.billboard-japan.com/charts/detail?a=dlsongs&year=2023&month=04&day=17
2023,dlsongs,2023-04-12,94,ベテルギウス,優里,https://www.billboard-japan.com/charts/detail?a=dlsongs&year=2023&month=04&day=17
2023,dlsongs,2023-04-12,96,四季彩 -SHIKISAI-,HIPPY,https://www.billboard-japan.com/charts/detail?a=dlsongs&year=2023&month=04&day=17
2023,dlsongs,2023-04-12,97,ワンダフルデイズ,ONE☆DRAFT,https://www.billboard-japan.com/charts/detail?a=dlsongs&year=2023&month=04&day=17
2023,dlsongs,2023-04-12,98,君のまま,百足 & 韻マン,https://www.billboard-japan.com/charts/detail?a=dlsongs&year=2023&month=04&day=17
2023,dlsongs,2023-04-12,98,INTERNET YAMERO,Aiobahn feat. KOTOKO,https://www.billboard-japan.com/charts/detail?a=dlsongs&year=2023&month=04&day=17
2023,dlsongs,2023-04-12,100,メロウ,須田景凪,https://www.billboard-japan.com/charts/detail?a=dlsongs&year=2023&month=04&day=17
2023,dlsongs,2023-04-19,1,絆ノ奇跡,MAN WITH A MISSION×milet,https://www.billboard-japan.com/charts/detail?a=dlsongs&year=2023&month=04&day=24
2023,dlsongs,2023-04-19,2,アイドル,YOASOBI,https://www.billboard-japan.com/charts/detail?a=dlsongs&year=2023&month=04&day=24
2023,dlsongs,2023-04-19,3,美しい鰭,スピッツ,https://www.billboard-japan.com/charts/detail?a=dlsongs&year=2023&month=04&day=24
2023,dlsongs,2023-04-19,4,slash,yama,https://www.billboard-japan.com/charts/detail?a=dlsongs&year=2023&month=04&day=24
2023,dlsongs,2023-04-19,5,愛の花,あいみょん,https://www.billboard-japan.com/charts/detail?a=dlsongs&year=2023&month=04&day=24
2023,dlsongs,2023-04-19,6,Red:birthmark,アイナ・ジ・エンド,https://www.billboard-japan.com/charts/detail?a=dlsongs&year=2023&month=04&day=24
2023,dlsongs,2023-04-19,7,LADY,米津玄師,https://www.billboard-japan.com/charts/detail?a=dlsongs&year=2023&month=04&day=24
2023,dlsongs,2023-04-19,8,放課後のメロディ,She is Legend,https://www.billboard-japan.com/charts/detail?a=dlsongs&year=2023&month=04&day=24
2023,dlsongs,2023-04-19,9,One choice,日向坂46,https://www.billboard-japan.com/charts/detail?a=dlsongs&year=2023&month=04&day=24
2023,dlsongs,2023-04-19,10,W●RK,millennium parade × 椎名林檎,https://www.billboard-japan.com/charts/detail?a=dlsongs&year=2023&month=04&day=24
2023,dlsongs,2023-04-19,11,紙一重,Uru,https://www.billboard-japan.com/charts/detail?a=dlsongs&year=2023&month=04&day=24
2023,dlsongs,2023-04-19,12,第ゼロ感,10-FEET,https://www.billboard-japan.com/charts/detail?a=dlsongs&year=2023&month=04&day=24
2023,dlsongs,2023-04-19,13,オトナブルー,新しい学校のリーダーズ,https://www.billboard-japan.com/charts/detail?a=dlsongs&year=2023&month=04&day=24
2023,dlsongs,2023-04-19,14,Subtitle,Official髭男dism,https://www.billboard-japan.com/charts/detail?a=dlsongs&year=2023&month=04&day=24
2023,dlsongs,2023-04-19,15,セブンティーン,YOASOBI,https://www.billboard-japan.com/charts/detail?a=dlsongs&year=2023&month=04&day=24
2023,dlsongs,2023-04-19,16,アケホノ,スピッツ,https://www.billboard-japan.com/charts/detail?a=dlsongs&year=2023&month=04&day=24
2023,dlsongs,2023-04-19,17,祈りはきっと,スピッツ,https://www.billboard-japan.com/charts/detail?a=dlsongs&year=2023&month=04&day=24
2023,dlsongs,2023-04-19,18,ロウワー,25時、ナイトコードで。,https://www.billboard-japan.com/charts/detail?a=dlsongs&year=2023&month=04&day=24
2023,dlsongs,2023-04-19,19,怪獣の花唄,Vaundy,https://www.billboard-japan.com/charts/detail?a=dlsongs&year=2023&month=04&day=24
2023,dlsongs,2023-04-19,20,I AM,IVE,https://www.billboard-japan.com/charts/detail?a=dlsongs&year=2023&month=04&day=24
2023,dlsongs,2023-04-19,21,ドキメキダイアリー (feat.Chinozo),asmi,https://www.billboard-japan.com/charts/detail?a=dlsongs&year=2023&month=04&day=24
2023,dlsongs,2023-04-19,22,uni-verse,オーイシマサヨシ,https://www.billboard-japan.com/charts/detail?a=dlsongs&year=2023&month=04&day=24
2023,dlsongs,2023-04-19,23,窓の中から,BUMP OF CHICKEN,https://www.billboard-japan.com/charts/detail?a=dlsongs&year=2023&month=04&day=24
2023,dlsongs,2023-04-19,24,求めよ…運命の旅人算,BEYOOOOONDS,https://www.billboard-japan.com/charts/detail?a=dlsongs&year=2023&month=04&day=24
2023,dlsongs,2023-04-19,25,フライデー・ナイト,なとり,https://www.billboard-japan.com/charts/detail?a=dlsongs&year=2023&month=04&day=24
2023,dlsongs,2023-04-19,26,BREAK THE LAW,岩田剛典,https://www.billboard-japan.com/charts/detail?a=dlsongs&year=2023&month=04&day=24
2023,dlsongs,2023-04-19,27,祝福,YOASOBI,https://www.billboard-japan.com/charts/detail?a=dlsongs&year=2023&month=04&day=24
2023,dlsongs,2023-04-19,28,Cantabile,Novelbright,https://www.billboard-japan.com/charts/detail?a=dlsongs&year=2023&month=04&day=24
2023,dlsongs,2023-04-19,29,いつ逢えたら,aiko,https://www.billboard-japan.com/charts/detail?a=dlsongs&year=2023&month=04&day=24
2023,dlsongs,2023-04-19,30,トリコロージュ,25時、ナイトコードで。,https://www.billboard-japan.com/charts/detail?a=dlsongs&year=2023&month=04&day=24
2023,dlsongs,2023-04-19,31,全力キング,古川貴之,https://www.billboard-japan.com/charts/detail?a=dlsongs&year=2023&month=04&day=24
2023,dlsongs,2023-04-19,32,新時代 (ウタ from ONE PIECE FILM RED),Ado,https://www.billboard-japan.com/charts/detail?a=dlsongs&year=2023&month=04&day=24
2023,dlsongs,2023-04-19,33,KICK BACK,米津玄師,https://www.billboard-japan.com/charts/detail?a=dlsongs&year=2023&month=04&day=24
2023,dlsongs,2023-04-19,34,ダンデライオン,Da-iCE,https://www.billboard-japan.com/charts/detail?a=dlsongs&year=2023&month=04&day=24
2023,dlsongs,2023-04-19,35,Verbal Justice,中王区 言の葉党,https://www.billboard-japan.com/charts/detail?a=dlsongs&year=2023&month=04&day=24
2023,dlsongs,2023-04-19,36,残響散歌,Aimer(エメ),https://www.billboard-japan.com/charts/detail?a=dlsongs&year=2023&month=04&day=24
2023,dlsongs,2023-04-19,37,夢さえ描けない夜空には,BEYOOOOONDS,https://www.billboard-japan.com/charts/detail?a=dlsongs&year=2023&month=04&day=24
2023,dlsongs,2023-04-19,38,可愛くてごめん feat. ちゅーたん(早見沙織),HoneyWorks,https://www.billboard-japan.com/charts/detail?a=dlsongs&year=2023&month=04&day=24
2023,dlsongs,2023-04-19,39,アドベンチャー,YOASOBI,https://www.billboard-japan.com/charts/detail?a=dlsongs&year=2023&month=04&day=24
2023,dlsongs,2023-04-19,40,星月夜,由薫,https://www.billboard-japan.com/charts/detail?a=dlsongs&year=2023&month=04&day=24
2023,dlsongs,2023-04-19,41,Tiger,JO1,https://www.billboard-japan.com/charts/detail?a=dlsongs&year=2023&month=04&day=24
2023,dlsongs,2023-04-19,42,LETTER 4 BETTER feat. ZORN,tha BOSS,https://www.billboard-japan.com/charts/detail?a=dlsongs&year=2023&month=04&day=24
2023,dlsongs,2023-04-19,43,CITRUS,Da-iCE,https://www.billboard-japan.com/charts/detail?a=dlsongs&year=2023&month=04&day=24
2023,dlsongs,2023-04-19,44,グラデーション,SUPER BEAVER,https://www.billboard-japan.com/charts/detail?a=dlsongs&year=2023&month=04&day=24
2023,dlsongs,2023-04-19,45,I'm a mess,MY FIRST STORY,https://www.billboard-japan.com/charts/detail?a=dlsongs&year=2023&month=04&day=24
2023,dlsongs,2023-04-19,46,奇縁ロマンス,ナナヲアカリ,https://www.billboard-japan.com/charts/detail?a=dlsongs&year=2023&month=04&day=24
2023,dlsongs,2023-04-19,47,Overdose,なとり,https://www.billboard-japan.com/charts/detail?a=dlsongs&year=2023&month=04&day=24
2023,dlsongs,2023-04-19,48,ホワイトノイズ,Official髭男dism,https://www.billboard-japan.com/charts/detail?a=dlsongs&year=2023&month=04&day=24
2023,dlsongs,2023-04-19,49,Now & Then,Re:vale,https://www.billboard-japan.com/charts/detail?a=dlsongs&year=2023&month=04&day=24
2023,dlsongs,2023-04-19,50,Login,しるこ & PIKASONIC,https://www.billboard-japan.com/charts/detail?a=dlsongs&year=2023&month=04&day=24
2023,dlsongs,2023-04-19,51,Paradise,NiziU,https://www.billboard-japan.com/charts/detail?a=dlsongs&year=2023&month=04&day=24
2023,dlsongs,2023-04-19,52,逆転劇,月詠み,https://www.billboard-japan.com/charts/detail?a=dlsongs&year=2023&month=04&day=24
2023,dlsongs,2023-04-19,53,SOUVENIR,BUMP OF CHICKEN,https://www.billboard-japan.com/charts/detail?a=dlsongs&year=2023&month=04&day=24
2023,dlsongs,2023-04-19,54,Golden Hour,MARK,https://www.billboard-japan.com/charts/detail?a=dlsongs&year=2023&month=04&day=24
2023,dlsongs,2023-04-19,55,インパーフェクト,オーイシマサヨシ,https://www.billboard-japan.com/charts/detail?a=dlsongs&year=2023&month=04&day=24
2023,dlsongs,2023-04-19,56,酔いどれ知らず,Kanaria,https://www.billboard-japan.com/charts/detail?a=dlsongs&year=2023&month=04&day=24
2023,dlsongs,2023-04-19,57,Hat on your Head!,"ライスシャワー(石見舞菜香),ミスターシービー(天海由梨奈),マチカネタンホイザ(遠野ひかる),シュヴァルグラン(夏吉ゆうこ),ホッコータルマエ(菊池紗矢香)",https://www.billboard-japan.com/charts/detail?a=dlsongs&year=2023&month=04&day=24
2023,dlsongs,2023-04-19,58,太陽のような人でありたい,Bigfumi,https://www.billboard-japan.com/charts/detail?a=dlsongs&year=2023&month=04&day=24
2023,dlsongs,2023-04-19,59,Numbness like a ginger,UNISON SQUARE GARDEN,https://www.billboard-japan.com/charts/detail?a=dlsongs&year=2023&month=04&day=24
2023,dlsongs,2023-04-19,60,ビリミリオン,優里,https://www.billboard-japan.com/charts/detail?a=dlsongs&year=2023&month=04&day=24
2023,dlsongs,2023-04-19,61,星が流れて,イルミネーションスターズ,https://www.billboard-japan.com/charts/detail?a=dlsongs&year=2023&month=04&day=24
2023,dlsongs,2023-04-19,62,Independence day,碧棺合歓(山本希望),https://www.billboard-japan.com/charts/detail?a=dlsongs&year=2023&month=04&day=24
2023,dlsongs,2023-04-19,63,16BOOSTERZ,THE RAMPAGE from EXILE TRIBE,https://www.billboard-japan.com/charts/detail?a=dlsongs&year=2023&month=04&day=24
2023,dlsongs,2023-04-19,64,BRIGHTEST WHITE,イルミネーションスターズ,https://www.billboard-japan.com/charts/detail?a=dlsongs&year=2023&month=04&day=24
2023,dlsongs,2023-04-19,65,Dear,JUNNA,https://www.billboard-japan.com/charts/detail?a=dlsongs&year=2023&month=04&day=24
2023,dlsongs,2023-04-19,66,いぶき,yama,https://www.billboard-japan.com/charts/detail?a=dlsongs&year=2023&month=04&day=24
2023,dlsongs,2023-04-19,67,ミックスナッツ,Official髭男dism,https://www.billboard-japan.com/charts/detail?a=dlsongs&year=2023&month=04&day=24
2023,dlsongs,2023-04-19,68,W / X / Y,Tani Yuuki,https://www.billboard-japan.com/charts/detail?a=dlsongs&year=2023&month=04&day=24
2023,dlsongs,2023-04-19,69,私は最強 (ウタ from ONE PIECE FILM RED),Ado,https://www.billboard-japan.com/charts/detail?a=dlsongs&year=2023&month=04&day=24
2023,dlsongs,2023-04-19,70,この中で,三宅健,https://www.billboard-japan.com/charts/detail?a=dlsongs&year=2023&month=04&day=24
2023,dlsongs,2023-04-19,71,アイラブユー,back number,https://www.billboard-japan.com/charts/detail?a=dlsongs&year=2023&month=04&day=24
2023,dlsongs,2023-04-19,72,死んだ!,オーイシマサヨシ,https://www.billboard-japan.com/charts/detail?a=dlsongs&year=2023&month=04&day=24
2023,dlsongs,2023-04-19,73,BIRD,EXO,https://www.billboard-japan.com/charts/detail?a=dlsongs&year=2023&month=04&day=24
2023,dlsongs,2023-04-19,74,ダンスホール,Mrs.GREEN APPLE,https://www.billboard-japan.com/charts/detail?a=dlsongs&year=2023&month=04&day=24
2023,dlsongs,2023-04-19,75,"トウキョウ・シャンディ・ランデヴ feat. 花譜, ツミキ",MAISONdes,https://www.billboard-japan.com/charts/detail?a=dlsongs&year=2023&month=04&day=24
2023,dlsongs,2023-04-19,76,人は夢を二度見る,乃木坂46,https://www.billboard-japan.com/charts/detail?a=dlsongs&year=2023&month=04&day=24
2023,dlsongs,2023-04-19,77,メロウ,須田景凪,https://www.billboard-japan.com/charts/detail?a=dlsongs&year=2023&month=04&day=24
2023,dlsongs,2023-04-19,78,アルジャーノン,ヨルシカ,https://www.billboard-japan.com/charts/detail?a=dlsongs&year=2023&month=04&day=24
2023,dlsongs,2023-04-19,79,ちゅ、多様性。,ano,https://www.billboard-japan.com/charts/detail?a=dlsongs&year=2023&month=04&day=24
2023,dlsongs,2023-04-19,80,"No Pain, Not to be Strong",勘解由小路無花果(たかはし智秋),https://www.billboard-japan.com/charts/detail?a=dlsongs&year=2023&month=04&day=24
2023,dlsongs,2023-04-19,81,INTERNET YAMERO,Aiobahn feat. KOTOKO,https://www.billboard-japan.com/charts/detail?a=dlsongs&year=2023&month=04&day=24
2023,dlsongs,2023-04-19,82,春泥棒,ヨルシカ,https://www.billboard-japan.com/charts/detail?a=dlsongs&year=2023&month=04&day=24
2023,dlsongs,2023-04-19,83,Shine In The Sky☆,U149,https://www.billboard-japan.com/charts/detail?a=dlsongs&year=2023&month=04&day=24
2023,dlsongs,2023-04-19,84,Habit,SEKAI NO OWARI,https://www.billboard-japan.com/charts/detail?a=dlsongs&year=2023&month=04&day=24
2023,dlsongs,2023-04-19,85,innocent arrogance,BiSH,https://www.billboard-japan.com/charts/detail?a=dlsongs&year=2023&month=04&day=24
2023,dlsongs,2023-04-19,86,GOLD,PEOPLE 1,https://www.billboard-japan.com/charts/detail?a=dlsongs&year=2023&month=04&day=24
2023,dlsongs,2023-04-19,87,Just do it,東方天乙統女(小林ゆう),https://www.billboard-japan.com/charts/detail?a=dlsongs&year=2023&month=04&day=24
2023,dlsongs,2023-04-19,88,Forward March!!!,イルミネーションスターズ,https://www.billboard-japan.com/charts/detail?a=dlsongs&year=2023&month=04&day=24
2023,dlsongs,2023-04-19,89,無敵。,ハジ→,https://www.billboard-japan.com/charts/detail?a=dlsongs&year=2023&month=04&day=24
2023,dlsongs,2023-04-19,90,Walk This Way feat.AKLO,ZORN,https://www.billboard-japan.com/charts/detail?a=dlsongs&year=2023&month=04&day=24
2023,dlsongs,2023-04-19,91,ドライフラワー,優里,https://www.billboard-japan.com/charts/detail?a=dlsongs&year=2023&month=04&day=24
2023,dlsongs,2023-04-19,92,かくれんぼ,AliA,https://www.billboard-japan.com/charts/detail?a=dlsongs&year=2023&month=04&day=24
2023,dlsongs,2023-04-19,93,ザムザ,てにをは,https://www.billboard-japan.com/charts/detail?a=dlsongs&year=2023&month=04&day=24
2023,dlsongs,2023-04-19,94,群青,YOASOBI,https://www.billboard-japan.com/charts/detail?a=dlsongs&year=2023&month=04&day=24
2023,dlsongs,2023-04-19,95,ハチミツ,スガシカオ,https://www.billboard-japan.com/charts/detail?a=dlsongs&year=2023&month=04&day=24
2023,dlsongs,2023-04-19,95,私は最強,Mrs.GREEN APPLE,https://www.billboard-japan.com/charts/detail?a=dlsongs&year=2023&month=04&day=24
2023,dlsongs,2023-04-19,97,クロノスタシス,BUMP OF CHICKEN,https://www.billboard-japan.com/charts/detail?a=dlsongs&year=2023&month=04&day=24
2023,dlsongs,2023-04-19,98,青と夏,Mrs.GREEN APPLE,https://www.billboard-japan.com/charts/detail?a=dlsongs&year=2023&month=04&day=24
2023,dlsongs,2023-04-19,99,閃光,[Alexandros],https://www.billboard-japan.com/charts/detail?a=dlsongs&year=2023&month=04&day=24
2023,dlsongs,2023-04-19,100,刹那の誓い (feat. 由崎司),Neko Hacker,https://www.billboard-japan.com/charts/detail?a=dlsongs&year=2023&month=04&day=24
2023,dlsongs,2023-04-26,1,アイドル,YOASOBI,https://www.billboard-japan.com/charts/detail?a=dlsongs&year=2023&month=05&day=01
2023,dlsongs,2023-04-26,2,絆ノ奇跡,MAN WITH A MISSION×milet,https://www.billboard-japan.com/charts/detail?a=dlsongs&year=2023&month=05&day=01
2023,dlsongs,2023-04-26,3,コイコガレ,milet×MAN WITH A MISSION,https://www.billboard-japan.com/charts/detail?a=dlsongs&year=2023&month=05&day=01
2023,dlsongs,2023-04-26,4,TATTOO,Official髭男dism,https://www.billboard-japan.com/charts/detail?a=dlsongs&year=2023&month=05&day=01
2023,dlsongs,2023-04-26,5,I'M A RAT,Hi-STANDARD,https://www.billboard-japan.com/charts/detail?a=dlsongs&year=2023&month=05&day=01
2023,dlsongs,2023-04-26,6,美しい鰭,スピッツ,https://www.billboard-japan.com/charts/detail?a=dlsongs&year=2023&month=05&day=01
2023,dlsongs,2023-04-26,7,Haegeum,Agust D,https://www.billboard-japan.com/charts/detail?a=dlsongs&year=2023&month=05&day=01
2023,dlsongs,2023-04-26,8,slash,yama,https://www.billboard-japan.com/charts/detail?a=dlsongs&year=2023&month=05&day=01
2023,dlsongs,2023-04-26,9,紙一重,Uru,https://www.billboard-japan.com/charts/detail?a=dlsongs&year=2023&month=05&day=01
2023,dlsongs,2023-04-26,10,第ゼロ感,10-FEET,https://www.billboard-japan.com/charts/detail?a=dlsongs&year=2023&month=05&day=01
2023,dlsongs,2023-04-26,11,メフィスト,女王蜂,https://www.billboard-japan.com/charts/detail?a=dlsongs&year=2023&month=05&day=01
2023,dlsongs,2023-04-26,12,W●RK,millennium parade × 椎名林檎,https://www.billboard-japan.com/charts/detail?a=dlsongs&year=2023&month=05&day=01
2023,dlsongs,2023-04-26,13,愛の花,あいみょん,https://www.billboard-japan.com/charts/detail?a=dlsongs&year=2023&month=05&day=01
2023,dlsongs,2023-04-26,14,サラバ,SEKAI NO OWARI,https://www.billboard-japan.com/charts/detail?a=dlsongs&year=2023&month=05&day=01
2023,dlsongs,2023-04-26,15,オトナブルー,新しい学校のリーダーズ,https://www.billboard-japan.com/charts/detail?a=dlsongs&year=2023&month=05&day=01
2023,dlsongs,2023-04-26,16,有頂天猫,キヨ,https://www.billboard-japan.com/charts/detail?a=dlsongs&year=2023&month=05&day=01
2023,dlsongs,2023-04-26,17,あなたと,20th Century,https://www.billboard-japan.com/charts/detail?a=dlsongs&year=2023&month=05&day=01
2023,dlsongs,2023-04-26,18,いちごいちえ,ももいろクローバーZ,https://www.billboard-japan.com/charts/detail?a=dlsongs&year=2023&month=05&day=01
2023,dlsongs,2023-04-26,19,あてもなく,Aimer(エメ),https://www.billboard-japan.com/charts/detail?a=dlsongs&year=2023&month=05&day=01
2023,dlsongs,2023-04-26,20,LADY,米津玄師,https://www.billboard-japan.com/charts/detail?a=dlsongs&year=2023&month=05&day=01
2023,dlsongs,2023-04-26,21,グラデーション,SUPER BEAVER,https://www.billboard-japan.com/charts/detail?a=dlsongs&year=2023&month=05&day=01
2023,dlsongs,2023-04-26,22,Red:birthmark,アイナ・ジ・エンド,https://www.billboard-japan.com/charts/detail?a=dlsongs&year=2023&month=05&day=01
2023,dlsongs,2023-04-26,23,当事者,EGOIST,https://www.billboard-japan.com/charts/detail?a=dlsongs&year=2023&month=05&day=01
2023,dlsongs,2023-04-26,24,Subtitle,Official髭男dism,https://www.billboard-japan.com/charts/detail?a=dlsongs&year=2023&month=05&day=01
2023,dlsongs,2023-04-26,25,ウィーアーポップスター,ROF-MAO,https://www.billboard-japan.com/charts/detail?a=dlsongs&year=2023&month=05&day=01
2023,dlsongs,2023-04-26,26,怪獣の花唄,Vaundy,https://www.billboard-japan.com/charts/detail?a=dlsongs&year=2023&month=05&day=01
2023,dlsongs,2023-04-26,27,One choice,日向坂46,https://www.billboard-japan.com/charts/detail?a=dlsongs&year=2023&month=05&day=01
2023,dlsongs,2023-04-26,28,レクイエム (feat. 星街すいせい),Kanaria,https://www.billboard-japan.com/charts/detail?a=dlsongs&year=2023&month=05&day=01
2023,dlsongs,2023-04-26,29,祝福,YOASOBI,https://www.billboard-japan.com/charts/detail?a=dlsongs&year=2023&month=05&day=01
2023,dlsongs,2023-04-26,30,ゴールデン・アワー (Fujii Kaze Remix),ジェイク,https://www.billboard-japan.com/charts/detail?a=dlsongs&year=2023&month=05&day=01
2023,dlsongs,2023-04-26,31,KANASHIBARI (feat. ao),RADWIMPS,https://www.billboard-japan.com/charts/detail?a=dlsongs&year=2023&month=05&day=01
2023,dlsongs,2023-04-26,32,ドキメキダイアリー (feat.Chinozo),asmi,https://www.billboard-japan.com/charts/detail?a=dlsongs&year=2023&month=05&day=01
2023,dlsongs,2023-04-26,33,Eyes on me,玉井詩織,https://www.billboard-japan.com/charts/detail?a=dlsongs&year=2023&month=05&day=01
2023,dlsongs,2023-04-26,34,セブンティーン,YOASOBI,https://www.billboard-japan.com/charts/detail?a=dlsongs&year=2023&month=05&day=01
2023,dlsongs,2023-04-26,35,W / X / Y,Tani Yuuki,https://www.billboard-japan.com/charts/detail?a=dlsongs&year=2023&month=05&day=01
2023,dlsongs,2023-04-26,36,Starting Over,sumika,https://www.billboard-japan.com/charts/detail?a=dlsongs&year=2023&month=05&day=01
2023,dlsongs,2023-04-26,37,アイオライト,水瀬いのり,https://www.billboard-japan.com/charts/detail?a=dlsongs&year=2023&month=05&day=01
2023,dlsongs,2023-04-26,38,奇縁ロマンス,ナナヲアカリ,https://www.billboard-japan.com/charts/detail?a=dlsongs&year=2023&month=05&day=01
2023,dlsongs,2023-04-26,39,KICK BACK,米津玄師,https://www.billboard-japan.com/charts/detail?a=dlsongs&year=2023&month=05&day=01
2023,dlsongs,2023-04-26,40,Wonky Monkey,戌神ころね,https://www.billboard-japan.com/charts/detail?a=dlsongs&year=2023&month=05&day=01
2023,dlsongs,2023-04-26,41,フライデー・ナイト,なとり,https://www.billboard-japan.com/charts/detail?a=dlsongs&year=2023&month=05&day=01
2023,dlsongs,2023-04-26,42,uni-verse,オーイシマサヨシ,https://www.billboard-japan.com/charts/detail?a=dlsongs&year=2023&month=05&day=01
2023,dlsongs,2023-04-26,43,残響散歌,Aimer(エメ),https://www.billboard-japan.com/charts/detail?a=dlsongs&year=2023&month=05&day=01
2023,dlsongs,2023-04-26,44,I AM,IVE,https://www.billboard-japan.com/charts/detail?a=dlsongs&year=2023&month=05&day=01
2023,dlsongs,2023-04-26,45,窓の中から,BUMP OF CHICKEN,https://www.billboard-japan.com/charts/detail?a=dlsongs&year=2023&month=05&day=01
2023,dlsongs,2023-04-26,46,いぶき,yama,https://www.billboard-japan.com/charts/detail?a=dlsongs&year=2023&month=05&day=01
2023,dlsongs,2023-04-26,47,可愛くてごめん feat. ちゅーたん(早見沙織),HoneyWorks,https://www.billboard-japan.com/charts/detail?a=dlsongs&year=2023&month=05&day=01
2023,dlsongs,2023-04-26,48,新時代 (ウタ from ONE PIECE FILM RED),Ado,https://www.billboard-japan.com/charts/detail?a=dlsongs&year=2023&month=05&day=01
2023,dlsongs,2023-04-26,49,酔いどれ知らず,Kanaria,https://www.billboard-japan.com/charts/detail?a=dlsongs&year=2023&month=05&day=01
2023,dlsongs,2023-04-26,50,Cantabile,Novelbright,https://www.billboard-japan.com/charts/detail?a=dlsongs&year=2023&month=05&day=01
2023,dlsongs,2023-04-26,51,僕は独りだ,Blue Journey,https://www.billboard-japan.com/charts/detail?a=dlsongs&year=2023&month=05&day=01
2023,dlsongs,2023-04-26,52,ロウワー,25時、ナイトコードで。,https://www.billboard-japan.com/charts/detail?a=dlsongs&year=2023&month=05&day=01
2023,dlsongs,2023-04-26,53,逆転劇,月詠み,https://www.billboard-japan.com/charts/detail?a=dlsongs&year=2023&month=05&day=01
2023,dlsongs,2023-04-26,54,放課後のメロディ,She is Legend,https://www.billboard-japan.com/charts/detail?a=dlsongs&year=2023&month=05&day=01
2023,dlsongs,2023-04-26,55,星月夜,由薫,https://www.billboard-japan.com/charts/detail?a=dlsongs&year=2023&month=05&day=01
2023,dlsongs,2023-04-26,56,アドベンチャー,YOASOBI,https://www.billboard-japan.com/charts/detail?a=dlsongs&year=2023&month=05&day=01
2023,dlsongs,2023-04-26,57,I'm a mess,MY FIRST STORY,https://www.billboard-japan.com/charts/detail?a=dlsongs&year=2023&month=05&day=01
2023,dlsongs,2023-04-26,58,ホワイトノイズ,Official髭男dism,https://www.billboard-japan.com/charts/detail?a=dlsongs&year=2023&month=05&day=01
2023,dlsongs,2023-04-26,59,Overdose,なとり,https://www.billboard-japan.com/charts/detail?a=dlsongs&year=2023&month=05&day=01
2023,dlsongs,2023-04-26,60,Jelly Pop,Boys Planet,https://www.billboard-japan.com/charts/detail?a=dlsongs&year=2023&month=05&day=01
2023,dlsongs,2023-04-26,61,全力キング,古川貴之,https://www.billboard-japan.com/charts/detail?a=dlsongs&year=2023&month=05&day=01
2023,dlsongs,2023-04-26,62,INTERNET YAMERO,Aiobahn feat. KOTOKO,https://www.billboard-japan.com/charts/detail?a=dlsongs&year=2023&month=05&day=01
2023,dlsongs,2023-04-26,63,ミックスナッツ,Official髭男dism,https://www.billboard-japan.com/charts/detail?a=dlsongs&year=2023&month=05&day=01
2023,dlsongs,2023-04-26,64,"Snooze (feat. Ryuichi Sakamoto, WOOSUNG of The Rose)",Agust D,https://www.billboard-japan.com/charts/detail?a=dlsongs&year=2023&month=05&day=01
2023,dlsongs,2023-04-26,65,Walk This Way feat.AKLO,ZORN,https://www.billboard-japan.com/charts/detail?a=dlsongs&year=2023&month=05&day=01
2023,dlsongs,2023-04-26,66,Shine In The Sky☆,U149,https://www.billboard-japan.com/charts/detail?a=dlsongs&year=2023&month=05&day=01
2023,dlsongs,2023-04-26,67,ワスレガタキ,石崎ひゅーい,https://www.billboard-japan.com/charts/detail?a=dlsongs&year=2023&month=05&day=01
2023,dlsongs,2023-04-26,68,Paradise,NiziU,https://www.billboard-japan.com/charts/detail?a=dlsongs&year=2023&month=05&day=01
2023,dlsongs,2023-04-26,69,RONDO,龍宮城,https://www.billboard-japan.com/charts/detail?a=dlsongs&year=2023&month=05&day=01
2023,dlsongs,2023-04-26,70,Life Goes On,Agust D,https://www.billboard-japan.com/charts/detail?a=dlsongs&year=2023&month=05&day=01
2023,dlsongs,2023-04-26,70,HUH?! (feat. J-HOPE),Agust D,https://www.billboard-japan.com/charts/detail?a=dlsongs&year=2023&month=05&day=01
2023,dlsongs,2023-04-26,72,メロウ,須田景凪,https://www.billboard-japan.com/charts/detail?a=dlsongs&year=2023&month=05&day=01
2023,dlsongs,2023-04-26,73,Hat on your Head!,"ライスシャワー(石見舞菜香),ミスターシービー(天海由梨奈),マチカネタンホイザ(遠野ひかる),シュヴァルグラン(夏吉ゆうこ),ホッコータルマエ(菊池紗矢香)",https://www.billboard-japan.com/charts/detail?a=dlsongs&year=2023&month=05&day=01
2023,dlsongs,2023-04-26,74,SOUVENIR,BUMP OF CHICKEN,https://www.billboard-japan.com/charts/detail?a=dlsongs&year=2023&month=05&day=01
2023,dlsongs,2023-04-26,75,Hot Summer,Boys Planet,https://www.billboard-japan.com/charts/detail?a=dlsongs&year=2023&month=05&day=01
2023,dlsongs,2023-04-26,76,ダンスホール,Mrs.GREEN APPLE,https://www.billboard-japan.com/charts/detail?a=dlsongs&year=2023&month=05&day=01
2023,dlsongs,2023-04-26,77,Not Alone,Boys Planet,https://www.billboard-japan.com/charts/detail?a=dlsongs&year=2023&month=05&day=01
2023,dlsongs,2023-04-26,78,僕のこと,Mrs.GREEN APPLE,https://www.billboard-japan.com/charts/detail?a=dlsongs&year=2023&month=05&day=01
2023,dlsongs,2023-04-26,79,D-Day,Agust D,https://www.billboard-japan.com/charts/detail?a=dlsongs&year=2023&month=05&day=01
2023,dlsongs,2023-04-26,80,名前を呼ぶよ,SUPER BEAVER,https://www.billboard-japan.com/charts/detail?a=dlsongs&year=2023&month=05&day=01
2023,dlsongs,2023-04-26,81,Colors Arise,流星隊,https://www.billboard-japan.com/charts/detail?a=dlsongs&year=2023&month=05&day=01
2023,dlsongs,2023-04-26,82,インパーフェクト,オーイシマサヨシ,https://www.billboard-japan.com/charts/detail?a=dlsongs&year=2023&month=05&day=01
2023,dlsongs,2023-04-26,83,Stars Light You Up,Zhang Zhehan,https://www.billboard-japan.com/charts/detail?a=dlsongs&year=2023&month=05&day=01
2023,dlsongs,2023-04-26,84,ビリミリオン,優里,https://www.billboard-japan.com/charts/detail?a=dlsongs&year=2023&month=05&day=01
2023,dlsongs,2023-04-26,85,アイラブユー,back number,https://www.billboard-japan.com/charts/detail?a=dlsongs&year=2023&month=05&day=01
2023,dlsongs,2023-04-26,86,かくれんぼ,AliA,https://www.billboard-japan.com/charts/detail?a=dlsongs&year=2023&month=05&day=01
2023,dlsongs,2023-04-26,87,祈りはきっと,スピッツ,https://www.billboard-japan.com/charts/detail?a=dlsongs&year=2023&month=05&day=01
2023,dlsongs,2023-04-26,88,アケホノ,スピッツ,https://www.billboard-japan.com/charts/detail?a=dlsongs&year=2023&month=05&day=01
2023,dlsongs,2023-04-26,89,ちゅ、多様性。,ano,https://www.billboard-japan.com/charts/detail?a=dlsongs&year=2023&month=05&day=01
2023,dlsongs,2023-04-26,90,AMYGDALA,Agust D,https://www.billboard-japan.com/charts/detail?a=dlsongs&year=2023&month=05&day=01
2023,dlsongs,2023-04-26,91,私は最強 (ウタ from ONE PIECE FILM RED),Ado,https://www.billboard-japan.com/charts/detail?a=dlsongs&year=2023&month=05&day=01
2023,dlsongs,2023-04-26,92,求めよ…運命の旅人算,BEYOOOOONDS,https://www.billboard-japan.com/charts/detail?a=dlsongs&year=2023&month=05&day=01
2023,dlsongs,2023-04-26,93,群青,YOASOBI,https://www.billboard-japan.com/charts/detail?a=dlsongs&year=2023&month=05&day=01
2023,dlsongs,2023-04-26,94,ドライフラワー,優里,https://www.billboard-japan.com/charts/detail?a=dlsongs&year=2023&month=05&day=01
2023,dlsongs,2023-04-26,95,"トウキョウ・シャンディ・ランデヴ feat. 花譜, ツミキ",MAISONdes,https://www.billboard-japan.com/charts/detail?a=dlsongs&year=2023&month=05&day=01
2023,dlsongs,2023-04-26,96,水平線,back number,https://www.billboard-japan.com/charts/detail?a=dlsongs&year=2023&month=05&day=01
2023,dlsongs,2023-04-26,97,スターマイン,Da-iCE,https://www.billboard-japan.com/charts/detail?a=dlsongs&year=2023&month=05&day=01
2023,dlsongs,2023-04-26,98,SDL,Agust D,https://www.billboard-japan.com/charts/detail?a=dlsongs&year=2023&month=05&day=01
2023,dlsongs,2023-04-26,99,トリコロージュ,25時、ナイトコードで。,https://www.billboard-japan.com/charts/detail?a=dlsongs&year=2023&month=05&day=01
2023,dlsongs,2023-04-26,100,STAR'S PARTY!,"""氷鷹北斗,明星スバル,遊木真,衣更真緒,月永レオ,鳴上嵐,朔間凛月,朱桜司,守沢千秋,深海奏汰,南雲鉄虎,高峯翠,仙石忍,鬼龍紅郎,神崎颯馬,仁兎なずな,紫之創,真白友也,天満光,三毛縞斑,乱凪砂,",https://www.billboard-japan.com/charts/detail?a=dlsongs&year=2023&month=05&day=01
2023,dlsongs,2023-05-03,1,Smile Again,BE:FIRST,https://www.billboard-japan.com/charts/detail?a=dlsongs&year=2023&month=05&day=08
2023,dlsongs,2023-05-03,2,アイドル,YOASOBI,https://www.billboard-japan.com/charts/detail?a=dlsongs&year=2023&month=05&day=08
2023,dlsongs,2023-05-03,3,絆ノ奇跡,MAN WITH A MISSION×milet,https://www.billboard-japan.com/charts/detail?a=dlsongs&year=2023&month=05&day=08
2023,dlsongs,2023-05-03,4,TATTOO,Official髭男dism,https://www.billboard-japan.com/charts/detail?a=dlsongs&year=2023&month=05&day=08
2023,dlsongs,2023-05-03,5,コイコガレ,milet×MAN WITH A MISSION,https://www.billboard-japan.com/charts/detail?a=dlsongs&year=2023&month=05&day=08
2023,dlsongs,2023-05-03,6,ケセラセラ,Mrs.GREEN APPLE,https://www.billboard-japan.com/charts/detail?a=dlsongs&year=2023&month=05&day=08
2023,dlsongs,2023-05-03,7,Great Mistakes,BE:FIRST,https://www.billboard-japan.com/charts/detail?a=dlsongs&year=2023&month=05&day=08
2023,dlsongs,2023-05-03,8,美しい鰭,スピッツ,https://www.billboard-japan.com/charts/detail?a=dlsongs&year=2023&month=05&day=08
2023,dlsongs,2023-05-03,9,Boom Boom Back,BE:FIRST,https://www.billboard-japan.com/charts/detail?a=dlsongs&year=2023&month=05&day=08
2023,dlsongs,2023-05-03,10,slash,yama,https://www.billboard-japan.com/charts/detail?a=dlsongs&year=2023&month=05&day=08
2023,dlsongs,2023-05-03,11,I'M A RAT,Hi-STANDARD,https://www.billboard-japan.com/charts/detail?a=dlsongs&year=2023&month=05&day=08
2023,dlsongs,2023-05-03,12,有頂天猫,キヨ,https://www.billboard-japan.com/charts/detail?a=dlsongs&year=2023&month=05&day=08
2023,dlsongs,2023-05-03,13,what's your message ?,小田和正,https://www.billboard-japan.com/charts/detail?a=dlsongs&year=2023&month=05&day=08
2023,dlsongs,2023-05-03,14,第ゼロ感,10-FEET,https://www.billboard-japan.com/charts/detail?a=dlsongs&year=2023&month=05&day=08
2023,dlsongs,2023-05-03,15,愛の花,あいみょん,https://www.billboard-japan.com/charts/detail?a=dlsongs&year=2023&month=05&day=08
2023,dlsongs,2023-05-03,16,メフィスト,女王蜂,https://www.billboard-japan.com/charts/detail?a=dlsongs&year=2023&month=05&day=08
2023,dlsongs,2023-05-03,17,W●RK,millennium parade × 椎名林檎,https://www.billboard-japan.com/charts/detail?a=dlsongs&year=2023&month=05&day=08
2023,dlsongs,2023-05-03,18,紙一重,Uru,https://www.billboard-japan.com/charts/detail?a=dlsongs&year=2023&month=05&day=08
2023,dlsongs,2023-05-03,19,Symphony,平井大,https://www.billboard-japan.com/charts/detail?a=dlsongs&year=2023&month=05&day=08
2023,dlsongs,2023-05-03,20,怪獣の花唄,Vaundy,https://www.billboard-japan.com/charts/detail?a=dlsongs&year=2023&month=05&day=08
2023,dlsongs,2023-05-03,21,祝福,YOASOBI,https://www.billboard-japan.com/charts/detail?a=dlsongs&year=2023&month=05&day=08
2023,dlsongs,2023-05-03,22,Glory Steady Go!,ワンダーランズ×ショウタイム,https://www.billboard-japan.com/charts/detail?a=dlsongs&year=2023&month=05&day=08
2023,dlsongs,2023-05-03,23,オトナブルー,新しい学校のリーダーズ,https://www.billboard-japan.com/charts/detail?a=dlsongs&year=2023&month=05&day=08
2023,dlsongs,2023-05-03,24,LADY,米津玄師,https://www.billboard-japan.com/charts/detail?a=dlsongs&year=2023&month=05&day=08
2023,dlsongs,2023-05-03,25,ショウタイム・ルーラー,ワンダーランズ×ショウタイム,https://www.billboard-japan.com/charts/detail?a=dlsongs&year=2023&month=05&day=08
2023,dlsongs,2023-05-03,26,Subtitle,Official髭男dism,https://www.billboard-japan.com/charts/detail?a=dlsongs&year=2023&month=05&day=08
2023,dlsongs,2023-05-03,27,Shiny Stories,シャイニーカラーズ,https://www.billboard-japan.com/charts/detail?a=dlsongs&year=2023&month=05&day=08
2023,dlsongs,2023-05-03,28,Incomplete Ruler,"七瀬陸(小野賢章),九条天(斉藤壮馬)",https://www.billboard-japan.com/charts/detail?a=dlsongs&year=2023&month=05&day=08
2023,dlsongs,2023-05-03,29,Red:birthmark,アイナ・ジ・エンド,https://www.billboard-japan.com/charts/detail?a=dlsongs&year=2023&month=05&day=08
2023,dlsongs,2023-05-03,30,サラバ,SEKAI NO OWARI,https://www.billboard-japan.com/charts/detail?a=dlsongs&year=2023&month=05&day=08
2023,dlsongs,2023-05-03,31,セブンティーン,YOASOBI,https://www.billboard-japan.com/charts/detail?a=dlsongs&year=2023&month=05&day=08
2023,dlsongs,2023-05-03,32,"Snooze (feat. Ryuichi Sakamoto, WOOSUNG of The Rose)",Agust D,https://www.billboard-japan.com/charts/detail?a=dlsongs&year=2023&month=05&day=08
2023,dlsongs,2023-05-03,33,リビング・イン・カラー,(ディズニー),https://www.billboard-japan.com/charts/detail?a=dlsongs&year=2023&month=05&day=08
2023,dlsongs,2023-05-03,34,Super,SEVENTEEN,https://www.billboard-japan.com/charts/detail?a=dlsongs&year=2023&month=05&day=08
2023,dlsongs,2023-05-03,35,Life Goes On,Agust D,https://www.billboard-japan.com/charts/detail?a=dlsongs&year=2023&month=05&day=08
2023,dlsongs,2023-05-03,36,あてもなく,Aimer(エメ),https://www.billboard-japan.com/charts/detail?a=dlsongs&year=2023&month=05&day=08
2023,dlsongs,2023-05-03,37,HUH?! (feat. J-HOPE),Agust D,https://www.billboard-japan.com/charts/detail?a=dlsongs&year=2023&month=05&day=08
2023,dlsongs,2023-05-03,38,Starting Over,sumika,https://www.billboard-japan.com/charts/detail?a=dlsongs&year=2023&month=05&day=08
2023,dlsongs,2023-05-03,39,グラデーション,SUPER BEAVER,https://www.billboard-japan.com/charts/detail?a=dlsongs&year=2023&month=05&day=08
2023,dlsongs,2023-05-03,40,D-Day,Agust D,https://www.billboard-japan.com/charts/detail?a=dlsongs&year=2023&month=05&day=08
2023,dlsongs,2023-05-03,41,ドキメキダイアリー (feat.Chinozo),asmi,https://www.billboard-japan.com/charts/detail?a=dlsongs&year=2023&month=05&day=08
2023,dlsongs,2023-05-03,42,KICK BACK,米津玄師,https://www.billboard-japan.com/charts/detail?a=dlsongs&year=2023&month=05&day=08
2023,dlsongs,2023-05-03,43,AMYGDALA,Agust D,https://www.billboard-japan.com/charts/detail?a=dlsongs&year=2023&month=05&day=08
2023,dlsongs,2023-05-03,44,奇縁ロマンス,ナナヲアカリ,https://www.billboard-japan.com/charts/detail?a=dlsongs&year=2023&month=05&day=08
2023,dlsongs,2023-05-03,45,レクイエム (feat. 星街すいせい),Kanaria,https://www.billboard-japan.com/charts/detail?a=dlsongs&year=2023&month=05&day=08
2023,dlsongs,2023-05-03,46,スワイプ,amazarashi,https://www.billboard-japan.com/charts/detail?a=dlsongs&year=2023&month=05&day=08
2023,dlsongs,2023-05-03,46,逆転劇,月詠み,https://www.billboard-japan.com/charts/detail?a=dlsongs&year=2023&month=05&day=08
2023,dlsongs,2023-05-03,48,アドベンチャー,YOASOBI,https://www.billboard-japan.com/charts/detail?a=dlsongs&year=2023&month=05&day=08
2023,dlsongs,2023-05-03,49,SDL,Agust D,https://www.billboard-japan.com/charts/detail?a=dlsongs&year=2023&month=05&day=08
2023,dlsongs,2023-05-03,50,酔いどれ知らず,Kanaria,https://www.billboard-japan.com/charts/detail?a=dlsongs&year=2023&month=05&day=08
2023,dlsongs,2023-05-03,51,フライデー・ナイト,なとり,https://www.billboard-japan.com/charts/detail?a=dlsongs&year=2023&month=05&day=08
2023,dlsongs,2023-05-03,52,残響散歌,Aimer(エメ),https://www.billboard-japan.com/charts/detail?a=dlsongs&year=2023&month=05&day=08
2023,dlsongs,2023-05-03,53,可愛くてごめん feat. ちゅーたん(早見沙織),HoneyWorks,https://www.billboard-japan.com/charts/detail?a=dlsongs&year=2023&month=05&day=08
2023,dlsongs,2023-05-03,54,Polar Night,Agust D,https://www.billboard-japan.com/charts/detail?a=dlsongs&year=2023&month=05&day=08
2023,dlsongs,2023-05-03,55,Interlude : Dawn,Agust D,https://www.billboard-japan.com/charts/detail?a=dlsongs&year=2023&month=05&day=08
2023,dlsongs,2023-05-03,56,ブレーメン feat. 優里,BAK,https://www.billboard-japan.com/charts/detail?a=dlsongs&year=2023&month=05&day=08
2023,dlsongs,2023-05-03,57,Reason,EXILE,https://www.billboard-japan.com/charts/detail?a=dlsongs&year=2023&month=05&day=08
2023,dlsongs,2023-05-03,58,新時代 (ウタ from ONE PIECE FILM RED),Ado,https://www.billboard-japan.com/charts/detail?a=dlsongs&year=2023&month=05&day=08
2023,dlsongs,2023-05-03,59,Phenomenon,"八乙女楽(羽多野渉),十龍之介(佐藤拓也)",https://www.billboard-japan.com/charts/detail?a=dlsongs&year=2023&month=05&day=08
2023,dlsongs,2023-05-03,60,ダンスホール,Mrs.GREEN APPLE,https://www.billboard-japan.com/charts/detail?a=dlsongs&year=2023&month=05&day=08
2023,dlsongs,2023-05-03,61,ミックスナッツ,Official髭男dism,https://www.billboard-japan.com/charts/detail?a=dlsongs&year=2023&month=05&day=08
2023,dlsongs,2023-05-03,62,LONGINESS REMIX,"SugLawd Familiar, CHICO CARLITO & Awich",https://www.billboard-japan.com/charts/detail?a=dlsongs&year=2023&month=05&day=08
2023,dlsongs,2023-05-03,63,メロウ,須田景凪,https://www.billboard-japan.com/charts/detail?a=dlsongs&year=2023&month=05&day=08
2023,dlsongs,2023-05-03,64,ホワイトノイズ,Official髭男dism,https://www.billboard-japan.com/charts/detail?a=dlsongs&year=2023&month=05&day=08
2023,dlsongs,2023-05-03,64,Overdose,なとり,https://www.billboard-japan.com/charts/detail?a=dlsongs&year=2023&month=05&day=08
2023,dlsongs,2023-05-03,66,STAY FREE,Machico,https://www.billboard-japan.com/charts/detail?a=dlsongs&year=2023&month=05&day=08
2023,dlsongs,2023-05-03,67,Datura,Zhang Zhehan,https://www.billboard-japan.com/charts/detail?a=dlsongs&year=2023&month=05&day=08
2023,dlsongs,2023-05-03,68,One choice,日向坂46,https://www.billboard-japan.com/charts/detail?a=dlsongs&year=2023&month=05&day=08
2023,dlsongs,2023-05-03,69,INTERNET YAMERO,Aiobahn feat. KOTOKO,https://www.billboard-japan.com/charts/detail?a=dlsongs&year=2023&month=05&day=08
2023,dlsongs,2023-05-03,70,全力キング,古川貴之,https://www.billboard-japan.com/charts/detail?a=dlsongs&year=2023&month=05&day=08
2023,dlsongs,2023-05-03,71,I'm a mess,MY FIRST STORY,https://www.billboard-japan.com/charts/detail?a=dlsongs&year=2023&month=05&day=08
2023,dlsongs,2023-05-03,72,W / X / Y,Tani Yuuki,https://www.billboard-japan.com/charts/detail?a=dlsongs&year=2023&month=05&day=08
2023,dlsongs,2023-05-03,73,Habit,SEKAI NO OWARI,https://www.billboard-japan.com/charts/detail?a=dlsongs&year=2023&month=05&day=08
2023,dlsongs,2023-05-03,74,当事者,EGOIST,https://www.billboard-japan.com/charts/detail?a=dlsongs&year=2023&month=05&day=08
2023,dlsongs,2023-05-03,75,I AM,IVE,https://www.billboard-japan.com/charts/detail?a=dlsongs&year=2023&month=05&day=08
2023,dlsongs,2023-05-03,76,水平線,back number,https://www.billboard-japan.com/charts/detail?a=dlsongs&year=2023&month=05&day=08
2023,dlsongs,2023-05-03,77,僕のこと,Mrs.GREEN APPLE,https://www.billboard-japan.com/charts/detail?a=dlsongs&year=2023&month=05&day=08
2023,dlsongs,2023-05-03,78,uni-verse,オーイシマサヨシ,https://www.billboard-japan.com/charts/detail?a=dlsongs&year=2023&month=05&day=08
2023,dlsongs,2023-05-03,79,Paradise,NiziU,https://www.billboard-japan.com/charts/detail?a=dlsongs&year=2023&month=05&day=08
2023,dlsongs,2023-05-03,80,THRONE OF ROSE,Roselia,https://www.billboard-japan.com/charts/detail?a=dlsongs&year=2023&month=05&day=08
2023,dlsongs,2023-05-03,81,アイラブユー,back number,https://www.billboard-japan.com/charts/detail?a=dlsongs&year=2023&month=05&day=08
2023,dlsongs,2023-05-03,82,私は最強 (ウタ from ONE PIECE FILM RED),Ado,https://www.billboard-japan.com/charts/detail?a=dlsongs&year=2023&month=05&day=08
2023,dlsongs,2023-05-03,83,スターマイン,Da-iCE,https://www.billboard-japan.com/charts/detail?a=dlsongs&year=2023&month=05&day=08
2023,dlsongs,2023-05-03,84,KANASHIBARI (feat. ao),RADWIMPS,https://www.billboard-japan.com/charts/detail?a=dlsongs&year=2023&month=05&day=08
2023,dlsongs,2023-05-03,85,群青,YOASOBI,https://www.billboard-japan.com/charts/detail?a=dlsongs&year=2023&month=05&day=08
2023,dlsongs,2023-05-03,86,星月夜,由薫,https://www.billboard-japan.com/charts/detail?a=dlsongs&year=2023&month=05&day=08
2023,dlsongs,2023-05-03,87,かくれんぼ,AliA,https://www.billboard-japan.com/charts/detail?a=dlsongs&year=2023&month=05&day=08
2023,dlsongs,2023-05-03,88,Legend,OZROSAURUS,https://www.billboard-japan.com/charts/detail?a=dlsongs&year=2023&month=05&day=08
2023,dlsongs,2023-05-03,89,一逢のFull Glory,Roselia,https://www.billboard-japan.com/charts/detail?a=dlsongs&year=2023&month=05&day=08
2023,dlsongs,2023-05-03,90,ビリミリオン,優里,https://www.billboard-japan.com/charts/detail?a=dlsongs&year=2023&month=05&day=08
2023,dlsongs,2023-05-03,91,"トウキョウ・シャンディ・ランデヴ feat. 花譜, ツミキ",MAISONdes,https://www.billboard-japan.com/charts/detail?a=dlsongs&year=2023&month=05&day=08
2023,dlsongs,2023-05-03,92,どうしても君が好きだ,AKB48,https://www.billboard-japan.com/charts/detail?a=dlsongs&year=2023&month=05&day=08
2023,dlsongs,2023-05-03,93,ちゅ、多様性。,ano,https://www.billboard-japan.com/charts/detail?a=dlsongs&year=2023&month=05&day=08
2023,dlsongs,2023-05-03,94,Jelly Pop,Boys Planet,https://www.billboard-japan.com/charts/detail?a=dlsongs&year=2023&month=05&day=08
2023,dlsongs,2023-05-03,95,Dear Gleam,Roselia,https://www.billboard-japan.com/charts/detail?a=dlsongs&year=2023&month=05&day=08
2023,dlsongs,2023-05-03,96,Cantabile,Novelbright,https://www.billboard-japan.com/charts/detail?a=dlsongs&year=2023&month=05&day=08
2023,dlsongs,2023-05-03,97,Fragment,Nornis,https://www.billboard-japan.com/charts/detail?a=dlsongs&year=2023&month=05&day=08
2023,dlsongs,2023-05-03,98,Eyes on me,玉井詩織,https://www.billboard-japan.com/charts/detail?a=dlsongs&year=2023&month=05&day=08
2023,dlsongs,2023-05-03,99,放課後のメロディ,She is Legend,https://www.billboard-japan.com/charts/detail?a=dlsongs&year=2023&month=05&day=08
2023,dlsongs,2023-05-03,100,世界が終るまでは…,WANDS,https://www.billboard-japan.com/charts/detail?a=dlsongs&year=2023&month=05&day=08
2023,dlsongs,2023-05-10,1,アイドル,YOASOBI,https://www.billboard-japan.com/charts/detail?a=dlsongs&year=2023&month=05&day=15
2023,dlsongs,2023-05-10,2,心得,Uru,https://www.billboard-japan.com/charts/detail?a=dlsongs&year=2023&month=05&day=15
2023,dlsongs,2023-05-10,3,絆ノ奇跡,MAN WITH A MISSION×milet,https://www.billboard-japan.com/charts/detail?a=dlsongs&year=2023&month=05&day=15
2023,dlsongs,2023-05-10,4,コイコガレ,milet×MAN WITH A MISSION,https://www.billboard-japan.com/charts/detail?a=dlsongs&year=2023&month=05&day=15
2023,dlsongs,2023-05-10,5,ケセラセラ,Mrs.GREEN APPLE,https://www.billboard-japan.com/charts/detail?a=dlsongs&year=2023&month=05&day=15
2023,dlsongs,2023-05-10,6,美しい鰭,スピッツ,https://www.billboard-japan.com/charts/detail?a=dlsongs&year=2023&month=05&day=15
2023,dlsongs,2023-05-10,7,カーテン,悠馬,https://www.billboard-japan.com/charts/detail?a=dlsongs&year=2023&month=05&day=15
2023,dlsongs,2023-05-10,8,TATTOO,Official髭男dism,https://www.billboard-japan.com/charts/detail?a=dlsongs&year=2023&month=05&day=15
2023,dlsongs,2023-05-10,9,第ゼロ感,10-FEET,https://www.billboard-japan.com/charts/detail?a=dlsongs&year=2023&month=05&day=15
2023,dlsongs,2023-05-10,10,slash,yama,https://www.billboard-japan.com/charts/detail?a=dlsongs&year=2023&month=05&day=15
2023,dlsongs,2023-05-10,11,愛の花,あいみょん,https://www.billboard-japan.com/charts/detail?a=dlsongs&year=2023&month=05&day=15
2023,dlsongs,2023-05-10,12,オトナブルー,新しい学校のリーダーズ,https://www.billboard-japan.com/charts/detail?a=dlsongs&year=2023&month=05&day=15
2023,dlsongs,2023-05-10,13,Symphony,平井大,https://www.billboard-japan.com/charts/detail?a=dlsongs&year=2023&month=05&day=15
2023,dlsongs,2023-05-10,14,怪獣の花唄,Vaundy,https://www.billboard-japan.com/charts/detail?a=dlsongs&year=2023&month=05&day=15
2023,dlsongs,2023-05-10,15,Ruby Love,Eve,https://www.billboard-japan.com/charts/detail?a=dlsongs&year=2023&month=05&day=15
2023,dlsongs,2023-05-10,16,UNFORGIVEN (feat. Nile Rodgers),LE SSERAFIM,https://www.billboard-japan.com/charts/detail?a=dlsongs&year=2023&month=05&day=15
2023,dlsongs,2023-05-10,17,メフィスト,女王蜂,https://www.billboard-japan.com/charts/detail?a=dlsongs&year=2023&month=05&day=15
2023,dlsongs,2023-05-10,18,Melting Rouge Soul,Adam,https://www.billboard-japan.com/charts/detail?a=dlsongs&year=2023&month=05&day=15
2023,dlsongs,2023-05-10,19,Subtitle,Official髭男dism,https://www.billboard-japan.com/charts/detail?a=dlsongs&year=2023&month=05&day=15
2023,dlsongs,2023-05-10,20,Smile Again,BE:FIRST,https://www.billboard-japan.com/charts/detail?a=dlsongs&year=2023&month=05&day=15
2023,dlsongs,2023-05-10,21,STAR,いきものがかり,https://www.billboard-japan.com/charts/detail?a=dlsongs&year=2023&month=05&day=15
2023,dlsongs,2023-05-10,22,祝福,YOASOBI,https://www.billboard-japan.com/charts/detail?a=dlsongs&year=2023&month=05&day=15
2023,dlsongs,2023-05-10,23,W●RK,millennium parade × 椎名林檎,https://www.billboard-japan.com/charts/detail?a=dlsongs&year=2023&month=05&day=15
2023,dlsongs,2023-05-10,24,LADY,米津玄師,https://www.billboard-japan.com/charts/detail?a=dlsongs&year=2023&month=05&day=15
2023,dlsongs,2023-05-10,25,紙一重,Uru,https://www.billboard-japan.com/charts/detail?a=dlsongs&year=2023&month=05&day=15
2023,dlsongs,2023-05-10,26,ダンスホール,Mrs.GREEN APPLE,https://www.billboard-japan.com/charts/detail?a=dlsongs&year=2023&month=05&day=15
2023,dlsongs,2023-05-10,27,Red:birthmark,アイナ・ジ・エンド,https://www.billboard-japan.com/charts/detail?a=dlsongs&year=2023&month=05&day=15
2023,dlsongs,2023-05-10,28,KICK BACK,米津玄師,https://www.billboard-japan.com/charts/detail?a=dlsongs&year=2023&month=05&day=15
2023,dlsongs,2023-05-10,29,Drip,-真天地開闢集団-ジグザグ,https://www.billboard-japan.com/charts/detail?a=dlsongs&year=2023&month=05&day=15
2023,dlsongs,2023-05-10,30,Overdose,なとり,https://www.billboard-japan.com/charts/detail?a=dlsongs&year=2023&month=05&day=15
2023,dlsongs,2023-05-10,31,ミックスナッツ,Official髭男dism,https://www.billboard-japan.com/charts/detail?a=dlsongs&year=2023&month=05&day=15
2023,dlsongs,2023-05-10,32,RAISE INSIGHT,WANDS,https://www.billboard-japan.com/charts/detail?a=dlsongs&year=2023&month=05&day=15
2023,dlsongs,2023-05-10,33,I'm a mess,MY FIRST STORY,https://www.billboard-japan.com/charts/detail?a=dlsongs&year=2023&month=05&day=15
2023,dlsongs,2023-05-10,34,Don't ever say love me (feat. RM of BTS),Colde,https://www.billboard-japan.com/charts/detail?a=dlsongs&year=2023&month=05&day=15
2023,dlsongs,2023-05-10,35,ドキメキダイアリー (feat.Chinozo),asmi,https://www.billboard-japan.com/charts/detail?a=dlsongs&year=2023&month=05&day=15
2023,dlsongs,2023-05-10,36,奇縁ロマンス,ナナヲアカリ,https://www.billboard-japan.com/charts/detail?a=dlsongs&year=2023&month=05&day=15
2023,dlsongs,2023-05-10,37,残響散歌,Aimer(エメ),https://www.billboard-japan.com/charts/detail?a=dlsongs&year=2023&month=05&day=15
2023,dlsongs,2023-05-10,38,新時代 (ウタ from ONE PIECE FILM RED),Ado,https://www.billboard-japan.com/charts/detail?a=dlsongs&year=2023&month=05&day=15
2023,dlsongs,2023-05-10,39,グラデーション,SUPER BEAVER,https://www.billboard-japan.com/charts/detail?a=dlsongs&year=2023&month=05&day=15
2023,dlsongs,2023-05-10,40,セブンティーン,YOASOBI,https://www.billboard-japan.com/charts/detail?a=dlsongs&year=2023&month=05&day=15
2023,dlsongs,2023-05-10,41,可愛くてごめん feat. ちゅーたん(早見沙織),HoneyWorks,https://www.billboard-japan.com/charts/detail?a=dlsongs&year=2023&month=05&day=15
2023,dlsongs,2023-05-10,42,逆転劇,月詠み,https://www.billboard-japan.com/charts/detail?a=dlsongs&year=2023&month=05&day=15
2023,dlsongs,2023-05-10,43,怪盗,back number,https://www.billboard-japan.com/charts/detail?a=dlsongs&year=2023&month=05&day=15
2023,dlsongs,2023-05-10,44,Surprising Thanks!! (Eden ver.),Eden,https://www.billboard-japan.com/charts/detail?a=dlsongs&year=2023&month=05&day=15
2023,dlsongs,2023-05-10,45,アイラブユー,back number,https://www.billboard-japan.com/charts/detail?a=dlsongs&year=2023&month=05&day=15
2023,dlsongs,2023-05-10,46,酔いどれ知らず,Kanaria,https://www.billboard-japan.com/charts/detail?a=dlsongs&year=2023&month=05&day=15
2023,dlsongs,2023-05-10,47,スターマイン,Da-iCE,https://www.billboard-japan.com/charts/detail?a=dlsongs&year=2023&month=05&day=15
2023,dlsongs,2023-05-10,48,アドベンチャー,YOASOBI,https://www.billboard-japan.com/charts/detail?a=dlsongs&year=2023&month=05&day=15
2023,dlsongs,2023-05-10,49,ちゅ、多様性。,ano,https://www.billboard-japan.com/charts/detail?a=dlsongs&year=2023&month=05&day=15
2023,dlsongs,2023-05-10,50,サラバ,SEKAI NO OWARI,https://www.billboard-japan.com/charts/detail?a=dlsongs&year=2023&month=05&day=15
2023,dlsongs,2023-05-10,51,BETTING,香取慎吾×SEVENTEEN,https://www.billboard-japan.com/charts/detail?a=dlsongs&year=2023&month=05&day=15
2023,dlsongs,2023-05-10,52,Starting Over,sumika,https://www.billboard-japan.com/charts/detail?a=dlsongs&year=2023&month=05&day=15
2023,dlsongs,2023-05-10,53,フライデー・ナイト,なとり,https://www.billboard-japan.com/charts/detail?a=dlsongs&year=2023&month=05&day=15
2023,dlsongs,2023-05-10,54,青と夏,Mrs.GREEN APPLE,https://www.billboard-japan.com/charts/detail?a=dlsongs&year=2023&month=05&day=15
2023,dlsongs,2023-05-10,55,W / X / Y,Tani Yuuki,https://www.billboard-japan.com/charts/detail?a=dlsongs&year=2023&month=05&day=15
2023,dlsongs,2023-05-10,56,アンビシャス,MY FIRST STORY,https://www.billboard-japan.com/charts/detail?a=dlsongs&year=2023&month=05&day=15
2023,dlsongs,2023-05-10,57,Welcome To My Paradise,WayV,https://www.billboard-japan.com/charts/detail?a=dlsongs&year=2023&month=05&day=15
2023,dlsongs,2023-05-10,58,メロウ,須田景凪,https://www.billboard-japan.com/charts/detail?a=dlsongs&year=2023&month=05&day=15
2023,dlsongs,2023-05-10,59,僕のこと,Mrs.GREEN APPLE,https://www.billboard-japan.com/charts/detail?a=dlsongs&year=2023&month=05&day=15
2023,dlsongs,2023-05-10,60,ホワイトノイズ,Official髭男dism,https://www.billboard-japan.com/charts/detail?a=dlsongs&year=2023&month=05&day=15
2023,dlsongs,2023-05-10,60,窓の中から,BUMP OF CHICKEN,https://www.billboard-japan.com/charts/detail?a=dlsongs&year=2023&month=05&day=15
2023,dlsongs,2023-05-10,62,uni-verse,オーイシマサヨシ,https://www.billboard-japan.com/charts/detail?a=dlsongs&year=2023&month=05&day=15
2023,dlsongs,2023-05-10,63,Super,SEVENTEEN,https://www.billboard-japan.com/charts/detail?a=dlsongs&year=2023&month=05&day=15
2023,dlsongs,2023-05-10,64,私は最強 (ウタ from ONE PIECE FILM RED),Ado,https://www.billboard-japan.com/charts/detail?a=dlsongs&year=2023&month=05&day=15
2023,dlsongs,2023-05-10,65,what's your message ?,小田和正,https://www.billboard-japan.com/charts/detail?a=dlsongs&year=2023&month=05&day=15
2023,dlsongs,2023-05-10,66,Habit,SEKAI NO OWARI,https://www.billboard-japan.com/charts/detail?a=dlsongs&year=2023&month=05&day=15
2023,dlsongs,2023-05-10,67,水平線,back number,https://www.billboard-japan.com/charts/detail?a=dlsongs&year=2023&month=05&day=15
2023,dlsongs,2023-05-10,68,Glory Steady Go!,ワンダーランズ×ショウタイム,https://www.billboard-japan.com/charts/detail?a=dlsongs&year=2023&month=05&day=15
2023,dlsongs,2023-05-10,69,かくれんぼ,AliA,https://www.billboard-japan.com/charts/detail?a=dlsongs&year=2023&month=05&day=15
2023,dlsongs,2023-05-10,70,あてもなく,Aimer(エメ),https://www.billboard-japan.com/charts/detail?a=dlsongs&year=2023&month=05&day=15
2023,dlsongs,2023-05-10,70,ビリミリオン,優里,https://www.billboard-japan.com/charts/detail?a=dlsongs&year=2023&month=05&day=15
2023,dlsongs,2023-05-10,72,とある英雄たちの物語,アンティーカ,https://www.billboard-japan.com/charts/detail?a=dlsongs&year=2023&month=05&day=15
2023,dlsongs,2023-05-10,73,LONGINESS REMIX,"SugLawd Familiar, CHICO CARLITO & Awich",https://www.billboard-japan.com/charts/detail?a=dlsongs&year=2023&month=05&day=15
2023,dlsongs,2023-05-10,74,Blind Love,&TEAM,https://www.billboard-japan.com/charts/detail?a=dlsongs&year=2023&month=05&day=15
2023,dlsongs,2023-05-10,75,Paradise,NiziU,https://www.billboard-japan.com/charts/detail?a=dlsongs&year=2023&month=05&day=15
2023,dlsongs,2023-05-10,76,群青,YOASOBI,https://www.billboard-japan.com/charts/detail?a=dlsongs&year=2023&month=05&day=15
2023,dlsongs,2023-05-10,77,インフェルノ,Mrs.GREEN APPLE,https://www.billboard-japan.com/charts/detail?a=dlsongs&year=2023&month=05&day=15
2023,dlsongs,2023-05-10,78,ドライフラワー,優里,https://www.billboard-japan.com/charts/detail?a=dlsongs&year=2023&month=05&day=15
2023,dlsongs,2023-05-10,79,INTERNET YAMERO,Aiobahn feat. KOTOKO,https://www.billboard-japan.com/charts/detail?a=dlsongs&year=2023&month=05&day=15
2023,dlsongs,2023-05-10,80,Be The MUSIC!,「All Music MIKUdemy」一同,https://www.billboard-japan.com/charts/detail?a=dlsongs&year=2023&month=05&day=15
2023,dlsongs,2023-05-10,81,I AM,IVE,https://www.billboard-japan.com/charts/detail?a=dlsongs&year=2023&month=05&day=15
2023,dlsongs,2023-05-10,82,NIGHT DANCER,imase,https://www.billboard-japan.com/charts/detail?a=dlsongs&year=2023&month=05&day=15
2023,dlsongs,2023-05-10,83,Boom Boom Back,BE:FIRST,https://www.billboard-japan.com/charts/detail?a=dlsongs&year=2023&month=05&day=15
2023,dlsongs,2023-05-10,84,全力キング,古川貴之,https://www.billboard-japan.com/charts/detail?a=dlsongs&year=2023&month=05&day=15
2023,dlsongs,2023-05-10,85,有頂天猫,キヨ,https://www.billboard-japan.com/charts/detail?a=dlsongs&year=2023&month=05&day=15
2023,dlsongs,2023-05-10,86,16BOOSTERZ,THE RAMPAGE from EXILE TRIBE,https://www.billboard-japan.com/charts/detail?a=dlsongs&year=2023&month=05&day=15
2023,dlsongs,2023-05-10,86,SOUVENIR,BUMP OF CHICKEN,https://www.billboard-japan.com/charts/detail?a=dlsongs&year=2023&month=05&day=15
2023,dlsongs,2023-05-10,88,grace,藤井風,https://www.billboard-japan.com/charts/detail?a=dlsongs&year=2023&month=05&day=15
2023,dlsongs,2023-05-10,89,I'M A RAT,Hi-STANDARD,https://www.billboard-japan.com/charts/detail?a=dlsongs&year=2023&month=05&day=15
2023,dlsongs,2023-05-10,90,Sign of Hope,南条光(神谷早矢佳),https://www.billboard-japan.com/charts/detail?a=dlsongs&year=2023&month=05&day=15
2023,dlsongs,2023-05-10,91,リビング・イン・カラー,(ディズニー),https://www.billboard-japan.com/charts/detail?a=dlsongs&year=2023&month=05&day=15
2023,dlsongs,2023-05-10,92,"トウキョウ・シャンディ・ランデヴ feat. 花譜, ツミキ",MAISONdes,https://www.billboard-japan.com/charts/detail?a=dlsongs&year=2023&month=05&day=15
2023,dlsongs,2023-05-10,93,ブレーメン feat. 優里,BAK,https://www.billboard-japan.com/charts/detail?a=dlsongs&year=2023&month=05&day=15
2023,dlsongs,2023-05-10,94,点描の唄 feat.井上苑子,Mrs.GREEN APPLE,https://www.billboard-japan.com/charts/detail?a=dlsongs&year=2023&month=05&day=15
2023,dlsongs,2023-05-10,95,ジャンボリミッキー!,(ディズニー),https://www.billboard-japan.com/charts/detail?a=dlsongs&year=2023&month=05&day=15
2023,dlsongs,2023-05-10,96,踊り子,Vaundy,https://www.billboard-japan.com/charts/detail?a=dlsongs&year=2023&month=05&day=15
2023,dlsongs,2023-05-10,97,高嶺の花子さん,back number,https://www.billboard-japan.com/charts/detail?a=dlsongs&year=2023&month=05&day=15
2023,dlsongs,2023-05-10,98,星月夜,由薫,https://www.billboard-japan.com/charts/detail?a=dlsongs&year=2023&month=05&day=15
2023,dlsongs,2023-05-10,98,Cantabile,Novelbright,https://www.billboard-japan.com/charts/detail?a=dlsongs&year=2023&month=05&day=15
2023,dlsongs,2023-05-10,100,ショウタイム・ルーラー,ワンダーランズ×ショウタイム,https://www.billboard-japan.com/charts/detail?a=dlsongs&year=2023&month=05&day=15
2023,dlsongs,2023-05-10,100,リベレイシング/アロン -LiberaSing Along-,"如月千早(今井麻美),木下ひなた(田村奈央),天空橋朋花(小岩井ことり),徳川まつり(諏訪彩花),馬場このみ(高橋ミナミ)",https://www.billboard-japan.com/charts/detail?a=dlsongs&year=2023&month=05&day=15
2023,dlsongs,2023-05-17,1,アイドル,YOASOBI,https://www.billboard-japan.com/charts/detail?a=dlsongs&year=2023&month=05&day=22
2023,dlsongs,2023-05-17,2,The Planet,BTS,https://www.billboard-japan.com/charts/detail?a=dlsongs&year=2023&month=05&day=22
2023,dlsongs,2023-05-17,3,絆ノ奇跡,MAN WITH A MISSION×milet,https://www.billboard-japan.com/charts/detail?a=dlsongs&year=2023&month=05&day=22
2023,dlsongs,2023-05-17,4,Glorious Moment!,"ナリタトップロード(中村カンナ),アドマイヤベガ(咲々木瞳),テイエムオペラオー(徳井青空)",https://www.billboard-japan.com/charts/detail?a=dlsongs&year=2023&month=05&day=22
2023,dlsongs,2023-05-17,5,いばら,Ado,https://www.billboard-japan.com/charts/detail?a=dlsongs&year=2023&month=05&day=22
2023,dlsongs,2023-05-17,6,斜陽,ヨルシカ,https://www.billboard-japan.com/charts/detail?a=dlsongs&year=2023&month=05&day=22
2023,dlsongs,2023-05-17,7,心得,Uru,https://www.billboard-japan.com/charts/detail?a=dlsongs&year=2023&month=05&day=22
2023,dlsongs,2023-05-17,8,美しい鰭,スピッツ,https://www.billboard-japan.com/charts/detail?a=dlsongs&year=2023&month=05&day=22
2023,dlsongs,2023-05-17,9,Vivid,MAZZEL,https://www.billboard-japan.com/charts/detail?a=dlsongs&year=2023&month=05&day=22
2023,dlsongs,2023-05-17,10,コイコガレ,milet×MAN WITH A MISSION,https://www.billboard-japan.com/charts/detail?a=dlsongs&year=2023&month=05&day=22
2023,dlsongs,2023-05-17,11,TATTOO,Official髭男dism,https://www.billboard-japan.com/charts/detail?a=dlsongs&year=2023&month=05&day=22
2023,dlsongs,2023-05-17,12,slash,yama,https://www.billboard-japan.com/charts/detail?a=dlsongs&year=2023&month=05&day=22
2023,dlsongs,2023-05-17,13,ケセラセラ,Mrs.GREEN APPLE,https://www.billboard-japan.com/charts/detail?a=dlsongs&year=2023&month=05&day=22
2023,dlsongs,2023-05-17,14,愛の花,あいみょん,https://www.billboard-japan.com/charts/detail?a=dlsongs&year=2023&month=05&day=22
2023,dlsongs,2023-05-17,15,第ゼロ感,10-FEET,https://www.billboard-japan.com/charts/detail?a=dlsongs&year=2023&month=05&day=22
2023,dlsongs,2023-05-17,16,オトナブルー,新しい学校のリーダーズ,https://www.billboard-japan.com/charts/detail?a=dlsongs&year=2023&month=05&day=22
2023,dlsongs,2023-05-17,17,メフィスト,女王蜂,https://www.billboard-japan.com/charts/detail?a=dlsongs&year=2023&month=05&day=22
2023,dlsongs,2023-05-17,18,怪獣の花唄,Vaundy,https://www.billboard-japan.com/charts/detail?a=dlsongs&year=2023&month=05&day=22
2023,dlsongs,2023-05-17,19,Nightwear,"速水奏(飯田友子),塩見周子(ルゥティン),城ヶ崎美嘉(佳村はるか),一ノ瀬志希(藍原ことみ),宮本フレデリカ(高野麻美)",https://www.billboard-japan.com/charts/detail?a=dlsongs&year=2023&month=05&day=22
2023,dlsongs,2023-05-17,20,恋心-Rest in Peace-,rionos,https://www.billboard-japan.com/charts/detail?a=dlsongs&year=2023&month=05&day=22
2023,dlsongs,2023-05-17,21,当事者,EGOIST,https://www.billboard-japan.com/charts/detail?a=dlsongs&year=2023&month=05&day=22
2023,dlsongs,2023-05-17,22,I'm a mess,MY FIRST STORY,https://www.billboard-japan.com/charts/detail?a=dlsongs&year=2023&month=05&day=22
2023,dlsongs,2023-05-17,23,イチバン星が駆ける空,"ナリタトップロード(中村カンナ),アドマイヤベガ(咲々木瞳),テイエムオペラオー(徳井青空)",https://www.billboard-japan.com/charts/detail?a=dlsongs&year=2023&month=05&day=22
2023,dlsongs,2023-05-17,24,祝福,YOASOBI,https://www.billboard-japan.com/charts/detail?a=dlsongs&year=2023&month=05&day=22
2023,dlsongs,2023-05-17,25,W●RK,millennium parade × 椎名林檎,https://www.billboard-japan.com/charts/detail?a=dlsongs&year=2023&month=05&day=22
2023,dlsongs,2023-05-17,26,セブンティーン,YOASOBI,https://www.billboard-japan.com/charts/detail?a=dlsongs&year=2023&month=05&day=22
2023,dlsongs,2023-05-17,27,幻想都市,麻枝准 & やなぎなぎ,https://www.billboard-japan.com/charts/detail?a=dlsongs&year=2023&month=05&day=22
2023,dlsongs,2023-05-17,28,Subtitle,Official髭男dism,https://www.billboard-japan.com/charts/detail?a=dlsongs&year=2023&month=05&day=22
2023,dlsongs,2023-05-17,29,Symphony,平井大,https://www.billboard-japan.com/charts/detail?a=dlsongs&year=2023&month=05&day=22
2023,dlsongs,2023-05-17,30,Red:birthmark,アイナ・ジ・エンド,https://www.billboard-japan.com/charts/detail?a=dlsongs&year=2023&month=05&day=22
2023,dlsongs,2023-05-17,31,Hare Hare,TWICE,https://www.billboard-japan.com/charts/detail?a=dlsongs&year=2023&month=05&day=22
2023,dlsongs,2023-05-17,32,UNFORGIVEN (feat. Nile Rodgers),LE SSERAFIM,https://www.billboard-japan.com/charts/detail?a=dlsongs&year=2023&month=05&day=22
2023,dlsongs,2023-05-17,33,ダンスホール,Mrs.GREEN APPLE,https://www.billboard-japan.com/charts/detail?a=dlsongs&year=2023&month=05&day=22
2023,dlsongs,2023-05-17,34,紙一重,Uru,https://www.billboard-japan.com/charts/detail?a=dlsongs&year=2023&month=05&day=22
2023,dlsongs,2023-05-17,35,奇縁ロマンス,ナナヲアカリ,https://www.billboard-japan.com/charts/detail?a=dlsongs&year=2023&month=05&day=22
2023,dlsongs,2023-05-17,36,KICK BACK,米津玄師,https://www.billboard-japan.com/charts/detail?a=dlsongs&year=2023&month=05&day=22
2023,dlsongs,2023-05-17,37,LIFE,GReeeeN,https://www.billboard-japan.com/charts/detail?a=dlsongs&year=2023&month=05&day=22
2023,dlsongs,2023-05-17,38,あてもなく,Aimer(エメ),https://www.billboard-japan.com/charts/detail?a=dlsongs&year=2023&month=05&day=22
2023,dlsongs,2023-05-17,39,In this world,ジェジュン,https://www.billboard-japan.com/charts/detail?a=dlsongs&year=2023&month=05&day=22
2023,dlsongs,2023-05-17,40,有彩色ユリイカ,アンティーカ,https://www.billboard-japan.com/charts/detail?a=dlsongs&year=2023&month=05&day=22
2023,dlsongs,2023-05-17,41,うそつき,緑黄色社会,https://www.billboard-japan.com/charts/detail?a=dlsongs&year=2023&month=05&day=22
2023,dlsongs,2023-05-17,42,Unsung Heroes,アンティーカ,https://www.billboard-japan.com/charts/detail?a=dlsongs&year=2023&month=05&day=22
2023,dlsongs,2023-05-17,43,Like a Shooting Star,アドマイヤベガ(咲々木瞳),https://www.billboard-japan.com/charts/detail?a=dlsongs&year=2023&month=05&day=22
2023,dlsongs,2023-05-17,44,LADY,米津玄師,https://www.billboard-japan.com/charts/detail?a=dlsongs&year=2023&month=05&day=22
2023,dlsongs,2023-05-17,45,可愛くてごめん feat. ちゅーたん(早見沙織),HoneyWorks,https://www.billboard-japan.com/charts/detail?a=dlsongs&year=2023&month=05&day=22
2023,dlsongs,2023-05-17,46,とある英雄たちの物語,アンティーカ,https://www.billboard-japan.com/charts/detail?a=dlsongs&year=2023&month=05&day=22
2023,dlsongs,2023-05-17,47,Ruby Love,Eve,https://www.billboard-japan.com/charts/detail?a=dlsongs&year=2023&month=05&day=22
2023,dlsongs,2023-05-17,48,新時代 (ウタ from ONE PIECE FILM RED),Ado,https://www.billboard-japan.com/charts/detail?a=dlsongs&year=2023&month=05&day=22
2023,dlsongs,2023-05-17,49,ドキメキダイアリー (feat.Chinozo),asmi,https://www.billboard-japan.com/charts/detail?a=dlsongs&year=2023&month=05&day=22
2023,dlsongs,2023-05-17,50,ミックスナッツ,Official髭男dism,https://www.billboard-japan.com/charts/detail?a=dlsongs&year=2023&month=05&day=22
2023,dlsongs,2023-05-17,51,メロウ,須田景凪,https://www.billboard-japan.com/charts/detail?a=dlsongs&year=2023&month=05&day=22
2023,dlsongs,2023-05-17,52,逆転劇,月詠み,https://www.billboard-japan.com/charts/detail?a=dlsongs&year=2023&month=05&day=22
2023,dlsongs,2023-05-17,53,ワールドワイドワンダー,MORE MORE JUMP!,https://www.billboard-japan.com/charts/detail?a=dlsongs&year=2023&month=05&day=22
2023,dlsongs,2023-05-17,54,"ONCE MORE, I CAN",ナリタトップロード(中村カンナ),https://www.billboard-japan.com/charts/detail?a=dlsongs&year=2023&month=05&day=22
2023,dlsongs,2023-05-17,55,Melting Rouge Soul,Adam,https://www.billboard-japan.com/charts/detail?a=dlsongs&year=2023&month=05&day=22
2023,dlsongs,2023-05-17,56,アレキシサイミアスペア,凛として時雨,https://www.billboard-japan.com/charts/detail?a=dlsongs&year=2023&month=05&day=22
2023,dlsongs,2023-05-17,57,Overdose,なとり,https://www.billboard-japan.com/charts/detail?a=dlsongs&year=2023&month=05&day=22
2023,dlsongs,2023-05-17,58,Believer,Zhang Zhehan,https://www.billboard-japan.com/charts/detail?a=dlsongs&year=2023&month=05&day=22
2023,dlsongs,2023-05-17,59,僕のこと,Mrs.GREEN APPLE,https://www.billboard-japan.com/charts/detail?a=dlsongs&year=2023&month=05&day=22
2023,dlsongs,2023-05-17,60,After 5 Crash / Tokyo Tower / 初恋,角松敏生,https://www.billboard-japan.com/charts/detail?a=dlsongs&year=2023&month=05&day=22
2023,dlsongs,2023-05-17,61,残響散歌,Aimer(エメ),https://www.billboard-japan.com/charts/detail?a=dlsongs&year=2023&month=05&day=22
2023,dlsongs,2023-05-17,62,STAR,いきものがかり,https://www.billboard-japan.com/charts/detail?a=dlsongs&year=2023&month=05&day=22
2023,dlsongs,2023-05-17,63,サラバ,SEKAI NO OWARI,https://www.billboard-japan.com/charts/detail?a=dlsongs&year=2023&month=05&day=22
2023,dlsongs,2023-05-17,64,Walk This Way feat.AKLO,ZORN,https://www.billboard-japan.com/charts/detail?a=dlsongs&year=2023&month=05&day=22
2023,dlsongs,2023-05-17,65,アドベンチャー,YOASOBI,https://www.billboard-japan.com/charts/detail?a=dlsongs&year=2023&month=05&day=22
2023,dlsongs,2023-05-17,66,Smile Again,BE:FIRST,https://www.billboard-japan.com/charts/detail?a=dlsongs&year=2023&month=05&day=22
2023,dlsongs,2023-05-17,67,Don't ever say love me (feat. RM of BTS),Colde,https://www.billboard-japan.com/charts/detail?a=dlsongs&year=2023&month=05&day=22
2023,dlsongs,2023-05-17,68,スターマイン,Da-iCE,https://www.billboard-japan.com/charts/detail?a=dlsongs&year=2023&month=05&day=22
2023,dlsongs,2023-05-17,69,青と夏,Mrs.GREEN APPLE,https://www.billboard-japan.com/charts/detail?a=dlsongs&year=2023&month=05&day=22
2023,dlsongs,2023-05-17,70,Spicy,aespa,https://www.billboard-japan.com/charts/detail?a=dlsongs&year=2023&month=05&day=22
2023,dlsongs,2023-05-17,71,酔いどれ知らず,Kanaria,https://www.billboard-japan.com/charts/detail?a=dlsongs&year=2023&month=05&day=22
2023,dlsongs,2023-05-17,72,Monochrome - Piano ver. - from THE FIRST TAKE,BABYMETAL,https://www.billboard-japan.com/charts/detail?a=dlsongs&year=2023&month=05&day=22
2023,dlsongs,2023-05-17,73,ちゅ、多様性。,ano,https://www.billboard-japan.com/charts/detail?a=dlsongs&year=2023&month=05&day=22
2023,dlsongs,2023-05-17,74,私は最強 (ウタ from ONE PIECE FILM RED),Ado,https://www.billboard-japan.com/charts/detail?a=dlsongs&year=2023&month=05&day=22
2023,dlsongs,2023-05-17,75,メタモリボン,MORE MORE JUMP!,https://www.billboard-japan.com/charts/detail?a=dlsongs&year=2023&month=05&day=22
2023,dlsongs,2023-05-17,75,W / X / Y,Tani Yuuki,https://www.billboard-japan.com/charts/detail?a=dlsongs&year=2023&month=05&day=22
2023,dlsongs,2023-05-17,77,Forever gold,テイエムオペラオー(徳井青空),https://www.billboard-japan.com/charts/detail?a=dlsongs&year=2023&month=05&day=22
2023,dlsongs,2023-05-17,78,かくれんぼ,AliA,https://www.billboard-japan.com/charts/detail?a=dlsongs&year=2023&month=05&day=22
2023,dlsongs,2023-05-17,79,ダンデライオン,Da-iCE,https://www.billboard-japan.com/charts/detail?a=dlsongs&year=2023&month=05&day=22
2023,dlsongs,2023-05-17,80,それを愛と呼ぶなら,Uru,https://www.billboard-japan.com/charts/detail?a=dlsongs&year=2023&month=05&day=22
2023,dlsongs,2023-05-17,80,GO & SEE MY LOVE T-Remix,角松敏生,https://www.billboard-japan.com/charts/detail?a=dlsongs&year=2023&month=05&day=22
2023,dlsongs,2023-05-17,82,INTERNET YAMERO,Aiobahn feat. KOTOKO,https://www.billboard-japan.com/charts/detail?a=dlsongs&year=2023&month=05&day=22
2023,dlsongs,2023-05-17,83,WAVE,IVE,https://www.billboard-japan.com/charts/detail?a=dlsongs&year=2023&month=05&day=22
2023,dlsongs,2023-05-17,84,Mr.FORTUNE,龍宮城,https://www.billboard-japan.com/charts/detail?a=dlsongs&year=2023&month=05&day=22
2023,dlsongs,2023-05-17,85,STORM 2021,JAM Project,https://www.billboard-japan.com/charts/detail?a=dlsongs&year=2023&month=05&day=22
2023,dlsongs,2023-05-17,86,群青,YOASOBI,https://www.billboard-japan.com/charts/detail?a=dlsongs&year=2023&month=05&day=22
2023,dlsongs,2023-05-17,87,THE ONE - Unfinished ver. - from THE FIRST TAKE,BABYMETAL,https://www.billboard-japan.com/charts/detail?a=dlsongs&year=2023&month=05&day=22
2023,dlsongs,2023-05-17,87,Habit,SEKAI NO OWARI,https://www.billboard-japan.com/charts/detail?a=dlsongs&year=2023&month=05&day=22
2023,dlsongs,2023-05-17,89,Mela!,緑黄色社会,https://www.billboard-japan.com/charts/detail?a=dlsongs&year=2023&month=05&day=22
2023,dlsongs,2023-05-17,90,RAISE INSIGHT,WANDS,https://www.billboard-japan.com/charts/detail?a=dlsongs&year=2023&month=05&day=22
2023,dlsongs,2023-05-17,91,ゼッタイトナリ…!,メイショウドトウ(和多田美咲),https://www.billboard-japan.com/charts/detail?a=dlsongs&year=2023&month=05&day=22
2023,dlsongs,2023-05-17,92,不思議,星野源,https://www.billboard-japan.com/charts/detail?a=dlsongs&year=2023&month=05&day=22
2023,dlsongs,2023-05-17,93,空噪wired,Aimer(エメ),https://www.billboard-japan.com/charts/detail?a=dlsongs&year=2023&month=05&day=22
2023,dlsongs,2023-05-17,94,The Best Day,moumoon,https://www.billboard-japan.com/charts/detail?a=dlsongs&year=2023&month=05&day=22
2023,dlsongs,2023-05-17,95,インフェルノ,Mrs.GREEN APPLE,https://www.billboard-japan.com/charts/detail?a=dlsongs&year=2023&month=05&day=22
2023,dlsongs,2023-05-17,96,ビリミリオン,優里,https://www.billboard-japan.com/charts/detail?a=dlsongs&year=2023&month=05&day=22
2023,dlsongs,2023-05-17,96,Drip,-真天地開闢集団-ジグザグ,https://www.billboard-japan.com/charts/detail?a=dlsongs&year=2023&month=05&day=22
2023,dlsongs,2023-05-17,98,グラデーション,SUPER BEAVER,https://www.billboard-japan.com/charts/detail?a=dlsongs&year=2023&month=05&day=22
2023,dlsongs,2023-05-17,99,Life is a song,Aimer(エメ),https://www.billboard-japan.com/charts/detail?a=dlsongs&year=2023&month=05&day=22
2023,dlsongs,2023-05-17,100,Cantabile,Novelbright,https://www.billboard-japan.com/charts/detail?a=dlsongs&year=2023&month=05&day=22
2023,dlsongs,2023-05-24,1,Moving Pieces,Travis Japan,https://www.billboard-japan.com/charts/detail?a=dlsongs&year=2023&month=05&day=29
2023,dlsongs,2023-05-24,2,アイドル,YOASOBI,https://www.billboard-japan.com/charts/detail?a=dlsongs&year=2023&month=05&day=29
2023,dlsongs,2023-05-24,3,絆ノ奇跡,MAN WITH A MISSION×milet,https://www.billboard-japan.com/charts/detail?a=dlsongs&year=2023&month=05&day=29
2023,dlsongs,2023-05-24,4,美しい鰭,スピッツ,https://www.billboard-japan.com/charts/detail?a=dlsongs&year=2023&month=05&day=29
2023,dlsongs,2023-05-24,5,心得,Uru,https://www.billboard-japan.com/charts/detail?a=dlsongs&year=2023&month=05&day=29
2023,dlsongs,2023-05-24,6,エンジェル・PT. 1,"コダック・ブラック & NLE・チョッパー (feat. JIMIN FROM BTS,ジェイク & マニー・ロング)",https://www.billboard-japan.com/charts/detail?a=dlsongs&year=2023&month=05&day=29
2023,dlsongs,2023-05-24,7,死にゆく季節のきみへ,麻枝准 & やなぎなぎ,https://www.billboard-japan.com/charts/detail?a=dlsongs&year=2023&month=05&day=29
2023,dlsongs,2023-05-24,8,コイコガレ,milet×MAN WITH A MISSION,https://www.billboard-japan.com/charts/detail?a=dlsongs&year=2023&month=05&day=29
2023,dlsongs,2023-05-24,9,TATTOO,Official髭男dism,https://www.billboard-japan.com/charts/detail?a=dlsongs&year=2023&month=05&day=29
2023,dlsongs,2023-05-24,10,The Planet,BTS,https://www.billboard-japan.com/charts/detail?a=dlsongs&year=2023&month=05&day=29
2023,dlsongs,2023-05-24,11,第ゼロ感,10-FEET,https://www.billboard-japan.com/charts/detail?a=dlsongs&year=2023&month=05&day=29
2023,dlsongs,2023-05-24,12,メフィスト,女王蜂,https://www.billboard-japan.com/charts/detail?a=dlsongs&year=2023&month=05&day=29
2023,dlsongs,2023-05-24,13,ヒカリミチ,ももいろクローバーZ,https://www.billboard-japan.com/charts/detail?a=dlsongs&year=2023&month=05&day=29
2023,dlsongs,2023-05-24,14,ターコイズ,SEKAI NO OWARI,https://www.billboard-japan.com/charts/detail?a=dlsongs&year=2023&month=05&day=29
2023,dlsongs,2023-05-24,15,ケセラセラ,Mrs.GREEN APPLE,https://www.billboard-japan.com/charts/detail?a=dlsongs&year=2023&month=05&day=29
2023,dlsongs,2023-05-24,16,オトナブルー,新しい学校のリーダーズ,https://www.billboard-japan.com/charts/detail?a=dlsongs&year=2023&month=05&day=29
2023,dlsongs,2023-05-24,17,Pieces of The World,IDOLiSH7 / TRIGGER / Re:vale / ZOOL,https://www.billboard-japan.com/charts/detail?a=dlsongs&year=2023&month=05&day=29
2023,dlsongs,2023-05-24,18,愛の花,あいみょん,https://www.billboard-japan.com/charts/detail?a=dlsongs&year=2023&month=05&day=29
2023,dlsongs,2023-05-24,19,アヤナスピネル,IDOLiSH7,https://www.billboard-japan.com/charts/detail?a=dlsongs&year=2023&month=05&day=29
2023,dlsongs,2023-05-24,20,slash,yama,https://www.billboard-japan.com/charts/detail?a=dlsongs&year=2023&month=05&day=29
2023,dlsongs,2023-05-24,21,いばら,Ado,https://www.billboard-japan.com/charts/detail?a=dlsongs&year=2023&month=05&day=29
2023,dlsongs,2023-05-24,22,怪獣の花唄,Vaundy,https://www.billboard-japan.com/charts/detail?a=dlsongs&year=2023&month=05&day=29
2023,dlsongs,2023-05-24,23,斜陽,ヨルシカ,https://www.billboard-japan.com/charts/detail?a=dlsongs&year=2023&month=05&day=29
2023,dlsongs,2023-05-24,24,Vivid,MAZZEL,https://www.billboard-japan.com/charts/detail?a=dlsongs&year=2023&month=05&day=29
2023,dlsongs,2023-05-24,25,幻想都市,麻枝准 & やなぎなぎ,https://www.billboard-japan.com/charts/detail?a=dlsongs&year=2023&month=05&day=29
2023,dlsongs,2023-05-24,26,I'm a mess,MY FIRST STORY,https://www.billboard-japan.com/charts/detail?a=dlsongs&year=2023&month=05&day=29
2023,dlsongs,2023-05-24,27,skylark,渡会雲雀,https://www.billboard-japan.com/charts/detail?a=dlsongs&year=2023&month=05&day=29
2023,dlsongs,2023-05-24,28,W●RK,millennium parade × 椎名林檎,https://www.billboard-japan.com/charts/detail?a=dlsongs&year=2023&month=05&day=29
2023,dlsongs,2023-05-24,29,不法侵入,ずっと真夜中でいいのに。,https://www.billboard-japan.com/charts/detail?a=dlsongs&year=2023&month=05&day=29
2023,dlsongs,2023-05-24,30,祝福,YOASOBI,https://www.billboard-japan.com/charts/detail?a=dlsongs&year=2023&month=05&day=29
2023,dlsongs,2023-05-24,31,Glorious Moment!,"ナリタトップロード(中村カンナ),アドマイヤベガ(咲々木瞳),テイエムオペラオー(徳井青空)",https://www.billboard-japan.com/charts/detail?a=dlsongs&year=2023&month=05&day=29
2023,dlsongs,2023-05-24,32,当事者,EGOIST,https://www.billboard-japan.com/charts/detail?a=dlsongs&year=2023&month=05&day=29
2023,dlsongs,2023-05-24,33,Subtitle,Official髭男dism,https://www.billboard-japan.com/charts/detail?a=dlsongs&year=2023&month=05&day=29
2023,dlsongs,2023-05-24,34,FANFARE,INI,https://www.billboard-japan.com/charts/detail?a=dlsongs&year=2023&month=05&day=29
2023,dlsongs,2023-05-24,35,ときめきpart1,スピッツ,https://www.billboard-japan.com/charts/detail?a=dlsongs&year=2023&month=05&day=29
2023,dlsongs,2023-05-24,36,Hare Hare,TWICE,https://www.billboard-japan.com/charts/detail?a=dlsongs&year=2023&month=05&day=29
2023,dlsongs,2023-05-24,37,Spicy Girl,玉井詩織,https://www.billboard-japan.com/charts/detail?a=dlsongs&year=2023&month=05&day=29
2023,dlsongs,2023-05-24,38,JAGUAR BEAT,"礼真琴,舞空瞳,瀬央ゆりあ,ほか",https://www.billboard-japan.com/charts/detail?a=dlsongs&year=2023&month=05&day=29
2023,dlsongs,2023-05-24,39,紙一重,Uru,https://www.billboard-japan.com/charts/detail?a=dlsongs&year=2023&month=05&day=29
2023,dlsongs,2023-05-24,40,青と夏,Mrs.GREEN APPLE,https://www.billboard-japan.com/charts/detail?a=dlsongs&year=2023&month=05&day=29
2023,dlsongs,2023-05-24,41,ワルイコソーラン,新しいワルイコ合唱団,https://www.billboard-japan.com/charts/detail?a=dlsongs&year=2023&month=05&day=29
2023,dlsongs,2023-05-24,42,サラバ,SEKAI NO OWARI,https://www.billboard-japan.com/charts/detail?a=dlsongs&year=2023&month=05&day=29
2023,dlsongs,2023-05-24,43,ダンスホール,Mrs.GREEN APPLE,https://www.billboard-japan.com/charts/detail?a=dlsongs&year=2023&month=05&day=29
2023,dlsongs,2023-05-24,44,セブンティーン,YOASOBI,https://www.billboard-japan.com/charts/detail?a=dlsongs&year=2023&month=05&day=29
2023,dlsongs,2023-05-24,45,スターマイン,Da-iCE,https://www.billboard-japan.com/charts/detail?a=dlsongs&year=2023&month=05&day=29
2023,dlsongs,2023-05-24,46,2〇45,millennium parade × 椎名林檎,https://www.billboard-japan.com/charts/detail?a=dlsongs&year=2023&month=05&day=29
2023,dlsongs,2023-05-24,47,ジョイフルワンダーランド,佐々木彩夏,https://www.billboard-japan.com/charts/detail?a=dlsongs&year=2023&month=05&day=29
2023,dlsongs,2023-05-24,48,Nightwear,"速水奏(飯田友子),塩見周子(ルゥティン),城ヶ崎美嘉(佳村はるか),一ノ瀬志希(藍原ことみ),宮本フレデリカ(高野麻美)",https://www.billboard-japan.com/charts/detail?a=dlsongs&year=2023&month=05&day=29
2023,dlsongs,2023-05-24,49,Monochrome,BABYMETAL,https://www.billboard-japan.com/charts/detail?a=dlsongs&year=2023&month=05&day=29
2023,dlsongs,2023-05-24,50,魔法のコトバ,スピッツ,https://www.billboard-japan.com/charts/detail?a=dlsongs&year=2023&month=05&day=29
2023,dlsongs,2023-05-24,51,UNFORGIVEN (feat. Nile Rodgers),LE SSERAFIM,https://www.billboard-japan.com/charts/detail?a=dlsongs&year=2023&month=05&day=29
2023,dlsongs,2023-05-24,52,奇縁ロマンス,ナナヲアカリ,https://www.billboard-japan.com/charts/detail?a=dlsongs&year=2023&month=05&day=29
2023,dlsongs,2023-05-24,53,可愛くてごめん feat. ちゅーたん(早見沙織),HoneyWorks,https://www.billboard-japan.com/charts/detail?a=dlsongs&year=2023&month=05&day=29
2023,dlsongs,2023-05-24,54,revelにゃいと,Club キャッテリア Cast,https://www.billboard-japan.com/charts/detail?a=dlsongs&year=2023&month=05&day=29
2023,dlsongs,2023-05-24,55,W / X / Y,Tani Yuuki,https://www.billboard-japan.com/charts/detail?a=dlsongs&year=2023&month=05&day=29
2023,dlsongs,2023-05-24,56,KICK BACK,米津玄師,https://www.billboard-japan.com/charts/detail?a=dlsongs&year=2023&month=05&day=29
2023,dlsongs,2023-05-24,57,メロウ,須田景凪,https://www.billboard-japan.com/charts/detail?a=dlsongs&year=2023&month=05&day=29
2023,dlsongs,2023-05-24,58,Red:birthmark,アイナ・ジ・エンド,https://www.billboard-japan.com/charts/detail?a=dlsongs&year=2023&month=05&day=29
2023,dlsongs,2023-05-24,59,ミックスナッツ,Official髭男dism,https://www.billboard-japan.com/charts/detail?a=dlsongs&year=2023&month=05&day=29
2023,dlsongs,2023-05-24,60,ドキメキダイアリー (feat.Chinozo),asmi,https://www.billboard-japan.com/charts/detail?a=dlsongs&year=2023&month=05&day=29
2023,dlsongs,2023-05-24,61,Symphony,平井大,https://www.billboard-japan.com/charts/detail?a=dlsongs&year=2023&month=05&day=29
2023,dlsongs,2023-05-24,62,うそつき,緑黄色社会,https://www.billboard-japan.com/charts/detail?a=dlsongs&year=2023&month=05&day=29
2023,dlsongs,2023-05-24,63,新時代 (ウタ from ONE PIECE FILM RED),Ado,https://www.billboard-japan.com/charts/detail?a=dlsongs&year=2023&month=05&day=29
2023,dlsongs,2023-05-24,64,アイオライト,Awesome City Club,https://www.billboard-japan.com/charts/detail?a=dlsongs&year=2023&month=05&day=29
2023,dlsongs,2023-05-24,65,CRYSTAL FANTASY,"礼真琴,舞空瞳,瀬央ゆりあ,暁千星,ほか",https://www.billboard-japan.com/charts/detail?a=dlsongs&year=2023&month=05&day=29
2023,dlsongs,2023-05-24,66,残響散歌,Aimer(エメ),https://www.billboard-japan.com/charts/detail?a=dlsongs&year=2023&month=05&day=29
2023,dlsongs,2023-05-24,67,ダンデライオン,Da-iCE,https://www.billboard-japan.com/charts/detail?a=dlsongs&year=2023&month=05&day=29
2023,dlsongs,2023-05-24,68,THE ONE,BABYMETAL,https://www.billboard-japan.com/charts/detail?a=dlsongs&year=2023&month=05&day=29
2023,dlsongs,2023-05-24,69,Ride Wit Us,AK-69,https://www.billboard-japan.com/charts/detail?a=dlsongs&year=2023&month=05&day=29
2023,dlsongs,2023-05-24,70,地球が一枚の板だったら,ReoNa,https://www.billboard-japan.com/charts/detail?a=dlsongs&year=2023&month=05&day=29
2023,dlsongs,2023-05-24,71,RASEN in OKINAWA,"Awich,唾奇, OZworld & CHICO CARLITO",https://www.billboard-japan.com/charts/detail?a=dlsongs&year=2023&month=05&day=29
2023,dlsongs,2023-05-24,72,MIRACLE NEW STORY,Liella!,https://www.billboard-japan.com/charts/detail?a=dlsongs&year=2023&month=05&day=29
2023,dlsongs,2023-05-24,72,逆転劇,月詠み,https://www.billboard-japan.com/charts/detail?a=dlsongs&year=2023&month=05&day=29
2023,dlsongs,2023-05-24,74,LADY,米津玄師,https://www.billboard-japan.com/charts/detail?a=dlsongs&year=2023&month=05&day=29
2023,dlsongs,2023-05-24,75,Walk This Way feat.AKLO,ZORN,https://www.billboard-japan.com/charts/detail?a=dlsongs&year=2023&month=05&day=29
2023,dlsongs,2023-05-24,76,アレキシサイミアスペア,凛として時雨,https://www.billboard-japan.com/charts/detail?a=dlsongs&year=2023&month=05&day=29
2023,dlsongs,2023-05-24,77,かくれんぼ,AliA,https://www.billboard-japan.com/charts/detail?a=dlsongs&year=2023&month=05&day=29
2023,dlsongs,2023-05-24,78,僕のこと,Mrs.GREEN APPLE,https://www.billboard-japan.com/charts/detail?a=dlsongs&year=2023&month=05&day=29
2023,dlsongs,2023-05-24,79,酔いどれ知らず,Kanaria,https://www.billboard-japan.com/charts/detail?a=dlsongs&year=2023&month=05&day=29
2023,dlsongs,2023-05-24,80,Smile Again,BE:FIRST,https://www.billboard-japan.com/charts/detail?a=dlsongs&year=2023&month=05&day=29
2023,dlsongs,2023-05-24,81,Queencard,(G)I-DLE,https://www.billboard-japan.com/charts/detail?a=dlsongs&year=2023&month=05&day=29
2023,dlsongs,2023-05-24,82,群青,YOASOBI,https://www.billboard-japan.com/charts/detail?a=dlsongs&year=2023&month=05&day=29
2023,dlsongs,2023-05-24,83,Mela!,緑黄色社会,https://www.billboard-japan.com/charts/detail?a=dlsongs&year=2023&month=05&day=29
2023,dlsongs,2023-05-24,84,Habit,SEKAI NO OWARI,https://www.billboard-japan.com/charts/detail?a=dlsongs&year=2023&month=05&day=29
2023,dlsongs,2023-05-24,85,アドベンチャー,YOASOBI,https://www.billboard-japan.com/charts/detail?a=dlsongs&year=2023&month=05&day=29
2023,dlsongs,2023-05-24,86,ちゅ、多様性。,ano,https://www.billboard-japan.com/charts/detail?a=dlsongs&year=2023&month=05&day=29
2023,dlsongs,2023-05-24,87,私は最強 (ウタ from ONE PIECE FILM RED),Ado,https://www.billboard-japan.com/charts/detail?a=dlsongs&year=2023&month=05&day=29
2023,dlsongs,2023-05-24,88,Fantasy,MAZZEL,https://www.billboard-japan.com/charts/detail?a=dlsongs&year=2023&month=05&day=29
2023,dlsongs,2023-05-24,89,きらりんっ!,佐々木彩夏,https://www.billboard-japan.com/charts/detail?a=dlsongs&year=2023&month=05&day=29
2023,dlsongs,2023-05-24,90,LONGINESS REMIX,"SugLawd Familiar, CHICO CARLITO & Awich",https://www.billboard-japan.com/charts/detail?a=dlsongs&year=2023&month=05&day=29
2023,dlsongs,2023-05-24,91,パレード(オルキス星ってどんな星?〜夜だから遊びに行こう〜レビュー・オルキス〜美しき日),宝塚歌劇団星組,https://www.billboard-japan.com/charts/detail?a=dlsongs&year=2023&month=05&day=29
2023,dlsongs,2023-05-24,92,インフェルノ,Mrs.GREEN APPLE,https://www.billboard-japan.com/charts/detail?a=dlsongs&year=2023&month=05&day=29
2023,dlsongs,2023-05-24,92,チェリー,スピッツ,https://www.billboard-japan.com/charts/detail?a=dlsongs&year=2023&month=05&day=29
2023,dlsongs,2023-05-24,94,Overdose,なとり,https://www.billboard-japan.com/charts/detail?a=dlsongs&year=2023&month=05&day=29
2023,dlsongs,2023-05-24,95,Starting Over,sumika,https://www.billboard-japan.com/charts/detail?a=dlsongs&year=2023&month=05&day=29
2023,dlsongs,2023-05-24,96,不思議,星野源,https://www.billboard-japan.com/charts/detail?a=dlsongs&year=2023&month=05&day=29
2023,dlsongs,2023-05-24,97,I knew,ロザリーナ,https://www.billboard-japan.com/charts/detail?a=dlsongs&year=2023&month=05&day=29
2023,dlsongs,2023-05-24,98,あてもなく,Aimer(エメ),https://www.billboard-japan.com/charts/detail?a=dlsongs&year=2023&month=05&day=29
2023,dlsongs,2023-05-24,99,INTERNET YAMERO,Aiobahn feat. KOTOKO,https://www.billboard-japan.com/charts/detail?a=dlsongs&year=2023&month=05&day=29
2023,dlsongs,2023-05-24,100,ロビンソン,スピッツ,https://www.billboard-japan.com/charts/detail?a=dlsongs&year=2023&month=05&day=29
2023,dlsongs,2023-05-31,1,アイドル,YOASOBI,https://www.billboard-japan.com/charts/detail?a=dlsongs&year=2023&month=06&day=05
2023,dlsongs,2023-05-31,2,FANFARE,INI,https://www.billboard-japan.com/charts/detail?a=dlsongs&year=2023&month=06&day=05
2023,dlsongs,2023-05-31,3,光の中へ,結束バンド,https://www.billboard-japan.com/charts/detail?a=dlsongs&year=2023&month=06&day=05
2023,dlsongs,2023-05-31,4,青い春と西の空,結束バンド,https://www.billboard-japan.com/charts/detail?a=dlsongs&year=2023&month=06&day=05
2023,dlsongs,2023-05-31,5,絆ノ奇跡,MAN WITH A MISSION×milet,https://www.billboard-japan.com/charts/detail?a=dlsongs&year=2023&month=06&day=05
2023,dlsongs,2023-05-31,6,美しい鰭,スピッツ,https://www.billboard-japan.com/charts/detail?a=dlsongs&year=2023&month=06&day=05
2023,dlsongs,2023-05-31,7,心得,Uru,https://www.billboard-japan.com/charts/detail?a=dlsongs&year=2023&month=06&day=05
2023,dlsongs,2023-05-31,8,メフィスト,女王蜂,https://www.billboard-japan.com/charts/detail?a=dlsongs&year=2023&month=06&day=05
2023,dlsongs,2023-05-31,9,TATTOO,Official髭男dism,https://www.billboard-japan.com/charts/detail?a=dlsongs&year=2023&month=06&day=05
2023,dlsongs,2023-05-31,10,コイコガレ,milet×MAN WITH A MISSION,https://www.billboard-japan.com/charts/detail?a=dlsongs&year=2023&month=06&day=05
2023,dlsongs,2023-05-31,11,第ゼロ感,10-FEET,https://www.billboard-japan.com/charts/detail?a=dlsongs&year=2023&month=06&day=05
2023,dlsongs,2023-05-31,12,怪獣の花唄,Vaundy,https://www.billboard-japan.com/charts/detail?a=dlsongs&year=2023&month=06&day=05
2023,dlsongs,2023-05-31,13,死にゆく季節のきみへ,麻枝准 & やなぎなぎ,https://www.billboard-japan.com/charts/detail?a=dlsongs&year=2023&month=06&day=05
2023,dlsongs,2023-05-31,14,slash,yama,https://www.billboard-japan.com/charts/detail?a=dlsongs&year=2023&month=06&day=05
2023,dlsongs,2023-05-31,15,ケセラセラ,Mrs.GREEN APPLE,https://www.billboard-japan.com/charts/detail?a=dlsongs&year=2023&month=06&day=05
2023,dlsongs,2023-05-31,16,電波感傷,オフィウクス,https://www.billboard-japan.com/charts/detail?a=dlsongs&year=2023&month=06&day=05
2023,dlsongs,2023-05-31,17,オトナブルー,新しい学校のリーダーズ,https://www.billboard-japan.com/charts/detail?a=dlsongs&year=2023&month=06&day=05
2023,dlsongs,2023-05-31,18,NiGHTFALL,IDOLiSH7,https://www.billboard-japan.com/charts/detail?a=dlsongs&year=2023&month=06&day=05
2023,dlsongs,2023-05-31,19,エンジェル・PT. 1,"コダック・ブラック & NLE・チョッパー (feat. JIMIN FROM BTS,ジェイク & マニー・ロング)",https://www.billboard-japan.com/charts/detail?a=dlsongs&year=2023&month=06&day=05
2023,dlsongs,2023-05-31,20,愛の花,あいみょん,https://www.billboard-japan.com/charts/detail?a=dlsongs&year=2023&month=06&day=05
2023,dlsongs,2023-05-31,21,I'm a mess,MY FIRST STORY,https://www.billboard-japan.com/charts/detail?a=dlsongs&year=2023&month=06&day=05
2023,dlsongs,2023-05-31,22,BEAUTIFUL PRAYER,TRIGGER,https://www.billboard-japan.com/charts/detail?a=dlsongs&year=2023&month=06&day=05
2023,dlsongs,2023-05-31,23,STRONGER & STRONGER,ZOOL,https://www.billboard-japan.com/charts/detail?a=dlsongs&year=2023&month=06&day=05
2023,dlsongs,2023-05-31,24,起死廻生,She is Legend,https://www.billboard-japan.com/charts/detail?a=dlsongs&year=2023&month=06&day=05
2023,dlsongs,2023-05-31,25,W●RK,millennium parade × 椎名林檎,https://www.billboard-japan.com/charts/detail?a=dlsongs&year=2023&month=06&day=05
2023,dlsongs,2023-05-31,26,Moving Pieces,Travis Japan,https://www.billboard-japan.com/charts/detail?a=dlsongs&year=2023&month=06&day=05
2023,dlsongs,2023-05-31,27,祝福,YOASOBI,https://www.billboard-japan.com/charts/detail?a=dlsongs&year=2023&month=06&day=05
2023,dlsongs,2023-05-31,28,Pieces of The World,IDOLiSH7 / TRIGGER / Re:vale / ZOOL,https://www.billboard-japan.com/charts/detail?a=dlsongs&year=2023&month=06&day=05
2023,dlsongs,2023-05-31,29,斜陽,ヨルシカ,https://www.billboard-japan.com/charts/detail?a=dlsongs&year=2023&month=06&day=05
2023,dlsongs,2023-05-31,30,Journey,Re:vale,https://www.billboard-japan.com/charts/detail?a=dlsongs&year=2023&month=06&day=05
2023,dlsongs,2023-05-31,31,私は猫の目,椎名林檎,https://www.billboard-japan.com/charts/detail?a=dlsongs&year=2023&month=06&day=05
2023,dlsongs,2023-05-31,32,ターコイズ,SEKAI NO OWARI,https://www.billboard-japan.com/charts/detail?a=dlsongs&year=2023&month=06&day=05
2023,dlsongs,2023-05-31,33,Subtitle,Official髭男dism,https://www.billboard-japan.com/charts/detail?a=dlsongs&year=2023&month=06&day=05
2023,dlsongs,2023-05-31,34,紙一重,Uru,https://www.billboard-japan.com/charts/detail?a=dlsongs&year=2023&month=06&day=05
2023,dlsongs,2023-05-31,35,Glorious Moment!,"ナリタトップロード(中村カンナ),アドマイヤベガ(咲々木瞳),テイエムオペラオー(徳井青空)",https://www.billboard-japan.com/charts/detail?a=dlsongs&year=2023&month=06&day=05
2023,dlsongs,2023-05-31,36,Nightwear,"速水奏(飯田友子),塩見周子(ルゥティン),城ヶ崎美嘉(佳村はるか),一ノ瀬志希(藍原ことみ),宮本フレデリカ(高野麻美)",https://www.billboard-japan.com/charts/detail?a=dlsongs&year=2023&month=06&day=05
2023,dlsongs,2023-05-31,37,スターマイン,Da-iCE,https://www.billboard-japan.com/charts/detail?a=dlsongs&year=2023&month=06&day=05
2023,dlsongs,2023-05-31,38,Red:birthmark,アイナ・ジ・エンド,https://www.billboard-japan.com/charts/detail?a=dlsongs&year=2023&month=06&day=05
2023,dlsongs,2023-05-31,39,NIGHT DANCER,imase,https://www.billboard-japan.com/charts/detail?a=dlsongs&year=2023&month=06&day=05
2023,dlsongs,2023-05-31,40,きらりんっ!,佐々木彩夏,https://www.billboard-japan.com/charts/detail?a=dlsongs&year=2023&month=06&day=05
2023,dlsongs,2023-05-31,41,Bite Me,ENHYPEN,https://www.billboard-japan.com/charts/detail?a=dlsongs&year=2023&month=06&day=05
2023,dlsongs,2023-05-31,42,"Eve, Psyche & The Bluebeard's wife",LE SSERAFIM,https://www.billboard-japan.com/charts/detail?a=dlsongs&year=2023&month=06&day=05
2023,dlsongs,2023-05-31,43,ダンスホール,Mrs.GREEN APPLE,https://www.billboard-japan.com/charts/detail?a=dlsongs&year=2023&month=06&day=05
2023,dlsongs,2023-05-31,44,Moonlight,Zhang Zhehan,https://www.billboard-japan.com/charts/detail?a=dlsongs&year=2023&month=06&day=05
2023,dlsongs,2023-05-31,45,君に捧げる応援歌,HIPPY,https://www.billboard-japan.com/charts/detail?a=dlsongs&year=2023&month=06&day=05
2023,dlsongs,2023-05-31,46,KICK BACK,米津玄師,https://www.billboard-japan.com/charts/detail?a=dlsongs&year=2023&month=06&day=05
2023,dlsongs,2023-05-31,47,青と夏,Mrs.GREEN APPLE,https://www.billboard-japan.com/charts/detail?a=dlsongs&year=2023&month=06&day=05
2023,dlsongs,2023-05-31,48,奇縁ロマンス,ナナヲアカリ,https://www.billboard-japan.com/charts/detail?a=dlsongs&year=2023&month=06&day=05
2023,dlsongs,2023-05-31,49,いばら,Ado,https://www.billboard-japan.com/charts/detail?a=dlsongs&year=2023&month=06&day=05
2023,dlsongs,2023-05-31,50,四季彩 -SHIKISAI-,HIPPY,https://www.billboard-japan.com/charts/detail?a=dlsongs&year=2023&month=06&day=05
2023,dlsongs,2023-05-31,51,可愛くてごめん feat. ちゅーたん(早見沙織),HoneyWorks,https://www.billboard-japan.com/charts/detail?a=dlsongs&year=2023&month=06&day=05
2023,dlsongs,2023-05-31,52,ドキメキダイアリー (feat.Chinozo),asmi,https://www.billboard-japan.com/charts/detail?a=dlsongs&year=2023&month=06&day=05
2023,dlsongs,2023-05-31,53,メロウ,須田景凪,https://www.billboard-japan.com/charts/detail?a=dlsongs&year=2023&month=06&day=05
2023,dlsongs,2023-05-31,54,"Welcome, Future World!!!",IDOLiSH7 / TRIGGER / Re:vale / ZOOL,https://www.billboard-japan.com/charts/detail?a=dlsongs&year=2023&month=06&day=05
2023,dlsongs,2023-05-31,55,セブンティーン,YOASOBI,https://www.billboard-japan.com/charts/detail?a=dlsongs&year=2023&month=06&day=05
2023,dlsongs,2023-05-31,56,当事者,EGOIST,https://www.billboard-japan.com/charts/detail?a=dlsongs&year=2023&month=06&day=05
2023,dlsongs,2023-05-31,57,逆転劇,月詠み,https://www.billboard-japan.com/charts/detail?a=dlsongs&year=2023&month=06&day=05
2023,dlsongs,2023-05-31,57,サラバ,SEKAI NO OWARI,https://www.billboard-japan.com/charts/detail?a=dlsongs&year=2023&month=06&day=05
2023,dlsongs,2023-05-31,59,ミックスナッツ,Official髭男dism,https://www.billboard-japan.com/charts/detail?a=dlsongs&year=2023&month=06&day=05
2023,dlsongs,2023-05-31,60,残響散歌,Aimer(エメ),https://www.billboard-japan.com/charts/detail?a=dlsongs&year=2023&month=06&day=05
2023,dlsongs,2023-05-31,61,さらば純情,椎名林檎,https://www.billboard-japan.com/charts/detail?a=dlsongs&year=2023&month=06&day=05
2023,dlsongs,2023-05-31,62,LADY,米津玄師,https://www.billboard-japan.com/charts/detail?a=dlsongs&year=2023&month=06&day=05
2023,dlsongs,2023-05-31,63,新時代 (ウタ from ONE PIECE FILM RED),Ado,https://www.billboard-japan.com/charts/detail?a=dlsongs&year=2023&month=06&day=05
2023,dlsongs,2023-05-31,64,Starting Over,sumika,https://www.billboard-japan.com/charts/detail?a=dlsongs&year=2023&month=06&day=05
2023,dlsongs,2023-05-31,65,幻想都市,麻枝准 & やなぎなぎ,https://www.billboard-japan.com/charts/detail?a=dlsongs&year=2023&month=06&day=05
2023,dlsongs,2023-05-31,66,カナリア,朝日南アカネ,https://www.billboard-japan.com/charts/detail?a=dlsongs&year=2023&month=06&day=05
2023,dlsongs,2023-05-31,67,それを愛と呼ぶなら,Uru,https://www.billboard-japan.com/charts/detail?a=dlsongs&year=2023&month=06&day=05
2023,dlsongs,2023-05-31,68,UNFORGIVEN (feat. Nile Rodgers),LE SSERAFIM,https://www.billboard-japan.com/charts/detail?a=dlsongs&year=2023&month=06&day=05
2023,dlsongs,2023-05-31,68,綺羅綺羅,Reol,https://www.billboard-japan.com/charts/detail?a=dlsongs&year=2023&month=06&day=05
2023,dlsongs,2023-05-31,70,パラライズ,沙花叉クロヱ,https://www.billboard-japan.com/charts/detail?a=dlsongs&year=2023&month=06&day=05
2023,dlsongs,2023-05-31,71,羽,稲葉浩志,https://www.billboard-japan.com/charts/detail?a=dlsongs&year=2023&month=06&day=05
2023,dlsongs,2023-05-31,72,W / X / Y,Tani Yuuki,https://www.billboard-japan.com/charts/detail?a=dlsongs&year=2023&month=06&day=05
2023,dlsongs,2023-05-31,73,酔いどれ知らず,Kanaria,https://www.billboard-japan.com/charts/detail?a=dlsongs&year=2023&month=06&day=05
2023,dlsongs,2023-05-31,74,ときめきpart1,スピッツ,https://www.billboard-japan.com/charts/detail?a=dlsongs&year=2023&month=06&day=05
2023,dlsongs,2023-05-31,75,かくれんぼ,AliA,https://www.billboard-japan.com/charts/detail?a=dlsongs&year=2023&month=06&day=05
2023,dlsongs,2023-05-31,76,鋼の騎士Q,THE ALFEE,https://www.billboard-japan.com/charts/detail?a=dlsongs&year=2023&month=06&day=05
2023,dlsongs,2023-05-31,77,The Planet,BTS,https://www.billboard-japan.com/charts/detail?a=dlsongs&year=2023&month=06&day=05
2023,dlsongs,2023-05-31,78,アイオライト,Awesome City Club,https://www.billboard-japan.com/charts/detail?a=dlsongs&year=2023&month=06&day=05
2023,dlsongs,2023-05-31,79,TOMORROW EViDENCE,IDOLiSH7 / TRIGGER / Re:vale / ZOOL,https://www.billboard-japan.com/charts/detail?a=dlsongs&year=2023&month=06&day=05
2023,dlsongs,2023-05-31,80,Hare Hare,TWICE,https://www.billboard-japan.com/charts/detail?a=dlsongs&year=2023&month=06&day=05
2023,dlsongs,2023-05-31,81,アドベンチャー,YOASOBI,https://www.billboard-japan.com/charts/detail?a=dlsongs&year=2023&month=06&day=05
2023,dlsongs,2023-05-31,82,群青,YOASOBI,https://www.billboard-japan.com/charts/detail?a=dlsongs&year=2023&month=06&day=05
2023,dlsongs,2023-05-31,83,私は最強 (ウタ from ONE PIECE FILM RED),Ado,https://www.billboard-japan.com/charts/detail?a=dlsongs&year=2023&month=06&day=05
2023,dlsongs,2023-05-31,84,Overdose,なとり,https://www.billboard-japan.com/charts/detail?a=dlsongs&year=2023&month=06&day=05
2023,dlsongs,2023-05-31,85,Walk This Way feat.AKLO,ZORN,https://www.billboard-japan.com/charts/detail?a=dlsongs&year=2023&month=06&day=05
2023,dlsongs,2023-05-31,86,ら・ら・ら,大黒摩季,https://www.billboard-japan.com/charts/detail?a=dlsongs&year=2023&month=06&day=05
2023,dlsongs,2023-05-31,87,Smile Again,BE:FIRST,https://www.billboard-japan.com/charts/detail?a=dlsongs&year=2023&month=06&day=05
2023,dlsongs,2023-05-31,88,春の歌,スピッツ,https://www.billboard-japan.com/charts/detail?a=dlsongs&year=2023&month=06&day=05
2023,dlsongs,2023-05-31,89,I knew,ロザリーナ,https://www.billboard-japan.com/charts/detail?a=dlsongs&year=2023&month=06&day=05
2023,dlsongs,2023-05-31,90,ちゅ、多様性。,ano,https://www.billboard-japan.com/charts/detail?a=dlsongs&year=2023&month=06&day=05
2023,dlsongs,2023-05-31,91,夜に駆ける,YOASOBI,https://www.billboard-japan.com/charts/detail?a=dlsongs&year=2023&month=06&day=05
2023,dlsongs,2023-05-31,92,KANASHIBARI (feat. ao),RADWIMPS,https://www.billboard-japan.com/charts/detail?a=dlsongs&year=2023&month=06&day=05
2023,dlsongs,2023-05-31,93,INTERNET YAMERO,Aiobahn feat. KOTOKO,https://www.billboard-japan.com/charts/detail?a=dlsongs&year=2023&month=06&day=05
2023,dlsongs,2023-05-31,94,Habit,SEKAI NO OWARI,https://www.billboard-japan.com/charts/detail?a=dlsongs&year=2023&month=06&day=05
2023,dlsongs,2023-05-31,95,インフェルノ,Mrs.GREEN APPLE,https://www.billboard-japan.com/charts/detail?a=dlsongs&year=2023&month=06&day=05
2023,dlsongs,2023-05-31,96,Symphony,平井大,https://www.billboard-japan.com/charts/detail?a=dlsongs&year=2023&month=06&day=05
2023,dlsongs,2023-05-31,97,246,ストレイテナー,https://www.billboard-japan.com/charts/detail?a=dlsongs&year=2023&month=06&day=05
2023,dlsongs,2023-05-31,98,怪物,YOASOBI,https://www.billboard-japan.com/charts/detail?a=dlsongs&year=2023&month=06&day=05
2023,dlsongs,2023-05-31,99,LONGINESS REMIX,"SugLawd Familiar, CHICO CARLITO & Awich",https://www.billboard-japan.com/charts/detail?a=dlsongs&year=2023&month=06&day=05
2023,dlsongs,2023-05-31,100,Ride Wit Us,AK-69,https://www.billboard-japan.com/charts/detail?a=dlsongs&year=2023&month=06&day=05
2023,dlsongs,2023-06-07,1,アイドル,YOASOBI,https://www.billboard-japan.com/charts/detail?a=dlsongs&year=2023&month=06&day=12
2023,dlsongs,2023-06-07,2,Stray Hearts,稲葉浩志,https://www.billboard-japan.com/charts/detail?a=dlsongs&year=2023&month=06&day=12
2023,dlsongs,2023-06-07,3,絆ノ奇跡,MAN WITH A MISSION×milet,https://www.billboard-japan.com/charts/detail?a=dlsongs&year=2023&month=06&day=12
2023,dlsongs,2023-06-07,4,コイコガレ,milet×MAN WITH A MISSION,https://www.billboard-japan.com/charts/detail?a=dlsongs&year=2023&month=06&day=12
2023,dlsongs,2023-06-07,5,フォーマンセル,キヨ & レトルト & 牛沢 & ガッチマン,https://www.billboard-japan.com/charts/detail?a=dlsongs&year=2023&month=06&day=12
2023,dlsongs,2023-06-07,6,Hand in Hand,三代目 J SOUL BROTHERS from EXILE TRIBE,https://www.billboard-japan.com/charts/detail?a=dlsongs&year=2023&month=06&day=12
2023,dlsongs,2023-06-07,7,アビが鳴く,ポルノグラフィティ,https://www.billboard-japan.com/charts/detail?a=dlsongs&year=2023&month=06&day=12
2023,dlsongs,2023-06-07,8,心得,Uru,https://www.billboard-japan.com/charts/detail?a=dlsongs&year=2023&month=06&day=12
2023,dlsongs,2023-06-07,9,美しい鰭,スピッツ,https://www.billboard-japan.com/charts/detail?a=dlsongs&year=2023&month=06&day=12
2023,dlsongs,2023-06-07,10,TATTOO,Official髭男dism,https://www.billboard-japan.com/charts/detail?a=dlsongs&year=2023&month=06&day=12
2023,dlsongs,2023-06-07,11,第ゼロ感,10-FEET,https://www.billboard-japan.com/charts/detail?a=dlsongs&year=2023&month=06&day=12
2023,dlsongs,2023-06-07,12,愛の花,あいみょん,https://www.billboard-japan.com/charts/detail?a=dlsongs&year=2023&month=06&day=12
2023,dlsongs,2023-06-07,13,メフィスト,女王蜂,https://www.billboard-japan.com/charts/detail?a=dlsongs&year=2023&month=06&day=12
2023,dlsongs,2023-06-07,14,怪獣の花唄,Vaundy,https://www.billboard-japan.com/charts/detail?a=dlsongs&year=2023&month=06&day=12
2023,dlsongs,2023-06-07,15,会いにいこう,UA,https://www.billboard-japan.com/charts/detail?a=dlsongs&year=2023&month=06&day=12
2023,dlsongs,2023-06-07,16,オトナブルー,新しい学校のリーダーズ,https://www.billboard-japan.com/charts/detail?a=dlsongs&year=2023&month=06&day=12
2023,dlsongs,2023-06-07,17,シヴァ,麻枝准 & やなぎなぎ,https://www.billboard-japan.com/charts/detail?a=dlsongs&year=2023&month=06&day=12
2023,dlsongs,2023-06-07,18,ケセラセラ,Mrs.GREEN APPLE,https://www.billboard-japan.com/charts/detail?a=dlsongs&year=2023&month=06&day=12
2023,dlsongs,2023-06-07,19,Thank U,YUNHO from 東方神起,https://www.billboard-japan.com/charts/detail?a=dlsongs&year=2023&month=06&day=12
2023,dlsongs,2023-06-07,20,光の中へ,結束バンド,https://www.billboard-japan.com/charts/detail?a=dlsongs&year=2023&month=06&day=12
2023,dlsongs,2023-06-07,21,Hare Hare,TWICE,https://www.billboard-japan.com/charts/detail?a=dlsongs&year=2023&month=06&day=12
2023,dlsongs,2023-06-07,22,slash,yama,https://www.billboard-japan.com/charts/detail?a=dlsongs&year=2023&month=06&day=12
2023,dlsongs,2023-06-07,23,迷宮電子回廊,Valkyrie,https://www.billboard-japan.com/charts/detail?a=dlsongs&year=2023&month=06&day=12
2023,dlsongs,2023-06-07,24,起死廻生,She is Legend,https://www.billboard-japan.com/charts/detail?a=dlsongs&year=2023&month=06&day=12
2023,dlsongs,2023-06-07,25,四季彩 -SHIKISAI-,HIPPY,https://www.billboard-japan.com/charts/detail?a=dlsongs&year=2023&month=06&day=12
2023,dlsongs,2023-06-07,26,青い春と西の空,結束バンド,https://www.billboard-japan.com/charts/detail?a=dlsongs&year=2023&month=06&day=12
2023,dlsongs,2023-06-07,27,W●RK,millennium parade × 椎名林檎,https://www.billboard-japan.com/charts/detail?a=dlsongs&year=2023&month=06&day=12
2023,dlsongs,2023-06-07,28,S-Class,Stray Kids,https://www.billboard-japan.com/charts/detail?a=dlsongs&year=2023&month=06&day=12
2023,dlsongs,2023-06-07,29,祝福,YOASOBI,https://www.billboard-japan.com/charts/detail?a=dlsongs&year=2023&month=06&day=12
2023,dlsongs,2023-06-07,30,ターコイズ,SEKAI NO OWARI,https://www.billboard-japan.com/charts/detail?a=dlsongs&year=2023&month=06&day=12
2023,dlsongs,2023-06-07,31,斜陽,ヨルシカ,https://www.billboard-japan.com/charts/detail?a=dlsongs&year=2023&month=06&day=12
2023,dlsongs,2023-06-07,32,ダンスホール,Mrs.GREEN APPLE,https://www.billboard-japan.com/charts/detail?a=dlsongs&year=2023&month=06&day=12
2023,dlsongs,2023-06-07,33,"Eve, Psyche & The Bluebeard's wife",LE SSERAFIM,https://www.billboard-japan.com/charts/detail?a=dlsongs&year=2023&month=06&day=12
2023,dlsongs,2023-06-07,34,Subtitle,Official髭男dism,https://www.billboard-japan.com/charts/detail?a=dlsongs&year=2023&month=06&day=12
2023,dlsongs,2023-06-07,35,I'm a mess,MY FIRST STORY,https://www.billboard-japan.com/charts/detail?a=dlsongs&year=2023&month=06&day=12
2023,dlsongs,2023-06-07,36,スターマイン,Da-iCE,https://www.billboard-japan.com/charts/detail?a=dlsongs&year=2023&month=06&day=12
2023,dlsongs,2023-06-07,37,Red:birthmark,アイナ・ジ・エンド,https://www.billboard-japan.com/charts/detail?a=dlsongs&year=2023&month=06&day=12
2023,dlsongs,2023-06-07,38,Fever,CHANGMIN from 東方神起,https://www.billboard-japan.com/charts/detail?a=dlsongs&year=2023&month=06&day=12
2023,dlsongs,2023-06-07,39,エンドロールは悲しくない,DISH//,https://www.billboard-japan.com/charts/detail?a=dlsongs&year=2023&month=06&day=12
2023,dlsongs,2023-06-07,40,青と夏,Mrs.GREEN APPLE,https://www.billboard-japan.com/charts/detail?a=dlsongs&year=2023&month=06&day=12
2023,dlsongs,2023-06-07,41,東京ミッドナイト,MY FIRST STORY,https://www.billboard-japan.com/charts/detail?a=dlsongs&year=2023&month=06&day=12
2023,dlsongs,2023-06-07,42,死にゆく季節のきみへ,麻枝准 & やなぎなぎ,https://www.billboard-japan.com/charts/detail?a=dlsongs&year=2023&month=06&day=12
2023,dlsongs,2023-06-07,43,いばら,Ado,https://www.billboard-japan.com/charts/detail?a=dlsongs&year=2023&month=06&day=12
2023,dlsongs,2023-06-07,44,紙一重,Uru,https://www.billboard-japan.com/charts/detail?a=dlsongs&year=2023&month=06&day=12
2023,dlsongs,2023-06-07,45,KICK BACK,米津玄師,https://www.billboard-japan.com/charts/detail?a=dlsongs&year=2023&month=06&day=12
2023,dlsongs,2023-06-07,46,可愛くてごめん feat. ちゅーたん(早見沙織),HoneyWorks,https://www.billboard-japan.com/charts/detail?a=dlsongs&year=2023&month=06&day=12
2023,dlsongs,2023-06-07,47,有頂天猫,キヨ,https://www.billboard-japan.com/charts/detail?a=dlsongs&year=2023&month=06&day=12
2023,dlsongs,2023-06-07,48,奇縁ロマンス,ナナヲアカリ,https://www.billboard-japan.com/charts/detail?a=dlsongs&year=2023&month=06&day=12
2023,dlsongs,2023-06-07,49,メロウ,須田景凪,https://www.billboard-japan.com/charts/detail?a=dlsongs&year=2023&month=06&day=12
2023,dlsongs,2023-06-07,50,ドキメキダイアリー (feat.Chinozo),asmi,https://www.billboard-japan.com/charts/detail?a=dlsongs&year=2023&month=06&day=12
2023,dlsongs,2023-06-07,51,Catch a Wave,TWICE,https://www.billboard-japan.com/charts/detail?a=dlsongs&year=2023&month=06&day=12
2023,dlsongs,2023-06-07,52,Eclipse of the Heart,Legenders,https://www.billboard-japan.com/charts/detail?a=dlsongs&year=2023&month=06&day=12
2023,dlsongs,2023-06-07,53,残響散歌,Aimer(エメ),https://www.billboard-japan.com/charts/detail?a=dlsongs&year=2023&month=06&day=12
2023,dlsongs,2023-06-07,54,サラバ,SEKAI NO OWARI,https://www.billboard-japan.com/charts/detail?a=dlsongs&year=2023&month=06&day=12
2023,dlsongs,2023-06-07,55,電波感傷,オフィウクス,https://www.billboard-japan.com/charts/detail?a=dlsongs&year=2023&month=06&day=12
2023,dlsongs,2023-06-07,56,WAVE,IVE,https://www.billboard-japan.com/charts/detail?a=dlsongs&year=2023&month=06&day=12
2023,dlsongs,2023-06-07,57,NIGHT DANCER,imase,https://www.billboard-japan.com/charts/detail?a=dlsongs&year=2023&month=06&day=12
2023,dlsongs,2023-06-07,58,君に捧げる応援歌,HIPPY,https://www.billboard-japan.com/charts/detail?a=dlsongs&year=2023&month=06&day=12
2023,dlsongs,2023-06-07,59,you're,北村想楽(汐谷文康),https://www.billboard-japan.com/charts/detail?a=dlsongs&year=2023&month=06&day=12
2023,dlsongs,2023-06-07,60,Dream Out Loud feat. OZI,SKY-HI,https://www.billboard-japan.com/charts/detail?a=dlsongs&year=2023&month=06&day=12
2023,dlsongs,2023-06-07,61,ミックスナッツ,Official髭男dism,https://www.billboard-japan.com/charts/detail?a=dlsongs&year=2023&month=06&day=12
2023,dlsongs,2023-06-07,62,逆転劇,月詠み,https://www.billboard-japan.com/charts/detail?a=dlsongs&year=2023&month=06&day=12
2023,dlsongs,2023-06-07,63,LADY,米津玄師,https://www.billboard-japan.com/charts/detail?a=dlsongs&year=2023&month=06&day=12
2023,dlsongs,2023-06-07,64,Glorious Moment!,"ナリタトップロード(中村カンナ),アドマイヤベガ(咲々木瞳),テイエムオペラオー(徳井青空)",https://www.billboard-japan.com/charts/detail?a=dlsongs&year=2023&month=06&day=12
2023,dlsongs,2023-06-07,65,アイオライト,Awesome City Club,https://www.billboard-japan.com/charts/detail?a=dlsongs&year=2023&month=06&day=12
2023,dlsongs,2023-06-07,66,かくれんぼ,AliA,https://www.billboard-japan.com/charts/detail?a=dlsongs&year=2023&month=06&day=12
2023,dlsongs,2023-06-07,67,セブンティーン,YOASOBI,https://www.billboard-japan.com/charts/detail?a=dlsongs&year=2023&month=06&day=12
2023,dlsongs,2023-06-07,68,Fallin,清水翔太,https://www.billboard-japan.com/charts/detail?a=dlsongs&year=2023&month=06&day=12
2023,dlsongs,2023-06-07,69,Radiance of Heart,葛之葉雨彦(笠間淳),https://www.billboard-japan.com/charts/detail?a=dlsongs&year=2023&month=06&day=12
2023,dlsongs,2023-06-07,70,新時代 (ウタ from ONE PIECE FILM RED),Ado,https://www.billboard-japan.com/charts/detail?a=dlsongs&year=2023&month=06&day=12
2023,dlsongs,2023-06-07,71,The Planet,BTS,https://www.billboard-japan.com/charts/detail?a=dlsongs&year=2023&month=06&day=12
2023,dlsongs,2023-06-07,72,アルデバラン,AI,https://www.billboard-japan.com/charts/detail?a=dlsongs&year=2023&month=06&day=12
2023,dlsongs,2023-06-07,73,Symphony,平井大,https://www.billboard-japan.com/charts/detail?a=dlsongs&year=2023&month=06&day=12
2023,dlsongs,2023-06-07,74,Sail→Light→Sail,古論クリス(駒田航),https://www.billboard-japan.com/charts/detail?a=dlsongs&year=2023&month=06&day=12
2023,dlsongs,2023-06-07,75,当事者,EGOIST,https://www.billboard-japan.com/charts/detail?a=dlsongs&year=2023&month=06&day=12
2023,dlsongs,2023-06-07,75,アイラブユー,back number,https://www.billboard-japan.com/charts/detail?a=dlsongs&year=2023&month=06&day=12
2023,dlsongs,2023-06-07,77,KANASHIBARI (feat. ao),RADWIMPS,https://www.billboard-japan.com/charts/detail?a=dlsongs&year=2023&month=06&day=12
2023,dlsongs,2023-06-07,78,それを愛と呼ぶなら,Uru,https://www.billboard-japan.com/charts/detail?a=dlsongs&year=2023&month=06&day=12
2023,dlsongs,2023-06-07,79,夜に駆ける,YOASOBI,https://www.billboard-japan.com/charts/detail?a=dlsongs&year=2023&month=06&day=12
2023,dlsongs,2023-06-07,80,群青,YOASOBI,https://www.billboard-japan.com/charts/detail?a=dlsongs&year=2023&month=06&day=12
2023,dlsongs,2023-06-07,81,踊り子,Vaundy,https://www.billboard-japan.com/charts/detail?a=dlsongs&year=2023&month=06&day=12
2023,dlsongs,2023-06-07,82,Surprising Thanks!! (Valkyrie ver.),Valkyrie,https://www.billboard-japan.com/charts/detail?a=dlsongs&year=2023&month=06&day=12
2023,dlsongs,2023-06-07,83,Overdose,なとり,https://www.billboard-japan.com/charts/detail?a=dlsongs&year=2023&month=06&day=12
2023,dlsongs,2023-06-07,84,インフェルノ,Mrs.GREEN APPLE,https://www.billboard-japan.com/charts/detail?a=dlsongs&year=2023&month=06&day=12
2023,dlsongs,2023-06-07,85,UNFORGIVEN (feat. Nile Rodgers),LE SSERAFIM,https://www.billboard-japan.com/charts/detail?a=dlsongs&year=2023&month=06&day=12
2023,dlsongs,2023-06-07,86,NiGHTFALL,IDOLiSH7,https://www.billboard-japan.com/charts/detail?a=dlsongs&year=2023&month=06&day=12
2023,dlsongs,2023-06-07,87,This is my way,XlamV,https://www.billboard-japan.com/charts/detail?a=dlsongs&year=2023&month=06&day=12
2023,dlsongs,2023-06-07,88,私は猫の目,椎名林檎,https://www.billboard-japan.com/charts/detail?a=dlsongs&year=2023&month=06&day=12
2023,dlsongs,2023-06-07,89,酔いどれ知らず,Kanaria,https://www.billboard-japan.com/charts/detail?a=dlsongs&year=2023&month=06&day=12
2023,dlsongs,2023-06-07,90,Nightwear,"速水奏(飯田友子),塩見周子(ルゥティン),城ヶ崎美嘉(佳村はるか),一ノ瀬志希(藍原ことみ),宮本フレデリカ(高野麻美)",https://www.billboard-japan.com/charts/detail?a=dlsongs&year=2023&month=06&day=12
2023,dlsongs,2023-06-07,91,Pieces of The World,IDOLiSH7 / TRIGGER / Re:vale / ZOOL,https://www.billboard-japan.com/charts/detail?a=dlsongs&year=2023&month=06&day=12
2023,dlsongs,2023-06-07,92,アドベンチャー,YOASOBI,https://www.billboard-japan.com/charts/detail?a=dlsongs&year=2023&month=06&day=12
2023,dlsongs,2023-06-07,93,1 LOVE 1,内田雄馬,https://www.billboard-japan.com/charts/detail?a=dlsongs&year=2023&month=06&day=12
2023,dlsongs,2023-06-07,94,Habit,SEKAI NO OWARI,https://www.billboard-japan.com/charts/detail?a=dlsongs&year=2023&month=06&day=12
2023,dlsongs,2023-06-07,95,Moon Shape/明鏡止水,黒野玄武(深町寿成),https://www.billboard-japan.com/charts/detail?a=dlsongs&year=2023&month=06&day=12
2023,dlsongs,2023-06-07,95,I knew,ロザリーナ,https://www.billboard-japan.com/charts/detail?a=dlsongs&year=2023&month=06&day=12
2023,dlsongs,2023-06-07,97,キミにまつわる運命事情,アキ・ローゼンタール,https://www.billboard-japan.com/charts/detail?a=dlsongs&year=2023&month=06&day=12
2023,dlsongs,2023-06-07,98,Ding Ding Dong,BALLISTIK BOYZ from EXILE TRIBE,https://www.billboard-japan.com/charts/detail?a=dlsongs&year=2023&month=06&day=12
2023,dlsongs,2023-06-07,98,BEAUTIFUL PRAYER,TRIGGER,https://www.billboard-japan.com/charts/detail?a=dlsongs&year=2023&month=06&day=12
2023,dlsongs,2023-06-07,100,CALLING,神速一魂,https://www.billboard-japan.com/charts/detail?a=dlsongs&year=2023&month=06&day=12
2023,dlsongs,2023-06-14,1,アイドル,YOASOBI,https://www.billboard-japan.com/charts/detail?a=dlsongs&year=2023&month=06&day=19
2023,dlsongs,2023-06-14,2,Take Two,BTS,https://www.billboard-japan.com/charts/detail?a=dlsongs&year=2023&month=06&day=19
2023,dlsongs,2023-06-14,3,Moving Pieces,Travis Japan,https://www.billboard-japan.com/charts/detail?a=dlsongs&year=2023&month=06&day=19
2023,dlsongs,2023-06-14,4,絆ノ奇跡,MAN WITH A MISSION×milet,https://www.billboard-japan.com/charts/detail?a=dlsongs&year=2023&month=06&day=19
2023,dlsongs,2023-06-14,5,コイコガレ,milet×MAN WITH A MISSION,https://www.billboard-japan.com/charts/detail?a=dlsongs&year=2023&month=06&day=19
2023,dlsongs,2023-06-14,6,心得,Uru,https://www.billboard-japan.com/charts/detail?a=dlsongs&year=2023&month=06&day=19
2023,dlsongs,2023-06-14,7,TATTOO,Official髭男dism,https://www.billboard-japan.com/charts/detail?a=dlsongs&year=2023&month=06&day=19
2023,dlsongs,2023-06-14,8,キミとParty Night,君島育斗,https://www.billboard-japan.com/charts/detail?a=dlsongs&year=2023&month=06&day=19
2023,dlsongs,2023-06-14,9,愛の花,あいみょん,https://www.billboard-japan.com/charts/detail?a=dlsongs&year=2023&month=06&day=19
2023,dlsongs,2023-06-14,10,リリス,"ホールジー,SUGA",https://www.billboard-japan.com/charts/detail?a=dlsongs&year=2023&month=06&day=19
2023,dlsongs,2023-06-14,11,美しい鰭,スピッツ,https://www.billboard-japan.com/charts/detail?a=dlsongs&year=2023&month=06&day=19
2023,dlsongs,2023-06-14,12,第ゼロ感,10-FEET,https://www.billboard-japan.com/charts/detail?a=dlsongs&year=2023&month=06&day=19
2023,dlsongs,2023-06-14,13,メフィスト,女王蜂,https://www.billboard-japan.com/charts/detail?a=dlsongs&year=2023&month=06&day=19
2023,dlsongs,2023-06-14,14,怪獣の花唄,Vaundy,https://www.billboard-japan.com/charts/detail?a=dlsongs&year=2023&month=06&day=19
2023,dlsongs,2023-06-14,15,ケセラセラ,Mrs.GREEN APPLE,https://www.billboard-japan.com/charts/detail?a=dlsongs&year=2023&month=06&day=19
2023,dlsongs,2023-06-14,16,オトナブルー,新しい学校のリーダーズ,https://www.billboard-japan.com/charts/detail?a=dlsongs&year=2023&month=06&day=19
2023,dlsongs,2023-06-14,17,Stray Hearts,稲葉浩志,https://www.billboard-japan.com/charts/detail?a=dlsongs&year=2023&month=06&day=19
2023,dlsongs,2023-06-14,18,Fins,角巻わため,https://www.billboard-japan.com/charts/detail?a=dlsongs&year=2023&month=06&day=19
2023,dlsongs,2023-06-14,19,バグ,25時、ナイトコードで。,https://www.billboard-japan.com/charts/detail?a=dlsongs&year=2023&month=06&day=19
2023,dlsongs,2023-06-14,20,slash,yama,https://www.billboard-japan.com/charts/detail?a=dlsongs&year=2023&month=06&day=19
2023,dlsongs,2023-06-14,21,ノマド,25時、ナイトコードで。,https://www.billboard-japan.com/charts/detail?a=dlsongs&year=2023&month=06&day=19
2023,dlsongs,2023-06-14,22,Subtitle,Official髭男dism,https://www.billboard-japan.com/charts/detail?a=dlsongs&year=2023&month=06&day=19
2023,dlsongs,2023-06-14,23,Autumn Howl,She is Legend,https://www.billboard-japan.com/charts/detail?a=dlsongs&year=2023&month=06&day=19
2023,dlsongs,2023-06-14,24,祝福,YOASOBI,https://www.billboard-japan.com/charts/detail?a=dlsongs&year=2023&month=06&day=19
2023,dlsongs,2023-06-14,25,シヴァ,麻枝准 & やなぎなぎ,https://www.billboard-japan.com/charts/detail?a=dlsongs&year=2023&month=06&day=19
2023,dlsongs,2023-06-14,26,会いにいこう,UA,https://www.billboard-japan.com/charts/detail?a=dlsongs&year=2023&month=06&day=19
2023,dlsongs,2023-06-14,27,ターコイズ,SEKAI NO OWARI,https://www.billboard-japan.com/charts/detail?a=dlsongs&year=2023&month=06&day=19
2023,dlsongs,2023-06-14,28,Charging!,Travis Japan,https://www.billboard-japan.com/charts/detail?a=dlsongs&year=2023&month=06&day=19
2023,dlsongs,2023-06-14,29,フォーマンセル,キヨ & レトルト & 牛沢 & ガッチマン,https://www.billboard-japan.com/charts/detail?a=dlsongs&year=2023&month=06&day=19
2023,dlsongs,2023-06-14,30,Still on a journey,Travis Japan,https://www.billboard-japan.com/charts/detail?a=dlsongs&year=2023&month=06&day=19
2023,dlsongs,2023-06-14,31,Keep On Smiling,Travis Japan,https://www.billboard-japan.com/charts/detail?a=dlsongs&year=2023&month=06&day=19
2023,dlsongs,2023-06-14,32,幻日ミステリウム,Aqours,https://www.billboard-japan.com/charts/detail?a=dlsongs&year=2023&month=06&day=19
2023,dlsongs,2023-06-14,33,I'm a mess,MY FIRST STORY,https://www.billboard-japan.com/charts/detail?a=dlsongs&year=2023&month=06&day=19
2023,dlsongs,2023-06-14,34,W●RK,millennium parade × 椎名林檎,https://www.billboard-japan.com/charts/detail?a=dlsongs&year=2023&month=06&day=19
2023,dlsongs,2023-06-14,35,青と夏,Mrs.GREEN APPLE,https://www.billboard-japan.com/charts/detail?a=dlsongs&year=2023&month=06&day=19
2023,dlsongs,2023-06-14,36,S-Class,Stray Kids,https://www.billboard-japan.com/charts/detail?a=dlsongs&year=2023&month=06&day=19
2023,dlsongs,2023-06-14,37,Day/Night DiSCO,IDOLiSH7,https://www.billboard-japan.com/charts/detail?a=dlsongs&year=2023&month=06&day=19
2023,dlsongs,2023-06-14,38,花一匁,ずっと真夜中でいいのに。,https://www.billboard-japan.com/charts/detail?a=dlsongs&year=2023&month=06&day=19
2023,dlsongs,2023-06-14,39,斜陽,ヨルシカ,https://www.billboard-japan.com/charts/detail?a=dlsongs&year=2023&month=06&day=19
2023,dlsongs,2023-06-14,40,Future Seekers-Dialogue Renji Yanagi-,乾貞治(津田健次郎)&柳蓮二(竹本英史),https://www.billboard-japan.com/charts/detail?a=dlsongs&year=2023&month=06&day=19
2023,dlsongs,2023-06-14,41,Red:birthmark,アイナ・ジ・エンド,https://www.billboard-japan.com/charts/detail?a=dlsongs&year=2023&month=06&day=19
2023,dlsongs,2023-06-14,42,Hare Hare,TWICE,https://www.billboard-japan.com/charts/detail?a=dlsongs&year=2023&month=06&day=19
2023,dlsongs,2023-06-14,43,紙一重,Uru,https://www.billboard-japan.com/charts/detail?a=dlsongs&year=2023&month=06&day=19
2023,dlsongs,2023-06-14,44,ノーチラスソナー -Nautilus Sonar-,八神マキノ(二ノ宮ゆい),https://www.billboard-japan.com/charts/detail?a=dlsongs&year=2023&month=06&day=19
2023,dlsongs,2023-06-14,45,Tell Me,FANTASTICS from EXILE TRIBE,https://www.billboard-japan.com/charts/detail?a=dlsongs&year=2023&month=06&day=19
2023,dlsongs,2023-06-14,46,ダンスホール,Mrs.GREEN APPLE,https://www.billboard-japan.com/charts/detail?a=dlsongs&year=2023&month=06&day=19
2023,dlsongs,2023-06-14,47,光の中へ,結束バンド,https://www.billboard-japan.com/charts/detail?a=dlsongs&year=2023&month=06&day=19
2023,dlsongs,2023-06-14,48,東京ミッドナイト,MY FIRST STORY,https://www.billboard-japan.com/charts/detail?a=dlsongs&year=2023&month=06&day=19
2023,dlsongs,2023-06-14,49,The Planet,BTS,https://www.billboard-japan.com/charts/detail?a=dlsongs&year=2023&month=06&day=19
2023,dlsongs,2023-06-14,50,可愛くてごめん feat. ちゅーたん(早見沙織),HoneyWorks,https://www.billboard-japan.com/charts/detail?a=dlsongs&year=2023&month=06&day=19
2023,dlsongs,2023-06-14,51,ちゅ、多様性。,ano,https://www.billboard-japan.com/charts/detail?a=dlsongs&year=2023&month=06&day=19
2023,dlsongs,2023-06-14,52,"Eve, Psyche & The Bluebeard's wife",LE SSERAFIM,https://www.billboard-japan.com/charts/detail?a=dlsongs&year=2023&month=06&day=19
2023,dlsongs,2023-06-14,53,Future Seekers-Dialogue Sadaharu Inui-,乾貞治(津田健次郎)&柳蓮二(竹本英史),https://www.billboard-japan.com/charts/detail?a=dlsongs&year=2023&month=06&day=19
2023,dlsongs,2023-06-14,54,四季彩 -SHIKISAI-,HIPPY,https://www.billboard-japan.com/charts/detail?a=dlsongs&year=2023&month=06&day=19
2023,dlsongs,2023-06-14,55,KICK BACK,米津玄師,https://www.billboard-japan.com/charts/detail?a=dlsongs&year=2023&month=06&day=19
2023,dlsongs,2023-06-14,56,Soranji,Mrs.GREEN APPLE,https://www.billboard-japan.com/charts/detail?a=dlsongs&year=2023&month=06&day=19
2023,dlsongs,2023-06-14,57,スターマイン,Da-iCE,https://www.billboard-japan.com/charts/detail?a=dlsongs&year=2023&month=06&day=19
2023,dlsongs,2023-06-14,58,セレブレイト・スターレイル,西園寺琴歌(安齋由香里),https://www.billboard-japan.com/charts/detail?a=dlsongs&year=2023&month=06&day=19
2023,dlsongs,2023-06-14,59,新時代 (ウタ from ONE PIECE FILM RED),Ado,https://www.billboard-japan.com/charts/detail?a=dlsongs&year=2023&month=06&day=19
2023,dlsongs,2023-06-14,60,奇縁ロマンス,ナナヲアカリ,https://www.billboard-japan.com/charts/detail?a=dlsongs&year=2023&month=06&day=19
2023,dlsongs,2023-06-14,61,群青,YOASOBI,https://www.billboard-japan.com/charts/detail?a=dlsongs&year=2023&month=06&day=19
2023,dlsongs,2023-06-14,62,ミックスナッツ,Official髭男dism,https://www.billboard-japan.com/charts/detail?a=dlsongs&year=2023&month=06&day=19
2023,dlsongs,2023-06-14,63,彼氏有無,あいみょん,https://www.billboard-japan.com/charts/detail?a=dlsongs&year=2023&month=06&day=19
2023,dlsongs,2023-06-14,64,メロウ,須田景凪,https://www.billboard-japan.com/charts/detail?a=dlsongs&year=2023&month=06&day=19
2023,dlsongs,2023-06-14,65,青い春と西の空,結束バンド,https://www.billboard-japan.com/charts/detail?a=dlsongs&year=2023&month=06&day=19
2023,dlsongs,2023-06-14,66,サイン・オブ・ホープ,南条光(神谷早矢佳),https://www.billboard-japan.com/charts/detail?a=dlsongs&year=2023&month=06&day=19
2023,dlsongs,2023-06-14,67,resonance,ローレン・イロアス,https://www.billboard-japan.com/charts/detail?a=dlsongs&year=2023&month=06&day=19
2023,dlsongs,2023-06-14,68,残響散歌,Aimer(エメ),https://www.billboard-japan.com/charts/detail?a=dlsongs&year=2023&month=06&day=19
2023,dlsongs,2023-06-14,69,サムライハート(Some Like It Hot!!) - New Version -,SPYAIR,https://www.billboard-japan.com/charts/detail?a=dlsongs&year=2023&month=06&day=19
2023,dlsongs,2023-06-14,70,これでいいんですか,ローレン・イロアス,https://www.billboard-japan.com/charts/detail?a=dlsongs&year=2023&month=06&day=19
2023,dlsongs,2023-06-14,71,起死廻生,She is Legend,https://www.billboard-japan.com/charts/detail?a=dlsongs&year=2023&month=06&day=19
2023,dlsongs,2023-06-14,72,夜に駆ける,YOASOBI,https://www.billboard-japan.com/charts/detail?a=dlsongs&year=2023&month=06&day=19
2023,dlsongs,2023-06-14,73,いばら,Ado,https://www.billboard-japan.com/charts/detail?a=dlsongs&year=2023&month=06&day=19
2023,dlsongs,2023-06-14,74,Nightwear,"速水奏(飯田友子),塩見周子(ルゥティン),城ヶ崎美嘉(佳村はるか),一ノ瀬志希(藍原ことみ),宮本フレデリカ(高野麻美)",https://www.billboard-japan.com/charts/detail?a=dlsongs&year=2023&month=06&day=19
2023,dlsongs,2023-06-14,75,死にゆく季節のきみへ,麻枝准 & やなぎなぎ,https://www.billboard-japan.com/charts/detail?a=dlsongs&year=2023&month=06&day=19
2023,dlsongs,2023-06-14,76,サラバ,SEKAI NO OWARI,https://www.billboard-japan.com/charts/detail?a=dlsongs&year=2023&month=06&day=19
2023,dlsongs,2023-06-14,77,ドキメキダイアリー (feat.Chinozo),asmi,https://www.billboard-japan.com/charts/detail?a=dlsongs&year=2023&month=06&day=19
2023,dlsongs,2023-06-14,78,セブンティーン,YOASOBI,https://www.billboard-japan.com/charts/detail?a=dlsongs&year=2023&month=06&day=19
2023,dlsongs,2023-06-14,79,KAGAYAKI Don't forget!,虹ヶ咲学園スクールアイドル同好会,https://www.billboard-japan.com/charts/detail?a=dlsongs&year=2023&month=06&day=19
2023,dlsongs,2023-06-14,80,逆転劇,月詠み,https://www.billboard-japan.com/charts/detail?a=dlsongs&year=2023&month=06&day=19
2023,dlsongs,2023-06-14,81,Overdose,なとり,https://www.billboard-japan.com/charts/detail?a=dlsongs&year=2023&month=06&day=19
2023,dlsongs,2023-06-14,82,優しさ,藤井風,https://www.billboard-japan.com/charts/detail?a=dlsongs&year=2023&month=06&day=19
2023,dlsongs,2023-06-14,83,インフェルノ,Mrs.GREEN APPLE,https://www.billboard-japan.com/charts/detail?a=dlsongs&year=2023&month=06&day=19
2023,dlsongs,2023-06-14,84,かくれんぼ,AliA,https://www.billboard-japan.com/charts/detail?a=dlsongs&year=2023&month=06&day=19
2023,dlsongs,2023-06-14,85,LADY,米津玄師,https://www.billboard-japan.com/charts/detail?a=dlsongs&year=2023&month=06&day=19
2023,dlsongs,2023-06-14,86,バニラ,きゃない,https://www.billboard-japan.com/charts/detail?a=dlsongs&year=2023&month=06&day=19
2023,dlsongs,2023-06-14,87,W / X / Y,Tani Yuuki,https://www.billboard-japan.com/charts/detail?a=dlsongs&year=2023&month=06&day=19
2023,dlsongs,2023-06-14,88,アビが鳴く,ポルノグラフィティ,https://www.billboard-japan.com/charts/detail?a=dlsongs&year=2023&month=06&day=19
2023,dlsongs,2023-06-14,89,NIGHT DANCER,imase,https://www.billboard-japan.com/charts/detail?a=dlsongs&year=2023&month=06&day=19
2023,dlsongs,2023-06-14,90,KANASHIBARI (feat. ao),RADWIMPS,https://www.billboard-japan.com/charts/detail?a=dlsongs&year=2023&month=06&day=19
2023,dlsongs,2023-06-14,91,青,越前リョーマ,https://www.billboard-japan.com/charts/detail?a=dlsongs&year=2023&month=06&day=19
2023,dlsongs,2023-06-14,92,Starting Over,sumika,https://www.billboard-japan.com/charts/detail?a=dlsongs&year=2023&month=06&day=19
2023,dlsongs,2023-06-14,93,怪物,YOASOBI,https://www.billboard-japan.com/charts/detail?a=dlsongs&year=2023&month=06&day=19
2023,dlsongs,2023-06-14,94,ラッセーラ,KREVA,https://www.billboard-japan.com/charts/detail?a=dlsongs&year=2023&month=06&day=19
2023,dlsongs,2023-06-14,95,アドベンチャー,YOASOBI,https://www.billboard-japan.com/charts/detail?a=dlsongs&year=2023&month=06&day=19
2023,dlsongs,2023-06-14,96,Sugar Sugar Yummy Yummy Parfait,虹ヶ咲学園スクールアイドル同好会,https://www.billboard-japan.com/charts/detail?a=dlsongs&year=2023&month=06&day=19
2023,dlsongs,2023-06-14,97,N.O.R.〜Notes of Revolution〜革命についての覚書,"星輝子(松田颯水),脇山珠美(嘉山未紗),小関麗奈(長野佑紀)",https://www.billboard-japan.com/charts/detail?a=dlsongs&year=2023&month=06&day=19
2023,dlsongs,2023-06-14,98,酔いどれ知らず,Kanaria,https://www.billboard-japan.com/charts/detail?a=dlsongs&year=2023&month=06&day=19
2023,dlsongs,2023-06-14,99,それを愛と呼ぶなら,Uru,https://www.billboard-japan.com/charts/detail?a=dlsongs&year=2023&month=06&day=19
2023,dlsongs,2023-06-14,100,アイオライト,Awesome City Club,https://www.billboard-japan.com/charts/detail?a=dlsongs&year=2023&month=06&day=19
2023,dlsongs,2023-06-21,1,アイドル,YOASOBI,https://www.billboard-japan.com/charts/detail?a=dlsongs&year=2023&month=06&day=26
2023,dlsongs,2023-06-21,2,Bye-Good-Bye - From THE FIRST TAKE,BE:FIRST,https://www.billboard-japan.com/charts/detail?a=dlsongs&year=2023&month=06&day=26
2023,dlsongs,2023-06-21,3,絆ノ奇跡,MAN WITH A MISSION×milet,https://www.billboard-japan.com/charts/detail?a=dlsongs&year=2023&month=06&day=26
2023,dlsongs,2023-06-21,4,REALiZE,LiSA,https://www.billboard-japan.com/charts/detail?a=dlsongs&year=2023&month=06&day=26
2023,dlsongs,2023-06-21,5,心得,Uru,https://www.billboard-japan.com/charts/detail?a=dlsongs&year=2023&month=06&day=26
2023,dlsongs,2023-06-21,6,Magic,Mrs.GREEN APPLE,https://www.billboard-japan.com/charts/detail?a=dlsongs&year=2023&month=06&day=26
2023,dlsongs,2023-06-21,7,Take Two,BTS,https://www.billboard-japan.com/charts/detail?a=dlsongs&year=2023&month=06&day=26
2023,dlsongs,2023-06-21,8,TATTOO,Official髭男dism,https://www.billboard-japan.com/charts/detail?a=dlsongs&year=2023&month=06&day=26
2023,dlsongs,2023-06-21,9,コイコガレ,milet×MAN WITH A MISSION,https://www.billboard-japan.com/charts/detail?a=dlsongs&year=2023&month=06&day=26
2023,dlsongs,2023-06-21,10,エンジェル・PT. 2,"ジェイク, JIMIN FROM BTS,チャーリー・プース & マニー・ロング",https://www.billboard-japan.com/charts/detail?a=dlsongs&year=2023&month=06&day=26
2023,dlsongs,2023-06-21,11,アイノケダモノ,アンジュルム,https://www.billboard-japan.com/charts/detail?a=dlsongs&year=2023&month=06&day=26
2023,dlsongs,2023-06-21,12,メフィスト,女王蜂,https://www.billboard-japan.com/charts/detail?a=dlsongs&year=2023&month=06&day=26
2023,dlsongs,2023-06-21,13,美しい鰭,スピッツ,https://www.billboard-japan.com/charts/detail?a=dlsongs&year=2023&month=06&day=26
2023,dlsongs,2023-06-21,14,SHOOTING DELTA,VΔLZ,https://www.billboard-japan.com/charts/detail?a=dlsongs&year=2023&month=06&day=26
2023,dlsongs,2023-06-21,15,No Reason.,VΔLZ,https://www.billboard-japan.com/charts/detail?a=dlsongs&year=2023&month=06&day=26
2023,dlsongs,2023-06-21,16,愛の花,あいみょん,https://www.billboard-japan.com/charts/detail?a=dlsongs&year=2023&month=06&day=26
2023,dlsongs,2023-06-21,17,Waterfall,U-KNOW,https://www.billboard-japan.com/charts/detail?a=dlsongs&year=2023&month=06&day=26
2023,dlsongs,2023-06-21,18,第ゼロ感,10-FEET,https://www.billboard-japan.com/charts/detail?a=dlsongs&year=2023&month=06&day=26
2023,dlsongs,2023-06-21,19,オトナブルー,新しい学校のリーダーズ,https://www.billboard-japan.com/charts/detail?a=dlsongs&year=2023&month=06&day=26
2023,dlsongs,2023-06-21,20,ケセラセラ,Mrs.GREEN APPLE,https://www.billboard-japan.com/charts/detail?a=dlsongs&year=2023&month=06&day=26
2023,dlsongs,2023-06-21,21,怪獣の花唄,Vaundy,https://www.billboard-japan.com/charts/detail?a=dlsongs&year=2023&month=06&day=26
2023,dlsongs,2023-06-21,22,slash,yama,https://www.billboard-japan.com/charts/detail?a=dlsongs&year=2023&month=06&day=26
2023,dlsongs,2023-06-21,23,TAKING THEM DOWN,HYDE,https://www.billboard-japan.com/charts/detail?a=dlsongs&year=2023&month=06&day=26
2023,dlsongs,2023-06-21,24,I'm a mess,MY FIRST STORY,https://www.billboard-japan.com/charts/detail?a=dlsongs&year=2023&month=06&day=26
2023,dlsongs,2023-06-21,25,Lime & Lemon,東方神起,https://www.billboard-japan.com/charts/detail?a=dlsongs&year=2023&month=06&day=26
2023,dlsongs,2023-06-21,26,Autumn Howl,She is Legend,https://www.billboard-japan.com/charts/detail?a=dlsongs&year=2023&month=06&day=26
2023,dlsongs,2023-06-21,27,Whatever Comes,TM NETWORK,https://www.billboard-japan.com/charts/detail?a=dlsongs&year=2023&month=06&day=26
2023,dlsongs,2023-06-21,28,儚くない,SUPER BEAVER,https://www.billboard-japan.com/charts/detail?a=dlsongs&year=2023&month=06&day=26
2023,dlsongs,2023-06-21,29,祝福,YOASOBI,https://www.billboard-japan.com/charts/detail?a=dlsongs&year=2023&month=06&day=26
2023,dlsongs,2023-06-21,30,行かなくちゃ,アンジュルム,https://www.billboard-japan.com/charts/detail?a=dlsongs&year=2023&month=06&day=26
2023,dlsongs,2023-06-21,31,OH!,長渕剛,https://www.billboard-japan.com/charts/detail?a=dlsongs&year=2023&month=06&day=26
2023,dlsongs,2023-06-21,32,同窓生,アンジュルム,https://www.billboard-japan.com/charts/detail?a=dlsongs&year=2023&month=06&day=26
2023,dlsongs,2023-06-21,33,I See You,山下智久,https://www.billboard-japan.com/charts/detail?a=dlsongs&year=2023&month=06&day=26
2023,dlsongs,2023-06-21,34,Stray Hearts,稲葉浩志,https://www.billboard-japan.com/charts/detail?a=dlsongs&year=2023&month=06&day=26
2023,dlsongs,2023-06-21,35,A stain,環みちる,https://www.billboard-japan.com/charts/detail?a=dlsongs&year=2023&month=06&day=26
2023,dlsongs,2023-06-21,36,ターコイズ,SEKAI NO OWARI,https://www.billboard-japan.com/charts/detail?a=dlsongs&year=2023&month=06&day=26
2023,dlsongs,2023-06-21,37,Subtitle,Official髭男dism,https://www.billboard-japan.com/charts/detail?a=dlsongs&year=2023&month=06&day=26
2023,dlsongs,2023-06-21,38,青と夏,Mrs.GREEN APPLE,https://www.billboard-japan.com/charts/detail?a=dlsongs&year=2023&month=06&day=26
2023,dlsongs,2023-06-21,39,フォトグラフ feat. 東京スカパラダイスオーケストラ ホーンセクション,EXILE ATSUSHI,https://www.billboard-japan.com/charts/detail?a=dlsongs&year=2023&month=06&day=26
2023,dlsongs,2023-06-21,40,斜陽,ヨルシカ,https://www.billboard-japan.com/charts/detail?a=dlsongs&year=2023&month=06&day=26
2023,dlsongs,2023-06-21,41,Red:birthmark,アイナ・ジ・エンド,https://www.billboard-japan.com/charts/detail?a=dlsongs&year=2023&month=06&day=26
2023,dlsongs,2023-06-21,42,spotlight,高橋優,https://www.billboard-japan.com/charts/detail?a=dlsongs&year=2023&month=06&day=26
2023,dlsongs,2023-06-21,43,W●RK,millennium parade × 椎名林檎,https://www.billboard-japan.com/charts/detail?a=dlsongs&year=2023&month=06&day=26
2023,dlsongs,2023-06-21,44,ばかばっか,鷹嶺ルイ,https://www.billboard-japan.com/charts/detail?a=dlsongs&year=2023&month=06&day=26
2023,dlsongs,2023-06-21,45,会いにいこう,UA,https://www.billboard-japan.com/charts/detail?a=dlsongs&year=2023&month=06&day=26
2023,dlsongs,2023-06-21,46,ダンスホール,Mrs.GREEN APPLE,https://www.billboard-japan.com/charts/detail?a=dlsongs&year=2023&month=06&day=26
2023,dlsongs,2023-06-21,47,紙一重,Uru,https://www.billboard-japan.com/charts/detail?a=dlsongs&year=2023&month=06&day=26
2023,dlsongs,2023-06-21,48,FIRST CRY,鷹嶺ルイ,https://www.billboard-japan.com/charts/detail?a=dlsongs&year=2023&month=06&day=26
2023,dlsongs,2023-06-21,49,全力アンサー,放課後クライマックスガールズ,https://www.billboard-japan.com/charts/detail?a=dlsongs&year=2023&month=06&day=26
2023,dlsongs,2023-06-21,50,沈丁花,DISH//,https://www.billboard-japan.com/charts/detail?a=dlsongs&year=2023&month=06&day=26
2023,dlsongs,2023-06-21,51,ひめくりモザイク,放課後クライマックスガールズ,https://www.billboard-japan.com/charts/detail?a=dlsongs&year=2023&month=06&day=26
2023,dlsongs,2023-06-21,52,バグ,25時、ナイトコードで。,https://www.billboard-japan.com/charts/detail?a=dlsongs&year=2023&month=06&day=26
2023,dlsongs,2023-06-21,53,可愛くてごめん feat. ちゅーたん(早見沙織),HoneyWorks,https://www.billboard-japan.com/charts/detail?a=dlsongs&year=2023&month=06&day=26
2023,dlsongs,2023-06-21,54,Moving Pieces,Travis Japan,https://www.billboard-japan.com/charts/detail?a=dlsongs&year=2023&month=06&day=26
2023,dlsongs,2023-06-21,55,S-Class,Stray Kids,https://www.billboard-japan.com/charts/detail?a=dlsongs&year=2023&month=06&day=26
2023,dlsongs,2023-06-21,56,KICK BACK,米津玄師,https://www.billboard-japan.com/charts/detail?a=dlsongs&year=2023&month=06&day=26
2023,dlsongs,2023-06-21,57,新時代 (ウタ from ONE PIECE FILM RED),Ado,https://www.billboard-japan.com/charts/detail?a=dlsongs&year=2023&month=06&day=26
2023,dlsongs,2023-06-21,58,Hare Hare,TWICE,https://www.billboard-japan.com/charts/detail?a=dlsongs&year=2023&month=06&day=26
2023,dlsongs,2023-06-21,59,残響散歌,Aimer(エメ),https://www.billboard-japan.com/charts/detail?a=dlsongs&year=2023&month=06&day=26
2023,dlsongs,2023-06-21,60,スターマイン,Da-iCE,https://www.billboard-japan.com/charts/detail?a=dlsongs&year=2023&month=06&day=26
2023,dlsongs,2023-06-21,61,光の中へ,結束バンド,https://www.billboard-japan.com/charts/detail?a=dlsongs&year=2023&month=06&day=26
2023,dlsongs,2023-06-21,62,酔いどれ知らず,Kanaria,https://www.billboard-japan.com/charts/detail?a=dlsongs&year=2023&month=06&day=26
2023,dlsongs,2023-06-21,63,群青,YOASOBI,https://www.billboard-japan.com/charts/detail?a=dlsongs&year=2023&month=06&day=26
2023,dlsongs,2023-06-21,64,"Eve, Psyche & The Bluebeard's wife",LE SSERAFIM,https://www.billboard-japan.com/charts/detail?a=dlsongs&year=2023&month=06&day=26
2023,dlsongs,2023-06-21,65,ノマド,25時、ナイトコードで。,https://www.billboard-japan.com/charts/detail?a=dlsongs&year=2023&month=06&day=26
2023,dlsongs,2023-06-21,66,ミックスナッツ,Official髭男dism,https://www.billboard-japan.com/charts/detail?a=dlsongs&year=2023&month=06&day=26
2023,dlsongs,2023-06-21,67,ハナサカサイサイ,放課後クライマックスガールズ,https://www.billboard-japan.com/charts/detail?a=dlsongs&year=2023&month=06&day=26
2023,dlsongs,2023-06-21,68,メロウ,須田景凪,https://www.billboard-japan.com/charts/detail?a=dlsongs&year=2023&month=06&day=26
2023,dlsongs,2023-06-21,69,線香花火 feat. 幾田りら,佐藤千亜妃,https://www.billboard-japan.com/charts/detail?a=dlsongs&year=2023&month=06&day=26
2023,dlsongs,2023-06-21,70,Let Me In,EXO,https://www.billboard-japan.com/charts/detail?a=dlsongs&year=2023&month=06&day=26
2023,dlsongs,2023-06-21,71,KANASHIBARI (feat. ao),RADWIMPS,https://www.billboard-japan.com/charts/detail?a=dlsongs&year=2023&month=06&day=26
2023,dlsongs,2023-06-21,72,ちゅ、多様性。,ano,https://www.billboard-japan.com/charts/detail?a=dlsongs&year=2023&month=06&day=26
2023,dlsongs,2023-06-21,73,W / X / Y,Tani Yuuki,https://www.billboard-japan.com/charts/detail?a=dlsongs&year=2023&month=06&day=26
2023,dlsongs,2023-06-21,74,夜に駆ける,YOASOBI,https://www.billboard-japan.com/charts/detail?a=dlsongs&year=2023&month=06&day=26
2023,dlsongs,2023-06-21,74,ラブソング (feat.Eve),キタニタツヤ,https://www.billboard-japan.com/charts/detail?a=dlsongs&year=2023&month=06&day=26
2023,dlsongs,2023-06-21,76,奇縁ロマンス,ナナヲアカリ,https://www.billboard-japan.com/charts/detail?a=dlsongs&year=2023&month=06&day=26
2023,dlsongs,2023-06-21,77,かくれんぼ,AliA,https://www.billboard-japan.com/charts/detail?a=dlsongs&year=2023&month=06&day=26
2023,dlsongs,2023-06-21,78,LADY,米津玄師,https://www.billboard-japan.com/charts/detail?a=dlsongs&year=2023&month=06&day=26
2023,dlsongs,2023-06-21,79,逆転劇,月詠み,https://www.billboard-japan.com/charts/detail?a=dlsongs&year=2023&month=06&day=26
2023,dlsongs,2023-06-21,80,インフェルノ,Mrs.GREEN APPLE,https://www.billboard-japan.com/charts/detail?a=dlsongs&year=2023&month=06&day=26
2023,dlsongs,2023-06-21,81,セブンティーン,YOASOBI,https://www.billboard-japan.com/charts/detail?a=dlsongs&year=2023&month=06&day=26
2023,dlsongs,2023-06-21,82,ドキメキダイアリー (feat.Chinozo),asmi,https://www.billboard-japan.com/charts/detail?a=dlsongs&year=2023&month=06&day=26
2023,dlsongs,2023-06-21,82,サラバ,SEKAI NO OWARI,https://www.billboard-japan.com/charts/detail?a=dlsongs&year=2023&month=06&day=26
2023,dlsongs,2023-06-21,84,花一匁,ずっと真夜中でいいのに。,https://www.billboard-japan.com/charts/detail?a=dlsongs&year=2023&month=06&day=26
2023,dlsongs,2023-06-21,85,Fins,角巻わため,https://www.billboard-japan.com/charts/detail?a=dlsongs&year=2023&month=06&day=26
2023,dlsongs,2023-06-21,86,いばら,Ado,https://www.billboard-japan.com/charts/detail?a=dlsongs&year=2023&month=06&day=26
2023,dlsongs,2023-06-21,87,四季彩 -SHIKISAI-,HIPPY,https://www.billboard-japan.com/charts/detail?a=dlsongs&year=2023&month=06&day=26
2023,dlsongs,2023-06-21,88,怪物,YOASOBI,https://www.billboard-japan.com/charts/detail?a=dlsongs&year=2023&month=06&day=26
2023,dlsongs,2023-06-21,88,Overdose,なとり,https://www.billboard-japan.com/charts/detail?a=dlsongs&year=2023&month=06&day=26
2023,dlsongs,2023-06-21,90,シヴァ,麻枝准 & やなぎなぎ,https://www.billboard-japan.com/charts/detail?a=dlsongs&year=2023&month=06&day=26
2023,dlsongs,2023-06-21,91,Soranji,Mrs.GREEN APPLE,https://www.billboard-japan.com/charts/detail?a=dlsongs&year=2023&month=06&day=26
2023,dlsongs,2023-06-21,92,アイオライト,Awesome City Club,https://www.billboard-japan.com/charts/detail?a=dlsongs&year=2023&month=06&day=26
2023,dlsongs,2023-06-21,93,青い春と西の空,結束バンド,https://www.billboard-japan.com/charts/detail?a=dlsongs&year=2023&month=06&day=26
2023,dlsongs,2023-06-21,94,バニラ,きゃない,https://www.billboard-japan.com/charts/detail?a=dlsongs&year=2023&month=06&day=26
2023,dlsongs,2023-06-21,95,星月夜,由薫,https://www.billboard-japan.com/charts/detail?a=dlsongs&year=2023&month=06&day=26
2023,dlsongs,2023-06-21,96,私は最強,Mrs.GREEN APPLE,https://www.billboard-japan.com/charts/detail?a=dlsongs&year=2023&month=06&day=26
2023,dlsongs,2023-06-21,97,木蘭の涙,STARDUST REVUE,https://www.billboard-japan.com/charts/detail?a=dlsongs&year=2023&month=06&day=26
2023,dlsongs,2023-06-21,97,全開!ミラクルアドベンチャー!,"浅利七海(井上ほの花),安部菜々(三宅麻理恵),前川みく(高森奈津美)",https://www.billboard-japan.com/charts/detail?a=dlsongs&year=2023&month=06&day=26
2023,dlsongs,2023-06-21,99,NIGHT DANCER,imase,https://www.billboard-japan.com/charts/detail?a=dlsongs&year=2023&month=06&day=26
2023,dlsongs,2023-06-21,100,私は最強 (ウタ from ONE PIECE FILM RED),Ado,https://www.billboard-japan.com/charts/detail?a=dlsongs&year=2023&month=06&day=26
2023,dlsongs,2023-06-28,1,アイドル,YOASOBI,https://www.billboard-japan.com/charts/detail?a=dlsongs&year=2023&month=07&day=03
2023,dlsongs,2023-06-28,2,竈門禰豆子のうた,椎名豪 featuring 中川奈美,https://www.billboard-japan.com/charts/detail?a=dlsongs&year=2023&month=07&day=03
2023,dlsongs,2023-06-28,3,絆ノ奇跡,MAN WITH A MISSION×milet,https://www.billboard-japan.com/charts/detail?a=dlsongs&year=2023&month=07&day=03
2023,dlsongs,2023-06-28,4,Smile Again - From THE FIRST TAKE,BE:FIRST,https://www.billboard-japan.com/charts/detail?a=dlsongs&year=2023&month=07&day=03
2023,dlsongs,2023-06-28,5,エンジェル・PT. 1,"コダック・ブラック & NLE・チョッパー (feat. JIMIN FROM BTS,ジェイク & マニー・ロング)",https://www.billboard-japan.com/charts/detail?a=dlsongs&year=2023&month=07&day=03
2023,dlsongs,2023-06-28,6,心得,Uru,https://www.billboard-japan.com/charts/detail?a=dlsongs&year=2023&month=07&day=03
2023,dlsongs,2023-06-28,7,TATTOO,Official髭男dism,https://www.billboard-japan.com/charts/detail?a=dlsongs&year=2023&month=07&day=03
2023,dlsongs,2023-06-28,8,Magic,Mrs.GREEN APPLE,https://www.billboard-japan.com/charts/detail?a=dlsongs&year=2023&month=07&day=03
2023,dlsongs,2023-06-28,9,コイコガレ,milet×MAN WITH A MISSION,https://www.billboard-japan.com/charts/detail?a=dlsongs&year=2023&month=07&day=03
2023,dlsongs,2023-06-28,10,SUBWAY,ゆず,https://www.billboard-japan.com/charts/detail?a=dlsongs&year=2023&month=07&day=03
2023,dlsongs,2023-06-28,11,オトナブルー,新しい学校のリーダーズ,https://www.billboard-japan.com/charts/detail?a=dlsongs&year=2023&month=07&day=03
2023,dlsongs,2023-06-28,12,メフィスト,女王蜂,https://www.billboard-japan.com/charts/detail?a=dlsongs&year=2023&month=07&day=03
2023,dlsongs,2023-06-28,13,ケセラセラ,Mrs.GREEN APPLE,https://www.billboard-japan.com/charts/detail?a=dlsongs&year=2023&month=07&day=03
2023,dlsongs,2023-06-28,14,REALiZE,LiSA,https://www.billboard-japan.com/charts/detail?a=dlsongs&year=2023&month=07&day=03
2023,dlsongs,2023-06-28,15,美しい鰭,スピッツ,https://www.billboard-japan.com/charts/detail?a=dlsongs&year=2023&month=07&day=03
2023,dlsongs,2023-06-28,16,Start over!,櫻坂46,https://www.billboard-japan.com/charts/detail?a=dlsongs&year=2023&month=07&day=03
2023,dlsongs,2023-06-28,17,slash,yama,https://www.billboard-japan.com/charts/detail?a=dlsongs&year=2023&month=07&day=03
2023,dlsongs,2023-06-28,18,愛の花,あいみょん,https://www.billboard-japan.com/charts/detail?a=dlsongs&year=2023&month=07&day=03
2023,dlsongs,2023-06-28,19,怪獣の花唄,Vaundy,https://www.billboard-japan.com/charts/detail?a=dlsongs&year=2023&month=07&day=03
2023,dlsongs,2023-06-28,20,ビリミリオン,優里,https://www.billboard-japan.com/charts/detail?a=dlsongs&year=2023&month=07&day=03
2023,dlsongs,2023-06-28,21,アイノケダモノ,アンジュルム,https://www.billboard-japan.com/charts/detail?a=dlsongs&year=2023&month=07&day=03
2023,dlsongs,2023-06-28,22,第ゼロ感,10-FEET,https://www.billboard-japan.com/charts/detail?a=dlsongs&year=2023&month=07&day=03
2023,dlsongs,2023-06-28,23,月光,Vivid BAD SQUAD,https://www.billboard-japan.com/charts/detail?a=dlsongs&year=2023&month=07&day=03
2023,dlsongs,2023-06-28,24,I'm a mess,MY FIRST STORY,https://www.billboard-japan.com/charts/detail?a=dlsongs&year=2023&month=07&day=03
2023,dlsongs,2023-06-28,25,儚くない,SUPER BEAVER,https://www.billboard-japan.com/charts/detail?a=dlsongs&year=2023&month=07&day=03
2023,dlsongs,2023-06-28,26,街,Vivid BAD SQUAD,https://www.billboard-japan.com/charts/detail?a=dlsongs&year=2023&month=07&day=03
2023,dlsongs,2023-06-28,27,祝福,YOASOBI,https://www.billboard-japan.com/charts/detail?a=dlsongs&year=2023&month=07&day=03
2023,dlsongs,2023-06-28,28,泣くな向日葵,玉井詩織,https://www.billboard-japan.com/charts/detail?a=dlsongs&year=2023&month=07&day=03
2023,dlsongs,2023-06-28,29,Twinkle 4 You,hololive 5th Generation,https://www.billboard-japan.com/charts/detail?a=dlsongs&year=2023&month=07&day=03
2023,dlsongs,2023-06-28,30,ひとりで生きていたならば,SUPER BEAVER,https://www.billboard-japan.com/charts/detail?a=dlsongs&year=2023&month=07&day=03
2023,dlsongs,2023-06-28,31,WONDERFUL,GReeeeN,https://www.billboard-japan.com/charts/detail?a=dlsongs&year=2023&month=07&day=03
2023,dlsongs,2023-06-28,32,NIGHT DANCER,imase,https://www.billboard-japan.com/charts/detail?a=dlsongs&year=2023&month=07&day=03
2023,dlsongs,2023-06-28,33,Take Two,BTS,https://www.billboard-japan.com/charts/detail?a=dlsongs&year=2023&month=07&day=03
2023,dlsongs,2023-06-28,34,青と夏,Mrs.GREEN APPLE,https://www.billboard-japan.com/charts/detail?a=dlsongs&year=2023&month=07&day=03
2023,dlsongs,2023-06-28,35,W●RK,millennium parade × 椎名林檎,https://www.billboard-japan.com/charts/detail?a=dlsongs&year=2023&month=07&day=03
2023,dlsongs,2023-06-28,36,行かなくちゃ,アンジュルム,https://www.billboard-japan.com/charts/detail?a=dlsongs&year=2023&month=07&day=03
2023,dlsongs,2023-06-28,37,悠久星涼,"椎名法子(都丸ちよ),難波笑美(伊達朱里紗),浜口あやめ(田澤茉純),塩見周子(ルゥティン),道明寺歌鈴(新田ひより)",https://www.billboard-japan.com/charts/detail?a=dlsongs&year=2023&month=07&day=03
2023,dlsongs,2023-06-28,38,tour,Hump Back,https://www.billboard-japan.com/charts/detail?a=dlsongs&year=2023&month=07&day=03
2023,dlsongs,2023-06-28,39,ゲーム・ボーイ・アワー,社築,https://www.billboard-japan.com/charts/detail?a=dlsongs&year=2023&month=07&day=03
2023,dlsongs,2023-06-28,40,Red:birthmark,アイナ・ジ・エンド,https://www.billboard-japan.com/charts/detail?a=dlsongs&year=2023&month=07&day=03
2023,dlsongs,2023-06-28,41,Habit,SEKAI NO OWARI,https://www.billboard-japan.com/charts/detail?a=dlsongs&year=2023&month=07&day=03
2023,dlsongs,2023-06-28,42,ダンスホール,Mrs.GREEN APPLE,https://www.billboard-japan.com/charts/detail?a=dlsongs&year=2023&month=07&day=03
2023,dlsongs,2023-06-28,43,ターコイズ,SEKAI NO OWARI,https://www.billboard-japan.com/charts/detail?a=dlsongs&year=2023&month=07&day=03
2023,dlsongs,2023-06-28,44,竈門炭治郎のうた,椎名豪 featuring 中川奈美,https://www.billboard-japan.com/charts/detail?a=dlsongs&year=2023&month=07&day=03
2023,dlsongs,2023-06-28,45,Subtitle,Official髭男dism,https://www.billboard-japan.com/charts/detail?a=dlsongs&year=2023&month=07&day=03
2023,dlsongs,2023-06-28,46,斜陽,ヨルシカ,https://www.billboard-japan.com/charts/detail?a=dlsongs&year=2023&month=07&day=03
2023,dlsongs,2023-06-28,47,Stray Hearts,稲葉浩志,https://www.billboard-japan.com/charts/detail?a=dlsongs&year=2023&month=07&day=03
2023,dlsongs,2023-06-28,48,A stain,環みちる,https://www.billboard-japan.com/charts/detail?a=dlsongs&year=2023&month=07&day=03
2023,dlsongs,2023-06-28,49,LADY,米津玄師,https://www.billboard-japan.com/charts/detail?a=dlsongs&year=2023&month=07&day=03
2023,dlsongs,2023-06-28,50,紙一重,Uru,https://www.billboard-japan.com/charts/detail?a=dlsongs&year=2023&month=07&day=03
2023,dlsongs,2023-06-28,51,LETTER 4 BETTER feat. ZORN,tha BOSS,https://www.billboard-japan.com/charts/detail?a=dlsongs&year=2023&month=07&day=03
2023,dlsongs,2023-06-28,52,残響散歌,Aimer(エメ),https://www.billboard-japan.com/charts/detail?a=dlsongs&year=2023&month=07&day=03
2023,dlsongs,2023-06-28,53,アイオライト,Awesome City Club,https://www.billboard-japan.com/charts/detail?a=dlsongs&year=2023&month=07&day=03
2023,dlsongs,2023-06-28,54,"Eve, Psyche & The Bluebeard's wife",LE SSERAFIM,https://www.billboard-japan.com/charts/detail?a=dlsongs&year=2023&month=07&day=03
2023,dlsongs,2023-06-28,55,可愛くてごめん feat. ちゅーたん(早見沙織),HoneyWorks,https://www.billboard-japan.com/charts/detail?a=dlsongs&year=2023&month=07&day=03
2023,dlsongs,2023-06-28,56,同窓生,アンジュルム,https://www.billboard-japan.com/charts/detail?a=dlsongs&year=2023&month=07&day=03
2023,dlsongs,2023-06-28,57,切っ先,Reol,https://www.billboard-japan.com/charts/detail?a=dlsongs&year=2023&month=07&day=03
2023,dlsongs,2023-06-28,58,Time to Leave,Zhang Zhehan,https://www.billboard-japan.com/charts/detail?a=dlsongs&year=2023&month=07&day=03
2023,dlsongs,2023-06-28,59,スマイルあげない,ano,https://www.billboard-japan.com/charts/detail?a=dlsongs&year=2023&month=07&day=03
2023,dlsongs,2023-06-28,60,会いにいこう,UA,https://www.billboard-japan.com/charts/detail?a=dlsongs&year=2023&month=07&day=03
2023,dlsongs,2023-06-28,61,新時代 (ウタ from ONE PIECE FILM RED),Ado,https://www.billboard-japan.com/charts/detail?a=dlsongs&year=2023&month=07&day=03
2023,dlsongs,2023-06-28,62,あの日の僕らへ,Blue Journey,https://www.billboard-japan.com/charts/detail?a=dlsongs&year=2023&month=07&day=03
2023,dlsongs,2023-06-28,63,Linger,Hump Back,https://www.billboard-japan.com/charts/detail?a=dlsongs&year=2023&month=07&day=03
2023,dlsongs,2023-06-28,64,KICK BACK,米津玄師,https://www.billboard-japan.com/charts/detail?a=dlsongs&year=2023&month=07&day=03
2023,dlsongs,2023-06-28,65,群青,YOASOBI,https://www.billboard-japan.com/charts/detail?a=dlsongs&year=2023&month=07&day=03
2023,dlsongs,2023-06-28,66,M&S〜ママパパへ〜,高城れに,https://www.billboard-japan.com/charts/detail?a=dlsongs&year=2023&month=07&day=03
2023,dlsongs,2023-06-28,67,かくれんぼ,AliA,https://www.billboard-japan.com/charts/detail?a=dlsongs&year=2023&month=07&day=03
2023,dlsongs,2023-06-28,68,Autumn Howl,She is Legend,https://www.billboard-japan.com/charts/detail?a=dlsongs&year=2023&month=07&day=03
2023,dlsongs,2023-06-28,69,S-Class,Stray Kids,https://www.billboard-japan.com/charts/detail?a=dlsongs&year=2023&month=07&day=03
2023,dlsongs,2023-06-28,70,メロウ,須田景凪,https://www.billboard-japan.com/charts/detail?a=dlsongs&year=2023&month=07&day=03
2023,dlsongs,2023-06-28,71,スターマイン,Da-iCE,https://www.billboard-japan.com/charts/detail?a=dlsongs&year=2023&month=07&day=03
2023,dlsongs,2023-06-28,71,ACE,結城晴(小市眞琴),https://www.billboard-japan.com/charts/detail?a=dlsongs&year=2023&month=07&day=03
2023,dlsongs,2023-06-28,73,インフェルノ,Mrs.GREEN APPLE,https://www.billboard-japan.com/charts/detail?a=dlsongs&year=2023&month=07&day=03
2023,dlsongs,2023-06-28,74,プロミスザスター,BiSH,https://www.billboard-japan.com/charts/detail?a=dlsongs&year=2023&month=07&day=03
2023,dlsongs,2023-06-28,75,Circle of stars,Nornis,https://www.billboard-japan.com/charts/detail?a=dlsongs&year=2023&month=07&day=03
2023,dlsongs,2023-06-28,76,エウレカ,なとり,https://www.billboard-japan.com/charts/detail?a=dlsongs&year=2023&month=07&day=03
2023,dlsongs,2023-06-28,77,ちゅ、多様性。,ano,https://www.billboard-japan.com/charts/detail?a=dlsongs&year=2023&month=07&day=03
2023,dlsongs,2023-06-28,78,夜に駆ける,YOASOBI,https://www.billboard-japan.com/charts/detail?a=dlsongs&year=2023&month=07&day=03
2023,dlsongs,2023-06-28,79,ミックスナッツ,Official髭男dism,https://www.billboard-japan.com/charts/detail?a=dlsongs&year=2023&month=07&day=03
2023,dlsongs,2023-06-28,80,ゼロトゥワン!!,U149,https://www.billboard-japan.com/charts/detail?a=dlsongs&year=2023&month=07&day=03
2023,dlsongs,2023-06-28,81,115万キロのフィルム,Official髭男dism,https://www.billboard-japan.com/charts/detail?a=dlsongs&year=2023&month=07&day=03
2023,dlsongs,2023-06-28,81,Turbulent Storm,2wink,https://www.billboard-japan.com/charts/detail?a=dlsongs&year=2023&month=07&day=03
2023,dlsongs,2023-06-28,83,あいるびーばっく feat. Hiro from MY FIRST STORY,BAK,https://www.billboard-japan.com/charts/detail?a=dlsongs&year=2023&month=07&day=03
2023,dlsongs,2023-06-28,84,RAIN,SEKAI NO OWARI,https://www.billboard-japan.com/charts/detail?a=dlsongs&year=2023&month=07&day=03
2023,dlsongs,2023-06-28,85,光の中へ,結束バンド,https://www.billboard-japan.com/charts/detail?a=dlsongs&year=2023&month=07&day=03
2023,dlsongs,2023-06-28,85,AGAIN,DREAMS COME TRUE,https://www.billboard-japan.com/charts/detail?a=dlsongs&year=2023&month=07&day=03
2023,dlsongs,2023-06-28,87,奇縁ロマンス,ナナヲアカリ,https://www.billboard-japan.com/charts/detail?a=dlsongs&year=2023&month=07&day=03
2023,dlsongs,2023-06-28,88,逆転劇,月詠み,https://www.billboard-japan.com/charts/detail?a=dlsongs&year=2023&month=07&day=03
2023,dlsongs,2023-06-28,89,サラバ,SEKAI NO OWARI,https://www.billboard-japan.com/charts/detail?a=dlsongs&year=2023&month=07&day=03
2023,dlsongs,2023-06-28,89,Overdose,なとり,https://www.billboard-japan.com/charts/detail?a=dlsongs&year=2023&month=07&day=03
2023,dlsongs,2023-06-28,91,Hare Hare,TWICE,https://www.billboard-japan.com/charts/detail?a=dlsongs&year=2023&month=07&day=03
2023,dlsongs,2023-06-28,92,Bye-Good-Bye - From THE FIRST TAKE,BE:FIRST,https://www.billboard-japan.com/charts/detail?a=dlsongs&year=2023&month=07&day=03
2023,dlsongs,2023-06-28,93,ドキメキダイアリー (feat.Chinozo),asmi,https://www.billboard-japan.com/charts/detail?a=dlsongs&year=2023&month=07&day=03
2023,dlsongs,2023-06-28,94,セブンティーン,YOASOBI,https://www.billboard-japan.com/charts/detail?a=dlsongs&year=2023&month=07&day=03
2023,dlsongs,2023-06-28,95,アンマー,かりゆし58,https://www.billboard-japan.com/charts/detail?a=dlsongs&year=2023&month=07&day=03
2023,dlsongs,2023-06-28,96,BYE BYE,Novel Core & THE WILL RABBITS,https://www.billboard-japan.com/charts/detail?a=dlsongs&year=2023&month=07&day=03
2023,dlsongs,2023-06-28,97,TAKING THEM DOWN,HYDE,https://www.billboard-japan.com/charts/detail?a=dlsongs&year=2023&month=07&day=03
2023,dlsongs,2023-06-28,98,happy ending,eill,https://www.billboard-japan.com/charts/detail?a=dlsongs&year=2023&month=07&day=03
2023,dlsongs,2023-06-28,99,酔いどれ知らず,Kanaria,https://www.billboard-japan.com/charts/detail?a=dlsongs&year=2023&month=07&day=03
2023,dlsongs,2023-06-28,100,それを愛と呼ぶなら,Uru,https://www.billboard-japan.com/charts/detail?a=dlsongs&year=2023&month=07&day=03
2023,dlsongs,2023-07-05,1,月を見ていた,米津玄師,https://www.billboard-japan.com/charts/detail?a=dlsongs&year=2023&month=07&day=10
2023,dlsongs,2023-07-05,2,アイドル,YOASOBI,https://www.billboard-japan.com/charts/detail?a=dlsongs&year=2023&month=07&day=10
2023,dlsongs,2023-07-05,3,絆ノ奇跡,MAN WITH A MISSION×milet,https://www.billboard-japan.com/charts/detail?a=dlsongs&year=2023&month=07&day=10
2023,dlsongs,2023-07-05,4,Twilight Pentagram,オルタード,https://www.billboard-japan.com/charts/detail?a=dlsongs&year=2023&month=07&day=10
2023,dlsongs,2023-07-05,5,メフィスト,女王蜂,https://www.billboard-japan.com/charts/detail?a=dlsongs&year=2023&month=07&day=10
2023,dlsongs,2023-07-05,6,Start over!,櫻坂46,https://www.billboard-japan.com/charts/detail?a=dlsongs&year=2023&month=07&day=10
2023,dlsongs,2023-07-05,7,心得,Uru,https://www.billboard-japan.com/charts/detail?a=dlsongs&year=2023&month=07&day=10
2023,dlsongs,2023-07-05,8,TATTOO,Official髭男dism,https://www.billboard-japan.com/charts/detail?a=dlsongs&year=2023&month=07&day=10
2023,dlsongs,2023-07-05,9,Magic,Mrs.GREEN APPLE,https://www.billboard-japan.com/charts/detail?a=dlsongs&year=2023&month=07&day=10
2023,dlsongs,2023-07-05,10,オトナブルー,新しい学校のリーダーズ,https://www.billboard-japan.com/charts/detail?a=dlsongs&year=2023&month=07&day=10
2023,dlsongs,2023-07-05,11,プライド・ブライト,Juice=Juice,https://www.billboard-japan.com/charts/detail?a=dlsongs&year=2023&month=07&day=10
2023,dlsongs,2023-07-05,12,ケセラセラ,Mrs.GREEN APPLE,https://www.billboard-japan.com/charts/detail?a=dlsongs&year=2023&month=07&day=10
2023,dlsongs,2023-07-05,13,ウェディングソング,DISH//,https://www.billboard-japan.com/charts/detail?a=dlsongs&year=2023&month=07&day=10
2023,dlsongs,2023-07-05,14,Dawning Angels,fine-O,https://www.billboard-japan.com/charts/detail?a=dlsongs&year=2023&month=07&day=10
2023,dlsongs,2023-07-05,15,心の中のエンジェル,SIZUKU,https://www.billboard-japan.com/charts/detail?a=dlsongs&year=2023&month=07&day=10
2023,dlsongs,2023-07-05,16,愛の花,あいみょん,https://www.billboard-japan.com/charts/detail?a=dlsongs&year=2023&month=07&day=10
2023,dlsongs,2023-07-05,17,slash,yama,https://www.billboard-japan.com/charts/detail?a=dlsongs&year=2023&month=07&day=10
2023,dlsongs,2023-07-05,18,COCONUT,NiziU,https://www.billboard-japan.com/charts/detail?a=dlsongs&year=2023&month=07&day=10
2023,dlsongs,2023-07-05,19,ターコイズ,SEKAI NO OWARI,https://www.billboard-japan.com/charts/detail?a=dlsongs&year=2023&month=07&day=10
2023,dlsongs,2023-07-05,20,ダンスホール,Mrs.GREEN APPLE,https://www.billboard-japan.com/charts/detail?a=dlsongs&year=2023&month=07&day=10
2023,dlsongs,2023-07-05,21,美しい鰭,スピッツ,https://www.billboard-japan.com/charts/detail?a=dlsongs&year=2023&month=07&day=10
2023,dlsongs,2023-07-05,22,Crazy Love,XY,https://www.billboard-japan.com/charts/detail?a=dlsongs&year=2023&month=07&day=10
2023,dlsongs,2023-07-05,23,祝福,YOASOBI,https://www.billboard-japan.com/charts/detail?a=dlsongs&year=2023&month=07&day=10
2023,dlsongs,2023-07-05,24,竈門禰豆子のうた,椎名豪 featuring 中川奈美,https://www.billboard-japan.com/charts/detail?a=dlsongs&year=2023&month=07&day=10
2023,dlsongs,2023-07-05,25,バタフライエフェクト,SEKAI NO OWARI,https://www.billboard-japan.com/charts/detail?a=dlsongs&year=2023&month=07&day=10
2023,dlsongs,2023-07-05,26,儚くない,SUPER BEAVER,https://www.billboard-japan.com/charts/detail?a=dlsongs&year=2023&month=07&day=10
2023,dlsongs,2023-07-05,27,Fleeting Moment 〜万魔殿パンデモニウム:天獄編〜,祖堅正慶,https://www.billboard-japan.com/charts/detail?a=dlsongs&year=2023&month=07&day=10
2023,dlsongs,2023-07-05,28,コイコガレ,milet×MAN WITH A MISSION,https://www.billboard-japan.com/charts/detail?a=dlsongs&year=2023&month=07&day=10
2023,dlsongs,2023-07-05,29,怪獣の花唄,Vaundy,https://www.billboard-japan.com/charts/detail?a=dlsongs&year=2023&month=07&day=10
2023,dlsongs,2023-07-05,30,I'm a mess,MY FIRST STORY,https://www.billboard-japan.com/charts/detail?a=dlsongs&year=2023&month=07&day=10
2023,dlsongs,2023-07-05,31,第ゼロ感,10-FEET,https://www.billboard-japan.com/charts/detail?a=dlsongs&year=2023&month=07&day=10
2023,dlsongs,2023-07-05,32,青と夏,Mrs.GREEN APPLE,https://www.billboard-japan.com/charts/detail?a=dlsongs&year=2023&month=07&day=10
2023,dlsongs,2023-07-05,33,Mango Bingsu,CHIMIRO,https://www.billboard-japan.com/charts/detail?a=dlsongs&year=2023&month=07&day=10
2023,dlsongs,2023-07-05,34,W●RK,millennium parade × 椎名林檎,https://www.billboard-japan.com/charts/detail?a=dlsongs&year=2023&month=07&day=10
2023,dlsongs,2023-07-05,35,LADY,米津玄師,https://www.billboard-japan.com/charts/detail?a=dlsongs&year=2023&month=07&day=10
2023,dlsongs,2023-07-05,36,GRL GVNG,XG,https://www.billboard-japan.com/charts/detail?a=dlsongs&year=2023&month=07&day=10
2023,dlsongs,2023-07-05,37,プロミスザスター,BiSH,https://www.billboard-japan.com/charts/detail?a=dlsongs&year=2023&month=07&day=10
2023,dlsongs,2023-07-05,38,"Athena, the Tireless One 〜万魔殿パンデモニウム:天獄編〜",祖堅正慶,https://www.billboard-japan.com/charts/detail?a=dlsongs&year=2023&month=07&day=10
2023,dlsongs,2023-07-05,39,Next Chapter,"佐藤心(花守ゆみり),一ノ瀬志希(藍原ことみ),ライラ(市ノ瀬加那),鷹富士茄子(森下来奈),鷺沢文香(M・A・O)",https://www.billboard-japan.com/charts/detail?a=dlsongs&year=2023&month=07&day=10
2023,dlsongs,2023-07-05,40,Lime & Lemon,東方神起,https://www.billboard-japan.com/charts/detail?a=dlsongs&year=2023&month=07&day=10
2023,dlsongs,2023-07-05,41,"Eve, Psyche & The Bluebeard's wife",LE SSERAFIM,https://www.billboard-japan.com/charts/detail?a=dlsongs&year=2023&month=07&day=10
2023,dlsongs,2023-07-05,42,Subtitle,Official髭男dism,https://www.billboard-japan.com/charts/detail?a=dlsongs&year=2023&month=07&day=10
2023,dlsongs,2023-07-05,43,Sentimental Mood,東方神起,https://www.billboard-japan.com/charts/detail?a=dlsongs&year=2023&month=07&day=10
2023,dlsongs,2023-07-05,44,REALiZE,LiSA,https://www.billboard-japan.com/charts/detail?a=dlsongs&year=2023&month=07&day=10
2023,dlsongs,2023-07-05,45,不可思議のカルテ 花楓&かえで Ver.,梓川花楓(久保ユリカ) & 梓川かえで(久保ユリカ),https://www.billboard-japan.com/charts/detail?a=dlsongs&year=2023&month=07&day=10
2023,dlsongs,2023-07-05,46,MOVE (T5),TREASURE,https://www.billboard-japan.com/charts/detail?a=dlsongs&year=2023&month=07&day=10
2023,dlsongs,2023-07-05,47,想うた 〜親を想う〜,キヨサク,https://www.billboard-japan.com/charts/detail?a=dlsongs&year=2023&month=07&day=10
2023,dlsongs,2023-07-05,48,GSK☆,"ゴールドシチー(香坂さき),トーセンジョーダン(鈴木絵理),メジロパーマー(のぐちゆり),ダイタクヘリオス(山根綺)",https://www.billboard-japan.com/charts/detail?a=dlsongs&year=2023&month=07&day=10
2023,dlsongs,2023-07-05,49,Red:birthmark,アイナ・ジ・エンド,https://www.billboard-japan.com/charts/detail?a=dlsongs&year=2023&month=07&day=10
2023,dlsongs,2023-07-05,50,ビリミリオン,優里,https://www.billboard-japan.com/charts/detail?a=dlsongs&year=2023&month=07&day=10
2023,dlsongs,2023-07-05,51,紙一重,Uru,https://www.billboard-japan.com/charts/detail?a=dlsongs&year=2023&month=07&day=10
2023,dlsongs,2023-07-05,52,Habit,SEKAI NO OWARI,https://www.billboard-japan.com/charts/detail?a=dlsongs&year=2023&month=07&day=10
2023,dlsongs,2023-07-05,52,サラバ,SEKAI NO OWARI,https://www.billboard-japan.com/charts/detail?a=dlsongs&year=2023&month=07&day=10
2023,dlsongs,2023-07-05,54,Stray Hearts,稲葉浩志,https://www.billboard-japan.com/charts/detail?a=dlsongs&year=2023&month=07&day=10
2023,dlsongs,2023-07-05,55,KICK BACK,米津玄師,https://www.billboard-japan.com/charts/detail?a=dlsongs&year=2023&month=07&day=10
2023,dlsongs,2023-07-05,56,WONDERFUL,GReeeeN,https://www.billboard-japan.com/charts/detail?a=dlsongs&year=2023&month=07&day=10
2023,dlsongs,2023-07-05,57,残響散歌,Aimer(エメ),https://www.billboard-japan.com/charts/detail?a=dlsongs&year=2023&month=07&day=10
2023,dlsongs,2023-07-05,58,アタシガルール,桐生つかさ(河瀬茉希),https://www.billboard-japan.com/charts/detail?a=dlsongs&year=2023&month=07&day=10
2023,dlsongs,2023-07-05,59,One Amongst the Weary 〜万魔殿パンデモニウム:天獄編〜,祖堅正慶,https://www.billboard-japan.com/charts/detail?a=dlsongs&year=2023&month=07&day=10
2023,dlsongs,2023-07-05,60,One with One,ESオールスターズ,https://www.billboard-japan.com/charts/detail?a=dlsongs&year=2023&month=07&day=10
2023,dlsongs,2023-07-05,61,群青,YOASOBI,https://www.billboard-japan.com/charts/detail?a=dlsongs&year=2023&month=07&day=10
2023,dlsongs,2023-07-05,62,可愛くてごめん feat. ちゅーたん(早見沙織),HoneyWorks,https://www.billboard-japan.com/charts/detail?a=dlsongs&year=2023&month=07&day=10
2023,dlsongs,2023-07-05,63,M&S〜ママパパへ〜,高城れに,https://www.billboard-japan.com/charts/detail?a=dlsongs&year=2023&month=07&day=10
2023,dlsongs,2023-07-05,64,Take Two,BTS,https://www.billboard-japan.com/charts/detail?a=dlsongs&year=2023&month=07&day=10
2023,dlsongs,2023-07-05,65,会いにいこう,UA,https://www.billboard-japan.com/charts/detail?a=dlsongs&year=2023&month=07&day=10
2023,dlsongs,2023-07-05,66,僕のこと,Mrs.GREEN APPLE,https://www.billboard-japan.com/charts/detail?a=dlsongs&year=2023&month=07&day=10
2023,dlsongs,2023-07-05,67,アンマー,かりゆし58,https://www.billboard-japan.com/charts/detail?a=dlsongs&year=2023&month=07&day=10
2023,dlsongs,2023-07-05,68,斜陽,ヨルシカ,https://www.billboard-japan.com/charts/detail?a=dlsongs&year=2023&month=07&day=10
2023,dlsongs,2023-07-05,69,Cosmic Wonderful Tour!,hololive 5th Generation,https://www.billboard-japan.com/charts/detail?a=dlsongs&year=2023&month=07&day=10
2023,dlsongs,2023-07-05,70,かくれんぼ,AliA,https://www.billboard-japan.com/charts/detail?a=dlsongs&year=2023&month=07&day=10
2023,dlsongs,2023-07-05,71,スターマイン,Da-iCE,https://www.billboard-japan.com/charts/detail?a=dlsongs&year=2023&month=07&day=10
2023,dlsongs,2023-07-05,72,紫陽花のような恋 (Hydrangea Love),TOMORROW X TOGETHER,https://www.billboard-japan.com/charts/detail?a=dlsongs&year=2023&month=07&day=10
2023,dlsongs,2023-07-05,73,できっこないを やらなくちゃ,サンボマスター,https://www.billboard-japan.com/charts/detail?a=dlsongs&year=2023&month=07&day=10
2023,dlsongs,2023-07-05,74,RAIN,SEKAI NO OWARI,https://www.billboard-japan.com/charts/detail?a=dlsongs&year=2023&month=07&day=10
2023,dlsongs,2023-07-05,75,My World - New Version -,SPYAIR,https://www.billboard-japan.com/charts/detail?a=dlsongs&year=2023&month=07&day=10
2023,dlsongs,2023-07-05,76,新時代 (ウタ from ONE PIECE FILM RED),Ado,https://www.billboard-japan.com/charts/detail?a=dlsongs&year=2023&month=07&day=10
2023,dlsongs,2023-07-05,77,ミックスナッツ,Official髭男dism,https://www.billboard-japan.com/charts/detail?a=dlsongs&year=2023&month=07&day=10
2023,dlsongs,2023-07-05,77,インフェルノ,Mrs.GREEN APPLE,https://www.billboard-japan.com/charts/detail?a=dlsongs&year=2023&month=07&day=10
2023,dlsongs,2023-07-05,79,Hare Hare,TWICE,https://www.billboard-japan.com/charts/detail?a=dlsongs&year=2023&month=07&day=10
2023,dlsongs,2023-07-05,80,それでも生きていくんだ,Bigfumi,https://www.billboard-japan.com/charts/detail?a=dlsongs&year=2023&month=07&day=10
2023,dlsongs,2023-07-05,80,メロウ,須田景凪,https://www.billboard-japan.com/charts/detail?a=dlsongs&year=2023&month=07&day=10
2023,dlsongs,2023-07-05,82,ちゅ、多様性。,ano,https://www.billboard-japan.com/charts/detail?a=dlsongs&year=2023&month=07&day=10
2023,dlsongs,2023-07-05,83,夜に駆ける,YOASOBI,https://www.billboard-japan.com/charts/detail?a=dlsongs&year=2023&month=07&day=10
2023,dlsongs,2023-07-05,84,AGAIN,DREAMS COME TRUE,https://www.billboard-japan.com/charts/detail?a=dlsongs&year=2023&month=07&day=10
2023,dlsongs,2023-07-05,85,マリーゴールド,あいみょん,https://www.billboard-japan.com/charts/detail?a=dlsongs&year=2023&month=07&day=10
2023,dlsongs,2023-07-05,85,Sugar Rush Ride,TOMORROW X TOGETHER,https://www.billboard-japan.com/charts/detail?a=dlsongs&year=2023&month=07&day=10
2023,dlsongs,2023-07-05,87,セーラースターソング,"セーラー火球(水樹奈々),セーラースターファイター(井上麻里奈),セーラースターメイカー(早見沙織),セーラースターヒーラー(佐倉綾音)",https://www.billboard-japan.com/charts/detail?a=dlsongs&year=2023&month=07&day=10
2023,dlsongs,2023-07-05,88,奇縁ロマンス,ナナヲアカリ,https://www.billboard-japan.com/charts/detail?a=dlsongs&year=2023&month=07&day=10
2023,dlsongs,2023-07-05,89,SUBWAY,ゆず,https://www.billboard-japan.com/charts/detail?a=dlsongs&year=2023&month=07&day=10
2023,dlsongs,2023-07-05,90,月光,Vivid BAD SQUAD,https://www.billboard-japan.com/charts/detail?a=dlsongs&year=2023&month=07&day=10
2023,dlsongs,2023-07-05,91,アイノケダモノ,アンジュルム,https://www.billboard-japan.com/charts/detail?a=dlsongs&year=2023&month=07&day=10
2023,dlsongs,2023-07-05,92,happy ending,eill,https://www.billboard-japan.com/charts/detail?a=dlsongs&year=2023&month=07&day=10
2023,dlsongs,2023-07-05,93,Far far away,ヨハネ(小林愛香),https://www.billboard-japan.com/charts/detail?a=dlsongs&year=2023&month=07&day=10
2023,dlsongs,2023-07-05,94,NIGHT DANCER,imase,https://www.billboard-japan.com/charts/detail?a=dlsongs&year=2023&month=07&day=10
2023,dlsongs,2023-07-05,95,怪物,YOASOBI,https://www.billboard-japan.com/charts/detail?a=dlsongs&year=2023&month=07&day=10
2023,dlsongs,2023-07-05,96,S-Class,Stray Kids,https://www.billboard-japan.com/charts/detail?a=dlsongs&year=2023&month=07&day=10
2023,dlsongs,2023-07-05,97,街,Vivid BAD SQUAD,https://www.billboard-japan.com/charts/detail?a=dlsongs&year=2023&month=07&day=10
2023,dlsongs,2023-07-05,98,ファジーネーブル,Conton Candy,https://www.billboard-japan.com/charts/detail?a=dlsongs&year=2023&month=07&day=10
2023,dlsongs,2023-07-05,99,私は最強,Mrs.GREEN APPLE,https://www.billboard-japan.com/charts/detail?a=dlsongs&year=2023&month=07&day=10
2023,dlsongs,2023-07-05,100,逆転劇,月詠み,https://www.billboard-japan.com/charts/detail?a=dlsongs&year=2023&month=07&day=10
2023,dlsongs,2023-07-12,1,Candy Kiss,Travis Japan,https://www.billboard-japan.com/charts/detail?a=dlsongs&year=2023&month=07&day=17
2023,dlsongs,2023-07-12,2,青のすみか,キタニタツヤ,https://www.billboard-japan.com/charts/detail?a=dlsongs&year=2023&month=07&day=17
2023,dlsongs,2023-07-12,3,Still With You,Jung Kook,https://www.billboard-japan.com/charts/detail?a=dlsongs&year=2023&month=07&day=17
2023,dlsongs,2023-07-12,4,My You,Jung Kook,https://www.billboard-japan.com/charts/detail?a=dlsongs&year=2023&month=07&day=17
2023,dlsongs,2023-07-12,5,アイドル,YOASOBI,https://www.billboard-japan.com/charts/detail?a=dlsongs&year=2023&month=07&day=17
2023,dlsongs,2023-07-12,6,月を見ていた,米津玄師,https://www.billboard-japan.com/charts/detail?a=dlsongs&year=2023&month=07&day=17
2023,dlsongs,2023-07-12,7,サインはB -アイ Solo Ver.-,B小町 アイ(高橋李依),https://www.billboard-japan.com/charts/detail?a=dlsongs&year=2023&month=07&day=17
2023,dlsongs,2023-07-12,8,STAR☆T☆RAIN -New Arrange Ver.-,"B小町 ルビー(伊駒ゆりえ),有馬かな(潘めぐみ),MEMちょ(大久保瑠美)",https://www.billboard-japan.com/charts/detail?a=dlsongs&year=2023&month=07&day=17
2023,dlsongs,2023-07-12,9,燈,崎山蒼志,https://www.billboard-japan.com/charts/detail?a=dlsongs&year=2023&month=07&day=17
2023,dlsongs,2023-07-12,10,サインはB -New Arrange Ver.-,"B小町 ルビー(伊駒ゆりえ),有馬かな(潘めぐみ),MEMちょ(大久保瑠美)",https://www.billboard-japan.com/charts/detail?a=dlsongs&year=2023&month=07&day=17
2023,dlsongs,2023-07-12,11,NEWSmile,JO1,https://www.billboard-japan.com/charts/detail?a=dlsongs&year=2023&month=07&day=17
2023,dlsongs,2023-07-12,12,飛天,Ayase×R-指定,https://www.billboard-japan.com/charts/detail?a=dlsongs&year=2023&month=07&day=17
2023,dlsongs,2023-07-12,13,オトナブルー,新しい学校のリーダーズ,https://www.billboard-japan.com/charts/detail?a=dlsongs&year=2023&month=07&day=17
2023,dlsongs,2023-07-12,14,絆ノ奇跡,MAN WITH A MISSION×milet,https://www.billboard-japan.com/charts/detail?a=dlsongs&year=2023&month=07&day=17
2023,dlsongs,2023-07-12,15,祝福,YOASOBI,https://www.billboard-japan.com/charts/detail?a=dlsongs&year=2023&month=07&day=17
2023,dlsongs,2023-07-12,16,Players' Player feat. KREVA,OZROSAURUS,https://www.billboard-japan.com/charts/detail?a=dlsongs&year=2023&month=07&day=17
2023,dlsongs,2023-07-12,17,STAR☆T☆RAIN -アイ Solo Ver.-,B小町 アイ(高橋李依),https://www.billboard-japan.com/charts/detail?a=dlsongs&year=2023&month=07&day=17
2023,dlsongs,2023-07-12,18,メフィスト,女王蜂,https://www.billboard-japan.com/charts/detail?a=dlsongs&year=2023&month=07&day=17
2023,dlsongs,2023-07-12,19,slash,yama,https://www.billboard-japan.com/charts/detail?a=dlsongs&year=2023&month=07&day=17
2023,dlsongs,2023-07-12,20,Do It Like That,"TOMORROW X TOGETHER,ジョナス・ブラザーズ",https://www.billboard-japan.com/charts/detail?a=dlsongs&year=2023&month=07&day=17
2023,dlsongs,2023-07-12,21,ダンスホール,Mrs.GREEN APPLE,https://www.billboard-japan.com/charts/detail?a=dlsongs&year=2023&month=07&day=17
2023,dlsongs,2023-07-12,21,大団円 (feat. ZORN),RADWIMPS,https://www.billboard-japan.com/charts/detail?a=dlsongs&year=2023&month=07&day=17
2023,dlsongs,2023-07-12,23,青と夏,Mrs.GREEN APPLE,https://www.billboard-japan.com/charts/detail?a=dlsongs&year=2023&month=07&day=17
2023,dlsongs,2023-07-12,24,宝石の日々,アイナ・ジ・エンド,https://www.billboard-japan.com/charts/detail?a=dlsongs&year=2023&month=07&day=17
2023,dlsongs,2023-07-12,25,儚くない,SUPER BEAVER,https://www.billboard-japan.com/charts/detail?a=dlsongs&year=2023&month=07&day=17
2023,dlsongs,2023-07-12,26,Magic,Mrs.GREEN APPLE,https://www.billboard-japan.com/charts/detail?a=dlsongs&year=2023&month=07&day=17
2023,dlsongs,2023-07-12,27,切っ先,Reol,https://www.billboard-japan.com/charts/detail?a=dlsongs&year=2023&month=07&day=17
2023,dlsongs,2023-07-12,28,プライド・ブライト,Juice=Juice,https://www.billboard-japan.com/charts/detail?a=dlsongs&year=2023&month=07&day=17
2023,dlsongs,2023-07-12,29,HEART's?KISS -New Arrange Ver.-,"B小町 ルビー(伊駒ゆりえ),有馬かな(潘めぐみ),MEMちょ(大久保瑠美)",https://www.billboard-japan.com/charts/detail?a=dlsongs&year=2023&month=07&day=17
2023,dlsongs,2023-07-12,30,美しい鰭,スピッツ,https://www.billboard-japan.com/charts/detail?a=dlsongs&year=2023&month=07&day=17
2023,dlsongs,2023-07-12,31,SUPER SESSION,手越祐也,https://www.billboard-japan.com/charts/detail?a=dlsongs&year=2023&month=07&day=17
2023,dlsongs,2023-07-12,32,愛の花,あいみょん,https://www.billboard-japan.com/charts/detail?a=dlsongs&year=2023&month=07&day=17
2023,dlsongs,2023-07-12,33,Full moon…!,有馬かな(潘めぐみ),https://www.billboard-japan.com/charts/detail?a=dlsongs&year=2023&month=07&day=17
2023,dlsongs,2023-07-12,34,TATTOO,Official髭男dism,https://www.billboard-japan.com/charts/detail?a=dlsongs&year=2023&month=07&day=17
2023,dlsongs,2023-07-12,35,HEART's?KISS -アイ Solo Ver.-,B小町 アイ(高橋李依),https://www.billboard-japan.com/charts/detail?a=dlsongs&year=2023&month=07&day=17
2023,dlsongs,2023-07-12,36,怪獣の花唄,Vaundy,https://www.billboard-japan.com/charts/detail?a=dlsongs&year=2023&month=07&day=17
2023,dlsongs,2023-07-12,37,青春アーカイブ,hololive IDOL PROJECT,https://www.billboard-japan.com/charts/detail?a=dlsongs&year=2023&month=07&day=17
2023,dlsongs,2023-07-12,38,心得,Uru,https://www.billboard-japan.com/charts/detail?a=dlsongs&year=2023&month=07&day=17
2023,dlsongs,2023-07-12,39,第ゼロ感,10-FEET,https://www.billboard-japan.com/charts/detail?a=dlsongs&year=2023&month=07&day=17
2023,dlsongs,2023-07-12,40,Heartbreak Syndrome,She is Legend,https://www.billboard-japan.com/charts/detail?a=dlsongs&year=2023&month=07&day=17
2023,dlsongs,2023-07-12,41,I'm a mess,MY FIRST STORY,https://www.billboard-japan.com/charts/detail?a=dlsongs&year=2023&month=07&day=17
2023,dlsongs,2023-07-12,42,"Eve, Psyche & The Bluebeard's wife",LE SSERAFIM,https://www.billboard-japan.com/charts/detail?a=dlsongs&year=2023&month=07&day=17
2023,dlsongs,2023-07-12,43,てらてら,Leo/need,https://www.billboard-japan.com/charts/detail?a=dlsongs&year=2023&month=07&day=17
2023,dlsongs,2023-07-12,44,P.S.,幾田りら,https://www.billboard-japan.com/charts/detail?a=dlsongs&year=2023&month=07&day=17
2023,dlsongs,2023-07-12,45,STAGE OF SEKAI,Leo/need,https://www.billboard-japan.com/charts/detail?a=dlsongs&year=2023&month=07&day=17
2023,dlsongs,2023-07-12,46,マーメイド,水曜日のカンパネラ,https://www.billboard-japan.com/charts/detail?a=dlsongs&year=2023&month=07&day=17
2023,dlsongs,2023-07-12,47,ぴえヨンブートダンス,ぴえヨン(村田太志),https://www.billboard-japan.com/charts/detail?a=dlsongs&year=2023&month=07&day=17
2023,dlsongs,2023-07-12,48,W●RK,millennium parade × 椎名林檎,https://www.billboard-japan.com/charts/detail?a=dlsongs&year=2023&month=07&day=17
2023,dlsongs,2023-07-12,49,LADY,米津玄師,https://www.billboard-japan.com/charts/detail?a=dlsongs&year=2023&month=07&day=17
2023,dlsongs,2023-07-12,50,ピーマン体操,有馬かな(潘めぐみ),https://www.billboard-japan.com/charts/detail?a=dlsongs&year=2023&month=07&day=17
2023,dlsongs,2023-07-12,51,逆夢,King Gnu,https://www.billboard-japan.com/charts/detail?a=dlsongs&year=2023&month=07&day=17
2023,dlsongs,2023-07-12,52,オーダーメイド,Leo/need,https://www.billboard-japan.com/charts/detail?a=dlsongs&year=2023&month=07&day=17
2023,dlsongs,2023-07-12,53,コイコガレ,milet×MAN WITH A MISSION,https://www.billboard-japan.com/charts/detail?a=dlsongs&year=2023&month=07&day=17
2023,dlsongs,2023-07-12,54,ケセラセラ,Mrs.GREEN APPLE,https://www.billboard-japan.com/charts/detail?a=dlsongs&year=2023&month=07&day=17
2023,dlsongs,2023-07-12,55,ターコイズ,SEKAI NO OWARI,https://www.billboard-japan.com/charts/detail?a=dlsongs&year=2023&month=07&day=17
2023,dlsongs,2023-07-12,56,Peaky Peaky,Leo/need,https://www.billboard-japan.com/charts/detail?a=dlsongs&year=2023&month=07&day=17
2023,dlsongs,2023-07-12,57,Super Shy,NewJeans,https://www.billboard-japan.com/charts/detail?a=dlsongs&year=2023&month=07&day=17
2023,dlsongs,2023-07-12,58,心の中のエンジェル,SIZUKU,https://www.billboard-japan.com/charts/detail?a=dlsongs&year=2023&month=07&day=17
2023,dlsongs,2023-07-12,59,New Jeans,NewJeans,https://www.billboard-japan.com/charts/detail?a=dlsongs&year=2023&month=07&day=17
2023,dlsongs,2023-07-12,60,STORM (feat. 水木一郎 & 影山ヒロノブ),JAM Project,https://www.billboard-japan.com/charts/detail?a=dlsongs&year=2023&month=07&day=17
2023,dlsongs,2023-07-12,61,Subtitle,Official髭男dism,https://www.billboard-japan.com/charts/detail?a=dlsongs&year=2023&month=07&day=17
2023,dlsongs,2023-07-12,62,Twilight Pentagram,オルタード,https://www.billboard-japan.com/charts/detail?a=dlsongs&year=2023&month=07&day=17
2023,dlsongs,2023-07-12,63,Red:birthmark,アイナ・ジ・エンド,https://www.billboard-japan.com/charts/detail?a=dlsongs&year=2023&month=07&day=17
2023,dlsongs,2023-07-12,64,キラメキ☆,U149,https://www.billboard-japan.com/charts/detail?a=dlsongs&year=2023&month=07&day=17
2023,dlsongs,2023-07-12,65,Start over!,櫻坂46,https://www.billboard-japan.com/charts/detail?a=dlsongs&year=2023&month=07&day=17
2023,dlsongs,2023-07-12,66,STAR☆T☆RAIN -ルビー Solo Ver.-,B小町 ルビー(伊駒ゆりえ),https://www.billboard-japan.com/charts/detail?a=dlsongs&year=2023&month=07&day=17
2023,dlsongs,2023-07-12,67,可愛くてごめん feat. ちゅーたん(早見沙織),HoneyWorks,https://www.billboard-japan.com/charts/detail?a=dlsongs&year=2023&month=07&day=17
2023,dlsongs,2023-07-12,68,ウェディングソング,DISH//,https://www.billboard-japan.com/charts/detail?a=dlsongs&year=2023&month=07&day=17
2023,dlsongs,2023-07-12,69,Doodle,Mrs.GREEN APPLE,https://www.billboard-japan.com/charts/detail?a=dlsongs&year=2023&month=07&day=17
2023,dlsongs,2023-07-12,70,Hear Me Out,EXO,https://www.billboard-japan.com/charts/detail?a=dlsongs&year=2023&month=07&day=17
2023,dlsongs,2023-07-12,71,竈門禰豆子のうた,椎名豪 featuring 中川奈美,https://www.billboard-japan.com/charts/detail?a=dlsongs&year=2023&month=07&day=17
2023,dlsongs,2023-07-12,72,KICK BACK,米津玄師,https://www.billboard-japan.com/charts/detail?a=dlsongs&year=2023&month=07&day=17
2023,dlsongs,2023-07-12,72,一途,King Gnu,https://www.billboard-japan.com/charts/detail?a=dlsongs&year=2023&month=07&day=17
2023,dlsongs,2023-07-12,74,残響散歌,Aimer(エメ),https://www.billboard-japan.com/charts/detail?a=dlsongs&year=2023&month=07&day=17
2023,dlsongs,2023-07-12,75,FAKEit,SawanoHiroyuki[nZk]:Laco,https://www.billboard-japan.com/charts/detail?a=dlsongs&year=2023&month=07&day=17
2023,dlsongs,2023-07-12,76,Stray Hearts,稲葉浩志,https://www.billboard-japan.com/charts/detail?a=dlsongs&year=2023&month=07&day=17
2023,dlsongs,2023-07-12,77,シャッター閉めろ,SUPER JUNIOR-L.S.S.,https://www.billboard-japan.com/charts/detail?a=dlsongs&year=2023&month=07&day=17
2023,dlsongs,2023-07-12,78,群青,YOASOBI,https://www.billboard-japan.com/charts/detail?a=dlsongs&year=2023&month=07&day=17
2023,dlsongs,2023-07-12,78,インフェルノ,Mrs.GREEN APPLE,https://www.billboard-japan.com/charts/detail?a=dlsongs&year=2023&month=07&day=17
2023,dlsongs,2023-07-12,80,壱雫空,MyGO!!!!!,https://www.billboard-japan.com/charts/detail?a=dlsongs&year=2023&month=07&day=17
2023,dlsongs,2023-07-12,81,ナンダカンダ,藤井隆,https://www.billboard-japan.com/charts/detail?a=dlsongs&year=2023&month=07&day=17
2023,dlsongs,2023-07-12,82,W / X / Y,Tani Yuuki,https://www.billboard-japan.com/charts/detail?a=dlsongs&year=2023&month=07&day=17
2023,dlsongs,2023-07-12,83,Take Two,BTS,https://www.billboard-japan.com/charts/detail?a=dlsongs&year=2023&month=07&day=17
2023,dlsongs,2023-07-12,84,かくれんぼ,AliA,https://www.billboard-japan.com/charts/detail?a=dlsongs&year=2023&month=07&day=17
2023,dlsongs,2023-07-12,85,僕のこと,Mrs.GREEN APPLE,https://www.billboard-japan.com/charts/detail?a=dlsongs&year=2023&month=07&day=17
2023,dlsongs,2023-07-12,86,Dawning Angels,fine-O,https://www.billboard-japan.com/charts/detail?a=dlsongs&year=2023&month=07&day=17
2023,dlsongs,2023-07-12,87,LOOK AT ME,NiziU,https://www.billboard-japan.com/charts/detail?a=dlsongs&year=2023&month=07&day=17
2023,dlsongs,2023-07-12,88,救世主,月詠み,https://www.billboard-japan.com/charts/detail?a=dlsongs&year=2023&month=07&day=17
2023,dlsongs,2023-07-12,89,REALiZE,LiSA,https://www.billboard-japan.com/charts/detail?a=dlsongs&year=2023&month=07&day=17
2023,dlsongs,2023-07-12,90,紙一重,Uru,https://www.billboard-japan.com/charts/detail?a=dlsongs&year=2023&month=07&day=17
2023,dlsongs,2023-07-12,91,ビリミリオン,優里,https://www.billboard-japan.com/charts/detail?a=dlsongs&year=2023&month=07&day=17
2023,dlsongs,2023-07-12,92,バタフライエフェクト,SEKAI NO OWARI,https://www.billboard-japan.com/charts/detail?a=dlsongs&year=2023&month=07&day=17
2023,dlsongs,2023-07-12,93,キミノタメボクノタメ,Aqours,https://www.billboard-japan.com/charts/detail?a=dlsongs&year=2023&month=07&day=17
2023,dlsongs,2023-07-12,94,レオ,優里,https://www.billboard-japan.com/charts/detail?a=dlsongs&year=2023&month=07&day=17
2023,dlsongs,2023-07-12,95,ムンラホルマオ,天堂天彦/カリスマ,https://www.billboard-japan.com/charts/detail?a=dlsongs&year=2023&month=07&day=17
2023,dlsongs,2023-07-12,96,ミックスナッツ,Official髭男dism,https://www.billboard-japan.com/charts/detail?a=dlsongs&year=2023&month=07&day=17
2023,dlsongs,2023-07-12,97,Habit,SEKAI NO OWARI,https://www.billboard-japan.com/charts/detail?a=dlsongs&year=2023&month=07&day=17
2023,dlsongs,2023-07-12,98,新時代 (ウタ from ONE PIECE FILM RED),Ado,https://www.billboard-japan.com/charts/detail?a=dlsongs&year=2023&month=07&day=17
2023,dlsongs,2023-07-12,99,マリーゴールド,あいみょん,https://www.billboard-japan.com/charts/detail?a=dlsongs&year=2023&month=07&day=17
2023,dlsongs,2023-07-12,100,夜に駆ける,YOASOBI,https://www.billboard-japan.com/charts/detail?a=dlsongs&year=2023&month=07&day=17
2023,dlsongs,2023-07-19,1,Seven (feat. Latto),Jung Kook,https://www.billboard-japan.com/charts/detail?a=dlsongs&year=2023&month=07&day=24
2023,dlsongs,2023-07-19,2,アイドル,YOASOBI,https://www.billboard-japan.com/charts/detail?a=dlsongs&year=2023&month=07&day=24
2023,dlsongs,2023-07-19,3,青のすみか,キタニタツヤ,https://www.billboard-japan.com/charts/detail?a=dlsongs&year=2023&month=07&day=24
2023,dlsongs,2023-07-19,4,向日葵,Ado,https://www.billboard-japan.com/charts/detail?a=dlsongs&year=2023&month=07&day=24
2023,dlsongs,2023-07-19,5,月を見ていた,米津玄師,https://www.billboard-japan.com/charts/detail?a=dlsongs&year=2023&month=07&day=24
2023,dlsongs,2023-07-19,6,Magic,Mrs.GREEN APPLE,https://www.billboard-japan.com/charts/detail?a=dlsongs&year=2023&month=07&day=24
2023,dlsongs,2023-07-19,7,絆ノ奇跡,MAN WITH A MISSION×milet,https://www.billboard-japan.com/charts/detail?a=dlsongs&year=2023&month=07&day=24
2023,dlsongs,2023-07-19,8,サインはB -アイ Solo Ver.-,B小町 アイ(高橋李依),https://www.billboard-japan.com/charts/detail?a=dlsongs&year=2023&month=07&day=24
2023,dlsongs,2023-07-19,9,Rendezvous,Nissy(西島隆弘),https://www.billboard-japan.com/charts/detail?a=dlsongs&year=2023&month=07&day=24
2023,dlsongs,2023-07-19,10,サインはB -New Arrange Ver.-,"B小町 ルビー(伊駒ゆりえ),有馬かな(潘めぐみ),MEMちょ(大久保瑠美)",https://www.billboard-japan.com/charts/detail?a=dlsongs&year=2023&month=07&day=24
2023,dlsongs,2023-07-19,11,STAR☆T☆RAIN -New Arrange Ver.-,"B小町 ルビー(伊駒ゆりえ),有馬かな(潘めぐみ),MEMちょ(大久保瑠美)",https://www.billboard-japan.com/charts/detail?a=dlsongs&year=2023&month=07&day=24
2023,dlsongs,2023-07-19,12,綺羅綺羅,Reol,https://www.billboard-japan.com/charts/detail?a=dlsongs&year=2023&month=07&day=24
2023,dlsongs,2023-07-19,13,青と夏,Mrs.GREEN APPLE,https://www.billboard-japan.com/charts/detail?a=dlsongs&year=2023&month=07&day=24
2023,dlsongs,2023-07-19,14,飛天,Ayase×R-指定,https://www.billboard-japan.com/charts/detail?a=dlsongs&year=2023&month=07&day=24
2023,dlsongs,2023-07-19,15,ダンスホール,Mrs.GREEN APPLE,https://www.billboard-japan.com/charts/detail?a=dlsongs&year=2023&month=07&day=24
2023,dlsongs,2023-07-19,16,Seven (Instrumental) (feat. Latto),Jung Kook,https://www.billboard-japan.com/charts/detail?a=dlsongs&year=2023&month=07&day=24
2023,dlsongs,2023-07-19,17,ケセラセラ,Mrs.GREEN APPLE,https://www.billboard-japan.com/charts/detail?a=dlsongs&year=2023&month=07&day=24
2023,dlsongs,2023-07-19,18,オトナブルー,新しい学校のリーダーズ,https://www.billboard-japan.com/charts/detail?a=dlsongs&year=2023&month=07&day=24
2023,dlsongs,2023-07-19,19,燈,崎山蒼志,https://www.billboard-japan.com/charts/detail?a=dlsongs&year=2023&month=07&day=24
2023,dlsongs,2023-07-19,20,僕のこと,Mrs.GREEN APPLE,https://www.billboard-japan.com/charts/detail?a=dlsongs&year=2023&month=07&day=24
2023,dlsongs,2023-07-19,21,メフィスト,女王蜂,https://www.billboard-japan.com/charts/detail?a=dlsongs&year=2023&month=07&day=24
2023,dlsongs,2023-07-19,22,祝福,YOASOBI,https://www.billboard-japan.com/charts/detail?a=dlsongs&year=2023&month=07&day=24
2023,dlsongs,2023-07-19,23,プライド・ブライト,Juice=Juice,https://www.billboard-japan.com/charts/detail?a=dlsongs&year=2023&month=07&day=24
2023,dlsongs,2023-07-19,24,怪獣の花唄,Vaundy,https://www.billboard-japan.com/charts/detail?a=dlsongs&year=2023&month=07&day=24
2023,dlsongs,2023-07-19,25,愛の花,あいみょん,https://www.billboard-japan.com/charts/detail?a=dlsongs&year=2023&month=07&day=24
2023,dlsongs,2023-07-19,26,Players' Player feat. KREVA,OZROSAURUS,https://www.billboard-japan.com/charts/detail?a=dlsongs&year=2023&month=07&day=24
2023,dlsongs,2023-07-19,27,儚くない,SUPER BEAVER,https://www.billboard-japan.com/charts/detail?a=dlsongs&year=2023&month=07&day=24
2023,dlsongs,2023-07-19,28,ターコイズ,SEKAI NO OWARI,https://www.billboard-japan.com/charts/detail?a=dlsongs&year=2023&month=07&day=24
2023,dlsongs,2023-07-19,29,美しい鰭,スピッツ,https://www.billboard-japan.com/charts/detail?a=dlsongs&year=2023&month=07&day=24
2023,dlsongs,2023-07-19,30,私は最強,Mrs.GREEN APPLE,https://www.billboard-japan.com/charts/detail?a=dlsongs&year=2023&month=07&day=24
2023,dlsongs,2023-07-19,31,Resonantia,Aimer(エメ),https://www.billboard-japan.com/charts/detail?a=dlsongs&year=2023&month=07&day=24
2023,dlsongs,2023-07-19,32,STAR☆T☆RAIN -アイ Solo Ver.-,B小町 アイ(高橋李依),https://www.billboard-japan.com/charts/detail?a=dlsongs&year=2023&month=07&day=24
2023,dlsongs,2023-07-19,33,Hyper Jumpin',hololive 5th Generation,https://www.billboard-japan.com/charts/detail?a=dlsongs&year=2023&month=07&day=24
2023,dlsongs,2023-07-19,34,切っ先,Reol,https://www.billboard-japan.com/charts/detail?a=dlsongs&year=2023&month=07&day=24
2023,dlsongs,2023-07-19,35,Heartbreak Syndrome,She is Legend,https://www.billboard-japan.com/charts/detail?a=dlsongs&year=2023&month=07&day=24
2023,dlsongs,2023-07-19,36,Candy Kiss,Travis Japan,https://www.billboard-japan.com/charts/detail?a=dlsongs&year=2023&month=07&day=24
2023,dlsongs,2023-07-19,37,I'm a mess,MY FIRST STORY,https://www.billboard-japan.com/charts/detail?a=dlsongs&year=2023&month=07&day=24
2023,dlsongs,2023-07-19,38,TATTOO,Official髭男dism,https://www.billboard-japan.com/charts/detail?a=dlsongs&year=2023&month=07&day=24
2023,dlsongs,2023-07-19,39,Super Shy,NewJeans,https://www.billboard-japan.com/charts/detail?a=dlsongs&year=2023&month=07&day=24
2023,dlsongs,2023-07-19,40,FUNKY FLUSHIN',Juice=Juice,https://www.billboard-japan.com/charts/detail?a=dlsongs&year=2023&month=07&day=24
2023,dlsongs,2023-07-19,41,fake face dance music,音田雅則,https://www.billboard-japan.com/charts/detail?a=dlsongs&year=2023&month=07&day=24
2023,dlsongs,2023-07-19,42,My You,Jung Kook,https://www.billboard-japan.com/charts/detail?a=dlsongs&year=2023&month=07&day=24
2023,dlsongs,2023-07-19,43,第ゼロ感,10-FEET,https://www.billboard-japan.com/charts/detail?a=dlsongs&year=2023&month=07&day=24
2023,dlsongs,2023-07-19,44,Still With You,Jung Kook,https://www.billboard-japan.com/charts/detail?a=dlsongs&year=2023&month=07&day=24
2023,dlsongs,2023-07-19,45,コイコガレ,milet×MAN WITH A MISSION,https://www.billboard-japan.com/charts/detail?a=dlsongs&year=2023&month=07&day=24
2023,dlsongs,2023-07-19,46,残響散歌,Aimer(エメ),https://www.billboard-japan.com/charts/detail?a=dlsongs&year=2023&month=07&day=24
2023,dlsongs,2023-07-19,47,slash,yama,https://www.billboard-japan.com/charts/detail?a=dlsongs&year=2023&month=07&day=24
2023,dlsongs,2023-07-19,48,HEART's(ハート)KISS -New Arrange Ver.-,"B小町 ルビー(伊駒ゆりえ),有馬かな(潘めぐみ),MEMちょ(大久保瑠美)",https://www.billboard-japan.com/charts/detail?a=dlsongs&year=2023&month=07&day=24
2023,dlsongs,2023-07-19,49,マーメイド,水曜日のカンパネラ,https://www.billboard-japan.com/charts/detail?a=dlsongs&year=2023&month=07&day=24
2023,dlsongs,2023-07-19,50,インフェルノ,Mrs.GREEN APPLE,https://www.billboard-japan.com/charts/detail?a=dlsongs&year=2023&month=07&day=24
2023,dlsongs,2023-07-19,51,心得,Uru,https://www.billboard-japan.com/charts/detail?a=dlsongs&year=2023&month=07&day=24
2023,dlsongs,2023-07-19,52,Ditto,NewJeans,https://www.billboard-japan.com/charts/detail?a=dlsongs&year=2023&month=07&day=24
2023,dlsongs,2023-07-19,53,Full moon…!,有馬かな(潘めぐみ),https://www.billboard-japan.com/charts/detail?a=dlsongs&year=2023&month=07&day=24
2023,dlsongs,2023-07-19,54,One and Only,ENHYPEN,https://www.billboard-japan.com/charts/detail?a=dlsongs&year=2023&month=07&day=24
2023,dlsongs,2023-07-19,55,Love Letter,アルストロメリア,https://www.billboard-japan.com/charts/detail?a=dlsongs&year=2023&month=07&day=24
2023,dlsongs,2023-07-19,56,Soranji,Mrs.GREEN APPLE,https://www.billboard-japan.com/charts/detail?a=dlsongs&year=2023&month=07&day=24
2023,dlsongs,2023-07-19,57,グラデーション,アルストロメリア,https://www.billboard-japan.com/charts/detail?a=dlsongs&year=2023&month=07&day=24
2023,dlsongs,2023-07-19,58,Subtitle,Official髭男dism,https://www.billboard-japan.com/charts/detail?a=dlsongs&year=2023&month=07&day=24
2023,dlsongs,2023-07-19,59,BRAVE HEART,NERDHEAD feat 西野カナ,https://www.billboard-japan.com/charts/detail?a=dlsongs&year=2023&month=07&day=24
2023,dlsongs,2023-07-19,60,大団円 (feat. ZORN),RADWIMPS,https://www.billboard-japan.com/charts/detail?a=dlsongs&year=2023&month=07&day=24
2023,dlsongs,2023-07-19,61,たからもの,中野家の五つ子,https://www.billboard-japan.com/charts/detail?a=dlsongs&year=2023&month=07&day=24
2023,dlsongs,2023-07-19,62,五等分の未来,中野家の五つ子,https://www.billboard-japan.com/charts/detail?a=dlsongs&year=2023&month=07&day=24
2023,dlsongs,2023-07-19,63,グッドサイン,765 MILLION ALLSTARS,https://www.billboard-japan.com/charts/detail?a=dlsongs&year=2023&month=07&day=24
2023,dlsongs,2023-07-19,64,僕らのスペクトラ,きただにひろし,https://www.billboard-japan.com/charts/detail?a=dlsongs&year=2023&month=07&day=24
2023,dlsongs,2023-07-19,65,HEART's(ハート)KISS -アイ Solo Ver.-,B小町 アイ(高橋李依),https://www.billboard-japan.com/charts/detail?a=dlsongs&year=2023&month=07&day=24
2023,dlsongs,2023-07-19,66,New Jeans,NewJeans,https://www.billboard-japan.com/charts/detail?a=dlsongs&year=2023&month=07&day=24
2023,dlsongs,2023-07-19,67,ビリミリオン,優里,https://www.billboard-japan.com/charts/detail?a=dlsongs&year=2023&month=07&day=24
2023,dlsongs,2023-07-19,68,救世主,月詠み,https://www.billboard-japan.com/charts/detail?a=dlsongs&year=2023&month=07&day=24
2023,dlsongs,2023-07-19,69,メッセージ,アルストロメリア,https://www.billboard-japan.com/charts/detail?a=dlsongs&year=2023&month=07&day=24
2023,dlsongs,2023-07-19,70,可愛くてごめん feat. ちゅーたん(早見沙織),HoneyWorks,https://www.billboard-japan.com/charts/detail?a=dlsongs&year=2023&month=07&day=24
2023,dlsongs,2023-07-19,71,LADY,米津玄師,https://www.billboard-japan.com/charts/detail?a=dlsongs&year=2023&month=07&day=24
2023,dlsongs,2023-07-19,72,W●RK,millennium parade × 椎名林檎,https://www.billboard-japan.com/charts/detail?a=dlsongs&year=2023&month=07&day=24
2023,dlsongs,2023-07-19,73,"Eve, Psyche & The Bluebeard's wife",LE SSERAFIM,https://www.billboard-japan.com/charts/detail?a=dlsongs&year=2023&month=07&day=24
2023,dlsongs,2023-07-19,74,新時代 (ウタ from ONE PIECE FILM RED),Ado,https://www.billboard-japan.com/charts/detail?a=dlsongs&year=2023&month=07&day=24
2023,dlsongs,2023-07-19,75,KICK BACK,米津玄師,https://www.billboard-japan.com/charts/detail?a=dlsongs&year=2023&month=07&day=24
2023,dlsongs,2023-07-19,76,ソングオブザデッド,KANA-BOON,https://www.billboard-japan.com/charts/detail?a=dlsongs&year=2023&month=07&day=24
2023,dlsongs,2023-07-19,77,リビング・イン・カラー,(ディズニー),https://www.billboard-japan.com/charts/detail?a=dlsongs&year=2023&month=07&day=24
2023,dlsongs,2023-07-19,78,沈丁花,DISH//,https://www.billboard-japan.com/charts/detail?a=dlsongs&year=2023&month=07&day=24
2023,dlsongs,2023-07-19,79,ピーマン体操,有馬かな(潘めぐみ),https://www.billboard-japan.com/charts/detail?a=dlsongs&year=2023&month=07&day=24
2023,dlsongs,2023-07-19,80,かくれんぼ,AliA,https://www.billboard-japan.com/charts/detail?a=dlsongs&year=2023&month=07&day=24
2023,dlsongs,2023-07-19,81,ヒアソビ,flumpool,https://www.billboard-japan.com/charts/detail?a=dlsongs&year=2023&month=07&day=24
2023,dlsongs,2023-07-19,82,ぴえヨンブートダンス,ぴえヨン(村田太志),https://www.billboard-japan.com/charts/detail?a=dlsongs&year=2023&month=07&day=24
2023,dlsongs,2023-07-19,83,spiral,LONGMAN,https://www.billboard-japan.com/charts/detail?a=dlsongs&year=2023&month=07&day=24
2023,dlsongs,2023-07-19,84,RE-BIRTH,SPYAIR,https://www.billboard-japan.com/charts/detail?a=dlsongs&year=2023&month=07&day=24
2023,dlsongs,2023-07-19,85,鉄の檻,GRANRODEO,https://www.billboard-japan.com/charts/detail?a=dlsongs&year=2023&month=07&day=24
2023,dlsongs,2023-07-19,86,逆夢,King Gnu,https://www.billboard-japan.com/charts/detail?a=dlsongs&year=2023&month=07&day=24
2023,dlsongs,2023-07-19,87,メロディー,玉置浩二,https://www.billboard-japan.com/charts/detail?a=dlsongs&year=2023&month=07&day=24
2023,dlsongs,2023-07-19,88,今この瞬間を,Little Glee Monster,https://www.billboard-japan.com/charts/detail?a=dlsongs&year=2023&month=07&day=24
2023,dlsongs,2023-07-19,89,LINK to DESTINY,アイリス(堀江由衣) & 吉乃,https://www.billboard-japan.com/charts/detail?a=dlsongs&year=2023&month=07&day=24
2023,dlsongs,2023-07-19,90,コイセカイ,ClariS,https://www.billboard-japan.com/charts/detail?a=dlsongs&year=2023&month=07&day=24
2023,dlsongs,2023-07-19,91,私は最強 (ウタ from ONE PIECE FILM RED),Ado,https://www.billboard-japan.com/charts/detail?a=dlsongs&year=2023&month=07&day=24
2023,dlsongs,2023-07-19,92,夜に駆ける,YOASOBI,https://www.billboard-japan.com/charts/detail?a=dlsongs&year=2023&month=07&day=24
2023,dlsongs,2023-07-19,93,群青,YOASOBI,https://www.billboard-japan.com/charts/detail?a=dlsongs&year=2023&month=07&day=24
2023,dlsongs,2023-07-19,94,キル×キラ×killer★,キル×ユア×アイドル,https://www.billboard-japan.com/charts/detail?a=dlsongs&year=2023&month=07&day=24
2023,dlsongs,2023-07-19,95,STARS,w.o.d.,https://www.billboard-japan.com/charts/detail?a=dlsongs&year=2023&month=07&day=24
2023,dlsongs,2023-07-19,96,ミックスナッツ,Official髭男dism,https://www.billboard-japan.com/charts/detail?a=dlsongs&year=2023&month=07&day=24
2023,dlsongs,2023-07-19,97,ファジーネーブル,Conton Candy,https://www.billboard-japan.com/charts/detail?a=dlsongs&year=2023&month=07&day=24
2023,dlsongs,2023-07-19,98,Black magic,FANTASTICS from EXILE TRIBE,https://www.billboard-japan.com/charts/detail?a=dlsongs&year=2023&month=07&day=24
2023,dlsongs,2023-07-19,99,ちゅ、多様性。,ano,https://www.billboard-japan.com/charts/detail?a=dlsongs&year=2023&month=07&day=24
2023,dlsongs,2023-07-19,100,線香花火 feat. 幾田りら,佐藤千亜妃,https://www.billboard-japan.com/charts/detail?a=dlsongs&year=2023&month=07&day=24
2023,dlsongs,2023-07-26,1,地球儀,米津玄師,https://www.billboard-japan.com/charts/detail?a=dlsongs&year=2023&month=07&day=31
2023,dlsongs,2023-07-26,2,アイドル,YOASOBI,https://www.billboard-japan.com/charts/detail?a=dlsongs&year=2023&month=07&day=31
2023,dlsongs,2023-07-26,3,盆ギリ恋歌,サザンオールスターズ,https://www.billboard-japan.com/charts/detail?a=dlsongs&year=2023&month=07&day=31
2023,dlsongs,2023-07-26,4,Seven (feat. Latto),Jung Kook,https://www.billboard-japan.com/charts/detail?a=dlsongs&year=2023&month=07&day=31
2023,dlsongs,2023-07-26,5,青のすみか,キタニタツヤ,https://www.billboard-japan.com/charts/detail?a=dlsongs&year=2023&month=07&day=31
2023,dlsongs,2023-07-26,6,My Story,INI,https://www.billboard-japan.com/charts/detail?a=dlsongs&year=2023&month=07&day=31
2023,dlsongs,2023-07-26,7,月を見ていた,米津玄師,https://www.billboard-japan.com/charts/detail?a=dlsongs&year=2023&month=07&day=31
2023,dlsongs,2023-07-26,8,Magic,Mrs.GREEN APPLE,https://www.billboard-japan.com/charts/detail?a=dlsongs&year=2023&month=07&day=31
2023,dlsongs,2023-07-26,9,向日葵,Ado,https://www.billboard-japan.com/charts/detail?a=dlsongs&year=2023&month=07&day=31
2023,dlsongs,2023-07-26,10,ENCORE AGAIN (feat.SHUNTO from BE:FIRST),UVERworld,https://www.billboard-japan.com/charts/detail?a=dlsongs&year=2023&month=07&day=31
2023,dlsongs,2023-07-26,11,燈,崎山蒼志,https://www.billboard-japan.com/charts/detail?a=dlsongs&year=2023&month=07&day=31
2023,dlsongs,2023-07-26,12,青と夏,Mrs.GREEN APPLE,https://www.billboard-japan.com/charts/detail?a=dlsongs&year=2023&month=07&day=31
2023,dlsongs,2023-07-26,13,Liberty & Freedom,葛葉,https://www.billboard-japan.com/charts/detail?a=dlsongs&year=2023&month=07&day=31
2023,dlsongs,2023-07-26,14,Am I ready?,日向坂46,https://www.billboard-japan.com/charts/detail?a=dlsongs&year=2023&month=07&day=31
2023,dlsongs,2023-07-26,15,オトナブルー,新しい学校のリーダーズ,https://www.billboard-japan.com/charts/detail?a=dlsongs&year=2023&month=07&day=31
2023,dlsongs,2023-07-26,16,絆ノ奇跡,MAN WITH A MISSION×milet,https://www.billboard-japan.com/charts/detail?a=dlsongs&year=2023&month=07&day=31
2023,dlsongs,2023-07-26,17,会いにいこう,UA,https://www.billboard-japan.com/charts/detail?a=dlsongs&year=2023&month=07&day=31
2023,dlsongs,2023-07-26,18,僕のこと,Mrs.GREEN APPLE,https://www.billboard-japan.com/charts/detail?a=dlsongs&year=2023&month=07&day=31
2023,dlsongs,2023-07-26,19,メフィスト,女王蜂,https://www.billboard-japan.com/charts/detail?a=dlsongs&year=2023&month=07&day=31
2023,dlsongs,2023-07-26,20,怪獣の花唄,Vaundy,https://www.billboard-japan.com/charts/detail?a=dlsongs&year=2023&month=07&day=31
2023,dlsongs,2023-07-26,21,サインはB -New Arrange Ver.-,"B小町 ルビー(伊駒ゆりえ),有馬かな(潘めぐみ),MEMちょ(大久保瑠美)",https://www.billboard-japan.com/charts/detail?a=dlsongs&year=2023&month=07&day=31
2023,dlsongs,2023-07-26,22,Seven (Summer Mix) (feat. Latto),Jung Kook,https://www.billboard-japan.com/charts/detail?a=dlsongs&year=2023&month=07&day=31
2023,dlsongs,2023-07-26,23,ダンスホール,Mrs.GREEN APPLE,https://www.billboard-japan.com/charts/detail?a=dlsongs&year=2023&month=07&day=31
2023,dlsongs,2023-07-26,24,ケセラセラ,Mrs.GREEN APPLE,https://www.billboard-japan.com/charts/detail?a=dlsongs&year=2023&month=07&day=31
2023,dlsongs,2023-07-26,25,飛天,Ayase×R-指定,https://www.billboard-japan.com/charts/detail?a=dlsongs&year=2023&month=07&day=31
2023,dlsongs,2023-07-26,26,STAR☆T☆RAIN -New Arrange Ver.-,"B小町 ルビー(伊駒ゆりえ),有馬かな(潘めぐみ),MEMちょ(大久保瑠美)",https://www.billboard-japan.com/charts/detail?a=dlsongs&year=2023&month=07&day=31
2023,dlsongs,2023-07-26,27,愛の花,あいみょん,https://www.billboard-japan.com/charts/detail?a=dlsongs&year=2023&month=07&day=31
2023,dlsongs,2023-07-26,28,サインはB -アイ Solo Ver.-,B小町 アイ(高橋李依),https://www.billboard-japan.com/charts/detail?a=dlsongs&year=2023&month=07&day=31
2023,dlsongs,2023-07-26,29,Re:volution,ももいろクローバーZ,https://www.billboard-japan.com/charts/detail?a=dlsongs&year=2023&month=07&day=31
2023,dlsongs,2023-07-26,30,祝福,YOASOBI,https://www.billboard-japan.com/charts/detail?a=dlsongs&year=2023&month=07&day=31
2023,dlsongs,2023-07-26,31,第ゼロ感,10-FEET,https://www.billboard-japan.com/charts/detail?a=dlsongs&year=2023&month=07&day=31
2023,dlsongs,2023-07-26,31,Seven (Band Ver.) (feat. Latto),Jung Kook,https://www.billboard-japan.com/charts/detail?a=dlsongs&year=2023&month=07&day=31
2023,dlsongs,2023-07-26,33,NA NA NA SUMMER NIGHT BeeAT,Crazy:B,https://www.billboard-japan.com/charts/detail?a=dlsongs&year=2023&month=07&day=31
2023,dlsongs,2023-07-26,34,HAPPY-END,玉井詩織,https://www.billboard-japan.com/charts/detail?a=dlsongs&year=2023&month=07&day=31
2023,dlsongs,2023-07-26,35,美しい鰭,スピッツ,https://www.billboard-japan.com/charts/detail?a=dlsongs&year=2023&month=07&day=31
2023,dlsongs,2023-07-26,36,ソングオブザデッド,KANA-BOON,https://www.billboard-japan.com/charts/detail?a=dlsongs&year=2023&month=07&day=31
2023,dlsongs,2023-07-26,37,Night Time Wander,"桐生つかさ(河瀬茉希),大槻唯(山下七海),八神マキノ(二ノ宮ゆい)",https://www.billboard-japan.com/charts/detail?a=dlsongs&year=2023&month=07&day=31
2023,dlsongs,2023-07-26,38,RELOAD!!!!,VOLTACTION,https://www.billboard-japan.com/charts/detail?a=dlsongs&year=2023&month=07&day=31
2023,dlsongs,2023-07-26,39,儚くない,SUPER BEAVER,https://www.billboard-japan.com/charts/detail?a=dlsongs&year=2023&month=07&day=31
2023,dlsongs,2023-07-26,40,イフ,MORE MORE JUMP!,https://www.billboard-japan.com/charts/detail?a=dlsongs&year=2023&month=07&day=31
2023,dlsongs,2023-07-26,41,I'm a mess,MY FIRST STORY,https://www.billboard-japan.com/charts/detail?a=dlsongs&year=2023&month=07&day=31
2023,dlsongs,2023-07-26,42,VANILLA SKY (feat. WurtS),[Alexandros],https://www.billboard-japan.com/charts/detail?a=dlsongs&year=2023&month=07&day=31
2023,dlsongs,2023-07-26,43,私は最強,Mrs.GREEN APPLE,https://www.billboard-japan.com/charts/detail?a=dlsongs&year=2023&month=07&day=31
2023,dlsongs,2023-07-26,44,VICTOSPIN,UVERworld,https://www.billboard-japan.com/charts/detail?a=dlsongs&year=2023&month=07&day=31
2023,dlsongs,2023-07-26,45,Players' Player feat. KREVA,OZROSAURUS,https://www.billboard-japan.com/charts/detail?a=dlsongs&year=2023&month=07&day=31
2023,dlsongs,2023-07-26,46,Starting Now 〜新しい私へ,清水美依紗,https://www.billboard-japan.com/charts/detail?a=dlsongs&year=2023&month=07&day=31
2023,dlsongs,2023-07-26,47,綺羅綺羅,Reol,https://www.billboard-japan.com/charts/detail?a=dlsongs&year=2023&month=07&day=31
2023,dlsongs,2023-07-26,48,僕らのスペクトラ,きただにひろし,https://www.billboard-japan.com/charts/detail?a=dlsongs&year=2023&month=07&day=31
2023,dlsongs,2023-07-26,49,プライド・ブライト,Juice=Juice,https://www.billboard-japan.com/charts/detail?a=dlsongs&year=2023&month=07&day=31
2023,dlsongs,2023-07-26,50,視線Hold me tight,HiMERU(笠間淳),https://www.billboard-japan.com/charts/detail?a=dlsongs&year=2023&month=07&day=31
2023,dlsongs,2023-07-26,51,TATTOO,Official髭男dism,https://www.billboard-japan.com/charts/detail?a=dlsongs&year=2023&month=07&day=31
2023,dlsongs,2023-07-26,52,Away,祖堅正慶,https://www.billboard-japan.com/charts/detail?a=dlsongs&year=2023&month=07&day=31
2023,dlsongs,2023-07-26,53,Crazy Anthem,Crazy:B,https://www.billboard-japan.com/charts/detail?a=dlsongs&year=2023&month=07&day=31
2023,dlsongs,2023-07-26,54,ターコイズ,SEKAI NO OWARI,https://www.billboard-japan.com/charts/detail?a=dlsongs&year=2023&month=07&day=31
2023,dlsongs,2023-07-26,55,Yummy・Tummy・LOVE!!,椎名ニキ(山口智広),https://www.billboard-japan.com/charts/detail?a=dlsongs&year=2023&month=07&day=31
2023,dlsongs,2023-07-26,56,切っ先,Reol,https://www.billboard-japan.com/charts/detail?a=dlsongs&year=2023&month=07&day=31
2023,dlsongs,2023-07-26,57,インフェルノ,Mrs.GREEN APPLE,https://www.billboard-japan.com/charts/detail?a=dlsongs&year=2023&month=07&day=31
2023,dlsongs,2023-07-26,58,Thrill Addict,天城燐音(阿座上洋平),https://www.billboard-japan.com/charts/detail?a=dlsongs&year=2023&month=07&day=31
2023,dlsongs,2023-07-26,59,パラソルサイダー,MORE MORE JUMP!,https://www.billboard-japan.com/charts/detail?a=dlsongs&year=2023&month=07&day=31
2023,dlsongs,2023-07-26,60,水平線,back number,https://www.billboard-japan.com/charts/detail?a=dlsongs&year=2023&month=07&day=31
2023,dlsongs,2023-07-26,61,Super Shy,NewJeans,https://www.billboard-japan.com/charts/detail?a=dlsongs&year=2023&month=07&day=31
2023,dlsongs,2023-07-26,62,SKYSONAR,不知火フレア,https://www.billboard-japan.com/charts/detail?a=dlsongs&year=2023&month=07&day=31
2023,dlsongs,2023-07-26,63,コイコガレ,milet×MAN WITH A MISSION,https://www.billboard-japan.com/charts/detail?a=dlsongs&year=2023&month=07&day=31
2023,dlsongs,2023-07-26,64,リビング・イン・カラー,(ディズニー),https://www.billboard-japan.com/charts/detail?a=dlsongs&year=2023&month=07&day=31
2023,dlsongs,2023-07-26,65,Can I,JUNHO(From 2PM),https://www.billboard-japan.com/charts/detail?a=dlsongs&year=2023&month=07&day=31
2023,dlsongs,2023-07-26,66,残響散歌,Aimer(エメ),https://www.billboard-japan.com/charts/detail?a=dlsongs&year=2023&month=07&day=31
2023,dlsongs,2023-07-26,67,貴方の側に。,りりあ。,https://www.billboard-japan.com/charts/detail?a=dlsongs&year=2023&month=07&day=31
2023,dlsongs,2023-07-26,68,Petal's Resolution,桜河こはく(海渡翼),https://www.billboard-japan.com/charts/detail?a=dlsongs&year=2023&month=07&day=31
2023,dlsongs,2023-07-26,69,新時代 (ウタ from ONE PIECE FILM RED),Ado,https://www.billboard-japan.com/charts/detail?a=dlsongs&year=2023&month=07&day=31
2023,dlsongs,2023-07-26,70,心得,Uru,https://www.billboard-japan.com/charts/detail?a=dlsongs&year=2023&month=07&day=31
2023,dlsongs,2023-07-26,70,KICK BACK,米津玄師,https://www.billboard-japan.com/charts/detail?a=dlsongs&year=2023&month=07&day=31
2023,dlsongs,2023-07-26,72,"Bad Bitch 美学 Remix (feat. NENE, LANA, MaRI, AI & YURIYAN RETRIEVER)",Awich,https://www.billboard-japan.com/charts/detail?a=dlsongs&year=2023&month=07&day=31
2023,dlsongs,2023-07-26,73,未来島,Mori Calliope,https://www.billboard-japan.com/charts/detail?a=dlsongs&year=2023&month=07&day=31
2023,dlsongs,2023-07-26,74,Automatic,Def Tech,https://www.billboard-japan.com/charts/detail?a=dlsongs&year=2023&month=07&day=31
2023,dlsongs,2023-07-26,75,ETA,NewJeans,https://www.billboard-japan.com/charts/detail?a=dlsongs&year=2023&month=07&day=31
2023,dlsongs,2023-07-26,76,ENCHANTEMENT -華麗なる香水-,"柚香光,星風まどか,水美舞斗,永久輝せあ,ほか",https://www.billboard-japan.com/charts/detail?a=dlsongs&year=2023&month=07&day=31
2023,dlsongs,2023-07-26,77,Subtitle,Official髭男dism,https://www.billboard-japan.com/charts/detail?a=dlsongs&year=2023&month=07&day=31
2023,dlsongs,2023-07-26,77,spiral,LONGMAN,https://www.billboard-japan.com/charts/detail?a=dlsongs&year=2023&month=07&day=31
2023,dlsongs,2023-07-26,79,slash,yama,https://www.billboard-japan.com/charts/detail?a=dlsongs&year=2023&month=07&day=31
2023,dlsongs,2023-07-26,80,Do not touch,MISAMO,https://www.billboard-japan.com/charts/detail?a=dlsongs&year=2023&month=07&day=31
2023,dlsongs,2023-07-26,81,W / X / Y,Tani Yuuki,https://www.billboard-japan.com/charts/detail?a=dlsongs&year=2023&month=07&day=31
2023,dlsongs,2023-07-26,82,救世主,月詠み,https://www.billboard-japan.com/charts/detail?a=dlsongs&year=2023&month=07&day=31
2023,dlsongs,2023-07-26,83,Find the Flame,祖堅正慶,https://www.billboard-japan.com/charts/detail?a=dlsongs&year=2023&month=07&day=31
2023,dlsongs,2023-07-26,83,かくれんぼ,AliA,https://www.billboard-japan.com/charts/detail?a=dlsongs&year=2023&month=07&day=31
2023,dlsongs,2023-07-26,85,JUMP (MAYUKA & RIMA & NINA),NiziU,https://www.billboard-japan.com/charts/detail?a=dlsongs&year=2023&month=07&day=31
2023,dlsongs,2023-07-26,86,可愛くてごめん feat. ちゅーたん(早見沙織),HoneyWorks,https://www.billboard-japan.com/charts/detail?a=dlsongs&year=2023&month=07&day=31
2023,dlsongs,2023-07-26,87,ビリミリオン,優里,https://www.billboard-japan.com/charts/detail?a=dlsongs&year=2023&month=07&day=31
2023,dlsongs,2023-07-26,88,キセキ,ラックライフ,https://www.billboard-japan.com/charts/detail?a=dlsongs&year=2023&month=07&day=31
2023,dlsongs,2023-07-26,89,LOVE YOURSELF (MAKO & AYAKA & MIIHI),NiziU,https://www.billboard-japan.com/charts/detail?a=dlsongs&year=2023&month=07&day=31
2023,dlsongs,2023-07-26,90,LADY,米津玄師,https://www.billboard-japan.com/charts/detail?a=dlsongs&year=2023&month=07&day=31
2023,dlsongs,2023-07-26,91,secret (RIO & MAYA & RIKU),NiziU,https://www.billboard-japan.com/charts/detail?a=dlsongs&year=2023&month=07&day=31
2023,dlsongs,2023-07-26,92,STAR☆T☆RAIN -アイ Solo Ver.-,B小町 アイ(高橋李依),https://www.billboard-japan.com/charts/detail?a=dlsongs&year=2023&month=07&day=31
2023,dlsongs,2023-07-26,93,群青,YOASOBI,https://www.billboard-japan.com/charts/detail?a=dlsongs&year=2023&month=07&day=31
2023,dlsongs,2023-07-26,94,スターマイン,Da-iCE,https://www.billboard-japan.com/charts/detail?a=dlsongs&year=2023&month=07&day=31
2023,dlsongs,2023-07-26,95,BLACK STAR,MindaRyn,https://www.billboard-japan.com/charts/detail?a=dlsongs&year=2023&month=07&day=31
2023,dlsongs,2023-07-26,96,ちゅ、多様性。,ano,https://www.billboard-japan.com/charts/detail?a=dlsongs&year=2023&month=07&day=31
2023,dlsongs,2023-07-26,97,私は最強 (ウタ from ONE PIECE FILM RED),Ado,https://www.billboard-japan.com/charts/detail?a=dlsongs&year=2023&month=07&day=31
2023,dlsongs,2023-07-26,98,ファジーネーブル,Conton Candy,https://www.billboard-japan.com/charts/detail?a=dlsongs&year=2023&month=07&day=31
2023,dlsongs,2023-07-26,99,Rendezvous,Nissy(西島隆弘),https://www.billboard-japan.com/charts/detail?a=dlsongs&year=2023&month=07&day=31
2023,dlsongs,2023-07-26,100,ノンフィクション,松下洸平,https://www.billboard-japan.com/charts/detail?a=dlsongs&year=2023&month=07&day=31
2023,dlsongs,2023-08-02,1,地球儀,米津玄師,https://www.billboard-japan.com/charts/detail?a=dlsongs&year=2023&month=08&day=07
2023,dlsongs,2023-08-02,2,アイドル,YOASOBI,https://www.billboard-japan.com/charts/detail?a=dlsongs&year=2023&month=08&day=07
2023,dlsongs,2023-08-02,3,青のすみか,キタニタツヤ,https://www.billboard-japan.com/charts/detail?a=dlsongs&year=2023&month=08&day=07
2023,dlsongs,2023-08-02,4,Gold 〜また逢う日まで〜,宇多田ヒカル,https://www.billboard-japan.com/charts/detail?a=dlsongs&year=2023&month=08&day=07
2023,dlsongs,2023-08-02,5,Angel,X JAPAN,https://www.billboard-japan.com/charts/detail?a=dlsongs&year=2023&month=08&day=07
2023,dlsongs,2023-08-02,6,サマータイムシンデレラ,緑黄色社会,https://www.billboard-japan.com/charts/detail?a=dlsongs&year=2023&month=08&day=07
2023,dlsongs,2023-08-02,7,Sync Of Summer,山下達郎,https://www.billboard-japan.com/charts/detail?a=dlsongs&year=2023&month=08&day=07
2023,dlsongs,2023-08-02,8,優しさの記憶,鹿乃,https://www.billboard-japan.com/charts/detail?a=dlsongs&year=2023&month=08&day=07
2023,dlsongs,2023-08-02,9,燈,崎山蒼志,https://www.billboard-japan.com/charts/detail?a=dlsongs&year=2023&month=08&day=07
2023,dlsongs,2023-08-02,10,Seven (feat. Latto),Jung Kook,https://www.billboard-japan.com/charts/detail?a=dlsongs&year=2023&month=08&day=07
2023,dlsongs,2023-08-02,11,盆ギリ恋歌,サザンオールスターズ,https://www.billboard-japan.com/charts/detail?a=dlsongs&year=2023&month=08&day=07
2023,dlsongs,2023-08-02,12,月を見ていた,米津玄師,https://www.billboard-japan.com/charts/detail?a=dlsongs&year=2023&month=08&day=07
2023,dlsongs,2023-08-02,13,向日葵,Ado,https://www.billboard-japan.com/charts/detail?a=dlsongs&year=2023&month=08&day=07
2023,dlsongs,2023-08-02,14,Unwelcome School,ミツキヨ,https://www.billboard-japan.com/charts/detail?a=dlsongs&year=2023&month=08&day=07
2023,dlsongs,2023-08-02,15,Magic,Mrs.GREEN APPLE,https://www.billboard-japan.com/charts/detail?a=dlsongs&year=2023&month=08&day=07
2023,dlsongs,2023-08-02,16,青と夏,Mrs.GREEN APPLE,https://www.billboard-japan.com/charts/detail?a=dlsongs&year=2023&month=08&day=07
2023,dlsongs,2023-08-02,17,look at the sea,悠馬,https://www.billboard-japan.com/charts/detail?a=dlsongs&year=2023&month=08&day=07
2023,dlsongs,2023-08-02,18,EPIC MATCH 〜 the match everyone wanted 〜,Tak Matsumoto,https://www.billboard-japan.com/charts/detail?a=dlsongs&year=2023&month=08&day=07
2023,dlsongs,2023-08-02,19,オトナブルー,新しい学校のリーダーズ,https://www.billboard-japan.com/charts/detail?a=dlsongs&year=2023&month=08&day=07
2023,dlsongs,2023-08-02,20,絆ノ奇跡,MAN WITH A MISSION×milet,https://www.billboard-japan.com/charts/detail?a=dlsongs&year=2023&month=08&day=07
2023,dlsongs,2023-08-02,21,メフィスト,女王蜂,https://www.billboard-japan.com/charts/detail?a=dlsongs&year=2023&month=08&day=07
2023,dlsongs,2023-08-02,22,ワンダー・ファニー・ハーモニー,"""サクラコ(加隈亜衣),ヒナタ(日高里菜),マリー(小澤亜李),ウイ(後藤沙緒里),シミコ(富田美憂),ヒフミ(本渡楓),アズサ(種田梨沙),ハナコ(豊田萌絵),コハル(赤尾ひかる),ミカ(東山奈央)",https://www.billboard-japan.com/charts/detail?a=dlsongs&year=2023&month=08&day=07
2023,dlsongs,2023-08-02,23,ダンスホール,Mrs.GREEN APPLE,https://www.billboard-japan.com/charts/detail?a=dlsongs&year=2023&month=08&day=07
2023,dlsongs,2023-08-02,24,怪獣の花唄,Vaundy,https://www.billboard-japan.com/charts/detail?a=dlsongs&year=2023&month=08&day=07
2023,dlsongs,2023-08-02,25,I'm a mess,MY FIRST STORY,https://www.billboard-japan.com/charts/detail?a=dlsongs&year=2023&month=08&day=07
2023,dlsongs,2023-08-02,26,ETA,NewJeans,https://www.billboard-japan.com/charts/detail?a=dlsongs&year=2023&month=08&day=07
2023,dlsongs,2023-08-02,27,ちょっと情緒不安定?…夏,OCHA NORMA,https://www.billboard-japan.com/charts/detail?a=dlsongs&year=2023&month=08&day=07
2023,dlsongs,2023-08-02,28,Am I ready?,日向坂46,https://www.billboard-japan.com/charts/detail?a=dlsongs&year=2023&month=08&day=07
2023,dlsongs,2023-08-02,29,フェアリー・ガール,シーズ/七草にちか(紫月杏朱彩),https://www.billboard-japan.com/charts/detail?a=dlsongs&year=2023&month=08&day=07
2023,dlsongs,2023-08-02,30,サインはB -New Arrange Ver.-,"B小町 ルビー(伊駒ゆりえ),有馬かな(潘めぐみ),MEMちょ(大久保瑠美)",https://www.billboard-japan.com/charts/detail?a=dlsongs&year=2023&month=08&day=07
2023,dlsongs,2023-08-02,31,ザ・ファイター,Rockon Social Club,https://www.billboard-japan.com/charts/detail?a=dlsongs&year=2023&month=08&day=07
2023,dlsongs,2023-08-02,32,飛天,Ayase×R-指定,https://www.billboard-japan.com/charts/detail?a=dlsongs&year=2023&month=08&day=07
2023,dlsongs,2023-08-02,33,"Bad Bitch 美学 Remix (feat. NENE, LANA, MaRI, AI & YURIYAN RETRIEVER)",Awich,https://www.billboard-japan.com/charts/detail?a=dlsongs&year=2023&month=08&day=07
2023,dlsongs,2023-08-02,34,Look up to the sky,シーズ/緋田美琴(山根綺),https://www.billboard-japan.com/charts/detail?a=dlsongs&year=2023&month=08&day=07
2023,dlsongs,2023-08-02,35,STAR☆T☆RAIN -New Arrange Ver.-,"B小町 ルビー(伊駒ゆりえ),有馬かな(潘めぐみ),MEMちょ(大久保瑠美)",https://www.billboard-japan.com/charts/detail?a=dlsongs&year=2023&month=08&day=07
2023,dlsongs,2023-08-02,36,会いにいこう,UA,https://www.billboard-japan.com/charts/detail?a=dlsongs&year=2023&month=08&day=07
2023,dlsongs,2023-08-02,37,祝福,YOASOBI,https://www.billboard-japan.com/charts/detail?a=dlsongs&year=2023&month=08&day=07
2023,dlsongs,2023-08-02,38,ケセラセラ,Mrs.GREEN APPLE,https://www.billboard-japan.com/charts/detail?a=dlsongs&year=2023&month=08&day=07
2023,dlsongs,2023-08-02,39,ソングオブザデッド,KANA-BOON,https://www.billboard-japan.com/charts/detail?a=dlsongs&year=2023&month=08&day=07
2023,dlsongs,2023-08-02,40,僕のこと,Mrs.GREEN APPLE,https://www.billboard-japan.com/charts/detail?a=dlsongs&year=2023&month=08&day=07
2023,dlsongs,2023-08-02,41,愛の花,あいみょん,https://www.billboard-japan.com/charts/detail?a=dlsongs&year=2023&month=08&day=07
2023,dlsongs,2023-08-02,42,ユアーズ,菅田将暉,https://www.billboard-japan.com/charts/detail?a=dlsongs&year=2023&month=08&day=07
2023,dlsongs,2023-08-02,43,サインはB -アイ Solo Ver.-,B小町 アイ(高橋李依),https://www.billboard-japan.com/charts/detail?a=dlsongs&year=2023&month=08&day=07
2023,dlsongs,2023-08-02,44,flowers,Hana Hope,https://www.billboard-japan.com/charts/detail?a=dlsongs&year=2023&month=08&day=07
2023,dlsongs,2023-08-02,45,美しい鰭,スピッツ,https://www.billboard-japan.com/charts/detail?a=dlsongs&year=2023&month=08&day=07
2023,dlsongs,2023-08-02,46,勿忘草,GReeeeN,https://www.billboard-japan.com/charts/detail?a=dlsongs&year=2023&month=08&day=07
2023,dlsongs,2023-08-02,47,第ゼロ感,10-FEET,https://www.billboard-japan.com/charts/detail?a=dlsongs&year=2023&month=08&day=07
2023,dlsongs,2023-08-02,48,貴方の側に。,りりあ。,https://www.billboard-japan.com/charts/detail?a=dlsongs&year=2023&month=08&day=07
2023,dlsongs,2023-08-02,49,spiral,LONGMAN,https://www.billboard-japan.com/charts/detail?a=dlsongs&year=2023&month=08&day=07
2023,dlsongs,2023-08-02,50,Automatic,Def Tech,https://www.billboard-japan.com/charts/detail?a=dlsongs&year=2023&month=08&day=07
2023,dlsongs,2023-08-02,51,私は最強,Mrs.GREEN APPLE,https://www.billboard-japan.com/charts/detail?a=dlsongs&year=2023&month=08&day=07
2023,dlsongs,2023-08-02,52,綺羅綺羅,Reol,https://www.billboard-japan.com/charts/detail?a=dlsongs&year=2023&month=08&day=07
2023,dlsongs,2023-08-02,53,ANEMONE,常闇トワ,https://www.billboard-japan.com/charts/detail?a=dlsongs&year=2023&month=08&day=07
2023,dlsongs,2023-08-02,54,インフェルノ,Mrs.GREEN APPLE,https://www.billboard-japan.com/charts/detail?a=dlsongs&year=2023&month=08&day=07
2023,dlsongs,2023-08-02,55,儚くない,SUPER BEAVER,https://www.billboard-japan.com/charts/detail?a=dlsongs&year=2023&month=08&day=07
2023,dlsongs,2023-08-02,56,切っ先,Reol,https://www.billboard-japan.com/charts/detail?a=dlsongs&year=2023&month=08&day=07
2023,dlsongs,2023-08-02,57,Desire,湘南乃風,https://www.billboard-japan.com/charts/detail?a=dlsongs&year=2023&month=08&day=07
2023,dlsongs,2023-08-02,58,BeSide Emotion,S.E.M,https://www.billboard-japan.com/charts/detail?a=dlsongs&year=2023&month=08&day=07
2023,dlsongs,2023-08-02,59,Players' Player feat. KREVA,OZROSAURUS,https://www.billboard-japan.com/charts/detail?a=dlsongs&year=2023&month=08&day=07
2023,dlsongs,2023-08-02,60,優しさの記憶(Instrumental Ver.),鹿乃,https://www.billboard-japan.com/charts/detail?a=dlsongs&year=2023&month=08&day=07
2023,dlsongs,2023-08-02,61,Do not touch,MISAMO,https://www.billboard-japan.com/charts/detail?a=dlsongs&year=2023&month=08&day=07
2023,dlsongs,2023-08-02,62,カンパリーナ(ハート),"三浦あずさ(たかはし智秋),二階堂千鶴(野村香菜子),四条貴音(原由実),北上麗花(平山笑美),豊川風花(末柄里恵)",https://www.billboard-japan.com/charts/detail?a=dlsongs&year=2023&month=08&day=07
2023,dlsongs,2023-08-02,63,救世主,月詠み,https://www.billboard-japan.com/charts/detail?a=dlsongs&year=2023&month=08&day=07
2023,dlsongs,2023-08-02,64,KICK BACK,米津玄師,https://www.billboard-japan.com/charts/detail?a=dlsongs&year=2023&month=08&day=07
2023,dlsongs,2023-08-02,65,Gi mi di riddim (feat. MINMI & ジャパニーズマゲニーズ),RED SPIDER,https://www.billboard-japan.com/charts/detail?a=dlsongs&year=2023&month=08&day=07
2023,dlsongs,2023-08-02,66,可愛くてごめん feat. ちゅーたん(早見沙織),HoneyWorks,https://www.billboard-japan.com/charts/detail?a=dlsongs&year=2023&month=08&day=07
2023,dlsongs,2023-08-02,67,新時代 (ウタ from ONE PIECE FILM RED),Ado,https://www.billboard-japan.com/charts/detail?a=dlsongs&year=2023&month=08&day=07
2023,dlsongs,2023-08-02,68,BRAVE HEART,NERDHEAD feat 西野カナ,https://www.billboard-japan.com/charts/detail?a=dlsongs&year=2023&month=08&day=07
2023,dlsongs,2023-08-02,69,Quod Erat Demonstrandum,硲道夫(伊東健人),https://www.billboard-japan.com/charts/detail?a=dlsongs&year=2023&month=08&day=07
2023,dlsongs,2023-08-02,70,VICTOSPIN,UVERworld,https://www.billboard-japan.com/charts/detail?a=dlsongs&year=2023&month=08&day=07
2023,dlsongs,2023-08-02,71,Super Shy,NewJeans,https://www.billboard-japan.com/charts/detail?a=dlsongs&year=2023&month=08&day=07
2023,dlsongs,2023-08-02,72,TATTOO,Official髭男dism,https://www.billboard-japan.com/charts/detail?a=dlsongs&year=2023&month=08&day=07
2023,dlsongs,2023-08-02,73,Away,祖堅正慶,https://www.billboard-japan.com/charts/detail?a=dlsongs&year=2023&month=08&day=07
2023,dlsongs,2023-08-02,74,Fireworks -Wanna Be A Star-,山下次郎(中島ヨシキ),https://www.billboard-japan.com/charts/detail?a=dlsongs&year=2023&month=08&day=07
2023,dlsongs,2023-08-02,75,Subtitle,Official髭男dism,https://www.billboard-japan.com/charts/detail?a=dlsongs&year=2023&month=08&day=07
2023,dlsongs,2023-08-02,76,かくれんぼ,AliA,https://www.billboard-japan.com/charts/detail?a=dlsongs&year=2023&month=08&day=07
2023,dlsongs,2023-08-02,77,slash,yama,https://www.billboard-japan.com/charts/detail?a=dlsongs&year=2023&month=08&day=07
2023,dlsongs,2023-08-02,78,レプリカ feat. IKE,BAK,https://www.billboard-japan.com/charts/detail?a=dlsongs&year=2023&month=08&day=07
2023,dlsongs,2023-08-02,78,NA NA NA SUMMER NIGHT BeeAT,Crazy:B,https://www.billboard-japan.com/charts/detail?a=dlsongs&year=2023&month=08&day=07
2023,dlsongs,2023-08-02,80,ファジーネーブル,Conton Candy,https://www.billboard-japan.com/charts/detail?a=dlsongs&year=2023&month=08&day=07
2023,dlsongs,2023-08-02,81,私は最強 (ウタ from ONE PIECE FILM RED),Ado,https://www.billboard-japan.com/charts/detail?a=dlsongs&year=2023&month=08&day=07
2023,dlsongs,2023-08-02,82,コイコガレ,milet×MAN WITH A MISSION,https://www.billboard-japan.com/charts/detail?a=dlsongs&year=2023&month=08&day=07
2023,dlsongs,2023-08-02,83,Life is Beautiful!,舞田類(榎木淳弥),https://www.billboard-japan.com/charts/detail?a=dlsongs&year=2023&month=08&day=07
2023,dlsongs,2023-08-02,84,強風オールバック (feat. 可不),tawase,https://www.billboard-japan.com/charts/detail?a=dlsongs&year=2023&month=08&day=07
2023,dlsongs,2023-08-02,85,Ditto,NewJeans,https://www.billboard-japan.com/charts/detail?a=dlsongs&year=2023&month=08&day=07
2023,dlsongs,2023-08-02,86,グッドサイン,765 MILLION ALLSTARS,https://www.billboard-japan.com/charts/detail?a=dlsongs&year=2023&month=08&day=07
2023,dlsongs,2023-08-02,87,ジュエリー,LE SSERAFIM,https://www.billboard-japan.com/charts/detail?a=dlsongs&year=2023&month=08&day=07
2023,dlsongs,2023-08-02,88,心得,Uru,https://www.billboard-japan.com/charts/detail?a=dlsongs&year=2023&month=08&day=07
2023,dlsongs,2023-08-02,89,RESISTANCE,RUBIA Leopard,https://www.billboard-japan.com/charts/detail?a=dlsongs&year=2023&month=08&day=07
2023,dlsongs,2023-08-02,90,僕らのスペクトラ,きただにひろし,https://www.billboard-japan.com/charts/detail?a=dlsongs&year=2023&month=08&day=07
2023,dlsongs,2023-08-02,91,ミックスナッツ,Official髭男dism,https://www.billboard-japan.com/charts/detail?a=dlsongs&year=2023&month=08&day=07
2023,dlsongs,2023-08-02,92,ちゅ、多様性。,ano,https://www.billboard-japan.com/charts/detail?a=dlsongs&year=2023&month=08&day=07
2023,dlsongs,2023-08-02,93,スターマイン,Da-iCE,https://www.billboard-japan.com/charts/detail?a=dlsongs&year=2023&month=08&day=07
2023,dlsongs,2023-08-02,93,指針,岡野昭仁,https://www.billboard-japan.com/charts/detail?a=dlsongs&year=2023&month=08&day=07
2023,dlsongs,2023-08-02,95,ビリミリオン,優里,https://www.billboard-japan.com/charts/detail?a=dlsongs&year=2023&month=08&day=07
2023,dlsongs,2023-08-02,96,LADY,米津玄師,https://www.billboard-japan.com/charts/detail?a=dlsongs&year=2023&month=08&day=07
2023,dlsongs,2023-08-02,97,イフ,MORE MORE JUMP!,https://www.billboard-japan.com/charts/detail?a=dlsongs&year=2023&month=08&day=07
2023,dlsongs,2023-08-02,98,ハピネス オブ ザ デッド,シユイ,https://www.billboard-japan.com/charts/detail?a=dlsongs&year=2023&month=08&day=07
2023,dlsongs,2023-08-02,99,群青,YOASOBI,https://www.billboard-japan.com/charts/detail?a=dlsongs&year=2023&month=08&day=07
2023,dlsongs,2023-08-02,100,ultra soul,B'z,https://www.billboard-japan.com/charts/detail?a=dlsongs&year=2023&month=08&day=07
2023,dlsongs,2023-08-09,1,アイドル,YOASOBI,https://www.billboard-japan.com/charts/detail?a=dlsongs&year=2023&month=08&day=14
2023,dlsongs,2023-08-09,2,歌えニッポンの空,サザンオールスターズ,https://www.billboard-japan.com/charts/detail?a=dlsongs&year=2023&month=08&day=14
2023,dlsongs,2023-08-09,3,青のすみか,キタニタツヤ,https://www.billboard-japan.com/charts/detail?a=dlsongs&year=2023&month=08&day=14
2023,dlsongs,2023-08-09,4,地球儀,米津玄師,https://www.billboard-japan.com/charts/detail?a=dlsongs&year=2023&month=08&day=14
2023,dlsongs,2023-08-09,5,怪獣のサイズ,back number,https://www.billboard-japan.com/charts/detail?a=dlsongs&year=2023&month=08&day=14
2023,dlsongs,2023-08-09,6,Gold 〜また逢う日まで〜,宇多田ヒカル,https://www.billboard-japan.com/charts/detail?a=dlsongs&year=2023&month=08&day=14
2023,dlsongs,2023-08-09,7,サマータイムシンデレラ,緑黄色社会,https://www.billboard-japan.com/charts/detail?a=dlsongs&year=2023&month=08&day=14
2023,dlsongs,2023-08-09,8,Psycho Love,THE LAST ROCKSTARS,https://www.billboard-japan.com/charts/detail?a=dlsongs&year=2023&month=08&day=14
2023,dlsongs,2023-08-09,9,燈,崎山蒼志,https://www.billboard-japan.com/charts/detail?a=dlsongs&year=2023&month=08&day=14
2023,dlsongs,2023-08-09,10,おひとりさま天国,乃木坂46,https://www.billboard-japan.com/charts/detail?a=dlsongs&year=2023&month=08&day=14
2023,dlsongs,2023-08-09,11,向日葵,Ado,https://www.billboard-japan.com/charts/detail?a=dlsongs&year=2023&month=08&day=14
2023,dlsongs,2023-08-09,12,盆ギリ恋歌,サザンオールスターズ,https://www.billboard-japan.com/charts/detail?a=dlsongs&year=2023&month=08&day=14
2023,dlsongs,2023-08-09,13,MONONOFU NIPPON feat. 布袋寅泰,ももいろクローバーZ,https://www.billboard-japan.com/charts/detail?a=dlsongs&year=2023&month=08&day=14
2023,dlsongs,2023-08-09,14,Seven (feat. Latto),Jung Kook,https://www.billboard-japan.com/charts/detail?a=dlsongs&year=2023&month=08&day=14
2023,dlsongs,2023-08-09,15,美少女無罪(ハート)パイレーツ,宝鐘マリン,https://www.billboard-japan.com/charts/detail?a=dlsongs&year=2023&month=08&day=14
2023,dlsongs,2023-08-09,16,ETA,NewJeans,https://www.billboard-japan.com/charts/detail?a=dlsongs&year=2023&month=08&day=14
2023,dlsongs,2023-08-09,17,青と夏,Mrs.GREEN APPLE,https://www.billboard-japan.com/charts/detail?a=dlsongs&year=2023&month=08&day=14
2023,dlsongs,2023-08-09,18,Magic,Mrs.GREEN APPLE,https://www.billboard-japan.com/charts/detail?a=dlsongs&year=2023&month=08&day=14
2023,dlsongs,2023-08-09,19,flowers,Hana Hope,https://www.billboard-japan.com/charts/detail?a=dlsongs&year=2023&month=08&day=14
2023,dlsongs,2023-08-09,20,メフィスト,女王蜂,https://www.billboard-japan.com/charts/detail?a=dlsongs&year=2023&month=08&day=14
2023,dlsongs,2023-08-09,21,絆ノ奇跡,MAN WITH A MISSION×milet,https://www.billboard-japan.com/charts/detail?a=dlsongs&year=2023&month=08&day=14
2023,dlsongs,2023-08-09,22,I'm a mess,MY FIRST STORY,https://www.billboard-japan.com/charts/detail?a=dlsongs&year=2023&month=08&day=14
2023,dlsongs,2023-08-09,23,月を見ていた,米津玄師,https://www.billboard-japan.com/charts/detail?a=dlsongs&year=2023&month=08&day=14
2023,dlsongs,2023-08-09,24,オトナブルー,新しい学校のリーダーズ,https://www.billboard-japan.com/charts/detail?a=dlsongs&year=2023&month=08&day=14
2023,dlsongs,2023-08-09,25,ダンスホール,Mrs.GREEN APPLE,https://www.billboard-japan.com/charts/detail?a=dlsongs&year=2023&month=08&day=14
2023,dlsongs,2023-08-09,26,Living My Life,milet,https://www.billboard-japan.com/charts/detail?a=dlsongs&year=2023&month=08&day=14
2023,dlsongs,2023-08-09,27,怪獣の花唄,Vaundy,https://www.billboard-japan.com/charts/detail?a=dlsongs&year=2023&month=08&day=14
2023,dlsongs,2023-08-09,28,Angel,X JAPAN,https://www.billboard-japan.com/charts/detail?a=dlsongs&year=2023&month=08&day=14
2023,dlsongs,2023-08-09,29,美しい鰭,スピッツ,https://www.billboard-japan.com/charts/detail?a=dlsongs&year=2023&month=08&day=14
2023,dlsongs,2023-08-09,30,第ゼロ感,10-FEET,https://www.billboard-japan.com/charts/detail?a=dlsongs&year=2023&month=08&day=14
2023,dlsongs,2023-08-09,31,ケセラセラ,Mrs.GREEN APPLE,https://www.billboard-japan.com/charts/detail?a=dlsongs&year=2023&month=08&day=14
2023,dlsongs,2023-08-09,32,ソングオブザデッド,KANA-BOON,https://www.billboard-japan.com/charts/detail?a=dlsongs&year=2023&month=08&day=14
2023,dlsongs,2023-08-09,33,サインはB -New Arrange Ver.-,"B小町 ルビー(伊駒ゆりえ),有馬かな(潘めぐみ),MEMちょ(大久保瑠美)",https://www.billboard-japan.com/charts/detail?a=dlsongs&year=2023&month=08&day=14
2023,dlsongs,2023-08-09,34,飛天,Ayase×R-指定,https://www.billboard-japan.com/charts/detail?a=dlsongs&year=2023&month=08&day=14
2023,dlsongs,2023-08-09,35,Summer Riot 〜熱帯夜〜,THE RAMPAGE from EXILE TRIBE,https://www.billboard-japan.com/charts/detail?a=dlsongs&year=2023&month=08&day=14
2023,dlsongs,2023-08-09,36,BLOSSOM,ENHYPEN,https://www.billboard-japan.com/charts/detail?a=dlsongs&year=2023&month=08&day=14
2023,dlsongs,2023-08-09,37,ハッピーサマーバレンタイン,忍足謙也,https://www.billboard-japan.com/charts/detail?a=dlsongs&year=2023&month=08&day=14
2023,dlsongs,2023-08-09,38,NAME,綴,https://www.billboard-japan.com/charts/detail?a=dlsongs&year=2023&month=08&day=14
2023,dlsongs,2023-08-09,39,Sync Of Summer,山下達郎,https://www.billboard-japan.com/charts/detail?a=dlsongs&year=2023&month=08&day=14
2023,dlsongs,2023-08-09,40,88☆彡,ワンダーランズ×ショウタイム,https://www.billboard-japan.com/charts/detail?a=dlsongs&year=2023&month=08&day=14
2023,dlsongs,2023-08-09,41,あてんしょんぷりーず!,さくらみこ,https://www.billboard-japan.com/charts/detail?a=dlsongs&year=2023&month=08&day=14
2023,dlsongs,2023-08-09,42,祝福,YOASOBI,https://www.billboard-japan.com/charts/detail?a=dlsongs&year=2023&month=08&day=14
2023,dlsongs,2023-08-09,43,CRIMINAL LOVE,ENHYPEN,https://www.billboard-japan.com/charts/detail?a=dlsongs&year=2023&month=08&day=14
2023,dlsongs,2023-08-09,44,Future is Yours,サンボマスター,https://www.billboard-japan.com/charts/detail?a=dlsongs&year=2023&month=08&day=14
2023,dlsongs,2023-08-09,45,ハッピーサマーバレンタイン,越知月光&毛利寿三郎,https://www.billboard-japan.com/charts/detail?a=dlsongs&year=2023&month=08&day=14
2023,dlsongs,2023-08-09,46,spiral,LONGMAN,https://www.billboard-japan.com/charts/detail?a=dlsongs&year=2023&month=08&day=14
2023,dlsongs,2023-08-09,47,愛の花,あいみょん,https://www.billboard-japan.com/charts/detail?a=dlsongs&year=2023&month=08&day=14
2023,dlsongs,2023-08-09,48,勿忘草,GReeeeN,https://www.billboard-japan.com/charts/detail?a=dlsongs&year=2023&month=08&day=14
2023,dlsongs,2023-08-09,49,星空のメロディー,ワンダーランズ×ショウタイム,https://www.billboard-japan.com/charts/detail?a=dlsongs&year=2023&month=08&day=14
2023,dlsongs,2023-08-09,50,STAR☆T☆RAIN -New Arrange Ver.-,"B小町 ルビー(伊駒ゆりえ),有馬かな(潘めぐみ),MEMちょ(大久保瑠美)",https://www.billboard-japan.com/charts/detail?a=dlsongs&year=2023&month=08&day=14
2023,dlsongs,2023-08-09,51,貴方の側に。,りりあ。,https://www.billboard-japan.com/charts/detail?a=dlsongs&year=2023&month=08&day=14
2023,dlsongs,2023-08-09,52,強風オールバック (feat. 可不),tawase,https://www.billboard-japan.com/charts/detail?a=dlsongs&year=2023&month=08&day=14
2023,dlsongs,2023-08-09,53,Unwelcome School,ミツキヨ,https://www.billboard-japan.com/charts/detail?a=dlsongs&year=2023&month=08&day=14
2023,dlsongs,2023-08-09,54,サインはB -アイ Solo Ver.-,B小町 アイ(高橋李依),https://www.billboard-japan.com/charts/detail?a=dlsongs&year=2023&month=08&day=14
2023,dlsongs,2023-08-09,55,TGIF,XG,https://www.billboard-japan.com/charts/detail?a=dlsongs&year=2023&month=08&day=14
2023,dlsongs,2023-08-09,56,ユアーズ,菅田将暉,https://www.billboard-japan.com/charts/detail?a=dlsongs&year=2023&month=08&day=14
2023,dlsongs,2023-08-09,57,メリーゴーランド,MY FIRST STORY,https://www.billboard-japan.com/charts/detail?a=dlsongs&year=2023&month=08&day=14
2023,dlsongs,2023-08-09,58,アバンチュール(ハート)ホリック,hololive IDOL PROJECT,https://www.billboard-japan.com/charts/detail?a=dlsongs&year=2023&month=08&day=14
2023,dlsongs,2023-08-09,59,僕のこと,Mrs.GREEN APPLE,https://www.billboard-japan.com/charts/detail?a=dlsongs&year=2023&month=08&day=14
2023,dlsongs,2023-08-09,60,救世主,月詠み,https://www.billboard-japan.com/charts/detail?a=dlsongs&year=2023&month=08&day=14
2023,dlsongs,2023-08-09,61,スターマイン,Da-iCE,https://www.billboard-japan.com/charts/detail?a=dlsongs&year=2023&month=08&day=14
2023,dlsongs,2023-08-09,62,儚くない,SUPER BEAVER,https://www.billboard-japan.com/charts/detail?a=dlsongs&year=2023&month=08&day=14
2023,dlsongs,2023-08-09,63,アワーツリー,さくらみこ,https://www.billboard-japan.com/charts/detail?a=dlsongs&year=2023&month=08&day=14
2023,dlsongs,2023-08-09,64,アンサンブル,TRUE,https://www.billboard-japan.com/charts/detail?a=dlsongs&year=2023&month=08&day=14
2023,dlsongs,2023-08-09,65,インフェルノ,Mrs.GREEN APPLE,https://www.billboard-japan.com/charts/detail?a=dlsongs&year=2023&month=08&day=14
2023,dlsongs,2023-08-09,66,Super Shy,NewJeans,https://www.billboard-japan.com/charts/detail?a=dlsongs&year=2023&month=08&day=14
2023,dlsongs,2023-08-09,67,Imitation Ghost,ストレイライト,https://www.billboard-japan.com/charts/detail?a=dlsongs&year=2023&month=08&day=14
2023,dlsongs,2023-08-09,68,"Bad Bitch 美学 Remix (feat. NENE, LANA, MaRI, AI & YURIYAN RETRIEVER)",Awich,https://www.billboard-japan.com/charts/detail?a=dlsongs&year=2023&month=08&day=14
2023,dlsongs,2023-08-09,69,ファジーネーブル,Conton Candy,https://www.billboard-japan.com/charts/detail?a=dlsongs&year=2023&month=08&day=14
2023,dlsongs,2023-08-09,70,私は最強,Mrs.GREEN APPLE,https://www.billboard-japan.com/charts/detail?a=dlsongs&year=2023&month=08&day=14
2023,dlsongs,2023-08-09,71,TATTOO,Official髭男dism,https://www.billboard-japan.com/charts/detail?a=dlsongs&year=2023&month=08&day=14
2023,dlsongs,2023-08-09,72,切っ先,Reol,https://www.billboard-japan.com/charts/detail?a=dlsongs&year=2023&month=08&day=14
2023,dlsongs,2023-08-09,73,綺羅綺羅,Reol,https://www.billboard-japan.com/charts/detail?a=dlsongs&year=2023&month=08&day=14
2023,dlsongs,2023-08-09,74,Am I ready?,日向坂46,https://www.billboard-japan.com/charts/detail?a=dlsongs&year=2023&month=08&day=14
2023,dlsongs,2023-08-09,75,KICK BACK,米津玄師,https://www.billboard-japan.com/charts/detail?a=dlsongs&year=2023&month=08&day=14
2023,dlsongs,2023-08-09,76,Subtitle,Official髭男dism,https://www.billboard-japan.com/charts/detail?a=dlsongs&year=2023&month=08&day=14
2023,dlsongs,2023-08-09,77,心の中のエンジェル,SIZUKU,https://www.billboard-japan.com/charts/detail?a=dlsongs&year=2023&month=08&day=14
2023,dlsongs,2023-08-09,77,メガネゴーラウンド,マサヨシがめがねを忘れた(小村くんと三重さんとオーイシマサヨシ),https://www.billboard-japan.com/charts/detail?a=dlsongs&year=2023&month=08&day=14
2023,dlsongs,2023-08-09,79,新時代 (ウタ from ONE PIECE FILM RED),Ado,https://www.billboard-japan.com/charts/detail?a=dlsongs&year=2023&month=08&day=14
2023,dlsongs,2023-08-09,80,可愛くてごめん feat. ちゅーたん(早見沙織),HoneyWorks,https://www.billboard-japan.com/charts/detail?a=dlsongs&year=2023&month=08&day=14
2023,dlsongs,2023-08-09,81,会いにいこう,UA,https://www.billboard-japan.com/charts/detail?a=dlsongs&year=2023&month=08&day=14
2023,dlsongs,2023-08-09,82,Shambles,BAND-MAID,https://www.billboard-japan.com/charts/detail?a=dlsongs&year=2023&month=08&day=14
2023,dlsongs,2023-08-09,83,碧天伴走,MyGO!!!!!,https://www.billboard-japan.com/charts/detail?a=dlsongs&year=2023&month=08&day=14
2023,dlsongs,2023-08-09,84,かくれんぼ,AliA,https://www.billboard-japan.com/charts/detail?a=dlsongs&year=2023&month=08&day=14
2023,dlsongs,2023-08-09,85,ビリミリオン,優里,https://www.billboard-japan.com/charts/detail?a=dlsongs&year=2023&month=08&day=14
2023,dlsongs,2023-08-09,86,群青,YOASOBI,https://www.billboard-japan.com/charts/detail?a=dlsongs&year=2023&month=08&day=14
2023,dlsongs,2023-08-09,87,LOVE AFFAIR〜秘密のデート〜,サザンオールスターズ,https://www.billboard-japan.com/charts/detail?a=dlsongs&year=2023&month=08&day=14
2023,dlsongs,2023-08-09,88,希望の轍,サザンオールスターズ,https://www.billboard-japan.com/charts/detail?a=dlsongs&year=2023&month=08&day=14
2023,dlsongs,2023-08-09,89,EPIC MATCH 〜 the match everyone wanted 〜,Tak Matsumoto,https://www.billboard-japan.com/charts/detail?a=dlsongs&year=2023&month=08&day=14
2023,dlsongs,2023-08-09,90,Ditto,NewJeans,https://www.billboard-japan.com/charts/detail?a=dlsongs&year=2023&month=08&day=14
2023,dlsongs,2023-08-09,91,コイコガレ,milet×MAN WITH A MISSION,https://www.billboard-japan.com/charts/detail?a=dlsongs&year=2023&month=08&day=14
2023,dlsongs,2023-08-09,92,ちゅ、多様性。,ano,https://www.billboard-japan.com/charts/detail?a=dlsongs&year=2023&month=08&day=14
2023,dlsongs,2023-08-09,93,打上花火,DAOKO × 米津玄師,https://www.billboard-japan.com/charts/detail?a=dlsongs&year=2023&month=08&day=14
2023,dlsongs,2023-08-09,94,フォトグラフ feat. 東京スカパラダイスオーケストラ ホーンセクション,EXILE ATSUSHI,https://www.billboard-japan.com/charts/detail?a=dlsongs&year=2023&month=08&day=14
2023,dlsongs,2023-08-09,95,Soranji,Mrs.GREEN APPLE,https://www.billboard-japan.com/charts/detail?a=dlsongs&year=2023&month=08&day=14
2023,dlsongs,2023-08-09,96,Do not touch,MISAMO,https://www.billboard-japan.com/charts/detail?a=dlsongs&year=2023&month=08&day=14
2023,dlsongs,2023-08-09,97,ミックスナッツ,Official髭男dism,https://www.billboard-japan.com/charts/detail?a=dlsongs&year=2023&month=08&day=14
2023,dlsongs,2023-08-09,98,ultra soul,B'z,https://www.billboard-japan.com/charts/detail?a=dlsongs&year=2023&month=08&day=14
2023,dlsongs,2023-08-09,99,心得,Uru,https://www.billboard-japan.com/charts/detail?a=dlsongs&year=2023&month=08&day=14
2023,dlsongs,2023-08-09,100,真夏の果実,サザンオールスターズ,https://www.billboard-japan.com/charts/detail?a=dlsongs&year=2023&month=08&day=14
2023,dlsongs,2023-08-09,100,Blue Canvas,ClariS,https://www.billboard-japan.com/charts/detail?a=dlsongs&year=2023&month=08&day=14
2023,dlsongs,2023-08-16,1,アイドル,YOASOBI,https://www.billboard-japan.com/charts/detail?a=dlsongs&year=2023&month=08&day=21
2023,dlsongs,2023-08-16,2,Chessboard,Official髭男dism,https://www.billboard-japan.com/charts/detail?a=dlsongs&year=2023&month=08&day=21
2023,dlsongs,2023-08-16,3,青のすみか,キタニタツヤ,https://www.billboard-japan.com/charts/detail?a=dlsongs&year=2023&month=08&day=21
2023,dlsongs,2023-08-16,4,Rainy Days,V,https://www.billboard-japan.com/charts/detail?a=dlsongs&year=2023&month=08&day=21
2023,dlsongs,2023-08-16,5,Love Me Again,V,https://www.billboard-japan.com/charts/detail?a=dlsongs&year=2023&month=08&day=21
2023,dlsongs,2023-08-16,6,地球儀,米津玄師,https://www.billboard-japan.com/charts/detail?a=dlsongs&year=2023&month=08&day=21
2023,dlsongs,2023-08-16,7,サマータイムシンデレラ,緑黄色社会,https://www.billboard-japan.com/charts/detail?a=dlsongs&year=2023&month=08&day=21
2023,dlsongs,2023-08-16,8,燈,崎山蒼志,https://www.billboard-japan.com/charts/detail?a=dlsongs&year=2023&month=08&day=21
2023,dlsongs,2023-08-16,9,向日葵,Ado,https://www.billboard-japan.com/charts/detail?a=dlsongs&year=2023&month=08&day=21
2023,dlsongs,2023-08-16,10,マジックアワー,緑黄色社会,https://www.billboard-japan.com/charts/detail?a=dlsongs&year=2023&month=08&day=21
2023,dlsongs,2023-08-16,11,怪獣のサイズ,back number,https://www.billboard-japan.com/charts/detail?a=dlsongs&year=2023&month=08&day=21
2023,dlsongs,2023-08-16,12,ETA,NewJeans,https://www.billboard-japan.com/charts/detail?a=dlsongs&year=2023&month=08&day=21
2023,dlsongs,2023-08-16,13,命日,ちゃんみな,https://www.billboard-japan.com/charts/detail?a=dlsongs&year=2023&month=08&day=21
2023,dlsongs,2023-08-16,14,さよならの速度,She is Legend,https://www.billboard-japan.com/charts/detail?a=dlsongs&year=2023&month=08&day=21
2023,dlsongs,2023-08-16,15,青と夏,Mrs.GREEN APPLE,https://www.billboard-japan.com/charts/detail?a=dlsongs&year=2023&month=08&day=21
2023,dlsongs,2023-08-16,16,Gold 〜また逢う日まで〜,宇多田ヒカル,https://www.billboard-japan.com/charts/detail?a=dlsongs&year=2023&month=08&day=21
2023,dlsongs,2023-08-16,17,Seven (feat. Latto),Jung Kook,https://www.billboard-japan.com/charts/detail?a=dlsongs&year=2023&month=08&day=21
2023,dlsongs,2023-08-16,18,Magic,Mrs.GREEN APPLE,https://www.billboard-japan.com/charts/detail?a=dlsongs&year=2023&month=08&day=21
2023,dlsongs,2023-08-16,19,歌えニッポンの空,サザンオールスターズ,https://www.billboard-japan.com/charts/detail?a=dlsongs&year=2023&month=08&day=21
2023,dlsongs,2023-08-16,20,愛の花,あいみょん,https://www.billboard-japan.com/charts/detail?a=dlsongs&year=2023&month=08&day=21
2023,dlsongs,2023-08-16,21,絆ノ奇跡,MAN WITH A MISSION×milet,https://www.billboard-japan.com/charts/detail?a=dlsongs&year=2023&month=08&day=21
2023,dlsongs,2023-08-16,22,I'm a mess,MY FIRST STORY,https://www.billboard-japan.com/charts/detail?a=dlsongs&year=2023&month=08&day=21
2023,dlsongs,2023-08-16,23,ダンスホール,Mrs.GREEN APPLE,https://www.billboard-japan.com/charts/detail?a=dlsongs&year=2023&month=08&day=21
2023,dlsongs,2023-08-16,24,メフィスト,女王蜂,https://www.billboard-japan.com/charts/detail?a=dlsongs&year=2023&month=08&day=21
2023,dlsongs,2023-08-16,25,オトナブルー,新しい学校のリーダーズ,https://www.billboard-japan.com/charts/detail?a=dlsongs&year=2023&month=08&day=21
2023,dlsongs,2023-08-16,26,盆ギリ恋歌,サザンオールスターズ,https://www.billboard-japan.com/charts/detail?a=dlsongs&year=2023&month=08&day=21
2023,dlsongs,2023-08-16,27,RadioVision,JO1,https://www.billboard-japan.com/charts/detail?a=dlsongs&year=2023&month=08&day=21
2023,dlsongs,2023-08-16,28,怪獣の花唄,Vaundy,https://www.billboard-japan.com/charts/detail?a=dlsongs&year=2023&month=08&day=21
2023,dlsongs,2023-08-16,29,美少女無罪(ハート)パイレーツ,宝鐘マリン,https://www.billboard-japan.com/charts/detail?a=dlsongs&year=2023&month=08&day=21
2023,dlsongs,2023-08-16,30,Challengers,ROF-MAO,https://www.billboard-japan.com/charts/detail?a=dlsongs&year=2023&month=08&day=21
2023,dlsongs,2023-08-16,31,spiral,LONGMAN,https://www.billboard-japan.com/charts/detail?a=dlsongs&year=2023&month=08&day=21
2023,dlsongs,2023-08-16,32,Sync Of Summer,山下達郎,https://www.billboard-japan.com/charts/detail?a=dlsongs&year=2023&month=08&day=21
2023,dlsongs,2023-08-16,33,BURN BURN,ストレイライト,https://www.billboard-japan.com/charts/detail?a=dlsongs&year=2023&month=08&day=21
2023,dlsongs,2023-08-16,34,ケセラセラ,Mrs.GREEN APPLE,https://www.billboard-japan.com/charts/detail?a=dlsongs&year=2023&month=08&day=21
2023,dlsongs,2023-08-16,35,おひとりさま天国,乃木坂46,https://www.billboard-japan.com/charts/detail?a=dlsongs&year=2023&month=08&day=21
2023,dlsongs,2023-08-16,36,祝福,YOASOBI,https://www.billboard-japan.com/charts/detail?a=dlsongs&year=2023&month=08&day=21
2023,dlsongs,2023-08-16,37,月を見ていた,米津玄師,https://www.billboard-japan.com/charts/detail?a=dlsongs&year=2023&month=08&day=21
2023,dlsongs,2023-08-16,38,マザードラッグ,HIMEHINA,https://www.billboard-japan.com/charts/detail?a=dlsongs&year=2023&month=08&day=21
2023,dlsongs,2023-08-16,39,Start up Stand up,ストレイライト,https://www.billboard-japan.com/charts/detail?a=dlsongs&year=2023&month=08&day=21
2023,dlsongs,2023-08-16,40,"UNFORGIVEN (feat. Nile Rodgers, Ado) -Japanese ver.-",LE SSERAFIM,https://www.billboard-japan.com/charts/detail?a=dlsongs&year=2023&month=08&day=21
2023,dlsongs,2023-08-16,41,美しい鰭,スピッツ,https://www.billboard-japan.com/charts/detail?a=dlsongs&year=2023&month=08&day=21
2023,dlsongs,2023-08-16,42,第ゼロ感,10-FEET,https://www.billboard-japan.com/charts/detail?a=dlsongs&year=2023&month=08&day=21
2023,dlsongs,2023-08-16,43,Future is Yours,サンボマスター,https://www.billboard-japan.com/charts/detail?a=dlsongs&year=2023&month=08&day=21
2023,dlsongs,2023-08-16,44,Super Bowl,Stray Kids,https://www.billboard-japan.com/charts/detail?a=dlsongs&year=2023&month=08&day=21
2023,dlsongs,2023-08-16,45,Imitation Ghost,ストレイライト,https://www.billboard-japan.com/charts/detail?a=dlsongs&year=2023&month=08&day=21
2023,dlsongs,2023-08-16,46,Raise your voice!,鈴木ヒナ(HIMEHINA),https://www.billboard-japan.com/charts/detail?a=dlsongs&year=2023&month=08&day=21
2023,dlsongs,2023-08-16,47,飛天,Ayase×R-指定,https://www.billboard-japan.com/charts/detail?a=dlsongs&year=2023&month=08&day=21
2023,dlsongs,2023-08-16,48,フォトグラフ feat. 東京スカパラダイスオーケストラ ホーンセクション,EXILE ATSUSHI,https://www.billboard-japan.com/charts/detail?a=dlsongs&year=2023&month=08&day=21
2023,dlsongs,2023-08-16,49,サインはB -New Arrange Ver.-,"B小町 ルビー(伊駒ゆりえ),有馬かな(潘めぐみ),MEMちょ(大久保瑠美)",https://www.billboard-japan.com/charts/detail?a=dlsongs&year=2023&month=08&day=21
2023,dlsongs,2023-08-16,50,Dazzling Secret,-真天地開闢集団-ジグザグ,https://www.billboard-japan.com/charts/detail?a=dlsongs&year=2023&month=08&day=21
2023,dlsongs,2023-08-16,51,空っぽの箱庭,田中ヒメ(HIMEHINA),https://www.billboard-japan.com/charts/detail?a=dlsongs&year=2023&month=08&day=21
2023,dlsongs,2023-08-16,52,貴方の側に。,りりあ。,https://www.billboard-japan.com/charts/detail?a=dlsongs&year=2023&month=08&day=21
2023,dlsongs,2023-08-16,53,ソングオブザデッド,KANA-BOON,https://www.billboard-japan.com/charts/detail?a=dlsongs&year=2023&month=08&day=21
2023,dlsongs,2023-08-16,54,シューティングスター,家入レオ,https://www.billboard-japan.com/charts/detail?a=dlsongs&year=2023&month=08&day=21
2023,dlsongs,2023-08-16,55,強風オールバック (feat. 可不),tawase,https://www.billboard-japan.com/charts/detail?a=dlsongs&year=2023&month=08&day=21
2023,dlsongs,2023-08-16,56,STAR☆T☆RAIN -New Arrange Ver.-,"B小町 ルビー(伊駒ゆりえ),有馬かな(潘めぐみ),MEMちょ(大久保瑠美)",https://www.billboard-japan.com/charts/detail?a=dlsongs&year=2023&month=08&day=21
2023,dlsongs,2023-08-16,57,Psycho Love,THE LAST ROCKSTARS,https://www.billboard-japan.com/charts/detail?a=dlsongs&year=2023&month=08&day=21
2023,dlsongs,2023-08-16,58,サインはB -アイ Solo Ver.-,B小町 アイ(高橋李依),https://www.billboard-japan.com/charts/detail?a=dlsongs&year=2023&month=08&day=21
2023,dlsongs,2023-08-16,59,NIGHT DANCER,imase,https://www.billboard-japan.com/charts/detail?a=dlsongs&year=2023&month=08&day=21
2023,dlsongs,2023-08-16,60,Subtitle,Official髭男dism,https://www.billboard-japan.com/charts/detail?a=dlsongs&year=2023&month=08&day=21
2023,dlsongs,2023-08-16,61,救世主,月詠み,https://www.billboard-japan.com/charts/detail?a=dlsongs&year=2023&month=08&day=21
2023,dlsongs,2023-08-16,62,群青,YOASOBI,https://www.billboard-japan.com/charts/detail?a=dlsongs&year=2023&month=08&day=21
2023,dlsongs,2023-08-16,63,Unfinished Journey,Zhang Zhehan,https://www.billboard-japan.com/charts/detail?a=dlsongs&year=2023&month=08&day=21
2023,dlsongs,2023-08-16,64,The Last Rockstars,THE LAST ROCKSTARS,https://www.billboard-japan.com/charts/detail?a=dlsongs&year=2023&month=08&day=21
2023,dlsongs,2023-08-16,65,Charisma Battle Anthem,伊藤ふみや/カリスマ,https://www.billboard-japan.com/charts/detail?a=dlsongs&year=2023&month=08&day=21
2023,dlsongs,2023-08-16,66,TATTOO,Official髭男dism,https://www.billboard-japan.com/charts/detail?a=dlsongs&year=2023&month=08&day=21
2023,dlsongs,2023-08-16,67,可愛くてごめん feat. ちゅーたん(早見沙織),HoneyWorks,https://www.billboard-japan.com/charts/detail?a=dlsongs&year=2023&month=08&day=21
2023,dlsongs,2023-08-16,68,Super Shy,NewJeans,https://www.billboard-japan.com/charts/detail?a=dlsongs&year=2023&month=08&day=21
2023,dlsongs,2023-08-16,69,新時代 (ウタ from ONE PIECE FILM RED),Ado,https://www.billboard-japan.com/charts/detail?a=dlsongs&year=2023&month=08&day=21
2023,dlsongs,2023-08-16,70,僕のこと,Mrs.GREEN APPLE,https://www.billboard-japan.com/charts/detail?a=dlsongs&year=2023&month=08&day=21
2023,dlsongs,2023-08-16,71,ユアーズ,菅田将暉,https://www.billboard-japan.com/charts/detail?a=dlsongs&year=2023&month=08&day=21
2023,dlsongs,2023-08-16,72,サンビタリア,常闇トワ,https://www.billboard-japan.com/charts/detail?a=dlsongs&year=2023&month=08&day=21
2023,dlsongs,2023-08-16,73,Ditto,NewJeans,https://www.billboard-japan.com/charts/detail?a=dlsongs&year=2023&month=08&day=21
2023,dlsongs,2023-08-16,73,インフェルノ,Mrs.GREEN APPLE,https://www.billboard-japan.com/charts/detail?a=dlsongs&year=2023&month=08&day=21
2023,dlsongs,2023-08-16,75,flowers,Hana Hope,https://www.billboard-japan.com/charts/detail?a=dlsongs&year=2023&month=08&day=21
2023,dlsongs,2023-08-16,76,Unwelcome School,ミツキヨ,https://www.billboard-japan.com/charts/detail?a=dlsongs&year=2023&month=08&day=21
2023,dlsongs,2023-08-16,76,かくれんぼ,AliA,https://www.billboard-japan.com/charts/detail?a=dlsongs&year=2023&month=08&day=21
2023,dlsongs,2023-08-16,78,勿忘草,GReeeeN,https://www.billboard-japan.com/charts/detail?a=dlsongs&year=2023&month=08&day=21
2023,dlsongs,2023-08-16,79,綺羅綺羅,Reol,https://www.billboard-japan.com/charts/detail?a=dlsongs&year=2023&month=08&day=21
2023,dlsongs,2023-08-16,80,冒険録,Eve,https://www.billboard-japan.com/charts/detail?a=dlsongs&year=2023&month=08&day=21
2023,dlsongs,2023-08-16,81,KICK BACK,米津玄師,https://www.billboard-japan.com/charts/detail?a=dlsongs&year=2023&month=08&day=21
2023,dlsongs,2023-08-16,82,私は最強,Mrs.GREEN APPLE,https://www.billboard-japan.com/charts/detail?a=dlsongs&year=2023&month=08&day=21
2023,dlsongs,2023-08-16,83,逆夢,King Gnu,https://www.billboard-japan.com/charts/detail?a=dlsongs&year=2023&month=08&day=21
2023,dlsongs,2023-08-16,84,Living My Life,milet,https://www.billboard-japan.com/charts/detail?a=dlsongs&year=2023&month=08&day=21
2023,dlsongs,2023-08-16,85,ミックスナッツ,Official髭男dism,https://www.billboard-japan.com/charts/detail?a=dlsongs&year=2023&month=08&day=21
2023,dlsongs,2023-08-16,86,切っ先,Reol,https://www.billboard-japan.com/charts/detail?a=dlsongs&year=2023&month=08&day=21
2023,dlsongs,2023-08-16,87,ファジーネーブル,Conton Candy,https://www.billboard-japan.com/charts/detail?a=dlsongs&year=2023&month=08&day=21
2023,dlsongs,2023-08-16,88,TGIF,XG,https://www.billboard-japan.com/charts/detail?a=dlsongs&year=2023&month=08&day=21
2023,dlsongs,2023-08-16,88,夜に駆ける,YOASOBI,https://www.billboard-japan.com/charts/detail?a=dlsongs&year=2023&month=08&day=21
2023,dlsongs,2023-08-16,90,ビリミリオン,優里,https://www.billboard-japan.com/charts/detail?a=dlsongs&year=2023&month=08&day=21
2023,dlsongs,2023-08-16,91,NAME,綴,https://www.billboard-japan.com/charts/detail?a=dlsongs&year=2023&month=08&day=21
2023,dlsongs,2023-08-16,92,BRAVE HEART,NERDHEAD feat 西野カナ,https://www.billboard-japan.com/charts/detail?a=dlsongs&year=2023&month=08&day=21
2023,dlsongs,2023-08-16,93,MONONOFU NIPPON feat. 布袋寅泰,ももいろクローバーZ,https://www.billboard-japan.com/charts/detail?a=dlsongs&year=2023&month=08&day=21
2023,dlsongs,2023-08-16,94,残響散歌,Aimer(エメ),https://www.billboard-japan.com/charts/detail?a=dlsongs&year=2023&month=08&day=21
2023,dlsongs,2023-08-16,95,スターマイン,Da-iCE,https://www.billboard-japan.com/charts/detail?a=dlsongs&year=2023&month=08&day=21
2023,dlsongs,2023-08-16,96,心得,Uru,https://www.billboard-japan.com/charts/detail?a=dlsongs&year=2023&month=08&day=21
2023,dlsongs,2023-08-16,97,ultra soul,B'z,https://www.billboard-japan.com/charts/detail?a=dlsongs&year=2023&month=08&day=21
2023,dlsongs,2023-08-16,98,アンサンブル,TRUE,https://www.billboard-japan.com/charts/detail?a=dlsongs&year=2023&month=08&day=21
2023,dlsongs,2023-08-16,99,ハナウタ,奥田民生,https://www.billboard-japan.com/charts/detail?a=dlsongs&year=2023&month=08&day=21
2023,dlsongs,2023-08-16,100,会いにいこう,UA,https://www.billboard-japan.com/charts/detail?a=dlsongs&year=2023&month=08&day=21
2023,dlsongs,2023-08-23,1,生命体,星野源,https://www.billboard-japan.com/charts/detail?a=dlsongs&year=2023&month=08&day=28
2023,dlsongs,2023-08-23,2,アイドル,YOASOBI,https://www.billboard-japan.com/charts/detail?a=dlsongs&year=2023&month=08&day=28
2023,dlsongs,2023-08-23,3,Moment,INI,https://www.billboard-japan.com/charts/detail?a=dlsongs&year=2023&month=08&day=28
2023,dlsongs,2023-08-23,4,青のすみか,キタニタツヤ,https://www.billboard-japan.com/charts/detail?a=dlsongs&year=2023&month=08&day=28
2023,dlsongs,2023-08-23,5,I'm a mess,MY FIRST STORY,https://www.billboard-japan.com/charts/detail?a=dlsongs&year=2023&month=08&day=28
2023,dlsongs,2023-08-23,6,CRUISIN',IMP.,https://www.billboard-japan.com/charts/detail?a=dlsongs&year=2023&month=08&day=28
2023,dlsongs,2023-08-23,7,LIGHTNING,MAZZEL,https://www.billboard-japan.com/charts/detail?a=dlsongs&year=2023&month=08&day=28
2023,dlsongs,2023-08-23,8,Chessboard,Official髭男dism,https://www.billboard-japan.com/charts/detail?a=dlsongs&year=2023&month=08&day=28
2023,dlsongs,2023-08-23,9,地球儀,米津玄師,https://www.billboard-japan.com/charts/detail?a=dlsongs&year=2023&month=08&day=28
2023,dlsongs,2023-08-23,10,Salvia,BE:FIRST,https://www.billboard-japan.com/charts/detail?a=dlsongs&year=2023&month=08&day=28
2023,dlsongs,2023-08-23,11,おひとりさま天国,乃木坂46,https://www.billboard-japan.com/charts/detail?a=dlsongs&year=2023&month=08&day=28
2023,dlsongs,2023-08-23,12,Moon,Perfume,https://www.billboard-japan.com/charts/detail?a=dlsongs&year=2023&month=08&day=28
2023,dlsongs,2023-08-23,13,サマータイムシンデレラ,緑黄色社会,https://www.billboard-japan.com/charts/detail?a=dlsongs&year=2023&month=08&day=28
2023,dlsongs,2023-08-23,14,向日葵,Ado,https://www.billboard-japan.com/charts/detail?a=dlsongs&year=2023&month=08&day=28
2023,dlsongs,2023-08-23,15,青と夏,Mrs.GREEN APPLE,https://www.billboard-japan.com/charts/detail?a=dlsongs&year=2023&month=08&day=28
2023,dlsongs,2023-08-23,16,燈,崎山蒼志,https://www.billboard-japan.com/charts/detail?a=dlsongs&year=2023&month=08&day=28
2023,dlsongs,2023-08-23,17,命日,ちゃんみな,https://www.billboard-japan.com/charts/detail?a=dlsongs&year=2023&month=08&day=28
2023,dlsongs,2023-08-23,18,仮死化,Vivid BAD SQUAD,https://www.billboard-japan.com/charts/detail?a=dlsongs&year=2023&month=08&day=28
2023,dlsongs,2023-08-23,19,オトナブルー,新しい学校のリーダーズ,https://www.billboard-japan.com/charts/detail?a=dlsongs&year=2023&month=08&day=28
2023,dlsongs,2023-08-23,20,メタり!! (feat. Tom Morello),BABYMETAL,https://www.billboard-japan.com/charts/detail?a=dlsongs&year=2023&month=08&day=28
2023,dlsongs,2023-08-23,21,怪獣の花唄,Vaundy,https://www.billboard-japan.com/charts/detail?a=dlsongs&year=2023&month=08&day=28
2023,dlsongs,2023-08-23,22,Cross,亀梨和也,https://www.billboard-japan.com/charts/detail?a=dlsongs&year=2023&month=08&day=28
2023,dlsongs,2023-08-23,23,Seven (feat. Latto),Jung Kook,https://www.billboard-japan.com/charts/detail?a=dlsongs&year=2023&month=08&day=28
2023,dlsongs,2023-08-23,24,愛の花,あいみょん,https://www.billboard-japan.com/charts/detail?a=dlsongs&year=2023&month=08&day=28
2023,dlsongs,2023-08-23,25,Gold 〜また逢う日まで〜,宇多田ヒカル,https://www.billboard-japan.com/charts/detail?a=dlsongs&year=2023&month=08&day=28
2023,dlsongs,2023-08-23,26,マジックアワー,緑黄色社会,https://www.billboard-japan.com/charts/detail?a=dlsongs&year=2023&month=08&day=28
2023,dlsongs,2023-08-23,27,Magic,Mrs.GREEN APPLE,https://www.billboard-japan.com/charts/detail?a=dlsongs&year=2023&month=08&day=28
2023,dlsongs,2023-08-23,28,メフィスト,女王蜂,https://www.billboard-japan.com/charts/detail?a=dlsongs&year=2023&month=08&day=28
2023,dlsongs,2023-08-23,29,虚ろを扇ぐ,Vivid BAD SQUAD,https://www.billboard-japan.com/charts/detail?a=dlsongs&year=2023&month=08&day=28
2023,dlsongs,2023-08-23,30,ETA,NewJeans,https://www.billboard-japan.com/charts/detail?a=dlsongs&year=2023&month=08&day=28
2023,dlsongs,2023-08-23,31,絆ノ奇跡,MAN WITH A MISSION×milet,https://www.billboard-japan.com/charts/detail?a=dlsongs&year=2023&month=08&day=28
2023,dlsongs,2023-08-23,32,スターマイン,Da-iCE,https://www.billboard-japan.com/charts/detail?a=dlsongs&year=2023&month=08&day=28
2023,dlsongs,2023-08-23,33,WeTube〜夏やろうの夏〜,TUBE,https://www.billboard-japan.com/charts/detail?a=dlsongs&year=2023&month=08&day=28
2023,dlsongs,2023-08-23,33,ダンスホール,Mrs.GREEN APPLE,https://www.billboard-japan.com/charts/detail?a=dlsongs&year=2023&month=08&day=28
2023,dlsongs,2023-08-23,35,spiral,LONGMAN,https://www.billboard-japan.com/charts/detail?a=dlsongs&year=2023&month=08&day=28
2023,dlsongs,2023-08-23,36,盆ギリ恋歌,サザンオールスターズ,https://www.billboard-japan.com/charts/detail?a=dlsongs&year=2023&month=08&day=28
2023,dlsongs,2023-08-23,37,歌えニッポンの空,サザンオールスターズ,https://www.billboard-japan.com/charts/detail?a=dlsongs&year=2023&month=08&day=28
2023,dlsongs,2023-08-23,38,祝福,YOASOBI,https://www.billboard-japan.com/charts/detail?a=dlsongs&year=2023&month=08&day=28
2023,dlsongs,2023-08-23,39,ケセラセラ,Mrs.GREEN APPLE,https://www.billboard-japan.com/charts/detail?a=dlsongs&year=2023&month=08&day=28
2023,dlsongs,2023-08-23,40,Charisma Battle Anthem,伊藤ふみや/カリスマ,https://www.billboard-japan.com/charts/detail?a=dlsongs&year=2023&month=08&day=28
2023,dlsongs,2023-08-23,41,That is that,亀梨和也,https://www.billboard-japan.com/charts/detail?a=dlsongs&year=2023&month=08&day=28
2023,dlsongs,2023-08-23,42,第ゼロ感,10-FEET,https://www.billboard-japan.com/charts/detail?a=dlsongs&year=2023&month=08&day=28
2023,dlsongs,2023-08-23,43,飛天,Ayase×R-指定,https://www.billboard-japan.com/charts/detail?a=dlsongs&year=2023&month=08&day=28
2023,dlsongs,2023-08-23,44,NIGHT DANCER,imase,https://www.billboard-japan.com/charts/detail?a=dlsongs&year=2023&month=08&day=28
2023,dlsongs,2023-08-23,45,ソングオブザデッド,KANA-BOON,https://www.billboard-japan.com/charts/detail?a=dlsongs&year=2023&month=08&day=28
2023,dlsongs,2023-08-23,46,月を見ていた,米津玄師,https://www.billboard-japan.com/charts/detail?a=dlsongs&year=2023&month=08&day=28
2023,dlsongs,2023-08-23,47,Sync Of Summer,山下達郎,https://www.billboard-japan.com/charts/detail?a=dlsongs&year=2023&month=08&day=28
2023,dlsongs,2023-08-23,48,美しい鰭,スピッツ,https://www.billboard-japan.com/charts/detail?a=dlsongs&year=2023&month=08&day=28
2023,dlsongs,2023-08-23,49,怪獣のサイズ,back number,https://www.billboard-japan.com/charts/detail?a=dlsongs&year=2023&month=08&day=28
2023,dlsongs,2023-08-23,50,美少女無罪(ハート)パイレーツ,宝鐘マリン,https://www.billboard-japan.com/charts/detail?a=dlsongs&year=2023&month=08&day=28
2023,dlsongs,2023-08-23,51,マリンブルー,玉井詩織,https://www.billboard-japan.com/charts/detail?a=dlsongs&year=2023&month=08&day=28
2023,dlsongs,2023-08-23,52,貴方の側に。,りりあ。,https://www.billboard-japan.com/charts/detail?a=dlsongs&year=2023&month=08&day=28
2023,dlsongs,2023-08-23,53,サインはB -New Arrange Ver.-,"B小町 ルビー(伊駒ゆりえ),有馬かな(潘めぐみ),MEMちょ(大久保瑠美)",https://www.billboard-japan.com/charts/detail?a=dlsongs&year=2023&month=08&day=28
2023,dlsongs,2023-08-23,54,ビリミリオン,優里,https://www.billboard-japan.com/charts/detail?a=dlsongs&year=2023&month=08&day=28
2023,dlsongs,2023-08-23,55,ファジーネーブル,Conton Candy,https://www.billboard-japan.com/charts/detail?a=dlsongs&year=2023&month=08&day=28
2023,dlsongs,2023-08-23,56,かくれんぼ,AliA,https://www.billboard-japan.com/charts/detail?a=dlsongs&year=2023&month=08&day=28
2023,dlsongs,2023-08-23,57,アイドルなんかじゃなかったら,AKB48,https://www.billboard-japan.com/charts/detail?a=dlsongs&year=2023&month=08&day=28
2023,dlsongs,2023-08-23,58,フォトグラフ feat. 東京スカパラダイスオーケストラ ホーンセクション,EXILE ATSUSHI,https://www.billboard-japan.com/charts/detail?a=dlsongs&year=2023&month=08&day=28
2023,dlsongs,2023-08-23,59,インフェルノ,Mrs.GREEN APPLE,https://www.billboard-japan.com/charts/detail?a=dlsongs&year=2023&month=08&day=28
2023,dlsongs,2023-08-23,60,ノートの中のテラリウム,"久川凪(立花日菜),森久保乃々(高橋花林)",https://www.billboard-japan.com/charts/detail?a=dlsongs&year=2023&month=08&day=28
2023,dlsongs,2023-08-23,61,可愛くてごめん feat. ちゅーたん(早見沙織),HoneyWorks,https://www.billboard-japan.com/charts/detail?a=dlsongs&year=2023&month=08&day=28
2023,dlsongs,2023-08-23,62,さよならの速度,She is Legend,https://www.billboard-japan.com/charts/detail?a=dlsongs&year=2023&month=08&day=28
2023,dlsongs,2023-08-23,63,サインはB -アイ Solo Ver.-,B小町 アイ(高橋李依),https://www.billboard-japan.com/charts/detail?a=dlsongs&year=2023&month=08&day=28
2023,dlsongs,2023-08-23,64,Future is Yours,サンボマスター,https://www.billboard-japan.com/charts/detail?a=dlsongs&year=2023&month=08&day=28
2023,dlsongs,2023-08-23,65,群青,YOASOBI,https://www.billboard-japan.com/charts/detail?a=dlsongs&year=2023&month=08&day=28
2023,dlsongs,2023-08-23,66,"Bad Bitch 美学 Remix (feat. NENE, LANA, MaRI, AI & YURIYAN RETRIEVER)",Awich,https://www.billboard-japan.com/charts/detail?a=dlsongs&year=2023&month=08&day=28
2023,dlsongs,2023-08-23,67,Subtitle,Official髭男dism,https://www.billboard-japan.com/charts/detail?a=dlsongs&year=2023&month=08&day=28
2023,dlsongs,2023-08-23,68,マ人間,新しい学校のリーダーズ,https://www.billboard-japan.com/charts/detail?a=dlsongs&year=2023&month=08&day=28
2023,dlsongs,2023-08-23,69,考えないようにする,乃木坂46,https://www.billboard-japan.com/charts/detail?a=dlsongs&year=2023&month=08&day=28
2023,dlsongs,2023-08-23,70,僕のこと,Mrs.GREEN APPLE,https://www.billboard-japan.com/charts/detail?a=dlsongs&year=2023&month=08&day=28
2023,dlsongs,2023-08-23,71,救世主,月詠み,https://www.billboard-japan.com/charts/detail?a=dlsongs&year=2023&month=08&day=28
2023,dlsongs,2023-08-23,72,ドキメキダイアリー (feat.Chinozo),asmi,https://www.billboard-japan.com/charts/detail?a=dlsongs&year=2023&month=08&day=28
2023,dlsongs,2023-08-23,73,STAR☆T☆RAIN -New Arrange Ver.-,"B小町 ルビー(伊駒ゆりえ),有馬かな(潘めぐみ),MEMちょ(大久保瑠美)",https://www.billboard-japan.com/charts/detail?a=dlsongs&year=2023&month=08&day=28
2023,dlsongs,2023-08-23,74,Sara Sara,SEVENTEEN,https://www.billboard-japan.com/charts/detail?a=dlsongs&year=2023&month=08&day=28
2023,dlsongs,2023-08-23,75,Sarracenia,SKY-HI,https://www.billboard-japan.com/charts/detail?a=dlsongs&year=2023&month=08&day=28
2023,dlsongs,2023-08-23,76,新時代 (ウタ from ONE PIECE FILM RED),Ado,https://www.billboard-japan.com/charts/detail?a=dlsongs&year=2023&month=08&day=28
2023,dlsongs,2023-08-23,77,夜に駆ける,YOASOBI,https://www.billboard-japan.com/charts/detail?a=dlsongs&year=2023&month=08&day=28
2023,dlsongs,2023-08-23,78,ユアーズ,菅田将暉,https://www.billboard-japan.com/charts/detail?a=dlsongs&year=2023&month=08&day=28
2023,dlsongs,2023-08-23,79,Love Me Again,V,https://www.billboard-japan.com/charts/detail?a=dlsongs&year=2023&month=08&day=28
2023,dlsongs,2023-08-23,80,逆夢,King Gnu,https://www.billboard-japan.com/charts/detail?a=dlsongs&year=2023&month=08&day=28
2023,dlsongs,2023-08-23,81,Super Shy,NewJeans,https://www.billboard-japan.com/charts/detail?a=dlsongs&year=2023&month=08&day=28
2023,dlsongs,2023-08-23,82,Better Things,aespa,https://www.billboard-japan.com/charts/detail?a=dlsongs&year=2023&month=08&day=28
2023,dlsongs,2023-08-23,83,綺羅綺羅,Reol,https://www.billboard-japan.com/charts/detail?a=dlsongs&year=2023&month=08&day=28
2023,dlsongs,2023-08-23,84,KICK BACK,米津玄師,https://www.billboard-japan.com/charts/detail?a=dlsongs&year=2023&month=08&day=28
2023,dlsongs,2023-08-23,85,おーしゃんうぇーぶ・Party☆らぃ,UMISEA,https://www.billboard-japan.com/charts/detail?a=dlsongs&year=2023&month=08&day=28
2023,dlsongs,2023-08-23,86,私は最強,Mrs.GREEN APPLE,https://www.billboard-japan.com/charts/detail?a=dlsongs&year=2023&month=08&day=28
2023,dlsongs,2023-08-23,87,サンビタリア,常闇トワ,https://www.billboard-japan.com/charts/detail?a=dlsongs&year=2023&month=08&day=28
2023,dlsongs,2023-08-23,88,Ditto,NewJeans,https://www.billboard-japan.com/charts/detail?a=dlsongs&year=2023&month=08&day=28
2023,dlsongs,2023-08-23,88,TATTOO,Official髭男dism,https://www.billboard-japan.com/charts/detail?a=dlsongs&year=2023&month=08&day=28
2023,dlsongs,2023-08-23,90,Scale the walls,SorAZ,https://www.billboard-japan.com/charts/detail?a=dlsongs&year=2023&month=08&day=28
2023,dlsongs,2023-08-23,91,ミックスナッツ,Official髭男dism,https://www.billboard-japan.com/charts/detail?a=dlsongs&year=2023&month=08&day=28
2023,dlsongs,2023-08-23,92,Rainy Days,V,https://www.billboard-japan.com/charts/detail?a=dlsongs&year=2023&month=08&day=28
2023,dlsongs,2023-08-23,93,切っ先,Reol,https://www.billboard-japan.com/charts/detail?a=dlsongs&year=2023&month=08&day=28
2023,dlsongs,2023-08-23,94,INVOKE-インヴォーク-,T.M.Revolution,https://www.billboard-japan.com/charts/detail?a=dlsongs&year=2023&month=08&day=28
2023,dlsongs,2023-08-23,95,Unfinished Journey,Zhang Zhehan,https://www.billboard-japan.com/charts/detail?a=dlsongs&year=2023&month=08&day=28
2023,dlsongs,2023-08-23,96,Soranji,Mrs.GREEN APPLE,https://www.billboard-japan.com/charts/detail?a=dlsongs&year=2023&month=08&day=28
2023,dlsongs,2023-08-23,97,アガリサガリ feat. R-指定 & CHEHON,SPICY CHOCOLATE,https://www.billboard-japan.com/charts/detail?a=dlsongs&year=2023&month=08&day=28
2023,dlsongs,2023-08-23,98,ユートピア,imase,https://www.billboard-japan.com/charts/detail?a=dlsongs&year=2023&month=08&day=28
2023,dlsongs,2023-08-23,99,バス・ストップ,ホリーズ,https://www.billboard-japan.com/charts/detail?a=dlsongs&year=2023&month=08&day=28
2023,dlsongs,2023-08-23,100,残響散歌,Aimer(エメ),https://www.billboard-japan.com/charts/detail?a=dlsongs&year=2023&month=08&day=28
2023,dlsongs,2023-08-30,1,CRUISIN',IMP.,https://www.billboard-japan.com/charts/detail?a=dlsongs&year=2023&month=09&day=04
2023,dlsongs,2023-08-30,2,Workin' Hard,藤井風,https://www.billboard-japan.com/charts/detail?a=dlsongs&year=2023&month=09&day=04
2023,dlsongs,2023-08-30,3,アイドル,YOASOBI,https://www.billboard-japan.com/charts/detail?a=dlsongs&year=2023&month=09&day=04
2023,dlsongs,2023-08-30,4,Make It Out Alive,ONE OK ROCK,https://www.billboard-japan.com/charts/detail?a=dlsongs&year=2023&month=09&day=04
2023,dlsongs,2023-08-30,5,青のすみか,キタニタツヤ,https://www.billboard-japan.com/charts/detail?a=dlsongs&year=2023&month=09&day=04
2023,dlsongs,2023-08-30,6,アダルト feat. アヴちゃん from 女王蜂 & RYUHEI from BE:FIRST,KERENMI,https://www.billboard-japan.com/charts/detail?a=dlsongs&year=2023&month=09&day=04
2023,dlsongs,2023-08-30,7,Rat A Tat!!!,MILLIONSTARS,https://www.billboard-japan.com/charts/detail?a=dlsongs&year=2023&month=09&day=04
2023,dlsongs,2023-08-30,8,I'm a mess,MY FIRST STORY,https://www.billboard-japan.com/charts/detail?a=dlsongs&year=2023&month=09&day=04
2023,dlsongs,2023-08-30,9,ROBO,SEKAI NO OWARI,https://www.billboard-japan.com/charts/detail?a=dlsongs&year=2023&month=09&day=04
2023,dlsongs,2023-08-30,10,地球儀,米津玄師,https://www.billboard-japan.com/charts/detail?a=dlsongs&year=2023&month=09&day=04
2023,dlsongs,2023-08-30,11,Red Diamond,XIA,https://www.billboard-japan.com/charts/detail?a=dlsongs&year=2023&month=09&day=04
2023,dlsongs,2023-08-30,12,命日,ちゃんみな,https://www.billboard-japan.com/charts/detail?a=dlsongs&year=2023&month=09&day=04
2023,dlsongs,2023-08-30,13,オワリはじまり,かりゆし58,https://www.billboard-japan.com/charts/detail?a=dlsongs&year=2023&month=09&day=04
2023,dlsongs,2023-08-30,14,ビューティフル,ゆず,https://www.billboard-japan.com/charts/detail?a=dlsongs&year=2023&month=09&day=04
2023,dlsongs,2023-08-30,15,CRUISIN' (Instrumental),IMP.,https://www.billboard-japan.com/charts/detail?a=dlsongs&year=2023&month=09&day=04
2023,dlsongs,2023-08-30,16,Seven (feat. Latto),Jung Kook,https://www.billboard-japan.com/charts/detail?a=dlsongs&year=2023&month=09&day=04
2023,dlsongs,2023-08-30,17,Moon,Perfume,https://www.billboard-japan.com/charts/detail?a=dlsongs&year=2023&month=09&day=04
2023,dlsongs,2023-08-30,18,向日葵,Ado,https://www.billboard-japan.com/charts/detail?a=dlsongs&year=2023&month=09&day=04
2023,dlsongs,2023-08-30,18,Whatever Comes,TM NETWORK,https://www.billboard-japan.com/charts/detail?a=dlsongs&year=2023&month=09&day=04
2023,dlsongs,2023-08-30,20,おひとりさま天国,乃木坂46,https://www.billboard-japan.com/charts/detail?a=dlsongs&year=2023&month=09&day=04
2023,dlsongs,2023-08-30,21,セブンカウント,MILLIONSTARS,https://www.billboard-japan.com/charts/detail?a=dlsongs&year=2023&month=09&day=04
2023,dlsongs,2023-08-30,22,That is that,亀梨和也,https://www.billboard-japan.com/charts/detail?a=dlsongs&year=2023&month=09&day=04
2023,dlsongs,2023-08-30,23,サマータイムシンデレラ,緑黄色社会,https://www.billboard-japan.com/charts/detail?a=dlsongs&year=2023&month=09&day=04
2023,dlsongs,2023-08-30,24,青と夏,Mrs.GREEN APPLE,https://www.billboard-japan.com/charts/detail?a=dlsongs&year=2023&month=09&day=04
2023,dlsongs,2023-08-30,25,オトナブルー,新しい学校のリーダーズ,https://www.billboard-japan.com/charts/detail?a=dlsongs&year=2023&month=09&day=04
2023,dlsongs,2023-08-30,26,Chessboard,Official髭男dism,https://www.billboard-japan.com/charts/detail?a=dlsongs&year=2023&month=09&day=04
2023,dlsongs,2023-08-30,27,燈,崎山蒼志,https://www.billboard-japan.com/charts/detail?a=dlsongs&year=2023&month=09&day=04
2023,dlsongs,2023-08-30,28,怪獣の花唄,Vaundy,https://www.billboard-japan.com/charts/detail?a=dlsongs&year=2023&month=09&day=04
2023,dlsongs,2023-08-30,29,生命体,星野源,https://www.billboard-japan.com/charts/detail?a=dlsongs&year=2023&month=09&day=04
2023,dlsongs,2023-08-30,30,spiral,LONGMAN,https://www.billboard-japan.com/charts/detail?a=dlsongs&year=2023&month=09&day=04
2023,dlsongs,2023-08-30,31,Seven (Alesso Remix) (feat. Latto),Jung Kook,https://www.billboard-japan.com/charts/detail?a=dlsongs&year=2023&month=09&day=04
2023,dlsongs,2023-08-30,32,Sweet Rain,WOLF HOWL HARMONY,https://www.billboard-japan.com/charts/detail?a=dlsongs&year=2023&month=09&day=04
2023,dlsongs,2023-08-30,33,アンマー,かりゆし58,https://www.billboard-japan.com/charts/detail?a=dlsongs&year=2023&month=09&day=04
2023,dlsongs,2023-08-30,34,Gold 〜また逢う日まで〜,宇多田ヒカル,https://www.billboard-japan.com/charts/detail?a=dlsongs&year=2023&month=09&day=04
2023,dlsongs,2023-08-30,35,声,RUI・KANON,https://www.billboard-japan.com/charts/detail?a=dlsongs&year=2023&month=09&day=04
2023,dlsongs,2023-08-30,36,Magic,Mrs.GREEN APPLE,https://www.billboard-japan.com/charts/detail?a=dlsongs&year=2023&month=09&day=04
2023,dlsongs,2023-08-30,37,メフィスト,女王蜂,https://www.billboard-japan.com/charts/detail?a=dlsongs&year=2023&month=09&day=04
2023,dlsongs,2023-08-30,38,ダンスホール,Mrs.GREEN APPLE,https://www.billboard-japan.com/charts/detail?a=dlsongs&year=2023&month=09&day=04
2023,dlsongs,2023-08-30,39,ETA,NewJeans,https://www.billboard-japan.com/charts/detail?a=dlsongs&year=2023&month=09&day=04
2023,dlsongs,2023-08-30,40,NEW DANCE,XG,https://www.billboard-japan.com/charts/detail?a=dlsongs&year=2023&month=09&day=04
2023,dlsongs,2023-08-30,41,第ゼロ感,10-FEET,https://www.billboard-japan.com/charts/detail?a=dlsongs&year=2023&month=09&day=04
2023,dlsongs,2023-08-30,42,Frontier,ゆず,https://www.billboard-japan.com/charts/detail?a=dlsongs&year=2023&month=09&day=04
2023,dlsongs,2023-08-30,43,絆ノ奇跡,MAN WITH A MISSION×milet,https://www.billboard-japan.com/charts/detail?a=dlsongs&year=2023&month=09&day=04
2023,dlsongs,2023-08-30,44,愛の花,あいみょん,https://www.billboard-japan.com/charts/detail?a=dlsongs&year=2023&month=09&day=04
2023,dlsongs,2023-08-30,45,迷宮なラビリンス,秘密結社holoX,https://www.billboard-japan.com/charts/detail?a=dlsongs&year=2023&month=09&day=04
2023,dlsongs,2023-08-30,46,飛天,Ayase×R-指定,https://www.billboard-japan.com/charts/detail?a=dlsongs&year=2023&month=09&day=04
2023,dlsongs,2023-08-30,47,ケセラセラ,Mrs.GREEN APPLE,https://www.billboard-japan.com/charts/detail?a=dlsongs&year=2023&month=09&day=04
2023,dlsongs,2023-08-30,48,LIES GOES ON,May'n,https://www.billboard-japan.com/charts/detail?a=dlsongs&year=2023&month=09&day=04
2023,dlsongs,2023-08-30,49,"UNFORGIVEN (feat. Nile Rodgers, Ado) -Japanese ver.-",LE SSERAFIM,https://www.billboard-japan.com/charts/detail?a=dlsongs&year=2023&month=09&day=04
2023,dlsongs,2023-08-30,50,祝福,YOASOBI,https://www.billboard-japan.com/charts/detail?a=dlsongs&year=2023&month=09&day=04
2023,dlsongs,2023-08-30,51,マジックアワー,緑黄色社会,https://www.billboard-japan.com/charts/detail?a=dlsongs&year=2023&month=09&day=04
2023,dlsongs,2023-08-30,52,詩超絆,MyGO!!!!!,https://www.billboard-japan.com/charts/detail?a=dlsongs&year=2023&month=09&day=04
2023,dlsongs,2023-08-30,53,フォトグラフ feat. 東京スカパラダイスオーケストラ ホーンセクション,EXILE ATSUSHI,https://www.billboard-japan.com/charts/detail?a=dlsongs&year=2023&month=09&day=04
2023,dlsongs,2023-08-30,54,Dear Shine Sky,吉武千颯,https://www.billboard-japan.com/charts/detail?a=dlsongs&year=2023&month=09&day=04
2023,dlsongs,2023-08-30,55,フロントメモリー feat. ACAね(ずっと真夜中でいいのに。),神聖かまってちゃん,https://www.billboard-japan.com/charts/detail?a=dlsongs&year=2023&month=09&day=04
2023,dlsongs,2023-08-30,56,美少女無罪(ハート)パイレーツ,宝鐘マリン,https://www.billboard-japan.com/charts/detail?a=dlsongs&year=2023&month=09&day=04
2023,dlsongs,2023-08-30,57,盆ギリ恋歌,サザンオールスターズ,https://www.billboard-japan.com/charts/detail?a=dlsongs&year=2023&month=09&day=04
2023,dlsongs,2023-08-30,58,今 -明日 世界が終わっても-,SEVENTEEN,https://www.billboard-japan.com/charts/detail?a=dlsongs&year=2023&month=09&day=04
2023,dlsongs,2023-08-30,59,Sing a song together,宮野真守,https://www.billboard-japan.com/charts/detail?a=dlsongs&year=2023&month=09&day=04
2023,dlsongs,2023-08-30,60,フロントメモリー feat. 川本真琴,神聖かまってちゃん,https://www.billboard-japan.com/charts/detail?a=dlsongs&year=2023&month=09&day=04
2023,dlsongs,2023-08-30,61,月を見ていた,米津玄師,https://www.billboard-japan.com/charts/detail?a=dlsongs&year=2023&month=09&day=04
2023,dlsongs,2023-08-30,62,仮死化,Vivid BAD SQUAD,https://www.billboard-japan.com/charts/detail?a=dlsongs&year=2023&month=09&day=04
2023,dlsongs,2023-08-30,63,Get busy,波羅夷空却(葉山翔太)/山田二郎(石谷春貴),https://www.billboard-japan.com/charts/detail?a=dlsongs&year=2023&month=09&day=04
2023,dlsongs,2023-08-30,64,かくれんぼ,AliA,https://www.billboard-japan.com/charts/detail?a=dlsongs&year=2023&month=09&day=04
2023,dlsongs,2023-08-30,65,スターマイン,Da-iCE,https://www.billboard-japan.com/charts/detail?a=dlsongs&year=2023&month=09&day=04
2023,dlsongs,2023-08-30,66,サインはB -New Arrange Ver.-,"B小町 ルビー(伊駒ゆりえ),有馬かな(潘めぐみ),MEMちょ(大久保瑠美)",https://www.billboard-japan.com/charts/detail?a=dlsongs&year=2023&month=09&day=04
2023,dlsongs,2023-08-30,67,美しい鰭,スピッツ,https://www.billboard-japan.com/charts/detail?a=dlsongs&year=2023&month=09&day=04
2023,dlsongs,2023-08-30,68,Subtitle,Official髭男dism,https://www.billboard-japan.com/charts/detail?a=dlsongs&year=2023&month=09&day=04
2023,dlsongs,2023-08-30,69,ビリミリオン,優里,https://www.billboard-japan.com/charts/detail?a=dlsongs&year=2023&month=09&day=04
2023,dlsongs,2023-08-30,70,インフェルノ,Mrs.GREEN APPLE,https://www.billboard-japan.com/charts/detail?a=dlsongs&year=2023&month=09&day=04
2023,dlsongs,2023-08-30,71,マ人間,新しい学校のリーダーズ,https://www.billboard-japan.com/charts/detail?a=dlsongs&year=2023&month=09&day=04
2023,dlsongs,2023-08-30,72,貴方の側に。,りりあ。,https://www.billboard-japan.com/charts/detail?a=dlsongs&year=2023&month=09&day=04
2023,dlsongs,2023-08-30,73,ノートの中のテラリウム,"久川凪(立花日菜),森久保乃々(高橋花林)",https://www.billboard-japan.com/charts/detail?a=dlsongs&year=2023&month=09&day=04
2023,dlsongs,2023-08-30,74,Sync Of Summer,山下達郎,https://www.billboard-japan.com/charts/detail?a=dlsongs&year=2023&month=09&day=04
2023,dlsongs,2023-08-30,75,VIVANT,千住明,https://www.billboard-japan.com/charts/detail?a=dlsongs&year=2023&month=09&day=04
2023,dlsongs,2023-08-30,76,金木犀,なとり,https://www.billboard-japan.com/charts/detail?a=dlsongs&year=2023&month=09&day=04
2023,dlsongs,2023-08-30,77,Wheelie,KID PHENOMENON,https://www.billboard-japan.com/charts/detail?a=dlsongs&year=2023&month=09&day=04
2023,dlsongs,2023-08-30,78,NIGHT DANCER,imase,https://www.billboard-japan.com/charts/detail?a=dlsongs&year=2023&month=09&day=04
2023,dlsongs,2023-08-30,79,おままごと,邪答院仄仄(ファイルーズあい),https://www.billboard-japan.com/charts/detail?a=dlsongs&year=2023&month=09&day=04
2023,dlsongs,2023-08-30,80,夜に駆ける,YOASOBI,https://www.billboard-japan.com/charts/detail?a=dlsongs&year=2023&month=09&day=04
2023,dlsongs,2023-08-30,81,夜明けのメロウ,大神ミオ,https://www.billboard-japan.com/charts/detail?a=dlsongs&year=2023&month=09&day=04
2023,dlsongs,2023-08-30,82,可愛くてごめん feat. ちゅーたん(早見沙織),HoneyWorks,https://www.billboard-japan.com/charts/detail?a=dlsongs&year=2023&month=09&day=04
2023,dlsongs,2023-08-30,83,Jettin',THE JET BOY BANGERZ,https://www.billboard-japan.com/charts/detail?a=dlsongs&year=2023&month=09&day=04
2023,dlsongs,2023-08-30,84,今この瞬間を,Little Glee Monster,https://www.billboard-japan.com/charts/detail?a=dlsongs&year=2023&month=09&day=04
2023,dlsongs,2023-08-30,85,僕のこと,Mrs.GREEN APPLE,https://www.billboard-japan.com/charts/detail?a=dlsongs&year=2023&month=09&day=04
2023,dlsongs,2023-08-30,86,めにまにカンパニー,めにまにカンパニー,https://www.billboard-japan.com/charts/detail?a=dlsongs&year=2023&month=09&day=04
2023,dlsongs,2023-08-30,87,ソングオブザデッド,KANA-BOON,https://www.billboard-japan.com/charts/detail?a=dlsongs&year=2023&month=09&day=04
2023,dlsongs,2023-08-30,88,救世主,月詠み,https://www.billboard-japan.com/charts/detail?a=dlsongs&year=2023&month=09&day=04
2023,dlsongs,2023-08-30,88,DAN DAN 心魅かれてく,FIELD OF VIEW,https://www.billboard-japan.com/charts/detail?a=dlsongs&year=2023&month=09&day=04
2023,dlsongs,2023-08-30,90,HOLOTORI Dance!,HOLOTORI,https://www.billboard-japan.com/charts/detail?a=dlsongs&year=2023&month=09&day=04
2023,dlsongs,2023-08-30,91,私は最強,Mrs.GREEN APPLE,https://www.billboard-japan.com/charts/detail?a=dlsongs&year=2023&month=09&day=04
2023,dlsongs,2023-08-30,92,虚ろを扇ぐ,Vivid BAD SQUAD,https://www.billboard-japan.com/charts/detail?a=dlsongs&year=2023&month=09&day=04
2023,dlsongs,2023-08-30,93,新時代 (ウタ from ONE PIECE FILM RED),Ado,https://www.billboard-japan.com/charts/detail?a=dlsongs&year=2023&month=09&day=04
2023,dlsongs,2023-08-30,93,群青,YOASOBI,https://www.billboard-japan.com/charts/detail?a=dlsongs&year=2023&month=09&day=04
2023,dlsongs,2023-08-30,95,マリンブルー,玉井詩織,https://www.billboard-japan.com/charts/detail?a=dlsongs&year=2023&month=09&day=04
2023,dlsongs,2023-08-30,96,ユアーズ,菅田将暉,https://www.billboard-japan.com/charts/detail?a=dlsongs&year=2023&month=09&day=04
2023,dlsongs,2023-08-30,97,"Bad Bitch 美学 Remix (feat. NENE, LANA, MaRI, AI & YURIYAN RETRIEVER)",Awich,https://www.billboard-japan.com/charts/detail?a=dlsongs&year=2023&month=09&day=04
2023,dlsongs,2023-08-30,98,ミックスナッツ,Official髭男dism,https://www.billboard-japan.com/charts/detail?a=dlsongs&year=2023&month=09&day=04
2023,dlsongs,2023-08-30,99,逆夢,King Gnu,https://www.billboard-japan.com/charts/detail?a=dlsongs&year=2023&month=09&day=04
2023,dlsongs,2023-08-30,100,ガーデン,藤井風,https://www.billboard-japan.com/charts/detail?a=dlsongs&year=2023&month=09&day=04
2023,dlsongs,2023-09-06,1,SPECIALZ,King Gnu,https://www.billboard-japan.com/charts/detail?a=dlsongs&year=2023&month=09&day=11
2023,dlsongs,2023-09-06,2,アイドル,YOASOBI,https://www.billboard-japan.com/charts/detail?a=dlsongs&year=2023&month=09&day=11
2023,dlsongs,2023-09-06,3,Winter Bear,V,https://www.billboard-japan.com/charts/detail?a=dlsongs&year=2023&month=09&day=11
2023,dlsongs,2023-09-06,4,Scenery,V,https://www.billboard-japan.com/charts/detail?a=dlsongs&year=2023&month=09&day=11
2023,dlsongs,2023-09-06,5,Salvia,BE:FIRST,https://www.billboard-japan.com/charts/detail?a=dlsongs&year=2023&month=09&day=11
2023,dlsongs,2023-09-06,6,Snow Flower (feat. Peakboy),V,https://www.billboard-japan.com/charts/detail?a=dlsongs&year=2023&month=09&day=11
2023,dlsongs,2023-09-06,7,青のすみか,キタニタツヤ,https://www.billboard-japan.com/charts/detail?a=dlsongs&year=2023&month=09&day=11
2023,dlsongs,2023-09-06,8,Make It Out Alive,ONE OK ROCK,https://www.billboard-japan.com/charts/detail?a=dlsongs&year=2023&month=09&day=11
2023,dlsongs,2023-09-06,9,more than words,羊文学,https://www.billboard-japan.com/charts/detail?a=dlsongs&year=2023&month=09&day=11
2023,dlsongs,2023-09-06,10,Workin' Hard,藤井風,https://www.billboard-japan.com/charts/detail?a=dlsongs&year=2023&month=09&day=11
2023,dlsongs,2023-09-06,11,Social Path (feat.LiSA),Stray Kids,https://www.billboard-japan.com/charts/detail?a=dlsongs&year=2023&month=09&day=11
2023,dlsongs,2023-09-06,12,Sarracenia,SKY-HI,https://www.billboard-japan.com/charts/detail?a=dlsongs&year=2023&month=09&day=11
2023,dlsongs,2023-09-06,13,I'm a mess,MY FIRST STORY,https://www.billboard-japan.com/charts/detail?a=dlsongs&year=2023&month=09&day=11
2023,dlsongs,2023-09-06,14,第ゼロ感,10-FEET,https://www.billboard-japan.com/charts/detail?a=dlsongs&year=2023&month=09&day=11
2023,dlsongs,2023-09-06,15,サマータイムシンデレラ,緑黄色社会,https://www.billboard-japan.com/charts/detail?a=dlsongs&year=2023&month=09&day=11
2023,dlsongs,2023-09-06,16,オトナブルー,新しい学校のリーダーズ,https://www.billboard-japan.com/charts/detail?a=dlsongs&year=2023&month=09&day=11
2023,dlsongs,2023-09-06,17,命日,ちゃんみな,https://www.billboard-japan.com/charts/detail?a=dlsongs&year=2023&month=09&day=11
2023,dlsongs,2023-09-06,18,向日葵,Ado,https://www.billboard-japan.com/charts/detail?a=dlsongs&year=2023&month=09&day=11
2023,dlsongs,2023-09-06,19,地球儀,米津玄師,https://www.billboard-japan.com/charts/detail?a=dlsongs&year=2023&month=09&day=11
2023,dlsongs,2023-09-06,20,無限L∞PだLOVE?,"辻野あかり(梅澤めぐ),佐久間まゆ(牧野由依),神崎蘭子(内田真礼),多田李衣菜(青木瑠璃子),二宮飛鳥(青木志貴),木村夏樹(安野希世乃),黒埼ちとせ(佐倉薫),ナターリア(生田輝)",https://www.billboard-japan.com/charts/detail?a=dlsongs&year=2023&month=09&day=11
2023,dlsongs,2023-09-06,21,燈,崎山蒼志,https://www.billboard-japan.com/charts/detail?a=dlsongs&year=2023&month=09&day=11
2023,dlsongs,2023-09-06,22,なかま歌,不知火建設,https://www.billboard-japan.com/charts/detail?a=dlsongs&year=2023&month=09&day=11
2023,dlsongs,2023-09-06,23,輪舞,ZOOL,https://www.billboard-japan.com/charts/detail?a=dlsongs&year=2023&month=09&day=11
2023,dlsongs,2023-09-06,24,怪獣の花唄,Vaundy,https://www.billboard-japan.com/charts/detail?a=dlsongs&year=2023&month=09&day=11
2023,dlsongs,2023-09-06,25,spiral,LONGMAN,https://www.billboard-japan.com/charts/detail?a=dlsongs&year=2023&month=09&day=11
2023,dlsongs,2023-09-06,26,Gradation,JO1,https://www.billboard-japan.com/charts/detail?a=dlsongs&year=2023&month=09&day=11
2023,dlsongs,2023-09-06,27,青と夏,Mrs.GREEN APPLE,https://www.billboard-japan.com/charts/detail?a=dlsongs&year=2023&month=09&day=11
2023,dlsongs,2023-09-06,28,傷だらけの王者,MISIA & Rockon Social Club,https://www.billboard-japan.com/charts/detail?a=dlsongs&year=2023&month=09&day=11
2023,dlsongs,2023-09-06,29,おひとりさま天国,乃木坂46,https://www.billboard-japan.com/charts/detail?a=dlsongs&year=2023&month=09&day=11
2023,dlsongs,2023-09-06,30,Seven (feat. Latto),Jung Kook,https://www.billboard-japan.com/charts/detail?a=dlsongs&year=2023&month=09&day=11
2023,dlsongs,2023-09-06,31,No More,REIKO,https://www.billboard-japan.com/charts/detail?a=dlsongs&year=2023&month=09&day=11
2023,dlsongs,2023-09-06,32,愛をありがとう,MISIA,https://www.billboard-japan.com/charts/detail?a=dlsongs&year=2023&month=09&day=11
2023,dlsongs,2023-09-06,33,Moon,Perfume,https://www.billboard-japan.com/charts/detail?a=dlsongs&year=2023&month=09&day=11
2023,dlsongs,2023-09-06,34,LIES GOES ON,May'n,https://www.billboard-japan.com/charts/detail?a=dlsongs&year=2023&month=09&day=11
2023,dlsongs,2023-09-06,35,Chessboard,Official髭男dism,https://www.billboard-japan.com/charts/detail?a=dlsongs&year=2023&month=09&day=11
2023,dlsongs,2023-09-06,36,絆ノ奇跡,MAN WITH A MISSION×milet,https://www.billboard-japan.com/charts/detail?a=dlsongs&year=2023&month=09&day=11
2023,dlsongs,2023-09-06,37,CRUISIN',IMP.,https://www.billboard-japan.com/charts/detail?a=dlsongs&year=2023&month=09&day=11
2023,dlsongs,2023-09-06,38,Magic,Mrs.GREEN APPLE,https://www.billboard-japan.com/charts/detail?a=dlsongs&year=2023&month=09&day=11
2023,dlsongs,2023-09-06,39,ダンスホール,Mrs.GREEN APPLE,https://www.billboard-japan.com/charts/detail?a=dlsongs&year=2023&month=09&day=11
2023,dlsongs,2023-09-06,40,Battle of Pride 2023,ヒプノシスマイク-D.R.B- Rule the Stage (BoP 2023 All Cast),https://www.billboard-japan.com/charts/detail?a=dlsongs&year=2023&month=09&day=11
2023,dlsongs,2023-09-06,41,ROBO,SEKAI NO OWARI,https://www.billboard-japan.com/charts/detail?a=dlsongs&year=2023&month=09&day=11
2023,dlsongs,2023-09-06,42,愛の花,あいみょん,https://www.billboard-japan.com/charts/detail?a=dlsongs&year=2023&month=09&day=11
2023,dlsongs,2023-09-06,43,ケセラセラ,Mrs.GREEN APPLE,https://www.billboard-japan.com/charts/detail?a=dlsongs&year=2023&month=09&day=11
2023,dlsongs,2023-09-06,44,メフィスト,女王蜂,https://www.billboard-japan.com/charts/detail?a=dlsongs&year=2023&month=09&day=11
2023,dlsongs,2023-09-06,45,飛天,Ayase×R-指定,https://www.billboard-japan.com/charts/detail?a=dlsongs&year=2023&month=09&day=11
2023,dlsongs,2023-09-06,46,祝福,YOASOBI,https://www.billboard-japan.com/charts/detail?a=dlsongs&year=2023&month=09&day=11
2023,dlsongs,2023-09-06,47,金木犀,なとり,https://www.billboard-japan.com/charts/detail?a=dlsongs&year=2023&month=09&day=11
2023,dlsongs,2023-09-06,48,ビューティフル,ゆず,https://www.billboard-japan.com/charts/detail?a=dlsongs&year=2023&month=09&day=11
2023,dlsongs,2023-09-06,49,マジックアワー,緑黄色社会,https://www.billboard-japan.com/charts/detail?a=dlsongs&year=2023&month=09&day=11
2023,dlsongs,2023-09-06,50,美少女無罪(ハート)パイレーツ,宝鐘マリン,https://www.billboard-japan.com/charts/detail?a=dlsongs&year=2023&month=09&day=11
2023,dlsongs,2023-09-06,51,the WALL,Leo/need,https://www.billboard-japan.com/charts/detail?a=dlsongs&year=2023&month=09&day=11
2023,dlsongs,2023-09-06,52,Voices,Leo/need,https://www.billboard-japan.com/charts/detail?a=dlsongs&year=2023&month=09&day=11
2023,dlsongs,2023-09-06,53,ムーンライト伝説,LiSA,https://www.billboard-japan.com/charts/detail?a=dlsongs&year=2023&month=09&day=11
2023,dlsongs,2023-09-06,54,Gold 〜また逢う日まで〜,宇多田ヒカル,https://www.billboard-japan.com/charts/detail?a=dlsongs&year=2023&month=09&day=11
2023,dlsongs,2023-09-06,55,ETA,NewJeans,https://www.billboard-japan.com/charts/detail?a=dlsongs&year=2023&month=09&day=11
2023,dlsongs,2023-09-06,56,かくれんぼ,AliA,https://www.billboard-japan.com/charts/detail?a=dlsongs&year=2023&month=09&day=11
2023,dlsongs,2023-09-06,57,ソワレ,星街すいせい,https://www.billboard-japan.com/charts/detail?a=dlsongs&year=2023&month=09&day=11
2023,dlsongs,2023-09-06,58,ソングオブザデッド,KANA-BOON,https://www.billboard-japan.com/charts/detail?a=dlsongs&year=2023&month=09&day=11
2023,dlsongs,2023-09-06,59,歌えニッポンの空,サザンオールスターズ,https://www.billboard-japan.com/charts/detail?a=dlsongs&year=2023&month=09&day=11
2023,dlsongs,2023-09-06,60,オリオンをなぞる,LiSA,https://www.billboard-japan.com/charts/detail?a=dlsongs&year=2023&month=09&day=11
2023,dlsongs,2023-09-06,61,盆ギリ恋歌,サザンオールスターズ,https://www.billboard-japan.com/charts/detail?a=dlsongs&year=2023&month=09&day=11
2023,dlsongs,2023-09-06,62,逆夢,King Gnu,https://www.billboard-japan.com/charts/detail?a=dlsongs&year=2023&month=09&day=11
2023,dlsongs,2023-09-06,63,美しい鰭,スピッツ,https://www.billboard-japan.com/charts/detail?a=dlsongs&year=2023&month=09&day=11
2023,dlsongs,2023-09-06,64,切っ先,Reol,https://www.billboard-japan.com/charts/detail?a=dlsongs&year=2023&month=09&day=11
2023,dlsongs,2023-09-06,65,Whatever Comes,TM NETWORK,https://www.billboard-japan.com/charts/detail?a=dlsongs&year=2023&month=09&day=11
2023,dlsongs,2023-09-06,66,サインはB -New Arrange Ver.-,"B小町 ルビー(伊駒ゆりえ),有馬かな(潘めぐみ),MEMちょ(大久保瑠美)",https://www.billboard-japan.com/charts/detail?a=dlsongs&year=2023&month=09&day=11
2023,dlsongs,2023-09-06,67,月を見ていた,米津玄師,https://www.billboard-japan.com/charts/detail?a=dlsongs&year=2023&month=09&day=11
2023,dlsongs,2023-09-06,68,"UNFORGIVEN (feat. Nile Rodgers, Ado) -Japanese ver.-",LE SSERAFIM,https://www.billboard-japan.com/charts/detail?a=dlsongs&year=2023&month=09&day=11
2023,dlsongs,2023-09-06,69,CRAZY BEAUTIFUL NIGHT,MY FIRST STORY,https://www.billboard-japan.com/charts/detail?a=dlsongs&year=2023&month=09&day=11
2023,dlsongs,2023-09-06,70,UNFORGIVEN (feat. Nile Rodgers),LE SSERAFIM,https://www.billboard-japan.com/charts/detail?a=dlsongs&year=2023&month=09&day=11
2023,dlsongs,2023-09-06,71,生命体,星野源,https://www.billboard-japan.com/charts/detail?a=dlsongs&year=2023&month=09&day=11
2023,dlsongs,2023-09-06,72,NEW DANCE,XG,https://www.billboard-japan.com/charts/detail?a=dlsongs&year=2023&month=09&day=11
2023,dlsongs,2023-09-06,73,Rat A Tat!!!,MILLIONSTARS,https://www.billboard-japan.com/charts/detail?a=dlsongs&year=2023&month=09&day=11
2023,dlsongs,2023-09-06,74,Subtitle,Official髭男dism,https://www.billboard-japan.com/charts/detail?a=dlsongs&year=2023&month=09&day=11
2023,dlsongs,2023-09-06,75,可愛くてごめん feat. ちゅーたん(早見沙織),HoneyWorks,https://www.billboard-japan.com/charts/detail?a=dlsongs&year=2023&month=09&day=11
2023,dlsongs,2023-09-06,76,救世主,月詠み,https://www.billboard-japan.com/charts/detail?a=dlsongs&year=2023&month=09&day=11
2023,dlsongs,2023-09-06,77,スターマイン,Da-iCE,https://www.billboard-japan.com/charts/detail?a=dlsongs&year=2023&month=09&day=11
2023,dlsongs,2023-09-06,77,貴方の側に。,りりあ。,https://www.billboard-japan.com/charts/detail?a=dlsongs&year=2023&month=09&day=11
2023,dlsongs,2023-09-06,79,DAN DAN 心魅かれてく,FIELD OF VIEW,https://www.billboard-japan.com/charts/detail?a=dlsongs&year=2023&month=09&day=11
2023,dlsongs,2023-09-06,80,ガーデン,藤井風,https://www.billboard-japan.com/charts/detail?a=dlsongs&year=2023&month=09&day=11
2023,dlsongs,2023-09-06,81,HOLOTORI Dance!,HOLOTORI,https://www.billboard-japan.com/charts/detail?a=dlsongs&year=2023&month=09&day=11
2023,dlsongs,2023-09-06,82,インフェルノ,Mrs.GREEN APPLE,https://www.billboard-japan.com/charts/detail?a=dlsongs&year=2023&month=09&day=11
2023,dlsongs,2023-09-06,83,フロントメモリー feat. 川本真琴,神聖かまってちゃん,https://www.billboard-japan.com/charts/detail?a=dlsongs&year=2023&month=09&day=11
2023,dlsongs,2023-09-06,84,Walking with you,Novelbright,https://www.billboard-japan.com/charts/detail?a=dlsongs&year=2023&month=09&day=11
2023,dlsongs,2023-09-06,85,HEAVY GATE,モーニング娘。'23,https://www.billboard-japan.com/charts/detail?a=dlsongs&year=2023&month=09&day=11
2023,dlsongs,2023-09-06,86,夜に駆ける,YOASOBI,https://www.billboard-japan.com/charts/detail?a=dlsongs&year=2023&month=09&day=11
2023,dlsongs,2023-09-06,87,僕のこと,Mrs.GREEN APPLE,https://www.billboard-japan.com/charts/detail?a=dlsongs&year=2023&month=09&day=11
2023,dlsongs,2023-09-06,88,ミックスナッツ,Official髭男dism,https://www.billboard-japan.com/charts/detail?a=dlsongs&year=2023&month=09&day=11
2023,dlsongs,2023-09-06,89,一途,King Gnu,https://www.billboard-japan.com/charts/detail?a=dlsongs&year=2023&month=09&day=11
2023,dlsongs,2023-09-06,90,憂う門には福来たる,somei,https://www.billboard-japan.com/charts/detail?a=dlsongs&year=2023&month=09&day=11
2023,dlsongs,2023-09-06,91,新時代 (ウタ from ONE PIECE FILM RED),Ado,https://www.billboard-japan.com/charts/detail?a=dlsongs&year=2023&month=09&day=11
2023,dlsongs,2023-09-06,92,綺羅綺羅,Reol,https://www.billboard-japan.com/charts/detail?a=dlsongs&year=2023&month=09&day=11
2023,dlsongs,2023-09-06,93,Mela!,緑黄色社会,https://www.billboard-japan.com/charts/detail?a=dlsongs&year=2023&month=09&day=11
2023,dlsongs,2023-09-06,94,群青,YOASOBI,https://www.billboard-japan.com/charts/detail?a=dlsongs&year=2023&month=09&day=11
2023,dlsongs,2023-09-06,95,明るい表通りで,小野リサ,https://www.billboard-japan.com/charts/detail?a=dlsongs&year=2023&month=09&day=11
2023,dlsongs,2023-09-06,96,Get Wild,TM NETWORK,https://www.billboard-japan.com/charts/detail?a=dlsongs&year=2023&month=09&day=11
2023,dlsongs,2023-09-06,97,アドベンチャー,YOASOBI,https://www.billboard-japan.com/charts/detail?a=dlsongs&year=2023&month=09&day=11
2023,dlsongs,2023-09-06,98,KICK BACK,米津玄師,https://www.billboard-japan.com/charts/detail?a=dlsongs&year=2023&month=09&day=11
2023,dlsongs,2023-09-06,99,オワリはじまり,かりゆし58,https://www.billboard-japan.com/charts/detail?a=dlsongs&year=2023&month=09&day=11
2023,dlsongs,2023-09-06,100,ビリミリオン,優里,https://www.billboard-japan.com/charts/detail?a=dlsongs&year=2023&month=09&day=11
2023,dlsongs,2023-09-13,1,SPECIALZ,King Gnu,https://www.billboard-japan.com/charts/detail?a=dlsongs&year=2023&month=09&day=18
2023,dlsongs,2023-09-13,2,唱,Ado,https://www.billboard-japan.com/charts/detail?a=dlsongs&year=2023&month=09&day=18
2023,dlsongs,2023-09-13,3,Slow Dancing,V,https://www.billboard-japan.com/charts/detail?a=dlsongs&year=2023&month=09&day=18
2023,dlsongs,2023-09-13,4,アイドル,YOASOBI,https://www.billboard-japan.com/charts/detail?a=dlsongs&year=2023&month=09&day=18
2023,dlsongs,2023-09-13,5,Moon,Perfume,https://www.billboard-japan.com/charts/detail?a=dlsongs&year=2023&month=09&day=18
2023,dlsongs,2023-09-13,6,第ゼロ感,10-FEET,https://www.billboard-japan.com/charts/detail?a=dlsongs&year=2023&month=09&day=18
2023,dlsongs,2023-09-13,7,青のすみか,キタニタツヤ,https://www.billboard-japan.com/charts/detail?a=dlsongs&year=2023&month=09&day=18
2023,dlsongs,2023-09-13,8,トレセン音頭,Various Artists,https://www.billboard-japan.com/charts/detail?a=dlsongs&year=2023&month=09&day=18
2023,dlsongs,2023-09-13,9,サマータイムシンデレラ,緑黄色社会,https://www.billboard-japan.com/charts/detail?a=dlsongs&year=2023&month=09&day=18
2023,dlsongs,2023-09-13,10,I'm a mess,MY FIRST STORY,https://www.billboard-japan.com/charts/detail?a=dlsongs&year=2023&month=09&day=18
2023,dlsongs,2023-09-13,11,more than words,羊文学,https://www.billboard-japan.com/charts/detail?a=dlsongs&year=2023&month=09&day=18
2023,dlsongs,2023-09-13,12,向日葵,Ado,https://www.billboard-japan.com/charts/detail?a=dlsongs&year=2023&month=09&day=18
2023,dlsongs,2023-09-13,13,6or9,HYDE,https://www.billboard-japan.com/charts/detail?a=dlsongs&year=2023&month=09&day=18
2023,dlsongs,2023-09-13,14,For Us,V,https://www.billboard-japan.com/charts/detail?a=dlsongs&year=2023&month=09&day=18
2023,dlsongs,2023-09-13,15,Blue,V,https://www.billboard-japan.com/charts/detail?a=dlsongs&year=2023&month=09&day=18
2023,dlsongs,2023-09-13,16,First Time,鳳瑛一(緑川光),https://www.billboard-japan.com/charts/detail?a=dlsongs&year=2023&month=09&day=18
2023,dlsongs,2023-09-13,17,オトナブルー,新しい学校のリーダーズ,https://www.billboard-japan.com/charts/detail?a=dlsongs&year=2023&month=09&day=18
2023,dlsongs,2023-09-13,18,怪獣の花唄,Vaundy,https://www.billboard-japan.com/charts/detail?a=dlsongs&year=2023&month=09&day=18
2023,dlsongs,2023-09-13,19,Seven (feat. Latto),Jung Kook,https://www.billboard-japan.com/charts/detail?a=dlsongs&year=2023&month=09&day=18
2023,dlsongs,2023-09-13,20,命日,ちゃんみな,https://www.billboard-japan.com/charts/detail?a=dlsongs&year=2023&month=09&day=18
2023,dlsongs,2023-09-13,21,地球儀,米津玄師,https://www.billboard-japan.com/charts/detail?a=dlsongs&year=2023&month=09&day=18
2023,dlsongs,2023-09-13,22,Slow Dancing (Piano Ver.),V,https://www.billboard-japan.com/charts/detail?a=dlsongs&year=2023&month=09&day=18
2023,dlsongs,2023-09-13,23,愛をありがとう,MISIA,https://www.billboard-japan.com/charts/detail?a=dlsongs&year=2023&month=09&day=18
2023,dlsongs,2023-09-13,24,No More,REIKO,https://www.billboard-japan.com/charts/detail?a=dlsongs&year=2023&month=09&day=18
2023,dlsongs,2023-09-13,25,無限L∞PだLOVE?,"辻野あかり(梅澤めぐ),佐久間まゆ(牧野由依),神崎蘭子(内田真礼),多田李衣菜(青木瑠璃子),二宮飛鳥(青木志貴),木村夏樹(安野希世乃),黒埼ちとせ(佐倉薫),ナターリア(生田輝)",https://www.billboard-japan.com/charts/detail?a=dlsongs&year=2023&month=09&day=18
2023,dlsongs,2023-09-13,26,SWEET BABY,ケツメイシ,https://www.billboard-japan.com/charts/detail?a=dlsongs&year=2023&month=09&day=18
2023,dlsongs,2023-09-13,27,能動,三浦大知,https://www.billboard-japan.com/charts/detail?a=dlsongs&year=2023&month=09&day=18
2023,dlsongs,2023-09-13,28,Bite Me,ENHYPEN,https://www.billboard-japan.com/charts/detail?a=dlsongs&year=2023&month=09&day=18
2023,dlsongs,2023-09-13,29,Make It Out Alive,ONE OK ROCK,https://www.billboard-japan.com/charts/detail?a=dlsongs&year=2023&month=09&day=18
2023,dlsongs,2023-09-13,30,燈,崎山蒼志,https://www.billboard-japan.com/charts/detail?a=dlsongs&year=2023&month=09&day=18
2023,dlsongs,2023-09-13,31,Social Path (feat.LiSA),Stray Kids,https://www.billboard-japan.com/charts/detail?a=dlsongs&year=2023&month=09&day=18
2023,dlsongs,2023-09-13,32,ダンスホール,Mrs.GREEN APPLE,https://www.billboard-japan.com/charts/detail?a=dlsongs&year=2023&month=09&day=18
2023,dlsongs,2023-09-13,33,マジックアワー,緑黄色社会,https://www.billboard-japan.com/charts/detail?a=dlsongs&year=2023&month=09&day=18
2023,dlsongs,2023-09-13,34,spiral,LONGMAN,https://www.billboard-japan.com/charts/detail?a=dlsongs&year=2023&month=09&day=18
2023,dlsongs,2023-09-13,35,Workin' Hard,藤井風,https://www.billboard-japan.com/charts/detail?a=dlsongs&year=2023&month=09&day=18
2023,dlsongs,2023-09-13,36,青と夏,Mrs.GREEN APPLE,https://www.billboard-japan.com/charts/detail?a=dlsongs&year=2023&month=09&day=18
2023,dlsongs,2023-09-13,37,Expert,KREVA,https://www.billboard-japan.com/charts/detail?a=dlsongs&year=2023&month=09&day=18
2023,dlsongs,2023-09-13,38,Magic,Mrs.GREEN APPLE,https://www.billboard-japan.com/charts/detail?a=dlsongs&year=2023&month=09&day=18
2023,dlsongs,2023-09-13,39,Whatever Comes,TM NETWORK,https://www.billboard-japan.com/charts/detail?a=dlsongs&year=2023&month=09&day=18
2023,dlsongs,2023-09-13,40,絆ノ奇跡,MAN WITH A MISSION×milet,https://www.billboard-japan.com/charts/detail?a=dlsongs&year=2023&month=09&day=18
2023,dlsongs,2023-09-13,41,迷路日々,MyGO!!!!!,https://www.billboard-japan.com/charts/detail?a=dlsongs&year=2023&month=09&day=18
2023,dlsongs,2023-09-13,42,夏暁,WANIMA,https://www.billboard-japan.com/charts/detail?a=dlsongs&year=2023&month=09&day=18
2023,dlsongs,2023-09-13,43,Get A Guitar,RIIZE,https://www.billboard-japan.com/charts/detail?a=dlsongs&year=2023&month=09&day=18
2023,dlsongs,2023-09-13,44,夜を待つよ,Midnight Grand Orchestra,https://www.billboard-japan.com/charts/detail?a=dlsongs&year=2023&month=09&day=18
2023,dlsongs,2023-09-13,45,カメレオン,King Gnu,https://www.billboard-japan.com/charts/detail?a=dlsongs&year=2023&month=09&day=18
2023,dlsongs,2023-09-13,46,Chessboard,Official髭男dism,https://www.billboard-japan.com/charts/detail?a=dlsongs&year=2023&month=09&day=18
2023,dlsongs,2023-09-13,47,CRAZY BEAUTIFUL NIGHT,MY FIRST STORY,https://www.billboard-japan.com/charts/detail?a=dlsongs&year=2023&month=09&day=18
2023,dlsongs,2023-09-13,48,美少女無罪(ハート)パイレーツ,宝鐘マリン,https://www.billboard-japan.com/charts/detail?a=dlsongs&year=2023&month=09&day=18
2023,dlsongs,2023-09-13,49,ケセラセラ,Mrs.GREEN APPLE,https://www.billboard-japan.com/charts/detail?a=dlsongs&year=2023&month=09&day=18
2023,dlsongs,2023-09-13,50,ユアーズ,菅田将暉,https://www.billboard-japan.com/charts/detail?a=dlsongs&year=2023&month=09&day=18
2023,dlsongs,2023-09-13,51,Pressure,Zhang Zhehan,https://www.billboard-japan.com/charts/detail?a=dlsongs&year=2023&month=09&day=18
2023,dlsongs,2023-09-13,52,Get Wild,TM NETWORK,https://www.billboard-japan.com/charts/detail?a=dlsongs&year=2023&month=09&day=18
2023,dlsongs,2023-09-13,53,愛の花,あいみょん,https://www.billboard-japan.com/charts/detail?a=dlsongs&year=2023&month=09&day=18
2023,dlsongs,2023-09-13,54,ラヴ・クラウド,Perfume,https://www.billboard-japan.com/charts/detail?a=dlsongs&year=2023&month=09&day=18
2023,dlsongs,2023-09-13,55,ソングオブザデッド,KANA-BOON,https://www.billboard-japan.com/charts/detail?a=dlsongs&year=2023&month=09&day=18
2023,dlsongs,2023-09-13,56,Subtitle,Official髭男dism,https://www.billboard-japan.com/charts/detail?a=dlsongs&year=2023&month=09&day=18
2023,dlsongs,2023-09-13,57,傷だらけの王者,MISIA & Rockon Social Club,https://www.billboard-japan.com/charts/detail?a=dlsongs&year=2023&month=09&day=18
2023,dlsongs,2023-09-13,58,かくれんぼ,AliA,https://www.billboard-japan.com/charts/detail?a=dlsongs&year=2023&month=09&day=18
2023,dlsongs,2023-09-13,59,WET,星輝子(松田颯水),https://www.billboard-japan.com/charts/detail?a=dlsongs&year=2023&month=09&day=18
2023,dlsongs,2023-09-13,60,メフィスト,女王蜂,https://www.billboard-japan.com/charts/detail?a=dlsongs&year=2023&month=09&day=18
2023,dlsongs,2023-09-13,61,おひとりさま天国,乃木坂46,https://www.billboard-japan.com/charts/detail?a=dlsongs&year=2023&month=09&day=18
2023,dlsongs,2023-09-13,62,飛天,Ayase×R-指定,https://www.billboard-japan.com/charts/detail?a=dlsongs&year=2023&month=09&day=18
2023,dlsongs,2023-09-13,63,祝福,YOASOBI,https://www.billboard-japan.com/charts/detail?a=dlsongs&year=2023&month=09&day=18
2023,dlsongs,2023-09-13,64,逆夢,King Gnu,https://www.billboard-japan.com/charts/detail?a=dlsongs&year=2023&month=09&day=18
2023,dlsongs,2023-09-13,65,ETA,NewJeans,https://www.billboard-japan.com/charts/detail?a=dlsongs&year=2023&month=09&day=18
2023,dlsongs,2023-09-13,65,世界が終るまでは…,WANDS,https://www.billboard-japan.com/charts/detail?a=dlsongs&year=2023&month=09&day=18
2023,dlsongs,2023-09-13,67,美しい鰭,スピッツ,https://www.billboard-japan.com/charts/detail?a=dlsongs&year=2023&month=09&day=18
2023,dlsongs,2023-09-13,68,ノートの中のテラリウム,"久川凪(立花日菜),森久保乃々(高橋花林)",https://www.billboard-japan.com/charts/detail?a=dlsongs&year=2023&month=09&day=18
2023,dlsongs,2023-09-13,69,Memories,RIIZE,https://www.billboard-japan.com/charts/detail?a=dlsongs&year=2023&month=09&day=18
2023,dlsongs,2023-09-13,70,TAILWIND,マチカネタンホイザ(遠野ひかる),https://www.billboard-japan.com/charts/detail?a=dlsongs&year=2023&month=09&day=18
2023,dlsongs,2023-09-13,71,Butterflies,Stray Kids,https://www.billboard-japan.com/charts/detail?a=dlsongs&year=2023&month=09&day=18
2023,dlsongs,2023-09-13,72,ROBO,SEKAI NO OWARI,https://www.billboard-japan.com/charts/detail?a=dlsongs&year=2023&month=09&day=18
2023,dlsongs,2023-09-13,73,"UNFORGIVEN (feat. Nile Rodgers, Ado) -Japanese ver.-",LE SSERAFIM,https://www.billboard-japan.com/charts/detail?a=dlsongs&year=2023&month=09&day=18
2023,dlsongs,2023-09-13,74,今 -明日 世界が終わっても-,SEVENTEEN,https://www.billboard-japan.com/charts/detail?a=dlsongs&year=2023&month=09&day=18
2023,dlsongs,2023-09-13,75,Reflection,ノクチル,https://www.billboard-japan.com/charts/detail?a=dlsongs&year=2023&month=09&day=18
2023,dlsongs,2023-09-13,76,生命体,星野源,https://www.billboard-japan.com/charts/detail?a=dlsongs&year=2023&month=09&day=18
2023,dlsongs,2023-09-13,77,????ぶっとび かっとび 全開エンジン!,ツインターボ(花井美春),https://www.billboard-japan.com/charts/detail?a=dlsongs&year=2023&month=09&day=18
2023,dlsongs,2023-09-13,78,VIVANT,千住明,https://www.billboard-japan.com/charts/detail?a=dlsongs&year=2023&month=09&day=18
2023,dlsongs,2023-09-13,79,Dance in the Light,"舞浜歩(戸田めぐみ),水瀬伊織(釘宮理恵),高山紗代子(駒形友梨),永吉昴(斉藤佑圭),百瀬莉緒(山口立花子)",https://www.billboard-japan.com/charts/detail?a=dlsongs&year=2023&month=09&day=18
2023,dlsongs,2023-09-13,80,スターマイン,Da-iCE,https://www.billboard-japan.com/charts/detail?a=dlsongs&year=2023&month=09&day=18
2023,dlsongs,2023-09-13,81,すきっちゅーの! (feat. かぴ),HoneyWorks,https://www.billboard-japan.com/charts/detail?a=dlsongs&year=2023&month=09&day=18
2023,dlsongs,2023-09-13,82,君が僕の心臓じゃないせいで feat. 川崎鷹也,BAK,https://www.billboard-japan.com/charts/detail?a=dlsongs&year=2023&month=09&day=18
2023,dlsongs,2023-09-13,83,Battle of Pride 2023,ヒプノシスマイク-D.R.B- Rule the Stage (BoP 2023 All Cast),https://www.billboard-japan.com/charts/detail?a=dlsongs&year=2023&month=09&day=18
2023,dlsongs,2023-09-13,84,新時代 (ウタ from ONE PIECE FILM RED),Ado,https://www.billboard-japan.com/charts/detail?a=dlsongs&year=2023&month=09&day=18
2023,dlsongs,2023-09-13,85,ムーンライト伝説,LiSA,https://www.billboard-japan.com/charts/detail?a=dlsongs&year=2023&month=09&day=18
2023,dlsongs,2023-09-13,86,Hat on your Head!,"ライスシャワー(石見舞菜香),ミスターシービー(天海由梨奈),マチカネタンホイザ(遠野ひかる),シュヴァルグラン(夏吉ゆうこ),ホッコータルマエ(菊池紗矢香)",https://www.billboard-japan.com/charts/detail?a=dlsongs&year=2023&month=09&day=18
2023,dlsongs,2023-09-13,87,ミックスナッツ,Official髭男dism,https://www.billboard-japan.com/charts/detail?a=dlsongs&year=2023&month=09&day=18
2023,dlsongs,2023-09-13,88,月を見ていた,米津玄師,https://www.billboard-japan.com/charts/detail?a=dlsongs&year=2023&month=09&day=18
2023,dlsongs,2023-09-13,89,綺羅綺羅,Reol,https://www.billboard-japan.com/charts/detail?a=dlsongs&year=2023&month=09&day=18
2023,dlsongs,2023-09-13,90,CRUISIN',IMP.,https://www.billboard-japan.com/charts/detail?a=dlsongs&year=2023&month=09&day=18
2023,dlsongs,2023-09-13,91,憂う門には福来たる,somei,https://www.billboard-japan.com/charts/detail?a=dlsongs&year=2023&month=09&day=18
2023,dlsongs,2023-09-13,92,ランデヴー,シャイトープ,https://www.billboard-japan.com/charts/detail?a=dlsongs&year=2023&month=09&day=18
2023,dlsongs,2023-09-13,93,Mela!,緑黄色社会,https://www.billboard-japan.com/charts/detail?a=dlsongs&year=2023&month=09&day=18
2023,dlsongs,2023-09-13,94,LIES GOES ON,May'n,https://www.billboard-japan.com/charts/detail?a=dlsongs&year=2023&month=09&day=18
2023,dlsongs,2023-09-13,95,可愛くてごめん feat. ちゅーたん(早見沙織),HoneyWorks,https://www.billboard-japan.com/charts/detail?a=dlsongs&year=2023&month=09&day=18
2023,dlsongs,2023-09-13,96,貴方の側に。,りりあ。,https://www.billboard-japan.com/charts/detail?a=dlsongs&year=2023&month=09&day=18
2023,dlsongs,2023-09-13,97,LADY,米津玄師,https://www.billboard-japan.com/charts/detail?a=dlsongs&year=2023&month=09&day=18
2023,dlsongs,2023-09-13,98,サインはB -New Arrange Ver.-,"B小町 ルビー(伊駒ゆりえ),有馬かな(潘めぐみ),MEMちょ(大久保瑠美)",https://www.billboard-japan.com/charts/detail?a=dlsongs&year=2023&month=09&day=18
2023,dlsongs,2023-09-13,99,UNFORGIVEN (feat. Nile Rodgers),LE SSERAFIM,https://www.billboard-japan.com/charts/detail?a=dlsongs&year=2023&month=09&day=18
2023,dlsongs,2023-09-13,100,ソワレ,星街すいせい,https://www.billboard-japan.com/charts/detail?a=dlsongs&year=2023&month=09&day=18
2023,dlsongs,2023-09-20,1,Mainstream,BE:FIRST,https://www.billboard-japan.com/charts/detail?a=dlsongs&year=2023&month=09&day=25
2023,dlsongs,2023-09-20,2,硝子窓,King Gnu,https://www.billboard-japan.com/charts/detail?a=dlsongs&year=2023&month=09&day=25
2023,dlsongs,2023-09-20,3,唱,Ado,https://www.billboard-japan.com/charts/detail?a=dlsongs&year=2023&month=09&day=25
2023,dlsongs,2023-09-20,4,SPECIALZ,King Gnu,https://www.billboard-japan.com/charts/detail?a=dlsongs&year=2023&month=09&day=25
2023,dlsongs,2023-09-20,5,日常,Official髭男dism,https://www.billboard-japan.com/charts/detail?a=dlsongs&year=2023&month=09&day=25
2023,dlsongs,2023-09-20,6,アイドル,YOASOBI,https://www.billboard-japan.com/charts/detail?a=dlsongs&year=2023&month=09&day=25
2023,dlsongs,2023-09-20,7,ケモノミチ,Mr.Children,https://www.billboard-japan.com/charts/detail?a=dlsongs&year=2023&month=09&day=25
2023,dlsongs,2023-09-20,8,最高到達点,SEKAI NO OWARI,https://www.billboard-japan.com/charts/detail?a=dlsongs&year=2023&month=09&day=25
2023,dlsongs,2023-09-20,9,Blue,V,https://www.billboard-japan.com/charts/detail?a=dlsongs&year=2023&month=09&day=25
2023,dlsongs,2023-09-20,10,For Us,V,https://www.billboard-japan.com/charts/detail?a=dlsongs&year=2023&month=09&day=25
2023,dlsongs,2023-09-20,11,向日葵,Ado,https://www.billboard-japan.com/charts/detail?a=dlsongs&year=2023&month=09&day=25
2023,dlsongs,2023-09-20,12,青のすみか,キタニタツヤ,https://www.billboard-japan.com/charts/detail?a=dlsongs&year=2023&month=09&day=25
2023,dlsongs,2023-09-20,13,Grow Up,BE:FIRST,https://www.billboard-japan.com/charts/detail?a=dlsongs&year=2023&month=09&day=25
2023,dlsongs,2023-09-20,14,SOS,BE:FIRST,https://www.billboard-japan.com/charts/detail?a=dlsongs&year=2023&month=09&day=25
2023,dlsongs,2023-09-20,15,I'm a mess,MY FIRST STORY,https://www.billboard-japan.com/charts/detail?a=dlsongs&year=2023&month=09&day=25
2023,dlsongs,2023-09-20,16,心音,中島みゆき,https://www.billboard-japan.com/charts/detail?a=dlsongs&year=2023&month=09&day=25
2023,dlsongs,2023-09-20,17,IMP.,IMP.,https://www.billboard-japan.com/charts/detail?a=dlsongs&year=2023&month=09&day=25
2023,dlsongs,2023-09-20,18,第ゼロ感,10-FEET,https://www.billboard-japan.com/charts/detail?a=dlsongs&year=2023&month=09&day=25
2023,dlsongs,2023-09-20,19,JUST DANCE!,Travis Japan,https://www.billboard-japan.com/charts/detail?a=dlsongs&year=2023&month=09&day=25
2023,dlsongs,2023-09-20,20,サマータイムシンデレラ,緑黄色社会,https://www.billboard-japan.com/charts/detail?a=dlsongs&year=2023&month=09&day=25
2023,dlsongs,2023-09-20,21,マジックアワー,緑黄色社会,https://www.billboard-japan.com/charts/detail?a=dlsongs&year=2023&month=09&day=25
2023,dlsongs,2023-09-20,22,Moon,Perfume,https://www.billboard-japan.com/charts/detail?a=dlsongs&year=2023&month=09&day=25
2023,dlsongs,2023-09-20,23,命日,ちゃんみな,https://www.billboard-japan.com/charts/detail?a=dlsongs&year=2023&month=09&day=25
2023,dlsongs,2023-09-20,24,うれしくて,いきものがかり,https://www.billboard-japan.com/charts/detail?a=dlsongs&year=2023&month=09&day=25
2023,dlsongs,2023-09-20,25,怪獣の花唄,Vaundy,https://www.billboard-japan.com/charts/detail?a=dlsongs&year=2023&month=09&day=25
2023,dlsongs,2023-09-20,26,more than words,羊文学,https://www.billboard-japan.com/charts/detail?a=dlsongs&year=2023&month=09&day=25
2023,dlsongs,2023-09-20,27,Popcorn N' Roses,She is Legend,https://www.billboard-japan.com/charts/detail?a=dlsongs&year=2023&month=09&day=25
2023,dlsongs,2023-09-20,28,トレセン音頭,Various Artists,https://www.billboard-japan.com/charts/detail?a=dlsongs&year=2023&month=09&day=25
2023,dlsongs,2023-09-20,29,Back for More (with. Anitta),TOMORROW X TOGETHER,https://www.billboard-japan.com/charts/detail?a=dlsongs&year=2023&month=09&day=25
2023,dlsongs,2023-09-20,30,オトナブルー,新しい学校のリーダーズ,https://www.billboard-japan.com/charts/detail?a=dlsongs&year=2023&month=09&day=25
2023,dlsongs,2023-09-20,31,地球儀,米津玄師,https://www.billboard-japan.com/charts/detail?a=dlsongs&year=2023&month=09&day=25
2023,dlsongs,2023-09-20,32,カメレオン,King Gnu,https://www.billboard-japan.com/charts/detail?a=dlsongs&year=2023&month=09&day=25
2023,dlsongs,2023-09-20,33,ダンスホール,Mrs.GREEN APPLE,https://www.billboard-japan.com/charts/detail?a=dlsongs&year=2023&month=09&day=25
2023,dlsongs,2023-09-20,34,L'Arc de gloire,Various Artists,https://www.billboard-japan.com/charts/detail?a=dlsongs&year=2023&month=09&day=25
2023,dlsongs,2023-09-20,35,瞬間ハートビート,ReGLOSS,https://www.billboard-japan.com/charts/detail?a=dlsongs&year=2023&month=09&day=25
2023,dlsongs,2023-09-20,36,Slow Dancing,V,https://www.billboard-japan.com/charts/detail?a=dlsongs&year=2023&month=09&day=25
2023,dlsongs,2023-09-20,37,水たまり,Blue Journey,https://www.billboard-japan.com/charts/detail?a=dlsongs&year=2023&month=09&day=25
2023,dlsongs,2023-09-20,38,spiral,LONGMAN,https://www.billboard-japan.com/charts/detail?a=dlsongs&year=2023&month=09&day=25
2023,dlsongs,2023-09-20,39,Busterz,INI,https://www.billboard-japan.com/charts/detail?a=dlsongs&year=2023&month=09&day=25
2023,dlsongs,2023-09-20,40,恋はホップステップジャンプ,雅マモル,https://www.billboard-japan.com/charts/detail?a=dlsongs&year=2023&month=09&day=25
2023,dlsongs,2023-09-20,41,うさぎとかめ (feat. 草なぎやすともの うさぎとかめ),畠中悠(オズワルド),https://www.billboard-japan.com/charts/detail?a=dlsongs&year=2023&month=09&day=25
2023,dlsongs,2023-09-20,42,Seven (feat. Latto),Jung Kook,https://www.billboard-japan.com/charts/detail?a=dlsongs&year=2023&month=09&day=25
2023,dlsongs,2023-09-20,43,青と夏,Mrs.GREEN APPLE,https://www.billboard-japan.com/charts/detail?a=dlsongs&year=2023&month=09&day=25
2023,dlsongs,2023-09-20,44,燈,崎山蒼志,https://www.billboard-japan.com/charts/detail?a=dlsongs&year=2023&month=09&day=25
2023,dlsongs,2023-09-20,45,HANABI,ROF-MAO,https://www.billboard-japan.com/charts/detail?a=dlsongs&year=2023&month=09&day=25
2023,dlsongs,2023-09-20,46,黄金航路,オーイシマサヨシ,https://www.billboard-japan.com/charts/detail?a=dlsongs&year=2023&month=09&day=25
2023,dlsongs,2023-09-20,47,Chessboard,Official髭男dism,https://www.billboard-japan.com/charts/detail?a=dlsongs&year=2023&month=09&day=25
2023,dlsongs,2023-09-20,48,面影,Novelbright,https://www.billboard-japan.com/charts/detail?a=dlsongs&year=2023&month=09&day=25
2023,dlsongs,2023-09-20,49,Get Wild,TM NETWORK,https://www.billboard-japan.com/charts/detail?a=dlsongs&year=2023&month=09&day=25
2023,dlsongs,2023-09-20,50,Venus,JO1,https://www.billboard-japan.com/charts/detail?a=dlsongs&year=2023&month=09&day=25
2023,dlsongs,2023-09-20,51,Magic,Mrs.GREEN APPLE,https://www.billboard-japan.com/charts/detail?a=dlsongs&year=2023&month=09&day=25
2023,dlsongs,2023-09-20,52,Stay with me,-真天地開闢集団-ジグザグ,https://www.billboard-japan.com/charts/detail?a=dlsongs&year=2023&month=09&day=25
2023,dlsongs,2023-09-20,53,美少女無罪(ハート)パイレーツ,宝鐘マリン,https://www.billboard-japan.com/charts/detail?a=dlsongs&year=2023&month=09&day=25
2023,dlsongs,2023-09-20,54,愛の花,あいみょん,https://www.billboard-japan.com/charts/detail?a=dlsongs&year=2023&month=09&day=25
2023,dlsongs,2023-09-20,55,Whatever Comes,TM NETWORK,https://www.billboard-japan.com/charts/detail?a=dlsongs&year=2023&month=09&day=25
2023,dlsongs,2023-09-20,56,絆ノ奇跡,MAN WITH A MISSION×milet,https://www.billboard-japan.com/charts/detail?a=dlsongs&year=2023&month=09&day=25
2023,dlsongs,2023-09-20,57,ケセラセラ,Mrs.GREEN APPLE,https://www.billboard-japan.com/charts/detail?a=dlsongs&year=2023&month=09&day=25
2023,dlsongs,2023-09-20,58,祝福,YOASOBI,https://www.billboard-japan.com/charts/detail?a=dlsongs&year=2023&month=09&day=25
2023,dlsongs,2023-09-20,59,かくれんぼ,AliA,https://www.billboard-japan.com/charts/detail?a=dlsongs&year=2023&month=09&day=25
2023,dlsongs,2023-09-20,60,Workin' Hard,藤井風,https://www.billboard-japan.com/charts/detail?a=dlsongs&year=2023&month=09&day=25
2023,dlsongs,2023-09-20,61,LADY,米津玄師,https://www.billboard-japan.com/charts/detail?a=dlsongs&year=2023&month=09&day=25
2023,dlsongs,2023-09-20,62,You know me,ナカヤマフェスタ(下地紫野),https://www.billboard-japan.com/charts/detail?a=dlsongs&year=2023&month=09&day=25
2023,dlsongs,2023-09-20,63,DREAM PLACE,MORE MORE JUMP!,https://www.billboard-japan.com/charts/detail?a=dlsongs&year=2023&month=09&day=25
2023,dlsongs,2023-09-20,64,Expert,KREVA,https://www.billboard-japan.com/charts/detail?a=dlsongs&year=2023&month=09&day=25
2023,dlsongs,2023-09-20,65,ANTENNA,Mrs.GREEN APPLE,https://www.billboard-japan.com/charts/detail?a=dlsongs&year=2023&month=09&day=25
2023,dlsongs,2023-09-20,66,Make It Out Alive,ONE OK ROCK,https://www.billboard-japan.com/charts/detail?a=dlsongs&year=2023&month=09&day=25
2023,dlsongs,2023-09-20,67,VIVANT,千住明,https://www.billboard-japan.com/charts/detail?a=dlsongs&year=2023&month=09&day=25
2023,dlsongs,2023-09-20,68,GALACTIC PLAYER,シリウスシンボリ(ファイルーズあい),https://www.billboard-japan.com/charts/detail?a=dlsongs&year=2023&month=09&day=25
2023,dlsongs,2023-09-20,69,ユアーズ,菅田将暉,https://www.billboard-japan.com/charts/detail?a=dlsongs&year=2023&month=09&day=25
2023,dlsongs,2023-09-20,69,メフィスト,女王蜂,https://www.billboard-japan.com/charts/detail?a=dlsongs&year=2023&month=09&day=25
2023,dlsongs,2023-09-20,71,逆夢,King Gnu,https://www.billboard-japan.com/charts/detail?a=dlsongs&year=2023&month=09&day=25
2023,dlsongs,2023-09-20,72,ときめき,いきものがかり,https://www.billboard-japan.com/charts/detail?a=dlsongs&year=2023&month=09&day=25
2023,dlsongs,2023-09-20,73,ETA,NewJeans,https://www.billboard-japan.com/charts/detail?a=dlsongs&year=2023&month=09&day=25
2023,dlsongs,2023-09-20,74,銀色,鷲尾伶菜,https://www.billboard-japan.com/charts/detail?a=dlsongs&year=2023&month=09&day=25
2023,dlsongs,2023-09-20,75,なみだのくに,森久保乃々(高橋花林),https://www.billboard-japan.com/charts/detail?a=dlsongs&year=2023&month=09&day=25
2023,dlsongs,2023-09-20,76,Subtitle,Official髭男dism,https://www.billboard-japan.com/charts/detail?a=dlsongs&year=2023&month=09&day=25
2023,dlsongs,2023-09-20,77,美しい鰭,スピッツ,https://www.billboard-japan.com/charts/detail?a=dlsongs&year=2023&month=09&day=25
2023,dlsongs,2023-09-20,78,フロート・プランナー,MORE MORE JUMP!,https://www.billboard-japan.com/charts/detail?a=dlsongs&year=2023&month=09&day=25
2023,dlsongs,2023-09-20,79,Gold 〜また逢う日まで〜,宇多田ヒカル,https://www.billboard-japan.com/charts/detail?a=dlsongs&year=2023&month=09&day=25
2023,dlsongs,2023-09-20,80,飛天,Ayase×R-指定,https://www.billboard-japan.com/charts/detail?a=dlsongs&year=2023&month=09&day=25
2023,dlsongs,2023-09-20,81,白日,King Gnu,https://www.billboard-japan.com/charts/detail?a=dlsongs&year=2023&month=09&day=25
2023,dlsongs,2023-09-20,82,Bite Me,ENHYPEN,https://www.billboard-japan.com/charts/detail?a=dlsongs&year=2023&month=09&day=25
2023,dlsongs,2023-09-20,83,新時代 (ウタ from ONE PIECE FILM RED),Ado,https://www.billboard-japan.com/charts/detail?a=dlsongs&year=2023&month=09&day=25
2023,dlsongs,2023-09-20,84,Salvia,BE:FIRST,https://www.billboard-japan.com/charts/detail?a=dlsongs&year=2023&month=09&day=25
2023,dlsongs,2023-09-20,85,All for one Forever,吉武千颯 & 礒部花凜/北川理恵/駒形友梨/Machico/宮本佳那子,https://www.billboard-japan.com/charts/detail?a=dlsongs&year=2023&month=09&day=25
2023,dlsongs,2023-09-20,86,有謬の者共,中島みゆき,https://www.billboard-japan.com/charts/detail?a=dlsongs&year=2023&month=09&day=25
2023,dlsongs,2023-09-20,87,傷だらけの王者,MISIA & Rockon Social Club,https://www.billboard-japan.com/charts/detail?a=dlsongs&year=2023&month=09&day=25
2023,dlsongs,2023-09-20,88,Winter Bear,V,https://www.billboard-japan.com/charts/detail?a=dlsongs&year=2023&month=09&day=25
2023,dlsongs,2023-09-20,89,Social Path (feat.LiSA),Stray Kids,https://www.billboard-japan.com/charts/detail?a=dlsongs&year=2023&month=09&day=25
2023,dlsongs,2023-09-20,90,可愛くてごめん feat. ちゅーたん(早見沙織),HoneyWorks,https://www.billboard-japan.com/charts/detail?a=dlsongs&year=2023&month=09&day=25
2023,dlsongs,2023-09-20,91,夏暁,WANIMA,https://www.billboard-japan.com/charts/detail?a=dlsongs&year=2023&month=09&day=25
2023,dlsongs,2023-09-20,92,ランデヴー,シャイトープ,https://www.billboard-japan.com/charts/detail?a=dlsongs&year=2023&month=09&day=25
2023,dlsongs,2023-09-20,93,All eyes on me,"ギルガメッシュ(大塚剛央),皇麗夢(豊永利行),緋野天魔(小野賢章)",https://www.billboard-japan.com/charts/detail?a=dlsongs&year=2023&month=09&day=25
2023,dlsongs,2023-09-20,94,"DANCE!DANCE!""ROMAN""",タップダンスシチー(篠田みなみ),https://www.billboard-japan.com/charts/detail?a=dlsongs&year=2023&month=09&day=25
2023,dlsongs,2023-09-20,95,夜に駆ける,YOASOBI,https://www.billboard-japan.com/charts/detail?a=dlsongs&year=2023&month=09&day=25
2023,dlsongs,2023-09-20,96,MOVE (T5),TREASURE,https://www.billboard-japan.com/charts/detail?a=dlsongs&year=2023&month=09&day=25
2023,dlsongs,2023-09-20,97,月を見ていた,米津玄師,https://www.billboard-japan.com/charts/detail?a=dlsongs&year=2023&month=09&day=25
2023,dlsongs,2023-09-20,98,私は最強 (ウタ from ONE PIECE FILM RED),Ado,https://www.billboard-japan.com/charts/detail?a=dlsongs&year=2023&month=09&day=25
2023,dlsongs,2023-09-20,99,ミックスナッツ,Official髭男dism,https://www.billboard-japan.com/charts/detail?a=dlsongs&year=2023&month=09&day=25
2023,dlsongs,2023-09-20,99,栄光の架橋,ゆず,https://www.billboard-japan.com/charts/detail?a=dlsongs&year=2023&month=09&day=25
2023,dlsongs,2023-09-27,1,Relay〜杜の詩,サザンオールスターズ,https://www.billboard-japan.com/charts/detail?a=dlsongs&year=2023&month=10&day=02
2023,dlsongs,2023-09-27,2,IMP.,IMP.,https://www.billboard-japan.com/charts/detail?a=dlsongs&year=2023&month=10&day=02
2023,dlsongs,2023-09-27,3,唱,Ado,https://www.billboard-japan.com/charts/detail?a=dlsongs&year=2023&month=10&day=02
2023,dlsongs,2023-09-27,4,DIGNITY,Ado,https://www.billboard-japan.com/charts/detail?a=dlsongs&year=2023&month=10&day=02
2023,dlsongs,2023-09-27,5,SPECIALZ,King Gnu,https://www.billboard-japan.com/charts/detail?a=dlsongs&year=2023&month=10&day=02
2023,dlsongs,2023-09-27,6,最高到達点,SEKAI NO OWARI,https://www.billboard-japan.com/charts/detail?a=dlsongs&year=2023&month=10&day=02
2023,dlsongs,2023-09-27,7,Venus,JO1,https://www.billboard-japan.com/charts/detail?a=dlsongs&year=2023&month=10&day=02
2023,dlsongs,2023-09-27,8,アイドル,YOASOBI,https://www.billboard-japan.com/charts/detail?a=dlsongs&year=2023&month=10&day=02
2023,dlsongs,2023-09-27,9,日常,Official髭男dism,https://www.billboard-japan.com/charts/detail?a=dlsongs&year=2023&month=10&day=02
2023,dlsongs,2023-09-27,10,硝子窓,King Gnu,https://www.billboard-japan.com/charts/detail?a=dlsongs&year=2023&month=10&day=02
2023,dlsongs,2023-09-27,11,歌えニッポンの空,サザンオールスターズ,https://www.billboard-japan.com/charts/detail?a=dlsongs&year=2023&month=10&day=02
2023,dlsongs,2023-09-27,12,Mainstream,BE:FIRST,https://www.billboard-japan.com/charts/detail?a=dlsongs&year=2023&month=10&day=02
2023,dlsongs,2023-09-27,13,盆ギリ恋歌,サザンオールスターズ,https://www.billboard-japan.com/charts/detail?a=dlsongs&year=2023&month=10&day=02
2023,dlsongs,2023-09-27,14,STARS,B'z,https://www.billboard-japan.com/charts/detail?a=dlsongs&year=2023&month=10&day=02
2023,dlsongs,2023-09-27,15,JUST DANCE!,Travis Japan,https://www.billboard-japan.com/charts/detail?a=dlsongs&year=2023&month=10&day=02
2023,dlsongs,2023-09-27,16,The Moon in the WEST,BMSG WEST,https://www.billboard-japan.com/charts/detail?a=dlsongs&year=2023&month=10&day=02
2023,dlsongs,2023-09-27,17,青のすみか,キタニタツヤ,https://www.billboard-japan.com/charts/detail?a=dlsongs&year=2023&month=10&day=02
2023,dlsongs,2023-09-27,18,The Sun from the EAST,BMSG EAST,https://www.billboard-japan.com/charts/detail?a=dlsongs&year=2023&month=10&day=02
2023,dlsongs,2023-09-27,19,I'm a mess,MY FIRST STORY,https://www.billboard-japan.com/charts/detail?a=dlsongs&year=2023&month=10&day=02
2023,dlsongs,2023-09-27,20,サマータイムシンデレラ,緑黄色社会,https://www.billboard-japan.com/charts/detail?a=dlsongs&year=2023&month=10&day=02
2023,dlsongs,2023-09-27,21,向日葵,Ado,https://www.billboard-japan.com/charts/detail?a=dlsongs&year=2023&month=10&day=02
2023,dlsongs,2023-09-27,22,怪獣の花唄,Vaundy,https://www.billboard-japan.com/charts/detail?a=dlsongs&year=2023&month=10&day=02
2023,dlsongs,2023-09-27,23,ゴーストダイブ,ポルカドットスティングレイ,https://www.billboard-japan.com/charts/detail?a=dlsongs&year=2023&month=10&day=02
2023,dlsongs,2023-09-27,24,ANTENNA,Mrs.GREEN APPLE,https://www.billboard-japan.com/charts/detail?a=dlsongs&year=2023&month=10&day=02
2023,dlsongs,2023-09-27,25,EVOLUTION,TRIGGER,https://www.billboard-japan.com/charts/detail?a=dlsongs&year=2023&month=10&day=02
2023,dlsongs,2023-09-27,26,第ゼロ感,10-FEET,https://www.billboard-japan.com/charts/detail?a=dlsongs&year=2023&month=10&day=02
2023,dlsongs,2023-09-27,27,オトナブルー,新しい学校のリーダーズ,https://www.billboard-japan.com/charts/detail?a=dlsongs&year=2023&month=10&day=02
2023,dlsongs,2023-09-27,28,Moon,Perfume,https://www.billboard-japan.com/charts/detail?a=dlsongs&year=2023&month=10&day=02
2023,dlsongs,2023-09-27,29,マジックアワー,緑黄色社会,https://www.billboard-japan.com/charts/detail?a=dlsongs&year=2023&month=10&day=02
2023,dlsongs,2023-09-27,30,無自覚アプリオリ,コメティック,https://www.billboard-japan.com/charts/detail?a=dlsongs&year=2023&month=10&day=02
2023,dlsongs,2023-09-27,31,ケモノミチ,Mr.Children,https://www.billboard-japan.com/charts/detail?a=dlsongs&year=2023&month=10&day=02
2023,dlsongs,2023-09-27,32,more than words,羊文学,https://www.billboard-japan.com/charts/detail?a=dlsongs&year=2023&month=10&day=02
2023,dlsongs,2023-09-27,33,Hardcore Toyworld,"砂塚あきら(富田美憂),早坂美玲(朝井彩加)",https://www.billboard-japan.com/charts/detail?a=dlsongs&year=2023&month=10&day=02
2023,dlsongs,2023-09-27,34,うれしくて,いきものがかり,https://www.billboard-japan.com/charts/detail?a=dlsongs&year=2023&month=10&day=02
2023,dlsongs,2023-09-27,35,Sepia,玉井詩織,https://www.billboard-japan.com/charts/detail?a=dlsongs&year=2023&month=10&day=02
2023,dlsongs,2023-09-27,36,Ready To Dance,三宅健,https://www.billboard-japan.com/charts/detail?a=dlsongs&year=2023&month=10&day=02
2023,dlsongs,2023-09-27,37,Star Impression,MILLIONSTARS Team1st,https://www.billboard-japan.com/charts/detail?a=dlsongs&year=2023&month=10&day=02
2023,dlsongs,2023-09-27,38,Slow Dancing,V,https://www.billboard-japan.com/charts/detail?a=dlsongs&year=2023&month=10&day=02
2023,dlsongs,2023-09-27,39,心音,中島みゆき,https://www.billboard-japan.com/charts/detail?a=dlsongs&year=2023&month=10&day=02
2023,dlsongs,2023-09-27,40,燈,崎山蒼志,https://www.billboard-japan.com/charts/detail?a=dlsongs&year=2023&month=10&day=02
2023,dlsongs,2023-09-27,41,地球儀,米津玄師,https://www.billboard-japan.com/charts/detail?a=dlsongs&year=2023&month=10&day=02
2023,dlsongs,2023-09-27,42,Seven (feat. Latto),Jung Kook,https://www.billboard-japan.com/charts/detail?a=dlsongs&year=2023&month=10&day=02
2023,dlsongs,2023-09-27,43,命日,ちゃんみな,https://www.billboard-japan.com/charts/detail?a=dlsongs&year=2023&month=10&day=02
2023,dlsongs,2023-09-27,44,ダンスホール,Mrs.GREEN APPLE,https://www.billboard-japan.com/charts/detail?a=dlsongs&year=2023&month=10&day=02
2023,dlsongs,2023-09-27,45,spiral,LONGMAN,https://www.billboard-japan.com/charts/detail?a=dlsongs&year=2023&month=10&day=02
2023,dlsongs,2023-09-27,46,憧れのままに,yama × キタニタツヤ,https://www.billboard-japan.com/charts/detail?a=dlsongs&year=2023&month=10&day=02
2023,dlsongs,2023-09-27,47,海風とカスタネット,MILLIONSTARS Team2nd,https://www.billboard-japan.com/charts/detail?a=dlsongs&year=2023&month=10&day=02
2023,dlsongs,2023-09-27,48,MOVE (T5),TREASURE,https://www.billboard-japan.com/charts/detail?a=dlsongs&year=2023&month=10&day=02
2023,dlsongs,2023-09-27,49,catch my feeling,MILLIONSTARS Team4th,https://www.billboard-japan.com/charts/detail?a=dlsongs&year=2023&month=10&day=02
2023,dlsongs,2023-09-27,50,カメレオン,King Gnu,https://www.billboard-japan.com/charts/detail?a=dlsongs&year=2023&month=10&day=02
2023,dlsongs,2023-09-27,51,It's all good,FANTASTICS from EXILE TRIBE,https://www.billboard-japan.com/charts/detail?a=dlsongs&year=2023&month=10&day=02
2023,dlsongs,2023-09-27,52,Grow Up,BE:FIRST,https://www.billboard-japan.com/charts/detail?a=dlsongs&year=2023&month=10&day=02
2023,dlsongs,2023-09-27,53,Magic,Mrs.GREEN APPLE,https://www.billboard-japan.com/charts/detail?a=dlsongs&year=2023&month=10&day=02
2023,dlsongs,2023-09-27,54,絆ノ奇跡,MAN WITH A MISSION×milet,https://www.billboard-japan.com/charts/detail?a=dlsongs&year=2023&month=10&day=02
2023,dlsongs,2023-09-27,55,SOS,BE:FIRST,https://www.billboard-japan.com/charts/detail?a=dlsongs&year=2023&month=10&day=02
2023,dlsongs,2023-09-27,56,VIVANT,千住明,https://www.billboard-japan.com/charts/detail?a=dlsongs&year=2023&month=10&day=02
2023,dlsongs,2023-09-27,57,青と夏,Mrs.GREEN APPLE,https://www.billboard-japan.com/charts/detail?a=dlsongs&year=2023&month=10&day=02
2023,dlsongs,2023-09-27,58,ソングオブザデッド,KANA-BOON,https://www.billboard-japan.com/charts/detail?a=dlsongs&year=2023&month=10&day=02
2023,dlsongs,2023-09-27,59,美少女無罪(ハート)パイレーツ,宝鐘マリン,https://www.billboard-japan.com/charts/detail?a=dlsongs&year=2023&month=10&day=02
2023,dlsongs,2023-09-27,60,君を愛するだけ,寺西優真,https://www.billboard-japan.com/charts/detail?a=dlsongs&year=2023&month=10&day=02
2023,dlsongs,2023-09-27,61,愛の花,あいみょん,https://www.billboard-japan.com/charts/detail?a=dlsongs&year=2023&month=10&day=02
2023,dlsongs,2023-09-27,62,トレセン音頭,Various Artists,https://www.billboard-japan.com/charts/detail?a=dlsongs&year=2023&month=10&day=02
2023,dlsongs,2023-09-27,63,ランデヴー,シャイトープ,https://www.billboard-japan.com/charts/detail?a=dlsongs&year=2023&month=10&day=02
2023,dlsongs,2023-09-27,64,Diamonds,GENERATIONS from EXILE TRIBE,https://www.billboard-japan.com/charts/detail?a=dlsongs&year=2023&month=10&day=02
2023,dlsongs,2023-09-27,65,Chessboard,Official髭男dism,https://www.billboard-japan.com/charts/detail?a=dlsongs&year=2023&month=10&day=02
2023,dlsongs,2023-09-27,66,粛聖!! ロリ神レクイエム☆,しぐれうい,https://www.billboard-japan.com/charts/detail?a=dlsongs&year=2023&month=10&day=02
2023,dlsongs,2023-09-27,67,祝福,YOASOBI,https://www.billboard-japan.com/charts/detail?a=dlsongs&year=2023&month=10&day=02
2023,dlsongs,2023-09-27,68,ユアーズ,菅田将暉,https://www.billboard-japan.com/charts/detail?a=dlsongs&year=2023&month=10&day=02
2023,dlsongs,2023-09-27,69,夜に駆ける - From THE FIRST TAKE,YOASOBI,https://www.billboard-japan.com/charts/detail?a=dlsongs&year=2023&month=10&day=02
2023,dlsongs,2023-09-27,69,ケセラセラ,Mrs.GREEN APPLE,https://www.billboard-japan.com/charts/detail?a=dlsongs&year=2023&month=10&day=02
2023,dlsongs,2023-09-27,71,LADY,米津玄師,https://www.billboard-japan.com/charts/detail?a=dlsongs&year=2023&month=10&day=02
2023,dlsongs,2023-09-27,72,All for one Forever,吉武千颯 & 礒部花凜/北川理恵/駒形友梨/Machico/宮本佳那子,https://www.billboard-japan.com/charts/detail?a=dlsongs&year=2023&month=10&day=02
2023,dlsongs,2023-09-27,73,かくれんぼ,AliA,https://www.billboard-japan.com/charts/detail?a=dlsongs&year=2023&month=10&day=02
2023,dlsongs,2023-09-27,74,Subtitle,Official髭男dism,https://www.billboard-japan.com/charts/detail?a=dlsongs&year=2023&month=10&day=02
2023,dlsongs,2023-09-27,75,逆夢,King Gnu,https://www.billboard-japan.com/charts/detail?a=dlsongs&year=2023&month=10&day=02
2023,dlsongs,2023-09-27,76,美しい鰭,スピッツ,https://www.billboard-japan.com/charts/detail?a=dlsongs&year=2023&month=10&day=02
2023,dlsongs,2023-09-27,77,CRUISIN',IMP.,https://www.billboard-japan.com/charts/detail?a=dlsongs&year=2023&month=10&day=02
2023,dlsongs,2023-09-27,78,Little More,三船美優(原田彩楓),https://www.billboard-japan.com/charts/detail?a=dlsongs&year=2023&month=10&day=02
2023,dlsongs,2023-09-27,79,貴方の側に。,りりあ。,https://www.billboard-japan.com/charts/detail?a=dlsongs&year=2023&month=10&day=02
2023,dlsongs,2023-09-27,80,群青,YOASOBI,https://www.billboard-japan.com/charts/detail?a=dlsongs&year=2023&month=10&day=02
2023,dlsongs,2023-09-27,81,Get Wild,TM NETWORK,https://www.billboard-japan.com/charts/detail?a=dlsongs&year=2023&month=10&day=02
2023,dlsongs,2023-09-27,82,新時代 (ウタ from ONE PIECE FILM RED),Ado,https://www.billboard-japan.com/charts/detail?a=dlsongs&year=2023&month=10&day=02
2023,dlsongs,2023-09-27,83,飛天,Ayase×R-指定,https://www.billboard-japan.com/charts/detail?a=dlsongs&year=2023&month=10&day=02
2023,dlsongs,2023-09-27,84,メフィスト,女王蜂,https://www.billboard-japan.com/charts/detail?a=dlsongs&year=2023&month=10&day=02
2023,dlsongs,2023-09-27,85,それを愛と呼ぶなら,Uru,https://www.billboard-japan.com/charts/detail?a=dlsongs&year=2023&month=10&day=02
2023,dlsongs,2023-09-27,86,紡ぐ,とた,https://www.billboard-japan.com/charts/detail?a=dlsongs&year=2023&month=10&day=02
2023,dlsongs,2023-09-27,87,Soranji,Mrs.GREEN APPLE,https://www.billboard-japan.com/charts/detail?a=dlsongs&year=2023&month=10&day=02
2023,dlsongs,2023-09-27,88,ネビュラ,Double Face,https://www.billboard-japan.com/charts/detail?a=dlsongs&year=2023&month=10&day=02
2023,dlsongs,2023-09-27,89,私は最強 (ウタ from ONE PIECE FILM RED),Ado,https://www.billboard-japan.com/charts/detail?a=dlsongs&year=2023&month=10&day=02
2023,dlsongs,2023-09-27,90,ETA,NewJeans,https://www.billboard-japan.com/charts/detail?a=dlsongs&year=2023&month=10&day=02
2023,dlsongs,2023-09-27,91,All eyes on me,"ギルガメッシュ(大塚剛央),皇麗夢(豊永利行),緋野天魔(小野賢章)",https://www.billboard-japan.com/charts/detail?a=dlsongs&year=2023&month=10&day=02
2023,dlsongs,2023-09-27,92,可愛くてごめん feat. ちゅーたん(早見沙織),HoneyWorks,https://www.billboard-japan.com/charts/detail?a=dlsongs&year=2023&month=10&day=02
2023,dlsongs,2023-09-27,93,ジャンボリミッキー!,(ディズニー),https://www.billboard-japan.com/charts/detail?a=dlsongs&year=2023&month=10&day=02
2023,dlsongs,2023-09-27,94,月を見ていた,米津玄師,https://www.billboard-japan.com/charts/detail?a=dlsongs&year=2023&month=10&day=02
2023,dlsongs,2023-09-27,95,Make It Out Alive,ONE OK ROCK,https://www.billboard-japan.com/charts/detail?a=dlsongs&year=2023&month=10&day=02
2023,dlsongs,2023-09-27,96,Workin' Hard,藤井風,https://www.billboard-japan.com/charts/detail?a=dlsongs&year=2023&month=10&day=02
2023,dlsongs,2023-09-27,96,黄金航路,オーイシマサヨシ,https://www.billboard-japan.com/charts/detail?a=dlsongs&year=2023&month=10&day=02
2023,dlsongs,2023-09-27,98,Whatever Comes,TM NETWORK,https://www.billboard-japan.com/charts/detail?a=dlsongs&year=2023&month=10&day=02
2023,dlsongs,2023-09-27,99,ミックスナッツ,Official髭男dism,https://www.billboard-japan.com/charts/detail?a=dlsongs&year=2023&month=10&day=02
2023,dlsongs,2023-09-27,100,夜に駆ける,YOASOBI,https://www.billboard-japan.com/charts/detail?a=dlsongs&year=2023&month=10&day=02
2023,dlsongs,2023-10-04,1,勇者,YOASOBI,https://www.billboard-japan.com/charts/detail?a=dlsongs&year=2023&month=10&day=09
2023,dlsongs,2023-10-04,2,唱,Ado,https://www.billboard-japan.com/charts/detail?a=dlsongs&year=2023&month=10&day=09
2023,dlsongs,2023-10-04,3,3D (feat. Jack Harlow),Jung Kook,https://www.billboard-japan.com/charts/detail?a=dlsongs&year=2023&month=10&day=09
2023,dlsongs,2023-10-04,4,SPECIALZ,King Gnu,https://www.billboard-japan.com/charts/detail?a=dlsongs&year=2023&month=10&day=09
2023,dlsongs,2023-10-04,5,Relay〜杜の詩,サザンオールスターズ,https://www.billboard-japan.com/charts/detail?a=dlsongs&year=2023&month=10&day=09
2023,dlsongs,2023-10-04,6,アイドル,YOASOBI,https://www.billboard-japan.com/charts/detail?a=dlsongs&year=2023&month=10&day=09
2023,dlsongs,2023-10-04,7,3D (Alternate Ver.),Jung Kook,https://www.billboard-japan.com/charts/detail?a=dlsongs&year=2023&month=10&day=09
2023,dlsongs,2023-10-04,8,歌えニッポンの空,サザンオールスターズ,https://www.billboard-japan.com/charts/detail?a=dlsongs&year=2023&month=10&day=09
2023,dlsongs,2023-10-04,9,盆ギリ恋歌,サザンオールスターズ,https://www.billboard-japan.com/charts/detail?a=dlsongs&year=2023&month=10&day=09
2023,dlsongs,2023-10-04,10,DIGNITY,Ado,https://www.billboard-japan.com/charts/detail?a=dlsongs&year=2023&month=10&day=09
2023,dlsongs,2023-10-04,11,Anytime Anywhere,milet,https://www.billboard-japan.com/charts/detail?a=dlsongs&year=2023&month=10&day=09
2023,dlsongs,2023-10-04,12,青のすみか,キタニタツヤ,https://www.billboard-japan.com/charts/detail?a=dlsongs&year=2023&month=10&day=09
2023,dlsongs,2023-10-04,13,最高到達点,SEKAI NO OWARI,https://www.billboard-japan.com/charts/detail?a=dlsongs&year=2023&month=10&day=09
2023,dlsongs,2023-10-04,14,愛の花,あいみょん,https://www.billboard-japan.com/charts/detail?a=dlsongs&year=2023&month=10&day=09
2023,dlsongs,2023-10-04,15,I'm a mess,MY FIRST STORY,https://www.billboard-japan.com/charts/detail?a=dlsongs&year=2023&month=10&day=09
2023,dlsongs,2023-10-04,16,日常,Official髭男dism,https://www.billboard-japan.com/charts/detail?a=dlsongs&year=2023&month=10&day=09
2023,dlsongs,2023-10-04,17,硝子窓,King Gnu,https://www.billboard-japan.com/charts/detail?a=dlsongs&year=2023&month=10&day=09
2023,dlsongs,2023-10-04,18,more than words,羊文学,https://www.billboard-japan.com/charts/detail?a=dlsongs&year=2023&month=10&day=09
2023,dlsongs,2023-10-04,19,怪獣の花唄,Vaundy,https://www.billboard-japan.com/charts/detail?a=dlsongs&year=2023&month=10&day=09
2023,dlsongs,2023-10-04,20,JUST DANCE!,Travis Japan,https://www.billboard-japan.com/charts/detail?a=dlsongs&year=2023&month=10&day=09
2023,dlsongs,2023-10-04,21,ANTENNA,Mrs.GREEN APPLE,https://www.billboard-japan.com/charts/detail?a=dlsongs&year=2023&month=10&day=09
2023,dlsongs,2023-10-04,22,扉,VΔLZ,https://www.billboard-japan.com/charts/detail?a=dlsongs&year=2023&month=10&day=09
2023,dlsongs,2023-10-04,23,STARS,B'z,https://www.billboard-japan.com/charts/detail?a=dlsongs&year=2023&month=10&day=09
2023,dlsongs,2023-10-04,24,粛聖!! ロリ神レクイエム☆,しぐれうい,https://www.billboard-japan.com/charts/detail?a=dlsongs&year=2023&month=10&day=09
2023,dlsongs,2023-10-04,25,何処にもいかないから,Rockon Social Club,https://www.billboard-japan.com/charts/detail?a=dlsongs&year=2023&month=10&day=09
2023,dlsongs,2023-10-04,26,向日葵,Ado,https://www.billboard-japan.com/charts/detail?a=dlsongs&year=2023&month=10&day=09
2023,dlsongs,2023-10-04,27,第ゼロ感,10-FEET,https://www.billboard-japan.com/charts/detail?a=dlsongs&year=2023&month=10&day=09
2023,dlsongs,2023-10-04,28,君の夜をくれ,25時、ナイトコードで。,https://www.billboard-japan.com/charts/detail?a=dlsongs&year=2023&month=10&day=09
2023,dlsongs,2023-10-04,29,Iなんです,25時、ナイトコードで。,https://www.billboard-japan.com/charts/detail?a=dlsongs&year=2023&month=10&day=09
2023,dlsongs,2023-10-04,30,ゴーストダイブ,ポルカドットスティングレイ,https://www.billboard-japan.com/charts/detail?a=dlsongs&year=2023&month=10&day=09
2023,dlsongs,2023-10-04,31,Sugar Doughnuts,水樹奈々,https://www.billboard-japan.com/charts/detail?a=dlsongs&year=2023&month=10&day=09
2023,dlsongs,2023-10-04,32,サマータイムシンデレラ,緑黄色社会,https://www.billboard-japan.com/charts/detail?a=dlsongs&year=2023&month=10&day=09
2023,dlsongs,2023-10-04,33,妄想だけならフリーダム,つばきファクトリー,https://www.billboard-japan.com/charts/detail?a=dlsongs&year=2023&month=10&day=09
2023,dlsongs,2023-10-04,34,ダンスホール,Mrs.GREEN APPLE,https://www.billboard-japan.com/charts/detail?a=dlsongs&year=2023&month=10&day=09
2023,dlsongs,2023-10-04,35,オトナブルー,新しい学校のリーダーズ,https://www.billboard-japan.com/charts/detail?a=dlsongs&year=2023&month=10&day=09
2023,dlsongs,2023-10-04,36,ソングオブザデッド,KANA-BOON,https://www.billboard-japan.com/charts/detail?a=dlsongs&year=2023&month=10&day=09
2023,dlsongs,2023-10-04,37,燈,崎山蒼志,https://www.billboard-japan.com/charts/detail?a=dlsongs&year=2023&month=10&day=09
2023,dlsongs,2023-10-04,38,spiral,LONGMAN,https://www.billboard-japan.com/charts/detail?a=dlsongs&year=2023&month=10&day=09
2023,dlsongs,2023-10-04,39,Seven (feat. Latto),Jung Kook,https://www.billboard-japan.com/charts/detail?a=dlsongs&year=2023&month=10&day=09
2023,dlsongs,2023-10-04,40,Chase,Zhang Zhehan,https://www.billboard-japan.com/charts/detail?a=dlsongs&year=2023&month=10&day=09
2023,dlsongs,2023-10-04,41,3D (feat. Jack Harlow) (Instrumental),Jung Kook,https://www.billboard-japan.com/charts/detail?a=dlsongs&year=2023&month=10&day=09
2023,dlsongs,2023-10-04,42,Mainstream,BE:FIRST,https://www.billboard-japan.com/charts/detail?a=dlsongs&year=2023&month=10&day=09
2023,dlsongs,2023-10-04,43,BONA BONA,TREASURE,https://www.billboard-japan.com/charts/detail?a=dlsongs&year=2023&month=10&day=09
2023,dlsongs,2023-10-04,44,青とオレンジ,ノクチル,https://www.billboard-japan.com/charts/detail?a=dlsongs&year=2023&month=10&day=09
2023,dlsongs,2023-10-04,45,夢が夢じゃなくなるその日まで,ノクチル,https://www.billboard-japan.com/charts/detail?a=dlsongs&year=2023&month=10&day=09
2023,dlsongs,2023-10-04,46,青と夏,Mrs.GREEN APPLE,https://www.billboard-japan.com/charts/detail?a=dlsongs&year=2023&month=10&day=09
2023,dlsongs,2023-10-04,47,勇気 It's my Life !,つばきファクトリー,https://www.billboard-japan.com/charts/detail?a=dlsongs&year=2023&month=10&day=09
2023,dlsongs,2023-10-04,48,PUPPET SHOW,XG,https://www.billboard-japan.com/charts/detail?a=dlsongs&year=2023&month=10&day=09
2023,dlsongs,2023-10-04,49,地球儀,米津玄師,https://www.billboard-japan.com/charts/detail?a=dlsongs&year=2023&month=10&day=09
2023,dlsongs,2023-10-04,50,恋は時間をバグらせる,坊主の乙女,https://www.billboard-japan.com/charts/detail?a=dlsongs&year=2023&month=10&day=09
2023,dlsongs,2023-10-04,51,Phoenix,sumika,https://www.billboard-japan.com/charts/detail?a=dlsongs&year=2023&month=10&day=09
2023,dlsongs,2023-10-04,52,祝福,YOASOBI,https://www.billboard-japan.com/charts/detail?a=dlsongs&year=2023&month=10&day=09
2023,dlsongs,2023-10-04,53,ZERO,Vaundy,https://www.billboard-japan.com/charts/detail?a=dlsongs&year=2023&month=10&day=09
2023,dlsongs,2023-10-04,54,S!T!A!R!ting,DRAMATIC STARS,https://www.billboard-japan.com/charts/detail?a=dlsongs&year=2023&month=10&day=09
2023,dlsongs,2023-10-04,55,Moon,Perfume,https://www.billboard-japan.com/charts/detail?a=dlsongs&year=2023&month=10&day=09
2023,dlsongs,2023-10-04,56,絆ノ奇跡,MAN WITH A MISSION×milet,https://www.billboard-japan.com/charts/detail?a=dlsongs&year=2023&month=10&day=09
2023,dlsongs,2023-10-04,57,でも…いいよ,つばきファクトリー,https://www.billboard-japan.com/charts/detail?a=dlsongs&year=2023&month=10&day=09
2023,dlsongs,2023-10-04,58,うれしくて,いきものがかり,https://www.billboard-japan.com/charts/detail?a=dlsongs&year=2023&month=10&day=09
2023,dlsongs,2023-10-04,59,美少女無罪(ハート)パイレーツ,宝鐘マリン,https://www.billboard-japan.com/charts/detail?a=dlsongs&year=2023&month=10&day=09
2023,dlsongs,2023-10-04,60,Magic,Mrs.GREEN APPLE,https://www.billboard-japan.com/charts/detail?a=dlsongs&year=2023&month=10&day=09
2023,dlsongs,2023-10-04,61,Beginning Tomorrow,天道輝(仲村宗悟),https://www.billboard-japan.com/charts/detail?a=dlsongs&year=2023&month=10&day=09
2023,dlsongs,2023-10-04,62,ケセラセラ,Mrs.GREEN APPLE,https://www.billboard-japan.com/charts/detail?a=dlsongs&year=2023&month=10&day=09
2023,dlsongs,2023-10-04,63,My Starry Song,桜庭薫(内田雄馬),https://www.billboard-japan.com/charts/detail?a=dlsongs&year=2023&month=10&day=09
2023,dlsongs,2023-10-04,63,憧れのままに,yama × キタニタツヤ,https://www.billboard-japan.com/charts/detail?a=dlsongs&year=2023&month=10&day=09
2023,dlsongs,2023-10-04,65,Shock,チャン・グンソク,https://www.billboard-japan.com/charts/detail?a=dlsongs&year=2023&month=10&day=09
2023,dlsongs,2023-10-04,66,命日,ちゃんみな,https://www.billboard-japan.com/charts/detail?a=dlsongs&year=2023&month=10&day=09
2023,dlsongs,2023-10-04,67,ランデヴー,シャイトープ,https://www.billboard-japan.com/charts/detail?a=dlsongs&year=2023&month=10&day=09
2023,dlsongs,2023-10-04,68,Subtitle,Official髭男dism,https://www.billboard-japan.com/charts/detail?a=dlsongs&year=2023&month=10&day=09
2023,dlsongs,2023-10-04,69,Ready To Dance,三宅健,https://www.billboard-japan.com/charts/detail?a=dlsongs&year=2023&month=10&day=09
2023,dlsongs,2023-10-04,70,Reflection,ノクチル,https://www.billboard-japan.com/charts/detail?a=dlsongs&year=2023&month=10&day=09
2023,dlsongs,2023-10-04,71,逆夢,King Gnu,https://www.billboard-japan.com/charts/detail?a=dlsongs&year=2023&month=10&day=09
2023,dlsongs,2023-10-04,72,Either Way,IVE,https://www.billboard-japan.com/charts/detail?a=dlsongs&year=2023&month=10&day=09
2023,dlsongs,2023-10-04,73,カメレオン,King Gnu,https://www.billboard-japan.com/charts/detail?a=dlsongs&year=2023&month=10&day=09
2023,dlsongs,2023-10-04,74,スカイスケープノート,柏木翼(八代拓),https://www.billboard-japan.com/charts/detail?a=dlsongs&year=2023&month=10&day=09
2023,dlsongs,2023-10-04,75,Run,w-inds.,https://www.billboard-japan.com/charts/detail?a=dlsongs&year=2023&month=10&day=09
2023,dlsongs,2023-10-04,76,愛笑華!,彩,https://www.billboard-japan.com/charts/detail?a=dlsongs&year=2023&month=10&day=09
2023,dlsongs,2023-10-04,77,マジックアワー,緑黄色社会,https://www.billboard-japan.com/charts/detail?a=dlsongs&year=2023&month=10&day=09
2023,dlsongs,2023-10-04,77,飛天,Ayase×R-指定,https://www.billboard-japan.com/charts/detail?a=dlsongs&year=2023&month=10&day=09
2023,dlsongs,2023-10-04,79,Slow Dancing,V,https://www.billboard-japan.com/charts/detail?a=dlsongs&year=2023&month=10&day=09
2023,dlsongs,2023-10-04,80,かくれんぼ,AliA,https://www.billboard-japan.com/charts/detail?a=dlsongs&year=2023&month=10&day=09
2023,dlsongs,2023-10-04,81,新時代 (ウタ from ONE PIECE FILM RED),Ado,https://www.billboard-japan.com/charts/detail?a=dlsongs&year=2023&month=10&day=09
2023,dlsongs,2023-10-04,82,花嵐,Eve,https://www.billboard-japan.com/charts/detail?a=dlsongs&year=2023&month=10&day=09
2023,dlsongs,2023-10-04,83,心音,中島みゆき,https://www.billboard-japan.com/charts/detail?a=dlsongs&year=2023&month=10&day=09
2023,dlsongs,2023-10-04,83,Chessboard,Official髭男dism,https://www.billboard-japan.com/charts/detail?a=dlsongs&year=2023&month=10&day=09
2023,dlsongs,2023-10-04,85,LADY,米津玄師,https://www.billboard-japan.com/charts/detail?a=dlsongs&year=2023&month=10&day=09
2023,dlsongs,2023-10-04,86,ユアーズ,菅田将暉,https://www.billboard-japan.com/charts/detail?a=dlsongs&year=2023&month=10&day=09
2023,dlsongs,2023-10-04,87,紡ぐ,とた,https://www.billboard-japan.com/charts/detail?a=dlsongs&year=2023&month=10&day=09
2023,dlsongs,2023-10-04,88,スターマイン,Da-iCE,https://www.billboard-japan.com/charts/detail?a=dlsongs&year=2023&month=10&day=09
2023,dlsongs,2023-10-04,89,オーケストラ,BiSH,https://www.billboard-japan.com/charts/detail?a=dlsongs&year=2023&month=10&day=09
2023,dlsongs,2023-10-04,90,深緑,XILA & CHEHON,https://www.billboard-japan.com/charts/detail?a=dlsongs&year=2023&month=10&day=09
2023,dlsongs,2023-10-04,91,美しい鰭,スピッツ,https://www.billboard-japan.com/charts/detail?a=dlsongs&year=2023&month=10&day=09
2023,dlsongs,2023-10-04,92,トレセン音頭,Various Artists,https://www.billboard-japan.com/charts/detail?a=dlsongs&year=2023&month=10&day=09
2023,dlsongs,2023-10-04,93,群青,YOASOBI,https://www.billboard-japan.com/charts/detail?a=dlsongs&year=2023&month=10&day=09
2023,dlsongs,2023-10-04,94,私は最強 (ウタ from ONE PIECE FILM RED),Ado,https://www.billboard-japan.com/charts/detail?a=dlsongs&year=2023&month=10&day=09
2023,dlsongs,2023-10-04,95,アドベンチャー,YOASOBI,https://www.billboard-japan.com/charts/detail?a=dlsongs&year=2023&month=10&day=09
2023,dlsongs,2023-10-04,96,一途,King Gnu,https://www.billboard-japan.com/charts/detail?a=dlsongs&year=2023&month=10&day=09
2023,dlsongs,2023-10-04,97,ミックスナッツ,Official髭男dism,https://www.billboard-japan.com/charts/detail?a=dlsongs&year=2023&month=10&day=09
2023,dlsongs,2023-10-04,98,salvia,Nornis,https://www.billboard-japan.com/charts/detail?a=dlsongs&year=2023&month=10&day=09
2023,dlsongs,2023-10-04,99,ジャンボリミッキー!,(ディズニー),https://www.billboard-japan.com/charts/detail?a=dlsongs&year=2023&month=10&day=09
2023,dlsongs,2023-10-04,100,可愛くてごめん feat. ちゅーたん(早見沙織),HoneyWorks,https://www.billboard-japan.com/charts/detail?a=dlsongs&year=2023&month=10&day=09
2023,dlsongs,2023-10-11,1,勇者,YOASOBI,https://www.billboard-japan.com/charts/detail?a=dlsongs&year=2023&month=10&day=16
2023,dlsongs,2023-10-11,2,唱,Ado,https://www.billboard-japan.com/charts/detail?a=dlsongs&year=2023&month=10&day=16
2023,dlsongs,2023-10-11,3,クラクラ,Ado,https://www.billboard-japan.com/charts/detail?a=dlsongs&year=2023&month=10&day=16
2023,dlsongs,2023-10-11,4,SPECIALZ,King Gnu,https://www.billboard-japan.com/charts/detail?a=dlsongs&year=2023&month=10&day=16
2023,dlsongs,2023-10-11,5,晩餐歌,tuki.,https://www.billboard-japan.com/charts/detail?a=dlsongs&year=2023&month=10&day=16
2023,dlsongs,2023-10-11,6,白色蜉蝣,Aimer(エメ),https://www.billboard-japan.com/charts/detail?a=dlsongs&year=2023&month=10&day=16
2023,dlsongs,2023-10-11,7,青のすみか,キタニタツヤ,https://www.billboard-japan.com/charts/detail?a=dlsongs&year=2023&month=10&day=16
2023,dlsongs,2023-10-11,8,ノット・オーケー,あいみょん,https://www.billboard-japan.com/charts/detail?a=dlsongs&year=2023&month=10&day=16
2023,dlsongs,2023-10-11,9,3D (feat. Jack Harlow),Jung Kook,https://www.billboard-japan.com/charts/detail?a=dlsongs&year=2023&month=10&day=16
2023,dlsongs,2023-10-11,10,アイドル,YOASOBI,https://www.billboard-japan.com/charts/detail?a=dlsongs&year=2023&month=10&day=16
2023,dlsongs,2023-10-11,11,Anytime Anywhere,milet,https://www.billboard-japan.com/charts/detail?a=dlsongs&year=2023&month=10&day=16
2023,dlsongs,2023-10-11,12,With,幾田りら,https://www.billboard-japan.com/charts/detail?a=dlsongs&year=2023&month=10&day=16
2023,dlsongs,2023-10-11,13,るろうの形代,菅田将暉×東京スカパラダイスオーケストラ,https://www.billboard-japan.com/charts/detail?a=dlsongs&year=2023&month=10&day=16
2023,dlsongs,2023-10-11,14,最高到達点,SEKAI NO OWARI,https://www.billboard-japan.com/charts/detail?a=dlsongs&year=2023&month=10&day=16
2023,dlsongs,2023-10-11,15,DIGNITY,Ado,https://www.billboard-japan.com/charts/detail?a=dlsongs&year=2023&month=10&day=16
2023,dlsongs,2023-10-11,16,ボルテッカー,DECO*27,https://www.billboard-japan.com/charts/detail?a=dlsongs&year=2023&month=10&day=16
2023,dlsongs,2023-10-11,17,ANTENNA,Mrs.GREEN APPLE,https://www.billboard-japan.com/charts/detail?a=dlsongs&year=2023&month=10&day=16
2023,dlsongs,2023-10-11,18,粛聖!! ロリ神レクイエム☆,しぐれうい,https://www.billboard-japan.com/charts/detail?a=dlsongs&year=2023&month=10&day=16
2023,dlsongs,2023-10-11,19,MF,"Novel Core,SHUNTO,RYOKI",https://www.billboard-japan.com/charts/detail?a=dlsongs&year=2023&month=10&day=16
2023,dlsongs,2023-10-11,20,第ゼロ感,10-FEET,https://www.billboard-japan.com/charts/detail?a=dlsongs&year=2023&month=10&day=16
2023,dlsongs,2023-10-11,21,怪獣の花唄,Vaundy,https://www.billboard-japan.com/charts/detail?a=dlsongs&year=2023&month=10&day=16
2023,dlsongs,2023-10-11,22,歌舞伎町の夜は更けて,けいてぃぱーてぃ&うた。from KG9,https://www.billboard-japan.com/charts/detail?a=dlsongs&year=2023&month=10&day=16
2023,dlsongs,2023-10-11,23,I'm a mess,MY FIRST STORY,https://www.billboard-japan.com/charts/detail?a=dlsongs&year=2023&month=10&day=16
2023,dlsongs,2023-10-11,24,Relay〜杜の詩,サザンオールスターズ,https://www.billboard-japan.com/charts/detail?a=dlsongs&year=2023&month=10&day=16
2023,dlsongs,2023-10-11,25,Fifty's map 〜おとなの地図,Mr.Children,https://www.billboard-japan.com/charts/detail?a=dlsongs&year=2023&month=10&day=16
2023,dlsongs,2023-10-11,26,オトナブルー,新しい学校のリーダーズ,https://www.billboard-japan.com/charts/detail?a=dlsongs&year=2023&month=10&day=16
2023,dlsongs,2023-10-11,27,more than words,羊文学,https://www.billboard-japan.com/charts/detail?a=dlsongs&year=2023&month=10&day=16
2023,dlsongs,2023-10-11,28,JUST DANCE!,Travis Japan,https://www.billboard-japan.com/charts/detail?a=dlsongs&year=2023&month=10&day=16
2023,dlsongs,2023-10-11,29,LOVELESS,LUNA SEA,https://www.billboard-japan.com/charts/detail?a=dlsongs&year=2023&month=10&day=16
2023,dlsongs,2023-10-11,30,日常,Official髭男dism,https://www.billboard-japan.com/charts/detail?a=dlsongs&year=2023&month=10&day=16
2023,dlsongs,2023-10-11,31,BUTTERFLY,REIKO,https://www.billboard-japan.com/charts/detail?a=dlsongs&year=2023&month=10&day=16
2023,dlsongs,2023-10-11,32,ダンスホール,Mrs.GREEN APPLE,https://www.billboard-japan.com/charts/detail?a=dlsongs&year=2023&month=10&day=16
2023,dlsongs,2023-10-11,33,トドメの一撃 (feat. Cory Wong),Vaundy,https://www.billboard-japan.com/charts/detail?a=dlsongs&year=2023&month=10&day=16
2023,dlsongs,2023-10-11,34,G.,LUNA SEA,https://www.billboard-japan.com/charts/detail?a=dlsongs&year=2023&month=10&day=16
2023,dlsongs,2023-10-11,35,硝子窓,King Gnu,https://www.billboard-japan.com/charts/detail?a=dlsongs&year=2023&month=10&day=16
2023,dlsongs,2023-10-11,36,いけないfool logic,UNISON SQUARE GARDEN,https://www.billboard-japan.com/charts/detail?a=dlsongs&year=2023&month=10&day=16
2023,dlsongs,2023-10-11,37,NEO,"初音ミク,星乃一歌,花里みのり,小豆沢こはね,天馬司,宵崎奏",https://www.billboard-japan.com/charts/detail?a=dlsongs&year=2023&month=10&day=16
2023,dlsongs,2023-10-11,38,UpdateS,U&S,https://www.billboard-japan.com/charts/detail?a=dlsongs&year=2023&month=10&day=16
2023,dlsongs,2023-10-11,39,ロストシャイン,キタサンブラック(矢野妃菜喜),https://www.billboard-japan.com/charts/detail?a=dlsongs&year=2023&month=10&day=16
2023,dlsongs,2023-10-11,40,愛の花,あいみょん,https://www.billboard-japan.com/charts/detail?a=dlsongs&year=2023&month=10&day=16
2023,dlsongs,2023-10-11,41,"Bad Bitch 美学 Remix (feat. NENE, LANA, MaRI, AI & YURIYAN RETRIEVER)",Awich,https://www.billboard-japan.com/charts/detail?a=dlsongs&year=2023&month=10&day=16
2023,dlsongs,2023-10-11,42,Dramatic Anthem,DRAMATIC STARS & S.E.M,https://www.billboard-japan.com/charts/detail?a=dlsongs&year=2023&month=10&day=16
2023,dlsongs,2023-10-11,43,Sugar Doughnuts,水樹奈々,https://www.billboard-japan.com/charts/detail?a=dlsongs&year=2023&month=10&day=16
2023,dlsongs,2023-10-11,44,向日葵,Ado,https://www.billboard-japan.com/charts/detail?a=dlsongs&year=2023&month=10&day=16
2023,dlsongs,2023-10-11,45,絆ノ奇跡,MAN WITH A MISSION×milet,https://www.billboard-japan.com/charts/detail?a=dlsongs&year=2023&month=10&day=16
2023,dlsongs,2023-10-11,46,ソングオブザデッド,KANA-BOON,https://www.billboard-japan.com/charts/detail?a=dlsongs&year=2023&month=10&day=16
2023,dlsongs,2023-10-11,47,Forbidden Paradise,シーズ,https://www.billboard-japan.com/charts/detail?a=dlsongs&year=2023&month=10&day=16
2023,dlsongs,2023-10-11,48,01,女王蜂,https://www.billboard-japan.com/charts/detail?a=dlsongs&year=2023&month=10&day=16
2023,dlsongs,2023-10-11,49,Never Say Goodbye,ChouCho,https://www.billboard-japan.com/charts/detail?a=dlsongs&year=2023&month=10&day=16
2023,dlsongs,2023-10-11,50,燈,崎山蒼志,https://www.billboard-japan.com/charts/detail?a=dlsongs&year=2023&month=10&day=16
2023,dlsongs,2023-10-11,51,Lamy*Love?Fest☆,雪花ラミィ,https://www.billboard-japan.com/charts/detail?a=dlsongs&year=2023&month=10&day=16
2023,dlsongs,2023-10-11,52,You & Me,JENNIE,https://www.billboard-japan.com/charts/detail?a=dlsongs&year=2023&month=10&day=16
2023,dlsongs,2023-10-11,53,RISE FROM DEAD,Division All Stars,https://www.billboard-japan.com/charts/detail?a=dlsongs&year=2023&month=10&day=16
2023,dlsongs,2023-10-11,54,ランデヴー,シャイトープ,https://www.billboard-japan.com/charts/detail?a=dlsongs&year=2023&month=10&day=16
2023,dlsongs,2023-10-11,55,美しい鰭,スピッツ,https://www.billboard-japan.com/charts/detail?a=dlsongs&year=2023&month=10&day=16
2023,dlsongs,2023-10-11,56,Seven (feat. Latto),Jung Kook,https://www.billboard-japan.com/charts/detail?a=dlsongs&year=2023&month=10&day=16
2023,dlsongs,2023-10-11,57,i don't wanna be,MY FIRST STORY,https://www.billboard-japan.com/charts/detail?a=dlsongs&year=2023&month=10&day=16
2023,dlsongs,2023-10-11,58,美少女無罪(ハート)パイレーツ,宝鐘マリン,https://www.billboard-japan.com/charts/detail?a=dlsongs&year=2023&month=10&day=16
2023,dlsongs,2023-10-11,59,ミックスナッツ,Official髭男dism,https://www.billboard-japan.com/charts/detail?a=dlsongs&year=2023&month=10&day=16
2023,dlsongs,2023-10-11,60,spiral,LONGMAN,https://www.billboard-japan.com/charts/detail?a=dlsongs&year=2023&month=10&day=16
2023,dlsongs,2023-10-11,61,地球儀,米津玄師,https://www.billboard-japan.com/charts/detail?a=dlsongs&year=2023&month=10&day=16
2023,dlsongs,2023-10-11,62,Mainstream,BE:FIRST,https://www.billboard-japan.com/charts/detail?a=dlsongs&year=2023&month=10&day=16
2023,dlsongs,2023-10-11,63,サマータイムシンデレラ,緑黄色社会,https://www.billboard-japan.com/charts/detail?a=dlsongs&year=2023&month=10&day=16
2023,dlsongs,2023-10-11,64,青と夏,Mrs.GREEN APPLE,https://www.billboard-japan.com/charts/detail?a=dlsongs&year=2023&month=10&day=16
2023,dlsongs,2023-10-11,65,新時代 (ウタ from ONE PIECE FILM RED),Ado,https://www.billboard-japan.com/charts/detail?a=dlsongs&year=2023&month=10&day=16
2023,dlsongs,2023-10-11,66,ハッピー☆ブギ,中納良恵、さかいゆう、趣里,https://www.billboard-japan.com/charts/detail?a=dlsongs&year=2023&month=10&day=16
2023,dlsongs,2023-10-11,67,KICK BACK,米津玄師,https://www.billboard-japan.com/charts/detail?a=dlsongs&year=2023&month=10&day=16
2023,dlsongs,2023-10-11,68,群青,YOASOBI,https://www.billboard-japan.com/charts/detail?a=dlsongs&year=2023&month=10&day=16
2023,dlsongs,2023-10-11,69,Study Equal Magic! (DRAMATIC STARS Ver.),DRAMATIC STARS,https://www.billboard-japan.com/charts/detail?a=dlsongs&year=2023&month=10&day=16
2023,dlsongs,2023-10-11,70,ケセラセラ,Mrs.GREEN APPLE,https://www.billboard-japan.com/charts/detail?a=dlsongs&year=2023&month=10&day=16
2023,dlsongs,2023-10-11,71,盆ギリ恋歌,サザンオールスターズ,https://www.billboard-japan.com/charts/detail?a=dlsongs&year=2023&month=10&day=16
2023,dlsongs,2023-10-11,72,フルカウント,ROF-MAO,https://www.billboard-japan.com/charts/detail?a=dlsongs&year=2023&month=10&day=16
2023,dlsongs,2023-10-11,73,歌えニッポンの空,サザンオールスターズ,https://www.billboard-japan.com/charts/detail?a=dlsongs&year=2023&month=10&day=16
2023,dlsongs,2023-10-11,74,Phoenix,sumika,https://www.billboard-japan.com/charts/detail?a=dlsongs&year=2023&month=10&day=16
2023,dlsongs,2023-10-11,75,DRAMATIC NONFICTION (S.E.M Ver.),S.E.M,https://www.billboard-japan.com/charts/detail?a=dlsongs&year=2023&month=10&day=16
2023,dlsongs,2023-10-11,76,R.I.P.,ReoNa,https://www.billboard-japan.com/charts/detail?a=dlsongs&year=2023&month=10&day=16
2023,dlsongs,2023-10-11,77,Wherever you are,ONE OK ROCK,https://www.billboard-japan.com/charts/detail?a=dlsongs&year=2023&month=10&day=16
2023,dlsongs,2023-10-11,77,存在証明,KID PHENOMENON,https://www.billboard-japan.com/charts/detail?a=dlsongs&year=2023&month=10&day=16
2023,dlsongs,2023-10-11,79,夜に駆ける,YOASOBI,https://www.billboard-japan.com/charts/detail?a=dlsongs&year=2023&month=10&day=16
2023,dlsongs,2023-10-11,80,Magic,Mrs.GREEN APPLE,https://www.billboard-japan.com/charts/detail?a=dlsongs&year=2023&month=10&day=16
2023,dlsongs,2023-10-11,81,眠らされたリネージュ,JUNNA,https://www.billboard-japan.com/charts/detail?a=dlsongs&year=2023&month=10&day=16
2023,dlsongs,2023-10-11,82,妄想だけならフリーダム,つばきファクトリー,https://www.billboard-japan.com/charts/detail?a=dlsongs&year=2023&month=10&day=16
2023,dlsongs,2023-10-11,83,Lesson II,超特急,https://www.billboard-japan.com/charts/detail?a=dlsongs&year=2023&month=10&day=16
2023,dlsongs,2023-10-11,84,うれしくて,いきものがかり,https://www.billboard-japan.com/charts/detail?a=dlsongs&year=2023&month=10&day=16
2023,dlsongs,2023-10-11,85,NIGHT DANCER,imase,https://www.billboard-japan.com/charts/detail?a=dlsongs&year=2023&month=10&day=16
2023,dlsongs,2023-10-11,86,Subtitle,Official髭男dism,https://www.billboard-japan.com/charts/detail?a=dlsongs&year=2023&month=10&day=16
2023,dlsongs,2023-10-11,87,怪物,YOASOBI,https://www.billboard-japan.com/charts/detail?a=dlsongs&year=2023&month=10&day=16
2023,dlsongs,2023-10-11,88,逆夢,King Gnu,https://www.billboard-japan.com/charts/detail?a=dlsongs&year=2023&month=10&day=16
2023,dlsongs,2023-10-11,89,メフィスト,女王蜂,https://www.billboard-japan.com/charts/detail?a=dlsongs&year=2023&month=10&day=16
2023,dlsongs,2023-10-11,90,虹,菅田将暉,https://www.billboard-japan.com/charts/detail?a=dlsongs&year=2023&month=10&day=16
2023,dlsongs,2023-10-11,91,インフェルノ,Mrs.GREEN APPLE,https://www.billboard-japan.com/charts/detail?a=dlsongs&year=2023&month=10&day=16
2023,dlsongs,2023-10-11,92,恋,前川みく(高森奈津美),https://www.billboard-japan.com/charts/detail?a=dlsongs&year=2023&month=10&day=16
2023,dlsongs,2023-10-11,93,Rep Squad -Bad Ass Temple Ver.-,Bad Ass Temple,https://www.billboard-japan.com/charts/detail?a=dlsongs&year=2023&month=10&day=16
2023,dlsongs,2023-10-11,94,かくれんぼ,AliA,https://www.billboard-japan.com/charts/detail?a=dlsongs&year=2023&month=10&day=16
2023,dlsongs,2023-10-11,95,ZERO,Vaundy,https://www.billboard-japan.com/charts/detail?a=dlsongs&year=2023&month=10&day=16
2023,dlsongs,2023-10-11,96,命日,ちゃんみな,https://www.billboard-japan.com/charts/detail?a=dlsongs&year=2023&month=10&day=16
2023,dlsongs,2023-10-11,97,Get Wild,TM NETWORK,https://www.billboard-japan.com/charts/detail?a=dlsongs&year=2023&month=10&day=16
2023,dlsongs,2023-10-11,98,カメレオン,King Gnu,https://www.billboard-japan.com/charts/detail?a=dlsongs&year=2023&month=10&day=16
2023,dlsongs,2023-10-11,99,grayscale dorminator,OxT,https://www.billboard-japan.com/charts/detail?a=dlsongs&year=2023&month=10&day=16
2023,dlsongs,2023-10-11,100,Iなんです,25時、ナイトコードで。,https://www.billboard-japan.com/charts/detail?a=dlsongs&year=2023&month=10&day=16
2023,dlsongs,2023-10-18,1,唱,Ado,https://www.billboard-japan.com/charts/detail?a=dlsongs&year=2023&month=10&day=23
2023,dlsongs,2023-10-18,2,花,藤井風,https://www.billboard-japan.com/charts/detail?a=dlsongs&year=2023&month=10&day=23
2023,dlsongs,2023-10-18,3,勇者,YOASOBI,https://www.billboard-japan.com/charts/detail?a=dlsongs&year=2023&month=10&day=23
2023,dlsongs,2023-10-18,4,HANA_花,INI,https://www.billboard-japan.com/charts/detail?a=dlsongs&year=2023&month=10&day=23
2023,dlsongs,2023-10-18,5,クラクラ,Ado,https://www.billboard-japan.com/charts/detail?a=dlsongs&year=2023&month=10&day=23
2023,dlsongs,2023-10-18,6,SPECIALZ,King Gnu,https://www.billboard-japan.com/charts/detail?a=dlsongs&year=2023&month=10&day=23
2023,dlsongs,2023-10-18,7,JUST DANCE!,Travis Japan,https://www.billboard-japan.com/charts/detail?a=dlsongs&year=2023&month=10&day=23
2023,dlsongs,2023-10-18,8,アイドル,YOASOBI,https://www.billboard-japan.com/charts/detail?a=dlsongs&year=2023&month=10&day=23
2023,dlsongs,2023-10-18,9,トドメの一撃 (feat. Cory Wong),Vaundy,https://www.billboard-japan.com/charts/detail?a=dlsongs&year=2023&month=10&day=23
2023,dlsongs,2023-10-18,10,青のすみか,キタニタツヤ,https://www.billboard-japan.com/charts/detail?a=dlsongs&year=2023&month=10&day=23
2023,dlsongs,2023-10-18,11,JUNGLE FIRE feat. MOTSU,芹澤優,https://www.billboard-japan.com/charts/detail?a=dlsongs&year=2023&month=10&day=23
2023,dlsongs,2023-10-18,12,ANTENNA,Mrs.GREEN APPLE,https://www.billboard-japan.com/charts/detail?a=dlsongs&year=2023&month=10&day=23
2023,dlsongs,2023-10-18,13,オールナイトレディオ,Ado,https://www.billboard-japan.com/charts/detail?a=dlsongs&year=2023&month=10&day=23
2023,dlsongs,2023-10-18,14,Anytime Anywhere,milet,https://www.billboard-japan.com/charts/detail?a=dlsongs&year=2023&month=10&day=23
2023,dlsongs,2023-10-18,15,ソシテミンナノ,キタサンブラック(矢野妃菜喜) & サトノダイヤモンド(立花日菜) & サトノクラウン(鈴代紗弓) & シュヴァルグラン(夏吉ゆうこ) & サウンズオブアース(MAKIKO) & ドゥラメンテ(秋奈),https://www.billboard-japan.com/charts/detail?a=dlsongs&year=2023&month=10&day=23
2023,dlsongs,2023-10-18,16,最高到達点,SEKAI NO OWARI,https://www.billboard-japan.com/charts/detail?a=dlsongs&year=2023&month=10&day=23
2023,dlsongs,2023-10-18,17,怪獣の花唄,Vaundy,https://www.billboard-japan.com/charts/detail?a=dlsongs&year=2023&month=10&day=23
2023,dlsongs,2023-10-18,18,第ゼロ感,10-FEET,https://www.billboard-japan.com/charts/detail?a=dlsongs&year=2023&month=10&day=23
2023,dlsongs,2023-10-18,19,月光浴,ヨルシカ,https://www.billboard-japan.com/charts/detail?a=dlsongs&year=2023&month=10&day=23
2023,dlsongs,2023-10-18,20,I'm a mess,MY FIRST STORY,https://www.billboard-japan.com/charts/detail?a=dlsongs&year=2023&month=10&day=23
2023,dlsongs,2023-10-18,21,SWITCHing,IMP.,https://www.billboard-japan.com/charts/detail?a=dlsongs&year=2023&month=10&day=23
2023,dlsongs,2023-10-18,22,With,幾田りら,https://www.billboard-japan.com/charts/detail?a=dlsongs&year=2023&month=10&day=23
2023,dlsongs,2023-10-18,23,01,女王蜂,https://www.billboard-japan.com/charts/detail?a=dlsongs&year=2023&month=10&day=23
2023,dlsongs,2023-10-18,24,粛聖!! ロリ神レクイエム☆,しぐれうい,https://www.billboard-japan.com/charts/detail?a=dlsongs&year=2023&month=10&day=23
2023,dlsongs,2023-10-18,25,BUTTERFLY,REIKO,https://www.billboard-japan.com/charts/detail?a=dlsongs&year=2023&month=10&day=23
2023,dlsongs,2023-10-18,26,るろうの形代,菅田将暉×東京スカパラダイスオーケストラ,https://www.billboard-japan.com/charts/detail?a=dlsongs&year=2023&month=10&day=23
2023,dlsongs,2023-10-18,27,ノット・オーケー,あいみょん,https://www.billboard-japan.com/charts/detail?a=dlsongs&year=2023&month=10&day=23
2023,dlsongs,2023-10-18,28,Thank you for playing〜あなたに出会えてよかった〜,She is Legend,https://www.billboard-japan.com/charts/detail?a=dlsongs&year=2023&month=10&day=23
2023,dlsongs,2023-10-18,29,Way Back Home,SHAUN,https://www.billboard-japan.com/charts/detail?a=dlsongs&year=2023&month=10&day=23
2023,dlsongs,2023-10-18,30,SWEETEST BITE,シーズ,https://www.billboard-japan.com/charts/detail?a=dlsongs&year=2023&month=10&day=23
2023,dlsongs,2023-10-18,31,DIGNITY,Ado,https://www.billboard-japan.com/charts/detail?a=dlsongs&year=2023&month=10&day=23
2023,dlsongs,2023-10-18,32,承認欲求,櫻坂46,https://www.billboard-japan.com/charts/detail?a=dlsongs&year=2023&month=10&day=23
2023,dlsongs,2023-10-18,33,オトナブルー,新しい学校のリーダーズ,https://www.billboard-japan.com/charts/detail?a=dlsongs&year=2023&month=10&day=23
2023,dlsongs,2023-10-18,34,LETTER☆彡,白上フブキ,https://www.billboard-japan.com/charts/detail?a=dlsongs&year=2023&month=10&day=23
2023,dlsongs,2023-10-18,35,more than words,羊文学,https://www.billboard-japan.com/charts/detail?a=dlsongs&year=2023&month=10&day=23
2023,dlsongs,2023-10-18,36,晩餐歌,tuki.,https://www.billboard-japan.com/charts/detail?a=dlsongs&year=2023&month=10&day=23
2023,dlsongs,2023-10-18,37,White Story,シーズ,https://www.billboard-japan.com/charts/detail?a=dlsongs&year=2023&month=10&day=23
2023,dlsongs,2023-10-18,38,片隅,THE RAMPAGE from EXILE TRIBE,https://www.billboard-japan.com/charts/detail?a=dlsongs&year=2023&month=10&day=23
2023,dlsongs,2023-10-18,39,ダンスホール,Mrs.GREEN APPLE,https://www.billboard-japan.com/charts/detail?a=dlsongs&year=2023&month=10&day=23
2023,dlsongs,2023-10-18,40,ランデヴー,シャイトープ,https://www.billboard-japan.com/charts/detail?a=dlsongs&year=2023&month=10&day=23
2023,dlsongs,2023-10-18,41,3D (feat. Jack Harlow),Jung Kook,https://www.billboard-japan.com/charts/detail?a=dlsongs&year=2023&month=10&day=23
2023,dlsongs,2023-10-18,42,白色蜉蝣,Aimer(エメ),https://www.billboard-japan.com/charts/detail?a=dlsongs&year=2023&month=10&day=23
2023,dlsongs,2023-10-18,43,grayscale dorminator,OxT,https://www.billboard-japan.com/charts/detail?a=dlsongs&year=2023&month=10&day=23
2023,dlsongs,2023-10-18,44,向日葵,Ado,https://www.billboard-japan.com/charts/detail?a=dlsongs&year=2023&month=10&day=23
2023,dlsongs,2023-10-18,45,アコガレChallenge Dash!!,キタサンブラック(矢野妃菜喜)、スペシャルウィーク(和氣あず未)、サイレンススズカ(高野麻里佳)、トウカイテイオー(Machico)、ウオッカ(大橋彩香)、ダイワスカーレット(木村千咲)、ゴールドシッ,https://www.billboard-japan.com/charts/detail?a=dlsongs&year=2023&month=10&day=23
2023,dlsongs,2023-10-18,46,Relay〜杜の詩,サザンオールスターズ,https://www.billboard-japan.com/charts/detail?a=dlsongs&year=2023&month=10&day=23
2023,dlsongs,2023-10-18,47,絆ノ奇跡,MAN WITH A MISSION×milet,https://www.billboard-japan.com/charts/detail?a=dlsongs&year=2023&month=10&day=23
2023,dlsongs,2023-10-18,48,フルカウント,ROF-MAO,https://www.billboard-japan.com/charts/detail?a=dlsongs&year=2023&month=10&day=23
2023,dlsongs,2023-10-18,49,Forbidden Paradise,シーズ,https://www.billboard-japan.com/charts/detail?a=dlsongs&year=2023&month=10&day=23
2023,dlsongs,2023-10-18,50,どんな結末がお望みだい?,ワンダーランズ×ショウタイム,https://www.billboard-japan.com/charts/detail?a=dlsongs&year=2023&month=10&day=23
2023,dlsongs,2023-10-18,51,日常,Official髭男dism,https://www.billboard-japan.com/charts/detail?a=dlsongs&year=2023&month=10&day=23
2023,dlsongs,2023-10-18,52,Chasing That Feeling,TOMORROW X TOGETHER,https://www.billboard-japan.com/charts/detail?a=dlsongs&year=2023&month=10&day=23
2023,dlsongs,2023-10-18,53,Magic,Mrs.GREEN APPLE,https://www.billboard-japan.com/charts/detail?a=dlsongs&year=2023&month=10&day=23
2023,dlsongs,2023-10-18,54,電気予報,稲葉曇,https://www.billboard-japan.com/charts/detail?a=dlsongs&year=2023&month=10&day=23
2023,dlsongs,2023-10-18,55,燈,崎山蒼志,https://www.billboard-japan.com/charts/detail?a=dlsongs&year=2023&month=10&day=23
2023,dlsongs,2023-10-18,56,硝子窓,King Gnu,https://www.billboard-japan.com/charts/detail?a=dlsongs&year=2023&month=10&day=23
2023,dlsongs,2023-10-18,57,夜に駆ける,YOASOBI,https://www.billboard-japan.com/charts/detail?a=dlsongs&year=2023&month=10&day=23
2023,dlsongs,2023-10-18,58,美しい鰭,スピッツ,https://www.billboard-japan.com/charts/detail?a=dlsongs&year=2023&month=10&day=23
2023,dlsongs,2023-10-18,59,ケセラセラ,Mrs.GREEN APPLE,https://www.billboard-japan.com/charts/detail?a=dlsongs&year=2023&month=10&day=23
2023,dlsongs,2023-10-18,60,Seven (feat. Latto),Jung Kook,https://www.billboard-japan.com/charts/detail?a=dlsongs&year=2023&month=10&day=23
2023,dlsongs,2023-10-18,61,群青,YOASOBI,https://www.billboard-japan.com/charts/detail?a=dlsongs&year=2023&month=10&day=23
2023,dlsongs,2023-10-18,62,ソングオブザデッド,KANA-BOON,https://www.billboard-japan.com/charts/detail?a=dlsongs&year=2023&month=10&day=23
2023,dlsongs,2023-10-18,63,ボルテッカー,DECO*27,https://www.billboard-japan.com/charts/detail?a=dlsongs&year=2023&month=10&day=23
2023,dlsongs,2023-10-18,64,ビリケン,Creepy Nuts,https://www.billboard-japan.com/charts/detail?a=dlsongs&year=2023&month=10&day=23
2023,dlsongs,2023-10-18,65,青と夏,Mrs.GREEN APPLE,https://www.billboard-japan.com/charts/detail?a=dlsongs&year=2023&month=10&day=23
2023,dlsongs,2023-10-18,66,あなたが毎日直面している 世界の憂鬱,SOPHIA,https://www.billboard-japan.com/charts/detail?a=dlsongs&year=2023&month=10&day=23
2023,dlsongs,2023-10-18,67,星空オーケストラ,ワンダーランズ×ショウタイム,https://www.billboard-japan.com/charts/detail?a=dlsongs&year=2023&month=10&day=23
2023,dlsongs,2023-10-18,68,SIN,MADKID,https://www.billboard-japan.com/charts/detail?a=dlsongs&year=2023&month=10&day=23
2023,dlsongs,2023-10-18,69,Never Say Goodbye,ChouCho,https://www.billboard-japan.com/charts/detail?a=dlsongs&year=2023&month=10&day=23
2023,dlsongs,2023-10-18,70,Mainstream,BE:FIRST,https://www.billboard-japan.com/charts/detail?a=dlsongs&year=2023&month=10&day=23
2023,dlsongs,2023-10-18,71,Subtitle,Official髭男dism,https://www.billboard-japan.com/charts/detail?a=dlsongs&year=2023&month=10&day=23
2023,dlsongs,2023-10-18,72,Workin' Hard,藤井風,https://www.billboard-japan.com/charts/detail?a=dlsongs&year=2023&month=10&day=23
2023,dlsongs,2023-10-18,73,愛の花,あいみょん,https://www.billboard-japan.com/charts/detail?a=dlsongs&year=2023&month=10&day=23
2023,dlsongs,2023-10-18,74,新時代 (ウタ from ONE PIECE FILM RED),Ado,https://www.billboard-japan.com/charts/detail?a=dlsongs&year=2023&month=10&day=23
2023,dlsongs,2023-10-18,75,それを愛と呼ぶなら,Uru,https://www.billboard-japan.com/charts/detail?a=dlsongs&year=2023&month=10&day=23
2023,dlsongs,2023-10-18,76,ミックスナッツ,Official髭男dism,https://www.billboard-japan.com/charts/detail?a=dlsongs&year=2023&month=10&day=23
2023,dlsongs,2023-10-18,77,地球儀,米津玄師,https://www.billboard-japan.com/charts/detail?a=dlsongs&year=2023&month=10&day=23
2023,dlsongs,2023-10-18,78,Fact Check,NCT 127,https://www.billboard-japan.com/charts/detail?a=dlsongs&year=2023&month=10&day=23
2023,dlsongs,2023-10-18,79,Butter-Fly,和田光司,https://www.billboard-japan.com/charts/detail?a=dlsongs&year=2023&month=10&day=23
2023,dlsongs,2023-10-18,80,R.I.P.,ReoNa,https://www.billboard-japan.com/charts/detail?a=dlsongs&year=2023&month=10&day=23
2023,dlsongs,2023-10-18,81,KICK BACK,米津玄師,https://www.billboard-japan.com/charts/detail?a=dlsongs&year=2023&month=10&day=23
2023,dlsongs,2023-10-18,82,いけないfool logic,UNISON SQUARE GARDEN,https://www.billboard-japan.com/charts/detail?a=dlsongs&year=2023&month=10&day=23
2023,dlsongs,2023-10-18,83,サマータイムシンデレラ,緑黄色社会,https://www.billboard-japan.com/charts/detail?a=dlsongs&year=2023&month=10&day=23
2023,dlsongs,2023-10-18,84,美少女無罪(ハート)パイレーツ,宝鐘マリン,https://www.billboard-japan.com/charts/detail?a=dlsongs&year=2023&month=10&day=23
2023,dlsongs,2023-10-18,85,BINKAN,家入レオ,https://www.billboard-japan.com/charts/detail?a=dlsongs&year=2023&month=10&day=23
2023,dlsongs,2023-10-18,86,ロストシャイン,キタサンブラック(矢野妃菜喜),https://www.billboard-japan.com/charts/detail?a=dlsongs&year=2023&month=10&day=23
2023,dlsongs,2023-10-18,87,うれしくて,いきものがかり,https://www.billboard-japan.com/charts/detail?a=dlsongs&year=2023&month=10&day=23
2023,dlsongs,2023-10-18,88,ネイビーオレンジ,ユニコーン,https://www.billboard-japan.com/charts/detail?a=dlsongs&year=2023&month=10&day=23
2023,dlsongs,2023-10-18,89,BROKEN GAMES,FZMZ,https://www.billboard-japan.com/charts/detail?a=dlsongs&year=2023&month=10&day=23
2023,dlsongs,2023-10-18,90,インフェルノ,Mrs.GREEN APPLE,https://www.billboard-japan.com/charts/detail?a=dlsongs&year=2023&month=10&day=23
2023,dlsongs,2023-10-18,91,メフィスト,女王蜂,https://www.billboard-japan.com/charts/detail?a=dlsongs&year=2023&month=10&day=23
2023,dlsongs,2023-10-18,92,Bokeh,ぽんぽこ,https://www.billboard-japan.com/charts/detail?a=dlsongs&year=2023&month=10&day=23
2023,dlsongs,2023-10-18,93,Baddie,IVE,https://www.billboard-japan.com/charts/detail?a=dlsongs&year=2023&month=10&day=23
2023,dlsongs,2023-10-18,94,スターマイン,Da-iCE,https://www.billboard-japan.com/charts/detail?a=dlsongs&year=2023&month=10&day=23
2023,dlsongs,2023-10-18,95,spiral,LONGMAN,https://www.billboard-japan.com/charts/detail?a=dlsongs&year=2023&month=10&day=23
2023,dlsongs,2023-10-18,96,私は最強 (ウタ from ONE PIECE FILM RED),Ado,https://www.billboard-japan.com/charts/detail?a=dlsongs&year=2023&month=10&day=23
2023,dlsongs,2023-10-18,96,虹,菅田将暉,https://www.billboard-japan.com/charts/detail?a=dlsongs&year=2023&month=10&day=23
2023,dlsongs,2023-10-18,98,キリエ・憐れみの讃歌,Kyrie,https://www.billboard-japan.com/charts/detail?a=dlsongs&year=2023&month=10&day=23
2023,dlsongs,2023-10-18,99,ホワイトノイズ,Official髭男dism,https://www.billboard-japan.com/charts/detail?a=dlsongs&year=2023&month=10&day=23
2023,dlsongs,2023-10-18,100,私が笑う理由は,ASCA,https://www.billboard-japan.com/charts/detail?a=dlsongs&year=2023&month=10&day=23
2023,dlsongs,2023-10-25,1,唱,Ado,https://www.billboard-japan.com/charts/detail?a=dlsongs&year=2023&month=10&day=30
2023,dlsongs,2023-10-25,2,SWITCHing,IMP.,https://www.billboard-japan.com/charts/detail?a=dlsongs&year=2023&month=10&day=30
2023,dlsongs,2023-10-25,3,勇者,YOASOBI,https://www.billboard-japan.com/charts/detail?a=dlsongs&year=2023&month=10&day=30
2023,dlsongs,2023-10-25,4,Carnival,MAZZEL,https://www.billboard-japan.com/charts/detail?a=dlsongs&year=2023&month=10&day=30
2023,dlsongs,2023-10-25,5,花,藤井風,https://www.billboard-japan.com/charts/detail?a=dlsongs&year=2023&month=10&day=30
2023,dlsongs,2023-10-25,6,JUST DANCE!,Travis Japan,https://www.billboard-japan.com/charts/detail?a=dlsongs&year=2023&month=10&day=30
2023,dlsongs,2023-10-25,7,SPECIALZ,King Gnu,https://www.billboard-japan.com/charts/detail?a=dlsongs&year=2023&month=10&day=30
2023,dlsongs,2023-10-25,8,トゥー・マッチ,ザ・キッド・ラロイ×Jung Kook×セントラル・シー,https://www.billboard-japan.com/charts/detail?a=dlsongs&year=2023&month=10&day=30
2023,dlsongs,2023-10-25,9,クラクラ,Ado,https://www.billboard-japan.com/charts/detail?a=dlsongs&year=2023&month=10&day=30
2023,dlsongs,2023-10-25,10,アイドル,YOASOBI,https://www.billboard-japan.com/charts/detail?a=dlsongs&year=2023&month=10&day=30
2023,dlsongs,2023-10-25,11,オールナイトレディオ,Ado,https://www.billboard-japan.com/charts/detail?a=dlsongs&year=2023&month=10&day=30
2023,dlsongs,2023-10-25,12,JUNGLE FIRE feat. MOTSU,芹澤優,https://www.billboard-japan.com/charts/detail?a=dlsongs&year=2023&month=10&day=30
2023,dlsongs,2023-10-25,13,承認欲求,櫻坂46,https://www.billboard-japan.com/charts/detail?a=dlsongs&year=2023&month=10&day=30
2023,dlsongs,2023-10-25,14,青のすみか,キタニタツヤ,https://www.billboard-japan.com/charts/detail?a=dlsongs&year=2023&month=10&day=30
2023,dlsongs,2023-10-25,15,Anytime Anywhere,milet,https://www.billboard-japan.com/charts/detail?a=dlsongs&year=2023&month=10&day=30
2023,dlsongs,2023-10-25,16,最高到達点,SEKAI NO OWARI,https://www.billboard-japan.com/charts/detail?a=dlsongs&year=2023&month=10&day=30
2023,dlsongs,2023-10-25,17,Eyes On Me (feat. R3HAB),JO1,https://www.billboard-japan.com/charts/detail?a=dlsongs&year=2023&month=10&day=30
2023,dlsongs,2023-10-25,18,01,女王蜂,https://www.billboard-japan.com/charts/detail?a=dlsongs&year=2023&month=10&day=30
2023,dlsongs,2023-10-25,19,I'm a mess,MY FIRST STORY,https://www.billboard-japan.com/charts/detail?a=dlsongs&year=2023&month=10&day=30
2023,dlsongs,2023-10-25,20,Re方程式,10-FEET,https://www.billboard-japan.com/charts/detail?a=dlsongs&year=2023&month=10&day=30
2023,dlsongs,2023-10-25,21,怪獣の花唄,Vaundy,https://www.billboard-japan.com/charts/detail?a=dlsongs&year=2023&month=10&day=30
2023,dlsongs,2023-10-25,22,奏(かなで),スキマスイッチ,https://www.billboard-japan.com/charts/detail?a=dlsongs&year=2023&month=10&day=30
2023,dlsongs,2023-10-25,23,トドメの一撃 (feat. Cory Wong),Vaundy,https://www.billboard-japan.com/charts/detail?a=dlsongs&year=2023&month=10&day=30
2023,dlsongs,2023-10-25,24,more than words,羊文学,https://www.billboard-japan.com/charts/detail?a=dlsongs&year=2023&month=10&day=30
2023,dlsongs,2023-10-25,25,ソシテミンナノ,キタサンブラック(矢野妃菜喜) & サトノダイヤモンド(立花日菜) & サトノクラウン(鈴代紗弓) & シュヴァルグラン(夏吉ゆうこ) & サウンズオブアース(MAKIKO) & ドゥラメンテ(秋奈),https://www.billboard-japan.com/charts/detail?a=dlsongs&year=2023&month=10&day=30
2023,dlsongs,2023-10-25,26,粛聖!! ロリ神レクイエム☆,しぐれうい,https://www.billboard-japan.com/charts/detail?a=dlsongs&year=2023&month=10&day=30
2023,dlsongs,2023-10-25,27,星の声,シャイニーカラーズ,https://www.billboard-japan.com/charts/detail?a=dlsongs&year=2023&month=10&day=30
2023,dlsongs,2023-10-25,28,SWITCHing early (Remix),IMP.,https://www.billboard-japan.com/charts/detail?a=dlsongs&year=2023&month=10&day=30
2023,dlsongs,2023-10-25,29,SWITCHing day (Remix),IMP.,https://www.billboard-japan.com/charts/detail?a=dlsongs&year=2023&month=10&day=30
2023,dlsongs,2023-10-25,30,第ゼロ感,10-FEET,https://www.billboard-japan.com/charts/detail?a=dlsongs&year=2023&month=10&day=30
2023,dlsongs,2023-10-25,31,ANTENNA,Mrs.GREEN APPLE,https://www.billboard-japan.com/charts/detail?a=dlsongs&year=2023&month=10&day=30
2023,dlsongs,2023-10-25,32,月光浴,ヨルシカ,https://www.billboard-japan.com/charts/detail?a=dlsongs&year=2023&month=10&day=30
2023,dlsongs,2023-10-25,33,聖徳太子,水曜日のカンパネラ,https://www.billboard-japan.com/charts/detail?a=dlsongs&year=2023&month=10&day=30
2023,dlsongs,2023-10-25,34,宝石,玉井詩織,https://www.billboard-japan.com/charts/detail?a=dlsongs&year=2023&month=10&day=30
2023,dlsongs,2023-10-25,35,オトナブルー,新しい学校のリーダーズ,https://www.billboard-japan.com/charts/detail?a=dlsongs&year=2023&month=10&day=30
2023,dlsongs,2023-10-25,36,晩餐歌,tuki.,https://www.billboard-japan.com/charts/detail?a=dlsongs&year=2023&month=10&day=30
2023,dlsongs,2023-10-25,37,ランデヴー,シャイトープ,https://www.billboard-japan.com/charts/detail?a=dlsongs&year=2023&month=10&day=30
2023,dlsongs,2023-10-25,38,ダンスホール,Mrs.GREEN APPLE,https://www.billboard-japan.com/charts/detail?a=dlsongs&year=2023&month=10&day=30
2023,dlsongs,2023-10-25,39,Red Liberation,fripSide,https://www.billboard-japan.com/charts/detail?a=dlsongs&year=2023&month=10&day=30
2023,dlsongs,2023-10-25,40,チャンピオン,アリス,https://www.billboard-japan.com/charts/detail?a=dlsongs&year=2023&month=10&day=30
2023,dlsongs,2023-10-25,41,いい日旅立ち,谷村新司,https://www.billboard-japan.com/charts/detail?a=dlsongs&year=2023&month=10&day=30
2023,dlsongs,2023-10-25,42,3D (feat. Jack Harlow),Jung Kook,https://www.billboard-japan.com/charts/detail?a=dlsongs&year=2023&month=10&day=30
2023,dlsongs,2023-10-25,43,DIGNITY,Ado,https://www.billboard-japan.com/charts/detail?a=dlsongs&year=2023&month=10&day=30
2023,dlsongs,2023-10-25,44,ミライどんなだろう,Mitchie M,https://www.billboard-japan.com/charts/detail?a=dlsongs&year=2023&month=10&day=30
2023,dlsongs,2023-10-25,45,ナイモノネダリ,Da-iCE,https://www.billboard-japan.com/charts/detail?a=dlsongs&year=2023&month=10&day=30
2023,dlsongs,2023-10-25,46,Tokyo Calling,新しい学校のリーダーズ,https://www.billboard-japan.com/charts/detail?a=dlsongs&year=2023&month=10&day=30
2023,dlsongs,2023-10-25,47,grayscale dorminator,OxT,https://www.billboard-japan.com/charts/detail?a=dlsongs&year=2023&month=10&day=30
2023,dlsongs,2023-10-25,48,サライ(Shinji Tanimura with PIANO MY NOTE),谷村新司,https://www.billboard-japan.com/charts/detail?a=dlsongs&year=2023&month=10&day=30
2023,dlsongs,2023-10-25,49,オール・マイ・ライフ (feat. J.コール),リル・ダーク,https://www.billboard-japan.com/charts/detail?a=dlsongs&year=2023&month=10&day=30
2023,dlsongs,2023-10-25,50,Relay〜杜の詩,サザンオールスターズ,https://www.billboard-japan.com/charts/detail?a=dlsongs&year=2023&month=10&day=30
2023,dlsongs,2023-10-25,51,キリエ・憐れみの讃歌,Kyrie,https://www.billboard-japan.com/charts/detail?a=dlsongs&year=2023&month=10&day=30
2023,dlsongs,2023-10-25,52,Baddie,IVE,https://www.billboard-japan.com/charts/detail?a=dlsongs&year=2023&month=10&day=30
2023,dlsongs,2023-10-25,53,くだらないや,コメティック,https://www.billboard-japan.com/charts/detail?a=dlsongs&year=2023&month=10&day=30
2023,dlsongs,2023-10-25,54,向日葵,Ado,https://www.billboard-japan.com/charts/detail?a=dlsongs&year=2023&month=10&day=30
2023,dlsongs,2023-10-25,55,絆ノ奇跡,MAN WITH A MISSION×milet,https://www.billboard-japan.com/charts/detail?a=dlsongs&year=2023&month=10&day=30
2023,dlsongs,2023-10-25,56,隙間風よ,櫻坂46,https://www.billboard-japan.com/charts/detail?a=dlsongs&year=2023&month=10&day=30
2023,dlsongs,2023-10-25,57,SWEETEST BITE,シーズ,https://www.billboard-japan.com/charts/detail?a=dlsongs&year=2023&month=10&day=30
2023,dlsongs,2023-10-25,58,新時代 (ウタ from ONE PIECE FILM RED),Ado,https://www.billboard-japan.com/charts/detail?a=dlsongs&year=2023&month=10&day=30
2023,dlsongs,2023-10-25,59,Subtitle,Official髭男dism,https://www.billboard-japan.com/charts/detail?a=dlsongs&year=2023&month=10&day=30
2023,dlsongs,2023-10-25,60,UP TO ME!,Little Glee Monster,https://www.billboard-japan.com/charts/detail?a=dlsongs&year=2023&month=10&day=30
2023,dlsongs,2023-10-25,61,日常,Official髭男dism,https://www.billboard-japan.com/charts/detail?a=dlsongs&year=2023&month=10&day=30
2023,dlsongs,2023-10-25,62,Mainstream,BE:FIRST,https://www.billboard-japan.com/charts/detail?a=dlsongs&year=2023&month=10&day=30
2023,dlsongs,2023-10-25,63,Magic,Mrs.GREEN APPLE,https://www.billboard-japan.com/charts/detail?a=dlsongs&year=2023&month=10&day=30
2023,dlsongs,2023-10-25,64,ミックスナッツ,Official髭男dism,https://www.billboard-japan.com/charts/detail?a=dlsongs&year=2023&month=10&day=30
2023,dlsongs,2023-10-25,65,夜に駆ける,YOASOBI,https://www.billboard-japan.com/charts/detail?a=dlsongs&year=2023&month=10&day=30
2023,dlsongs,2023-10-25,66,Forbidden Paradise,シーズ,https://www.billboard-japan.com/charts/detail?a=dlsongs&year=2023&month=10&day=30
2023,dlsongs,2023-10-25,67,ケセラセラ,Mrs.GREEN APPLE,https://www.billboard-japan.com/charts/detail?a=dlsongs&year=2023&month=10&day=30
2023,dlsongs,2023-10-25,68,White Story,シーズ,https://www.billboard-japan.com/charts/detail?a=dlsongs&year=2023&month=10&day=30
2023,dlsongs,2023-10-25,69,全力少年,スキマスイッチ,https://www.billboard-japan.com/charts/detail?a=dlsongs&year=2023&month=10&day=30
2023,dlsongs,2023-10-25,70,Seven (feat. Latto),Jung Kook,https://www.billboard-japan.com/charts/detail?a=dlsongs&year=2023&month=10&day=30
2023,dlsongs,2023-10-25,71,BROKEN GAMES,FZMZ,https://www.billboard-japan.com/charts/detail?a=dlsongs&year=2023&month=10&day=30
2023,dlsongs,2023-10-25,72,るろうの形代,菅田将暉×東京スカパラダイスオーケストラ,https://www.billboard-japan.com/charts/detail?a=dlsongs&year=2023&month=10&day=30
2023,dlsongs,2023-10-25,73,燈,崎山蒼志,https://www.billboard-japan.com/charts/detail?a=dlsongs&year=2023&month=10&day=30
2023,dlsongs,2023-10-25,74,遠くで汽笛を聞きながら,アリス,https://www.billboard-japan.com/charts/detail?a=dlsongs&year=2023&month=10&day=30
2023,dlsongs,2023-10-25,74,Way Back Home,SHAUN,https://www.billboard-japan.com/charts/detail?a=dlsongs&year=2023&month=10&day=30
2023,dlsongs,2023-10-25,76,硝子窓,King Gnu,https://www.billboard-japan.com/charts/detail?a=dlsongs&year=2023&month=10&day=30
2023,dlsongs,2023-10-25,77,サライ,谷村新司&加山雄三,https://www.billboard-japan.com/charts/detail?a=dlsongs&year=2023&month=10&day=30
2023,dlsongs,2023-10-25,78,アコガレChallenge Dash!!,キタサンブラック(矢野妃菜喜)、スペシャルウィーク(和氣あず未)、サイレンススズカ(高野麻里佳)、トウカイテイオー(Machico)、ウオッカ(大橋彩香)、ダイワスカーレット(木村千咲)、ゴールドシッ,https://www.billboard-japan.com/charts/detail?a=dlsongs&year=2023&month=10&day=30
2023,dlsongs,2023-10-25,79,青と夏,Mrs.GREEN APPLE,https://www.billboard-japan.com/charts/detail?a=dlsongs&year=2023&month=10&day=30
2023,dlsongs,2023-10-25,80,冬の稲妻,アリス,https://www.billboard-japan.com/charts/detail?a=dlsongs&year=2023&month=10&day=30
2023,dlsongs,2023-10-25,81,SIN,MADKID,https://www.billboard-japan.com/charts/detail?a=dlsongs&year=2023&month=10&day=30
2023,dlsongs,2023-10-25,82,好きにしなよ,Anly,https://www.billboard-japan.com/charts/detail?a=dlsongs&year=2023&month=10&day=30
2023,dlsongs,2023-10-25,83,Surges,Orangestar (feat.夏背 & ルワン),https://www.billboard-japan.com/charts/detail?a=dlsongs&year=2023&month=10&day=30
2023,dlsongs,2023-10-25,84,Black Crack,葛葉,https://www.billboard-japan.com/charts/detail?a=dlsongs&year=2023&month=10&day=30
2023,dlsongs,2023-10-25,85,ソングオブザデッド,KANA-BOON,https://www.billboard-japan.com/charts/detail?a=dlsongs&year=2023&month=10&day=30
2023,dlsongs,2023-10-25,86,パレード(MIROIRS〜AQUAの地球),宝塚歌劇団雪組,https://www.billboard-japan.com/charts/detail?a=dlsongs&year=2023&month=10&day=30
2023,dlsongs,2023-10-25,87,美少女無罪(ハート)パイレーツ,宝鐘マリン,https://www.billboard-japan.com/charts/detail?a=dlsongs&year=2023&month=10&day=30
2023,dlsongs,2023-10-25,88,ハッピーエンドプリンセス,上坂すみれ,https://www.billboard-japan.com/charts/detail?a=dlsongs&year=2023&month=10&day=30
2023,dlsongs,2023-10-25,89,群青,YOASOBI,https://www.billboard-japan.com/charts/detail?a=dlsongs&year=2023&month=10&day=30
2023,dlsongs,2023-10-25,90,水平線,back number,https://www.billboard-japan.com/charts/detail?a=dlsongs&year=2023&month=10&day=30
2023,dlsongs,2023-10-25,91,ボルテッカー,DECO*27,https://www.billboard-japan.com/charts/detail?a=dlsongs&year=2023&month=10&day=30
2023,dlsongs,2023-10-25,92,With,幾田りら,https://www.billboard-japan.com/charts/detail?a=dlsongs&year=2023&month=10&day=30
2023,dlsongs,2023-10-25,92,大大大大大好きな君へ(ハート),"花園羽香里(本渡楓),院田唐音(富田美憂),好本静(長縄まりあ),栄逢凪乃(瀬戸麻沙美),薬膳楠莉(朝井彩加)",https://www.billboard-japan.com/charts/detail?a=dlsongs&year=2023&month=10&day=30
2023,dlsongs,2023-10-25,94,ノット・オーケー,あいみょん,https://www.billboard-japan.com/charts/detail?a=dlsongs&year=2023&month=10&day=30
2023,dlsongs,2023-10-25,95,美しい鰭,スピッツ,https://www.billboard-japan.com/charts/detail?a=dlsongs&year=2023&month=10&day=30
2023,dlsongs,2023-10-25,96,All eyes on me,"ギルガメッシュ(大塚剛央),皇麗夢(豊永利行),緋野天魔(小野賢章)",https://www.billboard-japan.com/charts/detail?a=dlsongs&year=2023&month=10&day=30
2023,dlsongs,2023-10-25,97,祝福,YOASOBI,https://www.billboard-japan.com/charts/detail?a=dlsongs&year=2023&month=10&day=30
2023,dlsongs,2023-10-25,98,ホワイトノイズ,Official髭男dism,https://www.billboard-japan.com/charts/detail?a=dlsongs&year=2023&month=10&day=30
2023,dlsongs,2023-10-25,99,それを愛と呼ぶなら,Uru,https://www.billboard-japan.com/charts/detail?a=dlsongs&year=2023&month=10&day=30
2023,dlsongs,2023-10-25,100,愛の花,あいみょん,https://www.billboard-japan.com/charts/detail?a=dlsongs&year=2023&month=10&day=30
2023,dlsongs,2023-11-01,1,Ready to Jump,Hey!Say!JUMP,https://www.billboard-japan.com/charts/detail?a=dlsongs&year=2023&month=11&day=06
2023,dlsongs,2023-11-01,2,唱,Ado,https://www.billboard-japan.com/charts/detail?a=dlsongs&year=2023&month=11&day=06
2023,dlsongs,2023-11-01,3,勇者,YOASOBI,https://www.billboard-japan.com/charts/detail?a=dlsongs&year=2023&month=11&day=06
2023,dlsongs,2023-11-01,4,Slow Dancing,V,https://www.billboard-japan.com/charts/detail?a=dlsongs&year=2023&month=11&day=06
2023,dlsongs,2023-11-01,5,SPECIALZ,King Gnu,https://www.billboard-japan.com/charts/detail?a=dlsongs&year=2023&month=11&day=06
2023,dlsongs,2023-11-01,6,When You Were Mine,Nissy(西島隆弘),https://www.billboard-japan.com/charts/detail?a=dlsongs&year=2023&month=11&day=06
2023,dlsongs,2023-11-01,7,花になって,緑黄色社会,https://www.billboard-japan.com/charts/detail?a=dlsongs&year=2023&month=11&day=06
2023,dlsongs,2023-11-01,8,花,藤井風,https://www.billboard-japan.com/charts/detail?a=dlsongs&year=2023&month=11&day=06
2023,dlsongs,2023-11-01,9,クラクラ,Ado,https://www.billboard-japan.com/charts/detail?a=dlsongs&year=2023&month=11&day=06
2023,dlsongs,2023-11-01,10,Walking with you,Novelbright,https://www.billboard-japan.com/charts/detail?a=dlsongs&year=2023&month=11&day=06
2023,dlsongs,2023-11-01,11,アイドル,YOASOBI,https://www.billboard-japan.com/charts/detail?a=dlsongs&year=2023&month=11&day=06
2023,dlsongs,2023-11-01,12,すっごいFEVER!,モーニング娘。'23,https://www.billboard-japan.com/charts/detail?a=dlsongs&year=2023&month=11&day=06
2023,dlsongs,2023-11-01,13,あなたに,Mrs.GREEN APPLE,https://www.billboard-japan.com/charts/detail?a=dlsongs&year=2023&month=11&day=06
2023,dlsongs,2023-11-01,14,Wake-up Call〜目覚めるとき〜,モーニング娘。'23,https://www.billboard-japan.com/charts/detail?a=dlsongs&year=2023&month=11&day=06
2023,dlsongs,2023-11-01,15,DEAR MY LOVER,Hey!Say!JUMP,https://www.billboard-japan.com/charts/detail?a=dlsongs&year=2023&month=11&day=06
2023,dlsongs,2023-11-01,16,Perfect Night,LE SSERAFIM,https://www.billboard-japan.com/charts/detail?a=dlsongs&year=2023&month=11&day=06
2023,dlsongs,2023-11-01,17,Blooming Baby,鳳瑛二(内田雄馬),https://www.billboard-japan.com/charts/detail?a=dlsongs&year=2023&month=11&day=06
2023,dlsongs,2023-11-01,18,最高到達点,SEKAI NO OWARI,https://www.billboard-japan.com/charts/detail?a=dlsongs&year=2023&month=11&day=06
2023,dlsongs,2023-11-01,19,JUNGLE FIRE feat. MOTSU,芹澤優,https://www.billboard-japan.com/charts/detail?a=dlsongs&year=2023&month=11&day=06
2023,dlsongs,2023-11-01,20,青のすみか,キタニタツヤ,https://www.billboard-japan.com/charts/detail?a=dlsongs&year=2023&month=11&day=06
2023,dlsongs,2023-11-01,21,Anytime Anywhere,milet,https://www.billboard-japan.com/charts/detail?a=dlsongs&year=2023&month=11&day=06
2023,dlsongs,2023-11-01,22,それぞれ。,Hey!Say!JUMP,https://www.billboard-japan.com/charts/detail?a=dlsongs&year=2023&month=11&day=06
2023,dlsongs,2023-11-01,23,だいすきなきみへ,Hey!Say!JUMP,https://www.billboard-japan.com/charts/detail?a=dlsongs&year=2023&month=11&day=06
2023,dlsongs,2023-11-01,24,Midnight Mission,Midnight Grand Orchestra,https://www.billboard-japan.com/charts/detail?a=dlsongs&year=2023&month=11&day=06
2023,dlsongs,2023-11-01,25,Slow Dancing (FRNK Remix),V,https://www.billboard-japan.com/charts/detail?a=dlsongs&year=2023&month=11&day=06
2023,dlsongs,2023-11-01,26,誓い未来,ももいろクローバーZ,https://www.billboard-japan.com/charts/detail?a=dlsongs&year=2023&month=11&day=06
2023,dlsongs,2023-11-01,27,REFRAIN REL@TION,MILLIONSTARS Team8th,https://www.billboard-japan.com/charts/detail?a=dlsongs&year=2023&month=11&day=06
2023,dlsongs,2023-11-01,28,more than words,羊文学,https://www.billboard-japan.com/charts/detail?a=dlsongs&year=2023&month=11&day=06
2023,dlsongs,2023-11-01,29,ハロ,yama & ぼっちぼろまる,https://www.billboard-japan.com/charts/detail?a=dlsongs&year=2023&month=11&day=06
2023,dlsongs,2023-11-01,30,オールナイトレディオ,Ado,https://www.billboard-japan.com/charts/detail?a=dlsongs&year=2023&month=11&day=06
2023,dlsongs,2023-11-01,31,Slow Dancing (CAUTIOUS CLAY REMIX),V,https://www.billboard-japan.com/charts/detail?a=dlsongs&year=2023&month=11&day=06
2023,dlsongs,2023-11-01,32,I'm a mess,MY FIRST STORY,https://www.billboard-japan.com/charts/detail?a=dlsongs&year=2023&month=11&day=06
2023,dlsongs,2023-11-01,33,アイコトバ,アイナ・ジ・エンド,https://www.billboard-japan.com/charts/detail?a=dlsongs&year=2023&month=11&day=06
2023,dlsongs,2023-11-01,34,ランデヴー,シャイトープ,https://www.billboard-japan.com/charts/detail?a=dlsongs&year=2023&month=11&day=06
2023,dlsongs,2023-11-01,35,Surges,Orangestar (feat.夏背 & ルワン),https://www.billboard-japan.com/charts/detail?a=dlsongs&year=2023&month=11&day=06
2023,dlsongs,2023-11-01,36,オレンジノキオク,MILLIONSTARS Team3rd,https://www.billboard-japan.com/charts/detail?a=dlsongs&year=2023&month=11&day=06
2023,dlsongs,2023-11-01,37,バトンタッチ,MILLIONSTARS Team5th,https://www.billboard-japan.com/charts/detail?a=dlsongs&year=2023&month=11&day=06
2023,dlsongs,2023-11-01,38,怪獣の花唄,Vaundy,https://www.billboard-japan.com/charts/detail?a=dlsongs&year=2023&month=11&day=06
2023,dlsongs,2023-11-01,39,ポケットのモンスター,ピノキオピー,https://www.billboard-japan.com/charts/detail?a=dlsongs&year=2023&month=11&day=06
2023,dlsongs,2023-11-01,40,Neverending Shine,モーニング娘。'23 feat.譜久村聖,https://www.billboard-japan.com/charts/detail?a=dlsongs&year=2023&month=11&day=06
2023,dlsongs,2023-11-01,41,01,女王蜂,https://www.billboard-japan.com/charts/detail?a=dlsongs&year=2023&month=11&day=06
2023,dlsongs,2023-11-01,41,トワラー,MILLIONSTARS Team7th,https://www.billboard-japan.com/charts/detail?a=dlsongs&year=2023&month=11&day=06
2023,dlsongs,2023-11-01,43,Unknown Boxの開き方,MILLIONSTARS Team6th,https://www.billboard-japan.com/charts/detail?a=dlsongs&year=2023&month=11&day=06
2023,dlsongs,2023-11-01,44,粛聖!! ロリ神レクイエム☆,しぐれうい,https://www.billboard-japan.com/charts/detail?a=dlsongs&year=2023&month=11&day=06
2023,dlsongs,2023-11-01,45,雪月風花,高橋優,https://www.billboard-japan.com/charts/detail?a=dlsongs&year=2023&month=11&day=06
2023,dlsongs,2023-11-01,46,トドメの一撃 (feat. Cory Wong),Vaundy,https://www.billboard-japan.com/charts/detail?a=dlsongs&year=2023&month=11&day=06
2023,dlsongs,2023-11-01,47,Re方程式,10-FEET,https://www.billboard-japan.com/charts/detail?a=dlsongs&year=2023&month=11&day=06
2023,dlsongs,2023-11-01,48,第ゼロ感,10-FEET,https://www.billboard-japan.com/charts/detail?a=dlsongs&year=2023&month=11&day=06
2023,dlsongs,2023-11-01,49,オトナブルー,新しい学校のリーダーズ,https://www.billboard-japan.com/charts/detail?a=dlsongs&year=2023&month=11&day=06
2023,dlsongs,2023-11-01,50,ひつじがいっぴき,Vivid BAD SQUAD,https://www.billboard-japan.com/charts/detail?a=dlsongs&year=2023&month=11&day=06
2023,dlsongs,2023-11-01,51,God of Music,SEVENTEEN,https://www.billboard-japan.com/charts/detail?a=dlsongs&year=2023&month=11&day=06
2023,dlsongs,2023-11-01,52,花束のかわりにメロディーを,清水翔太,https://www.billboard-japan.com/charts/detail?a=dlsongs&year=2023&month=11&day=06
2023,dlsongs,2023-11-01,53,硝子窓,King Gnu,https://www.billboard-japan.com/charts/detail?a=dlsongs&year=2023&month=11&day=06
2023,dlsongs,2023-11-01,54,晩餐歌,tuki.,https://www.billboard-japan.com/charts/detail?a=dlsongs&year=2023&month=11&day=06
2023,dlsongs,2023-11-01,55,Red Liberation,fripSide,https://www.billboard-japan.com/charts/detail?a=dlsongs&year=2023&month=11&day=06
2023,dlsongs,2023-11-01,56,KICK BACK,米津玄師,https://www.billboard-japan.com/charts/detail?a=dlsongs&year=2023&month=11&day=06
2023,dlsongs,2023-11-01,57,最強の推し!,鈴木愛理,https://www.billboard-japan.com/charts/detail?a=dlsongs&year=2023&month=11&day=06
2023,dlsongs,2023-11-01,58,"Higher (feat. YZERR, Tiji Jojo, eyden, Bonbero & SEEDA) [Remix]",\ellow Bucks,https://www.billboard-japan.com/charts/detail?a=dlsongs&year=2023&month=11&day=06
2023,dlsongs,2023-11-01,59,昴,谷村新司,https://www.billboard-japan.com/charts/detail?a=dlsongs&year=2023&month=11&day=06
2023,dlsongs,2023-11-01,60,下剋上,Vivid BAD SQUAD,https://www.billboard-japan.com/charts/detail?a=dlsongs&year=2023&month=11&day=06
2023,dlsongs,2023-11-01,61,ダンスホール,Mrs.GREEN APPLE,https://www.billboard-japan.com/charts/detail?a=dlsongs&year=2023&month=11&day=06
2023,dlsongs,2023-11-01,62,ANTENNA,Mrs.GREEN APPLE,https://www.billboard-japan.com/charts/detail?a=dlsongs&year=2023&month=11&day=06
2023,dlsongs,2023-11-01,63,承認欲求,櫻坂46,https://www.billboard-japan.com/charts/detail?a=dlsongs&year=2023&month=11&day=06
2023,dlsongs,2023-11-01,64,ソシテミンナノ,キタサンブラック(矢野妃菜喜) & サトノダイヤモンド(立花日菜) & サトノクラウン(鈴代紗弓) & シュヴァルグラン(夏吉ゆうこ) & サウンズオブアース(MAKIKO) & ドゥラメンテ(秋奈),https://www.billboard-japan.com/charts/detail?a=dlsongs&year=2023&month=11&day=06
2023,dlsongs,2023-11-01,65,月が綺麗だ。,甲斐田晴,https://www.billboard-japan.com/charts/detail?a=dlsongs&year=2023&month=11&day=06
2023,dlsongs,2023-11-01,66,解夏傀儡,真壁瑞希(阿部里果) & 馬場このみ(高橋ミナミ) & 四条貴音(原由実) & 周防桃子(渡部恵子) & 中谷育(原嶋あかり),https://www.billboard-japan.com/charts/detail?a=dlsongs&year=2023&month=11&day=06
2023,dlsongs,2023-11-01,67,Eyes On Me (feat. R3HAB),JO1,https://www.billboard-japan.com/charts/detail?a=dlsongs&year=2023&month=11&day=06
2023,dlsongs,2023-11-01,68,DIGNITY,Ado,https://www.billboard-japan.com/charts/detail?a=dlsongs&year=2023&month=11&day=06
2023,dlsongs,2023-11-01,69,Talk Saxy,RIIZE,https://www.billboard-japan.com/charts/detail?a=dlsongs&year=2023&month=11&day=06
2023,dlsongs,2023-11-01,70,B.O.M.B (KABOOM ver.),TREASURE,https://www.billboard-japan.com/charts/detail?a=dlsongs&year=2023&month=11&day=06
2023,dlsongs,2023-11-01,71,新時代 (ウタ from ONE PIECE FILM RED),Ado,https://www.billboard-japan.com/charts/detail?a=dlsongs&year=2023&month=11&day=06
2023,dlsongs,2023-11-01,72,Subtitle,Official髭男dism,https://www.billboard-japan.com/charts/detail?a=dlsongs&year=2023&month=11&day=06
2023,dlsongs,2023-11-01,73,向日葵,Ado,https://www.billboard-japan.com/charts/detail?a=dlsongs&year=2023&month=11&day=06
2023,dlsongs,2023-11-01,74,ツバサグラビティ,シャイニーカラーズ,https://www.billboard-japan.com/charts/detail?a=dlsongs&year=2023&month=11&day=06
2023,dlsongs,2023-11-01,75,ダンシング・オールナイト,もんた&ブラザーズ,https://www.billboard-japan.com/charts/detail?a=dlsongs&year=2023&month=11&day=06
2023,dlsongs,2023-11-01,76,地球儀,米津玄師,https://www.billboard-japan.com/charts/detail?a=dlsongs&year=2023&month=11&day=06
2023,dlsongs,2023-11-01,77,grayscale dorminator,OxT,https://www.billboard-japan.com/charts/detail?a=dlsongs&year=2023&month=11&day=06
2023,dlsongs,2023-11-01,78,Temperature (Prod. JP THE WAVY),PSYCHIC FEVER from EXILE TRIBE,https://www.billboard-japan.com/charts/detail?a=dlsongs&year=2023&month=11&day=06
2023,dlsongs,2023-11-01,79,GO FOR IT!!,315 STARS,https://www.billboard-japan.com/charts/detail?a=dlsongs&year=2023&month=11&day=06
2023,dlsongs,2023-11-01,80,UP TO ME!,Little Glee Monster,https://www.billboard-japan.com/charts/detail?a=dlsongs&year=2023&month=11&day=06
2023,dlsongs,2023-11-01,81,聖徳太子,水曜日のカンパネラ,https://www.billboard-japan.com/charts/detail?a=dlsongs&year=2023&month=11&day=06
2023,dlsongs,2023-11-01,82,奏(かなで),スキマスイッチ,https://www.billboard-japan.com/charts/detail?a=dlsongs&year=2023&month=11&day=06
2023,dlsongs,2023-11-01,83,JUST ONE MORE KISS,BUCK-TICK,https://www.billboard-japan.com/charts/detail?a=dlsongs&year=2023&month=11&day=06
2023,dlsongs,2023-11-01,83,絆ノ奇跡,MAN WITH A MISSION×milet,https://www.billboard-japan.com/charts/detail?a=dlsongs&year=2023&month=11&day=06
2023,dlsongs,2023-11-01,85,日常,Official髭男dism,https://www.billboard-japan.com/charts/detail?a=dlsongs&year=2023&month=11&day=06
2023,dlsongs,2023-11-01,86,トゥー・マッチ,ザ・キッド・ラロイ×Jung Kook×セントラル・シー,https://www.billboard-japan.com/charts/detail?a=dlsongs&year=2023&month=11&day=06
2023,dlsongs,2023-11-01,87,小さな恋のうた,WANIMA,https://www.billboard-japan.com/charts/detail?a=dlsongs&year=2023&month=11&day=06
2023,dlsongs,2023-11-01,88,Lycoris,Nornis,https://www.billboard-japan.com/charts/detail?a=dlsongs&year=2023&month=11&day=06
2023,dlsongs,2023-11-01,89,BROKEN GAMES,FZMZ,https://www.billboard-japan.com/charts/detail?a=dlsongs&year=2023&month=11&day=06
2023,dlsongs,2023-11-01,89,美しい鰭,スピッツ,https://www.billboard-japan.com/charts/detail?a=dlsongs&year=2023&month=11&day=06
2023,dlsongs,2023-11-01,91,バニラ,きゃない,https://www.billboard-japan.com/charts/detail?a=dlsongs&year=2023&month=11&day=06
2023,dlsongs,2023-11-01,92,Magic,Mrs.GREEN APPLE,https://www.billboard-japan.com/charts/detail?a=dlsongs&year=2023&month=11&day=06
2023,dlsongs,2023-11-01,93,Carnival,MAZZEL,https://www.billboard-japan.com/charts/detail?a=dlsongs&year=2023&month=11&day=06
2023,dlsongs,2023-11-01,93,ソングオブザデッド,KANA-BOON,https://www.billboard-japan.com/charts/detail?a=dlsongs&year=2023&month=11&day=06
2023,dlsongs,2023-11-01,95,Relay〜杜の詩,サザンオールスターズ,https://www.billboard-japan.com/charts/detail?a=dlsongs&year=2023&month=11&day=06
2023,dlsongs,2023-11-01,96,ケセラセラ,Mrs.GREEN APPLE,https://www.billboard-japan.com/charts/detail?a=dlsongs&year=2023&month=11&day=06
2023,dlsongs,2023-11-01,96,ミックスナッツ,Official髭男dism,https://www.billboard-japan.com/charts/detail?a=dlsongs&year=2023&month=11&day=06
2023,dlsongs,2023-11-01,98,Good Enough,CHANYEOL,https://www.billboard-japan.com/charts/detail?a=dlsongs&year=2023&month=11&day=06
2023,dlsongs,2023-11-01,99,奇跡の地球,桑田佳祐&Mr.Children,https://www.billboard-japan.com/charts/detail?a=dlsongs&year=2023&month=11&day=06
2023,dlsongs,2023-11-01,100,3D (feat. Jack Harlow),Jung Kook,https://www.billboard-japan.com/charts/detail?a=dlsongs&year=2023&month=11&day=06
2023,dlsongs,2023-11-08,1,唱,Ado,https://www.billboard-japan.com/charts/detail?a=dlsongs&year=2023&month=11&day=13
2023,dlsongs,2023-11-08,2,花になって,緑黄色社会,https://www.billboard-japan.com/charts/detail?a=dlsongs&year=2023&month=11&day=13
2023,dlsongs,2023-11-08,3,勇者,YOASOBI,https://www.billboard-japan.com/charts/detail?a=dlsongs&year=2023&month=11&day=13
2023,dlsongs,2023-11-08,4,花,藤井風,https://www.billboard-japan.com/charts/detail?a=dlsongs&year=2023&month=11&day=13
2023,dlsongs,2023-11-08,5,ナウ・アンド・ゼン,ザ・ビートルズ,https://www.billboard-japan.com/charts/detail?a=dlsongs&year=2023&month=11&day=13
2023,dlsongs,2023-11-08,6,HEARTRIS,NiziU,https://www.billboard-japan.com/charts/detail?a=dlsongs&year=2023&month=11&day=13
2023,dlsongs,2023-11-08,7,回れよ地球,20th Century,https://www.billboard-japan.com/charts/detail?a=dlsongs&year=2023&month=11&day=13
2023,dlsongs,2023-11-08,8,Standing Next to You,Jung Kook,https://www.billboard-japan.com/charts/detail?a=dlsongs&year=2023&month=11&day=13
2023,dlsongs,2023-11-08,9,あの空に立つ塔のように,大泉洋,https://www.billboard-japan.com/charts/detail?a=dlsongs&year=2023&month=11&day=13
2023,dlsongs,2023-11-08,10,SPECIALZ,King Gnu,https://www.billboard-japan.com/charts/detail?a=dlsongs&year=2023&month=11&day=13
2023,dlsongs,2023-11-08,11,すみっコディスコ,Perfume,https://www.billboard-japan.com/charts/detail?a=dlsongs&year=2023&month=11&day=13
2023,dlsongs,2023-11-08,12,クラクラ,Ado,https://www.billboard-japan.com/charts/detail?a=dlsongs&year=2023&month=11&day=13
2023,dlsongs,2023-11-08,13,アイドル,YOASOBI,https://www.billboard-japan.com/charts/detail?a=dlsongs&year=2023&month=11&day=13
2023,dlsongs,2023-11-08,14,Perfect Night,LE SSERAFIM,https://www.billboard-japan.com/charts/detail?a=dlsongs&year=2023&month=11&day=13
2023,dlsongs,2023-11-08,15,二千年... 若しくは... 二万年後の君へ…,Linked Horizon,https://www.billboard-japan.com/charts/detail?a=dlsongs&year=2023&month=11&day=13
2023,dlsongs,2023-11-08,16,いのちの名前,幾田りら,https://www.billboard-japan.com/charts/detail?a=dlsongs&year=2023&month=11&day=13
2023,dlsongs,2023-11-08,17,最高到達点,SEKAI NO OWARI,https://www.billboard-japan.com/charts/detail?a=dlsongs&year=2023&month=11&day=13
2023,dlsongs,2023-11-08,18,決心,SUPER BEAVER,https://www.billboard-japan.com/charts/detail?a=dlsongs&year=2023&month=11&day=13
2023,dlsongs,2023-11-08,19,Anytime Anywhere,milet,https://www.billboard-japan.com/charts/detail?a=dlsongs&year=2023&month=11&day=13
2023,dlsongs,2023-11-08,20,アイコトバ,アイナ・ジ・エンド,https://www.billboard-japan.com/charts/detail?a=dlsongs&year=2023&month=11&day=13
2023,dlsongs,2023-11-08,21,ランデヴー,シャイトープ,https://www.billboard-japan.com/charts/detail?a=dlsongs&year=2023&month=11&day=13
2023,dlsongs,2023-11-08,21,青のすみか,キタニタツヤ,https://www.billboard-japan.com/charts/detail?a=dlsongs&year=2023&month=11&day=13
2023,dlsongs,2023-11-08,23,Lucky Star,NiziU,https://www.billboard-japan.com/charts/detail?a=dlsongs&year=2023&month=11&day=13
2023,dlsongs,2023-11-08,24,Walking with you,Novelbright,https://www.billboard-japan.com/charts/detail?a=dlsongs&year=2023&month=11&day=13
2023,dlsongs,2023-11-08,25,JUNGLE FIRE feat. MOTSU,芹澤優,https://www.billboard-japan.com/charts/detail?a=dlsongs&year=2023&month=11&day=13
2023,dlsongs,2023-11-08,26,ひらり,GReeeeN,https://www.billboard-japan.com/charts/detail?a=dlsongs&year=2023&month=11&day=13
2023,dlsongs,2023-11-08,27,ターゲット〜赤い衝撃〜-THE BEGINNING Ver.-,和田光司,https://www.billboard-japan.com/charts/detail?a=dlsongs&year=2023&month=11&day=13
2023,dlsongs,2023-11-08,28,ハロ,yama × ぼっちぼろまる,https://www.billboard-japan.com/charts/detail?a=dlsongs&year=2023&month=11&day=13
2023,dlsongs,2023-11-08,29,小さな恋のうた,WANIMA,https://www.billboard-japan.com/charts/detail?a=dlsongs&year=2023&month=11&day=13
2023,dlsongs,2023-11-08,30,DREAMER,EIKO,https://www.billboard-japan.com/charts/detail?a=dlsongs&year=2023&month=11&day=13
2023,dlsongs,2023-11-08,31,Yes or No,Jung Kook,https://www.billboard-japan.com/charts/detail?a=dlsongs&year=2023&month=11&day=13
2023,dlsongs,2023-11-08,32,Hate You,Jung Kook,https://www.billboard-japan.com/charts/detail?a=dlsongs&year=2023&month=11&day=13
2023,dlsongs,2023-11-08,33,I'm a mess,MY FIRST STORY,https://www.billboard-japan.com/charts/detail?a=dlsongs&year=2023&month=11&day=13
2023,dlsongs,2023-11-08,34,D-ark L-ily's Grin,"速水奏(飯田友子),北条加蓮(渕上舞)",https://www.billboard-japan.com/charts/detail?a=dlsongs&year=2023&month=11&day=13
2023,dlsongs,2023-11-08,35,Too Sad to Dance,Jung Kook,https://www.billboard-japan.com/charts/detail?a=dlsongs&year=2023&month=11&day=13
2023,dlsongs,2023-11-08,36,Paradise,NiziU,https://www.billboard-japan.com/charts/detail?a=dlsongs&year=2023&month=11&day=13
2023,dlsongs,2023-11-08,37,ソシテミンナノ,キタサンブラック(矢野妃菜喜) & サトノダイヤモンド(立花日菜) & サトノクラウン(鈴代紗弓) & シュヴァルグラン(夏吉ゆうこ) & サウンズオブアース(MAKIKO) & ドゥラメンテ(秋奈),https://www.billboard-japan.com/charts/detail?a=dlsongs&year=2023&month=11&day=13
2023,dlsongs,2023-11-08,38,怪獣の花唄,Vaundy,https://www.billboard-japan.com/charts/detail?a=dlsongs&year=2023&month=11&day=13
2023,dlsongs,2023-11-08,39,more than words,羊文学,https://www.billboard-japan.com/charts/detail?a=dlsongs&year=2023&month=11&day=13
2023,dlsongs,2023-11-08,40,Unraveling Love 〜少しの勇気〜,倉木麻衣,https://www.billboard-japan.com/charts/detail?a=dlsongs&year=2023&month=11&day=13
2023,dlsongs,2023-11-08,41,Beat Hit!-THE BEGINNING New Vocal Arrange Ver.-,宮崎歩,https://www.billboard-japan.com/charts/detail?a=dlsongs&year=2023&month=11&day=13
2023,dlsongs,2023-11-08,42,Please Don't Change (feat. DJ Snake),Jung Kook,https://www.billboard-japan.com/charts/detail?a=dlsongs&year=2023&month=11&day=13
2023,dlsongs,2023-11-08,43,Closer to You (feat. Major Lazor),Jung Kook,https://www.billboard-japan.com/charts/detail?a=dlsongs&year=2023&month=11&day=13
2023,dlsongs,2023-11-08,44,Shot Glass of Tears,Jung Kook,https://www.billboard-japan.com/charts/detail?a=dlsongs&year=2023&month=11&day=13
2023,dlsongs,2023-11-08,45,Somebody,Jung Kook,https://www.billboard-japan.com/charts/detail?a=dlsongs&year=2023&month=11&day=13
2023,dlsongs,2023-11-08,46,あなたに,Mrs.GREEN APPLE,https://www.billboard-japan.com/charts/detail?a=dlsongs&year=2023&month=11&day=13
2023,dlsongs,2023-11-08,47,Wake-up Call〜目覚めるとき〜,モーニング娘。'23,https://www.billboard-japan.com/charts/detail?a=dlsongs&year=2023&month=11&day=13
2023,dlsongs,2023-11-08,48,01,女王蜂,https://www.billboard-japan.com/charts/detail?a=dlsongs&year=2023&month=11&day=13
2023,dlsongs,2023-11-08,49,brave heart-THE BEGINNING Ver.-,宮崎歩,https://www.billboard-japan.com/charts/detail?a=dlsongs&year=2023&month=11&day=13
2023,dlsongs,2023-11-08,50,オトナブルー,新しい学校のリーダーズ,https://www.billboard-japan.com/charts/detail?a=dlsongs&year=2023&month=11&day=13
2023,dlsongs,2023-11-08,51,平行線の美学,コメティック,https://www.billboard-japan.com/charts/detail?a=dlsongs&year=2023&month=11&day=13
2023,dlsongs,2023-11-08,52,トドメの一撃 (feat. Cory Wong),Vaundy,https://www.billboard-japan.com/charts/detail?a=dlsongs&year=2023&month=11&day=13
2023,dlsongs,2023-11-08,53,アダルトブルー,手越祐也,https://www.billboard-japan.com/charts/detail?a=dlsongs&year=2023&month=11&day=13
2023,dlsongs,2023-11-08,54,粛聖!! ロリ神レクイエム☆,しぐれうい,https://www.billboard-japan.com/charts/detail?a=dlsongs&year=2023&month=11&day=13
2023,dlsongs,2023-11-08,55,蜃気楼,MY FIRST STORY,https://www.billboard-japan.com/charts/detail?a=dlsongs&year=2023&month=11&day=13
2023,dlsongs,2023-11-08,56,最強女神†ウーサペコラ,兎田ぺこら,https://www.billboard-japan.com/charts/detail?a=dlsongs&year=2023&month=11&day=13
2023,dlsongs,2023-11-08,57,時には昔の話を,渋谷龍太,https://www.billboard-japan.com/charts/detail?a=dlsongs&year=2023&month=11&day=13
2023,dlsongs,2023-11-08,58,すっごいFEVER!,モーニング娘。'23,https://www.billboard-japan.com/charts/detail?a=dlsongs&year=2023&month=11&day=13
2023,dlsongs,2023-11-08,59,第ゼロ感,10-FEET,https://www.billboard-japan.com/charts/detail?a=dlsongs&year=2023&month=11&day=13
2023,dlsongs,2023-11-08,60,Red Liberation,fripSide,https://www.billboard-japan.com/charts/detail?a=dlsongs&year=2023&month=11&day=13
2023,dlsongs,2023-11-08,61,ラジオ,aiko,https://www.billboard-japan.com/charts/detail?a=dlsongs&year=2023&month=11&day=13
2023,dlsongs,2023-11-08,62,晩餐歌,tuki.,https://www.billboard-japan.com/charts/detail?a=dlsongs&year=2023&month=11&day=13
2023,dlsongs,2023-11-08,63,ダンスホール,Mrs.GREEN APPLE,https://www.billboard-japan.com/charts/detail?a=dlsongs&year=2023&month=11&day=13
2023,dlsongs,2023-11-08,64,ある朝,森岡賢,https://www.billboard-japan.com/charts/detail?a=dlsongs&year=2023&month=11&day=13
2023,dlsongs,2023-11-08,65,花 (Ballad),藤井風,https://www.billboard-japan.com/charts/detail?a=dlsongs&year=2023&month=11&day=13
2023,dlsongs,2023-11-08,66,ラブ・ミー・ドゥ,ザ・ビートルズ,https://www.billboard-japan.com/charts/detail?a=dlsongs&year=2023&month=11&day=13
2023,dlsongs,2023-11-08,67,Surges,Orangestar (feat.夏背 & ルワン),https://www.billboard-japan.com/charts/detail?a=dlsongs&year=2023&month=11&day=13
2023,dlsongs,2023-11-08,68,絆ノ奇跡,MAN WITH A MISSION×milet,https://www.billboard-japan.com/charts/detail?a=dlsongs&year=2023&month=11&day=13
2023,dlsongs,2023-11-08,69,カントリー・ロード,松下洸平,https://www.billboard-japan.com/charts/detail?a=dlsongs&year=2023&month=11&day=13
2023,dlsongs,2023-11-08,70,硝子窓,King Gnu,https://www.billboard-japan.com/charts/detail?a=dlsongs&year=2023&month=11&day=13
2023,dlsongs,2023-11-08,71,Re方程式,10-FEET,https://www.billboard-japan.com/charts/detail?a=dlsongs&year=2023&month=11&day=13
2023,dlsongs,2023-11-08,72,Seven (feat. Latto) (David Guetta Remix),Jung Kook,https://www.billboard-japan.com/charts/detail?a=dlsongs&year=2023&month=11&day=13
2023,dlsongs,2023-11-08,73,オールナイトレディオ,Ado,https://www.billboard-japan.com/charts/detail?a=dlsongs&year=2023&month=11&day=13
2023,dlsongs,2023-11-08,74,Subtitle,Official髭男dism,https://www.billboard-japan.com/charts/detail?a=dlsongs&year=2023&month=11&day=13
2023,dlsongs,2023-11-08,75,Crystals,由薫,https://www.billboard-japan.com/charts/detail?a=dlsongs&year=2023&month=11&day=13
2023,dlsongs,2023-11-08,76,STARBOYS,FANTASTICS from EXILE TRIBE,https://www.billboard-japan.com/charts/detail?a=dlsongs&year=2023&month=11&day=13
2023,dlsongs,2023-11-08,77,レイテストショーマン,ジョー・力一,https://www.billboard-japan.com/charts/detail?a=dlsongs&year=2023&month=11&day=13
2023,dlsongs,2023-11-08,78,新時代 (ウタ from ONE PIECE FILM RED),Ado,https://www.billboard-japan.com/charts/detail?a=dlsongs&year=2023&month=11&day=13
2023,dlsongs,2023-11-08,79,DEAR MY LOVER,Hey!Say!JUMP,https://www.billboard-japan.com/charts/detail?a=dlsongs&year=2023&month=11&day=13
2023,dlsongs,2023-11-08,80,KICK BACK,米津玄師,https://www.billboard-japan.com/charts/detail?a=dlsongs&year=2023&month=11&day=13
2023,dlsongs,2023-11-08,81,Butter-Fly,和田光司,https://www.billboard-japan.com/charts/detail?a=dlsongs&year=2023&month=11&day=13
2023,dlsongs,2023-11-08,82,With,幾田りら,https://www.billboard-japan.com/charts/detail?a=dlsongs&year=2023&month=11&day=13
2023,dlsongs,2023-11-08,83,それを愛と呼ぶなら,Uru,https://www.billboard-japan.com/charts/detail?a=dlsongs&year=2023&month=11&day=13
2023,dlsongs,2023-11-08,84,BROKEN GAMES,FZMZ,https://www.billboard-japan.com/charts/detail?a=dlsongs&year=2023&month=11&day=13
2023,dlsongs,2023-11-08,85,Relay〜杜の詩,サザンオールスターズ,https://www.billboard-japan.com/charts/detail?a=dlsongs&year=2023&month=11&day=13
2023,dlsongs,2023-11-08,86,祝福,YOASOBI,https://www.billboard-japan.com/charts/detail?a=dlsongs&year=2023&month=11&day=13
2023,dlsongs,2023-11-08,87,君は0から1になれ,日向坂46,https://www.billboard-japan.com/charts/detail?a=dlsongs&year=2023&month=11&day=13
2023,dlsongs,2023-11-08,88,Ashes,Superfly,https://www.billboard-japan.com/charts/detail?a=dlsongs&year=2023&month=11&day=13
2023,dlsongs,2023-11-08,89,Various Colors,AiM,https://www.billboard-japan.com/charts/detail?a=dlsongs&year=2023&month=11&day=13
2023,dlsongs,2023-11-08,90,ケセラセラ,Mrs.GREEN APPLE,https://www.billboard-japan.com/charts/detail?a=dlsongs&year=2023&month=11&day=13
2023,dlsongs,2023-11-08,91,向日葵,Ado,https://www.billboard-japan.com/charts/detail?a=dlsongs&year=2023&month=11&day=13
2023,dlsongs,2023-11-08,91,Ready to Jump,Hey!Say!JUMP,https://www.billboard-japan.com/charts/detail?a=dlsongs&year=2023&month=11&day=13
2023,dlsongs,2023-11-08,93,Midnight Mission,Midnight Grand Orchestra,https://www.billboard-japan.com/charts/detail?a=dlsongs&year=2023&month=11&day=13
2023,dlsongs,2023-11-08,94,grayscale dorminator,OxT,https://www.billboard-japan.com/charts/detail?a=dlsongs&year=2023&month=11&day=13
2023,dlsongs,2023-11-08,95,地球儀,米津玄師,https://www.billboard-japan.com/charts/detail?a=dlsongs&year=2023&month=11&day=13
2023,dlsongs,2023-11-08,96,アコガレChallenge Dash!!,キタサンブラック(矢野妃菜喜)、スペシャルウィーク(和氣あず未)、サイレンススズカ(高野麻里佳)、トウカイテイオー(Machico)、ウオッカ(大橋彩香)、ダイワスカーレット(木村千咲)、ゴールドシッ,https://www.billboard-japan.com/charts/detail?a=dlsongs&year=2023&month=11&day=13
2023,dlsongs,2023-11-08,97,君をのせて,家入レオ,https://www.billboard-japan.com/charts/detail?a=dlsongs&year=2023&month=11&day=13
2023,dlsongs,2023-11-08,98,美しい鰭,スピッツ,https://www.billboard-japan.com/charts/detail?a=dlsongs&year=2023&month=11&day=13
2023,dlsongs,2023-11-08,99,ANTENNA,Mrs.GREEN APPLE,https://www.billboard-japan.com/charts/detail?a=dlsongs&year=2023&month=11&day=13
2023,dlsongs,2023-11-08,100,LOVE SONG,ASKA,https://www.billboard-japan.com/charts/detail?a=dlsongs&year=2023&month=11&day=13
2023,dlsongs,2023-11-15,1,Glorious,BE:FIRST,https://www.billboard-japan.com/charts/detail?a=dlsongs&year=2023&month=11&day=20
2023,dlsongs,2023-11-15,2,唱,Ado,https://www.billboard-japan.com/charts/detail?a=dlsongs&year=2023&month=11&day=20
2023,dlsongs,2023-11-15,3,花になって,緑黄色社会,https://www.billboard-japan.com/charts/detail?a=dlsongs&year=2023&month=11&day=20
2023,dlsongs,2023-11-15,4,勇者,YOASOBI,https://www.billboard-japan.com/charts/detail?a=dlsongs&year=2023&month=11&day=20
2023,dlsongs,2023-11-15,5,CRUISIN' Acoustic Remix,IMP.,https://www.billboard-japan.com/charts/detail?a=dlsongs&year=2023&month=11&day=20
2023,dlsongs,2023-11-15,6,Ashes,Superfly,https://www.billboard-japan.com/charts/detail?a=dlsongs&year=2023&month=11&day=20
2023,dlsongs,2023-11-15,7,Awakening Light,三代目 J SOUL BROTHERS from EXILE TRIBE,https://www.billboard-japan.com/charts/detail?a=dlsongs&year=2023&month=11&day=20
2023,dlsongs,2023-11-15,8,花,藤井風,https://www.billboard-japan.com/charts/detail?a=dlsongs&year=2023&month=11&day=20
2023,dlsongs,2023-11-15,9,最後の巨人,Linked Horizon,https://www.billboard-japan.com/charts/detail?a=dlsongs&year=2023&month=11&day=20
2023,dlsongs,2023-11-15,10,SPECIALZ,King Gnu,https://www.billboard-japan.com/charts/detail?a=dlsongs&year=2023&month=11&day=20
2023,dlsongs,2023-11-15,11,二千年... 若しくは... 二万年後の君へ…,Linked Horizon,https://www.billboard-japan.com/charts/detail?a=dlsongs&year=2023&month=11&day=20
2023,dlsongs,2023-11-15,12,CRUISIN',IMP.,https://www.billboard-japan.com/charts/detail?a=dlsongs&year=2023&month=11&day=20
2023,dlsongs,2023-11-15,13,シュガーラッシュ,miComet,https://www.billboard-japan.com/charts/detail?a=dlsongs&year=2023&month=11&day=20
2023,dlsongs,2023-11-15,14,クラクラ,Ado,https://www.billboard-japan.com/charts/detail?a=dlsongs&year=2023&month=11&day=20
2023,dlsongs,2023-11-15,15,アイドル,YOASOBI,https://www.billboard-japan.com/charts/detail?a=dlsongs&year=2023&month=11&day=20
2023,dlsongs,2023-11-15,16,Hate You,Jung Kook,https://www.billboard-japan.com/charts/detail?a=dlsongs&year=2023&month=11&day=20
2023,dlsongs,2023-11-15,17,HEARTRIS,NiziU,https://www.billboard-japan.com/charts/detail?a=dlsongs&year=2023&month=11&day=20
2023,dlsongs,2023-11-15,18,ザムザ,25時、ナイトコードで。,https://www.billboard-japan.com/charts/detail?a=dlsongs&year=2023&month=11&day=20
2023,dlsongs,2023-11-15,19,最高到達点,SEKAI NO OWARI,https://www.billboard-japan.com/charts/detail?a=dlsongs&year=2023&month=11&day=20
2023,dlsongs,2023-11-15,20,Please Don't Change (feat. DJ Snake),Jung Kook,https://www.billboard-japan.com/charts/detail?a=dlsongs&year=2023&month=11&day=20
2023,dlsongs,2023-11-15,21,晩餐歌,tuki.,https://www.billboard-japan.com/charts/detail?a=dlsongs&year=2023&month=11&day=20
2023,dlsongs,2023-11-15,22,Closer to You (feat. Major Lazor),Jung Kook,https://www.billboard-japan.com/charts/detail?a=dlsongs&year=2023&month=11&day=20
2023,dlsongs,2023-11-15,23,Shot Glass of Tears,Jung Kook,https://www.billboard-japan.com/charts/detail?a=dlsongs&year=2023&month=11&day=20
2023,dlsongs,2023-11-15,24,Somebody,Jung Kook,https://www.billboard-japan.com/charts/detail?a=dlsongs&year=2023&month=11&day=20
2023,dlsongs,2023-11-15,25,HIDEOUT,JO1,https://www.billboard-japan.com/charts/detail?a=dlsongs&year=2023&month=11&day=20
2023,dlsongs,2023-11-15,26,Anytime Anywhere,milet,https://www.billboard-japan.com/charts/detail?a=dlsongs&year=2023&month=11&day=20
2023,dlsongs,2023-11-15,27,キティ,25時、ナイトコードで。,https://www.billboard-japan.com/charts/detail?a=dlsongs&year=2023&month=11&day=20
2023,dlsongs,2023-11-15,28,Perfect Night,LE SSERAFIM,https://www.billboard-japan.com/charts/detail?a=dlsongs&year=2023&month=11&day=20
2023,dlsongs,2023-11-15,29,LALALALA,Stray Kids,https://www.billboard-japan.com/charts/detail?a=dlsongs&year=2023&month=11&day=20
2023,dlsongs,2023-11-15,30,I'm a mess,MY FIRST STORY,https://www.billboard-japan.com/charts/detail?a=dlsongs&year=2023&month=11&day=20
2023,dlsongs,2023-11-15,31,ナウ・アンド・ゼン,ザ・ビートルズ,https://www.billboard-japan.com/charts/detail?a=dlsongs&year=2023&month=11&day=20
2023,dlsongs,2023-11-15,32,北ウイング -CLASSIC-,中森明菜,https://www.billboard-japan.com/charts/detail?a=dlsongs&year=2023&month=11&day=20
2023,dlsongs,2023-11-15,33,ランデヴー,シャイトープ,https://www.billboard-japan.com/charts/detail?a=dlsongs&year=2023&month=11&day=20
2023,dlsongs,2023-11-15,34,青のすみか,キタニタツヤ,https://www.billboard-japan.com/charts/detail?a=dlsongs&year=2023&month=11&day=20
2023,dlsongs,2023-11-15,35,DREAMER,EIKO,https://www.billboard-japan.com/charts/detail?a=dlsongs&year=2023&month=11&day=20
2023,dlsongs,2023-11-15,36,How's everything,She is Legend,https://www.billboard-japan.com/charts/detail?a=dlsongs&year=2023&month=11&day=20
2023,dlsongs,2023-11-15,37,JUNGLE FIRE feat. MOTSU,芹澤優,https://www.billboard-japan.com/charts/detail?a=dlsongs&year=2023&month=11&day=20
2023,dlsongs,2023-11-15,38,ザイオン,星街すいせい,https://www.billboard-japan.com/charts/detail?a=dlsongs&year=2023&month=11&day=20
2023,dlsongs,2023-11-15,39,幾千のEvidence,天草シオン(山下大輝),https://www.billboard-japan.com/charts/detail?a=dlsongs&year=2023&month=11&day=20
2023,dlsongs,2023-11-15,40,more than words,羊文学,https://www.billboard-japan.com/charts/detail?a=dlsongs&year=2023&month=11&day=20
2023,dlsongs,2023-11-15,41,怪獣の花唄,Vaundy,https://www.billboard-japan.com/charts/detail?a=dlsongs&year=2023&month=11&day=20
2023,dlsongs,2023-11-15,42,第ゼロ感,10-FEET,https://www.billboard-japan.com/charts/detail?a=dlsongs&year=2023&month=11&day=20
2023,dlsongs,2023-11-15,43,ラジオ,aiko,https://www.billboard-japan.com/charts/detail?a=dlsongs&year=2023&month=11&day=20
2023,dlsongs,2023-11-15,44,すみっコディスコ,Perfume,https://www.billboard-japan.com/charts/detail?a=dlsongs&year=2023&month=11&day=20
2023,dlsongs,2023-11-15,45,モノクロの世界,岩田剛典,https://www.billboard-japan.com/charts/detail?a=dlsongs&year=2023&month=11&day=20
2023,dlsongs,2023-11-15,46,Walking with you,Novelbright,https://www.billboard-japan.com/charts/detail?a=dlsongs&year=2023&month=11&day=20
2023,dlsongs,2023-11-15,47,決心,SUPER BEAVER,https://www.billboard-japan.com/charts/detail?a=dlsongs&year=2023&month=11&day=20
2023,dlsongs,2023-11-15,48,ひらり,GReeeeN,https://www.billboard-japan.com/charts/detail?a=dlsongs&year=2023&month=11&day=20
2023,dlsongs,2023-11-15,49,オトナブルー,新しい学校のリーダーズ,https://www.billboard-japan.com/charts/detail?a=dlsongs&year=2023&month=11&day=20
2023,dlsongs,2023-11-15,50,アイコトバ,アイナ・ジ・エンド,https://www.billboard-japan.com/charts/detail?a=dlsongs&year=2023&month=11&day=20
2023,dlsongs,2023-11-15,51,Standing Next to You,Jung Kook,https://www.billboard-japan.com/charts/detail?a=dlsongs&year=2023&month=11&day=20
2023,dlsongs,2023-11-15,52,すいません,AMUGIRI,https://www.billboard-japan.com/charts/detail?a=dlsongs&year=2023&month=11&day=20
2023,dlsongs,2023-11-15,53,いってらっしゃい,ヒグチアイ,https://www.billboard-japan.com/charts/detail?a=dlsongs&year=2023&month=11&day=20
2023,dlsongs,2023-11-15,54,粛聖!! ロリ神レクイエム☆,しぐれうい,https://www.billboard-japan.com/charts/detail?a=dlsongs&year=2023&month=11&day=20
2023,dlsongs,2023-11-15,55,いのちの名前,幾田りら,https://www.billboard-japan.com/charts/detail?a=dlsongs&year=2023&month=11&day=20
2023,dlsongs,2023-11-15,56,君は0から1になれ,日向坂46,https://www.billboard-japan.com/charts/detail?a=dlsongs&year=2023&month=11&day=20
2023,dlsongs,2023-11-15,57,What an amazing swing,角巻わため,https://www.billboard-japan.com/charts/detail?a=dlsongs&year=2023&month=11&day=20
2023,dlsongs,2023-11-15,58,01,女王蜂,https://www.billboard-japan.com/charts/detail?a=dlsongs&year=2023&month=11&day=20
2023,dlsongs,2023-11-15,59,ハロ,yama × ぼっちぼろまる,https://www.billboard-japan.com/charts/detail?a=dlsongs&year=2023&month=11&day=20
2023,dlsongs,2023-11-15,60,トドメの一撃 (feat. Cory Wong),Vaundy,https://www.billboard-japan.com/charts/detail?a=dlsongs&year=2023&month=11&day=20
2023,dlsongs,2023-11-15,61,ロッククライミング,日向坂46,https://www.billboard-japan.com/charts/detail?a=dlsongs&year=2023&month=11&day=20
2023,dlsongs,2023-11-15,62,異次元★ BIGBANG,島村卯月(大橋彩香) & 最上静香(田所あずさ) & 月岡恋鐘(礒部花凜) & 高海千歌(伊波杏樹) & 上原歩夢(大西亜玖璃) & 澁谷かのん(伊達さゆり) & 日野下花帆(楡井希実),https://www.billboard-japan.com/charts/detail?a=dlsongs&year=2023&month=11&day=20
2023,dlsongs,2023-11-15,63,夢のこたえ,サトノダイヤモンド(立花日菜),https://www.billboard-japan.com/charts/detail?a=dlsongs&year=2023&month=11&day=20
2023,dlsongs,2023-11-15,64,ダンスホール,Mrs.GREEN APPLE,https://www.billboard-japan.com/charts/detail?a=dlsongs&year=2023&month=11&day=20
2023,dlsongs,2023-11-15,65,呼吸のように,Vaundy,https://www.billboard-japan.com/charts/detail?a=dlsongs&year=2023&month=11&day=20
2023,dlsongs,2023-11-15,66,狐独の才望,凛として時雨,https://www.billboard-japan.com/charts/detail?a=dlsongs&year=2023&month=11&day=20
2023,dlsongs,2023-11-15,67,青春ポップコーン,日向坂46,https://www.billboard-japan.com/charts/detail?a=dlsongs&year=2023&month=11&day=20
2023,dlsongs,2023-11-15,68,Re方程式,10-FEET,https://www.billboard-japan.com/charts/detail?a=dlsongs&year=2023&month=11&day=20
2023,dlsongs,2023-11-15,69,自販機と主体性,日向坂46,https://www.billboard-japan.com/charts/detail?a=dlsongs&year=2023&month=11&day=20
2023,dlsongs,2023-11-15,70,MEGAVERSE,Stray Kids,https://www.billboard-japan.com/charts/detail?a=dlsongs&year=2023&month=11&day=20
2023,dlsongs,2023-11-15,71,祝福のLibrary,Valkyrie,https://www.billboard-japan.com/charts/detail?a=dlsongs&year=2023&month=11&day=20
2023,dlsongs,2023-11-15,72,Le temps des fleurs,Valkyrie,https://www.billboard-japan.com/charts/detail?a=dlsongs&year=2023&month=11&day=20
2023,dlsongs,2023-11-15,73,最初の白夜,日向坂46,https://www.billboard-japan.com/charts/detail?a=dlsongs&year=2023&month=11&day=20
2023,dlsongs,2023-11-15,74,回れよ地球,20th Century,https://www.billboard-japan.com/charts/detail?a=dlsongs&year=2023&month=11&day=20
2023,dlsongs,2023-11-15,75,ソシテミンナノ,キタサンブラック(矢野妃菜喜) & サトノダイヤモンド(立花日菜) & サトノクラウン(鈴代紗弓) & シュヴァルグラン(夏吉ゆうこ) & サウンズオブアース(MAKIKO) & ドゥラメンテ(秋奈),https://www.billboard-japan.com/charts/detail?a=dlsongs&year=2023&month=11&day=20
2023,dlsongs,2023-11-15,76,DREAMER,ミア西表,https://www.billboard-japan.com/charts/detail?a=dlsongs&year=2023&month=11&day=20
2023,dlsongs,2023-11-15,76,あの空に立つ塔のように,大泉洋,https://www.billboard-japan.com/charts/detail?a=dlsongs&year=2023&month=11&day=20
2023,dlsongs,2023-11-15,78,バンビーナ・バンビーノ,宮本佳林,https://www.billboard-japan.com/charts/detail?a=dlsongs&year=2023&month=11&day=20
2023,dlsongs,2023-11-15,79,No Way Back,Novel Core,https://www.billboard-japan.com/charts/detail?a=dlsongs&year=2023&month=11&day=20
2023,dlsongs,2023-11-15,80,Subtitle,Official髭男dism,https://www.billboard-japan.com/charts/detail?a=dlsongs&year=2023&month=11&day=20
2023,dlsongs,2023-11-15,80,絆ノ奇跡,MAN WITH A MISSION×milet,https://www.billboard-japan.com/charts/detail?a=dlsongs&year=2023&month=11&day=20
2023,dlsongs,2023-11-15,82,grayscale dorminator,OxT,https://www.billboard-japan.com/charts/detail?a=dlsongs&year=2023&month=11&day=20
2023,dlsongs,2023-11-15,83,光になれ!,ホロライブ運動会実行委員,https://www.billboard-japan.com/charts/detail?a=dlsongs&year=2023&month=11&day=20
2023,dlsongs,2023-11-15,84,憧れのままに,yama × キタニタツヤ,https://www.billboard-japan.com/charts/detail?a=dlsongs&year=2023&month=11&day=20
2023,dlsongs,2023-11-15,85,悪魔の子,ヒグチアイ,https://www.billboard-japan.com/charts/detail?a=dlsongs&year=2023&month=11&day=20
2023,dlsongs,2023-11-15,86,蜃気楼,MY FIRST STORY,https://www.billboard-japan.com/charts/detail?a=dlsongs&year=2023&month=11&day=20
2023,dlsongs,2023-11-15,87,平行線の美学,コメティック,https://www.billboard-japan.com/charts/detail?a=dlsongs&year=2023&month=11&day=20
2023,dlsongs,2023-11-15,88,最後の闘い (FINAL FANTASY IV) 〜暁月〜,祖堅正慶,https://www.billboard-japan.com/charts/detail?a=dlsongs&year=2023&month=11&day=20
2023,dlsongs,2023-11-15,89,Surges,Orangestar (feat.夏背 & ルワン),https://www.billboard-japan.com/charts/detail?a=dlsongs&year=2023&month=11&day=20
2023,dlsongs,2023-11-15,90,BROKEN GAMES,FZMZ,https://www.billboard-japan.com/charts/detail?a=dlsongs&year=2023&month=11&day=20
2023,dlsongs,2023-11-15,91,Red Liberation,fripSide,https://www.billboard-japan.com/charts/detail?a=dlsongs&year=2023&month=11&day=20
2023,dlsongs,2023-11-15,92,Get Over,ZIPANG OPERA,https://www.billboard-japan.com/charts/detail?a=dlsongs&year=2023&month=11&day=20
2023,dlsongs,2023-11-15,93,Relay〜杜の詩,サザンオールスターズ,https://www.billboard-japan.com/charts/detail?a=dlsongs&year=2023&month=11&day=20
2023,dlsongs,2023-11-15,94,BE,岸本ゆめの,https://www.billboard-japan.com/charts/detail?a=dlsongs&year=2023&month=11&day=20
2023,dlsongs,2023-11-15,95,ソングオブザデッド,KANA-BOON,https://www.billboard-japan.com/charts/detail?a=dlsongs&year=2023&month=11&day=20
2023,dlsongs,2023-11-15,96,Luv Myself feat. AKLO & KEIJU,Kvi Baba,https://www.billboard-japan.com/charts/detail?a=dlsongs&year=2023&month=11&day=20
2023,dlsongs,2023-11-15,96,トゥー・マッチ,ザ・キッド・ラロイ×Jung Kook×セントラル・シー,https://www.billboard-japan.com/charts/detail?a=dlsongs&year=2023&month=11&day=20
2023,dlsongs,2023-11-15,98,ラッパと娘,福来スズ子(趣里),https://www.billboard-japan.com/charts/detail?a=dlsongs&year=2023&month=11&day=20
2023,dlsongs,2023-11-15,99,新時代 (ウタ from ONE PIECE FILM RED),Ado,https://www.billboard-japan.com/charts/detail?a=dlsongs&year=2023&month=11&day=20
2023,dlsongs,2023-11-15,100,Wake-up Call〜目覚めるとき〜,モーニング娘。'23,https://www.billboard-japan.com/charts/detail?a=dlsongs&year=2023&month=11&day=20
2023,dlsongs,2023-11-22,1,唱,Ado,https://www.billboard-japan.com/charts/detail?a=dlsongs&year=2023&month=11&day=27
2023,dlsongs,2023-11-22,2,花になって,緑黄色社会,https://www.billboard-japan.com/charts/detail?a=dlsongs&year=2023&month=11&day=27
2023,dlsongs,2023-11-22,3,Biri-Biri,YOASOBI,https://www.billboard-japan.com/charts/detail?a=dlsongs&year=2023&month=11&day=27
2023,dlsongs,2023-11-22,4,勇者,YOASOBI,https://www.billboard-japan.com/charts/detail?a=dlsongs&year=2023&month=11&day=27
2023,dlsongs,2023-11-22,5,unravel,Ado,https://www.billboard-japan.com/charts/detail?a=dlsongs&year=2023&month=11&day=27
2023,dlsongs,2023-11-22,6,愛は勝つ,KAN,https://www.billboard-japan.com/charts/detail?a=dlsongs&year=2023&month=11&day=27
2023,dlsongs,2023-11-22,7,Monopoly,乃木坂46,https://www.billboard-japan.com/charts/detail?a=dlsongs&year=2023&month=11&day=27
2023,dlsongs,2023-11-22,8,SPECIALZ,King Gnu,https://www.billboard-japan.com/charts/detail?a=dlsongs&year=2023&month=11&day=27
2023,dlsongs,2023-11-22,9,あのね,あいみょん,https://www.billboard-japan.com/charts/detail?a=dlsongs&year=2023&month=11&day=27
2023,dlsongs,2023-11-22,10,クラクラ,Ado,https://www.billboard-japan.com/charts/detail?a=dlsongs&year=2023&month=11&day=27
2023,dlsongs,2023-11-22,11,花,藤井風,https://www.billboard-japan.com/charts/detail?a=dlsongs&year=2023&month=11&day=27
2023,dlsongs,2023-11-22,12,アイドル,YOASOBI,https://www.billboard-japan.com/charts/detail?a=dlsongs&year=2023&month=11&day=27
2023,dlsongs,2023-11-22,13,乱心-RANSHIN-,Hiromitsu Kitayama,https://www.billboard-japan.com/charts/detail?a=dlsongs&year=2023&month=11&day=27
2023,dlsongs,2023-11-22,14,Ashes,Superfly,https://www.billboard-japan.com/charts/detail?a=dlsongs&year=2023&month=11&day=27
2023,dlsongs,2023-11-22,15,CRUISIN' Acoustic Remix,IMP.,https://www.billboard-japan.com/charts/detail?a=dlsongs&year=2023&month=11&day=27
2023,dlsongs,2023-11-22,16,青のすみか,キタニタツヤ,https://www.billboard-japan.com/charts/detail?a=dlsongs&year=2023&month=11&day=27
2023,dlsongs,2023-11-22,17,晩餐歌,tuki.,https://www.billboard-japan.com/charts/detail?a=dlsongs&year=2023&month=11&day=27
2023,dlsongs,2023-11-22,18,最高到達点,SEKAI NO OWARI,https://www.billboard-japan.com/charts/detail?a=dlsongs&year=2023&month=11&day=27
2023,dlsongs,2023-11-22,19,Anytime Anywhere,milet,https://www.billboard-japan.com/charts/detail?a=dlsongs&year=2023&month=11&day=27
2023,dlsongs,2023-11-22,20,I'm a mess,MY FIRST STORY,https://www.billboard-japan.com/charts/detail?a=dlsongs&year=2023&month=11&day=27
2023,dlsongs,2023-11-22,21,HEARTRIS,NiziU,https://www.billboard-japan.com/charts/detail?a=dlsongs&year=2023&month=11&day=27
2023,dlsongs,2023-11-22,22,ランデヴー,シャイトープ,https://www.billboard-japan.com/charts/detail?a=dlsongs&year=2023&month=11&day=27
2023,dlsongs,2023-11-22,23,SHINKIRO,GuraMarine,https://www.billboard-japan.com/charts/detail?a=dlsongs&year=2023&month=11&day=27
2023,dlsongs,2023-11-22,24,第ゼロ感,10-FEET,https://www.billboard-japan.com/charts/detail?a=dlsongs&year=2023&month=11&day=27
2023,dlsongs,2023-11-22,25,怪獣の花唄,Vaundy,https://www.billboard-japan.com/charts/detail?a=dlsongs&year=2023&month=11&day=27
2023,dlsongs,2023-11-22,26,キセキ,ラックライフ,https://www.billboard-japan.com/charts/detail?a=dlsongs&year=2023&month=11&day=27
2023,dlsongs,2023-11-22,27,Perfect Night,LE SSERAFIM,https://www.billboard-japan.com/charts/detail?a=dlsongs&year=2023&month=11&day=27
2023,dlsongs,2023-11-22,28,NIGHT DANCER,imase,https://www.billboard-japan.com/charts/detail?a=dlsongs&year=2023&month=11&day=27
2023,dlsongs,2023-11-22,29,LALALALA,Stray Kids,https://www.billboard-japan.com/charts/detail?a=dlsongs&year=2023&month=11&day=27
2023,dlsongs,2023-11-22,30,more than words,羊文学,https://www.billboard-japan.com/charts/detail?a=dlsongs&year=2023&month=11&day=27
2023,dlsongs,2023-11-22,31,JUNGLE FIRE feat. MOTSU,芹澤優,https://www.billboard-japan.com/charts/detail?a=dlsongs&year=2023&month=11&day=27
2023,dlsongs,2023-11-22,32,Awakening Light,三代目 J SOUL BROTHERS from EXILE TRIBE,https://www.billboard-japan.com/charts/detail?a=dlsongs&year=2023&month=11&day=27
2023,dlsongs,2023-11-22,33,君を想う,松下洸平,https://www.billboard-japan.com/charts/detail?a=dlsongs&year=2023&month=11&day=27
2023,dlsongs,2023-11-22,34,オトナブルー,新しい学校のリーダーズ,https://www.billboard-japan.com/charts/detail?a=dlsongs&year=2023&month=11&day=27
2023,dlsongs,2023-11-22,35,アイコトバ,アイナ・ジ・エンド,https://www.billboard-japan.com/charts/detail?a=dlsongs&year=2023&month=11&day=27
2023,dlsongs,2023-11-22,36,ケセラセラ,Mrs.GREEN APPLE,https://www.billboard-japan.com/charts/detail?a=dlsongs&year=2023&month=11&day=27
2023,dlsongs,2023-11-22,37,Walking with you,Novelbright,https://www.billboard-japan.com/charts/detail?a=dlsongs&year=2023&month=11&day=27
2023,dlsongs,2023-11-22,38,ハロ,yama × ぼっちぼろまる,https://www.billboard-japan.com/charts/detail?a=dlsongs&year=2023&month=11&day=27
2023,dlsongs,2023-11-22,39,Magic,Mrs.GREEN APPLE,https://www.billboard-japan.com/charts/detail?a=dlsongs&year=2023&month=11&day=27
2023,dlsongs,2023-11-22,40,01,女王蜂,https://www.billboard-japan.com/charts/detail?a=dlsongs&year=2023&month=11&day=27
2023,dlsongs,2023-11-22,40,二千年... 若しくは... 二万年後の君へ…,Linked Horizon,https://www.billboard-japan.com/charts/detail?a=dlsongs&year=2023&month=11&day=27
2023,dlsongs,2023-11-22,42,DREAMER,EIKO,https://www.billboard-japan.com/charts/detail?a=dlsongs&year=2023&month=11&day=27
2023,dlsongs,2023-11-22,43,トドメの一撃 (feat. Cory Wong),Vaundy,https://www.billboard-japan.com/charts/detail?a=dlsongs&year=2023&month=11&day=27
2023,dlsongs,2023-11-22,44,粛聖!! ロリ神レクイエム☆,しぐれうい,https://www.billboard-japan.com/charts/detail?a=dlsongs&year=2023&month=11&day=27
2023,dlsongs,2023-11-22,45,ザムザ,25時、ナイトコードで。,https://www.billboard-japan.com/charts/detail?a=dlsongs&year=2023&month=11&day=27
2023,dlsongs,2023-11-22,46,ダンスホール,Mrs.GREEN APPLE,https://www.billboard-japan.com/charts/detail?a=dlsongs&year=2023&month=11&day=27
2023,dlsongs,2023-11-22,47,Glorious,BE:FIRST,https://www.billboard-japan.com/charts/detail?a=dlsongs&year=2023&month=11&day=27
2023,dlsongs,2023-11-22,47,Sheep,三浦大知,https://www.billboard-japan.com/charts/detail?a=dlsongs&year=2023&month=11&day=27
2023,dlsongs,2023-11-22,49,逆光,Vaundy,https://www.billboard-japan.com/charts/detail?a=dlsongs&year=2023&month=11&day=27
2023,dlsongs,2023-11-22,50,Sugar Honey,WOLF HOWL HARMONY,https://www.billboard-japan.com/charts/detail?a=dlsongs&year=2023&month=11&day=27
2023,dlsongs,2023-11-22,51,Choose Your Way,胡桃のあ,https://www.billboard-japan.com/charts/detail?a=dlsongs&year=2023&month=11&day=27
2023,dlsongs,2023-11-22,52,Re方程式,10-FEET,https://www.billboard-japan.com/charts/detail?a=dlsongs&year=2023&month=11&day=27
2023,dlsongs,2023-11-22,53,grayscale dorminator,OxT,https://www.billboard-japan.com/charts/detail?a=dlsongs&year=2023&month=11&day=27
2023,dlsongs,2023-11-22,54,ナウ・アンド・ゼン,ザ・ビートルズ,https://www.billboard-japan.com/charts/detail?a=dlsongs&year=2023&month=11&day=27
2023,dlsongs,2023-11-22,55,最後の巨人,Linked Horizon,https://www.billboard-japan.com/charts/detail?a=dlsongs&year=2023&month=11&day=27
2023,dlsongs,2023-11-22,56,ザイオン,星街すいせい,https://www.billboard-japan.com/charts/detail?a=dlsongs&year=2023&month=11&day=27
2023,dlsongs,2023-11-22,57,絆ノ奇跡,MAN WITH A MISSION×milet,https://www.billboard-japan.com/charts/detail?a=dlsongs&year=2023&month=11&day=27
2023,dlsongs,2023-11-22,58,Carnival,MAZZEL,https://www.billboard-japan.com/charts/detail?a=dlsongs&year=2023&month=11&day=27
2023,dlsongs,2023-11-22,59,ラッパと娘,福来スズ子(趣里),https://www.billboard-japan.com/charts/detail?a=dlsongs&year=2023&month=11&day=27
2023,dlsongs,2023-11-22,60,白色蜉蝣,Aimer(エメ),https://www.billboard-japan.com/charts/detail?a=dlsongs&year=2023&month=11&day=27
2023,dlsongs,2023-11-22,61,あの空に立つ塔のように,大泉洋,https://www.billboard-japan.com/charts/detail?a=dlsongs&year=2023&month=11&day=27
2023,dlsongs,2023-11-22,62,キティ,25時、ナイトコードで。,https://www.billboard-japan.com/charts/detail?a=dlsongs&year=2023&month=11&day=27
2023,dlsongs,2023-11-22,63,星の降る日に,aiko,https://www.billboard-japan.com/charts/detail?a=dlsongs&year=2023&month=11&day=27
2023,dlsongs,2023-11-22,64,ハッピー☆ブギ,中納良恵、さかいゆう、趣里,https://www.billboard-japan.com/charts/detail?a=dlsongs&year=2023&month=11&day=27
2023,dlsongs,2023-11-22,65,Standing Next to You,Jung Kook,https://www.billboard-japan.com/charts/detail?a=dlsongs&year=2023&month=11&day=27
2023,dlsongs,2023-11-22,66,Mainstream,BE:FIRST,https://www.billboard-japan.com/charts/detail?a=dlsongs&year=2023&month=11&day=27
2023,dlsongs,2023-11-22,67,素顔のピクセル,スリーズブーケ,https://www.billboard-japan.com/charts/detail?a=dlsongs&year=2023&month=11&day=27
2023,dlsongs,2023-11-22,68,Subtitle,Official髭男dism,https://www.billboard-japan.com/charts/detail?a=dlsongs&year=2023&month=11&day=27
2023,dlsongs,2023-11-22,68,悪魔の子,ヒグチアイ,https://www.billboard-japan.com/charts/detail?a=dlsongs&year=2023&month=11&day=27
2023,dlsongs,2023-11-22,70,オールナイトレディオ,Ado,https://www.billboard-japan.com/charts/detail?a=dlsongs&year=2023&month=11&day=27
2023,dlsongs,2023-11-22,71,祝福,YOASOBI,https://www.billboard-japan.com/charts/detail?a=dlsongs&year=2023&month=11&day=27
2023,dlsongs,2023-11-22,72,Drama,aespa,https://www.billboard-japan.com/charts/detail?a=dlsongs&year=2023&month=11&day=27
2023,dlsongs,2023-11-22,73,BROKEN GAMES,FZMZ,https://www.billboard-japan.com/charts/detail?a=dlsongs&year=2023&month=11&day=27
2023,dlsongs,2023-11-22,74,ソシテミンナノ,キタサンブラック(矢野妃菜喜) & サトノダイヤモンド(立花日菜) & サトノクラウン(鈴代紗弓) & シュヴァルグラン(夏吉ゆうこ) & サウンズオブアース(MAKIKO) & ドゥラメンテ(秋奈),https://www.billboard-japan.com/charts/detail?a=dlsongs&year=2023&month=11&day=27
2023,dlsongs,2023-11-22,75,ソングオブザデッド,KANA-BOON,https://www.billboard-japan.com/charts/detail?a=dlsongs&year=2023&month=11&day=27
2023,dlsongs,2023-11-22,76,いのちの名前,幾田りら,https://www.billboard-japan.com/charts/detail?a=dlsongs&year=2023&month=11&day=27
2023,dlsongs,2023-11-22,77,アングリー,ザ・ローリング・ストーンズ,https://www.billboard-japan.com/charts/detail?a=dlsongs&year=2023&month=11&day=27
2023,dlsongs,2023-11-22,78,Can I,JUNHO(From 2PM),https://www.billboard-japan.com/charts/detail?a=dlsongs&year=2023&month=11&day=27
2023,dlsongs,2023-11-22,79,かくれんぼ,AliA,https://www.billboard-japan.com/charts/detail?a=dlsongs&year=2023&month=11&day=27
2023,dlsongs,2023-11-22,80,僕のこと,Mrs.GREEN APPLE,https://www.billboard-japan.com/charts/detail?a=dlsongs&year=2023&month=11&day=27
2023,dlsongs,2023-11-22,81,ANTENNA,Mrs.GREEN APPLE,https://www.billboard-japan.com/charts/detail?a=dlsongs&year=2023&month=11&day=27
2023,dlsongs,2023-11-22,82,新時代 (ウタ from ONE PIECE FILM RED),Ado,https://www.billboard-japan.com/charts/detail?a=dlsongs&year=2023&month=11&day=27
2023,dlsongs,2023-11-22,83,ミックスナッツ,Official髭男dism,https://www.billboard-japan.com/charts/detail?a=dlsongs&year=2023&month=11&day=27
2023,dlsongs,2023-11-22,84,さざ波 La vaguelette,Hoyo-Mix,https://www.billboard-japan.com/charts/detail?a=dlsongs&year=2023&month=11&day=27
2023,dlsongs,2023-11-22,85,Relay〜杜の詩,サザンオールスターズ,https://www.billboard-japan.com/charts/detail?a=dlsongs&year=2023&month=11&day=27
2023,dlsongs,2023-11-22,86,美しい鰭,スピッツ,https://www.billboard-japan.com/charts/detail?a=dlsongs&year=2023&month=11&day=27
2023,dlsongs,2023-11-22,87,憧れのままに,yama × キタニタツヤ,https://www.billboard-japan.com/charts/detail?a=dlsongs&year=2023&month=11&day=27
2023,dlsongs,2023-11-22,88,シルエット・ロマンス,大橋純子,https://www.billboard-japan.com/charts/detail?a=dlsongs&year=2023&month=11&day=27
2023,dlsongs,2023-11-22,88,千変万華,スリーズブーケ,https://www.billboard-japan.com/charts/detail?a=dlsongs&year=2023&month=11&day=27
2023,dlsongs,2023-11-22,90,青と夏,Mrs.GREEN APPLE,https://www.billboard-japan.com/charts/detail?a=dlsongs&year=2023&month=11&day=27
2023,dlsongs,2023-11-22,91,呼吸のように,Vaundy,https://www.billboard-japan.com/charts/detail?a=dlsongs&year=2023&month=11&day=27
2023,dlsongs,2023-11-22,92,水平線,back number,https://www.billboard-japan.com/charts/detail?a=dlsongs&year=2023&month=11&day=27
2023,dlsongs,2023-11-22,93,MY夢中,ハナレグミ,https://www.billboard-japan.com/charts/detail?a=dlsongs&year=2023&month=11&day=27
2023,dlsongs,2023-11-22,94,Paradise,NiziU,https://www.billboard-japan.com/charts/detail?a=dlsongs&year=2023&month=11&day=27
2023,dlsongs,2023-11-22,95,向日葵,Ado,https://www.billboard-japan.com/charts/detail?a=dlsongs&year=2023&month=11&day=27
2023,dlsongs,2023-11-22,96,Red Liberation,fripSide,https://www.billboard-japan.com/charts/detail?a=dlsongs&year=2023&month=11&day=27
2023,dlsongs,2023-11-22,96,115万キロのフィルム,Official髭男dism,https://www.billboard-japan.com/charts/detail?a=dlsongs&year=2023&month=11&day=27
2023,dlsongs,2023-11-22,98,シュガーメルト,スリーズブーケ,https://www.billboard-japan.com/charts/detail?a=dlsongs&year=2023&month=11&day=27
2023,dlsongs,2023-11-22,99,それを愛と呼ぶなら,Uru,https://www.billboard-japan.com/charts/detail?a=dlsongs&year=2023&month=11&day=27
2023,dlsongs,2023-11-22,100,KICK BACK,米津玄師,https://www.billboard-japan.com/charts/detail?a=dlsongs&year=2023&month=11&day=27
2023,dlsongs,2023-11-22,100,言えずの I LOVE YOU,KAN,https://www.billboard-japan.com/charts/detail?a=dlsongs&year=2023&month=11&day=27
2023,dlsongs,2023-11-29,1,唱,Ado,https://www.billboard-japan.com/charts/detail?a=dlsongs&year=2023&month=12&day=04
2023,dlsongs,2023-11-29,2,勇者,YOASOBI,https://www.billboard-japan.com/charts/detail?a=dlsongs&year=2023&month=12&day=04
2023,dlsongs,2023-11-29,3,乱心-RANSHIN-,Hiromitsu Kitayama,https://www.billboard-japan.com/charts/detail?a=dlsongs&year=2023&month=12&day=04
2023,dlsongs,2023-11-29,4,花になって,緑黄色社会,https://www.billboard-japan.com/charts/detail?a=dlsongs&year=2023&month=12&day=04
2023,dlsongs,2023-11-29,5,Biri-Biri,YOASOBI,https://www.billboard-japan.com/charts/detail?a=dlsongs&year=2023&month=12&day=04
2023,dlsongs,2023-11-29,6,SPECIALZ,King Gnu,https://www.billboard-japan.com/charts/detail?a=dlsongs&year=2023&month=12&day=04
2023,dlsongs,2023-11-29,7,「君の幸せを」,Uru,https://www.billboard-japan.com/charts/detail?a=dlsongs&year=2023&month=12&day=04
2023,dlsongs,2023-11-29,8,花,藤井風,https://www.billboard-japan.com/charts/detail?a=dlsongs&year=2023&month=12&day=04
2023,dlsongs,2023-11-29,9,クラクラ,Ado,https://www.billboard-japan.com/charts/detail?a=dlsongs&year=2023&month=12&day=04
2023,dlsongs,2023-11-29,10,アイドル,YOASOBI,https://www.billboard-japan.com/charts/detail?a=dlsongs&year=2023&month=12&day=04
2023,dlsongs,2023-11-29,11,unravel,Ado,https://www.billboard-japan.com/charts/detail?a=dlsongs&year=2023&month=12&day=04
2023,dlsongs,2023-11-29,12,Ashes,Superfly,https://www.billboard-japan.com/charts/detail?a=dlsongs&year=2023&month=12&day=04
2023,dlsongs,2023-11-29,13,愛は勝つ,KAN,https://www.billboard-japan.com/charts/detail?a=dlsongs&year=2023&month=12&day=04
2023,dlsongs,2023-11-29,14,Anytime Anywhere,milet,https://www.billboard-japan.com/charts/detail?a=dlsongs&year=2023&month=12&day=04
2023,dlsongs,2023-11-29,15,I'm a mess,MY FIRST STORY,https://www.billboard-japan.com/charts/detail?a=dlsongs&year=2023&month=12&day=04
2023,dlsongs,2023-11-29,16,最高到達点,SEKAI NO OWARI,https://www.billboard-japan.com/charts/detail?a=dlsongs&year=2023&month=12&day=04
2023,dlsongs,2023-11-29,17,ドレスコード,LE SSERAFIM,https://www.billboard-japan.com/charts/detail?a=dlsongs&year=2023&month=12&day=04
2023,dlsongs,2023-11-29,18,3D (Justin Timberlake Remix),Jung Kook,https://www.billboard-japan.com/charts/detail?a=dlsongs&year=2023&month=12&day=04
2023,dlsongs,2023-11-29,19,青のすみか,キタニタツヤ,https://www.billboard-japan.com/charts/detail?a=dlsongs&year=2023&month=12&day=04
2023,dlsongs,2023-11-29,20,晩餐歌,tuki.,https://www.billboard-japan.com/charts/detail?a=dlsongs&year=2023&month=12&day=04
2023,dlsongs,2023-11-29,21,奏(かなで),スキマスイッチ,https://www.billboard-japan.com/charts/detail?a=dlsongs&year=2023&month=12&day=04
2023,dlsongs,2023-11-29,22,第ゼロ感,10-FEET,https://www.billboard-japan.com/charts/detail?a=dlsongs&year=2023&month=12&day=04
2023,dlsongs,2023-11-29,23,オトナブルー,新しい学校のリーダーズ,https://www.billboard-japan.com/charts/detail?a=dlsongs&year=2023&month=12&day=04
2023,dlsongs,2023-11-29,24,ランデヴー,シャイトープ,https://www.billboard-japan.com/charts/detail?a=dlsongs&year=2023&month=12&day=04
2023,dlsongs,2023-11-29,25,ベルベットの森,玉井詩織,https://www.billboard-japan.com/charts/detail?a=dlsongs&year=2023&month=12&day=04
2023,dlsongs,2023-11-29,26,Perfect Night,LE SSERAFIM,https://www.billboard-japan.com/charts/detail?a=dlsongs&year=2023&month=12&day=04
2023,dlsongs,2023-11-29,27,あのね,あいみょん,https://www.billboard-japan.com/charts/detail?a=dlsongs&year=2023&month=12&day=04
2023,dlsongs,2023-11-29,28,HEARTRIS,NiziU,https://www.billboard-japan.com/charts/detail?a=dlsongs&year=2023&month=12&day=04
2023,dlsongs,2023-11-29,29,怪獣の花唄,Vaundy,https://www.billboard-japan.com/charts/detail?a=dlsongs&year=2023&month=12&day=04
2023,dlsongs,2023-11-29,30,JUNGLE FIRE feat. MOTSU,芹澤優,https://www.billboard-japan.com/charts/detail?a=dlsongs&year=2023&month=12&day=04
2023,dlsongs,2023-11-29,31,Monopoly,乃木坂46,https://www.billboard-japan.com/charts/detail?a=dlsongs&year=2023&month=12&day=04
2023,dlsongs,2023-11-29,32,more than words,羊文学,https://www.billboard-japan.com/charts/detail?a=dlsongs&year=2023&month=12&day=04
2023,dlsongs,2023-11-29,33,アイコトバ,アイナ・ジ・エンド,https://www.billboard-japan.com/charts/detail?a=dlsongs&year=2023&month=12&day=04
2023,dlsongs,2023-11-29,34,ケセラセラ,Mrs.GREEN APPLE,https://www.billboard-japan.com/charts/detail?a=dlsongs&year=2023&month=12&day=04
2023,dlsongs,2023-11-29,35,Re方程式,10-FEET,https://www.billboard-japan.com/charts/detail?a=dlsongs&year=2023&month=12&day=04
2023,dlsongs,2023-11-29,36,"Woman ""Wの悲劇""より",宮本浩次,https://www.billboard-japan.com/charts/detail?a=dlsongs&year=2023&month=12&day=04
2023,dlsongs,2023-11-29,37,この恋の解を答えなさい,"久川颯(長江里加),高森藍子(金子有希),夢見りあむ(星希成奏),神崎蘭子(内田真礼),大石泉(大木咲絵子)",https://www.billboard-japan.com/charts/detail?a=dlsongs&year=2023&month=12&day=04
2023,dlsongs,2023-11-29,38,ハロ,yama × ぼっちぼろまる,https://www.billboard-japan.com/charts/detail?a=dlsongs&year=2023&month=12&day=04
2023,dlsongs,2023-11-29,39,イタズラ,REIKO,https://www.billboard-japan.com/charts/detail?a=dlsongs&year=2023&month=12&day=04
2023,dlsongs,2023-11-29,40,Flyway,Leo/need,https://www.billboard-japan.com/charts/detail?a=dlsongs&year=2023&month=12&day=04
2023,dlsongs,2023-11-29,41,トドメの一撃 (feat. Cory Wong),Vaundy,https://www.billboard-japan.com/charts/detail?a=dlsongs&year=2023&month=12&day=04
2023,dlsongs,2023-11-29,42,Connect:Addict,獅白ぼたん,https://www.billboard-japan.com/charts/detail?a=dlsongs&year=2023&month=12&day=04
2023,dlsongs,2023-11-29,43,01,女王蜂,https://www.billboard-japan.com/charts/detail?a=dlsongs&year=2023&month=12&day=04
2023,dlsongs,2023-11-29,44,Walking with you,Novelbright,https://www.billboard-japan.com/charts/detail?a=dlsongs&year=2023&month=12&day=04
2023,dlsongs,2023-11-29,45,よければ一緒に,KAN,https://www.billboard-japan.com/charts/detail?a=dlsongs&year=2023&month=12&day=04
2023,dlsongs,2023-11-29,46,LALALALA,Stray Kids,https://www.billboard-japan.com/charts/detail?a=dlsongs&year=2023&month=12&day=04
2023,dlsongs,2023-11-29,47,ダンスホール,Mrs.GREEN APPLE,https://www.billboard-japan.com/charts/detail?a=dlsongs&year=2023&month=12&day=04
2023,dlsongs,2023-11-29,48,Magic,Mrs.GREEN APPLE,https://www.billboard-japan.com/charts/detail?a=dlsongs&year=2023&month=12&day=04
2023,dlsongs,2023-11-29,49,粛聖!! ロリ神レクイエム☆,しぐれうい,https://www.billboard-japan.com/charts/detail?a=dlsongs&year=2023&month=12&day=04
2023,dlsongs,2023-11-29,50,処救生,MyGO!!!!!,https://www.billboard-japan.com/charts/detail?a=dlsongs&year=2023&month=12&day=04
2023,dlsongs,2023-11-29,51,What is done feat. BOOM BOOM CASH,THE RAMPAGE from EXILE TRIBE,https://www.billboard-japan.com/charts/detail?a=dlsongs&year=2023&month=12&day=04
2023,dlsongs,2023-11-29,52,grayscale dorminator,OxT,https://www.billboard-japan.com/charts/detail?a=dlsongs&year=2023&month=12&day=04
2023,dlsongs,2023-11-29,53,Subtitle,Official髭男dism,https://www.billboard-japan.com/charts/detail?a=dlsongs&year=2023&month=12&day=04
2023,dlsongs,2023-11-29,54,Awakening Light,三代目 J SOUL BROTHERS from EXILE TRIBE,https://www.billboard-japan.com/charts/detail?a=dlsongs&year=2023&month=12&day=04
2023,dlsongs,2023-11-29,55,ラブソング,マルシィ,https://www.billboard-japan.com/charts/detail?a=dlsongs&year=2023&month=12&day=04
2023,dlsongs,2023-11-29,56,Sweet Venom,ENHYPEN,https://www.billboard-japan.com/charts/detail?a=dlsongs&year=2023&month=12&day=04
2023,dlsongs,2023-11-29,57,まゆみ,KAN,https://www.billboard-japan.com/charts/detail?a=dlsongs&year=2023&month=12&day=04
2023,dlsongs,2023-11-29,58,Mainstream,BE:FIRST,https://www.billboard-japan.com/charts/detail?a=dlsongs&year=2023&month=12&day=04
2023,dlsongs,2023-11-29,59,星の降る日に,aiko,https://www.billboard-japan.com/charts/detail?a=dlsongs&year=2023&month=12&day=04
2023,dlsongs,2023-11-29,60,相生,Leo/need,https://www.billboard-japan.com/charts/detail?a=dlsongs&year=2023&month=12&day=04
2023,dlsongs,2023-11-29,61,NIGHT DANCER,imase,https://www.billboard-japan.com/charts/detail?a=dlsongs&year=2023&month=12&day=04
2023,dlsongs,2023-11-29,62,UP TO ME!,Little Glee Monster,https://www.billboard-japan.com/charts/detail?a=dlsongs&year=2023&month=12&day=04
2023,dlsongs,2023-11-29,62,飛行艇,King Gnu,https://www.billboard-japan.com/charts/detail?a=dlsongs&year=2023&month=12&day=04
2023,dlsongs,2023-11-29,64,全力少年,スキマスイッチ,https://www.billboard-japan.com/charts/detail?a=dlsongs&year=2023&month=12&day=04
2023,dlsongs,2023-11-29,65,絆ノ奇跡,MAN WITH A MISSION×milet,https://www.billboard-japan.com/charts/detail?a=dlsongs&year=2023&month=12&day=04
2023,dlsongs,2023-11-29,66,クリスマスソング,back number,https://www.billboard-japan.com/charts/detail?a=dlsongs&year=2023&month=12&day=04
2023,dlsongs,2023-11-29,67,アングリー,ザ・ローリング・ストーンズ,https://www.billboard-japan.com/charts/detail?a=dlsongs&year=2023&month=12&day=04
2023,dlsongs,2023-11-29,68,BROKEN GAMES,FZMZ,https://www.billboard-japan.com/charts/detail?a=dlsongs&year=2023&month=12&day=04
2023,dlsongs,2023-11-29,69,Carnival,MAZZEL,https://www.billboard-japan.com/charts/detail?a=dlsongs&year=2023&month=12&day=04
2023,dlsongs,2023-11-29,70,二千年... 若しくは... 二万年後の君へ…,Linked Horizon,https://www.billboard-japan.com/charts/detail?a=dlsongs&year=2023&month=12&day=04
2023,dlsongs,2023-11-29,71,祝福,YOASOBI,https://www.billboard-japan.com/charts/detail?a=dlsongs&year=2023&month=12&day=04
2023,dlsongs,2023-11-29,72,LOVE SONG,ASKA,https://www.billboard-japan.com/charts/detail?a=dlsongs&year=2023&month=12&day=04
2023,dlsongs,2023-11-29,73,Take It Over,DOLLCHESTRA,https://www.billboard-japan.com/charts/detail?a=dlsongs&year=2023&month=12&day=04
2023,dlsongs,2023-11-29,74,白色蜉蝣,Aimer(エメ),https://www.billboard-japan.com/charts/detail?a=dlsongs&year=2023&month=12&day=04
2023,dlsongs,2023-11-29,75,それを愛と呼ぶなら,Uru,https://www.billboard-japan.com/charts/detail?a=dlsongs&year=2023&month=12&day=04
2023,dlsongs,2023-11-29,76,KICK BACK,米津玄師,https://www.billboard-japan.com/charts/detail?a=dlsongs&year=2023&month=12&day=04
2023,dlsongs,2023-11-29,77,群青,YOASOBI,https://www.billboard-japan.com/charts/detail?a=dlsongs&year=2023&month=12&day=04
2023,dlsongs,2023-11-29,78,ミックスナッツ,Official髭男dism,https://www.billboard-japan.com/charts/detail?a=dlsongs&year=2023&month=12&day=04
2023,dlsongs,2023-11-29,79,新時代 (ウタ from ONE PIECE FILM RED),Ado,https://www.billboard-japan.com/charts/detail?a=dlsongs&year=2023&month=12&day=04
2023,dlsongs,2023-11-29,79,やっちゃったわ,syudou,https://www.billboard-japan.com/charts/detail?a=dlsongs&year=2023&month=12&day=04
2023,dlsongs,2023-11-29,79,SHINKIRO,GuraMarine,https://www.billboard-japan.com/charts/detail?a=dlsongs&year=2023&month=12&day=04
2023,dlsongs,2023-11-29,82,ソシテミンナノ,キタサンブラック(矢野妃菜喜) & サトノダイヤモンド(立花日菜) & サトノクラウン(鈴代紗弓) & シュヴァルグラン(夏吉ゆうこ) & サウンズオブアース(MAKIKO) & ドゥラメンテ(秋奈),https://www.billboard-japan.com/charts/detail?a=dlsongs&year=2023&month=12&day=04
2023,dlsongs,2023-11-29,82,逆夢,King Gnu,https://www.billboard-japan.com/charts/detail?a=dlsongs&year=2023&month=12&day=04
2023,dlsongs,2023-11-29,84,Stereo Sunset (Prod. AmPm),Himika Akaneya,https://www.billboard-japan.com/charts/detail?a=dlsongs&year=2023&month=12&day=04
2023,dlsongs,2023-11-29,85,DREAMER,EIKO,https://www.billboard-japan.com/charts/detail?a=dlsongs&year=2023&month=12&day=04
2023,dlsongs,2023-11-29,86,ソングオブザデッド,KANA-BOON,https://www.billboard-japan.com/charts/detail?a=dlsongs&year=2023&month=12&day=04
2023,dlsongs,2023-11-29,87,アヴァン,Eve,https://www.billboard-japan.com/charts/detail?a=dlsongs&year=2023&month=12&day=04
2023,dlsongs,2023-11-29,88,白日,King Gnu,https://www.billboard-japan.com/charts/detail?a=dlsongs&year=2023&month=12&day=04
2023,dlsongs,2023-11-29,89,NOBODY,"JEON SOYEON, WINTER & LIZ",https://www.billboard-japan.com/charts/detail?a=dlsongs&year=2023&month=12&day=04
2023,dlsongs,2023-11-29,90,カメレオン,King Gnu,https://www.billboard-japan.com/charts/detail?a=dlsongs&year=2023&month=12&day=04
2023,dlsongs,2023-11-29,91,Red Liberation,fripSide,https://www.billboard-japan.com/charts/detail?a=dlsongs&year=2023&month=12&day=04
2023,dlsongs,2023-11-29,92,HIGHEST,OxT,https://www.billboard-japan.com/charts/detail?a=dlsongs&year=2023&month=12&day=04
2023,dlsongs,2023-11-29,93,悪魔の子,ヒグチアイ,https://www.billboard-japan.com/charts/detail?a=dlsongs&year=2023&month=12&day=04
2023,dlsongs,2023-11-29,94,115万キロのフィルム,Official髭男dism,https://www.billboard-japan.com/charts/detail?a=dlsongs&year=2023&month=12&day=04
2023,dlsongs,2023-11-29,95,エンダーエンダー,北上麗花(平山笑美) & ロコ(中村温姫) & 伊吹翼(Machico) & 箱崎星梨花(麻倉もも) & 舞浜歩(戸田めぐみ),https://www.billboard-japan.com/charts/detail?a=dlsongs&year=2023&month=12&day=04
2023,dlsongs,2023-11-29,95,アイノカタチ feat.HIDE(GReeeeN),MISIA,https://www.billboard-japan.com/charts/detail?a=dlsongs&year=2023&month=12&day=04
2023,dlsongs,2023-11-29,95,Standing Next to You,Jung Kook,https://www.billboard-japan.com/charts/detail?a=dlsongs&year=2023&month=12&day=04
2023,dlsongs,2023-11-29,98,夜に駆ける,YOASOBI,https://www.billboard-japan.com/charts/detail?a=dlsongs&year=2023&month=12&day=04
2023,dlsongs,2023-11-29,99,かくれんぼ,AliA,https://www.billboard-japan.com/charts/detail?a=dlsongs&year=2023&month=12&day=04
2023,dlsongs,2023-11-29,100,KNOT,DOLLCHESTRA,https://www.billboard-japan.com/charts/detail?a=dlsongs&year=2023&month=12&day=04
2023,dlsongs,2023-12-06,1,Kissin' Christmas (クリスマスだからじゃない) 2023,桑田佳祐&松任谷由実,https://www.billboard-japan.com/charts/detail?a=dlsongs&year=2023&month=12&day=11
2023,dlsongs,2023-12-06,2,LEVEL UP,Travis Japan,https://www.billboard-japan.com/charts/detail?a=dlsongs&year=2023&month=12&day=11
2023,dlsongs,2023-12-06,3,唱,Ado,https://www.billboard-japan.com/charts/detail?a=dlsongs&year=2023&month=12&day=11
2023,dlsongs,2023-12-06,4,勇者,YOASOBI,https://www.billboard-japan.com/charts/detail?a=dlsongs&year=2023&month=12&day=11
2023,dlsongs,2023-12-06,5,花になって,緑黄色社会,https://www.billboard-japan.com/charts/detail?a=dlsongs&year=2023&month=12&day=11
2023,dlsongs,2023-12-06,6,ブリキノダンス,Ado,https://www.billboard-japan.com/charts/detail?a=dlsongs&year=2023&month=12&day=11
2023,dlsongs,2023-12-06,7,晩餐歌,tuki.,https://www.billboard-japan.com/charts/detail?a=dlsongs&year=2023&month=12&day=11
2023,dlsongs,2023-12-06,8,3D (feat. Jack Harlow),Jung Kook,https://www.billboard-japan.com/charts/detail?a=dlsongs&year=2023&month=12&day=11
2023,dlsongs,2023-12-06,9,花,藤井風,https://www.billboard-japan.com/charts/detail?a=dlsongs&year=2023&month=12&day=11
2023,dlsongs,2023-12-06,10,アイドル,YOASOBI,https://www.billboard-japan.com/charts/detail?a=dlsongs&year=2023&month=12&day=11
2023,dlsongs,2023-12-06,11,Biri-Biri,YOASOBI,https://www.billboard-japan.com/charts/detail?a=dlsongs&year=2023&month=12&day=11
2023,dlsongs,2023-12-06,12,クラクラ,Ado,https://www.billboard-japan.com/charts/detail?a=dlsongs&year=2023&month=12&day=11
2023,dlsongs,2023-12-06,13,Standing Next to You (Usher Remix),Jung Kook,https://www.billboard-japan.com/charts/detail?a=dlsongs&year=2023&month=12&day=11
2023,dlsongs,2023-12-06,14,アイム・スティル・アライヴ・トゥデイ,マリア・ディーゼル,https://www.billboard-japan.com/charts/detail?a=dlsongs&year=2023&month=12&day=11
2023,dlsongs,2023-12-06,15,Feels,Nissy(西島隆弘) & スウィーティー,https://www.billboard-japan.com/charts/detail?a=dlsongs&year=2023&month=12&day=11
2023,dlsongs,2023-12-06,16,Ashes,Superfly,https://www.billboard-japan.com/charts/detail?a=dlsongs&year=2023&month=12&day=11
2023,dlsongs,2023-12-06,17,最高到達点,SEKAI NO OWARI,https://www.billboard-japan.com/charts/detail?a=dlsongs&year=2023&month=12&day=11
2023,dlsongs,2023-12-06,18,SPECIALZ,King Gnu,https://www.billboard-japan.com/charts/detail?a=dlsongs&year=2023&month=12&day=11
2023,dlsongs,2023-12-06,19,Anytime Anywhere,milet,https://www.billboard-japan.com/charts/detail?a=dlsongs&year=2023&month=12&day=11
2023,dlsongs,2023-12-06,20,怪獣の花唄,Vaundy,https://www.billboard-japan.com/charts/detail?a=dlsongs&year=2023&month=12&day=11
2023,dlsongs,2023-12-06,21,unravel,Ado,https://www.billboard-japan.com/charts/detail?a=dlsongs&year=2023&month=12&day=11
2023,dlsongs,2023-12-06,22,I'm a mess,MY FIRST STORY,https://www.billboard-japan.com/charts/detail?a=dlsongs&year=2023&month=12&day=11
2023,dlsongs,2023-12-06,23,飛行艇,King Gnu,https://www.billboard-japan.com/charts/detail?a=dlsongs&year=2023&month=12&day=11
2023,dlsongs,2023-12-06,24,青のすみか,キタニタツヤ,https://www.billboard-japan.com/charts/detail?a=dlsongs&year=2023&month=12&day=11
2023,dlsongs,2023-12-06,25,ジングル,悠馬,https://www.billboard-japan.com/charts/detail?a=dlsongs&year=2023&month=12&day=11
2023,dlsongs,2023-12-06,26,第ゼロ感,10-FEET,https://www.billboard-japan.com/charts/detail?a=dlsongs&year=2023&month=12&day=11
2023,dlsongs,2023-12-06,27,オトナブルー,新しい学校のリーダーズ,https://www.billboard-japan.com/charts/detail?a=dlsongs&year=2023&month=12&day=11
2023,dlsongs,2023-12-06,28,ケセラセラ,Mrs.GREEN APPLE,https://www.billboard-japan.com/charts/detail?a=dlsongs&year=2023&month=12&day=11
2023,dlsongs,2023-12-06,29,Perfect Night,LE SSERAFIM,https://www.billboard-japan.com/charts/detail?a=dlsongs&year=2023&month=12&day=11
2023,dlsongs,2023-12-06,30,more than words,羊文学,https://www.billboard-japan.com/charts/detail?a=dlsongs&year=2023&month=12&day=11
2023,dlsongs,2023-12-06,31,ランデヴー,シャイトープ,https://www.billboard-japan.com/charts/detail?a=dlsongs&year=2023&month=12&day=11
2023,dlsongs,2023-12-06,32,Sweet Kiss,来栖翔(下野紘),https://www.billboard-japan.com/charts/detail?a=dlsongs&year=2023&month=12&day=11
2023,dlsongs,2023-12-06,33,「君の幸せを」,Uru,https://www.billboard-japan.com/charts/detail?a=dlsongs&year=2023&month=12&day=11
2023,dlsongs,2023-12-06,34,SUKI×SUKIはなまる!,四ノ宮那月(谷山紀章),https://www.billboard-japan.com/charts/detail?a=dlsongs&year=2023&month=12&day=11
2023,dlsongs,2023-12-06,35,カメレオン,King Gnu,https://www.billboard-japan.com/charts/detail?a=dlsongs&year=2023&month=12&day=11
2023,dlsongs,2023-12-06,36,JUNGLE FIRE feat. MOTSU,芹澤優,https://www.billboard-japan.com/charts/detail?a=dlsongs&year=2023&month=12&day=11
2023,dlsongs,2023-12-06,37,イタズラ,REIKO,https://www.billboard-japan.com/charts/detail?a=dlsongs&year=2023&month=12&day=11
2023,dlsongs,2023-12-06,38,NEW STAR,n.SSign,https://www.billboard-japan.com/charts/detail?a=dlsongs&year=2023&month=12&day=11
2023,dlsongs,2023-12-06,39,トドメの一撃 (feat. Cory Wong),Vaundy,https://www.billboard-japan.com/charts/detail?a=dlsongs&year=2023&month=12&day=11
2023,dlsongs,2023-12-06,40,☆light ☆night,愛島セシル(鳥海浩輔),https://www.billboard-japan.com/charts/detail?a=dlsongs&year=2023&month=12&day=11
2023,dlsongs,2023-12-06,41,白日,King Gnu,https://www.billboard-japan.com/charts/detail?a=dlsongs&year=2023&month=12&day=11
2023,dlsongs,2023-12-06,42,ホロホーク,鷹嶺ルイ,https://www.billboard-japan.com/charts/detail?a=dlsongs&year=2023&month=12&day=11
2023,dlsongs,2023-12-06,43,I am Here.,一十木音也(寺島拓篤),https://www.billboard-japan.com/charts/detail?a=dlsongs&year=2023&month=12&day=11
2023,dlsongs,2023-12-06,44,アンバランス,博衣こより,https://www.billboard-japan.com/charts/detail?a=dlsongs&year=2023&month=12&day=11
2023,dlsongs,2023-12-06,45,Rose Rose Romance,神宮寺レン(諏訪部順一),https://www.billboard-japan.com/charts/detail?a=dlsongs&year=2023&month=12&day=11
2023,dlsongs,2023-12-06,46,HEARTRIS,NiziU,https://www.billboard-japan.com/charts/detail?a=dlsongs&year=2023&month=12&day=11
2023,dlsongs,2023-12-06,47,Target is you!,一ノ瀬トキヤ(宮野真守),https://www.billboard-japan.com/charts/detail?a=dlsongs&year=2023&month=12&day=11
2023,dlsongs,2023-12-06,48,アイコトバ,アイナ・ジ・エンド,https://www.billboard-japan.com/charts/detail?a=dlsongs&year=2023&month=12&day=11
2023,dlsongs,2023-12-06,49,サ・イラ・モナムール CA IRA MON AMOUR,礼真琴、暁千星、天華えま、極美慎,https://www.billboard-japan.com/charts/detail?a=dlsongs&year=2023&month=12&day=11
2023,dlsongs,2023-12-06,50,):阿修羅:(,King Gnu,https://www.billboard-japan.com/charts/detail?a=dlsongs&year=2023&month=12&day=11
2023,dlsongs,2023-12-06,51,ビリミリオン,優里,https://www.billboard-japan.com/charts/detail?a=dlsongs&year=2023&month=12&day=11
2023,dlsongs,2023-12-06,52,HOLY KNIGHT,聖川真斗(鈴村健一),https://www.billboard-japan.com/charts/detail?a=dlsongs&year=2023&month=12&day=11
2023,dlsongs,2023-12-06,53,What is done feat. BOOM BOOM CASH,THE RAMPAGE from EXILE TRIBE,https://www.billboard-japan.com/charts/detail?a=dlsongs&year=2023&month=12&day=11
2023,dlsongs,2023-12-06,54,Time Capsule (feat. KABE),EIKO with EAST SOUTH,https://www.billboard-japan.com/charts/detail?a=dlsongs&year=2023&month=12&day=11
2023,dlsongs,2023-12-06,55,DREAMER,EIKO,https://www.billboard-japan.com/charts/detail?a=dlsongs&year=2023&month=12&day=11
2023,dlsongs,2023-12-06,56,TOXIC,Charm Holic,https://www.billboard-japan.com/charts/detail?a=dlsongs&year=2023&month=12&day=11
2023,dlsongs,2023-12-06,57,Monopoly,乃木坂46,https://www.billboard-japan.com/charts/detail?a=dlsongs&year=2023&month=12&day=11
2023,dlsongs,2023-12-06,58,ドレスコード,LE SSERAFIM,https://www.billboard-japan.com/charts/detail?a=dlsongs&year=2023&month=12&day=11
2023,dlsongs,2023-12-06,59,&ME,NALALA,https://www.billboard-japan.com/charts/detail?a=dlsongs&year=2023&month=12&day=11
2023,dlsongs,2023-12-06,60,Carnival,MAZZEL,https://www.billboard-japan.com/charts/detail?a=dlsongs&year=2023&month=12&day=11
2023,dlsongs,2023-12-06,61,愛をボナペティ♪,四ノ宮那月(谷山紀章),https://www.billboard-japan.com/charts/detail?a=dlsongs&year=2023&month=12&day=11
2023,dlsongs,2023-12-06,62,ハロ,yama × ぼっちぼろまる,https://www.billboard-japan.com/charts/detail?a=dlsongs&year=2023&month=12&day=11
2023,dlsongs,2023-12-06,63,KICK BACK,米津玄師,https://www.billboard-japan.com/charts/detail?a=dlsongs&year=2023&month=12&day=11
2023,dlsongs,2023-12-06,64,First Christmas,ナオト・インティライミ,https://www.billboard-japan.com/charts/detail?a=dlsongs&year=2023&month=12&day=11
2023,dlsongs,2023-12-06,64,BATTER UP,BABYMONSTER,https://www.billboard-japan.com/charts/detail?a=dlsongs&year=2023&month=12&day=11
2023,dlsongs,2023-12-06,66,Ashen,MY FIRST STORY,https://www.billboard-japan.com/charts/detail?a=dlsongs&year=2023&month=12&day=11
2023,dlsongs,2023-12-06,67,あのね,あいみょん,https://www.billboard-japan.com/charts/detail?a=dlsongs&year=2023&month=12&day=11
2023,dlsongs,2023-12-06,68,Magic,Mrs.GREEN APPLE,https://www.billboard-japan.com/charts/detail?a=dlsongs&year=2023&month=12&day=11
2023,dlsongs,2023-12-06,69,ダンスホール,Mrs.GREEN APPLE,https://www.billboard-japan.com/charts/detail?a=dlsongs&year=2023&month=12&day=11
2023,dlsongs,2023-12-06,70,声なき言葉 LES MOTS QUE L'ON NE DIT PAS,礼真琴、暁千星、極美慎、ほか,https://www.billboard-japan.com/charts/detail?a=dlsongs&year=2023&month=12&day=11
2023,dlsongs,2023-12-06,71,01,女王蜂,https://www.billboard-japan.com/charts/detail?a=dlsongs&year=2023&month=12&day=11
2023,dlsongs,2023-12-06,72,Wormhole: New Track,n.SSign,https://www.billboard-japan.com/charts/detail?a=dlsongs&year=2023&month=12&day=11
2023,dlsongs,2023-12-06,73,粛聖!! ロリ神レクイエム☆,しぐれうい,https://www.billboard-japan.com/charts/detail?a=dlsongs&year=2023&month=12&day=11
2023,dlsongs,2023-12-06,74,Re方程式,10-FEET,https://www.billboard-japan.com/charts/detail?a=dlsongs&year=2023&month=12&day=11
2023,dlsongs,2023-12-06,75,奏(かなで),スキマスイッチ,https://www.billboard-japan.com/charts/detail?a=dlsongs&year=2023&month=12&day=11
2023,dlsongs,2023-12-06,76,Teeenage☆Groovin',"喜多見柚(武田羅梨沙多胡),棟方愛海(藤本彩花),椎名法子(都丸ちよ)",https://www.billboard-japan.com/charts/detail?a=dlsongs&year=2023&month=12&day=11
2023,dlsongs,2023-12-06,77,Higher,n.SSign,https://www.billboard-japan.com/charts/detail?a=dlsongs&year=2023&month=12&day=11
2023,dlsongs,2023-12-06,78,一途,King Gnu,https://www.billboard-japan.com/charts/detail?a=dlsongs&year=2023&month=12&day=11
2023,dlsongs,2023-12-06,79,愛は勝つ,KAN,https://www.billboard-japan.com/charts/detail?a=dlsongs&year=2023&month=12&day=11
2023,dlsongs,2023-12-06,80,クリスマス・イブ,山下達郎,https://www.billboard-japan.com/charts/detail?a=dlsongs&year=2023&month=12&day=11
2023,dlsongs,2023-12-06,81,恋人たちのクリスマス,マライア・キャリー,https://www.billboard-japan.com/charts/detail?a=dlsongs&year=2023&month=12&day=11
2023,dlsongs,2023-12-06,82,クリスマスソング,back number,https://www.billboard-japan.com/charts/detail?a=dlsongs&year=2023&month=12&day=11
2023,dlsongs,2023-12-06,82,Subtitle,Official髭男dism,https://www.billboard-japan.com/charts/detail?a=dlsongs&year=2023&month=12&day=11
2023,dlsongs,2023-12-06,84,悲しみの報い POUR LA PEINE,礼真琴、有沙瞳、ほか,https://www.billboard-japan.com/charts/detail?a=dlsongs&year=2023&month=12&day=11
2023,dlsongs,2023-12-06,85,Moonthief,キタニタツヤ,https://www.billboard-japan.com/charts/detail?a=dlsongs&year=2023&month=12&day=11
2023,dlsongs,2023-12-06,86,Dreamer Drivers,DISH//,https://www.billboard-japan.com/charts/detail?a=dlsongs&year=2023&month=12&day=11
2023,dlsongs,2023-12-06,87,LALALALA,Stray Kids,https://www.billboard-japan.com/charts/detail?a=dlsongs&year=2023&month=12&day=11
2023,dlsongs,2023-12-06,88,肌に刻み込まれたもの SUR MA PEAU,礼真琴,https://www.billboard-japan.com/charts/detail?a=dlsongs&year=2023&month=12&day=11
2023,dlsongs,2023-12-06,89,逆光,Vaundy,https://www.billboard-japan.com/charts/detail?a=dlsongs&year=2023&month=12&day=11
2023,dlsongs,2023-12-06,90,インフェルノ,Mrs.GREEN APPLE,https://www.billboard-japan.com/charts/detail?a=dlsongs&year=2023&month=12&day=11
2023,dlsongs,2023-12-06,91,群青,YOASOBI,https://www.billboard-japan.com/charts/detail?a=dlsongs&year=2023&month=12&day=11
2023,dlsongs,2023-12-06,92,絆ノ奇跡,MAN WITH A MISSION×milet,https://www.billboard-japan.com/charts/detail?a=dlsongs&year=2023&month=12&day=11
2023,dlsongs,2023-12-06,92,アイデンティティ,みらくらぱーく!,https://www.billboard-japan.com/charts/detail?a=dlsongs&year=2023&month=12&day=11
2023,dlsongs,2023-12-06,94,慕情,サザンオールスターズ,https://www.billboard-japan.com/charts/detail?a=dlsongs&year=2023&month=12&day=11
2023,dlsongs,2023-12-06,95,Hanggang kailan pa,REIKO,https://www.billboard-japan.com/charts/detail?a=dlsongs&year=2023&month=12&day=11
2023,dlsongs,2023-12-06,95,grayscale dorminator,OxT,https://www.billboard-japan.com/charts/detail?a=dlsongs&year=2023&month=12&day=11
2023,dlsongs,2023-12-06,97,Walking with you,Novelbright,https://www.billboard-japan.com/charts/detail?a=dlsongs&year=2023&month=12&day=11
2023,dlsongs,2023-12-06,98,ラブソング,マルシィ,https://www.billboard-japan.com/charts/detail?a=dlsongs&year=2023&month=12&day=11
2023,dlsongs,2023-12-06,99,来来☆オーライ,来栖翔(下野紘),https://www.billboard-japan.com/charts/detail?a=dlsongs&year=2023&month=12&day=11
2023,dlsongs,2023-12-06,100,LOVE SONG,ASKA,https://www.billboard-japan.com/charts/detail?a=dlsongs&year=2023&month=12&day=11
2023,dlsongs,2023-12-13,1,想望,福山雅治,https://www.billboard-japan.com/charts/detail?a=dlsongs&year=2023&month=12&day=18
2023,dlsongs,2023-12-13,2,唱,Ado,https://www.billboard-japan.com/charts/detail?a=dlsongs&year=2023&month=12&day=18
2023,dlsongs,2023-12-13,3,花になって,緑黄色社会,https://www.billboard-japan.com/charts/detail?a=dlsongs&year=2023&month=12&day=18
2023,dlsongs,2023-12-13,4,FEEL OR BEEF BADPOP IS DEAD,舐達麻,https://www.billboard-japan.com/charts/detail?a=dlsongs&year=2023&month=12&day=18
2023,dlsongs,2023-12-13,5,SUPER IDOL,SKY-HI × Nissy(西島隆弘),https://www.billboard-japan.com/charts/detail?a=dlsongs&year=2023&month=12&day=18
2023,dlsongs,2023-12-13,6,勇者,YOASOBI,https://www.billboard-japan.com/charts/detail?a=dlsongs&year=2023&month=12&day=18
2023,dlsongs,2023-12-13,7,晩餐歌,tuki.,https://www.billboard-japan.com/charts/detail?a=dlsongs&year=2023&month=12&day=18
2023,dlsongs,2023-12-13,8,SPECIALZ,King Gnu,https://www.billboard-japan.com/charts/detail?a=dlsongs&year=2023&month=12&day=18
2023,dlsongs,2023-12-13,9,Monopoly,乃木坂46,https://www.billboard-japan.com/charts/detail?a=dlsongs&year=2023&month=12&day=18
2023,dlsongs,2023-12-13,10,Kissin' Christmas (クリスマスだからじゃない) 2023,桑田佳祐&松任谷由実,https://www.billboard-japan.com/charts/detail?a=dlsongs&year=2023&month=12&day=18
2023,dlsongs,2023-12-13,11,アイドル,YOASOBI,https://www.billboard-japan.com/charts/detail?a=dlsongs&year=2023&month=12&day=18
2023,dlsongs,2023-12-13,12,Ashes,Superfly,https://www.billboard-japan.com/charts/detail?a=dlsongs&year=2023&month=12&day=18
2023,dlsongs,2023-12-13,13,花,藤井風,https://www.billboard-japan.com/charts/detail?a=dlsongs&year=2023&month=12&day=18
2023,dlsongs,2023-12-13,14,最高到達点,SEKAI NO OWARI,https://www.billboard-japan.com/charts/detail?a=dlsongs&year=2023&month=12&day=18
2023,dlsongs,2023-12-13,15,クラクラ,Ado,https://www.billboard-japan.com/charts/detail?a=dlsongs&year=2023&month=12&day=18
2023,dlsongs,2023-12-13,16,ブリキノダンス,Ado,https://www.billboard-japan.com/charts/detail?a=dlsongs&year=2023&month=12&day=18
2023,dlsongs,2023-12-13,17,あのね,あいみょん,https://www.billboard-japan.com/charts/detail?a=dlsongs&year=2023&month=12&day=18
2023,dlsongs,2023-12-13,18,Anytime Anywhere,milet,https://www.billboard-japan.com/charts/detail?a=dlsongs&year=2023&month=12&day=18
2023,dlsongs,2023-12-13,19,怪獣の花唄,Vaundy,https://www.billboard-japan.com/charts/detail?a=dlsongs&year=2023&month=12&day=18
2023,dlsongs,2023-12-13,20,Long Long Spell,She is Legend,https://www.billboard-japan.com/charts/detail?a=dlsongs&year=2023&month=12&day=18
2023,dlsongs,2023-12-13,21,WINTER WITHOUT YOU,XG,https://www.billboard-japan.com/charts/detail?a=dlsongs&year=2023&month=12&day=18
2023,dlsongs,2023-12-13,22,七星神威 (feat. 310),スパイラル・ラダー,https://www.billboard-japan.com/charts/detail?a=dlsongs&year=2023&month=12&day=18
2023,dlsongs,2023-12-13,23,I Got It,IMP.,https://www.billboard-japan.com/charts/detail?a=dlsongs&year=2023&month=12&day=18
2023,dlsongs,2023-12-13,24,今 -明日 世界が終わっても-,SEVENTEEN,https://www.billboard-japan.com/charts/detail?a=dlsongs&year=2023&month=12&day=18
2023,dlsongs,2023-12-13,25,ももいろの鍵,MORE MORE JUMP!,https://www.billboard-japan.com/charts/detail?a=dlsongs&year=2023&month=12&day=18
2023,dlsongs,2023-12-13,26,LEVEL UP,Travis Japan,https://www.billboard-japan.com/charts/detail?a=dlsongs&year=2023&month=12&day=18
2023,dlsongs,2023-12-13,27,more than words,羊文学,https://www.billboard-japan.com/charts/detail?a=dlsongs&year=2023&month=12&day=18
2023,dlsongs,2023-12-13,28,Angie,TM NETWORK,https://www.billboard-japan.com/charts/detail?a=dlsongs&year=2023&month=12&day=18
2023,dlsongs,2023-12-13,29,第ゼロ感,10-FEET,https://www.billboard-japan.com/charts/detail?a=dlsongs&year=2023&month=12&day=18
2023,dlsongs,2023-12-13,30,私は、私達は,MORE MORE JUMP!,https://www.billboard-japan.com/charts/detail?a=dlsongs&year=2023&month=12&day=18
2023,dlsongs,2023-12-13,31,I'm a mess,MY FIRST STORY,https://www.billboard-japan.com/charts/detail?a=dlsongs&year=2023&month=12&day=18
2023,dlsongs,2023-12-13,32,青のすみか,キタニタツヤ,https://www.billboard-japan.com/charts/detail?a=dlsongs&year=2023&month=12&day=18
2023,dlsongs,2023-12-13,33,Biri-Biri,YOASOBI,https://www.billboard-japan.com/charts/detail?a=dlsongs&year=2023&month=12&day=18
2023,dlsongs,2023-12-13,34,オトナブルー,新しい学校のリーダーズ,https://www.billboard-japan.com/charts/detail?a=dlsongs&year=2023&month=12&day=18
2023,dlsongs,2023-12-13,35,ケセラセラ,Mrs.GREEN APPLE,https://www.billboard-japan.com/charts/detail?a=dlsongs&year=2023&month=12&day=18
2023,dlsongs,2023-12-13,36,白色蜉蝣,Aimer(エメ),https://www.billboard-japan.com/charts/detail?a=dlsongs&year=2023&month=12&day=18
2023,dlsongs,2023-12-13,37,ランデヴー,シャイトープ,https://www.billboard-japan.com/charts/detail?a=dlsongs&year=2023&month=12&day=18
2023,dlsongs,2023-12-13,38,Perfect Night,LE SSERAFIM,https://www.billboard-japan.com/charts/detail?a=dlsongs&year=2023&month=12&day=18
2023,dlsongs,2023-12-13,39,風を仰ぎし麗容な,風真いろは,https://www.billboard-japan.com/charts/detail?a=dlsongs&year=2023&month=12&day=18
2023,dlsongs,2023-12-13,40,Ashen,MY FIRST STORY,https://www.billboard-japan.com/charts/detail?a=dlsongs&year=2023&month=12&day=18
2023,dlsongs,2023-12-13,41,unravel,Ado,https://www.billboard-japan.com/charts/detail?a=dlsongs&year=2023&month=12&day=18
2023,dlsongs,2023-12-13,42,Overdrive,Aimer(エメ),https://www.billboard-japan.com/charts/detail?a=dlsongs&year=2023&month=12&day=18
2023,dlsongs,2023-12-13,43,JUNGLE FIRE feat. MOTSU,芹澤優,https://www.billboard-japan.com/charts/detail?a=dlsongs&year=2023&month=12&day=18
2023,dlsongs,2023-12-13,44,いばら,Ado,https://www.billboard-japan.com/charts/detail?a=dlsongs&year=2023&month=12&day=18
2023,dlsongs,2023-12-13,45,カメレオン,King Gnu,https://www.billboard-japan.com/charts/detail?a=dlsongs&year=2023&month=12&day=18
2023,dlsongs,2023-12-13,46,CHEMY×STORY,BACK-ON,https://www.billboard-japan.com/charts/detail?a=dlsongs&year=2023&month=12&day=18
2023,dlsongs,2023-12-13,47,硝子窓,King Gnu,https://www.billboard-japan.com/charts/detail?a=dlsongs&year=2023&month=12&day=18
2023,dlsongs,2023-12-13,48,Tear-Gazer,博衣こより,https://www.billboard-japan.com/charts/detail?a=dlsongs&year=2023&month=12&day=18
2023,dlsongs,2023-12-13,49,アイコトバ,アイナ・ジ・エンド,https://www.billboard-japan.com/charts/detail?a=dlsongs&year=2023&month=12&day=18
2023,dlsongs,2023-12-13,50,饗宴ソリダリティ〜SHAKE★NABE〜,秘密結社holoX,https://www.billboard-japan.com/charts/detail?a=dlsongs&year=2023&month=12&day=18
2023,dlsongs,2023-12-13,51,トドメの一撃 (feat. Cory Wong),Vaundy,https://www.billboard-japan.com/charts/detail?a=dlsongs&year=2023&month=12&day=18
2023,dlsongs,2023-12-13,52,):阿修羅:(,King Gnu,https://www.billboard-japan.com/charts/detail?a=dlsongs&year=2023&month=12&day=18
2023,dlsongs,2023-12-13,53,シャロン,ROSSO,https://www.billboard-japan.com/charts/detail?a=dlsongs&year=2023&month=12&day=18
2023,dlsongs,2023-12-13,54,Satisfaction,跡部景吾&越知月光,https://www.billboard-japan.com/charts/detail?a=dlsongs&year=2023&month=12&day=18
2023,dlsongs,2023-12-13,55,die die die,あいみょん,https://www.billboard-japan.com/charts/detail?a=dlsongs&year=2023&month=12&day=18
2023,dlsongs,2023-12-13,56,ビリミリオン,優里,https://www.billboard-japan.com/charts/detail?a=dlsongs&year=2023&month=12&day=18
2023,dlsongs,2023-12-13,57,夢と悪魔とファンタジー,緑黄色社会,https://www.billboard-japan.com/charts/detail?a=dlsongs&year=2023&month=12&day=18
2023,dlsongs,2023-12-13,58,エイムに愛されしガール,湊あくあ,https://www.billboard-japan.com/charts/detail?a=dlsongs&year=2023&month=12&day=18
2023,dlsongs,2023-12-13,59,クリスマスソング,back number,https://www.billboard-japan.com/charts/detail?a=dlsongs&year=2023&month=12&day=18
2023,dlsongs,2023-12-13,60,恋人たちのクリスマス,マライア・キャリー,https://www.billboard-japan.com/charts/detail?a=dlsongs&year=2023&month=12&day=18
2023,dlsongs,2023-12-13,61,Subtitle,Official髭男dism,https://www.billboard-japan.com/charts/detail?a=dlsongs&year=2023&month=12&day=18
2023,dlsongs,2023-12-13,62,クリスマス・イブ,山下達郎,https://www.billboard-japan.com/charts/detail?a=dlsongs&year=2023&month=12&day=18
2023,dlsongs,2023-12-13,63,世界の終わり,THEE MICHELLE GUN ELEPHANT,https://www.billboard-japan.com/charts/detail?a=dlsongs&year=2023&month=12&day=18
2023,dlsongs,2023-12-13,64,異次元★ BIGBANG,島村卯月(大橋彩香) & 最上静香(田所あずさ) & 月岡恋鐘(礒部花凜) & 高海千歌(伊波杏樹) & 上原歩夢(大西亜玖璃) & 澁谷かのん(伊達さゆり) & 日野下花帆(楡井希実),https://www.billboard-japan.com/charts/detail?a=dlsongs&year=2023&month=12&day=18
2023,dlsongs,2023-12-13,65,LOVE ROCKETS,The Birthday,https://www.billboard-japan.com/charts/detail?a=dlsongs&year=2023&month=12&day=18
2023,dlsongs,2023-12-13,66,Seven (feat. Latto),Jung Kook,https://www.billboard-japan.com/charts/detail?a=dlsongs&year=2023&month=12&day=18
2023,dlsongs,2023-12-13,67,Sweet Igloo,Aimer(エメ),https://www.billboard-japan.com/charts/detail?a=dlsongs&year=2023&month=12&day=18
2023,dlsongs,2023-12-13,68,空を見上げた,木梨憲武 & ヒロミ & 所ジョージ,https://www.billboard-japan.com/charts/detail?a=dlsongs&year=2023&month=12&day=18
2023,dlsongs,2023-12-13,69,いつの日にか、あの歌を…,乃木坂46,https://www.billboard-japan.com/charts/detail?a=dlsongs&year=2023&month=12&day=18
2023,dlsongs,2023-12-13,70,DOMINO,ZOOL,https://www.billboard-japan.com/charts/detail?a=dlsongs&year=2023&month=12&day=18
2023,dlsongs,2023-12-13,71,白日,King Gnu,https://www.billboard-japan.com/charts/detail?a=dlsongs&year=2023&month=12&day=18
2023,dlsongs,2023-12-13,72,アイム・スティル・アライヴ・トゥデイ,マリア・ディーゼル,https://www.billboard-japan.com/charts/detail?a=dlsongs&year=2023&month=12&day=18
2023,dlsongs,2023-12-13,73,サンタ・テル・ミー,アリアナ・グランデ,https://www.billboard-japan.com/charts/detail?a=dlsongs&year=2023&month=12&day=18
2023,dlsongs,2023-12-13,74,HEARTRIS,NiziU,https://www.billboard-japan.com/charts/detail?a=dlsongs&year=2023&month=12&day=18
2023,dlsongs,2023-12-13,75,CONQUEROR,ZOOL,https://www.billboard-japan.com/charts/detail?a=dlsongs&year=2023&month=12&day=18
2023,dlsongs,2023-12-13,76,DREAMER,EIKO,https://www.billboard-japan.com/charts/detail?a=dlsongs&year=2023&month=12&day=18
2023,dlsongs,2023-12-13,77,ダンスホール,Mrs.GREEN APPLE,https://www.billboard-japan.com/charts/detail?a=dlsongs&year=2023&month=12&day=18
2023,dlsongs,2023-12-13,78,ハロ,yama × ぼっちぼろまる,https://www.billboard-japan.com/charts/detail?a=dlsongs&year=2023&month=12&day=18
2023,dlsongs,2023-12-13,79,トゥウィンクル空中戦,2wink,https://www.billboard-japan.com/charts/detail?a=dlsongs&year=2023&month=12&day=18
2023,dlsongs,2023-12-13,80,ベテルギウス,優里,https://www.billboard-japan.com/charts/detail?a=dlsongs&year=2023&month=12&day=18
2023,dlsongs,2023-12-13,81,01,女王蜂,https://www.billboard-japan.com/charts/detail?a=dlsongs&year=2023&month=12&day=18
2023,dlsongs,2023-12-13,82,Re方程式,10-FEET,https://www.billboard-japan.com/charts/detail?a=dlsongs&year=2023&month=12&day=18
2023,dlsongs,2023-12-13,83,思い出が止まらなくなる,乃木坂46,https://www.billboard-japan.com/charts/detail?a=dlsongs&year=2023&month=12&day=18
2023,dlsongs,2023-12-13,84,雫のプリキュア,キュア・カルテット(五條真由美、うちやえゆか、工藤真由、宮本佳那子),https://www.billboard-japan.com/charts/detail?a=dlsongs&year=2023&month=12&day=18
2023,dlsongs,2023-12-13,85,Magic,Mrs.GREEN APPLE,https://www.billboard-japan.com/charts/detail?a=dlsongs&year=2023&month=12&day=18
2023,dlsongs,2023-12-13,86,NIGHT DANCER,imase,https://www.billboard-japan.com/charts/detail?a=dlsongs&year=2023&month=12&day=18
2023,dlsongs,2023-12-13,87,ホロホーク,鷹嶺ルイ,https://www.billboard-japan.com/charts/detail?a=dlsongs&year=2023&month=12&day=18
2023,dlsongs,2023-12-13,88,一途,King Gnu,https://www.billboard-japan.com/charts/detail?a=dlsongs&year=2023&month=12&day=18
2023,dlsongs,2023-12-13,89,grayscale dorminator,OxT,https://www.billboard-japan.com/charts/detail?a=dlsongs&year=2023&month=12&day=18
2023,dlsongs,2023-12-13,90,慕情,サザンオールスターズ,https://www.billboard-japan.com/charts/detail?a=dlsongs&year=2023&month=12&day=18
2023,dlsongs,2023-12-13,91,アンバランス,博衣こより,https://www.billboard-japan.com/charts/detail?a=dlsongs&year=2023&month=12&day=18
2023,dlsongs,2023-12-13,92,新時代 (ウタ from ONE PIECE FILM RED),Ado,https://www.billboard-japan.com/charts/detail?a=dlsongs&year=2023&month=12&day=18
2023,dlsongs,2023-12-13,93,3D (feat. Jack Harlow),Jung Kook,https://www.billboard-japan.com/charts/detail?a=dlsongs&year=2023&month=12&day=18
2023,dlsongs,2023-12-13,94,Standing Next to You,Jung Kook,https://www.billboard-japan.com/charts/detail?a=dlsongs&year=2023&month=12&day=18
2023,dlsongs,2023-12-13,95,ウィッシュ〜この願い〜,生田絵梨花,https://www.billboard-japan.com/charts/detail?a=dlsongs&year=2023&month=12&day=18
2023,dlsongs,2023-12-13,96,水平線,back number,https://www.billboard-japan.com/charts/detail?a=dlsongs&year=2023&month=12&day=18
2023,dlsongs,2023-12-13,97,祝福,YOASOBI,https://www.billboard-japan.com/charts/detail?a=dlsongs&year=2023&month=12&day=18
2023,dlsongs,2023-12-13,98,飛行艇,King Gnu,https://www.billboard-japan.com/charts/detail?a=dlsongs&year=2023&month=12&day=18
2023,dlsongs,2023-12-13,99,微風,シド,https://www.billboard-japan.com/charts/detail?a=dlsongs&year=2023&month=12&day=18
2023,dlsongs,2023-12-13,100,絆ノ奇跡,MAN WITH A MISSION×milet,https://www.billboard-japan.com/charts/detail?a=dlsongs&year=2023&month=12&day=18
2023,dlsongs,2023-12-20,1,Sleep Walking Orchestra,BUMP OF CHICKEN,https://www.billboard-japan.com/charts/detail?a=dlsongs&year=2023&month=12&day=25
2023,dlsongs,2023-12-20,2,SOULSOUP,Official髭男dism,https://www.billboard-japan.com/charts/detail?a=dlsongs&year=2023&month=12&day=25
2023,dlsongs,2023-12-20,3,唱,Ado,https://www.billboard-japan.com/charts/detail?a=dlsongs&year=2023&month=12&day=25
2023,dlsongs,2023-12-20,4,I Got It,IMP.,https://www.billboard-japan.com/charts/detail?a=dlsongs&year=2023&month=12&day=25
2023,dlsongs,2023-12-20,5,花になって,緑黄色社会,https://www.billboard-japan.com/charts/detail?a=dlsongs&year=2023&month=12&day=25
2023,dlsongs,2023-12-20,6,勇者,YOASOBI,https://www.billboard-japan.com/charts/detail?a=dlsongs&year=2023&month=12&day=25
2023,dlsongs,2023-12-20,7,Spring Day,BTS (防弾少年団),https://www.billboard-japan.com/charts/detail?a=dlsongs&year=2023&month=12&day=25
2023,dlsongs,2023-12-20,8,SPECIALZ,King Gnu,https://www.billboard-japan.com/charts/detail?a=dlsongs&year=2023&month=12&day=25
2023,dlsongs,2023-12-20,9,晩餐歌,tuki.,https://www.billboard-japan.com/charts/detail?a=dlsongs&year=2023&month=12&day=25
2023,dlsongs,2023-12-20,10,想望,福山雅治,https://www.billboard-japan.com/charts/detail?a=dlsongs&year=2023&month=12&day=25
2023,dlsongs,2023-12-20,11,アイドル,YOASOBI,https://www.billboard-japan.com/charts/detail?a=dlsongs&year=2023&month=12&day=25
2023,dlsongs,2023-12-20,12,Ashes,Superfly,https://www.billboard-japan.com/charts/detail?a=dlsongs&year=2023&month=12&day=25
2023,dlsongs,2023-12-20,13,RED LINE,アンジュルム,https://www.billboard-japan.com/charts/detail?a=dlsongs&year=2023&month=12&day=25
2023,dlsongs,2023-12-20,14,more than words,羊文学,https://www.billboard-japan.com/charts/detail?a=dlsongs&year=2023&month=12&day=25
2023,dlsongs,2023-12-20,15,最高到達点,SEKAI NO OWARI,https://www.billboard-japan.com/charts/detail?a=dlsongs&year=2023&month=12&day=25
2023,dlsongs,2023-12-20,16,花,藤井風,https://www.billboard-japan.com/charts/detail?a=dlsongs&year=2023&month=12&day=25
2023,dlsongs,2023-12-20,17,Anytime Anywhere,milet,https://www.billboard-japan.com/charts/detail?a=dlsongs&year=2023&month=12&day=25
2023,dlsongs,2023-12-20,18,クラクラ,Ado,https://www.billboard-japan.com/charts/detail?a=dlsongs&year=2023&month=12&day=25
2023,dlsongs,2023-12-20,19,ドライフラワー,Ado,https://www.billboard-japan.com/charts/detail?a=dlsongs&year=2023&month=12&day=25
2023,dlsongs,2023-12-20,20,Outro : Tear,BTS (防弾少年団),https://www.billboard-japan.com/charts/detail?a=dlsongs&year=2023&month=12&day=25
2023,dlsongs,2023-12-20,21,ウィッシュ〜この願い〜,生田絵梨花,https://www.billboard-japan.com/charts/detail?a=dlsongs&year=2023&month=12&day=25
2023,dlsongs,2023-12-20,22,YOUR ADVENTURE!!,桐生院ヴァン(高橋英則),https://www.billboard-japan.com/charts/detail?a=dlsongs&year=2023&month=12&day=25
2023,dlsongs,2023-12-20,23,No More Dream,BTS (防弾少年団),https://www.billboard-japan.com/charts/detail?a=dlsongs&year=2023&month=12&day=25
2023,dlsongs,2023-12-20,24,雪の音,Novelbright,https://www.billboard-japan.com/charts/detail?a=dlsongs&year=2023&month=12&day=25
2023,dlsongs,2023-12-20,25,オトナブルー,新しい学校のリーダーズ,https://www.billboard-japan.com/charts/detail?a=dlsongs&year=2023&month=12&day=25
2023,dlsongs,2023-12-20,26,DOMINO (JO1 ver.),JO1,https://www.billboard-japan.com/charts/detail?a=dlsongs&year=2023&month=12&day=25
2023,dlsongs,2023-12-20,27,可愛くてごめん,Ado,https://www.billboard-japan.com/charts/detail?a=dlsongs&year=2023&month=12&day=25
2023,dlsongs,2023-12-20,28,ケセラセラ,Mrs.GREEN APPLE,https://www.billboard-japan.com/charts/detail?a=dlsongs&year=2023&month=12&day=25
2023,dlsongs,2023-12-20,29,Kissin' Christmas (クリスマスだからじゃない) 2023,桑田佳祐&松任谷由実,https://www.billboard-japan.com/charts/detail?a=dlsongs&year=2023&month=12&day=25
2023,dlsongs,2023-12-20,30,FEEL OR BEEF BADPOP IS DEAD,舐達麻,https://www.billboard-japan.com/charts/detail?a=dlsongs&year=2023&month=12&day=25
2023,dlsongs,2023-12-20,31,青のすみか,キタニタツヤ,https://www.billboard-japan.com/charts/detail?a=dlsongs&year=2023&month=12&day=25
2023,dlsongs,2023-12-20,32,CHEMY×STORY,BACK-ON,https://www.billboard-japan.com/charts/detail?a=dlsongs&year=2023&month=12&day=25
2023,dlsongs,2023-12-20,33,クリスマスしよ(ハート),百田夏菜子,https://www.billboard-japan.com/charts/detail?a=dlsongs&year=2023&month=12&day=25
2023,dlsongs,2023-12-20,34,Dance Again,TWICE,https://www.billboard-japan.com/charts/detail?a=dlsongs&year=2023&month=12&day=25
2023,dlsongs,2023-12-20,35,ライフ イズ ビューティフル!,アンジュルム,https://www.billboard-japan.com/charts/detail?a=dlsongs&year=2023&month=12&day=25
2023,dlsongs,2023-12-20,36,怪獣の花唄,Vaundy,https://www.billboard-japan.com/charts/detail?a=dlsongs&year=2023&month=12&day=25
2023,dlsongs,2023-12-20,37,Black Out (JO1 ver.),JO1,https://www.billboard-japan.com/charts/detail?a=dlsongs&year=2023&month=12&day=25
2023,dlsongs,2023-12-20,38,I'm a mess,MY FIRST STORY,https://www.billboard-japan.com/charts/detail?a=dlsongs&year=2023&month=12&day=25
2023,dlsongs,2023-12-20,39,Monopoly,乃木坂46,https://www.billboard-japan.com/charts/detail?a=dlsongs&year=2023&month=12&day=25
2023,dlsongs,2023-12-20,40,飾りじゃないのよ 涙は,Ado,https://www.billboard-japan.com/charts/detail?a=dlsongs&year=2023&month=12&day=25
2023,dlsongs,2023-12-20,41,罪と罰,Ado,https://www.billboard-japan.com/charts/detail?a=dlsongs&year=2023&month=12&day=25
2023,dlsongs,2023-12-20,42,白色蜉蝣,Aimer(エメ),https://www.billboard-japan.com/charts/detail?a=dlsongs&year=2023&month=12&day=25
2023,dlsongs,2023-12-20,43,想像以上,PRODUCE 101 JAPAN THE GIRLS,https://www.billboard-japan.com/charts/detail?a=dlsongs&year=2023&month=12&day=25
2023,dlsongs,2023-12-20,44,第ゼロ感,10-FEET,https://www.billboard-japan.com/charts/detail?a=dlsongs&year=2023&month=12&day=25
2023,dlsongs,2023-12-20,45,Perfect Night,LE SSERAFIM,https://www.billboard-japan.com/charts/detail?a=dlsongs&year=2023&month=12&day=25
2023,dlsongs,2023-12-20,46,Extras,Molly Daisy Scarpine & アークシステムワークス,https://www.billboard-japan.com/charts/detail?a=dlsongs&year=2023&month=12&day=25
2023,dlsongs,2023-12-20,47,神っぽいな,Ado,https://www.billboard-japan.com/charts/detail?a=dlsongs&year=2023&month=12&day=25
2023,dlsongs,2023-12-20,48,あのね,あいみょん,https://www.billboard-japan.com/charts/detail?a=dlsongs&year=2023&month=12&day=25
2023,dlsongs,2023-12-20,49,CHOPPY CHOPPY,PRODUCE 101 JAPAN THE GIRLS,https://www.billboard-japan.com/charts/detail?a=dlsongs&year=2023&month=12&day=25
2023,dlsongs,2023-12-20,50,VIVA CARNIVAL,刀剣男士 formation of 江おんすていじ,https://www.billboard-japan.com/charts/detail?a=dlsongs&year=2023&month=12&day=25
2023,dlsongs,2023-12-20,51,ランデヴー,シャイトープ,https://www.billboard-japan.com/charts/detail?a=dlsongs&year=2023&month=12&day=25
2023,dlsongs,2023-12-20,52,クリスマスソング,back number,https://www.billboard-japan.com/charts/detail?a=dlsongs&year=2023&month=12&day=25
2023,dlsongs,2023-12-20,53,JUNGLE FIRE feat. MOTSU,芹澤優,https://www.billboard-japan.com/charts/detail?a=dlsongs&year=2023&month=12&day=25
2023,dlsongs,2023-12-20,54,クリスマス・イブ,山下達郎,https://www.billboard-japan.com/charts/detail?a=dlsongs&year=2023&month=12&day=25
2023,dlsongs,2023-12-20,55,アイコトバ,アイナ・ジ・エンド,https://www.billboard-japan.com/charts/detail?a=dlsongs&year=2023&month=12&day=25
2023,dlsongs,2023-12-20,56,シュガーソルト,sumika,https://www.billboard-japan.com/charts/detail?a=dlsongs&year=2023&month=12&day=25
2023,dlsongs,2023-12-20,57,FLY UP SO HIGH,PRODUCE 101 JAPAN THE GIRLS,https://www.billboard-japan.com/charts/detail?a=dlsongs&year=2023&month=12&day=25
2023,dlsongs,2023-12-20,58,Biri-Biri,YOASOBI,https://www.billboard-japan.com/charts/detail?a=dlsongs&year=2023&month=12&day=25
2023,dlsongs,2023-12-20,59,Subtitle,Official髭男dism,https://www.billboard-japan.com/charts/detail?a=dlsongs&year=2023&month=12&day=25
2023,dlsongs,2023-12-20,60,恋人たちのクリスマス,マライア・キャリー,https://www.billboard-japan.com/charts/detail?a=dlsongs&year=2023&month=12&day=25
2023,dlsongs,2023-12-20,61,MAGICAL秩序☆リカピュア!,草薙理解/カリスマ,https://www.billboard-japan.com/charts/detail?a=dlsongs&year=2023&month=12&day=25
2023,dlsongs,2023-12-20,62,今 -明日 世界が終わっても-,SEVENTEEN,https://www.billboard-japan.com/charts/detail?a=dlsongs&year=2023&month=12&day=25
2023,dlsongs,2023-12-20,63,奏(かなで),スキマスイッチ,https://www.billboard-japan.com/charts/detail?a=dlsongs&year=2023&month=12&day=25
2023,dlsongs,2023-12-20,64,KICK BACK,米津玄師,https://www.billboard-japan.com/charts/detail?a=dlsongs&year=2023&month=12&day=25
2023,dlsongs,2023-12-20,65,WINTER WITHOUT YOU,XG,https://www.billboard-japan.com/charts/detail?a=dlsongs&year=2023&month=12&day=25
2023,dlsongs,2023-12-20,66,さよならの今日に,あいみょん,https://www.billboard-japan.com/charts/detail?a=dlsongs&year=2023&month=12&day=25
2023,dlsongs,2023-12-20,67,地球儀,米津玄師,https://www.billboard-japan.com/charts/detail?a=dlsongs&year=2023&month=12&day=25
2023,dlsongs,2023-12-20,68,LEVEL UP,Travis Japan,https://www.billboard-japan.com/charts/detail?a=dlsongs&year=2023&month=12&day=25
2023,dlsongs,2023-12-20,69,ANTENNA,Mrs.GREEN APPLE,https://www.billboard-japan.com/charts/detail?a=dlsongs&year=2023&month=12&day=25
2023,dlsongs,2023-12-20,70,日常,Official髭男dism,https://www.billboard-japan.com/charts/detail?a=dlsongs&year=2023&month=12&day=25
2023,dlsongs,2023-12-20,71,無礼者たちへ,福山雅治,https://www.billboard-japan.com/charts/detail?a=dlsongs&year=2023&month=12&day=25
2023,dlsongs,2023-12-20,72,トドメの一撃 (feat. Cory Wong),Vaundy,https://www.billboard-japan.com/charts/detail?a=dlsongs&year=2023&month=12&day=25
2023,dlsongs,2023-12-20,73,ダンスホール,Mrs.GREEN APPLE,https://www.billboard-japan.com/charts/detail?a=dlsongs&year=2023&month=12&day=25
2023,dlsongs,2023-12-20,74,白い恋人達,桑田佳祐,https://www.billboard-japan.com/charts/detail?a=dlsongs&year=2023&month=12&day=25
2023,dlsongs,2023-12-20,75,ハロ,yama × ぼっちぼろまる,https://www.billboard-japan.com/charts/detail?a=dlsongs&year=2023&month=12&day=25
2023,dlsongs,2023-12-20,76,慕情,サザンオールスターズ,https://www.billboard-japan.com/charts/detail?a=dlsongs&year=2023&month=12&day=25
2023,dlsongs,2023-12-20,77,世界の終わり,THEE MICHELLE GUN ELEPHANT,https://www.billboard-japan.com/charts/detail?a=dlsongs&year=2023&month=12&day=25
2023,dlsongs,2023-12-20,78,可愛くてごめん feat. ちゅーたん(早見沙織),HoneyWorks,https://www.billboard-japan.com/charts/detail?a=dlsongs&year=2023&month=12&day=25
2023,dlsongs,2023-12-20,79,カメレオン,King Gnu,https://www.billboard-japan.com/charts/detail?a=dlsongs&year=2023&month=12&day=25
2023,dlsongs,2023-12-20,80,サンタ・テル・ミー,アリアナ・グランデ,https://www.billboard-japan.com/charts/detail?a=dlsongs&year=2023&month=12&day=25
2023,dlsongs,2023-12-20,81,絆ノ奇跡,MAN WITH A MISSION×milet,https://www.billboard-japan.com/charts/detail?a=dlsongs&year=2023&month=12&day=25
2023,dlsongs,2023-12-20,82,Loop,上白石萌音,https://www.billboard-japan.com/charts/detail?a=dlsongs&year=2023&month=12&day=25
2023,dlsongs,2023-12-20,83,ドライフラワー,優里,https://www.billboard-japan.com/charts/detail?a=dlsongs&year=2023&month=12&day=25
2023,dlsongs,2023-12-20,84,Re方程式,10-FEET,https://www.billboard-japan.com/charts/detail?a=dlsongs&year=2023&month=12&day=25
2023,dlsongs,2023-12-20,85,Lose Your Mind song by 大典太光世・水心子正秀,刀剣男士 formation of 江おんすていじ,https://www.billboard-japan.com/charts/detail?a=dlsongs&year=2023&month=12&day=25
2023,dlsongs,2023-12-20,86,祝福,YOASOBI,https://www.billboard-japan.com/charts/detail?a=dlsongs&year=2023&month=12&day=25
2023,dlsongs,2023-12-20,87,いばら,Ado,https://www.billboard-japan.com/charts/detail?a=dlsongs&year=2023&month=12&day=25
2023,dlsongs,2023-12-20,88,群青,YOASOBI,https://www.billboard-japan.com/charts/detail?a=dlsongs&year=2023&month=12&day=25
2023,dlsongs,2023-12-20,89,ラスト・クリスマス,ワム!,https://www.billboard-japan.com/charts/detail?a=dlsongs&year=2023&month=12&day=25
2023,dlsongs,2023-12-20,90,HEARTRIS,NiziU,https://www.billboard-japan.com/charts/detail?a=dlsongs&year=2023&month=12&day=25
2023,dlsongs,2023-12-20,91,VIOLET LINE,Roselia,https://www.billboard-japan.com/charts/detail?a=dlsongs&year=2023&month=12&day=25
2023,dlsongs,2023-12-20,92,夢と悪魔とファンタジー,緑黄色社会,https://www.billboard-japan.com/charts/detail?a=dlsongs&year=2023&month=12&day=25
2023,dlsongs,2023-12-20,93,Magic,Mrs.GREEN APPLE,https://www.billboard-japan.com/charts/detail?a=dlsongs&year=2023&month=12&day=25
2023,dlsongs,2023-12-20,94,Overdrive,Aimer(エメ),https://www.billboard-japan.com/charts/detail?a=dlsongs&year=2023&month=12&day=25
2023,dlsongs,2023-12-20,95,Brave Blazar (feat. MindaRyn),TECHNOBOYS PULCRAFT GREEN-FUND,https://www.billboard-japan.com/charts/detail?a=dlsongs&year=2023&month=12&day=25
2023,dlsongs,2023-12-20,96,僕のこと,Mrs.GREEN APPLE,https://www.billboard-japan.com/charts/detail?a=dlsongs&year=2023&month=12&day=25
2023,dlsongs,2023-12-20,97,01,女王蜂,https://www.billboard-japan.com/charts/detail?a=dlsongs&year=2023&month=12&day=25
2023,dlsongs,2023-12-20,98,ヴィラン,Ado,https://www.billboard-japan.com/charts/detail?a=dlsongs&year=2023&month=12&day=25
2023,dlsongs,2023-12-20,99,新時代 (ウタ from ONE PIECE FILM RED),Ado,https://www.billboard-japan.com/charts/detail?a=dlsongs&year=2023&month=12&day=25
2023,dlsongs,2023-12-20,100,Rep Squad -Rule the Stage Original Ver.-,ヒプノシスマイク-D.R.B- Rule the Stage (Rule the Stage Original),https://www.billboard-japan.com/charts/detail?a=dlsongs&year=2023&month=12&day=25
2023,dlsongs,2023-12-27,1,Closer Than This,JIMIN,https://www.billboard-japan.com/charts/detail?a=dlsongs&year=2024&month=01&day=01
2023,dlsongs,2023-12-27,2,唱,Ado,https://www.billboard-japan.com/charts/detail?a=dlsongs&year=2024&month=01&day=01
2023,dlsongs,2023-12-27,3,SOULSOUP,Official髭男dism,https://www.billboard-japan.com/charts/detail?a=dlsongs&year=2024&month=01&day=01
2023,dlsongs,2023-12-27,4,花になって,緑黄色社会,https://www.billboard-japan.com/charts/detail?a=dlsongs&year=2024&month=01&day=01
2023,dlsongs,2023-12-27,5,花,藤井風,https://www.billboard-japan.com/charts/detail?a=dlsongs&year=2024&month=01&day=01
2023,dlsongs,2023-12-27,6,勇者,YOASOBI,https://www.billboard-japan.com/charts/detail?a=dlsongs&year=2024&month=01&day=01
2023,dlsongs,2023-12-27,7,Kissin' Christmas (クリスマスだからじゃない) 2023,桑田佳祐&松任谷由実,https://www.billboard-japan.com/charts/detail?a=dlsongs&year=2024&month=01&day=01
2023,dlsongs,2023-12-27,8,晩餐歌,tuki.,https://www.billboard-japan.com/charts/detail?a=dlsongs&year=2024&month=01&day=01
2023,dlsongs,2023-12-27,9,アイドル,YOASOBI,https://www.billboard-japan.com/charts/detail?a=dlsongs&year=2024&month=01&day=01
2023,dlsongs,2023-12-27,10,SPECIALZ,King Gnu,https://www.billboard-japan.com/charts/detail?a=dlsongs&year=2024&month=01&day=01
2023,dlsongs,2023-12-27,11,No More Dream,BTS (防弾少年団),https://www.billboard-japan.com/charts/detail?a=dlsongs&year=2024&month=01&day=01
2023,dlsongs,2023-12-27,12,死にゆく季節でぼくは,She is Legend,https://www.billboard-japan.com/charts/detail?a=dlsongs&year=2024&month=01&day=01
2023,dlsongs,2023-12-27,13,Miracle,NEXZ,https://www.billboard-japan.com/charts/detail?a=dlsongs&year=2024&month=01&day=01
2023,dlsongs,2023-12-27,14,最高到達点,SEKAI NO OWARI,https://www.billboard-japan.com/charts/detail?a=dlsongs&year=2024&month=01&day=01
2023,dlsongs,2023-12-27,15,ケセラセラ,Mrs.GREEN APPLE,https://www.billboard-japan.com/charts/detail?a=dlsongs&year=2024&month=01&day=01
2023,dlsongs,2023-12-27,16,クラクラ,Ado,https://www.billboard-japan.com/charts/detail?a=dlsongs&year=2024&month=01&day=01
2023,dlsongs,2023-12-27,17,第ゼロ感,10-FEET,https://www.billboard-japan.com/charts/detail?a=dlsongs&year=2024&month=01&day=01
2023,dlsongs,2023-12-27,18,Ashes,Superfly,https://www.billboard-japan.com/charts/detail?a=dlsongs&year=2024&month=01&day=01
2023,dlsongs,2023-12-27,19,想望,福山雅治,https://www.billboard-japan.com/charts/detail?a=dlsongs&year=2024&month=01&day=01
2023,dlsongs,2023-12-27,20,Sleep Walking Orchestra,BUMP OF CHICKEN,https://www.billboard-japan.com/charts/detail?a=dlsongs&year=2024&month=01&day=01
2023,dlsongs,2023-12-27,21,オトナブルー,新しい学校のリーダーズ,https://www.billboard-japan.com/charts/detail?a=dlsongs&year=2024&month=01&day=01
2023,dlsongs,2023-12-27,22,中央フリーウェイ,YOASOBI cheers 松任谷由実,https://www.billboard-japan.com/charts/detail?a=dlsongs&year=2024&month=01&day=01
2023,dlsongs,2023-12-27,23,Anytime Anywhere,milet,https://www.billboard-japan.com/charts/detail?a=dlsongs&year=2024&month=01&day=01
2023,dlsongs,2023-12-27,24,青のすみか,キタニタツヤ,https://www.billboard-japan.com/charts/detail?a=dlsongs&year=2024&month=01&day=01
2023,dlsongs,2023-12-27,24,ウィッシュ〜この願い〜,生田絵梨花,https://www.billboard-japan.com/charts/detail?a=dlsongs&year=2024&month=01&day=01
2023,dlsongs,2023-12-27,26,ビリミリオン,優里,https://www.billboard-japan.com/charts/detail?a=dlsongs&year=2024&month=01&day=01
2023,dlsongs,2023-12-27,27,クリスマス・イブ,山下達郎,https://www.billboard-japan.com/charts/detail?a=dlsongs&year=2024&month=01&day=01
2023,dlsongs,2023-12-27,28,恋人たちのクリスマス,マライア・キャリー,https://www.billboard-japan.com/charts/detail?a=dlsongs&year=2024&month=01&day=01
2023,dlsongs,2023-12-27,29,more than words,羊文学,https://www.billboard-japan.com/charts/detail?a=dlsongs&year=2024&month=01&day=01
2023,dlsongs,2023-12-27,30,We Stand Alone,玉井詩織,https://www.billboard-japan.com/charts/detail?a=dlsongs&year=2024&month=01&day=01
2023,dlsongs,2023-12-27,31,Magic,Mrs.GREEN APPLE,https://www.billboard-japan.com/charts/detail?a=dlsongs&year=2024&month=01&day=01
2023,dlsongs,2023-12-27,32,クリスマスソング,back number,https://www.billboard-japan.com/charts/detail?a=dlsongs&year=2024&month=01&day=01
2023,dlsongs,2023-12-27,33,人生の扉,竹内まりや,https://www.billboard-japan.com/charts/detail?a=dlsongs&year=2024&month=01&day=01
2023,dlsongs,2023-12-27,34,Turn the World,水樹奈々,https://www.billboard-japan.com/charts/detail?a=dlsongs&year=2024&month=01&day=01
2023,dlsongs,2023-12-27,35,愛包ダンスホール,HIMEHINA,https://www.billboard-japan.com/charts/detail?a=dlsongs&year=2024&month=01&day=01
2023,dlsongs,2023-12-27,36,マシロ,sumika,https://www.billboard-japan.com/charts/detail?a=dlsongs&year=2024&month=01&day=01
2023,dlsongs,2023-12-27,37,I'm a mess,MY FIRST STORY,https://www.billboard-japan.com/charts/detail?a=dlsongs&year=2024&month=01&day=01
2023,dlsongs,2023-12-27,38,ランデヴー,シャイトープ,https://www.billboard-japan.com/charts/detail?a=dlsongs&year=2024&month=01&day=01
2023,dlsongs,2023-12-27,39,Subtitle,Official髭男dism,https://www.billboard-japan.com/charts/detail?a=dlsongs&year=2024&month=01&day=01
2023,dlsongs,2023-12-27,40,怪獣の花唄,Vaundy,https://www.billboard-japan.com/charts/detail?a=dlsongs&year=2024&month=01&day=01
2023,dlsongs,2023-12-27,41,向日葵,Ado,https://www.billboard-japan.com/charts/detail?a=dlsongs&year=2024&month=01&day=01
2023,dlsongs,2023-12-27,42,今だから,松任谷由実&小田和正&財津和夫,https://www.billboard-japan.com/charts/detail?a=dlsongs&year=2024&month=01&day=01
2023,dlsongs,2023-12-27,43,ドライフラワー,Ado,https://www.billboard-japan.com/charts/detail?a=dlsongs&year=2024&month=01&day=01
2023,dlsongs,2023-12-27,44,Bad,Zhang Zhehan,https://www.billboard-japan.com/charts/detail?a=dlsongs&year=2024&month=01&day=01
2023,dlsongs,2023-12-27,45,雪の音,Novelbright,https://www.billboard-japan.com/charts/detail?a=dlsongs&year=2024&month=01&day=01
2023,dlsongs,2023-12-27,46,拝啓、少年よ,Hump Back,https://www.billboard-japan.com/charts/detail?a=dlsongs&year=2024&month=01&day=01
2023,dlsongs,2023-12-27,47,Biri-Biri,YOASOBI,https://www.billboard-japan.com/charts/detail?a=dlsongs&year=2024&month=01&day=01
2023,dlsongs,2023-12-27,48,JOKER,Hiromitsu Kitayama,https://www.billboard-japan.com/charts/detail?a=dlsongs&year=2024&month=01&day=01
2023,dlsongs,2023-12-27,49,RED LINE,アンジュルム,https://www.billboard-japan.com/charts/detail?a=dlsongs&year=2024&month=01&day=01
2023,dlsongs,2023-12-27,50,ダンスホール,Mrs.GREEN APPLE,https://www.billboard-japan.com/charts/detail?a=dlsongs&year=2024&month=01&day=01
2023,dlsongs,2023-12-27,51,想像以上,PRODUCE 101 JAPAN THE GIRLS,https://www.billboard-japan.com/charts/detail?a=dlsongs&year=2024&month=01&day=01
2023,dlsongs,2023-12-27,52,FEEL OR BEEF BADPOP IS DEAD,舐達麻,https://www.billboard-japan.com/charts/detail?a=dlsongs&year=2024&month=01&day=01
2023,dlsongs,2023-12-27,53,白い恋人達,桑田佳祐,https://www.billboard-japan.com/charts/detail?a=dlsongs&year=2024&month=01&day=01
2023,dlsongs,2023-12-27,54,Perfect Night,LE SSERAFIM,https://www.billboard-japan.com/charts/detail?a=dlsongs&year=2024&month=01&day=01
2023,dlsongs,2023-12-27,55,箱庭のコラル,ワンダーランズ×ショウタイム,https://www.billboard-japan.com/charts/detail?a=dlsongs&year=2024&month=01&day=01
2023,dlsongs,2023-12-27,56,ラスト・クリスマス,ワム!,https://www.billboard-japan.com/charts/detail?a=dlsongs&year=2024&month=01&day=01
2023,dlsongs,2023-12-27,57,Mr. Showtime,ワンダーランズ×ショウタイム,https://www.billboard-japan.com/charts/detail?a=dlsongs&year=2024&month=01&day=01
2023,dlsongs,2023-12-27,58,可愛くてごめん,Ado,https://www.billboard-japan.com/charts/detail?a=dlsongs&year=2024&month=01&day=01
2023,dlsongs,2023-12-27,59,沫雪,yama,https://www.billboard-japan.com/charts/detail?a=dlsongs&year=2024&month=01&day=01
2023,dlsongs,2023-12-27,60,CHOPPY CHOPPY,PRODUCE 101 JAPAN THE GIRLS,https://www.billboard-japan.com/charts/detail?a=dlsongs&year=2024&month=01&day=01
2023,dlsongs,2023-12-27,61,Black Out See Saw,ALKALOID,https://www.billboard-japan.com/charts/detail?a=dlsongs&year=2024&month=01&day=01
2023,dlsongs,2023-12-27,62,アイコトバ,アイナ・ジ・エンド,https://www.billboard-japan.com/charts/detail?a=dlsongs&year=2024&month=01&day=01
2023,dlsongs,2023-12-27,63,ブライダルドリーム,"兎田ぺこら,宝鐘マリン",https://www.billboard-japan.com/charts/detail?a=dlsongs&year=2024&month=01&day=01
2023,dlsongs,2023-12-27,64,愛の花,あいみょん,https://www.billboard-japan.com/charts/detail?a=dlsongs&year=2024&month=01&day=01
2023,dlsongs,2023-12-27,65,光の後ろ姿,シュヴァルグラン(夏吉ゆうこ),https://www.billboard-japan.com/charts/detail?a=dlsongs&year=2024&month=01&day=01
2023,dlsongs,2023-12-27,66,UNDYING HOLY LOVE,ALKALOID,https://www.billboard-japan.com/charts/detail?a=dlsongs&year=2024&month=01&day=01
2023,dlsongs,2023-12-27,67,マツケンサンバII×行くぜっ!怪盗少女 -TeddyLoid ULTRA MASHUP ver.-,松平健/ももいろクローバーZ/TeddyLoid,https://www.billboard-japan.com/charts/detail?a=dlsongs&year=2024&month=01&day=01
2023,dlsongs,2023-12-27,68,Re方程式,10-FEET,https://www.billboard-japan.com/charts/detail?a=dlsongs&year=2024&month=01&day=01
2023,dlsongs,2023-12-27,69,JUNGLE FIRE feat. MOTSU,芹澤優,https://www.billboard-japan.com/charts/detail?a=dlsongs&year=2024&month=01&day=01
2023,dlsongs,2023-12-27,70,絆ノ奇跡,MAN WITH A MISSION×milet,https://www.billboard-japan.com/charts/detail?a=dlsongs&year=2024&month=01&day=01
2023,dlsongs,2023-12-27,71,僕のこと,Mrs.GREEN APPLE,https://www.billboard-japan.com/charts/detail?a=dlsongs&year=2024&month=01&day=01
2023,dlsongs,2023-12-27,72,SOLDIER LOVE,THE RAMPAGE from EXILE TRIBE,https://www.billboard-japan.com/charts/detail?a=dlsongs&year=2024&month=01&day=01
2023,dlsongs,2023-12-27,73,メリクリ,BoA,https://www.billboard-japan.com/charts/detail?a=dlsongs&year=2024&month=01&day=01
2023,dlsongs,2023-12-27,73,CHEMY×STORY,BACK-ON,https://www.billboard-japan.com/charts/detail?a=dlsongs&year=2024&month=01&day=01
2023,dlsongs,2023-12-27,75,Monopoly,乃木坂46,https://www.billboard-japan.com/charts/detail?a=dlsongs&year=2024&month=01&day=01
2023,dlsongs,2023-12-27,76,愛は勝つ,KAN,https://www.billboard-japan.com/charts/detail?a=dlsongs&year=2024&month=01&day=01
2023,dlsongs,2023-12-27,77,Seven (feat. Latto),Jung Kook,https://www.billboard-japan.com/charts/detail?a=dlsongs&year=2024&month=01&day=01
2023,dlsongs,2023-12-27,78,サンタ・テル・ミー,アリアナ・グランデ,https://www.billboard-japan.com/charts/detail?a=dlsongs&year=2024&month=01&day=01
2023,dlsongs,2023-12-27,79,美しい鰭,スピッツ,https://www.billboard-japan.com/charts/detail?a=dlsongs&year=2024&month=01&day=01
2023,dlsongs,2023-12-27,80,WINTER and WINDOW,"THE IDOLM@STER CINDERELLA GIRLS for BEST5!(イヴ・サンタクロース,一ノ瀬志希,高森藍子,高垣楓,久川颯)",https://www.billboard-japan.com/charts/detail?a=dlsongs&year=2024&month=01&day=01
2023,dlsongs,2023-12-27,81,Next Stage,Division All Stars,https://www.billboard-japan.com/charts/detail?a=dlsongs&year=2024&month=01&day=01
2023,dlsongs,2023-12-27,82,FLY UP SO HIGH,PRODUCE 101 JAPAN THE GIRLS,https://www.billboard-japan.com/charts/detail?a=dlsongs&year=2024&month=01&day=01
2023,dlsongs,2023-12-27,83,KICK BACK,米津玄師,https://www.billboard-japan.com/charts/detail?a=dlsongs&year=2024&month=01&day=01
2023,dlsongs,2023-12-27,84,とくとく…… とく……,佐城雪美(中澤ミナ),https://www.billboard-japan.com/charts/detail?a=dlsongs&year=2024&month=01&day=01
2023,dlsongs,2023-12-27,85,unravel,Ado,https://www.billboard-japan.com/charts/detail?a=dlsongs&year=2024&month=01&day=01
2023,dlsongs,2023-12-27,86,地球儀,米津玄師,https://www.billboard-japan.com/charts/detail?a=dlsongs&year=2024&month=01&day=01
2023,dlsongs,2023-12-27,87,Chessboard,Official髭男dism,https://www.billboard-japan.com/charts/detail?a=dlsongs&year=2024&month=01&day=01
2023,dlsongs,2023-12-27,88,ドライフラワー,優里,https://www.billboard-japan.com/charts/detail?a=dlsongs&year=2024&month=01&day=01
2023,dlsongs,2023-12-27,89,可愛くてごめん feat. ちゅーたん(早見沙織),HoneyWorks,https://www.billboard-japan.com/charts/detail?a=dlsongs&year=2024&month=01&day=01
2023,dlsongs,2023-12-27,90,ハロ,yama × ぼっちぼろまる,https://www.billboard-japan.com/charts/detail?a=dlsongs&year=2024&month=01&day=01
2023,dlsongs,2023-12-27,91,あのね,あいみょん,https://www.billboard-japan.com/charts/detail?a=dlsongs&year=2024&month=01&day=01
2023,dlsongs,2023-12-27,92,silent,SEKAI NO OWARI,https://www.billboard-japan.com/charts/detail?a=dlsongs&year=2024&month=01&day=01
2023,dlsongs,2023-12-27,93,飾りじゃないのよ 涙は,Ado,https://www.billboard-japan.com/charts/detail?a=dlsongs&year=2024&month=01&day=01
2023,dlsongs,2023-12-27,94,いつかのメリークリスマス,B'z,https://www.billboard-japan.com/charts/detail?a=dlsongs&year=2024&month=01&day=01
2023,dlsongs,2023-12-27,95,慕情,サザンオールスターズ,https://www.billboard-japan.com/charts/detail?a=dlsongs&year=2024&month=01&day=01
2023,dlsongs,2023-12-27,96,トドメの一撃 (feat. Cory Wong),Vaundy,https://www.billboard-japan.com/charts/detail?a=dlsongs&year=2024&month=01&day=01
2023,dlsongs,2023-12-27,97,守ってあげたい,乃木坂46 cheers 松任谷由実,https://www.billboard-japan.com/charts/detail?a=dlsongs&year=2024&month=01&day=01
2023,dlsongs,2023-12-27,98,群青,YOASOBI,https://www.billboard-japan.com/charts/detail?a=dlsongs&year=2024&month=01&day=01
2023,dlsongs,2023-12-27,99,青と夏,Mrs.GREEN APPLE,https://www.billboard-japan.com/charts/detail?a=dlsongs&year=2024&month=01&day=01
2023,dlsongs,2023-12-27,100,インフェルノ,Mrs.GREEN APPLE,https://www.billboard-japan.com/charts/detail?a=dlsongs&year=2024&month=01&day=01
