chart_year,chart_code,chart_date,rank,title,artist,source_url
2021,dlsongs,2021-01-06,1,炎,LiSA,https://www.billboard-japan.com/charts/detail?a=dlsongs&year=2021&month=01&day=11
2021,dlsongs,2021-01-06,2,カイト,嵐,https://www.billboard-japan.com/charts/detail?a=dlsongs&year=2021&month=01&day=11
2021,dlsongs,2021-01-06,3,夜に駆ける,YOASOBI,https://www.billboard-japan.com/charts/detail?a=dlsongs&year=2021&month=01&day=11
2021,dlsongs,2021-01-06,4,Dynamite,BTS,https://www.billboard-japan.com/charts/detail?a=dlsongs&year=2021&month=01&day=11
2021,dlsongs,2021-01-06,5,竈門炭治郎のうた,椎名豪 featuring 中川奈美,https://www.billboard-japan.com/charts/detail?a=dlsongs&year=2021&month=01&day=11
2021,dlsongs,2021-01-06,6,紅蓮華,LiSA,https://www.billboard-japan.com/charts/detail?a=dlsongs&year=2021&month=01&day=11
2021,dlsongs,2021-01-06,7,裸の心,あいみょん,https://www.billboard-japan.com/charts/detail?a=dlsongs&year=2021&month=01&day=11
2021,dlsongs,2021-01-06,8,廻廻奇譚,Eve,https://www.billboard-japan.com/charts/detail?a=dlsongs&year=2021&month=01&day=11
2021,dlsongs,2021-01-06,9,Make you happy,NiziU,https://www.billboard-japan.com/charts/detail?a=dlsongs&year=2021&month=01&day=11
2021,dlsongs,2021-01-06,10,虹,菅田将暉,https://www.billboard-japan.com/charts/detail?a=dlsongs&year=2021&month=01&day=11
2021,dlsongs,2021-01-06,11,アイノカタチ feat.HIDE(GReeeeN),MISIA,https://www.billboard-japan.com/charts/detail?a=dlsongs&year=2021&month=01&day=11
2021,dlsongs,2021-01-06,12,香水,瑛人,https://www.billboard-japan.com/charts/detail?a=dlsongs&year=2021&month=01&day=11
2021,dlsongs,2021-01-06,13,百花繚乱花吹雪,hololive IDOL PROJECT,https://www.billboard-japan.com/charts/detail?a=dlsongs&year=2021&month=01&day=11
2021,dlsongs,2021-01-06,14,evergreen,MAN WITH A MISSION,https://www.billboard-japan.com/charts/detail?a=dlsongs&year=2021&month=01&day=11
2021,dlsongs,2021-01-06,15,猫,DISH//,https://www.billboard-japan.com/charts/detail?a=dlsongs&year=2021&month=01&day=11
2021,dlsongs,2021-01-06,16,猫 〜THE FIRST TAKE ver.〜,DISH//,https://www.billboard-japan.com/charts/detail?a=dlsongs&year=2021&month=01&day=11
2021,dlsongs,2021-01-06,17,I LOVE…,Official髭男dism,https://www.billboard-japan.com/charts/detail?a=dlsongs&year=2021&month=01&day=11
2021,dlsongs,2021-01-06,18,星影のエール,GReeeeN,https://www.billboard-japan.com/charts/detail?a=dlsongs&year=2021&month=01&day=11
2021,dlsongs,2021-01-06,19,再会 (produced by Ayase),LiSA × Uru,https://www.billboard-japan.com/charts/detail?a=dlsongs&year=2021&month=01&day=11
2021,dlsongs,2021-01-06,20,Step and a step,NiziU,https://www.billboard-japan.com/charts/detail?a=dlsongs&year=2021&month=01&day=11
2021,dlsongs,2021-01-06,21,感電,米津玄師,https://www.billboard-japan.com/charts/detail?a=dlsongs&year=2021&month=01&day=11
2021,dlsongs,2021-01-06,22,あなたがいることで,Uru,https://www.billboard-japan.com/charts/detail?a=dlsongs&year=2021&month=01&day=11
2021,dlsongs,2021-01-06,23,ドライフラワー,優里,https://www.billboard-japan.com/charts/detail?a=dlsongs&year=2021&month=01&day=11
2021,dlsongs,2021-01-06,24,風を待って,小田和正,https://www.billboard-japan.com/charts/detail?a=dlsongs&year=2021&month=01&day=11
2021,dlsongs,2021-01-06,25,inside you,milet,https://www.billboard-japan.com/charts/detail?a=dlsongs&year=2021&month=01&day=11
2021,dlsongs,2021-01-06,26,ハルカ,YOASOBI,https://www.billboard-japan.com/charts/detail?a=dlsongs&year=2021&month=01&day=11
2021,dlsongs,2021-01-06,27,silent,SEKAI NO OWARI,https://www.billboard-japan.com/charts/detail?a=dlsongs&year=2021&month=01&day=11
2021,dlsongs,2021-01-06,28,BLUE CLAPPER,hololive IDOL PROJECT,https://www.billboard-japan.com/charts/detail?a=dlsongs&year=2021&month=01&day=11
2021,dlsongs,2021-01-06,29,三文小説,King Gnu,https://www.billboard-japan.com/charts/detail?a=dlsongs&year=2021&month=01&day=11
2021,dlsongs,2021-01-06,30,正しくなれない,ずっと真夜中でいいのに。,https://www.billboard-japan.com/charts/detail?a=dlsongs&year=2021&month=01&day=11
2021,dlsongs,2021-01-06,31,LOST IN PARADISE feat. AKLO,ALI,https://www.billboard-japan.com/charts/detail?a=dlsongs&year=2021&month=01&day=11
2021,dlsongs,2021-01-06,32,うっせぇわ,Ado,https://www.billboard-japan.com/charts/detail?a=dlsongs&year=2021&month=01&day=11
2021,dlsongs,2021-01-06,33,Mela!,緑黄色社会,https://www.billboard-japan.com/charts/detail?a=dlsongs&year=2021&month=01&day=11
2021,dlsongs,2021-01-06,34,ダンスの理由,平手友梨奈,https://www.billboard-japan.com/charts/detail?a=dlsongs&year=2021&month=01&day=11
2021,dlsongs,2021-01-06,35,Pretender,Official髭男dism,https://www.billboard-japan.com/charts/detail?a=dlsongs&year=2021&month=01&day=11
2021,dlsongs,2021-01-06,36,群青,YOASOBI,https://www.billboard-japan.com/charts/detail?a=dlsongs&year=2021&month=01&day=11
2021,dlsongs,2021-01-06,37,足跡,Little Glee Monster,https://www.billboard-japan.com/charts/detail?a=dlsongs&year=2021&month=01&day=11
2021,dlsongs,2021-01-06,38,アカシア,BUMP OF CHICKEN,https://www.billboard-japan.com/charts/detail?a=dlsongs&year=2021&month=01&day=11
2021,dlsongs,2021-01-06,39,As a route of ray,西川貴教,https://www.billboard-japan.com/charts/detail?a=dlsongs&year=2021&month=01&day=11
2021,dlsongs,2021-01-06,40,Happiness,嵐,https://www.billboard-japan.com/charts/detail?a=dlsongs&year=2021&month=01&day=11
2021,dlsongs,2021-01-06,41,君のうた,嵐,https://www.billboard-japan.com/charts/detail?a=dlsongs&year=2021&month=01&day=11
2021,dlsongs,2021-01-06,42,ハルジオン,YOASOBI,https://www.billboard-japan.com/charts/detail?a=dlsongs&year=2021&month=01&day=11
2021,dlsongs,2021-01-06,43,白日,King Gnu,https://www.billboard-japan.com/charts/detail?a=dlsongs&year=2021&month=01&day=11
2021,dlsongs,2021-01-06,44,Goodbye Seven Seas,麻枝准×やなぎなぎ,https://www.billboard-japan.com/charts/detail?a=dlsongs&year=2021&month=01&day=11
2021,dlsongs,2021-01-06,45,from the edge,FictionJunction feat. LiSA,https://www.billboard-japan.com/charts/detail?a=dlsongs&year=2021&month=01&day=11
2021,dlsongs,2021-01-06,46,キセキ,GReeeeN,https://www.billboard-japan.com/charts/detail?a=dlsongs&year=2021&month=01&day=11
2021,dlsongs,2021-01-06,47,Honeycomb Summer,Crazy:B,https://www.billboard-japan.com/charts/detail?a=dlsongs&year=2021&month=01&day=11
2021,dlsongs,2021-01-06,48,スマイル,森七菜,https://www.billboard-japan.com/charts/detail?a=dlsongs&year=2021&month=01&day=11
2021,dlsongs,2021-01-06,49,マリーゴールド,あいみょん,https://www.billboard-japan.com/charts/detail?a=dlsongs&year=2021&month=01&day=11
2021,dlsongs,2021-01-06,50,ALMIGHTY〜仮面の約束 feat.川上洋平,東京スカパラダイスオーケストラ,https://www.billboard-japan.com/charts/detail?a=dlsongs&year=2021&month=01&day=11
2021,dlsongs,2021-01-06,51,やさしさで溢れるように,JUJU,https://www.billboard-japan.com/charts/detail?a=dlsongs&year=2021&month=01&day=11
2021,dlsongs,2021-01-06,52,振り子,Uru,https://www.billboard-japan.com/charts/detail?a=dlsongs&year=2021&month=01&day=11
2021,dlsongs,2021-01-06,53,想うた 〜夫婦を想う〜,キヨサク feat. thea,https://www.billboard-japan.com/charts/detail?a=dlsongs&year=2021&month=01&day=11
2021,dlsongs,2021-01-06,54,"Stand by me, Stand by you.",平井大,https://www.billboard-japan.com/charts/detail?a=dlsongs&year=2021&month=01&day=11
2021,dlsongs,2021-01-06,55,Love so sweet,嵐,https://www.billboard-japan.com/charts/detail?a=dlsongs&year=2021&month=01&day=11
2021,dlsongs,2021-01-06,56,春を告げる,yama,https://www.billboard-japan.com/charts/detail?a=dlsongs&year=2021&month=01&day=11
2021,dlsongs,2021-01-06,57,Route 246,乃木坂46,https://www.billboard-japan.com/charts/detail?a=dlsongs&year=2021&month=01&day=11
2021,dlsongs,2021-01-06,58,アイノカタチ,MISIA,https://www.billboard-japan.com/charts/detail?a=dlsongs&year=2021&month=01&day=11
2021,dlsongs,2021-01-06,59,115万キロのフィルム,Official髭男dism,https://www.billboard-japan.com/charts/detail?a=dlsongs&year=2021&month=01&day=11
2021,dlsongs,2021-01-06,60,Who I Am,milet,https://www.billboard-japan.com/charts/detail?a=dlsongs&year=2021&month=01&day=11
2021,dlsongs,2021-01-06,61,ふしぎなふしぎな生きもの featuring vocal トータス松本,岡崎体育,https://www.billboard-japan.com/charts/detail?a=dlsongs&year=2021&month=01&day=11
2021,dlsongs,2021-01-06,62,えんとつ町のプペル,ロザリーナ,https://www.billboard-japan.com/charts/detail?a=dlsongs&year=2021&month=01&day=11
2021,dlsongs,2021-01-06,63,第六感,Reol,https://www.billboard-japan.com/charts/detail?a=dlsongs&year=2021&month=01&day=11
2021,dlsongs,2021-01-06,64,PARANOIA STREET,Crazy:B,https://www.billboard-japan.com/charts/detail?a=dlsongs&year=2021&month=01&day=11
2021,dlsongs,2021-01-06,65,感謝カンゲキ雨嵐,嵐,https://www.billboard-japan.com/charts/detail?a=dlsongs&year=2021&month=01&day=11
2021,dlsongs,2021-01-06,66,想うた 〜愛する人を想う〜,キヨサク,https://www.billboard-japan.com/charts/detail?a=dlsongs&year=2021&month=01&day=11
2021,dlsongs,2021-01-06,67,エメラルド,back number,https://www.billboard-japan.com/charts/detail?a=dlsongs&year=2021&month=01&day=11
2021,dlsongs,2021-01-06,68,田園,玉置浩二,https://www.billboard-japan.com/charts/detail?a=dlsongs&year=2021&month=01&day=11
2021,dlsongs,2021-01-06,69,泣き笑いのエピソード,秦基博,https://www.billboard-japan.com/charts/detail?a=dlsongs&year=2021&month=01&day=11
2021,dlsongs,2021-01-06,70,Nobody's fault,櫻坂46,https://www.billboard-japan.com/charts/detail?a=dlsongs&year=2021&month=01&day=11
2021,dlsongs,2021-01-06,71,今宵はHalloween Night!,hololive IDOL PROJECT,https://www.billboard-japan.com/charts/detail?a=dlsongs&year=2021&month=01&day=11
2021,dlsongs,2021-01-06,72,想うた 〜親を想う〜,キヨサク,https://www.billboard-japan.com/charts/detail?a=dlsongs&year=2021&month=01&day=11
2021,dlsongs,2021-01-06,73,愛をこめて花束を,Superfly,https://www.billboard-japan.com/charts/detail?a=dlsongs&year=2021&month=01&day=11
2021,dlsongs,2021-01-06,74,The Music Never Ends,嵐,https://www.billboard-japan.com/charts/detail?a=dlsongs&year=2021&month=01&day=11
2021,dlsongs,2021-01-06,75,たぶん,YOASOBI,https://www.billboard-japan.com/charts/detail?a=dlsongs&year=2021&month=01&day=11
2021,dlsongs,2021-01-06,76,One Love,嵐,https://www.billboard-japan.com/charts/detail?a=dlsongs&year=2021&month=01&day=11
2021,dlsongs,2021-01-06,77,Life Goes On,BTS,https://www.billboard-japan.com/charts/detail?a=dlsongs&year=2021&month=01&day=11
2021,dlsongs,2021-01-06,78,ハルノヒ,あいみょん,https://www.billboard-japan.com/charts/detail?a=dlsongs&year=2021&month=01&day=11
2021,dlsongs,2021-01-06,79,A・RA・SHI,嵐,https://www.billboard-japan.com/charts/detail?a=dlsongs&year=2021&month=01&day=11
2021,dlsongs,2021-01-06,80,独白,坂本真綾,https://www.billboard-japan.com/charts/detail?a=dlsongs&year=2021&month=01&day=11
2021,dlsongs,2021-01-06,81,レディメイド,Ado,https://www.billboard-japan.com/charts/detail?a=dlsongs&year=2021&month=01&day=11
2021,dlsongs,2021-01-06,81,革命,福山雅治,https://www.billboard-japan.com/charts/detail?a=dlsongs&year=2021&month=01&day=11
2021,dlsongs,2021-01-06,83,あの夢をなぞって,YOASOBI,https://www.billboard-japan.com/charts/detail?a=dlsongs&year=2021&month=01&day=11
2021,dlsongs,2021-01-06,84,想うた 〜姉妹を想う〜,thea,https://www.billboard-japan.com/charts/detail?a=dlsongs&year=2021&month=01&day=11
2021,dlsongs,2021-01-06,85,IT'S ME BRIANA GIGANTE! (feat. Zinee&issei),Briana Gigante,https://www.billboard-japan.com/charts/detail?a=dlsongs&year=2021&month=01&day=11
2021,dlsongs,2021-01-06,86,果てない空,嵐,https://www.billboard-japan.com/charts/detail?a=dlsongs&year=2021&month=01&day=11
2021,dlsongs,2021-01-06,87,君の手を離さない,一柳隊&ルド女選抜&御台場選抜&相模女子選抜&ヘルヴォル&御前,https://www.billboard-japan.com/charts/detail?a=dlsongs&year=2021&month=01&day=11
2021,dlsongs,2021-01-06,88,ユメミテル,鈴木ヒナ(HIMEHINA),https://www.billboard-japan.com/charts/detail?a=dlsongs&year=2021&month=01&day=11
2021,dlsongs,2021-01-06,89,魔法の絨毯,川崎鷹也,https://www.billboard-japan.com/charts/detail?a=dlsongs&year=2021&month=01&day=11
2021,dlsongs,2021-01-06,90,かくれんぼ,優里,https://www.billboard-japan.com/charts/detail?a=dlsongs&year=2021&month=01&day=11
2021,dlsongs,2021-01-06,91,SHAKA SHAKA TO LOVE,アンジュルム,https://www.billboard-japan.com/charts/detail?a=dlsongs&year=2021&month=01&day=11
2021,dlsongs,2021-01-06,92,千両役者,King Gnu,https://www.billboard-japan.com/charts/detail?a=dlsongs&year=2021&month=01&day=11
2021,dlsongs,2021-01-06,93,インフェルノ,Mrs.GREEN APPLE,https://www.billboard-japan.com/charts/detail?a=dlsongs&year=2021&month=01&day=11
2021,dlsongs,2021-01-06,94,蒼のワルツ,Eve,https://www.billboard-japan.com/charts/detail?a=dlsongs&year=2021&month=01&day=11
2021,dlsongs,2021-01-06,95,キセキ色,田中ヒメ(HIMEHINA),https://www.billboard-japan.com/charts/detail?a=dlsongs&year=2021&month=01&day=11
2021,dlsongs,2021-01-06,96,仮面ライダーセイバー,東京スカパラダイスオーケストラ,https://www.billboard-japan.com/charts/detail?a=dlsongs&year=2021&month=01&day=11
2021,dlsongs,2021-01-06,97,君の手を離さない 〜BOUQUET Ver.〜,一柳隊,https://www.billboard-japan.com/charts/detail?a=dlsongs&year=2021&month=01&day=11
2021,dlsongs,2021-01-06,98,世界の秘密,Vaundy,https://www.billboard-japan.com/charts/detail?a=dlsongs&year=2021&month=01&day=11
2021,dlsongs,2021-01-06,99,Storeulv 2016 (feat. Moberg),Bek & Wallin,https://www.billboard-japan.com/charts/detail?a=dlsongs&year=2021&month=01&day=11
2021,dlsongs,2021-01-06,100,宿命,Official髭男dism,https://www.billboard-japan.com/charts/detail?a=dlsongs&year=2021&month=01&day=11
2021,dlsongs,2021-01-13,1,炎,LiSA,https://www.billboard-japan.com/charts/detail?a=dlsongs&year=2021&month=01&day=18
2021,dlsongs,2021-01-13,2,群青,YOASOBI,https://www.billboard-japan.com/charts/detail?a=dlsongs&year=2021&month=01&day=18
2021,dlsongs,2021-01-13,3,怪物,YOASOBI,https://www.billboard-japan.com/charts/detail?a=dlsongs&year=2021&month=01&day=18
2021,dlsongs,2021-01-13,4,Dynamite,BTS,https://www.billboard-japan.com/charts/detail?a=dlsongs&year=2021&month=01&day=18
2021,dlsongs,2021-01-13,5,アンコール,YOASOBI,https://www.billboard-japan.com/charts/detail?a=dlsongs&year=2021&month=01&day=18
2021,dlsongs,2021-01-13,6,轍〜Wadachi〜,SPYAIR,https://www.billboard-japan.com/charts/detail?a=dlsongs&year=2021&month=01&day=18
2021,dlsongs,2021-01-13,7,夜に駆ける,YOASOBI,https://www.billboard-japan.com/charts/detail?a=dlsongs&year=2021&month=01&day=18
2021,dlsongs,2021-01-13,8,カイト,嵐,https://www.billboard-japan.com/charts/detail?a=dlsongs&year=2021&month=01&day=18
2021,dlsongs,2021-01-13,9,Universe,Official髭男dism,https://www.billboard-japan.com/charts/detail?a=dlsongs&year=2021&month=01&day=18
2021,dlsongs,2021-01-13,10,廻廻奇譚,Eve,https://www.billboard-japan.com/charts/detail?a=dlsongs&year=2021&month=01&day=18
2021,dlsongs,2021-01-13,11,紅蓮華,LiSA,https://www.billboard-japan.com/charts/detail?a=dlsongs&year=2021&month=01&day=18
2021,dlsongs,2021-01-13,12,アイノカタチ feat.HIDE(GReeeeN),MISIA,https://www.billboard-japan.com/charts/detail?a=dlsongs&year=2021&month=01&day=18
2021,dlsongs,2021-01-13,13,至上主義アドトラック,hololive IDOL PROJECT,https://www.billboard-japan.com/charts/detail?a=dlsongs&year=2021&month=01&day=18
2021,dlsongs,2021-01-13,14,虹,菅田将暉,https://www.billboard-japan.com/charts/detail?a=dlsongs&year=2021&month=01&day=18
2021,dlsongs,2021-01-13,15,Make you happy,NiziU,https://www.billboard-japan.com/charts/detail?a=dlsongs&year=2021&month=01&day=18
2021,dlsongs,2021-01-13,16,裸の心,あいみょん,https://www.billboard-japan.com/charts/detail?a=dlsongs&year=2021&month=01&day=18
2021,dlsongs,2021-01-13,17,竈門炭治郎のうた,椎名豪 featuring 中川奈美,https://www.billboard-japan.com/charts/detail?a=dlsongs&year=2021&month=01&day=18
2021,dlsongs,2021-01-13,18,猫,DISH//,https://www.billboard-japan.com/charts/detail?a=dlsongs&year=2021&month=01&day=18
2021,dlsongs,2021-01-13,19,ドライフラワー,優里,https://www.billboard-japan.com/charts/detail?a=dlsongs&year=2021&month=01&day=18
2021,dlsongs,2021-01-13,20,百花繚乱花吹雪,hololive IDOL PROJECT,https://www.billboard-japan.com/charts/detail?a=dlsongs&year=2021&month=01&day=18
2021,dlsongs,2021-01-13,21,猫 〜THE FIRST TAKE ver.〜,DISH//,https://www.billboard-japan.com/charts/detail?a=dlsongs&year=2021&month=01&day=18
2021,dlsongs,2021-01-13,22,道楽心情,DOES,https://www.billboard-japan.com/charts/detail?a=dlsongs&year=2021&month=01&day=18
2021,dlsongs,2021-01-13,23,香水,瑛人,https://www.billboard-japan.com/charts/detail?a=dlsongs&year=2021&month=01&day=18
2021,dlsongs,2021-01-13,24,再会 (produced by Ayase),LiSA × Uru,https://www.billboard-japan.com/charts/detail?a=dlsongs&year=2021&month=01&day=18
2021,dlsongs,2021-01-13,25,うっせぇわ,Ado,https://www.billboard-japan.com/charts/detail?a=dlsongs&year=2021&month=01&day=18
2021,dlsongs,2021-01-13,26,感電,米津玄師,https://www.billboard-japan.com/charts/detail?a=dlsongs&year=2021&month=01&day=18
2021,dlsongs,2021-01-13,27,Step and a step,NiziU,https://www.billboard-japan.com/charts/detail?a=dlsongs&year=2021&month=01&day=18
2021,dlsongs,2021-01-13,28,I LOVE…,Official髭男dism,https://www.billboard-japan.com/charts/detail?a=dlsongs&year=2021&month=01&day=18
2021,dlsongs,2021-01-13,29,白日,King Gnu,https://www.billboard-japan.com/charts/detail?a=dlsongs&year=2021&month=01&day=18
2021,dlsongs,2021-01-13,30,春泥棒,ヨルシカ,https://www.billboard-japan.com/charts/detail?a=dlsongs&year=2021&month=01&day=18
2021,dlsongs,2021-01-13,31,春を告げる,yama,https://www.billboard-japan.com/charts/detail?a=dlsongs&year=2021&month=01&day=18
2021,dlsongs,2021-01-13,32,星影のエール,GReeeeN,https://www.billboard-japan.com/charts/detail?a=dlsongs&year=2021&month=01&day=18
2021,dlsongs,2021-01-13,33,正しくなれない,ずっと真夜中でいいのに。,https://www.billboard-japan.com/charts/detail?a=dlsongs&year=2021&month=01&day=18
2021,dlsongs,2021-01-13,34,LOST IN PARADISE feat. AKLO,ALI,https://www.billboard-japan.com/charts/detail?a=dlsongs&year=2021&month=01&day=18
2021,dlsongs,2021-01-13,35,BLUE CLAPPER,hololive IDOL PROJECT,https://www.billboard-japan.com/charts/detail?a=dlsongs&year=2021&month=01&day=18
2021,dlsongs,2021-01-13,36,三文小説,King Gnu,https://www.billboard-japan.com/charts/detail?a=dlsongs&year=2021&month=01&day=18
2021,dlsongs,2021-01-13,37,"Stand by me, Stand by you.",平井大,https://www.billboard-japan.com/charts/detail?a=dlsongs&year=2021&month=01&day=18
2021,dlsongs,2021-01-13,38,アカシア,BUMP OF CHICKEN,https://www.billboard-japan.com/charts/detail?a=dlsongs&year=2021&month=01&day=18
2021,dlsongs,2021-01-13,39,Mela!,緑黄色社会,https://www.billboard-japan.com/charts/detail?a=dlsongs&year=2021&month=01&day=18
2021,dlsongs,2021-01-13,40,あなたがいることで,Uru,https://www.billboard-japan.com/charts/detail?a=dlsongs&year=2021&month=01&day=18
2021,dlsongs,2021-01-13,41,風を待って,小田和正,https://www.billboard-japan.com/charts/detail?a=dlsongs&year=2021&month=01&day=18
2021,dlsongs,2021-01-13,42,115万キロのフィルム,Official髭男dism,https://www.billboard-japan.com/charts/detail?a=dlsongs&year=2021&month=01&day=18
2021,dlsongs,2021-01-13,43,2992,millennium parade,https://www.billboard-japan.com/charts/detail?a=dlsongs&year=2021&month=01&day=18
2021,dlsongs,2021-01-13,44,Pretender,Official髭男dism,https://www.billboard-japan.com/charts/detail?a=dlsongs&year=2021&month=01&day=18
2021,dlsongs,2021-01-13,45,Link or Chains,水樹奈々,https://www.billboard-japan.com/charts/detail?a=dlsongs&year=2021&month=01&day=18
2021,dlsongs,2021-01-13,46,五等分のカタチ,中野家の五つ子,https://www.billboard-japan.com/charts/detail?a=dlsongs&year=2021&month=01&day=18
2021,dlsongs,2021-01-13,47,Goodbye Seven Seas,麻枝准×やなぎなぎ,https://www.billboard-japan.com/charts/detail?a=dlsongs&year=2021&month=01&day=18
2021,dlsongs,2021-01-13,48,最頂点Peaky&Peaky!!,Peaky P-key,https://www.billboard-japan.com/charts/detail?a=dlsongs&year=2021&month=01&day=18
2021,dlsongs,2021-01-13,49,PARANOIA STREET,Crazy:B,https://www.billboard-japan.com/charts/detail?a=dlsongs&year=2021&month=01&day=18
2021,dlsongs,2021-01-13,50,silent,SEKAI NO OWARI,https://www.billboard-japan.com/charts/detail?a=dlsongs&year=2021&month=01&day=18
2021,dlsongs,2021-01-13,51,inside you,milet,https://www.billboard-japan.com/charts/detail?a=dlsongs&year=2021&month=01&day=18
2021,dlsongs,2021-01-13,52,ハルジオン,YOASOBI,https://www.billboard-japan.com/charts/detail?a=dlsongs&year=2021&month=01&day=18
2021,dlsongs,2021-01-13,53,The Extreme 〜漆黒〜,祖堅正慶,https://www.billboard-japan.com/charts/detail?a=dlsongs&year=2021&month=01&day=18
2021,dlsongs,2021-01-13,54,今宵はHalloween Night!,hololive IDOL PROJECT,https://www.billboard-japan.com/charts/detail?a=dlsongs&year=2021&month=01&day=18
2021,dlsongs,2021-01-13,55,Honeycomb Summer,Crazy:B,https://www.billboard-japan.com/charts/detail?a=dlsongs&year=2021&month=01&day=18
2021,dlsongs,2021-01-13,56,Loving Out Loud,ゴスペラーズ,https://www.billboard-japan.com/charts/detail?a=dlsongs&year=2021&month=01&day=18
2021,dlsongs,2021-01-13,57,本音,sumika,https://www.billboard-japan.com/charts/detail?a=dlsongs&year=2021&month=01&day=18
2021,dlsongs,2021-01-13,58,消せない約束 〜希望の園エデン:再生編〜,祖堅正慶,https://www.billboard-japan.com/charts/detail?a=dlsongs&year=2021&month=01&day=18
2021,dlsongs,2021-01-13,59,ハルノヒ,あいみょん,https://www.billboard-japan.com/charts/detail?a=dlsongs&year=2021&month=01&day=18
2021,dlsongs,2021-01-13,60,ハルカ,YOASOBI,https://www.billboard-japan.com/charts/detail?a=dlsongs&year=2021&month=01&day=18
2021,dlsongs,2021-01-13,61,ブレイクダウン,DOES,https://www.billboard-japan.com/charts/detail?a=dlsongs&year=2021&month=01&day=18
2021,dlsongs,2021-01-13,62,Love so sweet,嵐,https://www.billboard-japan.com/charts/detail?a=dlsongs&year=2021&month=01&day=18
2021,dlsongs,2021-01-13,62,from the edge,FictionJunction feat. LiSA,https://www.billboard-japan.com/charts/detail?a=dlsongs&year=2021&month=01&day=18
2021,dlsongs,2021-01-13,64,Wish You Luck,Peaky P-key,https://www.billboard-japan.com/charts/detail?a=dlsongs&year=2021&month=01&day=18
2021,dlsongs,2021-01-13,65,Photograph,Poppin'Party,https://www.billboard-japan.com/charts/detail?a=dlsongs&year=2021&month=01&day=18
2021,dlsongs,2021-01-13,66,Happiness,嵐,https://www.billboard-japan.com/charts/detail?a=dlsongs&year=2021&month=01&day=18
2021,dlsongs,2021-01-13,67,世界の秘密,Vaundy,https://www.billboard-japan.com/charts/detail?a=dlsongs&year=2021&month=01&day=18
2021,dlsongs,2021-01-13,68,マリーゴールド,あいみょん,https://www.billboard-japan.com/charts/detail?a=dlsongs&year=2021&month=01&day=18
2021,dlsongs,2021-01-13,69,アイノカタチ,MISIA,https://www.billboard-japan.com/charts/detail?a=dlsongs&year=2021&month=01&day=18
2021,dlsongs,2021-01-13,70,やさしさで溢れるように,JUJU,https://www.billboard-japan.com/charts/detail?a=dlsongs&year=2021&month=01&day=18
2021,dlsongs,2021-01-13,71,君のうた,嵐,https://www.billboard-japan.com/charts/detail?a=dlsongs&year=2021&month=01&day=18
2021,dlsongs,2021-01-13,72,ドラマツルギー,Eve,https://www.billboard-japan.com/charts/detail?a=dlsongs&year=2021&month=01&day=18
2021,dlsongs,2021-01-13,73,第六感,Reol,https://www.billboard-japan.com/charts/detail?a=dlsongs&year=2021&month=01&day=18
2021,dlsongs,2021-01-13,74,かくれんぼ,優里,https://www.billboard-japan.com/charts/detail?a=dlsongs&year=2021&month=01&day=18
2021,dlsongs,2021-01-13,75,まちがいさがし,菅田将暉,https://www.billboard-japan.com/charts/detail?a=dlsongs&year=2021&month=01&day=18
2021,dlsongs,2021-01-13,76,魔法の絨毯,川崎鷹也,https://www.billboard-japan.com/charts/detail?a=dlsongs&year=2021&month=01&day=18
2021,dlsongs,2021-01-13,77,evergreen,MAN WITH A MISSION,https://www.billboard-japan.com/charts/detail?a=dlsongs&year=2021&month=01&day=18
2021,dlsongs,2021-01-13,78,Who I Am,milet,https://www.billboard-japan.com/charts/detail?a=dlsongs&year=2021&month=01&day=18
2021,dlsongs,2021-01-13,79,ダンスの理由,平手友梨奈,https://www.billboard-japan.com/charts/detail?a=dlsongs&year=2021&month=01&day=18
2021,dlsongs,2021-01-13,79,Perfect SEKAI,黒澤ダイヤ(小宮有紗) from Aqours,https://www.billboard-japan.com/charts/detail?a=dlsongs&year=2021&month=01&day=18
2021,dlsongs,2021-01-13,81,スマイル,森七菜,https://www.billboard-japan.com/charts/detail?a=dlsongs&year=2021&month=01&day=18
2021,dlsongs,2021-01-13,82,千両役者,King Gnu,https://www.billboard-japan.com/charts/detail?a=dlsongs&year=2021&month=01&day=18
2021,dlsongs,2021-01-13,83,超夢宙閃隊<スターファイブ>より愛を込めて,Argonavis,https://www.billboard-japan.com/charts/detail?a=dlsongs&year=2021&month=01&day=18
2021,dlsongs,2021-01-13,84,KING,Kanaria,https://www.billboard-japan.com/charts/detail?a=dlsongs&year=2021&month=01&day=18
2021,dlsongs,2021-01-13,85,グランドエスケープ feat. 三浦透子,RADWIMPS,https://www.billboard-japan.com/charts/detail?a=dlsongs&year=2021&month=01&day=18
2021,dlsongs,2021-01-13,86,はつこい,中野家の五つ子,https://www.billboard-japan.com/charts/detail?a=dlsongs&year=2021&month=01&day=18
2021,dlsongs,2021-01-13,87,おなじ話,ハンバート ハンバート,https://www.billboard-japan.com/charts/detail?a=dlsongs&year=2021&month=01&day=18
2021,dlsongs,2021-01-13,88,Shiny Smily Story,hololive IDOL PROJECT,https://www.billboard-japan.com/charts/detail?a=dlsongs&year=2021&month=01&day=18
2021,dlsongs,2021-01-13,89,ふしぎなふしぎな生きもの featuring vocal トータス松本,岡崎体育,https://www.billboard-japan.com/charts/detail?a=dlsongs&year=2021&month=01&day=18
2021,dlsongs,2021-01-13,90,ヒロイン,back number,https://www.billboard-japan.com/charts/detail?a=dlsongs&year=2021&month=01&day=18
2021,dlsongs,2021-01-13,91,開けたらDream!,Poppin'Party,https://www.billboard-japan.com/charts/detail?a=dlsongs&year=2021&month=01&day=18
2021,dlsongs,2021-01-13,92,レディメイド,Ado,https://www.billboard-japan.com/charts/detail?a=dlsongs&year=2021&month=01&day=18
2021,dlsongs,2021-01-13,93,エニワン,ジャスティン・ビーバー,https://www.billboard-japan.com/charts/detail?a=dlsongs&year=2021&month=01&day=18
2021,dlsongs,2021-01-13,94,感謝カンゲキ雨嵐,嵐,https://www.billboard-japan.com/charts/detail?a=dlsongs&year=2021&month=01&day=18
2021,dlsongs,2021-01-13,95,ALMIGHTY〜仮面の約束 feat.川上洋平,東京スカパラダイスオーケストラ,https://www.billboard-japan.com/charts/detail?a=dlsongs&year=2021&month=01&day=18
2021,dlsongs,2021-01-13,96,えんとつ町のプペル,ロザリーナ,https://www.billboard-japan.com/charts/detail?a=dlsongs&year=2021&month=01&day=18
2021,dlsongs,2021-01-13,97,Route 246,乃木坂46,https://www.billboard-japan.com/charts/detail?a=dlsongs&year=2021&month=01&day=18
2021,dlsongs,2021-01-13,98,足跡,Little Glee Monster,https://www.billboard-japan.com/charts/detail?a=dlsongs&year=2021&month=01&day=18
2021,dlsongs,2021-01-13,99,Life Goes On,BTS,https://www.billboard-japan.com/charts/detail?a=dlsongs&year=2021&month=01&day=18
2021,dlsongs,2021-01-13,100,泣き笑いのエピソード,秦基博,https://www.billboard-japan.com/charts/detail?a=dlsongs&year=2021&month=01&day=18
2021,dlsongs,2021-01-20,1,dawn,LiSA,https://www.billboard-japan.com/charts/detail?a=dlsongs&year=2021&month=01&day=25
2021,dlsongs,2021-01-20,2,炎,LiSA,https://www.billboard-japan.com/charts/detail?a=dlsongs&year=2021&month=01&day=25
2021,dlsongs,2021-01-20,3,怪物,YOASOBI,https://www.billboard-japan.com/charts/detail?a=dlsongs&year=2021&month=01&day=25
2021,dlsongs,2021-01-20,4,Dynamite,BTS,https://www.billboard-japan.com/charts/detail?a=dlsongs&year=2021&month=01&day=25
2021,dlsongs,2021-01-20,5,夜に駆ける,YOASOBI,https://www.billboard-japan.com/charts/detail?a=dlsongs&year=2021&month=01&day=25
2021,dlsongs,2021-01-20,6,Universe,Official髭男dism,https://www.billboard-japan.com/charts/detail?a=dlsongs&year=2021&month=01&day=25
2021,dlsongs,2021-01-20,7,春泥棒,ヨルシカ,https://www.billboard-japan.com/charts/detail?a=dlsongs&year=2021&month=01&day=25
2021,dlsongs,2021-01-20,8,季路,Aimer(エメ),https://www.billboard-japan.com/charts/detail?a=dlsongs&year=2021&month=01&day=25
2021,dlsongs,2021-01-20,9,ドライフラワー,優里,https://www.billboard-japan.com/charts/detail?a=dlsongs&year=2021&month=01&day=25
2021,dlsongs,2021-01-20,10,廻廻奇譚,Eve,https://www.billboard-japan.com/charts/detail?a=dlsongs&year=2021&month=01&day=25
2021,dlsongs,2021-01-20,11,VIVID VICE,Who-ya Extended,https://www.billboard-japan.com/charts/detail?a=dlsongs&year=2021&month=01&day=25
2021,dlsongs,2021-01-20,12,紅蓮華,LiSA,https://www.billboard-japan.com/charts/detail?a=dlsongs&year=2021&month=01&day=25
2021,dlsongs,2021-01-20,13,うっせぇわ,Ado,https://www.billboard-japan.com/charts/detail?a=dlsongs&year=2021&month=01&day=25
2021,dlsongs,2021-01-20,14,再会 (produced by Ayase),LiSA × Uru,https://www.billboard-japan.com/charts/detail?a=dlsongs&year=2021&month=01&day=25
2021,dlsongs,2021-01-20,15,虹,菅田将暉,https://www.billboard-japan.com/charts/detail?a=dlsongs&year=2021&month=01&day=25
2021,dlsongs,2021-01-20,16,アンコール,YOASOBI,https://www.billboard-japan.com/charts/detail?a=dlsongs&year=2021&month=01&day=25
2021,dlsongs,2021-01-20,17,轍〜Wadachi〜,SPYAIR,https://www.billboard-japan.com/charts/detail?a=dlsongs&year=2021&month=01&day=25
2021,dlsongs,2021-01-20,18,裸の心,あいみょん,https://www.billboard-japan.com/charts/detail?a=dlsongs&year=2021&month=01&day=25
2021,dlsongs,2021-01-20,19,Candy-Go-Round,hololive IDOL PROJECT,https://www.billboard-japan.com/charts/detail?a=dlsongs&year=2021&month=01&day=25
2021,dlsongs,2021-01-20,20,Make you happy,NiziU,https://www.billboard-japan.com/charts/detail?a=dlsongs&year=2021&month=01&day=25
2021,dlsongs,2021-01-20,21,猫,DISH//,https://www.billboard-japan.com/charts/detail?a=dlsongs&year=2021&month=01&day=25
2021,dlsongs,2021-01-20,22,カイト,嵐,https://www.billboard-japan.com/charts/detail?a=dlsongs&year=2021&month=01&day=25
2021,dlsongs,2021-01-20,23,猫 〜THE FIRST TAKE ver.〜,DISH//,https://www.billboard-japan.com/charts/detail?a=dlsongs&year=2021&month=01&day=25
2021,dlsongs,2021-01-20,24,アイノカタチ feat.HIDE(GReeeeN),MISIA,https://www.billboard-japan.com/charts/detail?a=dlsongs&year=2021&month=01&day=25
2021,dlsongs,2021-01-20,25,竈門炭治郎のうた,椎名豪 featuring 中川奈美,https://www.billboard-japan.com/charts/detail?a=dlsongs&year=2021&month=01&day=25
2021,dlsongs,2021-01-20,26,春を告げる,yama,https://www.billboard-japan.com/charts/detail?a=dlsongs&year=2021&month=01&day=25
2021,dlsongs,2021-01-20,27,夢がここからはじまるよ,虹ヶ咲学園スクールアイドル同好会,https://www.billboard-japan.com/charts/detail?a=dlsongs&year=2021&month=01&day=25
2021,dlsongs,2021-01-20,28,至上主義アドトラック,hololive IDOL PROJECT,https://www.billboard-japan.com/charts/detail?a=dlsongs&year=2021&month=01&day=25
2021,dlsongs,2021-01-20,29,Step and a step,NiziU,https://www.billboard-japan.com/charts/detail?a=dlsongs&year=2021&month=01&day=25
2021,dlsongs,2021-01-20,30,白日,King Gnu,https://www.billboard-japan.com/charts/detail?a=dlsongs&year=2021&month=01&day=25
2021,dlsongs,2021-01-20,31,空と青,家入レオ,https://www.billboard-japan.com/charts/detail?a=dlsongs&year=2021&month=01&day=25
2021,dlsongs,2021-01-20,32,正しくなれない,ずっと真夜中でいいのに。,https://www.billboard-japan.com/charts/detail?a=dlsongs&year=2021&month=01&day=25
2021,dlsongs,2021-01-20,33,Awakening Promise,上原歩夢(大西亜玖璃),https://www.billboard-japan.com/charts/detail?a=dlsongs&year=2021&month=01&day=25
2021,dlsongs,2021-01-20,34,香水,瑛人,https://www.billboard-japan.com/charts/detail?a=dlsongs&year=2021&month=01&day=25
2021,dlsongs,2021-01-20,35,道楽心情,DOES,https://www.billboard-japan.com/charts/detail?a=dlsongs&year=2021&month=01&day=25
2021,dlsongs,2021-01-20,36,感電,米津玄師,https://www.billboard-japan.com/charts/detail?a=dlsongs&year=2021&month=01&day=25
2021,dlsongs,2021-01-20,37,LOST IN PARADISE feat. AKLO,ALI,https://www.billboard-japan.com/charts/detail?a=dlsongs&year=2021&month=01&day=25
2021,dlsongs,2021-01-20,38,群青,YOASOBI,https://www.billboard-japan.com/charts/detail?a=dlsongs&year=2021&month=01&day=25
2021,dlsongs,2021-01-20,39,I LOVE…,Official髭男dism,https://www.billboard-japan.com/charts/detail?a=dlsongs&year=2021&month=01&day=25
2021,dlsongs,2021-01-20,40,LEADER,MY FIRST STORY,https://www.billboard-japan.com/charts/detail?a=dlsongs&year=2021&month=01&day=25
2021,dlsongs,2021-01-20,41,三文小説,King Gnu,https://www.billboard-japan.com/charts/detail?a=dlsongs&year=2021&month=01&day=25
2021,dlsongs,2021-01-20,42,Mela!,緑黄色社会,https://www.billboard-japan.com/charts/detail?a=dlsongs&year=2021&month=01&day=25
2021,dlsongs,2021-01-20,43,麻痺,yama,https://www.billboard-japan.com/charts/detail?a=dlsongs&year=2021&month=01&day=25
2021,dlsongs,2021-01-20,44,ぺこらんだむぶれいん!,兎田ぺこら,https://www.billboard-japan.com/charts/detail?a=dlsongs&year=2021&month=01&day=25
2021,dlsongs,2021-01-20,45,本音,sumika,https://www.billboard-japan.com/charts/detail?a=dlsongs&year=2021&month=01&day=25
2021,dlsongs,2021-01-20,46,光,HIKAKIN & SEIKIN,https://www.billboard-japan.com/charts/detail?a=dlsongs&year=2021&month=01&day=25
2021,dlsongs,2021-01-20,47,Pretender,Official髭男dism,https://www.billboard-japan.com/charts/detail?a=dlsongs&year=2021&month=01&day=25
2021,dlsongs,2021-01-20,48,激情,TRIGGER & IDOLiSH7,https://www.billboard-japan.com/charts/detail?a=dlsongs&year=2021&month=01&day=25
2021,dlsongs,2021-01-20,49,"Stand by me, Stand by you.",平井大,https://www.billboard-japan.com/charts/detail?a=dlsongs&year=2021&month=01&day=25
2021,dlsongs,2021-01-20,50,ハルカ,YOASOBI,https://www.billboard-japan.com/charts/detail?a=dlsongs&year=2021&month=01&day=25
2021,dlsongs,2021-01-20,51,アカシア,BUMP OF CHICKEN,https://www.billboard-japan.com/charts/detail?a=dlsongs&year=2021&month=01&day=25
2021,dlsongs,2021-01-20,52,五等分のカタチ,中野家の五つ子,https://www.billboard-japan.com/charts/detail?a=dlsongs&year=2021&month=01&day=25
2021,dlsongs,2021-01-20,53,Link or Chains,水樹奈々,https://www.billboard-japan.com/charts/detail?a=dlsongs&year=2021&month=01&day=25
2021,dlsongs,2021-01-20,54,あなたがいることで,Uru,https://www.billboard-japan.com/charts/detail?a=dlsongs&year=2021&month=01&day=25
2021,dlsongs,2021-01-20,55,Storyteller,TRUE,https://www.billboard-japan.com/charts/detail?a=dlsongs&year=2021&month=01&day=25
2021,dlsongs,2021-01-20,56,あたりまえ,DISH//,https://www.billboard-japan.com/charts/detail?a=dlsongs&year=2021&month=01&day=25
2021,dlsongs,2021-01-20,57,スマイル,森七菜,https://www.billboard-japan.com/charts/detail?a=dlsongs&year=2021&month=01&day=25
2021,dlsongs,2021-01-20,58,星影のエール,GReeeeN,https://www.billboard-japan.com/charts/detail?a=dlsongs&year=2021&month=01&day=25
2021,dlsongs,2021-01-20,59,かくれんぼ,優里,https://www.billboard-japan.com/charts/detail?a=dlsongs&year=2021&month=01&day=25
2021,dlsongs,2021-01-20,60,It's ALL-for you-,Re:vale,https://www.billboard-japan.com/charts/detail?a=dlsongs&year=2021&month=01&day=25
2021,dlsongs,2021-01-20,61,snow jam,Rin音,https://www.billboard-japan.com/charts/detail?a=dlsongs&year=2021&month=01&day=25
2021,dlsongs,2021-01-20,62,百花繚乱花吹雪,hololive IDOL PROJECT,https://www.billboard-japan.com/charts/detail?a=dlsongs&year=2021&month=01&day=25
2021,dlsongs,2021-01-20,63,ブルームブルーム,Morfonica,https://www.billboard-japan.com/charts/detail?a=dlsongs&year=2021&month=01&day=25
2021,dlsongs,2021-01-20,64,BRAND NEW YOU,LiSA,https://www.billboard-japan.com/charts/detail?a=dlsongs&year=2021&month=01&day=25
2021,dlsongs,2021-01-20,65,マリーゴールド,あいみょん,https://www.billboard-japan.com/charts/detail?a=dlsongs&year=2021&month=01&day=25
2021,dlsongs,2021-01-20,66,flame of hope,Morfonica,https://www.billboard-japan.com/charts/detail?a=dlsongs&year=2021&month=01&day=25
2021,dlsongs,2021-01-20,67,BLUE CLAPPER,hololive IDOL PROJECT,https://www.billboard-japan.com/charts/detail?a=dlsongs&year=2021&month=01&day=25
2021,dlsongs,2021-01-20,68,ハルノヒ,あいみょん,https://www.billboard-japan.com/charts/detail?a=dlsongs&year=2021&month=01&day=25
2021,dlsongs,2021-01-20,69,PARANOIA STREET,Crazy:B,https://www.billboard-japan.com/charts/detail?a=dlsongs&year=2021&month=01&day=25
2021,dlsongs,2021-01-20,70,silent,SEKAI NO OWARI,https://www.billboard-japan.com/charts/detail?a=dlsongs&year=2021&month=01&day=25
2021,dlsongs,2021-01-20,71,不可幸力,Vaundy,https://www.billboard-japan.com/charts/detail?a=dlsongs&year=2021&month=01&day=25
2021,dlsongs,2021-01-20,72,ツキミソウ,Novelbright,https://www.billboard-japan.com/charts/detail?a=dlsongs&year=2021&month=01&day=25
2021,dlsongs,2021-01-20,73,Voice(君の声)- From THE FIRST TAKE,河野純喜(JO1),https://www.billboard-japan.com/charts/detail?a=dlsongs&year=2021&month=01&day=25
2021,dlsongs,2021-01-20,74,Force,TOMORROW X TOGETHER,https://www.billboard-japan.com/charts/detail?a=dlsongs&year=2021&month=01&day=25
2021,dlsongs,2021-01-20,75,115万キロのフィルム,Official髭男dism,https://www.billboard-japan.com/charts/detail?a=dlsongs&year=2021&month=01&day=25
2021,dlsongs,2021-01-20,76,Goodbye Seven Seas,麻枝准×やなぎなぎ,https://www.billboard-japan.com/charts/detail?a=dlsongs&year=2021&month=01&day=25
2021,dlsongs,2021-01-20,77,優しさ,藤井風,https://www.billboard-japan.com/charts/detail?a=dlsongs&year=2021&month=01&day=25
2021,dlsongs,2021-01-20,78,Catch the Moment,LiSA,https://www.billboard-japan.com/charts/detail?a=dlsongs&year=2021&month=01&day=25
2021,dlsongs,2021-01-20,79,無限大 - From THE FIRST TAKE,河野純喜(JO1),https://www.billboard-japan.com/charts/detail?a=dlsongs&year=2021&month=01&day=25
2021,dlsongs,2021-01-20,80,from the edge,FictionJunction feat. LiSA,https://www.billboard-japan.com/charts/detail?a=dlsongs&year=2021&month=01&day=25
2021,dlsongs,2021-01-20,81,追い風,SHE'S,https://www.billboard-japan.com/charts/detail?a=dlsongs&year=2021&month=01&day=25
2021,dlsongs,2021-01-20,82,AAside,Argonavis,https://www.billboard-japan.com/charts/detail?a=dlsongs&year=2021&month=01&day=25
2021,dlsongs,2021-01-20,83,風を待って,小田和正,https://www.billboard-japan.com/charts/detail?a=dlsongs&year=2021&month=01&day=25
2021,dlsongs,2021-01-20,84,レディメイド,Ado,https://www.billboard-japan.com/charts/detail?a=dlsongs&year=2021&month=01&day=25
2021,dlsongs,2021-01-20,85,ブレイクダウン,DOES,https://www.billboard-japan.com/charts/detail?a=dlsongs&year=2021&month=01&day=25
2021,dlsongs,2021-01-20,86,逢いたくていま,MISIA,https://www.billboard-japan.com/charts/detail?a=dlsongs&year=2021&month=01&day=25
2021,dlsongs,2021-01-20,87,One Day,Omoinotake,https://www.billboard-japan.com/charts/detail?a=dlsongs&year=2021&month=01&day=25
2021,dlsongs,2021-01-20,88,結証,緑黄色社会,https://www.billboard-japan.com/charts/detail?a=dlsongs&year=2021&month=01&day=25
2021,dlsongs,2021-01-20,89,Love Dimension,Secret Aliens,https://www.billboard-japan.com/charts/detail?a=dlsongs&year=2021&month=01&day=25
2021,dlsongs,2021-01-20,90,まちがいさがし,菅田将暉,https://www.billboard-japan.com/charts/detail?a=dlsongs&year=2021&month=01&day=25
2021,dlsongs,2021-01-20,91,世界が終るまでは…,WANDS,https://www.billboard-japan.com/charts/detail?a=dlsongs&year=2021&month=01&day=25
2021,dlsongs,2021-01-20,92,ユウレイ,まふまふ,https://www.billboard-japan.com/charts/detail?a=dlsongs&year=2021&month=01&day=25
2021,dlsongs,2021-01-20,93,KING,Kanaria,https://www.billboard-japan.com/charts/detail?a=dlsongs&year=2021&month=01&day=25
2021,dlsongs,2021-01-20,94,はつこい,中野家の五つ子,https://www.billboard-japan.com/charts/detail?a=dlsongs&year=2021&month=01&day=25
2021,dlsongs,2021-01-20,95,魔法の絨毯,川崎鷹也,https://www.billboard-japan.com/charts/detail?a=dlsongs&year=2021&month=01&day=25
2021,dlsongs,2021-01-20,96,inside you,milet,https://www.billboard-japan.com/charts/detail?a=dlsongs&year=2021&month=01&day=25
2021,dlsongs,2021-01-20,97,2992,millennium parade,https://www.billboard-japan.com/charts/detail?a=dlsongs&year=2021&month=01&day=25
2021,dlsongs,2021-01-20,98,シルシ,LiSA,https://www.billboard-japan.com/charts/detail?a=dlsongs&year=2021&month=01&day=25
2021,dlsongs,2021-01-20,99,Honeycomb Summer,Crazy:B,https://www.billboard-japan.com/charts/detail?a=dlsongs&year=2021&month=01&day=25
2021,dlsongs,2021-01-20,100,泣き笑いのエピソード,秦基博,https://www.billboard-japan.com/charts/detail?a=dlsongs&year=2021&month=01&day=25
2021,dlsongs,2021-01-27,1,うっせぇわ,Ado,https://www.billboard-japan.com/charts/detail?a=dlsongs&year=2021&month=02&day=01
2021,dlsongs,2021-01-27,2,優しい彗星,YOASOBI,https://www.billboard-japan.com/charts/detail?a=dlsongs&year=2021&month=02&day=01
2021,dlsongs,2021-01-27,3,炎,LiSA,https://www.billboard-japan.com/charts/detail?a=dlsongs&year=2021&month=02&day=01
2021,dlsongs,2021-01-27,4,怪物,YOASOBI,https://www.billboard-japan.com/charts/detail?a=dlsongs&year=2021&month=02&day=01
2021,dlsongs,2021-01-27,5,夜に駆ける,YOASOBI,https://www.billboard-japan.com/charts/detail?a=dlsongs&year=2021&month=02&day=01
2021,dlsongs,2021-01-27,6,僕は僕を好きになる,乃木坂46,https://www.billboard-japan.com/charts/detail?a=dlsongs&year=2021&month=02&day=01
2021,dlsongs,2021-01-27,7,Dynamite,BTS,https://www.billboard-japan.com/charts/detail?a=dlsongs&year=2021&month=02&day=01
2021,dlsongs,2021-01-27,8,VIVID VICE,Who-ya Extended,https://www.billboard-japan.com/charts/detail?a=dlsongs&year=2021&month=02&day=01
2021,dlsongs,2021-01-27,9,ドライフラワー,優里,https://www.billboard-japan.com/charts/detail?a=dlsongs&year=2021&month=02&day=01
2021,dlsongs,2021-01-27,10,アンコール,YOASOBI,https://www.billboard-japan.com/charts/detail?a=dlsongs&year=2021&month=02&day=01
2021,dlsongs,2021-01-27,11,廻廻奇譚,Eve,https://www.billboard-japan.com/charts/detail?a=dlsongs&year=2021&month=02&day=01
2021,dlsongs,2021-01-27,12,give it back,Co shu Nie,https://www.billboard-japan.com/charts/detail?a=dlsongs&year=2021&month=02&day=01
2021,dlsongs,2021-01-27,13,春を告げる,yama,https://www.billboard-japan.com/charts/detail?a=dlsongs&year=2021&month=02&day=01
2021,dlsongs,2021-01-27,14,虹,菅田将暉,https://www.billboard-japan.com/charts/detail?a=dlsongs&year=2021&month=02&day=01
2021,dlsongs,2021-01-27,15,Universe,Official髭男dism,https://www.billboard-japan.com/charts/detail?a=dlsongs&year=2021&month=02&day=01
2021,dlsongs,2021-01-27,16,でいり〜だいあり〜!,hololive IDOL PROJECT,https://www.billboard-japan.com/charts/detail?a=dlsongs&year=2021&month=02&day=01
2021,dlsongs,2021-01-27,17,紅蓮華,LiSA,https://www.billboard-japan.com/charts/detail?a=dlsongs&year=2021&month=02&day=01
2021,dlsongs,2021-01-27,18,dawn,LiSA,https://www.billboard-japan.com/charts/detail?a=dlsongs&year=2021&month=02&day=01
2021,dlsongs,2021-01-27,19,猫,DISH//,https://www.billboard-japan.com/charts/detail?a=dlsongs&year=2021&month=02&day=01
2021,dlsongs,2021-01-27,20,ZEAL of proud,Roselia,https://www.billboard-japan.com/charts/detail?a=dlsongs&year=2021&month=02&day=01
2021,dlsongs,2021-01-27,21,光あれ,岡野昭仁,https://www.billboard-japan.com/charts/detail?a=dlsongs&year=2021&month=02&day=01
2021,dlsongs,2021-01-27,22,空と青,家入レオ,https://www.billboard-japan.com/charts/detail?a=dlsongs&year=2021&month=02&day=01
2021,dlsongs,2021-01-27,23,再会 (produced by Ayase),LiSA × Uru,https://www.billboard-japan.com/charts/detail?a=dlsongs&year=2021&month=02&day=01
2021,dlsongs,2021-01-27,24,猫 〜THE FIRST TAKE ver.〜,DISH//,https://www.billboard-japan.com/charts/detail?a=dlsongs&year=2021&month=02&day=01
2021,dlsongs,2021-01-27,25,春泥棒,ヨルシカ,https://www.billboard-japan.com/charts/detail?a=dlsongs&year=2021&month=02&day=01
2021,dlsongs,2021-01-27,26,Blessing Chord,Roselia,https://www.billboard-japan.com/charts/detail?a=dlsongs&year=2021&month=02&day=01
2021,dlsongs,2021-01-27,27,暗く黒く,ずっと真夜中でいいのに。,https://www.billboard-japan.com/charts/detail?a=dlsongs&year=2021&month=02&day=01
2021,dlsongs,2021-01-27,28,Make you happy,NiziU,https://www.billboard-japan.com/charts/detail?a=dlsongs&year=2021&month=02&day=01
2021,dlsongs,2021-01-27,29,アイノカタチ feat.HIDE(GReeeeN),MISIA,https://www.billboard-japan.com/charts/detail?a=dlsongs&year=2021&month=02&day=01
2021,dlsongs,2021-01-27,30,伝えられるなら,JO1,https://www.billboard-japan.com/charts/detail?a=dlsongs&year=2021&month=02&day=01
2021,dlsongs,2021-01-27,31,裸の心,あいみょん,https://www.billboard-japan.com/charts/detail?a=dlsongs&year=2021&month=02&day=01
2021,dlsongs,2021-01-27,32,time,SawanoHiroyuki[nZk]:ReoNa,https://www.billboard-japan.com/charts/detail?a=dlsongs&year=2021&month=02&day=01
2021,dlsongs,2021-01-27,33,麻痺,yama,https://www.billboard-japan.com/charts/detail?a=dlsongs&year=2021&month=02&day=01
2021,dlsongs,2021-01-27,34,Candy-Go-Round,hololive IDOL PROJECT,https://www.billboard-japan.com/charts/detail?a=dlsongs&year=2021&month=02&day=01
2021,dlsongs,2021-01-27,35,群青,YOASOBI,https://www.billboard-japan.com/charts/detail?a=dlsongs&year=2021&month=02&day=01
2021,dlsongs,2021-01-27,36,正しくなれない,ずっと真夜中でいいのに。,https://www.billboard-japan.com/charts/detail?a=dlsongs&year=2021&month=02&day=01
2021,dlsongs,2021-01-27,37,竈門炭治郎のうた,椎名豪 featuring 中川奈美,https://www.billboard-japan.com/charts/detail?a=dlsongs&year=2021&month=02&day=01
2021,dlsongs,2021-01-27,38,カイト,嵐,https://www.billboard-japan.com/charts/detail?a=dlsongs&year=2021&month=02&day=01
2021,dlsongs,2021-01-27,39,BAKU,いきものがかり,https://www.billboard-japan.com/charts/detail?a=dlsongs&year=2021&month=02&day=01
2021,dlsongs,2021-01-27,40,FAMILIA,millennium parade,https://www.billboard-japan.com/charts/detail?a=dlsongs&year=2021&month=02&day=01
2021,dlsongs,2021-01-27,41,轍〜Wadachi〜,SPYAIR,https://www.billboard-japan.com/charts/detail?a=dlsongs&year=2021&month=02&day=01
2021,dlsongs,2021-01-27,42,Step and a step,NiziU,https://www.billboard-japan.com/charts/detail?a=dlsongs&year=2021&month=02&day=01
2021,dlsongs,2021-01-27,43,闇なる白,東京事変,https://www.billboard-japan.com/charts/detail?a=dlsongs&year=2021&month=02&day=01
2021,dlsongs,2021-01-27,44,LOST IN PARADISE feat. AKLO,ALI,https://www.billboard-japan.com/charts/detail?a=dlsongs&year=2021&month=02&day=01
2021,dlsongs,2021-01-27,45,青春病,藤井風,https://www.billboard-japan.com/charts/detail?a=dlsongs&year=2021&month=02&day=01
2021,dlsongs,2021-01-27,46,白日,King Gnu,https://www.billboard-japan.com/charts/detail?a=dlsongs&year=2021&month=02&day=01
2021,dlsongs,2021-01-27,47,CITRUS,Da-iCE,https://www.billboard-japan.com/charts/detail?a=dlsongs&year=2021&month=02&day=01
2021,dlsongs,2021-01-27,48,ハルカ,YOASOBI,https://www.billboard-japan.com/charts/detail?a=dlsongs&year=2021&month=02&day=01
2021,dlsongs,2021-01-27,49,ハルジオン,YOASOBI,https://www.billboard-japan.com/charts/detail?a=dlsongs&year=2021&month=02&day=01
2021,dlsongs,2021-01-27,50,レディメイド,Ado,https://www.billboard-japan.com/charts/detail?a=dlsongs&year=2021&month=02&day=01
2021,dlsongs,2021-01-27,51,かくれんぼ,優里,https://www.billboard-japan.com/charts/detail?a=dlsongs&year=2021&month=02&day=01
2021,dlsongs,2021-01-27,52,Wilderness world,乃木坂46,https://www.billboard-japan.com/charts/detail?a=dlsongs&year=2021&month=02&day=01
2021,dlsongs,2021-01-27,53,I LOVE…,Official髭男dism,https://www.billboard-japan.com/charts/detail?a=dlsongs&year=2021&month=02&day=01
2021,dlsongs,2021-01-27,54,三文小説,King Gnu,https://www.billboard-japan.com/charts/detail?a=dlsongs&year=2021&month=02&day=01
2021,dlsongs,2021-01-27,55,香水,瑛人,https://www.billboard-japan.com/charts/detail?a=dlsongs&year=2021&month=02&day=01
2021,dlsongs,2021-01-27,56,インフィニティ,優里,https://www.billboard-japan.com/charts/detail?a=dlsongs&year=2021&month=02&day=01
2021,dlsongs,2021-01-27,57,感電,米津玄師,https://www.billboard-japan.com/charts/detail?a=dlsongs&year=2021&month=02&day=01
2021,dlsongs,2021-01-27,58,LEADER,MY FIRST STORY,https://www.billboard-japan.com/charts/detail?a=dlsongs&year=2021&month=02&day=01
2021,dlsongs,2021-01-27,59,罪の香り,藤井風,https://www.billboard-japan.com/charts/detail?a=dlsongs&year=2021&month=02&day=01
2021,dlsongs,2021-01-27,60,Mela!,緑黄色社会,https://www.billboard-japan.com/charts/detail?a=dlsongs&year=2021&month=02&day=01
2021,dlsongs,2021-01-27,61,季路,Aimer(エメ),https://www.billboard-japan.com/charts/detail?a=dlsongs&year=2021&month=02&day=01
2021,dlsongs,2021-01-27,62,何なんw,藤井風,https://www.billboard-japan.com/charts/detail?a=dlsongs&year=2021&month=02&day=01
2021,dlsongs,2021-01-27,63,雨のち晴れ,GENERATIONS from EXILE TRIBE,https://www.billboard-japan.com/charts/detail?a=dlsongs&year=2021&month=02&day=01
2021,dlsongs,2021-01-27,64,Heaven's Drive feat.vividboooy(Prod.KM),(sic)boy,https://www.billboard-japan.com/charts/detail?a=dlsongs&year=2021&month=02&day=01
2021,dlsongs,2021-01-27,65,"Stand by me, Stand by you.",平井大,https://www.billboard-japan.com/charts/detail?a=dlsongs&year=2021&month=02&day=01
2021,dlsongs,2021-01-27,66,極彩 | I G L (S),ROTH BART BARON,https://www.billboard-japan.com/charts/detail?a=dlsongs&year=2021&month=02&day=01
2021,dlsongs,2021-01-27,67,115万キロのフィルム,Official髭男dism,https://www.billboard-japan.com/charts/detail?a=dlsongs&year=2021&month=02&day=01
2021,dlsongs,2021-01-27,68,Pretender,Official髭男dism,https://www.billboard-japan.com/charts/detail?a=dlsongs&year=2021&month=02&day=01
2021,dlsongs,2021-01-27,69,ピーターパン,優里,https://www.billboard-japan.com/charts/detail?a=dlsongs&year=2021&month=02&day=01
2021,dlsongs,2021-01-27,70,にゃん酷なにゃんこのテーゼ,高橋洋子,https://www.billboard-japan.com/charts/detail?a=dlsongs&year=2021&month=02&day=01
2021,dlsongs,2021-01-27,71,a.m.3:21,yama,https://www.billboard-japan.com/charts/detail?a=dlsongs&year=2021&month=02&day=01
2021,dlsongs,2021-01-27,72,星影のエール,GReeeeN,https://www.billboard-japan.com/charts/detail?a=dlsongs&year=2021&month=02&day=01
2021,dlsongs,2021-01-27,73,道楽心情,DOES,https://www.billboard-japan.com/charts/detail?a=dlsongs&year=2021&month=02&day=01
2021,dlsongs,2021-01-27,74,風吹,koe,https://www.billboard-japan.com/charts/detail?a=dlsongs&year=2021&month=02&day=01
2021,dlsongs,2021-01-27,75,追い風,SHE'S,https://www.billboard-japan.com/charts/detail?a=dlsongs&year=2021&month=02&day=01
2021,dlsongs,2021-01-27,76,スマイル,森七菜,https://www.billboard-japan.com/charts/detail?a=dlsongs&year=2021&month=02&day=01
2021,dlsongs,2021-01-27,77,Out of the blue,乃木坂46,https://www.billboard-japan.com/charts/detail?a=dlsongs&year=2021&month=02&day=01
2021,dlsongs,2021-01-27,78,結証,緑黄色社会,https://www.billboard-japan.com/charts/detail?a=dlsongs&year=2021&month=02&day=01
2021,dlsongs,2021-01-27,79,あなたがいることで,Uru,https://www.billboard-japan.com/charts/detail?a=dlsongs&year=2021&month=02&day=01
2021,dlsongs,2021-01-27,80,Force,TOMORROW X TOGETHER,https://www.billboard-japan.com/charts/detail?a=dlsongs&year=2021&month=02&day=01
2021,dlsongs,2021-01-27,81,至上主義アドトラック,hololive IDOL PROJECT,https://www.billboard-japan.com/charts/detail?a=dlsongs&year=2021&month=02&day=01
2021,dlsongs,2021-01-27,82,五等分のカタチ,中野家の五つ子,https://www.billboard-japan.com/charts/detail?a=dlsongs&year=2021&month=02&day=01
2021,dlsongs,2021-01-27,83,糸,中島みゆき,https://www.billboard-japan.com/charts/detail?a=dlsongs&year=2021&month=02&day=01
2021,dlsongs,2021-01-27,84,夢見鳥,樋口円香(土屋李央),https://www.billboard-japan.com/charts/detail?a=dlsongs&year=2021&month=02&day=01
2021,dlsongs,2021-01-27,85,アカシア,BUMP OF CHICKEN,https://www.billboard-japan.com/charts/detail?a=dlsongs&year=2021&month=02&day=01
2021,dlsongs,2021-01-27,86,Storyteller,TRUE,https://www.billboard-japan.com/charts/detail?a=dlsongs&year=2021&month=02&day=01
2021,dlsongs,2021-01-27,87,一番の宝物,LiSA,https://www.billboard-japan.com/charts/detail?a=dlsongs&year=2021&month=02&day=01
2021,dlsongs,2021-01-27,88,優しさ,藤井風,https://www.billboard-japan.com/charts/detail?a=dlsongs&year=2021&month=02&day=01
2021,dlsongs,2021-01-27,89,マリーゴールド,あいみょん,https://www.billboard-japan.com/charts/detail?a=dlsongs&year=2021&month=02&day=01
2021,dlsongs,2021-01-27,90,KING,Kanaria,https://www.billboard-japan.com/charts/detail?a=dlsongs&year=2021&month=02&day=01
2021,dlsongs,2021-01-27,91,魔法の絨毯,川崎鷹也,https://www.billboard-japan.com/charts/detail?a=dlsongs&year=2021&month=02&day=01
2021,dlsongs,2021-01-27,92,ぺこらんだむぶれいん!,兎田ぺこら,https://www.billboard-japan.com/charts/detail?a=dlsongs&year=2021&month=02&day=01
2021,dlsongs,2021-01-27,93,不可幸力,Vaundy,https://www.billboard-japan.com/charts/detail?a=dlsongs&year=2021&month=02&day=01
2021,dlsongs,2021-01-27,94,Fight!!,ClariS,https://www.billboard-japan.com/charts/detail?a=dlsongs&year=2021&month=02&day=01
2021,dlsongs,2021-01-27,95,ツキミソウ,Novelbright,https://www.billboard-japan.com/charts/detail?a=dlsongs&year=2021&month=02&day=01
2021,dlsongs,2021-01-27,96,Cantare!,有閑喫茶あにまーれ,https://www.billboard-japan.com/charts/detail?a=dlsongs&year=2021&month=02&day=01
2021,dlsongs,2021-01-27,97,泣き笑いのエピソード,秦基博,https://www.billboard-japan.com/charts/detail?a=dlsongs&year=2021&month=02&day=01
2021,dlsongs,2021-01-27,98,ハルノヒ,あいみょん,https://www.billboard-japan.com/charts/detail?a=dlsongs&year=2021&month=02&day=01
2021,dlsongs,2021-01-27,99,AMAZING DAYS,DEEP SQUAD meets EXILE TETSUYA,https://www.billboard-japan.com/charts/detail?a=dlsongs&year=2021&month=02&day=01
2021,dlsongs,2021-01-27,100,snow jam,Rin音,https://www.billboard-japan.com/charts/detail?a=dlsongs&year=2021&month=02&day=01
2021,dlsongs,2021-01-27,100,百花繚乱花吹雪,hololive IDOL PROJECT,https://www.billboard-japan.com/charts/detail?a=dlsongs&year=2021&month=02&day=01
2021,dlsongs,2021-02-03,1,うっせぇわ,Ado,https://www.billboard-japan.com/charts/detail?a=dlsongs&year=2021&month=02&day=08
2021,dlsongs,2021-02-03,2,ドライフラワー,優里,https://www.billboard-japan.com/charts/detail?a=dlsongs&year=2021&month=02&day=08
2021,dlsongs,2021-02-03,3,炎,LiSA,https://www.billboard-japan.com/charts/detail?a=dlsongs&year=2021&month=02&day=08
2021,dlsongs,2021-02-03,4,優しい彗星,YOASOBI,https://www.billboard-japan.com/charts/detail?a=dlsongs&year=2021&month=02&day=08
2021,dlsongs,2021-02-03,5,Dynamite,BTS,https://www.billboard-japan.com/charts/detail?a=dlsongs&year=2021&month=02&day=08
2021,dlsongs,2021-02-03,6,夜に駆ける,YOASOBI,https://www.billboard-japan.com/charts/detail?a=dlsongs&year=2021&month=02&day=08
2021,dlsongs,2021-02-03,7,廻廻奇譚,Eve,https://www.billboard-japan.com/charts/detail?a=dlsongs&year=2021&month=02&day=08
2021,dlsongs,2021-02-03,8,Midnight Butlers,XXVeil,https://www.billboard-japan.com/charts/detail?a=dlsongs&year=2021&month=02&day=08
2021,dlsongs,2021-02-03,9,怪物,YOASOBI,https://www.billboard-japan.com/charts/detail?a=dlsongs&year=2021&month=02&day=08
2021,dlsongs,2021-02-03,10,Living on the edge,ALKALOID,https://www.billboard-japan.com/charts/detail?a=dlsongs&year=2021&month=02&day=08
2021,dlsongs,2021-02-03,11,春を告げる,yama,https://www.billboard-japan.com/charts/detail?a=dlsongs&year=2021&month=02&day=08
2021,dlsongs,2021-02-03,12,Distorted Heart,ALKALOID,https://www.billboard-japan.com/charts/detail?a=dlsongs&year=2021&month=02&day=08
2021,dlsongs,2021-02-03,13,Seize The Day,亜咲花,https://www.billboard-japan.com/charts/detail?a=dlsongs&year=2021&month=02&day=08
2021,dlsongs,2021-02-03,14,VIVID VICE,Who-ya Extended,https://www.billboard-japan.com/charts/detail?a=dlsongs&year=2021&month=02&day=08
2021,dlsongs,2021-02-03,15,Sweet Sweet White Song,Branco,https://www.billboard-japan.com/charts/detail?a=dlsongs&year=2021&month=02&day=08
2021,dlsongs,2021-02-03,16,僕は僕を好きになる,乃木坂46,https://www.billboard-japan.com/charts/detail?a=dlsongs&year=2021&month=02&day=08
2021,dlsongs,2021-02-03,17,虹,菅田将暉,https://www.billboard-japan.com/charts/detail?a=dlsongs&year=2021&month=02&day=08
2021,dlsongs,2021-02-03,18,再会 (produced by Ayase),LiSA × Uru,https://www.billboard-japan.com/charts/detail?a=dlsongs&year=2021&month=02&day=08
2021,dlsongs,2021-02-03,19,盗賊と宝石,"望海風斗,真彩希帆",https://www.billboard-japan.com/charts/detail?a=dlsongs&year=2021&month=02&day=08
2021,dlsongs,2021-02-03,20,猫 〜THE FIRST TAKE ver.〜,DISH//,https://www.billboard-japan.com/charts/detail?a=dlsongs&year=2021&month=02&day=08
2021,dlsongs,2021-02-03,21,アンコール,YOASOBI,https://www.billboard-japan.com/charts/detail?a=dlsongs&year=2021&month=02&day=08
2021,dlsongs,2021-02-03,22,紅蓮華,LiSA,https://www.billboard-japan.com/charts/detail?a=dlsongs&year=2021&month=02&day=08
2021,dlsongs,2021-02-03,23,アイデンティティ,秋山黄色,https://www.billboard-japan.com/charts/detail?a=dlsongs&year=2021&month=02&day=08
2021,dlsongs,2021-02-03,24,はるのとなり,佐々木恵梨,https://www.billboard-japan.com/charts/detail?a=dlsongs&year=2021&month=02&day=08
2021,dlsongs,2021-02-03,25,Suspect,hololive IDOL PROJECT,https://www.billboard-japan.com/charts/detail?a=dlsongs&year=2021&month=02&day=08
2021,dlsongs,2021-02-03,26,春泥棒,ヨルシカ,https://www.billboard-japan.com/charts/detail?a=dlsongs&year=2021&month=02&day=08
2021,dlsongs,2021-02-03,27,インフィニティ,優里,https://www.billboard-japan.com/charts/detail?a=dlsongs&year=2021&month=02&day=08
2021,dlsongs,2021-02-03,28,デートプランA to Z,√AtoZ,https://www.billboard-japan.com/charts/detail?a=dlsongs&year=2021&month=02&day=08
2021,dlsongs,2021-02-03,29,BRAND NEW STARS!! (ALKALOID ver.),ALKALOID,https://www.billboard-japan.com/charts/detail?a=dlsongs&year=2021&month=02&day=08
2021,dlsongs,2021-02-03,30,give it back,Co shu Nie,https://www.billboard-japan.com/charts/detail?a=dlsongs&year=2021&month=02&day=08
2021,dlsongs,2021-02-03,31,題名のない今日,平井大,https://www.billboard-japan.com/charts/detail?a=dlsongs&year=2021&month=02&day=08
2021,dlsongs,2021-02-03,32,猫,DISH//,https://www.billboard-japan.com/charts/detail?a=dlsongs&year=2021&month=02&day=08
2021,dlsongs,2021-02-03,33,アイリス,潤羽るしあ,https://www.billboard-japan.com/charts/detail?a=dlsongs&year=2021&month=02&day=08
2021,dlsongs,2021-02-03,34,Universe,Official髭男dism,https://www.billboard-japan.com/charts/detail?a=dlsongs&year=2021&month=02&day=08
2021,dlsongs,2021-02-03,35,アイノカタチ feat.HIDE(GReeeeN),MISIA,https://www.billboard-japan.com/charts/detail?a=dlsongs&year=2021&month=02&day=08
2021,dlsongs,2021-02-03,36,Make you happy,NiziU,https://www.billboard-japan.com/charts/detail?a=dlsongs&year=2021&month=02&day=08
2021,dlsongs,2021-02-03,37,空と青,家入レオ,https://www.billboard-japan.com/charts/detail?a=dlsongs&year=2021&month=02&day=08
2021,dlsongs,2021-02-03,38,でいり〜だいあり〜!,hololive IDOL PROJECT,https://www.billboard-japan.com/charts/detail?a=dlsongs&year=2021&month=02&day=08
2021,dlsongs,2021-02-03,39,ファイト!,中島みゆき,https://www.billboard-japan.com/charts/detail?a=dlsongs&year=2021&month=02&day=08
2021,dlsongs,2021-02-03,40,正しくなれない,ずっと真夜中でいいのに。,https://www.billboard-japan.com/charts/detail?a=dlsongs&year=2021&month=02&day=08
2021,dlsongs,2021-02-03,41,レディメイド,Ado,https://www.billboard-japan.com/charts/detail?a=dlsongs&year=2021&month=02&day=08
2021,dlsongs,2021-02-03,42,群青,YOASOBI,https://www.billboard-japan.com/charts/detail?a=dlsongs&year=2021&month=02&day=08
2021,dlsongs,2021-02-03,43,LOST IN PARADISE feat. AKLO,ALI,https://www.billboard-japan.com/charts/detail?a=dlsongs&year=2021&month=02&day=08
2021,dlsongs,2021-02-03,44,かくれんぼ,優里,https://www.billboard-japan.com/charts/detail?a=dlsongs&year=2021&month=02&day=08
2021,dlsongs,2021-02-03,45,ZEAL of proud,Roselia,https://www.billboard-japan.com/charts/detail?a=dlsongs&year=2021&month=02&day=08
2021,dlsongs,2021-02-03,46,魔法の絨毯,川崎鷹也,https://www.billboard-japan.com/charts/detail?a=dlsongs&year=2021&month=02&day=08
2021,dlsongs,2021-02-03,47,勿忘,Awesome City Club,https://www.billboard-japan.com/charts/detail?a=dlsongs&year=2021&month=02&day=08
2021,dlsongs,2021-02-03,48,裸の心,あいみょん,https://www.billboard-japan.com/charts/detail?a=dlsongs&year=2021&month=02&day=08
2021,dlsongs,2021-02-03,49,dawn,LiSA,https://www.billboard-japan.com/charts/detail?a=dlsongs&year=2021&month=02&day=08
2021,dlsongs,2021-02-03,50,麻痺,yama,https://www.billboard-japan.com/charts/detail?a=dlsongs&year=2021&month=02&day=08
2021,dlsongs,2021-02-03,51,mind of Prominence,RAISE A SUILEN,https://www.billboard-japan.com/charts/detail?a=dlsongs&year=2021&month=02&day=08
2021,dlsongs,2021-02-03,52,白日,King Gnu,https://www.billboard-japan.com/charts/detail?a=dlsongs&year=2021&month=02&day=08
2021,dlsongs,2021-02-03,53,カイト,嵐,https://www.billboard-japan.com/charts/detail?a=dlsongs&year=2021&month=02&day=08
2021,dlsongs,2021-02-03,54,竈門炭治郎のうた,椎名豪 featuring 中川奈美,https://www.billboard-japan.com/charts/detail?a=dlsongs&year=2021&month=02&day=08
2021,dlsongs,2021-02-03,55,暗く黒く,ずっと真夜中でいいのに。,https://www.billboard-japan.com/charts/detail?a=dlsongs&year=2021&month=02&day=08
2021,dlsongs,2021-02-03,56,にゃん酷なにゃんこのテーゼ,高橋洋子,https://www.billboard-japan.com/charts/detail?a=dlsongs&year=2021&month=02&day=08
2021,dlsongs,2021-02-03,57,D-D-DANCE,IZ*ONE,https://www.billboard-japan.com/charts/detail?a=dlsongs&year=2021&month=02&day=08
2021,dlsongs,2021-02-03,58,I LOVE…,Official髭男dism,https://www.billboard-japan.com/charts/detail?a=dlsongs&year=2021&month=02&day=08
2021,dlsongs,2021-02-03,59,Step and a step,NiziU,https://www.billboard-japan.com/charts/detail?a=dlsongs&year=2021&month=02&day=08
2021,dlsongs,2021-02-03,60,泣き笑いのエピソード,秦基博,https://www.billboard-japan.com/charts/detail?a=dlsongs&year=2021&month=02&day=08
2021,dlsongs,2021-02-03,61,強盗と花束,ヨルシカ,https://www.billboard-japan.com/charts/detail?a=dlsongs&year=2021&month=02&day=08
2021,dlsongs,2021-02-03,62,Mela!,緑黄色社会,https://www.billboard-japan.com/charts/detail?a=dlsongs&year=2021&month=02&day=08
2021,dlsongs,2021-02-03,63,雨のち晴れ,GENERATIONS from EXILE TRIBE,https://www.billboard-japan.com/charts/detail?a=dlsongs&year=2021&month=02&day=08
2021,dlsongs,2021-02-03,64,感電,米津玄師,https://www.billboard-japan.com/charts/detail?a=dlsongs&year=2021&month=02&day=08
2021,dlsongs,2021-02-03,65,嘘月,ヨルシカ,https://www.billboard-japan.com/charts/detail?a=dlsongs&year=2021&month=02&day=08
2021,dlsongs,2021-02-03,66,轍〜Wadachi〜,SPYAIR,https://www.billboard-japan.com/charts/detail?a=dlsongs&year=2021&month=02&day=08
2021,dlsongs,2021-02-03,67,JUST THE WAY I AM,RAISE A SUILEN,https://www.billboard-japan.com/charts/detail?a=dlsongs&year=2021&month=02&day=08
2021,dlsongs,2021-02-03,68,Blessing Chord,Roselia,https://www.billboard-japan.com/charts/detail?a=dlsongs&year=2021&month=02&day=08
2021,dlsongs,2021-02-03,69,がんばれ!蜘蛛子さんのテーマ,「私」(悠木碧),https://www.billboard-japan.com/charts/detail?a=dlsongs&year=2021&month=02&day=08
2021,dlsongs,2021-02-03,70,Pretender,Official髭男dism,https://www.billboard-japan.com/charts/detail?a=dlsongs&year=2021&month=02&day=08
2021,dlsongs,2021-02-03,71,香水,瑛人,https://www.billboard-japan.com/charts/detail?a=dlsongs&year=2021&month=02&day=08
2021,dlsongs,2021-02-03,72,三文小説,King Gnu,https://www.billboard-japan.com/charts/detail?a=dlsongs&year=2021&month=02&day=08
2021,dlsongs,2021-02-03,73,"Stand by me, Stand by you.",平井大,https://www.billboard-japan.com/charts/detail?a=dlsongs&year=2021&month=02&day=08
2021,dlsongs,2021-02-03,74,ハルカ,YOASOBI,https://www.billboard-japan.com/charts/detail?a=dlsongs&year=2021&month=02&day=08
2021,dlsongs,2021-02-03,75,CITRUS,Da-iCE,https://www.billboard-japan.com/charts/detail?a=dlsongs&year=2021&month=02&day=08
2021,dlsongs,2021-02-03,76,ハルジオン,YOASOBI,https://www.billboard-japan.com/charts/detail?a=dlsongs&year=2021&month=02&day=08
2021,dlsongs,2021-02-03,77,Force,TOMORROW X TOGETHER,https://www.billboard-japan.com/charts/detail?a=dlsongs&year=2021&month=02&day=08
2021,dlsongs,2021-02-03,78,星影のエール,GReeeeN,https://www.billboard-japan.com/charts/detail?a=dlsongs&year=2021&month=02&day=08
2021,dlsongs,2021-02-03,79,ワタリドリ,[ALEXANDROS],https://www.billboard-japan.com/charts/detail?a=dlsongs&year=2021&month=02&day=08
2021,dlsongs,2021-02-03,80,才能,UPSTART,https://www.billboard-japan.com/charts/detail?a=dlsongs&year=2021&month=02&day=08
2021,dlsongs,2021-02-03,81,Eeny Meeny,U-KNOW,https://www.billboard-japan.com/charts/detail?a=dlsongs&year=2021&month=02&day=08
2021,dlsongs,2021-02-03,82,楽園,フジファブリック,https://www.billboard-japan.com/charts/detail?a=dlsongs&year=2021&month=02&day=08
2021,dlsongs,2021-02-03,83,Clover Days,Clover,https://www.billboard-japan.com/charts/detail?a=dlsongs&year=2021&month=02&day=08
2021,dlsongs,2021-02-03,84,a.m.3:21,yama,https://www.billboard-japan.com/charts/detail?a=dlsongs&year=2021&month=02&day=08
2021,dlsongs,2021-02-03,85,Edel Lilie,一柳隊,https://www.billboard-japan.com/charts/detail?a=dlsongs&year=2021&month=02&day=08
2021,dlsongs,2021-02-03,86,季路,Aimer(エメ),https://www.billboard-japan.com/charts/detail?a=dlsongs&year=2021&month=02&day=08
2021,dlsongs,2021-02-03,87,Storyteller,TRUE,https://www.billboard-japan.com/charts/detail?a=dlsongs&year=2021&month=02&day=08
2021,dlsongs,2021-02-03,88,snow jam,Rin音,https://www.billboard-japan.com/charts/detail?a=dlsongs&year=2021&month=02&day=08
2021,dlsongs,2021-02-03,89,ぺこらんだむぶれいん!,兎田ぺこら,https://www.billboard-japan.com/charts/detail?a=dlsongs&year=2021&month=02&day=08
2021,dlsongs,2021-02-03,90,keep weaving your spider way,安月名莉子,https://www.billboard-japan.com/charts/detail?a=dlsongs&year=2021&month=02&day=08
2021,dlsongs,2021-02-03,91,ピーターパン,優里,https://www.billboard-japan.com/charts/detail?a=dlsongs&year=2021&month=02&day=08
2021,dlsongs,2021-02-03,92,光あれ,岡野昭仁,https://www.billboard-japan.com/charts/detail?a=dlsongs&year=2021&month=02&day=08
2021,dlsongs,2021-02-03,93,Wilderness world,乃木坂46,https://www.billboard-japan.com/charts/detail?a=dlsongs&year=2021&month=02&day=08
2021,dlsongs,2021-02-03,94,ゆるる,須田景凪,https://www.billboard-japan.com/charts/detail?a=dlsongs&year=2021&month=02&day=08
2021,dlsongs,2021-02-03,95,バレンタイン・キッス,忍足謙也 with 四天宝寺中,https://www.billboard-japan.com/charts/detail?a=dlsongs&year=2021&month=02&day=08
2021,dlsongs,2021-02-03,96,マリーゴールド,あいみょん,https://www.billboard-japan.com/charts/detail?a=dlsongs&year=2021&month=02&day=08
2021,dlsongs,2021-02-03,97,夜天,女王蜂,https://www.billboard-japan.com/charts/detail?a=dlsongs&year=2021&month=02&day=08
2021,dlsongs,2021-02-03,97,time,SawanoHiroyuki[nZk]:ReoNa,https://www.billboard-japan.com/charts/detail?a=dlsongs&year=2021&month=02&day=08
2021,dlsongs,2021-02-03,99,残酷な天使のテーゼ,高橋洋子,https://www.billboard-japan.com/charts/detail?a=dlsongs&year=2021&month=02&day=08
2021,dlsongs,2021-02-03,100,結証,緑黄色社会,https://www.billboard-japan.com/charts/detail?a=dlsongs&year=2021&month=02&day=08
2021,dlsongs,2021-02-10,1,うっせぇわ,Ado,https://www.billboard-japan.com/charts/detail?a=dlsongs&year=2021&month=02&day=15
2021,dlsongs,2021-02-10,2,ドライフラワー,優里,https://www.billboard-japan.com/charts/detail?a=dlsongs&year=2021&month=02&day=15
2021,dlsongs,2021-02-10,3,星を仰ぐ,菅田将暉,https://www.billboard-japan.com/charts/detail?a=dlsongs&year=2021&month=02&day=15
2021,dlsongs,2021-02-10,4,Anonymous (feat.WONK),香取慎吾,https://www.billboard-japan.com/charts/detail?a=dlsongs&year=2021&month=02&day=15
2021,dlsongs,2021-02-10,5,炎,LiSA,https://www.billboard-japan.com/charts/detail?a=dlsongs&year=2021&month=02&day=15
2021,dlsongs,2021-02-10,6,廻廻奇譚,Eve,https://www.billboard-japan.com/charts/detail?a=dlsongs&year=2021&month=02&day=15
2021,dlsongs,2021-02-10,7,Dynamite,BTS,https://www.billboard-japan.com/charts/detail?a=dlsongs&year=2021&month=02&day=15
2021,dlsongs,2021-02-10,8,Get You Back,Nissy(西島隆弘),https://www.billboard-japan.com/charts/detail?a=dlsongs&year=2021&month=02&day=15
2021,dlsongs,2021-02-10,9,Seize The Day,亜咲花,https://www.billboard-japan.com/charts/detail?a=dlsongs&year=2021&month=02&day=15
2021,dlsongs,2021-02-10,10,怪物,YOASOBI,https://www.billboard-japan.com/charts/detail?a=dlsongs&year=2021&month=02&day=15
2021,dlsongs,2021-02-10,11,夜に駆ける,YOASOBI,https://www.billboard-japan.com/charts/detail?a=dlsongs&year=2021&month=02&day=15
2021,dlsongs,2021-02-10,12,VIVID VICE,Who-ya Extended,https://www.billboard-japan.com/charts/detail?a=dlsongs&year=2021&month=02&day=15
2021,dlsongs,2021-02-10,13,STARDUST SONG,hololive IDOL PROJECT,https://www.billboard-japan.com/charts/detail?a=dlsongs&year=2021&month=02&day=15
2021,dlsongs,2021-02-10,14,平行線,Eve × suis from ヨルシカ,https://www.billboard-japan.com/charts/detail?a=dlsongs&year=2021&month=02&day=15
2021,dlsongs,2021-02-10,15,虹,菅田将暉,https://www.billboard-japan.com/charts/detail?a=dlsongs&year=2021&month=02&day=15
2021,dlsongs,2021-02-10,16,春を告げる,yama,https://www.billboard-japan.com/charts/detail?a=dlsongs&year=2021&month=02&day=15
2021,dlsongs,2021-02-10,17,再会 (produced by Ayase),LiSA × Uru,https://www.billboard-japan.com/charts/detail?a=dlsongs&year=2021&month=02&day=15
2021,dlsongs,2021-02-10,18,はるのとなり,佐々木恵梨,https://www.billboard-japan.com/charts/detail?a=dlsongs&year=2021&month=02&day=15
2021,dlsongs,2021-02-10,19,紅蓮華,LiSA,https://www.billboard-japan.com/charts/detail?a=dlsongs&year=2021&month=02&day=15
2021,dlsongs,2021-02-10,20,Suspect,hololive IDOL PROJECT,https://www.billboard-japan.com/charts/detail?a=dlsongs&year=2021&month=02&day=15
2021,dlsongs,2021-02-10,21,猫 〜THE FIRST TAKE ver.〜,DISH//,https://www.billboard-japan.com/charts/detail?a=dlsongs&year=2021&month=02&day=15
2021,dlsongs,2021-02-10,22,祝祭,sumika,https://www.billboard-japan.com/charts/detail?a=dlsongs&year=2021&month=02&day=15
2021,dlsongs,2021-02-10,23,THE VILLAIN'S NIGHT,"関裕美(会沢紗弥),赤城みりあ(黒沢ともよ),櫻井桃華(照井春佳),相葉夕美(木村珠莉),宮本フレデリカ(高野麻美)",https://www.billboard-japan.com/charts/detail?a=dlsongs&year=2021&month=02&day=15
2021,dlsongs,2021-02-10,24,優しい彗星,YOASOBI,https://www.billboard-japan.com/charts/detail?a=dlsongs&year=2021&month=02&day=15
2021,dlsongs,2021-02-10,25,猫,DISH//,https://www.billboard-japan.com/charts/detail?a=dlsongs&year=2021&month=02&day=15
2021,dlsongs,2021-02-10,26,アンコール,YOASOBI,https://www.billboard-japan.com/charts/detail?a=dlsongs&year=2021&month=02&day=15
2021,dlsongs,2021-02-10,27,正しくなれない,ずっと真夜中でいいのに。,https://www.billboard-japan.com/charts/detail?a=dlsongs&year=2021&month=02&day=15
2021,dlsongs,2021-02-10,28,君のステージ衣装、本当は…,"速水奏(飯田友子),白雪千夜(関口理咲),佐城雪美(中澤ミナ),的場梨沙(集貝はな),荒木比奈(田辺留依)",https://www.billboard-japan.com/charts/detail?a=dlsongs&year=2021&month=02&day=15
2021,dlsongs,2021-02-10,29,春泥棒,ヨルシカ,https://www.billboard-japan.com/charts/detail?a=dlsongs&year=2021&month=02&day=15
2021,dlsongs,2021-02-10,30,題名のない今日,平井大,https://www.billboard-japan.com/charts/detail?a=dlsongs&year=2021&month=02&day=15
2021,dlsongs,2021-02-10,31,レディメイド,Ado,https://www.billboard-japan.com/charts/detail?a=dlsongs&year=2021&month=02&day=15
2021,dlsongs,2021-02-10,32,がんばれ!蜘蛛子さんのテーマ,「私」(悠木碧),https://www.billboard-japan.com/charts/detail?a=dlsongs&year=2021&month=02&day=15
2021,dlsongs,2021-02-10,33,Universe,Official髭男dism,https://www.billboard-japan.com/charts/detail?a=dlsongs&year=2021&month=02&day=15
2021,dlsongs,2021-02-10,34,LOST IN PARADISE feat. AKLO,ALI,https://www.billboard-japan.com/charts/detail?a=dlsongs&year=2021&month=02&day=15
2021,dlsongs,2021-02-10,35,Make you happy,NiziU,https://www.billboard-japan.com/charts/detail?a=dlsongs&year=2021&month=02&day=15
2021,dlsongs,2021-02-10,36,アイノカタチ feat.HIDE(GReeeeN),MISIA,https://www.billboard-japan.com/charts/detail?a=dlsongs&year=2021&month=02&day=15
2021,dlsongs,2021-02-10,37,空と青,家入レオ,https://www.billboard-japan.com/charts/detail?a=dlsongs&year=2021&month=02&day=15
2021,dlsongs,2021-02-10,38,群青,YOASOBI,https://www.billboard-japan.com/charts/detail?a=dlsongs&year=2021&month=02&day=15
2021,dlsongs,2021-02-10,39,かくれんぼ,優里,https://www.billboard-japan.com/charts/detail?a=dlsongs&year=2021&month=02&day=15
2021,dlsongs,2021-02-10,40,ただいま,手嶌葵,https://www.billboard-japan.com/charts/detail?a=dlsongs&year=2021&month=02&day=15
2021,dlsongs,2021-02-10,41,give it back,Co shu Nie,https://www.billboard-japan.com/charts/detail?a=dlsongs&year=2021&month=02&day=15
2021,dlsongs,2021-02-10,42,裸の心,あいみょん,https://www.billboard-japan.com/charts/detail?a=dlsongs&year=2021&month=02&day=15
2021,dlsongs,2021-02-10,43,インフィニティ,優里,https://www.billboard-japan.com/charts/detail?a=dlsongs&year=2021&month=02&day=15
2021,dlsongs,2021-02-10,44,僕は僕を好きになる,乃木坂46,https://www.billboard-japan.com/charts/detail?a=dlsongs&year=2021&month=02&day=15
2021,dlsongs,2021-02-10,45,Midnight Butlers,XXVeil,https://www.billboard-japan.com/charts/detail?a=dlsongs&year=2021&month=02&day=15
2021,dlsongs,2021-02-10,46,Mela!,緑黄色社会,https://www.billboard-japan.com/charts/detail?a=dlsongs&year=2021&month=02&day=15
2021,dlsongs,2021-02-10,47,竈門炭治郎のうた,椎名豪 featuring 中川奈美,https://www.billboard-japan.com/charts/detail?a=dlsongs&year=2021&month=02&day=15
2021,dlsongs,2021-02-10,48,アイデンティティ,秋山黄色,https://www.billboard-japan.com/charts/detail?a=dlsongs&year=2021&month=02&day=15
2021,dlsongs,2021-02-10,49,麻痺,yama,https://www.billboard-japan.com/charts/detail?a=dlsongs&year=2021&month=02&day=15
2021,dlsongs,2021-02-10,50,白日,King Gnu,https://www.billboard-japan.com/charts/detail?a=dlsongs&year=2021&month=02&day=15
2021,dlsongs,2021-02-10,51,生命のアリア,和楽器バンド,https://www.billboard-japan.com/charts/detail?a=dlsongs&year=2021&month=02&day=15
2021,dlsongs,2021-02-10,52,Step and a step,NiziU,https://www.billboard-japan.com/charts/detail?a=dlsongs&year=2021&month=02&day=15
2021,dlsongs,2021-02-10,53,Living on the edge,ALKALOID,https://www.billboard-japan.com/charts/detail?a=dlsongs&year=2021&month=02&day=15
2021,dlsongs,2021-02-10,54,I LOVE…,Official髭男dism,https://www.billboard-japan.com/charts/detail?a=dlsongs&year=2021&month=02&day=15
2021,dlsongs,2021-02-10,55,勿忘,Awesome City Club,https://www.billboard-japan.com/charts/detail?a=dlsongs&year=2021&month=02&day=15
2021,dlsongs,2021-02-10,56,結証,緑黄色社会,https://www.billboard-japan.com/charts/detail?a=dlsongs&year=2021&month=02&day=15
2021,dlsongs,2021-02-10,57,dawn,LiSA,https://www.billboard-japan.com/charts/detail?a=dlsongs&year=2021&month=02&day=15
2021,dlsongs,2021-02-10,58,楽園,フジファブリック,https://www.billboard-japan.com/charts/detail?a=dlsongs&year=2021&month=02&day=15
2021,dlsongs,2021-02-10,59,Dingga,MAMAMOO,https://www.billboard-japan.com/charts/detail?a=dlsongs&year=2021&month=02&day=15
2021,dlsongs,2021-02-10,60,Not the End,安田レイ,https://www.billboard-japan.com/charts/detail?a=dlsongs&year=2021&month=02&day=15
2021,dlsongs,2021-02-10,61,暗く黒く,ずっと真夜中でいいのに。,https://www.billboard-japan.com/charts/detail?a=dlsongs&year=2021&month=02&day=15
2021,dlsongs,2021-02-10,62,風が聴こえる,ゴスペラーズ,https://www.billboard-japan.com/charts/detail?a=dlsongs&year=2021&month=02&day=15
2021,dlsongs,2021-02-10,63,魔法の絨毯,川崎鷹也,https://www.billboard-japan.com/charts/detail?a=dlsongs&year=2021&month=02&day=15
2021,dlsongs,2021-02-10,64,カイト,嵐,https://www.billboard-japan.com/charts/detail?a=dlsongs&year=2021&month=02&day=15
2021,dlsongs,2021-02-10,65,Sweet Sweet White Song,Branco,https://www.billboard-japan.com/charts/detail?a=dlsongs&year=2021&month=02&day=15
2021,dlsongs,2021-02-10,66,Pretender,Official髭男dism,https://www.billboard-japan.com/charts/detail?a=dlsongs&year=2021&month=02&day=15
2021,dlsongs,2021-02-10,67,about Us,BAND-MAID,https://www.billboard-japan.com/charts/detail?a=dlsongs&year=2021&month=02&day=15
2021,dlsongs,2021-02-10,68,"Stand by me, Stand by you.",平井大,https://www.billboard-japan.com/charts/detail?a=dlsongs&year=2021&month=02&day=15
2021,dlsongs,2021-02-10,69,感電,米津玄師,https://www.billboard-japan.com/charts/detail?a=dlsongs&year=2021&month=02&day=15
2021,dlsongs,2021-02-10,70,魔法,Myuk,https://www.billboard-japan.com/charts/detail?a=dlsongs&year=2021&month=02&day=15
2021,dlsongs,2021-02-10,71,Distorted Heart,ALKALOID,https://www.billboard-japan.com/charts/detail?a=dlsongs&year=2021&month=02&day=15
2021,dlsongs,2021-02-10,72,Force,TOMORROW X TOGETHER,https://www.billboard-japan.com/charts/detail?a=dlsongs&year=2021&month=02&day=15
2021,dlsongs,2021-02-10,73,keep weaving your spider way,安月名莉子,https://www.billboard-japan.com/charts/detail?a=dlsongs&year=2021&month=02&day=15
2021,dlsongs,2021-02-10,74,mind of Prominence,RAISE A SUILEN,https://www.billboard-japan.com/charts/detail?a=dlsongs&year=2021&month=02&day=15
2021,dlsongs,2021-02-10,75,でいり〜だいあり〜!,hololive IDOL PROJECT,https://www.billboard-japan.com/charts/detail?a=dlsongs&year=2021&month=02&day=15
2021,dlsongs,2021-02-10,76,SILVER RAIN,THE RAMPAGE from EXILE TRIBE,https://www.billboard-japan.com/charts/detail?a=dlsongs&year=2021&month=02&day=15
2021,dlsongs,2021-02-10,77,Everyday! Gong-Gong!,金剛いろは,https://www.billboard-japan.com/charts/detail?a=dlsongs&year=2021&month=02&day=15
2021,dlsongs,2021-02-10,78,轍〜Wadachi〜,SPYAIR,https://www.billboard-japan.com/charts/detail?a=dlsongs&year=2021&month=02&day=15
2021,dlsongs,2021-02-10,79,ハルジオン,YOASOBI,https://www.billboard-japan.com/charts/detail?a=dlsongs&year=2021&month=02&day=15
2021,dlsongs,2021-02-10,80,初夢をあなたと,鷹富士茄子(森下来奈),https://www.billboard-japan.com/charts/detail?a=dlsongs&year=2021&month=02&day=15
2021,dlsongs,2021-02-10,81,ハルカ,YOASOBI,https://www.billboard-japan.com/charts/detail?a=dlsongs&year=2021&month=02&day=15
2021,dlsongs,2021-02-10,82,三文小説,King Gnu,https://www.billboard-japan.com/charts/detail?a=dlsongs&year=2021&month=02&day=15
2021,dlsongs,2021-02-10,83,香水,瑛人,https://www.billboard-japan.com/charts/detail?a=dlsongs&year=2021&month=02&day=15
2021,dlsongs,2021-02-10,84,デートプランA to Z,√AtoZ,https://www.billboard-japan.com/charts/detail?a=dlsongs&year=2021&month=02&day=15
2021,dlsongs,2021-02-10,84,旅人の唄,大原ゆい子,https://www.billboard-japan.com/charts/detail?a=dlsongs&year=2021&month=02&day=15
2021,dlsongs,2021-02-10,86,泣き笑いのエピソード,秦基博,https://www.billboard-japan.com/charts/detail?a=dlsongs&year=2021&month=02&day=15
2021,dlsongs,2021-02-10,87,ピーターパン,優里,https://www.billboard-japan.com/charts/detail?a=dlsongs&year=2021&month=02&day=15
2021,dlsongs,2021-02-10,88,色香水,神山羊,https://www.billboard-japan.com/charts/detail?a=dlsongs&year=2021&month=02&day=15
2021,dlsongs,2021-02-10,89,かくれんぼ,ゼロティックホリック,https://www.billboard-japan.com/charts/detail?a=dlsongs&year=2021&month=02&day=15
2021,dlsongs,2021-02-10,90,プライスレス ドーナッCyu?,椎名法子(都丸ちよ),https://www.billboard-japan.com/charts/detail?a=dlsongs&year=2021&month=02&day=15
2021,dlsongs,2021-02-10,91,D-D-DANCE,IZ*ONE,https://www.billboard-japan.com/charts/detail?a=dlsongs&year=2021&month=02&day=15
2021,dlsongs,2021-02-10,92,醜い生き物,CHiCO with HoneyWorks,https://www.billboard-japan.com/charts/detail?a=dlsongs&year=2021&month=02&day=15
2021,dlsongs,2021-02-10,93,FOCUS ON YOUR LIFE,Legenders,https://www.billboard-japan.com/charts/detail?a=dlsongs&year=2021&month=02&day=15
2021,dlsongs,2021-02-10,94,OBENTO MAGNUM,DOKONJOFINGER,https://www.billboard-japan.com/charts/detail?a=dlsongs&year=2021&month=02&day=15
2021,dlsongs,2021-02-10,94,LADYBUG,緑黄色社会,https://www.billboard-japan.com/charts/detail?a=dlsongs&year=2021&month=02&day=15
2021,dlsongs,2021-02-10,96,インフェルノ,Mrs.GREEN APPLE,https://www.billboard-japan.com/charts/detail?a=dlsongs&year=2021&month=02&day=15
2021,dlsongs,2021-02-10,97,星影のエール,GReeeeN,https://www.billboard-japan.com/charts/detail?a=dlsongs&year=2021&month=02&day=15
2021,dlsongs,2021-02-10,98,うっせぇわ (Giga Remix),Ado,https://www.billboard-japan.com/charts/detail?a=dlsongs&year=2021&month=02&day=15
2021,dlsongs,2021-02-10,99,世界が終るまでは…,WANDS,https://www.billboard-japan.com/charts/detail?a=dlsongs&year=2021&month=02&day=15
2021,dlsongs,2021-02-10,100,Storyteller,TRUE,https://www.billboard-japan.com/charts/detail?a=dlsongs&year=2021&month=02&day=15
2021,dlsongs,2021-02-17,1,うっせぇわ,Ado,https://www.billboard-japan.com/charts/detail?a=dlsongs&year=2021&month=02&day=22
2021,dlsongs,2021-02-17,2,Flare,BUMP OF CHICKEN,https://www.billboard-japan.com/charts/detail?a=dlsongs&year=2021&month=02&day=22
2021,dlsongs,2021-02-17,3,ドライフラワー,優里,https://www.billboard-japan.com/charts/detail?a=dlsongs&year=2021&month=02&day=22
2021,dlsongs,2021-02-17,4,ファーストラヴ,Uru,https://www.billboard-japan.com/charts/detail?a=dlsongs&year=2021&month=02&day=22
2021,dlsongs,2021-02-17,5,廻廻奇譚,Eve,https://www.billboard-japan.com/charts/detail?a=dlsongs&year=2021&month=02&day=22
2021,dlsongs,2021-02-17,6,炎,LiSA,https://www.billboard-japan.com/charts/detail?a=dlsongs&year=2021&month=02&day=22
2021,dlsongs,2021-02-17,7,Dynamite,BTS,https://www.billboard-japan.com/charts/detail?a=dlsongs&year=2021&month=02&day=22
2021,dlsongs,2021-02-17,8,Not the End,安田レイ,https://www.billboard-japan.com/charts/detail?a=dlsongs&year=2021&month=02&day=22
2021,dlsongs,2021-02-17,9,星を仰ぐ,菅田将暉,https://www.billboard-japan.com/charts/detail?a=dlsongs&year=2021&month=02&day=22
2021,dlsongs,2021-02-17,10,怪物,YOASOBI,https://www.billboard-japan.com/charts/detail?a=dlsongs&year=2021&month=02&day=22
2021,dlsongs,2021-02-17,11,夜に駆ける,YOASOBI,https://www.billboard-japan.com/charts/detail?a=dlsongs&year=2021&month=02&day=22
2021,dlsongs,2021-02-17,12,猫,DISH//,https://www.billboard-japan.com/charts/detail?a=dlsongs&year=2021&month=02&day=22
2021,dlsongs,2021-02-17,13,春を告げる,yama,https://www.billboard-japan.com/charts/detail?a=dlsongs&year=2021&month=02&day=22
2021,dlsongs,2021-02-17,14,再会 (produced by Ayase),LiSA × Uru,https://www.billboard-japan.com/charts/detail?a=dlsongs&year=2021&month=02&day=22
2021,dlsongs,2021-02-17,15,Dreaming Days,hololive IDOL PROJECT,https://www.billboard-japan.com/charts/detail?a=dlsongs&year=2021&month=02&day=22
2021,dlsongs,2021-02-17,16,猫 〜THE FIRST TAKE ver.〜,DISH//,https://www.billboard-japan.com/charts/detail?a=dlsongs&year=2021&month=02&day=22
2021,dlsongs,2021-02-17,17,VIVID VICE,Who-ya Extended,https://www.billboard-japan.com/charts/detail?a=dlsongs&year=2021&month=02&day=22
2021,dlsongs,2021-02-17,18,虹,菅田将暉,https://www.billboard-japan.com/charts/detail?a=dlsongs&year=2021&month=02&day=22
2021,dlsongs,2021-02-17,19,STARDUST SONG,hololive IDOL PROJECT,https://www.billboard-japan.com/charts/detail?a=dlsongs&year=2021&month=02&day=22
2021,dlsongs,2021-02-17,20,平行線,Eve × suis from ヨルシカ,https://www.billboard-japan.com/charts/detail?a=dlsongs&year=2021&month=02&day=22
2021,dlsongs,2021-02-17,21,紅蓮華,LiSA,https://www.billboard-japan.com/charts/detail?a=dlsongs&year=2021&month=02&day=22
2021,dlsongs,2021-02-17,22,空と青,家入レオ,https://www.billboard-japan.com/charts/detail?a=dlsongs&year=2021&month=02&day=22
2021,dlsongs,2021-02-17,23,ツキミソウ,Novelbright,https://www.billboard-japan.com/charts/detail?a=dlsongs&year=2021&month=02&day=22
2021,dlsongs,2021-02-17,24,ただいま,手嶌葵,https://www.billboard-japan.com/charts/detail?a=dlsongs&year=2021&month=02&day=22
2021,dlsongs,2021-02-17,25,Seize The Day,亜咲花,https://www.billboard-japan.com/charts/detail?a=dlsongs&year=2021&month=02&day=22
2021,dlsongs,2021-02-17,26,アイノカタチ feat.HIDE(GReeeeN),MISIA,https://www.billboard-japan.com/charts/detail?a=dlsongs&year=2021&month=02&day=22
2021,dlsongs,2021-02-17,27,勿忘,Awesome City Club,https://www.billboard-japan.com/charts/detail?a=dlsongs&year=2021&month=02&day=22
2021,dlsongs,2021-02-17,28,アンコール,YOASOBI,https://www.billboard-japan.com/charts/detail?a=dlsongs&year=2021&month=02&day=22
2021,dlsongs,2021-02-17,29,相思相愛リフレクション,HIMEHINA,https://www.billboard-japan.com/charts/detail?a=dlsongs&year=2021&month=02&day=22
2021,dlsongs,2021-02-17,30,白日,King Gnu,https://www.billboard-japan.com/charts/detail?a=dlsongs&year=2021&month=02&day=22
2021,dlsongs,2021-02-17,31,春泥棒,ヨルシカ,https://www.billboard-japan.com/charts/detail?a=dlsongs&year=2021&month=02&day=22
2021,dlsongs,2021-02-17,32,Make you happy,NiziU,https://www.billboard-japan.com/charts/detail?a=dlsongs&year=2021&month=02&day=22
2021,dlsongs,2021-02-17,33,群青,YOASOBI,https://www.billboard-japan.com/charts/detail?a=dlsongs&year=2021&month=02&day=22
2021,dlsongs,2021-02-17,34,Romeo+Juliet -Love goes on-,平井大,https://www.billboard-japan.com/charts/detail?a=dlsongs&year=2021&month=02&day=22
2021,dlsongs,2021-02-17,35,千両役者,King Gnu,https://www.billboard-japan.com/charts/detail?a=dlsongs&year=2021&month=02&day=22
2021,dlsongs,2021-02-17,36,ONE WISH,MAN WITH A MISSION,https://www.billboard-japan.com/charts/detail?a=dlsongs&year=2021&month=02&day=22
2021,dlsongs,2021-02-17,37,レディメイド,Ado,https://www.billboard-japan.com/charts/detail?a=dlsongs&year=2021&month=02&day=22
2021,dlsongs,2021-02-17,38,はるのとなり,佐々木恵梨,https://www.billboard-japan.com/charts/detail?a=dlsongs&year=2021&month=02&day=22
2021,dlsongs,2021-02-17,39,ギラギラ,Ado,https://www.billboard-japan.com/charts/detail?a=dlsongs&year=2021&month=02&day=22
2021,dlsongs,2021-02-17,40,LOST IN PARADISE feat. AKLO,ALI,https://www.billboard-japan.com/charts/detail?a=dlsongs&year=2021&month=02&day=22
2021,dlsongs,2021-02-17,41,裸の心,あいみょん,https://www.billboard-japan.com/charts/detail?a=dlsongs&year=2021&month=02&day=22
2021,dlsongs,2021-02-17,42,優しい彗星,YOASOBI,https://www.billboard-japan.com/charts/detail?a=dlsongs&year=2021&month=02&day=22
2021,dlsongs,2021-02-17,43,Brand new planet,Mr.Children,https://www.billboard-japan.com/charts/detail?a=dlsongs&year=2021&month=02&day=22
2021,dlsongs,2021-02-17,44,Universe,Official髭男dism,https://www.billboard-japan.com/charts/detail?a=dlsongs&year=2021&month=02&day=22
2021,dlsongs,2021-02-17,45,ドライフラワー,Uru,https://www.billboard-japan.com/charts/detail?a=dlsongs&year=2021&month=02&day=22
2021,dlsongs,2021-02-17,46,麻痺,yama,https://www.billboard-japan.com/charts/detail?a=dlsongs&year=2021&month=02&day=22
2021,dlsongs,2021-02-17,47,祝祭,sumika,https://www.billboard-japan.com/charts/detail?a=dlsongs&year=2021&month=02&day=22
2021,dlsongs,2021-02-17,48,give it back,Co shu Nie,https://www.billboard-japan.com/charts/detail?a=dlsongs&year=2021&month=02&day=22
2021,dlsongs,2021-02-17,49,竈門炭治郎のうた,椎名豪 featuring 中川奈美,https://www.billboard-japan.com/charts/detail?a=dlsongs&year=2021&month=02&day=22
2021,dlsongs,2021-02-17,50,プロローグ,Uru,https://www.billboard-japan.com/charts/detail?a=dlsongs&year=2021&month=02&day=22
2021,dlsongs,2021-02-17,51,静寂の闘志,刀剣男士 髭切膝丸,https://www.billboard-japan.com/charts/detail?a=dlsongs&year=2021&month=02&day=22
2021,dlsongs,2021-02-17,52,かくれんぼ,優里,https://www.billboard-japan.com/charts/detail?a=dlsongs&year=2021&month=02&day=22
2021,dlsongs,2021-02-17,53,正しくなれない,ずっと真夜中でいいのに。,https://www.billboard-japan.com/charts/detail?a=dlsongs&year=2021&month=02&day=22
2021,dlsongs,2021-02-17,54,泣き笑いのエピソード,秦基博,https://www.billboard-japan.com/charts/detail?a=dlsongs&year=2021&month=02&day=22
2021,dlsongs,2021-02-17,55,色香水,神山羊,https://www.billboard-japan.com/charts/detail?a=dlsongs&year=2021&month=02&day=22
2021,dlsongs,2021-02-17,56,魔法の絨毯,川崎鷹也,https://www.billboard-japan.com/charts/detail?a=dlsongs&year=2021&month=02&day=22
2021,dlsongs,2021-02-17,57,I LOVE…,Official髭男dism,https://www.billboard-japan.com/charts/detail?a=dlsongs&year=2021&month=02&day=22
2021,dlsongs,2021-02-17,58,無機質,Uru,https://www.billboard-japan.com/charts/detail?a=dlsongs&year=2021&month=02&day=22
2021,dlsongs,2021-02-17,59,Pretender,Official髭男dism,https://www.billboard-japan.com/charts/detail?a=dlsongs&year=2021&month=02&day=22
2021,dlsongs,2021-02-17,60,Suspect,hololive IDOL PROJECT,https://www.billboard-japan.com/charts/detail?a=dlsongs&year=2021&month=02&day=22
2021,dlsongs,2021-02-17,61,不規則性エントロピー,彩音,https://www.billboard-japan.com/charts/detail?a=dlsongs&year=2021&month=02&day=22
2021,dlsongs,2021-02-17,62,カイト,嵐,https://www.billboard-japan.com/charts/detail?a=dlsongs&year=2021&month=02&day=22
2021,dlsongs,2021-02-17,63,情熱のSymphonia,膝丸,https://www.billboard-japan.com/charts/detail?a=dlsongs&year=2021&month=02&day=22
2021,dlsongs,2021-02-17,64,Mela!,緑黄色社会,https://www.billboard-japan.com/charts/detail?a=dlsongs&year=2021&month=02&day=22
2021,dlsongs,2021-02-17,65,Step and a step,NiziU,https://www.billboard-japan.com/charts/detail?a=dlsongs&year=2021&month=02&day=22
2021,dlsongs,2021-02-17,66,"Stand by me, Stand by you.",平井大,https://www.billboard-japan.com/charts/detail?a=dlsongs&year=2021&month=02&day=22
2021,dlsongs,2021-02-17,67,うっせぇわ (Giga Remix),Ado,https://www.billboard-japan.com/charts/detail?a=dlsongs&year=2021&month=02&day=22
2021,dlsongs,2021-02-17,68,雨のち晴れ,GENERATIONS from EXILE TRIBE,https://www.billboard-japan.com/charts/detail?a=dlsongs&year=2021&month=02&day=22
2021,dlsongs,2021-02-17,69,がんばれ!蜘蛛子さんのテーマ,「私」(悠木碧),https://www.billboard-japan.com/charts/detail?a=dlsongs&year=2021&month=02&day=22
2021,dlsongs,2021-02-17,70,My Way,Def Tech,https://www.billboard-japan.com/charts/detail?a=dlsongs&year=2021&month=02&day=22
2021,dlsongs,2021-02-17,71,STARTLINE,大原櫻子,https://www.billboard-japan.com/charts/detail?a=dlsongs&year=2021&month=02&day=22
2021,dlsongs,2021-02-17,72,三文小説,King Gnu,https://www.billboard-japan.com/charts/detail?a=dlsongs&year=2021&month=02&day=22
2021,dlsongs,2021-02-17,73,silent,SEKAI NO OWARI,https://www.billboard-japan.com/charts/detail?a=dlsongs&year=2021&month=02&day=22
2021,dlsongs,2021-02-17,74,Get You Back,Nissy(西島隆弘),https://www.billboard-japan.com/charts/detail?a=dlsongs&year=2021&month=02&day=22
2021,dlsongs,2021-02-17,75,胸の煙,ずっと真夜中でいいのに。,https://www.billboard-japan.com/charts/detail?a=dlsongs&year=2021&month=02&day=22
2021,dlsongs,2021-02-17,76,風が聴こえる,ゴスペラーズ,https://www.billboard-japan.com/charts/detail?a=dlsongs&year=2021&month=02&day=22
2021,dlsongs,2021-02-17,77,Force,TOMORROW X TOGETHER,https://www.billboard-japan.com/charts/detail?a=dlsongs&year=2021&month=02&day=22
2021,dlsongs,2021-02-17,78,インフィニティ,優里,https://www.billboard-japan.com/charts/detail?a=dlsongs&year=2021&month=02&day=22
2021,dlsongs,2021-02-17,79,僕は僕を好きになる,乃木坂46,https://www.billboard-japan.com/charts/detail?a=dlsongs&year=2021&month=02&day=22
2021,dlsongs,2021-02-17,80,マリーゴールド,あいみょん,https://www.billboard-japan.com/charts/detail?a=dlsongs&year=2021&month=02&day=22
2021,dlsongs,2021-02-17,81,ハルジオン,YOASOBI,https://www.billboard-japan.com/charts/detail?a=dlsongs&year=2021&month=02&day=22
2021,dlsongs,2021-02-17,82,Over Again,上木彩矢wTAKUYA,https://www.billboard-japan.com/charts/detail?a=dlsongs&year=2021&month=02&day=22
2021,dlsongs,2021-02-17,83,あなたがいることで,Uru,https://www.billboard-japan.com/charts/detail?a=dlsongs&year=2021&month=02&day=22
2021,dlsongs,2021-02-17,84,ブラインディング・ライツ,ザ・ウィークエンド,https://www.billboard-japan.com/charts/detail?a=dlsongs&year=2021&month=02&day=22
2021,dlsongs,2021-02-17,85,題名のない今日,平井大,https://www.billboard-japan.com/charts/detail?a=dlsongs&year=2021&month=02&day=22
2021,dlsongs,2021-02-17,86,感電,米津玄師,https://www.billboard-japan.com/charts/detail?a=dlsongs&year=2021&month=02&day=22
2021,dlsongs,2021-02-17,87,刹那の時代,刀剣男士髭切膝丸,https://www.billboard-japan.com/charts/detail?a=dlsongs&year=2021&month=02&day=22
2021,dlsongs,2021-02-17,88,dawn,LiSA,https://www.billboard-japan.com/charts/detail?a=dlsongs&year=2021&month=02&day=22
2021,dlsongs,2021-02-17,88,ハルカ,YOASOBI,https://www.billboard-japan.com/charts/detail?a=dlsongs&year=2021&month=02&day=22
2021,dlsongs,2021-02-17,90,東京の冬,A夏目,https://www.billboard-japan.com/charts/detail?a=dlsongs&year=2021&month=02&day=22
2021,dlsongs,2021-02-17,91,アカシア,BUMP OF CHICKEN,https://www.billboard-japan.com/charts/detail?a=dlsongs&year=2021&month=02&day=22
2021,dlsongs,2021-02-17,92,KING,Kanaria,https://www.billboard-japan.com/charts/detail?a=dlsongs&year=2021&month=02&day=22
2021,dlsongs,2021-02-17,93,世界が終るまでは…,WANDS,https://www.billboard-japan.com/charts/detail?a=dlsongs&year=2021&month=02&day=22
2021,dlsongs,2021-02-17,94,Endless Night,髭切,https://www.billboard-japan.com/charts/detail?a=dlsongs&year=2021&month=02&day=22
2021,dlsongs,2021-02-17,95,生命のアリア,和楽器バンド,https://www.billboard-japan.com/charts/detail?a=dlsongs&year=2021&month=02&day=22
2021,dlsongs,2021-02-17,96,香水,瑛人,https://www.billboard-japan.com/charts/detail?a=dlsongs&year=2021&month=02&day=22
2021,dlsongs,2021-02-17,97,Anonymous (feat.WONK),香取慎吾,https://www.billboard-japan.com/charts/detail?a=dlsongs&year=2021&month=02&day=22
2021,dlsongs,2021-02-17,98,アイデンティティ,秋山黄色,https://www.billboard-japan.com/charts/detail?a=dlsongs&year=2021&month=02&day=22
2021,dlsongs,2021-02-17,99,ピーターパン,優里,https://www.billboard-japan.com/charts/detail?a=dlsongs&year=2021&month=02&day=22
2021,dlsongs,2021-02-17,100,インフェルノ,Mrs.GREEN APPLE,https://www.billboard-japan.com/charts/detail?a=dlsongs&year=2021&month=02&day=22
2021,dlsongs,2021-02-24,1,創造,星野源,https://www.billboard-japan.com/charts/detail?a=dlsongs&year=2021&month=03&day=01
2021,dlsongs,2021-02-24,2,うっせぇわ,Ado,https://www.billboard-japan.com/charts/detail?a=dlsongs&year=2021&month=03&day=01
2021,dlsongs,2021-02-24,3,Poppin' Shakin',NiziU,https://www.billboard-japan.com/charts/detail?a=dlsongs&year=2021&month=03&day=01
2021,dlsongs,2021-02-24,4,ドライフラワー,優里,https://www.billboard-japan.com/charts/detail?a=dlsongs&year=2021&month=03&day=01
2021,dlsongs,2021-02-24,5,桜が降る夜は,あいみょん,https://www.billboard-japan.com/charts/detail?a=dlsongs&year=2021&month=03&day=01
2021,dlsongs,2021-02-24,6,ギラギラ,Ado,https://www.billboard-japan.com/charts/detail?a=dlsongs&year=2021&month=03&day=01
2021,dlsongs,2021-02-24,7,1・2・3,からあげ姉妹,https://www.billboard-japan.com/charts/detail?a=dlsongs&year=2021&month=03&day=01
2021,dlsongs,2021-02-24,8,Brand new planet,Mr.Children,https://www.billboard-japan.com/charts/detail?a=dlsongs&year=2021&month=03&day=01
2021,dlsongs,2021-02-24,9,廻廻奇譚,Eve,https://www.billboard-japan.com/charts/detail?a=dlsongs&year=2021&month=03&day=01
2021,dlsongs,2021-02-24,10,Dynamite,BTS,https://www.billboard-japan.com/charts/detail?a=dlsongs&year=2021&month=03&day=01
2021,dlsongs,2021-02-24,11,炎,LiSA,https://www.billboard-japan.com/charts/detail?a=dlsongs&year=2021&month=03&day=01
2021,dlsongs,2021-02-24,12,VIVID VICE,Who-ya Extended,https://www.billboard-japan.com/charts/detail?a=dlsongs&year=2021&month=03&day=01
2021,dlsongs,2021-02-24,13,猫 〜THE FIRST TAKE ver.〜,DISH//,https://www.billboard-japan.com/charts/detail?a=dlsongs&year=2021&month=03&day=01
2021,dlsongs,2021-02-24,14,夜に駆ける,YOASOBI,https://www.billboard-japan.com/charts/detail?a=dlsongs&year=2021&month=03&day=01
2021,dlsongs,2021-02-24,15,怪物,YOASOBI,https://www.billboard-japan.com/charts/detail?a=dlsongs&year=2021&month=03&day=01
2021,dlsongs,2021-02-24,16,勿忘,Awesome City Club,https://www.billboard-japan.com/charts/detail?a=dlsongs&year=2021&month=03&day=01
2021,dlsongs,2021-02-24,17,猫,DISH//,https://www.billboard-japan.com/charts/detail?a=dlsongs&year=2021&month=03&day=01
2021,dlsongs,2021-02-24,18,桜晴,優里,https://www.billboard-japan.com/charts/detail?a=dlsongs&year=2021&month=03&day=01
2021,dlsongs,2021-02-24,19,Dreaming Days,hololive IDOL PROJECT,https://www.billboard-japan.com/charts/detail?a=dlsongs&year=2021&month=03&day=01
2021,dlsongs,2021-02-24,20,Flare,BUMP OF CHICKEN,https://www.billboard-japan.com/charts/detail?a=dlsongs&year=2021&month=03&day=01
2021,dlsongs,2021-02-24,21,春を告げる,yama,https://www.billboard-japan.com/charts/detail?a=dlsongs&year=2021&month=03&day=01
2021,dlsongs,2021-02-24,22,Universe,Official髭男dism,https://www.billboard-japan.com/charts/detail?a=dlsongs&year=2021&month=03&day=01
2021,dlsongs,2021-02-24,23,"Stand by me, Stand by you.",平井大,https://www.billboard-japan.com/charts/detail?a=dlsongs&year=2021&month=03&day=01
2021,dlsongs,2021-02-24,24,虹,菅田将暉,https://www.billboard-japan.com/charts/detail?a=dlsongs&year=2021&month=03&day=01
2021,dlsongs,2021-02-24,25,空と青,家入レオ,https://www.billboard-japan.com/charts/detail?a=dlsongs&year=2021&month=03&day=01
2021,dlsongs,2021-02-24,26,レディメイド,Ado,https://www.billboard-japan.com/charts/detail?a=dlsongs&year=2021&month=03&day=01
2021,dlsongs,2021-02-24,27,かくれんぼ,優里,https://www.billboard-japan.com/charts/detail?a=dlsongs&year=2021&month=03&day=01
2021,dlsongs,2021-02-24,28,ツキミソウ,Novelbright,https://www.billboard-japan.com/charts/detail?a=dlsongs&year=2021&month=03&day=01
2021,dlsongs,2021-02-24,29,Not the End,安田レイ,https://www.billboard-japan.com/charts/detail?a=dlsongs&year=2021&month=03&day=01
2021,dlsongs,2021-02-24,30,紅蓮華,LiSA,https://www.billboard-japan.com/charts/detail?a=dlsongs&year=2021&month=03&day=01
2021,dlsongs,2021-02-24,31,千両役者,King Gnu,https://www.billboard-japan.com/charts/detail?a=dlsongs&year=2021&month=03&day=01
2021,dlsongs,2021-02-24,32,アイノカタチ feat.HIDE(GReeeeN),MISIA,https://www.billboard-japan.com/charts/detail?a=dlsongs&year=2021&month=03&day=01
2021,dlsongs,2021-02-24,33,ファーストラヴ,Uru,https://www.billboard-japan.com/charts/detail?a=dlsongs&year=2021&month=03&day=01
2021,dlsongs,2021-02-24,34,Pretender,Official髭男dism,https://www.billboard-japan.com/charts/detail?a=dlsongs&year=2021&month=03&day=01
2021,dlsongs,2021-02-24,35,再会 (produced by Ayase),LiSA × Uru,https://www.billboard-japan.com/charts/detail?a=dlsongs&year=2021&month=03&day=01
2021,dlsongs,2021-02-24,36,Romeo+Juliet -Love goes on-,平井大,https://www.billboard-japan.com/charts/detail?a=dlsongs&year=2021&month=03&day=01
2021,dlsongs,2021-02-24,37,星を仰ぐ,菅田将暉,https://www.billboard-japan.com/charts/detail?a=dlsongs&year=2021&month=03&day=01
2021,dlsongs,2021-02-24,38,アンコール,YOASOBI,https://www.billboard-japan.com/charts/detail?a=dlsongs&year=2021&month=03&day=01
2021,dlsongs,2021-02-24,39,ヒロインオーディション,アキ・ローゼンタール,https://www.billboard-japan.com/charts/detail?a=dlsongs&year=2021&month=03&day=01
2021,dlsongs,2021-02-24,40,ただいま,手嶌葵,https://www.billboard-japan.com/charts/detail?a=dlsongs&year=2021&month=03&day=01
2021,dlsongs,2021-02-24,41,白日,King Gnu,https://www.billboard-japan.com/charts/detail?a=dlsongs&year=2021&month=03&day=01
2021,dlsongs,2021-02-24,42,群青,YOASOBI,https://www.billboard-japan.com/charts/detail?a=dlsongs&year=2021&month=03&day=01
2021,dlsongs,2021-02-24,43,魔法の絨毯,川崎鷹也,https://www.billboard-japan.com/charts/detail?a=dlsongs&year=2021&month=03&day=01
2021,dlsongs,2021-02-24,44,STARDUST SONG,hololive IDOL PROJECT,https://www.billboard-japan.com/charts/detail?a=dlsongs&year=2021&month=03&day=01
2021,dlsongs,2021-02-24,45,Encore,GOT7,https://www.billboard-japan.com/charts/detail?a=dlsongs&year=2021&month=03&day=01
2021,dlsongs,2021-02-24,46,Make you happy,NiziU,https://www.billboard-japan.com/charts/detail?a=dlsongs&year=2021&month=03&day=01
2021,dlsongs,2021-02-24,47,Seize The Day,亜咲花,https://www.billboard-japan.com/charts/detail?a=dlsongs&year=2021&month=03&day=01
2021,dlsongs,2021-02-24,48,麻痺,yama,https://www.billboard-japan.com/charts/detail?a=dlsongs&year=2021&month=03&day=01
2021,dlsongs,2021-02-24,49,裸の心,あいみょん,https://www.billboard-japan.com/charts/detail?a=dlsongs&year=2021&month=03&day=01
2021,dlsongs,2021-02-24,50,Documentary film,Mr.Children,https://www.billboard-japan.com/charts/detail?a=dlsongs&year=2021&month=03&day=01
2021,dlsongs,2021-02-24,51,others,Mr.Children,https://www.billboard-japan.com/charts/detail?a=dlsongs&year=2021&month=03&day=01
2021,dlsongs,2021-02-24,52,ANSWER... SHADOW,OMI,https://www.billboard-japan.com/charts/detail?a=dlsongs&year=2021&month=03&day=01
2021,dlsongs,2021-02-24,53,LOST IN PARADISE feat. AKLO,ALI,https://www.billboard-japan.com/charts/detail?a=dlsongs&year=2021&month=03&day=01
2021,dlsongs,2021-02-24,54,I LOVE…,Official髭男dism,https://www.billboard-japan.com/charts/detail?a=dlsongs&year=2021&month=03&day=01
2021,dlsongs,2021-02-24,55,春泥棒,ヨルシカ,https://www.billboard-japan.com/charts/detail?a=dlsongs&year=2021&month=03&day=01
2021,dlsongs,2021-02-24,56,Mela!,緑黄色社会,https://www.billboard-japan.com/charts/detail?a=dlsongs&year=2021&month=03&day=01
2021,dlsongs,2021-02-24,57,give it back,Co shu Nie,https://www.billboard-japan.com/charts/detail?a=dlsongs&year=2021&month=03&day=01
2021,dlsongs,2021-02-24,58,ネモフィラ,コアラモード.,https://www.billboard-japan.com/charts/detail?a=dlsongs&year=2021&month=03&day=01
2021,dlsongs,2021-02-24,59,Suspect,hololive IDOL PROJECT,https://www.billboard-japan.com/charts/detail?a=dlsongs&year=2021&month=03&day=01
2021,dlsongs,2021-02-24,60,はるのとなり,佐々木恵梨,https://www.billboard-japan.com/charts/detail?a=dlsongs&year=2021&month=03&day=01
2021,dlsongs,2021-02-24,61,正しくなれない,ずっと真夜中でいいのに。,https://www.billboard-japan.com/charts/detail?a=dlsongs&year=2021&month=03&day=01
2021,dlsongs,2021-02-24,62,フェアリーテール,Novelbright,https://www.billboard-japan.com/charts/detail?a=dlsongs&year=2021&month=03&day=01
2021,dlsongs,2021-02-24,63,スマイル,森七菜,https://www.billboard-japan.com/charts/detail?a=dlsongs&year=2021&month=03&day=01
2021,dlsongs,2021-02-24,64,竈門炭治郎のうた,椎名豪 featuring 中川奈美,https://www.billboard-japan.com/charts/detail?a=dlsongs&year=2021&month=03&day=01
2021,dlsongs,2021-02-24,65,金木犀 (feat. Ado),くじら,https://www.billboard-japan.com/charts/detail?a=dlsongs&year=2021&month=03&day=01
2021,dlsongs,2021-02-24,66,泣き笑いのエピソード,秦基博,https://www.billboard-japan.com/charts/detail?a=dlsongs&year=2021&month=03&day=01
2021,dlsongs,2021-02-24,67,Step and a step,NiziU,https://www.billboard-japan.com/charts/detail?a=dlsongs&year=2021&month=03&day=01
2021,dlsongs,2021-02-24,68,寄り酔い,和ぬか,https://www.billboard-japan.com/charts/detail?a=dlsongs&year=2021&month=03&day=01
2021,dlsongs,2021-02-24,69,優しい彗星,YOASOBI,https://www.billboard-japan.com/charts/detail?a=dlsongs&year=2021&month=03&day=01
2021,dlsongs,2021-02-24,70,不規則性エントロピー,彩音,https://www.billboard-japan.com/charts/detail?a=dlsongs&year=2021&month=03&day=01
2021,dlsongs,2021-02-24,71,でいり〜だいあり〜!,hololive IDOL PROJECT,https://www.billboard-japan.com/charts/detail?a=dlsongs&year=2021&month=03&day=01
2021,dlsongs,2021-02-24,72,追い風,SHE'S,https://www.billboard-japan.com/charts/detail?a=dlsongs&year=2021&month=03&day=01
2021,dlsongs,2021-02-24,73,三文小説,King Gnu,https://www.billboard-japan.com/charts/detail?a=dlsongs&year=2021&month=03&day=01
2021,dlsongs,2021-02-24,74,カイト,嵐,https://www.billboard-japan.com/charts/detail?a=dlsongs&year=2021&month=03&day=01
2021,dlsongs,2021-02-24,75,色香水,神山羊,https://www.billboard-japan.com/charts/detail?a=dlsongs&year=2021&month=03&day=01
2021,dlsongs,2021-02-24,76,ハルジオン,YOASOBI,https://www.billboard-japan.com/charts/detail?a=dlsongs&year=2021&month=03&day=01
2021,dlsongs,2021-02-24,77,東京の冬,A夏目,https://www.billboard-japan.com/charts/detail?a=dlsongs&year=2021&month=03&day=01
2021,dlsongs,2021-02-24,78,至上主義アドトラック,hololive IDOL PROJECT,https://www.billboard-japan.com/charts/detail?a=dlsongs&year=2021&month=03&day=01
2021,dlsongs,2021-02-24,79,インフィニティ,優里,https://www.billboard-japan.com/charts/detail?a=dlsongs&year=2021&month=03&day=01
2021,dlsongs,2021-02-24,80,マリーゴールド,あいみょん,https://www.billboard-japan.com/charts/detail?a=dlsongs&year=2021&month=03&day=01
2021,dlsongs,2021-02-24,81,BLUE CLAPPER,hololive IDOL PROJECT,https://www.billboard-japan.com/charts/detail?a=dlsongs&year=2021&month=03&day=01
2021,dlsongs,2021-02-24,82,星影のエール,GReeeeN,https://www.billboard-japan.com/charts/detail?a=dlsongs&year=2021&month=03&day=01
2021,dlsongs,2021-02-24,83,Candy-Go-Round,hololive IDOL PROJECT,https://www.billboard-japan.com/charts/detail?a=dlsongs&year=2021&month=03&day=01
2021,dlsongs,2021-02-24,84,五等分のカタチ,中野家の五つ子,https://www.billboard-japan.com/charts/detail?a=dlsongs&year=2021&month=03&day=01
2021,dlsongs,2021-02-24,85,さくら色ハイテンション!,さくらみこ,https://www.billboard-japan.com/charts/detail?a=dlsongs&year=2021&month=03&day=01
2021,dlsongs,2021-02-24,86,ハルカ,YOASOBI,https://www.billboard-japan.com/charts/detail?a=dlsongs&year=2021&month=03&day=01
2021,dlsongs,2021-02-24,87,がんばれ!蜘蛛子さんのテーマ,「私」(悠木碧),https://www.billboard-japan.com/charts/detail?a=dlsongs&year=2021&month=03&day=01
2021,dlsongs,2021-02-24,88,ピーターパン,優里,https://www.billboard-japan.com/charts/detail?a=dlsongs&year=2021&month=03&day=01
2021,dlsongs,2021-02-24,89,不死鳥のフランメ,"天堂真矢(富田麻帆),西條クロディーヌ(相羽あいな)",https://www.billboard-japan.com/charts/detail?a=dlsongs&year=2021&month=03&day=01
2021,dlsongs,2021-02-24,90,平行線,Eve × suis from ヨルシカ,https://www.billboard-japan.com/charts/detail?a=dlsongs&year=2021&month=03&day=01
2021,dlsongs,2021-02-24,91,百花繚乱花吹雪,hololive IDOL PROJECT,https://www.billboard-japan.com/charts/detail?a=dlsongs&year=2021&month=03&day=01
2021,dlsongs,2021-02-24,92,感電,米津玄師,https://www.billboard-japan.com/charts/detail?a=dlsongs&year=2021&month=03&day=01
2021,dlsongs,2021-02-24,93,旅人の唄,大原ゆい子,https://www.billboard-japan.com/charts/detail?a=dlsongs&year=2021&month=03&day=01
2021,dlsongs,2021-02-24,94,プラスチック・アンブレラ,三峰結華(成海瑠奈),https://www.billboard-japan.com/charts/detail?a=dlsongs&year=2021&month=03&day=01
2021,dlsongs,2021-02-24,95,ぺこらんだむぶれいん!,兎田ぺこら,https://www.billboard-japan.com/charts/detail?a=dlsongs&year=2021&month=03&day=01
2021,dlsongs,2021-02-24,96,KING,Kanaria,https://www.billboard-japan.com/charts/detail?a=dlsongs&year=2021&month=03&day=01
2021,dlsongs,2021-02-24,97,アカシア,BUMP OF CHICKEN,https://www.billboard-japan.com/charts/detail?a=dlsongs&year=2021&month=03&day=01
2021,dlsongs,2021-02-24,98,キスミー,ゴールデンボンバー,https://www.billboard-japan.com/charts/detail?a=dlsongs&year=2021&month=03&day=01
2021,dlsongs,2021-02-24,99,僕は僕を好きになる,乃木坂46,https://www.billboard-japan.com/charts/detail?a=dlsongs&year=2021&month=03&day=01
2021,dlsongs,2021-02-24,100,Force,TOMORROW X TOGETHER,https://www.billboard-japan.com/charts/detail?a=dlsongs&year=2021&month=03&day=01
2021,dlsongs,2021-03-03,1,僕の戦争,神聖かまってちゃん,https://www.billboard-japan.com/charts/detail?a=dlsongs&year=2021&month=03&day=08
2021,dlsongs,2021-03-03,2,うっせぇわ,Ado,https://www.billboard-japan.com/charts/detail?a=dlsongs&year=2021&month=03&day=08
2021,dlsongs,2021-03-03,3,ドライフラワー,優里,https://www.billboard-japan.com/charts/detail?a=dlsongs&year=2021&month=03&day=08
2021,dlsongs,2021-03-03,4,Poppin' Shakin',NiziU,https://www.billboard-japan.com/charts/detail?a=dlsongs&year=2021&month=03&day=08
2021,dlsongs,2021-03-03,5,創造,星野源,https://www.billboard-japan.com/charts/detail?a=dlsongs&year=2021&month=03&day=08
2021,dlsongs,2021-03-03,6,春を告げる,yama,https://www.billboard-japan.com/charts/detail?a=dlsongs&year=2021&month=03&day=08
2021,dlsongs,2021-03-03,7,ギラギラ,Ado,https://www.billboard-japan.com/charts/detail?a=dlsongs&year=2021&month=03&day=08
2021,dlsongs,2021-03-03,8,あすいろClearSky,hololive IDOL PROJECT,https://www.billboard-japan.com/charts/detail?a=dlsongs&year=2021&month=03&day=08
2021,dlsongs,2021-03-03,9,桜が降る夜は,あいみょん,https://www.billboard-japan.com/charts/detail?a=dlsongs&year=2021&month=03&day=08
2021,dlsongs,2021-03-03,10,廻廻奇譚,Eve,https://www.billboard-japan.com/charts/detail?a=dlsongs&year=2021&month=03&day=08
2021,dlsongs,2021-03-03,11,炎,LiSA,https://www.billboard-japan.com/charts/detail?a=dlsongs&year=2021&month=03&day=08
2021,dlsongs,2021-03-03,12,Dynamite,BTS,https://www.billboard-japan.com/charts/detail?a=dlsongs&year=2021&month=03&day=08
2021,dlsongs,2021-03-03,13,虹,菅田将暉,https://www.billboard-japan.com/charts/detail?a=dlsongs&year=2021&month=03&day=08
2021,dlsongs,2021-03-03,14,夜に駆ける,YOASOBI,https://www.billboard-japan.com/charts/detail?a=dlsongs&year=2021&month=03&day=08
2021,dlsongs,2021-03-03,15,勿忘,Awesome City Club,https://www.billboard-japan.com/charts/detail?a=dlsongs&year=2021&month=03&day=08
2021,dlsongs,2021-03-03,16,怪物,YOASOBI,https://www.billboard-japan.com/charts/detail?a=dlsongs&year=2021&month=03&day=08
2021,dlsongs,2021-03-03,17,猫 〜THE FIRST TAKE ver.〜,DISH//,https://www.billboard-japan.com/charts/detail?a=dlsongs&year=2021&month=03&day=08
2021,dlsongs,2021-03-03,18,群青,YOASOBI,https://www.billboard-japan.com/charts/detail?a=dlsongs&year=2021&month=03&day=08
2021,dlsongs,2021-03-03,19,猫,DISH//,https://www.billboard-japan.com/charts/detail?a=dlsongs&year=2021&month=03&day=08
2021,dlsongs,2021-03-03,20,Universe,Official髭男dism,https://www.billboard-japan.com/charts/detail?a=dlsongs&year=2021&month=03&day=08
2021,dlsongs,2021-03-03,21,VIVID VICE,Who-ya Extended,https://www.billboard-japan.com/charts/detail?a=dlsongs&year=2021&month=03&day=08
2021,dlsongs,2021-03-03,22,Nightless World,UNDEAD,https://www.billboard-japan.com/charts/detail?a=dlsongs&year=2021&month=03&day=08
2021,dlsongs,2021-03-03,23,虹色のPuddle,にじさんじ,https://www.billboard-japan.com/charts/detail?a=dlsongs&year=2021&month=03&day=08
2021,dlsongs,2021-03-03,24,空と青,家入レオ,https://www.billboard-japan.com/charts/detail?a=dlsongs&year=2021&month=03&day=08
2021,dlsongs,2021-03-03,25,Long shot,前島麻由,https://www.billboard-japan.com/charts/detail?a=dlsongs&year=2021&month=03&day=08
2021,dlsongs,2021-03-03,26,ユメヲカケル!,"""スペシャルウィーク(和氣あず未),サイレンススズカ(高野麻里佳),トウカイテイオー(Machico),ウオッカ(大橋彩香),ダイワスカーレット(木村千咲),ゴールドシップ(上田瞳),メジロマックイー",https://www.billboard-japan.com/charts/detail?a=dlsongs&year=2021&month=03&day=08
2021,dlsongs,2021-03-03,27,ANSWER... SHADOW,OMI,https://www.billboard-japan.com/charts/detail?a=dlsongs&year=2021&month=03&day=08
2021,dlsongs,2021-03-03,28,魔法の絨毯,川崎鷹也,https://www.billboard-japan.com/charts/detail?a=dlsongs&year=2021&month=03&day=08
2021,dlsongs,2021-03-03,29,アイノカタチ feat.HIDE(GReeeeN),MISIA,https://www.billboard-japan.com/charts/detail?a=dlsongs&year=2021&month=03&day=08
2021,dlsongs,2021-03-03,30,Wonder NeverLand,にじさんじ,https://www.billboard-japan.com/charts/detail?a=dlsongs&year=2021&month=03&day=08
2021,dlsongs,2021-03-03,31,星を仰ぐ,菅田将暉,https://www.billboard-japan.com/charts/detail?a=dlsongs&year=2021&month=03&day=08
2021,dlsongs,2021-03-03,32,Not the End,安田レイ,https://www.billboard-japan.com/charts/detail?a=dlsongs&year=2021&month=03&day=08
2021,dlsongs,2021-03-03,33,紅蓮華,LiSA,https://www.billboard-japan.com/charts/detail?a=dlsongs&year=2021&month=03&day=08
2021,dlsongs,2021-03-03,34,桜晴,優里,https://www.billboard-japan.com/charts/detail?a=dlsongs&year=2021&month=03&day=08
2021,dlsongs,2021-03-03,35,彗星HALATION,流星隊,https://www.billboard-japan.com/charts/detail?a=dlsongs&year=2021&month=03&day=08
2021,dlsongs,2021-03-03,36,かくれんぼ,優里,https://www.billboard-japan.com/charts/detail?a=dlsongs&year=2021&month=03&day=08
2021,dlsongs,2021-03-03,37,白日,King Gnu,https://www.billboard-japan.com/charts/detail?a=dlsongs&year=2021&month=03&day=08
2021,dlsongs,2021-03-03,38,ただいま,手嶌葵,https://www.billboard-japan.com/charts/detail?a=dlsongs&year=2021&month=03&day=08
2021,dlsongs,2021-03-03,39,KAZE,EXILE ATSUSHI,https://www.billboard-japan.com/charts/detail?a=dlsongs&year=2021&month=03&day=08
2021,dlsongs,2021-03-03,40,BRAND NEW STARS!! (UNDEAD ver.),UNDEAD,https://www.billboard-japan.com/charts/detail?a=dlsongs&year=2021&month=03&day=08
2021,dlsongs,2021-03-03,41,1・2・3,からあげ姉妹,https://www.billboard-japan.com/charts/detail?a=dlsongs&year=2021&month=03&day=08
2021,dlsongs,2021-03-03,42,千両役者,King Gnu,https://www.billboard-japan.com/charts/detail?a=dlsongs&year=2021&month=03&day=08
2021,dlsongs,2021-03-03,43,ツキミソウ,Novelbright,https://www.billboard-japan.com/charts/detail?a=dlsongs&year=2021&month=03&day=08
2021,dlsongs,2021-03-03,44,レディメイド,Ado,https://www.billboard-japan.com/charts/detail?a=dlsongs&year=2021&month=03&day=08
2021,dlsongs,2021-03-03,45,アンコール,YOASOBI,https://www.billboard-japan.com/charts/detail?a=dlsongs&year=2021&month=03&day=08
2021,dlsongs,2021-03-03,46,"Stand by me, Stand by you.",平井大,https://www.billboard-japan.com/charts/detail?a=dlsongs&year=2021&month=03&day=08
2021,dlsongs,2021-03-03,47,もぐもぐYUMMY!,猫又おかゆ,https://www.billboard-japan.com/charts/detail?a=dlsongs&year=2021&month=03&day=08
2021,dlsongs,2021-03-03,48,Brand new planet,Mr.Children,https://www.billboard-japan.com/charts/detail?a=dlsongs&year=2021&month=03&day=08
2021,dlsongs,2021-03-03,49,Make you happy,NiziU,https://www.billboard-japan.com/charts/detail?a=dlsongs&year=2021&month=03&day=08
2021,dlsongs,2021-03-03,50,再会 (produced by Ayase),LiSA × Uru,https://www.billboard-japan.com/charts/detail?a=dlsongs&year=2021&month=03&day=08
2021,dlsongs,2021-03-03,51,名前のない日々へ,yama,https://www.billboard-japan.com/charts/detail?a=dlsongs&year=2021&month=03&day=08
2021,dlsongs,2021-03-03,52,Seize The Day,亜咲花,https://www.billboard-japan.com/charts/detail?a=dlsongs&year=2021&month=03&day=08
2021,dlsongs,2021-03-03,53,裸の心,あいみょん,https://www.billboard-japan.com/charts/detail?a=dlsongs&year=2021&month=03&day=08
2021,dlsongs,2021-03-03,54,Pretender,Official髭男dism,https://www.billboard-japan.com/charts/detail?a=dlsongs&year=2021&month=03&day=08
2021,dlsongs,2021-03-03,55,正しくなれない,ずっと真夜中でいいのに。,https://www.billboard-japan.com/charts/detail?a=dlsongs&year=2021&month=03&day=08
2021,dlsongs,2021-03-03,56,Flare,BUMP OF CHICKEN,https://www.billboard-japan.com/charts/detail?a=dlsongs&year=2021&month=03&day=08
2021,dlsongs,2021-03-03,57,LOST IN PARADISE feat. AKLO,ALI,https://www.billboard-japan.com/charts/detail?a=dlsongs&year=2021&month=03&day=08
2021,dlsongs,2021-03-03,58,BRAND NEW STARS!! (流星隊 ver.),流星隊,https://www.billboard-japan.com/charts/detail?a=dlsongs&year=2021&month=03&day=08
2021,dlsongs,2021-03-03,59,春泥棒,ヨルシカ,https://www.billboard-japan.com/charts/detail?a=dlsongs&year=2021&month=03&day=08
2021,dlsongs,2021-03-03,60,ReTale,≡君彩≡,https://www.billboard-japan.com/charts/detail?a=dlsongs&year=2021&month=03&day=08
2021,dlsongs,2021-03-03,61,I LOVE…,Official髭男dism,https://www.billboard-japan.com/charts/detail?a=dlsongs&year=2021&month=03&day=08
2021,dlsongs,2021-03-03,62,Joy for Struggle,どついたれ本舗 VS Buster Bros!!!,https://www.billboard-japan.com/charts/detail?a=dlsongs&year=2021&month=03&day=08
2021,dlsongs,2021-03-03,63,winning the soul,トウカイテイオー(Machico),https://www.billboard-japan.com/charts/detail?a=dlsongs&year=2021&month=03&day=08
2021,dlsongs,2021-03-03,64,give it back,Co shu Nie,https://www.billboard-japan.com/charts/detail?a=dlsongs&year=2021&month=03&day=08
2021,dlsongs,2021-03-03,65,Dream on the street,DA PUMP,https://www.billboard-japan.com/charts/detail?a=dlsongs&year=2021&month=03&day=08
2021,dlsongs,2021-03-03,66,はるのとなり,佐々木恵梨,https://www.billboard-japan.com/charts/detail?a=dlsongs&year=2021&month=03&day=08
2021,dlsongs,2021-03-03,67,"虹色のPuddle (葛葉, 鷹宮リオン, 緑仙)",にじさんじ,https://www.billboard-japan.com/charts/detail?a=dlsongs&year=2021&month=03&day=08
2021,dlsongs,2021-03-03,68,麻痺,yama,https://www.billboard-japan.com/charts/detail?a=dlsongs&year=2021&month=03&day=08
2021,dlsongs,2021-03-03,69,誰誰誰,アイナ・ジ・エンド,https://www.billboard-japan.com/charts/detail?a=dlsongs&year=2021&month=03&day=08
2021,dlsongs,2021-03-03,70,竈門炭治郎のうた,椎名豪 featuring 中川奈美,https://www.billboard-japan.com/charts/detail?a=dlsongs&year=2021&month=03&day=08
2021,dlsongs,2021-03-03,71,優しい彗星,YOASOBI,https://www.billboard-japan.com/charts/detail?a=dlsongs&year=2021&month=03&day=08
2021,dlsongs,2021-03-03,72,カイト,嵐,https://www.billboard-japan.com/charts/detail?a=dlsongs&year=2021&month=03&day=08
2021,dlsongs,2021-03-03,73,French,大森元貴,https://www.billboard-japan.com/charts/detail?a=dlsongs&year=2021&month=03&day=08
2021,dlsongs,2021-03-03,74,笑オオサカ!〜What a OSAKA!,どついたれ本舗,https://www.billboard-japan.com/charts/detail?a=dlsongs&year=2021&month=03&day=08
2021,dlsongs,2021-03-03,75,"虹色のPuddle (加賀美ハヤト, 三枝明那, 星川サラ)",にじさんじ,https://www.billboard-japan.com/charts/detail?a=dlsongs&year=2021&month=03&day=08
2021,dlsongs,2021-03-03,76,フェアリーテール,Novelbright,https://www.billboard-japan.com/charts/detail?a=dlsongs&year=2021&month=03&day=08
2021,dlsongs,2021-03-03,77,"Wonder NeverLand (ジョー・力一, 健屋花那, 鈴原るる, 不破湊, メリッサ・キンレンカ, リゼ・ヘルエスタ)",にじさんじ,https://www.billboard-japan.com/charts/detail?a=dlsongs&year=2021&month=03&day=08
2021,dlsongs,2021-03-03,78,ハルジオン,YOASOBI,https://www.billboard-japan.com/charts/detail?a=dlsongs&year=2021&month=03&day=08
2021,dlsongs,2021-03-03,79,Step and a step,NiziU,https://www.billboard-japan.com/charts/detail?a=dlsongs&year=2021&month=03&day=08
2021,dlsongs,2021-03-03,80,まちがいさがし,菅田将暉,https://www.billboard-japan.com/charts/detail?a=dlsongs&year=2021&month=03&day=08
2021,dlsongs,2021-03-03,81,マリーゴールド,あいみょん,https://www.billboard-japan.com/charts/detail?a=dlsongs&year=2021&month=03&day=08
2021,dlsongs,2021-03-03,82,WOW WAR TONIGHT〜時には起こせよムーヴメント〜,天野愛莉(水樹奈々)&姫神紗乃(Raychell),https://www.billboard-japan.com/charts/detail?a=dlsongs&year=2021&month=03&day=08
2021,dlsongs,2021-03-03,83,Re:start!!!,Buster Bros!!!,https://www.billboard-japan.com/charts/detail?a=dlsongs&year=2021&month=03&day=08
2021,dlsongs,2021-03-03,84,Give It Up?,96猫,https://www.billboard-japan.com/charts/detail?a=dlsongs&year=2021&month=03&day=08
2021,dlsongs,2021-03-03,85,泣き笑いのエピソード,秦基博,https://www.billboard-japan.com/charts/detail?a=dlsongs&year=2021&month=03&day=08
2021,dlsongs,2021-03-03,86,アカシア,BUMP OF CHICKEN,https://www.billboard-japan.com/charts/detail?a=dlsongs&year=2021&month=03&day=08
2021,dlsongs,2021-03-03,87,三文小説,King Gnu,https://www.billboard-japan.com/charts/detail?a=dlsongs&year=2021&month=03&day=08
2021,dlsongs,2021-03-03,88,ハルカ,YOASOBI,https://www.billboard-japan.com/charts/detail?a=dlsongs&year=2021&month=03&day=08
2021,dlsongs,2021-03-03,89,あなたが迷わずに,DEEP SQUAD,https://www.billboard-japan.com/charts/detail?a=dlsongs&year=2021&month=03&day=08
2021,dlsongs,2021-03-03,90,Brand New Sunrise,"ムイミ(潘めぐみ),ネネカ(井口裕香)",https://www.billboard-japan.com/charts/detail?a=dlsongs&year=2021&month=03&day=08
2021,dlsongs,2021-03-03,91,115万キロのフィルム,Official髭男dism,https://www.billboard-japan.com/charts/detail?a=dlsongs&year=2021&month=03&day=08
2021,dlsongs,2021-03-03,92,Holy Passion Roses,"サレン(堀江由衣),アキノ(松嵜麗)",https://www.billboard-japan.com/charts/detail?a=dlsongs&year=2021&month=03&day=08
2021,dlsongs,2021-03-03,93,スマイル,森七菜,https://www.billboard-japan.com/charts/detail?a=dlsongs&year=2021&month=03&day=08
2021,dlsongs,2021-03-03,94,ヴァリアント2017 (feat. モーベリ),ベク & ワリン,https://www.billboard-japan.com/charts/detail?a=dlsongs&year=2021&month=03&day=08
2021,dlsongs,2021-03-03,95,インフィニティ,優里,https://www.billboard-japan.com/charts/detail?a=dlsongs&year=2021&month=03&day=08
2021,dlsongs,2021-03-03,96,Mela!,緑黄色社会,https://www.billboard-japan.com/charts/detail?a=dlsongs&year=2021&month=03&day=08
2021,dlsongs,2021-03-03,97,a.m.3:21,yama,https://www.billboard-japan.com/charts/detail?a=dlsongs&year=2021&month=03&day=08
2021,dlsongs,2021-03-03,98,ファーストラヴ,Uru,https://www.billboard-japan.com/charts/detail?a=dlsongs&year=2021&month=03&day=08
2021,dlsongs,2021-03-03,99,メメント・モリ,大森元貴,https://www.billboard-japan.com/charts/detail?a=dlsongs&year=2021&month=03&day=08
2021,dlsongs,2021-03-03,100,さよならエレジー,菅田将暉,https://www.billboard-japan.com/charts/detail?a=dlsongs&year=2021&month=03&day=08
2021,dlsongs,2021-03-10,1,旅路,藤井風,https://www.billboard-japan.com/charts/detail?a=dlsongs&year=2021&month=03&day=15
2021,dlsongs,2021-03-10,2,うっせぇわ,Ado,https://www.billboard-japan.com/charts/detail?a=dlsongs&year=2021&month=03&day=15
2021,dlsongs,2021-03-10,3,泡,King Gnu,https://www.billboard-japan.com/charts/detail?a=dlsongs&year=2021&month=03&day=15
2021,dlsongs,2021-03-10,4,ドライフラワー,優里,https://www.billboard-japan.com/charts/detail?a=dlsongs&year=2021&month=03&day=15
2021,dlsongs,2021-03-10,5,勿忘,Awesome City Club,https://www.billboard-japan.com/charts/detail?a=dlsongs&year=2021&month=03&day=15
2021,dlsongs,2021-03-10,6,廻廻奇譚,Eve,https://www.billboard-japan.com/charts/detail?a=dlsongs&year=2021&month=03&day=15
2021,dlsongs,2021-03-10,7,ギラギラ,Ado,https://www.billboard-japan.com/charts/detail?a=dlsongs&year=2021&month=03&day=15
2021,dlsongs,2021-03-10,8,桜が降る夜は,あいみょん,https://www.billboard-japan.com/charts/detail?a=dlsongs&year=2021&month=03&day=15
2021,dlsongs,2021-03-10,9,夜に駆ける,YOASOBI,https://www.billboard-japan.com/charts/detail?a=dlsongs&year=2021&month=03&day=15
2021,dlsongs,2021-03-10,10,蕾,GReeeeN,https://www.billboard-japan.com/charts/detail?a=dlsongs&year=2021&month=03&day=15
2021,dlsongs,2021-03-10,11,Dynamite,BTS,https://www.billboard-japan.com/charts/detail?a=dlsongs&year=2021&month=03&day=15
2021,dlsongs,2021-03-10,12,ねねねねねねねね!大爆走,桃鈴ねね,https://www.billboard-japan.com/charts/detail?a=dlsongs&year=2021&month=03&day=15
2021,dlsongs,2021-03-10,13,群青,YOASOBI,https://www.billboard-japan.com/charts/detail?a=dlsongs&year=2021&month=03&day=15
2021,dlsongs,2021-03-10,14,Poppin' Shakin',NiziU,https://www.billboard-japan.com/charts/detail?a=dlsongs&year=2021&month=03&day=15
2021,dlsongs,2021-03-10,15,怪物,YOASOBI,https://www.billboard-japan.com/charts/detail?a=dlsongs&year=2021&month=03&day=15
2021,dlsongs,2021-03-10,16,炎,LiSA,https://www.billboard-japan.com/charts/detail?a=dlsongs&year=2021&month=03&day=15
2021,dlsongs,2021-03-10,17,Long shot,前島麻由,https://www.billboard-japan.com/charts/detail?a=dlsongs&year=2021&month=03&day=15
2021,dlsongs,2021-03-10,18,Universe,Official髭男dism,https://www.billboard-japan.com/charts/detail?a=dlsongs&year=2021&month=03&day=15
2021,dlsongs,2021-03-10,19,VIVID VICE,Who-ya Extended,https://www.billboard-japan.com/charts/detail?a=dlsongs&year=2021&month=03&day=15
2021,dlsongs,2021-03-10,20,虹,菅田将暉,https://www.billboard-japan.com/charts/detail?a=dlsongs&year=2021&month=03&day=15
2021,dlsongs,2021-03-10,21,創造,星野源,https://www.billboard-japan.com/charts/detail?a=dlsongs&year=2021&month=03&day=15
2021,dlsongs,2021-03-10,22,猫,DISH//,https://www.billboard-japan.com/charts/detail?a=dlsongs&year=2021&month=03&day=15
2021,dlsongs,2021-03-10,23,Pretender,Official髭男dism,https://www.billboard-japan.com/charts/detail?a=dlsongs&year=2021&month=03&day=15
2021,dlsongs,2021-03-10,24,Palette,常闇トワ,https://www.billboard-japan.com/charts/detail?a=dlsongs&year=2021&month=03&day=15
2021,dlsongs,2021-03-10,25,Not the End,安田レイ,https://www.billboard-japan.com/charts/detail?a=dlsongs&year=2021&month=03&day=15
2021,dlsongs,2021-03-10,26,白日,King Gnu,https://www.billboard-japan.com/charts/detail?a=dlsongs&year=2021&month=03&day=15
2021,dlsongs,2021-03-10,27,春を告げる,yama,https://www.billboard-japan.com/charts/detail?a=dlsongs&year=2021&month=03&day=15
2021,dlsongs,2021-03-10,28,激辛LOVE,BEYOOOOONDS,https://www.billboard-japan.com/charts/detail?a=dlsongs&year=2021&month=03&day=15
2021,dlsongs,2021-03-10,29,僕の戦争,神聖かまってちゃん,https://www.billboard-japan.com/charts/detail?a=dlsongs&year=2021&month=03&day=15
2021,dlsongs,2021-03-10,30,ただいま,手嶌葵,https://www.billboard-japan.com/charts/detail?a=dlsongs&year=2021&month=03&day=15
2021,dlsongs,2021-03-10,31,バレる!,Creepy Nuts,https://www.billboard-japan.com/charts/detail?a=dlsongs&year=2021&month=03&day=15
2021,dlsongs,2021-03-10,32,空と青,家入レオ,https://www.billboard-japan.com/charts/detail?a=dlsongs&year=2021&month=03&day=15
2021,dlsongs,2021-03-10,33,猫 〜THE FIRST TAKE ver.〜,DISH//,https://www.billboard-japan.com/charts/detail?a=dlsongs&year=2021&month=03&day=15
2021,dlsongs,2021-03-10,34,魔法の絨毯,川崎鷹也,https://www.billboard-japan.com/charts/detail?a=dlsongs&year=2021&month=03&day=15
2021,dlsongs,2021-03-10,35,Believe in you,nonoc,https://www.billboard-japan.com/charts/detail?a=dlsongs&year=2021&month=03&day=15
2021,dlsongs,2021-03-10,36,うまぴょい伝説,"スペシャルウィーク(和氣あず未),サイレンススズカ(高野麻里佳),トウカイテイオー(Machico)",https://www.billboard-japan.com/charts/detail?a=dlsongs&year=2021&month=03&day=15
2021,dlsongs,2021-03-10,37,アンコール,YOASOBI,https://www.billboard-japan.com/charts/detail?a=dlsongs&year=2021&month=03&day=15
2021,dlsongs,2021-03-10,38,ツキミソウ,Novelbright,https://www.billboard-japan.com/charts/detail?a=dlsongs&year=2021&month=03&day=15
2021,dlsongs,2021-03-10,39,アイノカタチ feat.HIDE(GReeeeN),MISIA,https://www.billboard-japan.com/charts/detail?a=dlsongs&year=2021&month=03&day=15
2021,dlsongs,2021-03-10,40,紅蓮華,LiSA,https://www.billboard-japan.com/charts/detail?a=dlsongs&year=2021&month=03&day=15
2021,dlsongs,2021-03-10,41,Great Journey,"島村卯月(大橋彩香),渋谷凛(福原綾香),本田未央(原紗友里)",https://www.billboard-japan.com/charts/detail?a=dlsongs&year=2021&month=03&day=15
2021,dlsongs,2021-03-10,42,星を仰ぐ,菅田将暉,https://www.billboard-japan.com/charts/detail?a=dlsongs&year=2021&month=03&day=15
2021,dlsongs,2021-03-10,43,ユメヲカケル!,"""スペシャルウィーク(和氣あず未),サイレンススズカ(高野麻里佳),トウカイテイオー(Machico),ウオッカ(大橋彩香),ダイワスカーレット(木村千咲),ゴールドシップ(上田瞳),メジロマックイー",https://www.billboard-japan.com/charts/detail?a=dlsongs&year=2021&month=03&day=15
2021,dlsongs,2021-03-10,44,千両役者,King Gnu,https://www.billboard-japan.com/charts/detail?a=dlsongs&year=2021&month=03&day=15
2021,dlsongs,2021-03-10,45,レディメイド,Ado,https://www.billboard-japan.com/charts/detail?a=dlsongs&year=2021&month=03&day=15
2021,dlsongs,2021-03-10,46,I LOVE…,Official髭男dism,https://www.billboard-japan.com/charts/detail?a=dlsongs&year=2021&month=03&day=15
2021,dlsongs,2021-03-10,47,Make debut!,スピカ,https://www.billboard-japan.com/charts/detail?a=dlsongs&year=2021&month=03&day=15
2021,dlsongs,2021-03-10,48,インフィニティ,優里,https://www.billboard-japan.com/charts/detail?a=dlsongs&year=2021&month=03&day=15
2021,dlsongs,2021-03-10,49,"Stand by me, Stand by you.",平井大,https://www.billboard-japan.com/charts/detail?a=dlsongs&year=2021&month=03&day=15
2021,dlsongs,2021-03-10,50,LOST IN PARADISE feat. AKLO,ALI,https://www.billboard-japan.com/charts/detail?a=dlsongs&year=2021&month=03&day=15
2021,dlsongs,2021-03-10,51,かくれんぼ,優里,https://www.billboard-japan.com/charts/detail?a=dlsongs&year=2021&month=03&day=15
2021,dlsongs,2021-03-10,52,裸の心,あいみょん,https://www.billboard-japan.com/charts/detail?a=dlsongs&year=2021&month=03&day=15
2021,dlsongs,2021-03-10,53,Make you happy,NiziU,https://www.billboard-japan.com/charts/detail?a=dlsongs&year=2021&month=03&day=15
2021,dlsongs,2021-03-10,54,再会 (produced by Ayase),LiSA × Uru,https://www.billboard-japan.com/charts/detail?a=dlsongs&year=2021&month=03&day=15
2021,dlsongs,2021-03-10,55,Flare,BUMP OF CHICKEN,https://www.billboard-japan.com/charts/detail?a=dlsongs&year=2021&month=03&day=15
2021,dlsongs,2021-03-10,56,give it back,Co shu Nie,https://www.billboard-japan.com/charts/detail?a=dlsongs&year=2021&month=03&day=15
2021,dlsongs,2021-03-10,57,Seize The Day,亜咲花,https://www.billboard-japan.com/charts/detail?a=dlsongs&year=2021&month=03&day=15
2021,dlsongs,2021-03-10,58,正しくなれない,ずっと真夜中でいいのに。,https://www.billboard-japan.com/charts/detail?a=dlsongs&year=2021&month=03&day=15
2021,dlsongs,2021-03-10,59,Little Romance,Knights,https://www.billboard-japan.com/charts/detail?a=dlsongs&year=2021&month=03&day=15
2021,dlsongs,2021-03-10,60,虹色のPuddle,にじさんじ,https://www.billboard-japan.com/charts/detail?a=dlsongs&year=2021&month=03&day=15
2021,dlsongs,2021-03-10,61,リーヴ・ザ・ドア・オープン,ブルーノ・マーズ、アンダーソン・パーク&シルク・ソニック,https://www.billboard-japan.com/charts/detail?a=dlsongs&year=2021&month=03&day=15
2021,dlsongs,2021-03-10,62,春泥棒,ヨルシカ,https://www.billboard-japan.com/charts/detail?a=dlsongs&year=2021&month=03&day=15
2021,dlsongs,2021-03-10,63,Wonder NeverLand,にじさんじ,https://www.billboard-japan.com/charts/detail?a=dlsongs&year=2021&month=03&day=15
2021,dlsongs,2021-03-10,64,三文小説,King Gnu,https://www.billboard-japan.com/charts/detail?a=dlsongs&year=2021&month=03&day=15
2021,dlsongs,2021-03-10,65,天体観測,BUMP OF CHICKEN,https://www.billboard-japan.com/charts/detail?a=dlsongs&year=2021&month=03&day=15
2021,dlsongs,2021-03-10,66,はるのとなり,佐々木恵梨,https://www.billboard-japan.com/charts/detail?a=dlsongs&year=2021&month=03&day=15
2021,dlsongs,2021-03-10,67,Lost Princess,十時愛梨(原田ひとみ),https://www.billboard-japan.com/charts/detail?a=dlsongs&year=2021&month=03&day=15
2021,dlsongs,2021-03-10,68,優しい彗星,YOASOBI,https://www.billboard-japan.com/charts/detail?a=dlsongs&year=2021&month=03&day=15
2021,dlsongs,2021-03-10,69,3月9日,レミオロメン,https://www.billboard-japan.com/charts/detail?a=dlsongs&year=2021&month=03&day=15
2021,dlsongs,2021-03-10,70,Mela!,緑黄色社会,https://www.billboard-japan.com/charts/detail?a=dlsongs&year=2021&month=03&day=15
2021,dlsongs,2021-03-10,71,スマイル,森七菜,https://www.billboard-japan.com/charts/detail?a=dlsongs&year=2021&month=03&day=15
2021,dlsongs,2021-03-10,72,ハルカ,YOASOBI,https://www.billboard-japan.com/charts/detail?a=dlsongs&year=2021&month=03&day=15
2021,dlsongs,2021-03-10,73,GOOD NEW MORNING,DRAMATIC STARS,https://www.billboard-japan.com/charts/detail?a=dlsongs&year=2021&month=03&day=15
2021,dlsongs,2021-03-10,74,カイト,嵐,https://www.billboard-japan.com/charts/detail?a=dlsongs&year=2021&month=03&day=15
2021,dlsongs,2021-03-10,75,ハルジオン,YOASOBI,https://www.billboard-japan.com/charts/detail?a=dlsongs&year=2021&month=03&day=15
2021,dlsongs,2021-03-10,76,Connecting Happy!!,"久川凪(立花日菜),久川颯(長江里加)",https://www.billboard-japan.com/charts/detail?a=dlsongs&year=2021&month=03&day=15
2021,dlsongs,2021-03-10,77,コロニー,BUMP OF CHICKEN,https://www.billboard-japan.com/charts/detail?a=dlsongs&year=2021&month=03&day=15
2021,dlsongs,2021-03-10,78,融解sink,Vaundy,https://www.billboard-japan.com/charts/detail?a=dlsongs&year=2021&month=03&day=15
2021,dlsongs,2021-03-10,79,Brand new planet,Mr.Children,https://www.billboard-japan.com/charts/detail?a=dlsongs&year=2021&month=03&day=15
2021,dlsongs,2021-03-10,80,桜晴,優里,https://www.billboard-japan.com/charts/detail?a=dlsongs&year=2021&month=03&day=15
2021,dlsongs,2021-03-10,81,マリーゴールド,あいみょん,https://www.billboard-japan.com/charts/detail?a=dlsongs&year=2021&month=03&day=15
2021,dlsongs,2021-03-10,82,竈門炭治郎のうた,椎名豪 featuring 中川奈美,https://www.billboard-japan.com/charts/detail?a=dlsongs&year=2021&month=03&day=15
2021,dlsongs,2021-03-10,83,不規則性エントロピー,彩音,https://www.billboard-japan.com/charts/detail?a=dlsongs&year=2021&month=03&day=15
2021,dlsongs,2021-03-10,84,リビングアイズヒーロー,FRAME,https://www.billboard-japan.com/charts/detail?a=dlsongs&year=2021&month=03&day=15
2021,dlsongs,2021-03-10,85,名前のない日々へ,yama,https://www.billboard-japan.com/charts/detail?a=dlsongs&year=2021&month=03&day=15
2021,dlsongs,2021-03-10,86,winning the soul,トウカイテイオー(Machico),https://www.billboard-japan.com/charts/detail?a=dlsongs&year=2021&month=03&day=15
2021,dlsongs,2021-03-10,87,かみさま,さユり,https://www.billboard-japan.com/charts/detail?a=dlsongs&year=2021&month=03&day=15
2021,dlsongs,2021-03-10,88,まちがいさがし,菅田将暉,https://www.billboard-japan.com/charts/detail?a=dlsongs&year=2021&month=03&day=15
2021,dlsongs,2021-03-10,89,アカシア,BUMP OF CHICKEN,https://www.billboard-japan.com/charts/detail?a=dlsongs&year=2021&month=03&day=15
2021,dlsongs,2021-03-10,90,麻痺,yama,https://www.billboard-japan.com/charts/detail?a=dlsongs&year=2021&month=03&day=15
2021,dlsongs,2021-03-10,91,あすいろClearSky,hololive IDOL PROJECT,https://www.billboard-japan.com/charts/detail?a=dlsongs&year=2021&month=03&day=15
2021,dlsongs,2021-03-10,92,1・2・3,からあげ姉妹,https://www.billboard-japan.com/charts/detail?a=dlsongs&year=2021&month=03&day=15
2021,dlsongs,2021-03-10,93,Why Why Why,iKON,https://www.billboard-japan.com/charts/detail?a=dlsongs&year=2021&month=03&day=15
2021,dlsongs,2021-03-10,94,もぐもぐYUMMY!,猫又おかゆ,https://www.billboard-japan.com/charts/detail?a=dlsongs&year=2021&month=03&day=15
2021,dlsongs,2021-03-10,95,感電,米津玄師,https://www.billboard-japan.com/charts/detail?a=dlsongs&year=2021&month=03&day=15
2021,dlsongs,2021-03-10,96,新宝島,サカナクション,https://www.billboard-japan.com/charts/detail?a=dlsongs&year=2021&month=03&day=15
2021,dlsongs,2021-03-10,97,オンリー,大原ゆい子,https://www.billboard-japan.com/charts/detail?a=dlsongs&year=2021&month=03&day=15
2021,dlsongs,2021-03-10,98,追い風,SHE'S,https://www.billboard-japan.com/charts/detail?a=dlsongs&year=2021&month=03&day=15
2021,dlsongs,2021-03-10,99,WOW WAR TONIGHT〜時には起こせよムーヴメント〜,天野愛莉(水樹奈々)&姫神紗乃(Raychell),https://www.billboard-japan.com/charts/detail?a=dlsongs&year=2021&month=03&day=15
2021,dlsongs,2021-03-10,100,Step and a step,NiziU,https://www.billboard-japan.com/charts/detail?a=dlsongs&year=2021&month=03&day=15
2021,dlsongs,2021-03-17,1,One Last Kiss,宇多田ヒカル,https://www.billboard-japan.com/charts/detail?a=dlsongs&year=2021&month=03&day=22
2021,dlsongs,2021-03-17,2,うっせぇわ,Ado,https://www.billboard-japan.com/charts/detail?a=dlsongs&year=2021&month=03&day=22
2021,dlsongs,2021-03-17,3,Roar,KAT-TUN,https://www.billboard-japan.com/charts/detail?a=dlsongs&year=2021&month=03&day=22
2021,dlsongs,2021-03-17,4,Beautiful World (Da Capo Version),宇多田ヒカル,https://www.billboard-japan.com/charts/detail?a=dlsongs&year=2021&month=03&day=22
2021,dlsongs,2021-03-17,5,ドライフラワー,優里,https://www.billboard-japan.com/charts/detail?a=dlsongs&year=2021&month=03&day=22
2021,dlsongs,2021-03-17,6,Flashback,KAT-TUN,https://www.billboard-japan.com/charts/detail?a=dlsongs&year=2021&month=03&day=22
2021,dlsongs,2021-03-17,7,この新しい朝に,浜田省吾,https://www.billboard-japan.com/charts/detail?a=dlsongs&year=2021&month=03&day=22
2021,dlsongs,2021-03-17,8,勿忘,Awesome City Club,https://www.billboard-japan.com/charts/detail?a=dlsongs&year=2021&month=03&day=22
2021,dlsongs,2021-03-17,9,廻廻奇譚,Eve,https://www.billboard-japan.com/charts/detail?a=dlsongs&year=2021&month=03&day=22
2021,dlsongs,2021-03-17,10,夜に駆ける,YOASOBI,https://www.billboard-japan.com/charts/detail?a=dlsongs&year=2021&month=03&day=22
2021,dlsongs,2021-03-17,11,Dynamite,BTS,https://www.billboard-japan.com/charts/detail?a=dlsongs&year=2021&month=03&day=22
2021,dlsongs,2021-03-17,12,Beautiful World,宇多田ヒカル,https://www.billboard-japan.com/charts/detail?a=dlsongs&year=2021&month=03&day=22
2021,dlsongs,2021-03-17,13,怪物,YOASOBI,https://www.billboard-japan.com/charts/detail?a=dlsongs&year=2021&month=03&day=22
2021,dlsongs,2021-03-17,14,桜が降る夜は,あいみょん,https://www.billboard-japan.com/charts/detail?a=dlsongs&year=2021&month=03&day=22
2021,dlsongs,2021-03-17,15,うまぴょい伝説,"スペシャルウィーク(和氣あず未),サイレンススズカ(高野麻里佳),トウカイテイオー(Machico)",https://www.billboard-japan.com/charts/detail?a=dlsongs&year=2021&month=03&day=22
2021,dlsongs,2021-03-17,16,HOURGLASS,UVERworld,https://www.billboard-japan.com/charts/detail?a=dlsongs&year=2021&month=03&day=22
2021,dlsongs,2021-03-17,17,旅路,藤井風,https://www.billboard-japan.com/charts/detail?a=dlsongs&year=2021&month=03&day=22
2021,dlsongs,2021-03-17,18,優しい彗星,YOASOBI,https://www.billboard-japan.com/charts/detail?a=dlsongs&year=2021&month=03&day=22
2021,dlsongs,2021-03-17,19,蕾,GReeeeN,https://www.billboard-japan.com/charts/detail?a=dlsongs&year=2021&month=03&day=22
2021,dlsongs,2021-03-17,20,ギラギラ,Ado,https://www.billboard-japan.com/charts/detail?a=dlsongs&year=2021&month=03&day=22
2021,dlsongs,2021-03-17,21,炎,LiSA,https://www.billboard-japan.com/charts/detail?a=dlsongs&year=2021&month=03&day=22
2021,dlsongs,2021-03-17,22,群青,YOASOBI,https://www.billboard-japan.com/charts/detail?a=dlsongs&year=2021&month=03&day=22
2021,dlsongs,2021-03-17,23,ただいま,手嶌葵,https://www.billboard-japan.com/charts/detail?a=dlsongs&year=2021&month=03&day=22
2021,dlsongs,2021-03-17,24,泡,King Gnu,https://www.billboard-japan.com/charts/detail?a=dlsongs&year=2021&month=03&day=22
2021,dlsongs,2021-03-17,25,Answer,幾田りら,https://www.billboard-japan.com/charts/detail?a=dlsongs&year=2021&month=03&day=22
2021,dlsongs,2021-03-17,26,VIVID VICE,Who-ya Extended,https://www.billboard-japan.com/charts/detail?a=dlsongs&year=2021&month=03&day=22
2021,dlsongs,2021-03-17,27,Star,チャン・グンソク,https://www.billboard-japan.com/charts/detail?a=dlsongs&year=2021&month=03&day=22
2021,dlsongs,2021-03-17,28,虹,菅田将暉,https://www.billboard-japan.com/charts/detail?a=dlsongs&year=2021&month=03&day=22
2021,dlsongs,2021-03-17,29,猫,DISH//,https://www.billboard-japan.com/charts/detail?a=dlsongs&year=2021&month=03&day=22
2021,dlsongs,2021-03-17,30,春を告げる,yama,https://www.billboard-japan.com/charts/detail?a=dlsongs&year=2021&month=03&day=22
2021,dlsongs,2021-03-17,31,あとひとつ,FUNKY MONKEY BABYS,https://www.billboard-japan.com/charts/detail?a=dlsongs&year=2021&month=03&day=22
2021,dlsongs,2021-03-17,32,Make debut!,スピカ,https://www.billboard-japan.com/charts/detail?a=dlsongs&year=2021&month=03&day=22
2021,dlsongs,2021-03-17,33,Believe in you,nonoc,https://www.billboard-japan.com/charts/detail?a=dlsongs&year=2021&month=03&day=22
2021,dlsongs,2021-03-17,34,Universe,Official髭男dism,https://www.billboard-japan.com/charts/detail?a=dlsongs&year=2021&month=03&day=22
2021,dlsongs,2021-03-17,35,さよならも言わないままで,MISIA,https://www.billboard-japan.com/charts/detail?a=dlsongs&year=2021&month=03&day=22
2021,dlsongs,2021-03-17,36,ユメヲカケル!,"""スペシャルウィーク(和氣あず未),サイレンススズカ(高野麻里佳),トウカイテイオー(Machico),ウオッカ(大橋彩香),ダイワスカーレット(木村千咲),ゴールドシップ(上田瞳),メジロマックイー",https://www.billboard-japan.com/charts/detail?a=dlsongs&year=2021&month=03&day=22
2021,dlsongs,2021-03-17,37,Not the End,安田レイ,https://www.billboard-japan.com/charts/detail?a=dlsongs&year=2021&month=03&day=22
2021,dlsongs,2021-03-17,38,空と青,家入レオ,https://www.billboard-japan.com/charts/detail?a=dlsongs&year=2021&month=03&day=22
2021,dlsongs,2021-03-17,39,Poppin' Shakin',NiziU,https://www.billboard-japan.com/charts/detail?a=dlsongs&year=2021&month=03&day=22
2021,dlsongs,2021-03-17,40,Teenage Love,UVERworld,https://www.billboard-japan.com/charts/detail?a=dlsongs&year=2021&month=03&day=22
2021,dlsongs,2021-03-17,41,開眼,Bad Ass Temple,https://www.billboard-japan.com/charts/detail?a=dlsongs&year=2021&month=03&day=22
2021,dlsongs,2021-03-17,42,3月9日,レミオロメン,https://www.billboard-japan.com/charts/detail?a=dlsongs&year=2021&month=03&day=22
2021,dlsongs,2021-03-17,43,創造,星野源,https://www.billboard-japan.com/charts/detail?a=dlsongs&year=2021&month=03&day=22
2021,dlsongs,2021-03-17,44,リーヴ・ザ・ドア・オープン,ブルーノ・マーズ、アンダーソン・パーク&シルク・ソニック,https://www.billboard-japan.com/charts/detail?a=dlsongs&year=2021&month=03&day=22
2021,dlsongs,2021-03-17,45,Backwards,三浦大知,https://www.billboard-japan.com/charts/detail?a=dlsongs&year=2021&month=03&day=22
2021,dlsongs,2021-03-17,46,紅蓮華,LiSA,https://www.billboard-japan.com/charts/detail?a=dlsongs&year=2021&month=03&day=22
2021,dlsongs,2021-03-17,46,星を仰ぐ,菅田将暉,https://www.billboard-japan.com/charts/detail?a=dlsongs&year=2021&month=03&day=22
2021,dlsongs,2021-03-17,48,アンコール,YOASOBI,https://www.billboard-japan.com/charts/detail?a=dlsongs&year=2021&month=03&day=22
2021,dlsongs,2021-03-17,49,僕の戦争,神聖かまってちゃん,https://www.billboard-japan.com/charts/detail?a=dlsongs&year=2021&month=03&day=22
2021,dlsongs,2021-03-17,50,アイノカタチ feat.HIDE(GReeeeN),MISIA,https://www.billboard-japan.com/charts/detail?a=dlsongs&year=2021&month=03&day=22
2021,dlsongs,2021-03-17,51,白日,King Gnu,https://www.billboard-japan.com/charts/detail?a=dlsongs&year=2021&month=03&day=22
2021,dlsongs,2021-03-17,52,Long shot,前島麻由,https://www.billboard-japan.com/charts/detail?a=dlsongs&year=2021&month=03&day=22
2021,dlsongs,2021-03-17,53,Light & Shadow,Bad Ass Temple vs 麻天狼,https://www.billboard-japan.com/charts/detail?a=dlsongs&year=2021&month=03&day=22
2021,dlsongs,2021-03-17,54,Pretender,Official髭男dism,https://www.billboard-japan.com/charts/detail?a=dlsongs&year=2021&month=03&day=22
2021,dlsongs,2021-03-17,55,バレる!,Creepy Nuts,https://www.billboard-japan.com/charts/detail?a=dlsongs&year=2021&month=03&day=22
2021,dlsongs,2021-03-17,56,give it back,Co shu Nie,https://www.billboard-japan.com/charts/detail?a=dlsongs&year=2021&month=03&day=22
2021,dlsongs,2021-03-17,57,魔法の絨毯,川崎鷹也,https://www.billboard-japan.com/charts/detail?a=dlsongs&year=2021&month=03&day=22
2021,dlsongs,2021-03-17,58,猫 〜THE FIRST TAKE ver.〜,DISH//,https://www.billboard-japan.com/charts/detail?a=dlsongs&year=2021&month=03&day=22
2021,dlsongs,2021-03-17,59,木漏れ日のエール,"トウカイテイオー(Machico),メジロマックイーン(大西沙織)",https://www.billboard-japan.com/charts/detail?a=dlsongs&year=2021&month=03&day=22
2021,dlsongs,2021-03-17,60,うまぴょい伝説,トレーナー(沖野晃司),https://www.billboard-japan.com/charts/detail?a=dlsongs&year=2021&month=03&day=22
2021,dlsongs,2021-03-17,61,レディメイド,Ado,https://www.billboard-japan.com/charts/detail?a=dlsongs&year=2021&month=03&day=22
2021,dlsongs,2021-03-17,62,Mela!,緑黄色社会,https://www.billboard-japan.com/charts/detail?a=dlsongs&year=2021&month=03&day=22
2021,dlsongs,2021-03-17,63,BLINDING HOPE,the GazettE,https://www.billboard-japan.com/charts/detail?a=dlsongs&year=2021&month=03&day=22
2021,dlsongs,2021-03-17,64,Can You See The Light,OMI,https://www.billboard-japan.com/charts/detail?a=dlsongs&year=2021&month=03&day=22
2021,dlsongs,2021-03-17,65,LOST IN PARADISE feat. AKLO,ALI,https://www.billboard-japan.com/charts/detail?a=dlsongs&year=2021&month=03&day=22
2021,dlsongs,2021-03-17,66,裸の心,あいみょん,https://www.billboard-japan.com/charts/detail?a=dlsongs&year=2021&month=03&day=22
2021,dlsongs,2021-03-17,67,春よ、来い,浜崎あゆみ,https://www.billboard-japan.com/charts/detail?a=dlsongs&year=2021&month=03&day=22
2021,dlsongs,2021-03-17,68,Fighting Dreamer,2wink,https://www.billboard-japan.com/charts/detail?a=dlsongs&year=2021&month=03&day=22
2021,dlsongs,2021-03-17,69,I LOVE…,Official髭男dism,https://www.billboard-japan.com/charts/detail?a=dlsongs&year=2021&month=03&day=22
2021,dlsongs,2021-03-17,70,桜流し,宇多田ヒカル,https://www.billboard-japan.com/charts/detail?a=dlsongs&year=2021&month=03&day=22
2021,dlsongs,2021-03-17,71,to U,Bank Band with Salyu,https://www.billboard-japan.com/charts/detail?a=dlsongs&year=2021&month=03&day=22
2021,dlsongs,2021-03-17,72,千両役者,King Gnu,https://www.billboard-japan.com/charts/detail?a=dlsongs&year=2021&month=03&day=22
2021,dlsongs,2021-03-17,73,inside you,milet,https://www.billboard-japan.com/charts/detail?a=dlsongs&year=2021&month=03&day=22
2021,dlsongs,2021-03-17,74,第六感,Reol,https://www.billboard-japan.com/charts/detail?a=dlsongs&year=2021&month=03&day=22
2021,dlsongs,2021-03-17,75,Seize The Day,亜咲花,https://www.billboard-japan.com/charts/detail?a=dlsongs&year=2021&month=03&day=22
2021,dlsongs,2021-03-17,76,On The Ground,ROS?,https://www.billboard-japan.com/charts/detail?a=dlsongs&year=2021&month=03&day=22
2021,dlsongs,2021-03-17,77,かくれんぼ,優里,https://www.billboard-japan.com/charts/detail?a=dlsongs&year=2021&month=03&day=22
2021,dlsongs,2021-03-17,78,うまぴょい伝説,"ウオッカ(大橋彩香),ダイワスカーレット(木村千咲),ゴールドシップ(上田瞳)",https://www.billboard-japan.com/charts/detail?a=dlsongs&year=2021&month=03&day=22
2021,dlsongs,2021-03-17,79,Make you happy,NiziU,https://www.billboard-japan.com/charts/detail?a=dlsongs&year=2021&month=03&day=22
2021,dlsongs,2021-03-17,80,ZEROからハジメテ,倉木麻衣,https://www.billboard-japan.com/charts/detail?a=dlsongs&year=2021&month=03&day=22
2021,dlsongs,2021-03-17,81,115万キロのフィルム,Official髭男dism,https://www.billboard-japan.com/charts/detail?a=dlsongs&year=2021&month=03&day=22
2021,dlsongs,2021-03-17,82,"Stand by me, Stand by you.",平井大,https://www.billboard-japan.com/charts/detail?a=dlsongs&year=2021&month=03&day=22
2021,dlsongs,2021-03-17,83,ちっぽけな勇気,FUNKY MONKEY BABYS,https://www.billboard-japan.com/charts/detail?a=dlsongs&year=2021&month=03&day=22
2021,dlsongs,2021-03-17,84,再会 (produced by Ayase),LiSA × Uru,https://www.billboard-japan.com/charts/detail?a=dlsongs&year=2021&month=03&day=22
2021,dlsongs,2021-03-17,85,ハルカ,YOASOBI,https://www.billboard-japan.com/charts/detail?a=dlsongs&year=2021&month=03&day=22
2021,dlsongs,2021-03-17,85,ささやかな祈り,ライスシャワー(石見舞菜香),https://www.billboard-japan.com/charts/detail?a=dlsongs&year=2021&month=03&day=22
2021,dlsongs,2021-03-17,87,竈門炭治郎のうた,椎名豪 featuring 中川奈美,https://www.billboard-japan.com/charts/detail?a=dlsongs&year=2021&month=03&day=22
2021,dlsongs,2021-03-17,88,winning the soul,トウカイテイオー(Machico),https://www.billboard-japan.com/charts/detail?a=dlsongs&year=2021&month=03&day=22
2021,dlsongs,2021-03-17,89,感電,米津玄師,https://www.billboard-japan.com/charts/detail?a=dlsongs&year=2021&month=03&day=22
2021,dlsongs,2021-03-17,90,はるのとなり,佐々木恵梨,https://www.billboard-japan.com/charts/detail?a=dlsongs&year=2021&month=03&day=22
2021,dlsongs,2021-03-17,91,TOMOSHIBI,麻天狼,https://www.billboard-japan.com/charts/detail?a=dlsongs&year=2021&month=03&day=22
2021,dlsongs,2021-03-17,92,ハルジオン,YOASOBI,https://www.billboard-japan.com/charts/detail?a=dlsongs&year=2021&month=03&day=22
2021,dlsongs,2021-03-17,93,春泥棒,ヨルシカ,https://www.billboard-japan.com/charts/detail?a=dlsongs&year=2021&month=03&day=22
2021,dlsongs,2021-03-17,94,ツキミソウ,Novelbright,https://www.billboard-japan.com/charts/detail?a=dlsongs&year=2021&month=03&day=22
2021,dlsongs,2021-03-17,95,SOS,黛冬優子(幸村恵理),https://www.billboard-japan.com/charts/detail?a=dlsongs&year=2021&month=03&day=22
2021,dlsongs,2021-03-17,96,ありがとう,FUNKY MONKEY BABYS,https://www.billboard-japan.com/charts/detail?a=dlsongs&year=2021&month=03&day=22
2021,dlsongs,2021-03-17,97,Bluma to Lunch,BLOOM VASE,https://www.billboard-japan.com/charts/detail?a=dlsongs&year=2021&month=03&day=22
2021,dlsongs,2021-03-17,98,明日へ,MISIA,https://www.billboard-japan.com/charts/detail?a=dlsongs&year=2021&month=03&day=22
2021,dlsongs,2021-03-17,99,カイト,嵐,https://www.billboard-japan.com/charts/detail?a=dlsongs&year=2021&month=03&day=22
2021,dlsongs,2021-03-17,100,土砂降りでも REMIX (feat. Benjazzy & MACCHO),般若,https://www.billboard-japan.com/charts/detail?a=dlsongs&year=2021&month=03&day=22
2021,dlsongs,2021-03-24,1,One Last Kiss,宇多田ヒカル,https://www.billboard-japan.com/charts/detail?a=dlsongs&year=2021&month=03&day=29
2021,dlsongs,2021-03-24,2,GIRLS' LEGEND U,Various Artists,https://www.billboard-japan.com/charts/detail?a=dlsongs&year=2021&month=03&day=29
2021,dlsongs,2021-03-24,3,うっせぇわ,Ado,https://www.billboard-japan.com/charts/detail?a=dlsongs&year=2021&month=03&day=29
2021,dlsongs,2021-03-24,4,Luv Bias,Kis-My-Ft2,https://www.billboard-japan.com/charts/detail?a=dlsongs&year=2021&month=03&day=29
2021,dlsongs,2021-03-24,5,夜に駆ける,YOASOBI,https://www.billboard-japan.com/charts/detail?a=dlsongs&year=2021&month=03&day=29
2021,dlsongs,2021-03-24,6,ドライフラワー,優里,https://www.billboard-japan.com/charts/detail?a=dlsongs&year=2021&month=03&day=29
2021,dlsongs,2021-03-24,7,うまぴょい伝説,Various Artists,https://www.billboard-japan.com/charts/detail?a=dlsongs&year=2021&month=03&day=29
2021,dlsongs,2021-03-24,8,forgive,Bank Band feat. MISIA,https://www.billboard-japan.com/charts/detail?a=dlsongs&year=2021&month=03&day=29
2021,dlsongs,2021-03-24,9,怪物,YOASOBI,https://www.billboard-japan.com/charts/detail?a=dlsongs&year=2021&month=03&day=29
2021,dlsongs,2021-03-24,10,Dynamite,BTS,https://www.billboard-japan.com/charts/detail?a=dlsongs&year=2021&month=03&day=29
2021,dlsongs,2021-03-24,11,風になって,[ALEXANDROS],https://www.billboard-japan.com/charts/detail?a=dlsongs&year=2021&month=03&day=29
2021,dlsongs,2021-03-24,12,勿忘,Awesome City Club,https://www.billboard-japan.com/charts/detail?a=dlsongs&year=2021&month=03&day=29
2021,dlsongs,2021-03-24,13,廻廻奇譚,Eve,https://www.billboard-japan.com/charts/detail?a=dlsongs&year=2021&month=03&day=29
2021,dlsongs,2021-03-24,14,Beautiful World (Da Capo Version),宇多田ヒカル,https://www.billboard-japan.com/charts/detail?a=dlsongs&year=2021&month=03&day=29
2021,dlsongs,2021-03-24,15,群青,YOASOBI,https://www.billboard-japan.com/charts/detail?a=dlsongs&year=2021&month=03&day=29
2021,dlsongs,2021-03-24,16,優しい彗星,YOASOBI,https://www.billboard-japan.com/charts/detail?a=dlsongs&year=2021&month=03&day=29
2021,dlsongs,2021-03-24,17,虹,菅田将暉,https://www.billboard-japan.com/charts/detail?a=dlsongs&year=2021&month=03&day=29
2021,dlsongs,2021-03-24,18,炎,LiSA,https://www.billboard-japan.com/charts/detail?a=dlsongs&year=2021&month=03&day=29
2021,dlsongs,2021-03-24,19,Beautiful World,宇多田ヒカル,https://www.billboard-japan.com/charts/detail?a=dlsongs&year=2021&month=03&day=29
2021,dlsongs,2021-03-24,20,桜が降る夜は,あいみょん,https://www.billboard-japan.com/charts/detail?a=dlsongs&year=2021&month=03&day=29
2021,dlsongs,2021-03-24,21,ただいま,手嶌葵,https://www.billboard-japan.com/charts/detail?a=dlsongs&year=2021&month=03&day=29
2021,dlsongs,2021-03-24,22,ギラギラ,Ado,https://www.billboard-japan.com/charts/detail?a=dlsongs&year=2021&month=03&day=29
2021,dlsongs,2021-03-24,23,Make debut!,スピカ,https://www.billboard-japan.com/charts/detail?a=dlsongs&year=2021&month=03&day=29
2021,dlsongs,2021-03-24,24,旅路,藤井風,https://www.billboard-japan.com/charts/detail?a=dlsongs&year=2021&month=03&day=29
2021,dlsongs,2021-03-24,25,VIVID VICE,Who-ya Extended,https://www.billboard-japan.com/charts/detail?a=dlsongs&year=2021&month=03&day=29
2021,dlsongs,2021-03-24,26,空と青,家入レオ,https://www.billboard-japan.com/charts/detail?a=dlsongs&year=2021&month=03&day=29
2021,dlsongs,2021-03-24,27,Not the End,安田レイ,https://www.billboard-japan.com/charts/detail?a=dlsongs&year=2021&month=03&day=29
2021,dlsongs,2021-03-24,28,スーパーガール,あいみょん,https://www.billboard-japan.com/charts/detail?a=dlsongs&year=2021&month=03&day=29
2021,dlsongs,2021-03-24,29,たとえたとえ,緑黄色社会,https://www.billboard-japan.com/charts/detail?a=dlsongs&year=2021&month=03&day=29
2021,dlsongs,2021-03-24,30,春を告げる,yama,https://www.billboard-japan.com/charts/detail?a=dlsongs&year=2021&month=03&day=29
2021,dlsongs,2021-03-24,31,この新しい朝に,浜田省吾,https://www.billboard-japan.com/charts/detail?a=dlsongs&year=2021&month=03&day=29
2021,dlsongs,2021-03-24,32,うまぴょい伝説,"スペシャルウィーク(和氣あず未),サイレンススズカ(高野麻里佳),トウカイテイオー(Machico)",https://www.billboard-japan.com/charts/detail?a=dlsongs&year=2021&month=03&day=29
2021,dlsongs,2021-03-24,33,ユメヲカケル!,"""スペシャルウィーク(和氣あず未),サイレンススズカ(高野麻里佳),トウカイテイオー(Machico),ウオッカ(大橋彩香),ダイワスカーレット(木村千咲),ゴールドシップ(上田瞳),メジロマックイー",https://www.billboard-japan.com/charts/detail?a=dlsongs&year=2021&month=03&day=29
2021,dlsongs,2021-03-24,34,NEXT FRONTIER,"グラスワンダー(前田玲奈),メジロマックイーン(大西沙織),テイエムオペラオー(徳井青空),ライスシャワー(石見舞菜香),スーパークリーク(優木かな),ゼンノロブロイ(照井春佳)",https://www.billboard-japan.com/charts/detail?a=dlsongs&year=2021&month=03&day=29
2021,dlsongs,2021-03-24,35,本能スピード,"""オグリキャップ(高柳知葉),ウオッカ(大橋彩香),タイキシャトル(大坪由佳),エルコンドルパサー(高橋ミナミ),サクラバクシンオー(三澤紗千香),ビコーペガサス(田中あいみ),ナイスネイチャ(前田佳",https://www.billboard-japan.com/charts/detail?a=dlsongs&year=2021&month=03&day=29
2021,dlsongs,2021-03-24,36,猫,DISH//,https://www.billboard-japan.com/charts/detail?a=dlsongs&year=2021&month=03&day=29
2021,dlsongs,2021-03-24,37,猫 〜THE FIRST TAKE ver.〜,DISH//,https://www.billboard-japan.com/charts/detail?a=dlsongs&year=2021&month=03&day=29
2021,dlsongs,2021-03-24,38,Dejavina,リサイタルズ,https://www.billboard-japan.com/charts/detail?a=dlsongs&year=2021&month=03&day=29
2021,dlsongs,2021-03-24,39,アンコール,YOASOBI,https://www.billboard-japan.com/charts/detail?a=dlsongs&year=2021&month=03&day=29
2021,dlsongs,2021-03-24,40,Roar,KAT-TUN,https://www.billboard-japan.com/charts/detail?a=dlsongs&year=2021&month=03&day=29
2021,dlsongs,2021-03-24,41,紅蓮華,LiSA,https://www.billboard-japan.com/charts/detail?a=dlsongs&year=2021&month=03&day=29
2021,dlsongs,2021-03-24,42,うまぴょい伝説,トレーナー(沖野晃司),https://www.billboard-japan.com/charts/detail?a=dlsongs&year=2021&month=03&day=29
2021,dlsongs,2021-03-24,43,ワタリドリ,[ALEXANDROS],https://www.billboard-japan.com/charts/detail?a=dlsongs&year=2021&month=03&day=29
2021,dlsongs,2021-03-24,44,星を仰ぐ,菅田将暉,https://www.billboard-japan.com/charts/detail?a=dlsongs&year=2021&month=03&day=29
2021,dlsongs,2021-03-24,45,春泥棒,ヨルシカ,https://www.billboard-japan.com/charts/detail?a=dlsongs&year=2021&month=03&day=29
2021,dlsongs,2021-03-24,46,はじまりのSignal,メジロマックイーン(大西沙織),https://www.billboard-japan.com/charts/detail?a=dlsongs&year=2021&month=03&day=29
2021,dlsongs,2021-03-24,47,Universe,Official髭男dism,https://www.billboard-japan.com/charts/detail?a=dlsongs&year=2021&month=03&day=29
2021,dlsongs,2021-03-24,48,アイノカタチ feat.HIDE(GReeeeN),MISIA,https://www.billboard-japan.com/charts/detail?a=dlsongs&year=2021&month=03&day=29
2021,dlsongs,2021-03-24,49,Mela!,緑黄色社会,https://www.billboard-japan.com/charts/detail?a=dlsongs&year=2021&month=03&day=29
2021,dlsongs,2021-03-24,50,赤い幻夜,生駒吉乃(百田夏菜子),https://www.billboard-japan.com/charts/detail?a=dlsongs&year=2021&month=03&day=29
2021,dlsongs,2021-03-24,51,ハルカ,YOASOBI,https://www.billboard-japan.com/charts/detail?a=dlsongs&year=2021&month=03&day=29
2021,dlsongs,2021-03-24,52,Poppin' Shakin',NiziU,https://www.billboard-japan.com/charts/detail?a=dlsongs&year=2021&month=03&day=29
2021,dlsongs,2021-03-24,53,糸,"真彩希帆,小桜ほのか,天彩峰里",https://www.billboard-japan.com/charts/detail?a=dlsongs&year=2021&month=03&day=29
2021,dlsongs,2021-03-24,54,winning the soul,トウカイテイオー(Machico),https://www.billboard-japan.com/charts/detail?a=dlsongs&year=2021&month=03&day=29
2021,dlsongs,2021-03-24,55,顔役,Creepy Nuts,https://www.billboard-japan.com/charts/detail?a=dlsongs&year=2021&month=03&day=29
2021,dlsongs,2021-03-24,56,裸の心,あいみょん,https://www.billboard-japan.com/charts/detail?a=dlsongs&year=2021&month=03&day=29
2021,dlsongs,2021-03-24,57,私が踊る時 Wenn ich tanzen will,"望海風斗,真彩希帆",https://www.billboard-japan.com/charts/detail?a=dlsongs&year=2021&month=03&day=29
2021,dlsongs,2021-03-24,58,ハルジオン,YOASOBI,https://www.billboard-japan.com/charts/detail?a=dlsongs&year=2021&month=03&day=29
2021,dlsongs,2021-03-24,59,魔法の絨毯,川崎鷹也,https://www.billboard-japan.com/charts/detail?a=dlsongs&year=2021&month=03&day=29
2021,dlsongs,2021-03-24,60,LINEはもう返さない,t-Ace,https://www.billboard-japan.com/charts/detail?a=dlsongs&year=2021&month=03&day=29
2021,dlsongs,2021-03-24,61,レディメイド,Ado,https://www.billboard-japan.com/charts/detail?a=dlsongs&year=2021&month=03&day=29
2021,dlsongs,2021-03-24,62,地球儀 with Vaundy,Aimer(エメ),https://www.billboard-japan.com/charts/detail?a=dlsongs&year=2021&month=03&day=29
2021,dlsongs,2021-03-24,63,give it back,Co shu Nie,https://www.billboard-japan.com/charts/detail?a=dlsongs&year=2021&month=03&day=29
2021,dlsongs,2021-03-24,64,白日,King Gnu,https://www.billboard-japan.com/charts/detail?a=dlsongs&year=2021&month=03&day=29
2021,dlsongs,2021-03-24,65,創造,星野源,https://www.billboard-japan.com/charts/detail?a=dlsongs&year=2021&month=03&day=29
2021,dlsongs,2021-03-24,66,LOST IN PARADISE feat. AKLO,ALI,https://www.billboard-japan.com/charts/detail?a=dlsongs&year=2021&month=03&day=29
2021,dlsongs,2021-03-24,67,リーヴ・ザ・ドア・オープン,ブルーノ・マーズ、アンダーソン・パーク&シルク・ソニック,https://www.billboard-japan.com/charts/detail?a=dlsongs&year=2021&month=03&day=29
2021,dlsongs,2021-03-24,68,僕の戦争,神聖かまってちゃん,https://www.billboard-japan.com/charts/detail?a=dlsongs&year=2021&month=03&day=29
2021,dlsongs,2021-03-24,69,Pretender,Official髭男dism,https://www.billboard-japan.com/charts/detail?a=dlsongs&year=2021&month=03&day=29
2021,dlsongs,2021-03-24,70,I LOVE…,Official髭男dism,https://www.billboard-japan.com/charts/detail?a=dlsongs&year=2021&month=03&day=29
2021,dlsongs,2021-03-24,71,Make you happy,NiziU,https://www.billboard-japan.com/charts/detail?a=dlsongs&year=2021&month=03&day=29
2021,dlsongs,2021-03-24,72,輝く未来 I See the Light,"望海風斗,真彩希帆",https://www.billboard-japan.com/charts/detail?a=dlsongs&year=2021&month=03&day=29
2021,dlsongs,2021-03-24,73,Believe in you,nonoc,https://www.billboard-japan.com/charts/detail?a=dlsongs&year=2021&month=03&day=29
2021,dlsongs,2021-03-24,74,HOURGLASS,UVERworld,https://www.billboard-japan.com/charts/detail?a=dlsongs&year=2021&month=03&day=29
2021,dlsongs,2021-03-24,75,Seize The Day,亜咲花,https://www.billboard-japan.com/charts/detail?a=dlsongs&year=2021&month=03&day=29
2021,dlsongs,2021-03-24,76,木漏れ日のエール,"トウカイテイオー(Machico),メジロマックイーン(大西沙織)",https://www.billboard-japan.com/charts/detail?a=dlsongs&year=2021&month=03&day=29
2021,dlsongs,2021-03-24,77,"Stand by me, Stand by you.",平井大,https://www.billboard-japan.com/charts/detail?a=dlsongs&year=2021&month=03&day=29
2021,dlsongs,2021-03-24,78,ぎゅっと。,もさを。,https://www.billboard-japan.com/charts/detail?a=dlsongs&year=2021&month=03&day=29
2021,dlsongs,2021-03-24,79,ツキミソウ,Novelbright,https://www.billboard-japan.com/charts/detail?a=dlsongs&year=2021&month=03&day=29
2021,dlsongs,2021-03-24,80,Long shot,前島麻由,https://www.billboard-japan.com/charts/detail?a=dlsongs&year=2021&month=03&day=29
2021,dlsongs,2021-03-24,81,感電,米津玄師,https://www.billboard-japan.com/charts/detail?a=dlsongs&year=2021&month=03&day=29
2021,dlsongs,2021-03-24,82,再会 (produced by Ayase),LiSA × Uru,https://www.billboard-japan.com/charts/detail?a=dlsongs&year=2021&month=03&day=29
2021,dlsongs,2021-03-24,83,蕾,GReeeeN,https://www.billboard-japan.com/charts/detail?a=dlsongs&year=2021&month=03&day=29
2021,dlsongs,2021-03-24,83,泡,King Gnu,https://www.billboard-japan.com/charts/detail?a=dlsongs&year=2021&month=03&day=29
2021,dlsongs,2021-03-24,85,3月9日,レミオロメン,https://www.billboard-japan.com/charts/detail?a=dlsongs&year=2021&month=03&day=29
2021,dlsongs,2021-03-24,86,ささやかな祈り,ライスシャワー(石見舞菜香),https://www.billboard-japan.com/charts/detail?a=dlsongs&year=2021&month=03&day=29
2021,dlsongs,2021-03-24,87,うまぴょい伝説,"ウオッカ(大橋彩香),ダイワスカーレット(木村千咲),ゴールドシップ(上田瞳)",https://www.billboard-japan.com/charts/detail?a=dlsongs&year=2021&month=03&day=29
2021,dlsongs,2021-03-24,88,はるのとなり,佐々木恵梨,https://www.billboard-japan.com/charts/detail?a=dlsongs&year=2021&month=03&day=29
2021,dlsongs,2021-03-24,89,マリーゴールド,あいみょん,https://www.billboard-japan.com/charts/detail?a=dlsongs&year=2021&month=03&day=29
2021,dlsongs,2021-03-24,90,You Raise Me Up,真彩希帆,https://www.billboard-japan.com/charts/detail?a=dlsongs&year=2021&month=03&day=29
2021,dlsongs,2021-03-24,91,竈門炭治郎のうた,椎名豪 featuring 中川奈美,https://www.billboard-japan.com/charts/detail?a=dlsongs&year=2021&month=03&day=29
2021,dlsongs,2021-03-24,92,グッバイ宣言,Chinozo,https://www.billboard-japan.com/charts/detail?a=dlsongs&year=2021&month=03&day=29
2021,dlsongs,2021-03-24,93,115万キロのフィルム,Official髭男dism,https://www.billboard-japan.com/charts/detail?a=dlsongs&year=2021&month=03&day=29
2021,dlsongs,2021-03-24,94,あとひとつ,FUNKY MONKEY BABYS,https://www.billboard-japan.com/charts/detail?a=dlsongs&year=2021&month=03&day=29
2021,dlsongs,2021-03-24,95,桜流し,宇多田ヒカル,https://www.billboard-japan.com/charts/detail?a=dlsongs&year=2021&month=03&day=29
2021,dlsongs,2021-03-24,96,追い風,SHE'S,https://www.billboard-japan.com/charts/detail?a=dlsongs&year=2021&month=03&day=29
2021,dlsongs,2021-03-24,97,カイト,嵐,https://www.billboard-japan.com/charts/detail?a=dlsongs&year=2021&month=03&day=29
2021,dlsongs,2021-03-24,98,Gifted,GRAPEVINE,https://www.billboard-japan.com/charts/detail?a=dlsongs&year=2021&month=03&day=29
2021,dlsongs,2021-03-24,99,かくれんぼ,優里,https://www.billboard-japan.com/charts/detail?a=dlsongs&year=2021&month=03&day=29
2021,dlsongs,2021-03-24,100,Bluma to Lunch,BLOOM VASE,https://www.billboard-japan.com/charts/detail?a=dlsongs&year=2021&month=03&day=29
2021,dlsongs,2021-03-31,1,One Last Kiss,宇多田ヒカル,https://www.billboard-japan.com/charts/detail?a=dlsongs&year=2021&month=04&day=05
2021,dlsongs,2021-03-31,2,紫の夜を越えて,スピッツ,https://www.billboard-japan.com/charts/detail?a=dlsongs&year=2021&month=04&day=05
2021,dlsongs,2021-03-31,3,怪物,YOASOBI,https://www.billboard-japan.com/charts/detail?a=dlsongs&year=2021&month=04&day=05
2021,dlsongs,2021-03-31,4,うっせぇわ,Ado,https://www.billboard-japan.com/charts/detail?a=dlsongs&year=2021&month=04&day=05
2021,dlsongs,2021-03-31,5,廻廻奇譚,Eve,https://www.billboard-japan.com/charts/detail?a=dlsongs&year=2021&month=04&day=05
2021,dlsongs,2021-03-31,6,ドライフラワー,優里,https://www.billboard-japan.com/charts/detail?a=dlsongs&year=2021&month=04&day=05
2021,dlsongs,2021-03-31,7,夜に駆ける,YOASOBI,https://www.billboard-japan.com/charts/detail?a=dlsongs&year=2021&month=04&day=05
2021,dlsongs,2021-03-31,8,ただいま,手嶌葵,https://www.billboard-japan.com/charts/detail?a=dlsongs&year=2021&month=04&day=05
2021,dlsongs,2021-03-31,9,うまぴょい伝説,Various Artists,https://www.billboard-japan.com/charts/detail?a=dlsongs&year=2021&month=04&day=05
2021,dlsongs,2021-03-31,10,Dynamite,BTS,https://www.billboard-japan.com/charts/detail?a=dlsongs&year=2021&month=04&day=05
2021,dlsongs,2021-03-31,11,炎,LiSA,https://www.billboard-japan.com/charts/detail?a=dlsongs&year=2021&month=04&day=05
2021,dlsongs,2021-03-31,12,優しい彗星,YOASOBI,https://www.billboard-japan.com/charts/detail?a=dlsongs&year=2021&month=04&day=05
2021,dlsongs,2021-03-31,13,群青,YOASOBI,https://www.billboard-japan.com/charts/detail?a=dlsongs&year=2021&month=04&day=05
2021,dlsongs,2021-03-31,14,桜が降る夜は,あいみょん,https://www.billboard-japan.com/charts/detail?a=dlsongs&year=2021&month=04&day=05
2021,dlsongs,2021-03-31,15,虹,菅田将暉,https://www.billboard-japan.com/charts/detail?a=dlsongs&year=2021&month=04&day=05
2021,dlsongs,2021-03-31,16,勿忘,Awesome City Club,https://www.billboard-japan.com/charts/detail?a=dlsongs&year=2021&month=04&day=05
2021,dlsongs,2021-03-31,17,GIRLS' LEGEND U,Various Artists,https://www.billboard-japan.com/charts/detail?a=dlsongs&year=2021&month=04&day=05
2021,dlsongs,2021-03-31,18,Poppin' Shakin',NiziU,https://www.billboard-japan.com/charts/detail?a=dlsongs&year=2021&month=04&day=05
2021,dlsongs,2021-03-31,19,風になって,[Alexandros],https://www.billboard-japan.com/charts/detail?a=dlsongs&year=2021&month=04&day=05
2021,dlsongs,2021-03-31,20,明日への手紙,手嶌葵,https://www.billboard-japan.com/charts/detail?a=dlsongs&year=2021&month=04&day=05
2021,dlsongs,2021-03-31,21,春を告げる,yama,https://www.billboard-japan.com/charts/detail?a=dlsongs&year=2021&month=04&day=05
2021,dlsongs,2021-03-31,22,ギラギラ,Ado,https://www.billboard-japan.com/charts/detail?a=dlsongs&year=2021&month=04&day=05
2021,dlsongs,2021-03-31,23,VIVID VICE,Who-ya Extended,https://www.billboard-japan.com/charts/detail?a=dlsongs&year=2021&month=04&day=05
2021,dlsongs,2021-03-31,24,Luv Bias,Kis-My-Ft2,https://www.billboard-japan.com/charts/detail?a=dlsongs&year=2021&month=04&day=05
2021,dlsongs,2021-03-31,25,Make debut!,スピカ,https://www.billboard-japan.com/charts/detail?a=dlsongs&year=2021&month=04&day=05
2021,dlsongs,2021-03-31,26,forgive,Bank Band feat. MISIA,https://www.billboard-japan.com/charts/detail?a=dlsongs&year=2021&month=04&day=05
2021,dlsongs,2021-03-31,27,Beautiful World (Da Capo Version),宇多田ヒカル,https://www.billboard-japan.com/charts/detail?a=dlsongs&year=2021&month=04&day=05
2021,dlsongs,2021-03-31,28,猫 〜THE FIRST TAKE ver.〜,DISH//,https://www.billboard-japan.com/charts/detail?a=dlsongs&year=2021&month=04&day=05
2021,dlsongs,2021-03-31,29,流れ行く命,HIMEHINA,https://www.billboard-japan.com/charts/detail?a=dlsongs&year=2021&month=04&day=05
2021,dlsongs,2021-03-31,30,Reason to FIGHT,Fling Posse vs MAD TRIGGER CREW,https://www.billboard-japan.com/charts/detail?a=dlsongs&year=2021&month=04&day=05
2021,dlsongs,2021-03-31,31,shining,宮本浩次,https://www.billboard-japan.com/charts/detail?a=dlsongs&year=2021&month=04&day=05
2021,dlsongs,2021-03-31,32,Beautiful World,宇多田ヒカル,https://www.billboard-japan.com/charts/detail?a=dlsongs&year=2021&month=04&day=05
2021,dlsongs,2021-03-31,33,旅路,藤井風,https://www.billboard-japan.com/charts/detail?a=dlsongs&year=2021&month=04&day=05
2021,dlsongs,2021-03-31,34,ユメヲカケル!,"""スペシャルウィーク(和氣あず未),サイレンススズカ(高野麻里佳),トウカイテイオー(Machico),ウオッカ(大橋彩香),ダイワスカーレット(木村千咲),ゴールドシップ(上田瞳),メジロマックイー",https://www.billboard-japan.com/charts/detail?a=dlsongs&year=2021&month=04&day=05
2021,dlsongs,2021-03-31,35,紅蓮華,LiSA,https://www.billboard-japan.com/charts/detail?a=dlsongs&year=2021&month=04&day=05
2021,dlsongs,2021-03-31,36,Not the End,安田レイ,https://www.billboard-japan.com/charts/detail?a=dlsongs&year=2021&month=04&day=05
2021,dlsongs,2021-03-31,37,inside you,milet,https://www.billboard-japan.com/charts/detail?a=dlsongs&year=2021&month=04&day=05
2021,dlsongs,2021-03-31,38,猫,DISH//,https://www.billboard-japan.com/charts/detail?a=dlsongs&year=2021&month=04&day=05
2021,dlsongs,2021-03-31,39,Black Journey,Fling Posse,https://www.billboard-japan.com/charts/detail?a=dlsongs&year=2021&month=04&day=05
2021,dlsongs,2021-03-31,40,STAR,BiSH,https://www.billboard-japan.com/charts/detail?a=dlsongs&year=2021&month=04&day=05
2021,dlsongs,2021-03-31,41,Universe,Official髭男dism,https://www.billboard-japan.com/charts/detail?a=dlsongs&year=2021&month=04&day=05
2021,dlsongs,2021-03-31,42,裸の心,あいみょん,https://www.billboard-japan.com/charts/detail?a=dlsongs&year=2021&month=04&day=05
2021,dlsongs,2021-03-31,43,"Baby, it's you",YUKI,https://www.billboard-japan.com/charts/detail?a=dlsongs&year=2021&month=04&day=05
2021,dlsongs,2021-03-31,44,たとえたとえ,緑黄色社会,https://www.billboard-japan.com/charts/detail?a=dlsongs&year=2021&month=04&day=05
2021,dlsongs,2021-03-31,45,アンコール,YOASOBI,https://www.billboard-japan.com/charts/detail?a=dlsongs&year=2021&month=04&day=05
2021,dlsongs,2021-03-31,46,星を仰ぐ,菅田将暉,https://www.billboard-japan.com/charts/detail?a=dlsongs&year=2021&month=04&day=05
2021,dlsongs,2021-03-31,47,竈門炭治郎のうた,椎名豪 featuring 中川奈美,https://www.billboard-japan.com/charts/detail?a=dlsongs&year=2021&month=04&day=05
2021,dlsongs,2021-03-31,48,HUNTING CHARM,MAD TRIGGER CREW,https://www.billboard-japan.com/charts/detail?a=dlsongs&year=2021&month=04&day=05
2021,dlsongs,2021-03-31,49,ハルノヒ,あいみょん,https://www.billboard-japan.com/charts/detail?a=dlsongs&year=2021&month=04&day=05
2021,dlsongs,2021-03-31,50,空と青,家入レオ,https://www.billboard-japan.com/charts/detail?a=dlsongs&year=2021&month=04&day=05
2021,dlsongs,2021-03-31,51,Roar,KAT-TUN,https://www.billboard-japan.com/charts/detail?a=dlsongs&year=2021&month=04&day=05
2021,dlsongs,2021-03-31,52,白日,King Gnu,https://www.billboard-japan.com/charts/detail?a=dlsongs&year=2021&month=04&day=05
2021,dlsongs,2021-03-31,53,春泥棒,ヨルシカ,https://www.billboard-japan.com/charts/detail?a=dlsongs&year=2021&month=04&day=05
2021,dlsongs,2021-03-31,54,TSUZUKU,いきものがかり,https://www.billboard-japan.com/charts/detail?a=dlsongs&year=2021&month=04&day=05
2021,dlsongs,2021-03-31,55,ハルカ,YOASOBI,https://www.billboard-japan.com/charts/detail?a=dlsongs&year=2021&month=04&day=05
2021,dlsongs,2021-03-31,56,アイノカタチ feat.HIDE(GReeeeN),MISIA,https://www.billboard-japan.com/charts/detail?a=dlsongs&year=2021&month=04&day=05
2021,dlsongs,2021-03-31,57,YELLOW HAPPINESS,EXILE,https://www.billboard-japan.com/charts/detail?a=dlsongs&year=2021&month=04&day=05
2021,dlsongs,2021-03-31,58,Jack & Jeanne Of Quartz,"立花希佐(寺崎裕香),高科更文(近藤孝行),睦実介(笠間淳),根地黒門(岸尾だいすけ),白田美ツ騎(梶原岳人),織巻寿々(内田雄馬),世長創司郎(佐藤元)",https://www.billboard-japan.com/charts/detail?a=dlsongs&year=2021&month=04&day=05
2021,dlsongs,2021-03-31,59,Believe in you,nonoc,https://www.billboard-japan.com/charts/detail?a=dlsongs&year=2021&month=04&day=05
2021,dlsongs,2021-03-31,60,Long shot,前島麻由,https://www.billboard-japan.com/charts/detail?a=dlsongs&year=2021&month=04&day=05
2021,dlsongs,2021-03-31,61,一寸の赤,yama,https://www.billboard-japan.com/charts/detail?a=dlsongs&year=2021&month=04&day=05
2021,dlsongs,2021-03-31,62,give it back,Co shu Nie,https://www.billboard-japan.com/charts/detail?a=dlsongs&year=2021&month=04&day=05
2021,dlsongs,2021-03-31,63,ハルジオン,YOASOBI,https://www.billboard-japan.com/charts/detail?a=dlsongs&year=2021&month=04&day=05
2021,dlsongs,2021-03-31,64,LOST IN PARADISE feat. AKLO,ALI,https://www.billboard-japan.com/charts/detail?a=dlsongs&year=2021&month=04&day=05
2021,dlsongs,2021-03-31,65,winning the soul,トウカイテイオー(Machico),https://www.billboard-japan.com/charts/detail?a=dlsongs&year=2021&month=04&day=05
2021,dlsongs,2021-03-31,66,さんさーら!,ARuFa,https://www.billboard-japan.com/charts/detail?a=dlsongs&year=2021&month=04&day=05
2021,dlsongs,2021-03-31,67,PARADOX,EXILE,https://www.billboard-japan.com/charts/detail?a=dlsongs&year=2021&month=04&day=05
2021,dlsongs,2021-03-31,68,感電,米津玄師,https://www.billboard-japan.com/charts/detail?a=dlsongs&year=2021&month=04&day=05
2021,dlsongs,2021-03-31,69,レディメイド,Ado,https://www.billboard-japan.com/charts/detail?a=dlsongs&year=2021&month=04&day=05
2021,dlsongs,2021-03-31,70,木漏れ日のエール,"トウカイテイオー(Machico),メジロマックイーン(大西沙織)",https://www.billboard-japan.com/charts/detail?a=dlsongs&year=2021&month=04&day=05
2021,dlsongs,2021-03-31,71,Pretender,Official髭男dism,https://www.billboard-japan.com/charts/detail?a=dlsongs&year=2021&month=04&day=05
2021,dlsongs,2021-03-31,72,僕の戦争,神聖かまってちゃん,https://www.billboard-japan.com/charts/detail?a=dlsongs&year=2021&month=04&day=05
2021,dlsongs,2021-03-31,73,Make you happy,NiziU,https://www.billboard-japan.com/charts/detail?a=dlsongs&year=2021&month=04&day=05
2021,dlsongs,2021-03-31,74,魔法の絨毯,川崎鷹也,https://www.billboard-japan.com/charts/detail?a=dlsongs&year=2021&month=04&day=05
2021,dlsongs,2021-03-31,75,NEXT FRONTIER,"グラスワンダー(前田玲奈),メジロマックイーン(大西沙織),テイエムオペラオー(徳井青空),ライスシャワー(石見舞菜香),スーパークリーク(優木かな),ゼンノロブロイ(照井春佳)",https://www.billboard-japan.com/charts/detail?a=dlsongs&year=2021&month=04&day=05
2021,dlsongs,2021-03-31,76,本能スピード,"""オグリキャップ(高柳知葉),ウオッカ(大橋彩香),タイキシャトル(大坪由佳),エルコンドルパサー(高橋ミナミ),サクラバクシンオー(三澤紗千香),ビコーペガサス(田中あいみ),ナイスネイチャ(前田佳",https://www.billboard-japan.com/charts/detail?a=dlsongs&year=2021&month=04&day=05
2021,dlsongs,2021-03-31,77,卒業,生田絵梨花,https://www.billboard-japan.com/charts/detail?a=dlsongs&year=2021&month=04&day=05
2021,dlsongs,2021-03-31,78,うまぴょい伝説,トレーナー(沖野晃司),https://www.billboard-japan.com/charts/detail?a=dlsongs&year=2021&month=04&day=05
2021,dlsongs,2021-03-31,79,さくら(独唱),森山直太朗,https://www.billboard-japan.com/charts/detail?a=dlsongs&year=2021&month=04&day=05
2021,dlsongs,2021-03-31,80,残酷な天使のテーゼ,高橋洋子,https://www.billboard-japan.com/charts/detail?a=dlsongs&year=2021&month=04&day=05
2021,dlsongs,2021-03-31,81,Born To Be Wild,JO1,https://www.billboard-japan.com/charts/detail?a=dlsongs&year=2021&month=04&day=05
2021,dlsongs,2021-03-31,82,Mela!,緑黄色社会,https://www.billboard-japan.com/charts/detail?a=dlsongs&year=2021&month=04&day=05
2021,dlsongs,2021-03-31,83,BRAND NEW STARS!! (紅月 ver.),紅月,https://www.billboard-japan.com/charts/detail?a=dlsongs&year=2021&month=04&day=05
2021,dlsongs,2021-03-31,84,ワタリドリ,[ALEXANDROS],https://www.billboard-japan.com/charts/detail?a=dlsongs&year=2021&month=04&day=05
2021,dlsongs,2021-03-31,85,I LOVE…,Official髭男dism,https://www.billboard-japan.com/charts/detail?a=dlsongs&year=2021&month=04&day=05
2021,dlsongs,2021-03-31,86,マリーゴールド,あいみょん,https://www.billboard-japan.com/charts/detail?a=dlsongs&year=2021&month=04&day=05
2021,dlsongs,2021-03-31,87,さくら,ケツメイシ,https://www.billboard-japan.com/charts/detail?a=dlsongs&year=2021&month=04&day=05
2021,dlsongs,2021-03-31,88,"Stand by me, Stand by you.",平井大,https://www.billboard-japan.com/charts/detail?a=dlsongs&year=2021&month=04&day=05
2021,dlsongs,2021-03-31,89,魂のルフラン,高橋洋子,https://www.billboard-japan.com/charts/detail?a=dlsongs&year=2021&month=04&day=05
2021,dlsongs,2021-03-31,90,グッバイ宣言,Chinozo,https://www.billboard-japan.com/charts/detail?a=dlsongs&year=2021&month=04&day=05
2021,dlsongs,2021-03-31,91,Seize The Day,亜咲花,https://www.billboard-japan.com/charts/detail?a=dlsongs&year=2021&month=04&day=05
2021,dlsongs,2021-03-31,92,Dejavina,リサイタルズ,https://www.billboard-japan.com/charts/detail?a=dlsongs&year=2021&month=04&day=05
2021,dlsongs,2021-03-31,93,Evolve Forward in Hazard,"Fear,and Loathing in Las Vegas",https://www.billboard-japan.com/charts/detail?a=dlsongs&year=2021&month=04&day=05
2021,dlsongs,2021-03-31,94,Bluma to Lunch,BLOOM VASE,https://www.billboard-japan.com/charts/detail?a=dlsongs&year=2021&month=04&day=05
2021,dlsongs,2021-03-31,95,ライオン,ベリーグッドマン,https://www.billboard-japan.com/charts/detail?a=dlsongs&year=2021&month=04&day=05
2021,dlsongs,2021-03-31,96,スーパーガール,あいみょん,https://www.billboard-japan.com/charts/detail?a=dlsongs&year=2021&month=04&day=05
2021,dlsongs,2021-03-31,97,My lovely ghost,YUKI,https://www.billboard-japan.com/charts/detail?a=dlsongs&year=2021&month=04&day=05
2021,dlsongs,2021-03-31,98,再会 (produced by Ayase),LiSA × Uru,https://www.billboard-japan.com/charts/detail?a=dlsongs&year=2021&month=04&day=05
2021,dlsongs,2021-03-31,99,115万キロのフィルム,Official髭男dism,https://www.billboard-japan.com/charts/detail?a=dlsongs&year=2021&month=04&day=05
2021,dlsongs,2021-03-31,100,はるのとなり,佐々木恵梨,https://www.billboard-japan.com/charts/detail?a=dlsongs&year=2021&month=04&day=05
2021,dlsongs,2021-04-07,1,Film out,BTS,https://www.billboard-japan.com/charts/detail?a=dlsongs&year=2021&month=04&day=12
2021,dlsongs,2021-04-07,2,Take a picture,NiziU,https://www.billboard-japan.com/charts/detail?a=dlsongs&year=2021&month=04&day=12
2021,dlsongs,2021-04-07,3,One Last Kiss,宇多田ヒカル,https://www.billboard-japan.com/charts/detail?a=dlsongs&year=2021&month=04&day=12
2021,dlsongs,2021-04-07,4,怪物,YOASOBI,https://www.billboard-japan.com/charts/detail?a=dlsongs&year=2021&month=04&day=12
2021,dlsongs,2021-04-07,5,ドライフラワー,優里,https://www.billboard-japan.com/charts/detail?a=dlsongs&year=2021&month=04&day=12
2021,dlsongs,2021-04-07,6,夜に駆ける,YOASOBI,https://www.billboard-japan.com/charts/detail?a=dlsongs&year=2021&month=04&day=12
2021,dlsongs,2021-04-07,7,廻廻奇譚,Eve,https://www.billboard-japan.com/charts/detail?a=dlsongs&year=2021&month=04&day=12
2021,dlsongs,2021-04-07,8,うっせぇわ,Ado,https://www.billboard-japan.com/charts/detail?a=dlsongs&year=2021&month=04&day=12
2021,dlsongs,2021-04-07,9,ユメヲカケル!,"""スペシャルウィーク(和氣あず未),サイレンススズカ(高野麻里佳),トウカイテイオー(Machico),ウオッカ(大橋彩香),ダイワスカーレット(木村千咲),ゴールドシップ(上田瞳),メジロマックイー",https://www.billboard-japan.com/charts/detail?a=dlsongs&year=2021&month=04&day=12
2021,dlsongs,2021-04-07,10,勿忘,Awesome City Club,https://www.billboard-japan.com/charts/detail?a=dlsongs&year=2021&month=04&day=12
2021,dlsongs,2021-04-07,11,紫の夜を越えて,スピッツ,https://www.billboard-japan.com/charts/detail?a=dlsongs&year=2021&month=04&day=12
2021,dlsongs,2021-04-07,12,うまぴょい伝説,Various Artists,https://www.billboard-japan.com/charts/detail?a=dlsongs&year=2021&month=04&day=12
2021,dlsongs,2021-04-07,13,Poppin' Shakin',NiziU,https://www.billboard-japan.com/charts/detail?a=dlsongs&year=2021&month=04&day=12
2021,dlsongs,2021-04-07,14,群青,YOASOBI,https://www.billboard-japan.com/charts/detail?a=dlsongs&year=2021&month=04&day=12
2021,dlsongs,2021-04-07,15,Dynamite,BTS,https://www.billboard-japan.com/charts/detail?a=dlsongs&year=2021&month=04&day=12
2021,dlsongs,2021-04-07,16,優しい彗星,YOASOBI,https://www.billboard-japan.com/charts/detail?a=dlsongs&year=2021&month=04&day=12
2021,dlsongs,2021-04-07,17,桜が降る夜は,あいみょん,https://www.billboard-japan.com/charts/detail?a=dlsongs&year=2021&month=04&day=12
2021,dlsongs,2021-04-07,18,ギラギラ,Ado,https://www.billboard-japan.com/charts/detail?a=dlsongs&year=2021&month=04&day=12
2021,dlsongs,2021-04-07,19,緑酒,東京事変,https://www.billboard-japan.com/charts/detail?a=dlsongs&year=2021&month=04&day=12
2021,dlsongs,2021-04-07,20,炎,LiSA,https://www.billboard-japan.com/charts/detail?a=dlsongs&year=2021&month=04&day=12
2021,dlsongs,2021-04-07,21,ただいま,手嶌葵,https://www.billboard-japan.com/charts/detail?a=dlsongs&year=2021&month=04&day=12
2021,dlsongs,2021-04-07,22,こんど、君と,小田和正,https://www.billboard-japan.com/charts/detail?a=dlsongs&year=2021&month=04&day=12
2021,dlsongs,2021-04-07,23,GIRLS' LEGEND U,Various Artists,https://www.billboard-japan.com/charts/detail?a=dlsongs&year=2021&month=04&day=12
2021,dlsongs,2021-04-07,24,Make debut!,スピカ,https://www.billboard-japan.com/charts/detail?a=dlsongs&year=2021&month=04&day=12
2021,dlsongs,2021-04-07,25,虹,菅田将暉,https://www.billboard-japan.com/charts/detail?a=dlsongs&year=2021&month=04&day=12
2021,dlsongs,2021-04-07,26,春を告げる,yama,https://www.billboard-japan.com/charts/detail?a=dlsongs&year=2021&month=04&day=12
2021,dlsongs,2021-04-07,27,VIVID VICE,Who-ya Extended,https://www.billboard-japan.com/charts/detail?a=dlsongs&year=2021&month=04&day=12
2021,dlsongs,2021-04-07,28,猫 〜THE FIRST TAKE ver.〜,DISH//,https://www.billboard-japan.com/charts/detail?a=dlsongs&year=2021&month=04&day=12
2021,dlsongs,2021-04-07,29,アンコール,YOASOBI,https://www.billboard-japan.com/charts/detail?a=dlsongs&year=2021&month=04&day=12
2021,dlsongs,2021-04-07,30,旅路,藤井風,https://www.billboard-japan.com/charts/detail?a=dlsongs&year=2021&month=04&day=12
2021,dlsongs,2021-04-07,31,Beautiful World,宇多田ヒカル,https://www.billboard-japan.com/charts/detail?a=dlsongs&year=2021&month=04&day=12
2021,dlsongs,2021-04-07,32,風になって,[Alexandros],https://www.billboard-japan.com/charts/detail?a=dlsongs&year=2021&month=04&day=12
2021,dlsongs,2021-04-07,33,Beautiful World (Da Capo Version),宇多田ヒカル,https://www.billboard-japan.com/charts/detail?a=dlsongs&year=2021&month=04&day=12
2021,dlsongs,2021-04-07,34,ハルジオン,YOASOBI,https://www.billboard-japan.com/charts/detail?a=dlsongs&year=2021&month=04&day=12
2021,dlsongs,2021-04-07,35,猫,DISH//,https://www.billboard-japan.com/charts/detail?a=dlsongs&year=2021&month=04&day=12
2021,dlsongs,2021-04-07,36,Universe,Official髭男dism,https://www.billboard-japan.com/charts/detail?a=dlsongs&year=2021&month=04&day=12
2021,dlsongs,2021-04-07,37,白日,King Gnu,https://www.billboard-japan.com/charts/detail?a=dlsongs&year=2021&month=04&day=12
2021,dlsongs,2021-04-07,38,紅蓮華,LiSA,https://www.billboard-japan.com/charts/detail?a=dlsongs&year=2021&month=04&day=12
2021,dlsongs,2021-04-07,39,Soul salvation,林原めぐみ,https://www.billboard-japan.com/charts/detail?a=dlsongs&year=2021&month=04&day=12
2021,dlsongs,2021-04-07,40,Luv Bias,Kis-My-Ft2,https://www.billboard-japan.com/charts/detail?a=dlsongs&year=2021&month=04&day=12
2021,dlsongs,2021-04-07,41,Long shot,前島麻由,https://www.billboard-japan.com/charts/detail?a=dlsongs&year=2021&month=04&day=12
2021,dlsongs,2021-04-07,42,三文小説,King Gnu,https://www.billboard-japan.com/charts/detail?a=dlsongs&year=2021&month=04&day=12
2021,dlsongs,2021-04-07,43,winning the soul,トウカイテイオー(Machico),https://www.billboard-japan.com/charts/detail?a=dlsongs&year=2021&month=04&day=12
2021,dlsongs,2021-04-07,44,インパーフェクト,オーイシマサヨシ,https://www.billboard-japan.com/charts/detail?a=dlsongs&year=2021&month=04&day=12
2021,dlsongs,2021-04-07,45,ハルカ,YOASOBI,https://www.billboard-japan.com/charts/detail?a=dlsongs&year=2021&month=04&day=12
2021,dlsongs,2021-04-07,46,Jack & Jeanne Of Quartz,"立花希佐(寺崎裕香),高科更文(近藤孝行),睦実介(笠間淳),根地黒門(岸尾だいすけ),白田美ツ騎(梶原岳人),織巻寿々(内田雄馬),世長創司郎(佐藤元)",https://www.billboard-japan.com/charts/detail?a=dlsongs&year=2021&month=04&day=12
2021,dlsongs,2021-04-07,47,木漏れ日のエール,"トウカイテイオー(Machico),メジロマックイーン(大西沙織)",https://www.billboard-japan.com/charts/detail?a=dlsongs&year=2021&month=04&day=12
2021,dlsongs,2021-04-07,48,鼓動,藍井エイル,https://www.billboard-japan.com/charts/detail?a=dlsongs&year=2021&month=04&day=12
2021,dlsongs,2021-04-07,49,Not the End,安田レイ,https://www.billboard-japan.com/charts/detail?a=dlsongs&year=2021&month=04&day=12
2021,dlsongs,2021-04-07,50,ツキミソウ,Novelbright,https://www.billboard-japan.com/charts/detail?a=dlsongs&year=2021&month=04&day=12
2021,dlsongs,2021-04-07,51,LOST IN PARADISE feat. AKLO,ALI,https://www.billboard-japan.com/charts/detail?a=dlsongs&year=2021&month=04&day=12
2021,dlsongs,2021-04-07,52,春泥棒,ヨルシカ,https://www.billboard-japan.com/charts/detail?a=dlsongs&year=2021&month=04&day=12
2021,dlsongs,2021-04-07,53,魔法の絨毯,川崎鷹也,https://www.billboard-japan.com/charts/detail?a=dlsongs&year=2021&month=04&day=12
2021,dlsongs,2021-04-07,54,forgive,Bank Band feat. MISIA,https://www.billboard-japan.com/charts/detail?a=dlsongs&year=2021&month=04&day=12
2021,dlsongs,2021-04-07,55,青春病,藤井風,https://www.billboard-japan.com/charts/detail?a=dlsongs&year=2021&month=04&day=12
2021,dlsongs,2021-04-07,56,裸の心,あいみょん,https://www.billboard-japan.com/charts/detail?a=dlsongs&year=2021&month=04&day=12
2021,dlsongs,2021-04-07,57,Bluma to Lunch,BLOOM VASE,https://www.billboard-japan.com/charts/detail?a=dlsongs&year=2021&month=04&day=12
2021,dlsongs,2021-04-07,58,レディメイド,Ado,https://www.billboard-japan.com/charts/detail?a=dlsongs&year=2021&month=04&day=12
2021,dlsongs,2021-04-07,59,give it back,Co shu Nie,https://www.billboard-japan.com/charts/detail?a=dlsongs&year=2021&month=04&day=12
2021,dlsongs,2021-04-07,60,ハルノヒ,あいみょん,https://www.billboard-japan.com/charts/detail?a=dlsongs&year=2021&month=04&day=12
2021,dlsongs,2021-04-07,61,Make you happy,NiziU,https://www.billboard-japan.com/charts/detail?a=dlsongs&year=2021&month=04&day=12
2021,dlsongs,2021-04-07,62,タカラモノ,平井大,https://www.billboard-japan.com/charts/detail?a=dlsongs&year=2021&month=04&day=12
2021,dlsongs,2021-04-07,63,ワタリドリ,[ALEXANDROS],https://www.billboard-japan.com/charts/detail?a=dlsongs&year=2021&month=04&day=12
2021,dlsongs,2021-04-07,64,アイノカタチ feat.HIDE(GReeeeN),MISIA,https://www.billboard-japan.com/charts/detail?a=dlsongs&year=2021&month=04&day=12
2021,dlsongs,2021-04-07,65,グッバイ宣言,Chinozo,https://www.billboard-japan.com/charts/detail?a=dlsongs&year=2021&month=04&day=12
2021,dlsongs,2021-04-07,66,smile smile ship Start!,Aqours,https://www.billboard-japan.com/charts/detail?a=dlsongs&year=2021&month=04&day=12
2021,dlsongs,2021-04-07,66,さくら,ケツメイシ,https://www.billboard-japan.com/charts/detail?a=dlsongs&year=2021&month=04&day=12
2021,dlsongs,2021-04-07,68,うまぴょい伝説,トレーナー(沖野晃司),https://www.billboard-japan.com/charts/detail?a=dlsongs&year=2021&month=04&day=12
2021,dlsongs,2021-04-07,69,"Stand by me, Stand by you.",平井大,https://www.billboard-japan.com/charts/detail?a=dlsongs&year=2021&month=04&day=12
2021,dlsongs,2021-04-07,70,Pretender,Official髭男dism,https://www.billboard-japan.com/charts/detail?a=dlsongs&year=2021&month=04&day=12
2021,dlsongs,2021-04-07,71,115万キロのフィルム,Official髭男dism,https://www.billboard-japan.com/charts/detail?a=dlsongs&year=2021&month=04&day=12
2021,dlsongs,2021-04-07,72,僕の戦争,神聖かまってちゃん,https://www.billboard-japan.com/charts/detail?a=dlsongs&year=2021&month=04&day=12
2021,dlsongs,2021-04-07,73,星を仰ぐ,菅田将暉,https://www.billboard-japan.com/charts/detail?a=dlsongs&year=2021&month=04&day=12
2021,dlsongs,2021-04-07,74,竈門炭治郎のうた,椎名豪 featuring 中川奈美,https://www.billboard-japan.com/charts/detail?a=dlsongs&year=2021&month=04&day=12
2021,dlsongs,2021-04-07,75,Big Revolution,ジェジュン,https://www.billboard-japan.com/charts/detail?a=dlsongs&year=2021&month=04&day=12
2021,dlsongs,2021-04-07,76,CITRUS,Da-iCE,https://www.billboard-japan.com/charts/detail?a=dlsongs&year=2021&month=04&day=12
2021,dlsongs,2021-04-07,77,NEXT FRONTIER,"グラスワンダー(前田玲奈),メジロマックイーン(大西沙織),テイエムオペラオー(徳井青空),ライスシャワー(石見舞菜香),スーパークリーク(優木かな),ゼンノロブロイ(照井春佳)",https://www.billboard-japan.com/charts/detail?a=dlsongs&year=2021&month=04&day=12
2021,dlsongs,2021-04-07,78,STAR,BiSH,https://www.billboard-japan.com/charts/detail?a=dlsongs&year=2021&month=04&day=12
2021,dlsongs,2021-04-07,79,I LOVE…,Official髭男dism,https://www.billboard-japan.com/charts/detail?a=dlsongs&year=2021&month=04&day=12
2021,dlsongs,2021-04-07,80,本能スピード,"""オグリキャップ(高柳知葉),ウオッカ(大橋彩香),タイキシャトル(大坪由佳),エルコンドルパサー(高橋ミナミ),サクラバクシンオー(三澤紗千香),ビコーペガサス(田中あいみ),ナイスネイチャ(前田佳",https://www.billboard-japan.com/charts/detail?a=dlsongs&year=2021&month=04&day=12
2021,dlsongs,2021-04-07,81,一寸の赤,yama,https://www.billboard-japan.com/charts/detail?a=dlsongs&year=2021&month=04&day=12
2021,dlsongs,2021-04-07,82,感電,米津玄師,https://www.billboard-japan.com/charts/detail?a=dlsongs&year=2021&month=04&day=12
2021,dlsongs,2021-04-07,83,Wherever you are,ONE OK ROCK,https://www.billboard-japan.com/charts/detail?a=dlsongs&year=2021&month=04&day=12
2021,dlsongs,2021-04-07,84,空と青,家入レオ,https://www.billboard-japan.com/charts/detail?a=dlsongs&year=2021&month=04&day=12
2021,dlsongs,2021-04-07,85,CHILDAYS,BLOOM VASE,https://www.billboard-japan.com/charts/detail?a=dlsongs&year=2021&month=04&day=12
2021,dlsongs,2021-04-07,86,さんさーら!,ARuFa,https://www.billboard-japan.com/charts/detail?a=dlsongs&year=2021&month=04&day=12
2021,dlsongs,2021-04-07,87,My Day,テミン,https://www.billboard-japan.com/charts/detail?a=dlsongs&year=2021&month=04&day=12
2021,dlsongs,2021-04-07,88,恋はダービー☆,トウカイテイオー(Machico),https://www.billboard-japan.com/charts/detail?a=dlsongs&year=2021&month=04&day=12
2021,dlsongs,2021-04-07,89,リーヴ・ザ・ドア・オープン,ブルーノ・マーズ、アンダーソン・パーク&シルク・ソニック,https://www.billboard-japan.com/charts/detail?a=dlsongs&year=2021&month=04&day=12
2021,dlsongs,2021-04-07,90,Seize The Day,亜咲花,https://www.billboard-japan.com/charts/detail?a=dlsongs&year=2021&month=04&day=12
2021,dlsongs,2021-04-07,91,Believe in you,nonoc,https://www.billboard-japan.com/charts/detail?a=dlsongs&year=2021&month=04&day=12
2021,dlsongs,2021-04-07,92,Roar,KAT-TUN,https://www.billboard-japan.com/charts/detail?a=dlsongs&year=2021&month=04&day=12
2021,dlsongs,2021-04-07,93,再会 (produced by Ayase),LiSA × Uru,https://www.billboard-japan.com/charts/detail?a=dlsongs&year=2021&month=04&day=12
2021,dlsongs,2021-04-07,94,PARADOX,EXILE,https://www.billboard-japan.com/charts/detail?a=dlsongs&year=2021&month=04&day=12
2021,dlsongs,2021-04-07,95,Step and a step,NiziU,https://www.billboard-japan.com/charts/detail?a=dlsongs&year=2021&month=04&day=12
2021,dlsongs,2021-04-07,96,明日へ,MISIA,https://www.billboard-japan.com/charts/detail?a=dlsongs&year=2021&month=04&day=12
2021,dlsongs,2021-04-07,97,かくれんぼ,優里,https://www.billboard-japan.com/charts/detail?a=dlsongs&year=2021&month=04&day=12
2021,dlsongs,2021-04-07,98,VOYAGER 〜 日付のない墓標,松任谷由実,https://www.billboard-japan.com/charts/detail?a=dlsongs&year=2021&month=04&day=12
2021,dlsongs,2021-04-07,99,あなたがいることで,Uru,https://www.billboard-japan.com/charts/detail?a=dlsongs&year=2021&month=04&day=12
2021,dlsongs,2021-04-07,100,あの夢をなぞって,YOASOBI,https://www.billboard-japan.com/charts/detail?a=dlsongs&year=2021&month=04&day=12
2021,dlsongs,2021-04-14,1,Take a picture,NiziU,https://www.billboard-japan.com/charts/detail?a=dlsongs&year=2021&month=04&day=19
2021,dlsongs,2021-04-14,2,Poppin' Shakin',NiziU,https://www.billboard-japan.com/charts/detail?a=dlsongs&year=2021&month=04&day=19
2021,dlsongs,2021-04-14,3,Film out,BTS,https://www.billboard-japan.com/charts/detail?a=dlsongs&year=2021&month=04&day=19
2021,dlsongs,2021-04-14,4,Little Romance,Knights,https://www.billboard-japan.com/charts/detail?a=dlsongs&year=2021&month=04&day=19
2021,dlsongs,2021-04-14,5,One Last Kiss,宇多田ヒカル,https://www.billboard-japan.com/charts/detail?a=dlsongs&year=2021&month=04&day=19
2021,dlsongs,2021-04-14,6,ドライフラワー,優里,https://www.billboard-japan.com/charts/detail?a=dlsongs&year=2021&month=04&day=19
2021,dlsongs,2021-04-14,7,怪物,YOASOBI,https://www.billboard-japan.com/charts/detail?a=dlsongs&year=2021&month=04&day=19
2021,dlsongs,2021-04-14,8,鋼の羽根,RADWIMPS,https://www.billboard-japan.com/charts/detail?a=dlsongs&year=2021&month=04&day=19
2021,dlsongs,2021-04-14,9,夜に駆ける,YOASOBI,https://www.billboard-japan.com/charts/detail?a=dlsongs&year=2021&month=04&day=19
2021,dlsongs,2021-04-14,10,I AM,NiziU,https://www.billboard-japan.com/charts/detail?a=dlsongs&year=2021&month=04&day=19
2021,dlsongs,2021-04-14,11,勿忘,Awesome City Club,https://www.billboard-japan.com/charts/detail?a=dlsongs&year=2021&month=04&day=19
2021,dlsongs,2021-04-14,12,うまぴょい伝説,Various Artists,https://www.billboard-japan.com/charts/detail?a=dlsongs&year=2021&month=04&day=19
2021,dlsongs,2021-04-14,13,うっせぇわ,Ado,https://www.billboard-japan.com/charts/detail?a=dlsongs&year=2021&month=04&day=19
2021,dlsongs,2021-04-14,14,No.1,DISH//,https://www.billboard-japan.com/charts/detail?a=dlsongs&year=2021&month=04&day=19
2021,dlsongs,2021-04-14,15,廻廻奇譚,Eve,https://www.billboard-japan.com/charts/detail?a=dlsongs&year=2021&month=04&day=19
2021,dlsongs,2021-04-14,16,ユメヲカケル!,"""スペシャルウィーク(和氣あず未),サイレンススズカ(高野麻里佳),トウカイテイオー(Machico),ウオッカ(大橋彩香),ダイワスカーレット(木村千咲),ゴールドシップ(上田瞳),メジロマックイー",https://www.billboard-japan.com/charts/detail?a=dlsongs&year=2021&month=04&day=19
2021,dlsongs,2021-04-14,17,BRAND NEW STARS!! (Knights ver.),Knights,https://www.billboard-japan.com/charts/detail?a=dlsongs&year=2021&month=04&day=19
2021,dlsongs,2021-04-14,18,Dynamite,BTS,https://www.billboard-japan.com/charts/detail?a=dlsongs&year=2021&month=04&day=19
2021,dlsongs,2021-04-14,19,群青,YOASOBI,https://www.billboard-japan.com/charts/detail?a=dlsongs&year=2021&month=04&day=19
2021,dlsongs,2021-04-14,20,全力全開!ゼンカイジャー,"つるの剛士,ことのみ児童合唱団",https://www.billboard-japan.com/charts/detail?a=dlsongs&year=2021&month=04&day=19
2021,dlsongs,2021-04-14,21,紫の夜を越えて,スピッツ,https://www.billboard-japan.com/charts/detail?a=dlsongs&year=2021&month=04&day=19
2021,dlsongs,2021-04-14,22,Make debut!,スピカ,https://www.billboard-japan.com/charts/detail?a=dlsongs&year=2021&month=04&day=19
2021,dlsongs,2021-04-14,23,優しい彗星,YOASOBI,https://www.billboard-japan.com/charts/detail?a=dlsongs&year=2021&month=04&day=19
2021,dlsongs,2021-04-14,24,ツキミソウ,Novelbright,https://www.billboard-japan.com/charts/detail?a=dlsongs&year=2021&month=04&day=19
2021,dlsongs,2021-04-14,25,ギラギラ,Ado,https://www.billboard-japan.com/charts/detail?a=dlsongs&year=2021&month=04&day=19
2021,dlsongs,2021-04-14,26,GIRLS' LEGEND U,Various Artists,https://www.billboard-japan.com/charts/detail?a=dlsongs&year=2021&month=04&day=19
2021,dlsongs,2021-04-14,27,炎,LiSA,https://www.billboard-japan.com/charts/detail?a=dlsongs&year=2021&month=04&day=19
2021,dlsongs,2021-04-14,28,インパーフェクト,オーイシマサヨシ,https://www.billboard-japan.com/charts/detail?a=dlsongs&year=2021&month=04&day=19
2021,dlsongs,2021-04-14,29,春を告げる,yama,https://www.billboard-japan.com/charts/detail?a=dlsongs&year=2021&month=04&day=19
2021,dlsongs,2021-04-14,30,23rd Monster,浜崎あゆみ,https://www.billboard-japan.com/charts/detail?a=dlsongs&year=2021&month=04&day=19
2021,dlsongs,2021-04-14,31,On My Own,HYDE,https://www.billboard-japan.com/charts/detail?a=dlsongs&year=2021&month=04&day=19
2021,dlsongs,2021-04-14,32,Mela!,緑黄色社会,https://www.billboard-japan.com/charts/detail?a=dlsongs&year=2021&month=04&day=19
2021,dlsongs,2021-04-14,33,虹,菅田将暉,https://www.billboard-japan.com/charts/detail?a=dlsongs&year=2021&month=04&day=19
2021,dlsongs,2021-04-14,34,桜が降る夜は,あいみょん,https://www.billboard-japan.com/charts/detail?a=dlsongs&year=2021&month=04&day=19
2021,dlsongs,2021-04-14,35,白日,King Gnu,https://www.billboard-japan.com/charts/detail?a=dlsongs&year=2021&month=04&day=19
2021,dlsongs,2021-04-14,36,三文小説,King Gnu,https://www.billboard-japan.com/charts/detail?a=dlsongs&year=2021&month=04&day=19
2021,dlsongs,2021-04-14,37,永遠の不在証明,東京事変,https://www.billboard-japan.com/charts/detail?a=dlsongs&year=2021&month=04&day=19
2021,dlsongs,2021-04-14,38,Smile & Go!!,不知火フレア,https://www.billboard-japan.com/charts/detail?a=dlsongs&year=2021&month=04&day=19
2021,dlsongs,2021-04-14,39,エンドレスヴィーデ,フラタニティ,https://www.billboard-japan.com/charts/detail?a=dlsongs&year=2021&month=04&day=19
2021,dlsongs,2021-04-14,40,猫 〜THE FIRST TAKE ver.〜,DISH//,https://www.billboard-japan.com/charts/detail?a=dlsongs&year=2021&month=04&day=19
2021,dlsongs,2021-04-14,41,Viva! Spark!トロピカル〜ジュ!プリキュア,Machico,https://www.billboard-japan.com/charts/detail?a=dlsongs&year=2021&month=04&day=19
2021,dlsongs,2021-04-14,42,Resonance+,シャイニーカラーズ,https://www.billboard-japan.com/charts/detail?a=dlsongs&year=2021&month=04&day=19
2021,dlsongs,2021-04-14,43,こんど、君と,小田和正,https://www.billboard-japan.com/charts/detail?a=dlsongs&year=2021&month=04&day=19
2021,dlsongs,2021-04-14,44,鱗(うろこ),秦基博,https://www.billboard-japan.com/charts/detail?a=dlsongs&year=2021&month=04&day=19
2021,dlsongs,2021-04-14,45,VIVID VICE,Who-ya Extended,https://www.billboard-japan.com/charts/detail?a=dlsongs&year=2021&month=04&day=19
2021,dlsongs,2021-04-14,46,Make you happy,NiziU,https://www.billboard-japan.com/charts/detail?a=dlsongs&year=2021&month=04&day=19
2021,dlsongs,2021-04-14,47,Wish you Happiness!!,"辻野あかり(梅澤めぐ),小早川紗枝(立花理香),安部菜々(三宅麻理恵),新田美波(洲崎綾),ナターリア(生田輝),塩見周子(ルゥティン)",https://www.billboard-japan.com/charts/detail?a=dlsongs&year=2021&month=04&day=19
2021,dlsongs,2021-04-14,48,Monologue Note,逢坂壮五(阿部敦),https://www.billboard-japan.com/charts/detail?a=dlsongs&year=2021&month=04&day=19
2021,dlsongs,2021-04-14,49,猫,DISH//,https://www.billboard-japan.com/charts/detail?a=dlsongs&year=2021&month=04&day=19
2021,dlsongs,2021-04-14,50,LOST IN PARADISE feat. AKLO,ALI,https://www.billboard-japan.com/charts/detail?a=dlsongs&year=2021&month=04&day=19
2021,dlsongs,2021-04-14,51,アンコール,YOASOBI,https://www.billboard-japan.com/charts/detail?a=dlsongs&year=2021&month=04&day=19
2021,dlsongs,2021-04-14,52,YOUR LIFE YOUR GAME,THE RAMPAGE from EXILE TRIBE,https://www.billboard-japan.com/charts/detail?a=dlsongs&year=2021&month=04&day=19
2021,dlsongs,2021-04-14,53,オレンジ,寺西優真,https://www.billboard-japan.com/charts/detail?a=dlsongs&year=2021&month=04&day=19
2021,dlsongs,2021-04-14,54,Step and a step,NiziU,https://www.billboard-japan.com/charts/detail?a=dlsongs&year=2021&month=04&day=19
2021,dlsongs,2021-04-14,55,winning the soul,トウカイテイオー(Machico),https://www.billboard-japan.com/charts/detail?a=dlsongs&year=2021&month=04&day=19
2021,dlsongs,2021-04-14,56,始まりは君の空,Liella!,https://www.billboard-japan.com/charts/detail?a=dlsongs&year=2021&month=04&day=19
2021,dlsongs,2021-04-14,57,紅蓮華,LiSA,https://www.billboard-japan.com/charts/detail?a=dlsongs&year=2021&month=04&day=19
2021,dlsongs,2021-04-14,58,Happy Days Creation!,Re:vale & IDOLiSH7,https://www.billboard-japan.com/charts/detail?a=dlsongs&year=2021&month=04&day=19
2021,dlsongs,2021-04-14,59,Beautiful World (Da Capo Version),宇多田ヒカル,https://www.billboard-japan.com/charts/detail?a=dlsongs&year=2021&month=04&day=19
2021,dlsongs,2021-04-14,60,ハルジオン,YOASOBI,https://www.billboard-japan.com/charts/detail?a=dlsongs&year=2021&month=04&day=19
2021,dlsongs,2021-04-14,61,Beautiful World,宇多田ヒカル,https://www.billboard-japan.com/charts/detail?a=dlsongs&year=2021&month=04&day=19
2021,dlsongs,2021-04-14,62,ハルカ,YOASOBI,https://www.billboard-japan.com/charts/detail?a=dlsongs&year=2021&month=04&day=19
2021,dlsongs,2021-04-14,63,Who am I,Creepy Nuts,https://www.billboard-japan.com/charts/detail?a=dlsongs&year=2021&month=04&day=19
2021,dlsongs,2021-04-14,64,Happy's Birthday,S.E.M,https://www.billboard-japan.com/charts/detail?a=dlsongs&year=2021&month=04&day=19
2021,dlsongs,2021-04-14,65,ただいま,手嶌葵,https://www.billboard-japan.com/charts/detail?a=dlsongs&year=2021&month=04&day=19
2021,dlsongs,2021-04-14,66,グッバイ宣言,Chinozo,https://www.billboard-japan.com/charts/detail?a=dlsongs&year=2021&month=04&day=19
2021,dlsongs,2021-04-14,67,旅路,藤井風,https://www.billboard-japan.com/charts/detail?a=dlsongs&year=2021&month=04&day=19
2021,dlsongs,2021-04-14,68,魔法の絨毯,川崎鷹也,https://www.billboard-japan.com/charts/detail?a=dlsongs&year=2021&month=04&day=19
2021,dlsongs,2021-04-14,69,CITRUS,Da-iCE,https://www.billboard-japan.com/charts/detail?a=dlsongs&year=2021&month=04&day=19
2021,dlsongs,2021-04-14,70,Universe,Official髭男dism,https://www.billboard-japan.com/charts/detail?a=dlsongs&year=2021&month=04&day=19
2021,dlsongs,2021-04-14,71,よるのあと,adieu,https://www.billboard-japan.com/charts/detail?a=dlsongs&year=2021&month=04&day=19
2021,dlsongs,2021-04-14,72,トロピカ I・N・G,吉武千颯,https://www.billboard-japan.com/charts/detail?a=dlsongs&year=2021&month=04&day=19
2021,dlsongs,2021-04-14,73,Wherever you are,ONE OK ROCK,https://www.billboard-japan.com/charts/detail?a=dlsongs&year=2021&month=04&day=19
2021,dlsongs,2021-04-14,74,Bluma to Lunch,BLOOM VASE,https://www.billboard-japan.com/charts/detail?a=dlsongs&year=2021&month=04&day=19
2021,dlsongs,2021-04-14,75,木漏れ日のエール,"トウカイテイオー(Machico),メジロマックイーン(大西沙織)",https://www.billboard-japan.com/charts/detail?a=dlsongs&year=2021&month=04&day=19
2021,dlsongs,2021-04-14,75,アイノカタチ feat.HIDE(GReeeeN),MISIA,https://www.billboard-japan.com/charts/detail?a=dlsongs&year=2021&month=04&day=19
2021,dlsongs,2021-04-14,77,うまぴょい伝説,トレーナー(沖野晃司),https://www.billboard-japan.com/charts/detail?a=dlsongs&year=2021&month=04&day=19
2021,dlsongs,2021-04-14,78,鼓動,藍井エイル,https://www.billboard-japan.com/charts/detail?a=dlsongs&year=2021&month=04&day=19
2021,dlsongs,2021-04-14,79,この夢が醒めるまでfeat.吉田兄弟,加藤ミリヤ,https://www.billboard-japan.com/charts/detail?a=dlsongs&year=2021&month=04&day=19
2021,dlsongs,2021-04-14,80,ZENSHiN ZENREi,BiSH,https://www.billboard-japan.com/charts/detail?a=dlsongs&year=2021&month=04&day=19
2021,dlsongs,2021-04-14,81,Pretender,Official髭男dism,https://www.billboard-japan.com/charts/detail?a=dlsongs&year=2021&month=04&day=19
2021,dlsongs,2021-04-14,82,Awakening Myth,Eden,https://www.billboard-japan.com/charts/detail?a=dlsongs&year=2021&month=04&day=19
2021,dlsongs,2021-04-14,83,春泥棒,ヨルシカ,https://www.billboard-japan.com/charts/detail?a=dlsongs&year=2021&month=04&day=19
2021,dlsongs,2021-04-14,84,Soul salvation,林原めぐみ,https://www.billboard-japan.com/charts/detail?a=dlsongs&year=2021&month=04&day=19
2021,dlsongs,2021-04-14,85,Not the End,安田レイ,https://www.billboard-japan.com/charts/detail?a=dlsongs&year=2021&month=04&day=19
2021,dlsongs,2021-04-14,86,あなたがいることで,Uru,https://www.billboard-japan.com/charts/detail?a=dlsongs&year=2021&month=04&day=19
2021,dlsongs,2021-04-14,87,ReSTARTING!!,愛美,https://www.billboard-japan.com/charts/detail?a=dlsongs&year=2021&month=04&day=19
2021,dlsongs,2021-04-14,88,Seize The Day,亜咲花,https://www.billboard-japan.com/charts/detail?a=dlsongs&year=2021&month=04&day=19
2021,dlsongs,2021-04-14,89,裸の心,あいみょん,https://www.billboard-japan.com/charts/detail?a=dlsongs&year=2021&month=04&day=19
2021,dlsongs,2021-04-14,90,リーヴ・ザ・ドア・オープン,ブルーノ・マーズ、アンダーソン・パーク&シルク・ソニック,https://www.billboard-japan.com/charts/detail?a=dlsongs&year=2021&month=04&day=19
2021,dlsongs,2021-04-14,91,ストロボメモリー,内田真礼,https://www.billboard-japan.com/charts/detail?a=dlsongs&year=2021&month=04&day=19
2021,dlsongs,2021-04-14,92,レディメイド,Ado,https://www.billboard-japan.com/charts/detail?a=dlsongs&year=2021&month=04&day=19
2021,dlsongs,2021-04-14,93,id:entity voices,hololive Indonesia,https://www.billboard-japan.com/charts/detail?a=dlsongs&year=2021&month=04&day=19
2021,dlsongs,2021-04-14,94,I LOVE…,Official髭男dism,https://www.billboard-japan.com/charts/detail?a=dlsongs&year=2021&month=04&day=19
2021,dlsongs,2021-04-14,95,My Way,Def Tech,https://www.billboard-japan.com/charts/detail?a=dlsongs&year=2021&month=04&day=19
2021,dlsongs,2021-04-14,96,はるのとなり,佐々木恵梨,https://www.billboard-japan.com/charts/detail?a=dlsongs&year=2021&month=04&day=19
2021,dlsongs,2021-04-14,97,はしりがき,マカロニえんぴつ,https://www.billboard-japan.com/charts/detail?a=dlsongs&year=2021&month=04&day=19
2021,dlsongs,2021-04-14,98,恋はダービー☆,トウカイテイオー(Machico),https://www.billboard-japan.com/charts/detail?a=dlsongs&year=2021&month=04&day=19
2021,dlsongs,2021-04-14,99,NEXT FRONTIER,"グラスワンダー(前田玲奈),メジロマックイーン(大西沙織),テイエムオペラオー(徳井青空),ライスシャワー(石見舞菜香),スーパークリーク(優木かな),ゼンノロブロイ(照井春佳)",https://www.billboard-japan.com/charts/detail?a=dlsongs&year=2021&month=04&day=19
2021,dlsongs,2021-04-14,100,"Stand by me, Stand by you.",平井大,https://www.billboard-japan.com/charts/detail?a=dlsongs&year=2021&month=04&day=19
2021,dlsongs,2021-04-21,1,Renegades,ONE OK ROCK,https://www.billboard-japan.com/charts/detail?a=dlsongs&year=2021&month=04&day=26
2021,dlsongs,2021-04-21,2,Take a picture,NiziU,https://www.billboard-japan.com/charts/detail?a=dlsongs&year=2021&month=04&day=26
2021,dlsongs,2021-04-21,3,BAN,櫻坂46,https://www.billboard-japan.com/charts/detail?a=dlsongs&year=2021&month=04&day=26
2021,dlsongs,2021-04-21,4,ドライフラワー,優里,https://www.billboard-japan.com/charts/detail?a=dlsongs&year=2021&month=04&day=26
2021,dlsongs,2021-04-21,5,GHOST,星街すいせい,https://www.billboard-japan.com/charts/detail?a=dlsongs&year=2021&month=04&day=26
2021,dlsongs,2021-04-21,6,怪物,YOASOBI,https://www.billboard-japan.com/charts/detail?a=dlsongs&year=2021&month=04&day=26
2021,dlsongs,2021-04-21,7,One Last Kiss,宇多田ヒカル,https://www.billboard-japan.com/charts/detail?a=dlsongs&year=2021&month=04&day=26
2021,dlsongs,2021-04-21,8,うっせぇわ,Ado,https://www.billboard-japan.com/charts/detail?a=dlsongs&year=2021&month=04&day=26
2021,dlsongs,2021-04-21,9,永遠の不在証明,東京事変,https://www.billboard-japan.com/charts/detail?a=dlsongs&year=2021&month=04&day=26
2021,dlsongs,2021-04-21,10,Poppin' Shakin',NiziU,https://www.billboard-japan.com/charts/detail?a=dlsongs&year=2021&month=04&day=26
2021,dlsongs,2021-04-21,11,夜に駆ける,YOASOBI,https://www.billboard-japan.com/charts/detail?a=dlsongs&year=2021&month=04&day=26
2021,dlsongs,2021-04-21,12,廻廻奇譚,Eve,https://www.billboard-japan.com/charts/detail?a=dlsongs&year=2021&month=04&day=26
2021,dlsongs,2021-04-21,13,うまぴょい伝説,Various Artists,https://www.billboard-japan.com/charts/detail?a=dlsongs&year=2021&month=04&day=26
2021,dlsongs,2021-04-21,14,Dynamite,BTS,https://www.billboard-japan.com/charts/detail?a=dlsongs&year=2021&month=04&day=26
2021,dlsongs,2021-04-21,15,ユメヲカケル!,"""スペシャルウィーク(和氣あず未),サイレンススズカ(高野麻里佳),トウカイテイオー(Machico),ウオッカ(大橋彩香),ダイワスカーレット(木村千咲),ゴールドシップ(上田瞳),メジロマックイー",https://www.billboard-japan.com/charts/detail?a=dlsongs&year=2021&month=04&day=26
2021,dlsongs,2021-04-21,16,勿忘,Awesome City Club,https://www.billboard-japan.com/charts/detail?a=dlsongs&year=2021&month=04&day=26
2021,dlsongs,2021-04-21,17,Film out,BTS,https://www.billboard-japan.com/charts/detail?a=dlsongs&year=2021&month=04&day=26
2021,dlsongs,2021-04-21,18,Presence I,STUTS & 松たか子 with 3exes feat. KID FRESINO,https://www.billboard-japan.com/charts/detail?a=dlsongs&year=2021&month=04&day=26
2021,dlsongs,2021-04-21,19,ころねの最凶天災わんだふぉーわーるど,戌神ころね,https://www.billboard-japan.com/charts/detail?a=dlsongs&year=2021&month=04&day=26
2021,dlsongs,2021-04-21,20,Shaft of Light,岡野昭仁,https://www.billboard-japan.com/charts/detail?a=dlsongs&year=2021&month=04&day=26
2021,dlsongs,2021-04-21,21,群青,YOASOBI,https://www.billboard-japan.com/charts/detail?a=dlsongs&year=2021&month=04&day=26
2021,dlsongs,2021-04-21,22,Make debut!,スピカ,https://www.billboard-japan.com/charts/detail?a=dlsongs&year=2021&month=04&day=26
2021,dlsongs,2021-04-21,23,No.1,DISH//,https://www.billboard-japan.com/charts/detail?a=dlsongs&year=2021&month=04&day=26
2021,dlsongs,2021-04-21,24,虹,菅田将暉,https://www.billboard-japan.com/charts/detail?a=dlsongs&year=2021&month=04&day=26
2021,dlsongs,2021-04-21,25,炎,LiSA,https://www.billboard-japan.com/charts/detail?a=dlsongs&year=2021&month=04&day=26
2021,dlsongs,2021-04-21,26,ギラギラ,Ado,https://www.billboard-japan.com/charts/detail?a=dlsongs&year=2021&month=04&day=26
2021,dlsongs,2021-04-21,27,Colorblind,OMI,https://www.billboard-japan.com/charts/detail?a=dlsongs&year=2021&month=04&day=26
2021,dlsongs,2021-04-21,28,GIRLS' LEGEND U,Various Artists,https://www.billboard-japan.com/charts/detail?a=dlsongs&year=2021&month=04&day=26
2021,dlsongs,2021-04-21,29,インパーフェクト,オーイシマサヨシ,https://www.billboard-japan.com/charts/detail?a=dlsongs&year=2021&month=04&day=26
2021,dlsongs,2021-04-21,30,ひとりじゃない,SEVENTEEN,https://www.billboard-japan.com/charts/detail?a=dlsongs&year=2021&month=04&day=26
2021,dlsongs,2021-04-21,31,優しい彗星,YOASOBI,https://www.billboard-japan.com/charts/detail?a=dlsongs&year=2021&month=04&day=26
2021,dlsongs,2021-04-21,32,鋼の羽根,RADWIMPS,https://www.billboard-japan.com/charts/detail?a=dlsongs&year=2021&month=04&day=26
2021,dlsongs,2021-04-21,33,エンデヴァー,Dragon Ash,https://www.billboard-japan.com/charts/detail?a=dlsongs&year=2021&month=04&day=26
2021,dlsongs,2021-04-21,34,I AM,NiziU,https://www.billboard-japan.com/charts/detail?a=dlsongs&year=2021&month=04&day=26
2021,dlsongs,2021-04-21,35,wonderland,Aimer(エメ),https://www.billboard-japan.com/charts/detail?a=dlsongs&year=2021&month=04&day=26
2021,dlsongs,2021-04-21,36,Soul salvation,林原めぐみ,https://www.billboard-japan.com/charts/detail?a=dlsongs&year=2021&month=04&day=26
2021,dlsongs,2021-04-21,37,猫 〜THE FIRST TAKE ver.〜,DISH//,https://www.billboard-japan.com/charts/detail?a=dlsongs&year=2021&month=04&day=26
2021,dlsongs,2021-04-21,38,2words,DEEP SQUAD,https://www.billboard-japan.com/charts/detail?a=dlsongs&year=2021&month=04&day=26
2021,dlsongs,2021-04-21,39,Color Days,シャイニーカラーズ,https://www.billboard-japan.com/charts/detail?a=dlsongs&year=2021&month=04&day=26
2021,dlsongs,2021-04-21,40,猫,DISH//,https://www.billboard-japan.com/charts/detail?a=dlsongs&year=2021&month=04&day=26
2021,dlsongs,2021-04-21,41,Little Romance,Knights,https://www.billboard-japan.com/charts/detail?a=dlsongs&year=2021&month=04&day=26
2021,dlsongs,2021-04-21,42,しわあわせ,Vaundy,https://www.billboard-japan.com/charts/detail?a=dlsongs&year=2021&month=04&day=26
2021,dlsongs,2021-04-21,43,ツキミソウ,Novelbright,https://www.billboard-japan.com/charts/detail?a=dlsongs&year=2021&month=04&day=26
2021,dlsongs,2021-04-21,44,桜が降る夜は,あいみょん,https://www.billboard-japan.com/charts/detail?a=dlsongs&year=2021&month=04&day=26
2021,dlsongs,2021-04-21,45,Atlantis,SHINee,https://www.billboard-japan.com/charts/detail?a=dlsongs&year=2021&month=04&day=26
2021,dlsongs,2021-04-21,46,春を告げる,yama,https://www.billboard-japan.com/charts/detail?a=dlsongs&year=2021&month=04&day=26
2021,dlsongs,2021-04-21,47,VIVID VICE,Who-ya Extended,https://www.billboard-japan.com/charts/detail?a=dlsongs&year=2021&month=04&day=26
2021,dlsongs,2021-04-21,48,Resonance+,シャイニーカラーズ,https://www.billboard-japan.com/charts/detail?a=dlsongs&year=2021&month=04&day=26
2021,dlsongs,2021-04-21,49,Make you happy,NiziU,https://www.billboard-japan.com/charts/detail?a=dlsongs&year=2021&month=04&day=26
2021,dlsongs,2021-04-21,50,紫の夜を越えて,スピッツ,https://www.billboard-japan.com/charts/detail?a=dlsongs&year=2021&month=04&day=26
2021,dlsongs,2021-04-21,50,白日,King Gnu,https://www.billboard-japan.com/charts/detail?a=dlsongs&year=2021&month=04&day=26
2021,dlsongs,2021-04-21,52,winning the soul,トウカイテイオー(Machico),https://www.billboard-japan.com/charts/detail?a=dlsongs&year=2021&month=04&day=26
2021,dlsongs,2021-04-21,53,ever since,高橋優,https://www.billboard-japan.com/charts/detail?a=dlsongs&year=2021&month=04&day=26
2021,dlsongs,2021-04-21,54,Mela!,緑黄色社会,https://www.billboard-japan.com/charts/detail?a=dlsongs&year=2021&month=04&day=26
2021,dlsongs,2021-04-21,55,紅蓮華,LiSA,https://www.billboard-japan.com/charts/detail?a=dlsongs&year=2021&month=04&day=26
2021,dlsongs,2021-04-21,56,この夢が醒めるまでfeat.吉田兄弟,加藤ミリヤ,https://www.billboard-japan.com/charts/detail?a=dlsongs&year=2021&month=04&day=26
2021,dlsongs,2021-04-21,57,#ボクノユビサキ,林原めぐみ,https://www.billboard-japan.com/charts/detail?a=dlsongs&year=2021&month=04&day=26
2021,dlsongs,2021-04-21,58,飛行船,優里,https://www.billboard-japan.com/charts/detail?a=dlsongs&year=2021&month=04&day=26
2021,dlsongs,2021-04-21,59,Run to You,SEVENTEEN,https://www.billboard-japan.com/charts/detail?a=dlsongs&year=2021&month=04&day=26
2021,dlsongs,2021-04-21,60,Area,SHINee,https://www.billboard-japan.com/charts/detail?a=dlsongs&year=2021&month=04&day=26
2021,dlsongs,2021-04-21,61,HOME;RUN,SEVENTEEN,https://www.billboard-japan.com/charts/detail?a=dlsongs&year=2021&month=04&day=26
2021,dlsongs,2021-04-21,62,cold rain,Aimer(エメ),https://www.billboard-japan.com/charts/detail?a=dlsongs&year=2021&month=04&day=26
2021,dlsongs,2021-04-21,63,Days and Years,SHINee,https://www.billboard-japan.com/charts/detail?a=dlsongs&year=2021&month=04&day=26
2021,dlsongs,2021-04-21,64,アンコール,YOASOBI,https://www.billboard-japan.com/charts/detail?a=dlsongs&year=2021&month=04&day=26
2021,dlsongs,2021-04-21,65,Chilly Chili Sauce,WANIMA,https://www.billboard-japan.com/charts/detail?a=dlsongs&year=2021&month=04&day=26
2021,dlsongs,2021-04-21,66,吠えろ!,スキマスイッチ,https://www.billboard-japan.com/charts/detail?a=dlsongs&year=2021&month=04&day=26
2021,dlsongs,2021-04-21,67,ever after,Aimer(エメ),https://www.billboard-japan.com/charts/detail?a=dlsongs&year=2021&month=04&day=26
2021,dlsongs,2021-04-21,68,ハルジオン,YOASOBI,https://www.billboard-japan.com/charts/detail?a=dlsongs&year=2021&month=04&day=26
2021,dlsongs,2021-04-21,69,Pretender,Official髭男dism,https://www.billboard-japan.com/charts/detail?a=dlsongs&year=2021&month=04&day=26
2021,dlsongs,2021-04-21,70,ハルノヒ,あいみょん,https://www.billboard-japan.com/charts/detail?a=dlsongs&year=2021&month=04&day=26
2021,dlsongs,2021-04-21,71,Step and a step,NiziU,https://www.billboard-japan.com/charts/detail?a=dlsongs&year=2021&month=04&day=26
2021,dlsongs,2021-04-21,72,BLIZZARD,BURNOUT SYNDROMES,https://www.billboard-japan.com/charts/detail?a=dlsongs&year=2021&month=04&day=26
2021,dlsongs,2021-04-21,73,全力全開!ゼンカイジャー,"つるの剛士,ことのみ児童合唱団",https://www.billboard-japan.com/charts/detail?a=dlsongs&year=2021&month=04&day=26
2021,dlsongs,2021-04-21,74,旅路,藤井風,https://www.billboard-japan.com/charts/detail?a=dlsongs&year=2021&month=04&day=26
2021,dlsongs,2021-04-21,75,グッバイ宣言,Chinozo,https://www.billboard-japan.com/charts/detail?a=dlsongs&year=2021&month=04&day=26
2021,dlsongs,2021-04-21,76,思ったよりも寂しくない,櫻坂46,https://www.billboard-japan.com/charts/detail?a=dlsongs&year=2021&month=04&day=26
2021,dlsongs,2021-04-21,77,はしりがき,マカロニえんぴつ,https://www.billboard-japan.com/charts/detail?a=dlsongs&year=2021&month=04&day=26
2021,dlsongs,2021-04-21,78,レディメイド,Ado,https://www.billboard-japan.com/charts/detail?a=dlsongs&year=2021&month=04&day=26
2021,dlsongs,2021-04-21,79,ハルカ,YOASOBI,https://www.billboard-japan.com/charts/detail?a=dlsongs&year=2021&month=04&day=26
2021,dlsongs,2021-04-21,80,Beautiful World,宇多田ヒカル,https://www.billboard-japan.com/charts/detail?a=dlsongs&year=2021&month=04&day=26
2021,dlsongs,2021-04-21,81,アイノカタチ feat.HIDE(GReeeeN),MISIA,https://www.billboard-japan.com/charts/detail?a=dlsongs&year=2021&month=04&day=26
2021,dlsongs,2021-04-21,82,偶然の答え,櫻坂46,https://www.billboard-japan.com/charts/detail?a=dlsongs&year=2021&month=04&day=26
2021,dlsongs,2021-04-21,83,CITRUS,Da-iCE,https://www.billboard-japan.com/charts/detail?a=dlsongs&year=2021&month=04&day=26
2021,dlsongs,2021-04-21,84,LOST IN PARADISE feat. AKLO,ALI,https://www.billboard-japan.com/charts/detail?a=dlsongs&year=2021&month=04&day=26
2021,dlsongs,2021-04-21,85,Beautiful World (Da Capo Version),宇多田ヒカル,https://www.billboard-japan.com/charts/detail?a=dlsongs&year=2021&month=04&day=26
2021,dlsongs,2021-04-21,86,キラキラ忘レテ,t-Ace,https://www.billboard-japan.com/charts/detail?a=dlsongs&year=2021&month=04&day=26
2021,dlsongs,2021-04-21,87,魔法の絨毯,川崎鷹也,https://www.billboard-japan.com/charts/detail?a=dlsongs&year=2021&month=04&day=26
2021,dlsongs,2021-04-21,88,Heaven come down,brainchild's,https://www.billboard-japan.com/charts/detail?a=dlsongs&year=2021&month=04&day=26
2021,dlsongs,2021-04-21,89,I LOVE…,Official髭男dism,https://www.billboard-japan.com/charts/detail?a=dlsongs&year=2021&month=04&day=26
2021,dlsongs,2021-04-21,90,ストロボメモリー,内田真礼,https://www.billboard-japan.com/charts/detail?a=dlsongs&year=2021&month=04&day=26
2021,dlsongs,2021-04-21,91,三文小説,King Gnu,https://www.billboard-japan.com/charts/detail?a=dlsongs&year=2021&month=04&day=26
2021,dlsongs,2021-04-21,92,うまぴょい伝説,トレーナー(沖野晃司),https://www.billboard-japan.com/charts/detail?a=dlsongs&year=2021&month=04&day=26
2021,dlsongs,2021-04-21,93,裸の心,あいみょん,https://www.billboard-japan.com/charts/detail?a=dlsongs&year=2021&month=04&day=26
2021,dlsongs,2021-04-21,94,無敵☆moment,Peaky P-key,https://www.billboard-japan.com/charts/detail?a=dlsongs&year=2021&month=04&day=26
2021,dlsongs,2021-04-21,95,Bluma to Lunch,BLOOM VASE,https://www.billboard-japan.com/charts/detail?a=dlsongs&year=2021&month=04&day=26
2021,dlsongs,2021-04-21,96,Universe,Official髭男dism,https://www.billboard-japan.com/charts/detail?a=dlsongs&year=2021&month=04&day=26
2021,dlsongs,2021-04-21,97,ピーターパン,優里,https://www.billboard-japan.com/charts/detail?a=dlsongs&year=2021&month=04&day=26
2021,dlsongs,2021-04-21,97,恋はダービー☆,トウカイテイオー(Machico),https://www.billboard-japan.com/charts/detail?a=dlsongs&year=2021&month=04&day=26
2021,dlsongs,2021-04-21,99,"Stand by me, Stand by you.",平井大,https://www.billboard-japan.com/charts/detail?a=dlsongs&year=2021&month=04&day=26
2021,dlsongs,2021-04-21,100,木漏れ日のエール,"トウカイテイオー(Machico),メジロマックイーン(大西沙織)",https://www.billboard-japan.com/charts/detail?a=dlsongs&year=2021&month=04&day=26
2021,dlsongs,2021-04-28,1,Renegades,ONE OK ROCK,https://www.billboard-japan.com/charts/detail?a=dlsongs&year=2021&month=05&day=03
2021,dlsongs,2021-04-28,2,怪物,YOASOBI,https://www.billboard-japan.com/charts/detail?a=dlsongs&year=2021&month=05&day=03
2021,dlsongs,2021-04-28,3,ヒプノシスマイク -Glory or Dust-,Division All Stars,https://www.billboard-japan.com/charts/detail?a=dlsongs&year=2021&month=05&day=03
2021,dlsongs,2021-04-28,4,うっせぇわ,Ado,https://www.billboard-japan.com/charts/detail?a=dlsongs&year=2021&month=05&day=03
2021,dlsongs,2021-04-28,5,青空,ケツメイシ,https://www.billboard-japan.com/charts/detail?a=dlsongs&year=2021&month=05&day=03
2021,dlsongs,2021-04-28,6,ドライフラワー,優里,https://www.billboard-japan.com/charts/detail?a=dlsongs&year=2021&month=05&day=03
2021,dlsongs,2021-04-28,7,Take a picture,NiziU,https://www.billboard-japan.com/charts/detail?a=dlsongs&year=2021&month=05&day=03
2021,dlsongs,2021-04-28,8,永遠の不在証明,東京事変,https://www.billboard-japan.com/charts/detail?a=dlsongs&year=2021&month=05&day=03
2021,dlsongs,2021-04-28,9,One Last Kiss,宇多田ヒカル,https://www.billboard-japan.com/charts/detail?a=dlsongs&year=2021&month=05&day=03
2021,dlsongs,2021-04-28,10,廻廻奇譚,Eve,https://www.billboard-japan.com/charts/detail?a=dlsongs&year=2021&month=05&day=03
2021,dlsongs,2021-04-28,11,夜に駆ける,YOASOBI,https://www.billboard-japan.com/charts/detail?a=dlsongs&year=2021&month=05&day=03
2021,dlsongs,2021-04-28,12,Another Great Day!!,LiSA,https://www.billboard-japan.com/charts/detail?a=dlsongs&year=2021&month=05&day=03
2021,dlsongs,2021-04-28,13,うまぴょい伝説,Various Artists,https://www.billboard-japan.com/charts/detail?a=dlsongs&year=2021&month=05&day=03
2021,dlsongs,2021-04-28,14,Dynamite,BTS,https://www.billboard-japan.com/charts/detail?a=dlsongs&year=2021&month=05&day=03
2021,dlsongs,2021-04-28,15,勿忘,Awesome City Club,https://www.billboard-japan.com/charts/detail?a=dlsongs&year=2021&month=05&day=03
2021,dlsongs,2021-04-28,16,Presence I,STUTS & 松たか子 with 3exes feat. KID FRESINO,https://www.billboard-japan.com/charts/detail?a=dlsongs&year=2021&month=05&day=03
2021,dlsongs,2021-04-28,17,Kura Kura,TWICE,https://www.billboard-japan.com/charts/detail?a=dlsongs&year=2021&month=05&day=03
2021,dlsongs,2021-04-28,18,ギラギラ,Ado,https://www.billboard-japan.com/charts/detail?a=dlsongs&year=2021&month=05&day=03
2021,dlsongs,2021-04-28,19,GHOST,星街すいせい,https://www.billboard-japan.com/charts/detail?a=dlsongs&year=2021&month=05&day=03
2021,dlsongs,2021-04-28,20,群青,YOASOBI,https://www.billboard-japan.com/charts/detail?a=dlsongs&year=2021&month=05&day=03
2021,dlsongs,2021-04-28,21,ユメヲカケル!,"""スペシャルウィーク(和氣あず未),サイレンススズカ(高野麻里佳),トウカイテイオー(Machico),ウオッカ(大橋彩香),ダイワスカーレット(木村千咲),ゴールドシップ(上田瞳),メジロマックイー",https://www.billboard-japan.com/charts/detail?a=dlsongs&year=2021&month=05&day=03
2021,dlsongs,2021-04-28,22,インパーフェクト,オーイシマサヨシ,https://www.billboard-japan.com/charts/detail?a=dlsongs&year=2021&month=05&day=03
2021,dlsongs,2021-04-28,23,Poppin' Shakin',NiziU,https://www.billboard-japan.com/charts/detail?a=dlsongs&year=2021&month=05&day=03
2021,dlsongs,2021-04-28,24,Lunch with me,桃鈴ねね,https://www.billboard-japan.com/charts/detail?a=dlsongs&year=2021&month=05&day=03
2021,dlsongs,2021-04-28,25,Make debut!,スピカ,https://www.billboard-japan.com/charts/detail?a=dlsongs&year=2021&month=05&day=03
2021,dlsongs,2021-04-28,26,BAN,櫻坂46,https://www.billboard-japan.com/charts/detail?a=dlsongs&year=2021&month=05&day=03
2021,dlsongs,2021-04-28,27,Film out,BTS,https://www.billboard-japan.com/charts/detail?a=dlsongs&year=2021&month=05&day=03
2021,dlsongs,2021-04-28,28,虹,菅田将暉,https://www.billboard-japan.com/charts/detail?a=dlsongs&year=2021&month=05&day=03
2021,dlsongs,2021-04-28,29,炎,LiSA,https://www.billboard-japan.com/charts/detail?a=dlsongs&year=2021&month=05&day=03
2021,dlsongs,2021-04-28,30,GIRLS' LEGEND U,Various Artists,https://www.billboard-japan.com/charts/detail?a=dlsongs&year=2021&month=05&day=03
2021,dlsongs,2021-04-28,31,カサナルキセキ,KAN+秦基博,https://www.billboard-japan.com/charts/detail?a=dlsongs&year=2021&month=05&day=03
2021,dlsongs,2021-04-28,32,REMEMBER,Masto,https://www.billboard-japan.com/charts/detail?a=dlsongs&year=2021&month=05&day=03
2021,dlsongs,2021-04-28,33,Shake & Shake,sumika,https://www.billboard-japan.com/charts/detail?a=dlsongs&year=2021&month=05&day=03
2021,dlsongs,2021-04-28,34,Sing My Pleasure,ヴィヴィ(八木海莉),https://www.billboard-japan.com/charts/detail?a=dlsongs&year=2021&month=05&day=03
2021,dlsongs,2021-04-28,35,優しい彗星,YOASOBI,https://www.billboard-japan.com/charts/detail?a=dlsongs&year=2021&month=05&day=03
2021,dlsongs,2021-04-28,36,LIBERATION,GENERATIONS from EXILE TRIBE,https://www.billboard-japan.com/charts/detail?a=dlsongs&year=2021&month=05&day=03
2021,dlsongs,2021-04-28,37,No.1,DISH//,https://www.billboard-japan.com/charts/detail?a=dlsongs&year=2021&month=05&day=03
2021,dlsongs,2021-04-28,38,春を告げる,yama,https://www.billboard-japan.com/charts/detail?a=dlsongs&year=2021&month=05&day=03
2021,dlsongs,2021-04-28,39,Can you feel my heart,倉木麻衣,https://www.billboard-japan.com/charts/detail?a=dlsongs&year=2021&month=05&day=03
2021,dlsongs,2021-04-28,40,桜が降る夜は,あいみょん,https://www.billboard-japan.com/charts/detail?a=dlsongs&year=2021&month=05&day=03
2021,dlsongs,2021-04-28,41,ツキミソウ,Novelbright,https://www.billboard-japan.com/charts/detail?a=dlsongs&year=2021&month=05&day=03
2021,dlsongs,2021-04-28,42,Backwards,三浦大知,https://www.billboard-japan.com/charts/detail?a=dlsongs&year=2021&month=05&day=03
2021,dlsongs,2021-04-28,43,しわあわせ,Vaundy,https://www.billboard-japan.com/charts/detail?a=dlsongs&year=2021&month=05&day=03
2021,dlsongs,2021-04-28,44,VIVID VICE,Who-ya Extended,https://www.billboard-japan.com/charts/detail?a=dlsongs&year=2021&month=05&day=03
2021,dlsongs,2021-04-28,45,ひとりじゃない,SEVENTEEN,https://www.billboard-japan.com/charts/detail?a=dlsongs&year=2021&month=05&day=03
2021,dlsongs,2021-04-28,46,飛行船,優里,https://www.billboard-japan.com/charts/detail?a=dlsongs&year=2021&month=05&day=03
2021,dlsongs,2021-04-28,47,Mela!,緑黄色社会,https://www.billboard-japan.com/charts/detail?a=dlsongs&year=2021&month=05&day=03
2021,dlsongs,2021-04-28,48,猫 〜THE FIRST TAKE ver.〜,DISH//,https://www.billboard-japan.com/charts/detail?a=dlsongs&year=2021&month=05&day=03
2021,dlsongs,2021-04-28,49,猫,DISH//,https://www.billboard-japan.com/charts/detail?a=dlsongs&year=2021&month=05&day=03
2021,dlsongs,2021-04-28,50,winning the soul,トウカイテイオー(Machico),https://www.billboard-japan.com/charts/detail?a=dlsongs&year=2021&month=05&day=03
2021,dlsongs,2021-04-28,51,Eden through the rough,西川貴教,https://www.billboard-japan.com/charts/detail?a=dlsongs&year=2021&month=05&day=03
2021,dlsongs,2021-04-28,52,紅蓮華,LiSA,https://www.billboard-japan.com/charts/detail?a=dlsongs&year=2021&month=05&day=03
2021,dlsongs,2021-04-28,53,OUTSIDER RODEO,RAISE A SUILEN,https://www.billboard-japan.com/charts/detail?a=dlsongs&year=2021&month=05&day=03
2021,dlsongs,2021-04-28,54,I LOVE…,Official髭男dism,https://www.billboard-japan.com/charts/detail?a=dlsongs&year=2021&month=05&day=03
2021,dlsongs,2021-04-28,55,EXIST,RAISE A SUILEN,https://www.billboard-japan.com/charts/detail?a=dlsongs&year=2021&month=05&day=03
2021,dlsongs,2021-04-28,56,アンコール,YOASOBI,https://www.billboard-japan.com/charts/detail?a=dlsongs&year=2021&month=05&day=03
2021,dlsongs,2021-04-28,57,レディメイド,Ado,https://www.billboard-japan.com/charts/detail?a=dlsongs&year=2021&month=05&day=03
2021,dlsongs,2021-04-28,58,Soul salvation,林原めぐみ,https://www.billboard-japan.com/charts/detail?a=dlsongs&year=2021&month=05&day=03
2021,dlsongs,2021-04-28,59,BLIZZARD,BURNOUT SYNDROMES,https://www.billboard-japan.com/charts/detail?a=dlsongs&year=2021&month=05&day=03
2021,dlsongs,2021-04-28,60,はしりがき,マカロニえんぴつ,https://www.billboard-japan.com/charts/detail?a=dlsongs&year=2021&month=05&day=03
2021,dlsongs,2021-04-28,61,うまぴょい伝説,トレーナー(沖野晃司),https://www.billboard-japan.com/charts/detail?a=dlsongs&year=2021&month=05&day=03
2021,dlsongs,2021-04-28,62,CITRUS,Da-iCE,https://www.billboard-japan.com/charts/detail?a=dlsongs&year=2021&month=05&day=03
2021,dlsongs,2021-04-28,62,陽はまたのぼる,湘南乃風,https://www.billboard-japan.com/charts/detail?a=dlsongs&year=2021&month=05&day=03
2021,dlsongs,2021-04-28,64,グッバイ宣言,Chinozo,https://www.billboard-japan.com/charts/detail?a=dlsongs&year=2021&month=05&day=03
2021,dlsongs,2021-04-28,65,Universe,Official髭男dism,https://www.billboard-japan.com/charts/detail?a=dlsongs&year=2021&month=05&day=03
2021,dlsongs,2021-04-28,66,ハルジオン,YOASOBI,https://www.billboard-japan.com/charts/detail?a=dlsongs&year=2021&month=05&day=03
2021,dlsongs,2021-04-28,67,Make you happy,NiziU,https://www.billboard-japan.com/charts/detail?a=dlsongs&year=2021&month=05&day=03
2021,dlsongs,2021-04-28,68,白日,King Gnu,https://www.billboard-japan.com/charts/detail?a=dlsongs&year=2021&month=05&day=03
2021,dlsongs,2021-04-28,69,おもいでしりとり,DIALOGUE+,https://www.billboard-japan.com/charts/detail?a=dlsongs&year=2021&month=05&day=03
2021,dlsongs,2021-04-28,70,Embrace of light,RAISE A SUILEN,https://www.billboard-japan.com/charts/detail?a=dlsongs&year=2021&month=05&day=03
2021,dlsongs,2021-04-28,71,ハルカ,YOASOBI,https://www.billboard-japan.com/charts/detail?a=dlsongs&year=2021&month=05&day=03
2021,dlsongs,2021-04-28,72,Avid,SawanoHiroyuki[nZk]:mizuki,https://www.billboard-japan.com/charts/detail?a=dlsongs&year=2021&month=05&day=03
2021,dlsongs,2021-04-28,73,I AM,NiziU,https://www.billboard-japan.com/charts/detail?a=dlsongs&year=2021&month=05&day=03
2021,dlsongs,2021-04-28,74,Little Romance,Knights,https://www.billboard-japan.com/charts/detail?a=dlsongs&year=2021&month=05&day=03
2021,dlsongs,2021-04-28,75,旅路,藤井風,https://www.billboard-japan.com/charts/detail?a=dlsongs&year=2021&month=05&day=03
2021,dlsongs,2021-04-28,76,Pretender,Official髭男dism,https://www.billboard-japan.com/charts/detail?a=dlsongs&year=2021&month=05&day=03
2021,dlsongs,2021-04-28,77,LOST IN PARADISE feat. AKLO,ALI,https://www.billboard-japan.com/charts/detail?a=dlsongs&year=2021&month=05&day=03
2021,dlsongs,2021-04-28,77,"One Shot, One Mind","Fear,and Loathing in Las Vegas",https://www.billboard-japan.com/charts/detail?a=dlsongs&year=2021&month=05&day=03
2021,dlsongs,2021-04-28,79,マリーゴールド,あいみょん,https://www.billboard-japan.com/charts/detail?a=dlsongs&year=2021&month=05&day=03
2021,dlsongs,2021-04-28,80,Bluma to Lunch,BLOOM VASE,https://www.billboard-japan.com/charts/detail?a=dlsongs&year=2021&month=05&day=03
2021,dlsongs,2021-04-28,81,アイノカタチ feat.HIDE(GReeeeN),MISIA,https://www.billboard-japan.com/charts/detail?a=dlsongs&year=2021&month=05&day=03
2021,dlsongs,2021-04-28,82,紫の夜を越えて,スピッツ,https://www.billboard-japan.com/charts/detail?a=dlsongs&year=2021&month=05&day=03
2021,dlsongs,2021-04-28,83,突然GIRL,渡辺曜(斉藤朱夏),https://www.billboard-japan.com/charts/detail?a=dlsongs&year=2021&month=05&day=03
2021,dlsongs,2021-04-28,84,Not the End,安田レイ,https://www.billboard-japan.com/charts/detail?a=dlsongs&year=2021&month=05&day=03
2021,dlsongs,2021-04-28,85,ころねの最凶天災わんだふぉーわーるど,戌神ころね,https://www.billboard-japan.com/charts/detail?a=dlsongs&year=2021&month=05&day=03
2021,dlsongs,2021-04-28,86,Judgement,西川貴教,https://www.billboard-japan.com/charts/detail?a=dlsongs&year=2021&month=05&day=03
2021,dlsongs,2021-04-28,87,"Stand by me, Stand by you.",平井大,https://www.billboard-japan.com/charts/detail?a=dlsongs&year=2021&month=05&day=03
2021,dlsongs,2021-04-28,88,ピーターパン,優里,https://www.billboard-japan.com/charts/detail?a=dlsongs&year=2021&month=05&day=03
2021,dlsongs,2021-04-28,89,Plastic Smile,石原夏織,https://www.billboard-japan.com/charts/detail?a=dlsongs&year=2021&month=05&day=03
2021,dlsongs,2021-04-28,90,恋はダービー☆,トウカイテイオー(Machico),https://www.billboard-japan.com/charts/detail?a=dlsongs&year=2021&month=05&day=03
2021,dlsongs,2021-04-28,91,魔法の絨毯,川崎鷹也,https://www.billboard-japan.com/charts/detail?a=dlsongs&year=2021&month=05&day=03
2021,dlsongs,2021-04-28,92,Your Battle is My Battle ft. Chica,Chica,https://www.billboard-japan.com/charts/detail?a=dlsongs&year=2021&month=05&day=03
2021,dlsongs,2021-04-28,93,ロールプレイング,オーイシマサヨシ,https://www.billboard-japan.com/charts/detail?a=dlsongs&year=2021&month=05&day=03
2021,dlsongs,2021-04-28,94,Walking with you,Novelbright,https://www.billboard-japan.com/charts/detail?a=dlsongs&year=2021&month=05&day=03
2021,dlsongs,2021-04-28,94,裸の心,あいみょん,https://www.billboard-japan.com/charts/detail?a=dlsongs&year=2021&month=05&day=03
2021,dlsongs,2021-04-28,96,悲しい気持ち(Just a man in Love),桑田佳祐,https://www.billboard-japan.com/charts/detail?a=dlsongs&year=2021&month=05&day=03
2021,dlsongs,2021-04-28,97,115万キロのフィルム,Official髭男dism,https://www.billboard-japan.com/charts/detail?a=dlsongs&year=2021&month=05&day=03
2021,dlsongs,2021-04-28,98,春泥棒,ヨルシカ,https://www.billboard-japan.com/charts/detail?a=dlsongs&year=2021&month=05&day=03
2021,dlsongs,2021-04-28,99,ストロボメモリー,内田真礼,https://www.billboard-japan.com/charts/detail?a=dlsongs&year=2021&month=05&day=03
2021,dlsongs,2021-04-28,100,Lovers Again,EXILE TAKAHIRO,https://www.billboard-japan.com/charts/detail?a=dlsongs&year=2021&month=05&day=03
2021,dlsongs,2021-05-05,1,不思議,星野源,https://www.billboard-japan.com/charts/detail?a=dlsongs&year=2021&month=05&day=10
2021,dlsongs,2021-05-05,2,踊,Ado,https://www.billboard-japan.com/charts/detail?a=dlsongs&year=2021&month=05&day=10
2021,dlsongs,2021-05-05,3,閃光,[Alexandros],https://www.billboard-japan.com/charts/detail?a=dlsongs&year=2021&month=05&day=10
2021,dlsongs,2021-05-05,4,Renegades,ONE OK ROCK,https://www.billboard-japan.com/charts/detail?a=dlsongs&year=2021&month=05&day=10
2021,dlsongs,2021-05-05,5,ないない,ReoNa,https://www.billboard-japan.com/charts/detail?a=dlsongs&year=2021&month=05&day=10
2021,dlsongs,2021-05-05,6,うっせぇわ,Ado,https://www.billboard-japan.com/charts/detail?a=dlsongs&year=2021&month=05&day=10
2021,dlsongs,2021-05-05,7,怪物,YOASOBI,https://www.billboard-japan.com/charts/detail?a=dlsongs&year=2021&month=05&day=10
2021,dlsongs,2021-05-05,8,Say Yes,Nissy(西島隆弘),https://www.billboard-japan.com/charts/detail?a=dlsongs&year=2021&month=05&day=10
2021,dlsongs,2021-05-05,9,ドライフラワー,優里,https://www.billboard-japan.com/charts/detail?a=dlsongs&year=2021&month=05&day=10
2021,dlsongs,2021-05-05,10,旅立ちの前に,WANIMA,https://www.billboard-japan.com/charts/detail?a=dlsongs&year=2021&month=05&day=10
2021,dlsongs,2021-05-05,11,廻廻奇譚,Eve,https://www.billboard-japan.com/charts/detail?a=dlsongs&year=2021&month=05&day=10
2021,dlsongs,2021-05-05,12,Take a picture,NiziU,https://www.billboard-japan.com/charts/detail?a=dlsongs&year=2021&month=05&day=10
2021,dlsongs,2021-05-05,13,Perfect Clarity,MAN WITH A MISSION,https://www.billboard-japan.com/charts/detail?a=dlsongs&year=2021&month=05&day=10
2021,dlsongs,2021-05-05,14,夜に駆ける,YOASOBI,https://www.billboard-japan.com/charts/detail?a=dlsongs&year=2021&month=05&day=10
2021,dlsongs,2021-05-05,15,ギラギラ,Ado,https://www.billboard-japan.com/charts/detail?a=dlsongs&year=2021&month=05&day=10
2021,dlsongs,2021-05-05,16,One Last Kiss,宇多田ヒカル,https://www.billboard-japan.com/charts/detail?a=dlsongs&year=2021&month=05&day=10
2021,dlsongs,2021-05-05,17,Dynamite,BTS,https://www.billboard-japan.com/charts/detail?a=dlsongs&year=2021&month=05&day=10
2021,dlsongs,2021-05-05,18,checkmate,milet,https://www.billboard-japan.com/charts/detail?a=dlsongs&year=2021&month=05&day=10
2021,dlsongs,2021-05-05,19,うまぴょい伝説,Various Artists,https://www.billboard-japan.com/charts/detail?a=dlsongs&year=2021&month=05&day=10
2021,dlsongs,2021-05-05,20,Presence I,STUTS & 松たか子 with 3exes feat. KID FRESINO,https://www.billboard-japan.com/charts/detail?a=dlsongs&year=2021&month=05&day=10
2021,dlsongs,2021-05-05,21,永遠の不在証明,東京事変,https://www.billboard-japan.com/charts/detail?a=dlsongs&year=2021&month=05&day=10
2021,dlsongs,2021-05-05,22,青空,ケツメイシ,https://www.billboard-japan.com/charts/detail?a=dlsongs&year=2021&month=05&day=10
2021,dlsongs,2021-05-05,23,夜は仄か,Eve,https://www.billboard-japan.com/charts/detail?a=dlsongs&year=2021&month=05&day=10
2021,dlsongs,2021-05-05,24,虹,菅田将暉,https://www.billboard-japan.com/charts/detail?a=dlsongs&year=2021&month=05&day=10
2021,dlsongs,2021-05-05,25,群青,YOASOBI,https://www.billboard-japan.com/charts/detail?a=dlsongs&year=2021&month=05&day=10
2021,dlsongs,2021-05-05,26,勿忘,Awesome City Club,https://www.billboard-japan.com/charts/detail?a=dlsongs&year=2021&month=05&day=10
2021,dlsongs,2021-05-05,27,ユメヲカケル!,"""スペシャルウィーク(和氣あず未),サイレンススズカ(高野麻里佳),トウカイテイオー(Machico),ウオッカ(大橋彩香),ダイワスカーレット(木村千咲),ゴールドシップ(上田瞳),メジロマックイー",https://www.billboard-japan.com/charts/detail?a=dlsongs&year=2021&month=05&day=10
2021,dlsongs,2021-05-05,28,がんばれないよ,Juice=Juice,https://www.billboard-japan.com/charts/detail?a=dlsongs&year=2021&month=05&day=10
2021,dlsongs,2021-05-05,29,ヒプノシスマイク -Glory or Dust-,Division All Stars,https://www.billboard-japan.com/charts/detail?a=dlsongs&year=2021&month=05&day=10
2021,dlsongs,2021-05-05,30,Sing My Pleasure,ヴィヴィ(八木海莉),https://www.billboard-japan.com/charts/detail?a=dlsongs&year=2021&month=05&day=10
2021,dlsongs,2021-05-05,31,Make debut!,スピカ,https://www.billboard-japan.com/charts/detail?a=dlsongs&year=2021&month=05&day=10
2021,dlsongs,2021-05-05,32,Kura Kura,TWICE,https://www.billboard-japan.com/charts/detail?a=dlsongs&year=2021&month=05&day=10
2021,dlsongs,2021-05-05,33,想いはらはらと,MISIA,https://www.billboard-japan.com/charts/detail?a=dlsongs&year=2021&month=05&day=10
2021,dlsongs,2021-05-05,34,炎,LiSA,https://www.billboard-japan.com/charts/detail?a=dlsongs&year=2021&month=05&day=10
2021,dlsongs,2021-05-05,35,レディメイド,Ado,https://www.billboard-japan.com/charts/detail?a=dlsongs&year=2021&month=05&day=10
2021,dlsongs,2021-05-05,36,ともに,WANIMA,https://www.billboard-japan.com/charts/detail?a=dlsongs&year=2021&month=05&day=10
2021,dlsongs,2021-05-05,37,Poppin' Shakin',NiziU,https://www.billboard-japan.com/charts/detail?a=dlsongs&year=2021&month=05&day=10
2021,dlsongs,2021-05-05,38,GIRLS' LEGEND U,Various Artists,https://www.billboard-japan.com/charts/detail?a=dlsongs&year=2021&month=05&day=10
2021,dlsongs,2021-05-05,39,DOWN TOWN,Juice=Juice,https://www.billboard-japan.com/charts/detail?a=dlsongs&year=2021&month=05&day=10
2021,dlsongs,2021-05-05,40,インパーフェクト,オーイシマサヨシ,https://www.billboard-japan.com/charts/detail?a=dlsongs&year=2021&month=05&day=10
2021,dlsongs,2021-05-05,41,優しい彗星,YOASOBI,https://www.billboard-japan.com/charts/detail?a=dlsongs&year=2021&month=05&day=10
2021,dlsongs,2021-05-05,42,桜が降る夜は,あいみょん,https://www.billboard-japan.com/charts/detail?a=dlsongs&year=2021&month=05&day=10
2021,dlsongs,2021-05-05,42,No.6,伊藤美来,https://www.billboard-japan.com/charts/detail?a=dlsongs&year=2021&month=05&day=10
2021,dlsongs,2021-05-05,44,Blessing,結城アイラ,https://www.billboard-japan.com/charts/detail?a=dlsongs&year=2021&month=05&day=10
2021,dlsongs,2021-05-05,45,街空ハ高ク晴レテ - City Boy Blue,佐野元春 & THE COYOTE BAND,https://www.billboard-japan.com/charts/detail?a=dlsongs&year=2021&month=05&day=10
2021,dlsongs,2021-05-05,46,Avid,SawanoHiroyuki[nZk]:mizuki,https://www.billboard-japan.com/charts/detail?a=dlsongs&year=2021&month=05&day=10
2021,dlsongs,2021-05-05,47,CALL OF JUSTICE,THE RAMPAGE from EXILE TRIBE,https://www.billboard-japan.com/charts/detail?a=dlsongs&year=2021&month=05&day=10
2021,dlsongs,2021-05-05,48,Film out,BTS,https://www.billboard-japan.com/charts/detail?a=dlsongs&year=2021&month=05&day=10
2021,dlsongs,2021-05-05,49,LOVE 'Em ALL,SolidS,https://www.billboard-japan.com/charts/detail?a=dlsongs&year=2021&month=05&day=10
2021,dlsongs,2021-05-05,50,創造,星野源,https://www.billboard-japan.com/charts/detail?a=dlsongs&year=2021&month=05&day=10
2021,dlsongs,2021-05-05,51,春を告げる,yama,https://www.billboard-japan.com/charts/detail?a=dlsongs&year=2021&month=05&day=10
2021,dlsongs,2021-05-05,52,猫,DISH//,https://www.billboard-japan.com/charts/detail?a=dlsongs&year=2021&month=05&day=10
2021,dlsongs,2021-05-05,53,Born To Be Wild,JO1,https://www.billboard-japan.com/charts/detail?a=dlsongs&year=2021&month=05&day=10
2021,dlsongs,2021-05-05,54,旅路,藤井風,https://www.billboard-japan.com/charts/detail?a=dlsongs&year=2021&month=05&day=10
2021,dlsongs,2021-05-05,55,ABSOLUTE RUN!!!,ストロベリーポップムーン,https://www.billboard-japan.com/charts/detail?a=dlsongs&year=2021&month=05&day=10
2021,dlsongs,2021-05-05,56,猫 〜THE FIRST TAKE ver.〜,DISH//,https://www.billboard-japan.com/charts/detail?a=dlsongs&year=2021&month=05&day=10
2021,dlsongs,2021-05-05,57,REMEMBER,Masto,https://www.billboard-japan.com/charts/detail?a=dlsongs&year=2021&month=05&day=10
2021,dlsongs,2021-05-05,58,TWISTED HEARTS,畠中祐,https://www.billboard-japan.com/charts/detail?a=dlsongs&year=2021&month=05&day=10
2021,dlsongs,2021-05-05,59,No.1,DISH//,https://www.billboard-japan.com/charts/detail?a=dlsongs&year=2021&month=05&day=10
2021,dlsongs,2021-05-05,60,Shake & Shake,sumika,https://www.billboard-japan.com/charts/detail?a=dlsongs&year=2021&month=05&day=10
2021,dlsongs,2021-05-05,61,BAN,櫻坂46,https://www.billboard-japan.com/charts/detail?a=dlsongs&year=2021&month=05&day=10
2021,dlsongs,2021-05-05,62,死にたくないから生きている,夢追翔,https://www.billboard-japan.com/charts/detail?a=dlsongs&year=2021&month=05&day=10
2021,dlsongs,2021-05-05,63,CITRUS,Da-iCE,https://www.billboard-japan.com/charts/detail?a=dlsongs&year=2021&month=05&day=10
2021,dlsongs,2021-05-05,64,自由の旅路,Growth,https://www.billboard-japan.com/charts/detail?a=dlsongs&year=2021&month=05&day=10
2021,dlsongs,2021-05-05,65,愛結び,Novelbright,https://www.billboard-japan.com/charts/detail?a=dlsongs&year=2021&month=05&day=10
2021,dlsongs,2021-05-05,66,ハルジオン,YOASOBI,https://www.billboard-japan.com/charts/detail?a=dlsongs&year=2021&month=05&day=10
2021,dlsongs,2021-05-05,67,HELLO! HALO!,GENERATIONS from EXILE TRIBE,https://www.billboard-japan.com/charts/detail?a=dlsongs&year=2021&month=05&day=10
2021,dlsongs,2021-05-05,68,Welcome One,MISIA,https://www.billboard-japan.com/charts/detail?a=dlsongs&year=2021&month=05&day=10
2021,dlsongs,2021-05-05,69,はしりがき,マカロニえんぴつ,https://www.billboard-japan.com/charts/detail?a=dlsongs&year=2021&month=05&day=10
2021,dlsongs,2021-05-05,70,紅蓮華,LiSA,https://www.billboard-japan.com/charts/detail?a=dlsongs&year=2021&month=05&day=10
2021,dlsongs,2021-05-05,71,Drunk-Dazed,ENHYPEN,https://www.billboard-japan.com/charts/detail?a=dlsongs&year=2021&month=05&day=10
2021,dlsongs,2021-05-05,72,VIVID VICE,Who-ya Extended,https://www.billboard-japan.com/charts/detail?a=dlsongs&year=2021&month=05&day=10
2021,dlsongs,2021-05-05,73,グッバイ宣言,Chinozo,https://www.billboard-japan.com/charts/detail?a=dlsongs&year=2021&month=05&day=10
2021,dlsongs,2021-05-05,74,RUNNING TO HORIZON (206 Mix),小室哲哉,https://www.billboard-japan.com/charts/detail?a=dlsongs&year=2021&month=05&day=10
2021,dlsongs,2021-05-05,75,アンコール,YOASOBI,https://www.billboard-japan.com/charts/detail?a=dlsongs&year=2021&month=05&day=10
2021,dlsongs,2021-05-05,76,PARADOX,EXILE,https://www.billboard-japan.com/charts/detail?a=dlsongs&year=2021&month=05&day=10
2021,dlsongs,2021-05-05,77,winning the soul,トウカイテイオー(Machico),https://www.billboard-japan.com/charts/detail?a=dlsongs&year=2021&month=05&day=10
2021,dlsongs,2021-05-05,78,アカシ,XIIX,https://www.billboard-japan.com/charts/detail?a=dlsongs&year=2021&month=05&day=10
2021,dlsongs,2021-05-05,79,I LOVE…,Official髭男dism,https://www.billboard-japan.com/charts/detail?a=dlsongs&year=2021&month=05&day=10
2021,dlsongs,2021-05-05,80,おもいでしりとり,DIALOGUE+,https://www.billboard-japan.com/charts/detail?a=dlsongs&year=2021&month=05&day=10
2021,dlsongs,2021-05-05,81,Amazing Grace,EXILE ATSUSHI,https://www.billboard-japan.com/charts/detail?a=dlsongs&year=2021&month=05&day=10
2021,dlsongs,2021-05-05,82,Another Great Day!!,LiSA,https://www.billboard-japan.com/charts/detail?a=dlsongs&year=2021&month=05&day=10
2021,dlsongs,2021-05-05,83,裸の心,あいみょん,https://www.billboard-japan.com/charts/detail?a=dlsongs&year=2021&month=05&day=10
2021,dlsongs,2021-05-05,84,飛行船,優里,https://www.billboard-japan.com/charts/detail?a=dlsongs&year=2021&month=05&day=10
2021,dlsongs,2021-05-05,85,カサナルキセキ,KAN+秦基博,https://www.billboard-japan.com/charts/detail?a=dlsongs&year=2021&month=05&day=10
2021,dlsongs,2021-05-05,86,アイノカタチ feat.HIDE(GReeeeN),MISIA,https://www.billboard-japan.com/charts/detail?a=dlsongs&year=2021&month=05&day=10
2021,dlsongs,2021-05-05,87,EVIL LIVE,"村上巴(花井美春),的場梨沙(集貝はな),小関麗奈(長野佑紀),藤本里奈(金子真由美),向井拓海(原優子)",https://www.billboard-japan.com/charts/detail?a=dlsongs&year=2021&month=05&day=10
2021,dlsongs,2021-05-05,88,BLIZZARD,BURNOUT SYNDROMES,https://www.billboard-japan.com/charts/detail?a=dlsongs&year=2021&month=05&day=10
2021,dlsongs,2021-05-05,89,ハルカ,YOASOBI,https://www.billboard-japan.com/charts/detail?a=dlsongs&year=2021&month=05&day=10
2021,dlsongs,2021-05-05,90,Make you happy,NiziU,https://www.billboard-japan.com/charts/detail?a=dlsongs&year=2021&month=05&day=10
2021,dlsongs,2021-05-05,91,Universe,Official髭男dism,https://www.billboard-japan.com/charts/detail?a=dlsongs&year=2021&month=05&day=10
2021,dlsongs,2021-05-05,92,白日,King Gnu,https://www.billboard-japan.com/charts/detail?a=dlsongs&year=2021&month=05&day=10
2021,dlsongs,2021-05-05,93,マリーゴールド,あいみょん,https://www.billboard-japan.com/charts/detail?a=dlsongs&year=2021&month=05&day=10
2021,dlsongs,2021-05-05,94,Pretender,Official髭男dism,https://www.billboard-japan.com/charts/detail?a=dlsongs&year=2021&month=05&day=10
2021,dlsongs,2021-05-05,95,BLUE SOULS,A_o,https://www.billboard-japan.com/charts/detail?a=dlsongs&year=2021&month=05&day=10
2021,dlsongs,2021-05-05,96,春泥棒,ヨルシカ,https://www.billboard-japan.com/charts/detail?a=dlsongs&year=2021&month=05&day=10
2021,dlsongs,2021-05-05,97,GHOST,星街すいせい,https://www.billboard-japan.com/charts/detail?a=dlsongs&year=2021&month=05&day=10
2021,dlsongs,2021-05-05,98,ツキミソウ,Novelbright,https://www.billboard-japan.com/charts/detail?a=dlsongs&year=2021&month=05&day=10
2021,dlsongs,2021-05-05,99,魔法の絨毯,川崎鷹也,https://www.billboard-japan.com/charts/detail?a=dlsongs&year=2021&month=05&day=10
2021,dlsongs,2021-05-05,100,Mela!,緑黄色社会,https://www.billboard-japan.com/charts/detail?a=dlsongs&year=2021&month=05&day=10
2021,dlsongs,2021-05-12,1,きらり,藤井風,https://www.billboard-japan.com/charts/detail?a=dlsongs&year=2021&month=05&day=17
2021,dlsongs,2021-05-12,2,Cry Baby,Official髭男dism,https://www.billboard-japan.com/charts/detail?a=dlsongs&year=2021&month=05&day=17
2021,dlsongs,2021-05-12,3,ドライフラワー,優里,https://www.billboard-japan.com/charts/detail?a=dlsongs&year=2021&month=05&day=17
2021,dlsongs,2021-05-12,4,愛を知るまでは,あいみょん,https://www.billboard-japan.com/charts/detail?a=dlsongs&year=2021&month=05&day=17
2021,dlsongs,2021-05-12,5,閃光,[Alexandros],https://www.billboard-japan.com/charts/detail?a=dlsongs&year=2021&month=05&day=17
2021,dlsongs,2021-05-12,6,踊,Ado,https://www.billboard-japan.com/charts/detail?a=dlsongs&year=2021&month=05&day=17
2021,dlsongs,2021-05-12,7,不思議,星野源,https://www.billboard-japan.com/charts/detail?a=dlsongs&year=2021&month=05&day=17
2021,dlsongs,2021-05-12,8,Renegades,ONE OK ROCK,https://www.billboard-japan.com/charts/detail?a=dlsongs&year=2021&month=05&day=17
2021,dlsongs,2021-05-12,9,うっせぇわ,Ado,https://www.billboard-japan.com/charts/detail?a=dlsongs&year=2021&month=05&day=17
2021,dlsongs,2021-05-12,10,怪物,YOASOBI,https://www.billboard-japan.com/charts/detail?a=dlsongs&year=2021&month=05&day=17
2021,dlsongs,2021-05-12,11,廻廻奇譚,Eve,https://www.billboard-japan.com/charts/detail?a=dlsongs&year=2021&month=05&day=17
2021,dlsongs,2021-05-12,12,夜に駆ける,YOASOBI,https://www.billboard-japan.com/charts/detail?a=dlsongs&year=2021&month=05&day=17
2021,dlsongs,2021-05-12,13,in case…,BiSH,https://www.billboard-japan.com/charts/detail?a=dlsongs&year=2021&month=05&day=17
2021,dlsongs,2021-05-12,14,One Last Kiss,宇多田ヒカル,https://www.billboard-japan.com/charts/detail?a=dlsongs&year=2021&month=05&day=17
2021,dlsongs,2021-05-12,15,Dynamite,BTS,https://www.billboard-japan.com/charts/detail?a=dlsongs&year=2021&month=05&day=17
2021,dlsongs,2021-05-12,16,Take a picture,NiziU,https://www.billboard-japan.com/charts/detail?a=dlsongs&year=2021&month=05&day=17
2021,dlsongs,2021-05-12,17,Sing My Pleasure,ヴィヴィ(八木海莉),https://www.billboard-japan.com/charts/detail?a=dlsongs&year=2021&month=05&day=17
2021,dlsongs,2021-05-12,18,ギラギラ,Ado,https://www.billboard-japan.com/charts/detail?a=dlsongs&year=2021&month=05&day=17
2021,dlsongs,2021-05-12,19,ないない,ReoNa,https://www.billboard-japan.com/charts/detail?a=dlsongs&year=2021&month=05&day=17
2021,dlsongs,2021-05-12,20,虹,菅田将暉,https://www.billboard-japan.com/charts/detail?a=dlsongs&year=2021&month=05&day=17
2021,dlsongs,2021-05-12,21,群青,YOASOBI,https://www.billboard-japan.com/charts/detail?a=dlsongs&year=2021&month=05&day=17
2021,dlsongs,2021-05-12,22,勿忘,Awesome City Club,https://www.billboard-japan.com/charts/detail?a=dlsongs&year=2021&month=05&day=17
2021,dlsongs,2021-05-12,23,うまぴょい伝説,Various Artists,https://www.billboard-japan.com/charts/detail?a=dlsongs&year=2021&month=05&day=17
2021,dlsongs,2021-05-12,24,猫,DISH//,https://www.billboard-japan.com/charts/detail?a=dlsongs&year=2021&month=05&day=17
2021,dlsongs,2021-05-12,25,Presence I,STUTS & 松たか子 with 3exes feat. KID FRESINO,https://www.billboard-japan.com/charts/detail?a=dlsongs&year=2021&month=05&day=17
2021,dlsongs,2021-05-12,26,猫 〜THE FIRST TAKE ver.〜,DISH//,https://www.billboard-japan.com/charts/detail?a=dlsongs&year=2021&month=05&day=17
2021,dlsongs,2021-05-12,27,Starlight,和楽器バンド,https://www.billboard-japan.com/charts/detail?a=dlsongs&year=2021&month=05&day=17
2021,dlsongs,2021-05-12,28,炎,LiSA,https://www.billboard-japan.com/charts/detail?a=dlsongs&year=2021&month=05&day=17
2021,dlsongs,2021-05-12,29,ユメヲカケル!,"""スペシャルウィーク(和氣あず未),サイレンススズカ(高野麻里佳),トウカイテイオー(Machico),ウオッカ(大橋彩香),ダイワスカーレット(木村千咲),ゴールドシップ(上田瞳),メジロマックイー",https://www.billboard-japan.com/charts/detail?a=dlsongs&year=2021&month=05&day=17
2021,dlsongs,2021-05-12,30,GIRLS' LEGEND U,Various Artists,https://www.billboard-japan.com/charts/detail?a=dlsongs&year=2021&month=05&day=17
2021,dlsongs,2021-05-12,31,Make debut!,スピカ,https://www.billboard-japan.com/charts/detail?a=dlsongs&year=2021&month=05&day=17
2021,dlsongs,2021-05-12,32,マ・フィ・ア.in the morning,ITZY,https://www.billboard-japan.com/charts/detail?a=dlsongs&year=2021&month=05&day=17
2021,dlsongs,2021-05-12,33,永遠の不在証明,東京事変,https://www.billboard-japan.com/charts/detail?a=dlsongs&year=2021&month=05&day=17
2021,dlsongs,2021-05-12,34,夜は仄か,Eve,https://www.billboard-japan.com/charts/detail?a=dlsongs&year=2021&month=05&day=17
2021,dlsongs,2021-05-12,35,再会 (produced by Ayase),LiSA × Uru,https://www.billboard-japan.com/charts/detail?a=dlsongs&year=2021&month=05&day=17
2021,dlsongs,2021-05-12,36,Mela!,緑黄色社会,https://www.billboard-japan.com/charts/detail?a=dlsongs&year=2021&month=05&day=17
2021,dlsongs,2021-05-12,37,優しい彗星,YOASOBI,https://www.billboard-japan.com/charts/detail?a=dlsongs&year=2021&month=05&day=17
2021,dlsongs,2021-05-12,38,ハルジオン,YOASOBI,https://www.billboard-japan.com/charts/detail?a=dlsongs&year=2021&month=05&day=17
2021,dlsongs,2021-05-12,39,Poppin' Shakin',NiziU,https://www.billboard-japan.com/charts/detail?a=dlsongs&year=2021&month=05&day=17
2021,dlsongs,2021-05-12,40,旅路,藤井風,https://www.billboard-japan.com/charts/detail?a=dlsongs&year=2021&month=05&day=17
2021,dlsongs,2021-05-12,41,checkmate,milet,https://www.billboard-japan.com/charts/detail?a=dlsongs&year=2021&month=05&day=17
2021,dlsongs,2021-05-12,42,旅立ちの前に,WANIMA,https://www.billboard-japan.com/charts/detail?a=dlsongs&year=2021&month=05&day=17
2021,dlsongs,2021-05-12,43,魔法の絨毯,川崎鷹也,https://www.billboard-japan.com/charts/detail?a=dlsongs&year=2021&month=05&day=17
2021,dlsongs,2021-05-12,44,桜が降る夜は,あいみょん,https://www.billboard-japan.com/charts/detail?a=dlsongs&year=2021&month=05&day=17
2021,dlsongs,2021-05-12,45,春を告げる,yama,https://www.billboard-japan.com/charts/detail?a=dlsongs&year=2021&month=05&day=17
2021,dlsongs,2021-05-12,46,あなたがいることで,Uru,https://www.billboard-japan.com/charts/detail?a=dlsongs&year=2021&month=05&day=17
2021,dlsongs,2021-05-12,47,レディメイド,Ado,https://www.billboard-japan.com/charts/detail?a=dlsongs&year=2021&month=05&day=17
2021,dlsongs,2021-05-12,48,アイノカタチ feat.HIDE(GReeeeN),MISIA,https://www.billboard-japan.com/charts/detail?a=dlsongs&year=2021&month=05&day=17
2021,dlsongs,2021-05-12,49,Perfect Clarity,MAN WITH A MISSION,https://www.billboard-japan.com/charts/detail?a=dlsongs&year=2021&month=05&day=17
2021,dlsongs,2021-05-12,50,アンコール,YOASOBI,https://www.billboard-japan.com/charts/detail?a=dlsongs&year=2021&month=05&day=17
2021,dlsongs,2021-05-12,51,インパーフェクト,オーイシマサヨシ,https://www.billboard-japan.com/charts/detail?a=dlsongs&year=2021&month=05&day=17
2021,dlsongs,2021-05-12,52,ALL ABOUT TONIGHT,THE RAMPAGE from EXILE TRIBE,https://www.billboard-japan.com/charts/detail?a=dlsongs&year=2021&month=05&day=17
2021,dlsongs,2021-05-12,53,ツキミソウ,Novelbright,https://www.billboard-japan.com/charts/detail?a=dlsongs&year=2021&month=05&day=17
2021,dlsongs,2021-05-12,54,紅蓮華,LiSA,https://www.billboard-japan.com/charts/detail?a=dlsongs&year=2021&month=05&day=17
2021,dlsongs,2021-05-12,55,Say Yes,Nissy(西島隆弘),https://www.billboard-japan.com/charts/detail?a=dlsongs&year=2021&month=05&day=17
2021,dlsongs,2021-05-12,56,裸の心,あいみょん,https://www.billboard-japan.com/charts/detail?a=dlsongs&year=2021&month=05&day=17
2021,dlsongs,2021-05-12,57,Kura Kura,TWICE,https://www.billboard-japan.com/charts/detail?a=dlsongs&year=2021&month=05&day=17
2021,dlsongs,2021-05-12,58,ハルカ,YOASOBI,https://www.billboard-japan.com/charts/detail?a=dlsongs&year=2021&month=05&day=17
2021,dlsongs,2021-05-12,59,"Stand by me, Stand by you.",平井大,https://www.billboard-japan.com/charts/detail?a=dlsongs&year=2021&month=05&day=17
2021,dlsongs,2021-05-12,60,VIVID VICE,Who-ya Extended,https://www.billboard-japan.com/charts/detail?a=dlsongs&year=2021&month=05&day=17
2021,dlsongs,2021-05-12,61,グッバイ宣言,Chinozo,https://www.billboard-japan.com/charts/detail?a=dlsongs&year=2021&month=05&day=17
2021,dlsongs,2021-05-12,62,Film out,BTS,https://www.billboard-japan.com/charts/detail?a=dlsongs&year=2021&month=05&day=17
2021,dlsongs,2021-05-12,63,Pretender,Official髭男dism,https://www.billboard-japan.com/charts/detail?a=dlsongs&year=2021&month=05&day=17
2021,dlsongs,2021-05-12,64,No.1,DISH//,https://www.billboard-japan.com/charts/detail?a=dlsongs&year=2021&month=05&day=17
2021,dlsongs,2021-05-12,65,がんばれないよ,Juice=Juice,https://www.billboard-japan.com/charts/detail?a=dlsongs&year=2021&month=05&day=17
2021,dlsongs,2021-05-12,66,白日,King Gnu,https://www.billboard-japan.com/charts/detail?a=dlsongs&year=2021&month=05&day=17
2021,dlsongs,2021-05-12,67,アヤメ,石崎ひゅーい,https://www.billboard-japan.com/charts/detail?a=dlsongs&year=2021&month=05&day=17
2021,dlsongs,2021-05-12,68,winning the soul,トウカイテイオー(Machico),https://www.billboard-japan.com/charts/detail?a=dlsongs&year=2021&month=05&day=17
2021,dlsongs,2021-05-12,69,マリーゴールド,あいみょん,https://www.billboard-japan.com/charts/detail?a=dlsongs&year=2021&month=05&day=17
2021,dlsongs,2021-05-12,70,CITRUS,Da-iCE,https://www.billboard-japan.com/charts/detail?a=dlsongs&year=2021&month=05&day=17
2021,dlsongs,2021-05-12,71,I LOVE…,Official髭男dism,https://www.billboard-japan.com/charts/detail?a=dlsongs&year=2021&month=05&day=17
2021,dlsongs,2021-05-12,72,Avid,SawanoHiroyuki[nZk]:mizuki,https://www.billboard-japan.com/charts/detail?a=dlsongs&year=2021&month=05&day=17
2021,dlsongs,2021-05-12,73,Make you happy,NiziU,https://www.billboard-japan.com/charts/detail?a=dlsongs&year=2021&month=05&day=17
2021,dlsongs,2021-05-12,74,EVERYBODY! EVERYBODY!,芹澤優 with DJ KOO & MOTSU,https://www.billboard-japan.com/charts/detail?a=dlsongs&year=2021&month=05&day=17
2021,dlsongs,2021-05-12,75,題名のない今日,平井大,https://www.billboard-japan.com/charts/detail?a=dlsongs&year=2021&month=05&day=17
2021,dlsongs,2021-05-12,76,konomama,DOBERMAN INFINITY,https://www.billboard-japan.com/charts/detail?a=dlsongs&year=2021&month=05&day=17
2021,dlsongs,2021-05-12,77,Blessing,結城アイラ,https://www.billboard-japan.com/charts/detail?a=dlsongs&year=2021&month=05&day=17
2021,dlsongs,2021-05-12,78,青春病,藤井風,https://www.billboard-japan.com/charts/detail?a=dlsongs&year=2021&month=05&day=17
2021,dlsongs,2021-05-12,79,かくれんぼ,優里,https://www.billboard-japan.com/charts/detail?a=dlsongs&year=2021&month=05&day=17
2021,dlsongs,2021-05-12,80,LOST IN PARADISE feat. AKLO,ALI,https://www.billboard-japan.com/charts/detail?a=dlsongs&year=2021&month=05&day=17
2021,dlsongs,2021-05-12,81,おもいでしりとり,DIALOGUE+,https://www.billboard-japan.com/charts/detail?a=dlsongs&year=2021&month=05&day=17
2021,dlsongs,2021-05-12,82,誰が為に愛は鳴る,TrySail,https://www.billboard-japan.com/charts/detail?a=dlsongs&year=2021&month=05&day=17
2021,dlsongs,2021-05-12,83,泣き笑いのエピソード,秦基博,https://www.billboard-japan.com/charts/detail?a=dlsongs&year=2021&month=05&day=17
2021,dlsongs,2021-05-12,84,The Beginning,ONE OK ROCK,https://www.billboard-japan.com/charts/detail?a=dlsongs&year=2021&month=05&day=17
2021,dlsongs,2021-05-12,85,ハルノヒ,あいみょん,https://www.billboard-japan.com/charts/detail?a=dlsongs&year=2021&month=05&day=17
2021,dlsongs,2021-05-12,86,愛しい人,SUPER BEAVER,https://www.billboard-japan.com/charts/detail?a=dlsongs&year=2021&month=05&day=17
2021,dlsongs,2021-05-12,87,Bluma to Lunch,BLOOM VASE,https://www.billboard-japan.com/charts/detail?a=dlsongs&year=2021&month=05&day=17
2021,dlsongs,2021-05-12,88,No.6,伊藤美来,https://www.billboard-japan.com/charts/detail?a=dlsongs&year=2021&month=05&day=17
2021,dlsongs,2021-05-12,89,想いはらはらと,MISIA,https://www.billboard-japan.com/charts/detail?a=dlsongs&year=2021&month=05&day=17
2021,dlsongs,2021-05-12,90,ともに,WANIMA,https://www.billboard-japan.com/charts/detail?a=dlsongs&year=2021&month=05&day=17
2021,dlsongs,2021-05-12,91,ヒプノシスマイク -Glory or Dust-,Division All Stars,https://www.billboard-japan.com/charts/detail?a=dlsongs&year=2021&month=05&day=17
2021,dlsongs,2021-05-12,92,BAN,櫻坂46,https://www.billboard-japan.com/charts/detail?a=dlsongs&year=2021&month=05&day=17
2021,dlsongs,2021-05-12,93,Amazing Grace,EXILE ATSUSHI,https://www.billboard-japan.com/charts/detail?a=dlsongs&year=2021&month=05&day=17
2021,dlsongs,2021-05-12,94,Not the End,安田レイ,https://www.billboard-japan.com/charts/detail?a=dlsongs&year=2021&month=05&day=17
2021,dlsongs,2021-05-12,95,ピーターパン,優里,https://www.billboard-japan.com/charts/detail?a=dlsongs&year=2021&month=05&day=17
2021,dlsongs,2021-05-12,96,Universe,Official髭男dism,https://www.billboard-japan.com/charts/detail?a=dlsongs&year=2021&month=05&day=17
2021,dlsongs,2021-05-12,97,春泥棒,ヨルシカ,https://www.billboard-japan.com/charts/detail?a=dlsongs&year=2021&month=05&day=17
2021,dlsongs,2021-05-12,98,BLIZZARD,BURNOUT SYNDROMES,https://www.billboard-japan.com/charts/detail?a=dlsongs&year=2021&month=05&day=17
2021,dlsongs,2021-05-12,99,snow jam,Rin音,https://www.billboard-japan.com/charts/detail?a=dlsongs&year=2021&month=05&day=17
2021,dlsongs,2021-05-12,100,115万キロのフィルム,Official髭男dism,https://www.billboard-japan.com/charts/detail?a=dlsongs&year=2021&month=05&day=17
2021,dlsongs,2021-05-19,1,もう少しだけ,YOASOBI,https://www.billboard-japan.com/charts/detail?a=dlsongs&year=2021&month=05&day=24
2021,dlsongs,2021-05-19,2,きらり,藤井風,https://www.billboard-japan.com/charts/detail?a=dlsongs&year=2021&month=05&day=24
2021,dlsongs,2021-05-19,3,Cry Baby,Official髭男dism,https://www.billboard-japan.com/charts/detail?a=dlsongs&year=2021&month=05&day=24
2021,dlsongs,2021-05-19,4,家庭の事情,ZORN,https://www.billboard-japan.com/charts/detail?a=dlsongs&year=2021&month=05&day=24
2021,dlsongs,2021-05-19,5,愛を知るまでは,あいみょん,https://www.billboard-japan.com/charts/detail?a=dlsongs&year=2021&month=05&day=24
2021,dlsongs,2021-05-19,6,ドライフラワー,優里,https://www.billboard-japan.com/charts/detail?a=dlsongs&year=2021&month=05&day=24
2021,dlsongs,2021-05-19,7,踊,Ado,https://www.billboard-japan.com/charts/detail?a=dlsongs&year=2021&month=05&day=24
2021,dlsongs,2021-05-19,8,Bursty Greedy Spider,鈴木このみ,https://www.billboard-japan.com/charts/detail?a=dlsongs&year=2021&month=05&day=24
2021,dlsongs,2021-05-19,9,不思議,星野源,https://www.billboard-japan.com/charts/detail?a=dlsongs&year=2021&month=05&day=24
2021,dlsongs,2021-05-19,10,私の銀河,謎のアイドルX[オルタ](川澄綾子),https://www.billboard-japan.com/charts/detail?a=dlsongs&year=2021&month=05&day=24
2021,dlsongs,2021-05-19,11,怪物,YOASOBI,https://www.billboard-japan.com/charts/detail?a=dlsongs&year=2021&month=05&day=24
2021,dlsongs,2021-05-19,12,ないない,ReoNa,https://www.billboard-japan.com/charts/detail?a=dlsongs&year=2021&month=05&day=24
2021,dlsongs,2021-05-19,13,うっせぇわ,Ado,https://www.billboard-japan.com/charts/detail?a=dlsongs&year=2021&month=05&day=24
2021,dlsongs,2021-05-19,14,Renegades,ONE OK ROCK,https://www.billboard-japan.com/charts/detail?a=dlsongs&year=2021&month=05&day=24
2021,dlsongs,2021-05-19,15,閃光,[Alexandros],https://www.billboard-japan.com/charts/detail?a=dlsongs&year=2021&month=05&day=24
2021,dlsongs,2021-05-19,16,廻廻奇譚,Eve,https://www.billboard-japan.com/charts/detail?a=dlsongs&year=2021&month=05&day=24
2021,dlsongs,2021-05-19,17,夜に駆ける,YOASOBI,https://www.billboard-japan.com/charts/detail?a=dlsongs&year=2021&month=05&day=24
2021,dlsongs,2021-05-19,18,Dynamite,BTS,https://www.billboard-japan.com/charts/detail?a=dlsongs&year=2021&month=05&day=24
2021,dlsongs,2021-05-19,19,One Last Kiss,宇多田ヒカル,https://www.billboard-japan.com/charts/detail?a=dlsongs&year=2021&month=05&day=24
2021,dlsongs,2021-05-19,20,Kura Kura,TWICE,https://www.billboard-japan.com/charts/detail?a=dlsongs&year=2021&month=05&day=24
2021,dlsongs,2021-05-19,21,Presence I,STUTS & 松たか子 with 3exes feat. KID FRESINO,https://www.billboard-japan.com/charts/detail?a=dlsongs&year=2021&month=05&day=24
2021,dlsongs,2021-05-19,22,ギラギラ,Ado,https://www.billboard-japan.com/charts/detail?a=dlsongs&year=2021&month=05&day=24
2021,dlsongs,2021-05-19,23,うまぴょい伝説,Various Artists,https://www.billboard-japan.com/charts/detail?a=dlsongs&year=2021&month=05&day=24
2021,dlsongs,2021-05-19,24,群青,YOASOBI,https://www.billboard-japan.com/charts/detail?a=dlsongs&year=2021&month=05&day=24
2021,dlsongs,2021-05-19,25,Take a picture,NiziU,https://www.billboard-japan.com/charts/detail?a=dlsongs&year=2021&month=05&day=24
2021,dlsongs,2021-05-19,26,虹,菅田将暉,https://www.billboard-japan.com/charts/detail?a=dlsongs&year=2021&month=05&day=24
2021,dlsongs,2021-05-19,27,勿忘,Awesome City Club,https://www.billboard-japan.com/charts/detail?a=dlsongs&year=2021&month=05&day=24
2021,dlsongs,2021-05-19,28,sha・la・la・la,宮本浩次,https://www.billboard-japan.com/charts/detail?a=dlsongs&year=2021&month=05&day=24
2021,dlsongs,2021-05-19,29,in case…,BiSH,https://www.billboard-japan.com/charts/detail?a=dlsongs&year=2021&month=05&day=24
2021,dlsongs,2021-05-19,30,現実凸撃ヒエラルキー,「私」(悠木碧),https://www.billboard-japan.com/charts/detail?a=dlsongs&year=2021&month=05&day=24
2021,dlsongs,2021-05-19,31,ユメヲカケル!,"""スペシャルウィーク(和氣あず未),サイレンススズカ(高野麻里佳),トウカイテイオー(Machico),ウオッカ(大橋彩香),ダイワスカーレット(木村千咲),ゴールドシップ(上田瞳),メジロマックイー",https://www.billboard-japan.com/charts/detail?a=dlsongs&year=2021&month=05&day=24
2021,dlsongs,2021-05-19,32,YOKAZE,変態紳士クラブ,https://www.billboard-japan.com/charts/detail?a=dlsongs&year=2021&month=05&day=24
2021,dlsongs,2021-05-19,33,Make debut!,スピカ,https://www.billboard-japan.com/charts/detail?a=dlsongs&year=2021&month=05&day=24
2021,dlsongs,2021-05-19,34,炎,LiSA,https://www.billboard-japan.com/charts/detail?a=dlsongs&year=2021&month=05&day=24
2021,dlsongs,2021-05-19,35,Sing My Pleasure,ヴィヴィ(八木海莉),https://www.billboard-japan.com/charts/detail?a=dlsongs&year=2021&month=05&day=24
2021,dlsongs,2021-05-19,36,浪漫飛行,米米CLUB,https://www.billboard-japan.com/charts/detail?a=dlsongs&year=2021&month=05&day=24
2021,dlsongs,2021-05-19,37,GIRLS' LEGEND U,Various Artists,https://www.billboard-japan.com/charts/detail?a=dlsongs&year=2021&month=05&day=24
2021,dlsongs,2021-05-19,38,優しい彗星,YOASOBI,https://www.billboard-japan.com/charts/detail?a=dlsongs&year=2021&month=05&day=24
2021,dlsongs,2021-05-19,39,君はロックを聴かない,あいみょん,https://www.billboard-japan.com/charts/detail?a=dlsongs&year=2021&month=05&day=24
2021,dlsongs,2021-05-19,40,猫,DISH//,https://www.billboard-japan.com/charts/detail?a=dlsongs&year=2021&month=05&day=24
2021,dlsongs,2021-05-19,41,Starlight,和楽器バンド,https://www.billboard-japan.com/charts/detail?a=dlsongs&year=2021&month=05&day=24
2021,dlsongs,2021-05-19,42,青い,ポルカドットスティングレイ,https://www.billboard-japan.com/charts/detail?a=dlsongs&year=2021&month=05&day=24
2021,dlsongs,2021-05-19,43,グッバイ宣言,Chinozo,https://www.billboard-japan.com/charts/detail?a=dlsongs&year=2021&month=05&day=24
2021,dlsongs,2021-05-19,44,ハルジオン,YOASOBI,https://www.billboard-japan.com/charts/detail?a=dlsongs&year=2021&month=05&day=24
2021,dlsongs,2021-05-19,45,マリーゴールド,あいみょん,https://www.billboard-japan.com/charts/detail?a=dlsongs&year=2021&month=05&day=24
2021,dlsongs,2021-05-19,46,Finding Winding Road,"南雲鉄虎(中西智也),高峯翠(松井勇歩[劇団Patch]),仙石忍(深澤大河)",https://www.billboard-japan.com/charts/detail?a=dlsongs&year=2021&month=05&day=24
2021,dlsongs,2021-05-19,47,インパーフェクト,オーイシマサヨシ,https://www.billboard-japan.com/charts/detail?a=dlsongs&year=2021&month=05&day=24
2021,dlsongs,2021-05-19,48,猫 〜THE FIRST TAKE ver.〜,DISH//,https://www.billboard-japan.com/charts/detail?a=dlsongs&year=2021&month=05&day=24
2021,dlsongs,2021-05-19,48,Scarlet Lips,刀剣男士 team新撰組 with蜂須賀虎徹,https://www.billboard-japan.com/charts/detail?a=dlsongs&year=2021&month=05&day=24
2021,dlsongs,2021-05-19,50,旅路,藤井風,https://www.billboard-japan.com/charts/detail?a=dlsongs&year=2021&month=05&day=24
2021,dlsongs,2021-05-19,51,君がいるだけで,米米CLUB,https://www.billboard-japan.com/charts/detail?a=dlsongs&year=2021&month=05&day=24
2021,dlsongs,2021-05-19,52,魔法の絨毯,川崎鷹也,https://www.billboard-japan.com/charts/detail?a=dlsongs&year=2021&month=05&day=24
2021,dlsongs,2021-05-19,53,Poppin' Shakin',NiziU,https://www.billboard-japan.com/charts/detail?a=dlsongs&year=2021&month=05&day=24
2021,dlsongs,2021-05-19,54,永遠の不在証明,東京事変,https://www.billboard-japan.com/charts/detail?a=dlsongs&year=2021&month=05&day=24
2021,dlsongs,2021-05-19,55,レディメイド,Ado,https://www.billboard-japan.com/charts/detail?a=dlsongs&year=2021&month=05&day=24
2021,dlsongs,2021-05-19,56,VIVID VICE,Who-ya Extended,https://www.billboard-japan.com/charts/detail?a=dlsongs&year=2021&month=05&day=24
2021,dlsongs,2021-05-19,57,紅蓮華,LiSA,https://www.billboard-japan.com/charts/detail?a=dlsongs&year=2021&month=05&day=24
2021,dlsongs,2021-05-19,58,CITRUS,Da-iCE,https://www.billboard-japan.com/charts/detail?a=dlsongs&year=2021&month=05&day=24
2021,dlsongs,2021-05-19,59,EVERYBODY! EVERYBODY!,芹澤優 with DJ KOO & MOTSU,https://www.billboard-japan.com/charts/detail?a=dlsongs&year=2021&month=05&day=24
2021,dlsongs,2021-05-19,60,アイノカタチ feat.HIDE(GReeeeN),MISIA,https://www.billboard-japan.com/charts/detail?a=dlsongs&year=2021&month=05&day=24
2021,dlsongs,2021-05-19,61,PRISISM,イルミネーションスターズ,https://www.billboard-japan.com/charts/detail?a=dlsongs&year=2021&month=05&day=24
2021,dlsongs,2021-05-19,62,Pretender,Official髭男dism,https://www.billboard-japan.com/charts/detail?a=dlsongs&year=2021&month=05&day=24
2021,dlsongs,2021-05-19,63,マイ・ハート・ウィル・ゴー・オン,セリーヌ・ディオン,https://www.billboard-japan.com/charts/detail?a=dlsongs&year=2021&month=05&day=24
2021,dlsongs,2021-05-19,64,ツキミソウ,Novelbright,https://www.billboard-japan.com/charts/detail?a=dlsongs&year=2021&month=05&day=24
2021,dlsongs,2021-05-19,65,ストロボメモリー,内田真礼,https://www.billboard-japan.com/charts/detail?a=dlsongs&year=2021&month=05&day=24
2021,dlsongs,2021-05-19,66,マ・フィ・ア.in the morning,ITZY,https://www.billboard-japan.com/charts/detail?a=dlsongs&year=2021&month=05&day=24
2021,dlsongs,2021-05-19,67,春を告げる,yama,https://www.billboard-japan.com/charts/detail?a=dlsongs&year=2021&month=05&day=24
2021,dlsongs,2021-05-19,68,アンコール,YOASOBI,https://www.billboard-japan.com/charts/detail?a=dlsongs&year=2021&month=05&day=24
2021,dlsongs,2021-05-19,69,"Stand by me, Stand by you.",平井大,https://www.billboard-japan.com/charts/detail?a=dlsongs&year=2021&month=05&day=24
2021,dlsongs,2021-05-19,70,ハルカ,YOASOBI,https://www.billboard-japan.com/charts/detail?a=dlsongs&year=2021&month=05&day=24
2021,dlsongs,2021-05-19,71,Strawberry Moon,TWICE,https://www.billboard-japan.com/charts/detail?a=dlsongs&year=2021&month=05&day=24
2021,dlsongs,2021-05-19,72,Mela!,緑黄色社会,https://www.billboard-japan.com/charts/detail?a=dlsongs&year=2021&month=05&day=24
2021,dlsongs,2021-05-19,73,裸の心,あいみょん,https://www.billboard-japan.com/charts/detail?a=dlsongs&year=2021&month=05&day=24
2021,dlsongs,2021-05-19,74,Hero,平井大,https://www.billboard-japan.com/charts/detail?a=dlsongs&year=2021&month=05&day=24
2021,dlsongs,2021-05-19,75,まっさら,ReoNa,https://www.billboard-japan.com/charts/detail?a=dlsongs&year=2021&month=05&day=24
2021,dlsongs,2021-05-19,76,資本主義の椅子,WurtS,https://www.billboard-japan.com/charts/detail?a=dlsongs&year=2021&month=05&day=24
2021,dlsongs,2021-05-19,77,I LOVE…,Official髭男dism,https://www.billboard-japan.com/charts/detail?a=dlsongs&year=2021&month=05&day=24
2021,dlsongs,2021-05-19,78,winning the soul,トウカイテイオー(Machico),https://www.billboard-japan.com/charts/detail?a=dlsongs&year=2021&month=05&day=24
2021,dlsongs,2021-05-19,79,No.1,DISH//,https://www.billboard-japan.com/charts/detail?a=dlsongs&year=2021&month=05&day=24
2021,dlsongs,2021-05-19,80,桜が降る夜は,あいみょん,https://www.billboard-japan.com/charts/detail?a=dlsongs&year=2021&month=05&day=24
2021,dlsongs,2021-05-19,81,Not the End,安田レイ,https://www.billboard-japan.com/charts/detail?a=dlsongs&year=2021&month=05&day=24
2021,dlsongs,2021-05-19,82,115万キロのフィルム,Official髭男dism,https://www.billboard-japan.com/charts/detail?a=dlsongs&year=2021&month=05&day=24
2021,dlsongs,2021-05-19,83,指先のアリアドネ,Crazy:B,https://www.billboard-japan.com/charts/detail?a=dlsongs&year=2021&month=05&day=24
2021,dlsongs,2021-05-19,84,LOST IN PARADISE feat. AKLO,ALI,https://www.billboard-japan.com/charts/detail?a=dlsongs&year=2021&month=05&day=24
2021,dlsongs,2021-05-19,85,Give up,OMI,https://www.billboard-japan.com/charts/detail?a=dlsongs&year=2021&month=05&day=24
2021,dlsongs,2021-05-19,86,泣き笑いのエピソード,秦基博,https://www.billboard-japan.com/charts/detail?a=dlsongs&year=2021&month=05&day=24
2021,dlsongs,2021-05-19,87,アヤメ,石崎ひゅーい,https://www.billboard-japan.com/charts/detail?a=dlsongs&year=2021&month=05&day=24
2021,dlsongs,2021-05-19,88,春泥棒,ヨルシカ,https://www.billboard-japan.com/charts/detail?a=dlsongs&year=2021&month=05&day=24
2021,dlsongs,2021-05-19,89,Film out,BTS,https://www.billboard-japan.com/charts/detail?a=dlsongs&year=2021&month=05&day=24
2021,dlsongs,2021-05-19,90,おもいでしりとり,DIALOGUE+,https://www.billboard-japan.com/charts/detail?a=dlsongs&year=2021&month=05&day=24
2021,dlsongs,2021-05-19,91,ハルノヒ,あいみょん,https://www.billboard-japan.com/charts/detail?a=dlsongs&year=2021&month=05&day=24
2021,dlsongs,2021-05-19,92,Make you happy,NiziU,https://www.billboard-japan.com/charts/detail?a=dlsongs&year=2021&month=05&day=24
2021,dlsongs,2021-05-19,93,Blue Light,加州清光,https://www.billboard-japan.com/charts/detail?a=dlsongs&year=2021&month=05&day=24
2021,dlsongs,2021-05-19,94,生きてるだけでえらいよ,ReoNa,https://www.billboard-japan.com/charts/detail?a=dlsongs&year=2021&month=05&day=24
2021,dlsongs,2021-05-19,95,緑酒,東京事変,https://www.billboard-japan.com/charts/detail?a=dlsongs&year=2021&month=05&day=24
2021,dlsongs,2021-05-19,96,白日,King Gnu,https://www.billboard-japan.com/charts/detail?a=dlsongs&year=2021&month=05&day=24
2021,dlsongs,2021-05-19,97,Bluma to Lunch,BLOOM VASE,https://www.billboard-japan.com/charts/detail?a=dlsongs&year=2021&month=05&day=24
2021,dlsongs,2021-05-19,98,Shake & Shake,sumika,https://www.billboard-japan.com/charts/detail?a=dlsongs&year=2021&month=05&day=24
2021,dlsongs,2021-05-19,99,Universe,Official髭男dism,https://www.billboard-japan.com/charts/detail?a=dlsongs&year=2021&month=05&day=24
2021,dlsongs,2021-05-19,100,Walk This Way feat.AKLO,ZORN,https://www.billboard-japan.com/charts/detail?a=dlsongs&year=2021&month=05&day=24
2021,dlsongs,2021-05-26,1,Butter,BTS,https://www.billboard-japan.com/charts/detail?a=dlsongs&year=2021&month=05&day=31
2021,dlsongs,2021-05-26,2,なないろ,BUMP OF CHICKEN,https://www.billboard-japan.com/charts/detail?a=dlsongs&year=2021&month=05&day=31
2021,dlsongs,2021-05-26,3,もう少しだけ,YOASOBI,https://www.billboard-japan.com/charts/detail?a=dlsongs&year=2021&month=05&day=31
2021,dlsongs,2021-05-26,4,きらり,藤井風,https://www.billboard-japan.com/charts/detail?a=dlsongs&year=2021&month=05&day=31
2021,dlsongs,2021-05-26,5,Cry Baby,Official髭男dism,https://www.billboard-japan.com/charts/detail?a=dlsongs&year=2021&month=05&day=31
2021,dlsongs,2021-05-26,6,バードマン,SEKAI NO OWARI,https://www.billboard-japan.com/charts/detail?a=dlsongs&year=2021&month=05&day=31
2021,dlsongs,2021-05-26,7,大河よ共に泣いてくれ,フランシュシュ,https://www.billboard-japan.com/charts/detail?a=dlsongs&year=2021&month=05&day=31
2021,dlsongs,2021-05-26,8,不思議,星野源,https://www.billboard-japan.com/charts/detail?a=dlsongs&year=2021&month=05&day=31
2021,dlsongs,2021-05-26,9,怪物,YOASOBI,https://www.billboard-japan.com/charts/detail?a=dlsongs&year=2021&month=05&day=31
2021,dlsongs,2021-05-26,10,愛を知るまでは,あいみょん,https://www.billboard-japan.com/charts/detail?a=dlsongs&year=2021&month=05&day=31
2021,dlsongs,2021-05-26,11,ドライフラワー,優里,https://www.billboard-japan.com/charts/detail?a=dlsongs&year=2021&month=05&day=31
2021,dlsongs,2021-05-26,12,踊,Ado,https://www.billboard-japan.com/charts/detail?a=dlsongs&year=2021&month=05&day=31
2021,dlsongs,2021-05-26,13,14平米にスーベニア,久川凪(立花日菜),https://www.billboard-japan.com/charts/detail?a=dlsongs&year=2021&month=05&day=31
2021,dlsongs,2021-05-26,14,うっせぇわ,Ado,https://www.billboard-japan.com/charts/detail?a=dlsongs&year=2021&month=05&day=31
2021,dlsongs,2021-05-26,15,Dynamite,BTS,https://www.billboard-japan.com/charts/detail?a=dlsongs&year=2021&month=05&day=31
2021,dlsongs,2021-05-26,16,家庭の事情,ZORN,https://www.billboard-japan.com/charts/detail?a=dlsongs&year=2021&month=05&day=31
2021,dlsongs,2021-05-26,17,Renegades,ONE OK ROCK,https://www.billboard-japan.com/charts/detail?a=dlsongs&year=2021&month=05&day=31
2021,dlsongs,2021-05-26,18,恋唄,清水翔太,https://www.billboard-japan.com/charts/detail?a=dlsongs&year=2021&month=05&day=31
2021,dlsongs,2021-05-26,19,廻廻奇譚,Eve,https://www.billboard-japan.com/charts/detail?a=dlsongs&year=2021&month=05&day=31
2021,dlsongs,2021-05-26,20,夜に駆ける,YOASOBI,https://www.billboard-japan.com/charts/detail?a=dlsongs&year=2021&month=05&day=31
2021,dlsongs,2021-05-26,21,勿忘,Awesome City Club,https://www.billboard-japan.com/charts/detail?a=dlsongs&year=2021&month=05&day=31
2021,dlsongs,2021-05-26,22,君と話を,"カタシロProject,藍月なくる & コーサカ",https://www.billboard-japan.com/charts/detail?a=dlsongs&year=2021&month=05&day=31
2021,dlsongs,2021-05-26,23,#HE4DSHOT,砂塚あきら(富田美憂),https://www.billboard-japan.com/charts/detail?a=dlsongs&year=2021&month=05&day=31
2021,dlsongs,2021-05-26,24,Presence I,STUTS & 松たか子 with 3exes feat. KID FRESINO,https://www.billboard-japan.com/charts/detail?a=dlsongs&year=2021&month=05&day=31
2021,dlsongs,2021-05-26,25,アイノカタチ feat.HIDE(GReeeeN),MISIA,https://www.billboard-japan.com/charts/detail?a=dlsongs&year=2021&month=05&day=31
2021,dlsongs,2021-05-26,26,ないない,ReoNa,https://www.billboard-japan.com/charts/detail?a=dlsongs&year=2021&month=05&day=31
2021,dlsongs,2021-05-26,27,雨のいたずら,ケツメイシ,https://www.billboard-japan.com/charts/detail?a=dlsongs&year=2021&month=05&day=31
2021,dlsongs,2021-05-26,28,夢を手に、戻れる場所もない日々を,フランシュシュ,https://www.billboard-japan.com/charts/detail?a=dlsongs&year=2021&month=05&day=31
2021,dlsongs,2021-05-26,29,君は天然色,藤原さくら,https://www.billboard-japan.com/charts/detail?a=dlsongs&year=2021&month=05&day=31
2021,dlsongs,2021-05-26,30,うまぴょい伝説,Various Artists,https://www.billboard-japan.com/charts/detail?a=dlsongs&year=2021&month=05&day=31
2021,dlsongs,2021-05-26,31,ギラギラ,Ado,https://www.billboard-japan.com/charts/detail?a=dlsongs&year=2021&month=05&day=31
2021,dlsongs,2021-05-26,32,Bursty Greedy Spider,鈴木このみ,https://www.billboard-japan.com/charts/detail?a=dlsongs&year=2021&month=05&day=31
2021,dlsongs,2021-05-26,33,虹,菅田将暉,https://www.billboard-japan.com/charts/detail?a=dlsongs&year=2021&month=05&day=31
2021,dlsongs,2021-05-26,34,Another Great Day!!,LiSA,https://www.billboard-japan.com/charts/detail?a=dlsongs&year=2021&month=05&day=31
2021,dlsongs,2021-05-26,35,閃光,[Alexandros],https://www.billboard-japan.com/charts/detail?a=dlsongs&year=2021&month=05&day=31
2021,dlsongs,2021-05-26,36,群青,YOASOBI,https://www.billboard-japan.com/charts/detail?a=dlsongs&year=2021&month=05&day=31
2021,dlsongs,2021-05-26,37,君はロックを聴かない,あいみょん,https://www.billboard-japan.com/charts/detail?a=dlsongs&year=2021&month=05&day=31
2021,dlsongs,2021-05-26,38,One Last Kiss,宇多田ヒカル,https://www.billboard-japan.com/charts/detail?a=dlsongs&year=2021&month=05&day=31
2021,dlsongs,2021-05-26,39,Sing My Pleasure,ヴィヴィ(八木海莉),https://www.billboard-japan.com/charts/detail?a=dlsongs&year=2021&month=05&day=31
2021,dlsongs,2021-05-26,40,炎,LiSA,https://www.billboard-japan.com/charts/detail?a=dlsongs&year=2021&month=05&day=31
2021,dlsongs,2021-05-26,41,恋,星野源,https://www.billboard-japan.com/charts/detail?a=dlsongs&year=2021&month=05&day=31
2021,dlsongs,2021-05-26,42,Take a picture,NiziU,https://www.billboard-japan.com/charts/detail?a=dlsongs&year=2021&month=05&day=31
2021,dlsongs,2021-05-26,43,Kura Kura,TWICE,https://www.billboard-japan.com/charts/detail?a=dlsongs&year=2021&month=05&day=31
2021,dlsongs,2021-05-26,44,ユメヲカケル!,"""スペシャルウィーク(和氣あず未),サイレンススズカ(高野麻里佳),トウカイテイオー(Machico),ウオッカ(大橋彩香),ダイワスカーレット(木村千咲),ゴールドシップ(上田瞳),メジロマックイー",https://www.billboard-japan.com/charts/detail?a=dlsongs&year=2021&month=05&day=31
2021,dlsongs,2021-05-26,45,スマイルシンフォニア,イルミネーションスターズ,https://www.billboard-japan.com/charts/detail?a=dlsongs&year=2021&month=05&day=31
2021,dlsongs,2021-05-26,46,No.1,DISH//,https://www.billboard-japan.com/charts/detail?a=dlsongs&year=2021&month=05&day=31
2021,dlsongs,2021-05-26,47,Beat of the Night,黒埼ちとせ(佐倉薫),https://www.billboard-japan.com/charts/detail?a=dlsongs&year=2021&month=05&day=31
2021,dlsongs,2021-05-26,48,Make debut!,スピカ,https://www.billboard-japan.com/charts/detail?a=dlsongs&year=2021&month=05&day=31
2021,dlsongs,2021-05-26,49,めでたしソング feat.ムロツヨシ,東京スカパラダイスオーケストラ,https://www.billboard-japan.com/charts/detail?a=dlsongs&year=2021&month=05&day=31
2021,dlsongs,2021-05-26,50,YOKAZE,変態紳士クラブ,https://www.billboard-japan.com/charts/detail?a=dlsongs&year=2021&month=05&day=31
2021,dlsongs,2021-05-26,51,GIRLS' LEGEND U,Various Artists,https://www.billboard-japan.com/charts/detail?a=dlsongs&year=2021&month=05&day=31
2021,dlsongs,2021-05-26,52,猫,DISH//,https://www.billboard-japan.com/charts/detail?a=dlsongs&year=2021&month=05&day=31
2021,dlsongs,2021-05-26,53,CITRUS,Da-iCE,https://www.billboard-japan.com/charts/detail?a=dlsongs&year=2021&month=05&day=31
2021,dlsongs,2021-05-26,54,It's A Whole World,そーいち,https://www.billboard-japan.com/charts/detail?a=dlsongs&year=2021&month=05&day=31
2021,dlsongs,2021-05-26,55,Plasmagic Seasons!,hololive 1st Generation,https://www.billboard-japan.com/charts/detail?a=dlsongs&year=2021&month=05&day=31
2021,dlsongs,2021-05-26,56,グッバイ宣言,Chinozo,https://www.billboard-japan.com/charts/detail?a=dlsongs&year=2021&month=05&day=31
2021,dlsongs,2021-05-26,57,PRISISM,イルミネーションスターズ,https://www.billboard-japan.com/charts/detail?a=dlsongs&year=2021&month=05&day=31
2021,dlsongs,2021-05-26,58,魔法の絨毯,川崎鷹也,https://www.billboard-japan.com/charts/detail?a=dlsongs&year=2021&month=05&day=31
2021,dlsongs,2021-05-26,59,猫 〜THE FIRST TAKE ver.〜,DISH//,https://www.billboard-japan.com/charts/detail?a=dlsongs&year=2021&month=05&day=31
2021,dlsongs,2021-05-26,60,優しい彗星,YOASOBI,https://www.billboard-japan.com/charts/detail?a=dlsongs&year=2021&month=05&day=31
2021,dlsongs,2021-05-26,61,in case…,BiSH,https://www.billboard-japan.com/charts/detail?a=dlsongs&year=2021&month=05&day=31
2021,dlsongs,2021-05-26,62,Film out,BTS,https://www.billboard-japan.com/charts/detail?a=dlsongs&year=2021&month=05&day=31
2021,dlsongs,2021-05-26,63,紅蓮華,LiSA,https://www.billboard-japan.com/charts/detail?a=dlsongs&year=2021&month=05&day=31
2021,dlsongs,2021-05-26,64,インパーフェクト,オーイシマサヨシ,https://www.billboard-japan.com/charts/detail?a=dlsongs&year=2021&month=05&day=31
2021,dlsongs,2021-05-26,65,Next Level,aespa,https://www.billboard-japan.com/charts/detail?a=dlsongs&year=2021&month=05&day=31
2021,dlsongs,2021-05-26,66,…恋に落ちたら,Penthouse,https://www.billboard-japan.com/charts/detail?a=dlsongs&year=2021&month=05&day=31
2021,dlsongs,2021-05-26,67,EVERYBODY! EVERYBODY!,芹澤優 with DJ KOO & MOTSU,https://www.billboard-japan.com/charts/detail?a=dlsongs&year=2021&month=05&day=31
2021,dlsongs,2021-05-26,68,ハルジオン,YOASOBI,https://www.billboard-japan.com/charts/detail?a=dlsongs&year=2021&month=05&day=31
2021,dlsongs,2021-05-26,69,Nope!!!!!,アイアンフリル,https://www.billboard-japan.com/charts/detail?a=dlsongs&year=2021&month=05&day=31
2021,dlsongs,2021-05-26,70,マリーゴールド,あいみょん,https://www.billboard-japan.com/charts/detail?a=dlsongs&year=2021&month=05&day=31
2021,dlsongs,2021-05-26,71,Starlight,和楽器バンド,https://www.billboard-japan.com/charts/detail?a=dlsongs&year=2021&month=05&day=31
2021,dlsongs,2021-05-26,72,DEAR MY WAKER,米倉千尋,https://www.billboard-japan.com/charts/detail?a=dlsongs&year=2021&month=05&day=31
2021,dlsongs,2021-05-26,73,レディメイド,Ado,https://www.billboard-japan.com/charts/detail?a=dlsongs&year=2021&month=05&day=31
2021,dlsongs,2021-05-26,74,Pretender,Official髭男dism,https://www.billboard-japan.com/charts/detail?a=dlsongs&year=2021&month=05&day=31
2021,dlsongs,2021-05-26,75,Flare,BUMP OF CHICKEN,https://www.billboard-japan.com/charts/detail?a=dlsongs&year=2021&month=05&day=31
2021,dlsongs,2021-05-26,76,I LOVE…,Official髭男dism,https://www.billboard-japan.com/charts/detail?a=dlsongs&year=2021&month=05&day=31
2021,dlsongs,2021-05-26,77,青い,ポルカドットスティングレイ,https://www.billboard-japan.com/charts/detail?a=dlsongs&year=2021&month=05&day=31
2021,dlsongs,2021-05-26,78,旅路,藤井風,https://www.billboard-japan.com/charts/detail?a=dlsongs&year=2021&month=05&day=31
2021,dlsongs,2021-05-26,79,マ・フィ・ア.in the morning,ITZY,https://www.billboard-japan.com/charts/detail?a=dlsongs&year=2021&month=05&day=31
2021,dlsongs,2021-05-26,80,春を告げる,yama,https://www.billboard-japan.com/charts/detail?a=dlsongs&year=2021&month=05&day=31
2021,dlsongs,2021-05-26,81,ツキミソウ,Novelbright,https://www.billboard-japan.com/charts/detail?a=dlsongs&year=2021&month=05&day=31
2021,dlsongs,2021-05-26,82,裸の心,あいみょん,https://www.billboard-japan.com/charts/detail?a=dlsongs&year=2021&month=05&day=31
2021,dlsongs,2021-05-26,83,Poppin' Shakin',NiziU,https://www.billboard-japan.com/charts/detail?a=dlsongs&year=2021&month=05&day=31
2021,dlsongs,2021-05-26,84,Emotion,チャン・グンソク,https://www.billboard-japan.com/charts/detail?a=dlsongs&year=2021&month=05&day=31
2021,dlsongs,2021-05-26,85,おもいでしりとり,DIALOGUE+,https://www.billboard-japan.com/charts/detail?a=dlsongs&year=2021&month=05&day=31
2021,dlsongs,2021-05-26,86,愛しい人,SUPER BEAVER,https://www.billboard-japan.com/charts/detail?a=dlsongs&year=2021&month=05&day=31
2021,dlsongs,2021-05-26,87,VIVID VICE,Who-ya Extended,https://www.billboard-japan.com/charts/detail?a=dlsongs&year=2021&month=05&day=31
2021,dlsongs,2021-05-26,88,春泥棒,ヨルシカ,https://www.billboard-japan.com/charts/detail?a=dlsongs&year=2021&month=05&day=31
2021,dlsongs,2021-05-26,89,風の強い日は嫌いか?,ホワイト竜,https://www.billboard-japan.com/charts/detail?a=dlsongs&year=2021&month=05&day=31
2021,dlsongs,2021-05-26,90,アンコール,YOASOBI,https://www.billboard-japan.com/charts/detail?a=dlsongs&year=2021&month=05&day=31
2021,dlsongs,2021-05-26,91,Bluma to Lunch,BLOOM VASE,https://www.billboard-japan.com/charts/detail?a=dlsongs&year=2021&month=05&day=31
2021,dlsongs,2021-05-26,92,BLIZZARD,BURNOUT SYNDROMES,https://www.billboard-japan.com/charts/detail?a=dlsongs&year=2021&month=05&day=31
2021,dlsongs,2021-05-26,93,永遠の不在証明,東京事変,https://www.billboard-japan.com/charts/detail?a=dlsongs&year=2021&month=05&day=31
2021,dlsongs,2021-05-26,94,君のこえ,寺西優真,https://www.billboard-japan.com/charts/detail?a=dlsongs&year=2021&month=05&day=31
2021,dlsongs,2021-05-26,95,"Stand by me, Stand by you.",平井大,https://www.billboard-japan.com/charts/detail?a=dlsongs&year=2021&month=05&day=31
2021,dlsongs,2021-05-26,96,現実凸撃ヒエラルキー,「私」(悠木碧),https://www.billboard-japan.com/charts/detail?a=dlsongs&year=2021&month=05&day=31
2021,dlsongs,2021-05-26,97,アカシア,BUMP OF CHICKEN,https://www.billboard-japan.com/charts/detail?a=dlsongs&year=2021&month=05&day=31
2021,dlsongs,2021-05-26,98,KING,Kanaria,https://www.billboard-japan.com/charts/detail?a=dlsongs&year=2021&month=05&day=31
2021,dlsongs,2021-05-26,98,Be with the world,Photon Maiden,https://www.billboard-japan.com/charts/detail?a=dlsongs&year=2021&month=05&day=31
2021,dlsongs,2021-05-26,100,Walk This Way feat.AKLO,ZORN,https://www.billboard-japan.com/charts/detail?a=dlsongs&year=2021&month=05&day=31
2021,dlsongs,2021-06-02,1,怪盗,back number,https://www.billboard-japan.com/charts/detail?a=dlsongs&year=2021&month=06&day=07
2021,dlsongs,2021-06-02,2,Butter,BTS,https://www.billboard-japan.com/charts/detail?a=dlsongs&year=2021&month=06&day=07
2021,dlsongs,2021-06-02,3,Broken Heart of Gold,ONE OK ROCK,https://www.billboard-japan.com/charts/detail?a=dlsongs&year=2021&month=06&day=07
2021,dlsongs,2021-06-02,4,きみとなら,B'z,https://www.billboard-japan.com/charts/detail?a=dlsongs&year=2021&month=06&day=07
2021,dlsongs,2021-06-02,5,なないろ,BUMP OF CHICKEN,https://www.billboard-japan.com/charts/detail?a=dlsongs&year=2021&month=06&day=07
2021,dlsongs,2021-06-02,6,君しか勝たん,日向坂46,https://www.billboard-japan.com/charts/detail?a=dlsongs&year=2021&month=06&day=07
2021,dlsongs,2021-06-02,7,もう少しだけ,YOASOBI,https://www.billboard-japan.com/charts/detail?a=dlsongs&year=2021&month=06&day=07
2021,dlsongs,2021-06-02,8,OH MY GOD,SHHis,https://www.billboard-japan.com/charts/detail?a=dlsongs&year=2021&month=06&day=07
2021,dlsongs,2021-06-02,9,きらり,藤井風,https://www.billboard-japan.com/charts/detail?a=dlsongs&year=2021&month=06&day=07
2021,dlsongs,2021-06-02,10,愛を知るまでは,あいみょん,https://www.billboard-japan.com/charts/detail?a=dlsongs&year=2021&month=06&day=07
2021,dlsongs,2021-06-02,11,Cry Baby,Official髭男dism,https://www.billboard-japan.com/charts/detail?a=dlsongs&year=2021&month=06&day=07
2021,dlsongs,2021-06-02,12,ドライフラワー,優里,https://www.billboard-japan.com/charts/detail?a=dlsongs&year=2021&month=06&day=07
2021,dlsongs,2021-06-02,13,不思議,星野源,https://www.billboard-japan.com/charts/detail?a=dlsongs&year=2021&month=06&day=07
2021,dlsongs,2021-06-02,14,怪物,YOASOBI,https://www.billboard-japan.com/charts/detail?a=dlsongs&year=2021&month=06&day=07
2021,dlsongs,2021-06-02,15,踊,Ado,https://www.billboard-japan.com/charts/detail?a=dlsongs&year=2021&month=06&day=07
2021,dlsongs,2021-06-02,16,Dynamite,BTS,https://www.billboard-japan.com/charts/detail?a=dlsongs&year=2021&month=06&day=07
2021,dlsongs,2021-06-02,17,100 SEASONS,三代目 J SOUL BROTHERS from EXILE TRIBE,https://www.billboard-japan.com/charts/detail?a=dlsongs&year=2021&month=06&day=07
2021,dlsongs,2021-06-02,18,FRIED GREEN TOMATOES,GLAY,https://www.billboard-japan.com/charts/detail?a=dlsongs&year=2021&month=06&day=07
2021,dlsongs,2021-06-02,19,Renegades,ONE OK ROCK,https://www.billboard-japan.com/charts/detail?a=dlsongs&year=2021&month=06&day=07
2021,dlsongs,2021-06-02,20,うっせぇわ,Ado,https://www.billboard-japan.com/charts/detail?a=dlsongs&year=2021&month=06&day=07
2021,dlsongs,2021-06-02,21,廻廻奇譚,Eve,https://www.billboard-japan.com/charts/detail?a=dlsongs&year=2021&month=06&day=07
2021,dlsongs,2021-06-02,22,"Presence II (feat. BIM, 岡田将生)",STUTS & 松たか子 with 3exes,https://www.billboard-japan.com/charts/detail?a=dlsongs&year=2021&month=06&day=07
2021,dlsongs,2021-06-02,23,たけてん,GReeeeN,https://www.billboard-japan.com/charts/detail?a=dlsongs&year=2021&month=06&day=07
2021,dlsongs,2021-06-02,24,Sing My Pleasure,ヴィヴィ(八木海莉),https://www.billboard-japan.com/charts/detail?a=dlsongs&year=2021&month=06&day=07
2021,dlsongs,2021-06-02,25,夜に駆ける,YOASOBI,https://www.billboard-japan.com/charts/detail?a=dlsongs&year=2021&month=06&day=07
2021,dlsongs,2021-06-02,26,ギラギラ,Ado,https://www.billboard-japan.com/charts/detail?a=dlsongs&year=2021&month=06&day=07
2021,dlsongs,2021-06-02,27,オモイノカケラ,Switch,https://www.billboard-japan.com/charts/detail?a=dlsongs&year=2021&month=06&day=07
2021,dlsongs,2021-06-02,28,勿忘,Awesome City Club,https://www.billboard-japan.com/charts/detail?a=dlsongs&year=2021&month=06&day=07
2021,dlsongs,2021-06-02,29,バードマン,SEKAI NO OWARI,https://www.billboard-japan.com/charts/detail?a=dlsongs&year=2021&month=06&day=07
2021,dlsongs,2021-06-02,30,カーテンコール,yama,https://www.billboard-japan.com/charts/detail?a=dlsongs&year=2021&month=06&day=07
2021,dlsongs,2021-06-02,31,家庭の事情,ZORN,https://www.billboard-japan.com/charts/detail?a=dlsongs&year=2021&month=06&day=07
2021,dlsongs,2021-06-02,32,春を告げる,yama,https://www.billboard-japan.com/charts/detail?a=dlsongs&year=2021&month=06&day=07
2021,dlsongs,2021-06-02,33,アイノカタチ feat.HIDE(GReeeeN),MISIA,https://www.billboard-japan.com/charts/detail?a=dlsongs&year=2021&month=06&day=07
2021,dlsongs,2021-06-02,34,SUPERSTAR,SHINee,https://www.billboard-japan.com/charts/detail?a=dlsongs&year=2021&month=06&day=07
2021,dlsongs,2021-06-02,35,群青,YOASOBI,https://www.billboard-japan.com/charts/detail?a=dlsongs&year=2021&month=06&day=07
2021,dlsongs,2021-06-02,36,うまぴょい伝説,Various Artists,https://www.billboard-japan.com/charts/detail?a=dlsongs&year=2021&month=06&day=07
2021,dlsongs,2021-06-02,37,炎,LiSA,https://www.billboard-japan.com/charts/detail?a=dlsongs&year=2021&month=06&day=07
2021,dlsongs,2021-06-02,38,猫,DISH//,https://www.billboard-japan.com/charts/detail?a=dlsongs&year=2021&month=06&day=07
2021,dlsongs,2021-06-02,39,Bursty Greedy Spider,鈴木このみ,https://www.billboard-japan.com/charts/detail?a=dlsongs&year=2021&month=06&day=07
2021,dlsongs,2021-06-02,40,Presence I,STUTS & 松たか子 with 3exes feat. KID FRESINO,https://www.billboard-japan.com/charts/detail?a=dlsongs&year=2021&month=06&day=07
2021,dlsongs,2021-06-02,41,ユメヲカケル!,"""スペシャルウィーク(和氣あず未),サイレンススズカ(高野麻里佳),トウカイテイオー(Machico),ウオッカ(大橋彩香),ダイワスカーレット(木村千咲),ゴールドシップ(上田瞳),メジロマックイー",https://www.billboard-japan.com/charts/detail?a=dlsongs&year=2021&month=06&day=07
2021,dlsongs,2021-06-02,42,No.1,DISH//,https://www.billboard-japan.com/charts/detail?a=dlsongs&year=2021&month=06&day=07
2021,dlsongs,2021-06-02,43,One Nation,EXILE,https://www.billboard-japan.com/charts/detail?a=dlsongs&year=2021&month=06&day=07
2021,dlsongs,2021-06-02,44,One Last Kiss,宇多田ヒカル,https://www.billboard-japan.com/charts/detail?a=dlsongs&year=2021&month=06&day=07
2021,dlsongs,2021-06-02,45,ないない,ReoNa,https://www.billboard-japan.com/charts/detail?a=dlsongs&year=2021&month=06&day=07
2021,dlsongs,2021-06-02,46,虹,菅田将暉,https://www.billboard-japan.com/charts/detail?a=dlsongs&year=2021&month=06&day=07
2021,dlsongs,2021-06-02,47,ツキミソウ,Novelbright,https://www.billboard-japan.com/charts/detail?a=dlsongs&year=2021&month=06&day=07
2021,dlsongs,2021-06-02,48,Another Great Day!!,LiSA,https://www.billboard-japan.com/charts/detail?a=dlsongs&year=2021&month=06&day=07
2021,dlsongs,2021-06-02,49,Emotion,チャン・グンソク,https://www.billboard-japan.com/charts/detail?a=dlsongs&year=2021&month=06&day=07
2021,dlsongs,2021-06-02,50,Oh! My Precious!,DA PUMP,https://www.billboard-japan.com/charts/detail?a=dlsongs&year=2021&month=06&day=07
2021,dlsongs,2021-06-02,51,大河よ共に泣いてくれ,フランシュシュ,https://www.billboard-japan.com/charts/detail?a=dlsongs&year=2021&month=06&day=07
2021,dlsongs,2021-06-02,52,猫 〜THE FIRST TAKE ver.〜,DISH//,https://www.billboard-japan.com/charts/detail?a=dlsongs&year=2021&month=06&day=07
2021,dlsongs,2021-06-02,53,Make debut!,スピカ,https://www.billboard-japan.com/charts/detail?a=dlsongs&year=2021&month=06&day=07
2021,dlsongs,2021-06-02,54,GIRLS' LEGEND U,Various Artists,https://www.billboard-japan.com/charts/detail?a=dlsongs&year=2021&month=06&day=07
2021,dlsongs,2021-06-02,55,Take a picture,NiziU,https://www.billboard-japan.com/charts/detail?a=dlsongs&year=2021&month=06&day=07
2021,dlsongs,2021-06-02,56,閃光,[Alexandros],https://www.billboard-japan.com/charts/detail?a=dlsongs&year=2021&month=06&day=07
2021,dlsongs,2021-06-02,57,君はロックを聴かない,あいみょん,https://www.billboard-japan.com/charts/detail?a=dlsongs&year=2021&month=06&day=07
2021,dlsongs,2021-06-02,58,グッバイ宣言,Chinozo,https://www.billboard-japan.com/charts/detail?a=dlsongs&year=2021&month=06&day=07
2021,dlsongs,2021-06-02,59,Sing My Pleasure(Grace Ver.),グレイス(小玉ひかり),https://www.billboard-japan.com/charts/detail?a=dlsongs&year=2021&month=06&day=07
2021,dlsongs,2021-06-02,60,CITRUS,Da-iCE,https://www.billboard-japan.com/charts/detail?a=dlsongs&year=2021&month=06&day=07
2021,dlsongs,2021-06-02,61,YOKAZE,変態紳士クラブ,https://www.billboard-japan.com/charts/detail?a=dlsongs&year=2021&month=06&day=07
2021,dlsongs,2021-06-02,62,スマイルフラワー,TUBE,https://www.billboard-japan.com/charts/detail?a=dlsongs&year=2021&month=06&day=07
2021,dlsongs,2021-06-02,63,裸の心,あいみょん,https://www.billboard-japan.com/charts/detail?a=dlsongs&year=2021&month=06&day=07
2021,dlsongs,2021-06-02,64,in case…,BiSH,https://www.billboard-japan.com/charts/detail?a=dlsongs&year=2021&month=06&day=07
2021,dlsongs,2021-06-02,65,魔法の絨毯,川崎鷹也,https://www.billboard-japan.com/charts/detail?a=dlsongs&year=2021&month=06&day=07
2021,dlsongs,2021-06-02,66,マリーゴールド,あいみょん,https://www.billboard-japan.com/charts/detail?a=dlsongs&year=2021&month=06&day=07
2021,dlsongs,2021-06-02,67,Pretender,Official髭男dism,https://www.billboard-japan.com/charts/detail?a=dlsongs&year=2021&month=06&day=07
2021,dlsongs,2021-06-02,68,インパーフェクト,オーイシマサヨシ,https://www.billboard-japan.com/charts/detail?a=dlsongs&year=2021&month=06&day=07
2021,dlsongs,2021-06-02,69,今日から、ここから,いきものがかり,https://www.billboard-japan.com/charts/detail?a=dlsongs&year=2021&month=06&day=07
2021,dlsongs,2021-06-02,70,恋唄,清水翔太,https://www.billboard-japan.com/charts/detail?a=dlsongs&year=2021&month=06&day=07
2021,dlsongs,2021-06-02,71,Kura Kura,TWICE,https://www.billboard-japan.com/charts/detail?a=dlsongs&year=2021&month=06&day=07
2021,dlsongs,2021-06-02,72,桜が降る夜は,あいみょん,https://www.billboard-japan.com/charts/detail?a=dlsongs&year=2021&month=06&day=07
2021,dlsongs,2021-06-02,73,優しい彗星,YOASOBI,https://www.billboard-japan.com/charts/detail?a=dlsongs&year=2021&month=06&day=07
2021,dlsongs,2021-06-02,74,紅蓮華,LiSA,https://www.billboard-japan.com/charts/detail?a=dlsongs&year=2021&month=06&day=07
2021,dlsongs,2021-06-02,75,BRAND NEW STARS!! (Switch ver.),Switch,https://www.billboard-japan.com/charts/detail?a=dlsongs&year=2021&month=06&day=07
2021,dlsongs,2021-06-02,76,無敵ドリーミング,"チエル(佐倉綾音),クロエ(種崎敦美),ユニ(小原好美)",https://www.billboard-japan.com/charts/detail?a=dlsongs&year=2021&month=06&day=07
2021,dlsongs,2021-06-02,77,14平米にスーベニア,久川凪(立花日菜),https://www.billboard-japan.com/charts/detail?a=dlsongs&year=2021&month=06&day=07
2021,dlsongs,2021-06-02,78,Starlight,和楽器バンド,https://www.billboard-japan.com/charts/detail?a=dlsongs&year=2021&month=06&day=07
2021,dlsongs,2021-06-02,79,Film out,BTS,https://www.billboard-japan.com/charts/detail?a=dlsongs&year=2021&month=06&day=07
2021,dlsongs,2021-06-02,80,ハルジオン,YOASOBI,https://www.billboard-japan.com/charts/detail?a=dlsongs&year=2021&month=06&day=07
2021,dlsongs,2021-06-02,81,レディメイド,Ado,https://www.billboard-japan.com/charts/detail?a=dlsongs&year=2021&month=06&day=07
2021,dlsongs,2021-06-02,82,Harmony of One's Heart,ディーヴァ(八木海莉),https://www.billboard-japan.com/charts/detail?a=dlsongs&year=2021&month=06&day=07
2021,dlsongs,2021-06-02,83,キスイダ!,"如月玲於奈(竹達彩奈),アリシア(ファイルーズあい),ミザリサ(井澤詩織),結城楓(古賀葵)",https://www.billboard-japan.com/charts/detail?a=dlsongs&year=2021&month=06&day=07
2021,dlsongs,2021-06-02,84,VIVA LA EVOLUCION,BALLISTIK BOYZ from EXILE TRIBE,https://www.billboard-japan.com/charts/detail?a=dlsongs&year=2021&month=06&day=07
2021,dlsongs,2021-06-02,85,透明,宮野真守,https://www.billboard-japan.com/charts/detail?a=dlsongs&year=2021&month=06&day=07
2021,dlsongs,2021-06-02,86,白日,King Gnu,https://www.billboard-japan.com/charts/detail?a=dlsongs&year=2021&month=06&day=07
2021,dlsongs,2021-06-02,87,声の足跡,日向坂46,https://www.billboard-japan.com/charts/detail?a=dlsongs&year=2021&month=06&day=07
2021,dlsongs,2021-06-02,88,115万キロのフィルム,Official髭男dism,https://www.billboard-japan.com/charts/detail?a=dlsongs&year=2021&month=06&day=07
2021,dlsongs,2021-06-02,89,世界にはThank you!が溢れている,日向坂46,https://www.billboard-japan.com/charts/detail?a=dlsongs&year=2021&month=06&day=07
2021,dlsongs,2021-06-02,90,Scarlet Lips,刀剣男士 team新撰組 with蜂須賀虎徹,https://www.billboard-japan.com/charts/detail?a=dlsongs&year=2021&month=06&day=07
2021,dlsongs,2021-06-02,91,lovey dovey,CREAM,https://www.billboard-japan.com/charts/detail?a=dlsongs&year=2021&month=06&day=07
2021,dlsongs,2021-06-02,92,君は天然色,藤原さくら,https://www.billboard-japan.com/charts/detail?a=dlsongs&year=2021&month=06&day=07
2021,dlsongs,2021-06-02,93,恋,星野源,https://www.billboard-japan.com/charts/detail?a=dlsongs&year=2021&month=06&day=07
2021,dlsongs,2021-06-02,94,Next Level,aespa,https://www.billboard-japan.com/charts/detail?a=dlsongs&year=2021&month=06&day=07
2021,dlsongs,2021-06-02,95,VIVID VICE,Who-ya Extended,https://www.billboard-japan.com/charts/detail?a=dlsongs&year=2021&month=06&day=07
2021,dlsongs,2021-06-02,96,ヒヤシンス,22/7,https://www.billboard-japan.com/charts/detail?a=dlsongs&year=2021&month=06&day=07
2021,dlsongs,2021-06-02,97,"Stand by me, Stand by you.",平井大,https://www.billboard-japan.com/charts/detail?a=dlsongs&year=2021&month=06&day=07
2021,dlsongs,2021-06-02,98,I LOVE…,Official髭男dism,https://www.billboard-japan.com/charts/detail?a=dlsongs&year=2021&month=06&day=07
2021,dlsongs,2021-06-02,99,Galaxy Anthem,ディーヴァ(八木海莉),https://www.billboard-japan.com/charts/detail?a=dlsongs&year=2021&month=06&day=07
2021,dlsongs,2021-06-02,100,春泥棒,ヨルシカ,https://www.billboard-japan.com/charts/detail?a=dlsongs&year=2021&month=06&day=07
2021,dlsongs,2021-06-09,1,Pale Blue,米津玄師,https://www.billboard-japan.com/charts/detail?a=dlsongs&year=2021&month=06&day=14
2021,dlsongs,2021-06-09,2,ミライ,L'Arc〜en〜Ciel,https://www.billboard-japan.com/charts/detail?a=dlsongs&year=2021&month=06&day=14
2021,dlsongs,2021-06-09,3,怪盗,back number,https://www.billboard-japan.com/charts/detail?a=dlsongs&year=2021&month=06&day=14
2021,dlsongs,2021-06-09,4,Butter,BTS,https://www.billboard-japan.com/charts/detail?a=dlsongs&year=2021&month=06&day=14
2021,dlsongs,2021-06-09,5,PINK BLOOD,宇多田ヒカル,https://www.billboard-japan.com/charts/detail?a=dlsongs&year=2021&month=06&day=14
2021,dlsongs,2021-06-09,6,きらり,藤井風,https://www.billboard-japan.com/charts/detail?a=dlsongs&year=2021&month=06&day=14
2021,dlsongs,2021-06-09,7,Broken Heart of Gold,ONE OK ROCK,https://www.billboard-japan.com/charts/detail?a=dlsongs&year=2021&month=06&day=14
2021,dlsongs,2021-06-09,8,不思議,星野源,https://www.billboard-japan.com/charts/detail?a=dlsongs&year=2021&month=06&day=14
2021,dlsongs,2021-06-09,9,NATSUMONOGATARI,ゆず,https://www.billboard-japan.com/charts/detail?a=dlsongs&year=2021&month=06&day=14
2021,dlsongs,2021-06-09,10,ドライフラワー,優里,https://www.billboard-japan.com/charts/detail?a=dlsongs&year=2021&month=06&day=14
2021,dlsongs,2021-06-09,11,ごめんねFingers crossed,乃木坂46,https://www.billboard-japan.com/charts/detail?a=dlsongs&year=2021&month=06&day=14
2021,dlsongs,2021-06-09,12,なないろ,BUMP OF CHICKEN,https://www.billboard-japan.com/charts/detail?a=dlsongs&year=2021&month=06&day=14
2021,dlsongs,2021-06-09,13,もう少しだけ,YOASOBI,https://www.billboard-japan.com/charts/detail?a=dlsongs&year=2021&month=06&day=14
2021,dlsongs,2021-06-09,14,Cry Baby,Official髭男dism,https://www.billboard-japan.com/charts/detail?a=dlsongs&year=2021&month=06&day=14
2021,dlsongs,2021-06-09,15,愛を知るまでは,あいみょん,https://www.billboard-japan.com/charts/detail?a=dlsongs&year=2021&month=06&day=14
2021,dlsongs,2021-06-09,16,NAMELY,UVERworld,https://www.billboard-japan.com/charts/detail?a=dlsongs&year=2021&month=06&day=14
2021,dlsongs,2021-06-09,17,踊,Ado,https://www.billboard-japan.com/charts/detail?a=dlsongs&year=2021&month=06&day=14
2021,dlsongs,2021-06-09,18,怪物,YOASOBI,https://www.billboard-japan.com/charts/detail?a=dlsongs&year=2021&month=06&day=14
2021,dlsongs,2021-06-09,19,Renegades,ONE OK ROCK,https://www.billboard-japan.com/charts/detail?a=dlsongs&year=2021&month=06&day=14
2021,dlsongs,2021-06-09,20,Dynamite,BTS,https://www.billboard-japan.com/charts/detail?a=dlsongs&year=2021&month=06&day=14
2021,dlsongs,2021-06-09,21,OH MY GOD,SHHis,https://www.billboard-japan.com/charts/detail?a=dlsongs&year=2021&month=06&day=14
2021,dlsongs,2021-06-09,22,うっせぇわ,Ado,https://www.billboard-japan.com/charts/detail?a=dlsongs&year=2021&month=06&day=14
2021,dlsongs,2021-06-09,23,ずっとずっとずっと,緑黄色社会,https://www.billboard-japan.com/charts/detail?a=dlsongs&year=2021&month=06&day=14
2021,dlsongs,2021-06-09,24,廻廻奇譚,Eve,https://www.billboard-japan.com/charts/detail?a=dlsongs&year=2021&month=06&day=14
2021,dlsongs,2021-06-09,25,TONIGHT,三代目 J SOUL BROTHERS from EXILE TRIBE,https://www.billboard-japan.com/charts/detail?a=dlsongs&year=2021&month=06&day=14
2021,dlsongs,2021-06-09,26,夜に駆ける,YOASOBI,https://www.billboard-japan.com/charts/detail?a=dlsongs&year=2021&month=06&day=14
2021,dlsongs,2021-06-09,27,"Presence III (feat. NENE, 角田晃広)",STUTS & 松たか子 with 3exes,https://www.billboard-japan.com/charts/detail?a=dlsongs&year=2021&month=06&day=14
2021,dlsongs,2021-06-09,28,君しか勝たん,日向坂46,https://www.billboard-japan.com/charts/detail?a=dlsongs&year=2021&month=06&day=14
2021,dlsongs,2021-06-09,29,"Presence II (feat. BIM, 岡田将生)",STUTS & 松たか子 with 3exes,https://www.billboard-japan.com/charts/detail?a=dlsongs&year=2021&month=06&day=14
2021,dlsongs,2021-06-09,30,Hero,平井大,https://www.billboard-japan.com/charts/detail?a=dlsongs&year=2021&month=06&day=14
2021,dlsongs,2021-06-09,31,カーテンコール,yama,https://www.billboard-japan.com/charts/detail?a=dlsongs&year=2021&month=06&day=14
2021,dlsongs,2021-06-09,32,Sing My Pleasure,ヴィヴィ(八木海莉),https://www.billboard-japan.com/charts/detail?a=dlsongs&year=2021&month=06&day=14
2021,dlsongs,2021-06-09,33,LIVIN' IT UP,UVERworld,https://www.billboard-japan.com/charts/detail?a=dlsongs&year=2021&month=06&day=14
2021,dlsongs,2021-06-09,34,ギラギラ,Ado,https://www.billboard-japan.com/charts/detail?a=dlsongs&year=2021&month=06&day=14
2021,dlsongs,2021-06-09,35,WOLFGANG,Stray Kids,https://www.billboard-japan.com/charts/detail?a=dlsongs&year=2021&month=06&day=14
2021,dlsongs,2021-06-09,36,家庭の事情,ZORN,https://www.billboard-japan.com/charts/detail?a=dlsongs&year=2021&month=06&day=14
2021,dlsongs,2021-06-09,37,たけてん,GReeeeN,https://www.billboard-japan.com/charts/detail?a=dlsongs&year=2021&month=06&day=14
2021,dlsongs,2021-06-09,38,Buddy,平井大,https://www.billboard-japan.com/charts/detail?a=dlsongs&year=2021&month=06&day=14
2021,dlsongs,2021-06-09,39,きみとなら,B'z,https://www.billboard-japan.com/charts/detail?a=dlsongs&year=2021&month=06&day=14
2021,dlsongs,2021-06-09,40,うまぴょい伝説,Various Artists,https://www.billboard-japan.com/charts/detail?a=dlsongs&year=2021&month=06&day=14
2021,dlsongs,2021-06-09,41,勿忘,Awesome City Club,https://www.billboard-japan.com/charts/detail?a=dlsongs&year=2021&month=06&day=14
2021,dlsongs,2021-06-09,41,abyss of conflict,アンティーカ,https://www.billboard-japan.com/charts/detail?a=dlsongs&year=2021&month=06&day=14
2021,dlsongs,2021-06-09,43,群青,YOASOBI,https://www.billboard-japan.com/charts/detail?a=dlsongs&year=2021&month=06&day=14
2021,dlsongs,2021-06-09,43,One Last Kiss,宇多田ヒカル,https://www.billboard-japan.com/charts/detail?a=dlsongs&year=2021&month=06&day=14
2021,dlsongs,2021-06-09,45,春を告げる,yama,https://www.billboard-japan.com/charts/detail?a=dlsongs&year=2021&month=06&day=14
2021,dlsongs,2021-06-09,46,炎,LiSA,https://www.billboard-japan.com/charts/detail?a=dlsongs&year=2021&month=06&day=14
2021,dlsongs,2021-06-09,47,ユメヲカケル!,"""スペシャルウィーク(和氣あず未),サイレンススズカ(高野麻里佳),トウカイテイオー(Machico),ウオッカ(大橋彩香),ダイワスカーレット(木村千咲),ゴールドシップ(上田瞳),メジロマックイー",https://www.billboard-japan.com/charts/detail?a=dlsongs&year=2021&month=06&day=14
2021,dlsongs,2021-06-09,48,Bursty Greedy Spider,鈴木このみ,https://www.billboard-japan.com/charts/detail?a=dlsongs&year=2021&month=06&day=14
2021,dlsongs,2021-06-09,49,ツキミソウ,Novelbright,https://www.billboard-japan.com/charts/detail?a=dlsongs&year=2021&month=06&day=14
2021,dlsongs,2021-06-09,50,アイノカタチ feat.HIDE(GReeeeN),MISIA,https://www.billboard-japan.com/charts/detail?a=dlsongs&year=2021&month=06&day=14
2021,dlsongs,2021-06-09,51,閃光,[Alexandros],https://www.billboard-japan.com/charts/detail?a=dlsongs&year=2021&month=06&day=14
2021,dlsongs,2021-06-09,52,GIRLS' LEGEND U,Various Artists,https://www.billboard-japan.com/charts/detail?a=dlsongs&year=2021&month=06&day=14
2021,dlsongs,2021-06-09,53,Make debut!,スピカ,https://www.billboard-japan.com/charts/detail?a=dlsongs&year=2021&month=06&day=14
2021,dlsongs,2021-06-09,54,虹,菅田将暉,https://www.billboard-japan.com/charts/detail?a=dlsongs&year=2021&month=06&day=14
2021,dlsongs,2021-06-09,55,ひかりのディスコ,CAPSULE,https://www.billboard-japan.com/charts/detail?a=dlsongs&year=2021&month=06&day=14
2021,dlsongs,2021-06-09,56,魔法の絨毯,川崎鷹也,https://www.billboard-japan.com/charts/detail?a=dlsongs&year=2021&month=06&day=14
2021,dlsongs,2021-06-09,57,Character,ACAね(ずっと真夜中でいいのに。) × Rin音 Prod by Yaffle,https://www.billboard-japan.com/charts/detail?a=dlsongs&year=2021&month=06&day=14
2021,dlsongs,2021-06-09,58,ないない,ReoNa,https://www.billboard-japan.com/charts/detail?a=dlsongs&year=2021&month=06&day=14
2021,dlsongs,2021-06-09,59,猫,DISH//,https://www.billboard-japan.com/charts/detail?a=dlsongs&year=2021&month=06&day=14
2021,dlsongs,2021-06-09,60,CITRUS,Da-iCE,https://www.billboard-japan.com/charts/detail?a=dlsongs&year=2021&month=06&day=14
2021,dlsongs,2021-06-09,61,100 SEASONS,三代目 J SOUL BROTHERS from EXILE TRIBE,https://www.billboard-japan.com/charts/detail?a=dlsongs&year=2021&month=06&day=14
2021,dlsongs,2021-06-09,62,Presence I,STUTS & 松たか子 with 3exes feat. KID FRESINO,https://www.billboard-japan.com/charts/detail?a=dlsongs&year=2021&month=06&day=14
2021,dlsongs,2021-06-09,63,Butter (Hotter Remix),BTS,https://www.billboard-japan.com/charts/detail?a=dlsongs&year=2021&month=06&day=14
2021,dlsongs,2021-06-09,64,今日から、ここから,いきものがかり,https://www.billboard-japan.com/charts/detail?a=dlsongs&year=2021&month=06&day=14
2021,dlsongs,2021-06-09,65,大河よ共に泣いてくれ,フランシュシュ,https://www.billboard-japan.com/charts/detail?a=dlsongs&year=2021&month=06&day=14
2021,dlsongs,2021-06-09,66,No.1,DISH//,https://www.billboard-japan.com/charts/detail?a=dlsongs&year=2021&month=06&day=14
2021,dlsongs,2021-06-09,67,グッバイ宣言,Chinozo,https://www.billboard-japan.com/charts/detail?a=dlsongs&year=2021&month=06&day=14
2021,dlsongs,2021-06-09,68,All The Same (「大豆田とわ子と三人の元夫」より),坂東祐大、グレッチェン・パーラト、BIGYUKI,https://www.billboard-japan.com/charts/detail?a=dlsongs&year=2021&month=06&day=14
2021,dlsongs,2021-06-09,69,インパーフェクト,オーイシマサヨシ,https://www.billboard-japan.com/charts/detail?a=dlsongs&year=2021&month=06&day=14
2021,dlsongs,2021-06-09,70,Take a picture,NiziU,https://www.billboard-japan.com/charts/detail?a=dlsongs&year=2021&month=06&day=14
2021,dlsongs,2021-06-09,71,Mela!,緑黄色社会,https://www.billboard-japan.com/charts/detail?a=dlsongs&year=2021&month=06&day=14
2021,dlsongs,2021-06-09,72,Butter (Cooler Remix),BTS,https://www.billboard-japan.com/charts/detail?a=dlsongs&year=2021&month=06&day=14
2021,dlsongs,2021-06-09,73,Starlight,和楽器バンド,https://www.billboard-japan.com/charts/detail?a=dlsongs&year=2021&month=06&day=14
2021,dlsongs,2021-06-09,74,猫 〜THE FIRST TAKE ver.〜,DISH//,https://www.billboard-japan.com/charts/detail?a=dlsongs&year=2021&month=06&day=14
2021,dlsongs,2021-06-09,75,全部 夢のまま,乃木坂46,https://www.billboard-japan.com/charts/detail?a=dlsongs&year=2021&month=06&day=14
2021,dlsongs,2021-06-09,76,Bittersweet (feat. LEE HI),WONWOO X MINGYU,https://www.billboard-japan.com/charts/detail?a=dlsongs&year=2021&month=06&day=14
2021,dlsongs,2021-06-09,77,in case…,BiSH,https://www.billboard-japan.com/charts/detail?a=dlsongs&year=2021&month=06&day=14
2021,dlsongs,2021-06-09,78,Shake & Shake,sumika,https://www.billboard-japan.com/charts/detail?a=dlsongs&year=2021&month=06&day=14
2021,dlsongs,2021-06-09,79,Another Great Day!!,LiSA,https://www.billboard-japan.com/charts/detail?a=dlsongs&year=2021&month=06&day=14
2021,dlsongs,2021-06-09,80,マリーゴールド,あいみょん,https://www.billboard-japan.com/charts/detail?a=dlsongs&year=2021&month=06&day=14
2021,dlsongs,2021-06-09,81,Butter (Sweeter Remix),BTS,https://www.billboard-japan.com/charts/detail?a=dlsongs&year=2021&month=06&day=14
2021,dlsongs,2021-06-09,82,紅蓮華,LiSA,https://www.billboard-japan.com/charts/detail?a=dlsongs&year=2021&month=06&day=14
2021,dlsongs,2021-06-09,83,レディメイド,Ado,https://www.billboard-japan.com/charts/detail?a=dlsongs&year=2021&month=06&day=14
2021,dlsongs,2021-06-09,84,ハルジオン,YOASOBI,https://www.billboard-japan.com/charts/detail?a=dlsongs&year=2021&month=06&day=14
2021,dlsongs,2021-06-09,84,優しい彗星,YOASOBI,https://www.billboard-japan.com/charts/detail?a=dlsongs&year=2021&month=06&day=14
2021,dlsongs,2021-06-09,86,変えられるのは未来だけ,KREVA,https://www.billboard-japan.com/charts/detail?a=dlsongs&year=2021&month=06&day=14
2021,dlsongs,2021-06-09,87,裸の心,あいみょん,https://www.billboard-japan.com/charts/detail?a=dlsongs&year=2021&month=06&day=14
2021,dlsongs,2021-06-09,88,君はロックを聴かない,あいみょん,https://www.billboard-japan.com/charts/detail?a=dlsongs&year=2021&month=06&day=14
2021,dlsongs,2021-06-09,88,YOKAZE,変態紳士クラブ,https://www.billboard-japan.com/charts/detail?a=dlsongs&year=2021&month=06&day=14
2021,dlsongs,2021-06-09,90,Pretender,Official髭男dism,https://www.billboard-japan.com/charts/detail?a=dlsongs&year=2021&month=06&day=14
2021,dlsongs,2021-06-09,91,オモイノカケラ,Switch,https://www.billboard-japan.com/charts/detail?a=dlsongs&year=2021&month=06&day=14
2021,dlsongs,2021-06-09,92,Save,NCT 127,https://www.billboard-japan.com/charts/detail?a=dlsongs&year=2021&month=06&day=14
2021,dlsongs,2021-06-09,93,あの夢をなぞって,YOASOBI,https://www.billboard-japan.com/charts/detail?a=dlsongs&year=2021&month=06&day=14
2021,dlsongs,2021-06-09,94,POISON〜言いたい事も言えないこんな世の中は〜,反町隆史,https://www.billboard-japan.com/charts/detail?a=dlsongs&year=2021&month=06&day=14
2021,dlsongs,2021-06-09,95,カタワレ,佐藤千亜妃,https://www.billboard-japan.com/charts/detail?a=dlsongs&year=2021&month=06&day=14
2021,dlsongs,2021-06-09,96,Wherever you are,ONE OK ROCK,https://www.billboard-japan.com/charts/detail?a=dlsongs&year=2021&month=06&day=14
2021,dlsongs,2021-06-09,97,バードマン,SEKAI NO OWARI,https://www.billboard-japan.com/charts/detail?a=dlsongs&year=2021&month=06&day=14
2021,dlsongs,2021-06-09,98,Let Me Fly〜その未来へ〜,PRODUCE 101 JAPAN SEASON2,https://www.billboard-japan.com/charts/detail?a=dlsongs&year=2021&month=06&day=14
2021,dlsongs,2021-06-09,99,I LOVE…,Official髭男dism,https://www.billboard-japan.com/charts/detail?a=dlsongs&year=2021&month=06&day=14
2021,dlsongs,2021-06-09,100,At ease,iKON,https://www.billboard-japan.com/charts/detail?a=dlsongs&year=2021&month=06&day=14
2021,dlsongs,2021-06-16,1,Pale Blue,米津玄師,https://www.billboard-japan.com/charts/detail?a=dlsongs&year=2021&month=06&day=21
2021,dlsongs,2021-06-16,2,怪盗,back number,https://www.billboard-japan.com/charts/detail?a=dlsongs&year=2021&month=06&day=21
2021,dlsongs,2021-06-16,3,Butter,BTS,https://www.billboard-japan.com/charts/detail?a=dlsongs&year=2021&month=06&day=21
2021,dlsongs,2021-06-16,4,又三郎,ヨルシカ,https://www.billboard-japan.com/charts/detail?a=dlsongs&year=2021&month=06&day=21
2021,dlsongs,2021-06-16,5,Majestic Magic,Switch × Eden,https://www.billboard-japan.com/charts/detail?a=dlsongs&year=2021&month=06&day=21
2021,dlsongs,2021-06-16,6,不思議,星野源,https://www.billboard-japan.com/charts/detail?a=dlsongs&year=2021&month=06&day=21
2021,dlsongs,2021-06-16,7,きらり,藤井風,https://www.billboard-japan.com/charts/detail?a=dlsongs&year=2021&month=06&day=21
2021,dlsongs,2021-06-16,8,Cry Baby,Official髭男dism,https://www.billboard-japan.com/charts/detail?a=dlsongs&year=2021&month=06&day=21
2021,dlsongs,2021-06-16,9,閃光,[Alexandros],https://www.billboard-japan.com/charts/detail?a=dlsongs&year=2021&month=06&day=21
2021,dlsongs,2021-06-16,10,君といれば,Little Glee Monster,https://www.billboard-japan.com/charts/detail?a=dlsongs&year=2021&month=06&day=21
2021,dlsongs,2021-06-16,11,ドライフラワー,優里,https://www.billboard-japan.com/charts/detail?a=dlsongs&year=2021&month=06&day=21
2021,dlsongs,2021-06-16,12,なないろ,BUMP OF CHICKEN,https://www.billboard-japan.com/charts/detail?a=dlsongs&year=2021&month=06&day=21
2021,dlsongs,2021-06-16,13,もう少しだけ,YOASOBI,https://www.billboard-japan.com/charts/detail?a=dlsongs&year=2021&month=06&day=21
2021,dlsongs,2021-06-16,14,Broken Heart of Gold,ONE OK ROCK,https://www.billboard-japan.com/charts/detail?a=dlsongs&year=2021&month=06&day=21
2021,dlsongs,2021-06-16,15,ごめんねFingers crossed,乃木坂46,https://www.billboard-japan.com/charts/detail?a=dlsongs&year=2021&month=06&day=21
2021,dlsongs,2021-06-16,16,愛を知るまでは,あいみょん,https://www.billboard-japan.com/charts/detail?a=dlsongs&year=2021&month=06&day=21
2021,dlsongs,2021-06-16,17,怪物,YOASOBI,https://www.billboard-japan.com/charts/detail?a=dlsongs&year=2021&month=06&day=21
2021,dlsongs,2021-06-16,18,INTO THE DEEP,MAN WITH A MISSION,https://www.billboard-japan.com/charts/detail?a=dlsongs&year=2021&month=06&day=21
2021,dlsongs,2021-06-16,19,踊,Ado,https://www.billboard-japan.com/charts/detail?a=dlsongs&year=2021&month=06&day=21
2021,dlsongs,2021-06-16,20,恋はプリマヴェーラ!,fine,https://www.billboard-japan.com/charts/detail?a=dlsongs&year=2021&month=06&day=21
2021,dlsongs,2021-06-16,21,Dynamite,BTS,https://www.billboard-japan.com/charts/detail?a=dlsongs&year=2021&month=06&day=21
2021,dlsongs,2021-06-16,22,FUSIONIC STARS!! - Eden ver. -,Eden,https://www.billboard-japan.com/charts/detail?a=dlsongs&year=2021&month=06&day=21
2021,dlsongs,2021-06-16,23,ステラ,Leo/need,https://www.billboard-japan.com/charts/detail?a=dlsongs&year=2021&month=06&day=21
2021,dlsongs,2021-06-16,24,PINK BLOOD,宇多田ヒカル,https://www.billboard-japan.com/charts/detail?a=dlsongs&year=2021&month=06&day=21
2021,dlsongs,2021-06-16,25,廻廻奇譚,Eve,https://www.billboard-japan.com/charts/detail?a=dlsongs&year=2021&month=06&day=21
2021,dlsongs,2021-06-16,26,Renegades,ONE OK ROCK,https://www.billboard-japan.com/charts/detail?a=dlsongs&year=2021&month=06&day=21
2021,dlsongs,2021-06-16,27,Never-ending Stage!!!!,fine,https://www.billboard-japan.com/charts/detail?a=dlsongs&year=2021&month=06&day=21
2021,dlsongs,2021-06-16,28,needLe,Leo/need,https://www.billboard-japan.com/charts/detail?a=dlsongs&year=2021&month=06&day=21
2021,dlsongs,2021-06-16,29,うっせぇわ,Ado,https://www.billboard-japan.com/charts/detail?a=dlsongs&year=2021&month=06&day=21
2021,dlsongs,2021-06-16,30,"Presence IV (feat. Daichi Yamamoto, 松田龍平)",STUTS & 松たか子 with 3exes,https://www.billboard-japan.com/charts/detail?a=dlsongs&year=2021&month=06&day=21
2021,dlsongs,2021-06-16,31,Alcohol-Free,TWICE,https://www.billboard-japan.com/charts/detail?a=dlsongs&year=2021&month=06&day=21
2021,dlsongs,2021-06-16,32,魔法の絨毯,川崎鷹也,https://www.billboard-japan.com/charts/detail?a=dlsongs&year=2021&month=06&day=21
2021,dlsongs,2021-06-16,33,Hero,平井大,https://www.billboard-japan.com/charts/detail?a=dlsongs&year=2021&month=06&day=21
2021,dlsongs,2021-06-16,34,リフレインキス (Brand New Ver.),スコーピオ,https://www.billboard-japan.com/charts/detail?a=dlsongs&year=2021&month=06&day=21
2021,dlsongs,2021-06-16,35,夜に駆ける,YOASOBI,https://www.billboard-japan.com/charts/detail?a=dlsongs&year=2021&month=06&day=21
2021,dlsongs,2021-06-16,36,革命進化論,アンティーカ,https://www.billboard-japan.com/charts/detail?a=dlsongs&year=2021&month=06&day=21
2021,dlsongs,2021-06-16,37,FUSIONIC STARS!! - Switch ver. -,Switch,https://www.billboard-japan.com/charts/detail?a=dlsongs&year=2021&month=06&day=21
2021,dlsongs,2021-06-16,38,群青,YOASOBI,https://www.billboard-japan.com/charts/detail?a=dlsongs&year=2021&month=06&day=21
2021,dlsongs,2021-06-16,39,ずっとずっとずっと,緑黄色社会,https://www.billboard-japan.com/charts/detail?a=dlsongs&year=2021&month=06&day=21
2021,dlsongs,2021-06-16,40,ギラギラ,Ado,https://www.billboard-japan.com/charts/detail?a=dlsongs&year=2021&month=06&day=21
2021,dlsongs,2021-06-16,41,NATSUMONOGATARI,ゆず,https://www.billboard-japan.com/charts/detail?a=dlsongs&year=2021&month=06&day=21
2021,dlsongs,2021-06-16,42,キミとならいいよ。,伶,https://www.billboard-japan.com/charts/detail?a=dlsongs&year=2021&month=06&day=21
2021,dlsongs,2021-06-16,43,Sing My Pleasure,ヴィヴィ(八木海莉),https://www.billboard-japan.com/charts/detail?a=dlsongs&year=2021&month=06&day=21
2021,dlsongs,2021-06-16,44,A-rin Kingdom,佐々木彩夏,https://www.billboard-japan.com/charts/detail?a=dlsongs&year=2021&month=06&day=21
2021,dlsongs,2021-06-16,45,うまぴょい伝説,Various Artists,https://www.billboard-japan.com/charts/detail?a=dlsongs&year=2021&month=06&day=21
2021,dlsongs,2021-06-16,46,たけてん,GReeeeN,https://www.billboard-japan.com/charts/detail?a=dlsongs&year=2021&month=06&day=21
2021,dlsongs,2021-06-16,47,猫,DISH//,https://www.billboard-japan.com/charts/detail?a=dlsongs&year=2021&month=06&day=21
2021,dlsongs,2021-06-16,48,abyss of conflict,アンティーカ,https://www.billboard-japan.com/charts/detail?a=dlsongs&year=2021&month=06&day=21
2021,dlsongs,2021-06-16,49,炎,LiSA,https://www.billboard-japan.com/charts/detail?a=dlsongs&year=2021&month=06&day=21
2021,dlsongs,2021-06-16,50,家庭の事情,ZORN,https://www.billboard-japan.com/charts/detail?a=dlsongs&year=2021&month=06&day=21
2021,dlsongs,2021-06-16,51,Avid,SawanoHiroyuki[nZk]:mizuki,https://www.billboard-japan.com/charts/detail?a=dlsongs&year=2021&month=06&day=21
2021,dlsongs,2021-06-16,52,HEATWAVE,THE RAMPAGE from EXILE TRIBE,https://www.billboard-japan.com/charts/detail?a=dlsongs&year=2021&month=06&day=21
2021,dlsongs,2021-06-16,53,カナリア鳴いた頃に,WANDS,https://www.billboard-japan.com/charts/detail?a=dlsongs&year=2021&month=06&day=21
2021,dlsongs,2021-06-16,54,"Presence III (feat. NENE, 角田晃広)",STUTS & 松たか子 with 3exes,https://www.billboard-japan.com/charts/detail?a=dlsongs&year=2021&month=06&day=21
2021,dlsongs,2021-06-16,55,CITRUS,Da-iCE,https://www.billboard-japan.com/charts/detail?a=dlsongs&year=2021&month=06&day=21
2021,dlsongs,2021-06-16,56,ユメヲカケル!,"""スペシャルウィーク(和氣あず未),サイレンススズカ(高野麻里佳),トウカイテイオー(Machico),ウオッカ(大橋彩香),ダイワスカーレット(木村千咲),ゴールドシップ(上田瞳),メジロマックイー",https://www.billboard-japan.com/charts/detail?a=dlsongs&year=2021&month=06&day=21
2021,dlsongs,2021-06-16,57,NAMELY,UVERworld,https://www.billboard-japan.com/charts/detail?a=dlsongs&year=2021&month=06&day=21
2021,dlsongs,2021-06-16,58,華奢なリップ (feat. ちゃんみな),ジェニーハイ,https://www.billboard-japan.com/charts/detail?a=dlsongs&year=2021&month=06&day=21
2021,dlsongs,2021-06-16,59,君しか勝たん,日向坂46,https://www.billboard-japan.com/charts/detail?a=dlsongs&year=2021&month=06&day=21
2021,dlsongs,2021-06-16,60,One Last Kiss,宇多田ヒカル,https://www.billboard-japan.com/charts/detail?a=dlsongs&year=2021&month=06&day=21
2021,dlsongs,2021-06-16,61,猫 〜THE FIRST TAKE ver.〜,DISH//,https://www.billboard-japan.com/charts/detail?a=dlsongs&year=2021&month=06&day=21
2021,dlsongs,2021-06-16,62,虹,菅田将暉,https://www.billboard-japan.com/charts/detail?a=dlsongs&year=2021&month=06&day=21
2021,dlsongs,2021-06-16,63,Buddy,平井大,https://www.billboard-japan.com/charts/detail?a=dlsongs&year=2021&month=06&day=21
2021,dlsongs,2021-06-16,64,Bursty Greedy Spider,鈴木このみ,https://www.billboard-japan.com/charts/detail?a=dlsongs&year=2021&month=06&day=21
2021,dlsongs,2021-06-16,65,Make debut!,スピカ,https://www.billboard-japan.com/charts/detail?a=dlsongs&year=2021&month=06&day=21
2021,dlsongs,2021-06-16,66,勿忘,Awesome City Club,https://www.billboard-japan.com/charts/detail?a=dlsongs&year=2021&month=06&day=21
2021,dlsongs,2021-06-16,67,Hands Up to the Sky,SawanoHiroyuki[nZk]:Laco,https://www.billboard-japan.com/charts/detail?a=dlsongs&year=2021&month=06&day=21
2021,dlsongs,2021-06-16,68,We're,ジェジュン,https://www.billboard-japan.com/charts/detail?a=dlsongs&year=2021&month=06&day=21
2021,dlsongs,2021-06-16,69,Starlight,和楽器バンド,https://www.billboard-japan.com/charts/detail?a=dlsongs&year=2021&month=06&day=21
2021,dlsongs,2021-06-16,70,Brand New Love [WANDS 第5期 ver.],WANDS,https://www.billboard-japan.com/charts/detail?a=dlsongs&year=2021&month=06&day=21
2021,dlsongs,2021-06-16,71,ないない,ReoNa,https://www.billboard-japan.com/charts/detail?a=dlsongs&year=2021&month=06&day=21
2021,dlsongs,2021-06-16,72,ミライ,L'Arc〜en〜Ciel,https://www.billboard-japan.com/charts/detail?a=dlsongs&year=2021&month=06&day=21
2021,dlsongs,2021-06-16,73,春を告げる,yama,https://www.billboard-japan.com/charts/detail?a=dlsongs&year=2021&month=06&day=21
2021,dlsongs,2021-06-16,74,GIRLS' LEGEND U,Various Artists,https://www.billboard-japan.com/charts/detail?a=dlsongs&year=2021&month=06&day=21
2021,dlsongs,2021-06-16,75,錆びついたマシンガンで今を撃ち抜こう [WANDS 第5期 ver.],WANDS,https://www.billboard-japan.com/charts/detail?a=dlsongs&year=2021&month=06&day=21
2021,dlsongs,2021-06-16,76,Mela!,緑黄色社会,https://www.billboard-japan.com/charts/detail?a=dlsongs&year=2021&month=06&day=21
2021,dlsongs,2021-06-16,77,グッバイ宣言,Chinozo,https://www.billboard-japan.com/charts/detail?a=dlsongs&year=2021&month=06&day=21
2021,dlsongs,2021-06-16,78,ツキミソウ,Novelbright,https://www.billboard-japan.com/charts/detail?a=dlsongs&year=2021&month=06&day=21
2021,dlsongs,2021-06-16,79,"Presence II (feat. BIM, 岡田将生)",STUTS & 松たか子 with 3exes,https://www.billboard-japan.com/charts/detail?a=dlsongs&year=2021&month=06&day=21
2021,dlsongs,2021-06-16,80,No.1,DISH//,https://www.billboard-japan.com/charts/detail?a=dlsongs&year=2021&month=06&day=21
2021,dlsongs,2021-06-16,81,Presence I,STUTS & 松たか子 with 3exes feat. KID FRESINO,https://www.billboard-japan.com/charts/detail?a=dlsongs&year=2021&month=06&day=21
2021,dlsongs,2021-06-16,82,春泥棒,ヨルシカ,https://www.billboard-japan.com/charts/detail?a=dlsongs&year=2021&month=06&day=21
2021,dlsongs,2021-06-16,83,マリーゴールド,あいみょん,https://www.billboard-japan.com/charts/detail?a=dlsongs&year=2021&month=06&day=21
2021,dlsongs,2021-06-16,84,SPECIALIZER,佐々木彩夏,https://www.billboard-japan.com/charts/detail?a=dlsongs&year=2021&month=06&day=21
2021,dlsongs,2021-06-16,85,アイノカタチ feat.HIDE(GReeeeN),MISIA,https://www.billboard-japan.com/charts/detail?a=dlsongs&year=2021&month=06&day=21
2021,dlsongs,2021-06-16,86,裸の心,あいみょん,https://www.billboard-japan.com/charts/detail?a=dlsongs&year=2021&month=06&day=21
2021,dlsongs,2021-06-16,86,TONIGHT,三代目 J SOUL BROTHERS from EXILE TRIBE,https://www.billboard-japan.com/charts/detail?a=dlsongs&year=2021&month=06&day=21
2021,dlsongs,2021-06-16,88,Character,ACAね(ずっと真夜中でいいのに。) × Rin音 Prod by Yaffle,https://www.billboard-japan.com/charts/detail?a=dlsongs&year=2021&month=06&day=21
2021,dlsongs,2021-06-16,89,DAN DAN 心魅かれてく,FIELD OF VIEW,https://www.billboard-japan.com/charts/detail?a=dlsongs&year=2021&month=06&day=21
2021,dlsongs,2021-06-16,90,君はロックを聴かない,あいみょん,https://www.billboard-japan.com/charts/detail?a=dlsongs&year=2021&month=06&day=21
2021,dlsongs,2021-06-16,91,ハルジオン,YOASOBI,https://www.billboard-japan.com/charts/detail?a=dlsongs&year=2021&month=06&day=21
2021,dlsongs,2021-06-16,92,Take a picture,NiziU,https://www.billboard-japan.com/charts/detail?a=dlsongs&year=2021&month=06&day=21
2021,dlsongs,2021-06-16,93,一服,東京事変,https://www.billboard-japan.com/charts/detail?a=dlsongs&year=2021&month=06&day=21
2021,dlsongs,2021-06-16,94,あの夢をなぞって,YOASOBI,https://www.billboard-japan.com/charts/detail?a=dlsongs&year=2021&month=06&day=21
2021,dlsongs,2021-06-16,95,インパーフェクト,オーイシマサヨシ,https://www.billboard-japan.com/charts/detail?a=dlsongs&year=2021&month=06&day=21
2021,dlsongs,2021-06-16,96,紅蓮華,LiSA,https://www.billboard-japan.com/charts/detail?a=dlsongs&year=2021&month=06&day=21
2021,dlsongs,2021-06-16,97,大河よ共に泣いてくれ,フランシュシュ,https://www.billboard-japan.com/charts/detail?a=dlsongs&year=2021&month=06&day=21
2021,dlsongs,2021-06-16,98,Pretender,Official髭男dism,https://www.billboard-japan.com/charts/detail?a=dlsongs&year=2021&month=06&day=21
2021,dlsongs,2021-06-16,99,Don't fight the feeling,EXO,https://www.billboard-japan.com/charts/detail?a=dlsongs&year=2021&month=06&day=21
2021,dlsongs,2021-06-16,100,in case…,BiSH,https://www.billboard-japan.com/charts/detail?a=dlsongs&year=2021&month=06&day=21
2021,dlsongs,2021-06-23,1,Pale Blue,米津玄師,https://www.billboard-japan.com/charts/detail?a=dlsongs&year=2021&month=06&day=28
2021,dlsongs,2021-06-23,2,夜のピエロ,Ado,https://www.billboard-japan.com/charts/detail?a=dlsongs&year=2021&month=06&day=28
2021,dlsongs,2021-06-23,3,Butter,BTS,https://www.billboard-japan.com/charts/detail?a=dlsongs&year=2021&month=06&day=28
2021,dlsongs,2021-06-23,4,怪盗,back number,https://www.billboard-japan.com/charts/detail?a=dlsongs&year=2021&month=06&day=28
2021,dlsongs,2021-06-23,5,閃光,[Alexandros],https://www.billboard-japan.com/charts/detail?a=dlsongs&year=2021&month=06&day=28
2021,dlsongs,2021-06-23,6,ゆめうつつ,米津玄師,https://www.billboard-japan.com/charts/detail?a=dlsongs&year=2021&month=06&day=28
2021,dlsongs,2021-06-23,7,きらり,藤井風,https://www.billboard-japan.com/charts/detail?a=dlsongs&year=2021&month=06&day=28
2021,dlsongs,2021-06-23,8,ドライフラワー,優里,https://www.billboard-japan.com/charts/detail?a=dlsongs&year=2021&month=06&day=28
2021,dlsongs,2021-06-23,9,あいつら全員同窓会,ずっと真夜中でいいのに。,https://www.billboard-japan.com/charts/detail?a=dlsongs&year=2021&month=06&day=28
2021,dlsongs,2021-06-23,10,Cry Baby,Official髭男dism,https://www.billboard-japan.com/charts/detail?a=dlsongs&year=2021&month=06&day=28
2021,dlsongs,2021-06-23,11,不思議,星野源,https://www.billboard-japan.com/charts/detail?a=dlsongs&year=2021&month=06&day=28
2021,dlsongs,2021-06-23,12,Dynamite,BTS,https://www.billboard-japan.com/charts/detail?a=dlsongs&year=2021&month=06&day=28
2021,dlsongs,2021-06-23,13,Do Do,Nissy(西島隆弘),https://www.billboard-japan.com/charts/detail?a=dlsongs&year=2021&month=06&day=28
2021,dlsongs,2021-06-23,14,RUNWAY,PRODUCE 101 JAPAN SEASON2,https://www.billboard-japan.com/charts/detail?a=dlsongs&year=2021&month=06&day=28
2021,dlsongs,2021-06-23,15,怪物,YOASOBI,https://www.billboard-japan.com/charts/detail?a=dlsongs&year=2021&month=06&day=28
2021,dlsongs,2021-06-23,16,踊,Ado,https://www.billboard-japan.com/charts/detail?a=dlsongs&year=2021&month=06&day=28
2021,dlsongs,2021-06-23,17,なないろ,BUMP OF CHICKEN,https://www.billboard-japan.com/charts/detail?a=dlsongs&year=2021&month=06&day=28
2021,dlsongs,2021-06-23,18,ONE,PRODUCE 101 JAPAN SEASON2,https://www.billboard-japan.com/charts/detail?a=dlsongs&year=2021&month=06&day=28
2021,dlsongs,2021-06-23,19,絶体絶命,EGOIST,https://www.billboard-japan.com/charts/detail?a=dlsongs&year=2021&month=06&day=28
2021,dlsongs,2021-06-23,20,もう少しだけ,YOASOBI,https://www.billboard-japan.com/charts/detail?a=dlsongs&year=2021&month=06&day=28
2021,dlsongs,2021-06-23,21,愛を知るまでは,あいみょん,https://www.billboard-japan.com/charts/detail?a=dlsongs&year=2021&month=06&day=28
2021,dlsongs,2021-06-23,22,One Day,PRODUCE 101 JAPAN SEASON2,https://www.billboard-japan.com/charts/detail?a=dlsongs&year=2021&month=06&day=28
2021,dlsongs,2021-06-23,23,Survival of the Illest +,Division All Stars,https://www.billboard-japan.com/charts/detail?a=dlsongs&year=2021&month=06&day=28
2021,dlsongs,2021-06-23,24,うっせぇわ,Ado,https://www.billboard-japan.com/charts/detail?a=dlsongs&year=2021&month=06&day=28
2021,dlsongs,2021-06-23,25,又三郎,ヨルシカ,https://www.billboard-japan.com/charts/detail?a=dlsongs&year=2021&month=06&day=28
2021,dlsongs,2021-06-23,26,夜に駆ける,YOASOBI,https://www.billboard-japan.com/charts/detail?a=dlsongs&year=2021&month=06&day=28
2021,dlsongs,2021-06-23,27,廻廻奇譚,Eve,https://www.billboard-japan.com/charts/detail?a=dlsongs&year=2021&month=06&day=28
2021,dlsongs,2021-06-23,28,Broken Heart of Gold,ONE OK ROCK,https://www.billboard-japan.com/charts/detail?a=dlsongs&year=2021&month=06&day=28
2021,dlsongs,2021-06-23,29,Film out,BTS,https://www.billboard-japan.com/charts/detail?a=dlsongs&year=2021&month=06&day=28
2021,dlsongs,2021-06-23,30,群青,YOASOBI,https://www.billboard-japan.com/charts/detail?a=dlsongs&year=2021&month=06&day=28
2021,dlsongs,2021-06-23,31,Presence V (feat.T-Pablow),STUTS & 松たか子 with 3exes,https://www.billboard-japan.com/charts/detail?a=dlsongs&year=2021&month=06&day=28
2021,dlsongs,2021-06-23,32,Renegades,ONE OK ROCK,https://www.billboard-japan.com/charts/detail?a=dlsongs&year=2021&month=06&day=28
2021,dlsongs,2021-06-23,33,Starlight,和楽器バンド,https://www.billboard-japan.com/charts/detail?a=dlsongs&year=2021&month=06&day=28
2021,dlsongs,2021-06-23,34,Alcohol-Free,TWICE,https://www.billboard-japan.com/charts/detail?a=dlsongs&year=2021&month=06&day=28
2021,dlsongs,2021-06-23,35,ギラギラ,Ado,https://www.billboard-japan.com/charts/detail?a=dlsongs&year=2021&month=06&day=28
2021,dlsongs,2021-06-23,36,炎,LiSA,https://www.billboard-japan.com/charts/detail?a=dlsongs&year=2021&month=06&day=28
2021,dlsongs,2021-06-23,37,猫,DISH//,https://www.billboard-japan.com/charts/detail?a=dlsongs&year=2021&month=06&day=28
2021,dlsongs,2021-06-23,38,TONIGHT,三代目 J SOUL BROTHERS from EXILE TRIBE,https://www.billboard-japan.com/charts/detail?a=dlsongs&year=2021&month=06&day=28
2021,dlsongs,2021-06-23,39,ごめんねFingers crossed,乃木坂46,https://www.billboard-japan.com/charts/detail?a=dlsongs&year=2021&month=06&day=28
2021,dlsongs,2021-06-23,40,Majestic Magic,Switch × Eden,https://www.billboard-japan.com/charts/detail?a=dlsongs&year=2021&month=06&day=28
2021,dlsongs,2021-06-23,41,猫 〜THE FIRST TAKE ver.〜,DISH//,https://www.billboard-japan.com/charts/detail?a=dlsongs&year=2021&month=06&day=28
2021,dlsongs,2021-06-23,42,YOKAZE,変態紳士クラブ,https://www.billboard-japan.com/charts/detail?a=dlsongs&year=2021&month=06&day=28
2021,dlsongs,2021-06-23,43,SPECIALIZER,佐々木彩夏,https://www.billboard-japan.com/charts/detail?a=dlsongs&year=2021&month=06&day=28
2021,dlsongs,2021-06-23,44,君といれば,Little Glee Monster,https://www.billboard-japan.com/charts/detail?a=dlsongs&year=2021&month=06&day=28
2021,dlsongs,2021-06-23,45,勿忘,Awesome City Club,https://www.billboard-japan.com/charts/detail?a=dlsongs&year=2021&month=06&day=28
2021,dlsongs,2021-06-23,46,Sing My Pleasure,ヴィヴィ(八木海莉),https://www.billboard-japan.com/charts/detail?a=dlsongs&year=2021&month=06&day=28
2021,dlsongs,2021-06-23,47,100 SEASONS,三代目 J SOUL BROTHERS from EXILE TRIBE,https://www.billboard-japan.com/charts/detail?a=dlsongs&year=2021&month=06&day=28
2021,dlsongs,2021-06-23,48,One Last Kiss,宇多田ヒカル,https://www.billboard-japan.com/charts/detail?a=dlsongs&year=2021&month=06&day=28
2021,dlsongs,2021-06-23,49,うまぴょい伝説,Various Artists,https://www.billboard-japan.com/charts/detail?a=dlsongs&year=2021&month=06&day=28
2021,dlsongs,2021-06-23,50,"Presence IV (feat. Daichi Yamamoto, 松田龍平)",STUTS & 松たか子 with 3exes,https://www.billboard-japan.com/charts/detail?a=dlsongs&year=2021&month=06&day=28
2021,dlsongs,2021-06-23,51,マリーゴールド,あいみょん,https://www.billboard-japan.com/charts/detail?a=dlsongs&year=2021&month=06&day=28
2021,dlsongs,2021-06-23,52,虹,菅田将暉,https://www.billboard-japan.com/charts/detail?a=dlsongs&year=2021&month=06&day=28
2021,dlsongs,2021-06-23,53,Fluorite Eye's Song,ヴィヴィ(八木海莉),https://www.billboard-japan.com/charts/detail?a=dlsongs&year=2021&month=06&day=28
2021,dlsongs,2021-06-23,54,Hero,平井大,https://www.billboard-japan.com/charts/detail?a=dlsongs&year=2021&month=06&day=28
2021,dlsongs,2021-06-23,55,INTO THE DEEP,MAN WITH A MISSION,https://www.billboard-japan.com/charts/detail?a=dlsongs&year=2021&month=06&day=28
2021,dlsongs,2021-06-23,56,PINK BLOOD,宇多田ヒカル,https://www.billboard-japan.com/charts/detail?a=dlsongs&year=2021&month=06&day=28
2021,dlsongs,2021-06-23,57,家庭の事情,ZORN,https://www.billboard-japan.com/charts/detail?a=dlsongs&year=2021&month=06&day=28
2021,dlsongs,2021-06-23,58,カナリア鳴いた頃に,WANDS,https://www.billboard-japan.com/charts/detail?a=dlsongs&year=2021&month=06&day=28
2021,dlsongs,2021-06-23,59,ミライ,L'Arc〜en〜Ciel,https://www.billboard-japan.com/charts/detail?a=dlsongs&year=2021&month=06&day=28
2021,dlsongs,2021-06-23,60,ないない,ReoNa,https://www.billboard-japan.com/charts/detail?a=dlsongs&year=2021&month=06&day=28
2021,dlsongs,2021-06-23,61,華奢なリップ (feat. ちゃんみな),ジェニーハイ,https://www.billboard-japan.com/charts/detail?a=dlsongs&year=2021&month=06&day=28
2021,dlsongs,2021-06-23,62,CITRUS,Da-iCE,https://www.billboard-japan.com/charts/detail?a=dlsongs&year=2021&month=06&day=28
2021,dlsongs,2021-06-23,63,Let Me Fly〜その未来へ〜,PRODUCE 101 JAPAN SEASON2,https://www.billboard-japan.com/charts/detail?a=dlsongs&year=2021&month=06&day=28
2021,dlsongs,2021-06-23,64,裸の心,あいみょん,https://www.billboard-japan.com/charts/detail?a=dlsongs&year=2021&month=06&day=28
2021,dlsongs,2021-06-23,65,春を告げる,yama,https://www.billboard-japan.com/charts/detail?a=dlsongs&year=2021&month=06&day=28
2021,dlsongs,2021-06-23,66,Avid,SawanoHiroyuki[nZk]:mizuki,https://www.billboard-japan.com/charts/detail?a=dlsongs&year=2021&month=06&day=28
2021,dlsongs,2021-06-23,67,ユメヲカケル!,"""スペシャルウィーク(和氣あず未),サイレンススズカ(高野麻里佳),トウカイテイオー(Machico),ウオッカ(大橋彩香),ダイワスカーレット(木村千咲),ゴールドシップ(上田瞳),メジロマックイー",https://www.billboard-japan.com/charts/detail?a=dlsongs&year=2021&month=06&day=28
2021,dlsongs,2021-06-23,68,ステラ,Leo/need,https://www.billboard-japan.com/charts/detail?a=dlsongs&year=2021&month=06&day=28
2021,dlsongs,2021-06-23,69,魔法の絨毯,川崎鷹也,https://www.billboard-japan.com/charts/detail?a=dlsongs&year=2021&month=06&day=28
2021,dlsongs,2021-06-23,70,カタワレ,佐藤千亜妃,https://www.billboard-japan.com/charts/detail?a=dlsongs&year=2021&month=06&day=28
2021,dlsongs,2021-06-23,71,レディメイド,Ado,https://www.billboard-japan.com/charts/detail?a=dlsongs&year=2021&month=06&day=28
2021,dlsongs,2021-06-23,72,春泥棒,ヨルシカ,https://www.billboard-japan.com/charts/detail?a=dlsongs&year=2021&month=06&day=28
2021,dlsongs,2021-06-23,73,もっと強く - From THE FIRST TAKE,EXILE TAKAHIRO×ハラミちゃん,https://www.billboard-japan.com/charts/detail?a=dlsongs&year=2021&month=06&day=28
2021,dlsongs,2021-06-23,73,Make debut!,スピカ,https://www.billboard-japan.com/charts/detail?a=dlsongs&year=2021&month=06&day=28
2021,dlsongs,2021-06-23,75,グッバイ宣言,Chinozo,https://www.billboard-japan.com/charts/detail?a=dlsongs&year=2021&month=06&day=28
2021,dlsongs,2021-06-23,76,Mela!,緑黄色社会,https://www.billboard-japan.com/charts/detail?a=dlsongs&year=2021&month=06&day=28
2021,dlsongs,2021-06-23,77,Bursty Greedy Spider,鈴木このみ,https://www.billboard-japan.com/charts/detail?a=dlsongs&year=2021&month=06&day=28
2021,dlsongs,2021-06-23,78,浪漫飛行,米米CLUB,https://www.billboard-japan.com/charts/detail?a=dlsongs&year=2021&month=06&day=28
2021,dlsongs,2021-06-23,79,Stay Gold,BTS,https://www.billboard-japan.com/charts/detail?a=dlsongs&year=2021&month=06&day=28
2021,dlsongs,2021-06-23,80,アイノカタチ feat.HIDE(GReeeeN),MISIA,https://www.billboard-japan.com/charts/detail?a=dlsongs&year=2021&month=06&day=28
2021,dlsongs,2021-06-23,81,Character,ACAね(ずっと真夜中でいいのに。) × Rin音 Prod by Yaffle,https://www.billboard-japan.com/charts/detail?a=dlsongs&year=2021&month=06&day=28
2021,dlsongs,2021-06-23,82,インパーフェクト,オーイシマサヨシ,https://www.billboard-japan.com/charts/detail?a=dlsongs&year=2021&month=06&day=28
2021,dlsongs,2021-06-23,83,渦,iri,https://www.billboard-japan.com/charts/detail?a=dlsongs&year=2021&month=06&day=28
2021,dlsongs,2021-06-23,84,TRACER,Benjamin,https://www.billboard-japan.com/charts/detail?a=dlsongs&year=2021&month=06&day=28
2021,dlsongs,2021-06-23,85,Wishing on a star,BTS (防弾少年団),https://www.billboard-japan.com/charts/detail?a=dlsongs&year=2021&month=06&day=28
2021,dlsongs,2021-06-23,86,needLe,Leo/need,https://www.billboard-japan.com/charts/detail?a=dlsongs&year=2021&month=06&day=28
2021,dlsongs,2021-06-23,87,Maze Town,A・ZU・NA,https://www.billboard-japan.com/charts/detail?a=dlsongs&year=2021&month=06&day=28
2021,dlsongs,2021-06-23,88,Mobius,Hiroyuki Sawano feat. mpi & Laco & Benjamin,https://www.billboard-japan.com/charts/detail?a=dlsongs&year=2021&month=06&day=28
2021,dlsongs,2021-06-23,89,ずっとずっとずっと,緑黄色社会,https://www.billboard-japan.com/charts/detail?a=dlsongs&year=2021&month=06&day=28
2021,dlsongs,2021-06-23,90,"Aisle, be with you",Ring.A.Bell,https://www.billboard-japan.com/charts/detail?a=dlsongs&year=2021&month=06&day=28
2021,dlsongs,2021-06-23,91,あなたがいることで,Uru,https://www.billboard-japan.com/charts/detail?a=dlsongs&year=2021&month=06&day=28
2021,dlsongs,2021-06-23,92,ハルジオン,YOASOBI,https://www.billboard-japan.com/charts/detail?a=dlsongs&year=2021&month=06&day=28
2021,dlsongs,2021-06-23,93,GIRLS' LEGEND U,Various Artists,https://www.billboard-japan.com/charts/detail?a=dlsongs&year=2021&month=06&day=28
2021,dlsongs,2021-06-23,94,Take a picture,NiziU,https://www.billboard-japan.com/charts/detail?a=dlsongs&year=2021&month=06&day=28
2021,dlsongs,2021-06-23,95,ピーチズ feat.ダニエル・シーザー&ギヴィオン,ジャスティン・ビーバー,https://www.billboard-japan.com/charts/detail?a=dlsongs&year=2021&month=06&day=28
2021,dlsongs,2021-06-23,96,New Era,Dragon Ash,https://www.billboard-japan.com/charts/detail?a=dlsongs&year=2021&month=06&day=28
2021,dlsongs,2021-06-23,97,電脳,V.W.P,https://www.billboard-japan.com/charts/detail?a=dlsongs&year=2021&month=06&day=28
2021,dlsongs,2021-06-23,98,たけてん,GReeeeN,https://www.billboard-japan.com/charts/detail?a=dlsongs&year=2021&month=06&day=28
2021,dlsongs,2021-06-23,99,紅蓮華,LiSA,https://www.billboard-japan.com/charts/detail?a=dlsongs&year=2021&month=06&day=28
2021,dlsongs,2021-06-23,100,14平米にスーベニア,久川凪(立花日菜),https://www.billboard-japan.com/charts/detail?a=dlsongs&year=2021&month=06&day=28
2021,dlsongs,2021-06-30,1,Pale Blue,米津玄師,https://www.billboard-japan.com/charts/detail?a=dlsongs&year=2021&month=07&day=05
2021,dlsongs,2021-06-30,2,死神,米津玄師,https://www.billboard-japan.com/charts/detail?a=dlsongs&year=2021&month=07&day=05
2021,dlsongs,2021-06-30,3,ゆめうつつ,米津玄師,https://www.billboard-japan.com/charts/detail?a=dlsongs&year=2021&month=07&day=05
2021,dlsongs,2021-06-30,4,Butter,BTS,https://www.billboard-japan.com/charts/detail?a=dlsongs&year=2021&month=07&day=05
2021,dlsongs,2021-06-30,5,不思議,星野源,https://www.billboard-japan.com/charts/detail?a=dlsongs&year=2021&month=07&day=05
2021,dlsongs,2021-06-30,6,あいつら全員同窓会,ずっと真夜中でいいのに。,https://www.billboard-japan.com/charts/detail?a=dlsongs&year=2021&month=07&day=05
2021,dlsongs,2021-06-30,7,ドライフラワー,優里,https://www.billboard-japan.com/charts/detail?a=dlsongs&year=2021&month=07&day=05
2021,dlsongs,2021-06-30,8,閃光,[Alexandros],https://www.billboard-japan.com/charts/detail?a=dlsongs&year=2021&month=07&day=05
2021,dlsongs,2021-06-30,9,怪盗,back number,https://www.billboard-japan.com/charts/detail?a=dlsongs&year=2021&month=07&day=05
2021,dlsongs,2021-06-30,10,Cry Baby,Official髭男dism,https://www.billboard-japan.com/charts/detail?a=dlsongs&year=2021&month=07&day=05
2021,dlsongs,2021-06-30,11,きらり,藤井風,https://www.billboard-japan.com/charts/detail?a=dlsongs&year=2021&month=07&day=05
2021,dlsongs,2021-06-30,12,Dynamite,BTS,https://www.billboard-japan.com/charts/detail?a=dlsongs&year=2021&month=07&day=05
2021,dlsongs,2021-06-30,13,踊,Ado,https://www.billboard-japan.com/charts/detail?a=dlsongs&year=2021&month=07&day=05
2021,dlsongs,2021-06-30,14,夜のピエロ,Ado,https://www.billboard-japan.com/charts/detail?a=dlsongs&year=2021&month=07&day=05
2021,dlsongs,2021-06-30,15,怪物,YOASOBI,https://www.billboard-japan.com/charts/detail?a=dlsongs&year=2021&month=07&day=05
2021,dlsongs,2021-06-30,16,NOSTALGIC,HYDE,https://www.billboard-japan.com/charts/detail?a=dlsongs&year=2021&month=07&day=05
2021,dlsongs,2021-06-30,17,なないろ,BUMP OF CHICKEN,https://www.billboard-japan.com/charts/detail?a=dlsongs&year=2021&month=07&day=05
2021,dlsongs,2021-06-30,18,もう少しだけ,YOASOBI,https://www.billboard-japan.com/charts/detail?a=dlsongs&year=2021&month=07&day=05
2021,dlsongs,2021-06-30,19,CITRUS,Da-iCE,https://www.billboard-japan.com/charts/detail?a=dlsongs&year=2021&month=07&day=05
2021,dlsongs,2021-06-30,20,愛を知るまでは,あいみょん,https://www.billboard-japan.com/charts/detail?a=dlsongs&year=2021&month=07&day=05
2021,dlsongs,2021-06-30,21,うっせぇわ,Ado,https://www.billboard-japan.com/charts/detail?a=dlsongs&year=2021&month=07&day=05
2021,dlsongs,2021-06-30,22,Fluorite Eye's Song,ヴィヴィ(八木海莉),https://www.billboard-japan.com/charts/detail?a=dlsongs&year=2021&month=07&day=05
2021,dlsongs,2021-06-30,23,夜に駆ける,YOASOBI,https://www.billboard-japan.com/charts/detail?a=dlsongs&year=2021&month=07&day=05
2021,dlsongs,2021-06-30,24,愛されルート A or B?,アンジュルム,https://www.billboard-japan.com/charts/detail?a=dlsongs&year=2021&month=07&day=05
2021,dlsongs,2021-06-30,25,はっきりしようぜ,アンジュルム,https://www.billboard-japan.com/charts/detail?a=dlsongs&year=2021&month=07&day=05
2021,dlsongs,2021-06-30,26,モア!ジャンプ!モア!,MORE MORE JUMP!,https://www.billboard-japan.com/charts/detail?a=dlsongs&year=2021&month=07&day=05
2021,dlsongs,2021-06-30,27,廻廻奇譚,Eve,https://www.billboard-japan.com/charts/detail?a=dlsongs&year=2021&month=07&day=05
2021,dlsongs,2021-06-30,28,REUNION,Little Glee Monster,https://www.billboard-japan.com/charts/detail?a=dlsongs&year=2021&month=07&day=05
2021,dlsongs,2021-06-30,29,Dreaming Night,JO1,https://www.billboard-japan.com/charts/detail?a=dlsongs&year=2021&month=07&day=05
2021,dlsongs,2021-06-30,30,エンドレスヴィーデ,フラタニティ,https://www.billboard-japan.com/charts/detail?a=dlsongs&year=2021&month=07&day=05
2021,dlsongs,2021-06-30,31,泳げないMermaid,アンジュルム,https://www.billboard-japan.com/charts/detail?a=dlsongs&year=2021&month=07&day=05
2021,dlsongs,2021-06-30,32,うちで踊ろう,星野源,https://www.billboard-japan.com/charts/detail?a=dlsongs&year=2021&month=07&day=05
2021,dlsongs,2021-06-30,32,群青,YOASOBI,https://www.billboard-japan.com/charts/detail?a=dlsongs&year=2021&month=07&day=05
2021,dlsongs,2021-06-30,34,Film out,BTS,https://www.billboard-japan.com/charts/detail?a=dlsongs&year=2021&month=07&day=05
2021,dlsongs,2021-06-30,35,ギラギラ,Ado,https://www.billboard-japan.com/charts/detail?a=dlsongs&year=2021&month=07&day=05
2021,dlsongs,2021-06-30,36,アイドル新鋭隊,MORE MORE JUMP!,https://www.billboard-japan.com/charts/detail?a=dlsongs&year=2021&month=07&day=05
2021,dlsongs,2021-06-30,37,Broken Heart of Gold,ONE OK ROCK,https://www.billboard-japan.com/charts/detail?a=dlsongs&year=2021&month=07&day=05
2021,dlsongs,2021-06-30,38,Sleepless Night,yama,https://www.billboard-japan.com/charts/detail?a=dlsongs&year=2021&month=07&day=05
2021,dlsongs,2021-06-30,39,名前を呼ぶよ,SUPER BEAVER,https://www.billboard-japan.com/charts/detail?a=dlsongs&year=2021&month=07&day=05
2021,dlsongs,2021-06-30,40,FUSIONIC STARS!!,ESオールスターズ,https://www.billboard-japan.com/charts/detail?a=dlsongs&year=2021&month=07&day=05
2021,dlsongs,2021-06-30,41,両忘,コブクロ,https://www.billboard-japan.com/charts/detail?a=dlsongs&year=2021&month=07&day=05
2021,dlsongs,2021-06-30,42,Sing My Pleasure,ヴィヴィ(八木海莉),https://www.billboard-japan.com/charts/detail?a=dlsongs&year=2021&month=07&day=05
2021,dlsongs,2021-06-30,43,炎,LiSA,https://www.billboard-japan.com/charts/detail?a=dlsongs&year=2021&month=07&day=05
2021,dlsongs,2021-06-30,44,One Last Kiss,宇多田ヒカル,https://www.billboard-japan.com/charts/detail?a=dlsongs&year=2021&month=07&day=05
2021,dlsongs,2021-06-30,45,Renegades,ONE OK ROCK,https://www.billboard-japan.com/charts/detail?a=dlsongs&year=2021&month=07&day=05
2021,dlsongs,2021-06-30,46,VARIANT,TRIGGER,https://www.billboard-japan.com/charts/detail?a=dlsongs&year=2021&month=07&day=05
2021,dlsongs,2021-06-30,47,Alcohol-Free,TWICE,https://www.billboard-japan.com/charts/detail?a=dlsongs&year=2021&month=07&day=05
2021,dlsongs,2021-06-30,48,バッド・ハビッツ,エド・シーラン,https://www.billboard-japan.com/charts/detail?a=dlsongs&year=2021&month=07&day=05
2021,dlsongs,2021-06-30,49,うまぴょい伝説,Various Artists,https://www.billboard-japan.com/charts/detail?a=dlsongs&year=2021&month=07&day=05
2021,dlsongs,2021-06-30,50,バラツユ,TRIGGER,https://www.billboard-japan.com/charts/detail?a=dlsongs&year=2021&month=07&day=05
2021,dlsongs,2021-06-30,51,猫,DISH//,https://www.billboard-japan.com/charts/detail?a=dlsongs&year=2021&month=07&day=05
2021,dlsongs,2021-06-30,52,FUTURE LOVERS,今市隆二,https://www.billboard-japan.com/charts/detail?a=dlsongs&year=2021&month=07&day=05
2021,dlsongs,2021-06-30,53,又三郎,ヨルシカ,https://www.billboard-japan.com/charts/detail?a=dlsongs&year=2021&month=07&day=05
2021,dlsongs,2021-06-30,54,虹,菅田将暉,https://www.billboard-japan.com/charts/detail?a=dlsongs&year=2021&month=07&day=05
2021,dlsongs,2021-06-30,55,Hero,平井大,https://www.billboard-japan.com/charts/detail?a=dlsongs&year=2021&month=07&day=05
2021,dlsongs,2021-06-30,56,Lazy Boy,Creepy Nuts,https://www.billboard-japan.com/charts/detail?a=dlsongs&year=2021&month=07&day=05
2021,dlsongs,2021-06-30,57,花びらメモリーズ,"白石紬(南早紀),佐竹美奈子(大関英里),周防桃子(渡部恵子),所恵美(藤井ゆきよ)",https://www.billboard-japan.com/charts/detail?a=dlsongs&year=2021&month=07&day=05
2021,dlsongs,2021-06-30,58,猫 〜THE FIRST TAKE ver.〜,DISH//,https://www.billboard-japan.com/charts/detail?a=dlsongs&year=2021&month=07&day=05
2021,dlsongs,2021-06-30,59,YOKAZE,変態紳士クラブ,https://www.billboard-japan.com/charts/detail?a=dlsongs&year=2021&month=07&day=05
2021,dlsongs,2021-06-30,60,君は生きてますか,琴音,https://www.billboard-japan.com/charts/detail?a=dlsongs&year=2021&month=07&day=05
2021,dlsongs,2021-06-30,61,マリーゴールド,あいみょん,https://www.billboard-japan.com/charts/detail?a=dlsongs&year=2021&month=07&day=05
2021,dlsongs,2021-06-30,62,Avid,SawanoHiroyuki[nZk]:mizuki,https://www.billboard-japan.com/charts/detail?a=dlsongs&year=2021&month=07&day=05
2021,dlsongs,2021-06-30,63,ツキミソウ,Novelbright,https://www.billboard-japan.com/charts/detail?a=dlsongs&year=2021&month=07&day=05
2021,dlsongs,2021-06-30,64,ごめんねFingers crossed,乃木坂46,https://www.billboard-japan.com/charts/detail?a=dlsongs&year=2021&month=07&day=05
2021,dlsongs,2021-06-30,65,君はロックを聴かない,あいみょん,https://www.billboard-japan.com/charts/detail?a=dlsongs&year=2021&month=07&day=05
2021,dlsongs,2021-06-30,66,RUNWAY,PRODUCE 101 JAPAN SEASON2,https://www.billboard-japan.com/charts/detail?a=dlsongs&year=2021&month=07&day=05
2021,dlsongs,2021-06-30,67,アイノカタチ feat.HIDE(GReeeeN),MISIA,https://www.billboard-japan.com/charts/detail?a=dlsongs&year=2021&month=07&day=05
2021,dlsongs,2021-06-30,68,勿忘,Awesome City Club,https://www.billboard-japan.com/charts/detail?a=dlsongs&year=2021&month=07&day=05
2021,dlsongs,2021-06-30,69,ないない,ReoNa,https://www.billboard-japan.com/charts/detail?a=dlsongs&year=2021&month=07&day=05
2021,dlsongs,2021-06-30,70,REFLECT,Gawr Gura,https://www.billboard-japan.com/charts/detail?a=dlsongs&year=2021&month=07&day=05
2021,dlsongs,2021-06-30,71,家庭の事情,ZORN,https://www.billboard-japan.com/charts/detail?a=dlsongs&year=2021&month=07&day=05
2021,dlsongs,2021-06-30,72,ユメヲカケル!,"""スペシャルウィーク(和氣あず未),サイレンススズカ(高野麻里佳),トウカイテイオー(Machico),ウオッカ(大橋彩香),ダイワスカーレット(木村千咲),ゴールドシップ(上田瞳),メジロマックイー",https://www.billboard-japan.com/charts/detail?a=dlsongs&year=2021&month=07&day=05
2021,dlsongs,2021-06-30,73,絶体絶命,EGOIST,https://www.billboard-japan.com/charts/detail?a=dlsongs&year=2021&month=07&day=05
2021,dlsongs,2021-06-30,74,感電,米津玄師,https://www.billboard-japan.com/charts/detail?a=dlsongs&year=2021&month=07&day=05
2021,dlsongs,2021-06-30,75,Survival of the Illest +,Division All Stars,https://www.billboard-japan.com/charts/detail?a=dlsongs&year=2021&month=07&day=05
2021,dlsongs,2021-06-30,76,グッバイ宣言,Chinozo,https://www.billboard-japan.com/charts/detail?a=dlsongs&year=2021&month=07&day=05
2021,dlsongs,2021-06-30,77,Presence V (feat.T-Pablow),STUTS & 松たか子 with 3exes,https://www.billboard-japan.com/charts/detail?a=dlsongs&year=2021&month=07&day=05
2021,dlsongs,2021-06-30,78,永遠の不在証明,東京事変,https://www.billboard-japan.com/charts/detail?a=dlsongs&year=2021&month=07&day=05
2021,dlsongs,2021-06-30,79,魔法の絨毯,川崎鷹也,https://www.billboard-japan.com/charts/detail?a=dlsongs&year=2021&month=07&day=05
2021,dlsongs,2021-06-30,80,インパーフェクト,オーイシマサヨシ,https://www.billboard-japan.com/charts/detail?a=dlsongs&year=2021&month=07&day=05
2021,dlsongs,2021-06-30,81,Make debut!,スピカ,https://www.billboard-japan.com/charts/detail?a=dlsongs&year=2021&month=07&day=05
2021,dlsongs,2021-06-30,82,PINK BLOOD,宇多田ヒカル,https://www.billboard-japan.com/charts/detail?a=dlsongs&year=2021&month=07&day=05
2021,dlsongs,2021-06-30,83,STAR WISH,"一十木音也(寺島拓篤),聖川真斗(鈴村健一),四ノ宮那月(谷山紀章),一ノ瀬トキヤ(宮野真守),神宮寺レン(諏訪部順一),来栖翔(下野紘),愛島セシル(鳥海浩輔)",https://www.billboard-japan.com/charts/detail?a=dlsongs&year=2021&month=07&day=05
2021,dlsongs,2021-06-30,84,Bursty Greedy Spider,鈴木このみ,https://www.billboard-japan.com/charts/detail?a=dlsongs&year=2021&month=07&day=05
2021,dlsongs,2021-06-30,85,レディメイド,Ado,https://www.billboard-japan.com/charts/detail?a=dlsongs&year=2021&month=07&day=05
2021,dlsongs,2021-06-30,86,Light It Up (feat. RUDEBWOY FACE & \ellow Bucks),BANTY FOOT,https://www.billboard-japan.com/charts/detail?a=dlsongs&year=2021&month=07&day=05
2021,dlsongs,2021-06-30,87,INTO THE DEEP,MAN WITH A MISSION,https://www.billboard-japan.com/charts/detail?a=dlsongs&year=2021&month=07&day=05
2021,dlsongs,2021-06-30,88,君といれば,Little Glee Monster,https://www.billboard-japan.com/charts/detail?a=dlsongs&year=2021&month=07&day=05
2021,dlsongs,2021-06-30,89,そしたら,星野源,https://www.billboard-japan.com/charts/detail?a=dlsongs&year=2021&month=07&day=05
2021,dlsongs,2021-06-30,90,Alternate Dimension,GENERATIONS from EXILE TRIBE & THE RAMPAGE from EXILE TRIBE,https://www.billboard-japan.com/charts/detail?a=dlsongs&year=2021&month=07&day=05
2021,dlsongs,2021-06-30,91,大河よ共に泣いてくれ,フランシュシュ,https://www.billboard-japan.com/charts/detail?a=dlsongs&year=2021&month=07&day=05
2021,dlsongs,2021-06-30,92,GIRLS' LEGEND U,Various Artists,https://www.billboard-japan.com/charts/detail?a=dlsongs&year=2021&month=07&day=05
2021,dlsongs,2021-06-30,93,One Day,PRODUCE 101 JAPAN SEASON2,https://www.billboard-japan.com/charts/detail?a=dlsongs&year=2021&month=07&day=05
2021,dlsongs,2021-06-30,94,Bluerose,星街すいせい,https://www.billboard-japan.com/charts/detail?a=dlsongs&year=2021&month=07&day=05
2021,dlsongs,2021-06-30,95,"Presence (feat.T-Pablow,Daichi Yamamoto,NENE,BIM,KID FRESINO)",STUTS & 松たか子 with 3exes,https://www.billboard-japan.com/charts/detail?a=dlsongs&year=2021&month=07&day=05
2021,dlsongs,2021-06-30,96,QUARTET CROWN,"寿嶺二(森久保祥太郎),黒崎蘭丸(鈴木達央),美風藍(蒼井翔太),カミュ(前野智昭)",https://www.billboard-japan.com/charts/detail?a=dlsongs&year=2021&month=07&day=05
2021,dlsongs,2021-06-30,97,裸の心,あいみょん,https://www.billboard-japan.com/charts/detail?a=dlsongs&year=2021&month=07&day=05
2021,dlsongs,2021-06-30,98,Stay Gold,BTS,https://www.billboard-japan.com/charts/detail?a=dlsongs&year=2021&month=07&day=05
2021,dlsongs,2021-06-30,99,紅蓮華,LiSA,https://www.billboard-japan.com/charts/detail?a=dlsongs&year=2021&month=07&day=05
2021,dlsongs,2021-06-30,100,春を告げる,yama,https://www.billboard-japan.com/charts/detail?a=dlsongs&year=2021&month=07&day=05
2021,dlsongs,2021-07-07,1,三原色,YOASOBI,https://www.billboard-japan.com/charts/detail?a=dlsongs&year=2021&month=07&day=12
2021,dlsongs,2021-07-07,2,夜に駆ける,YOASOBI,https://www.billboard-japan.com/charts/detail?a=dlsongs&year=2021&month=07&day=12
2021,dlsongs,2021-07-07,3,Pale Blue,米津玄師,https://www.billboard-japan.com/charts/detail?a=dlsongs&year=2021&month=07&day=12
2021,dlsongs,2021-07-07,4,キセキ結び,ホロライブ4期生,https://www.billboard-japan.com/charts/detail?a=dlsongs&year=2021&month=07&day=12
2021,dlsongs,2021-07-07,5,死神,米津玄師,https://www.billboard-japan.com/charts/detail?a=dlsongs&year=2021&month=07&day=12
2021,dlsongs,2021-07-07,6,Butter,BTS,https://www.billboard-japan.com/charts/detail?a=dlsongs&year=2021&month=07&day=12
2021,dlsongs,2021-07-07,7,ドライフラワー,優里,https://www.billboard-japan.com/charts/detail?a=dlsongs&year=2021&month=07&day=12
2021,dlsongs,2021-07-07,8,Cry Baby,Official髭男dism,https://www.billboard-japan.com/charts/detail?a=dlsongs&year=2021&month=07&day=12
2021,dlsongs,2021-07-07,9,ポリゴンウェイヴ,Perfume,https://www.billboard-japan.com/charts/detail?a=dlsongs&year=2021&month=07&day=12
2021,dlsongs,2021-07-07,10,Be Free -from Audition THE FIRST-,THE FIRST -BMSG Audition prod. by SKY-HI-,https://www.billboard-japan.com/charts/detail?a=dlsongs&year=2021&month=07&day=12
2021,dlsongs,2021-07-07,11,ゆめうつつ,米津玄師,https://www.billboard-japan.com/charts/detail?a=dlsongs&year=2021&month=07&day=12
2021,dlsongs,2021-07-07,12,不思議,星野源,https://www.billboard-japan.com/charts/detail?a=dlsongs&year=2021&month=07&day=12
2021,dlsongs,2021-07-07,13,閃光,[Alexandros],https://www.billboard-japan.com/charts/detail?a=dlsongs&year=2021&month=07&day=12
2021,dlsongs,2021-07-07,14,Broken Heart of Gold,ONE OK ROCK,https://www.billboard-japan.com/charts/detail?a=dlsongs&year=2021&month=07&day=12
2021,dlsongs,2021-07-07,15,あいつら全員同窓会,ずっと真夜中でいいのに。,https://www.billboard-japan.com/charts/detail?a=dlsongs&year=2021&month=07&day=12
2021,dlsongs,2021-07-07,16,怪物,YOASOBI,https://www.billboard-japan.com/charts/detail?a=dlsongs&year=2021&month=07&day=12
2021,dlsongs,2021-07-07,17,Bluerose,星街すいせい,https://www.billboard-japan.com/charts/detail?a=dlsongs&year=2021&month=07&day=12
2021,dlsongs,2021-07-07,18,(ハート）km/h,Ray,https://www.billboard-japan.com/charts/detail?a=dlsongs&year=2021&month=07&day=12
2021,dlsongs,2021-07-07,19,もう少しだけ,YOASOBI,https://www.billboard-japan.com/charts/detail?a=dlsongs&year=2021&month=07&day=12
2021,dlsongs,2021-07-07,20,きらり,藤井風,https://www.billboard-japan.com/charts/detail?a=dlsongs&year=2021&month=07&day=12
2021,dlsongs,2021-07-07,21,怪盗,back number,https://www.billboard-japan.com/charts/detail?a=dlsongs&year=2021&month=07&day=12
2021,dlsongs,2021-07-07,22,踊,Ado,https://www.billboard-japan.com/charts/detail?a=dlsongs&year=2021&month=07&day=12
2021,dlsongs,2021-07-07,23,Dynamite,BTS,https://www.billboard-japan.com/charts/detail?a=dlsongs&year=2021&month=07&day=12
2021,dlsongs,2021-07-07,24,Perfect World,TWICE,https://www.billboard-japan.com/charts/detail?a=dlsongs&year=2021&month=07&day=12
2021,dlsongs,2021-07-07,25,comet,星街すいせい,https://www.billboard-japan.com/charts/detail?a=dlsongs&year=2021&month=07&day=12
2021,dlsongs,2021-07-07,26,恋のスパイスカレーeeeee! ナンはおかわり自由です,バックドロップターメリックs,https://www.billboard-japan.com/charts/detail?a=dlsongs&year=2021&month=07&day=12
2021,dlsongs,2021-07-07,27,うっせぇわ,Ado,https://www.billboard-japan.com/charts/detail?a=dlsongs&year=2021&month=07&day=12
2021,dlsongs,2021-07-07,28,愛を知るまでは,あいみょん,https://www.billboard-japan.com/charts/detail?a=dlsongs&year=2021&month=07&day=12
2021,dlsongs,2021-07-07,29,なないろ,BUMP OF CHICKEN,https://www.billboard-japan.com/charts/detail?a=dlsongs&year=2021&month=07&day=12
2021,dlsongs,2021-07-07,30,その先の光へ,岡野昭仁,https://www.billboard-japan.com/charts/detail?a=dlsongs&year=2021&month=07&day=12
2021,dlsongs,2021-07-07,31,tears,SEKAI NO OWARI,https://www.billboard-japan.com/charts/detail?a=dlsongs&year=2021&month=07&day=12
2021,dlsongs,2021-07-07,32,ツキミソウ,Novelbright,https://www.billboard-japan.com/charts/detail?a=dlsongs&year=2021&month=07&day=12
2021,dlsongs,2021-07-07,33,群青,YOASOBI,https://www.billboard-japan.com/charts/detail?a=dlsongs&year=2021&month=07&day=12
2021,dlsongs,2021-07-07,34,猫,DISH//,https://www.billboard-japan.com/charts/detail?a=dlsongs&year=2021&month=07&day=12
2021,dlsongs,2021-07-07,35,夜のピエロ,Ado,https://www.billboard-japan.com/charts/detail?a=dlsongs&year=2021&month=07&day=12
2021,dlsongs,2021-07-07,36,廻廻奇譚,Eve,https://www.billboard-japan.com/charts/detail?a=dlsongs&year=2021&month=07&day=12
2021,dlsongs,2021-07-07,37,紫陽花,Sir Vanity,https://www.billboard-japan.com/charts/detail?a=dlsongs&year=2021&month=07&day=12
2021,dlsongs,2021-07-07,38,青春は残酷だ,GLAY,https://www.billboard-japan.com/charts/detail?a=dlsongs&year=2021&month=07&day=12
2021,dlsongs,2021-07-07,39,Sleepless Night,yama,https://www.billboard-japan.com/charts/detail?a=dlsongs&year=2021&month=07&day=12
2021,dlsongs,2021-07-07,40,グレースノート,Aimer(エメ),https://www.billboard-japan.com/charts/detail?a=dlsongs&year=2021&month=07&day=12
2021,dlsongs,2021-07-07,41,春を告げる,yama,https://www.billboard-japan.com/charts/detail?a=dlsongs&year=2021&month=07&day=12
2021,dlsongs,2021-07-07,42,バッド・ハビッツ,エド・シーラン,https://www.billboard-japan.com/charts/detail?a=dlsongs&year=2021&month=07&day=12
2021,dlsongs,2021-07-07,43,HAVANA LOVE,EXILE,https://www.billboard-japan.com/charts/detail?a=dlsongs&year=2021&month=07&day=12
2021,dlsongs,2021-07-07,44,CITRUS,Da-iCE,https://www.billboard-japan.com/charts/detail?a=dlsongs&year=2021&month=07&day=12
2021,dlsongs,2021-07-07,45,猫 〜THE FIRST TAKE ver.〜,DISH//,https://www.billboard-japan.com/charts/detail?a=dlsongs&year=2021&month=07&day=12
2021,dlsongs,2021-07-07,46,Red Criminal,THE ORAL CIGARETTES,https://www.billboard-japan.com/charts/detail?a=dlsongs&year=2021&month=07&day=12
2021,dlsongs,2021-07-07,47,ギラギラ,Ado,https://www.billboard-japan.com/charts/detail?a=dlsongs&year=2021&month=07&day=12
2021,dlsongs,2021-07-07,48,名前を呼ぶよ,SUPER BEAVER,https://www.billboard-japan.com/charts/detail?a=dlsongs&year=2021&month=07&day=12
2021,dlsongs,2021-07-07,49,炎,LiSA,https://www.billboard-japan.com/charts/detail?a=dlsongs&year=2021&month=07&day=12
2021,dlsongs,2021-07-07,50,One Last Kiss,宇多田ヒカル,https://www.billboard-japan.com/charts/detail?a=dlsongs&year=2021&month=07&day=12
2021,dlsongs,2021-07-07,51,私たちはもう舞台の上,スタァライト九九組,https://www.billboard-japan.com/charts/detail?a=dlsongs&year=2021&month=07&day=12
2021,dlsongs,2021-07-07,52,キミだけのメロディ,角巻わため,https://www.billboard-japan.com/charts/detail?a=dlsongs&year=2021&month=07&day=12
2021,dlsongs,2021-07-07,53,君は生きてますか,琴音,https://www.billboard-japan.com/charts/detail?a=dlsongs&year=2021&month=07&day=12
2021,dlsongs,2021-07-07,54,死にたくないから生きている,夢追翔,https://www.billboard-japan.com/charts/detail?a=dlsongs&year=2021&month=07&day=12
2021,dlsongs,2021-07-07,55,うまぴょい伝説,Various Artists,https://www.billboard-japan.com/charts/detail?a=dlsongs&year=2021&month=07&day=12
2021,dlsongs,2021-07-07,56,INTO THE DEEP,MAN WITH A MISSION,https://www.billboard-japan.com/charts/detail?a=dlsongs&year=2021&month=07&day=12
2021,dlsongs,2021-07-07,57,YOKAZE,変態紳士クラブ,https://www.billboard-japan.com/charts/detail?a=dlsongs&year=2021&month=07&day=12
2021,dlsongs,2021-07-07,58,君はロックを聴かない,あいみょん,https://www.billboard-japan.com/charts/detail?a=dlsongs&year=2021&month=07&day=12
2021,dlsongs,2021-07-07,59,Mixtape : OH,Stray Kids,https://www.billboard-japan.com/charts/detail?a=dlsongs&year=2021&month=07&day=12
2021,dlsongs,2021-07-07,60,Renegades,ONE OK ROCK,https://www.billboard-japan.com/charts/detail?a=dlsongs&year=2021&month=07&day=12
2021,dlsongs,2021-07-07,60,Fluorite Eye's Song,ヴィヴィ(八木海莉),https://www.billboard-japan.com/charts/detail?a=dlsongs&year=2021&month=07&day=12
2021,dlsongs,2021-07-07,62,あなたがいることで,Uru,https://www.billboard-japan.com/charts/detail?a=dlsongs&year=2021&month=07&day=12
2021,dlsongs,2021-07-07,63,マリーゴールド,あいみょん,https://www.billboard-japan.com/charts/detail?a=dlsongs&year=2021&month=07&day=12
2021,dlsongs,2021-07-07,64,アイノカタチ feat.HIDE(GReeeeN),MISIA,https://www.billboard-japan.com/charts/detail?a=dlsongs&year=2021&month=07&day=12
2021,dlsongs,2021-07-07,65,虹,菅田将暉,https://www.billboard-japan.com/charts/detail?a=dlsongs&year=2021&month=07&day=12
2021,dlsongs,2021-07-07,66,Film out,BTS,https://www.billboard-japan.com/charts/detail?a=dlsongs&year=2021&month=07&day=12
2021,dlsongs,2021-07-07,67,吼えろ 2021,ももいろクローバーZ with ファンキー加藤,https://www.billboard-japan.com/charts/detail?a=dlsongs&year=2021&month=07&day=12
2021,dlsongs,2021-07-07,68,Adieu,堀江由衣,https://www.billboard-japan.com/charts/detail?a=dlsongs&year=2021&month=07&day=12
2021,dlsongs,2021-07-07,69,勿忘,Awesome City Club,https://www.billboard-japan.com/charts/detail?a=dlsongs&year=2021&month=07&day=12
2021,dlsongs,2021-07-07,70,Alcohol-Free,TWICE,https://www.billboard-japan.com/charts/detail?a=dlsongs&year=2021&month=07&day=12
2021,dlsongs,2021-07-07,71,ばかじゃないのに,ずっと真夜中でいいのに。,https://www.billboard-japan.com/charts/detail?a=dlsongs&year=2021&month=07&day=12
2021,dlsongs,2021-07-07,72,Heart to Heart,EXILE ATSUSHI,https://www.billboard-japan.com/charts/detail?a=dlsongs&year=2021&month=07&day=12
2021,dlsongs,2021-07-07,73,グッバイ宣言,Chinozo,https://www.billboard-japan.com/charts/detail?a=dlsongs&year=2021&month=07&day=12
2021,dlsongs,2021-07-07,74,なぁ人類,EXIT,https://www.billboard-japan.com/charts/detail?a=dlsongs&year=2021&month=07&day=12
2021,dlsongs,2021-07-07,75,優しい彗星,YOASOBI,https://www.billboard-japan.com/charts/detail?a=dlsongs&year=2021&month=07&day=12
2021,dlsongs,2021-07-07,76,NOSTALGIC,HYDE,https://www.billboard-japan.com/charts/detail?a=dlsongs&year=2021&month=07&day=12
2021,dlsongs,2021-07-07,77,モア!ジャンプ!モア!,MORE MORE JUMP!,https://www.billboard-japan.com/charts/detail?a=dlsongs&year=2021&month=07&day=12
2021,dlsongs,2021-07-07,78,又三郎,ヨルシカ,https://www.billboard-japan.com/charts/detail?a=dlsongs&year=2021&month=07&day=12
2021,dlsongs,2021-07-07,79,愛されルート A or B?,アンジュルム,https://www.billboard-japan.com/charts/detail?a=dlsongs&year=2021&month=07&day=12
2021,dlsongs,2021-07-07,80,ユメヲカケル!,"""スペシャルウィーク(和氣あず未),サイレンススズカ(高野麻里佳),トウカイテイオー(Machico),ウオッカ(大橋彩香),ダイワスカーレット(木村千咲),ゴールドシップ(上田瞳),メジロマックイー",https://www.billboard-japan.com/charts/detail?a=dlsongs&year=2021&month=07&day=12
2021,dlsongs,2021-07-07,81,ハルジオン,YOASOBI,https://www.billboard-japan.com/charts/detail?a=dlsongs&year=2021&month=07&day=12
2021,dlsongs,2021-07-07,82,Mela!,緑黄色社会,https://www.billboard-japan.com/charts/detail?a=dlsongs&year=2021&month=07&day=12
2021,dlsongs,2021-07-07,83,ないない,ReoNa,https://www.billboard-japan.com/charts/detail?a=dlsongs&year=2021&month=07&day=12
2021,dlsongs,2021-07-07,84,DAN DAN 心魅かれてく,FIELD OF VIEW,https://www.billboard-japan.com/charts/detail?a=dlsongs&year=2021&month=07&day=12
2021,dlsongs,2021-07-07,85,魔法の絨毯,川崎鷹也,https://www.billboard-japan.com/charts/detail?a=dlsongs&year=2021&month=07&day=12
2021,dlsongs,2021-07-07,85,Make debut!,スピカ,https://www.billboard-japan.com/charts/detail?a=dlsongs&year=2021&month=07&day=12
2021,dlsongs,2021-07-07,87,ごめんねFingers crossed,乃木坂46,https://www.billboard-japan.com/charts/detail?a=dlsongs&year=2021&month=07&day=12
2021,dlsongs,2021-07-07,88,Pretender,Official髭男dism,https://www.billboard-japan.com/charts/detail?a=dlsongs&year=2021&month=07&day=12
2021,dlsongs,2021-07-07,89,Avid,SawanoHiroyuki[nZk]:mizuki,https://www.billboard-japan.com/charts/detail?a=dlsongs&year=2021&month=07&day=12
2021,dlsongs,2021-07-07,90,アンコール,YOASOBI,https://www.billboard-japan.com/charts/detail?a=dlsongs&year=2021&month=07&day=12
2021,dlsongs,2021-07-07,90,感電,米津玄師,https://www.billboard-japan.com/charts/detail?a=dlsongs&year=2021&month=07&day=12
2021,dlsongs,2021-07-07,92,家庭の事情,ZORN,https://www.billboard-japan.com/charts/detail?a=dlsongs&year=2021&month=07&day=12
2021,dlsongs,2021-07-07,93,はっきりしようぜ,アンジュルム,https://www.billboard-japan.com/charts/detail?a=dlsongs&year=2021&month=07&day=12
2021,dlsongs,2021-07-07,94,アーユーレディー,緑黄色社会,https://www.billboard-japan.com/charts/detail?a=dlsongs&year=2021&month=07&day=12
2021,dlsongs,2021-07-07,95,I LOVE…,Official髭男dism,https://www.billboard-japan.com/charts/detail?a=dlsongs&year=2021&month=07&day=12
2021,dlsongs,2021-07-07,96,裸の心,あいみょん,https://www.billboard-japan.com/charts/detail?a=dlsongs&year=2021&month=07&day=12
2021,dlsongs,2021-07-07,97,ハルカ,YOASOBI,https://www.billboard-japan.com/charts/detail?a=dlsongs&year=2021&month=07&day=12
2021,dlsongs,2021-07-07,98,紅蓮華,LiSA,https://www.billboard-japan.com/charts/detail?a=dlsongs&year=2021&month=07&day=12
2021,dlsongs,2021-07-07,99,GHOST,星街すいせい,https://www.billboard-japan.com/charts/detail?a=dlsongs&year=2021&month=07&day=12
2021,dlsongs,2021-07-07,100,レディメイド,Ado,https://www.billboard-japan.com/charts/detail?a=dlsongs&year=2021&month=07&day=12
2021,dlsongs,2021-07-14,1,Permission to Dance,BTS,https://www.billboard-japan.com/charts/detail?a=dlsongs&year=2021&month=07&day=19
2021,dlsongs,2021-07-14,2,三原色,YOASOBI,https://www.billboard-japan.com/charts/detail?a=dlsongs&year=2021&month=07&day=19
2021,dlsongs,2021-07-14,3,Super Summer,NiziU,https://www.billboard-japan.com/charts/detail?a=dlsongs&year=2021&month=07&day=19
2021,dlsongs,2021-07-14,4,夜に駆ける,YOASOBI,https://www.billboard-japan.com/charts/detail?a=dlsongs&year=2021&month=07&day=19
2021,dlsongs,2021-07-14,5,Butter,BTS,https://www.billboard-japan.com/charts/detail?a=dlsongs&year=2021&month=07&day=19
2021,dlsongs,2021-07-14,6,Cry Baby,Official髭男dism,https://www.billboard-japan.com/charts/detail?a=dlsongs&year=2021&month=07&day=19
2021,dlsongs,2021-07-14,7,ドライフラワー,優里,https://www.billboard-japan.com/charts/detail?a=dlsongs&year=2021&month=07&day=19
2021,dlsongs,2021-07-14,8,Pale Blue,米津玄師,https://www.billboard-japan.com/charts/detail?a=dlsongs&year=2021&month=07&day=19
2021,dlsongs,2021-07-14,9,Move On -from Audition THE FIRST-,THE FIRST -BMSG Audition prod. by SKY-HI-,https://www.billboard-japan.com/charts/detail?a=dlsongs&year=2021&month=07&day=19
2021,dlsongs,2021-07-14,10,閃光,[Alexandros],https://www.billboard-japan.com/charts/detail?a=dlsongs&year=2021&month=07&day=19
2021,dlsongs,2021-07-14,11,シャッター,優里,https://www.billboard-japan.com/charts/detail?a=dlsongs&year=2021&month=07&day=19
2021,dlsongs,2021-07-14,12,Ready Steady,Vivid BAD SQUAD,https://www.billboard-japan.com/charts/detail?a=dlsongs&year=2021&month=07&day=19
2021,dlsongs,2021-07-14,13,怪物,YOASOBI,https://www.billboard-japan.com/charts/detail?a=dlsongs&year=2021&month=07&day=19
2021,dlsongs,2021-07-14,14,死神,米津玄師,https://www.billboard-japan.com/charts/detail?a=dlsongs&year=2021&month=07&day=19
2021,dlsongs,2021-07-14,15,ばかじゃないのに,ずっと真夜中でいいのに。,https://www.billboard-japan.com/charts/detail?a=dlsongs&year=2021&month=07&day=19
2021,dlsongs,2021-07-14,16,もう少しだけ,YOASOBI,https://www.billboard-japan.com/charts/detail?a=dlsongs&year=2021&month=07&day=19
2021,dlsongs,2021-07-14,17,Forward,Vivid BAD SQUAD,https://www.billboard-japan.com/charts/detail?a=dlsongs&year=2021&month=07&day=19
2021,dlsongs,2021-07-14,18,踊,Ado,https://www.billboard-japan.com/charts/detail?a=dlsongs&year=2021&month=07&day=19
2021,dlsongs,2021-07-14,19,群青,YOASOBI,https://www.billboard-japan.com/charts/detail?a=dlsongs&year=2021&month=07&day=19
2021,dlsongs,2021-07-14,20,FALLIN' LOVE=IT'S WONDERLAND,Ra*bits,https://www.billboard-japan.com/charts/detail?a=dlsongs&year=2021&month=07&day=19
2021,dlsongs,2021-07-14,21,Dynamite,BTS,https://www.billboard-japan.com/charts/detail?a=dlsongs&year=2021&month=07&day=19
2021,dlsongs,2021-07-14,22,PLACES,TRIGGER,https://www.billboard-japan.com/charts/detail?a=dlsongs&year=2021&month=07&day=19
2021,dlsongs,2021-07-14,23,うっせぇわ,Ado,https://www.billboard-japan.com/charts/detail?a=dlsongs&year=2021&month=07&day=19
2021,dlsongs,2021-07-14,24,Curtain Call feat.Taka,清水翔太,https://www.billboard-japan.com/charts/detail?a=dlsongs&year=2021&month=07&day=19
2021,dlsongs,2021-07-14,25,きらり,藤井風,https://www.billboard-japan.com/charts/detail?a=dlsongs&year=2021&month=07&day=19
2021,dlsongs,2021-07-14,26,シナモン,手越祐也,https://www.billboard-japan.com/charts/detail?a=dlsongs&year=2021&month=07&day=19
2021,dlsongs,2021-07-14,27,怪盗,back number,https://www.billboard-japan.com/charts/detail?a=dlsongs&year=2021&month=07&day=19
2021,dlsongs,2021-07-14,28,KICK&SLIDE,三代目 J SOUL BROTHERS from EXILE TRIBE,https://www.billboard-japan.com/charts/detail?a=dlsongs&year=2021&month=07&day=19
2021,dlsongs,2021-07-14,29,不思議,星野源,https://www.billboard-japan.com/charts/detail?a=dlsongs&year=2021&month=07&day=19
2021,dlsongs,2021-07-14,30,あいつら全員同窓会,ずっと真夜中でいいのに。,https://www.billboard-japan.com/charts/detail?a=dlsongs&year=2021&month=07&day=19
2021,dlsongs,2021-07-14,31,なないろ,BUMP OF CHICKEN,https://www.billboard-japan.com/charts/detail?a=dlsongs&year=2021&month=07&day=19
2021,dlsongs,2021-07-14,32,名前を呼ぶよ,SUPER BEAVER,https://www.billboard-japan.com/charts/detail?a=dlsongs&year=2021&month=07&day=19
2021,dlsongs,2021-07-14,33,愛を知るまでは,あいみょん,https://www.billboard-japan.com/charts/detail?a=dlsongs&year=2021&month=07&day=19
2021,dlsongs,2021-07-14,34,花占い,Vaundy,https://www.billboard-japan.com/charts/detail?a=dlsongs&year=2021&month=07&day=19
2021,dlsongs,2021-07-14,35,次のせ〜の!で - ON THE GREEN HILL -,DREAMS COME TRUE,https://www.billboard-japan.com/charts/detail?a=dlsongs&year=2021&month=07&day=19
2021,dlsongs,2021-07-14,36,Given-Taken,ENHYPEN,https://www.billboard-japan.com/charts/detail?a=dlsongs&year=2021&month=07&day=19
2021,dlsongs,2021-07-14,37,Perfect World,TWICE,https://www.billboard-japan.com/charts/detail?a=dlsongs&year=2021&month=07&day=19
2021,dlsongs,2021-07-14,38,Broken Heart of Gold,ONE OK ROCK,https://www.billboard-japan.com/charts/detail?a=dlsongs&year=2021&month=07&day=19
2021,dlsongs,2021-07-14,39,なぁ人類,EXIT,https://www.billboard-japan.com/charts/detail?a=dlsongs&year=2021&month=07&day=19
2021,dlsongs,2021-07-14,40,グレースノート,Aimer(エメ),https://www.billboard-japan.com/charts/detail?a=dlsongs&year=2021&month=07&day=19
2021,dlsongs,2021-07-14,41,POISON〜言いたい事も言えないこんな世の中は〜,反町隆史,https://www.billboard-japan.com/charts/detail?a=dlsongs&year=2021&month=07&day=19
2021,dlsongs,2021-07-14,42,廻廻奇譚,Eve,https://www.billboard-japan.com/charts/detail?a=dlsongs&year=2021&month=07&day=19
2021,dlsongs,2021-07-14,43,うさぎの森の音楽会,Ra*bits,https://www.billboard-japan.com/charts/detail?a=dlsongs&year=2021&month=07&day=19
2021,dlsongs,2021-07-14,44,STACKiNG,BiSH,https://www.billboard-japan.com/charts/detail?a=dlsongs&year=2021&month=07&day=19
2021,dlsongs,2021-07-14,45,ゆめうつつ,米津玄師,https://www.billboard-japan.com/charts/detail?a=dlsongs&year=2021&month=07&day=19
2021,dlsongs,2021-07-14,46,Be Free -from Audition THE FIRST-,THE FIRST -BMSG Audition prod. by SKY-HI-,https://www.billboard-japan.com/charts/detail?a=dlsongs&year=2021&month=07&day=19
2021,dlsongs,2021-07-14,47,勿忘,Awesome City Club,https://www.billboard-japan.com/charts/detail?a=dlsongs&year=2021&month=07&day=19
2021,dlsongs,2021-07-14,48,ツキミソウ,Novelbright,https://www.billboard-japan.com/charts/detail?a=dlsongs&year=2021&month=07&day=19
2021,dlsongs,2021-07-14,49,猫,DISH//,https://www.billboard-japan.com/charts/detail?a=dlsongs&year=2021&month=07&day=19
2021,dlsongs,2021-07-14,50,ポリゴンウェイヴ,Perfume,https://www.billboard-japan.com/charts/detail?a=dlsongs&year=2021&month=07&day=19
2021,dlsongs,2021-07-14,51,ギラギラ,Ado,https://www.billboard-japan.com/charts/detail?a=dlsongs&year=2021&month=07&day=19
2021,dlsongs,2021-07-14,52,Freedom,JO1,https://www.billboard-japan.com/charts/detail?a=dlsongs&year=2021&month=07&day=19
2021,dlsongs,2021-07-14,53,キセキ結び,ホロライブ4期生,https://www.billboard-japan.com/charts/detail?a=dlsongs&year=2021&month=07&day=19
2021,dlsongs,2021-07-14,54,クライマックスアイランド,放課後クライマックスガールズ,https://www.billboard-japan.com/charts/detail?a=dlsongs&year=2021&month=07&day=19
2021,dlsongs,2021-07-14,55,Trigger,佐久間貴生,https://www.billboard-japan.com/charts/detail?a=dlsongs&year=2021&month=07&day=19
2021,dlsongs,2021-07-14,56,炎,LiSA,https://www.billboard-japan.com/charts/detail?a=dlsongs&year=2021&month=07&day=19
2021,dlsongs,2021-07-14,57,うまぴょい伝説,Various Artists,https://www.billboard-japan.com/charts/detail?a=dlsongs&year=2021&month=07&day=19
2021,dlsongs,2021-07-14,58,夜のピエロ,Ado,https://www.billboard-japan.com/charts/detail?a=dlsongs&year=2021&month=07&day=19
2021,dlsongs,2021-07-14,59,駆けろ,星街すいせい,https://www.billboard-japan.com/charts/detail?a=dlsongs&year=2021&month=07&day=19
2021,dlsongs,2021-07-14,60,CITRUS,Da-iCE,https://www.billboard-japan.com/charts/detail?a=dlsongs&year=2021&month=07&day=19
2021,dlsongs,2021-07-14,61,吼えろ 2021,ももいろクローバーZ with ファンキー加藤,https://www.billboard-japan.com/charts/detail?a=dlsongs&year=2021&month=07&day=19
2021,dlsongs,2021-07-14,62,マリーゴールド,あいみょん,https://www.billboard-japan.com/charts/detail?a=dlsongs&year=2021&month=07&day=19
2021,dlsongs,2021-07-14,63,春を告げる,yama,https://www.billboard-japan.com/charts/detail?a=dlsongs&year=2021&month=07&day=19
2021,dlsongs,2021-07-14,64,アンコール,YOASOBI,https://www.billboard-japan.com/charts/detail?a=dlsongs&year=2021&month=07&day=19
2021,dlsongs,2021-07-14,65,猫 〜THE FIRST TAKE ver.〜,DISH//,https://www.billboard-japan.com/charts/detail?a=dlsongs&year=2021&month=07&day=19
2021,dlsongs,2021-07-14,66,家庭の事情,ZORN,https://www.billboard-japan.com/charts/detail?a=dlsongs&year=2021&month=07&day=19
2021,dlsongs,2021-07-14,67,Bluerose,星街すいせい,https://www.billboard-japan.com/charts/detail?a=dlsongs&year=2021&month=07&day=19
2021,dlsongs,2021-07-14,68,BLUE SOULS,A_o,https://www.billboard-japan.com/charts/detail?a=dlsongs&year=2021&month=07&day=19
2021,dlsongs,2021-07-14,69,虹,菅田将暉,https://www.billboard-japan.com/charts/detail?a=dlsongs&year=2021&month=07&day=19
2021,dlsongs,2021-07-14,70,グッバイ宣言,Chinozo,https://www.billboard-japan.com/charts/detail?a=dlsongs&year=2021&month=07&day=19
2021,dlsongs,2021-07-14,71,tears,SEKAI NO OWARI,https://www.billboard-japan.com/charts/detail?a=dlsongs&year=2021&month=07&day=19
2021,dlsongs,2021-07-14,72,115万キロのフィルム,Official髭男dism,https://www.billboard-japan.com/charts/detail?a=dlsongs&year=2021&month=07&day=19
2021,dlsongs,2021-07-14,73,JUNCTION,黒崎真音,https://www.billboard-japan.com/charts/detail?a=dlsongs&year=2021&month=07&day=19
2021,dlsongs,2021-07-14,74,THE ANSWER,澤野弘之,https://www.billboard-japan.com/charts/detail?a=dlsongs&year=2021&month=07&day=19
2021,dlsongs,2021-07-14,75,INTO THE DEEP,MAN WITH A MISSION,https://www.billboard-japan.com/charts/detail?a=dlsongs&year=2021&month=07&day=19
2021,dlsongs,2021-07-14,76,One Last Kiss,宇多田ヒカル,https://www.billboard-japan.com/charts/detail?a=dlsongs&year=2021&month=07&day=19
2021,dlsongs,2021-07-14,77,Renegades,ONE OK ROCK,https://www.billboard-japan.com/charts/detail?a=dlsongs&year=2021&month=07&day=19
2021,dlsongs,2021-07-14,78,ユメヲカケル!,"""スペシャルウィーク(和氣あず未),サイレンススズカ(高野麻里佳),トウカイテイオー(Machico),ウオッカ(大橋彩香),ダイワスカーレット(木村千咲),ゴールドシップ(上田瞳),メジロマックイー",https://www.billboard-japan.com/charts/detail?a=dlsongs&year=2021&month=07&day=19
2021,dlsongs,2021-07-14,79,アトック,藍井エイル,https://www.billboard-japan.com/charts/detail?a=dlsongs&year=2021&month=07&day=19
2021,dlsongs,2021-07-14,80,Make debut!,スピカ,https://www.billboard-japan.com/charts/detail?a=dlsongs&year=2021&month=07&day=19
2021,dlsongs,2021-07-14,81,アイノカタチ feat.HIDE(GReeeeN),MISIA,https://www.billboard-japan.com/charts/detail?a=dlsongs&year=2021&month=07&day=19
2021,dlsongs,2021-07-14,82,キミだけのメロディ,角巻わため,https://www.billboard-japan.com/charts/detail?a=dlsongs&year=2021&month=07&day=19
2021,dlsongs,2021-07-14,83,Love is ?,GENERATIONS from EXILE TRIBE,https://www.billboard-japan.com/charts/detail?a=dlsongs&year=2021&month=07&day=19
2021,dlsongs,2021-07-14,83,ハルジオン,YOASOBI,https://www.billboard-japan.com/charts/detail?a=dlsongs&year=2021&month=07&day=19
2021,dlsongs,2021-07-14,85,優しい彗星,YOASOBI,https://www.billboard-japan.com/charts/detail?a=dlsongs&year=2021&month=07&day=19
2021,dlsongs,2021-07-14,86,ユー・フォー・ミー feat. リタ・オラ,シガーラ,https://www.billboard-japan.com/charts/detail?a=dlsongs&year=2021&month=07&day=19
2021,dlsongs,2021-07-14,87,あなたがいることで,Uru,https://www.billboard-japan.com/charts/detail?a=dlsongs&year=2021&month=07&day=19
2021,dlsongs,2021-07-14,88,ヴァンパイア,DECO*27,https://www.billboard-japan.com/charts/detail?a=dlsongs&year=2021&month=07&day=19
2021,dlsongs,2021-07-14,89,君はロックを聴かない,あいみょん,https://www.billboard-japan.com/charts/detail?a=dlsongs&year=2021&month=07&day=19
2021,dlsongs,2021-07-14,90,Pretender,Official髭男dism,https://www.billboard-japan.com/charts/detail?a=dlsongs&year=2021&month=07&day=19
2021,dlsongs,2021-07-14,91,I LOVE…,Official髭男dism,https://www.billboard-japan.com/charts/detail?a=dlsongs&year=2021&month=07&day=19
2021,dlsongs,2021-07-14,92,ツバサ,アンダーグラフ,https://www.billboard-japan.com/charts/detail?a=dlsongs&year=2021&month=07&day=19
2021,dlsongs,2021-07-14,93,Forget Me Not,ENHYPEN,https://www.billboard-japan.com/charts/detail?a=dlsongs&year=2021&month=07&day=19
2021,dlsongs,2021-07-14,94,愛のシュプリーム!,fhana,https://www.billboard-japan.com/charts/detail?a=dlsongs&year=2021&month=07&day=19
2021,dlsongs,2021-07-14,95,その先の光へ,岡野昭仁,https://www.billboard-japan.com/charts/detail?a=dlsongs&year=2021&month=07&day=19
2021,dlsongs,2021-07-14,95,Dream on,宮野真守,https://www.billboard-japan.com/charts/detail?a=dlsongs&year=2021&month=07&day=19
2021,dlsongs,2021-07-14,97,comet,星街すいせい,https://www.billboard-japan.com/charts/detail?a=dlsongs&year=2021&month=07&day=19
2021,dlsongs,2021-07-14,98,YOKAZE,変態紳士クラブ,https://www.billboard-japan.com/charts/detail?a=dlsongs&year=2021&month=07&day=19
2021,dlsongs,2021-07-14,99,バッド・ハビッツ,エド・シーラン,https://www.billboard-japan.com/charts/detail?a=dlsongs&year=2021&month=07&day=19
2021,dlsongs,2021-07-14,99,紅蓮華,LiSA,https://www.billboard-japan.com/charts/detail?a=dlsongs&year=2021&month=07&day=19
2021,dlsongs,2021-07-21,1,U,millennium parade × Belle,https://www.billboard-japan.com/charts/detail?a=dlsongs&year=2021&month=07&day=26
2021,dlsongs,2021-07-21,2,Permission to Dance,BTS,https://www.billboard-japan.com/charts/detail?a=dlsongs&year=2021&month=07&day=26
2021,dlsongs,2021-07-21,3,SMILE〜晴れ渡る空のように〜,桑田佳祐,https://www.billboard-japan.com/charts/detail?a=dlsongs&year=2021&month=07&day=26
2021,dlsongs,2021-07-21,4,三原色,YOASOBI,https://www.billboard-japan.com/charts/detail?a=dlsongs&year=2021&month=07&day=26
2021,dlsongs,2021-07-21,5,Cry Baby,Official髭男dism,https://www.billboard-japan.com/charts/detail?a=dlsongs&year=2021&month=07&day=26
2021,dlsongs,2021-07-21,6,ドライフラワー,優里,https://www.billboard-japan.com/charts/detail?a=dlsongs&year=2021&month=07&day=26
2021,dlsongs,2021-07-21,7,歌よ,Belle,https://www.billboard-japan.com/charts/detail?a=dlsongs&year=2021&month=07&day=26
2021,dlsongs,2021-07-21,8,Butter,BTS,https://www.billboard-japan.com/charts/detail?a=dlsongs&year=2021&month=07&day=26
2021,dlsongs,2021-07-21,9,Merry-Go-Round,MAN WITH A MISSION,https://www.billboard-japan.com/charts/detail?a=dlsongs&year=2021&month=07&day=26
2021,dlsongs,2021-07-21,10,夜に駆ける,YOASOBI,https://www.billboard-japan.com/charts/detail?a=dlsongs&year=2021&month=07&day=26
2021,dlsongs,2021-07-21,11,天球、彗星は夜を跨いで,星街すいせい,https://www.billboard-japan.com/charts/detail?a=dlsongs&year=2021&month=07&day=26
2021,dlsongs,2021-07-21,12,指先のアリアドネ,Crazy:B,https://www.billboard-japan.com/charts/detail?a=dlsongs&year=2021&month=07&day=26
2021,dlsongs,2021-07-21,13,駆けろ,星街すいせい,https://www.billboard-japan.com/charts/detail?a=dlsongs&year=2021&month=07&day=26
2021,dlsongs,2021-07-21,14,Hang out!,Division All Stars,https://www.billboard-japan.com/charts/detail?a=dlsongs&year=2021&month=07&day=26
2021,dlsongs,2021-07-21,15,愛のシュプリーム!,fhana,https://www.billboard-japan.com/charts/detail?a=dlsongs&year=2021&month=07&day=26
2021,dlsongs,2021-07-21,16,閃光,[Alexandros],https://www.billboard-japan.com/charts/detail?a=dlsongs&year=2021&month=07&day=26
2021,dlsongs,2021-07-21,17,Noisy:Beep,Crazy:B,https://www.billboard-japan.com/charts/detail?a=dlsongs&year=2021&month=07&day=26
2021,dlsongs,2021-07-21,18,Ordinary days,milet,https://www.billboard-japan.com/charts/detail?a=dlsongs&year=2021&month=07&day=26
2021,dlsongs,2021-07-21,19,エナジーソング〜絶好調超!!!!〜,嵐,https://www.billboard-japan.com/charts/detail?a=dlsongs&year=2021&month=07&day=26
2021,dlsongs,2021-07-21,20,Pale Blue,米津玄師,https://www.billboard-japan.com/charts/detail?a=dlsongs&year=2021&month=07&day=26
2021,dlsongs,2021-07-21,21,虹,二宮和也,https://www.billboard-japan.com/charts/detail?a=dlsongs&year=2021&month=07&day=26
2021,dlsongs,2021-07-21,22,Starting Now 〜新しい私へ,清水美依紗,https://www.billboard-japan.com/charts/detail?a=dlsongs&year=2021&month=07&day=26
2021,dlsongs,2021-07-21,23,Curtain Call feat.Taka,清水翔太,https://www.billboard-japan.com/charts/detail?a=dlsongs&year=2021&month=07&day=26
2021,dlsongs,2021-07-21,24,JSB IN BLACK,三代目 J SOUL BROTHERS from EXILE TRIBE,https://www.billboard-japan.com/charts/detail?a=dlsongs&year=2021&month=07&day=26
2021,dlsongs,2021-07-21,25,怪物,YOASOBI,https://www.billboard-japan.com/charts/detail?a=dlsongs&year=2021&month=07&day=26
2021,dlsongs,2021-07-21,26,セクシャルバイオレットNo.1,B'z,https://www.billboard-japan.com/charts/detail?a=dlsongs&year=2021&month=07&day=26
2021,dlsongs,2021-07-21,27,Dynamite,BTS,https://www.billboard-japan.com/charts/detail?a=dlsongs&year=2021&month=07&day=26
2021,dlsongs,2021-07-21,28,踊,Ado,https://www.billboard-japan.com/charts/detail?a=dlsongs&year=2021&month=07&day=26
2021,dlsongs,2021-07-21,29,ファイトソング,嵐,https://www.billboard-japan.com/charts/detail?a=dlsongs&year=2021&month=07&day=26
2021,dlsongs,2021-07-21,30,Harmony 4 You,765 MILLION ALLSTARS,https://www.billboard-japan.com/charts/detail?a=dlsongs&year=2021&month=07&day=26
2021,dlsongs,2021-07-21,31,うっせぇわ,Ado,https://www.billboard-japan.com/charts/detail?a=dlsongs&year=2021&month=07&day=26
2021,dlsongs,2021-07-21,32,Still...,嵐,https://www.billboard-japan.com/charts/detail?a=dlsongs&year=2021&month=07&day=26
2021,dlsongs,2021-07-21,33,勿忘,Awesome City Club,https://www.billboard-japan.com/charts/detail?a=dlsongs&year=2021&month=07&day=26
2021,dlsongs,2021-07-21,34,Growing Smiles!,315 ALLSTARS,https://www.billboard-japan.com/charts/detail?a=dlsongs&year=2021&month=07&day=26
2021,dlsongs,2021-07-21,35,曇りのち、快晴,矢野健太 starring Satoshi Ohno,https://www.billboard-japan.com/charts/detail?a=dlsongs&year=2021&month=07&day=26
2021,dlsongs,2021-07-21,36,Attack it!,嵐,https://www.billboard-japan.com/charts/detail?a=dlsongs&year=2021&month=07&day=26
2021,dlsongs,2021-07-21,37,3時12分,TAKU INOUE&星街すいせい,https://www.billboard-japan.com/charts/detail?a=dlsongs&year=2021&month=07&day=26
2021,dlsongs,2021-07-21,38,不思議,星野源,https://www.billboard-japan.com/charts/detail?a=dlsongs&year=2021&month=07&day=26
2021,dlsongs,2021-07-21,39,なないろ,BUMP OF CHICKEN,https://www.billboard-japan.com/charts/detail?a=dlsongs&year=2021&month=07&day=26
2021,dlsongs,2021-07-21,40,きらり,藤井風,https://www.billboard-japan.com/charts/detail?a=dlsongs&year=2021&month=07&day=26
2021,dlsongs,2021-07-21,41,拝啓タイムカプセル,放課後クライマックスガールズ,https://www.billboard-japan.com/charts/detail?a=dlsongs&year=2021&month=07&day=26
2021,dlsongs,2021-07-21,42,Smile Again,TRIGGER,https://www.billboard-japan.com/charts/detail?a=dlsongs&year=2021&month=07&day=26
2021,dlsongs,2021-07-21,43,Super Summer,NiziU,https://www.billboard-japan.com/charts/detail?a=dlsongs&year=2021&month=07&day=26
2021,dlsongs,2021-07-21,44,season,嵐,https://www.billboard-japan.com/charts/detail?a=dlsongs&year=2021&month=07&day=26
2021,dlsongs,2021-07-21,45,死神,米津玄師,https://www.billboard-japan.com/charts/detail?a=dlsongs&year=2021&month=07&day=26
2021,dlsongs,2021-07-21,46,花占い,Vaundy,https://www.billboard-japan.com/charts/detail?a=dlsongs&year=2021&month=07&day=26
2021,dlsongs,2021-07-21,47,もう少しだけ,YOASOBI,https://www.billboard-japan.com/charts/detail?a=dlsongs&year=2021&month=07&day=26
2021,dlsongs,2021-07-21,48,Song for me,大野智,https://www.billboard-japan.com/charts/detail?a=dlsongs&year=2021&month=07&day=26
2021,dlsongs,2021-07-21,49,愛を知るまでは,あいみょん,https://www.billboard-japan.com/charts/detail?a=dlsongs&year=2021&month=07&day=26
2021,dlsongs,2021-07-21,50,群青,YOASOBI,https://www.billboard-japan.com/charts/detail?a=dlsongs&year=2021&month=07&day=26
2021,dlsongs,2021-07-21,51,怪盗,back number,https://www.billboard-japan.com/charts/detail?a=dlsongs&year=2021&month=07&day=26
2021,dlsongs,2021-07-21,52,つよがり,松下洸平,https://www.billboard-japan.com/charts/detail?a=dlsongs&year=2021&month=07&day=26
2021,dlsongs,2021-07-21,53,BLUE SOULS,A_o,https://www.billboard-japan.com/charts/detail?a=dlsongs&year=2021&month=07&day=26
2021,dlsongs,2021-07-21,54,Take me faraway,大野智,https://www.billboard-japan.com/charts/detail?a=dlsongs&year=2021&month=07&day=26
2021,dlsongs,2021-07-21,55,シャッター,優里,https://www.billboard-japan.com/charts/detail?a=dlsongs&year=2021&month=07&day=26
2021,dlsongs,2021-07-21,56,サンシャインガール,ケツメイシ,https://www.billboard-japan.com/charts/detail?a=dlsongs&year=2021&month=07&day=26
2021,dlsongs,2021-07-21,57,告白,MY FIRST STORY,https://www.billboard-japan.com/charts/detail?a=dlsongs&year=2021&month=07&day=26
2021,dlsongs,2021-07-21,58,Bloodlines〜運命の血統〜,JAM Project,https://www.billboard-japan.com/charts/detail?a=dlsongs&year=2021&month=07&day=26
2021,dlsongs,2021-07-21,59,名前を呼ぶよ,SUPER BEAVER,https://www.billboard-japan.com/charts/detail?a=dlsongs&year=2021&month=07&day=26
2021,dlsongs,2021-07-21,60,Perfect World,TWICE,https://www.billboard-japan.com/charts/detail?a=dlsongs&year=2021&month=07&day=26
2021,dlsongs,2021-07-21,61,壽歌(ほぎうた),刀剣男士大編成壽2021,https://www.billboard-japan.com/charts/detail?a=dlsongs&year=2021&month=07&day=26
2021,dlsongs,2021-07-21,62,クライマックスアイランド,放課後クライマックスガールズ,https://www.billboard-japan.com/charts/detail?a=dlsongs&year=2021&month=07&day=26
2021,dlsongs,2021-07-21,63,あいつら全員同窓会,ずっと真夜中でいいのに。,https://www.billboard-japan.com/charts/detail?a=dlsongs&year=2021&month=07&day=26
2021,dlsongs,2021-07-21,64,Mela!,緑黄色社会,https://www.billboard-japan.com/charts/detail?a=dlsongs&year=2021&month=07&day=26
2021,dlsongs,2021-07-21,65,廻廻奇譚,Eve,https://www.billboard-japan.com/charts/detail?a=dlsongs&year=2021&month=07&day=26
2021,dlsongs,2021-07-21,66,ギラギラ,Ado,https://www.billboard-japan.com/charts/detail?a=dlsongs&year=2021&month=07&day=26
2021,dlsongs,2021-07-21,67,猫,DISH//,https://www.billboard-japan.com/charts/detail?a=dlsongs&year=2021&month=07&day=26
2021,dlsongs,2021-07-21,68,めいど・うぃず・どらごんず,スーパーちょろゴンず,https://www.billboard-japan.com/charts/detail?a=dlsongs&year=2021&month=07&day=26
2021,dlsongs,2021-07-21,69,Caesura of Despair,IRyS,https://www.billboard-japan.com/charts/detail?a=dlsongs&year=2021&month=07&day=26
2021,dlsongs,2021-07-21,70,To The First,SKY-HI,https://www.billboard-japan.com/charts/detail?a=dlsongs&year=2021&month=07&day=26
2021,dlsongs,2021-07-21,71,FALLIN' LOVE=IT'S WONDERLAND,Ra*bits,https://www.billboard-japan.com/charts/detail?a=dlsongs&year=2021&month=07&day=26
2021,dlsongs,2021-07-21,72,Gimmick Game,二宮和也,https://www.billboard-japan.com/charts/detail?a=dlsongs&year=2021&month=07&day=26
2021,dlsongs,2021-07-21,73,お気に召すまま,嵐,https://www.billboard-japan.com/charts/detail?a=dlsongs&year=2021&month=07&day=26
2021,dlsongs,2021-07-21,74,Ready Steady,Vivid BAD SQUAD,https://www.billboard-japan.com/charts/detail?a=dlsongs&year=2021&month=07&day=26
2021,dlsongs,2021-07-21,75,Trigger,佐久間貴生,https://www.billboard-japan.com/charts/detail?a=dlsongs&year=2021&month=07&day=26
2021,dlsongs,2021-07-21,76,I'm a mess,MY FIRST STORY,https://www.billboard-japan.com/charts/detail?a=dlsongs&year=2021&month=07&day=26
2021,dlsongs,2021-07-21,77,うまぴょい伝説,Various Artists,https://www.billboard-japan.com/charts/detail?a=dlsongs&year=2021&month=07&day=26
2021,dlsongs,2021-07-21,78,炎,LiSA,https://www.billboard-japan.com/charts/detail?a=dlsongs&year=2021&month=07&day=26
2021,dlsongs,2021-07-21,79,廻廻奇譚,MY FIRST STORY,https://www.billboard-japan.com/charts/detail?a=dlsongs&year=2021&month=07&day=26
2021,dlsongs,2021-07-21,80,慈雨のくちづけ,シド,https://www.billboard-japan.com/charts/detail?a=dlsongs&year=2021&month=07&day=26
2021,dlsongs,2021-07-21,81,Find Me Out,鞘師里保,https://www.billboard-japan.com/charts/detail?a=dlsongs&year=2021&month=07&day=26
2021,dlsongs,2021-07-21,82,CITRUS,Da-iCE,https://www.billboard-japan.com/charts/detail?a=dlsongs&year=2021&month=07&day=26
2021,dlsongs,2021-07-21,83,猫 〜THE FIRST TAKE ver.〜,DISH//,https://www.billboard-japan.com/charts/detail?a=dlsongs&year=2021&month=07&day=26
2021,dlsongs,2021-07-21,84,yonder,山本彩,https://www.billboard-japan.com/charts/detail?a=dlsongs&year=2021&month=07&day=26
2021,dlsongs,2021-07-21,85,YOKAZE,変態紳士クラブ,https://www.billboard-japan.com/charts/detail?a=dlsongs&year=2021&month=07&day=26
2021,dlsongs,2021-07-21,86,Runaway,DEAN FUJIOKA,https://www.billboard-japan.com/charts/detail?a=dlsongs&year=2021&month=07&day=26
2021,dlsongs,2021-07-21,87,初恋,神はサイコロを振らない × アユニ・D(BiSH/PEDRO) × n-buna from ヨルシカ,https://www.billboard-japan.com/charts/detail?a=dlsongs&year=2021&month=07&day=26
2021,dlsongs,2021-07-21,88,マリーゴールド,あいみょん,https://www.billboard-japan.com/charts/detail?a=dlsongs&year=2021&month=07&day=26
2021,dlsongs,2021-07-21,89,Bluerose,星街すいせい,https://www.billboard-japan.com/charts/detail?a=dlsongs&year=2021&month=07&day=26
2021,dlsongs,2021-07-21,90,5×10,嵐,https://www.billboard-japan.com/charts/detail?a=dlsongs&year=2021&month=07&day=26
2021,dlsongs,2021-07-21,91,ゆめうつつ,米津玄師,https://www.billboard-japan.com/charts/detail?a=dlsongs&year=2021&month=07&day=26
2021,dlsongs,2021-07-21,92,魔法の絨毯,川崎鷹也,https://www.billboard-japan.com/charts/detail?a=dlsongs&year=2021&month=07&day=26
2021,dlsongs,2021-07-21,93,ツキミソウ,Novelbright,https://www.billboard-japan.com/charts/detail?a=dlsongs&year=2021&month=07&day=26
2021,dlsongs,2021-07-21,94,愛のシュプリーム! (スーパーちょろゴンず ver.),スーパーちょろゴンず,https://www.billboard-japan.com/charts/detail?a=dlsongs&year=2021&month=07&day=26
2021,dlsongs,2021-07-21,95,La tormenta 2004,嵐,https://www.billboard-japan.com/charts/detail?a=dlsongs&year=2021&month=07&day=26
2021,dlsongs,2021-07-21,96,まほろばに,刀剣男士大編成壽2021,https://www.billboard-japan.com/charts/detail?a=dlsongs&year=2021&month=07&day=26
2021,dlsongs,2021-07-21,97,花,嵐,https://www.billboard-japan.com/charts/detail?a=dlsongs&year=2021&month=07&day=26
2021,dlsongs,2021-07-21,98,僕が僕のすべて,嵐,https://www.billboard-japan.com/charts/detail?a=dlsongs&year=2021&month=07&day=26
2021,dlsongs,2021-07-21,99,グッバイ宣言,Chinozo,https://www.billboard-japan.com/charts/detail?a=dlsongs&year=2021&month=07&day=26
2021,dlsongs,2021-07-21,100,PLACES,TRIGGER,https://www.billboard-japan.com/charts/detail?a=dlsongs&year=2021&month=07&day=26
2021,dlsongs,2021-07-28,1,U,millennium parade × Belle,https://www.billboard-japan.com/charts/detail?a=dlsongs&year=2021&month=08&day=02
2021,dlsongs,2021-07-28,2,Permission to Dance,BTS,https://www.billboard-japan.com/charts/detail?a=dlsongs&year=2021&month=08&day=02
2021,dlsongs,2021-07-28,3,歌よ,Belle,https://www.billboard-japan.com/charts/detail?a=dlsongs&year=2021&month=08&day=02
2021,dlsongs,2021-07-28,4,三原色,YOASOBI,https://www.billboard-japan.com/charts/detail?a=dlsongs&year=2021&month=08&day=02
2021,dlsongs,2021-07-28,5,心のそばに,Belle,https://www.billboard-japan.com/charts/detail?a=dlsongs&year=2021&month=08&day=02
2021,dlsongs,2021-07-28,6,To The First -from Audition THE FIRST-,THE FIRST -BMSG Audition prod. by SKY-HI-,https://www.billboard-japan.com/charts/detail?a=dlsongs&year=2021&month=08&day=02
2021,dlsongs,2021-07-28,7,Cry Baby,Official髭男dism,https://www.billboard-japan.com/charts/detail?a=dlsongs&year=2021&month=08&day=02
2021,dlsongs,2021-07-28,8,SMILE〜晴れ渡る空のように〜,桑田佳祐,https://www.billboard-japan.com/charts/detail?a=dlsongs&year=2021&month=08&day=02
2021,dlsongs,2021-07-28,9,ドライフラワー,優里,https://www.billboard-japan.com/charts/detail?a=dlsongs&year=2021&month=08&day=02
2021,dlsongs,2021-07-28,10,Butter,BTS,https://www.billboard-japan.com/charts/detail?a=dlsongs&year=2021&month=08&day=02
2021,dlsongs,2021-07-28,11,potatoになっていく,ワンダーランズ×ショウタイム,https://www.billboard-japan.com/charts/detail?a=dlsongs&year=2021&month=08&day=02
2021,dlsongs,2021-07-28,12,閃光,[Alexandros],https://www.billboard-japan.com/charts/detail?a=dlsongs&year=2021&month=08&day=02
2021,dlsongs,2021-07-28,13,セカイはまだ始まってすらいない,ワンダーランズ×ショウタイム,https://www.billboard-japan.com/charts/detail?a=dlsongs&year=2021&month=08&day=02
2021,dlsongs,2021-07-28,14,セクシャルバイオレットNo.1,B'z,https://www.billboard-japan.com/charts/detail?a=dlsongs&year=2021&month=08&day=02
2021,dlsongs,2021-07-28,15,愛のシュプリーム!,fhana,https://www.billboard-japan.com/charts/detail?a=dlsongs&year=2021&month=08&day=02
2021,dlsongs,2021-07-28,16,夜に駆ける,YOASOBI,https://www.billboard-japan.com/charts/detail?a=dlsongs&year=2021&month=08&day=02
2021,dlsongs,2021-07-28,17,Merry-Go-Round,MAN WITH A MISSION,https://www.billboard-japan.com/charts/detail?a=dlsongs&year=2021&month=08&day=02
2021,dlsongs,2021-07-28,18,TWILIGHT,RADWIMPS,https://www.billboard-japan.com/charts/detail?a=dlsongs&year=2021&month=08&day=02
2021,dlsongs,2021-07-28,19,Dynamite,BTS,https://www.billboard-japan.com/charts/detail?a=dlsongs&year=2021&month=08&day=02
2021,dlsongs,2021-07-28,20,Curtain Call feat.Taka,清水翔太,https://www.billboard-japan.com/charts/detail?a=dlsongs&year=2021&month=08&day=02
2021,dlsongs,2021-07-28,21,怪物,YOASOBI,https://www.billboard-japan.com/charts/detail?a=dlsongs&year=2021&month=08&day=02
2021,dlsongs,2021-07-28,22,Pale Blue,米津玄師,https://www.billboard-japan.com/charts/detail?a=dlsongs&year=2021&month=08&day=02
2021,dlsongs,2021-07-28,23,告白,MY FIRST STORY,https://www.billboard-japan.com/charts/detail?a=dlsongs&year=2021&month=08&day=02
2021,dlsongs,2021-07-28,24,Ordinary days,milet,https://www.billboard-japan.com/charts/detail?a=dlsongs&year=2021&month=08&day=02
2021,dlsongs,2021-07-28,25,カイト,嵐,https://www.billboard-japan.com/charts/detail?a=dlsongs&year=2021&month=08&day=02
2021,dlsongs,2021-07-28,26,なないろ,BUMP OF CHICKEN,https://www.billboard-japan.com/charts/detail?a=dlsongs&year=2021&month=08&day=02
2021,dlsongs,2021-07-28,27,踊,Ado,https://www.billboard-japan.com/charts/detail?a=dlsongs&year=2021&month=08&day=02
2021,dlsongs,2021-07-28,28,うっせぇわ,Ado,https://www.billboard-japan.com/charts/detail?a=dlsongs&year=2021&month=08&day=02
2021,dlsongs,2021-07-28,29,きらり,藤井風,https://www.billboard-japan.com/charts/detail?a=dlsongs&year=2021&month=08&day=02
2021,dlsongs,2021-07-28,30,群青,YOASOBI,https://www.billboard-japan.com/charts/detail?a=dlsongs&year=2021&month=08&day=02
2021,dlsongs,2021-07-28,31,虹,菅田将暉,https://www.billboard-japan.com/charts/detail?a=dlsongs&year=2021&month=08&day=02
2021,dlsongs,2021-07-28,32,START!! True dreams,Liella!,https://www.billboard-japan.com/charts/detail?a=dlsongs&year=2021&month=08&day=02
2021,dlsongs,2021-07-28,33,もう少しだけ,YOASOBI,https://www.billboard-japan.com/charts/detail?a=dlsongs&year=2021&month=08&day=02
2021,dlsongs,2021-07-28,34,Permission to Dance (R&B Remix),BTS,https://www.billboard-japan.com/charts/detail?a=dlsongs&year=2021&month=08&day=02
2021,dlsongs,2021-07-28,35,愛を知るまでは,あいみょん,https://www.billboard-japan.com/charts/detail?a=dlsongs&year=2021&month=08&day=02
2021,dlsongs,2021-07-28,36,虹,二宮和也,https://www.billboard-japan.com/charts/detail?a=dlsongs&year=2021&month=08&day=02
2021,dlsongs,2021-07-28,37,怪盗,back number,https://www.billboard-japan.com/charts/detail?a=dlsongs&year=2021&month=08&day=02
2021,dlsongs,2021-07-28,38,勿忘,Awesome City Club,https://www.billboard-japan.com/charts/detail?a=dlsongs&year=2021&month=08&day=02
2021,dlsongs,2021-07-28,39,うまぴょい伝説,Various Artists,https://www.billboard-japan.com/charts/detail?a=dlsongs&year=2021&month=08&day=02
2021,dlsongs,2021-07-28,40,廻廻奇譚,Eve,https://www.billboard-japan.com/charts/detail?a=dlsongs&year=2021&month=08&day=02
2021,dlsongs,2021-07-28,41,不思議,星野源,https://www.billboard-japan.com/charts/detail?a=dlsongs&year=2021&month=08&day=02
2021,dlsongs,2021-07-28,42,エナジーソング〜絶好調超!!!!〜,嵐,https://www.billboard-japan.com/charts/detail?a=dlsongs&year=2021&month=08&day=02
2021,dlsongs,2021-07-28,43,猫,DISH//,https://www.billboard-japan.com/charts/detail?a=dlsongs&year=2021&month=08&day=02
2021,dlsongs,2021-07-28,44,ライフスコール,Novelbright,https://www.billboard-japan.com/charts/detail?a=dlsongs&year=2021&month=08&day=02
2021,dlsongs,2021-07-28,45,ポケットに宇宙,Ra*bits×Double Face,https://www.billboard-japan.com/charts/detail?a=dlsongs&year=2021&month=08&day=02
2021,dlsongs,2021-07-28,46,Starting Now 〜新しい私へ,清水美依紗,https://www.billboard-japan.com/charts/detail?a=dlsongs&year=2021&month=08&day=02
2021,dlsongs,2021-07-28,47,wi(l)d-screen baroque,大場なな(小泉萌香),https://www.billboard-japan.com/charts/detail?a=dlsongs&year=2021&month=08&day=02
2021,dlsongs,2021-07-28,48,名前を呼ぶよ,SUPER BEAVER,https://www.billboard-japan.com/charts/detail?a=dlsongs&year=2021&month=08&day=02
2021,dlsongs,2021-07-28,49,Mela!,緑黄色社会,https://www.billboard-japan.com/charts/detail?a=dlsongs&year=2021&month=08&day=02
2021,dlsongs,2021-07-28,50,指先のアリアドネ,Crazy:B,https://www.billboard-japan.com/charts/detail?a=dlsongs&year=2021&month=08&day=02
2021,dlsongs,2021-07-28,51,Trigger,佐久間貴生,https://www.billboard-japan.com/charts/detail?a=dlsongs&year=2021&month=08&day=02
2021,dlsongs,2021-07-28,52,猫 〜THE FIRST TAKE ver.〜,DISH//,https://www.billboard-japan.com/charts/detail?a=dlsongs&year=2021&month=08&day=02
2021,dlsongs,2021-07-28,52,死神,米津玄師,https://www.billboard-japan.com/charts/detail?a=dlsongs&year=2021&month=08&day=02
2021,dlsongs,2021-07-28,54,HELLO HORIZON,水瀬いのり,https://www.billboard-japan.com/charts/detail?a=dlsongs&year=2021&month=08&day=02
2021,dlsongs,2021-07-28,55,6月のプレリュード,町田ちま,https://www.billboard-japan.com/charts/detail?a=dlsongs&year=2021&month=08&day=02
2021,dlsongs,2021-07-28,56,FOREVER,L'Arc〜en〜Ciel,https://www.billboard-japan.com/charts/detail?a=dlsongs&year=2021&month=08&day=02
2021,dlsongs,2021-07-28,57,Hang out!,Division All Stars,https://www.billboard-japan.com/charts/detail?a=dlsongs&year=2021&month=08&day=02
2021,dlsongs,2021-07-28,58,YY,ロイ-ROE-,https://www.billboard-japan.com/charts/detail?a=dlsongs&year=2021&month=08&day=02
2021,dlsongs,2021-07-28,59,ファイトソング,嵐,https://www.billboard-japan.com/charts/detail?a=dlsongs&year=2021&month=08&day=02
2021,dlsongs,2021-07-28,60,Colorful,Colorful,https://www.billboard-japan.com/charts/detail?a=dlsongs&year=2021&month=08&day=02
2021,dlsongs,2021-07-28,61,僕のこと,Mrs.GREEN APPLE,https://www.billboard-japan.com/charts/detail?a=dlsongs&year=2021&month=08&day=02
2021,dlsongs,2021-07-28,62,あいつら全員同窓会,ずっと真夜中でいいのに。,https://www.billboard-japan.com/charts/detail?a=dlsongs&year=2021&month=08&day=02
2021,dlsongs,2021-07-28,63,炎,LiSA,https://www.billboard-japan.com/charts/detail?a=dlsongs&year=2021&month=08&day=02
2021,dlsongs,2021-07-28,64,Still...,嵐,https://www.billboard-japan.com/charts/detail?a=dlsongs&year=2021&month=08&day=02
2021,dlsongs,2021-07-28,65,道 DOUBLE Ver.,嵐,https://www.billboard-japan.com/charts/detail?a=dlsongs&year=2021&month=08&day=02
2021,dlsongs,2021-07-28,66,Deja Vu,DEEP SQUAD,https://www.billboard-japan.com/charts/detail?a=dlsongs&year=2021&month=08&day=02
2021,dlsongs,2021-07-28,67,ギラギラ,Ado,https://www.billboard-japan.com/charts/detail?a=dlsongs&year=2021&month=08&day=02
2021,dlsongs,2021-07-28,68,シャッター,優里,https://www.billboard-japan.com/charts/detail?a=dlsongs&year=2021&month=08&day=02
2021,dlsongs,2021-07-28,69,I'm a mess,MY FIRST STORY,https://www.billboard-japan.com/charts/detail?a=dlsongs&year=2021&month=08&day=02
2021,dlsongs,2021-07-28,70,廻廻奇譚,MY FIRST STORY,https://www.billboard-japan.com/charts/detail?a=dlsongs&year=2021&month=08&day=02
2021,dlsongs,2021-07-28,71,Hello Goodbye,相葉雅紀,https://www.billboard-japan.com/charts/detail?a=dlsongs&year=2021&month=08&day=02
2021,dlsongs,2021-07-28,72,Hip Pop Boogie,櫻井翔,https://www.billboard-japan.com/charts/detail?a=dlsongs&year=2021&month=08&day=02
2021,dlsongs,2021-07-28,73,花占い,Vaundy,https://www.billboard-japan.com/charts/detail?a=dlsongs&year=2021&month=08&day=02
2021,dlsongs,2021-07-28,74,Drip Drop,MA55IVE THE RAMPAGE,https://www.billboard-japan.com/charts/detail?a=dlsongs&year=2021&month=08&day=02
2021,dlsongs,2021-07-28,75,Super Summer,NiziU,https://www.billboard-japan.com/charts/detail?a=dlsongs&year=2021&month=08&day=02
2021,dlsongs,2021-07-28,76,Perfect World,TWICE,https://www.billboard-japan.com/charts/detail?a=dlsongs&year=2021&month=08&day=02
2021,dlsongs,2021-07-28,77,Noisy:Beep,Crazy:B,https://www.billboard-japan.com/charts/detail?a=dlsongs&year=2021&month=08&day=02
2021,dlsongs,2021-07-28,78,CITRUS,Da-iCE,https://www.billboard-japan.com/charts/detail?a=dlsongs&year=2021&month=08&day=02
2021,dlsongs,2021-07-28,79,voice,嵐,https://www.billboard-japan.com/charts/detail?a=dlsongs&year=2021&month=08&day=02
2021,dlsongs,2021-07-28,80,Be Free -from Audition THE FIRST-,THE FIRST -BMSG Audition prod. by SKY-HI-,https://www.billboard-japan.com/charts/detail?a=dlsongs&year=2021&month=08&day=02
2021,dlsongs,2021-07-28,81,めいど・うぃず・どらごんず,スーパーちょろゴンず,https://www.billboard-japan.com/charts/detail?a=dlsongs&year=2021&month=08&day=02
2021,dlsongs,2021-07-28,82,Yabai-Yabai-Yabai,松本潤,https://www.billboard-japan.com/charts/detail?a=dlsongs&year=2021&month=08&day=02
2021,dlsongs,2021-07-28,83,Attack it!,嵐,https://www.billboard-japan.com/charts/detail?a=dlsongs&year=2021&month=08&day=02
2021,dlsongs,2021-07-28,84,101,三月のパンタシア,https://www.billboard-japan.com/charts/detail?a=dlsongs&year=2021&month=08&day=02
2021,dlsongs,2021-07-28,85,みんながみんな英雄,AI,https://www.billboard-japan.com/charts/detail?a=dlsongs&year=2021&month=08&day=02
2021,dlsongs,2021-07-28,86,マリーゴールド,あいみょん,https://www.billboard-japan.com/charts/detail?a=dlsongs&year=2021&month=08&day=02
2021,dlsongs,2021-07-28,87,愛のシュプリーム! (スーパーちょろゴンず ver.),スーパーちょろゴンず,https://www.billboard-japan.com/charts/detail?a=dlsongs&year=2021&month=08&day=02
2021,dlsongs,2021-07-28,88,ギャンブル,syudou,https://www.billboard-japan.com/charts/detail?a=dlsongs&year=2021&month=08&day=02
2021,dlsongs,2021-07-28,89,スケッチ,嵐,https://www.billboard-japan.com/charts/detail?a=dlsongs&year=2021&month=08&day=02
2021,dlsongs,2021-07-28,90,One Last Kiss,宇多田ヒカル,https://www.billboard-japan.com/charts/detail?a=dlsongs&year=2021&month=08&day=02
2021,dlsongs,2021-07-28,91,season,嵐,https://www.billboard-japan.com/charts/detail?a=dlsongs&year=2021&month=08&day=02
2021,dlsongs,2021-07-28,92,モノクロ,嵐,https://www.billboard-japan.com/charts/detail?a=dlsongs&year=2021&month=08&day=02
2021,dlsongs,2021-07-28,93,プロローグ feat.Aimer,清水翔太,https://www.billboard-japan.com/charts/detail?a=dlsongs&year=2021&month=08&day=02
2021,dlsongs,2021-07-28,94,Love Wonderland,嵐,https://www.billboard-japan.com/charts/detail?a=dlsongs&year=2021&month=08&day=02
2021,dlsongs,2021-07-28,95,ピーターパン,優里,https://www.billboard-japan.com/charts/detail?a=dlsongs&year=2021&month=08&day=02
2021,dlsongs,2021-07-28,96,ともに,WANIMA,https://www.billboard-japan.com/charts/detail?a=dlsongs&year=2021&month=08&day=02
2021,dlsongs,2021-07-28,97,Bloodlines〜運命の血統〜,JAM Project,https://www.billboard-japan.com/charts/detail?a=dlsongs&year=2021&month=08&day=02
2021,dlsongs,2021-07-28,98,ペン:力:刀,"星見純那(佐藤日向),大場なな(小泉萌香)",https://www.billboard-japan.com/charts/detail?a=dlsongs&year=2021&month=08&day=02
2021,dlsongs,2021-07-28,99,ツキミソウ,Novelbright,https://www.billboard-japan.com/charts/detail?a=dlsongs&year=2021&month=08&day=02
2021,dlsongs,2021-07-28,100,MIRROR MIRROR,平井大,https://www.billboard-japan.com/charts/detail?a=dlsongs&year=2021&month=08&day=02
2021,dlsongs,2021-08-04,1,U,millennium parade × Belle,https://www.billboard-japan.com/charts/detail?a=dlsongs&year=2021&month=08&day=09
2021,dlsongs,2021-08-04,2,アカリ,GReeeeN,https://www.billboard-japan.com/charts/detail?a=dlsongs&year=2021&month=08&day=09
2021,dlsongs,2021-08-04,3,SMILE〜晴れ渡る空のように〜,桑田佳祐,https://www.billboard-japan.com/charts/detail?a=dlsongs&year=2021&month=08&day=09
2021,dlsongs,2021-08-04,4,Permission to Dance,BTS,https://www.billboard-japan.com/charts/detail?a=dlsongs&year=2021&month=08&day=09
2021,dlsongs,2021-08-04,5,三原色,YOASOBI,https://www.billboard-japan.com/charts/detail?a=dlsongs&year=2021&month=08&day=09
2021,dlsongs,2021-08-04,6,心のそばに,Belle,https://www.billboard-japan.com/charts/detail?a=dlsongs&year=2021&month=08&day=09
2021,dlsongs,2021-08-04,7,怪物,YOASOBI,https://www.billboard-japan.com/charts/detail?a=dlsongs&year=2021&month=08&day=09
2021,dlsongs,2021-08-04,8,HADASHi NO STEP,LiSA,https://www.billboard-japan.com/charts/detail?a=dlsongs&year=2021&month=08&day=09
2021,dlsongs,2021-08-04,9,Cry Baby,Official髭男dism,https://www.billboard-japan.com/charts/detail?a=dlsongs&year=2021&month=08&day=09
2021,dlsongs,2021-08-04,10,歌よ,Belle,https://www.billboard-japan.com/charts/detail?a=dlsongs&year=2021&month=08&day=09
2021,dlsongs,2021-08-04,11,カイト,嵐,https://www.billboard-japan.com/charts/detail?a=dlsongs&year=2021&month=08&day=09
2021,dlsongs,2021-08-04,12,Butter,BTS,https://www.billboard-japan.com/charts/detail?a=dlsongs&year=2021&month=08&day=09
2021,dlsongs,2021-08-04,13,はなればなれの君へ,Belle,https://www.billboard-japan.com/charts/detail?a=dlsongs&year=2021&month=08&day=09
2021,dlsongs,2021-08-04,14,ドライフラワー,優里,https://www.billboard-japan.com/charts/detail?a=dlsongs&year=2021&month=08&day=09
2021,dlsongs,2021-08-04,15,閃光,[Alexandros],https://www.billboard-japan.com/charts/detail?a=dlsongs&year=2021&month=08&day=09
2021,dlsongs,2021-08-04,16,THE POLiCY,IDOLiSH7,https://www.billboard-japan.com/charts/detail?a=dlsongs&year=2021&month=08&day=09
2021,dlsongs,2021-08-04,17,Renegades,ONE OK ROCK,https://www.billboard-japan.com/charts/detail?a=dlsongs&year=2021&month=08&day=09
2021,dlsongs,2021-08-04,18,踊,Ado,https://www.billboard-japan.com/charts/detail?a=dlsongs&year=2021&month=08&day=09
2021,dlsongs,2021-08-04,19,DIAMOND JOKER,"伊吹翼(Machico),徳川まつり(諏訪彩花),四条貴音(原由実),所恵美(藤井ゆきよ)",https://www.billboard-japan.com/charts/detail?a=dlsongs&year=2021&month=08&day=09
2021,dlsongs,2021-08-04,20,はなればなれの君へ Part1,Belle,https://www.billboard-japan.com/charts/detail?a=dlsongs&year=2021&month=08&day=09
2021,dlsongs,2021-08-04,21,MIRROR MIRROR,平井大,https://www.billboard-japan.com/charts/detail?a=dlsongs&year=2021&month=08&day=09
2021,dlsongs,2021-08-04,22,愛のシュプリーム!,fhana,https://www.billboard-japan.com/charts/detail?a=dlsongs&year=2021&month=08&day=09
2021,dlsongs,2021-08-04,23,CITRUS,Da-iCE,https://www.billboard-japan.com/charts/detail?a=dlsongs&year=2021&month=08&day=09
2021,dlsongs,2021-08-04,24,夜に駆ける,YOASOBI,https://www.billboard-japan.com/charts/detail?a=dlsongs&year=2021&month=08&day=09
2021,dlsongs,2021-08-04,25,Jasmine,sumika,https://www.billboard-japan.com/charts/detail?a=dlsongs&year=2021&month=08&day=09
2021,dlsongs,2021-08-04,26,Dynamite,BTS,https://www.billboard-japan.com/charts/detail?a=dlsongs&year=2021&month=08&day=09
2021,dlsongs,2021-08-04,27,きらり,藤井風,https://www.billboard-japan.com/charts/detail?a=dlsongs&year=2021&month=08&day=09
2021,dlsongs,2021-08-04,28,Pale Blue,米津玄師,https://www.billboard-japan.com/charts/detail?a=dlsongs&year=2021&month=08&day=09
2021,dlsongs,2021-08-04,29,Merry-Go-Round,MAN WITH A MISSION,https://www.billboard-japan.com/charts/detail?a=dlsongs&year=2021&month=08&day=09
2021,dlsongs,2021-08-04,30,なないろ,BUMP OF CHICKEN,https://www.billboard-japan.com/charts/detail?a=dlsongs&year=2021&month=08&day=09
2021,dlsongs,2021-08-04,31,Curtain Call feat.Taka,清水翔太,https://www.billboard-japan.com/charts/detail?a=dlsongs&year=2021&month=08&day=09
2021,dlsongs,2021-08-04,32,フレフレ・エブリデイ,BEYOOOOONDS,https://www.billboard-japan.com/charts/detail?a=dlsongs&year=2021&month=08&day=09
2021,dlsongs,2021-08-04,33,夜のピエロ,Ado,https://www.billboard-japan.com/charts/detail?a=dlsongs&year=2021&month=08&day=09
2021,dlsongs,2021-08-04,34,パーリーピーポー,ケツメイシ,https://www.billboard-japan.com/charts/detail?a=dlsongs&year=2021&month=08&day=09
2021,dlsongs,2021-08-04,35,群青,YOASOBI,https://www.billboard-japan.com/charts/detail?a=dlsongs&year=2021&month=08&day=09
2021,dlsongs,2021-08-04,36,うっせぇわ,Ado,https://www.billboard-japan.com/charts/detail?a=dlsongs&year=2021&month=08&day=09
2021,dlsongs,2021-08-04,37,Ordinary days,milet,https://www.billboard-japan.com/charts/detail?a=dlsongs&year=2021&month=08&day=09
2021,dlsongs,2021-08-04,38,廻廻奇譚,Eve,https://www.billboard-japan.com/charts/detail?a=dlsongs&year=2021&month=08&day=09
2021,dlsongs,2021-08-04,39,白夜,Reol,https://www.billboard-japan.com/charts/detail?a=dlsongs&year=2021&month=08&day=09
2021,dlsongs,2021-08-04,40,Analogy,彩音,https://www.billboard-japan.com/charts/detail?a=dlsongs&year=2021&month=08&day=09
2021,dlsongs,2021-08-04,41,宇宙の季節,"Lanndo feat.Eve,suis from ヨルシカ",https://www.billboard-japan.com/charts/detail?a=dlsongs&year=2021&month=08&day=09
2021,dlsongs,2021-08-04,42,もう少しだけ,YOASOBI,https://www.billboard-japan.com/charts/detail?a=dlsongs&year=2021&month=08&day=09
2021,dlsongs,2021-08-04,43,potatoになっていく,ワンダーランズ×ショウタイム,https://www.billboard-japan.com/charts/detail?a=dlsongs&year=2021&month=08&day=09
2021,dlsongs,2021-08-04,44,怪盗,back number,https://www.billboard-japan.com/charts/detail?a=dlsongs&year=2021&month=08&day=09
2021,dlsongs,2021-08-04,45,セカイはまだ始まってすらいない,ワンダーランズ×ショウタイム,https://www.billboard-japan.com/charts/detail?a=dlsongs&year=2021&month=08&day=09
2021,dlsongs,2021-08-04,46,TWILIGHT,RADWIMPS,https://www.billboard-japan.com/charts/detail?a=dlsongs&year=2021&month=08&day=09
2021,dlsongs,2021-08-04,47,猫,DISH//,https://www.billboard-japan.com/charts/detail?a=dlsongs&year=2021&month=08&day=09
2021,dlsongs,2021-08-04,48,名前を呼ぶよ,SUPER BEAVER,https://www.billboard-japan.com/charts/detail?a=dlsongs&year=2021&month=08&day=09
2021,dlsongs,2021-08-04,49,少年少女,銀杏BOYZ,https://www.billboard-japan.com/charts/detail?a=dlsongs&year=2021&month=08&day=09
2021,dlsongs,2021-08-04,50,うまぴょい伝説,Various Artists,https://www.billboard-japan.com/charts/detail?a=dlsongs&year=2021&month=08&day=09
2021,dlsongs,2021-08-04,51,ギャンブル,syudou,https://www.billboard-japan.com/charts/detail?a=dlsongs&year=2021&month=08&day=09
2021,dlsongs,2021-08-04,52,THE ガマン,ゴールデンボンバー,https://www.billboard-japan.com/charts/detail?a=dlsongs&year=2021&month=08&day=09
2021,dlsongs,2021-08-04,53,明日は日曜日,Rain Drops,https://www.billboard-japan.com/charts/detail?a=dlsongs&year=2021&month=08&day=09
2021,dlsongs,2021-08-04,54,死神,米津玄師,https://www.billboard-japan.com/charts/detail?a=dlsongs&year=2021&month=08&day=09
2021,dlsongs,2021-08-04,55,勿忘,Awesome City Club,https://www.billboard-japan.com/charts/detail?a=dlsongs&year=2021&month=08&day=09
2021,dlsongs,2021-08-04,56,あいつら全員同窓会,ずっと真夜中でいいのに。,https://www.billboard-japan.com/charts/detail?a=dlsongs&year=2021&month=08&day=09
2021,dlsongs,2021-08-04,56,スケート,ブルーノ・マーズ、アンダーソン・パーク&シルク・ソニック,https://www.billboard-japan.com/charts/detail?a=dlsongs&year=2021&month=08&day=09
2021,dlsongs,2021-08-04,58,ギラギラ,Ado,https://www.billboard-japan.com/charts/detail?a=dlsongs&year=2021&month=08&day=09
2021,dlsongs,2021-08-04,59,Dark spiral journey (feat.鈴華ゆう子),Q-MHz,https://www.billboard-japan.com/charts/detail?a=dlsongs&year=2021&month=08&day=09
2021,dlsongs,2021-08-04,60,REAL,JO1,https://www.billboard-japan.com/charts/detail?a=dlsongs&year=2021&month=08&day=09
2021,dlsongs,2021-08-04,61,YY,ロイ-ROE-,https://www.billboard-japan.com/charts/detail?a=dlsongs&year=2021&month=08&day=09
2021,dlsongs,2021-08-04,62,銀河鉄道999,GODIEGO,https://www.billboard-japan.com/charts/detail?a=dlsongs&year=2021&month=08&day=09
2021,dlsongs,2021-08-04,63,To The First -from Audition THE FIRST-,THE FIRST -BMSG Audition prod. by SKY-HI-,https://www.billboard-japan.com/charts/detail?a=dlsongs&year=2021&month=08&day=09
2021,dlsongs,2021-08-04,64,題名のない今日,平井大,https://www.billboard-japan.com/charts/detail?a=dlsongs&year=2021&month=08&day=09
2021,dlsongs,2021-08-04,65,炎,LiSA,https://www.billboard-japan.com/charts/detail?a=dlsongs&year=2021&month=08&day=09
2021,dlsongs,2021-08-04,66,We'll Be OK,倖田來未,https://www.billboard-japan.com/charts/detail?a=dlsongs&year=2021&month=08&day=09
2021,dlsongs,2021-08-04,67,Perfect World,TWICE,https://www.billboard-japan.com/charts/detail?a=dlsongs&year=2021&month=08&day=09
2021,dlsongs,2021-08-04,68,シャッター,優里,https://www.billboard-japan.com/charts/detail?a=dlsongs&year=2021&month=08&day=09
2021,dlsongs,2021-08-04,69,泡沫の夜,nqrse,https://www.billboard-japan.com/charts/detail?a=dlsongs&year=2021&month=08&day=09
2021,dlsongs,2021-08-04,70,ライフスコール,Novelbright,https://www.billboard-japan.com/charts/detail?a=dlsongs&year=2021&month=08&day=09
2021,dlsongs,2021-08-04,71,セクシャルバイオレットNo.1,B'z,https://www.billboard-japan.com/charts/detail?a=dlsongs&year=2021&month=08&day=09
2021,dlsongs,2021-08-04,72,英雄の証,甲田雅人,https://www.billboard-japan.com/charts/detail?a=dlsongs&year=2021&month=08&day=09
2021,dlsongs,2021-08-04,73,不思議,星野源,https://www.billboard-japan.com/charts/detail?a=dlsongs&year=2021&month=08&day=09
2021,dlsongs,2021-08-04,74,愛を知るまでは,あいみょん,https://www.billboard-japan.com/charts/detail?a=dlsongs&year=2021&month=08&day=09
2021,dlsongs,2021-08-04,75,猫 〜THE FIRST TAKE ver.〜,DISH//,https://www.billboard-japan.com/charts/detail?a=dlsongs&year=2021&month=08&day=09
2021,dlsongs,2021-08-04,76,栄光の架橋,ゆず,https://www.billboard-japan.com/charts/detail?a=dlsongs&year=2021&month=08&day=09
2021,dlsongs,2021-08-04,77,虹,菅田将暉,https://www.billboard-japan.com/charts/detail?a=dlsongs&year=2021&month=08&day=09
2021,dlsongs,2021-08-04,78,はなればなれの君へ(reprise),Belle,https://www.billboard-japan.com/charts/detail?a=dlsongs&year=2021&month=08&day=09
2021,dlsongs,2021-08-04,79,ロトのテーマ,"すぎやまこういち,東京都交響楽団",https://www.billboard-japan.com/charts/detail?a=dlsongs&year=2021&month=08&day=09
2021,dlsongs,2021-08-04,80,めいど・うぃず・どらごんず,スーパーちょろゴンず,https://www.billboard-japan.com/charts/detail?a=dlsongs&year=2021&month=08&day=09
2021,dlsongs,2021-08-04,81,Like Flames,MindaRyn,https://www.billboard-japan.com/charts/detail?a=dlsongs&year=2021&month=08&day=09
2021,dlsongs,2021-08-04,82,グッバイ宣言,Chinozo,https://www.billboard-japan.com/charts/detail?a=dlsongs&year=2021&month=08&day=09
2021,dlsongs,2021-08-04,83,花占い,Vaundy,https://www.billboard-japan.com/charts/detail?a=dlsongs&year=2021&month=08&day=09
2021,dlsongs,2021-08-04,84,カザニア,愛美,https://www.billboard-japan.com/charts/detail?a=dlsongs&year=2021&month=08&day=09
2021,dlsongs,2021-08-04,84,ビデオ (feat. Staxx T & CIMBA),t-Ace,https://www.billboard-japan.com/charts/detail?a=dlsongs&year=2021&month=08&day=09
2021,dlsongs,2021-08-04,86,Trigger,佐久間貴生,https://www.billboard-japan.com/charts/detail?a=dlsongs&year=2021&month=08&day=09
2021,dlsongs,2021-08-04,87,ツキミソウ,Novelbright,https://www.billboard-japan.com/charts/detail?a=dlsongs&year=2021&month=08&day=09
2021,dlsongs,2021-08-04,88,ポケットに宇宙,Ra*bits×Double Face,https://www.billboard-japan.com/charts/detail?a=dlsongs&year=2021&month=08&day=09
2021,dlsongs,2021-08-04,89,愛のシュプリーム! (スーパーちょろゴンず ver.),スーパーちょろゴンず,https://www.billboard-japan.com/charts/detail?a=dlsongs&year=2021&month=08&day=09
2021,dlsongs,2021-08-04,90,Super Summer,NiziU,https://www.billboard-japan.com/charts/detail?a=dlsongs&year=2021&month=08&day=09
2021,dlsongs,2021-08-04,91,雨恋,チャン・グンソク,https://www.billboard-japan.com/charts/detail?a=dlsongs&year=2021&month=08&day=09
2021,dlsongs,2021-08-04,92,Broken Heart of Gold,ONE OK ROCK,https://www.billboard-japan.com/charts/detail?a=dlsongs&year=2021&month=08&day=09
2021,dlsongs,2021-08-04,93,マリーゴールド,あいみょん,https://www.billboard-japan.com/charts/detail?a=dlsongs&year=2021&month=08&day=09
2021,dlsongs,2021-08-04,94,ステイ,ザ・キッド・ラロイxジャスティン・ビーバー,https://www.billboard-japan.com/charts/detail?a=dlsongs&year=2021&month=08&day=09
2021,dlsongs,2021-08-04,95,青空のラプソディ,fhana,https://www.billboard-japan.com/charts/detail?a=dlsongs&year=2021&month=08&day=09
2021,dlsongs,2021-08-04,96,満月とシルエットの夜,坊ちゃん(花江夏樹)&アリス(真野あゆみ),https://www.billboard-japan.com/charts/detail?a=dlsongs&year=2021&month=08&day=09
2021,dlsongs,2021-08-04,97,導き,Belle,https://www.billboard-japan.com/charts/detail?a=dlsongs&year=2021&month=08&day=09
2021,dlsongs,2021-08-04,98,Hang out!,Division All Stars,https://www.billboard-japan.com/charts/detail?a=dlsongs&year=2021&month=08&day=09
2021,dlsongs,2021-08-04,99,Mela!,緑黄色社会,https://www.billboard-japan.com/charts/detail?a=dlsongs&year=2021&month=08&day=09
2021,dlsongs,2021-08-04,100,Shooting Star Warrior,Guilty Kiss,https://www.billboard-japan.com/charts/detail?a=dlsongs&year=2021&month=08&day=09
2021,dlsongs,2021-08-11,1,SMILE〜晴れ渡る空のように〜,桑田佳祐,https://www.billboard-japan.com/charts/detail?a=dlsongs&year=2021&month=08&day=16
2021,dlsongs,2021-08-11,2,U,millennium parade × Belle,https://www.billboard-japan.com/charts/detail?a=dlsongs&year=2021&month=08&day=16
2021,dlsongs,2021-08-11,3,カイト,嵐,https://www.billboard-japan.com/charts/detail?a=dlsongs&year=2021&month=08&day=16
2021,dlsongs,2021-08-11,4,Cry Baby,Official髭男dism,https://www.billboard-japan.com/charts/detail?a=dlsongs&year=2021&month=08&day=16
2021,dlsongs,2021-08-11,5,三原色,YOASOBI,https://www.billboard-japan.com/charts/detail?a=dlsongs&year=2021&month=08&day=16
2021,dlsongs,2021-08-11,6,Permission to Dance,BTS,https://www.billboard-japan.com/charts/detail?a=dlsongs&year=2021&month=08&day=16
2021,dlsongs,2021-08-11,7,FOREVER,L'Arc〜en〜Ciel,https://www.billboard-japan.com/charts/detail?a=dlsongs&year=2021&month=08&day=16
2021,dlsongs,2021-08-11,8,VOY@GER,THE IDOLM@STER FIVE STARS!!!!!,https://www.billboard-japan.com/charts/detail?a=dlsongs&year=2021&month=08&day=16
2021,dlsongs,2021-08-11,9,うたかた歌,RADWIMPS feat.菅田将暉,https://www.billboard-japan.com/charts/detail?a=dlsongs&year=2021&month=08&day=16
2021,dlsongs,2021-08-11,10,怪物,YOASOBI,https://www.billboard-japan.com/charts/detail?a=dlsongs&year=2021&month=08&day=16
2021,dlsongs,2021-08-11,11,ドライフラワー,優里,https://www.billboard-japan.com/charts/detail?a=dlsongs&year=2021&month=08&day=16
2021,dlsongs,2021-08-11,12,アカリ,GReeeeN,https://www.billboard-japan.com/charts/detail?a=dlsongs&year=2021&month=08&day=16
2021,dlsongs,2021-08-11,13,Love Song,Uru,https://www.billboard-japan.com/charts/detail?a=dlsongs&year=2021&month=08&day=16
2021,dlsongs,2021-08-11,14,はなればなれの君へ,Belle,https://www.billboard-japan.com/charts/detail?a=dlsongs&year=2021&month=08&day=16
2021,dlsongs,2021-08-11,15,みらいのうた,吉井和哉,https://www.billboard-japan.com/charts/detail?a=dlsongs&year=2021&month=08&day=16
2021,dlsongs,2021-08-11,16,Butter,BTS,https://www.billboard-japan.com/charts/detail?a=dlsongs&year=2021&month=08&day=16
2021,dlsongs,2021-08-11,17,悔やむと書いてミライ,25時、ナイトコードで。,https://www.billboard-japan.com/charts/detail?a=dlsongs&year=2021&month=08&day=16
2021,dlsongs,2021-08-11,18,携帯恋話,25時、ナイトコードで。,https://www.billboard-japan.com/charts/detail?a=dlsongs&year=2021&month=08&day=16
2021,dlsongs,2021-08-11,19,ジャックポットサッドガール,25時、ナイトコードで。,https://www.billboard-japan.com/charts/detail?a=dlsongs&year=2021&month=08&day=16
2021,dlsongs,2021-08-11,20,歌よ,Belle,https://www.billboard-japan.com/charts/detail?a=dlsongs&year=2021&month=08&day=16
2021,dlsongs,2021-08-11,21,閃光,[Alexandros],https://www.billboard-japan.com/charts/detail?a=dlsongs&year=2021&month=08&day=16
2021,dlsongs,2021-08-11,22,踊,Ado,https://www.billboard-japan.com/charts/detail?a=dlsongs&year=2021&month=08&day=16
2021,dlsongs,2021-08-11,23,Ordinary days,milet,https://www.billboard-japan.com/charts/detail?a=dlsongs&year=2021&month=08&day=16
2021,dlsongs,2021-08-11,24,エンパシー,ASIAN KUNG-FU GENERATION,https://www.billboard-japan.com/charts/detail?a=dlsongs&year=2021&month=08&day=16
2021,dlsongs,2021-08-11,25,NAGISA Night Temperature,IDOLiSH7,https://www.billboard-japan.com/charts/detail?a=dlsongs&year=2021&month=08&day=16
2021,dlsongs,2021-08-11,26,HADASHi NO STEP,LiSA,https://www.billboard-japan.com/charts/detail?a=dlsongs&year=2021&month=08&day=16
2021,dlsongs,2021-08-11,27,愛のシュプリーム!,fhana,https://www.billboard-japan.com/charts/detail?a=dlsongs&year=2021&month=08&day=16
2021,dlsongs,2021-08-11,28,夜に駆ける,YOASOBI,https://www.billboard-japan.com/charts/detail?a=dlsongs&year=2021&month=08&day=16
2021,dlsongs,2021-08-11,29,BETTY BLUE,GLAY,https://www.billboard-japan.com/charts/detail?a=dlsongs&year=2021&month=08&day=16
2021,dlsongs,2021-08-11,30,心のそばに,Belle,https://www.billboard-japan.com/charts/detail?a=dlsongs&year=2021&month=08&day=16
2021,dlsongs,2021-08-11,31,MIRROR MIRROR,平井大,https://www.billboard-japan.com/charts/detail?a=dlsongs&year=2021&month=08&day=16
2021,dlsongs,2021-08-11,32,きらり,藤井風,https://www.billboard-japan.com/charts/detail?a=dlsongs&year=2021&month=08&day=16
2021,dlsongs,2021-08-11,33,勿忘,Awesome City Club,https://www.billboard-japan.com/charts/detail?a=dlsongs&year=2021&month=08&day=16
2021,dlsongs,2021-08-11,34,Stay Gold,ZORN,https://www.billboard-japan.com/charts/detail?a=dlsongs&year=2021&month=08&day=16
2021,dlsongs,2021-08-11,35,VOY@GER シャイニーカラーズVer.,シャイニーカラーズ,https://www.billboard-japan.com/charts/detail?a=dlsongs&year=2021&month=08&day=16
2021,dlsongs,2021-08-11,36,Dynamite,BTS,https://www.billboard-japan.com/charts/detail?a=dlsongs&year=2021&month=08&day=16
2021,dlsongs,2021-08-11,37,なないろ,BUMP OF CHICKEN,https://www.billboard-japan.com/charts/detail?a=dlsongs&year=2021&month=08&day=16
2021,dlsongs,2021-08-11,38,未来は風のように,Liella!,https://www.billboard-japan.com/charts/detail?a=dlsongs&year=2021&month=08&day=16
2021,dlsongs,2021-08-11,39,No! No! Satisfaction!,DA PUMP,https://www.billboard-japan.com/charts/detail?a=dlsongs&year=2021&month=08&day=16
2021,dlsongs,2021-08-11,40,Analogy,彩音,https://www.billboard-japan.com/charts/detail?a=dlsongs&year=2021&month=08&day=16
2021,dlsongs,2021-08-11,41,CITRUS,Da-iCE,https://www.billboard-japan.com/charts/detail?a=dlsongs&year=2021&month=08&day=16
2021,dlsongs,2021-08-11,42,Pale Blue,米津玄師,https://www.billboard-japan.com/charts/detail?a=dlsongs&year=2021&month=08&day=16
2021,dlsongs,2021-08-11,43,うっせぇわ,Ado,https://www.billboard-japan.com/charts/detail?a=dlsongs&year=2021&month=08&day=16
2021,dlsongs,2021-08-11,44,Lost,ZORN,https://www.billboard-japan.com/charts/detail?a=dlsongs&year=2021&month=08&day=16
2021,dlsongs,2021-08-11,45,REAL,JO1,https://www.billboard-japan.com/charts/detail?a=dlsongs&year=2021&month=08&day=16
2021,dlsongs,2021-08-11,46,VOY@GER SideM Ver.,315 STARS,https://www.billboard-japan.com/charts/detail?a=dlsongs&year=2021&month=08&day=16
2021,dlsongs,2021-08-11,47,ケアレス,ClariS,https://www.billboard-japan.com/charts/detail?a=dlsongs&year=2021&month=08&day=16
2021,dlsongs,2021-08-11,48,群青,YOASOBI,https://www.billboard-japan.com/charts/detail?a=dlsongs&year=2021&month=08&day=16
2021,dlsongs,2021-08-11,49,Keep It Real,ZORN,https://www.billboard-japan.com/charts/detail?a=dlsongs&year=2021&month=08&day=16
2021,dlsongs,2021-08-11,50,猫,DISH//,https://www.billboard-japan.com/charts/detail?a=dlsongs&year=2021&month=08&day=16
2021,dlsongs,2021-08-11,51,廻廻奇譚,Eve,https://www.billboard-japan.com/charts/detail?a=dlsongs&year=2021&month=08&day=16
2021,dlsongs,2021-08-11,52,もう少しだけ,YOASOBI,https://www.billboard-japan.com/charts/detail?a=dlsongs&year=2021&month=08&day=16
2021,dlsongs,2021-08-11,53,虹,菅田将暉,https://www.billboard-japan.com/charts/detail?a=dlsongs&year=2021&month=08&day=16
2021,dlsongs,2021-08-11,54,スケート,ブルーノ・マーズ、アンダーソン・パーク&シルク・ソニック,https://www.billboard-japan.com/charts/detail?a=dlsongs&year=2021&month=08&day=16
2021,dlsongs,2021-08-11,55,アイノカタチ feat.HIDE(GReeeeN),MISIA,https://www.billboard-japan.com/charts/detail?a=dlsongs&year=2021&month=08&day=16
2021,dlsongs,2021-08-11,56,夜のピエロ,Ado,https://www.billboard-japan.com/charts/detail?a=dlsongs&year=2021&month=08&day=16
2021,dlsongs,2021-08-11,57,夏化粧,DOBERMAN INFINITY,https://www.billboard-japan.com/charts/detail?a=dlsongs&year=2021&month=08&day=16
2021,dlsongs,2021-08-11,58,猫 〜THE FIRST TAKE ver.〜,DISH//,https://www.billboard-japan.com/charts/detail?a=dlsongs&year=2021&month=08&day=16
2021,dlsongs,2021-08-11,59,Kill 'Em All,ZORN,https://www.billboard-japan.com/charts/detail?a=dlsongs&year=2021&month=08&day=16
2021,dlsongs,2021-08-11,60,Jasmine,sumika,https://www.billboard-japan.com/charts/detail?a=dlsongs&year=2021&month=08&day=16
2021,dlsongs,2021-08-11,61,怪盗,back number,https://www.billboard-japan.com/charts/detail?a=dlsongs&year=2021&month=08&day=16
2021,dlsongs,2021-08-11,62,雨恋,チャン・グンソク,https://www.billboard-japan.com/charts/detail?a=dlsongs&year=2021&month=08&day=16
2021,dlsongs,2021-08-11,63,Merry-Go-Round,MAN WITH A MISSION,https://www.billboard-japan.com/charts/detail?a=dlsongs&year=2021&month=08&day=16
2021,dlsongs,2021-08-11,64,うまぴょい伝説,Various Artists,https://www.billboard-japan.com/charts/detail?a=dlsongs&year=2021&month=08&day=16
2021,dlsongs,2021-08-11,64,Walking with you,Novelbright,https://www.billboard-japan.com/charts/detail?a=dlsongs&year=2021&month=08&day=16
2021,dlsongs,2021-08-11,66,THE POLiCY,IDOLiSH7,https://www.billboard-japan.com/charts/detail?a=dlsongs&year=2021&month=08&day=16
2021,dlsongs,2021-08-11,67,炎,LiSA,https://www.billboard-japan.com/charts/detail?a=dlsongs&year=2021&month=08&day=16
2021,dlsongs,2021-08-11,68,家庭の事情,ZORN,https://www.billboard-japan.com/charts/detail?a=dlsongs&year=2021&month=08&day=16
2021,dlsongs,2021-08-11,69,Starting Now 〜新しい私へ,清水美依紗,https://www.billboard-japan.com/charts/detail?a=dlsongs&year=2021&month=08&day=16
2021,dlsongs,2021-08-11,70,魔法の絨毯,川崎鷹也,https://www.billboard-japan.com/charts/detail?a=dlsongs&year=2021&month=08&day=16
2021,dlsongs,2021-08-11,71,Saves Me,ZORN,https://www.billboard-japan.com/charts/detail?a=dlsongs&year=2021&month=08&day=16
2021,dlsongs,2021-08-11,72,Bars Wars,ZORN,https://www.billboard-japan.com/charts/detail?a=dlsongs&year=2021&month=08&day=16
2021,dlsongs,2021-08-11,73,題名のない今日,平井大,https://www.billboard-japan.com/charts/detail?a=dlsongs&year=2021&month=08&day=16
2021,dlsongs,2021-08-11,74,ギャンブル,syudou,https://www.billboard-japan.com/charts/detail?a=dlsongs&year=2021&month=08&day=16
2021,dlsongs,2021-08-11,75,オワリはじまり,かりゆし58,https://www.billboard-japan.com/charts/detail?a=dlsongs&year=2021&month=08&day=16
2021,dlsongs,2021-08-11,76,Curtain Call feat.Taka,清水翔太,https://www.billboard-japan.com/charts/detail?a=dlsongs&year=2021&month=08&day=16
2021,dlsongs,2021-08-11,77,言えないよ,郷ひろみ,https://www.billboard-japan.com/charts/detail?a=dlsongs&year=2021&month=08&day=16
2021,dlsongs,2021-08-11,78,ギラギラ,Ado,https://www.billboard-japan.com/charts/detail?a=dlsongs&year=2021&month=08&day=16
2021,dlsongs,2021-08-11,79,躍動,坂本真綾,https://www.billboard-japan.com/charts/detail?a=dlsongs&year=2021&month=08&day=16
2021,dlsongs,2021-08-11,80,名前を呼ぶよ,SUPER BEAVER,https://www.billboard-japan.com/charts/detail?a=dlsongs&year=2021&month=08&day=16
2021,dlsongs,2021-08-11,81,YY,ロイ-ROE-,https://www.billboard-japan.com/charts/detail?a=dlsongs&year=2021&month=08&day=16
2021,dlsongs,2021-08-11,82,I LOVE…,Official髭男dism,https://www.billboard-japan.com/charts/detail?a=dlsongs&year=2021&month=08&day=16
2021,dlsongs,2021-08-11,83,Midnight,大森元貴,https://www.billboard-japan.com/charts/detail?a=dlsongs&year=2021&month=08&day=16
2021,dlsongs,2021-08-11,84,Renegades,ONE OK ROCK,https://www.billboard-japan.com/charts/detail?a=dlsongs&year=2021&month=08&day=16
2021,dlsongs,2021-08-11,85,To The First,SKY-HI,https://www.billboard-japan.com/charts/detail?a=dlsongs&year=2021&month=08&day=16
2021,dlsongs,2021-08-11,86,OKAWARI Happy life!,高海千歌(伊波杏樹) from Aqours,https://www.billboard-japan.com/charts/detail?a=dlsongs&year=2021&month=08&day=16
2021,dlsongs,2021-08-11,87,Like Flames,MindaRyn,https://www.billboard-japan.com/charts/detail?a=dlsongs&year=2021&month=08&day=16
2021,dlsongs,2021-08-11,88,DIAMOND JOKER,"伊吹翼(Machico),徳川まつり(諏訪彩花),四条貴音(原由実),所恵美(藤井ゆきよ)",https://www.billboard-japan.com/charts/detail?a=dlsongs&year=2021&month=08&day=16
2021,dlsongs,2021-08-11,89,あいつら全員同窓会,ずっと真夜中でいいのに。,https://www.billboard-japan.com/charts/detail?a=dlsongs&year=2021&month=08&day=16
2021,dlsongs,2021-08-11,90,栄光の架橋,ゆず,https://www.billboard-japan.com/charts/detail?a=dlsongs&year=2021&month=08&day=16
2021,dlsongs,2021-08-11,91,YOKAZE,変態紳士クラブ,https://www.billboard-japan.com/charts/detail?a=dlsongs&year=2021&month=08&day=16
2021,dlsongs,2021-08-11,92,Dark spiral journey (feat.鈴華ゆう子),Q-MHz,https://www.billboard-japan.com/charts/detail?a=dlsongs&year=2021&month=08&day=16
2021,dlsongs,2021-08-11,93,はなればなれの君へ Part1,Belle,https://www.billboard-japan.com/charts/detail?a=dlsongs&year=2021&month=08&day=16
2021,dlsongs,2021-08-11,94,Warriors Anthem,MIGHTY WARRIORS,https://www.billboard-japan.com/charts/detail?a=dlsongs&year=2021&month=08&day=16
2021,dlsongs,2021-08-11,95,ツキミソウ,Novelbright,https://www.billboard-japan.com/charts/detail?a=dlsongs&year=2021&month=08&day=16
2021,dlsongs,2021-08-11,96,cherry UP!,花京院ちえり,https://www.billboard-japan.com/charts/detail?a=dlsongs&year=2021&month=08&day=16
2021,dlsongs,2021-08-11,97,死神,米津玄師,https://www.billboard-japan.com/charts/detail?a=dlsongs&year=2021&month=08&day=16
2021,dlsongs,2021-08-11,98,満月とシルエットの夜,坊ちゃん(花江夏樹)&アリス(真野あゆみ),https://www.billboard-japan.com/charts/detail?a=dlsongs&year=2021&month=08&day=16
2021,dlsongs,2021-08-11,99,白日,King Gnu,https://www.billboard-japan.com/charts/detail?a=dlsongs&year=2021&month=08&day=16
2021,dlsongs,2021-08-11,100,めいど・うぃず・どらごんず,スーパーちょろゴンず,https://www.billboard-japan.com/charts/detail?a=dlsongs&year=2021&month=08&day=16
2021,dlsongs,2021-08-18,1,ラブレター,YOASOBI,https://www.billboard-japan.com/charts/detail?a=dlsongs&year=2021&month=08&day=23
2021,dlsongs,2021-08-18,2,水平線,back number,https://www.billboard-japan.com/charts/detail?a=dlsongs&year=2021&month=08&day=23
2021,dlsongs,2021-08-18,3,炎の聖歌隊 [Choir(クワイア)],桑田佳祐,https://www.billboard-japan.com/charts/detail?a=dlsongs&year=2021&month=08&day=23
2021,dlsongs,2021-08-18,3,会いたくて,Ado,https://www.billboard-japan.com/charts/detail?a=dlsongs&year=2021&month=08&day=23
2021,dlsongs,2021-08-18,5,線香花火,三代目 J SOUL BROTHERS from EXILE TRIBE,https://www.billboard-japan.com/charts/detail?a=dlsongs&year=2021&month=08&day=23
2021,dlsongs,2021-08-18,6,Cry Baby,Official髭男dism,https://www.billboard-japan.com/charts/detail?a=dlsongs&year=2021&month=08&day=23
2021,dlsongs,2021-08-18,7,アポトーシス,Official髭男dism,https://www.billboard-japan.com/charts/detail?a=dlsongs&year=2021&month=08&day=23
2021,dlsongs,2021-08-18,8,SMILE〜晴れ渡る空のように〜,桑田佳祐,https://www.billboard-japan.com/charts/detail?a=dlsongs&year=2021&month=08&day=23
2021,dlsongs,2021-08-18,9,三原色,YOASOBI,https://www.billboard-japan.com/charts/detail?a=dlsongs&year=2021&month=08&day=23
2021,dlsongs,2021-08-18,10,U,millennium parade × Belle,https://www.billboard-japan.com/charts/detail?a=dlsongs&year=2021&month=08&day=23
2021,dlsongs,2021-08-18,11,Permission to Dance,BTS,https://www.billboard-japan.com/charts/detail?a=dlsongs&year=2021&month=08&day=23
2021,dlsongs,2021-08-18,12,カイト,嵐,https://www.billboard-japan.com/charts/detail?a=dlsongs&year=2021&month=08&day=23
2021,dlsongs,2021-08-18,13,ドライフラワー,優里,https://www.billboard-japan.com/charts/detail?a=dlsongs&year=2021&month=08&day=23
2021,dlsongs,2021-08-18,14,怪物,YOASOBI,https://www.billboard-japan.com/charts/detail?a=dlsongs&year=2021&month=08&day=23
2021,dlsongs,2021-08-18,15,アカリ,GReeeeN,https://www.billboard-japan.com/charts/detail?a=dlsongs&year=2021&month=08&day=23
2021,dlsongs,2021-08-18,16,Butter,BTS,https://www.billboard-japan.com/charts/detail?a=dlsongs&year=2021&month=08&day=23
2021,dlsongs,2021-08-18,17,うたかた歌,RADWIMPS feat.菅田将暉,https://www.billboard-japan.com/charts/detail?a=dlsongs&year=2021&month=08&day=23
2021,dlsongs,2021-08-18,18,きらり,藤井風,https://www.billboard-japan.com/charts/detail?a=dlsongs&year=2021&month=08&day=23
2021,dlsongs,2021-08-18,19,Love Song,Uru,https://www.billboard-japan.com/charts/detail?a=dlsongs&year=2021&month=08&day=23
2021,dlsongs,2021-08-18,20,Ordinary days,milet,https://www.billboard-japan.com/charts/detail?a=dlsongs&year=2021&month=08&day=23
2021,dlsongs,2021-08-18,21,LITMUS,緑黄色社会,https://www.billboard-japan.com/charts/detail?a=dlsongs&year=2021&month=08&day=23
2021,dlsongs,2021-08-18,22,We're the one,C.FIRST,https://www.billboard-japan.com/charts/detail?a=dlsongs&year=2021&month=08&day=23
2021,dlsongs,2021-08-18,23,FOREVER,L'Arc〜en〜Ciel,https://www.billboard-japan.com/charts/detail?a=dlsongs&year=2021&month=08&day=23
2021,dlsongs,2021-08-18,24,勿忘,Awesome City Club,https://www.billboard-japan.com/charts/detail?a=dlsongs&year=2021&month=08&day=23
2021,dlsongs,2021-08-18,25,夜に駆ける,YOASOBI,https://www.billboard-japan.com/charts/detail?a=dlsongs&year=2021&month=08&day=23
2021,dlsongs,2021-08-18,26,Walking with you,Novelbright,https://www.billboard-japan.com/charts/detail?a=dlsongs&year=2021&month=08&day=23
2021,dlsongs,2021-08-18,27,歌よ,Belle,https://www.billboard-japan.com/charts/detail?a=dlsongs&year=2021&month=08&day=23
2021,dlsongs,2021-08-18,28,踊,Ado,https://www.billboard-japan.com/charts/detail?a=dlsongs&year=2021&month=08&day=23
2021,dlsongs,2021-08-18,29,群青,YOASOBI,https://www.billboard-japan.com/charts/detail?a=dlsongs&year=2021&month=08&day=23
2021,dlsongs,2021-08-18,30,愛のシュプリーム!,fhana,https://www.billboard-japan.com/charts/detail?a=dlsongs&year=2021&month=08&day=23
2021,dlsongs,2021-08-18,31,閃光,[Alexandros],https://www.billboard-japan.com/charts/detail?a=dlsongs&year=2021&month=08&day=23
2021,dlsongs,2021-08-18,32,はなればなれの君へ,Belle,https://www.billboard-japan.com/charts/detail?a=dlsongs&year=2021&month=08&day=23
2021,dlsongs,2021-08-18,33,ケアレス,ClariS,https://www.billboard-japan.com/charts/detail?a=dlsongs&year=2021&month=08&day=23
2021,dlsongs,2021-08-18,34,なないろ,BUMP OF CHICKEN,https://www.billboard-japan.com/charts/detail?a=dlsongs&year=2021&month=08&day=23
2021,dlsongs,2021-08-18,35,青と夏,Mrs.GREEN APPLE,https://www.billboard-japan.com/charts/detail?a=dlsongs&year=2021&month=08&day=23
2021,dlsongs,2021-08-18,36,もう少しだけ,YOASOBI,https://www.billboard-japan.com/charts/detail?a=dlsongs&year=2021&month=08&day=23
2021,dlsongs,2021-08-18,37,心のそばに,Belle,https://www.billboard-japan.com/charts/detail?a=dlsongs&year=2021&month=08&day=23
2021,dlsongs,2021-08-18,38,Paint Me Naked,TEN,https://www.billboard-japan.com/charts/detail?a=dlsongs&year=2021&month=08&day=23
2021,dlsongs,2021-08-18,39,エンパシー,ASIAN KUNG-FU GENERATION,https://www.billboard-japan.com/charts/detail?a=dlsongs&year=2021&month=08&day=23
2021,dlsongs,2021-08-18,40,HADASHi NO STEP,LiSA,https://www.billboard-japan.com/charts/detail?a=dlsongs&year=2021&month=08&day=23
2021,dlsongs,2021-08-18,41,Dynamite,BTS,https://www.billboard-japan.com/charts/detail?a=dlsongs&year=2021&month=08&day=23
2021,dlsongs,2021-08-18,42,IN THE MIDDLE (feat. 三浦大知),AI,https://www.billboard-japan.com/charts/detail?a=dlsongs&year=2021&month=08&day=23
2021,dlsongs,2021-08-18,43,Pale Blue,米津玄師,https://www.billboard-japan.com/charts/detail?a=dlsongs&year=2021&month=08&day=23
2021,dlsongs,2021-08-18,44,うっせぇわ,Ado,https://www.billboard-japan.com/charts/detail?a=dlsongs&year=2021&month=08&day=23
2021,dlsongs,2021-08-18,45,ここで生きてる,めありー & jon-YAKITORY,https://www.billboard-japan.com/charts/detail?a=dlsongs&year=2021&month=08&day=23
2021,dlsongs,2021-08-18,46,Unison,"宝鐘マリン,Yunomi",https://www.billboard-japan.com/charts/detail?a=dlsongs&year=2021&month=08&day=23
2021,dlsongs,2021-08-18,47,0 (zero),LMYK,https://www.billboard-japan.com/charts/detail?a=dlsongs&year=2021&month=08&day=23
2021,dlsongs,2021-08-18,48,One Last Kiss,宇多田ヒカル,https://www.billboard-japan.com/charts/detail?a=dlsongs&year=2021&month=08&day=23
2021,dlsongs,2021-08-18,49,廻廻奇譚,Eve,https://www.billboard-japan.com/charts/detail?a=dlsongs&year=2021&month=08&day=23
2021,dlsongs,2021-08-18,50,Pretender,Official髭男dism,https://www.billboard-japan.com/charts/detail?a=dlsongs&year=2021&month=08&day=23
2021,dlsongs,2021-08-18,51,ステイ,ザ・キッド・ラロイxジャスティン・ビーバー,https://www.billboard-japan.com/charts/detail?a=dlsongs&year=2021&month=08&day=23
2021,dlsongs,2021-08-18,52,怪盗,back number,https://www.billboard-japan.com/charts/detail?a=dlsongs&year=2021&month=08&day=23
2021,dlsongs,2021-08-18,53,海想列車,湊あくあ,https://www.billboard-japan.com/charts/detail?a=dlsongs&year=2021&month=08&day=23
2021,dlsongs,2021-08-18,54,君といれば,Little Glee Monster,https://www.billboard-japan.com/charts/detail?a=dlsongs&year=2021&month=08&day=23
2021,dlsongs,2021-08-18,55,CITRUS,Da-iCE,https://www.billboard-japan.com/charts/detail?a=dlsongs&year=2021&month=08&day=23
2021,dlsongs,2021-08-18,56,離れていても,WANIMA,https://www.billboard-japan.com/charts/detail?a=dlsongs&year=2021&month=08&day=23
2021,dlsongs,2021-08-18,57,Warriors Anthem,MIGHTY WARRIORS,https://www.billboard-japan.com/charts/detail?a=dlsongs&year=2021&month=08&day=23
2021,dlsongs,2021-08-18,58,To The First -from Audition THE FIRST-,THE FIRST -BMSG Audition prod. by SKY-HI-,https://www.billboard-japan.com/charts/detail?a=dlsongs&year=2021&month=08&day=23
2021,dlsongs,2021-08-18,59,猫,DISH//,https://www.billboard-japan.com/charts/detail?a=dlsongs&year=2021&month=08&day=23
2021,dlsongs,2021-08-18,60,悔やむと書いてミライ,25時、ナイトコードで。,https://www.billboard-japan.com/charts/detail?a=dlsongs&year=2021&month=08&day=23
2021,dlsongs,2021-08-18,61,拝啓、少年よ,Hump Back,https://www.billboard-japan.com/charts/detail?a=dlsongs&year=2021&month=08&day=23
2021,dlsongs,2021-08-18,62,Starting Now 〜新しい私へ,清水美依紗,https://www.billboard-japan.com/charts/detail?a=dlsongs&year=2021&month=08&day=23
2021,dlsongs,2021-08-18,63,MIRROR MIRROR,平井大,https://www.billboard-japan.com/charts/detail?a=dlsongs&year=2021&month=08&day=23
2021,dlsongs,2021-08-18,64,メイプル,大森元貴,https://www.billboard-japan.com/charts/detail?a=dlsongs&year=2021&month=08&day=23
2021,dlsongs,2021-08-18,65,クロマト,るぅと,https://www.billboard-japan.com/charts/detail?a=dlsongs&year=2021&month=08&day=23
2021,dlsongs,2021-08-18,66,ジャックポットサッドガール,25時、ナイトコードで。,https://www.billboard-japan.com/charts/detail?a=dlsongs&year=2021&month=08&day=23
2021,dlsongs,2021-08-18,67,携帯恋話,25時、ナイトコードで。,https://www.billboard-japan.com/charts/detail?a=dlsongs&year=2021&month=08&day=23
2021,dlsongs,2021-08-18,67,ヒカルモノクラクナル,大森元貴,https://www.billboard-japan.com/charts/detail?a=dlsongs&year=2021&month=08&day=23
2021,dlsongs,2021-08-18,69,アイノカタチ feat.HIDE(GReeeeN),MISIA,https://www.billboard-japan.com/charts/detail?a=dlsongs&year=2021&month=08&day=23
2021,dlsongs,2021-08-18,70,Merry-Go-Round,MAN WITH A MISSION,https://www.billboard-japan.com/charts/detail?a=dlsongs&year=2021&month=08&day=23
2021,dlsongs,2021-08-18,71,マリーゴールド,あいみょん,https://www.billboard-japan.com/charts/detail?a=dlsongs&year=2021&month=08&day=23
2021,dlsongs,2021-08-18,72,Be Free -from Audition THE FIRST-,THE FIRST -BMSG Audition prod. by SKY-HI-,https://www.billboard-japan.com/charts/detail?a=dlsongs&year=2021&month=08&day=23
2021,dlsongs,2021-08-18,73,炎,LiSA,https://www.billboard-japan.com/charts/detail?a=dlsongs&year=2021&month=08&day=23
2021,dlsongs,2021-08-18,74,LIVING IN THE DREAM,THE RAMPAGE from EXILE TRIBE,https://www.billboard-japan.com/charts/detail?a=dlsongs&year=2021&month=08&day=23
2021,dlsongs,2021-08-18,75,優しい光,EXILE TAKAHIRO,https://www.billboard-japan.com/charts/detail?a=dlsongs&year=2021&month=08&day=23
2021,dlsongs,2021-08-18,76,ギラギラ,Ado,https://www.billboard-japan.com/charts/detail?a=dlsongs&year=2021&month=08&day=23
2021,dlsongs,2021-08-18,77,Lapis,TrySail,https://www.billboard-japan.com/charts/detail?a=dlsongs&year=2021&month=08&day=23
2021,dlsongs,2021-08-18,78,みらいのうた,吉井和哉,https://www.billboard-japan.com/charts/detail?a=dlsongs&year=2021&month=08&day=23
2021,dlsongs,2021-08-18,79,パステルカラー パスカラカラー,アルストロメリア,https://www.billboard-japan.com/charts/detail?a=dlsongs&year=2021&month=08&day=23
2021,dlsongs,2021-08-18,80,虹,菅田将暉,https://www.billboard-japan.com/charts/detail?a=dlsongs&year=2021&month=08&day=23
2021,dlsongs,2021-08-18,81,うまぴょい伝説,Various Artists,https://www.billboard-japan.com/charts/detail?a=dlsongs&year=2021&month=08&day=23
2021,dlsongs,2021-08-18,82,ツキミソウ,Novelbright,https://www.billboard-japan.com/charts/detail?a=dlsongs&year=2021&month=08&day=23
2021,dlsongs,2021-08-18,83,YY,ロイ-ROE-,https://www.billboard-japan.com/charts/detail?a=dlsongs&year=2021&month=08&day=23
2021,dlsongs,2021-08-18,84,夜のピエロ,Ado,https://www.billboard-japan.com/charts/detail?a=dlsongs&year=2021&month=08&day=23
2021,dlsongs,2021-08-18,85,HANABI,MINMI,https://www.billboard-japan.com/charts/detail?a=dlsongs&year=2021&month=08&day=23
2021,dlsongs,2021-08-18,86,ギャンブル,syudou,https://www.billboard-japan.com/charts/detail?a=dlsongs&year=2021&month=08&day=23
2021,dlsongs,2021-08-18,87,猫 〜THE FIRST TAKE ver.〜,DISH//,https://www.billboard-japan.com/charts/detail?a=dlsongs&year=2021&month=08&day=23
2021,dlsongs,2021-08-18,88,希望の轍,サザンオールスターズ,https://www.billboard-japan.com/charts/detail?a=dlsongs&year=2021&month=08&day=23
2021,dlsongs,2021-08-18,89,家庭の事情,ZORN,https://www.billboard-japan.com/charts/detail?a=dlsongs&year=2021&month=08&day=23
2021,dlsongs,2021-08-18,90,Stay Gold,ZORN,https://www.billboard-japan.com/charts/detail?a=dlsongs&year=2021&month=08&day=23
2021,dlsongs,2021-08-18,91,魔法の絨毯,川崎鷹也,https://www.billboard-japan.com/charts/detail?a=dlsongs&year=2021&month=08&day=23
2021,dlsongs,2021-08-18,92,第六感,Reol,https://www.billboard-japan.com/charts/detail?a=dlsongs&year=2021&month=08&day=23
2021,dlsongs,2021-08-18,93,I LOVE…,Official髭男dism,https://www.billboard-japan.com/charts/detail?a=dlsongs&year=2021&month=08&day=23
2021,dlsongs,2021-08-18,94,Fightin★Pose,小倉唯,https://www.billboard-japan.com/charts/detail?a=dlsongs&year=2021&month=08&day=23
2021,dlsongs,2021-08-18,95,Like Flames,MindaRyn,https://www.billboard-japan.com/charts/detail?a=dlsongs&year=2021&month=08&day=23
2021,dlsongs,2021-08-18,96,ヨワネハキ,"MAISONdes feat.和ぬか, asmi",https://www.billboard-japan.com/charts/detail?a=dlsongs&year=2021&month=08&day=23
2021,dlsongs,2021-08-18,97,未来は風のように,Liella!,https://www.billboard-japan.com/charts/detail?a=dlsongs&year=2021&month=08&day=23
2021,dlsongs,2021-08-18,98,素晴らしき人生,平井大,https://www.billboard-japan.com/charts/detail?a=dlsongs&year=2021&month=08&day=23
2021,dlsongs,2021-08-18,99,Kartell,Da-iCE,https://www.billboard-japan.com/charts/detail?a=dlsongs&year=2021&month=08&day=23
2021,dlsongs,2021-08-18,100,Analogy,彩音,https://www.billboard-japan.com/charts/detail?a=dlsongs&year=2021&month=08&day=23
2021,dlsongs,2021-08-25,1,Shining One,BE:FIRST,https://www.billboard-japan.com/charts/detail?a=dlsongs&year=2021&month=08&day=30
2021,dlsongs,2021-08-25,2,水平線,back number,https://www.billboard-japan.com/charts/detail?a=dlsongs&year=2021&month=08&day=30
2021,dlsongs,2021-08-25,3,ドライフラワー,優里,https://www.billboard-japan.com/charts/detail?a=dlsongs&year=2021&month=08&day=30
2021,dlsongs,2021-08-25,4,アポトーシス,Official髭男dism,https://www.billboard-japan.com/charts/detail?a=dlsongs&year=2021&month=08&day=30
2021,dlsongs,2021-08-25,5,ラブレター,YOASOBI,https://www.billboard-japan.com/charts/detail?a=dlsongs&year=2021&month=08&day=30
2021,dlsongs,2021-08-25,6,U,millennium parade × Belle,https://www.billboard-japan.com/charts/detail?a=dlsongs&year=2021&month=08&day=30
2021,dlsongs,2021-08-25,7,三原色,YOASOBI,https://www.billboard-japan.com/charts/detail?a=dlsongs&year=2021&month=08&day=30
2021,dlsongs,2021-08-25,8,歌を歌おう,MISIA,https://www.billboard-japan.com/charts/detail?a=dlsongs&year=2021&month=08&day=30
2021,dlsongs,2021-08-25,9,Permission to Dance,BTS,https://www.billboard-japan.com/charts/detail?a=dlsongs&year=2021&month=08&day=30
2021,dlsongs,2021-08-25,10,老人と海,ヨルシカ,https://www.billboard-japan.com/charts/detail?a=dlsongs&year=2021&month=08&day=30
2021,dlsongs,2021-08-25,11,Dance 7 (Remix),Miles Guo,https://www.billboard-japan.com/charts/detail?a=dlsongs&year=2021&month=08&day=30
2021,dlsongs,2021-08-25,12,会いたくて,Ado,https://www.billboard-japan.com/charts/detail?a=dlsongs&year=2021&month=08&day=30
2021,dlsongs,2021-08-25,13,群青,YOASOBI,https://www.billboard-japan.com/charts/detail?a=dlsongs&year=2021&month=08&day=30
2021,dlsongs,2021-08-25,14,踊,Ado,https://www.billboard-japan.com/charts/detail?a=dlsongs&year=2021&month=08&day=30
2021,dlsongs,2021-08-25,15,来鳥江,UVERworld feat.山田孝之/愛笑む from 徳川eq.,https://www.billboard-japan.com/charts/detail?a=dlsongs&year=2021&month=08&day=30
2021,dlsongs,2021-08-25,16,怪物,YOASOBI,https://www.billboard-japan.com/charts/detail?a=dlsongs&year=2021&month=08&day=30
2021,dlsongs,2021-08-25,17,Butter,BTS,https://www.billboard-japan.com/charts/detail?a=dlsongs&year=2021&month=08&day=30
2021,dlsongs,2021-08-25,18,歌よ,Belle,https://www.billboard-japan.com/charts/detail?a=dlsongs&year=2021&month=08&day=30
2021,dlsongs,2021-08-25,19,Cry Baby,Official髭男dism,https://www.billboard-japan.com/charts/detail?a=dlsongs&year=2021&month=08&day=30
2021,dlsongs,2021-08-25,20,LITMUS,緑黄色社会,https://www.billboard-japan.com/charts/detail?a=dlsongs&year=2021&month=08&day=30
2021,dlsongs,2021-08-25,21,Be Free -from Audition THE FIRST-,THE FIRST -BMSG Audition prod. by SKY-HI-,https://www.billboard-japan.com/charts/detail?a=dlsongs&year=2021&month=08&day=30
2021,dlsongs,2021-08-25,22,To The First -from Audition THE FIRST-,THE FIRST -BMSG Audition prod. by SKY-HI-,https://www.billboard-japan.com/charts/detail?a=dlsongs&year=2021&month=08&day=30
2021,dlsongs,2021-08-25,23,夜に駆ける,YOASOBI,https://www.billboard-japan.com/charts/detail?a=dlsongs&year=2021&month=08&day=30
2021,dlsongs,2021-08-25,24,勿忘,Awesome City Club,https://www.billboard-japan.com/charts/detail?a=dlsongs&year=2021&month=08&day=30
2021,dlsongs,2021-08-25,25,Renegades,ONE OK ROCK,https://www.billboard-japan.com/charts/detail?a=dlsongs&year=2021&month=08&day=30
2021,dlsongs,2021-08-25,26,カイト,嵐,https://www.billboard-japan.com/charts/detail?a=dlsongs&year=2021&month=08&day=30
2021,dlsongs,2021-08-25,27,特者生存ワンダラダー!!,天音かなた,https://www.billboard-japan.com/charts/detail?a=dlsongs&year=2021&month=08&day=30
2021,dlsongs,2021-08-25,28,アカリ,GReeeeN,https://www.billboard-japan.com/charts/detail?a=dlsongs&year=2021&month=08&day=30
2021,dlsongs,2021-08-25,29,きらり,藤井風,https://www.billboard-japan.com/charts/detail?a=dlsongs&year=2021&month=08&day=30
2021,dlsongs,2021-08-25,30,炎の聖歌隊 [Choir(クワイア)],桑田佳祐,https://www.billboard-japan.com/charts/detail?a=dlsongs&year=2021&month=08&day=30
2021,dlsongs,2021-08-25,31,SMILE〜晴れ渡る空のように〜,桑田佳祐,https://www.billboard-japan.com/charts/detail?a=dlsongs&year=2021&month=08&day=30
2021,dlsongs,2021-08-25,32,はなればなれの君へ,Belle,https://www.billboard-japan.com/charts/detail?a=dlsongs&year=2021&month=08&day=30
2021,dlsongs,2021-08-25,33,心のそばに,Belle,https://www.billboard-japan.com/charts/detail?a=dlsongs&year=2021&month=08&day=30
2021,dlsongs,2021-08-25,34,青と夏,Mrs.GREEN APPLE,https://www.billboard-japan.com/charts/detail?a=dlsongs&year=2021&month=08&day=30
2021,dlsongs,2021-08-25,35,HADASHi NO STEP,LiSA,https://www.billboard-japan.com/charts/detail?a=dlsongs&year=2021&month=08&day=30
2021,dlsongs,2021-08-25,36,メイジ・オブ・ヴァイオレット,紫咲シオン,https://www.billboard-japan.com/charts/detail?a=dlsongs&year=2021&month=08&day=30
2021,dlsongs,2021-08-25,37,Ordinary days,milet,https://www.billboard-japan.com/charts/detail?a=dlsongs&year=2021&month=08&day=30
2021,dlsongs,2021-08-25,38,愛のシュプリーム!,fhana,https://www.billboard-japan.com/charts/detail?a=dlsongs&year=2021&month=08&day=30
2021,dlsongs,2021-08-25,39,Move On -from Audition THE FIRST-,THE FIRST -BMSG Audition prod. by SKY-HI-,https://www.billboard-japan.com/charts/detail?a=dlsongs&year=2021&month=08&day=30
2021,dlsongs,2021-08-25,40,Lioness' Pride,獅白ぼたん,https://www.billboard-japan.com/charts/detail?a=dlsongs&year=2021&month=08&day=30
2021,dlsongs,2021-08-25,41,Dynamite,BTS,https://www.billboard-japan.com/charts/detail?a=dlsongs&year=2021&month=08&day=30
2021,dlsongs,2021-08-25,42,ARE U READY,手越祐也,https://www.billboard-japan.com/charts/detail?a=dlsongs&year=2021&month=08&day=30
2021,dlsongs,2021-08-25,43,Unison,"宝鐘マリン,Yunomi",https://www.billboard-japan.com/charts/detail?a=dlsongs&year=2021&month=08&day=30
2021,dlsongs,2021-08-25,44,うたかた歌,RADWIMPS feat.菅田将暉,https://www.billboard-japan.com/charts/detail?a=dlsongs&year=2021&month=08&day=30
2021,dlsongs,2021-08-25,45,閃光,[Alexandros],https://www.billboard-japan.com/charts/detail?a=dlsongs&year=2021&month=08&day=30
2021,dlsongs,2021-08-25,46,ラブ・ボナペティート,アルストロメリア,https://www.billboard-japan.com/charts/detail?a=dlsongs&year=2021&month=08&day=30
2021,dlsongs,2021-08-25,47,なないろ,BUMP OF CHICKEN,https://www.billboard-japan.com/charts/detail?a=dlsongs&year=2021&month=08&day=30
2021,dlsongs,2021-08-25,48,One Last Kiss,宇多田ヒカル,https://www.billboard-japan.com/charts/detail?a=dlsongs&year=2021&month=08&day=30
2021,dlsongs,2021-08-25,49,korekara,岩田剛典,https://www.billboard-japan.com/charts/detail?a=dlsongs&year=2021&month=08&day=30
2021,dlsongs,2021-08-25,50,ステイ,ザ・キッド・ラロイxジャスティン・ビーバー,https://www.billboard-japan.com/charts/detail?a=dlsongs&year=2021&month=08&day=30
2021,dlsongs,2021-08-25,51,もう少しだけ,YOASOBI,https://www.billboard-japan.com/charts/detail?a=dlsongs&year=2021&month=08&day=30
2021,dlsongs,2021-08-25,52,うっせぇわ,Ado,https://www.billboard-japan.com/charts/detail?a=dlsongs&year=2021&month=08&day=30
2021,dlsongs,2021-08-25,53,深海,森七菜,https://www.billboard-japan.com/charts/detail?a=dlsongs&year=2021&month=08&day=30
2021,dlsongs,2021-08-25,54,Love Song,Uru,https://www.billboard-japan.com/charts/detail?a=dlsongs&year=2021&month=08&day=30
2021,dlsongs,2021-08-25,55,リタルダンド,sumika,https://www.billboard-japan.com/charts/detail?a=dlsongs&year=2021&month=08&day=30
2021,dlsongs,2021-08-25,56,パステルカラー パスカラカラー,アルストロメリア,https://www.billboard-japan.com/charts/detail?a=dlsongs&year=2021&month=08&day=30
2021,dlsongs,2021-08-25,57,廻廻奇譚,Eve,https://www.billboard-japan.com/charts/detail?a=dlsongs&year=2021&month=08&day=30
2021,dlsongs,2021-08-25,58,Mela!,緑黄色社会,https://www.billboard-japan.com/charts/detail?a=dlsongs&year=2021&month=08&day=30
2021,dlsongs,2021-08-25,59,Pretender,Official髭男dism,https://www.billboard-japan.com/charts/detail?a=dlsongs&year=2021&month=08&day=30
2021,dlsongs,2021-08-25,60,Pale Blue,米津玄師,https://www.billboard-japan.com/charts/detail?a=dlsongs&year=2021&month=08&day=30
2021,dlsongs,2021-08-25,61,ケアレス,ClariS,https://www.billboard-japan.com/charts/detail?a=dlsongs&year=2021&month=08&day=30
2021,dlsongs,2021-08-25,62,夏の午後はコバルト,Awesome City Club,https://www.billboard-japan.com/charts/detail?a=dlsongs&year=2021&month=08&day=30
2021,dlsongs,2021-08-25,63,第六感,Reol,https://www.billboard-japan.com/charts/detail?a=dlsongs&year=2021&month=08&day=30
2021,dlsongs,2021-08-25,64,115万キロのフィルム,Official髭男dism,https://www.billboard-japan.com/charts/detail?a=dlsongs&year=2021&month=08&day=30
2021,dlsongs,2021-08-25,65,REAL,JO1,https://www.billboard-japan.com/charts/detail?a=dlsongs&year=2021&month=08&day=30
2021,dlsongs,2021-08-25,66,バッド・ハビッツ,エド・シーラン,https://www.billboard-japan.com/charts/detail?a=dlsongs&year=2021&month=08&day=30
2021,dlsongs,2021-08-25,67,Low Low,WayV-TEN&YANGYANG,https://www.billboard-japan.com/charts/detail?a=dlsongs&year=2021&month=08&day=30
2021,dlsongs,2021-08-25,68,Merry-Go-Round,MAN WITH A MISSION,https://www.billboard-japan.com/charts/detail?a=dlsongs&year=2021&month=08&day=30
2021,dlsongs,2021-08-25,68,YY,ロイ-ROE-,https://www.billboard-japan.com/charts/detail?a=dlsongs&year=2021&month=08&day=30
2021,dlsongs,2021-08-25,70,猫,DISH//,https://www.billboard-japan.com/charts/detail?a=dlsongs&year=2021&month=08&day=30
2021,dlsongs,2021-08-25,71,CITRUS,Da-iCE,https://www.billboard-japan.com/charts/detail?a=dlsongs&year=2021&month=08&day=30
2021,dlsongs,2021-08-25,72,ギラギラ,Ado,https://www.billboard-japan.com/charts/detail?a=dlsongs&year=2021&month=08&day=30
2021,dlsongs,2021-08-25,73,春を告げる,yama,https://www.billboard-japan.com/charts/detail?a=dlsongs&year=2021&month=08&day=30
2021,dlsongs,2021-08-25,74,虹,菅田将暉,https://www.billboard-japan.com/charts/detail?a=dlsongs&year=2021&month=08&day=30
2021,dlsongs,2021-08-25,75,君といれば,Little Glee Monster,https://www.billboard-japan.com/charts/detail?a=dlsongs&year=2021&month=08&day=30
2021,dlsongs,2021-08-25,76,シェイプ・オブ・ユー,エド・シーラン,https://www.billboard-japan.com/charts/detail?a=dlsongs&year=2021&month=08&day=30
2021,dlsongs,2021-08-25,77,アイノカタチ feat.HIDE(GReeeeN),MISIA,https://www.billboard-japan.com/charts/detail?a=dlsongs&year=2021&month=08&day=30
2021,dlsongs,2021-08-25,78,怪盗,back number,https://www.billboard-japan.com/charts/detail?a=dlsongs&year=2021&month=08&day=30
2021,dlsongs,2021-08-25,79,うまぴょい伝説,Various Artists,https://www.billboard-japan.com/charts/detail?a=dlsongs&year=2021&month=08&day=30
2021,dlsongs,2021-08-25,80,MIRROR MIRROR,平井大,https://www.billboard-japan.com/charts/detail?a=dlsongs&year=2021&month=08&day=30
2021,dlsongs,2021-08-25,81,Midnight,大森元貴,https://www.billboard-japan.com/charts/detail?a=dlsongs&year=2021&month=08&day=30
2021,dlsongs,2021-08-25,82,ギャンブル,syudou,https://www.billboard-japan.com/charts/detail?a=dlsongs&year=2021&month=08&day=30
2021,dlsongs,2021-08-25,83,炎,LiSA,https://www.billboard-japan.com/charts/detail?a=dlsongs&year=2021&month=08&day=30
2021,dlsongs,2021-08-25,84,ツキミソウ,Novelbright,https://www.billboard-japan.com/charts/detail?a=dlsongs&year=2021&month=08&day=30
2021,dlsongs,2021-08-25,85,エンパシー,ASIAN KUNG-FU GENERATION,https://www.billboard-japan.com/charts/detail?a=dlsongs&year=2021&month=08&day=30
2021,dlsongs,2021-08-25,86,Like Flames,MindaRyn,https://www.billboard-japan.com/charts/detail?a=dlsongs&year=2021&month=08&day=30
2021,dlsongs,2021-08-25,87,ぽ,尾丸ポルカ,https://www.billboard-japan.com/charts/detail?a=dlsongs&year=2021&month=08&day=30
2021,dlsongs,2021-08-25,88,離れていても,WANIMA,https://www.billboard-japan.com/charts/detail?a=dlsongs&year=2021&month=08&day=30
2021,dlsongs,2021-08-25,89,FOREVER,L'Arc〜en〜Ciel,https://www.billboard-japan.com/charts/detail?a=dlsongs&year=2021&month=08&day=30
2021,dlsongs,2021-08-25,90,海想列車,湊あくあ,https://www.billboard-japan.com/charts/detail?a=dlsongs&year=2021&month=08&day=30
2021,dlsongs,2021-08-25,91,線香花火,三代目 J SOUL BROTHERS from EXILE TRIBE,https://www.billboard-japan.com/charts/detail?a=dlsongs&year=2021&month=08&day=30
2021,dlsongs,2021-08-25,92,Queendom,Red Velvet,https://www.billboard-japan.com/charts/detail?a=dlsongs&year=2021&month=08&day=30
2021,dlsongs,2021-08-25,93,猫 〜THE FIRST TAKE ver.〜,DISH//,https://www.billboard-japan.com/charts/detail?a=dlsongs&year=2021&month=08&day=30
2021,dlsongs,2021-08-25,94,Starting Now 〜新しい私へ,清水美依紗,https://www.billboard-japan.com/charts/detail?a=dlsongs&year=2021&month=08&day=30
2021,dlsongs,2021-08-25,95,ロマンスの約束,幾田りら,https://www.billboard-japan.com/charts/detail?a=dlsongs&year=2021&month=08&day=30
2021,dlsongs,2021-08-25,96,Lovesick Girls,BLACKPINK,https://www.billboard-japan.com/charts/detail?a=dlsongs&year=2021&month=08&day=30
2021,dlsongs,2021-08-25,97,家庭の事情,ZORN,https://www.billboard-japan.com/charts/detail?a=dlsongs&year=2021&month=08&day=30
2021,dlsongs,2021-08-25,98,Bad Apple!! feat.nomico,Alstroemeria Records,https://www.billboard-japan.com/charts/detail?a=dlsongs&year=2021&month=08&day=30
2021,dlsongs,2021-08-25,98,Grateful Days,GADORO,https://www.billboard-japan.com/charts/detail?a=dlsongs&year=2021&month=08&day=30
2021,dlsongs,2021-08-25,100,マリーゴールド,あいみょん,https://www.billboard-japan.com/charts/detail?a=dlsongs&year=2021&month=08&day=30
2021,dlsongs,2021-08-25,100,雅-MIYABI-,すゑひろがりず,https://www.billboard-japan.com/charts/detail?a=dlsongs&year=2021&month=08&day=30
2021,dlsongs,2021-09-01,1,水平線,back number,https://www.billboard-japan.com/charts/detail?a=dlsongs&year=2021&month=09&day=06
2021,dlsongs,2021-09-01,2,ドライフラワー,優里,https://www.billboard-japan.com/charts/detail?a=dlsongs&year=2021&month=09&day=06
2021,dlsongs,2021-09-01,3,アポトーシス,Official髭男dism,https://www.billboard-japan.com/charts/detail?a=dlsongs&year=2021&month=09&day=06
2021,dlsongs,2021-09-01,4,U,millennium parade × Belle,https://www.billboard-japan.com/charts/detail?a=dlsongs&year=2021&month=09&day=06
2021,dlsongs,2021-09-01,5,Shining One,BE:FIRST,https://www.billboard-japan.com/charts/detail?a=dlsongs&year=2021&month=09&day=06
2021,dlsongs,2021-09-01,6,Cry Baby,Official髭男dism,https://www.billboard-japan.com/charts/detail?a=dlsongs&year=2021&month=09&day=06
2021,dlsongs,2021-09-01,7,三原色,YOASOBI,https://www.billboard-japan.com/charts/detail?a=dlsongs&year=2021&month=09&day=06
2021,dlsongs,2021-09-01,8,LITMUS,緑黄色社会,https://www.billboard-japan.com/charts/detail?a=dlsongs&year=2021&month=09&day=06
2021,dlsongs,2021-09-01,9,Permission to Dance,BTS,https://www.billboard-japan.com/charts/detail?a=dlsongs&year=2021&month=09&day=06
2021,dlsongs,2021-09-01,10,ラブレター,YOASOBI,https://www.billboard-japan.com/charts/detail?a=dlsongs&year=2021&month=09&day=06
2021,dlsongs,2021-09-01,11,群青,YOASOBI,https://www.billboard-japan.com/charts/detail?a=dlsongs&year=2021&month=09&day=06
2021,dlsongs,2021-09-01,12,自分勝手Dazzling,星街すいせい,https://www.billboard-japan.com/charts/detail?a=dlsongs&year=2021&month=09&day=06
2021,dlsongs,2021-09-01,13,勿忘,Awesome City Club,https://www.billboard-japan.com/charts/detail?a=dlsongs&year=2021&month=09&day=06
2021,dlsongs,2021-09-01,14,Love Song,Uru,https://www.billboard-japan.com/charts/detail?a=dlsongs&year=2021&month=09&day=06
2021,dlsongs,2021-09-01,15,Butter,BTS,https://www.billboard-japan.com/charts/detail?a=dlsongs&year=2021&month=09&day=06
2021,dlsongs,2021-09-01,16,未来予報ハレルヤ!,Liella!,https://www.billboard-japan.com/charts/detail?a=dlsongs&year=2021&month=09&day=06
2021,dlsongs,2021-09-01,17,Tiny Stars,"澁谷かのん(伊達さゆり),唐可可(Liyuu)",https://www.billboard-japan.com/charts/detail?a=dlsongs&year=2021&month=09&day=06
2021,dlsongs,2021-09-01,18,アカリ,GReeeeN,https://www.billboard-japan.com/charts/detail?a=dlsongs&year=2021&month=09&day=06
2021,dlsongs,2021-09-01,19,歌よ,Belle,https://www.billboard-japan.com/charts/detail?a=dlsongs&year=2021&month=09&day=06
2021,dlsongs,2021-09-01,20,踊,Ado,https://www.billboard-japan.com/charts/detail?a=dlsongs&year=2021&month=09&day=06
2021,dlsongs,2021-09-01,21,Howling,大神ミオ,https://www.billboard-japan.com/charts/detail?a=dlsongs&year=2021&month=09&day=06
2021,dlsongs,2021-09-01,22,怪物,YOASOBI,https://www.billboard-japan.com/charts/detail?a=dlsongs&year=2021&month=09&day=06
2021,dlsongs,2021-09-01,23,Mela!,緑黄色社会,https://www.billboard-japan.com/charts/detail?a=dlsongs&year=2021&month=09&day=06
2021,dlsongs,2021-09-01,24,FIRE,HIKAKIN & SEIKIN,https://www.billboard-japan.com/charts/detail?a=dlsongs&year=2021&month=09&day=06
2021,dlsongs,2021-09-01,25,バイバイレイニー,星街すいせい,https://www.billboard-japan.com/charts/detail?a=dlsongs&year=2021&month=09&day=06
2021,dlsongs,2021-09-01,26,歌を歌おう,MISIA,https://www.billboard-japan.com/charts/detail?a=dlsongs&year=2021&month=09&day=06
2021,dlsongs,2021-09-01,27,きらり,藤井風,https://www.billboard-japan.com/charts/detail?a=dlsongs&year=2021&month=09&day=06
2021,dlsongs,2021-09-01,28,HADASHi NO STEP,LiSA,https://www.billboard-japan.com/charts/detail?a=dlsongs&year=2021&month=09&day=06
2021,dlsongs,2021-09-01,29,カイト,嵐,https://www.billboard-japan.com/charts/detail?a=dlsongs&year=2021&month=09&day=06
2021,dlsongs,2021-09-01,30,Ordinary days,milet,https://www.billboard-japan.com/charts/detail?a=dlsongs&year=2021&month=09&day=06
2021,dlsongs,2021-09-01,31,VOY@GER,THE IDOLM@STER FIVE STARS!!!!!,https://www.billboard-japan.com/charts/detail?a=dlsongs&year=2021&month=09&day=06
2021,dlsongs,2021-09-01,32,Battle of Pride,ヒプノシスマイク-D.R.B- Rule the Stage (Division All Stars),https://www.billboard-japan.com/charts/detail?a=dlsongs&year=2021&month=09&day=06
2021,dlsongs,2021-09-01,33,なないろ,BUMP OF CHICKEN,https://www.billboard-japan.com/charts/detail?a=dlsongs&year=2021&month=09&day=06
2021,dlsongs,2021-09-01,34,夜に駆ける,YOASOBI,https://www.billboard-japan.com/charts/detail?a=dlsongs&year=2021&month=09&day=06
2021,dlsongs,2021-09-01,35,ステイ,ザ・キッド・ラロイxジャスティン・ビーバー,https://www.billboard-japan.com/charts/detail?a=dlsongs&year=2021&month=09&day=06
2021,dlsongs,2021-09-01,36,青と夏,Mrs.GREEN APPLE,https://www.billboard-japan.com/charts/detail?a=dlsongs&year=2021&month=09&day=06
2021,dlsongs,2021-09-01,37,Dynamite,BTS,https://www.billboard-japan.com/charts/detail?a=dlsongs&year=2021&month=09&day=06
2021,dlsongs,2021-09-01,38,会いたくて,Ado,https://www.billboard-japan.com/charts/detail?a=dlsongs&year=2021&month=09&day=06
2021,dlsongs,2021-09-01,39,老人と海,ヨルシカ,https://www.billboard-japan.com/charts/detail?a=dlsongs&year=2021&month=09&day=06
2021,dlsongs,2021-09-01,40,愛のシュプリーム!,fhana,https://www.billboard-japan.com/charts/detail?a=dlsongs&year=2021&month=09&day=06
2021,dlsongs,2021-09-01,40,mayday、mayday,角巻わため,https://www.billboard-japan.com/charts/detail?a=dlsongs&year=2021&month=09&day=06
2021,dlsongs,2021-09-01,42,SMILE〜晴れ渡る空のように〜,桑田佳祐,https://www.billboard-japan.com/charts/detail?a=dlsongs&year=2021&month=09&day=06
2021,dlsongs,2021-09-01,43,星の旅人,渡辺さらさ(千本木彩花)/奈良田愛(花守ゆみり),https://www.billboard-japan.com/charts/detail?a=dlsongs&year=2021&month=09&day=06
2021,dlsongs,2021-09-01,44,特者生存ワンダラダー!!,天音かなた,https://www.billboard-japan.com/charts/detail?a=dlsongs&year=2021&month=09&day=06
2021,dlsongs,2021-09-01,45,閃光,[Alexandros],https://www.billboard-japan.com/charts/detail?a=dlsongs&year=2021&month=09&day=06
2021,dlsongs,2021-09-01,46,Like Flames,MindaRyn,https://www.billboard-japan.com/charts/detail?a=dlsongs&year=2021&month=09&day=06
2021,dlsongs,2021-09-01,47,ily…,平井大,https://www.billboard-japan.com/charts/detail?a=dlsongs&year=2021&month=09&day=06
2021,dlsongs,2021-09-01,48,来鳥江,UVERworld feat.山田孝之/愛笑む from 徳川eq.,https://www.billboard-japan.com/charts/detail?a=dlsongs&year=2021&month=09&day=06
2021,dlsongs,2021-09-01,49,魔法の絨毯,川崎鷹也,https://www.billboard-japan.com/charts/detail?a=dlsongs&year=2021&month=09&day=06
2021,dlsongs,2021-09-01,50,心のそばに,Belle,https://www.billboard-japan.com/charts/detail?a=dlsongs&year=2021&month=09&day=06
2021,dlsongs,2021-09-01,51,Blue Moon,絢香,https://www.billboard-japan.com/charts/detail?a=dlsongs&year=2021&month=09&day=06
2021,dlsongs,2021-09-01,52,All Good,ASTRO,https://www.billboard-japan.com/charts/detail?a=dlsongs&year=2021&month=09&day=06
2021,dlsongs,2021-09-01,53,はなればなれの君へ,Belle,https://www.billboard-japan.com/charts/detail?a=dlsongs&year=2021&month=09&day=06
2021,dlsongs,2021-09-01,54,真夏のダイヤ☆,"百瀬莉緒(山口立花子),萩原雪歩(浅倉杏美),田中琴葉(種田梨沙),双海真美(下田麻美)",https://www.billboard-japan.com/charts/detail?a=dlsongs&year=2021&month=09&day=06
2021,dlsongs,2021-09-01,55,Starting Now 〜新しい私へ,清水美依紗,https://www.billboard-japan.com/charts/detail?a=dlsongs&year=2021&month=09&day=06
2021,dlsongs,2021-09-01,56,Renegades,ONE OK ROCK,https://www.billboard-japan.com/charts/detail?a=dlsongs&year=2021&month=09&day=06
2021,dlsongs,2021-09-01,57,うっせぇわ,Ado,https://www.billboard-japan.com/charts/detail?a=dlsongs&year=2021&month=09&day=06
2021,dlsongs,2021-09-01,58,115万キロのフィルム,Official髭男dism,https://www.billboard-japan.com/charts/detail?a=dlsongs&year=2021&month=09&day=06
2021,dlsongs,2021-09-01,59,薔薇と私,星野薫(大地葉)/沢田千夏(松田利冴)/沢田千秋(松田颯水),https://www.billboard-japan.com/charts/detail?a=dlsongs&year=2021&month=09&day=06
2021,dlsongs,2021-09-01,60,ヨワネハキ,"MAISONdes feat.和ぬか, asmi",https://www.billboard-japan.com/charts/detail?a=dlsongs&year=2021&month=09&day=06
2021,dlsongs,2021-09-01,61,GOING UP,Liella!,https://www.billboard-japan.com/charts/detail?a=dlsongs&year=2021&month=09&day=06
2021,dlsongs,2021-09-01,62,1.2.3!,Liella!,https://www.billboard-japan.com/charts/detail?a=dlsongs&year=2021&month=09&day=06
2021,dlsongs,2021-09-01,63,Thunderous,Stray Kids,https://www.billboard-japan.com/charts/detail?a=dlsongs&year=2021&month=09&day=06
2021,dlsongs,2021-09-01,64,ツキミソウ,Novelbright,https://www.billboard-japan.com/charts/detail?a=dlsongs&year=2021&month=09&day=06
2021,dlsongs,2021-09-01,65,Don't hold me back,山本彩,https://www.billboard-japan.com/charts/detail?a=dlsongs&year=2021&month=09&day=06
2021,dlsongs,2021-09-01,66,Pretender,Official髭男dism,https://www.billboard-japan.com/charts/detail?a=dlsongs&year=2021&month=09&day=06
2021,dlsongs,2021-09-01,67,わんわん!わおーん,大神ミオ,https://www.billboard-japan.com/charts/detail?a=dlsongs&year=2021&month=09&day=06
2021,dlsongs,2021-09-01,68,YY,ロイ-ROE-,https://www.billboard-japan.com/charts/detail?a=dlsongs&year=2021&month=09&day=06
2021,dlsongs,2021-09-01,69,Butter (feat. Megan Thee Stallion),BTS,https://www.billboard-japan.com/charts/detail?a=dlsongs&year=2021&month=09&day=06
2021,dlsongs,2021-09-01,70,シナヤカナミライ,杉本紗和(上坂すみれ)/山田彩子(佐々木李子),https://www.billboard-japan.com/charts/detail?a=dlsongs&year=2021&month=09&day=06
2021,dlsongs,2021-09-01,71,もう少しだけ,YOASOBI,https://www.billboard-japan.com/charts/detail?a=dlsongs&year=2021&month=09&day=06
2021,dlsongs,2021-09-01,72,しょうもな,クリープハイプ,https://www.billboard-japan.com/charts/detail?a=dlsongs&year=2021&month=09&day=06
2021,dlsongs,2021-09-01,73,花束のかわりにメロディーを,清水翔太,https://www.billboard-japan.com/charts/detail?a=dlsongs&year=2021&month=09&day=06
2021,dlsongs,2021-09-01,74,春を告げる,yama,https://www.billboard-japan.com/charts/detail?a=dlsongs&year=2021&month=09&day=06
2021,dlsongs,2021-09-01,75,紡 -TSUMUGI-,DA PUMP,https://www.billboard-japan.com/charts/detail?a=dlsongs&year=2021&month=09&day=06
2021,dlsongs,2021-09-01,76,Missing Promise,鈴木このみ,https://www.billboard-japan.com/charts/detail?a=dlsongs&year=2021&month=09&day=06
2021,dlsongs,2021-09-01,77,炎の聖歌隊 [Choir(クワイア)],桑田佳祐,https://www.billboard-japan.com/charts/detail?a=dlsongs&year=2021&month=09&day=06
2021,dlsongs,2021-09-01,78,廻廻奇譚,Eve,https://www.billboard-japan.com/charts/detail?a=dlsongs&year=2021&month=09&day=06
2021,dlsongs,2021-09-01,79,うまぴょい伝説,Various Artists,https://www.billboard-japan.com/charts/detail?a=dlsongs&year=2021&month=09&day=06
2021,dlsongs,2021-09-01,80,メイジ・オブ・ヴァイオレット,紫咲シオン,https://www.billboard-japan.com/charts/detail?a=dlsongs&year=2021&month=09&day=06
2021,dlsongs,2021-09-01,81,Merry-Go-Round,MAN WITH A MISSION,https://www.billboard-japan.com/charts/detail?a=dlsongs&year=2021&month=09&day=06
2021,dlsongs,2021-09-01,82,One Last Kiss,宇多田ヒカル,https://www.billboard-japan.com/charts/detail?a=dlsongs&year=2021&month=09&day=06
2021,dlsongs,2021-09-01,83,白日,King Gnu,https://www.billboard-japan.com/charts/detail?a=dlsongs&year=2021&month=09&day=06
2021,dlsongs,2021-09-01,84,Pale Blue,米津玄師,https://www.billboard-japan.com/charts/detail?a=dlsongs&year=2021&month=09&day=06
2021,dlsongs,2021-09-01,85,Be Free -from Audition THE FIRST-,THE FIRST -BMSG Audition prod. by SKY-HI-,https://www.billboard-japan.com/charts/detail?a=dlsongs&year=2021&month=09&day=06
2021,dlsongs,2021-09-01,86,花占い,Vaundy,https://www.billboard-japan.com/charts/detail?a=dlsongs&year=2021&month=09&day=06
2021,dlsongs,2021-09-01,87,アイノカタチ feat.HIDE(GReeeeN),MISIA,https://www.billboard-japan.com/charts/detail?a=dlsongs&year=2021&month=09&day=06
2021,dlsongs,2021-09-01,88,虹,菅田将暉,https://www.billboard-japan.com/charts/detail?a=dlsongs&year=2021&month=09&day=06
2021,dlsongs,2021-09-01,89,Reincarnate,寺島拓篤,https://www.billboard-japan.com/charts/detail?a=dlsongs&year=2021&month=09&day=06
2021,dlsongs,2021-09-01,90,CITRUS,Da-iCE,https://www.billboard-japan.com/charts/detail?a=dlsongs&year=2021&month=09&day=06
2021,dlsongs,2021-09-01,91,夏の午後はコバルト,Awesome City Club,https://www.billboard-japan.com/charts/detail?a=dlsongs&year=2021&month=09&day=06
2021,dlsongs,2021-09-01,92,ケアレス,ClariS,https://www.billboard-japan.com/charts/detail?a=dlsongs&year=2021&month=09&day=06
2021,dlsongs,2021-09-01,93,未来は風のように,Liella!,https://www.billboard-japan.com/charts/detail?a=dlsongs&year=2021&month=09&day=06
2021,dlsongs,2021-09-01,94,ギラギラ,Ado,https://www.billboard-japan.com/charts/detail?a=dlsongs&year=2021&month=09&day=06
2021,dlsongs,2021-09-01,95,Unison,"宝鐘マリン,Yunomi",https://www.billboard-japan.com/charts/detail?a=dlsongs&year=2021&month=09&day=06
2021,dlsongs,2021-09-01,96,ギャンブル,syudou,https://www.billboard-japan.com/charts/detail?a=dlsongs&year=2021&month=09&day=06
2021,dlsongs,2021-09-01,97,これからのこと、それからのこと,緑黄色社会,https://www.billboard-japan.com/charts/detail?a=dlsongs&year=2021&month=09&day=06
2021,dlsongs,2021-09-01,98,炎,LiSA,https://www.billboard-japan.com/charts/detail?a=dlsongs&year=2021&month=09&day=06
2021,dlsongs,2021-09-01,99,To The First -from Audition THE FIRST-,THE FIRST -BMSG Audition prod. by SKY-HI-,https://www.billboard-japan.com/charts/detail?a=dlsongs&year=2021&month=09&day=06
2021,dlsongs,2021-09-01,100,Surges,Orangestar,https://www.billboard-japan.com/charts/detail?a=dlsongs&year=2021&month=09&day=06
2021,dlsongs,2021-09-08,1,生命線,ReoNa,https://www.billboard-japan.com/charts/detail?a=dlsongs&year=2021&month=09&day=13
2021,dlsongs,2021-09-08,2,燃えよ,藤井風,https://www.billboard-japan.com/charts/detail?a=dlsongs&year=2021&month=09&day=13
2021,dlsongs,2021-09-08,3,Soulコブラツイスト〜魂の悶絶,桑田佳祐,https://www.billboard-japan.com/charts/detail?a=dlsongs&year=2021&month=09&day=13
2021,dlsongs,2021-09-08,4,水平線,back number,https://www.billboard-japan.com/charts/detail?a=dlsongs&year=2021&month=09&day=13
2021,dlsongs,2021-09-08,5,Cry Baby,Official髭男dism,https://www.billboard-japan.com/charts/detail?a=dlsongs&year=2021&month=09&day=13
2021,dlsongs,2021-09-08,6,ドライフラワー,優里,https://www.billboard-japan.com/charts/detail?a=dlsongs&year=2021&month=09&day=13
2021,dlsongs,2021-09-08,7,ジュブナイル,ReoNa,https://www.billboard-japan.com/charts/detail?a=dlsongs&year=2021&month=09&day=13
2021,dlsongs,2021-09-08,8,アポトーシス,Official髭男dism,https://www.billboard-japan.com/charts/detail?a=dlsongs&year=2021&month=09&day=13
2021,dlsongs,2021-09-08,9,Believer,ReoNa,https://www.billboard-japan.com/charts/detail?a=dlsongs&year=2021&month=09&day=13
2021,dlsongs,2021-09-08,10,ラブレター,YOASOBI,https://www.billboard-japan.com/charts/detail?a=dlsongs&year=2021&month=09&day=13
2021,dlsongs,2021-09-08,11,Lost,ReoNa,https://www.billboard-japan.com/charts/detail?a=dlsongs&year=2021&month=09&day=13
2021,dlsongs,2021-09-08,12,LITMUS,緑黄色社会,https://www.billboard-japan.com/charts/detail?a=dlsongs&year=2021&month=09&day=13
2021,dlsongs,2021-09-08,13,U,millennium parade × Belle,https://www.billboard-japan.com/charts/detail?a=dlsongs&year=2021&month=09&day=13
2021,dlsongs,2021-09-08,14,Mela!,緑黄色社会,https://www.billboard-japan.com/charts/detail?a=dlsongs&year=2021&month=09&day=13
2021,dlsongs,2021-09-08,15,Permission to Dance,BTS,https://www.billboard-japan.com/charts/detail?a=dlsongs&year=2021&month=09&day=13
2021,dlsongs,2021-09-08,16,三原色,YOASOBI,https://www.billboard-japan.com/charts/detail?a=dlsongs&year=2021&month=09&day=13
2021,dlsongs,2021-09-08,17,Butter,BTS,https://www.billboard-japan.com/charts/detail?a=dlsongs&year=2021&month=09&day=13
2021,dlsongs,2021-09-08,18,踊,Ado,https://www.billboard-japan.com/charts/detail?a=dlsongs&year=2021&month=09&day=13
2021,dlsongs,2021-09-08,19,Hoodstar +,Division All Stars,https://www.billboard-japan.com/charts/detail?a=dlsongs&year=2021&month=09&day=13
2021,dlsongs,2021-09-08,20,カイト,嵐,https://www.billboard-japan.com/charts/detail?a=dlsongs&year=2021&month=09&day=13
2021,dlsongs,2021-09-08,21,群青,YOASOBI,https://www.billboard-japan.com/charts/detail?a=dlsongs&year=2021&month=09&day=13
2021,dlsongs,2021-09-08,22,怪物,YOASOBI,https://www.billboard-japan.com/charts/detail?a=dlsongs&year=2021&month=09&day=13
2021,dlsongs,2021-09-08,23,きらり,藤井風,https://www.billboard-japan.com/charts/detail?a=dlsongs&year=2021&month=09&day=13
2021,dlsongs,2021-09-08,24,アカリ,GReeeeN,https://www.billboard-japan.com/charts/detail?a=dlsongs&year=2021&month=09&day=13
2021,dlsongs,2021-09-08,25,なないろ,BUMP OF CHICKEN,https://www.billboard-japan.com/charts/detail?a=dlsongs&year=2021&month=09&day=13
2021,dlsongs,2021-09-08,26,勿忘,Awesome City Club,https://www.billboard-japan.com/charts/detail?a=dlsongs&year=2021&month=09&day=13
2021,dlsongs,2021-09-08,27,Another Rampage,ストレイライト,https://www.billboard-japan.com/charts/detail?a=dlsongs&year=2021&month=09&day=13
2021,dlsongs,2021-09-08,28,ヨワネハキ,"MAISONdes feat.和ぬか, asmi",https://www.billboard-japan.com/charts/detail?a=dlsongs&year=2021&month=09&day=13
2021,dlsongs,2021-09-08,29,HADASHi NO STEP,LiSA,https://www.billboard-japan.com/charts/detail?a=dlsongs&year=2021&month=09&day=13
2021,dlsongs,2021-09-08,30,Shining One,BE:FIRST,https://www.billboard-japan.com/charts/detail?a=dlsongs&year=2021&month=09&day=13
2021,dlsongs,2021-09-08,31,Love Song,Uru,https://www.billboard-japan.com/charts/detail?a=dlsongs&year=2021&month=09&day=13
2021,dlsongs,2021-09-08,32,ステイ,ザ・キッド・ラロイxジャスティン・ビーバー,https://www.billboard-japan.com/charts/detail?a=dlsongs&year=2021&month=09&day=13
2021,dlsongs,2021-09-08,33,花月ノ夢,さくらみこ,https://www.billboard-japan.com/charts/detail?a=dlsongs&year=2021&month=09&day=13
2021,dlsongs,2021-09-08,34,Dynamite,BTS,https://www.billboard-japan.com/charts/detail?a=dlsongs&year=2021&month=09&day=13
2021,dlsongs,2021-09-08,35,Lost,ZORN,https://www.billboard-japan.com/charts/detail?a=dlsongs&year=2021&month=09&day=13
2021,dlsongs,2021-09-08,36,夜に駆ける,YOASOBI,https://www.billboard-japan.com/charts/detail?a=dlsongs&year=2021&month=09&day=13
2021,dlsongs,2021-09-08,37,歌よ,Belle,https://www.billboard-japan.com/charts/detail?a=dlsongs&year=2021&month=09&day=13
2021,dlsongs,2021-09-08,38,SOUL,UVERworld feat.青山テルマ/愛笑む from 徳川eq.,https://www.billboard-japan.com/charts/detail?a=dlsongs&year=2021&month=09&day=13
2021,dlsongs,2021-09-08,39,会いたくて,Ado,https://www.billboard-japan.com/charts/detail?a=dlsongs&year=2021&month=09&day=13
2021,dlsongs,2021-09-08,40,Ordinary days,milet,https://www.billboard-japan.com/charts/detail?a=dlsongs&year=2021&month=09&day=13
2021,dlsongs,2021-09-08,41,YY,ロイ-ROE-,https://www.billboard-japan.com/charts/detail?a=dlsongs&year=2021&month=09&day=13
2021,dlsongs,2021-09-08,42,SMILE〜晴れ渡る空のように〜,桑田佳祐,https://www.billboard-japan.com/charts/detail?a=dlsongs&year=2021&month=09&day=13
2021,dlsongs,2021-09-08,43,閃光,[Alexandros],https://www.billboard-japan.com/charts/detail?a=dlsongs&year=2021&month=09&day=13
2021,dlsongs,2021-09-08,44,愛のシュプリーム!,fhana,https://www.billboard-japan.com/charts/detail?a=dlsongs&year=2021&month=09&day=13
2021,dlsongs,2021-09-08,45,優しさの剣,Novelbright,https://www.billboard-japan.com/charts/detail?a=dlsongs&year=2021&month=09&day=13
2021,dlsongs,2021-09-08,46,来鳥江,UVERworld feat.山田孝之/愛笑む from 徳川eq.,https://www.billboard-japan.com/charts/detail?a=dlsongs&year=2021&month=09&day=13
2021,dlsongs,2021-09-08,47,うっせぇわ,Ado,https://www.billboard-japan.com/charts/detail?a=dlsongs&year=2021&month=09&day=13
2021,dlsongs,2021-09-08,48,Missing Promise,鈴木このみ,https://www.billboard-japan.com/charts/detail?a=dlsongs&year=2021&month=09&day=13
2021,dlsongs,2021-09-08,49,青と夏,Mrs.GREEN APPLE,https://www.billboard-japan.com/charts/detail?a=dlsongs&year=2021&month=09&day=13
2021,dlsongs,2021-09-08,50,もう少しだけ,YOASOBI,https://www.billboard-japan.com/charts/detail?a=dlsongs&year=2021&month=09&day=13
2021,dlsongs,2021-09-08,51,我武者羅,CHiCO with HoneyWorks,https://www.billboard-japan.com/charts/detail?a=dlsongs&year=2021&month=09&day=13
2021,dlsongs,2021-09-08,52,家庭の事情,ZORN,https://www.billboard-japan.com/charts/detail?a=dlsongs&year=2021&month=09&day=13
2021,dlsongs,2021-09-08,53,魔法の絨毯,川崎鷹也,https://www.billboard-japan.com/charts/detail?a=dlsongs&year=2021&month=09&day=13
2021,dlsongs,2021-09-08,54,Like Flames,MindaRyn,https://www.billboard-japan.com/charts/detail?a=dlsongs&year=2021&month=09&day=13
2021,dlsongs,2021-09-08,55,FIRE,HIKAKIN & SEIKIN,https://www.billboard-japan.com/charts/detail?a=dlsongs&year=2021&month=09&day=13
2021,dlsongs,2021-09-08,56,心のそばに,Belle,https://www.billboard-japan.com/charts/detail?a=dlsongs&year=2021&month=09&day=13
2021,dlsongs,2021-09-08,57,ムーンライトディスコ,月都スペクタクル,https://www.billboard-japan.com/charts/detail?a=dlsongs&year=2021&month=09&day=13
2021,dlsongs,2021-09-08,58,うまぴょい伝説,Various Artists,https://www.billboard-japan.com/charts/detail?a=dlsongs&year=2021&month=09&day=13
2021,dlsongs,2021-09-08,59,踊 (Bon-Odo Remix),Ado,https://www.billboard-japan.com/charts/detail?a=dlsongs&year=2021&month=09&day=13
2021,dlsongs,2021-09-08,60,はなればなれの君へ,Belle,https://www.billboard-japan.com/charts/detail?a=dlsongs&year=2021&month=09&day=13
2021,dlsongs,2021-09-08,61,炎の聖歌隊 [Choir(クワイア)],桑田佳祐,https://www.billboard-japan.com/charts/detail?a=dlsongs&year=2021&month=09&day=13
2021,dlsongs,2021-09-08,62,Pretender,Official髭男dism,https://www.billboard-japan.com/charts/detail?a=dlsongs&year=2021&month=09&day=13
2021,dlsongs,2021-09-08,63,廻廻奇譚,Eve,https://www.billboard-japan.com/charts/detail?a=dlsongs&year=2021&month=09&day=13
2021,dlsongs,2021-09-08,64,Pale Blue,米津玄師,https://www.billboard-japan.com/charts/detail?a=dlsongs&year=2021&month=09&day=13
2021,dlsongs,2021-09-08,65,Merry-Go-Round,MAN WITH A MISSION,https://www.billboard-japan.com/charts/detail?a=dlsongs&year=2021&month=09&day=13
2021,dlsongs,2021-09-08,66,CITRUS,Da-iCE,https://www.billboard-japan.com/charts/detail?a=dlsongs&year=2021&month=09&day=13
2021,dlsongs,2021-09-08,67,Surges,Orangestar,https://www.billboard-japan.com/charts/detail?a=dlsongs&year=2021&month=09&day=13
2021,dlsongs,2021-09-08,68,自分勝手Dazzling,星街すいせい,https://www.billboard-japan.com/charts/detail?a=dlsongs&year=2021&month=09&day=13
2021,dlsongs,2021-09-08,69,ギラギラ,Ado,https://www.billboard-japan.com/charts/detail?a=dlsongs&year=2021&month=09&day=13
2021,dlsongs,2021-09-08,70,星の旅人,渡辺さらさ(千本木彩花)/奈良田愛(花守ゆみり),https://www.billboard-japan.com/charts/detail?a=dlsongs&year=2021&month=09&day=13
2021,dlsongs,2021-09-08,71,YOKAZE,変態紳士クラブ,https://www.billboard-japan.com/charts/detail?a=dlsongs&year=2021&month=09&day=13
2021,dlsongs,2021-09-08,72,かくれんぼ,優里,https://www.billboard-japan.com/charts/detail?a=dlsongs&year=2021&month=09&day=13
2021,dlsongs,2021-09-08,73,ily…,平井大,https://www.billboard-japan.com/charts/detail?a=dlsongs&year=2021&month=09&day=13
2021,dlsongs,2021-09-08,74,Ring,浦島坂田船,https://www.billboard-japan.com/charts/detail?a=dlsongs&year=2021&month=09&day=13
2021,dlsongs,2021-09-08,75,Nomad,Zion.T & 星野源,https://www.billboard-japan.com/charts/detail?a=dlsongs&year=2021&month=09&day=13
2021,dlsongs,2021-09-08,76,Promise Cinderella ft.Ashley Alisha,やまだ豊,https://www.billboard-japan.com/charts/detail?a=dlsongs&year=2021&month=09&day=13
2021,dlsongs,2021-09-08,77,エヴァーブルー,尾丸ポルカ,https://www.billboard-japan.com/charts/detail?a=dlsongs&year=2021&month=09&day=13
2021,dlsongs,2021-09-08,78,115万キロのフィルム,Official髭男dism,https://www.billboard-japan.com/charts/detail?a=dlsongs&year=2021&month=09&day=13
2021,dlsongs,2021-09-08,79,VOY@GER,THE IDOLM@STER FIVE STARS!!!!!,https://www.billboard-japan.com/charts/detail?a=dlsongs&year=2021&month=09&day=13
2021,dlsongs,2021-09-08,80,Stay Gold,ZORN,https://www.billboard-japan.com/charts/detail?a=dlsongs&year=2021&month=09&day=13
2021,dlsongs,2021-09-08,81,Dive To World feat. Takuya Yamanaka (THE ORAL CIGARETTES),SKY-HI,https://www.billboard-japan.com/charts/detail?a=dlsongs&year=2021&month=09&day=13
2021,dlsongs,2021-09-08,82,花占い,Vaundy,https://www.billboard-japan.com/charts/detail?a=dlsongs&year=2021&month=09&day=13
2021,dlsongs,2021-09-08,83,One Last Kiss,宇多田ヒカル,https://www.billboard-japan.com/charts/detail?a=dlsongs&year=2021&month=09&day=13
2021,dlsongs,2021-09-08,84,realizer,浦島坂田船,https://www.billboard-japan.com/charts/detail?a=dlsongs&year=2021&month=09&day=13
2021,dlsongs,2021-09-08,85,のびしろ,Creepy Nuts,https://www.billboard-japan.com/charts/detail?a=dlsongs&year=2021&month=09&day=13
2021,dlsongs,2021-09-08,86,Hate that… (feat. TAEYEON),KEY,https://www.billboard-japan.com/charts/detail?a=dlsongs&year=2021&month=09&day=13
2021,dlsongs,2021-09-08,87,ギャンブル,syudou,https://www.billboard-japan.com/charts/detail?a=dlsongs&year=2021&month=09&day=13
2021,dlsongs,2021-09-08,88,ツキミソウ,Novelbright,https://www.billboard-japan.com/charts/detail?a=dlsongs&year=2021&month=09&day=13
2021,dlsongs,2021-09-08,89,真夏のダイヤ☆,"百瀬莉緒(山口立花子),萩原雪歩(浅倉杏美),田中琴葉(種田梨沙),双海真美(下田麻美)",https://www.billboard-japan.com/charts/detail?a=dlsongs&year=2021&month=09&day=13
2021,dlsongs,2021-09-08,90,老人と海,ヨルシカ,https://www.billboard-japan.com/charts/detail?a=dlsongs&year=2021&month=09&day=13
2021,dlsongs,2021-09-08,90,ナイトダンサー,秋山黄色,https://www.billboard-japan.com/charts/detail?a=dlsongs&year=2021&month=09&day=13
2021,dlsongs,2021-09-08,92,若者のすべて,フジファブリック,https://www.billboard-japan.com/charts/detail?a=dlsongs&year=2021&month=09&day=13
2021,dlsongs,2021-09-08,93,ケアレス,ClariS,https://www.billboard-japan.com/charts/detail?a=dlsongs&year=2021&month=09&day=13
2021,dlsongs,2021-09-08,94,Blue Moon,絢香,https://www.billboard-japan.com/charts/detail?a=dlsongs&year=2021&month=09&day=13
2021,dlsongs,2021-09-08,95,名前を呼ぶよ,SUPER BEAVER,https://www.billboard-japan.com/charts/detail?a=dlsongs&year=2021&month=09&day=13
2021,dlsongs,2021-09-08,96,さしみお feat.スバおか,大神ミオ,https://www.billboard-japan.com/charts/detail?a=dlsongs&year=2021&month=09&day=13
2021,dlsongs,2021-09-08,97,虹,菅田将暉,https://www.billboard-japan.com/charts/detail?a=dlsongs&year=2021&month=09&day=13
2021,dlsongs,2021-09-08,98,liveDevil feat. 木村昴,Da-iCE,https://www.billboard-japan.com/charts/detail?a=dlsongs&year=2021&month=09&day=13
2021,dlsongs,2021-09-08,99,花束のかわりにメロディーを,清水翔太,https://www.billboard-japan.com/charts/detail?a=dlsongs&year=2021&month=09&day=13
2021,dlsongs,2021-09-08,100,春を告げる,yama,https://www.billboard-japan.com/charts/detail?a=dlsongs&year=2021&month=09&day=13
2021,dlsongs,2021-09-15,1,HADASHi NO STEP,LiSA,https://www.billboard-japan.com/charts/detail?a=dlsongs&year=2021&month=09&day=20
2021,dlsongs,2021-09-15,2,Cry Baby,Official髭男dism,https://www.billboard-japan.com/charts/detail?a=dlsongs&year=2021&month=09&day=20
2021,dlsongs,2021-09-15,3,水平線,back number,https://www.billboard-japan.com/charts/detail?a=dlsongs&year=2021&month=09&day=20
2021,dlsongs,2021-09-15,4,生命線,ReoNa,https://www.billboard-japan.com/charts/detail?a=dlsongs&year=2021&month=09&day=20
2021,dlsongs,2021-09-15,5,Artistic Partisan,ALKALOID × Valkyrie,https://www.billboard-japan.com/charts/detail?a=dlsongs&year=2021&month=09&day=20
2021,dlsongs,2021-09-15,6,We Just Go Hard feat.AK-69,KAT-TUN,https://www.billboard-japan.com/charts/detail?a=dlsongs&year=2021&month=09&day=20
2021,dlsongs,2021-09-15,7,燃えよ,藤井風,https://www.billboard-japan.com/charts/detail?a=dlsongs&year=2021&month=09&day=20
2021,dlsongs,2021-09-15,8,ドライフラワー,優里,https://www.billboard-japan.com/charts/detail?a=dlsongs&year=2021&month=09&day=20
2021,dlsongs,2021-09-15,9,LITMUS,緑黄色社会,https://www.billboard-japan.com/charts/detail?a=dlsongs&year=2021&month=09&day=20
2021,dlsongs,2021-09-15,10,ラブレター,YOASOBI,https://www.billboard-japan.com/charts/detail?a=dlsongs&year=2021&month=09&day=20
2021,dlsongs,2021-09-15,11,ジュブナイル,ReoNa,https://www.billboard-japan.com/charts/detail?a=dlsongs&year=2021&month=09&day=20
2021,dlsongs,2021-09-15,12,踊,Ado,https://www.billboard-japan.com/charts/detail?a=dlsongs&year=2021&month=09&day=20
2021,dlsongs,2021-09-15,13,Timeless Shooting Star,ストレイライト,https://www.billboard-japan.com/charts/detail?a=dlsongs&year=2021&month=09&day=20
2021,dlsongs,2021-09-15,14,きらり,藤井風,https://www.billboard-japan.com/charts/detail?a=dlsongs&year=2021&month=09&day=20
2021,dlsongs,2021-09-15,15,Permission to Dance,BTS,https://www.billboard-japan.com/charts/detail?a=dlsongs&year=2021&month=09&day=20
2021,dlsongs,2021-09-15,16,Butter,BTS,https://www.billboard-japan.com/charts/detail?a=dlsongs&year=2021&month=09&day=20
2021,dlsongs,2021-09-15,17,三原色,YOASOBI,https://www.billboard-japan.com/charts/detail?a=dlsongs&year=2021&month=09&day=20
2021,dlsongs,2021-09-15,18,EUPHORIA,KAT-TUN,https://www.billboard-japan.com/charts/detail?a=dlsongs&year=2021&month=09&day=20
2021,dlsongs,2021-09-15,19,Soulコブラツイスト〜魂の悶絶,桑田佳祐,https://www.billboard-japan.com/charts/detail?a=dlsongs&year=2021&month=09&day=20
2021,dlsongs,2021-09-15,20,Ordinary days,milet,https://www.billboard-japan.com/charts/detail?a=dlsongs&year=2021&month=09&day=20
2021,dlsongs,2021-09-15,21,夜撫でるメノウ,Ayase,https://www.billboard-japan.com/charts/detail?a=dlsongs&year=2021&month=09&day=20
2021,dlsongs,2021-09-15,22,アポトーシス,Official髭男dism,https://www.billboard-japan.com/charts/detail?a=dlsongs&year=2021&month=09&day=20
2021,dlsongs,2021-09-15,23,Believer,ReoNa,https://www.billboard-japan.com/charts/detail?a=dlsongs&year=2021&month=09&day=20
2021,dlsongs,2021-09-15,24,HIBANA,感覚ピエロ,https://www.billboard-japan.com/charts/detail?a=dlsongs&year=2021&month=09&day=20
2021,dlsongs,2021-09-15,25,アカリ,GReeeeN,https://www.billboard-japan.com/charts/detail?a=dlsongs&year=2021&month=09&day=20
2021,dlsongs,2021-09-15,26,U,millennium parade × Belle,https://www.billboard-japan.com/charts/detail?a=dlsongs&year=2021&month=09&day=20
2021,dlsongs,2021-09-15,27,勿忘,Awesome City Club,https://www.billboard-japan.com/charts/detail?a=dlsongs&year=2021&month=09&day=20
2021,dlsongs,2021-09-15,28,Another Rampage,ストレイライト,https://www.billboard-japan.com/charts/detail?a=dlsongs&year=2021&month=09&day=20
2021,dlsongs,2021-09-15,29,テーマソング,ポルノグラフィティ,https://www.billboard-japan.com/charts/detail?a=dlsongs&year=2021&month=09&day=20
2021,dlsongs,2021-09-15,30,ステイ,ザ・キッド・ラロイxジャスティン・ビーバー,https://www.billboard-japan.com/charts/detail?a=dlsongs&year=2021&month=09&day=20
2021,dlsongs,2021-09-15,31,Lost,ReoNa,https://www.billboard-japan.com/charts/detail?a=dlsongs&year=2021&month=09&day=20
2021,dlsongs,2021-09-15,32,群青,YOASOBI,https://www.billboard-japan.com/charts/detail?a=dlsongs&year=2021&month=09&day=20
2021,dlsongs,2021-09-15,33,カイト,嵐,https://www.billboard-japan.com/charts/detail?a=dlsongs&year=2021&month=09&day=20
2021,dlsongs,2021-09-15,34,Mela!,緑黄色社会,https://www.billboard-japan.com/charts/detail?a=dlsongs&year=2021&month=09&day=20
2021,dlsongs,2021-09-15,35,"Hello,Again〜昔からある場所〜",絢香,https://www.billboard-japan.com/charts/detail?a=dlsongs&year=2021&month=09&day=20
2021,dlsongs,2021-09-15,36,幽霊東京,Ayase,https://www.billboard-japan.com/charts/detail?a=dlsongs&year=2021&month=09&day=20
2021,dlsongs,2021-09-15,37,怪物,YOASOBI,https://www.billboard-japan.com/charts/detail?a=dlsongs&year=2021&month=09&day=20
2021,dlsongs,2021-09-15,38,夜に駆ける,YOASOBI,https://www.billboard-japan.com/charts/detail?a=dlsongs&year=2021&month=09&day=20
2021,dlsongs,2021-09-15,39,なないろ,BUMP OF CHICKEN,https://www.billboard-japan.com/charts/detail?a=dlsongs&year=2021&month=09&day=20
2021,dlsongs,2021-09-15,40,Dynamite,BTS,https://www.billboard-japan.com/charts/detail?a=dlsongs&year=2021&month=09&day=20
2021,dlsongs,2021-09-15,41,SHOWDOWN,Buster Bros!!!、麻天狼、Fling Posse,https://www.billboard-japan.com/charts/detail?a=dlsongs&year=2021&month=09&day=20
2021,dlsongs,2021-09-15,42,ヨワネハキ,"MAISONdes feat.和ぬか, asmi",https://www.billboard-japan.com/charts/detail?a=dlsongs&year=2021&month=09&day=20
2021,dlsongs,2021-09-15,43,僕とまた,2PM,https://www.billboard-japan.com/charts/detail?a=dlsongs&year=2021&month=09&day=20
2021,dlsongs,2021-09-15,44,Blue Moon,絢香,https://www.billboard-japan.com/charts/detail?a=dlsongs&year=2021&month=09&day=20
2021,dlsongs,2021-09-15,45,peace of mind〜星の歌を聴きながら〜,越前リョーマ&竜崎桜乃,https://www.billboard-japan.com/charts/detail?a=dlsongs&year=2021&month=09&day=20
2021,dlsongs,2021-09-15,46,LALISA,LISA from BLACKPINK,https://www.billboard-japan.com/charts/detail?a=dlsongs&year=2021&month=09&day=20
2021,dlsongs,2021-09-15,47,FUSIONIC STARS!! - ALKALOID ver. -,ALKALOID,https://www.billboard-japan.com/charts/detail?a=dlsongs&year=2021&month=09&day=20
2021,dlsongs,2021-09-15,48,Love Song,Uru,https://www.billboard-japan.com/charts/detail?a=dlsongs&year=2021&month=09&day=20
2021,dlsongs,2021-09-15,49,YY,ロイ-ROE-,https://www.billboard-japan.com/charts/detail?a=dlsongs&year=2021&month=09&day=20
2021,dlsongs,2021-09-15,50,Merry-Go-Round,MAN WITH A MISSION,https://www.billboard-japan.com/charts/detail?a=dlsongs&year=2021&month=09&day=20
2021,dlsongs,2021-09-15,51,SMILE〜晴れ渡る空のように〜,桑田佳祐,https://www.billboard-japan.com/charts/detail?a=dlsongs&year=2021&month=09&day=20
2021,dlsongs,2021-09-15,52,Shining One,BE:FIRST,https://www.billboard-japan.com/charts/detail?a=dlsongs&year=2021&month=09&day=20
2021,dlsongs,2021-09-15,53,FUSIONIC STARS!! - Valkyrie ver. -,Valkyrie,https://www.billboard-japan.com/charts/detail?a=dlsongs&year=2021&month=09&day=20
2021,dlsongs,2021-09-15,54,愛のシュプリーム!,fhana,https://www.billboard-japan.com/charts/detail?a=dlsongs&year=2021&month=09&day=20
2021,dlsongs,2021-09-15,55,Pale Blue,米津玄師,https://www.billboard-japan.com/charts/detail?a=dlsongs&year=2021&month=09&day=20
2021,dlsongs,2021-09-15,56,Lost,ZORN,https://www.billboard-japan.com/charts/detail?a=dlsongs&year=2021&month=09&day=20
2021,dlsongs,2021-09-15,57,閃光,[Alexandros],https://www.billboard-japan.com/charts/detail?a=dlsongs&year=2021&month=09&day=20
2021,dlsongs,2021-09-15,58,DANGER GAME,越前リョーマ&エメラルド,https://www.billboard-japan.com/charts/detail?a=dlsongs&year=2021&month=09&day=20
2021,dlsongs,2021-09-15,59,歌よ,Belle,https://www.billboard-japan.com/charts/detail?a=dlsongs&year=2021&month=09&day=20
2021,dlsongs,2021-09-15,60,シークレットジュエル 〜魅惑の金剛石〜,水瀬伊織(釘宮理恵)、宮尾美也(桐谷蝶々)、春日未来(山崎はるか)、桜守歌織(香里有佐)、周防桃子(渡部恵子),https://www.billboard-japan.com/charts/detail?a=dlsongs&year=2021&month=09&day=20
2021,dlsongs,2021-09-15,61,うっせぇわ,Ado,https://www.billboard-japan.com/charts/detail?a=dlsongs&year=2021&month=09&day=20
2021,dlsongs,2021-09-15,62,会いたくて,Ado,https://www.billboard-japan.com/charts/detail?a=dlsongs&year=2021&month=09&day=20
2021,dlsongs,2021-09-15,63,Hoodstar +,Division All Stars,https://www.billboard-japan.com/charts/detail?a=dlsongs&year=2021&month=09&day=20
2021,dlsongs,2021-09-15,64,Promise Cinderella ft.Ashley Alisha,やまだ豊,https://www.billboard-japan.com/charts/detail?a=dlsongs&year=2021&month=09&day=20
2021,dlsongs,2021-09-15,65,CITRUS,Da-iCE,https://www.billboard-japan.com/charts/detail?a=dlsongs&year=2021&month=09&day=20
2021,dlsongs,2021-09-15,66,もう少しだけ,YOASOBI,https://www.billboard-japan.com/charts/detail?a=dlsongs&year=2021&month=09&day=20
2021,dlsongs,2021-09-15,67,のびしろ,Creepy Nuts,https://www.billboard-japan.com/charts/detail?a=dlsongs&year=2021&month=09&day=20
2021,dlsongs,2021-09-15,68,君は生きてますか,琴音,https://www.billboard-japan.com/charts/detail?a=dlsongs&year=2021&month=09&day=20
2021,dlsongs,2021-09-15,69,あたしたち,aiko,https://www.billboard-japan.com/charts/detail?a=dlsongs&year=2021&month=09&day=20
2021,dlsongs,2021-09-15,70,Moon and Back,THE RAMPAGE from EXILE TRIBE,https://www.billboard-japan.com/charts/detail?a=dlsongs&year=2021&month=09&day=20
2021,dlsongs,2021-09-15,71,炎,LiSA,https://www.billboard-japan.com/charts/detail?a=dlsongs&year=2021&month=09&day=20
2021,dlsongs,2021-09-15,72,夏の午後はコバルト,Awesome City Club,https://www.billboard-japan.com/charts/detail?a=dlsongs&year=2021&month=09&day=20
2021,dlsongs,2021-09-15,73,OH-EH-OH,JO1,https://www.billboard-japan.com/charts/detail?a=dlsongs&year=2021&month=09&day=20
2021,dlsongs,2021-09-15,74,虹,菅田将暉,https://www.billboard-japan.com/charts/detail?a=dlsongs&year=2021&month=09&day=20
2021,dlsongs,2021-09-15,75,GrandMaster,JO1,https://www.billboard-japan.com/charts/detail?a=dlsongs&year=2021&month=09&day=20
2021,dlsongs,2021-09-15,76,優しさの剣,Novelbright,https://www.billboard-japan.com/charts/detail?a=dlsongs&year=2021&month=09&day=20
2021,dlsongs,2021-09-15,77,YOKAZE,変態紳士クラブ,https://www.billboard-japan.com/charts/detail?a=dlsongs&year=2021&month=09&day=20
2021,dlsongs,2021-09-15,78,Rainbow (feat. Taka),ReN,https://www.billboard-japan.com/charts/detail?a=dlsongs&year=2021&month=09&day=20
2021,dlsongs,2021-09-15,79,家庭の事情,ZORN,https://www.billboard-japan.com/charts/detail?a=dlsongs&year=2021&month=09&day=20
2021,dlsongs,2021-09-15,80,世界の秘密,さユり,https://www.billboard-japan.com/charts/detail?a=dlsongs&year=2021&month=09&day=20
2021,dlsongs,2021-09-15,81,死神,米津玄師,https://www.billboard-japan.com/charts/detail?a=dlsongs&year=2021&month=09&day=20
2021,dlsongs,2021-09-15,82,Pretender,Official髭男dism,https://www.billboard-japan.com/charts/detail?a=dlsongs&year=2021&month=09&day=20
2021,dlsongs,2021-09-15,83,廻廻奇譚,Eve,https://www.billboard-japan.com/charts/detail?a=dlsongs&year=2021&month=09&day=20
2021,dlsongs,2021-09-15,84,Butter (feat. Megan Thee Stallion),BTS,https://www.billboard-japan.com/charts/detail?a=dlsongs&year=2021&month=09&day=20
2021,dlsongs,2021-09-15,85,rapid lady ハレーション,LiSA,https://www.billboard-japan.com/charts/detail?a=dlsongs&year=2021&month=09&day=20
2021,dlsongs,2021-09-15,86,ギラギラ,Ado,https://www.billboard-japan.com/charts/detail?a=dlsongs&year=2021&month=09&day=20
2021,dlsongs,2021-09-15,86,うまぴょい伝説,Various Artists,https://www.billboard-japan.com/charts/detail?a=dlsongs&year=2021&month=09&day=20
2021,dlsongs,2021-09-15,88,MONEY,LiSA,https://www.billboard-japan.com/charts/detail?a=dlsongs&year=2021&month=09&day=20
2021,dlsongs,2021-09-15,89,猫,DISH//,https://www.billboard-japan.com/charts/detail?a=dlsongs&year=2021&month=09&day=20
2021,dlsongs,2021-09-15,90,To The First,SKY-HI,https://www.billboard-japan.com/charts/detail?a=dlsongs&year=2021&month=09&day=20
2021,dlsongs,2021-09-15,91,Surges,Orangestar (feat.夏背 & ルワン),https://www.billboard-japan.com/charts/detail?a=dlsongs&year=2021&month=09&day=20
2021,dlsongs,2021-09-15,92,Like Flames,MindaRyn,https://www.billboard-japan.com/charts/detail?a=dlsongs&year=2021&month=09&day=20
2021,dlsongs,2021-09-15,93,ツキミソウ,Novelbright,https://www.billboard-japan.com/charts/detail?a=dlsongs&year=2021&month=09&day=20
2021,dlsongs,2021-09-15,94,サウダージ,ポルノグラフィティ,https://www.billboard-japan.com/charts/detail?a=dlsongs&year=2021&month=09&day=20
2021,dlsongs,2021-09-15,95,青と夏,Mrs.GREEN APPLE,https://www.billboard-japan.com/charts/detail?a=dlsongs&year=2021&month=09&day=20
2021,dlsongs,2021-09-15,96,ChocoLove,癒月ちょこ,https://www.billboard-japan.com/charts/detail?a=dlsongs&year=2021&month=09&day=20
2021,dlsongs,2021-09-15,97,た、い、せ、つ Pile up,LiSA,https://www.billboard-japan.com/charts/detail?a=dlsongs&year=2021&month=09&day=20
2021,dlsongs,2021-09-15,98,シャッター,優里,https://www.billboard-japan.com/charts/detail?a=dlsongs&year=2021&month=09&day=20
2021,dlsongs,2021-09-15,99,心のそばに,Belle,https://www.billboard-japan.com/charts/detail?a=dlsongs&year=2021&month=09&day=20
2021,dlsongs,2021-09-15,100,ギャンブル,syudou,https://www.billboard-japan.com/charts/detail?a=dlsongs&year=2021&month=09&day=20
2021,dlsongs,2021-09-22,1,大正浪漫,YOASOBI,https://www.billboard-japan.com/charts/detail?a=dlsongs&year=2021&month=09&day=27
2021,dlsongs,2021-09-22,2,君に叱られた,乃木坂46,https://www.billboard-japan.com/charts/detail?a=dlsongs&year=2021&month=09&day=27
2021,dlsongs,2021-09-22,3,Cry Baby,Official髭男dism,https://www.billboard-japan.com/charts/detail?a=dlsongs&year=2021&month=09&day=27
2021,dlsongs,2021-09-22,4,HADASHi NO STEP,LiSA,https://www.billboard-japan.com/charts/detail?a=dlsongs&year=2021&month=09&day=27
2021,dlsongs,2021-09-22,5,水平線,back number,https://www.billboard-japan.com/charts/detail?a=dlsongs&year=2021&month=09&day=27
2021,dlsongs,2021-09-22,6,Beautiful World,山下智久,https://www.billboard-japan.com/charts/detail?a=dlsongs&year=2021&month=09&day=27
2021,dlsongs,2021-09-22,7,Ordinary days,milet,https://www.billboard-japan.com/charts/detail?a=dlsongs&year=2021&month=09&day=27
2021,dlsongs,2021-09-22,8,LITMUS,緑黄色社会,https://www.billboard-japan.com/charts/detail?a=dlsongs&year=2021&month=09&day=27
2021,dlsongs,2021-09-22,9,Soulコブラツイスト〜魂の悶絶,桑田佳祐,https://www.billboard-japan.com/charts/detail?a=dlsongs&year=2021&month=09&day=27
2021,dlsongs,2021-09-22,10,燦然世界,-真天地開闢集団-ジグザグ,https://www.billboard-japan.com/charts/detail?a=dlsongs&year=2021&month=09&day=27
2021,dlsongs,2021-09-22,11,アカリ,GReeeeN,https://www.billboard-japan.com/charts/detail?a=dlsongs&year=2021&month=09&day=27
2021,dlsongs,2021-09-22,12,金目鯛の煮つけ,桑田佳祐,https://www.billboard-japan.com/charts/detail?a=dlsongs&year=2021&month=09&day=27
2021,dlsongs,2021-09-22,13,ラブレター,YOASOBI,https://www.billboard-japan.com/charts/detail?a=dlsongs&year=2021&month=09&day=27
2021,dlsongs,2021-09-22,14,踊,Ado,https://www.billboard-japan.com/charts/detail?a=dlsongs&year=2021&month=09&day=27
2021,dlsongs,2021-09-22,15,生命線,ReoNa,https://www.billboard-japan.com/charts/detail?a=dlsongs&year=2021&month=09&day=27
2021,dlsongs,2021-09-22,16,ドライフラワー,優里,https://www.billboard-japan.com/charts/detail?a=dlsongs&year=2021&month=09&day=27
2021,dlsongs,2021-09-22,17,三原色,YOASOBI,https://www.billboard-japan.com/charts/detail?a=dlsongs&year=2021&month=09&day=27
2021,dlsongs,2021-09-22,18,Butter,BTS,https://www.billboard-japan.com/charts/detail?a=dlsongs&year=2021&month=09&day=27
2021,dlsongs,2021-09-22,19,小さな幸せ,ケツメイシ,https://www.billboard-japan.com/charts/detail?a=dlsongs&year=2021&month=09&day=27
2021,dlsongs,2021-09-22,20,Permission to Dance,BTS,https://www.billboard-japan.com/charts/detail?a=dlsongs&year=2021&month=09&day=27
2021,dlsongs,2021-09-22,21,HIBANA,感覚ピエロ,https://www.billboard-japan.com/charts/detail?a=dlsongs&year=2021&month=09&day=27
2021,dlsongs,2021-09-22,22,君は生きてますか,琴音,https://www.billboard-japan.com/charts/detail?a=dlsongs&year=2021&month=09&day=27
2021,dlsongs,2021-09-22,23,ステイ,ザ・キッド・ラロイxジャスティン・ビーバー,https://www.billboard-japan.com/charts/detail?a=dlsongs&year=2021&month=09&day=27
2021,dlsongs,2021-09-22,24,群青,YOASOBI,https://www.billboard-japan.com/charts/detail?a=dlsongs&year=2021&month=09&day=27
2021,dlsongs,2021-09-22,25,"Hello,Again〜昔からある場所〜",絢香,https://www.billboard-japan.com/charts/detail?a=dlsongs&year=2021&month=09&day=27
2021,dlsongs,2021-09-22,26,Engaged Stories,戌亥とこ,https://www.billboard-japan.com/charts/detail?a=dlsongs&year=2021&month=09&day=27
2021,dlsongs,2021-09-22,27,きらり,藤井風,https://www.billboard-japan.com/charts/detail?a=dlsongs&year=2021&month=09&day=27
2021,dlsongs,2021-09-22,28,夜に駆ける,YOASOBI,https://www.billboard-japan.com/charts/detail?a=dlsongs&year=2021&month=09&day=27
2021,dlsongs,2021-09-22,29,Artistic Partisan,ALKALOID × Valkyrie,https://www.billboard-japan.com/charts/detail?a=dlsongs&year=2021&month=09&day=27
2021,dlsongs,2021-09-22,30,ジュブナイル,ReoNa,https://www.billboard-japan.com/charts/detail?a=dlsongs&year=2021&month=09&day=27
2021,dlsongs,2021-09-22,31,炎の聖歌隊 [Choir(クワイア)],桑田佳祐,https://www.billboard-japan.com/charts/detail?a=dlsongs&year=2021&month=09&day=27
2021,dlsongs,2021-09-22,32,U,millennium parade × Belle,https://www.billboard-japan.com/charts/detail?a=dlsongs&year=2021&month=09&day=27
2021,dlsongs,2021-09-22,33,怪物,YOASOBI,https://www.billboard-japan.com/charts/detail?a=dlsongs&year=2021&month=09&day=27
2021,dlsongs,2021-09-22,34,夏音,優里,https://www.billboard-japan.com/charts/detail?a=dlsongs&year=2021&month=09&day=27
2021,dlsongs,2021-09-22,35,Blue Moon,絢香,https://www.billboard-japan.com/charts/detail?a=dlsongs&year=2021&month=09&day=27
2021,dlsongs,2021-09-22,36,SMILE〜晴れ渡る空のように〜,桑田佳祐,https://www.billboard-japan.com/charts/detail?a=dlsongs&year=2021&month=09&day=27
2021,dlsongs,2021-09-22,37,Stay Gold,ZORN,https://www.billboard-japan.com/charts/detail?a=dlsongs&year=2021&month=09&day=27
2021,dlsongs,2021-09-22,38,アポトーシス,Official髭男dism,https://www.billboard-japan.com/charts/detail?a=dlsongs&year=2021&month=09&day=27
2021,dlsongs,2021-09-22,39,のびしろ,Creepy Nuts,https://www.billboard-japan.com/charts/detail?a=dlsongs&year=2021&month=09&day=27
2021,dlsongs,2021-09-22,40,Dynamite,BTS,https://www.billboard-japan.com/charts/detail?a=dlsongs&year=2021&month=09&day=27
2021,dlsongs,2021-09-22,41,Mela!,緑黄色社会,https://www.billboard-japan.com/charts/detail?a=dlsongs&year=2021&month=09&day=27
2021,dlsongs,2021-09-22,42,YY,ロイ-ROE-,https://www.billboard-japan.com/charts/detail?a=dlsongs&year=2021&month=09&day=27
2021,dlsongs,2021-09-22,43,Let Me Know,岩田剛典,https://www.billboard-japan.com/charts/detail?a=dlsongs&year=2021&month=09&day=27
2021,dlsongs,2021-09-22,44,勿忘,Awesome City Club,https://www.billboard-japan.com/charts/detail?a=dlsongs&year=2021&month=09&day=27
2021,dlsongs,2021-09-22,45,燃えよ,藤井風,https://www.billboard-japan.com/charts/detail?a=dlsongs&year=2021&month=09&day=27
2021,dlsongs,2021-09-22,46,Run&Go,JO1,https://www.billboard-japan.com/charts/detail?a=dlsongs&year=2021&month=09&day=27
2021,dlsongs,2021-09-22,47,カイト,嵐,https://www.billboard-japan.com/charts/detail?a=dlsongs&year=2021&month=09&day=27
2021,dlsongs,2021-09-22,48,ヨワネハキ,"MAISONdes feat.和ぬか, asmi",https://www.billboard-japan.com/charts/detail?a=dlsongs&year=2021&month=09&day=27
2021,dlsongs,2021-09-22,49,Distance,岩田剛典,https://www.billboard-japan.com/charts/detail?a=dlsongs&year=2021&month=09&day=27
2021,dlsongs,2021-09-22,50,Believer,ReoNa,https://www.billboard-japan.com/charts/detail?a=dlsongs&year=2021&month=09&day=27
2021,dlsongs,2021-09-22,51,Everlasting Soul,角巻わため,https://www.billboard-japan.com/charts/detail?a=dlsongs&year=2021&month=09&day=27
2021,dlsongs,2021-09-22,51,なないろ,BUMP OF CHICKEN,https://www.billboard-japan.com/charts/detail?a=dlsongs&year=2021&month=09&day=27
2021,dlsongs,2021-09-22,53,シヴァーズ,エド・シーラン,https://www.billboard-japan.com/charts/detail?a=dlsongs&year=2021&month=09&day=27
2021,dlsongs,2021-09-22,54,I Believe,松野千冬(狩野翔),https://www.billboard-japan.com/charts/detail?a=dlsongs&year=2021&month=09&day=27
2021,dlsongs,2021-09-22,55,korekara,岩田剛典,https://www.billboard-japan.com/charts/detail?a=dlsongs&year=2021&month=09&day=27
2021,dlsongs,2021-09-22,56,Love Song,Uru,https://www.billboard-japan.com/charts/detail?a=dlsongs&year=2021&month=09&day=27
2021,dlsongs,2021-09-22,57,Piece,高橋優,https://www.billboard-japan.com/charts/detail?a=dlsongs&year=2021&month=09&day=27
2021,dlsongs,2021-09-22,58,DANGER GAME,越前リョーマ&エメラルド,https://www.billboard-japan.com/charts/detail?a=dlsongs&year=2021&month=09&day=27
2021,dlsongs,2021-09-22,59,Promise Cinderella ft.Ashley Alisha,やまだ豊,https://www.billboard-japan.com/charts/detail?a=dlsongs&year=2021&month=09&day=27
2021,dlsongs,2021-09-22,60,炎,LiSA,https://www.billboard-japan.com/charts/detail?a=dlsongs&year=2021&month=09&day=27
2021,dlsongs,2021-09-22,61,Day by day,チャン・グンソク,https://www.billboard-japan.com/charts/detail?a=dlsongs&year=2021&month=09&day=27
2021,dlsongs,2021-09-22,62,Lost,ReoNa,https://www.billboard-japan.com/charts/detail?a=dlsongs&year=2021&month=09&day=27
2021,dlsongs,2021-09-22,63,夜撫でるメノウ,Ayase,https://www.billboard-japan.com/charts/detail?a=dlsongs&year=2021&month=09&day=27
2021,dlsongs,2021-09-22,64,愛のシュプリーム!,fhana,https://www.billboard-japan.com/charts/detail?a=dlsongs&year=2021&month=09&day=27
2021,dlsongs,2021-09-22,65,LALISA,LISA from BLACKPINK,https://www.billboard-japan.com/charts/detail?a=dlsongs&year=2021&month=09&day=27
2021,dlsongs,2021-09-22,66,他人のそら似,乃木坂46,https://www.billboard-japan.com/charts/detail?a=dlsongs&year=2021&month=09&day=27
2021,dlsongs,2021-09-22,67,peace of mind〜星の歌を聴きながら〜,越前リョーマ&竜崎桜乃,https://www.billboard-japan.com/charts/detail?a=dlsongs&year=2021&month=09&day=27
2021,dlsongs,2021-09-22,68,Shining One,BE:FIRST,https://www.billboard-japan.com/charts/detail?a=dlsongs&year=2021&month=09&day=27
2021,dlsongs,2021-09-22,69,Merry-Go-Round,MAN WITH A MISSION,https://www.billboard-japan.com/charts/detail?a=dlsongs&year=2021&month=09&day=27
2021,dlsongs,2021-09-22,69,もう少しだけ,YOASOBI,https://www.billboard-japan.com/charts/detail?a=dlsongs&year=2021&month=09&day=27
2021,dlsongs,2021-09-22,71,閃光,[Alexandros],https://www.billboard-japan.com/charts/detail?a=dlsongs&year=2021&month=09&day=27
2021,dlsongs,2021-09-22,72,うっせぇわ,Ado,https://www.billboard-japan.com/charts/detail?a=dlsongs&year=2021&month=09&day=27
2021,dlsongs,2021-09-22,73,Lost,ZORN,https://www.billboard-japan.com/charts/detail?a=dlsongs&year=2021&month=09&day=27
2021,dlsongs,2021-09-22,74,紅蓮華,LiSA,https://www.billboard-japan.com/charts/detail?a=dlsongs&year=2021&month=09&day=27
2021,dlsongs,2021-09-22,75,歌よ,Belle,https://www.billboard-japan.com/charts/detail?a=dlsongs&year=2021&month=09&day=27
2021,dlsongs,2021-09-22,75,虹,菅田将暉,https://www.billboard-japan.com/charts/detail?a=dlsongs&year=2021&month=09&day=27
2021,dlsongs,2021-09-22,77,家庭の事情,ZORN,https://www.billboard-japan.com/charts/detail?a=dlsongs&year=2021&month=09&day=27
2021,dlsongs,2021-09-22,78,CITRUS,Da-iCE,https://www.billboard-japan.com/charts/detail?a=dlsongs&year=2021&month=09&day=27
2021,dlsongs,2021-09-22,79,アイノカタチ feat.HIDE(GReeeeN),MISIA,https://www.billboard-japan.com/charts/detail?a=dlsongs&year=2021&month=09&day=27
2021,dlsongs,2021-09-22,80,Pale Blue,米津玄師,https://www.billboard-japan.com/charts/detail?a=dlsongs&year=2021&month=09&day=27
2021,dlsongs,2021-09-22,81,夏の午後はコバルト,Awesome City Club,https://www.billboard-japan.com/charts/detail?a=dlsongs&year=2021&month=09&day=27
2021,dlsongs,2021-09-22,82,鐘が鳴る,Ms.OOJA,https://www.billboard-japan.com/charts/detail?a=dlsongs&year=2021&month=09&day=27
2021,dlsongs,2021-09-22,83,廻廻奇譚,Eve,https://www.billboard-japan.com/charts/detail?a=dlsongs&year=2021&month=09&day=27
2021,dlsongs,2021-09-22,84,Ghosts,羽宮一虎(土岐隼一),https://www.billboard-japan.com/charts/detail?a=dlsongs&year=2021&month=09&day=27
2021,dlsongs,2021-09-22,85,Rest In Rampage,場地圭介(水中雅章),https://www.billboard-japan.com/charts/detail?a=dlsongs&year=2021&month=09&day=27
2021,dlsongs,2021-09-22,86,Brainy,brainchild's,https://www.billboard-japan.com/charts/detail?a=dlsongs&year=2021&month=09&day=27
2021,dlsongs,2021-09-22,87,Blue Fire,三ツ谷隆(松岡禎丞),https://www.billboard-japan.com/charts/detail?a=dlsongs&year=2021&month=09&day=27
2021,dlsongs,2021-09-22,88,花占い,Vaundy,https://www.billboard-japan.com/charts/detail?a=dlsongs&year=2021&month=09&day=27
2021,dlsongs,2021-09-22,89,会いたくて,Ado,https://www.billboard-japan.com/charts/detail?a=dlsongs&year=2021&month=09&day=27
2021,dlsongs,2021-09-22,90,from the edge,FictionJunction feat. LiSA,https://www.billboard-japan.com/charts/detail?a=dlsongs&year=2021&month=09&day=27
2021,dlsongs,2021-09-22,91,猫,DISH//,https://www.billboard-japan.com/charts/detail?a=dlsongs&year=2021&month=09&day=27
2021,dlsongs,2021-09-22,92,Like Flames,MindaRyn,https://www.billboard-japan.com/charts/detail?a=dlsongs&year=2021&month=09&day=27
2021,dlsongs,2021-09-22,92,ミッドナイト・イン・トーキョー,ペンタトニックス,https://www.billboard-japan.com/charts/detail?a=dlsongs&year=2021&month=09&day=27
2021,dlsongs,2021-09-22,94,さすらいのRIDER,桑田佳祐,https://www.billboard-japan.com/charts/detail?a=dlsongs&year=2021&month=09&day=27
2021,dlsongs,2021-09-22,95,恋色,もさを。,https://www.billboard-japan.com/charts/detail?a=dlsongs&year=2021&month=09&day=27
2021,dlsongs,2021-09-22,96,Stampede,THE RAMPAGE from EXILE TRIBE,https://www.billboard-japan.com/charts/detail?a=dlsongs&year=2021&month=09&day=27
2021,dlsongs,2021-09-22,97,MIRROR MIRROR,平井大,https://www.billboard-japan.com/charts/detail?a=dlsongs&year=2021&month=09&day=27
2021,dlsongs,2021-09-22,97,うまぴょい伝説,Various Artists,https://www.billboard-japan.com/charts/detail?a=dlsongs&year=2021&month=09&day=27
2021,dlsongs,2021-09-22,99,PARADISE (Kill The Silence),coldrain,https://www.billboard-japan.com/charts/detail?a=dlsongs&year=2021&month=09&day=27
2021,dlsongs,2021-09-22,100,ケアレス,ClariS,https://www.billboard-japan.com/charts/detail?a=dlsongs&year=2021&month=09&day=27
2021,dlsongs,2021-09-29,1,マイ・ユニバース,コールドプレイ X BTS,https://www.billboard-japan.com/charts/detail?a=dlsongs&year=2021&month=10&day=04
2021,dlsongs,2021-09-29,2,大正浪漫,YOASOBI,https://www.billboard-japan.com/charts/detail?a=dlsongs&year=2021&month=10&day=04
2021,dlsongs,2021-09-29,3,Mystic Fragrance,Knights,https://www.billboard-japan.com/charts/detail?a=dlsongs&year=2021&month=10&day=04
2021,dlsongs,2021-09-29,4,Cry Baby,Official髭男dism,https://www.billboard-japan.com/charts/detail?a=dlsongs&year=2021&month=10&day=04
2021,dlsongs,2021-09-29,5,Permission to Dance,BTS,https://www.billboard-japan.com/charts/detail?a=dlsongs&year=2021&month=10&day=04
2021,dlsongs,2021-09-29,6,かけがえのない世界,平手友梨奈,https://www.billboard-japan.com/charts/detail?a=dlsongs&year=2021&month=10&day=04
2021,dlsongs,2021-09-29,7,夏音,優里,https://www.billboard-japan.com/charts/detail?a=dlsongs&year=2021&month=10&day=04
2021,dlsongs,2021-09-29,8,水平線,back number,https://www.billboard-japan.com/charts/detail?a=dlsongs&year=2021&month=10&day=04
2021,dlsongs,2021-09-29,9,君に叱られた,乃木坂46,https://www.billboard-japan.com/charts/detail?a=dlsongs&year=2021&month=10&day=04
2021,dlsongs,2021-09-29,10,ドライフラワー,優里,https://www.billboard-japan.com/charts/detail?a=dlsongs&year=2021&month=10&day=04
2021,dlsongs,2021-09-29,11,Castle of my Heart,Knights,https://www.billboard-japan.com/charts/detail?a=dlsongs&year=2021&month=10&day=04
2021,dlsongs,2021-09-29,12,蝸旋 (feat. Ado),jon-YAKITORY,https://www.billboard-japan.com/charts/detail?a=dlsongs&year=2021&month=10&day=04
2021,dlsongs,2021-09-29,13,群青,YOASOBI,https://www.billboard-japan.com/charts/detail?a=dlsongs&year=2021&month=10&day=04
2021,dlsongs,2021-09-29,14,炎,LiSA,https://www.billboard-japan.com/charts/detail?a=dlsongs&year=2021&month=10&day=04
2021,dlsongs,2021-09-29,15,Soulコブラツイスト〜魂の悶絶,桑田佳祐,https://www.billboard-japan.com/charts/detail?a=dlsongs&year=2021&month=10&day=04
2021,dlsongs,2021-09-29,16,Butter,BTS,https://www.billboard-japan.com/charts/detail?a=dlsongs&year=2021&month=10&day=04
2021,dlsongs,2021-09-29,17,HADASHi NO STEP,LiSA,https://www.billboard-japan.com/charts/detail?a=dlsongs&year=2021&month=10&day=04
2021,dlsongs,2021-09-29,18,三原色,YOASOBI,https://www.billboard-japan.com/charts/detail?a=dlsongs&year=2021&month=10&day=04
2021,dlsongs,2021-09-29,19,エール,FUNKY MONKEY BΛBY'S,https://www.billboard-japan.com/charts/detail?a=dlsongs&year=2021&month=10&day=04
2021,dlsongs,2021-09-29,20,"LUV ME, LUV ME",手越祐也,https://www.billboard-japan.com/charts/detail?a=dlsongs&year=2021&month=10&day=04
2021,dlsongs,2021-09-29,21,LITMUS,緑黄色社会,https://www.billboard-japan.com/charts/detail?a=dlsongs&year=2021&month=10&day=04
2021,dlsongs,2021-09-29,22,竈門炭治郎のうた,椎名豪 featuring 中川奈美,https://www.billboard-japan.com/charts/detail?a=dlsongs&year=2021&month=10&day=04
2021,dlsongs,2021-09-29,23,生命線,ReoNa,https://www.billboard-japan.com/charts/detail?a=dlsongs&year=2021&month=10&day=04
2021,dlsongs,2021-09-29,24,踊,Ado,https://www.billboard-japan.com/charts/detail?a=dlsongs&year=2021&month=10&day=04
2021,dlsongs,2021-09-29,25,ラブレター,YOASOBI,https://www.billboard-japan.com/charts/detail?a=dlsongs&year=2021&month=10&day=04
2021,dlsongs,2021-09-29,26,Never Looking Back,"""ダイワスカーレット(木村千咲),グラスワンダー(前田玲奈),テイエムオペラオー(徳井青空),ナリタブライアン(衣川里佳),シンボリルドルフ(田所あずさ),エアグルーヴ(青木瑠璃子),マヤノトップガン",https://www.billboard-japan.com/charts/detail?a=dlsongs&year=2021&month=10&day=04
2021,dlsongs,2021-09-29,27,Ordinary days,milet,https://www.billboard-japan.com/charts/detail?a=dlsongs&year=2021&month=10&day=04
2021,dlsongs,2021-09-29,28,涙ひかって明日になれ!,"ビワハヤヒデ(近藤唯),ウイニングチケット(渡部優衣),ナリタタイシン(渡部恵子)",https://www.billboard-japan.com/charts/detail?a=dlsongs&year=2021&month=10&day=04
2021,dlsongs,2021-09-29,29,きらり,藤井風,https://www.billboard-japan.com/charts/detail?a=dlsongs&year=2021&month=10&day=04
2021,dlsongs,2021-09-29,30,"Hello,Again〜昔からある場所〜",絢香,https://www.billboard-japan.com/charts/detail?a=dlsongs&year=2021&month=10&day=04
2021,dlsongs,2021-09-29,31,彩 Phantasia,"エアグルーヴ(青木瑠璃子),カワカミプリンセス(高橋花林),スイープトウショウ(杉浦しおり),ニシノフラワー(河井晴菜),メジロドーベル(久保田ひかり)",https://www.billboard-japan.com/charts/detail?a=dlsongs&year=2021&month=10&day=04
2021,dlsongs,2021-09-29,32,U,millennium parade × Belle,https://www.billboard-japan.com/charts/detail?a=dlsongs&year=2021&month=10&day=04
2021,dlsongs,2021-09-29,33,ステイ,ザ・キッド・ラロイxジャスティン・ビーバー,https://www.billboard-japan.com/charts/detail?a=dlsongs&year=2021&month=10&day=04
2021,dlsongs,2021-09-29,34,怪物,YOASOBI,https://www.billboard-japan.com/charts/detail?a=dlsongs&year=2021&month=10&day=04
2021,dlsongs,2021-09-29,35,Dynamite,BTS,https://www.billboard-japan.com/charts/detail?a=dlsongs&year=2021&month=10&day=04
2021,dlsongs,2021-09-29,36,炎の聖歌隊 [Choir(クワイア)],桑田佳祐,https://www.billboard-japan.com/charts/detail?a=dlsongs&year=2021&month=10&day=04
2021,dlsongs,2021-09-29,37,金目鯛の煮つけ,桑田佳祐,https://www.billboard-japan.com/charts/detail?a=dlsongs&year=2021&month=10&day=04
2021,dlsongs,2021-09-29,38,SMILE〜晴れ渡る空のように〜,桑田佳祐,https://www.billboard-japan.com/charts/detail?a=dlsongs&year=2021&month=10&day=04
2021,dlsongs,2021-09-29,39,ありのまんまが愛しい君へ,DISH//,https://www.billboard-japan.com/charts/detail?a=dlsongs&year=2021&month=10&day=04
2021,dlsongs,2021-09-29,40,夜に駆ける,YOASOBI,https://www.billboard-japan.com/charts/detail?a=dlsongs&year=2021&month=10&day=04
2021,dlsongs,2021-09-29,41,BLAZE,ナリタブライアン(衣川里佳),https://www.billboard-japan.com/charts/detail?a=dlsongs&year=2021&month=10&day=04
2021,dlsongs,2021-09-29,42,ヨワネハキ,"MAISONdes feat.和ぬか, asmi",https://www.billboard-japan.com/charts/detail?a=dlsongs&year=2021&month=10&day=04
2021,dlsongs,2021-09-29,43,Mela!,緑黄色社会,https://www.billboard-japan.com/charts/detail?a=dlsongs&year=2021&month=10&day=04
2021,dlsongs,2021-09-29,44,紅蓮華,LiSA,https://www.billboard-japan.com/charts/detail?a=dlsongs&year=2021&month=10&day=04
2021,dlsongs,2021-09-29,45,Blue Moon,絢香,https://www.billboard-japan.com/charts/detail?a=dlsongs&year=2021&month=10&day=04
2021,dlsongs,2021-09-29,46,アカリ,GReeeeN,https://www.billboard-japan.com/charts/detail?a=dlsongs&year=2021&month=10&day=04
2021,dlsongs,2021-09-29,47,lemonade,GReeeeN,https://www.billboard-japan.com/charts/detail?a=dlsongs&year=2021&month=10&day=04
2021,dlsongs,2021-09-29,48,なないろ,BUMP OF CHICKEN,https://www.billboard-japan.com/charts/detail?a=dlsongs&year=2021&month=10&day=04
2021,dlsongs,2021-09-29,49,HIBANA,感覚ピエロ,https://www.billboard-japan.com/charts/detail?a=dlsongs&year=2021&month=10&day=04
2021,dlsongs,2021-09-29,50,カイト,嵐,https://www.billboard-japan.com/charts/detail?a=dlsongs&year=2021&month=10&day=04
2021,dlsongs,2021-09-29,50,KU-RU-KU-RU Cruller!,Aqours,https://www.billboard-japan.com/charts/detail?a=dlsongs&year=2021&month=10&day=04
2021,dlsongs,2021-09-29,52,DANGER GAME,越前リョーマ&エメラルド,https://www.billboard-japan.com/charts/detail?a=dlsongs&year=2021&month=10&day=04
2021,dlsongs,2021-09-29,53,Beautiful World,山下智久,https://www.billboard-japan.com/charts/detail?a=dlsongs&year=2021&month=10&day=04
2021,dlsongs,2021-09-29,54,Love Song,Uru,https://www.billboard-japan.com/charts/detail?a=dlsongs&year=2021&month=10&day=04
2021,dlsongs,2021-09-29,55,ジュブナイル,ReoNa,https://www.billboard-japan.com/charts/detail?a=dlsongs&year=2021&month=10&day=04
2021,dlsongs,2021-09-29,56,うまぴょい伝説,Various Artists,https://www.billboard-japan.com/charts/detail?a=dlsongs&year=2021&month=10&day=04
2021,dlsongs,2021-09-29,57,Brighter,INI,https://www.billboard-japan.com/charts/detail?a=dlsongs&year=2021&month=10&day=04
2021,dlsongs,2021-09-29,58,根も葉もRumor,AKB48,https://www.billboard-japan.com/charts/detail?a=dlsongs&year=2021&month=10&day=04
2021,dlsongs,2021-09-29,59,浸食!! 地球全域全おーしゃん,"湊あくあ,宝鐘マリン,Ninomae Ina'nis,Gawr Gura",https://www.billboard-japan.com/charts/detail?a=dlsongs&year=2021&month=10&day=04
2021,dlsongs,2021-09-29,60,S.O.S. [Share One Sorrow] feat. Tokyo Tanaka & Jean-Ken Johnny(MAN WITH A MISSION),東京スカパラダイスオーケストラ,https://www.billboard-japan.com/charts/detail?a=dlsongs&year=2021&month=10&day=04
2021,dlsongs,2021-09-29,61,テーマソング,ポルノグラフィティ,https://www.billboard-japan.com/charts/detail?a=dlsongs&year=2021&month=10&day=04
2021,dlsongs,2021-09-29,62,MIRROR MIRROR,平井大,https://www.billboard-japan.com/charts/detail?a=dlsongs&year=2021&month=10&day=04
2021,dlsongs,2021-09-29,63,peace of mind〜星の歌を聴きながら〜,越前リョーマ&竜崎桜乃,https://www.billboard-japan.com/charts/detail?a=dlsongs&year=2021&month=10&day=04
2021,dlsongs,2021-09-29,64,Rocketeer,INI,https://www.billboard-japan.com/charts/detail?a=dlsongs&year=2021&month=10&day=04
2021,dlsongs,2021-09-29,65,CITRUS,Da-iCE,https://www.billboard-japan.com/charts/detail?a=dlsongs&year=2021&month=10&day=04
2021,dlsongs,2021-09-29,66,Tokimeki,Vaundy,https://www.billboard-japan.com/charts/detail?a=dlsongs&year=2021&month=10&day=04
2021,dlsongs,2021-09-29,67,REUNION,ポルノグラフィティ,https://www.billboard-japan.com/charts/detail?a=dlsongs&year=2021&month=10&day=04
2021,dlsongs,2021-09-29,68,愛のシュプリーム!,fhana,https://www.billboard-japan.com/charts/detail?a=dlsongs&year=2021&month=10&day=04
2021,dlsongs,2021-09-29,69,閃光,[Alexandros],https://www.billboard-japan.com/charts/detail?a=dlsongs&year=2021&month=10&day=04
2021,dlsongs,2021-09-29,70,アポトーシス,Official髭男dism,https://www.billboard-japan.com/charts/detail?a=dlsongs&year=2021&month=10&day=04
2021,dlsongs,2021-09-29,71,Believer,ReoNa,https://www.billboard-japan.com/charts/detail?a=dlsongs&year=2021&month=10&day=04
2021,dlsongs,2021-09-29,72,Shining One,BE:FIRST,https://www.billboard-japan.com/charts/detail?a=dlsongs&year=2021&month=10&day=04
2021,dlsongs,2021-09-29,73,食べた愛,aiko,https://www.billboard-japan.com/charts/detail?a=dlsongs&year=2021&month=10&day=04
2021,dlsongs,2021-09-29,74,from the edge,FictionJunction feat. LiSA,https://www.billboard-japan.com/charts/detail?a=dlsongs&year=2021&month=10&day=04
2021,dlsongs,2021-09-29,75,もう少しだけ,YOASOBI,https://www.billboard-japan.com/charts/detail?a=dlsongs&year=2021&month=10&day=04
2021,dlsongs,2021-09-29,76,IT'S A NEW ERA,ポルノグラフィティ,https://www.billboard-japan.com/charts/detail?a=dlsongs&year=2021&month=10&day=04
2021,dlsongs,2021-09-29,77,Like Flames,MindaRyn,https://www.billboard-japan.com/charts/detail?a=dlsongs&year=2021&month=10&day=04
2021,dlsongs,2021-09-29,78,うっせぇわ,Ado,https://www.billboard-japan.com/charts/detail?a=dlsongs&year=2021&month=10&day=04
2021,dlsongs,2021-09-29,79,可愛いミーナ,桑田佳祐,https://www.billboard-japan.com/charts/detail?a=dlsongs&year=2021&month=10&day=04
2021,dlsongs,2021-09-29,80,虹,菅田将暉,https://www.billboard-japan.com/charts/detail?a=dlsongs&year=2021&month=10&day=04
2021,dlsongs,2021-09-29,81,君は生きてますか,琴音,https://www.billboard-japan.com/charts/detail?a=dlsongs&year=2021&month=10&day=04
2021,dlsongs,2021-09-29,82,Stay Gold,ZORN,https://www.billboard-japan.com/charts/detail?a=dlsongs&year=2021&month=10&day=04
2021,dlsongs,2021-09-29,83,YY,ロイ-ROE-,https://www.billboard-japan.com/charts/detail?a=dlsongs&year=2021&month=10&day=04
2021,dlsongs,2021-09-29,84,Lost,ReoNa,https://www.billboard-japan.com/charts/detail?a=dlsongs&year=2021&month=10&day=04
2021,dlsongs,2021-09-29,85,君の声が聞こえる,横瀬めいく from TBS系金曜ドラマ「#家族募集します」,https://www.billboard-japan.com/charts/detail?a=dlsongs&year=2021&month=10&day=04
2021,dlsongs,2021-09-29,86,セプテンバー,アース・ウィンド&ファイアー,https://www.billboard-japan.com/charts/detail?a=dlsongs&year=2021&month=10&day=04
2021,dlsongs,2021-09-29,87,Pretender,Official髭男dism,https://www.billboard-japan.com/charts/detail?a=dlsongs&year=2021&month=10&day=04
2021,dlsongs,2021-09-29,88,Merry-Go-Round,MAN WITH A MISSION,https://www.billboard-japan.com/charts/detail?a=dlsongs&year=2021&month=10&day=04
2021,dlsongs,2021-09-29,89,廻廻奇譚,Eve,https://www.billboard-japan.com/charts/detail?a=dlsongs&year=2021&month=10&day=04
2021,dlsongs,2021-09-29,90,他人のそら似,乃木坂46,https://www.billboard-japan.com/charts/detail?a=dlsongs&year=2021&month=10&day=04
2021,dlsongs,2021-09-29,91,歌よ,Belle,https://www.billboard-japan.com/charts/detail?a=dlsongs&year=2021&month=10&day=04
2021,dlsongs,2021-09-29,92,Artistic Partisan,ALKALOID × Valkyrie,https://www.billboard-japan.com/charts/detail?a=dlsongs&year=2021&month=10&day=04
2021,dlsongs,2021-09-29,93,DAN DAN 心魅かれてく,FIELD OF VIEW,https://www.billboard-japan.com/charts/detail?a=dlsongs&year=2021&month=10&day=04
2021,dlsongs,2021-09-29,94,家庭の事情,ZORN,https://www.billboard-japan.com/charts/detail?a=dlsongs&year=2021&month=10&day=04
2021,dlsongs,2021-09-29,95,勿忘,Awesome City Club,https://www.billboard-japan.com/charts/detail?a=dlsongs&year=2021&month=10&day=04
2021,dlsongs,2021-09-29,96,LOCO,ITZY,https://www.billboard-japan.com/charts/detail?a=dlsongs&year=2021&month=10&day=04
2021,dlsongs,2021-09-29,97,YONA YONA DANCE,和田アキ子,https://www.billboard-japan.com/charts/detail?a=dlsongs&year=2021&month=10&day=04
2021,dlsongs,2021-09-29,98,Hungry Bambi,"佐々木千枝(今井麻夏),市原仁奈(久野美咲),橘ありす(佐藤亜美菜),龍崎薫(春瀬なつみ),棟方愛海(藤本彩花),遊佐こずえ(花谷麻妃)",https://www.billboard-japan.com/charts/detail?a=dlsongs&year=2021&month=10&day=04
2021,dlsongs,2021-09-29,99,のびしろ,Creepy Nuts,https://www.billboard-japan.com/charts/detail?a=dlsongs&year=2021&month=10&day=04
2021,dlsongs,2021-09-29,100,猫,DISH//,https://www.billboard-japan.com/charts/detail?a=dlsongs&year=2021&month=10&day=04
2021,dlsongs,2021-10-06,1,コントレイル,葛葉,https://www.billboard-japan.com/charts/detail?a=dlsongs&year=2021&month=10&day=11
2021,dlsongs,2021-10-06,2,黄色,back number,https://www.billboard-japan.com/charts/detail?a=dlsongs&year=2021&month=10&day=11
2021,dlsongs,2021-10-06,3,マイ・ユニバース,コールドプレイ X BTS,https://www.billboard-japan.com/charts/detail?a=dlsongs&year=2021&month=10&day=11
2021,dlsongs,2021-10-06,4,大正浪漫,YOASOBI,https://www.billboard-japan.com/charts/detail?a=dlsongs&year=2021&month=10&day=11
2021,dlsongs,2021-10-06,5,Cry Baby,Official髭男dism,https://www.billboard-japan.com/charts/detail?a=dlsongs&year=2021&month=10&day=11
2021,dlsongs,2021-10-06,6,水平線,back number,https://www.billboard-japan.com/charts/detail?a=dlsongs&year=2021&month=10&day=11
2021,dlsongs,2021-10-06,7,東京協奏曲,宮本浩次 × 櫻井和寿 organized by ap bank,https://www.billboard-japan.com/charts/detail?a=dlsongs&year=2021&month=10&day=11
2021,dlsongs,2021-10-06,8,Permission to Dance,BTS,https://www.billboard-japan.com/charts/detail?a=dlsongs&year=2021&month=10&day=11
2021,dlsongs,2021-10-06,9,ドライフラワー,優里,https://www.billboard-japan.com/charts/detail?a=dlsongs&year=2021&month=10&day=11
2021,dlsongs,2021-10-06,10,踊,Ado,https://www.billboard-japan.com/charts/detail?a=dlsongs&year=2021&month=10&day=11
2021,dlsongs,2021-10-06,11,炎,LiSA,https://www.billboard-japan.com/charts/detail?a=dlsongs&year=2021&month=10&day=11
2021,dlsongs,2021-10-06,12,群青讃歌,Eve,https://www.billboard-japan.com/charts/detail?a=dlsongs&year=2021&month=10&day=11
2021,dlsongs,2021-10-06,13,怪物,YOASOBI,https://www.billboard-japan.com/charts/detail?a=dlsongs&year=2021&month=10&day=11
2021,dlsongs,2021-10-06,14,蝸旋 (feat. Ado),jon-YAKITORY,https://www.billboard-japan.com/charts/detail?a=dlsongs&year=2021&month=10&day=11
2021,dlsongs,2021-10-06,15,群青,YOASOBI,https://www.billboard-japan.com/charts/detail?a=dlsongs&year=2021&month=10&day=11
2021,dlsongs,2021-10-06,16,Butter,BTS,https://www.billboard-japan.com/charts/detail?a=dlsongs&year=2021&month=10&day=11
2021,dlsongs,2021-10-06,17,きらり,藤井風,https://www.billboard-japan.com/charts/detail?a=dlsongs&year=2021&month=10&day=11
2021,dlsongs,2021-10-06,18,常夏☆サンシャイン,"澁谷かのん(伊達さゆり),唐可可(Liyuu),嵐千砂都(岬なこ),平安名すみれ(ペイトン尚未)",https://www.billboard-japan.com/charts/detail?a=dlsongs&year=2021&month=10&day=11
2021,dlsongs,2021-10-06,19,Soulコブラツイスト〜魂の悶絶,桑田佳祐,https://www.billboard-japan.com/charts/detail?a=dlsongs&year=2021&month=10&day=11
2021,dlsongs,2021-10-06,20,三原色,YOASOBI,https://www.billboard-japan.com/charts/detail?a=dlsongs&year=2021&month=10&day=11
2021,dlsongs,2021-10-06,21,Tokimeki,Vaundy,https://www.billboard-japan.com/charts/detail?a=dlsongs&year=2021&month=10&day=11
2021,dlsongs,2021-10-06,22,夏音,優里,https://www.billboard-japan.com/charts/detail?a=dlsongs&year=2021&month=10&day=11
2021,dlsongs,2021-10-06,23,根も葉もRumor,AKB48,https://www.billboard-japan.com/charts/detail?a=dlsongs&year=2021&month=10&day=11
2021,dlsongs,2021-10-06,24,生命線,ReoNa,https://www.billboard-japan.com/charts/detail?a=dlsongs&year=2021&month=10&day=11
2021,dlsongs,2021-10-06,25,勝手にオリンピック,back number,https://www.billboard-japan.com/charts/detail?a=dlsongs&year=2021&month=10&day=11
2021,dlsongs,2021-10-06,26,"麻の中の蓬 (feat. MINMI, 三木道三, APOLLO, KIRA, KENTY GROSS, BES & NATURAL WEAPON)",RED SPIDER,https://www.billboard-japan.com/charts/detail?a=dlsongs&year=2021&month=10&day=11
2021,dlsongs,2021-10-06,27,Wish Song,Liella!,https://www.billboard-japan.com/charts/detail?a=dlsongs&year=2021&month=10&day=11
2021,dlsongs,2021-10-06,28,君に叱られた,乃木坂46,https://www.billboard-japan.com/charts/detail?a=dlsongs&year=2021&month=10&day=11
2021,dlsongs,2021-10-06,29,ステイ,ザ・キッド・ラロイxジャスティン・ビーバー,https://www.billboard-japan.com/charts/detail?a=dlsongs&year=2021&month=10&day=11
2021,dlsongs,2021-10-06,30,Dynamite,BTS,https://www.billboard-japan.com/charts/detail?a=dlsongs&year=2021&month=10&day=11
2021,dlsongs,2021-10-06,31,ラブレター,YOASOBI,https://www.billboard-japan.com/charts/detail?a=dlsongs&year=2021&month=10&day=11
2021,dlsongs,2021-10-06,32,HADASHi NO STEP,LiSA,https://www.billboard-japan.com/charts/detail?a=dlsongs&year=2021&month=10&day=11
2021,dlsongs,2021-10-06,33,可愛いミーナ,桑田佳祐,https://www.billboard-japan.com/charts/detail?a=dlsongs&year=2021&month=10&day=11
2021,dlsongs,2021-10-06,34,夜に駆ける,YOASOBI,https://www.billboard-japan.com/charts/detail?a=dlsongs&year=2021&month=10&day=11
2021,dlsongs,2021-10-06,35,S.O.S. [Share One Sorrow] feat. Tokyo Tanaka & Jean-Ken Johnny(MAN WITH A MISSION),東京スカパラダイスオーケストラ,https://www.billboard-japan.com/charts/detail?a=dlsongs&year=2021&month=10&day=11
2021,dlsongs,2021-10-06,36,ギラギラ,Ado,https://www.billboard-japan.com/charts/detail?a=dlsongs&year=2021&month=10&day=11
2021,dlsongs,2021-10-06,37,紅蓮華,LiSA,https://www.billboard-japan.com/charts/detail?a=dlsongs&year=2021&month=10&day=11
2021,dlsongs,2021-10-06,38,最高な毎日にするために自分からアタックして言葉に気をつけムードよく進めるようしかけは早め全て面白がり答えは追い追いやってくるくるくーるZ!!・・・つまり、答え探しの毎日を! feat. ももいろクロー,木梨憲武,https://www.billboard-japan.com/charts/detail?a=dlsongs&year=2021&month=10&day=11
2021,dlsongs,2021-10-06,39,ダイヤモンド・クラリティ,BRIGHT DIAMOND,https://www.billboard-japan.com/charts/detail?a=dlsongs&year=2021&month=10&day=11
2021,dlsongs,2021-10-06,40,ヨワネハキ,"MAISONdes feat.和ぬか, asmi",https://www.billboard-japan.com/charts/detail?a=dlsongs&year=2021&month=10&day=11
2021,dlsongs,2021-10-06,41,ほめのび,白銀ノエル,https://www.billboard-japan.com/charts/detail?a=dlsongs&year=2021&month=10&day=11
2021,dlsongs,2021-10-06,42,LITMUS,緑黄色社会,https://www.billboard-japan.com/charts/detail?a=dlsongs&year=2021&month=10&day=11
2021,dlsongs,2021-10-06,43,"Hello,Again〜昔からある場所〜",絢香,https://www.billboard-japan.com/charts/detail?a=dlsongs&year=2021&month=10&day=11
2021,dlsongs,2021-10-06,44,カイト,嵐,https://www.billboard-japan.com/charts/detail?a=dlsongs&year=2021&month=10&day=11
2021,dlsongs,2021-10-06,45,竈門炭治郎のうた,椎名豪 featuring 中川奈美,https://www.billboard-japan.com/charts/detail?a=dlsongs&year=2021&month=10&day=11
2021,dlsongs,2021-10-06,46,勿忘,Awesome City Club,https://www.billboard-japan.com/charts/detail?a=dlsongs&year=2021&month=10&day=11
2021,dlsongs,2021-10-06,47,Mela!,緑黄色社会,https://www.billboard-japan.com/charts/detail?a=dlsongs&year=2021&month=10&day=11
2021,dlsongs,2021-10-06,48,遊生夢死,Eve,https://www.billboard-japan.com/charts/detail?a=dlsongs&year=2021&month=10&day=11
2021,dlsongs,2021-10-06,49,U,millennium parade × Belle,https://www.billboard-japan.com/charts/detail?a=dlsongs&year=2021&month=10&day=11
2021,dlsongs,2021-10-06,50,Mystic Fragrance,Knights,https://www.billboard-japan.com/charts/detail?a=dlsongs&year=2021&month=10&day=11
2021,dlsongs,2021-10-06,51,怪盗,back number,https://www.billboard-japan.com/charts/detail?a=dlsongs&year=2021&month=10&day=11
2021,dlsongs,2021-10-06,52,Ordinary days,milet,https://www.billboard-japan.com/charts/detail?a=dlsongs&year=2021&month=10&day=11
2021,dlsongs,2021-10-06,53,inside you,milet,https://www.billboard-japan.com/charts/detail?a=dlsongs&year=2021&month=10&day=11
2021,dlsongs,2021-10-06,54,シャッター,優里,https://www.billboard-japan.com/charts/detail?a=dlsongs&year=2021&month=10&day=11
2021,dlsongs,2021-10-06,55,なないろ,BUMP OF CHICKEN,https://www.billboard-japan.com/charts/detail?a=dlsongs&year=2021&month=10&day=11
2021,dlsongs,2021-10-06,56,瞬きの先へ,Liella!,https://www.billboard-japan.com/charts/detail?a=dlsongs&year=2021&month=10&day=11
2021,dlsongs,2021-10-06,57,DANGER GAME,越前リョーマ&エメラルド,https://www.billboard-japan.com/charts/detail?a=dlsongs&year=2021&month=10&day=11
2021,dlsongs,2021-10-06,58,Love Song,Uru,https://www.billboard-japan.com/charts/detail?a=dlsongs&year=2021&month=10&day=11
2021,dlsongs,2021-10-06,59,バイバイしちゃえば!?,Liella!,https://www.billboard-japan.com/charts/detail?a=dlsongs&year=2021&month=10&day=11
2021,dlsongs,2021-10-06,60,その次に,flumpool,https://www.billboard-japan.com/charts/detail?a=dlsongs&year=2021&month=10&day=11
2021,dlsongs,2021-10-06,61,LOCO,ITZY,https://www.billboard-japan.com/charts/detail?a=dlsongs&year=2021&month=10&day=11
2021,dlsongs,2021-10-06,62,Blue Moon,絢香,https://www.billboard-japan.com/charts/detail?a=dlsongs&year=2021&month=10&day=11
2021,dlsongs,2021-10-06,63,食べた愛,aiko,https://www.billboard-japan.com/charts/detail?a=dlsongs&year=2021&month=10&day=11
2021,dlsongs,2021-10-06,64,エール,FUNKY MONKEY BΛBY'S,https://www.billboard-japan.com/charts/detail?a=dlsongs&year=2021&month=10&day=11
2021,dlsongs,2021-10-06,65,ジュブナイル,ReoNa,https://www.billboard-japan.com/charts/detail?a=dlsongs&year=2021&month=10&day=11
2021,dlsongs,2021-10-06,66,CITRUS,Da-iCE,https://www.billboard-japan.com/charts/detail?a=dlsongs&year=2021&month=10&day=11
2021,dlsongs,2021-10-06,67,閃光,[Alexandros],https://www.billboard-japan.com/charts/detail?a=dlsongs&year=2021&month=10&day=11
2021,dlsongs,2021-10-06,68,のびしろ,Creepy Nuts,https://www.billboard-japan.com/charts/detail?a=dlsongs&year=2021&month=10&day=11
2021,dlsongs,2021-10-06,69,Domination to world,RAISE A SUILEN,https://www.billboard-japan.com/charts/detail?a=dlsongs&year=2021&month=10&day=11
2021,dlsongs,2021-10-06,70,ありのまんまが愛しい君へ,DISH//,https://www.billboard-japan.com/charts/detail?a=dlsongs&year=2021&month=10&day=11
2021,dlsongs,2021-10-06,71,SMILE〜晴れ渡る空のように〜,桑田佳祐,https://www.billboard-japan.com/charts/detail?a=dlsongs&year=2021&month=10&day=11
2021,dlsongs,2021-10-06,72,うっせぇわ,Ado,https://www.billboard-japan.com/charts/detail?a=dlsongs&year=2021&month=10&day=11
2021,dlsongs,2021-10-06,73,灼熱 Bonfire!,RAISE A SUILEN,https://www.billboard-japan.com/charts/detail?a=dlsongs&year=2021&month=10&day=11
2021,dlsongs,2021-10-06,74,DICE,FLOW,https://www.billboard-japan.com/charts/detail?a=dlsongs&year=2021&month=10&day=11
2021,dlsongs,2021-10-06,75,うまぴょい伝説,Various Artists,https://www.billboard-japan.com/charts/detail?a=dlsongs&year=2021&month=10&day=11
2021,dlsongs,2021-10-06,76,HIBANA,感覚ピエロ,https://www.billboard-japan.com/charts/detail?a=dlsongs&year=2021&month=10&day=11
2021,dlsongs,2021-10-06,77,幽霊東京,Ayase,https://www.billboard-japan.com/charts/detail?a=dlsongs&year=2021&month=10&day=11
2021,dlsongs,2021-10-06,78,なにやってもうまくいかない,meiyo,https://www.billboard-japan.com/charts/detail?a=dlsongs&year=2021&month=10&day=11
2021,dlsongs,2021-10-06,79,peace of mind〜星の歌を聴きながら〜,越前リョーマ&竜崎桜乃,https://www.billboard-japan.com/charts/detail?a=dlsongs&year=2021&month=10&day=11
2021,dlsongs,2021-10-06,80,もう少しだけ,YOASOBI,https://www.billboard-japan.com/charts/detail?a=dlsongs&year=2021&month=10&day=11
2021,dlsongs,2021-10-06,81,月光の聖者達,桑田佳祐,https://www.billboard-japan.com/charts/detail?a=dlsongs&year=2021&month=10&day=11
2021,dlsongs,2021-10-06,82,炎の聖歌隊 [Choir(クワイア)],桑田佳祐,https://www.billboard-japan.com/charts/detail?a=dlsongs&year=2021&month=10&day=11
2021,dlsongs,2021-10-06,83,廻廻奇譚,Eve,https://www.billboard-japan.com/charts/detail?a=dlsongs&year=2021&month=10&day=11
2021,dlsongs,2021-10-06,84,アカリ,GReeeeN,https://www.billboard-japan.com/charts/detail?a=dlsongs&year=2021&month=10&day=11
2021,dlsongs,2021-10-06,85,セプテンバー,アース・ウィンド&ファイアー,https://www.billboard-japan.com/charts/detail?a=dlsongs&year=2021&month=10&day=11
2021,dlsongs,2021-10-06,86,Castle of my Heart,Knights,https://www.billboard-japan.com/charts/detail?a=dlsongs&year=2021&month=10&day=11
2021,dlsongs,2021-10-06,87,Stellar Stellar,星街すいせい,https://www.billboard-japan.com/charts/detail?a=dlsongs&year=2021&month=10&day=11
2021,dlsongs,2021-10-06,88,Stack Black,宮本ひより,https://www.billboard-japan.com/charts/detail?a=dlsongs&year=2021&month=10&day=11
2021,dlsongs,2021-10-06,89,祝祭,GLAY,https://www.billboard-japan.com/charts/detail?a=dlsongs&year=2021&month=10&day=11
2021,dlsongs,2021-10-06,90,かけがえのない世界,平手友梨奈,https://www.billboard-japan.com/charts/detail?a=dlsongs&year=2021&month=10&day=11
2021,dlsongs,2021-10-06,91,OFF THE WALL,THE RAMPAGE from EXILE TRIBE,https://www.billboard-japan.com/charts/detail?a=dlsongs&year=2021&month=10&day=11
2021,dlsongs,2021-10-06,92,Anniversary,平井大,https://www.billboard-japan.com/charts/detail?a=dlsongs&year=2021&month=10&day=11
2021,dlsongs,2021-10-06,93,Believer,ReoNa,https://www.billboard-japan.com/charts/detail?a=dlsongs&year=2021&month=10&day=11
2021,dlsongs,2021-10-06,94,虹,菅田将暉,https://www.billboard-japan.com/charts/detail?a=dlsongs&year=2021&month=10&day=11
2021,dlsongs,2021-10-06,94,アポトーシス,Official髭男dism,https://www.billboard-japan.com/charts/detail?a=dlsongs&year=2021&month=10&day=11
2021,dlsongs,2021-10-06,96,プライマル,東京事変,https://www.billboard-japan.com/charts/detail?a=dlsongs&year=2021&month=10&day=11
2021,dlsongs,2021-10-06,97,Shining One,BE:FIRST,https://www.billboard-japan.com/charts/detail?a=dlsongs&year=2021&month=10&day=11
2021,dlsongs,2021-10-06,98,金目鯛の煮つけ,桑田佳祐,https://www.billboard-japan.com/charts/detail?a=dlsongs&year=2021&month=10&day=11
2021,dlsongs,2021-10-06,99,I Believe,松野千冬(狩野翔),https://www.billboard-japan.com/charts/detail?a=dlsongs&year=2021&month=10&day=11
2021,dlsongs,2021-10-06,100,FOREVER,L'Arc〜en〜Ciel,https://www.billboard-japan.com/charts/detail?a=dlsongs&year=2021&month=10&day=11
2021,dlsongs,2021-10-13,1,UNITE,B'z,https://www.billboard-japan.com/charts/detail?a=dlsongs&year=2021&month=10&day=18
2021,dlsongs,2021-10-13,2,Kick Start,BE:FIRST,https://www.billboard-japan.com/charts/detail?a=dlsongs&year=2021&month=10&day=18
2021,dlsongs,2021-10-13,3,水平線,back number,https://www.billboard-japan.com/charts/detail?a=dlsongs&year=2021&month=10&day=18
2021,dlsongs,2021-10-13,4,月に吠える,ヨルシカ,https://www.billboard-japan.com/charts/detail?a=dlsongs&year=2021&month=10&day=18
2021,dlsongs,2021-10-13,5,黄色,back number,https://www.billboard-japan.com/charts/detail?a=dlsongs&year=2021&month=10&day=18
2021,dlsongs,2021-10-13,6,宵の余、良い!,百鬼あやめ,https://www.billboard-japan.com/charts/detail?a=dlsongs&year=2021&month=10&day=18
2021,dlsongs,2021-10-13,7,Cry Baby,Official髭男dism,https://www.billboard-japan.com/charts/detail?a=dlsongs&year=2021&month=10&day=18
2021,dlsongs,2021-10-13,8,ドライフラワー,優里,https://www.billboard-japan.com/charts/detail?a=dlsongs&year=2021&month=10&day=18
2021,dlsongs,2021-10-13,9,大正浪漫,YOASOBI,https://www.billboard-japan.com/charts/detail?a=dlsongs&year=2021&month=10&day=18
2021,dlsongs,2021-10-13,10,マイ・ユニバース,コールドプレイ X BTS,https://www.billboard-japan.com/charts/detail?a=dlsongs&year=2021&month=10&day=18
2021,dlsongs,2021-10-13,11,Butter,BTS,https://www.billboard-japan.com/charts/detail?a=dlsongs&year=2021&month=10&day=18
2021,dlsongs,2021-10-13,12,こたえあわせ,JUJU,https://www.billboard-japan.com/charts/detail?a=dlsongs&year=2021&month=10&day=18
2021,dlsongs,2021-10-13,13,Permission to Dance,BTS,https://www.billboard-japan.com/charts/detail?a=dlsongs&year=2021&month=10&day=18
2021,dlsongs,2021-10-13,14,きらり,藤井風,https://www.billboard-japan.com/charts/detail?a=dlsongs&year=2021&month=10&day=18
2021,dlsongs,2021-10-13,15,東京協奏曲,宮本浩次 × 櫻井和寿 organized by ap bank,https://www.billboard-japan.com/charts/detail?a=dlsongs&year=2021&month=10&day=18
2021,dlsongs,2021-10-13,16,Anniversary,平井大,https://www.billboard-japan.com/charts/detail?a=dlsongs&year=2021&month=10&day=18
2021,dlsongs,2021-10-13,17,怪物,YOASOBI,https://www.billboard-japan.com/charts/detail?a=dlsongs&year=2021&month=10&day=18
2021,dlsongs,2021-10-13,18,可愛いミーナ,桑田佳祐,https://www.billboard-japan.com/charts/detail?a=dlsongs&year=2021&month=10&day=18
2021,dlsongs,2021-10-13,19,群青,YOASOBI,https://www.billboard-japan.com/charts/detail?a=dlsongs&year=2021&month=10&day=18
2021,dlsongs,2021-10-13,20,踊,Ado,https://www.billboard-japan.com/charts/detail?a=dlsongs&year=2021&month=10&day=18
2021,dlsongs,2021-10-13,21,炎,LiSA,https://www.billboard-japan.com/charts/detail?a=dlsongs&year=2021&month=10&day=18
2021,dlsongs,2021-10-13,22,三原色,YOASOBI,https://www.billboard-japan.com/charts/detail?a=dlsongs&year=2021&month=10&day=18
2021,dlsongs,2021-10-13,23,怪盗,back number,https://www.billboard-japan.com/charts/detail?a=dlsongs&year=2021&month=10&day=18
2021,dlsongs,2021-10-13,24,蝸旋 (feat. Ado),jon-YAKITORY,https://www.billboard-japan.com/charts/detail?a=dlsongs&year=2021&month=10&day=18
2021,dlsongs,2021-10-13,25,Dynamite,BTS,https://www.billboard-japan.com/charts/detail?a=dlsongs&year=2021&month=10&day=18
2021,dlsongs,2021-10-13,26,Unchained World,GENERATIONS from EXILE TRIBE,https://www.billboard-japan.com/charts/detail?a=dlsongs&year=2021&month=10&day=18
2021,dlsongs,2021-10-13,27,シャッター,優里,https://www.billboard-japan.com/charts/detail?a=dlsongs&year=2021&month=10&day=18
2021,dlsongs,2021-10-13,28,ステイ,ザ・キッド・ラロイxジャスティン・ビーバー,https://www.billboard-japan.com/charts/detail?a=dlsongs&year=2021&month=10&day=18
2021,dlsongs,2021-10-13,29,Nihil Pip Viper,UNISON SQUARE GARDEN,https://www.billboard-japan.com/charts/detail?a=dlsongs&year=2021&month=10&day=18
2021,dlsongs,2021-10-13,30,僕らだけの未来の空,ノクチル,https://www.billboard-japan.com/charts/detail?a=dlsongs&year=2021&month=10&day=18
2021,dlsongs,2021-10-13,31,ヨワネハキ,"MAISONdes feat.和ぬか, asmi",https://www.billboard-japan.com/charts/detail?a=dlsongs&year=2021&month=10&day=18
2021,dlsongs,2021-10-13,32,Mela!,緑黄色社会,https://www.billboard-japan.com/charts/detail?a=dlsongs&year=2021&month=10&day=18
2021,dlsongs,2021-10-13,33,うまぴょい伝説,Various Artists,https://www.billboard-japan.com/charts/detail?a=dlsongs&year=2021&month=10&day=18
2021,dlsongs,2021-10-13,34,夜に駆ける,YOASOBI,https://www.billboard-japan.com/charts/detail?a=dlsongs&year=2021&month=10&day=18
2021,dlsongs,2021-10-13,35,カイト,嵐,https://www.billboard-japan.com/charts/detail?a=dlsongs&year=2021&month=10&day=18
2021,dlsongs,2021-10-13,36,君に叱られた,乃木坂46,https://www.billboard-japan.com/charts/detail?a=dlsongs&year=2021&month=10&day=18
2021,dlsongs,2021-10-13,37,根も葉もRumor,AKB48,https://www.billboard-japan.com/charts/detail?a=dlsongs&year=2021&month=10&day=18
2021,dlsongs,2021-10-13,38,虹,菅田将暉,https://www.billboard-japan.com/charts/detail?a=dlsongs&year=2021&month=10&day=18
2021,dlsongs,2021-10-13,39,高嶺の花子さん,back number,https://www.billboard-japan.com/charts/detail?a=dlsongs&year=2021&month=10&day=18
2021,dlsongs,2021-10-13,40,残酷シャングリラ,O★Z,https://www.billboard-japan.com/charts/detail?a=dlsongs&year=2021&month=10&day=18
2021,dlsongs,2021-10-13,41,紅蓮華,LiSA,https://www.billboard-japan.com/charts/detail?a=dlsongs&year=2021&month=10&day=18
2021,dlsongs,2021-10-13,42,きみとなら,B'z,https://www.billboard-japan.com/charts/detail?a=dlsongs&year=2021&month=10&day=18
2021,dlsongs,2021-10-13,43,光,宇多田ヒカル,https://www.billboard-japan.com/charts/detail?a=dlsongs&year=2021&month=10&day=18
2021,dlsongs,2021-10-13,44,Soulコブラツイスト〜魂の悶絶,桑田佳祐,https://www.billboard-japan.com/charts/detail?a=dlsongs&year=2021&month=10&day=18
2021,dlsongs,2021-10-13,45,Stellar Stellar,星街すいせい,https://www.billboard-japan.com/charts/detail?a=dlsongs&year=2021&month=10&day=18
2021,dlsongs,2021-10-13,46,のびしろ,Creepy Nuts,https://www.billboard-japan.com/charts/detail?a=dlsongs&year=2021&month=10&day=18
2021,dlsongs,2021-10-13,47,玉座のGEMINI,ECLIPSE,https://www.billboard-japan.com/charts/detail?a=dlsongs&year=2021&month=10&day=18
2021,dlsongs,2021-10-13,48,Remember Me,MAN WITH A MISSION,https://www.billboard-japan.com/charts/detail?a=dlsongs&year=2021&month=10&day=18
2021,dlsongs,2021-10-13,49,MONSTER GIRLS,R3BIRTH,https://www.billboard-japan.com/charts/detail?a=dlsongs&year=2021&month=10&day=18
2021,dlsongs,2021-10-13,50,HADASHi NO STEP,LiSA,https://www.billboard-japan.com/charts/detail?a=dlsongs&year=2021&month=10&day=18
2021,dlsongs,2021-10-13,51,ラブレター,YOASOBI,https://www.billboard-japan.com/charts/detail?a=dlsongs&year=2021&month=10&day=18
2021,dlsongs,2021-10-13,52,閃光,[Alexandros],https://www.billboard-japan.com/charts/detail?a=dlsongs&year=2021&month=10&day=18
2021,dlsongs,2021-10-13,53,DICE,FLOW,https://www.billboard-japan.com/charts/detail?a=dlsongs&year=2021&month=10&day=18
2021,dlsongs,2021-10-13,54,海と真珠,JUNNA,https://www.billboard-japan.com/charts/detail?a=dlsongs&year=2021&month=10&day=18
2021,dlsongs,2021-10-13,55,Ordinary days,milet,https://www.billboard-japan.com/charts/detail?a=dlsongs&year=2021&month=10&day=18
2021,dlsongs,2021-10-13,56,U,millennium parade × Belle,https://www.billboard-japan.com/charts/detail?a=dlsongs&year=2021&month=10&day=18
2021,dlsongs,2021-10-13,57,なないろ,BUMP OF CHICKEN,https://www.billboard-japan.com/charts/detail?a=dlsongs&year=2021&month=10&day=18
2021,dlsongs,2021-10-13,57,群青讃歌,Eve,https://www.billboard-japan.com/charts/detail?a=dlsongs&year=2021&month=10&day=18
2021,dlsongs,2021-10-13,59,Blast it!,レオード(増田俊樹)、ヨシュア(島崎信長)、ジュダ(斉藤壮馬)、ユゥ(花江夏樹)、モモチ(豊永利行)、エーダッシュ(木村良平),https://www.billboard-japan.com/charts/detail?a=dlsongs&year=2021&month=10&day=18
2021,dlsongs,2021-10-13,60,勿忘,Awesome City Club,https://www.billboard-japan.com/charts/detail?a=dlsongs&year=2021&month=10&day=18
2021,dlsongs,2021-10-13,61,inside you,milet,https://www.billboard-japan.com/charts/detail?a=dlsongs&year=2021&month=10&day=18
2021,dlsongs,2021-10-13,62,うっせぇわ,Ado,https://www.billboard-japan.com/charts/detail?a=dlsongs&year=2021&month=10&day=18
2021,dlsongs,2021-10-13,62,LITMUS,緑黄色社会,https://www.billboard-japan.com/charts/detail?a=dlsongs&year=2021&month=10&day=18
2021,dlsongs,2021-10-13,64,Pretender,Official髭男dism,https://www.billboard-japan.com/charts/detail?a=dlsongs&year=2021&month=10&day=18
2021,dlsongs,2021-10-13,64,CITRUS,Da-iCE,https://www.billboard-japan.com/charts/detail?a=dlsongs&year=2021&month=10&day=18
2021,dlsongs,2021-10-13,66,Butter-Fly,和田光司,https://www.billboard-japan.com/charts/detail?a=dlsongs&year=2021&month=10&day=18
2021,dlsongs,2021-10-13,67,シンデレラ,サイダーガール,https://www.billboard-japan.com/charts/detail?a=dlsongs&year=2021&month=10&day=18
2021,dlsongs,2021-10-13,68,We're the one,C.FIRST,https://www.billboard-japan.com/charts/detail?a=dlsongs&year=2021&month=10&day=18
2021,dlsongs,2021-10-13,69,境界線,amazarashi,https://www.billboard-japan.com/charts/detail?a=dlsongs&year=2021&month=10&day=18
2021,dlsongs,2021-10-13,70,Shining One,BE:FIRST,https://www.billboard-japan.com/charts/detail?a=dlsongs&year=2021&month=10&day=18
2021,dlsongs,2021-10-13,71,ギラギラ,Ado,https://www.billboard-japan.com/charts/detail?a=dlsongs&year=2021&month=10&day=18
2021,dlsongs,2021-10-13,72,BLOODY KISS,LOS†EDEN,https://www.billboard-japan.com/charts/detail?a=dlsongs&year=2021&month=10&day=18
2021,dlsongs,2021-10-13,73,"Hello,Again〜昔からある場所〜",絢香,https://www.billboard-japan.com/charts/detail?a=dlsongs&year=2021&month=10&day=18
2021,dlsongs,2021-10-13,74,to U,GENERATIONS from EXILE TRIBE,https://www.billboard-japan.com/charts/detail?a=dlsongs&year=2021&month=10&day=18
2021,dlsongs,2021-10-13,75,君はロックを聴かない,あいみょん,https://www.billboard-japan.com/charts/detail?a=dlsongs&year=2021&month=10&day=18
2021,dlsongs,2021-10-13,76,DANGER GAME,越前リョーマ&エメラルド,https://www.billboard-japan.com/charts/detail?a=dlsongs&year=2021&month=10&day=18
2021,dlsongs,2021-10-13,77,生命線,ReoNa,https://www.billboard-japan.com/charts/detail?a=dlsongs&year=2021&month=10&day=18
2021,dlsongs,2021-10-13,78,廻廻奇譚,Eve,https://www.billboard-japan.com/charts/detail?a=dlsongs&year=2021&month=10&day=18
2021,dlsongs,2021-10-13,79,猫,DISH//,https://www.billboard-japan.com/charts/detail?a=dlsongs&year=2021&month=10&day=18
2021,dlsongs,2021-10-13,80,もう少しだけ,YOASOBI,https://www.billboard-japan.com/charts/detail?a=dlsongs&year=2021&month=10&day=18
2021,dlsongs,2021-10-13,81,幽霊東京,Ayase,https://www.billboard-japan.com/charts/detail?a=dlsongs&year=2021&month=10&day=18
2021,dlsongs,2021-10-13,82,SMILE〜晴れ渡る空のように〜,桑田佳祐,https://www.billboard-japan.com/charts/detail?a=dlsongs&year=2021&month=10&day=18
2021,dlsongs,2021-10-13,83,セプテンバー,アース・ウィンド&ファイアー,https://www.billboard-japan.com/charts/detail?a=dlsongs&year=2021&month=10&day=18
2021,dlsongs,2021-10-13,84,end of a life,Mori Calliope,https://www.billboard-japan.com/charts/detail?a=dlsongs&year=2021&month=10&day=18
2021,dlsongs,2021-10-13,85,I'm proud,華原朋美,https://www.billboard-japan.com/charts/detail?a=dlsongs&year=2021&month=10&day=18
2021,dlsongs,2021-10-13,86,ノー・タイム・トゥ・ダイ,ビリー・アイリッシュ,https://www.billboard-japan.com/charts/detail?a=dlsongs&year=2021&month=10&day=18
2021,dlsongs,2021-10-13,87,Tokimeki,Vaundy,https://www.billboard-japan.com/charts/detail?a=dlsongs&year=2021&month=10&day=18
2021,dlsongs,2021-10-13,88,peace of mind〜星の歌を聴きながら〜,越前リョーマ&竜崎桜乃,https://www.billboard-japan.com/charts/detail?a=dlsongs&year=2021&month=10&day=18
2021,dlsongs,2021-10-13,89,序曲,"すぎやまこういち,東京都交響楽団",https://www.billboard-japan.com/charts/detail?a=dlsongs&year=2021&month=10&day=18
2021,dlsongs,2021-10-13,90,最高な毎日にするために自分からアタックして言葉に気をつけムードよく進めるようしかけは早め全て面白がり答えは追い追いやってくるくるくーるZ!!・・・つまり、答え探しの毎日を! feat. ももいろクロー,木梨憲武,https://www.billboard-japan.com/charts/detail?a=dlsongs&year=2021&month=10&day=18
2021,dlsongs,2021-10-13,91,竈門炭治郎のうた,椎名豪 featuring 中川奈美,https://www.billboard-japan.com/charts/detail?a=dlsongs&year=2021&month=10&day=18
2021,dlsongs,2021-10-13,92,ほめのび,白銀ノエル,https://www.billboard-japan.com/charts/detail?a=dlsongs&year=2021&month=10&day=18
2021,dlsongs,2021-10-13,93,Domination to world,RAISE A SUILEN,https://www.billboard-japan.com/charts/detail?a=dlsongs&year=2021&month=10&day=18
2021,dlsongs,2021-10-13,94,燃えよ,藤井風,https://www.billboard-japan.com/charts/detail?a=dlsongs&year=2021&month=10&day=18
2021,dlsongs,2021-10-13,95,Love Song,Uru,https://www.billboard-japan.com/charts/detail?a=dlsongs&year=2021&month=10&day=18
2021,dlsongs,2021-10-13,96,Lemon,米津玄師,https://www.billboard-japan.com/charts/detail?a=dlsongs&year=2021&month=10&day=18
2021,dlsongs,2021-10-13,97,SOUL,UVERworld feat.青山テルマ/愛笑む from 徳川eq.,https://www.billboard-japan.com/charts/detail?a=dlsongs&year=2021&month=10&day=18
2021,dlsongs,2021-10-13,98,来鳥江(UVERworld ver.),UVERworld,https://www.billboard-japan.com/charts/detail?a=dlsongs&year=2021&month=10&day=18
2021,dlsongs,2021-10-13,99,夏音,優里,https://www.billboard-japan.com/charts/detail?a=dlsongs&year=2021&month=10&day=18
2021,dlsongs,2021-10-13,100,Blue Moon,絢香,https://www.billboard-japan.com/charts/detail?a=dlsongs&year=2021&month=10&day=18
2021,dlsongs,2021-10-20,1,往け,LiSA,https://www.billboard-japan.com/charts/detail?a=dlsongs&year=2021&month=10&day=25
2021,dlsongs,2021-10-20,2,BOY,King Gnu,https://www.billboard-japan.com/charts/detail?a=dlsongs&year=2021&month=10&day=25
2021,dlsongs,2021-10-20,3,流れ弾,櫻坂46,https://www.billboard-japan.com/charts/detail?a=dlsongs&year=2021&month=10&day=25
2021,dlsongs,2021-10-20,4,Cry Baby,Official髭男dism,https://www.billboard-japan.com/charts/detail?a=dlsongs&year=2021&month=10&day=25
2021,dlsongs,2021-10-20,5,水平線,back number,https://www.billboard-japan.com/charts/detail?a=dlsongs&year=2021&month=10&day=25
2021,dlsongs,2021-10-20,6,You (Prod. SUGA of BTS),OMI,https://www.billboard-japan.com/charts/detail?a=dlsongs&year=2021&month=10&day=25
2021,dlsongs,2021-10-20,7,ドライフラワー,優里,https://www.billboard-japan.com/charts/detail?a=dlsongs&year=2021&month=10&day=25
2021,dlsongs,2021-10-20,8,UNITE,B'z,https://www.billboard-japan.com/charts/detail?a=dlsongs&year=2021&month=10&day=25
2021,dlsongs,2021-10-20,9,Butter,BTS,https://www.billboard-japan.com/charts/detail?a=dlsongs&year=2021&month=10&day=25
2021,dlsongs,2021-10-20,10,大正浪漫,YOASOBI,https://www.billboard-japan.com/charts/detail?a=dlsongs&year=2021&month=10&day=25
2021,dlsongs,2021-10-20,11,三原色,YOASOBI,https://www.billboard-japan.com/charts/detail?a=dlsongs&year=2021&month=10&day=25
2021,dlsongs,2021-10-20,12,こたえあわせ,JUJU,https://www.billboard-japan.com/charts/detail?a=dlsongs&year=2021&month=10&day=25
2021,dlsongs,2021-10-20,13,きらり,藤井風,https://www.billboard-japan.com/charts/detail?a=dlsongs&year=2021&month=10&day=25
2021,dlsongs,2021-10-20,14,今しかない瞬間を,ノクチル,https://www.billboard-japan.com/charts/detail?a=dlsongs&year=2021&month=10&day=25
2021,dlsongs,2021-10-20,15,Filter,BTS,https://www.billboard-japan.com/charts/detail?a=dlsongs&year=2021&month=10&day=25
2021,dlsongs,2021-10-20,16,Permission to Dance,BTS,https://www.billboard-japan.com/charts/detail?a=dlsongs&year=2021&month=10&day=25
2021,dlsongs,2021-10-20,17,ウインク,手越祐也,https://www.billboard-japan.com/charts/detail?a=dlsongs&year=2021&month=10&day=25
2021,dlsongs,2021-10-20,18,月に吠える,ヨルシカ,https://www.billboard-japan.com/charts/detail?a=dlsongs&year=2021&month=10&day=25
2021,dlsongs,2021-10-20,19,マイ・ユニバース,コールドプレイ X BTS,https://www.billboard-japan.com/charts/detail?a=dlsongs&year=2021&month=10&day=25
2021,dlsongs,2021-10-20,20,Prologue,JO1,https://www.billboard-japan.com/charts/detail?a=dlsongs&year=2021&month=10&day=25
2021,dlsongs,2021-10-20,21,ワルキューレはあきらめない,ワルキューレ,https://www.billboard-japan.com/charts/detail?a=dlsongs&year=2021&month=10&day=25
2021,dlsongs,2021-10-20,22,黄色,back number,https://www.billboard-japan.com/charts/detail?a=dlsongs&year=2021&month=10&day=25
2021,dlsongs,2021-10-20,23,群青,YOASOBI,https://www.billboard-japan.com/charts/detail?a=dlsongs&year=2021&month=10&day=25
2021,dlsongs,2021-10-20,24,怪物,YOASOBI,https://www.billboard-japan.com/charts/detail?a=dlsongs&year=2021&month=10&day=25
2021,dlsongs,2021-10-20,25,Starlight,OMI,https://www.billboard-japan.com/charts/detail?a=dlsongs&year=2021&month=10&day=25
2021,dlsongs,2021-10-20,26,境界線,amazarashi,https://www.billboard-japan.com/charts/detail?a=dlsongs&year=2021&month=10&day=25
2021,dlsongs,2021-10-20,27,僕らだけの未来の空,ノクチル,https://www.billboard-japan.com/charts/detail?a=dlsongs&year=2021&month=10&day=25
2021,dlsongs,2021-10-20,28,踊,Ado,https://www.billboard-japan.com/charts/detail?a=dlsongs&year=2021&month=10&day=25
2021,dlsongs,2021-10-20,29,ぷ・れ・あ・で・す!,大空スバル,https://www.billboard-japan.com/charts/detail?a=dlsongs&year=2021&month=10&day=25
2021,dlsongs,2021-10-20,30,Starting Now 〜新しい私へ,清水美依紗,https://www.billboard-japan.com/charts/detail?a=dlsongs&year=2021&month=10&day=25
2021,dlsongs,2021-10-20,31,炎,LiSA,https://www.billboard-japan.com/charts/detail?a=dlsongs&year=2021&month=10&day=25
2021,dlsongs,2021-10-20,32,Dynamite,BTS,https://www.billboard-japan.com/charts/detail?a=dlsongs&year=2021&month=10&day=25
2021,dlsongs,2021-10-20,33,ヨワネハキ,"MAISONdes feat.和ぬか, asmi",https://www.billboard-japan.com/charts/detail?a=dlsongs&year=2021&month=10&day=25
2021,dlsongs,2021-10-20,34,MACHINEGUN,THE ORAL CIGARETTES,https://www.billboard-japan.com/charts/detail?a=dlsongs&year=2021&month=10&day=25
2021,dlsongs,2021-10-20,35,可愛いミーナ,桑田佳祐,https://www.billboard-japan.com/charts/detail?a=dlsongs&year=2021&month=10&day=25
2021,dlsongs,2021-10-20,36,夜に駆ける,YOASOBI,https://www.billboard-japan.com/charts/detail?a=dlsongs&year=2021&month=10&day=25
2021,dlsongs,2021-10-20,37,カイト,嵐,https://www.billboard-japan.com/charts/detail?a=dlsongs&year=2021&month=10&day=25
2021,dlsongs,2021-10-20,38,ステイ,ザ・キッド・ラロイxジャスティン・ビーバー,https://www.billboard-japan.com/charts/detail?a=dlsongs&year=2021&month=10&day=25
2021,dlsongs,2021-10-20,39,シャッター,優里,https://www.billboard-japan.com/charts/detail?a=dlsongs&year=2021&month=10&day=25
2021,dlsongs,2021-10-20,40,閃光,[Alexandros],https://www.billboard-japan.com/charts/detail?a=dlsongs&year=2021&month=10&day=25
2021,dlsongs,2021-10-20,41,Mela!,緑黄色社会,https://www.billboard-japan.com/charts/detail?a=dlsongs&year=2021&month=10&day=25
2021,dlsongs,2021-10-20,42,深紅のパシオン,chicAAmor,https://www.billboard-japan.com/charts/detail?a=dlsongs&year=2021&month=10&day=25
2021,dlsongs,2021-10-20,43,Now and Evermore,SEIGAKU NINE PLAYERS,https://www.billboard-japan.com/charts/detail?a=dlsongs&year=2021&month=10&day=25
2021,dlsongs,2021-10-20,44,タイムファクター,神はサイコロを振らない,https://www.billboard-japan.com/charts/detail?a=dlsongs&year=2021&month=10&day=25
2021,dlsongs,2021-10-20,44,紅蓮華,LiSA,https://www.billboard-japan.com/charts/detail?a=dlsongs&year=2021&month=10&day=25
2021,dlsongs,2021-10-20,46,Scars,Stray Kids,https://www.billboard-japan.com/charts/detail?a=dlsongs&year=2021&month=10&day=25
2021,dlsongs,2021-10-20,47,なないろ,BUMP OF CHICKEN,https://www.billboard-japan.com/charts/detail?a=dlsongs&year=2021&month=10&day=25
2021,dlsongs,2021-10-20,48,We're the one,C.FIRST,https://www.billboard-japan.com/charts/detail?a=dlsongs&year=2021&month=10&day=25
2021,dlsongs,2021-10-20,49,蝸旋 (feat. Ado),jon-YAKITORY,https://www.billboard-japan.com/charts/detail?a=dlsongs&year=2021&month=10&day=25
2021,dlsongs,2021-10-20,50,Anniversary,平井大,https://www.billboard-japan.com/charts/detail?a=dlsongs&year=2021&month=10&day=25
2021,dlsongs,2021-10-20,51,シンデレラ,サイダーガール,https://www.billboard-japan.com/charts/detail?a=dlsongs&year=2021&month=10&day=25
2021,dlsongs,2021-10-20,52,光,宇多田ヒカル,https://www.billboard-japan.com/charts/detail?a=dlsongs&year=2021&month=10&day=25
2021,dlsongs,2021-10-20,53,雲の上,心之助,https://www.billboard-japan.com/charts/detail?a=dlsongs&year=2021&month=10&day=25
2021,dlsongs,2021-10-20,54,I'm proud,華原朋美,https://www.billboard-japan.com/charts/detail?a=dlsongs&year=2021&month=10&day=25
2021,dlsongs,2021-10-20,55,マドロミ,天音かなた・常闇トワ,https://www.billboard-japan.com/charts/detail?a=dlsongs&year=2021&month=10&day=25
2021,dlsongs,2021-10-20,56,怪盗,back number,https://www.billboard-japan.com/charts/detail?a=dlsongs&year=2021&month=10&day=25
2021,dlsongs,2021-10-20,56,うまぴょい伝説,Various Artists,https://www.billboard-japan.com/charts/detail?a=dlsongs&year=2021&month=10&day=25
2021,dlsongs,2021-10-20,58,廻廻奇譚,Eve,https://www.billboard-japan.com/charts/detail?a=dlsongs&year=2021&month=10&day=25
2021,dlsongs,2021-10-20,59,無言の宇宙,櫻坂46,https://www.billboard-japan.com/charts/detail?a=dlsongs&year=2021&month=10&day=25
2021,dlsongs,2021-10-20,60,Soulコブラツイスト〜魂の悶絶,桑田佳祐,https://www.billboard-japan.com/charts/detail?a=dlsongs&year=2021&month=10&day=25
2021,dlsongs,2021-10-20,61,ラブレター,YOASOBI,https://www.billboard-japan.com/charts/detail?a=dlsongs&year=2021&month=10&day=25
2021,dlsongs,2021-10-20,62,Ordinary days,milet,https://www.billboard-japan.com/charts/detail?a=dlsongs&year=2021&month=10&day=25
2021,dlsongs,2021-10-20,63,虹,菅田将暉,https://www.billboard-japan.com/charts/detail?a=dlsongs&year=2021&month=10&day=25
2021,dlsongs,2021-10-20,64,BANG!!!,EGOIST,https://www.billboard-japan.com/charts/detail?a=dlsongs&year=2021&month=10&day=25
2021,dlsongs,2021-10-20,65,燃えよ,藤井風,https://www.billboard-japan.com/charts/detail?a=dlsongs&year=2021&month=10&day=25
2021,dlsongs,2021-10-20,66,うっせぇわ,Ado,https://www.billboard-japan.com/charts/detail?a=dlsongs&year=2021&month=10&day=25
2021,dlsongs,2021-10-20,67,Dead end,櫻坂46,https://www.billboard-japan.com/charts/detail?a=dlsongs&year=2021&month=10&day=25
2021,dlsongs,2021-10-20,68,東京協奏曲,宮本浩次 × 櫻井和寿 organized by ap bank,https://www.billboard-japan.com/charts/detail?a=dlsongs&year=2021&month=10&day=25
2021,dlsongs,2021-10-20,69,根も葉もRumor,AKB48,https://www.billboard-japan.com/charts/detail?a=dlsongs&year=2021&month=10&day=25
2021,dlsongs,2021-10-20,70,CITRUS,Da-iCE,https://www.billboard-japan.com/charts/detail?a=dlsongs&year=2021&month=10&day=25
2021,dlsongs,2021-10-20,71,HADASHi NO STEP,LiSA,https://www.billboard-japan.com/charts/detail?a=dlsongs&year=2021&month=10&day=25
2021,dlsongs,2021-10-20,72,ミライチズ,夜のひと笑い,https://www.billboard-japan.com/charts/detail?a=dlsongs&year=2021&month=10&day=25
2021,dlsongs,2021-10-20,73,世界でいちばん頑張ってる君に,HARCO,https://www.billboard-japan.com/charts/detail?a=dlsongs&year=2021&month=10&day=25
2021,dlsongs,2021-10-20,74,君に叱られた,乃木坂46,https://www.billboard-japan.com/charts/detail?a=dlsongs&year=2021&month=10&day=25
2021,dlsongs,2021-10-20,75,U,millennium parade × Belle,https://www.billboard-japan.com/charts/detail?a=dlsongs&year=2021&month=10&day=25
2021,dlsongs,2021-10-20,76,覚悟はいいか,ケツメイシ,https://www.billboard-japan.com/charts/detail?a=dlsongs&year=2021&month=10&day=25
2021,dlsongs,2021-10-20,77,ツキミソウ,Novelbright,https://www.billboard-japan.com/charts/detail?a=dlsongs&year=2021&month=10&day=25
2021,dlsongs,2021-10-20,78,Resonance+ (ノクチル Ver.),ノクチル,https://www.billboard-japan.com/charts/detail?a=dlsongs&year=2021&month=10&day=25
2021,dlsongs,2021-10-20,79,Kick Start,BE:FIRST,https://www.billboard-japan.com/charts/detail?a=dlsongs&year=2021&month=10&day=25
2021,dlsongs,2021-10-20,80,REVIVE,NEMOPHILA,https://www.billboard-japan.com/charts/detail?a=dlsongs&year=2021&month=10&day=25
2021,dlsongs,2021-10-20,81,シル・ヴ・プレジデント,P丸様。,https://www.billboard-japan.com/charts/detail?a=dlsongs&year=2021&month=10&day=25
2021,dlsongs,2021-10-20,82,Tokimeki,Vaundy,https://www.billboard-japan.com/charts/detail?a=dlsongs&year=2021&month=10&day=25
2021,dlsongs,2021-10-20,83,ピコたるもの、ふぃーばー!,香澄(愛美)×蘭(佐倉綾音)×彩(前島亜美)×友希那(相羽あいな)×こころ(伊藤美来)×ましろ(進藤あまね)×レイヤ(Raychell),https://www.billboard-japan.com/charts/detail?a=dlsongs&year=2021&month=10&day=25
2021,dlsongs,2021-10-20,84,唇の凍傷,ワルキューレ,https://www.billboard-japan.com/charts/detail?a=dlsongs&year=2021&month=10&day=25
2021,dlsongs,2021-10-20,85,Home Sweet Home,"白坂小梅(桜咲千依),辻野あかり(梅澤めぐ),道明寺歌鈴(新田ひより),佐久間まゆ(牧野由依),小日向美穂(津田美波)",https://www.billboard-japan.com/charts/detail?a=dlsongs&year=2021&month=10&day=25
2021,dlsongs,2021-10-20,86,Butter-Fly,和田光司,https://www.billboard-japan.com/charts/detail?a=dlsongs&year=2021&month=10&day=25
2021,dlsongs,2021-10-20,87,旅路,藤井風,https://www.billboard-japan.com/charts/detail?a=dlsongs&year=2021&month=10&day=25
2021,dlsongs,2021-10-20,88,Pretender,Official髭男dism,https://www.billboard-japan.com/charts/detail?a=dlsongs&year=2021&month=10&day=25
2021,dlsongs,2021-10-20,89,ギラギラ,Ado,https://www.billboard-japan.com/charts/detail?a=dlsongs&year=2021&month=10&day=25
2021,dlsongs,2021-10-20,90,もう少しだけ,YOASOBI,https://www.billboard-japan.com/charts/detail?a=dlsongs&year=2021&month=10&day=25
2021,dlsongs,2021-10-20,91,SMILE〜晴れ渡る空のように〜,桑田佳祐,https://www.billboard-japan.com/charts/detail?a=dlsongs&year=2021&month=10&day=25
2021,dlsongs,2021-10-20,92,タクト,"ryo (supercell),まふまふ & gaku",https://www.billboard-japan.com/charts/detail?a=dlsongs&year=2021&month=10&day=25
2021,dlsongs,2021-10-20,93,DICE,FLOW,https://www.billboard-japan.com/charts/detail?a=dlsongs&year=2021&month=10&day=25
2021,dlsongs,2021-10-20,94,SUPER SHINE,GENERATIONS from EXILE TRIBE,https://www.billboard-japan.com/charts/detail?a=dlsongs&year=2021&month=10&day=25
2021,dlsongs,2021-10-20,95,変わりゆくもの変わらないもの,DEEP SQUAD,https://www.billboard-japan.com/charts/detail?a=dlsongs&year=2021&month=10&day=25
2021,dlsongs,2021-10-20,96,つらみ現在進行形,ワルキューレ,https://www.billboard-japan.com/charts/detail?a=dlsongs&year=2021&month=10&day=25
2021,dlsongs,2021-10-20,97,I BELIEVE,華原朋美,https://www.billboard-japan.com/charts/detail?a=dlsongs&year=2021&month=10&day=25
2021,dlsongs,2021-10-20,98,STYX HELIX,MYTH & ROID,https://www.billboard-japan.com/charts/detail?a=dlsongs&year=2021&month=10&day=25
2021,dlsongs,2021-10-20,99,虹が架かるまでの話,堀江由衣,https://www.billboard-japan.com/charts/detail?a=dlsongs&year=2021&month=10&day=25
2021,dlsongs,2021-10-20,100,LITMUS,緑黄色社会,https://www.billboard-japan.com/charts/detail?a=dlsongs&year=2021&month=10&day=25
2021,dlsongs,2021-10-27,1,明け星,LiSA,https://www.billboard-japan.com/charts/detail?a=dlsongs&year=2021&month=11&day=01
2021,dlsongs,2021-10-27,2,Cube,星野源,https://www.billboard-japan.com/charts/detail?a=dlsongs&year=2021&month=11&day=01
2021,dlsongs,2021-10-27,3,ハート,あいみょん,https://www.billboard-japan.com/charts/detail?a=dlsongs&year=2021&month=11&day=01
2021,dlsongs,2021-10-27,4,往け,LiSA,https://www.billboard-japan.com/charts/detail?a=dlsongs&year=2021&month=11&day=01
2021,dlsongs,2021-10-27,5,Wonder,ONE OK ROCK,https://www.billboard-japan.com/charts/detail?a=dlsongs&year=2021&month=11&day=01
2021,dlsongs,2021-10-27,6,Not Alone,C.FIRST,https://www.billboard-japan.com/charts/detail?a=dlsongs&year=2021&month=11&day=01
2021,dlsongs,2021-10-27,7,BOY,King Gnu,https://www.billboard-japan.com/charts/detail?a=dlsongs&year=2021&month=11&day=01
2021,dlsongs,2021-10-27,8,水平線,back number,https://www.billboard-japan.com/charts/detail?a=dlsongs&year=2021&month=11&day=01
2021,dlsongs,2021-10-27,9,Cry Baby,Official髭男dism,https://www.billboard-japan.com/charts/detail?a=dlsongs&year=2021&month=11&day=01
2021,dlsongs,2021-10-27,10,Oz.,yama,https://www.billboard-japan.com/charts/detail?a=dlsongs&year=2021&month=11&day=01
2021,dlsongs,2021-10-27,11,ドライフラワー,優里,https://www.billboard-japan.com/charts/detail?a=dlsongs&year=2021&month=11&day=01
2021,dlsongs,2021-10-27,12,ノンフィクション!!,Liella!,https://www.billboard-japan.com/charts/detail?a=dlsongs&year=2021&month=11&day=01
2021,dlsongs,2021-10-27,13,Butter,BTS,https://www.billboard-japan.com/charts/detail?a=dlsongs&year=2021&month=11&day=01
2021,dlsongs,2021-10-27,14,Fly and Fly,シーズ,https://www.billboard-japan.com/charts/detail?a=dlsongs&year=2021&month=11&day=01
2021,dlsongs,2021-10-27,15,大正浪漫,YOASOBI,https://www.billboard-japan.com/charts/detail?a=dlsongs&year=2021&month=11&day=01
2021,dlsongs,2021-10-27,16,Glow in the dark,Yami_Q_ray,https://www.billboard-japan.com/charts/detail?a=dlsongs&year=2021&month=11&day=01
2021,dlsongs,2021-10-27,17,Starlight Prologue,Liella!,https://www.billboard-japan.com/charts/detail?a=dlsongs&year=2021&month=11&day=01
2021,dlsongs,2021-10-27,18,きらり,藤井風,https://www.billboard-japan.com/charts/detail?a=dlsongs&year=2021&month=11&day=01
2021,dlsongs,2021-10-27,19,三原色,YOASOBI,https://www.billboard-japan.com/charts/detail?a=dlsongs&year=2021&month=11&day=01
2021,dlsongs,2021-10-27,20,Permission to Dance,BTS,https://www.billboard-japan.com/charts/detail?a=dlsongs&year=2021&month=11&day=01
2021,dlsongs,2021-10-27,21,Diva in Abyss,Yami_Q_ray,https://www.billboard-japan.com/charts/detail?a=dlsongs&year=2021&month=11&day=01
2021,dlsongs,2021-10-27,22,炎,LiSA,https://www.billboard-japan.com/charts/detail?a=dlsongs&year=2021&month=11&day=01
2021,dlsongs,2021-10-27,23,閃光,[Alexandros],https://www.billboard-japan.com/charts/detail?a=dlsongs&year=2021&month=11&day=01
2021,dlsongs,2021-10-27,24,綺麗な花には毒がある,Yami_Q_ray,https://www.billboard-japan.com/charts/detail?a=dlsongs&year=2021&month=11&day=01
2021,dlsongs,2021-10-27,25,The Last Frontier,AZKi & 星街すいせい,https://www.billboard-japan.com/charts/detail?a=dlsongs&year=2021&month=11&day=01
2021,dlsongs,2021-10-27,26,We're the one,C.FIRST,https://www.billboard-japan.com/charts/detail?a=dlsongs&year=2021&month=11&day=01
2021,dlsongs,2021-10-27,27,こたえあわせ,JUJU,https://www.billboard-japan.com/charts/detail?a=dlsongs&year=2021&month=11&day=01
2021,dlsongs,2021-10-27,28,ツキミソウ,Novelbright,https://www.billboard-japan.com/charts/detail?a=dlsongs&year=2021&month=11&day=01
2021,dlsongs,2021-10-27,29,マイ・ユニバース,コールドプレイ X BTS,https://www.billboard-japan.com/charts/detail?a=dlsongs&year=2021&month=11&day=01
2021,dlsongs,2021-10-27,30,BANG!!!,EGOIST,https://www.billboard-japan.com/charts/detail?a=dlsongs&year=2021&month=11&day=01
2021,dlsongs,2021-10-27,31,沈丁花,DISH//,https://www.billboard-japan.com/charts/detail?a=dlsongs&year=2021&month=11&day=01
2021,dlsongs,2021-10-27,32,UNITE,B'z,https://www.billboard-japan.com/charts/detail?a=dlsongs&year=2021&month=11&day=01
2021,dlsongs,2021-10-27,33,怪物,YOASOBI,https://www.billboard-japan.com/charts/detail?a=dlsongs&year=2021&month=11&day=01
2021,dlsongs,2021-10-27,34,群青,YOASOBI,https://www.billboard-japan.com/charts/detail?a=dlsongs&year=2021&month=11&day=01
2021,dlsongs,2021-10-27,35,ステイ,ザ・キッド・ラロイxジャスティン・ビーバー,https://www.billboard-japan.com/charts/detail?a=dlsongs&year=2021&month=11&day=01
2021,dlsongs,2021-10-27,36,踊,Ado,https://www.billboard-japan.com/charts/detail?a=dlsongs&year=2021&month=11&day=01
2021,dlsongs,2021-10-27,37,Get up! Shout!,水樹奈々,https://www.billboard-japan.com/charts/detail?a=dlsongs&year=2021&month=11&day=01
2021,dlsongs,2021-10-27,38,Night Flight,EXILE ATSUSHI,https://www.billboard-japan.com/charts/detail?a=dlsongs&year=2021&month=11&day=01
2021,dlsongs,2021-10-27,39,黄色,back number,https://www.billboard-japan.com/charts/detail?a=dlsongs&year=2021&month=11&day=01
2021,dlsongs,2021-10-27,40,Walking with you,Novelbright,https://www.billboard-japan.com/charts/detail?a=dlsongs&year=2021&month=11&day=01
2021,dlsongs,2021-10-27,41,タイムファクター,神はサイコロを振らない,https://www.billboard-japan.com/charts/detail?a=dlsongs&year=2021&month=11&day=01
2021,dlsongs,2021-10-27,42,Dynamite,BTS,https://www.billboard-japan.com/charts/detail?a=dlsongs&year=2021&month=11&day=01
2021,dlsongs,2021-10-27,43,流れ弾,櫻坂46,https://www.billboard-japan.com/charts/detail?a=dlsongs&year=2021&month=11&day=01
2021,dlsongs,2021-10-27,44,ヨワネハキ,"MAISONdes feat.和ぬか, asmi",https://www.billboard-japan.com/charts/detail?a=dlsongs&year=2021&month=11&day=01
2021,dlsongs,2021-10-27,45,Dream Rainbow,Liella!,https://www.billboard-japan.com/charts/detail?a=dlsongs&year=2021&month=11&day=01
2021,dlsongs,2021-10-27,46,Day1,Liella!,https://www.billboard-japan.com/charts/detail?a=dlsongs&year=2021&month=11&day=01
2021,dlsongs,2021-10-27,47,境界線,amazarashi,https://www.billboard-japan.com/charts/detail?a=dlsongs&year=2021&month=11&day=01
2021,dlsongs,2021-10-27,48,夜に駆ける,YOASOBI,https://www.billboard-japan.com/charts/detail?a=dlsongs&year=2021&month=11&day=01
2021,dlsongs,2021-10-27,49,Sing My Heart 〜魔法を奏でて〜,エリザベート・バートリー[シンデレラ](大久保瑠美),https://www.billboard-japan.com/charts/detail?a=dlsongs&year=2021&month=11&day=01
2021,dlsongs,2021-10-27,50,紅蓮華,LiSA,https://www.billboard-japan.com/charts/detail?a=dlsongs&year=2021&month=11&day=01
2021,dlsongs,2021-10-27,51,No Limit,THE RAMPAGE from EXILE TRIBE,https://www.billboard-japan.com/charts/detail?a=dlsongs&year=2021&month=11&day=01
2021,dlsongs,2021-10-27,52,未来絵,"MEZZO""",https://www.billboard-japan.com/charts/detail?a=dlsongs&year=2021&month=11&day=01
2021,dlsongs,2021-10-27,53,シャッター,優里,https://www.billboard-japan.com/charts/detail?a=dlsongs&year=2021&month=11&day=01
2021,dlsongs,2021-10-27,54,Tears Over 〜この星の君と〜,"MEZZO""",https://www.billboard-japan.com/charts/detail?a=dlsongs&year=2021&month=11&day=01
2021,dlsongs,2021-10-27,55,なないろ,BUMP OF CHICKEN,https://www.billboard-japan.com/charts/detail?a=dlsongs&year=2021&month=11&day=01
2021,dlsongs,2021-10-27,56,Shine,Girls Planet 999,https://www.billboard-japan.com/charts/detail?a=dlsongs&year=2021&month=11&day=01
2021,dlsongs,2021-10-27,57,PRIDE,ASKA,https://www.billboard-japan.com/charts/detail?a=dlsongs&year=2021&month=11&day=01
2021,dlsongs,2021-10-27,58,カイト,嵐,https://www.billboard-japan.com/charts/detail?a=dlsongs&year=2021&month=11&day=01
2021,dlsongs,2021-10-27,59,ワルキューレはあきらめない,ワルキューレ,https://www.billboard-japan.com/charts/detail?a=dlsongs&year=2021&month=11&day=01
2021,dlsongs,2021-10-27,60,Mela!,緑黄色社会,https://www.billboard-japan.com/charts/detail?a=dlsongs&year=2021&month=11&day=01
2021,dlsongs,2021-10-27,61,マドロミ,天音かなた・常闇トワ,https://www.billboard-japan.com/charts/detail?a=dlsongs&year=2021&month=11&day=01
2021,dlsongs,2021-10-27,62,マイ・ユニバース (SUGA's Remix),コールドプレイ X BTS,https://www.billboard-japan.com/charts/detail?a=dlsongs&year=2021&month=11&day=01
2021,dlsongs,2021-10-27,63,You (Prod. SUGA of BTS),OMI,https://www.billboard-japan.com/charts/detail?a=dlsongs&year=2021&month=11&day=01
2021,dlsongs,2021-10-27,64,可愛いミーナ,桑田佳祐,https://www.billboard-japan.com/charts/detail?a=dlsongs&year=2021&month=11&day=01
2021,dlsongs,2021-10-27,65,ミライチズ,夜のひと笑い,https://www.billboard-japan.com/charts/detail?a=dlsongs&year=2021&month=11&day=01
2021,dlsongs,2021-10-27,66,アノーイング!さんさんウィーク!,"五十嵐双葉(楠木ともり),桜井桃子(早見沙織),黒部夏美(青山玲菜),月城モナ(古賀葵)",https://www.billboard-japan.com/charts/detail?a=dlsongs&year=2021&month=11&day=01
2021,dlsongs,2021-10-27,67,Soulコブラツイスト〜魂の悶絶,桑田佳祐,https://www.billboard-japan.com/charts/detail?a=dlsongs&year=2021&month=11&day=01
2021,dlsongs,2021-10-27,68,蝸旋 (feat. Ado),jon-YAKITORY,https://www.billboard-japan.com/charts/detail?a=dlsongs&year=2021&month=11&day=01
2021,dlsongs,2021-10-27,69,SMILE〜晴れ渡る空のように〜,桑田佳祐,https://www.billboard-japan.com/charts/detail?a=dlsongs&year=2021&month=11&day=01
2021,dlsongs,2021-10-27,70,Another Dream,Girls Planet 999,https://www.billboard-japan.com/charts/detail?a=dlsongs&year=2021&month=11&day=01
2021,dlsongs,2021-10-27,71,燃えよ,藤井風,https://www.billboard-japan.com/charts/detail?a=dlsongs&year=2021&month=11&day=01
2021,dlsongs,2021-10-27,72,雲の上,心之助,https://www.billboard-japan.com/charts/detail?a=dlsongs&year=2021&month=11&day=01
2021,dlsongs,2021-10-27,73,虹,菅田将暉,https://www.billboard-japan.com/charts/detail?a=dlsongs&year=2021&month=11&day=01
2021,dlsongs,2021-10-27,74,うまぴょい伝説,Various Artists,https://www.billboard-japan.com/charts/detail?a=dlsongs&year=2021&month=11&day=01
2021,dlsongs,2021-10-27,75,廻廻奇譚,Eve,https://www.billboard-japan.com/charts/detail?a=dlsongs&year=2021&month=11&day=01
2021,dlsongs,2021-10-27,76,シンデレラ,サイダーガール,https://www.billboard-japan.com/charts/detail?a=dlsongs&year=2021&month=11&day=01
2021,dlsongs,2021-10-27,76,CITRUS,Da-iCE,https://www.billboard-japan.com/charts/detail?a=dlsongs&year=2021&month=11&day=01
2021,dlsongs,2021-10-27,78,from the edge,FictionJunction feat. LiSA,https://www.billboard-japan.com/charts/detail?a=dlsongs&year=2021&month=11&day=01
2021,dlsongs,2021-10-27,79,Moratorium,ENVii GABRIELLA,https://www.billboard-japan.com/charts/detail?a=dlsongs&year=2021&month=11&day=01
2021,dlsongs,2021-10-27,80,DIES IN NO TIME,福山潤,https://www.billboard-japan.com/charts/detail?a=dlsongs&year=2021&month=11&day=01
2021,dlsongs,2021-10-27,81,Tokimeki,Vaundy,https://www.billboard-japan.com/charts/detail?a=dlsongs&year=2021&month=11&day=01
2021,dlsongs,2021-10-27,82,ラブレター,YOASOBI,https://www.billboard-japan.com/charts/detail?a=dlsongs&year=2021&month=11&day=01
2021,dlsongs,2021-10-27,83,うっせぇわ,Ado,https://www.billboard-japan.com/charts/detail?a=dlsongs&year=2021&month=11&day=01
2021,dlsongs,2021-10-27,84,銀の月,佐野元春&THE COYOTE BAND,https://www.billboard-japan.com/charts/detail?a=dlsongs&year=2021&month=11&day=01
2021,dlsongs,2021-10-27,85,のびしろ,Creepy Nuts,https://www.billboard-japan.com/charts/detail?a=dlsongs&year=2021&month=11&day=01
2021,dlsongs,2021-10-27,86,幽霊東京,Ayase,https://www.billboard-japan.com/charts/detail?a=dlsongs&year=2021&month=11&day=01
2021,dlsongs,2021-10-27,87,月に吠える,ヨルシカ,https://www.billboard-japan.com/charts/detail?a=dlsongs&year=2021&month=11&day=01
2021,dlsongs,2021-10-27,88,海と真珠,JUNNA,https://www.billboard-japan.com/charts/detail?a=dlsongs&year=2021&month=11&day=01
2021,dlsongs,2021-10-27,89,ハレンチ,ちゃんみな,https://www.billboard-japan.com/charts/detail?a=dlsongs&year=2021&month=11&day=01
2021,dlsongs,2021-10-27,90,HADASHi NO STEP,LiSA,https://www.billboard-japan.com/charts/detail?a=dlsongs&year=2021&month=11&day=01
2021,dlsongs,2021-10-27,90,タクト,"ryo (supercell),まふまふ & gaku",https://www.billboard-japan.com/charts/detail?a=dlsongs&year=2021&month=11&day=01
2021,dlsongs,2021-10-27,92,シャンティア〜しあわせのくに〜,"キュアサマー(ファイルーズあい),キュアコーラル(花守ゆみり),キュアパパイア(石川由依),キュアフラミンゴ(瀬戸麻沙美),キュアラメール(日高里菜)",https://www.billboard-japan.com/charts/detail?a=dlsongs&year=2021&month=11&day=01
2021,dlsongs,2021-10-27,93,Rock with you,SEVENTEEN,https://www.billboard-japan.com/charts/detail?a=dlsongs&year=2021&month=11&day=01
2021,dlsongs,2021-10-27,94,ギラギラ,Ado,https://www.billboard-japan.com/charts/detail?a=dlsongs&year=2021&month=11&day=01
2021,dlsongs,2021-10-27,95,シル・ヴ・プレジデント,P丸様。,https://www.billboard-japan.com/charts/detail?a=dlsongs&year=2021&month=11&day=01
2021,dlsongs,2021-10-27,96,残酷シャングリラ,O★Z,https://www.billboard-japan.com/charts/detail?a=dlsongs&year=2021&month=11&day=01
2021,dlsongs,2021-10-27,97,strawberry moon,IU,https://www.billboard-japan.com/charts/detail?a=dlsongs&year=2021&month=11&day=01
2021,dlsongs,2021-10-27,98,U,millennium parade × Belle,https://www.billboard-japan.com/charts/detail?a=dlsongs&year=2021&month=11&day=01
2021,dlsongs,2021-10-27,99,猫,DISH//,https://www.billboard-japan.com/charts/detail?a=dlsongs&year=2021&month=11&day=01
2021,dlsongs,2021-10-27,100,もう少しだけ,YOASOBI,https://www.billboard-japan.com/charts/detail?a=dlsongs&year=2021&month=11&day=01
2021,dlsongs,2021-10-27,100,おんなじキモチ。,安野希世乃,https://www.billboard-japan.com/charts/detail?a=dlsongs&year=2021&month=11&day=01
2021,dlsongs,2021-11-03,1,明け星,LiSA,https://www.billboard-japan.com/charts/detail?a=dlsongs&year=2021&month=11&day=08
2021,dlsongs,2021-11-03,2,阿修羅ちゃん,Ado,https://www.billboard-japan.com/charts/detail?a=dlsongs&year=2021&month=11&day=08
2021,dlsongs,2021-11-03,3,ツバメ,YOASOBI with ミドリーズ,https://www.billboard-japan.com/charts/detail?a=dlsongs&year=2021&month=11&day=08
2021,dlsongs,2021-11-03,4,ってか,日向坂46,https://www.billboard-japan.com/charts/detail?a=dlsongs&year=2021&month=11&day=08
2021,dlsongs,2021-11-03,5,ハート,あいみょん,https://www.billboard-japan.com/charts/detail?a=dlsongs&year=2021&month=11&day=08
2021,dlsongs,2021-11-03,6,往け,LiSA,https://www.billboard-japan.com/charts/detail?a=dlsongs&year=2021&month=11&day=08
2021,dlsongs,2021-11-03,7,群青,YOASOBI,https://www.billboard-japan.com/charts/detail?a=dlsongs&year=2021&month=11&day=08
2021,dlsongs,2021-11-03,8,水平線,back number,https://www.billboard-japan.com/charts/detail?a=dlsongs&year=2021&month=11&day=08
2021,dlsongs,2021-11-03,9,seeker,Novelbright,https://www.billboard-japan.com/charts/detail?a=dlsongs&year=2021&month=11&day=08
2021,dlsongs,2021-11-03,10,Cry Baby,Official髭男dism,https://www.billboard-japan.com/charts/detail?a=dlsongs&year=2021&month=11&day=08
2021,dlsongs,2021-11-03,11,OUT OF FRAME,星街すいせい & 戌亥とこ,https://www.billboard-japan.com/charts/detail?a=dlsongs&year=2021&month=11&day=08
2021,dlsongs,2021-11-03,12,ドライフラワー,優里,https://www.billboard-japan.com/charts/detail?a=dlsongs&year=2021&month=11&day=08
2021,dlsongs,2021-11-03,13,BOY,King Gnu,https://www.billboard-japan.com/charts/detail?a=dlsongs&year=2021&month=11&day=08
2021,dlsongs,2021-11-03,14,沈丁花,DISH//,https://www.billboard-japan.com/charts/detail?a=dlsongs&year=2021&month=11&day=08
2021,dlsongs,2021-11-03,15,Oz.,yama,https://www.billboard-japan.com/charts/detail?a=dlsongs&year=2021&month=11&day=08
2021,dlsongs,2021-11-03,16,Crossing×Heart,Trickstar × fine,https://www.billboard-japan.com/charts/detail?a=dlsongs&year=2021&month=11&day=08
2021,dlsongs,2021-11-03,17,Butter,BTS,https://www.billboard-japan.com/charts/detail?a=dlsongs&year=2021&month=11&day=08
2021,dlsongs,2021-11-03,18,大正浪漫,YOASOBI,https://www.billboard-japan.com/charts/detail?a=dlsongs&year=2021&month=11&day=08
2021,dlsongs,2021-11-03,19,Get up! Shout!,水樹奈々,https://www.billboard-japan.com/charts/detail?a=dlsongs&year=2021&month=11&day=08
2021,dlsongs,2021-11-03,20,踊,Ado,https://www.billboard-japan.com/charts/detail?a=dlsongs&year=2021&month=11&day=08
2021,dlsongs,2021-11-03,21,Permission to Dance,BTS,https://www.billboard-japan.com/charts/detail?a=dlsongs&year=2021&month=11&day=08
2021,dlsongs,2021-11-03,22,こたえあわせ,JUJU,https://www.billboard-japan.com/charts/detail?a=dlsongs&year=2021&month=11&day=08
2021,dlsongs,2021-11-03,23,きらり,藤井風,https://www.billboard-japan.com/charts/detail?a=dlsongs&year=2021&month=11&day=08
2021,dlsongs,2021-11-03,24,ステイ,ザ・キッド・ラロイxジャスティン・ビーバー,https://www.billboard-japan.com/charts/detail?a=dlsongs&year=2021&month=11&day=08
2021,dlsongs,2021-11-03,25,怪物,YOASOBI,https://www.billboard-japan.com/charts/detail?a=dlsongs&year=2021&month=11&day=08
2021,dlsongs,2021-11-03,26,Wonder,ONE OK ROCK,https://www.billboard-japan.com/charts/detail?a=dlsongs&year=2021&month=11&day=08
2021,dlsongs,2021-11-03,27,閃光,[Alexandros],https://www.billboard-japan.com/charts/detail?a=dlsongs&year=2021&month=11&day=08
2021,dlsongs,2021-11-03,28,Fly and Fly,シーズ,https://www.billboard-japan.com/charts/detail?a=dlsongs&year=2021&month=11&day=08
2021,dlsongs,2021-11-03,29,Cube,星野源,https://www.billboard-japan.com/charts/detail?a=dlsongs&year=2021&month=11&day=08
2021,dlsongs,2021-11-03,30,三原色,YOASOBI,https://www.billboard-japan.com/charts/detail?a=dlsongs&year=2021&month=11&day=08
2021,dlsongs,2021-11-03,31,なないろ,BUMP OF CHICKEN,https://www.billboard-japan.com/charts/detail?a=dlsongs&year=2021&month=11&day=08
2021,dlsongs,2021-11-03,32,Dynamite,BTS,https://www.billboard-japan.com/charts/detail?a=dlsongs&year=2021&month=11&day=08
2021,dlsongs,2021-11-03,33,炎,LiSA,https://www.billboard-japan.com/charts/detail?a=dlsongs&year=2021&month=11&day=08
2021,dlsongs,2021-11-03,34,me time -remix- feat. Aile The Shota,SKY-HI,https://www.billboard-japan.com/charts/detail?a=dlsongs&year=2021&month=11&day=08
2021,dlsongs,2021-11-03,35,One More Day feat.REIKO,SKY-HI,https://www.billboard-japan.com/charts/detail?a=dlsongs&year=2021&month=11&day=08
2021,dlsongs,2021-11-03,35,初恋,戌亥とこ,https://www.billboard-japan.com/charts/detail?a=dlsongs&year=2021&month=11&day=08
2021,dlsongs,2021-11-03,37,アノーイング!さんさんウィーク!,"五十嵐双葉(楠木ともり),桜井桃子(早見沙織),黒部夏美(青山玲菜),月城モナ(古賀葵)",https://www.billboard-japan.com/charts/detail?a=dlsongs&year=2021&month=11&day=08
2021,dlsongs,2021-11-03,38,銀の月,佐野元春&THE COYOTE BAND,https://www.billboard-japan.com/charts/detail?a=dlsongs&year=2021&month=11&day=08
2021,dlsongs,2021-11-03,39,黄色,back number,https://www.billboard-japan.com/charts/detail?a=dlsongs&year=2021&month=11&day=08
2021,dlsongs,2021-11-03,40,夜に駆ける,YOASOBI,https://www.billboard-japan.com/charts/detail?a=dlsongs&year=2021&month=11&day=08
2021,dlsongs,2021-11-03,41,"14th Syndrome feat. RUI, TAIKI, edhiii boi",SKY-HI,https://www.billboard-japan.com/charts/detail?a=dlsongs&year=2021&month=11&day=08
2021,dlsongs,2021-11-03,42,ヨワネハキ,"MAISONdes feat.和ぬか, asmi",https://www.billboard-japan.com/charts/detail?a=dlsongs&year=2021&month=11&day=08
2021,dlsongs,2021-11-03,43,シャッター,優里,https://www.billboard-japan.com/charts/detail?a=dlsongs&year=2021&month=11&day=08
2021,dlsongs,2021-11-03,44,見えないからね!?,四谷みこ(雨宮天),https://www.billboard-japan.com/charts/detail?a=dlsongs&year=2021&month=11&day=08
2021,dlsongs,2021-11-03,45,ツキミソウ,Novelbright,https://www.billboard-japan.com/charts/detail?a=dlsongs&year=2021&month=11&day=08
2021,dlsongs,2021-11-03,46,King & Queen,平井大,https://www.billboard-japan.com/charts/detail?a=dlsongs&year=2021&month=11&day=08
2021,dlsongs,2021-11-03,47,マイ・ユニバース,コールドプレイ X BTS,https://www.billboard-japan.com/charts/detail?a=dlsongs&year=2021&month=11&day=08
2021,dlsongs,2021-11-03,48,Moratorium,ENVii GABRIELLA,https://www.billboard-japan.com/charts/detail?a=dlsongs&year=2021&month=11&day=08
2021,dlsongs,2021-11-03,49,Sense,BAND-MAID,https://www.billboard-japan.com/charts/detail?a=dlsongs&year=2021&month=11&day=08
2021,dlsongs,2021-11-03,50,Favorite (Vampire),NCT 127,https://www.billboard-japan.com/charts/detail?a=dlsongs&year=2021&month=11&day=08
2021,dlsongs,2021-11-03,51,Mela!,緑黄色社会,https://www.billboard-japan.com/charts/detail?a=dlsongs&year=2021&month=11&day=08
2021,dlsongs,2021-11-03,52,FUSIONIC STARS!! - Trickstar ver. -,Trickstar,https://www.billboard-japan.com/charts/detail?a=dlsongs&year=2021&month=11&day=08
2021,dlsongs,2021-11-03,53,とめどない潮騒に僕たちは何を歌うだろうか,ARCANA PROJECT,https://www.billboard-japan.com/charts/detail?a=dlsongs&year=2021&month=11&day=08
2021,dlsongs,2021-11-03,54,ミライチズ,夜のひと笑い,https://www.billboard-japan.com/charts/detail?a=dlsongs&year=2021&month=11&day=08
2021,dlsongs,2021-11-03,55,SMILE〜晴れ渡る空のように〜,桑田佳祐,https://www.billboard-japan.com/charts/detail?a=dlsongs&year=2021&month=11&day=08
2021,dlsongs,2021-11-03,56,流れ弾,櫻坂46,https://www.billboard-japan.com/charts/detail?a=dlsongs&year=2021&month=11&day=08
2021,dlsongs,2021-11-03,57,あいまって。,山本彩,https://www.billboard-japan.com/charts/detail?a=dlsongs&year=2021&month=11&day=08
2021,dlsongs,2021-11-03,58,君はロックを聴かない,あいみょん,https://www.billboard-japan.com/charts/detail?a=dlsongs&year=2021&month=11&day=08
2021,dlsongs,2021-11-03,59,アディショナルタイム,日向坂46,https://www.billboard-japan.com/charts/detail?a=dlsongs&year=2021&month=11&day=08
2021,dlsongs,2021-11-03,60,紅蓮華,LiSA,https://www.billboard-japan.com/charts/detail?a=dlsongs&year=2021&month=11&day=08
2021,dlsongs,2021-11-03,60,カイト,嵐,https://www.billboard-japan.com/charts/detail?a=dlsongs&year=2021&month=11&day=08
2021,dlsongs,2021-11-03,62,Walking with you,Novelbright,https://www.billboard-japan.com/charts/detail?a=dlsongs&year=2021&month=11&day=08
2021,dlsongs,2021-11-03,63,かぷっとNightSky,夜空メル,https://www.billboard-japan.com/charts/detail?a=dlsongs&year=2021&month=11&day=08
2021,dlsongs,2021-11-03,64,境界線,amazarashi,https://www.billboard-japan.com/charts/detail?a=dlsongs&year=2021&month=11&day=08
2021,dlsongs,2021-11-03,65,Pretender,Official髭男dism,https://www.billboard-japan.com/charts/detail?a=dlsongs&year=2021&month=11&day=08
2021,dlsongs,2021-11-03,66,The Last Frontier,AZKi & 星街すいせい,https://www.billboard-japan.com/charts/detail?a=dlsongs&year=2021&month=11&day=08
2021,dlsongs,2021-11-03,67,背伸び,森七菜,https://www.billboard-japan.com/charts/detail?a=dlsongs&year=2021&month=11&day=08
2021,dlsongs,2021-11-03,68,FUSIONIC STARS!! - fine ver. -,fine,https://www.billboard-japan.com/charts/detail?a=dlsongs&year=2021&month=11&day=08
2021,dlsongs,2021-11-03,69,うっせぇわ,Ado,https://www.billboard-japan.com/charts/detail?a=dlsongs&year=2021&month=11&day=08
2021,dlsongs,2021-11-03,70,ミタナ? ミタヨネ?? ミテルヨネ???,四谷みこ(雨宮天),https://www.billboard-japan.com/charts/detail?a=dlsongs&year=2021&month=11&day=08
2021,dlsongs,2021-11-03,71,DRAGON 2021,JAM Project,https://www.billboard-japan.com/charts/detail?a=dlsongs&year=2021&month=11&day=08
2021,dlsongs,2021-11-03,72,Shine,Girls Planet 999,https://www.billboard-japan.com/charts/detail?a=dlsongs&year=2021&month=11&day=08
2021,dlsongs,2021-11-03,73,シンデレラ,サイダーガール,https://www.billboard-japan.com/charts/detail?a=dlsongs&year=2021&month=11&day=08
2021,dlsongs,2021-11-03,74,Phase 21,水樹奈々,https://www.billboard-japan.com/charts/detail?a=dlsongs&year=2021&month=11&day=08
2021,dlsongs,2021-11-03,75,ラブレター,YOASOBI,https://www.billboard-japan.com/charts/detail?a=dlsongs&year=2021&month=11&day=08
2021,dlsongs,2021-11-03,76,燃えよ,藤井風,https://www.billboard-japan.com/charts/detail?a=dlsongs&year=2021&month=11&day=08
2021,dlsongs,2021-11-03,77,Not Alone,C.FIRST,https://www.billboard-japan.com/charts/detail?a=dlsongs&year=2021&month=11&day=08
2021,dlsongs,2021-11-03,78,Soulコブラツイスト〜魂の悶絶,桑田佳祐,https://www.billboard-japan.com/charts/detail?a=dlsongs&year=2021&month=11&day=08
2021,dlsongs,2021-11-03,79,楓,スピッツ,https://www.billboard-japan.com/charts/detail?a=dlsongs&year=2021&month=11&day=08
2021,dlsongs,2021-11-03,80,可愛いミーナ,桑田佳祐,https://www.billboard-japan.com/charts/detail?a=dlsongs&year=2021&month=11&day=08
2021,dlsongs,2021-11-03,81,UNITE,B'z,https://www.billboard-japan.com/charts/detail?a=dlsongs&year=2021&month=11&day=08
2021,dlsongs,2021-11-03,82,祈りの唄,大原ゆい子,https://www.billboard-japan.com/charts/detail?a=dlsongs&year=2021&month=11&day=08
2021,dlsongs,2021-11-03,83,マリーゴールド,あいみょん,https://www.billboard-japan.com/charts/detail?a=dlsongs&year=2021&month=11&day=08
2021,dlsongs,2021-11-03,84,裸の心,あいみょん,https://www.billboard-japan.com/charts/detail?a=dlsongs&year=2021&month=11&day=08
2021,dlsongs,2021-11-03,85,ノンフィクション!!,Liella!,https://www.billboard-japan.com/charts/detail?a=dlsongs&year=2021&month=11&day=08
2021,dlsongs,2021-11-03,86,花、星、空 -reunion-,水樹奈々,https://www.billboard-japan.com/charts/detail?a=dlsongs&year=2021&month=11&day=08
2021,dlsongs,2021-11-03,87,Chained,SHE'S,https://www.billboard-japan.com/charts/detail?a=dlsongs&year=2021&month=11&day=08
2021,dlsongs,2021-11-03,88,タイムファクター,神はサイコロを振らない,https://www.billboard-japan.com/charts/detail?a=dlsongs&year=2021&month=11&day=08
2021,dlsongs,2021-11-03,89,CITRUS,Da-iCE,https://www.billboard-japan.com/charts/detail?a=dlsongs&year=2021&month=11&day=08
2021,dlsongs,2021-11-03,90,ひまわりマークをさがせ!,龍崎薫(春瀬なつみ),https://www.billboard-japan.com/charts/detail?a=dlsongs&year=2021&month=11&day=08
2021,dlsongs,2021-11-03,91,ギラギラ,Ado,https://www.billboard-japan.com/charts/detail?a=dlsongs&year=2021&month=11&day=08
2021,dlsongs,2021-11-03,92,BANG!!!,EGOIST,https://www.billboard-japan.com/charts/detail?a=dlsongs&year=2021&month=11&day=08
2021,dlsongs,2021-11-03,92,Glow in the dark,Yami_Q_ray,https://www.billboard-japan.com/charts/detail?a=dlsongs&year=2021&month=11&day=08
2021,dlsongs,2021-11-03,94,虹,菅田将暉,https://www.billboard-japan.com/charts/detail?a=dlsongs&year=2021&month=11&day=08
2021,dlsongs,2021-11-03,95,のびしろ,Creepy Nuts,https://www.billboard-japan.com/charts/detail?a=dlsongs&year=2021&month=11&day=08
2021,dlsongs,2021-11-03,96,シャンティア〜しあわせのくに〜,"キュアサマー(ファイルーズあい),キュアコーラル(花守ゆみり),キュアパパイア(石川由依),キュアフラミンゴ(瀬戸麻沙美),キュアラメール(日高里菜)",https://www.billboard-japan.com/charts/detail?a=dlsongs&year=2021&month=11&day=08
2021,dlsongs,2021-11-03,97,猫,DISH//,https://www.billboard-japan.com/charts/detail?a=dlsongs&year=2021&month=11&day=08
2021,dlsongs,2021-11-03,98,シル・ヴ・プレジデント,P丸様。,https://www.billboard-japan.com/charts/detail?a=dlsongs&year=2021&month=11&day=08
2021,dlsongs,2021-11-03,99,115万キロのフィルム,Official髭男dism,https://www.billboard-japan.com/charts/detail?a=dlsongs&year=2021&month=11&day=08
2021,dlsongs,2021-11-03,100,廻廻奇譚,Eve,https://www.billboard-japan.com/charts/detail?a=dlsongs&year=2021&month=11&day=08
2021,dlsongs,2021-11-10,1,Gifted.,BE:FIRST,https://www.billboard-japan.com/charts/detail?a=dlsongs&year=2021&month=11&day=15
2021,dlsongs,2021-11-10,2,Small world,BUMP OF CHICKEN,https://www.billboard-japan.com/charts/detail?a=dlsongs&year=2021&month=11&day=15
2021,dlsongs,2021-11-10,3,Rocketeer,INI,https://www.billboard-japan.com/charts/detail?a=dlsongs&year=2021&month=11&day=15
2021,dlsongs,2021-11-10,4,ベテルギウス,優里,https://www.billboard-japan.com/charts/detail?a=dlsongs&year=2021&month=11&day=15
2021,dlsongs,2021-11-10,5,大好物,スピッツ,https://www.billboard-japan.com/charts/detail?a=dlsongs&year=2021&month=11&day=15
2021,dlsongs,2021-11-10,6,明け星,LiSA,https://www.billboard-japan.com/charts/detail?a=dlsongs&year=2021&month=11&day=15
2021,dlsongs,2021-11-10,7,阿修羅ちゃん,Ado,https://www.billboard-japan.com/charts/detail?a=dlsongs&year=2021&month=11&day=15
2021,dlsongs,2021-11-10,8,First Step,BE:FIRST,https://www.billboard-japan.com/charts/detail?a=dlsongs&year=2021&month=11&day=15
2021,dlsongs,2021-11-10,9,往け,LiSA,https://www.billboard-japan.com/charts/detail?a=dlsongs&year=2021&month=11&day=15
2021,dlsongs,2021-11-10,10,アルデバラン,AI,https://www.billboard-japan.com/charts/detail?a=dlsongs&year=2021&month=11&day=15
2021,dlsongs,2021-11-10,11,ドライフラワー,優里,https://www.billboard-japan.com/charts/detail?a=dlsongs&year=2021&month=11&day=15
2021,dlsongs,2021-11-10,12,ハート,あいみょん,https://www.billboard-japan.com/charts/detail?a=dlsongs&year=2021&month=11&day=15
2021,dlsongs,2021-11-10,13,Kick Start,BE:FIRST,https://www.billboard-japan.com/charts/detail?a=dlsongs&year=2021&month=11&day=15
2021,dlsongs,2021-11-10,14,最後のTight Hug,乃木坂46,https://www.billboard-japan.com/charts/detail?a=dlsongs&year=2021&month=11&day=15
2021,dlsongs,2021-11-10,15,群青,YOASOBI,https://www.billboard-japan.com/charts/detail?a=dlsongs&year=2021&month=11&day=15
2021,dlsongs,2021-11-10,16,ツバメ,YOASOBI with ミドリーズ,https://www.billboard-japan.com/charts/detail?a=dlsongs&year=2021&month=11&day=15
2021,dlsongs,2021-11-10,17,Cry Baby,Official髭男dism,https://www.billboard-japan.com/charts/detail?a=dlsongs&year=2021&month=11&day=15
2021,dlsongs,2021-11-10,18,水平線,back number,https://www.billboard-japan.com/charts/detail?a=dlsongs&year=2021&month=11&day=15
2021,dlsongs,2021-11-10,19,BOY,King Gnu,https://www.billboard-japan.com/charts/detail?a=dlsongs&year=2021&month=11&day=15
2021,dlsongs,2021-11-10,20,Butter,BTS,https://www.billboard-japan.com/charts/detail?a=dlsongs&year=2021&month=11&day=15
2021,dlsongs,2021-11-10,21,透明な世界,Little Glee Monster,https://www.billboard-japan.com/charts/detail?a=dlsongs&year=2021&month=11&day=15
2021,dlsongs,2021-11-10,22,ONE,ASTRO,https://www.billboard-japan.com/charts/detail?a=dlsongs&year=2021&month=11&day=15
2021,dlsongs,2021-11-10,23,こたえあわせ,JUJU,https://www.billboard-japan.com/charts/detail?a=dlsongs&year=2021&month=11&day=15
2021,dlsongs,2021-11-10,24,Honey,三代目 J SOUL BROTHERS from EXILE TRIBE,https://www.billboard-japan.com/charts/detail?a=dlsongs&year=2021&month=11&day=15
2021,dlsongs,2021-11-10,25,Dark seeks light,ニノミヤユイ,https://www.billboard-japan.com/charts/detail?a=dlsongs&year=2021&month=11&day=15
2021,dlsongs,2021-11-10,26,ってか,日向坂46,https://www.billboard-japan.com/charts/detail?a=dlsongs&year=2021&month=11&day=15
2021,dlsongs,2021-11-10,27,沈丁花,DISH//,https://www.billboard-japan.com/charts/detail?a=dlsongs&year=2021&month=11&day=15
2021,dlsongs,2021-11-10,28,踊,Ado,https://www.billboard-japan.com/charts/detail?a=dlsongs&year=2021&month=11&day=15
2021,dlsongs,2021-11-10,29,きらり,藤井風,https://www.billboard-japan.com/charts/detail?a=dlsongs&year=2021&month=11&day=15
2021,dlsongs,2021-11-10,30,大正浪漫,YOASOBI,https://www.billboard-japan.com/charts/detail?a=dlsongs&year=2021&month=11&day=15
2021,dlsongs,2021-11-10,31,1番好きな人にサヨナラを言おう,ASTRO,https://www.billboard-japan.com/charts/detail?a=dlsongs&year=2021&month=11&day=15
2021,dlsongs,2021-11-10,32,Permission to Dance,BTS,https://www.billboard-japan.com/charts/detail?a=dlsongs&year=2021&month=11&day=15
2021,dlsongs,2021-11-10,33,Oz.,yama,https://www.billboard-japan.com/charts/detail?a=dlsongs&year=2021&month=11&day=15
2021,dlsongs,2021-11-10,34,YURA YURA,WANDS,https://www.billboard-japan.com/charts/detail?a=dlsongs&year=2021&month=11&day=15
2021,dlsongs,2021-11-10,35,ステイ,ザ・キッド・ラロイxジャスティン・ビーバー,https://www.billboard-japan.com/charts/detail?a=dlsongs&year=2021&month=11&day=15
2021,dlsongs,2021-11-10,36,ラストシーン,菅田将暉,https://www.billboard-japan.com/charts/detail?a=dlsongs&year=2021&month=11&day=15
2021,dlsongs,2021-11-10,37,seeker,Novelbright,https://www.billboard-japan.com/charts/detail?a=dlsongs&year=2021&month=11&day=15
2021,dlsongs,2021-11-10,38,怪物,YOASOBI,https://www.billboard-japan.com/charts/detail?a=dlsongs&year=2021&month=11&day=15
2021,dlsongs,2021-11-10,39,Dynamite,BTS,https://www.billboard-japan.com/charts/detail?a=dlsongs&year=2021&month=11&day=15
2021,dlsongs,2021-11-10,40,三原色,YOASOBI,https://www.billboard-japan.com/charts/detail?a=dlsongs&year=2021&month=11&day=15
2021,dlsongs,2021-11-10,41,Shining One,BE:FIRST,https://www.billboard-japan.com/charts/detail?a=dlsongs&year=2021&month=11&day=15
2021,dlsongs,2021-11-10,42,SMILE〜晴れ渡る空のように〜,桑田佳祐,https://www.billboard-japan.com/charts/detail?a=dlsongs&year=2021&month=11&day=15
2021,dlsongs,2021-11-10,43,閃光,[Alexandros],https://www.billboard-japan.com/charts/detail?a=dlsongs&year=2021&month=11&day=15
2021,dlsongs,2021-11-10,44,Watching Over You,Peach & Apricot,https://www.billboard-japan.com/charts/detail?a=dlsongs&year=2021&month=11&day=15
2021,dlsongs,2021-11-10,45,なないろ,BUMP OF CHICKEN,https://www.billboard-japan.com/charts/detail?a=dlsongs&year=2021&month=11&day=15
2021,dlsongs,2021-11-10,46,夜に駆ける,YOASOBI,https://www.billboard-japan.com/charts/detail?a=dlsongs&year=2021&month=11&day=15
2021,dlsongs,2021-11-10,47,見えないからね!?,四谷みこ(雨宮天),https://www.billboard-japan.com/charts/detail?a=dlsongs&year=2021&month=11&day=15
2021,dlsongs,2021-11-10,48,シャッター,優里,https://www.billboard-japan.com/charts/detail?a=dlsongs&year=2021&month=11&day=15
2021,dlsongs,2021-11-10,49,炎,LiSA,https://www.billboard-japan.com/charts/detail?a=dlsongs&year=2021&month=11&day=15
2021,dlsongs,2021-11-10,50,Ito,TOMORROW X TOGETHER,https://www.billboard-japan.com/charts/detail?a=dlsongs&year=2021&month=11&day=15
2021,dlsongs,2021-11-10,51,輪廻,V.W.P,https://www.billboard-japan.com/charts/detail?a=dlsongs&year=2021&month=11&day=15
2021,dlsongs,2021-11-10,52,ヨワネハキ,"MAISONdes feat.和ぬか, asmi",https://www.billboard-japan.com/charts/detail?a=dlsongs&year=2021&month=11&day=15
2021,dlsongs,2021-11-10,53,アノーイング!さんさんウィーク!,"五十嵐双葉(楠木ともり),桜井桃子(早見沙織),黒部夏美(青山玲菜),月城モナ(古賀葵)",https://www.billboard-japan.com/charts/detail?a=dlsongs&year=2021&month=11&day=15
2021,dlsongs,2021-11-10,54,ミライチズ,夜のひと笑い,https://www.billboard-japan.com/charts/detail?a=dlsongs&year=2021&month=11&day=15
2021,dlsongs,2021-11-10,55,魔法の絨毯,川崎鷹也,https://www.billboard-japan.com/charts/detail?a=dlsongs&year=2021&month=11&day=15
2021,dlsongs,2021-11-10,56,Jumpin' Jack Boy [WANDS第5期ver.],WANDS,https://www.billboard-japan.com/charts/detail?a=dlsongs&year=2021&month=11&day=15
2021,dlsongs,2021-11-10,57,MAKAFUKA,RADWIMPS,https://www.billboard-japan.com/charts/detail?a=dlsongs&year=2021&month=11&day=15
2021,dlsongs,2021-11-10,58,Walking with you,Novelbright,https://www.billboard-japan.com/charts/detail?a=dlsongs&year=2021&month=11&day=15
2021,dlsongs,2021-11-10,59,MILLION MILES AWAY [WANDS第5期ver.],WANDS,https://www.billboard-japan.com/charts/detail?a=dlsongs&year=2021&month=11&day=15
2021,dlsongs,2021-11-10,60,うっせぇわ,Ado,https://www.billboard-japan.com/charts/detail?a=dlsongs&year=2021&month=11&day=15
2021,dlsongs,2021-11-10,61,ツキミソウ,Novelbright,https://www.billboard-japan.com/charts/detail?a=dlsongs&year=2021&month=11&day=15
2021,dlsongs,2021-11-10,62,なんでもないよ、,マカロニえんぴつ,https://www.billboard-japan.com/charts/detail?a=dlsongs&year=2021&month=11&day=15
2021,dlsongs,2021-11-10,63,Mela!,緑黄色社会,https://www.billboard-japan.com/charts/detail?a=dlsongs&year=2021&month=11&day=15
2021,dlsongs,2021-11-10,64,アイノカタチ feat.HIDE(GReeeeN),MISIA,https://www.billboard-japan.com/charts/detail?a=dlsongs&year=2021&month=11&day=15
2021,dlsongs,2021-11-10,65,境界線,amazarashi,https://www.billboard-japan.com/charts/detail?a=dlsongs&year=2021&month=11&day=15
2021,dlsongs,2021-11-10,66,マイ・ユニバース,コールドプレイ X BTS,https://www.billboard-japan.com/charts/detail?a=dlsongs&year=2021&month=11&day=15
2021,dlsongs,2021-11-10,67,Shangri-La 〜THE BEYOND〜,angela,https://www.billboard-japan.com/charts/detail?a=dlsongs&year=2021&month=11&day=15
2021,dlsongs,2021-11-10,68,黄色,back number,https://www.billboard-japan.com/charts/detail?a=dlsongs&year=2021&month=11&day=15
2021,dlsongs,2021-11-10,69,ミタナ? ミタヨネ?? ミテルヨネ???,四谷みこ(雨宮天),https://www.billboard-japan.com/charts/detail?a=dlsongs&year=2021&month=11&day=15
2021,dlsongs,2021-11-10,70,Fever Dreamer,Mia REGINA,https://www.billboard-japan.com/charts/detail?a=dlsongs&year=2021&month=11&day=15
2021,dlsongs,2021-11-10,71,冷めない魔法,東山奈央,https://www.billboard-japan.com/charts/detail?a=dlsongs&year=2021&month=11&day=15
2021,dlsongs,2021-11-10,72,シンデレラ,サイダーガール,https://www.billboard-japan.com/charts/detail?a=dlsongs&year=2021&month=11&day=15
2021,dlsongs,2021-11-10,73,Get up! Shout!,水樹奈々,https://www.billboard-japan.com/charts/detail?a=dlsongs&year=2021&month=11&day=15
2021,dlsongs,2021-11-10,74,Babel,sumika,https://www.billboard-japan.com/charts/detail?a=dlsongs&year=2021&month=11&day=15
2021,dlsongs,2021-11-10,75,虹,菅田将暉,https://www.billboard-japan.com/charts/detail?a=dlsongs&year=2021&month=11&day=15
2021,dlsongs,2021-11-10,76,紅蓮華,LiSA,https://www.billboard-japan.com/charts/detail?a=dlsongs&year=2021&month=11&day=15
2021,dlsongs,2021-11-10,77,猫,DISH//,https://www.billboard-japan.com/charts/detail?a=dlsongs&year=2021&month=11&day=15
2021,dlsongs,2021-11-10,78,CITRUS,Da-iCE,https://www.billboard-japan.com/charts/detail?a=dlsongs&year=2021&month=11&day=15
2021,dlsongs,2021-11-10,79,カイト,嵐,https://www.billboard-japan.com/charts/detail?a=dlsongs&year=2021&month=11&day=15
2021,dlsongs,2021-11-10,80,Viking,le jouet,https://www.billboard-japan.com/charts/detail?a=dlsongs&year=2021&month=11&day=15
2021,dlsongs,2021-11-10,81,Pretender,Official髭男dism,https://www.billboard-japan.com/charts/detail?a=dlsongs&year=2021&month=11&day=15
2021,dlsongs,2021-11-10,82,蝸旋 (feat. Ado),jon-YAKITORY,https://www.billboard-japan.com/charts/detail?a=dlsongs&year=2021&month=11&day=15
2021,dlsongs,2021-11-10,83,ギラギラ,Ado,https://www.billboard-japan.com/charts/detail?a=dlsongs&year=2021&month=11&day=15
2021,dlsongs,2021-11-10,84,燃えよ,藤井風,https://www.billboard-japan.com/charts/detail?a=dlsongs&year=2021&month=11&day=15
2021,dlsongs,2021-11-10,85,115万キロのフィルム,Official髭男dism,https://www.billboard-japan.com/charts/detail?a=dlsongs&year=2021&month=11&day=15
2021,dlsongs,2021-11-10,86,廻廻奇譚,Eve,https://www.billboard-japan.com/charts/detail?a=dlsongs&year=2021&month=11&day=15
2021,dlsongs,2021-11-10,87,うまぴょい伝説,Various Artists,https://www.billboard-japan.com/charts/detail?a=dlsongs&year=2021&month=11&day=15
2021,dlsongs,2021-11-10,88,Cube,星野源,https://www.billboard-japan.com/charts/detail?a=dlsongs&year=2021&month=11&day=15
2021,dlsongs,2021-11-10,89,Freely,PassCode,https://www.billboard-japan.com/charts/detail?a=dlsongs&year=2021&month=11&day=15
2021,dlsongs,2021-11-10,90,シル・ヴ・プレジデント,P丸様。,https://www.billboard-japan.com/charts/detail?a=dlsongs&year=2021&month=11&day=15
2021,dlsongs,2021-11-10,91,Favorite (Vampire),NCT 127,https://www.billboard-japan.com/charts/detail?a=dlsongs&year=2021&month=11&day=15
2021,dlsongs,2021-11-10,92,死神,米津玄師,https://www.billboard-japan.com/charts/detail?a=dlsongs&year=2021&month=11&day=15
2021,dlsongs,2021-11-10,93,ラブレター,YOASOBI,https://www.billboard-japan.com/charts/detail?a=dlsongs&year=2021&month=11&day=15
2021,dlsongs,2021-11-10,94,LIVE with a smile!,"Aqours,虹ヶ咲学園スクールアイドル同好会,Liella!",https://www.billboard-japan.com/charts/detail?a=dlsongs&year=2021&month=11&day=15
2021,dlsongs,2021-11-10,95,星影のエール,GReeeeN,https://www.billboard-japan.com/charts/detail?a=dlsongs&year=2021&month=11&day=15
2021,dlsongs,2021-11-10,96,YOKAZE,変態紳士クラブ,https://www.billboard-japan.com/charts/detail?a=dlsongs&year=2021&month=11&day=15
2021,dlsongs,2021-11-10,97,白日,King Gnu,https://www.billboard-japan.com/charts/detail?a=dlsongs&year=2021&month=11&day=15
2021,dlsongs,2021-11-10,98,タイムファクター,神はサイコロを振らない,https://www.billboard-japan.com/charts/detail?a=dlsongs&year=2021&month=11&day=15
2021,dlsongs,2021-11-10,99,King & Queen,平井大,https://www.billboard-japan.com/charts/detail?a=dlsongs&year=2021&month=11&day=15
2021,dlsongs,2021-11-10,100,シヴァーズ,エド・シーラン,https://www.billboard-japan.com/charts/detail?a=dlsongs&year=2021&month=11&day=15
2021,dlsongs,2021-11-17,1,明け星,LiSA,https://www.billboard-japan.com/charts/detail?a=dlsongs&year=2021&month=11&day=22
2021,dlsongs,2021-11-17,2,ベテルギウス,優里,https://www.billboard-japan.com/charts/detail?a=dlsongs&year=2021&month=11&day=22
2021,dlsongs,2021-11-17,3,時の迷宮,ランカ・リー=中島愛/シェリル・ノーム starring May'n,https://www.billboard-japan.com/charts/detail?a=dlsongs&year=2021&month=11&day=22
2021,dlsongs,2021-11-17,4,阿修羅ちゃん,Ado,https://www.billboard-japan.com/charts/detail?a=dlsongs&year=2021&month=11&day=22
2021,dlsongs,2021-11-17,5,Chopstick,NiziU,https://www.billboard-japan.com/charts/detail?a=dlsongs&year=2021&month=11&day=22
2021,dlsongs,2021-11-17,6,アルデバラン,AI,https://www.billboard-japan.com/charts/detail?a=dlsongs&year=2021&month=11&day=22
2021,dlsongs,2021-11-17,7,ラストシーン,菅田将暉,https://www.billboard-japan.com/charts/detail?a=dlsongs&year=2021&month=11&day=22
2021,dlsongs,2021-11-17,8,ハート,あいみょん,https://www.billboard-japan.com/charts/detail?a=dlsongs&year=2021&month=11&day=22
2021,dlsongs,2021-11-17,9,こたえあわせ,JUJU,https://www.billboard-japan.com/charts/detail?a=dlsongs&year=2021&month=11&day=22
2021,dlsongs,2021-11-17,10,大好物,スピッツ,https://www.billboard-japan.com/charts/detail?a=dlsongs&year=2021&month=11&day=22
2021,dlsongs,2021-11-17,11,往け,LiSA,https://www.billboard-japan.com/charts/detail?a=dlsongs&year=2021&month=11&day=22
2021,dlsongs,2021-11-17,12,ドライフラワー,優里,https://www.billboard-japan.com/charts/detail?a=dlsongs&year=2021&month=11&day=22
2021,dlsongs,2021-11-17,13,水平線,back number,https://www.billboard-japan.com/charts/detail?a=dlsongs&year=2021&month=11&day=22
2021,dlsongs,2021-11-17,14,Plus 1 Good Day!,FRAME,https://www.billboard-japan.com/charts/detail?a=dlsongs&year=2021&month=11&day=22
2021,dlsongs,2021-11-17,15,奇々怪界-KIKIKAIKAI-,ゆず,https://www.billboard-japan.com/charts/detail?a=dlsongs&year=2021&month=11&day=22
2021,dlsongs,2021-11-17,16,The Feels,TWICE,https://www.billboard-japan.com/charts/detail?a=dlsongs&year=2021&month=11&day=22
2021,dlsongs,2021-11-17,17,Small world,BUMP OF CHICKEN,https://www.billboard-japan.com/charts/detail?a=dlsongs&year=2021&month=11&day=22
2021,dlsongs,2021-11-17,18,Cry Baby,Official髭男dism,https://www.billboard-japan.com/charts/detail?a=dlsongs&year=2021&month=11&day=22
2021,dlsongs,2021-11-17,19,Butter,BTS,https://www.billboard-japan.com/charts/detail?a=dlsongs&year=2021&month=11&day=22
2021,dlsongs,2021-11-17,20,Gifted.,BE:FIRST,https://www.billboard-japan.com/charts/detail?a=dlsongs&year=2021&month=11&day=22
2021,dlsongs,2021-11-17,21,BOY,King Gnu,https://www.billboard-japan.com/charts/detail?a=dlsongs&year=2021&month=11&day=22
2021,dlsongs,2021-11-17,22,CITRUS,Da-iCE,https://www.billboard-japan.com/charts/detail?a=dlsongs&year=2021&month=11&day=22
2021,dlsongs,2021-11-17,23,沈丁花,DISH//,https://www.billboard-japan.com/charts/detail?a=dlsongs&year=2021&month=11&day=22
2021,dlsongs,2021-11-17,24,群青,YOASOBI,https://www.billboard-japan.com/charts/detail?a=dlsongs&year=2021&month=11&day=22
2021,dlsongs,2021-11-17,25,SMILE〜晴れ渡る空のように〜,桑田佳祐,https://www.billboard-japan.com/charts/detail?a=dlsongs&year=2021&month=11&day=22
2021,dlsongs,2021-11-17,26,ツバメ,YOASOBI with ミドリーズ,https://www.billboard-japan.com/charts/detail?a=dlsongs&year=2021&month=11&day=22
2021,dlsongs,2021-11-17,27,Mela!,緑黄色社会,https://www.billboard-japan.com/charts/detail?a=dlsongs&year=2021&month=11&day=22
2021,dlsongs,2021-11-17,28,サクリファイス,シェリル・ノーム starring May'n/ランカ・リー=中島愛,https://www.billboard-japan.com/charts/detail?a=dlsongs&year=2021&month=11&day=22
2021,dlsongs,2021-11-17,29,YURA YURA,WANDS,https://www.billboard-japan.com/charts/detail?a=dlsongs&year=2021&month=11&day=22
2021,dlsongs,2021-11-17,30,Higher Love,MISIA,https://www.billboard-japan.com/charts/detail?a=dlsongs&year=2021&month=11&day=22
2021,dlsongs,2021-11-17,31,Permission to Dance,BTS,https://www.billboard-japan.com/charts/detail?a=dlsongs&year=2021&month=11&day=22
2021,dlsongs,2021-11-17,32,Resistance!,鈴木ヒナ(HIMEHINA),https://www.billboard-japan.com/charts/detail?a=dlsongs&year=2021&month=11&day=22
2021,dlsongs,2021-11-17,33,踊,Ado,https://www.billboard-japan.com/charts/detail?a=dlsongs&year=2021&month=11&day=22
2021,dlsongs,2021-11-17,34,花れ話れ,田中ヒメ(HIMEHINA),https://www.billboard-japan.com/charts/detail?a=dlsongs&year=2021&month=11&day=22
2021,dlsongs,2021-11-17,35,ミライチズ,夜のひと笑い,https://www.billboard-japan.com/charts/detail?a=dlsongs&year=2021&month=11&day=22
2021,dlsongs,2021-11-17,36,最後のTight Hug,乃木坂46,https://www.billboard-japan.com/charts/detail?a=dlsongs&year=2021&month=11&day=22
2021,dlsongs,2021-11-17,37,命の灯火,鈴木このみ,https://www.billboard-japan.com/charts/detail?a=dlsongs&year=2021&month=11&day=22
2021,dlsongs,2021-11-17,38,Dark seeks light,ニノミヤユイ,https://www.billboard-japan.com/charts/detail?a=dlsongs&year=2021&month=11&day=22
2021,dlsongs,2021-11-17,39,Dynamite,BTS,https://www.billboard-japan.com/charts/detail?a=dlsongs&year=2021&month=11&day=22
2021,dlsongs,2021-11-17,40,きらり,藤井風,https://www.billboard-japan.com/charts/detail?a=dlsongs&year=2021&month=11&day=22
2021,dlsongs,2021-11-17,41,ステイ,ザ・キッド・ラロイxジャスティン・ビーバー,https://www.billboard-japan.com/charts/detail?a=dlsongs&year=2021&month=11&day=22
2021,dlsongs,2021-11-17,42,人として,SUPER BEAVER,https://www.billboard-japan.com/charts/detail?a=dlsongs&year=2021&month=11&day=22
2021,dlsongs,2021-11-17,43,怪物,YOASOBI,https://www.billboard-japan.com/charts/detail?a=dlsongs&year=2021&month=11&day=22
2021,dlsongs,2021-11-17,44,大正浪漫,YOASOBI,https://www.billboard-japan.com/charts/detail?a=dlsongs&year=2021&month=11&day=22
2021,dlsongs,2021-11-17,45,なんでもないよ、,マカロニえんぴつ,https://www.billboard-japan.com/charts/detail?a=dlsongs&year=2021&month=11&day=22
2021,dlsongs,2021-11-17,46,夜に駆ける,YOASOBI,https://www.billboard-japan.com/charts/detail?a=dlsongs&year=2021&month=11&day=22
2021,dlsongs,2021-11-17,47,ってか,日向坂46,https://www.billboard-japan.com/charts/detail?a=dlsongs&year=2021&month=11&day=22
2021,dlsongs,2021-11-17,48,Oz.,yama,https://www.billboard-japan.com/charts/detail?a=dlsongs&year=2021&month=11&day=22
2021,dlsongs,2021-11-17,49,炎,LiSA,https://www.billboard-japan.com/charts/detail?a=dlsongs&year=2021&month=11&day=22
2021,dlsongs,2021-11-17,50,seeker,Novelbright,https://www.billboard-japan.com/charts/detail?a=dlsongs&year=2021&month=11&day=22
2021,dlsongs,2021-11-17,51,Shining One,BE:FIRST,https://www.billboard-japan.com/charts/detail?a=dlsongs&year=2021&month=11&day=22
2021,dlsongs,2021-11-17,52,スーパー戦隊ヒーローゲッター〜テン・ゴーカイジャーver.〜,Project.R,https://www.billboard-japan.com/charts/detail?a=dlsongs&year=2021&month=11&day=22
2021,dlsongs,2021-11-17,53,閃光,[Alexandros],https://www.billboard-japan.com/charts/detail?a=dlsongs&year=2021&month=11&day=22
2021,dlsongs,2021-11-17,54,Wake Me Up!,LiSA,https://www.billboard-japan.com/charts/detail?a=dlsongs&year=2021&month=11&day=22
2021,dlsongs,2021-11-17,55,三原色,YOASOBI,https://www.billboard-japan.com/charts/detail?a=dlsongs&year=2021&month=11&day=22
2021,dlsongs,2021-11-17,56,バイト・ミー,アヴリル・ラヴィーン,https://www.billboard-japan.com/charts/detail?a=dlsongs&year=2021&month=11&day=22
2021,dlsongs,2021-11-17,57,ヨワネハキ,"MAISONdes feat.和ぬか, asmi",https://www.billboard-japan.com/charts/detail?a=dlsongs&year=2021&month=11&day=22
2021,dlsongs,2021-11-17,58,虹,菅田将暉,https://www.billboard-japan.com/charts/detail?a=dlsongs&year=2021&month=11&day=22
2021,dlsongs,2021-11-17,59,きらきら,湊あくあ,https://www.billboard-japan.com/charts/detail?a=dlsongs&year=2021&month=11&day=22
2021,dlsongs,2021-11-17,60,ツキミソウ,Novelbright,https://www.billboard-japan.com/charts/detail?a=dlsongs&year=2021&month=11&day=22
2021,dlsongs,2021-11-17,61,透明な世界,Little Glee Monster,https://www.billboard-japan.com/charts/detail?a=dlsongs&year=2021&month=11&day=22
2021,dlsongs,2021-11-17,62,SCIENTIST,TWICE,https://www.billboard-japan.com/charts/detail?a=dlsongs&year=2021&month=11&day=22
2021,dlsongs,2021-11-17,63,シャッター,優里,https://www.billboard-japan.com/charts/detail?a=dlsongs&year=2021&month=11&day=22
2021,dlsongs,2021-11-17,64,アノーイング!さんさんウィーク!,"五十嵐双葉(楠木ともり),桜井桃子(早見沙織),黒部夏美(青山玲菜),月城モナ(古賀葵)",https://www.billboard-japan.com/charts/detail?a=dlsongs&year=2021&month=11&day=22
2021,dlsongs,2021-11-17,65,Not Alone,C.FIRST,https://www.billboard-japan.com/charts/detail?a=dlsongs&year=2021&month=11&day=22
2021,dlsongs,2021-11-17,66,ワライカタ,夜のひと笑い,https://www.billboard-japan.com/charts/detail?a=dlsongs&year=2021&month=11&day=22
2021,dlsongs,2021-11-17,67,サイハテ,鈴木みのり,https://www.billboard-japan.com/charts/detail?a=dlsongs&year=2021&month=11&day=22
2021,dlsongs,2021-11-17,68,うっせぇわ,Ado,https://www.billboard-japan.com/charts/detail?a=dlsongs&year=2021&month=11&day=22
2021,dlsongs,2021-11-17,69,境界線,amazarashi,https://www.billboard-japan.com/charts/detail?a=dlsongs&year=2021&month=11&day=22
2021,dlsongs,2021-11-17,70,Fly and Fly,シーズ,https://www.billboard-japan.com/charts/detail?a=dlsongs&year=2021&month=11&day=22
2021,dlsongs,2021-11-17,71,Ordinary days,milet,https://www.billboard-japan.com/charts/detail?a=dlsongs&year=2021&month=11&day=22
2021,dlsongs,2021-11-17,72,カイト,嵐,https://www.billboard-japan.com/charts/detail?a=dlsongs&year=2021&month=11&day=22
2021,dlsongs,2021-11-17,73,Walking with you,Novelbright,https://www.billboard-japan.com/charts/detail?a=dlsongs&year=2021&month=11&day=22
2021,dlsongs,2021-11-17,74,We're the one,C.FIRST,https://www.billboard-japan.com/charts/detail?a=dlsongs&year=2021&month=11&day=22
2021,dlsongs,2021-11-17,75,WANNABE,ITZY,https://www.billboard-japan.com/charts/detail?a=dlsongs&year=2021&month=11&day=22
2021,dlsongs,2021-11-17,76,なないろ,BUMP OF CHICKEN,https://www.billboard-japan.com/charts/detail?a=dlsongs&year=2021&month=11&day=22
2021,dlsongs,2021-11-17,77,紅蓮華,LiSA,https://www.billboard-japan.com/charts/detail?a=dlsongs&year=2021&month=11&day=22
2021,dlsongs,2021-11-17,78,アンコール,YOASOBI,https://www.billboard-japan.com/charts/detail?a=dlsongs&year=2021&month=11&day=22
2021,dlsongs,2021-11-17,79,魔法の絨毯,川崎鷹也,https://www.billboard-japan.com/charts/detail?a=dlsongs&year=2021&month=11&day=22
2021,dlsongs,2021-11-17,80,0X1=LOVESONG (I Know I Love You) (feat. 幾田りら),TOMORROW X TOGETHER,https://www.billboard-japan.com/charts/detail?a=dlsongs&year=2021&month=11&day=22
2021,dlsongs,2021-11-17,81,Shangri-La 〜THE BEYOND〜,angela,https://www.billboard-japan.com/charts/detail?a=dlsongs&year=2021&month=11&day=22
2021,dlsongs,2021-11-17,82,見えないからね!?,四谷みこ(雨宮天),https://www.billboard-japan.com/charts/detail?a=dlsongs&year=2021&month=11&day=22
2021,dlsongs,2021-11-17,83,シンデレラ,サイダーガール,https://www.billboard-japan.com/charts/detail?a=dlsongs&year=2021&month=11&day=22
2021,dlsongs,2021-11-17,84,猫,DISH//,https://www.billboard-japan.com/charts/detail?a=dlsongs&year=2021&month=11&day=22
2021,dlsongs,2021-11-17,85,蝸旋 (feat. Ado),jon-YAKITORY,https://www.billboard-japan.com/charts/detail?a=dlsongs&year=2021&month=11&day=22
2021,dlsongs,2021-11-17,86,廻廻奇譚,Eve,https://www.billboard-japan.com/charts/detail?a=dlsongs&year=2021&month=11&day=22
2021,dlsongs,2021-11-17,87,あの夢をなぞって,YOASOBI,https://www.billboard-japan.com/charts/detail?a=dlsongs&year=2021&month=11&day=22
2021,dlsongs,2021-11-17,88,黄色,back number,https://www.billboard-japan.com/charts/detail?a=dlsongs&year=2021&month=11&day=22
2021,dlsongs,2021-11-17,89,マイ・ユニバース,コールドプレイ X BTS,https://www.billboard-japan.com/charts/detail?a=dlsongs&year=2021&month=11&day=22
2021,dlsongs,2021-11-17,90,Tokimeki,Vaundy,https://www.billboard-japan.com/charts/detail?a=dlsongs&year=2021&month=11&day=22
2021,dlsongs,2021-11-17,91,愛しき日々の真ん中で,平井大,https://www.billboard-japan.com/charts/detail?a=dlsongs&year=2021&month=11&day=22
2021,dlsongs,2021-11-17,92,優しい彗星,YOASOBI,https://www.billboard-japan.com/charts/detail?a=dlsongs&year=2021&month=11&day=22
2021,dlsongs,2021-11-17,93,First Step,BE:FIRST,https://www.billboard-japan.com/charts/detail?a=dlsongs&year=2021&month=11&day=22
2021,dlsongs,2021-11-17,93,Remember Me,MAN WITH A MISSION,https://www.billboard-japan.com/charts/detail?a=dlsongs&year=2021&month=11&day=22
2021,dlsongs,2021-11-17,95,Butter-Fly,和田光司,https://www.billboard-japan.com/charts/detail?a=dlsongs&year=2021&month=11&day=22
2021,dlsongs,2021-11-17,96,Ito,TOMORROW X TOGETHER,https://www.billboard-japan.com/charts/detail?a=dlsongs&year=2021&month=11&day=22
2021,dlsongs,2021-11-17,97,ギラギラ,Ado,https://www.billboard-japan.com/charts/detail?a=dlsongs&year=2021&month=11&day=22
2021,dlsongs,2021-11-17,98,Pretender,Official髭男dism,https://www.billboard-japan.com/charts/detail?a=dlsongs&year=2021&month=11&day=22
2021,dlsongs,2021-11-17,98,Honey,三代目 J SOUL BROTHERS from EXILE TRIBE,https://www.billboard-japan.com/charts/detail?a=dlsongs&year=2021&month=11&day=22
2021,dlsongs,2021-11-17,100,うまぴょい伝説,Various Artists,https://www.billboard-japan.com/charts/detail?a=dlsongs&year=2021&month=11&day=22
2021,dlsongs,2021-11-24,1,白銀,LiSA,https://www.billboard-japan.com/charts/detail?a=dlsongs&year=2021&month=11&day=29
2021,dlsongs,2021-11-24,2,ENDWALKER,"祖堅正慶,THE PRIMALS",https://www.billboard-japan.com/charts/detail?a=dlsongs&year=2021&month=11&day=29
2021,dlsongs,2021-11-24,3,明け星,LiSA,https://www.billboard-japan.com/charts/detail?a=dlsongs&year=2021&month=11&day=29
2021,dlsongs,2021-11-24,4,ベテルギウス,優里,https://www.billboard-japan.com/charts/detail?a=dlsongs&year=2021&month=11&day=29
2021,dlsongs,2021-11-24,5,沈丁花,DISH//,https://www.billboard-japan.com/charts/detail?a=dlsongs&year=2021&month=11&day=29
2021,dlsongs,2021-11-24,6,AVALANCHE,UVERworld,https://www.billboard-japan.com/charts/detail?a=dlsongs&year=2021&month=11&day=29
2021,dlsongs,2021-11-24,7,ハート,あいみょん,https://www.billboard-japan.com/charts/detail?a=dlsongs&year=2021&month=11&day=29
2021,dlsongs,2021-11-24,8,阿修羅ちゃん,Ado,https://www.billboard-japan.com/charts/detail?a=dlsongs&year=2021&month=11&day=29
2021,dlsongs,2021-11-24,9,アルデバラン,AI,https://www.billboard-japan.com/charts/detail?a=dlsongs&year=2021&month=11&day=29
2021,dlsongs,2021-11-24,10,Chopstick,NiziU,https://www.billboard-japan.com/charts/detail?a=dlsongs&year=2021&month=11&day=29
2021,dlsongs,2021-11-24,11,"New street, New world",ROF-MAO,https://www.billboard-japan.com/charts/detail?a=dlsongs&year=2021&month=11&day=29
2021,dlsongs,2021-11-24,12,The Feels,TWICE,https://www.billboard-japan.com/charts/detail?a=dlsongs&year=2021&month=11&day=29
2021,dlsongs,2021-11-24,13,ラストシーン,菅田将暉,https://www.billboard-japan.com/charts/detail?a=dlsongs&year=2021&month=11&day=29
2021,dlsongs,2021-11-24,14,SMILE〜晴れ渡る空のように〜,桑田佳祐,https://www.billboard-japan.com/charts/detail?a=dlsongs&year=2021&month=11&day=29
2021,dlsongs,2021-11-24,15,シネマ,Vivid BAD SQUAD,https://www.billboard-japan.com/charts/detail?a=dlsongs&year=2021&month=11&day=29
2021,dlsongs,2021-11-24,16,ドライフラワー,優里,https://www.billboard-japan.com/charts/detail?a=dlsongs&year=2021&month=11&day=29
2021,dlsongs,2021-11-24,17,こたえあわせ,JUJU,https://www.billboard-japan.com/charts/detail?a=dlsongs&year=2021&month=11&day=29
2021,dlsongs,2021-11-24,18,RAD DOGS,Vivid BAD SQUAD,https://www.billboard-japan.com/charts/detail?a=dlsongs&year=2021&month=11&day=29
2021,dlsongs,2021-11-24,19,群青,YOASOBI,https://www.billboard-japan.com/charts/detail?a=dlsongs&year=2021&month=11&day=29
2021,dlsongs,2021-11-24,20,Cry Baby,Official髭男dism,https://www.billboard-japan.com/charts/detail?a=dlsongs&year=2021&month=11&day=29
2021,dlsongs,2021-11-24,21,水平線,back number,https://www.billboard-japan.com/charts/detail?a=dlsongs&year=2021&month=11&day=29
2021,dlsongs,2021-11-24,22,往け,LiSA,https://www.billboard-japan.com/charts/detail?a=dlsongs&year=2021&month=11&day=29
2021,dlsongs,2021-11-24,23,伍越同舟,Tetsu Yamamoto,https://www.billboard-japan.com/charts/detail?a=dlsongs&year=2021&month=11&day=29
2021,dlsongs,2021-11-24,24,宝石 feat. 幾田りら,伶,https://www.billboard-japan.com/charts/detail?a=dlsongs&year=2021&month=11&day=29
2021,dlsongs,2021-11-24,25,Butter,BTS,https://www.billboard-japan.com/charts/detail?a=dlsongs&year=2021&month=11&day=29
2021,dlsongs,2021-11-24,26,愛しき日々の真ん中で,平井大,https://www.billboard-japan.com/charts/detail?a=dlsongs&year=2021&month=11&day=29
2021,dlsongs,2021-11-24,27,BOY,King Gnu,https://www.billboard-japan.com/charts/detail?a=dlsongs&year=2021&month=11&day=29
2021,dlsongs,2021-11-24,28,魔法の絨毯,川崎鷹也,https://www.billboard-japan.com/charts/detail?a=dlsongs&year=2021&month=11&day=29
2021,dlsongs,2021-11-24,29,Virgin Breath,無敵プリンス,https://www.billboard-japan.com/charts/detail?a=dlsongs&year=2021&month=11&day=29
2021,dlsongs,2021-11-24,30,涙のヒロイン降板劇,つばきファクトリー,https://www.billboard-japan.com/charts/detail?a=dlsongs&year=2021&month=11&day=29
2021,dlsongs,2021-11-24,31,明日への境界線,雪花ラミィ,https://www.billboard-japan.com/charts/detail?a=dlsongs&year=2021&month=11&day=29
2021,dlsongs,2021-11-24,32,虹,菅田将暉,https://www.billboard-japan.com/charts/detail?a=dlsongs&year=2021&month=11&day=29
2021,dlsongs,2021-11-24,33,Soulコブラツイスト〜魂の悶絶,桑田佳祐,https://www.billboard-japan.com/charts/detail?a=dlsongs&year=2021&month=11&day=29
2021,dlsongs,2021-11-24,34,Small world,BUMP OF CHICKEN,https://www.billboard-japan.com/charts/detail?a=dlsongs&year=2021&month=11&day=29
2021,dlsongs,2021-11-24,35,ステイ,ザ・キッド・ラロイxジャスティン・ビーバー,https://www.billboard-japan.com/charts/detail?a=dlsongs&year=2021&month=11&day=29
2021,dlsongs,2021-11-24,36,問わず語り,刀剣男士 formation of 心覚,https://www.billboard-japan.com/charts/detail?a=dlsongs&year=2021&month=11&day=29
2021,dlsongs,2021-11-24,37,勿忘,Awesome City Club,https://www.billboard-japan.com/charts/detail?a=dlsongs&year=2021&month=11&day=29
2021,dlsongs,2021-11-24,38,大好物,スピッツ,https://www.billboard-japan.com/charts/detail?a=dlsongs&year=2021&month=11&day=29
2021,dlsongs,2021-11-24,39,ガラクタDIAMOND,つばきファクトリー,https://www.billboard-japan.com/charts/detail?a=dlsongs&year=2021&month=11&day=29
2021,dlsongs,2021-11-24,40,約束・連絡・記念日,つばきファクトリー,https://www.billboard-japan.com/charts/detail?a=dlsongs&year=2021&month=11&day=29
2021,dlsongs,2021-11-24,41,ワンルーム,Novelbright,https://www.billboard-japan.com/charts/detail?a=dlsongs&year=2021&month=11&day=29
2021,dlsongs,2021-11-24,42,SCIENTIST,TWICE,https://www.billboard-japan.com/charts/detail?a=dlsongs&year=2021&month=11&day=29
2021,dlsongs,2021-11-24,43,yoake,MAN WITH A MISSION,https://www.billboard-japan.com/charts/detail?a=dlsongs&year=2021&month=11&day=29
2021,dlsongs,2021-11-24,44,CITRUS,Da-iCE,https://www.billboard-japan.com/charts/detail?a=dlsongs&year=2021&month=11&day=29
2021,dlsongs,2021-11-24,45,Permission to Dance,BTS,https://www.billboard-japan.com/charts/detail?a=dlsongs&year=2021&month=11&day=29
2021,dlsongs,2021-11-24,46,サウダージ - From THE FIRST TAKE,ポルノグラフィティ,https://www.billboard-japan.com/charts/detail?a=dlsongs&year=2021&month=11&day=29
2021,dlsongs,2021-11-24,47,Dynamite,BTS,https://www.billboard-japan.com/charts/detail?a=dlsongs&year=2021&month=11&day=29
2021,dlsongs,2021-11-24,48,炎,LiSA,https://www.billboard-japan.com/charts/detail?a=dlsongs&year=2021&month=11&day=29
2021,dlsongs,2021-11-24,49,踊,Ado,https://www.billboard-japan.com/charts/detail?a=dlsongs&year=2021&month=11&day=29
2021,dlsongs,2021-11-24,50,怪物,YOASOBI,https://www.billboard-japan.com/charts/detail?a=dlsongs&year=2021&month=11&day=29
2021,dlsongs,2021-11-24,51,焔,刀剣男士 formation of 心覚,https://www.billboard-japan.com/charts/detail?a=dlsongs&year=2021&month=11&day=29
2021,dlsongs,2021-11-24,52,のびしろ,Creepy Nuts,https://www.billboard-japan.com/charts/detail?a=dlsongs&year=2021&month=11&day=29
2021,dlsongs,2021-11-24,53,Dark seeks light,ニノミヤユイ,https://www.billboard-japan.com/charts/detail?a=dlsongs&year=2021&month=11&day=29
2021,dlsongs,2021-11-24,54,ETERNAL FLAME,刀剣男士 formation of 心覚,https://www.billboard-japan.com/charts/detail?a=dlsongs&year=2021&month=11&day=29
2021,dlsongs,2021-11-24,55,バイト・ミー,アヴリル・ラヴィーン,https://www.billboard-japan.com/charts/detail?a=dlsongs&year=2021&month=11&day=29
2021,dlsongs,2021-11-24,56,夜に駆ける,YOASOBI,https://www.billboard-japan.com/charts/detail?a=dlsongs&year=2021&month=11&day=29
2021,dlsongs,2021-11-24,57,時の迷宮,ランカ・リー=中島愛/シェリル・ノーム starring May'n,https://www.billboard-japan.com/charts/detail?a=dlsongs&year=2021&month=11&day=29
2021,dlsongs,2021-11-24,58,きらり,藤井風,https://www.billboard-japan.com/charts/detail?a=dlsongs&year=2021&month=11&day=29
2021,dlsongs,2021-11-24,59,SUMMIT OF DIVISIONS,Division All Stars,https://www.billboard-japan.com/charts/detail?a=dlsongs&year=2021&month=11&day=29
2021,dlsongs,2021-11-24,60,ミライチズ,夜のひと笑い,https://www.billboard-japan.com/charts/detail?a=dlsongs&year=2021&month=11&day=29
2021,dlsongs,2021-11-24,61,カイト,嵐,https://www.billboard-japan.com/charts/detail?a=dlsongs&year=2021&month=11&day=29
2021,dlsongs,2021-11-24,62,ツバメ,YOASOBI with ミドリーズ,https://www.billboard-japan.com/charts/detail?a=dlsongs&year=2021&month=11&day=29
2021,dlsongs,2021-11-24,63,Need U,NiziU,https://www.billboard-japan.com/charts/detail?a=dlsongs&year=2021&month=11&day=29
2021,dlsongs,2021-11-24,64,Oz.,yama,https://www.billboard-japan.com/charts/detail?a=dlsongs&year=2021&month=11&day=29
2021,dlsongs,2021-11-24,65,illusion of my heart,水心子正秀・源清麿,https://www.billboard-japan.com/charts/detail?a=dlsongs&year=2021&month=11&day=29
2021,dlsongs,2021-11-24,66,I want to be here,豊前江・桑名江・五月雨江・村雲江,https://www.billboard-japan.com/charts/detail?a=dlsongs&year=2021&month=11&day=29
2021,dlsongs,2021-11-24,67,seeker,Novelbright,https://www.billboard-japan.com/charts/detail?a=dlsongs&year=2021&month=11&day=29
2021,dlsongs,2021-11-24,68,三原色,YOASOBI,https://www.billboard-japan.com/charts/detail?a=dlsongs&year=2021&month=11&day=29
2021,dlsongs,2021-11-24,69,最後のTight Hug,乃木坂46,https://www.billboard-japan.com/charts/detail?a=dlsongs&year=2021&month=11&day=29
2021,dlsongs,2021-11-24,70,大正浪漫,YOASOBI,https://www.billboard-japan.com/charts/detail?a=dlsongs&year=2021&month=11&day=29
2021,dlsongs,2021-11-24,71,炎 - From THE FIRST TAKE,LiSA,https://www.billboard-japan.com/charts/detail?a=dlsongs&year=2021&month=11&day=29
2021,dlsongs,2021-11-24,72,Mela!,緑黄色社会,https://www.billboard-japan.com/charts/detail?a=dlsongs&year=2021&month=11&day=29
2021,dlsongs,2021-11-24,73,境界線,amazarashi,https://www.billboard-japan.com/charts/detail?a=dlsongs&year=2021&month=11&day=29
2021,dlsongs,2021-11-24,74,踊り子,Vaundy,https://www.billboard-japan.com/charts/detail?a=dlsongs&year=2021&month=11&day=29
2021,dlsongs,2021-11-24,75,閃光,[Alexandros],https://www.billboard-japan.com/charts/detail?a=dlsongs&year=2021&month=11&day=29
2021,dlsongs,2021-11-24,76,たぶん,YOASOBI,https://www.billboard-japan.com/charts/detail?a=dlsongs&year=2021&month=11&day=29
2021,dlsongs,2021-11-24,77,Gifted.,BE:FIRST,https://www.billboard-japan.com/charts/detail?a=dlsongs&year=2021&month=11&day=29
2021,dlsongs,2021-11-24,77,猫,DISH//,https://www.billboard-japan.com/charts/detail?a=dlsongs&year=2021&month=11&day=29
2021,dlsongs,2021-11-24,79,シャッター,優里,https://www.billboard-japan.com/charts/detail?a=dlsongs&year=2021&month=11&day=29
2021,dlsongs,2021-11-24,80,紅蓮華,LiSA,https://www.billboard-japan.com/charts/detail?a=dlsongs&year=2021&month=11&day=29
2021,dlsongs,2021-11-24,81,パ・リ・ラ,"ナターリア(生田輝),喜多見柚(武田羅梨沙多胡),城ヶ崎莉嘉(山本希望),浜口あやめ(田澤茉純),及川雫(のぐちゆり)",https://www.billboard-japan.com/charts/detail?a=dlsongs&year=2021&month=11&day=29
2021,dlsongs,2021-11-24,82,ヨワネハキ,"MAISONdes feat.和ぬか, asmi",https://www.billboard-japan.com/charts/detail?a=dlsongs&year=2021&month=11&day=29
2021,dlsongs,2021-11-24,83,LOST IN PARADISE feat. AKLO,ALI,https://www.billboard-japan.com/charts/detail?a=dlsongs&year=2021&month=11&day=29
2021,dlsongs,2021-11-24,84,ツキミソウ,Novelbright,https://www.billboard-japan.com/charts/detail?a=dlsongs&year=2021&month=11&day=29
2021,dlsongs,2021-11-24,84,Shining One,BE:FIRST,https://www.billboard-japan.com/charts/detail?a=dlsongs&year=2021&month=11&day=29
2021,dlsongs,2021-11-24,86,ってか,日向坂46,https://www.billboard-japan.com/charts/detail?a=dlsongs&year=2021&month=11&day=29
2021,dlsongs,2021-11-24,87,未だ視ぬ世界,大典太光世・ソハヤノツルキ,https://www.billboard-japan.com/charts/detail?a=dlsongs&year=2021&month=11&day=29
2021,dlsongs,2021-11-24,88,0X1=LOVESONG (I Know I Love You) (feat. 幾田りら),TOMORROW X TOGETHER,https://www.billboard-japan.com/charts/detail?a=dlsongs&year=2021&month=11&day=29
2021,dlsongs,2021-11-24,89,なんでもないよ、,マカロニえんぴつ,https://www.billboard-japan.com/charts/detail?a=dlsongs&year=2021&month=11&day=29
2021,dlsongs,2021-11-24,90,アノーイング!さんさんウィーク!,"五十嵐双葉(楠木ともり),桜井桃子(早見沙織),黒部夏美(青山玲菜),月城モナ(古賀葵)",https://www.billboard-japan.com/charts/detail?a=dlsongs&year=2021&month=11&day=29
2021,dlsongs,2021-11-24,91,Higher Love,MISIA,https://www.billboard-japan.com/charts/detail?a=dlsongs&year=2021&month=11&day=29
2021,dlsongs,2021-11-24,92,うっせぇわ,Ado,https://www.billboard-japan.com/charts/detail?a=dlsongs&year=2021&month=11&day=29
2021,dlsongs,2021-11-24,93,ナイトオンザプラネット,クリープハイプ,https://www.billboard-japan.com/charts/detail?a=dlsongs&year=2021&month=11&day=29
2021,dlsongs,2021-11-24,94,シンデレラ,サイダーガール,https://www.billboard-japan.com/charts/detail?a=dlsongs&year=2021&month=11&day=29
2021,dlsongs,2021-11-24,94,マイ・ユニバース,コールドプレイ X BTS,https://www.billboard-japan.com/charts/detail?a=dlsongs&year=2021&month=11&day=29
2021,dlsongs,2021-11-24,96,ホワイトキス,鈴木鈴木,https://www.billboard-japan.com/charts/detail?a=dlsongs&year=2021&month=11&day=29
2021,dlsongs,2021-11-24,97,MUSASHI,ずま,https://www.billboard-japan.com/charts/detail?a=dlsongs&year=2021&month=11&day=29
2021,dlsongs,2021-11-24,98,うまぴょい伝説,Various Artists,https://www.billboard-japan.com/charts/detail?a=dlsongs&year=2021&month=11&day=29
2021,dlsongs,2021-11-24,99,アイノカタチ feat.HIDE(GReeeeN),MISIA,https://www.billboard-japan.com/charts/detail?a=dlsongs&year=2021&month=11&day=29
2021,dlsongs,2021-11-24,100,Remember Me,MAN WITH A MISSION,https://www.billboard-japan.com/charts/detail?a=dlsongs&year=2021&month=11&day=29
2021,dlsongs,2021-12-01,1,君に夢中,宇多田ヒカル,https://www.billboard-japan.com/charts/detail?a=dlsongs&year=2021&month=12&day=06
2021,dlsongs,2021-12-01,2,白銀,LiSA,https://www.billboard-japan.com/charts/detail?a=dlsongs&year=2021&month=12&day=06
2021,dlsongs,2021-12-01,3,明け星,LiSA,https://www.billboard-japan.com/charts/detail?a=dlsongs&year=2021&month=12&day=06
2021,dlsongs,2021-12-01,4,Yours,JIN,https://www.billboard-japan.com/charts/detail?a=dlsongs&year=2021&month=12&day=06
2021,dlsongs,2021-12-01,5,ハート,あいみょん,https://www.billboard-japan.com/charts/detail?a=dlsongs&year=2021&month=12&day=06
2021,dlsongs,2021-12-01,6,ベテルギウス,優里,https://www.billboard-japan.com/charts/detail?a=dlsongs&year=2021&month=12&day=06
2021,dlsongs,2021-12-01,7,EXCEED,Eden,https://www.billboard-japan.com/charts/detail?a=dlsongs&year=2021&month=12&day=06
2021,dlsongs,2021-12-01,8,アルデバラン,AI,https://www.billboard-japan.com/charts/detail?a=dlsongs&year=2021&month=12&day=06
2021,dlsongs,2021-12-01,9,ラストシーン,菅田将暉,https://www.billboard-japan.com/charts/detail?a=dlsongs&year=2021&month=12&day=06
2021,dlsongs,2021-12-01,10,Psyche's Butterfly,Eden,https://www.billboard-japan.com/charts/detail?a=dlsongs&year=2021&month=12&day=06
2021,dlsongs,2021-12-01,11,阿修羅ちゃん,Ado,https://www.billboard-japan.com/charts/detail?a=dlsongs&year=2021&month=12&day=06
2021,dlsongs,2021-12-01,12,沈丁花,DISH//,https://www.billboard-japan.com/charts/detail?a=dlsongs&year=2021&month=12&day=06
2021,dlsongs,2021-12-01,13,ENDWALKER,"祖堅正慶,THE PRIMALS",https://www.billboard-japan.com/charts/detail?a=dlsongs&year=2021&month=12&day=06
2021,dlsongs,2021-12-01,14,Chopstick,NiziU,https://www.billboard-japan.com/charts/detail?a=dlsongs&year=2021&month=12&day=06
2021,dlsongs,2021-12-01,15,AVALANCHE,UVERworld,https://www.billboard-japan.com/charts/detail?a=dlsongs&year=2021&month=12&day=06
2021,dlsongs,2021-12-01,16,Cry Baby,Official髭男dism,https://www.billboard-japan.com/charts/detail?a=dlsongs&year=2021&month=12&day=06
2021,dlsongs,2021-12-01,17,Femme Fatale,中王区 言の葉党,https://www.billboard-japan.com/charts/detail?a=dlsongs&year=2021&month=12&day=06
2021,dlsongs,2021-12-01,18,いんたらくとふぁんたじあ,兎田ぺこら・潤羽るしあ・不知火フレア・白銀ノエル・宝鐘マリン,https://www.billboard-japan.com/charts/detail?a=dlsongs&year=2021&month=12&day=06
2021,dlsongs,2021-12-01,19,Butter,BTS,https://www.billboard-japan.com/charts/detail?a=dlsongs&year=2021&month=12&day=06
2021,dlsongs,2021-12-01,20,ドライフラワー,優里,https://www.billboard-japan.com/charts/detail?a=dlsongs&year=2021&month=12&day=06
2021,dlsongs,2021-12-01,21,踊り子,Vaundy,https://www.billboard-japan.com/charts/detail?a=dlsongs&year=2021&month=12&day=06
2021,dlsongs,2021-12-01,22,こたえあわせ,JUJU,https://www.billboard-japan.com/charts/detail?a=dlsongs&year=2021&month=12&day=06
2021,dlsongs,2021-12-01,23,水平線,back number,https://www.billboard-japan.com/charts/detail?a=dlsongs&year=2021&month=12&day=06
2021,dlsongs,2021-12-01,24,ONE LIFE,手越祐也,https://www.billboard-japan.com/charts/detail?a=dlsongs&year=2021&month=12&day=06
2021,dlsongs,2021-12-01,25,魔法の絨毯,川崎鷹也,https://www.billboard-japan.com/charts/detail?a=dlsongs&year=2021&month=12&day=06
2021,dlsongs,2021-12-01,26,往け,LiSA,https://www.billboard-japan.com/charts/detail?a=dlsongs&year=2021&month=12&day=06
2021,dlsongs,2021-12-01,27,The Feels,TWICE,https://www.billboard-japan.com/charts/detail?a=dlsongs&year=2021&month=12&day=06
2021,dlsongs,2021-12-01,28,群青,YOASOBI,https://www.billboard-japan.com/charts/detail?a=dlsongs&year=2021&month=12&day=06
2021,dlsongs,2021-12-01,29,BOY,King Gnu,https://www.billboard-japan.com/charts/detail?a=dlsongs&year=2021&month=12&day=06
2021,dlsongs,2021-12-01,30,伍越同舟,Tetsu Yamamoto,https://www.billboard-japan.com/charts/detail?a=dlsongs&year=2021&month=12&day=06
2021,dlsongs,2021-12-01,31,EVERLASTING,"""本田未央(原紗友里),辻野あかり(梅澤めぐ),双葉杏(五十嵐裕美),木村夏樹(安野希世乃),アナスタシア(上坂すみれ),ナターリア(生田輝),橘ありす(佐藤亜美菜),輿水幸子(竹達彩奈),依田芳乃(",https://www.billboard-japan.com/charts/detail?a=dlsongs&year=2021&month=12&day=06
2021,dlsongs,2021-12-01,32,SMILE〜晴れ渡る空のように〜,桑田佳祐,https://www.billboard-japan.com/charts/detail?a=dlsongs&year=2021&month=12&day=06
2021,dlsongs,2021-12-01,33,仏だけ徒歩,東京事変,https://www.billboard-japan.com/charts/detail?a=dlsongs&year=2021&month=12&day=06
2021,dlsongs,2021-12-01,34,Permission to Dance,BTS,https://www.billboard-japan.com/charts/detail?a=dlsongs&year=2021&month=12&day=06
2021,dlsongs,2021-12-01,34,FINAL PIECE,HYDE,https://www.billboard-japan.com/charts/detail?a=dlsongs&year=2021&month=12&day=06
2021,dlsongs,2021-12-01,36,Dynamite,BTS,https://www.billboard-japan.com/charts/detail?a=dlsongs&year=2021&month=12&day=06
2021,dlsongs,2021-12-01,37,虹,菅田将暉,https://www.billboard-japan.com/charts/detail?a=dlsongs&year=2021&month=12&day=06
2021,dlsongs,2021-12-01,38,大好物,スピッツ,https://www.billboard-japan.com/charts/detail?a=dlsongs&year=2021&month=12&day=06
2021,dlsongs,2021-12-01,39,シネマ,Vivid BAD SQUAD,https://www.billboard-japan.com/charts/detail?a=dlsongs&year=2021&month=12&day=06
2021,dlsongs,2021-12-01,40,ステイ,ザ・キッド・ラロイxジャスティン・ビーバー,https://www.billboard-japan.com/charts/detail?a=dlsongs&year=2021&month=12&day=06
2021,dlsongs,2021-12-01,41,Oz.,yama,https://www.billboard-japan.com/charts/detail?a=dlsongs&year=2021&month=12&day=06
2021,dlsongs,2021-12-01,42,seeker,Novelbright,https://www.billboard-japan.com/charts/detail?a=dlsongs&year=2021&month=12&day=06
2021,dlsongs,2021-12-01,42,イーティー,UVERworld,https://www.billboard-japan.com/charts/detail?a=dlsongs&year=2021&month=12&day=06
2021,dlsongs,2021-12-01,44,踊,Ado,https://www.billboard-japan.com/charts/detail?a=dlsongs&year=2021&month=12&day=06
2021,dlsongs,2021-12-01,45,怪物,YOASOBI,https://www.billboard-japan.com/charts/detail?a=dlsongs&year=2021&month=12&day=06
2021,dlsongs,2021-12-01,46,CITRUS,Da-iCE,https://www.billboard-japan.com/charts/detail?a=dlsongs&year=2021&month=12&day=06
2021,dlsongs,2021-12-01,47,逆境スペクトル,ASCA,https://www.billboard-japan.com/charts/detail?a=dlsongs&year=2021&month=12&day=06
2021,dlsongs,2021-12-01,48,夜に駆ける,YOASOBI,https://www.billboard-japan.com/charts/detail?a=dlsongs&year=2021&month=12&day=06
2021,dlsongs,2021-12-01,49,産声とクラブ,"箱崎星梨花(麻倉もも),三浦あずさ(たかはし智秋),高坂海美(上田麗奈),ロコ(中村温姫)",https://www.billboard-japan.com/charts/detail?a=dlsongs&year=2021&month=12&day=06
2021,dlsongs,2021-12-01,50,Small world,BUMP OF CHICKEN,https://www.billboard-japan.com/charts/detail?a=dlsongs&year=2021&month=12&day=06
2021,dlsongs,2021-12-01,51,炎,LiSA,https://www.billboard-japan.com/charts/detail?a=dlsongs&year=2021&month=12&day=06
2021,dlsongs,2021-12-01,52,Dark seeks light,ニノミヤユイ,https://www.billboard-japan.com/charts/detail?a=dlsongs&year=2021&month=12&day=06
2021,dlsongs,2021-12-01,53,RAD DOGS,Vivid BAD SQUAD,https://www.billboard-japan.com/charts/detail?a=dlsongs&year=2021&month=12&day=06
2021,dlsongs,2021-12-01,54,もう少しだけ,YOASOBI,https://www.billboard-japan.com/charts/detail?a=dlsongs&year=2021&month=12&day=06
2021,dlsongs,2021-12-01,55,ツバメ,YOASOBI with ミドリーズ,https://www.billboard-japan.com/charts/detail?a=dlsongs&year=2021&month=12&day=06
2021,dlsongs,2021-12-01,56,ミライチズ,夜のひと笑い,https://www.billboard-japan.com/charts/detail?a=dlsongs&year=2021&month=12&day=06
2021,dlsongs,2021-12-01,57,愛しき日々の真ん中で,平井大,https://www.billboard-japan.com/charts/detail?a=dlsongs&year=2021&month=12&day=06
2021,dlsongs,2021-12-01,58,三原色,YOASOBI,https://www.billboard-japan.com/charts/detail?a=dlsongs&year=2021&month=12&day=06
2021,dlsongs,2021-12-01,59,きらり,藤井風,https://www.billboard-japan.com/charts/detail?a=dlsongs&year=2021&month=12&day=06
2021,dlsongs,2021-12-01,60,のびしろ,Creepy Nuts,https://www.billboard-japan.com/charts/detail?a=dlsongs&year=2021&month=12&day=06
2021,dlsongs,2021-12-01,61,STORM 2021,JAM Project,https://www.billboard-japan.com/charts/detail?a=dlsongs&year=2021&month=12&day=06
2021,dlsongs,2021-12-01,62,FESTA,NiziU,https://www.billboard-japan.com/charts/detail?a=dlsongs&year=2021&month=12&day=06
2021,dlsongs,2021-12-01,63,Soulコブラツイスト〜魂の悶絶,桑田佳祐,https://www.billboard-japan.com/charts/detail?a=dlsongs&year=2021&month=12&day=06
2021,dlsongs,2021-12-01,64,Need U,NiziU,https://www.billboard-japan.com/charts/detail?a=dlsongs&year=2021&month=12&day=06
2021,dlsongs,2021-12-01,65,大正浪漫,YOASOBI,https://www.billboard-japan.com/charts/detail?a=dlsongs&year=2021&month=12&day=06
2021,dlsongs,2021-12-01,66,勿忘,Awesome City Club,https://www.billboard-japan.com/charts/detail?a=dlsongs&year=2021&month=12&day=06
2021,dlsongs,2021-12-01,67,なんでもないよ、,マカロニえんぴつ,https://www.billboard-japan.com/charts/detail?a=dlsongs&year=2021&month=12&day=06
2021,dlsongs,2021-12-01,68,閃光,[Alexandros],https://www.billboard-japan.com/charts/detail?a=dlsongs&year=2021&month=12&day=06
2021,dlsongs,2021-12-01,69,森のくまさん,あいみょん,https://www.billboard-japan.com/charts/detail?a=dlsongs&year=2021&month=12&day=06
2021,dlsongs,2021-12-01,70,Boy,Reol,https://www.billboard-japan.com/charts/detail?a=dlsongs&year=2021&month=12&day=06
2021,dlsongs,2021-12-01,71,猫,DISH//,https://www.billboard-japan.com/charts/detail?a=dlsongs&year=2021&month=12&day=06
2021,dlsongs,2021-12-01,72,シャッター,優里,https://www.billboard-japan.com/charts/detail?a=dlsongs&year=2021&month=12&day=06
2021,dlsongs,2021-12-01,73,僕らの季節,JO1,https://www.billboard-japan.com/charts/detail?a=dlsongs&year=2021&month=12&day=06
2021,dlsongs,2021-12-01,74,フォニイ,ツミキ,https://www.billboard-japan.com/charts/detail?a=dlsongs&year=2021&month=12&day=06
2021,dlsongs,2021-12-01,75,紅蓮華,LiSA,https://www.billboard-japan.com/charts/detail?a=dlsongs&year=2021&month=12&day=06
2021,dlsongs,2021-12-01,76,Shooting Voice!!,Liella!,https://www.billboard-japan.com/charts/detail?a=dlsongs&year=2021&month=12&day=06
2021,dlsongs,2021-12-01,77,うっせぇわ,Ado,https://www.billboard-japan.com/charts/detail?a=dlsongs&year=2021&month=12&day=06
2021,dlsongs,2021-12-01,78,カイト,嵐,https://www.billboard-japan.com/charts/detail?a=dlsongs&year=2021&month=12&day=06
2021,dlsongs,2021-12-01,79,走り続けた日々,ケツメイシ,https://www.billboard-japan.com/charts/detail?a=dlsongs&year=2021&month=12&day=06
2021,dlsongs,2021-12-01,80,Mela!,緑黄色社会,https://www.billboard-japan.com/charts/detail?a=dlsongs&year=2021&month=12&day=06
2021,dlsongs,2021-12-01,81,SCIENTIST,TWICE,https://www.billboard-japan.com/charts/detail?a=dlsongs&year=2021&month=12&day=06
2021,dlsongs,2021-12-01,82,Rapport,キタニタツヤ,https://www.billboard-japan.com/charts/detail?a=dlsongs&year=2021&month=12&day=06
2021,dlsongs,2021-12-01,83,ツキミソウ,Novelbright,https://www.billboard-japan.com/charts/detail?a=dlsongs&year=2021&month=12&day=06
2021,dlsongs,2021-12-01,84,ワンルーム,Novelbright,https://www.billboard-japan.com/charts/detail?a=dlsongs&year=2021&month=12&day=06
2021,dlsongs,2021-12-01,85,マイ・ユニバース,コールドプレイ X BTS,https://www.billboard-japan.com/charts/detail?a=dlsongs&year=2021&month=12&day=06
2021,dlsongs,2021-12-01,86,アイノカタチ feat.HIDE(GReeeeN),MISIA,https://www.billboard-japan.com/charts/detail?a=dlsongs&year=2021&month=12&day=06
2021,dlsongs,2021-12-01,87,ヨワネハキ,"MAISONdes feat.和ぬか, asmi",https://www.billboard-japan.com/charts/detail?a=dlsongs&year=2021&month=12&day=06
2021,dlsongs,2021-12-01,88,涙のヒロイン降板劇,つばきファクトリー,https://www.billboard-japan.com/charts/detail?a=dlsongs&year=2021&month=12&day=06
2021,dlsongs,2021-12-01,89,ホワイトキス,鈴木鈴木,https://www.billboard-japan.com/charts/detail?a=dlsongs&year=2021&month=12&day=06
2021,dlsongs,2021-12-01,90,シンデレラ,サイダーガール,https://www.billboard-japan.com/charts/detail?a=dlsongs&year=2021&month=12&day=06
2021,dlsongs,2021-12-01,91,見えないからね!?,四谷みこ(雨宮天),https://www.billboard-japan.com/charts/detail?a=dlsongs&year=2021&month=12&day=06
2021,dlsongs,2021-12-01,92,9 colors,NiziU,https://www.billboard-japan.com/charts/detail?a=dlsongs&year=2021&month=12&day=06
2021,dlsongs,2021-12-01,93,Twinkle Twinkle,NiziU,https://www.billboard-japan.com/charts/detail?a=dlsongs&year=2021&month=12&day=06
2021,dlsongs,2021-12-01,94,時の迷宮,ランカ・リー=中島愛/シェリル・ノーム starring May'n,https://www.billboard-japan.com/charts/detail?a=dlsongs&year=2021&month=12&day=06
2021,dlsongs,2021-12-01,95,境界線,amazarashi,https://www.billboard-japan.com/charts/detail?a=dlsongs&year=2021&month=12&day=06
2021,dlsongs,2021-12-01,96,明日への境界線,雪花ラミィ,https://www.billboard-japan.com/charts/detail?a=dlsongs&year=2021&month=12&day=06
2021,dlsongs,2021-12-01,97,ミラクル STAY TUNE!,虹ヶ咲学園スクールアイドル同好会,https://www.billboard-japan.com/charts/detail?a=dlsongs&year=2021&month=12&day=06
2021,dlsongs,2021-12-01,98,あの夢をなぞって,YOASOBI,https://www.billboard-japan.com/charts/detail?a=dlsongs&year=2021&month=12&day=06
2021,dlsongs,2021-12-01,99,DYSTOPIA,ENVii GABRIELLA,https://www.billboard-japan.com/charts/detail?a=dlsongs&year=2021&month=12&day=06
2021,dlsongs,2021-12-01,100,君が居れば,朝倉未来,https://www.billboard-japan.com/charts/detail?a=dlsongs&year=2021&month=12&day=06
2021,dlsongs,2021-12-08,1,君に夢中,宇多田ヒカル,https://www.billboard-japan.com/charts/detail?a=dlsongs&year=2021&month=12&day=13
2021,dlsongs,2021-12-08,2,明け星,LiSA,https://www.billboard-japan.com/charts/detail?a=dlsongs&year=2021&month=12&day=13
2021,dlsongs,2021-12-08,3,もしも命が描けたら,YOASOBI,https://www.billboard-japan.com/charts/detail?a=dlsongs&year=2021&month=12&day=13
2021,dlsongs,2021-12-08,4,白銀,LiSA,https://www.billboard-japan.com/charts/detail?a=dlsongs&year=2021&month=12&day=13
2021,dlsongs,2021-12-08,5,ハート,あいみょん,https://www.billboard-japan.com/charts/detail?a=dlsongs&year=2021&month=12&day=13
2021,dlsongs,2021-12-08,6,STONE OCEAN,ichigo from 岸田教団&THE明星ロケッツ,https://www.billboard-japan.com/charts/detail?a=dlsongs&year=2021&month=12&day=13
2021,dlsongs,2021-12-08,7,ベテルギウス,優里,https://www.billboard-japan.com/charts/detail?a=dlsongs&year=2021&month=12&day=13
2021,dlsongs,2021-12-08,8,沈丁花,DISH//,https://www.billboard-japan.com/charts/detail?a=dlsongs&year=2021&month=12&day=13
2021,dlsongs,2021-12-08,9,アルデバラン,AI,https://www.billboard-japan.com/charts/detail?a=dlsongs&year=2021&month=12&day=13
2021,dlsongs,2021-12-08,10,阿修羅ちゃん,Ado,https://www.billboard-japan.com/charts/detail?a=dlsongs&year=2021&month=12&day=13
2021,dlsongs,2021-12-08,11,F.O.O.L,King Gnu,https://www.billboard-japan.com/charts/detail?a=dlsongs&year=2021&month=12&day=13
2021,dlsongs,2021-12-08,12,こたえあわせ,JUJU,https://www.billboard-japan.com/charts/detail?a=dlsongs&year=2021&month=12&day=13
2021,dlsongs,2021-12-08,13,ラストシーン,菅田将暉,https://www.billboard-japan.com/charts/detail?a=dlsongs&year=2021&month=12&day=13
2021,dlsongs,2021-12-08,14,ドライフラワー,優里,https://www.billboard-japan.com/charts/detail?a=dlsongs&year=2021&month=12&day=13
2021,dlsongs,2021-12-08,15,Cry Baby,Official髭男dism,https://www.billboard-japan.com/charts/detail?a=dlsongs&year=2021&month=12&day=13
2021,dlsongs,2021-12-08,16,プラトー,サカナクション,https://www.billboard-japan.com/charts/detail?a=dlsongs&year=2021&month=12&day=13
2021,dlsongs,2021-12-08,17,○か×,吉井和哉,https://www.billboard-japan.com/charts/detail?a=dlsongs&year=2021&month=12&day=13
2021,dlsongs,2021-12-08,18,Chopstick,NiziU,https://www.billboard-japan.com/charts/detail?a=dlsongs&year=2021&month=12&day=13
2021,dlsongs,2021-12-08,19,魔法の絨毯,川崎鷹也,https://www.billboard-japan.com/charts/detail?a=dlsongs&year=2021&month=12&day=13
2021,dlsongs,2021-12-08,20,Butter,BTS,https://www.billboard-japan.com/charts/detail?a=dlsongs&year=2021&month=12&day=13
2021,dlsongs,2021-12-08,21,猫リセット,ずっと真夜中でいいのに。,https://www.billboard-japan.com/charts/detail?a=dlsongs&year=2021&month=12&day=13
2021,dlsongs,2021-12-08,22,BOY,King Gnu,https://www.billboard-japan.com/charts/detail?a=dlsongs&year=2021&month=12&day=13
2021,dlsongs,2021-12-08,23,水平線,back number,https://www.billboard-japan.com/charts/detail?a=dlsongs&year=2021&month=12&day=13
2021,dlsongs,2021-12-08,24,ENDWALKER,"祖堅正慶,THE PRIMALS",https://www.billboard-japan.com/charts/detail?a=dlsongs&year=2021&month=12&day=13
2021,dlsongs,2021-12-08,25,SMILE〜晴れ渡る空のように〜,桑田佳祐,https://www.billboard-japan.com/charts/detail?a=dlsongs&year=2021&month=12&day=13
2021,dlsongs,2021-12-08,26,Mela!,緑黄色社会,https://www.billboard-japan.com/charts/detail?a=dlsongs&year=2021&month=12&day=13
2021,dlsongs,2021-12-08,27,Butter (Holiday Remix),BTS,https://www.billboard-japan.com/charts/detail?a=dlsongs&year=2021&month=12&day=13
2021,dlsongs,2021-12-08,28,STAR WISH,"一十木音也(寺島拓篤),聖川真斗(鈴村健一),四ノ宮那月(谷山紀章),一ノ瀬トキヤ(宮野真守),神宮寺レン(諏訪部順一),来栖翔(下野紘),愛島セシル(鳥海浩輔)",https://www.billboard-japan.com/charts/detail?a=dlsongs&year=2021&month=12&day=13
2021,dlsongs,2021-12-08,29,群青,YOASOBI,https://www.billboard-japan.com/charts/detail?a=dlsongs&year=2021&month=12&day=13
2021,dlsongs,2021-12-08,30,The Feels,TWICE,https://www.billboard-japan.com/charts/detail?a=dlsongs&year=2021&month=12&day=13
2021,dlsongs,2021-12-08,31,大好物,スピッツ,https://www.billboard-japan.com/charts/detail?a=dlsongs&year=2021&month=12&day=13
2021,dlsongs,2021-12-08,32,Femme Fatale,中王区 言の葉党,https://www.billboard-japan.com/charts/detail?a=dlsongs&year=2021&month=12&day=13
2021,dlsongs,2021-12-08,33,あの夢をなぞって,YOASOBI,https://www.billboard-japan.com/charts/detail?a=dlsongs&year=2021&month=12&day=13
2021,dlsongs,2021-12-08,34,夜に駆ける,YOASOBI,https://www.billboard-japan.com/charts/detail?a=dlsongs&year=2021&month=12&day=13
2021,dlsongs,2021-12-08,35,往け,LiSA,https://www.billboard-japan.com/charts/detail?a=dlsongs&year=2021&month=12&day=13
2021,dlsongs,2021-12-08,36,炎,LiSA,https://www.billboard-japan.com/charts/detail?a=dlsongs&year=2021&month=12&day=13
2021,dlsongs,2021-12-08,37,あいのちから,SEVENTEEN,https://www.billboard-japan.com/charts/detail?a=dlsongs&year=2021&month=12&day=13
2021,dlsongs,2021-12-08,38,踊り子,Vaundy,https://www.billboard-japan.com/charts/detail?a=dlsongs&year=2021&month=12&day=13
2021,dlsongs,2021-12-08,39,Dynamite,BTS,https://www.billboard-japan.com/charts/detail?a=dlsongs&year=2021&month=12&day=13
2021,dlsongs,2021-12-08,40,ラヴ・エボル,美風藍(蒼井翔太),https://www.billboard-japan.com/charts/detail?a=dlsongs&year=2021&month=12&day=13
2021,dlsongs,2021-12-08,41,ツバメ,YOASOBI with ミドリーズ,https://www.billboard-japan.com/charts/detail?a=dlsongs&year=2021&month=12&day=13
2021,dlsongs,2021-12-08,42,Permission to Dance,BTS,https://www.billboard-japan.com/charts/detail?a=dlsongs&year=2021&month=12&day=13
2021,dlsongs,2021-12-08,43,EXCEED,Eden,https://www.billboard-japan.com/charts/detail?a=dlsongs&year=2021&month=12&day=13
2021,dlsongs,2021-12-08,44,アイノカタチ feat.HIDE(GReeeeN),MISIA,https://www.billboard-japan.com/charts/detail?a=dlsongs&year=2021&month=12&day=13
2021,dlsongs,2021-12-08,45,Fly High,milet,https://www.billboard-japan.com/charts/detail?a=dlsongs&year=2021&month=12&day=13
2021,dlsongs,2021-12-08,46,AVALANCHE,UVERworld,https://www.billboard-japan.com/charts/detail?a=dlsongs&year=2021&month=12&day=13
2021,dlsongs,2021-12-08,47,ELEVEN,IVE,https://www.billboard-japan.com/charts/detail?a=dlsongs&year=2021&month=12&day=13
2021,dlsongs,2021-12-08,48,Steward Dance,カミュ(前野智昭),https://www.billboard-japan.com/charts/detail?a=dlsongs&year=2021&month=12&day=13
2021,dlsongs,2021-12-08,49,藍才,Eve,https://www.billboard-japan.com/charts/detail?a=dlsongs&year=2021&month=12&day=13
2021,dlsongs,2021-12-08,50,seeker,Novelbright,https://www.billboard-japan.com/charts/detail?a=dlsongs&year=2021&month=12&day=13
2021,dlsongs,2021-12-08,51,Christmas EveL,Stray Kids,https://www.billboard-japan.com/charts/detail?a=dlsongs&year=2021&month=12&day=13
2021,dlsongs,2021-12-08,52,ミライチズ,夜のひと笑い,https://www.billboard-japan.com/charts/detail?a=dlsongs&year=2021&month=12&day=13
2021,dlsongs,2021-12-08,53,虹,菅田将暉,https://www.billboard-japan.com/charts/detail?a=dlsongs&year=2021&month=12&day=13
2021,dlsongs,2021-12-08,54,踊,Ado,https://www.billboard-japan.com/charts/detail?a=dlsongs&year=2021&month=12&day=13
2021,dlsongs,2021-12-08,55,Psyche's Butterfly,Eden,https://www.billboard-japan.com/charts/detail?a=dlsongs&year=2021&month=12&day=13
2021,dlsongs,2021-12-08,56,Yours,JIN,https://www.billboard-japan.com/charts/detail?a=dlsongs&year=2021&month=12&day=13
2021,dlsongs,2021-12-08,57,"Alright, All night",寿嶺二(森久保祥太郎),https://www.billboard-japan.com/charts/detail?a=dlsongs&year=2021&month=12&day=13
2021,dlsongs,2021-12-08,58,FREE STYLE,永遠(とわ)への旋律(メロディ),https://www.billboard-japan.com/charts/detail?a=dlsongs&year=2021&month=12&day=13
2021,dlsongs,2021-12-08,59,Remember Me,MAN WITH A MISSION,https://www.billboard-japan.com/charts/detail?a=dlsongs&year=2021&month=12&day=13
2021,dlsongs,2021-12-08,60,Dark seeks light,ニノミヤユイ,https://www.billboard-japan.com/charts/detail?a=dlsongs&year=2021&month=12&day=13
2021,dlsongs,2021-12-08,61,なんでもないよ、,マカロニえんぴつ,https://www.billboard-japan.com/charts/detail?a=dlsongs&year=2021&month=12&day=13
2021,dlsongs,2021-12-08,62,Oz.,yama,https://www.billboard-japan.com/charts/detail?a=dlsongs&year=2021&month=12&day=13
2021,dlsongs,2021-12-08,63,カイト,嵐,https://www.billboard-japan.com/charts/detail?a=dlsongs&year=2021&month=12&day=13
2021,dlsongs,2021-12-08,64,ステイ,ザ・キッド・ラロイxジャスティン・ビーバー,https://www.billboard-japan.com/charts/detail?a=dlsongs&year=2021&month=12&day=13
2021,dlsongs,2021-12-08,65,CITRUS,Da-iCE,https://www.billboard-japan.com/charts/detail?a=dlsongs&year=2021&month=12&day=13
2021,dlsongs,2021-12-08,66,uni-birth,湊あくあ,https://www.billboard-japan.com/charts/detail?a=dlsongs&year=2021&month=12&day=13
2021,dlsongs,2021-12-08,67,もう少しだけ,YOASOBI,https://www.billboard-japan.com/charts/detail?a=dlsongs&year=2021&month=12&day=13
2021,dlsongs,2021-12-08,68,Saiai,横山克,https://www.billboard-japan.com/charts/detail?a=dlsongs&year=2021&month=12&day=13
2021,dlsongs,2021-12-08,69,きらり,藤井風,https://www.billboard-japan.com/charts/detail?a=dlsongs&year=2021&month=12&day=13
2021,dlsongs,2021-12-08,70,All AppreciAte,宇野実彩子(AAA),https://www.billboard-japan.com/charts/detail?a=dlsongs&year=2021&month=12&day=13
2021,dlsongs,2021-12-08,71,夜に駆ける,礼真琴,https://www.billboard-japan.com/charts/detail?a=dlsongs&year=2021&month=12&day=13
2021,dlsongs,2021-12-08,72,クリスマス・イブ,山下達郎,https://www.billboard-japan.com/charts/detail?a=dlsongs&year=2021&month=12&day=13
2021,dlsongs,2021-12-08,73,メリクリ,BoA,https://www.billboard-japan.com/charts/detail?a=dlsongs&year=2021&month=12&day=13
2021,dlsongs,2021-12-08,74,I always love you 〜いつもそばに〜,EXILE ATSUSHI,https://www.billboard-japan.com/charts/detail?a=dlsongs&year=2021&month=12&day=13
2021,dlsongs,2021-12-08,75,FINALE,BENNIE K,https://www.billboard-japan.com/charts/detail?a=dlsongs&year=2021&month=12&day=13
2021,dlsongs,2021-12-08,76,猫,DISH//,https://www.billboard-japan.com/charts/detail?a=dlsongs&year=2021&month=12&day=13
2021,dlsongs,2021-12-08,77,逆境スペクトル,ASCA,https://www.billboard-japan.com/charts/detail?a=dlsongs&year=2021&month=12&day=13
2021,dlsongs,2021-12-08,78,Soulコブラツイスト〜魂の悶絶,桑田佳祐,https://www.billboard-japan.com/charts/detail?a=dlsongs&year=2021&month=12&day=13
2021,dlsongs,2021-12-08,79,ギラギラ,礼真琴,https://www.billboard-japan.com/charts/detail?a=dlsongs&year=2021&month=12&day=13
2021,dlsongs,2021-12-08,80,走り続けた日々,ケツメイシ,https://www.billboard-japan.com/charts/detail?a=dlsongs&year=2021&month=12&day=13
2021,dlsongs,2021-12-08,81,白い恋人達,桑田佳祐,https://www.billboard-japan.com/charts/detail?a=dlsongs&year=2021&month=12&day=13
2021,dlsongs,2021-12-08,82,QUARTET CROWN,"寿嶺二(森久保祥太郎),黒崎蘭丸(鈴木達央),美風藍(蒼井翔太),カミュ(前野智昭)",https://www.billboard-japan.com/charts/detail?a=dlsongs&year=2021&month=12&day=13
2021,dlsongs,2021-12-08,83,あなたへ,THE RAMPAGE from EXILE TRIBE,https://www.billboard-japan.com/charts/detail?a=dlsongs&year=2021&month=12&day=13
2021,dlsongs,2021-12-08,84,フォニイ,ツミキ,https://www.billboard-japan.com/charts/detail?a=dlsongs&year=2021&month=12&day=13
2021,dlsongs,2021-12-08,85,閃光,[Alexandros],https://www.billboard-japan.com/charts/detail?a=dlsongs&year=2021&month=12&day=13
2021,dlsongs,2021-12-08,86,恋人たちのクリスマス,マライア・キャリー,https://www.billboard-japan.com/charts/detail?a=dlsongs&year=2021&month=12&day=13
2021,dlsongs,2021-12-08,87,Home,SEVENTEEN,https://www.billboard-japan.com/charts/detail?a=dlsongs&year=2021&month=12&day=13
2021,dlsongs,2021-12-08,88,Take It,IVE,https://www.billboard-japan.com/charts/detail?a=dlsongs&year=2021&month=12&day=13
2021,dlsongs,2021-12-08,89,まっさら,吉岡聖恵,https://www.billboard-japan.com/charts/detail?a=dlsongs&year=2021&month=12&day=13
2021,dlsongs,2021-12-08,90,いんたらくとふぁんたじあ,兎田ぺこら・潤羽るしあ・不知火フレア・白銀ノエル・宝鐘マリン,https://www.billboard-japan.com/charts/detail?a=dlsongs&year=2021&month=12&day=13
2021,dlsongs,2021-12-08,91,Snap Shoot,SEVENTEEN,https://www.billboard-japan.com/charts/detail?a=dlsongs&year=2021&month=12&day=13
2021,dlsongs,2021-12-08,92,ENDLESS SCORE,"鳳瑛一(緑川光),皇綺羅(小野大輔),帝ナギ(代永翼),鳳瑛二(内田雄馬),桐生院ヴァン(高橋英則),日向大和(木村良平),天草シオン(山下大輝)",https://www.billboard-japan.com/charts/detail?a=dlsongs&year=2021&month=12&day=13
2021,dlsongs,2021-12-08,93,うっせぇわ,Ado,https://www.billboard-japan.com/charts/detail?a=dlsongs&year=2021&month=12&day=13
2021,dlsongs,2021-12-08,94,うらがわの存在,ギヴン,https://www.billboard-japan.com/charts/detail?a=dlsongs&year=2021&month=12&day=13
2021,dlsongs,2021-12-08,95,"Anytime, Anywhere",私立恵比寿中学,https://www.billboard-japan.com/charts/detail?a=dlsongs&year=2021&month=12&day=13
2021,dlsongs,2021-12-08,96,シャッター,優里,https://www.billboard-japan.com/charts/detail?a=dlsongs&year=2021&month=12&day=13
2021,dlsongs,2021-12-08,97,DANCING OVER NIGHT,"寿嶺二(森久保祥太郎),黒崎蘭丸(鈴木達央),美風藍(蒼井翔太),カミュ(前野智昭)",https://www.billboard-japan.com/charts/detail?a=dlsongs&year=2021&month=12&day=13
2021,dlsongs,2021-12-08,98,紅蓮華,LiSA,https://www.billboard-japan.com/charts/detail?a=dlsongs&year=2021&month=12&day=13
2021,dlsongs,2021-12-08,99,Doughnut,TWICE,https://www.billboard-japan.com/charts/detail?a=dlsongs&year=2021&month=12&day=13
2021,dlsongs,2021-12-08,100,イントロダクション,Poppin'Party,https://www.billboard-japan.com/charts/detail?a=dlsongs&year=2021&month=12&day=13
2021,dlsongs,2021-12-15,1,残響散歌,Aimer(エメ),https://www.billboard-japan.com/charts/detail?a=dlsongs&year=2021&month=12&day=20
2021,dlsongs,2021-12-15,2,一途,King Gnu,https://www.billboard-japan.com/charts/detail?a=dlsongs&year=2021&month=12&day=20
2021,dlsongs,2021-12-15,3,君に夢中,宇多田ヒカル,https://www.billboard-japan.com/charts/detail?a=dlsongs&year=2021&month=12&day=20
2021,dlsongs,2021-12-15,4,明け星,LiSA,https://www.billboard-japan.com/charts/detail?a=dlsongs&year=2021&month=12&day=20
2021,dlsongs,2021-12-15,5,ベテルギウス,優里,https://www.billboard-japan.com/charts/detail?a=dlsongs&year=2021&month=12&day=20
2021,dlsongs,2021-12-15,6,ハート,あいみょん,https://www.billboard-japan.com/charts/detail?a=dlsongs&year=2021&month=12&day=20
2021,dlsongs,2021-12-15,7,白銀,LiSA,https://www.billboard-japan.com/charts/detail?a=dlsongs&year=2021&month=12&day=20
2021,dlsongs,2021-12-15,8,ONE AND LAST,Aimer(エメ),https://www.billboard-japan.com/charts/detail?a=dlsongs&year=2021&month=12&day=20
2021,dlsongs,2021-12-15,9,Teenage Solution,モーニング娘。'21,https://www.billboard-japan.com/charts/detail?a=dlsongs&year=2021&month=12&day=20
2021,dlsongs,2021-12-15,10,ドライフラワー,優里,https://www.billboard-japan.com/charts/detail?a=dlsongs&year=2021&month=12&day=20
2021,dlsongs,2021-12-15,11,阿修羅ちゃん,Ado,https://www.billboard-japan.com/charts/detail?a=dlsongs&year=2021&month=12&day=20
2021,dlsongs,2021-12-15,12,もしも命が描けたら,YOASOBI,https://www.billboard-japan.com/charts/detail?a=dlsongs&year=2021&month=12&day=20
2021,dlsongs,2021-12-15,13,SMILE〜晴れ渡る空のように〜,桑田佳祐,https://www.billboard-japan.com/charts/detail?a=dlsongs&year=2021&month=12&day=20
2021,dlsongs,2021-12-15,14,沈丁花,DISH//,https://www.billboard-japan.com/charts/detail?a=dlsongs&year=2021&month=12&day=20
2021,dlsongs,2021-12-15,15,ビートの惑星,モーニング娘。'21,https://www.billboard-japan.com/charts/detail?a=dlsongs&year=2021&month=12&day=20
2021,dlsongs,2021-12-15,16,ENDWALKER,"祖堅正慶,THE PRIMALS",https://www.billboard-japan.com/charts/detail?a=dlsongs&year=2021&month=12&day=20
2021,dlsongs,2021-12-15,17,よしよししてほしいの,モーニング娘。'21,https://www.billboard-japan.com/charts/detail?a=dlsongs&year=2021&month=12&day=20
2021,dlsongs,2021-12-15,18,アルデバラン,AI,https://www.billboard-japan.com/charts/detail?a=dlsongs&year=2021&month=12&day=20
2021,dlsongs,2021-12-15,19,水平線,back number,https://www.billboard-japan.com/charts/detail?a=dlsongs&year=2021&month=12&day=20
2021,dlsongs,2021-12-15,20,ラストシーン,菅田将暉,https://www.billboard-japan.com/charts/detail?a=dlsongs&year=2021&month=12&day=20
2021,dlsongs,2021-12-15,21,こたえあわせ,JUJU,https://www.billboard-japan.com/charts/detail?a=dlsongs&year=2021&month=12&day=20
2021,dlsongs,2021-12-15,22,ELEVEN,IVE,https://www.billboard-japan.com/charts/detail?a=dlsongs&year=2021&month=12&day=20
2021,dlsongs,2021-12-15,23,Cry Baby,Official髭男dism,https://www.billboard-japan.com/charts/detail?a=dlsongs&year=2021&month=12&day=20
2021,dlsongs,2021-12-15,24,PERFECTLY-IMPERFECT,UNDEAD×紅月,https://www.billboard-japan.com/charts/detail?a=dlsongs&year=2021&month=12&day=20
2021,dlsongs,2021-12-15,25,群青讃歌 (feat. 星乃一歌&花里みのり&小豆沢こはね&天馬司&宵崎奏&初音ミク),初音ミク、星乃一歌、花里みのり、小豆沢こはね、天馬司、宵崎奏,https://www.billboard-japan.com/charts/detail?a=dlsongs&year=2021&month=12&day=20
2021,dlsongs,2021-12-15,26,Butter,BTS,https://www.billboard-japan.com/charts/detail?a=dlsongs&year=2021&month=12&day=20
2021,dlsongs,2021-12-15,27,Soulコブラツイスト〜魂の悶絶,桑田佳祐,https://www.billboard-japan.com/charts/detail?a=dlsongs&year=2021&month=12&day=20
2021,dlsongs,2021-12-15,28,セカイ (feat. 星乃一歌&天馬司&宵崎奏&初音ミク),初音ミク、星乃一歌、天馬司、宵崎奏,https://www.billboard-japan.com/charts/detail?a=dlsongs&year=2021&month=12&day=20
2021,dlsongs,2021-12-15,29,アイノカタチ feat.HIDE(GReeeeN),MISIA,https://www.billboard-japan.com/charts/detail?a=dlsongs&year=2021&month=12&day=20
2021,dlsongs,2021-12-15,30,BOY,King Gnu,https://www.billboard-japan.com/charts/detail?a=dlsongs&year=2021&month=12&day=20
2021,dlsongs,2021-12-15,31,Permission to Dance,BTS,https://www.billboard-japan.com/charts/detail?a=dlsongs&year=2021&month=12&day=20
2021,dlsongs,2021-12-15,32,Pave Etoiles,Cafe Parade,https://www.billboard-japan.com/charts/detail?a=dlsongs&year=2021&month=12&day=20
2021,dlsongs,2021-12-15,33,STONE OCEAN,ichigo from 岸田教団&THE明星ロケッツ,https://www.billboard-japan.com/charts/detail?a=dlsongs&year=2021&month=12&day=20
2021,dlsongs,2021-12-15,34,新呼吸,三浦大知,https://www.billboard-japan.com/charts/detail?a=dlsongs&year=2021&month=12&day=20
2021,dlsongs,2021-12-15,35,群青,YOASOBI,https://www.billboard-japan.com/charts/detail?a=dlsongs&year=2021&month=12&day=20
2021,dlsongs,2021-12-15,36,ワーワーワールド (feat. 花里みのり&小豆沢こはね&初音ミク),初音ミク、花里みのり、小豆沢こはね,https://www.billboard-japan.com/charts/detail?a=dlsongs&year=2021&month=12&day=20
2021,dlsongs,2021-12-15,37,Secret Mirage,"水本ゆかり(藤田茜),小早川紗枝(立花理香)",https://www.billboard-japan.com/charts/detail?a=dlsongs&year=2021&month=12&day=20
2021,dlsongs,2021-12-15,38,夜に駆ける,YOASOBI,https://www.billboard-japan.com/charts/detail?a=dlsongs&year=2021&month=12&day=20
2021,dlsongs,2021-12-15,39,閃光,[Alexandros],https://www.billboard-japan.com/charts/detail?a=dlsongs&year=2021&month=12&day=20
2021,dlsongs,2021-12-15,40,Remember Me,MAN WITH A MISSION,https://www.billboard-japan.com/charts/detail?a=dlsongs&year=2021&month=12&day=20
2021,dlsongs,2021-12-15,41,WITHIN,加賀美ハヤト,https://www.billboard-japan.com/charts/detail?a=dlsongs&year=2021&month=12&day=20
2021,dlsongs,2021-12-15,42,Chopstick,NiziU,https://www.billboard-japan.com/charts/detail?a=dlsongs&year=2021&month=12&day=20
2021,dlsongs,2021-12-15,43,あなた,松下洸平,https://www.billboard-japan.com/charts/detail?a=dlsongs&year=2021&month=12&day=20
2021,dlsongs,2021-12-15,44,トレモロムーン,加賀美ハヤト,https://www.billboard-japan.com/charts/detail?a=dlsongs&year=2021&month=12&day=20
2021,dlsongs,2021-12-15,45,ツバメ,YOASOBI with ミドリーズ,https://www.billboard-japan.com/charts/detail?a=dlsongs&year=2021&month=12&day=20
2021,dlsongs,2021-12-15,46,ヨワネハキ,"MAISONdes feat.和ぬか, asmi",https://www.billboard-japan.com/charts/detail?a=dlsongs&year=2021&month=12&day=20
2021,dlsongs,2021-12-15,47,PIERCE,加賀美ハヤト,https://www.billboard-japan.com/charts/detail?a=dlsongs&year=2021&month=12&day=20
2021,dlsongs,2021-12-15,48,Dynamite,BTS,https://www.billboard-japan.com/charts/detail?a=dlsongs&year=2021&month=12&day=20
2021,dlsongs,2021-12-15,49,魔法の絨毯,川崎鷹也,https://www.billboard-japan.com/charts/detail?a=dlsongs&year=2021&month=12&day=20
2021,dlsongs,2021-12-15,50,大好物,スピッツ,https://www.billboard-japan.com/charts/detail?a=dlsongs&year=2021&month=12&day=20
2021,dlsongs,2021-12-15,51,踊り子,Vaundy,https://www.billboard-japan.com/charts/detail?a=dlsongs&year=2021&month=12&day=20
2021,dlsongs,2021-12-15,52,プラトー,サカナクション,https://www.billboard-japan.com/charts/detail?a=dlsongs&year=2021&month=12&day=20
2021,dlsongs,2021-12-15,53,炎,LiSA,https://www.billboard-japan.com/charts/detail?a=dlsongs&year=2021&month=12&day=20
2021,dlsongs,2021-12-15,54,The Feels,TWICE,https://www.billboard-japan.com/charts/detail?a=dlsongs&year=2021&month=12&day=20
2021,dlsongs,2021-12-15,55,のびしろ,Creepy Nuts,https://www.billboard-japan.com/charts/detail?a=dlsongs&year=2021&month=12&day=20
2021,dlsongs,2021-12-15,56,わくわくエブリデイ,白上フブキ・大神ミオ,https://www.billboard-japan.com/charts/detail?a=dlsongs&year=2021&month=12&day=20
2021,dlsongs,2021-12-15,57,踊,Ado,https://www.billboard-japan.com/charts/detail?a=dlsongs&year=2021&month=12&day=20
2021,dlsongs,2021-12-15,58,猫リセット,ずっと真夜中でいいのに。,https://www.billboard-japan.com/charts/detail?a=dlsongs&year=2021&month=12&day=20
2021,dlsongs,2021-12-15,59,FUSIONIC STARS!! - UNDEAD ver. -,UNDEAD,https://www.billboard-japan.com/charts/detail?a=dlsongs&year=2021&month=12&day=20
2021,dlsongs,2021-12-15,60,Mela!,緑黄色社会,https://www.billboard-japan.com/charts/detail?a=dlsongs&year=2021&month=12&day=20
2021,dlsongs,2021-12-15,61,往け,LiSA,https://www.billboard-japan.com/charts/detail?a=dlsongs&year=2021&month=12&day=20
2021,dlsongs,2021-12-15,62,僕の生きがい,ヘッドフォンの中の世界,https://www.billboard-japan.com/charts/detail?a=dlsongs&year=2021&month=12&day=20
2021,dlsongs,2021-12-15,63,きらり,藤井風,https://www.billboard-japan.com/charts/detail?a=dlsongs&year=2021&month=12&day=20
2021,dlsongs,2021-12-15,64,ステイ,ザ・キッド・ラロイxジャスティン・ビーバー,https://www.billboard-japan.com/charts/detail?a=dlsongs&year=2021&month=12&day=20
2021,dlsongs,2021-12-15,65,CITRUS,Da-iCE,https://www.billboard-japan.com/charts/detail?a=dlsongs&year=2021&month=12&day=20
2021,dlsongs,2021-12-15,66,Pa Pa Pa Wonder!,HAJI-KERO,https://www.billboard-japan.com/charts/detail?a=dlsongs&year=2021&month=12&day=20
2021,dlsongs,2021-12-15,67,藍才,Eve,https://www.billboard-japan.com/charts/detail?a=dlsongs&year=2021&month=12&day=20
2021,dlsongs,2021-12-15,68,なんでもないよ、,マカロニえんぴつ,https://www.billboard-japan.com/charts/detail?a=dlsongs&year=2021&month=12&day=20
2021,dlsongs,2021-12-15,69,クリスマス・イブ,山下達郎,https://www.billboard-japan.com/charts/detail?a=dlsongs&year=2021&month=12&day=20
2021,dlsongs,2021-12-15,70,恋人たちのクリスマス,マライア・キャリー,https://www.billboard-japan.com/charts/detail?a=dlsongs&year=2021&month=12&day=20
2021,dlsongs,2021-12-15,71,ミライチズ,夜のひと笑い,https://www.billboard-japan.com/charts/detail?a=dlsongs&year=2021&month=12&day=20
2021,dlsongs,2021-12-15,72,seeker,Novelbright,https://www.billboard-japan.com/charts/detail?a=dlsongs&year=2021&month=12&day=20
2021,dlsongs,2021-12-15,73,勿忘,Awesome City Club,https://www.billboard-japan.com/charts/detail?a=dlsongs&year=2021&month=12&day=20
2021,dlsongs,2021-12-15,74,虹,菅田将暉,https://www.billboard-japan.com/charts/detail?a=dlsongs&year=2021&month=12&day=20
2021,dlsongs,2021-12-15,75,"THANKS, ALL MY TEARS",Novel Core,https://www.billboard-japan.com/charts/detail?a=dlsongs&year=2021&month=12&day=20
2021,dlsongs,2021-12-15,75,透明な世界,Little Glee Monster,https://www.billboard-japan.com/charts/detail?a=dlsongs&year=2021&month=12&day=20
2021,dlsongs,2021-12-15,77,Take It,IVE,https://www.billboard-japan.com/charts/detail?a=dlsongs&year=2021&month=12&day=20
2021,dlsongs,2021-12-15,78,Hcoin To The Moon,Miles Guo,https://www.billboard-japan.com/charts/detail?a=dlsongs&year=2021&month=12&day=20
2021,dlsongs,2021-12-15,79,カイト,嵐,https://www.billboard-japan.com/charts/detail?a=dlsongs&year=2021&month=12&day=20
2021,dlsongs,2021-12-15,80,Oz.,yama,https://www.billboard-japan.com/charts/detail?a=dlsongs&year=2021&month=12&day=20
2021,dlsongs,2021-12-15,81,廻廻奇譚,Eve,https://www.billboard-japan.com/charts/detail?a=dlsongs&year=2021&month=12&day=20
2021,dlsongs,2021-12-15,82,Dark seeks light,ニノミヤユイ,https://www.billboard-japan.com/charts/detail?a=dlsongs&year=2021&month=12&day=20
2021,dlsongs,2021-12-15,83,うっせぇわ,Ado,https://www.billboard-japan.com/charts/detail?a=dlsongs&year=2021&month=12&day=20
2021,dlsongs,2021-12-15,84,F.O.O.L,King Gnu,https://www.billboard-japan.com/charts/detail?a=dlsongs&year=2021&month=12&day=20
2021,dlsongs,2021-12-15,85,シャッター,優里,https://www.billboard-japan.com/charts/detail?a=dlsongs&year=2021&month=12&day=20
2021,dlsongs,2021-12-15,85,FUSIONIC STARS!! - 紅月 ver. -,紅月,https://www.billboard-japan.com/charts/detail?a=dlsongs&year=2021&month=12&day=20
2021,dlsongs,2021-12-15,87,AVALANCHE,UVERworld,https://www.billboard-japan.com/charts/detail?a=dlsongs&year=2021&month=12&day=20
2021,dlsongs,2021-12-15,88,EXCEED,Eden,https://www.billboard-japan.com/charts/detail?a=dlsongs&year=2021&month=12&day=20
2021,dlsongs,2021-12-15,88,Butter (Holiday Remix),BTS,https://www.billboard-japan.com/charts/detail?a=dlsongs&year=2021&month=12&day=20
2021,dlsongs,2021-12-15,90,紅蓮華,LiSA,https://www.billboard-japan.com/charts/detail?a=dlsongs&year=2021&month=12&day=20
2021,dlsongs,2021-12-15,91,あの夢をなぞって,YOASOBI,https://www.billboard-japan.com/charts/detail?a=dlsongs&year=2021&month=12&day=20
2021,dlsongs,2021-12-15,92,白い恋人達,桑田佳祐,https://www.billboard-japan.com/charts/detail?a=dlsongs&year=2021&month=12&day=20
2021,dlsongs,2021-12-15,93,猫,DISH//,https://www.billboard-japan.com/charts/detail?a=dlsongs&year=2021&month=12&day=20
2021,dlsongs,2021-12-15,94,フォニイ,ツミキ,https://www.billboard-japan.com/charts/detail?a=dlsongs&year=2021&month=12&day=20
2021,dlsongs,2021-12-15,95,想うた 〜夫婦を想う〜,キヨサク feat. thea,https://www.billboard-japan.com/charts/detail?a=dlsongs&year=2021&month=12&day=20
2021,dlsongs,2021-12-15,96,Saiai,横山克,https://www.billboard-japan.com/charts/detail?a=dlsongs&year=2021&month=12&day=20
2021,dlsongs,2021-12-15,97,ホワイトキス,鈴木鈴木,https://www.billboard-japan.com/charts/detail?a=dlsongs&year=2021&month=12&day=20
2021,dlsongs,2021-12-15,98,クリスマスソング,back number,https://www.billboard-japan.com/charts/detail?a=dlsongs&year=2021&month=12&day=20
2021,dlsongs,2021-12-15,99,Femme Fatale,中王区 言の葉党,https://www.billboard-japan.com/charts/detail?a=dlsongs&year=2021&month=12&day=20
2021,dlsongs,2021-12-15,100,ギラギラ,Ado,https://www.billboard-japan.com/charts/detail?a=dlsongs&year=2021&month=12&day=20
2021,dlsongs,2021-12-22,1,残響散歌,Aimer(エメ),https://www.billboard-japan.com/charts/detail?a=dlsongs&year=2021&month=12&day=27
2021,dlsongs,2021-12-22,2,笑顔の君は太陽さ,佐藤優樹(モーニング娘。'21),https://www.billboard-japan.com/charts/detail?a=dlsongs&year=2021&month=12&day=27
2021,dlsongs,2021-12-22,3,一途,King Gnu,https://www.billboard-japan.com/charts/detail?a=dlsongs&year=2021&month=12&day=27
2021,dlsongs,2021-12-22,4,僕らの季節,JO1,https://www.billboard-japan.com/charts/detail?a=dlsongs&year=2021&month=12&day=27
2021,dlsongs,2021-12-22,5,君に夢中,宇多田ヒカル,https://www.billboard-japan.com/charts/detail?a=dlsongs&year=2021&month=12&day=27
2021,dlsongs,2021-12-22,6,おもかげ (produced by Vaundy),milet & Aimer(エメ) & 幾田りら,https://www.billboard-japan.com/charts/detail?a=dlsongs&year=2021&month=12&day=27
2021,dlsongs,2021-12-22,7,明け星,LiSA,https://www.billboard-japan.com/charts/detail?a=dlsongs&year=2021&month=12&day=27
2021,dlsongs,2021-12-22,8,ベテルギウス,優里,https://www.billboard-japan.com/charts/detail?a=dlsongs&year=2021&month=12&day=27
2021,dlsongs,2021-12-22,9,ハート,あいみょん,https://www.billboard-japan.com/charts/detail?a=dlsongs&year=2021&month=12&day=27
2021,dlsongs,2021-12-22,10,阿修羅ちゃん,Ado,https://www.billboard-japan.com/charts/detail?a=dlsongs&year=2021&month=12&day=27
2021,dlsongs,2021-12-22,11,女子かしまし物語(モーニング娘。'21 Ver.),モーニング娘。'21,https://www.billboard-japan.com/charts/detail?a=dlsongs&year=2021&month=12&day=27
2021,dlsongs,2021-12-22,12,Diary,SEKAI NO OWARI,https://www.billboard-japan.com/charts/detail?a=dlsongs&year=2021&month=12&day=27
2021,dlsongs,2021-12-22,13,ONE AND LAST,Aimer(エメ),https://www.billboard-japan.com/charts/detail?a=dlsongs&year=2021&month=12&day=27
2021,dlsongs,2021-12-22,14,雲外憧憬,FantasticYouth,https://www.billboard-japan.com/charts/detail?a=dlsongs&year=2021&month=12&day=27
2021,dlsongs,2021-12-22,15,沈丁花,DISH//,https://www.billboard-japan.com/charts/detail?a=dlsongs&year=2021&month=12&day=27
2021,dlsongs,2021-12-22,16,Red Breeze,水樹奈々,https://www.billboard-japan.com/charts/detail?a=dlsongs&year=2021&month=12&day=27
2021,dlsongs,2021-12-22,17,Teenage Solution,モーニング娘。'21,https://www.billboard-japan.com/charts/detail?a=dlsongs&year=2021&month=12&day=27
2021,dlsongs,2021-12-22,18,白銀,LiSA,https://www.billboard-japan.com/charts/detail?a=dlsongs&year=2021&month=12&day=27
2021,dlsongs,2021-12-22,19,ドライフラワー,優里,https://www.billboard-japan.com/charts/detail?a=dlsongs&year=2021&month=12&day=27
2021,dlsongs,2021-12-22,20,ビートの惑星,モーニング娘。'21,https://www.billboard-japan.com/charts/detail?a=dlsongs&year=2021&month=12&day=27
2021,dlsongs,2021-12-22,21,SMILE〜晴れ渡る空のように〜,桑田佳祐,https://www.billboard-japan.com/charts/detail?a=dlsongs&year=2021&month=12&day=27
2021,dlsongs,2021-12-22,22,ラストシーン,菅田将暉,https://www.billboard-japan.com/charts/detail?a=dlsongs&year=2021&month=12&day=27
2021,dlsongs,2021-12-22,23,ENDWALKER,"祖堅正慶,THE PRIMALS",https://www.billboard-japan.com/charts/detail?a=dlsongs&year=2021&month=12&day=27
2021,dlsongs,2021-12-22,24,アルデバラン,AI,https://www.billboard-japan.com/charts/detail?a=dlsongs&year=2021&month=12&day=27
2021,dlsongs,2021-12-22,25,よしよししてほしいの,モーニング娘。'21,https://www.billboard-japan.com/charts/detail?a=dlsongs&year=2021&month=12&day=27
2021,dlsongs,2021-12-22,26,もしも命が描けたら,YOASOBI,https://www.billboard-japan.com/charts/detail?a=dlsongs&year=2021&month=12&day=27
2021,dlsongs,2021-12-22,27,こたえあわせ,JUJU,https://www.billboard-japan.com/charts/detail?a=dlsongs&year=2021&month=12&day=27
2021,dlsongs,2021-12-22,28,曖昧,WANIMA,https://www.billboard-japan.com/charts/detail?a=dlsongs&year=2021&month=12&day=27
2021,dlsongs,2021-12-22,29,水平線,back number,https://www.billboard-japan.com/charts/detail?a=dlsongs&year=2021&month=12&day=27
2021,dlsongs,2021-12-22,30,Cry Baby,Official髭男dism,https://www.billboard-japan.com/charts/detail?a=dlsongs&year=2021&month=12&day=27
2021,dlsongs,2021-12-22,31,モガケ!,手越祐也,https://www.billboard-japan.com/charts/detail?a=dlsongs&year=2021&month=12&day=27
2021,dlsongs,2021-12-22,32,Butter,BTS,https://www.billboard-japan.com/charts/detail?a=dlsongs&year=2021&month=12&day=27
2021,dlsongs,2021-12-22,33,SHINE,OMI,https://www.billboard-japan.com/charts/detail?a=dlsongs&year=2021&month=12&day=27
2021,dlsongs,2021-12-22,34,天使のクローバー,MORE MORE JUMP!,https://www.billboard-japan.com/charts/detail?a=dlsongs&year=2021&month=12&day=27
2021,dlsongs,2021-12-22,35,Promise,Da-iCE,https://www.billboard-japan.com/charts/detail?a=dlsongs&year=2021&month=12&day=27
2021,dlsongs,2021-12-22,36,BOY,King Gnu,https://www.billboard-japan.com/charts/detail?a=dlsongs&year=2021&month=12&day=27
2021,dlsongs,2021-12-22,37,ELEVEN,IVE,https://www.billboard-japan.com/charts/detail?a=dlsongs&year=2021&month=12&day=27
2021,dlsongs,2021-12-22,38,Color of Drops,MORE MORE JUMP!,https://www.billboard-japan.com/charts/detail?a=dlsongs&year=2021&month=12&day=27
2021,dlsongs,2021-12-22,39,Soulコブラツイスト〜魂の悶絶,桑田佳祐,https://www.billboard-japan.com/charts/detail?a=dlsongs&year=2021&month=12&day=27
2021,dlsongs,2021-12-22,40,アイノカタチ feat.HIDE(GReeeeN),MISIA,https://www.billboard-japan.com/charts/detail?a=dlsongs&year=2021&month=12&day=27
2021,dlsongs,2021-12-22,41,PERFECTLY-IMPERFECT,UNDEAD×紅月,https://www.billboard-japan.com/charts/detail?a=dlsongs&year=2021&month=12&day=27
2021,dlsongs,2021-12-22,42,歳月の轍,乃木坂46,https://www.billboard-japan.com/charts/detail?a=dlsongs&year=2021&month=12&day=27
2021,dlsongs,2021-12-22,43,踊,Ado,https://www.billboard-japan.com/charts/detail?a=dlsongs&year=2021&month=12&day=27
2021,dlsongs,2021-12-22,44,群青,YOASOBI,https://www.billboard-japan.com/charts/detail?a=dlsongs&year=2021&month=12&day=27
2021,dlsongs,2021-12-22,45,夜に駆ける,YOASOBI,https://www.billboard-japan.com/charts/detail?a=dlsongs&year=2021&month=12&day=27
2021,dlsongs,2021-12-22,46,Permission to Dance,BTS,https://www.billboard-japan.com/charts/detail?a=dlsongs&year=2021&month=12&day=27
2021,dlsongs,2021-12-22,47,Dynamite,BTS,https://www.billboard-japan.com/charts/detail?a=dlsongs&year=2021&month=12&day=27
2021,dlsongs,2021-12-22,48,Hcoin To The Moon,Miles Guo,https://www.billboard-japan.com/charts/detail?a=dlsongs&year=2021&month=12&day=27
2021,dlsongs,2021-12-22,49,踊り子,Vaundy,https://www.billboard-japan.com/charts/detail?a=dlsongs&year=2021&month=12&day=27
2021,dlsongs,2021-12-22,50,The Feels,TWICE,https://www.billboard-japan.com/charts/detail?a=dlsongs&year=2021&month=12&day=27
2021,dlsongs,2021-12-22,51,魔法の絨毯,川崎鷹也,https://www.billboard-japan.com/charts/detail?a=dlsongs&year=2021&month=12&day=27
2021,dlsongs,2021-12-22,52,クリスマス・イブ,山下達郎,https://www.billboard-japan.com/charts/detail?a=dlsongs&year=2021&month=12&day=27
2021,dlsongs,2021-12-22,53,恋人たちのクリスマス,マライア・キャリー,https://www.billboard-japan.com/charts/detail?a=dlsongs&year=2021&month=12&day=27
2021,dlsongs,2021-12-22,54,セカイ (feat. 星乃一歌&天馬司&宵崎奏&初音ミク),初音ミク、星乃一歌、天馬司、宵崎奏,https://www.billboard-japan.com/charts/detail?a=dlsongs&year=2021&month=12&day=27
2021,dlsongs,2021-12-22,55,炎,LiSA,https://www.billboard-japan.com/charts/detail?a=dlsongs&year=2021&month=12&day=27
2021,dlsongs,2021-12-22,56,ゆっくりと咲く花,乃木坂46,https://www.billboard-japan.com/charts/detail?a=dlsongs&year=2021&month=12&day=27
2021,dlsongs,2021-12-22,57,クリスマスソング,back number,https://www.billboard-japan.com/charts/detail?a=dlsongs&year=2021&month=12&day=27
2021,dlsongs,2021-12-22,58,Chopstick,NiziU,https://www.billboard-japan.com/charts/detail?a=dlsongs&year=2021&month=12&day=27
2021,dlsongs,2021-12-22,59,ガール・オブ・マイ・ドリームズ (feat. SUGA of BTS),ジュース・ワールド,https://www.billboard-japan.com/charts/detail?a=dlsongs&year=2021&month=12&day=27
2021,dlsongs,2021-12-22,60,Universe (Let's Play Ball),NCT U,https://www.billboard-japan.com/charts/detail?a=dlsongs&year=2021&month=12&day=27
2021,dlsongs,2021-12-22,61,Sprechchor,Roselia,https://www.billboard-japan.com/charts/detail?a=dlsongs&year=2021&month=12&day=27
2021,dlsongs,2021-12-22,62,猫,DISH//,https://www.billboard-japan.com/charts/detail?a=dlsongs&year=2021&month=12&day=27
2021,dlsongs,2021-12-22,63,Wherever you are,ONE OK ROCK,https://www.billboard-japan.com/charts/detail?a=dlsongs&year=2021&month=12&day=27
2021,dlsongs,2021-12-22,64,白い恋人達,桑田佳祐,https://www.billboard-japan.com/charts/detail?a=dlsongs&year=2021&month=12&day=27
2021,dlsongs,2021-12-22,65,閃光,[Alexandros],https://www.billboard-japan.com/charts/detail?a=dlsongs&year=2021&month=12&day=27
2021,dlsongs,2021-12-22,66,Keep Heart,Roselia,https://www.billboard-japan.com/charts/detail?a=dlsongs&year=2021&month=12&day=27
2021,dlsongs,2021-12-22,67,Remember Me,MAN WITH A MISSION,https://www.billboard-japan.com/charts/detail?a=dlsongs&year=2021&month=12&day=27
2021,dlsongs,2021-12-22,68,群青讃歌 (feat. 星乃一歌&花里みのり&小豆沢こはね&天馬司&宵崎奏&初音ミク),初音ミク、星乃一歌、花里みのり、小豆沢こはね、天馬司、宵崎奏,https://www.billboard-japan.com/charts/detail?a=dlsongs&year=2021&month=12&day=27
2021,dlsongs,2021-12-22,69,ステイ,ザ・キッド・ラロイxジャスティン・ビーバー,https://www.billboard-japan.com/charts/detail?a=dlsongs&year=2021&month=12&day=27
2021,dlsongs,2021-12-22,70,Hard to say,乃木坂46,https://www.billboard-japan.com/charts/detail?a=dlsongs&year=2021&month=12&day=27
2021,dlsongs,2021-12-22,71,Doughnut,TWICE,https://www.billboard-japan.com/charts/detail?a=dlsongs&year=2021&month=12&day=27
2021,dlsongs,2021-12-22,72,ミライチズ,夜のひと笑い,https://www.billboard-japan.com/charts/detail?a=dlsongs&year=2021&month=12&day=27
2021,dlsongs,2021-12-22,73,CITRUS,Da-iCE,https://www.billboard-japan.com/charts/detail?a=dlsongs&year=2021&month=12&day=27
2021,dlsongs,2021-12-22,74,ツバメ,YOASOBI with ミドリーズ,https://www.billboard-japan.com/charts/detail?a=dlsongs&year=2021&month=12&day=27
2021,dlsongs,2021-12-22,75,Original Call,Roselia,https://www.billboard-japan.com/charts/detail?a=dlsongs&year=2021&month=12&day=27
2021,dlsongs,2021-12-22,76,seeker,Novelbright,https://www.billboard-japan.com/charts/detail?a=dlsongs&year=2021&month=12&day=27
2021,dlsongs,2021-12-22,76,Mela!,緑黄色社会,https://www.billboard-japan.com/charts/detail?a=dlsongs&year=2021&month=12&day=27
2021,dlsongs,2021-12-22,78,虹,菅田将暉,https://www.billboard-japan.com/charts/detail?a=dlsongs&year=2021&month=12&day=27
2021,dlsongs,2021-12-22,79,きらり,藤井風,https://www.billboard-japan.com/charts/detail?a=dlsongs&year=2021&month=12&day=27
2021,dlsongs,2021-12-22,80,猫 〜THE FIRST TAKE ver.〜,DISH//,https://www.billboard-japan.com/charts/detail?a=dlsongs&year=2021&month=12&day=27
2021,dlsongs,2021-12-22,81,うっせぇわ,Ado,https://www.billboard-japan.com/charts/detail?a=dlsongs&year=2021&month=12&day=27
2021,dlsongs,2021-12-22,82,なんでもないよ、,マカロニえんぴつ,https://www.billboard-japan.com/charts/detail?a=dlsongs&year=2021&month=12&day=27
2021,dlsongs,2021-12-22,83,廻廻奇譚,Eve,https://www.billboard-japan.com/charts/detail?a=dlsongs&year=2021&month=12&day=27
2021,dlsongs,2021-12-22,84,ever since,SAYAKA,https://www.billboard-japan.com/charts/detail?a=dlsongs&year=2021&month=12&day=27
2021,dlsongs,2021-12-22,85,往け,LiSA,https://www.billboard-japan.com/charts/detail?a=dlsongs&year=2021&month=12&day=27
2021,dlsongs,2021-12-22,86,あなたからの卒業,乃木坂46,https://www.billboard-japan.com/charts/detail?a=dlsongs&year=2021&month=12&day=27
2021,dlsongs,2021-12-22,87,最後のTight Hug,乃木坂46,https://www.billboard-japan.com/charts/detail?a=dlsongs&year=2021&month=12&day=27
2021,dlsongs,2021-12-22,88,バーチャル・フリーダム,CAPSULE,https://www.billboard-japan.com/charts/detail?a=dlsongs&year=2021&month=12&day=27
2021,dlsongs,2021-12-22,89,Oz.,yama,https://www.billboard-japan.com/charts/detail?a=dlsongs&year=2021&month=12&day=27
2021,dlsongs,2021-12-22,90,ヨワネハキ,"MAISONdes feat.和ぬか, asmi",https://www.billboard-japan.com/charts/detail?a=dlsongs&year=2021&month=12&day=27
2021,dlsongs,2021-12-22,91,good,cat march,https://www.billboard-japan.com/charts/detail?a=dlsongs&year=2021&month=12&day=27
2021,dlsongs,2021-12-22,92,メリクリ,BoA,https://www.billboard-japan.com/charts/detail?a=dlsongs&year=2021&month=12&day=27
2021,dlsongs,2021-12-22,93,紅蓮華,LiSA,https://www.billboard-japan.com/charts/detail?a=dlsongs&year=2021&month=12&day=27
2021,dlsongs,2021-12-22,94,ギラギラ,Ado,https://www.billboard-japan.com/charts/detail?a=dlsongs&year=2021&month=12&day=27
2021,dlsongs,2021-12-22,95,プラトー,サカナクション,https://www.billboard-japan.com/charts/detail?a=dlsongs&year=2021&month=12&day=27
2021,dlsongs,2021-12-22,95,シャッター,優里,https://www.billboard-japan.com/charts/detail?a=dlsongs&year=2021&month=12&day=27
2021,dlsongs,2021-12-22,97,僕の生きがい,ヘッドフォンの中の世界,https://www.billboard-japan.com/charts/detail?a=dlsongs&year=2021&month=12&day=27
2021,dlsongs,2021-12-22,98,STONE OCEAN,ichigo from 岸田教団&THE明星ロケッツ,https://www.billboard-japan.com/charts/detail?a=dlsongs&year=2021&month=12&day=27
2021,dlsongs,2021-12-22,99,ラスト・クリスマス,ワム!,https://www.billboard-japan.com/charts/detail?a=dlsongs&year=2021&month=12&day=27
2021,dlsongs,2021-12-22,100,ワーワーワールド (feat. 花里みのり&小豆沢こはね&初音ミク),初音ミク、花里みのり、小豆沢こはね,https://www.billboard-japan.com/charts/detail?a=dlsongs&year=2021&month=12&day=27
2021,dlsongs,2021-12-29,1,逆夢,King Gnu,https://www.billboard-japan.com/charts/detail?a=dlsongs&year=2022&month=01&day=03
2021,dlsongs,2021-12-29,2,残響散歌,Aimer(エメ),https://www.billboard-japan.com/charts/detail?a=dlsongs&year=2022&month=01&day=03
2021,dlsongs,2021-12-29,3,一途,King Gnu,https://www.billboard-japan.com/charts/detail?a=dlsongs&year=2022&month=01&day=03
2021,dlsongs,2021-12-29,4,神様は死んだ、って,斑鳩ルカ(川口莉奈),https://www.billboard-japan.com/charts/detail?a=dlsongs&year=2022&month=01&day=03
2021,dlsongs,2021-12-29,5,liveDevil feat. 木村昴,Da-iCE,https://www.billboard-japan.com/charts/detail?a=dlsongs&year=2022&month=01&day=03
2021,dlsongs,2021-12-29,6,魔法の絨毯,川崎鷹也,https://www.billboard-japan.com/charts/detail?a=dlsongs&year=2022&month=01&day=03
2021,dlsongs,2021-12-29,7,ベテルギウス,優里,https://www.billboard-japan.com/charts/detail?a=dlsongs&year=2022&month=01&day=03
2021,dlsongs,2021-12-29,8,おもかげ (produced by Vaundy),milet & Aimer(エメ) & 幾田りら,https://www.billboard-japan.com/charts/detail?a=dlsongs&year=2022&month=01&day=03
2021,dlsongs,2021-12-29,9,ドライフラワー,優里,https://www.billboard-japan.com/charts/detail?a=dlsongs&year=2022&month=01&day=03
2021,dlsongs,2021-12-29,10,君に夢中,宇多田ヒカル,https://www.billboard-japan.com/charts/detail?a=dlsongs&year=2022&month=01&day=03
2021,dlsongs,2021-12-29,11,ハート,あいみょん,https://www.billboard-japan.com/charts/detail?a=dlsongs&year=2022&month=01&day=03
2021,dlsongs,2021-12-29,12,明け星,LiSA,https://www.billboard-japan.com/charts/detail?a=dlsongs&year=2022&month=01&day=03
2021,dlsongs,2021-12-29,13,SMILE〜晴れ渡る空のように〜,桑田佳祐,https://www.billboard-japan.com/charts/detail?a=dlsongs&year=2022&month=01&day=03
2021,dlsongs,2021-12-29,14,ever since,SAYAKA,https://www.billboard-japan.com/charts/detail?a=dlsongs&year=2022&month=01&day=03
2021,dlsongs,2021-12-29,15,阿修羅ちゃん,Ado,https://www.billboard-japan.com/charts/detail?a=dlsongs&year=2022&month=01&day=03
2021,dlsongs,2021-12-29,16,Soulコブラツイスト〜魂の悶絶,桑田佳祐,https://www.billboard-japan.com/charts/detail?a=dlsongs&year=2022&month=01&day=03
2021,dlsongs,2021-12-29,17,レッド・ソール,"桐生つかさ(河瀬茉希),三船美優(原田彩楓),星輝子(松田颯水),藤原肇(鈴木みのり)",https://www.billboard-japan.com/charts/detail?a=dlsongs&year=2022&month=01&day=03
2021,dlsongs,2021-12-29,18,水平線,back number,https://www.billboard-japan.com/charts/detail?a=dlsongs&year=2022&month=01&day=03
2021,dlsongs,2021-12-29,19,沈丁花,DISH//,https://www.billboard-japan.com/charts/detail?a=dlsongs&year=2022&month=01&day=03
2021,dlsongs,2021-12-29,20,踊,Ado,https://www.billboard-japan.com/charts/detail?a=dlsongs&year=2022&month=01&day=03
2021,dlsongs,2021-12-29,21,Mela!,緑黄色社会,https://www.billboard-japan.com/charts/detail?a=dlsongs&year=2022&month=01&day=03
2021,dlsongs,2021-12-29,22,白銀,LiSA,https://www.billboard-japan.com/charts/detail?a=dlsongs&year=2022&month=01&day=03
2021,dlsongs,2021-12-29,23,Paradox,MY FIRST STORY,https://www.billboard-japan.com/charts/detail?a=dlsongs&year=2022&month=01&day=03
2021,dlsongs,2021-12-29,24,VIRTUAL LOVE,EXILE×三代目 J SOUL BROTHERS from EXILE TRIBE,https://www.billboard-japan.com/charts/detail?a=dlsongs&year=2022&month=01&day=03
2021,dlsongs,2021-12-29,25,アルデバラン,AI,https://www.billboard-japan.com/charts/detail?a=dlsongs&year=2022&month=01&day=03
2021,dlsongs,2021-12-29,26,勿忘,Awesome City Club,https://www.billboard-japan.com/charts/detail?a=dlsongs&year=2022&month=01&day=03
2021,dlsongs,2021-12-29,27,Cry Baby,Official髭男dism,https://www.billboard-japan.com/charts/detail?a=dlsongs&year=2022&month=01&day=03
2021,dlsongs,2021-12-29,28,廻廻奇譚,Eve,https://www.billboard-japan.com/charts/detail?a=dlsongs&year=2022&month=01&day=03
2021,dlsongs,2021-12-29,29,Butter,BTS,https://www.billboard-japan.com/charts/detail?a=dlsongs&year=2022&month=01&day=03
2021,dlsongs,2021-12-29,30,Promise,Da-iCE,https://www.billboard-japan.com/charts/detail?a=dlsongs&year=2022&month=01&day=03
2021,dlsongs,2021-12-29,31,こたえあわせ,JUJU,https://www.billboard-japan.com/charts/detail?a=dlsongs&year=2022&month=01&day=03
2021,dlsongs,2021-12-29,32,EN,UVERworld,https://www.billboard-japan.com/charts/detail?a=dlsongs&year=2022&month=01&day=03
2021,dlsongs,2021-12-29,33,東京 - From THE FIRST TAKE,SUPER BEAVER feat.長屋晴子,https://www.billboard-japan.com/charts/detail?a=dlsongs&year=2022&month=01&day=03
2021,dlsongs,2021-12-29,34,クリスマス・イブ,山下達郎,https://www.billboard-japan.com/charts/detail?a=dlsongs&year=2022&month=01&day=03
2021,dlsongs,2021-12-29,35,BOY,King Gnu,https://www.billboard-japan.com/charts/detail?a=dlsongs&year=2022&month=01&day=03
2021,dlsongs,2021-12-29,36,恋人たちのクリスマス,マライア・キャリー,https://www.billboard-japan.com/charts/detail?a=dlsongs&year=2022&month=01&day=03
2021,dlsongs,2021-12-29,37,笑顔の君は太陽さ,佐藤優樹(モーニング娘。'21),https://www.billboard-japan.com/charts/detail?a=dlsongs&year=2022&month=01&day=03
2021,dlsongs,2021-12-29,38,あなたがいることで,Uru,https://www.billboard-japan.com/charts/detail?a=dlsongs&year=2022&month=01&day=03
2021,dlsongs,2021-12-29,39,プラスティック・ラブ,Juice=Juice,https://www.billboard-japan.com/charts/detail?a=dlsongs&year=2022&month=01&day=03
2021,dlsongs,2021-12-29,40,群青,YOASOBI,https://www.billboard-japan.com/charts/detail?a=dlsongs&year=2022&month=01&day=03
2021,dlsongs,2021-12-29,41,クリスマスソング,back number,https://www.billboard-japan.com/charts/detail?a=dlsongs&year=2022&month=01&day=03
2021,dlsongs,2021-12-29,42,Diary,SEKAI NO OWARI,https://www.billboard-japan.com/charts/detail?a=dlsongs&year=2022&month=01&day=03
2021,dlsongs,2021-12-29,43,ENDWALKER,"祖堅正慶,THE PRIMALS",https://www.billboard-japan.com/charts/detail?a=dlsongs&year=2022&month=01&day=03
2021,dlsongs,2021-12-29,44,虹,菅田将暉,https://www.billboard-japan.com/charts/detail?a=dlsongs&year=2022&month=01&day=03
2021,dlsongs,2021-12-29,45,Future Smile,Juice=Juice,https://www.billboard-japan.com/charts/detail?a=dlsongs&year=2022&month=01&day=03
2021,dlsongs,2021-12-29,46,Chopstick,NiziU,https://www.billboard-japan.com/charts/detail?a=dlsongs&year=2022&month=01&day=03
2021,dlsongs,2021-12-29,47,白い恋人達,桑田佳祐,https://www.billboard-japan.com/charts/detail?a=dlsongs&year=2022&month=01&day=03
2021,dlsongs,2021-12-29,48,愛を知るまでは,あいみょん,https://www.billboard-japan.com/charts/detail?a=dlsongs&year=2022&month=01&day=03
2021,dlsongs,2021-12-29,49,生まれてはじめて,"神田沙也加,松たか子",https://www.billboard-japan.com/charts/detail?a=dlsongs&year=2022&month=01&day=03
2021,dlsongs,2021-12-29,50,夜に駆ける,YOASOBI,https://www.billboard-japan.com/charts/detail?a=dlsongs&year=2022&month=01&day=03
2021,dlsongs,2021-12-29,51,BUTTOBI!,ももいろクローバーZ,https://www.billboard-japan.com/charts/detail?a=dlsongs&year=2022&month=01&day=03
2021,dlsongs,2021-12-29,52,踊り子,Vaundy,https://www.billboard-japan.com/charts/detail?a=dlsongs&year=2022&month=01&day=03
2021,dlsongs,2021-12-29,53,Dynamite,BTS,https://www.billboard-japan.com/charts/detail?a=dlsongs&year=2022&month=01&day=03
2021,dlsongs,2021-12-29,54,ELEVEN,IVE,https://www.billboard-japan.com/charts/detail?a=dlsongs&year=2022&month=01&day=03
2021,dlsongs,2021-12-29,55,アイノカタチ feat.HIDE(GReeeeN),MISIA,https://www.billboard-japan.com/charts/detail?a=dlsongs&year=2022&month=01&day=03
2021,dlsongs,2021-12-29,56,三原色,YOASOBI,https://www.billboard-japan.com/charts/detail?a=dlsongs&year=2022&month=01&day=03
2021,dlsongs,2021-12-29,57,もしも命が描けたら,YOASOBI,https://www.billboard-japan.com/charts/detail?a=dlsongs&year=2022&month=01&day=03
2021,dlsongs,2021-12-29,58,Drei Kreuz〜鋼のサバイバー〜,JAM Project,https://www.billboard-japan.com/charts/detail?a=dlsongs&year=2022&month=01&day=03
2021,dlsongs,2021-12-29,59,怪物,YOASOBI,https://www.billboard-japan.com/charts/detail?a=dlsongs&year=2022&month=01&day=03
2021,dlsongs,2021-12-29,60,ラストシーン,菅田将暉,https://www.billboard-japan.com/charts/detail?a=dlsongs&year=2022&month=01&day=03
2021,dlsongs,2021-12-29,61,幽霊東京,Ayase,https://www.billboard-japan.com/charts/detail?a=dlsongs&year=2022&month=01&day=03
2021,dlsongs,2021-12-29,62,The Feels,TWICE,https://www.billboard-japan.com/charts/detail?a=dlsongs&year=2022&month=01&day=03
2021,dlsongs,2021-12-29,63,Permission to Dance,BTS,https://www.billboard-japan.com/charts/detail?a=dlsongs&year=2022&month=01&day=03
2021,dlsongs,2021-12-29,64,炎,LiSA,https://www.billboard-japan.com/charts/detail?a=dlsongs&year=2022&month=01&day=03
2021,dlsongs,2021-12-29,65,Familia,Juice=Juice,https://www.billboard-japan.com/charts/detail?a=dlsongs&year=2022&month=01&day=03
2021,dlsongs,2021-12-29,66,花束のかわりにメロディーを,清水翔太,https://www.billboard-japan.com/charts/detail?a=dlsongs&year=2022&month=01&day=03
2021,dlsongs,2021-12-29,67,Brighter,INI,https://www.billboard-japan.com/charts/detail?a=dlsongs&year=2022&month=01&day=03
2021,dlsongs,2021-12-29,68,猫,DISH//,https://www.billboard-japan.com/charts/detail?a=dlsongs&year=2022&month=01&day=03
2021,dlsongs,2021-12-29,69,メリクリ,BoA,https://www.billboard-japan.com/charts/detail?a=dlsongs&year=2022&month=01&day=03
2021,dlsongs,2021-12-29,70,きらり,藤井風,https://www.billboard-japan.com/charts/detail?a=dlsongs&year=2022&month=01&day=03
2021,dlsongs,2021-12-29,71,雲外憧憬,FantasticYouth,https://www.billboard-japan.com/charts/detail?a=dlsongs&year=2022&month=01&day=03
2021,dlsongs,2021-12-29,72,How are you,INI,https://www.billboard-japan.com/charts/detail?a=dlsongs&year=2022&month=01&day=03
2021,dlsongs,2021-12-29,73,HEATS 2021,影山ヒロノブ,https://www.billboard-japan.com/charts/detail?a=dlsongs&year=2022&month=01&day=03
2021,dlsongs,2021-12-29,74,プロローグ,Uru,https://www.billboard-japan.com/charts/detail?a=dlsongs&year=2022&month=01&day=03
2021,dlsongs,2021-12-29,74,Red Breeze,水樹奈々,https://www.billboard-japan.com/charts/detail?a=dlsongs&year=2022&month=01&day=03
2021,dlsongs,2021-12-29,76,ステイ,ザ・キッド・ラロイxジャスティン・ビーバー,https://www.billboard-japan.com/charts/detail?a=dlsongs&year=2022&month=01&day=03
2021,dlsongs,2021-12-29,77,ONE AND LAST,Aimer(エメ),https://www.billboard-japan.com/charts/detail?a=dlsongs&year=2022&month=01&day=03
2021,dlsongs,2021-12-29,78,北斗七星,ビッケブランカ,https://www.billboard-japan.com/charts/detail?a=dlsongs&year=2022&month=01&day=03
2021,dlsongs,2021-12-29,79,ラスト・クリスマス,ワム!,https://www.billboard-japan.com/charts/detail?a=dlsongs&year=2022&month=01&day=03
2021,dlsongs,2021-12-29,80,Love Song,Uru,https://www.billboard-japan.com/charts/detail?a=dlsongs&year=2022&month=01&day=03
2021,dlsongs,2021-12-29,81,うっせぇわ,Ado,https://www.billboard-japan.com/charts/detail?a=dlsongs&year=2022&month=01&day=03
2021,dlsongs,2021-12-29,82,裸の心,あいみょん,https://www.billboard-japan.com/charts/detail?a=dlsongs&year=2022&month=01&day=03
2021,dlsongs,2021-12-29,83,月曜日、けやきの下で feat.北山たけし,寺西優真,https://www.billboard-japan.com/charts/detail?a=dlsongs&year=2022&month=01&day=03
2021,dlsongs,2021-12-29,84,Wherever you are,ONE OK ROCK,https://www.billboard-japan.com/charts/detail?a=dlsongs&year=2022&month=01&day=03
2021,dlsongs,2021-12-29,85,Teenage Solution,モーニング娘。'21,https://www.billboard-japan.com/charts/detail?a=dlsongs&year=2022&month=01&day=03
2021,dlsongs,2021-12-29,86,CITRUS,Da-iCE,https://www.billboard-japan.com/charts/detail?a=dlsongs&year=2022&month=01&day=03
2021,dlsongs,2021-12-29,87,原罪と福音,東京事変,https://www.billboard-japan.com/charts/detail?a=dlsongs&year=2022&month=01&day=03
2021,dlsongs,2021-12-29,88,なんでもないよ、,マカロニえんぴつ,https://www.billboard-japan.com/charts/detail?a=dlsongs&year=2022&month=01&day=03
2021,dlsongs,2021-12-29,89,僕らの季節,JO1,https://www.billboard-japan.com/charts/detail?a=dlsongs&year=2022&month=01&day=03
2021,dlsongs,2021-12-29,90,カイト,嵐,https://www.billboard-japan.com/charts/detail?a=dlsongs&year=2022&month=01&day=03
2021,dlsongs,2021-12-29,91,AVALANCHE,UVERworld,https://www.billboard-japan.com/charts/detail?a=dlsongs&year=2022&month=01&day=03
2021,dlsongs,2021-12-29,92,silent,SEKAI NO OWARI,https://www.billboard-japan.com/charts/detail?a=dlsongs&year=2022&month=01&day=03
2021,dlsongs,2021-12-29,93,ヒロイン,back number,https://www.billboard-japan.com/charts/detail?a=dlsongs&year=2022&month=01&day=03
2021,dlsongs,2021-12-29,94,"Winter,again - From THE FIRST TAKE",GLAY,https://www.billboard-japan.com/charts/detail?a=dlsongs&year=2022&month=01&day=03
2021,dlsongs,2021-12-29,95,ハッピー・クリスマス(戦争は終った),ジョン・レノン,https://www.billboard-japan.com/charts/detail?a=dlsongs&year=2022&month=01&day=03
2021,dlsongs,2021-12-29,96,I Believe,EXILE TAKAHIRO,https://www.billboard-japan.com/charts/detail?a=dlsongs&year=2022&month=01&day=03
2021,dlsongs,2021-12-29,97,Dreams Come True,aespa,https://www.billboard-japan.com/charts/detail?a=dlsongs&year=2022&month=01&day=03
2021,dlsongs,2021-12-29,98,白日,King Gnu,https://www.billboard-japan.com/charts/detail?a=dlsongs&year=2022&month=01&day=03
2021,dlsongs,2021-12-29,99,再会 (produced by Ayase),LiSA × Uru,https://www.billboard-japan.com/charts/detail?a=dlsongs&year=2022&month=01&day=03
2021,dlsongs,2021-12-29,100,ミライチズ,夜のひと笑い,https://www.billboard-japan.com/charts/detail?a=dlsongs&year=2022&month=01&day=03
2021,dlsongs,2021-12-29,100,粉雪,レミオロメン,https://www.billboard-japan.com/charts/detail?a=dlsongs&year=2022&month=01&day=03
