chart_year,chart_code,chart_date,rank,title,artist,source_url
2026,stsongs,2026-01-07,1,IRIS OUT,米津玄師,https://www.billboard-japan.com/charts/detail?a=stsongs&year=2026&month=01&day=12
2026,stsongs,2026-01-07,2,Blue Jeans,HANA,https://www.billboard-japan.com/charts/detail?a=stsongs&year=2026&month=01&day=12
2026,stsongs,2026-01-07,3,ライラック,Mrs.GREEN APPLE,https://www.billboard-japan.com/charts/detail?a=stsongs&year=2026&month=01&day=12
2026,stsongs,2026-01-07,4,ROSE,HANA,https://www.billboard-japan.com/charts/detail?a=stsongs&year=2026&month=01&day=12
2026,stsongs,2026-01-07,5,好きすぎて滅!,M!LK,https://www.billboard-japan.com/charts/detail?a=stsongs&year=2026&month=01&day=12
2026,stsongs,2026-01-07,6,ダーリン,Mrs.GREEN APPLE,https://www.billboard-japan.com/charts/detail?a=stsongs&year=2026&month=01&day=12
2026,stsongs,2026-01-07,7,夢中,BE:FIRST,https://www.billboard-japan.com/charts/detail?a=stsongs&year=2026&month=01&day=12
2026,stsongs,2026-01-07,8,カリスマックス,Snow Man,https://www.billboard-japan.com/charts/detail?a=stsongs&year=2026&month=01&day=12
2026,stsongs,2026-01-07,9,革命道中,アイナ・ジ・エンド,https://www.billboard-japan.com/charts/detail?a=stsongs&year=2026&month=01&day=12
2026,stsongs,2026-01-07,10,NON STOP,HANA,https://www.billboard-japan.com/charts/detail?a=stsongs&year=2026&month=01&day=12
2026,stsongs,2026-01-07,11,JANE DOE,"米津玄師, 宇多田ヒカル",https://www.billboard-japan.com/charts/detail?a=stsongs&year=2026&month=01&day=12
2026,stsongs,2026-01-07,12,Soranji,Mrs.GREEN APPLE,https://www.billboard-japan.com/charts/detail?a=stsongs&year=2026&month=01&day=12
2026,stsongs,2026-01-07,13,Theater,King & Prince,https://www.billboard-japan.com/charts/detail?a=stsongs&year=2026&month=01&day=12
2026,stsongs,2026-01-07,14,怪獣,サカナクション,https://www.billboard-japan.com/charts/detail?a=stsongs&year=2026&month=01&day=12
2026,stsongs,2026-01-07,15,ケセラセラ,Mrs.GREEN APPLE,https://www.billboard-japan.com/charts/detail?a=stsongs&year=2026&month=01&day=12
2026,stsongs,2026-01-07,16,Golden,HUNTR/X,https://www.billboard-japan.com/charts/detail?a=stsongs&year=2026&month=01&day=12
2026,stsongs,2026-01-07,17,クスシキ,Mrs.GREEN APPLE,https://www.billboard-japan.com/charts/detail?a=stsongs&year=2026&month=01&day=12
2026,stsongs,2026-01-07,18,ブルーアンバー,back number,https://www.billboard-japan.com/charts/detail?a=stsongs&year=2026&month=01&day=12
2026,stsongs,2026-01-07,19,GOOD DAY,Mrs.GREEN APPLE,https://www.billboard-japan.com/charts/detail?a=stsongs&year=2026&month=01&day=12
2026,stsongs,2026-01-07,20,My Body,HANA,https://www.billboard-japan.com/charts/detail?a=stsongs&year=2026&month=01&day=12
2026,stsongs,2026-01-07,21,ヒロイン,back number,https://www.billboard-japan.com/charts/detail?a=stsongs&year=2026&month=01&day=12
2026,stsongs,2026-01-07,22,ズー,シャキーラ,https://www.billboard-japan.com/charts/detail?a=stsongs&year=2026&month=01&day=12
2026,stsongs,2026-01-07,23,点描の唄 feat.井上苑子,Mrs.GREEN APPLE,https://www.billboard-japan.com/charts/detail?a=stsongs&year=2026&month=01&day=12
2026,stsongs,2026-01-07,24,怪獣の花唄,Vaundy,https://www.billboard-japan.com/charts/detail?a=stsongs&year=2026&month=01&day=12
2026,stsongs,2026-01-07,25,とくべチュ、して,=LOVE,https://www.billboard-japan.com/charts/detail?a=stsongs&year=2026&month=01&day=12
2026,stsongs,2026-01-07,26,青と夏,Mrs.GREEN APPLE,https://www.billboard-japan.com/charts/detail?a=stsongs&year=2026&month=01&day=12
2026,stsongs,2026-01-07,27,花束,back number,https://www.billboard-japan.com/charts/detail?a=stsongs&year=2026&month=01&day=12
2026,stsongs,2026-01-07,28,高嶺の花子さん,back number,https://www.billboard-japan.com/charts/detail?a=stsongs&year=2026&month=01&day=12
2026,stsongs,2026-01-07,29,Tiger,HANA,https://www.billboard-japan.com/charts/detail?a=stsongs&year=2026&month=01&day=12
2026,stsongs,2026-01-07,30,シルエット,KANA-BOON,https://www.billboard-japan.com/charts/detail?a=stsongs&year=2026&month=01&day=12
2026,stsongs,2026-01-07,31,僕のこと,Mrs.GREEN APPLE,https://www.billboard-japan.com/charts/detail?a=stsongs&year=2026&month=01&day=12
2026,stsongs,2026-01-07,32,ハッピーエンド,back number,https://www.billboard-japan.com/charts/detail?a=stsongs&year=2026&month=01&day=12
2026,stsongs,2026-01-07,33,Drop,HANA,https://www.billboard-japan.com/charts/detail?a=stsongs&year=2026&month=01&day=12
2026,stsongs,2026-01-07,34,クリスマスソング,back number,https://www.billboard-japan.com/charts/detail?a=stsongs&year=2026&month=01&day=12
2026,stsongs,2026-01-07,35,恋風,幾田りら,https://www.billboard-japan.com/charts/detail?a=stsongs&year=2026&month=01&day=12
2026,stsongs,2026-01-07,36,BAD LOVE,HANA,https://www.billboard-japan.com/charts/detail?a=stsongs&year=2026&month=01&day=12
2026,stsongs,2026-01-07,37,水平線,back number,https://www.billboard-japan.com/charts/detail?a=stsongs&year=2026&month=01&day=12
2026,stsongs,2026-01-07,38,倍倍FIGHT!,CANDY TUNE,https://www.billboard-japan.com/charts/detail?a=stsongs&year=2026&month=01&day=12
2026,stsongs,2026-01-07,39,ファンファーレ,玉置浩二,https://www.billboard-japan.com/charts/detail?a=stsongs&year=2026&month=01&day=12
2026,stsongs,2026-01-07,40,ダンスホール,Mrs.GREEN APPLE,https://www.billboard-japan.com/charts/detail?a=stsongs&year=2026&month=01&day=12
2026,stsongs,2026-01-07,41,アゲハ蝶,ポルノグラフィティ,https://www.billboard-japan.com/charts/detail?a=stsongs&year=2026&month=01&day=12
2026,stsongs,2026-01-07,42,Burning Flower,HANA,https://www.billboard-japan.com/charts/detail?a=stsongs&year=2026&month=01&day=12
2026,stsongs,2026-01-07,43,SAD SONG,ちゃんみな,https://www.billboard-japan.com/charts/detail?a=stsongs&year=2026&month=01&day=12
2026,stsongs,2026-01-07,44,HAPPY BIRTHDAY,back number,https://www.billboard-japan.com/charts/detail?a=stsongs&year=2026&month=01&day=12
2026,stsongs,2026-01-07,45,イイじゃん,M!LK,https://www.billboard-japan.com/charts/detail?a=stsongs&year=2026&month=01&day=12
2026,stsongs,2026-01-07,46,幾億光年,Omoinotake,https://www.billboard-japan.com/charts/detail?a=stsongs&year=2026&month=01&day=12
2026,stsongs,2026-01-07,47,街灯,BE:FIRST,https://www.billboard-japan.com/charts/detail?a=stsongs&year=2026&month=01&day=12
2026,stsongs,2026-01-07,48,プロポーズ,なとり,https://www.billboard-japan.com/charts/detail?a=stsongs&year=2026&month=01&day=12
2026,stsongs,2026-01-07,49,インフェルノ,Mrs.GREEN APPLE,https://www.billboard-japan.com/charts/detail?a=stsongs&year=2026&month=01&day=12
2026,stsongs,2026-01-07,50,Magic,Mrs.GREEN APPLE,https://www.billboard-japan.com/charts/detail?a=stsongs&year=2026&month=01&day=12
2026,stsongs,2026-01-07,51,Subtitle,Official髭男dism,https://www.billboard-japan.com/charts/detail?a=stsongs&year=2026&month=01&day=12
2026,stsongs,2026-01-07,52,ハレンチ,ちゃんみな,https://www.billboard-japan.com/charts/detail?a=stsongs&year=2026&month=01&day=12
2026,stsongs,2026-01-07,53,breakfast,Mrs.GREEN APPLE,https://www.billboard-japan.com/charts/detail?a=stsongs&year=2026&month=01&day=12
2026,stsongs,2026-01-07,54,どうしてもどうしても,back number,https://www.billboard-japan.com/charts/detail?a=stsongs&year=2026&month=01&day=12
2026,stsongs,2026-01-07,55,KICK BACK,米津玄師,https://www.billboard-japan.com/charts/detail?a=stsongs&year=2026&month=01&day=12
2026,stsongs,2026-01-07,56,Lemon,米津玄師,https://www.billboard-japan.com/charts/detail?a=stsongs&year=2026&month=01&day=12
2026,stsongs,2026-01-07,57,1991,米津玄師,https://www.billboard-japan.com/charts/detail?a=stsongs&year=2026&month=01&day=12
2026,stsongs,2026-01-07,58,呼び声,Vaundy,https://www.billboard-japan.com/charts/detail?a=stsongs&year=2026&month=01&day=12
2026,stsongs,2026-01-07,59,マリーゴールド,あいみょん,https://www.billboard-japan.com/charts/detail?a=stsongs&year=2026&month=01&day=12
2026,stsongs,2026-01-07,60,Almond Chocolate,ILLIT,https://www.billboard-japan.com/charts/detail?a=stsongs&year=2026&month=01&day=12
2026,stsongs,2026-01-07,61,希望の丘,King & Prince,https://www.billboard-japan.com/charts/detail?a=stsongs&year=2026&month=01&day=12
2026,stsongs,2026-01-07,62,Make Me Wonder,Official髭男dism,https://www.billboard-japan.com/charts/detail?a=stsongs&year=2026&month=01&day=12
2026,stsongs,2026-01-07,63,ラブソングに襲われる,=LOVE,https://www.billboard-japan.com/charts/detail?a=stsongs&year=2026&month=01&day=12
2026,stsongs,2026-01-07,64,Never Grow Up,ちゃんみな,https://www.billboard-japan.com/charts/detail?a=stsongs&year=2026&month=01&day=12
2026,stsongs,2026-01-07,65,Don't Say You Love Me,JIN,https://www.billboard-japan.com/charts/detail?a=stsongs&year=2026&month=01&day=12
2026,stsongs,2026-01-07,66,ビターバカンス,Mrs.GREEN APPLE,https://www.billboard-japan.com/charts/detail?a=stsongs&year=2026&month=01&day=12
2026,stsongs,2026-01-07,67,Pretender,Official髭男dism,https://www.billboard-japan.com/charts/detail?a=stsongs&year=2026&month=01&day=12
2026,stsongs,2026-01-07,68,Plazma,米津玄師,https://www.billboard-japan.com/charts/detail?a=stsongs&year=2026&month=01&day=12
2026,stsongs,2026-01-07,69,新宝島,サカナクション,https://www.billboard-japan.com/charts/detail?a=stsongs&year=2026&month=01&day=12
2026,stsongs,2026-01-07,70,Bling-Bang-Bang-Born,Creepy Nuts,https://www.billboard-japan.com/charts/detail?a=stsongs&year=2026&month=01&day=12
2026,stsongs,2026-01-07,71,らしさ,Official髭男dism,https://www.billboard-japan.com/charts/detail?a=stsongs&year=2026&month=01&day=12
2026,stsongs,2026-01-07,72,晩餐歌,tuki.,https://www.billboard-japan.com/charts/detail?a=stsongs&year=2026&month=01&day=12
2026,stsongs,2026-01-07,73,楓,スピッツ,https://www.billboard-japan.com/charts/detail?a=stsongs&year=2026&month=01&day=12
2026,stsongs,2026-01-07,74,アイラブユー,back number,https://www.billboard-japan.com/charts/detail?a=stsongs&year=2026&month=01&day=12
2026,stsongs,2026-01-07,75,きらり,藤井風,https://www.billboard-japan.com/charts/detail?a=stsongs&year=2026&month=01&day=12
2026,stsongs,2026-01-07,76,織姫とBABY feat. 汐れいら,ねぐせ。,https://www.billboard-japan.com/charts/detail?a=stsongs&year=2026&month=01&day=12
2026,stsongs,2026-01-07,77,コロンブス,Mrs.GREEN APPLE,https://www.billboard-japan.com/charts/detail?a=stsongs&year=2026&month=01&day=12
2026,stsongs,2026-01-07,78,瞬き,back number,https://www.billboard-japan.com/charts/detail?a=stsongs&year=2026&month=01&day=12
2026,stsongs,2026-01-07,79,恋,back number,https://www.billboard-japan.com/charts/detail?a=stsongs&year=2026&month=01&day=12
2026,stsongs,2026-01-07,80,はちゃめちゃわちゃライフ!,FRUITS ZIPPER,https://www.billboard-japan.com/charts/detail?a=stsongs&year=2026&month=01&day=12
2026,stsongs,2026-01-07,81,天国,Mrs.GREEN APPLE,https://www.billboard-japan.com/charts/detail?a=stsongs&year=2026&month=01&day=12
2026,stsongs,2026-01-07,82,LAVALAVA,Number_i,https://www.billboard-japan.com/charts/detail?a=stsongs&year=2026&month=01&day=12
2026,stsongs,2026-01-07,83,APT.,ロゼ & ブルーノ・マーズ,https://www.billboard-japan.com/charts/detail?a=stsongs&year=2026&month=01&day=12
2026,stsongs,2026-01-07,84,オールドファッション,back number,https://www.billboard-japan.com/charts/detail?a=stsongs&year=2026&month=01&day=12
2026,stsongs,2026-01-07,85,StaRt,Mrs.GREEN APPLE,https://www.billboard-japan.com/charts/detail?a=stsongs&year=2026&month=01&day=12
2026,stsongs,2026-01-07,86,アイドル,YOASOBI,https://www.billboard-japan.com/charts/detail?a=stsongs&year=2026&month=01&day=12
2026,stsongs,2026-01-07,87,満ちてゆく,藤井風,https://www.billboard-japan.com/charts/detail?a=stsongs&year=2026&month=01&day=12
2026,stsongs,2026-01-07,88,さよーならまたいつか！,米津玄師,https://www.billboard-japan.com/charts/detail?a=stsongs&year=2026&month=01&day=12
2026,stsongs,2026-01-07,89,かわいいだけじゃだめですか?,CUTIE STREET,https://www.billboard-japan.com/charts/detail?a=stsongs&year=2026&month=01&day=12
2026,stsongs,2026-01-07,90,me me she,RADWIMPS,https://www.billboard-japan.com/charts/detail?a=stsongs&year=2026&month=01&day=12
2026,stsongs,2026-01-07,91,ドライフラワー,優里,https://www.billboard-japan.com/charts/detail?a=stsongs&year=2026&month=01&day=12
2026,stsongs,2026-01-07,92,恋人ごっこ,マカロニえんぴつ,https://www.billboard-japan.com/charts/detail?a=stsongs&year=2026&month=01&day=12
2026,stsongs,2026-01-07,93,GOD_i,Number_i,https://www.billboard-japan.com/charts/detail?a=stsongs&year=2026&month=01&day=12
2026,stsongs,2026-01-07,94,PUZZLE,清水翔太,https://www.billboard-japan.com/charts/detail?a=stsongs&year=2026&month=01&day=12
2026,stsongs,2026-01-07,95,怪盗,back number,https://www.billboard-japan.com/charts/detail?a=stsongs&year=2026&month=01&day=12
2026,stsongs,2026-01-07,96,ロマンチシズム,Mrs.GREEN APPLE,https://www.billboard-japan.com/charts/detail?a=stsongs&year=2026&month=01&day=12
2026,stsongs,2026-01-07,97,I,BUMP OF CHICKEN,https://www.billboard-japan.com/charts/detail?a=stsongs&year=2026&month=01&day=12
2026,stsongs,2026-01-07,98,familie,Mrs.GREEN APPLE,https://www.billboard-japan.com/charts/detail?a=stsongs&year=2026&month=01&day=12
2026,stsongs,2026-01-07,99,愛のかたまり,KinKi Kids,https://www.billboard-japan.com/charts/detail?a=stsongs&year=2026&month=01&day=12
2026,stsongs,2026-01-07,100,Tokimeki,Vaundy,https://www.billboard-japan.com/charts/detail?a=stsongs&year=2026&month=01&day=12
2026,stsongs,2026-01-14,1,IRIS OUT,米津玄師,https://www.billboard-japan.com/charts/detail?a=stsongs&year=2026&month=01&day=19
2026,stsongs,2026-01-14,2,Blue Jeans,HANA,https://www.billboard-japan.com/charts/detail?a=stsongs&year=2026&month=01&day=19
2026,stsongs,2026-01-14,3,ROSE,HANA,https://www.billboard-japan.com/charts/detail?a=stsongs&year=2026&month=01&day=19
2026,stsongs,2026-01-14,4,好きすぎて滅!,M!LK,https://www.billboard-japan.com/charts/detail?a=stsongs&year=2026&month=01&day=19
2026,stsongs,2026-01-14,5,革命道中,アイナ・ジ・エンド,https://www.billboard-japan.com/charts/detail?a=stsongs&year=2026&month=01&day=19
2026,stsongs,2026-01-14,6,ライラック,Mrs.GREEN APPLE,https://www.billboard-japan.com/charts/detail?a=stsongs&year=2026&month=01&day=19
2026,stsongs,2026-01-14,7,ダーリン,Mrs.GREEN APPLE,https://www.billboard-japan.com/charts/detail?a=stsongs&year=2026&month=01&day=19
2026,stsongs,2026-01-14,8,夢中,BE:FIRST,https://www.billboard-japan.com/charts/detail?a=stsongs&year=2026&month=01&day=19
2026,stsongs,2026-01-14,9,NON STOP,HANA,https://www.billboard-japan.com/charts/detail?a=stsongs&year=2026&month=01&day=19
2026,stsongs,2026-01-14,10,カリスマックス,Snow Man,https://www.billboard-japan.com/charts/detail?a=stsongs&year=2026&month=01&day=19
2026,stsongs,2026-01-14,11,JANE DOE,"米津玄師, 宇多田ヒカル",https://www.billboard-japan.com/charts/detail?a=stsongs&year=2026&month=01&day=19
2026,stsongs,2026-01-14,12,怪獣,サカナクション,https://www.billboard-japan.com/charts/detail?a=stsongs&year=2026&month=01&day=19
2026,stsongs,2026-01-14,13,AIZO,King Gnu,https://www.billboard-japan.com/charts/detail?a=stsongs&year=2026&month=01&day=19
2026,stsongs,2026-01-14,14,GOOD DAY,Mrs.GREEN APPLE,https://www.billboard-japan.com/charts/detail?a=stsongs&year=2026&month=01&day=19
2026,stsongs,2026-01-14,15,Soranji,Mrs.GREEN APPLE,https://www.billboard-japan.com/charts/detail?a=stsongs&year=2026&month=01&day=19
2026,stsongs,2026-01-14,16,Theater,King & Prince,https://www.billboard-japan.com/charts/detail?a=stsongs&year=2026&month=01&day=19
2026,stsongs,2026-01-14,17,My Body,HANA,https://www.billboard-japan.com/charts/detail?a=stsongs&year=2026&month=01&day=19
2026,stsongs,2026-01-14,18,Tiger,HANA,https://www.billboard-japan.com/charts/detail?a=stsongs&year=2026&month=01&day=19
2026,stsongs,2026-01-14,19,Golden,HUNTR/X,https://www.billboard-japan.com/charts/detail?a=stsongs&year=2026&month=01&day=19
2026,stsongs,2026-01-14,20,SAD SONG,ちゃんみな,https://www.billboard-japan.com/charts/detail?a=stsongs&year=2026&month=01&day=19
2026,stsongs,2026-01-14,21,ブルーアンバー,back number,https://www.billboard-japan.com/charts/detail?a=stsongs&year=2026&month=01&day=19
2026,stsongs,2026-01-14,22,ケセラセラ,Mrs.GREEN APPLE,https://www.billboard-japan.com/charts/detail?a=stsongs&year=2026&month=01&day=19
2026,stsongs,2026-01-14,23,とくべチュ、して,=LOVE,https://www.billboard-japan.com/charts/detail?a=stsongs&year=2026&month=01&day=19
2026,stsongs,2026-01-14,24,クスシキ,Mrs.GREEN APPLE,https://www.billboard-japan.com/charts/detail?a=stsongs&year=2026&month=01&day=19
2026,stsongs,2026-01-14,25,Drop,HANA,https://www.billboard-japan.com/charts/detail?a=stsongs&year=2026&month=01&day=19
2026,stsongs,2026-01-14,26,ズー,シャキーラ,https://www.billboard-japan.com/charts/detail?a=stsongs&year=2026&month=01&day=19
2026,stsongs,2026-01-14,27,ファンファーレ,玉置浩二,https://www.billboard-japan.com/charts/detail?a=stsongs&year=2026&month=01&day=19
2026,stsongs,2026-01-14,28,ヒロイン,back number,https://www.billboard-japan.com/charts/detail?a=stsongs&year=2026&month=01&day=19
2026,stsongs,2026-01-14,29,恋風,幾田りら,https://www.billboard-japan.com/charts/detail?a=stsongs&year=2026&month=01&day=19
2026,stsongs,2026-01-14,30,BAD LOVE,HANA,https://www.billboard-japan.com/charts/detail?a=stsongs&year=2026&month=01&day=19
2026,stsongs,2026-01-14,31,点描の唄 feat.井上苑子,Mrs.GREEN APPLE,https://www.billboard-japan.com/charts/detail?a=stsongs&year=2026&month=01&day=19
2026,stsongs,2026-01-14,32,僕のこと,Mrs.GREEN APPLE,https://www.billboard-japan.com/charts/detail?a=stsongs&year=2026&month=01&day=19
2026,stsongs,2026-01-14,33,怪獣の花唄,Vaundy,https://www.billboard-japan.com/charts/detail?a=stsongs&year=2026&month=01&day=19
2026,stsongs,2026-01-14,34,高嶺の花子さん,back number,https://www.billboard-japan.com/charts/detail?a=stsongs&year=2026&month=01&day=19
2026,stsongs,2026-01-14,35,花束,back number,https://www.billboard-japan.com/charts/detail?a=stsongs&year=2026&month=01&day=19
2026,stsongs,2026-01-14,36,青と夏,Mrs.GREEN APPLE,https://www.billboard-japan.com/charts/detail?a=stsongs&year=2026&month=01&day=19
2026,stsongs,2026-01-14,37,ハッピーエンド,back number,https://www.billboard-japan.com/charts/detail?a=stsongs&year=2026&month=01&day=19
2026,stsongs,2026-01-14,38,Burning Flower,HANA,https://www.billboard-japan.com/charts/detail?a=stsongs&year=2026&month=01&day=19
2026,stsongs,2026-01-14,39,シルエット,KANA-BOON,https://www.billboard-japan.com/charts/detail?a=stsongs&year=2026&month=01&day=19
2026,stsongs,2026-01-14,40,倍倍FIGHT!,CANDY TUNE,https://www.billboard-japan.com/charts/detail?a=stsongs&year=2026&month=01&day=19
2026,stsongs,2026-01-14,41,水平線,back number,https://www.billboard-japan.com/charts/detail?a=stsongs&year=2026&month=01&day=19
2026,stsongs,2026-01-14,42,ハレンチ,ちゃんみな,https://www.billboard-japan.com/charts/detail?a=stsongs&year=2026&month=01&day=19
2026,stsongs,2026-01-14,43,ダンスホール,Mrs.GREEN APPLE,https://www.billboard-japan.com/charts/detail?a=stsongs&year=2026&month=01&day=19
2026,stsongs,2026-01-14,44,どうしてもどうしても,back number,https://www.billboard-japan.com/charts/detail?a=stsongs&year=2026&month=01&day=19
2026,stsongs,2026-01-14,45,イイじゃん,M!LK,https://www.billboard-japan.com/charts/detail?a=stsongs&year=2026&month=01&day=19
2026,stsongs,2026-01-14,46,HAPPY BIRTHDAY,back number,https://www.billboard-japan.com/charts/detail?a=stsongs&year=2026&month=01&day=19
2026,stsongs,2026-01-14,47,アゲハ蝶,ポルノグラフィティ,https://www.billboard-japan.com/charts/detail?a=stsongs&year=2026&month=01&day=19
2026,stsongs,2026-01-14,48,クリフハンガー,日向坂46,https://www.billboard-japan.com/charts/detail?a=stsongs&year=2026&month=01&day=19
2026,stsongs,2026-01-14,49,クリスマスソング,back number,https://www.billboard-japan.com/charts/detail?a=stsongs&year=2026&month=01&day=19
2026,stsongs,2026-01-14,50,My respect,乃木坂46,https://www.billboard-japan.com/charts/detail?a=stsongs&year=2026&month=01&day=19
2026,stsongs,2026-01-14,51,Never Grow Up,ちゃんみな,https://www.billboard-japan.com/charts/detail?a=stsongs&year=2026&month=01&day=19
2026,stsongs,2026-01-14,52,Almond Chocolate,ILLIT,https://www.billboard-japan.com/charts/detail?a=stsongs&year=2026&month=01&day=19
2026,stsongs,2026-01-14,53,プロポーズ,なとり,https://www.billboard-japan.com/charts/detail?a=stsongs&year=2026&month=01&day=19
2026,stsongs,2026-01-14,54,幾億光年,Omoinotake,https://www.billboard-japan.com/charts/detail?a=stsongs&year=2026&month=01&day=19
2026,stsongs,2026-01-14,55,新宝島,サカナクション,https://www.billboard-japan.com/charts/detail?a=stsongs&year=2026&month=01&day=19
2026,stsongs,2026-01-14,56,インフェルノ,Mrs.GREEN APPLE,https://www.billboard-japan.com/charts/detail?a=stsongs&year=2026&month=01&day=19
2026,stsongs,2026-01-14,57,Subtitle,Official髭男dism,https://www.billboard-japan.com/charts/detail?a=stsongs&year=2026&month=01&day=19
2026,stsongs,2026-01-14,58,breakfast,Mrs.GREEN APPLE,https://www.billboard-japan.com/charts/detail?a=stsongs&year=2026&month=01&day=19
2026,stsongs,2026-01-14,59,らしさ,Official髭男dism,https://www.billboard-japan.com/charts/detail?a=stsongs&year=2026&month=01&day=19
2026,stsongs,2026-01-14,60,KICK BACK,米津玄師,https://www.billboard-japan.com/charts/detail?a=stsongs&year=2026&month=01&day=19
2026,stsongs,2026-01-14,61,街灯,BE:FIRST,https://www.billboard-japan.com/charts/detail?a=stsongs&year=2026&month=01&day=19
2026,stsongs,2026-01-14,62,ラブソングに襲われる,=LOVE,https://www.billboard-japan.com/charts/detail?a=stsongs&year=2026&month=01&day=19
2026,stsongs,2026-01-14,63,Magic,Mrs.GREEN APPLE,https://www.billboard-japan.com/charts/detail?a=stsongs&year=2026&month=01&day=19
2026,stsongs,2026-01-14,64,呼び声,Vaundy,https://www.billboard-japan.com/charts/detail?a=stsongs&year=2026&month=01&day=19
2026,stsongs,2026-01-14,65,アドレナ,YOASOBI,https://www.billboard-japan.com/charts/detail?a=stsongs&year=2026&month=01&day=19
2026,stsongs,2026-01-14,66,Lemon,米津玄師,https://www.billboard-japan.com/charts/detail?a=stsongs&year=2026&month=01&day=19
2026,stsongs,2026-01-14,67,Don't Say You Love Me,JIN,https://www.billboard-japan.com/charts/detail?a=stsongs&year=2026&month=01&day=19
2026,stsongs,2026-01-14,68,1991,米津玄師,https://www.billboard-japan.com/charts/detail?a=stsongs&year=2026&month=01&day=19
2026,stsongs,2026-01-14,69,Make Me Wonder,Official髭男dism,https://www.billboard-japan.com/charts/detail?a=stsongs&year=2026&month=01&day=19
2026,stsongs,2026-01-14,70,Tokimeki,Vaundy,https://www.billboard-japan.com/charts/detail?a=stsongs&year=2026&month=01&day=19
2026,stsongs,2026-01-14,71,マリーゴールド,あいみょん,https://www.billboard-japan.com/charts/detail?a=stsongs&year=2026&month=01&day=19
2026,stsongs,2026-01-14,72,Pretender,Official髭男dism,https://www.billboard-japan.com/charts/detail?a=stsongs&year=2026&month=01&day=19
2026,stsongs,2026-01-14,73,Plazma,米津玄師,https://www.billboard-japan.com/charts/detail?a=stsongs&year=2026&month=01&day=19
2026,stsongs,2026-01-14,74,ビターバカンス,Mrs.GREEN APPLE,https://www.billboard-japan.com/charts/detail?a=stsongs&year=2026&month=01&day=19
2026,stsongs,2026-01-14,75,さよーならまたいつか！,米津玄師,https://www.billboard-japan.com/charts/detail?a=stsongs&year=2026&month=01&day=19
2026,stsongs,2026-01-14,76,はちゃめちゃわちゃライフ!,FRUITS ZIPPER,https://www.billboard-japan.com/charts/detail?a=stsongs&year=2026&month=01&day=19
2026,stsongs,2026-01-14,77,SAD SONG - From THE FIRST TAKE feat. No No Girls FINALISTS,ちゃんみな,https://www.billboard-japan.com/charts/detail?a=stsongs&year=2026&month=01&day=19
2026,stsongs,2026-01-14,78,楓,スピッツ,https://www.billboard-japan.com/charts/detail?a=stsongs&year=2026&month=01&day=19
2026,stsongs,2026-01-14,79,きらり,藤井風,https://www.billboard-japan.com/charts/detail?a=stsongs&year=2026&month=01&day=19
2026,stsongs,2026-01-14,80,天国,Mrs.GREEN APPLE,https://www.billboard-japan.com/charts/detail?a=stsongs&year=2026&month=01&day=19
2026,stsongs,2026-01-14,81,Bling-Bang-Bang-Born,Creepy Nuts,https://www.billboard-japan.com/charts/detail?a=stsongs&year=2026&month=01&day=19
2026,stsongs,2026-01-14,82,晩餐歌,tuki.,https://www.billboard-japan.com/charts/detail?a=stsongs&year=2026&month=01&day=19
2026,stsongs,2026-01-14,83,アイラブユー,back number,https://www.billboard-japan.com/charts/detail?a=stsongs&year=2026&month=01&day=19
2026,stsongs,2026-01-14,84,希望の丘,King & Prince,https://www.billboard-japan.com/charts/detail?a=stsongs&year=2026&month=01&day=19
2026,stsongs,2026-01-14,85,恋,back number,https://www.billboard-japan.com/charts/detail?a=stsongs&year=2026&month=01&day=19
2026,stsongs,2026-01-14,86,コロンブス,Mrs.GREEN APPLE,https://www.billboard-japan.com/charts/detail?a=stsongs&year=2026&month=01&day=19
2026,stsongs,2026-01-14,87,B級,ちゃんみな,https://www.billboard-japan.com/charts/detail?a=stsongs&year=2026&month=01&day=19
2026,stsongs,2026-01-14,88,LAVALAVA,Number_i,https://www.billboard-japan.com/charts/detail?a=stsongs&year=2026&month=01&day=19
2026,stsongs,2026-01-14,89,満ちてゆく,藤井風,https://www.billboard-japan.com/charts/detail?a=stsongs&year=2026&month=01&day=19
2026,stsongs,2026-01-14,90,織姫とBABY feat. 汐れいら,ねぐせ。,https://www.billboard-japan.com/charts/detail?a=stsongs&year=2026&month=01&day=19
2026,stsongs,2026-01-14,91,StaRt,Mrs.GREEN APPLE,https://www.billboard-japan.com/charts/detail?a=stsongs&year=2026&month=01&day=19
2026,stsongs,2026-01-14,92,愛のかたまり,KinKi Kids,https://www.billboard-japan.com/charts/detail?a=stsongs&year=2026&month=01&day=19
2026,stsongs,2026-01-14,93,SPECIALZ,King Gnu,https://www.billboard-japan.com/charts/detail?a=stsongs&year=2026&month=01&day=19
2026,stsongs,2026-01-14,94,瞬き,back number,https://www.billboard-japan.com/charts/detail?a=stsongs&year=2026&month=01&day=19
2026,stsongs,2026-01-14,95,me me she,RADWIMPS,https://www.billboard-japan.com/charts/detail?a=stsongs&year=2026&month=01&day=19
2026,stsongs,2026-01-14,96,アイドル,YOASOBI,https://www.billboard-japan.com/charts/detail?a=stsongs&year=2026&month=01&day=19
2026,stsongs,2026-01-14,97,ドライフラワー,優里,https://www.billboard-japan.com/charts/detail?a=stsongs&year=2026&month=01&day=19
2026,stsongs,2026-01-14,98,ロマンチシズム,Mrs.GREEN APPLE,https://www.billboard-japan.com/charts/detail?a=stsongs&year=2026&month=01&day=19
2026,stsongs,2026-01-14,99,怪盗,back number,https://www.billboard-japan.com/charts/detail?a=stsongs&year=2026&month=01&day=19
2026,stsongs,2026-01-14,100,NG,ちゃんみな,https://www.billboard-japan.com/charts/detail?a=stsongs&year=2026&month=01&day=19
2026,stsongs,2026-01-21,1,lulu.,Mrs.GREEN APPLE,https://www.billboard-japan.com/charts/detail?a=stsongs&year=2026&month=01&day=26
2026,stsongs,2026-01-21,2,IRIS OUT,米津玄師,https://www.billboard-japan.com/charts/detail?a=stsongs&year=2026&month=01&day=26
2026,stsongs,2026-01-21,3,AIZO,King Gnu,https://www.billboard-japan.com/charts/detail?a=stsongs&year=2026&month=01&day=26
2026,stsongs,2026-01-21,4,Blue Jeans,HANA,https://www.billboard-japan.com/charts/detail?a=stsongs&year=2026&month=01&day=26
2026,stsongs,2026-01-21,5,ROSE,HANA,https://www.billboard-japan.com/charts/detail?a=stsongs&year=2026&month=01&day=26
2026,stsongs,2026-01-21,6,好きすぎて滅!,M!LK,https://www.billboard-japan.com/charts/detail?a=stsongs&year=2026&month=01&day=26
2026,stsongs,2026-01-21,7,ライラック,Mrs.GREEN APPLE,https://www.billboard-japan.com/charts/detail?a=stsongs&year=2026&month=01&day=26
2026,stsongs,2026-01-21,8,革命道中,アイナ・ジ・エンド,https://www.billboard-japan.com/charts/detail?a=stsongs&year=2026&month=01&day=26
2026,stsongs,2026-01-21,9,NON STOP,HANA,https://www.billboard-japan.com/charts/detail?a=stsongs&year=2026&month=01&day=26
2026,stsongs,2026-01-21,10,ダーリン,Mrs.GREEN APPLE,https://www.billboard-japan.com/charts/detail?a=stsongs&year=2026&month=01&day=26
2026,stsongs,2026-01-21,11,夢中,BE:FIRST,https://www.billboard-japan.com/charts/detail?a=stsongs&year=2026&month=01&day=26
2026,stsongs,2026-01-21,12,カリスマックス,Snow Man,https://www.billboard-japan.com/charts/detail?a=stsongs&year=2026&month=01&day=26
2026,stsongs,2026-01-21,13,JANE DOE,"米津玄師, 宇多田ヒカル",https://www.billboard-japan.com/charts/detail?a=stsongs&year=2026&month=01&day=26
2026,stsongs,2026-01-21,14,怪獣,サカナクション,https://www.billboard-japan.com/charts/detail?a=stsongs&year=2026&month=01&day=26
2026,stsongs,2026-01-21,15,Soranji,Mrs.GREEN APPLE,https://www.billboard-japan.com/charts/detail?a=stsongs&year=2026&month=01&day=26
2026,stsongs,2026-01-21,16,Theater,King & Prince,https://www.billboard-japan.com/charts/detail?a=stsongs&year=2026&month=01&day=26
2026,stsongs,2026-01-21,17,GOOD DAY,Mrs.GREEN APPLE,https://www.billboard-japan.com/charts/detail?a=stsongs&year=2026&month=01&day=26
2026,stsongs,2026-01-21,18,Tiger,HANA,https://www.billboard-japan.com/charts/detail?a=stsongs&year=2026&month=01&day=26
2026,stsongs,2026-01-21,19,Golden,HUNTR/X,https://www.billboard-japan.com/charts/detail?a=stsongs&year=2026&month=01&day=26
2026,stsongs,2026-01-21,20,My Body,HANA,https://www.billboard-japan.com/charts/detail?a=stsongs&year=2026&month=01&day=26
2026,stsongs,2026-01-21,21,ケセラセラ,Mrs.GREEN APPLE,https://www.billboard-japan.com/charts/detail?a=stsongs&year=2026&month=01&day=26
2026,stsongs,2026-01-21,22,ブルーアンバー,back number,https://www.billboard-japan.com/charts/detail?a=stsongs&year=2026&month=01&day=26
2026,stsongs,2026-01-21,23,SAD SONG,ちゃんみな,https://www.billboard-japan.com/charts/detail?a=stsongs&year=2026&month=01&day=26
2026,stsongs,2026-01-21,24,クスシキ,Mrs.GREEN APPLE,https://www.billboard-japan.com/charts/detail?a=stsongs&year=2026&month=01&day=26
2026,stsongs,2026-01-21,25,とくべチュ、して,=LOVE,https://www.billboard-japan.com/charts/detail?a=stsongs&year=2026&month=01&day=26
2026,stsongs,2026-01-21,26,Drop,HANA,https://www.billboard-japan.com/charts/detail?a=stsongs&year=2026&month=01&day=26
2026,stsongs,2026-01-21,27,点描の唄 feat.井上苑子,Mrs.GREEN APPLE,https://www.billboard-japan.com/charts/detail?a=stsongs&year=2026&month=01&day=26
2026,stsongs,2026-01-21,28,ズー,シャキーラ,https://www.billboard-japan.com/charts/detail?a=stsongs&year=2026&month=01&day=26
2026,stsongs,2026-01-21,29,僕のこと,Mrs.GREEN APPLE,https://www.billboard-japan.com/charts/detail?a=stsongs&year=2026&month=01&day=26
2026,stsongs,2026-01-21,30,BAD LOVE,HANA,https://www.billboard-japan.com/charts/detail?a=stsongs&year=2026&month=01&day=26
2026,stsongs,2026-01-21,31,怪獣の花唄,Vaundy,https://www.billboard-japan.com/charts/detail?a=stsongs&year=2026&month=01&day=26
2026,stsongs,2026-01-21,32,ヒロイン,back number,https://www.billboard-japan.com/charts/detail?a=stsongs&year=2026&month=01&day=26
2026,stsongs,2026-01-21,33,恋風,幾田りら,https://www.billboard-japan.com/charts/detail?a=stsongs&year=2026&month=01&day=26
2026,stsongs,2026-01-21,34,青と夏,Mrs.GREEN APPLE,https://www.billboard-japan.com/charts/detail?a=stsongs&year=2026&month=01&day=26
2026,stsongs,2026-01-21,35,高嶺の花子さん,back number,https://www.billboard-japan.com/charts/detail?a=stsongs&year=2026&month=01&day=26
2026,stsongs,2026-01-21,36,花束,back number,https://www.billboard-japan.com/charts/detail?a=stsongs&year=2026&month=01&day=26
2026,stsongs,2026-01-21,37,クリフハンガー,日向坂46,https://www.billboard-japan.com/charts/detail?a=stsongs&year=2026&month=01&day=26
2026,stsongs,2026-01-21,38,favorite song,ふみの,https://www.billboard-japan.com/charts/detail?a=stsongs&year=2026&month=01&day=26
2026,stsongs,2026-01-21,39,ハッピーエンド,back number,https://www.billboard-japan.com/charts/detail?a=stsongs&year=2026&month=01&day=26
2026,stsongs,2026-01-21,40,Burning Flower,HANA,https://www.billboard-japan.com/charts/detail?a=stsongs&year=2026&month=01&day=26
2026,stsongs,2026-01-21,41,シルエット,KANA-BOON,https://www.billboard-japan.com/charts/detail?a=stsongs&year=2026&month=01&day=26
2026,stsongs,2026-01-21,42,ファンファーレ,玉置浩二,https://www.billboard-japan.com/charts/detail?a=stsongs&year=2026&month=01&day=26
2026,stsongs,2026-01-21,43,ハレンチ,ちゃんみな,https://www.billboard-japan.com/charts/detail?a=stsongs&year=2026&month=01&day=26
2026,stsongs,2026-01-21,44,水平線,back number,https://www.billboard-japan.com/charts/detail?a=stsongs&year=2026&month=01&day=26
2026,stsongs,2026-01-21,45,倍倍FIGHT!,CANDY TUNE,https://www.billboard-japan.com/charts/detail?a=stsongs&year=2026&month=01&day=26
2026,stsongs,2026-01-21,46,My respect,乃木坂46,https://www.billboard-japan.com/charts/detail?a=stsongs&year=2026&month=01&day=26
2026,stsongs,2026-01-21,47,ダンスホール,Mrs.GREEN APPLE,https://www.billboard-japan.com/charts/detail?a=stsongs&year=2026&month=01&day=26
2026,stsongs,2026-01-21,48,HAPPY BIRTHDAY,back number,https://www.billboard-japan.com/charts/detail?a=stsongs&year=2026&month=01&day=26
2026,stsongs,2026-01-21,49,FREAK ALARM,ALPHA DRIVE ONE,https://www.billboard-japan.com/charts/detail?a=stsongs&year=2026&month=01&day=26
2026,stsongs,2026-01-21,50,イイじゃん,M!LK,https://www.billboard-japan.com/charts/detail?a=stsongs&year=2026&month=01&day=26
2026,stsongs,2026-01-21,51,Never Grow Up,ちゃんみな,https://www.billboard-japan.com/charts/detail?a=stsongs&year=2026&month=01&day=26
2026,stsongs,2026-01-21,52,Don't Say You Love Me,JIN,https://www.billboard-japan.com/charts/detail?a=stsongs&year=2026&month=01&day=26
2026,stsongs,2026-01-21,53,アゲハ蝶,ポルノグラフィティ,https://www.billboard-japan.com/charts/detail?a=stsongs&year=2026&month=01&day=26
2026,stsongs,2026-01-21,54,らしさ,Official髭男dism,https://www.billboard-japan.com/charts/detail?a=stsongs&year=2026&month=01&day=26
2026,stsongs,2026-01-21,55,どうしてもどうしても,back number,https://www.billboard-japan.com/charts/detail?a=stsongs&year=2026&month=01&day=26
2026,stsongs,2026-01-21,56,クリスマスソング,back number,https://www.billboard-japan.com/charts/detail?a=stsongs&year=2026&month=01&day=26
2026,stsongs,2026-01-21,57,プロポーズ,なとり,https://www.billboard-japan.com/charts/detail?a=stsongs&year=2026&month=01&day=26
2026,stsongs,2026-01-21,58,幾億光年,Omoinotake,https://www.billboard-japan.com/charts/detail?a=stsongs&year=2026&month=01&day=26
2026,stsongs,2026-01-21,59,インフェルノ,Mrs.GREEN APPLE,https://www.billboard-japan.com/charts/detail?a=stsongs&year=2026&month=01&day=26
2026,stsongs,2026-01-21,60,KICK BACK,米津玄師,https://www.billboard-japan.com/charts/detail?a=stsongs&year=2026&month=01&day=26
2026,stsongs,2026-01-21,61,breakfast,Mrs.GREEN APPLE,https://www.billboard-japan.com/charts/detail?a=stsongs&year=2026&month=01&day=26
2026,stsongs,2026-01-21,62,Lemon,米津玄師,https://www.billboard-japan.com/charts/detail?a=stsongs&year=2026&month=01&day=26
2026,stsongs,2026-01-21,63,アドレナ,YOASOBI,https://www.billboard-japan.com/charts/detail?a=stsongs&year=2026&month=01&day=26
2026,stsongs,2026-01-21,64,Subtitle,Official髭男dism,https://www.billboard-japan.com/charts/detail?a=stsongs&year=2026&month=01&day=26
2026,stsongs,2026-01-21,65,新宝島,サカナクション,https://www.billboard-japan.com/charts/detail?a=stsongs&year=2026&month=01&day=26
2026,stsongs,2026-01-21,66,ラブソングに襲われる,=LOVE,https://www.billboard-japan.com/charts/detail?a=stsongs&year=2026&month=01&day=26
2026,stsongs,2026-01-21,67,Almond Chocolate,ILLIT,https://www.billboard-japan.com/charts/detail?a=stsongs&year=2026&month=01&day=26
2026,stsongs,2026-01-21,68,呼び声,Vaundy,https://www.billboard-japan.com/charts/detail?a=stsongs&year=2026&month=01&day=26
2026,stsongs,2026-01-21,69,Magic,Mrs.GREEN APPLE,https://www.billboard-japan.com/charts/detail?a=stsongs&year=2026&month=01&day=26
2026,stsongs,2026-01-21,70,1991,米津玄師,https://www.billboard-japan.com/charts/detail?a=stsongs&year=2026&month=01&day=26
2026,stsongs,2026-01-21,71,SPECIALZ,King Gnu,https://www.billboard-japan.com/charts/detail?a=stsongs&year=2026&month=01&day=26
2026,stsongs,2026-01-21,72,Make Me Wonder,Official髭男dism,https://www.billboard-japan.com/charts/detail?a=stsongs&year=2026&month=01&day=26
2026,stsongs,2026-01-21,73,さよーならまたいつか！,米津玄師,https://www.billboard-japan.com/charts/detail?a=stsongs&year=2026&month=01&day=26
2026,stsongs,2026-01-21,74,Pretender,Official髭男dism,https://www.billboard-japan.com/charts/detail?a=stsongs&year=2026&month=01&day=26
2026,stsongs,2026-01-21,75,街灯,BE:FIRST,https://www.billboard-japan.com/charts/detail?a=stsongs&year=2026&month=01&day=26
2026,stsongs,2026-01-21,76,マリーゴールド,あいみょん,https://www.billboard-japan.com/charts/detail?a=stsongs&year=2026&month=01&day=26
2026,stsongs,2026-01-21,77,Plazma,米津玄師,https://www.billboard-japan.com/charts/detail?a=stsongs&year=2026&month=01&day=26
2026,stsongs,2026-01-21,78,SAD SONG - From THE FIRST TAKE feat. No No Girls FINALISTS,ちゃんみな,https://www.billboard-japan.com/charts/detail?a=stsongs&year=2026&month=01&day=26
2026,stsongs,2026-01-21,79,Tokimeki,Vaundy,https://www.billboard-japan.com/charts/detail?a=stsongs&year=2026&month=01&day=26
2026,stsongs,2026-01-21,80,LAVALAVA,Number_i,https://www.billboard-japan.com/charts/detail?a=stsongs&year=2026&month=01&day=26
2026,stsongs,2026-01-21,81,B級,ちゃんみな,https://www.billboard-japan.com/charts/detail?a=stsongs&year=2026&month=01&day=26
2026,stsongs,2026-01-21,82,ビターバカンス,Mrs.GREEN APPLE,https://www.billboard-japan.com/charts/detail?a=stsongs&year=2026&month=01&day=26
2026,stsongs,2026-01-21,83,LOVE 2000,鶴 and 亀,https://www.billboard-japan.com/charts/detail?a=stsongs&year=2026&month=01&day=26
2026,stsongs,2026-01-21,84,天国,Mrs.GREEN APPLE,https://www.billboard-japan.com/charts/detail?a=stsongs&year=2026&month=01&day=26
2026,stsongs,2026-01-21,85,きらり,藤井風,https://www.billboard-japan.com/charts/detail?a=stsongs&year=2026&month=01&day=26
2026,stsongs,2026-01-21,86,晩餐歌,tuki.,https://www.billboard-japan.com/charts/detail?a=stsongs&year=2026&month=01&day=26
2026,stsongs,2026-01-21,87,はちゃめちゃわちゃライフ!,FRUITS ZIPPER,https://www.billboard-japan.com/charts/detail?a=stsongs&year=2026&month=01&day=26
2026,stsongs,2026-01-21,88,満ちてゆく,藤井風,https://www.billboard-japan.com/charts/detail?a=stsongs&year=2026&month=01&day=26
2026,stsongs,2026-01-21,89,アイラブユー,back number,https://www.billboard-japan.com/charts/detail?a=stsongs&year=2026&month=01&day=26
2026,stsongs,2026-01-21,90,楓,スピッツ,https://www.billboard-japan.com/charts/detail?a=stsongs&year=2026&month=01&day=26
2026,stsongs,2026-01-21,91,Bling-Bang-Bang-Born,Creepy Nuts,https://www.billboard-japan.com/charts/detail?a=stsongs&year=2026&month=01&day=26
2026,stsongs,2026-01-21,92,ドライフラワー,優里,https://www.billboard-japan.com/charts/detail?a=stsongs&year=2026&month=01&day=26
2026,stsongs,2026-01-21,93,恋,back number,https://www.billboard-japan.com/charts/detail?a=stsongs&year=2026&month=01&day=26
2026,stsongs,2026-01-21,94,TEST ME,ちゃんみな,https://www.billboard-japan.com/charts/detail?a=stsongs&year=2026&month=01&day=26
2026,stsongs,2026-01-21,95,StaRt,Mrs.GREEN APPLE,https://www.billboard-japan.com/charts/detail?a=stsongs&year=2026&month=01&day=26
2026,stsongs,2026-01-21,96,白日,King Gnu,https://www.billboard-japan.com/charts/detail?a=stsongs&year=2026&month=01&day=26
2026,stsongs,2026-01-21,97,me me she,RADWIMPS,https://www.billboard-japan.com/charts/detail?a=stsongs&year=2026&month=01&day=26
2026,stsongs,2026-01-21,98,アイドル,YOASOBI,https://www.billboard-japan.com/charts/detail?a=stsongs&year=2026&month=01&day=26
2026,stsongs,2026-01-21,99,コロンブス,Mrs.GREEN APPLE,https://www.billboard-japan.com/charts/detail?a=stsongs&year=2026&month=01&day=26
2026,stsongs,2026-01-21,100,115万キロのフィルム,Official髭男dism,https://www.billboard-japan.com/charts/detail?a=stsongs&year=2026&month=01&day=26
2026,stsongs,2026-01-28,1,IRIS OUT,米津玄師,https://www.billboard-japan.com/charts/detail?a=stsongs&year=2026&month=02&day=02
2026,stsongs,2026-01-28,2,lulu.,Mrs.GREEN APPLE,https://www.billboard-japan.com/charts/detail?a=stsongs&year=2026&month=02&day=02
2026,stsongs,2026-01-28,3,AIZO,King Gnu,https://www.billboard-japan.com/charts/detail?a=stsongs&year=2026&month=02&day=02
2026,stsongs,2026-01-28,4,Blue Jeans,HANA,https://www.billboard-japan.com/charts/detail?a=stsongs&year=2026&month=02&day=02
2026,stsongs,2026-01-28,5,好きすぎて滅!,M!LK,https://www.billboard-japan.com/charts/detail?a=stsongs&year=2026&month=02&day=02
2026,stsongs,2026-01-28,6,ROSE,HANA,https://www.billboard-japan.com/charts/detail?a=stsongs&year=2026&month=02&day=02
2026,stsongs,2026-01-28,7,ライラック,Mrs.GREEN APPLE,https://www.billboard-japan.com/charts/detail?a=stsongs&year=2026&month=02&day=02
2026,stsongs,2026-01-28,8,NON STOP,HANA,https://www.billboard-japan.com/charts/detail?a=stsongs&year=2026&month=02&day=02
2026,stsongs,2026-01-28,9,革命道中,アイナ・ジ・エンド,https://www.billboard-japan.com/charts/detail?a=stsongs&year=2026&month=02&day=02
2026,stsongs,2026-01-28,10,ダーリン,Mrs.GREEN APPLE,https://www.billboard-japan.com/charts/detail?a=stsongs&year=2026&month=02&day=02
2026,stsongs,2026-01-28,11,夢中,BE:FIRST,https://www.billboard-japan.com/charts/detail?a=stsongs&year=2026&month=02&day=02
2026,stsongs,2026-01-28,12,カリスマックス,Snow Man,https://www.billboard-japan.com/charts/detail?a=stsongs&year=2026&month=02&day=02
2026,stsongs,2026-01-28,13,JANE DOE,"米津玄師, 宇多田ヒカル",https://www.billboard-japan.com/charts/detail?a=stsongs&year=2026&month=02&day=02
2026,stsongs,2026-01-28,14,怪獣,サカナクション,https://www.billboard-japan.com/charts/detail?a=stsongs&year=2026&month=02&day=02
2026,stsongs,2026-01-28,15,Soranji,Mrs.GREEN APPLE,https://www.billboard-japan.com/charts/detail?a=stsongs&year=2026&month=02&day=02
2026,stsongs,2026-01-28,16,Theater,King & Prince,https://www.billboard-japan.com/charts/detail?a=stsongs&year=2026&month=02&day=02
2026,stsongs,2026-01-28,17,Tiger,HANA,https://www.billboard-japan.com/charts/detail?a=stsongs&year=2026&month=02&day=02
2026,stsongs,2026-01-28,18,Golden,HUNTR/X,https://www.billboard-japan.com/charts/detail?a=stsongs&year=2026&month=02&day=02
2026,stsongs,2026-01-28,19,GOOD DAY,Mrs.GREEN APPLE,https://www.billboard-japan.com/charts/detail?a=stsongs&year=2026&month=02&day=02
2026,stsongs,2026-01-28,20,ブルーアンバー,back number,https://www.billboard-japan.com/charts/detail?a=stsongs&year=2026&month=02&day=02
2026,stsongs,2026-01-28,21,My Body,HANA,https://www.billboard-japan.com/charts/detail?a=stsongs&year=2026&month=02&day=02
2026,stsongs,2026-01-28,22,ケセラセラ,Mrs.GREEN APPLE,https://www.billboard-japan.com/charts/detail?a=stsongs&year=2026&month=02&day=02
2026,stsongs,2026-01-28,23,点描の唄 feat.井上苑子,Mrs.GREEN APPLE,https://www.billboard-japan.com/charts/detail?a=stsongs&year=2026&month=02&day=02
2026,stsongs,2026-01-28,24,クスシキ,Mrs.GREEN APPLE,https://www.billboard-japan.com/charts/detail?a=stsongs&year=2026&month=02&day=02
2026,stsongs,2026-01-28,25,SAD SONG,ちゃんみな,https://www.billboard-japan.com/charts/detail?a=stsongs&year=2026&month=02&day=02
2026,stsongs,2026-01-28,26,とくべチュ、して,=LOVE,https://www.billboard-japan.com/charts/detail?a=stsongs&year=2026&month=02&day=02
2026,stsongs,2026-01-28,27,Drop,HANA,https://www.billboard-japan.com/charts/detail?a=stsongs&year=2026&month=02&day=02
2026,stsongs,2026-01-28,28,僕のこと,Mrs.GREEN APPLE,https://www.billboard-japan.com/charts/detail?a=stsongs&year=2026&month=02&day=02
2026,stsongs,2026-01-28,29,ズー,シャキーラ,https://www.billboard-japan.com/charts/detail?a=stsongs&year=2026&month=02&day=02
2026,stsongs,2026-01-28,30,ヒロイン,back number,https://www.billboard-japan.com/charts/detail?a=stsongs&year=2026&month=02&day=02
2026,stsongs,2026-01-28,31,怪獣の花唄,Vaundy,https://www.billboard-japan.com/charts/detail?a=stsongs&year=2026&month=02&day=02
2026,stsongs,2026-01-28,32,青と夏,Mrs.GREEN APPLE,https://www.billboard-japan.com/charts/detail?a=stsongs&year=2026&month=02&day=02
2026,stsongs,2026-01-28,33,花束,back number,https://www.billboard-japan.com/charts/detail?a=stsongs&year=2026&month=02&day=02
2026,stsongs,2026-01-28,34,高嶺の花子さん,back number,https://www.billboard-japan.com/charts/detail?a=stsongs&year=2026&month=02&day=02
2026,stsongs,2026-01-28,35,BAD LOVE,HANA,https://www.billboard-japan.com/charts/detail?a=stsongs&year=2026&month=02&day=02
2026,stsongs,2026-01-28,36,ハッピーエンド,back number,https://www.billboard-japan.com/charts/detail?a=stsongs&year=2026&month=02&day=02
2026,stsongs,2026-01-28,37,恋風,幾田りら,https://www.billboard-japan.com/charts/detail?a=stsongs&year=2026&month=02&day=02
2026,stsongs,2026-01-28,38,シルエット,KANA-BOON,https://www.billboard-japan.com/charts/detail?a=stsongs&year=2026&month=02&day=02
2026,stsongs,2026-01-28,39,Burning Flower,HANA,https://www.billboard-japan.com/charts/detail?a=stsongs&year=2026&month=02&day=02
2026,stsongs,2026-01-28,40,ハレンチ,ちゃんみな,https://www.billboard-japan.com/charts/detail?a=stsongs&year=2026&month=02&day=02
2026,stsongs,2026-01-28,41,水平線,back number,https://www.billboard-japan.com/charts/detail?a=stsongs&year=2026&month=02&day=02
2026,stsongs,2026-01-28,42,Again,Mr.Children,https://www.billboard-japan.com/charts/detail?a=stsongs&year=2026&month=02&day=02
2026,stsongs,2026-01-28,43,TEST ME,ちゃんみな,https://www.billboard-japan.com/charts/detail?a=stsongs&year=2026&month=02&day=02
2026,stsongs,2026-01-28,44,ファンファーレ,玉置浩二,https://www.billboard-japan.com/charts/detail?a=stsongs&year=2026&month=02&day=02
2026,stsongs,2026-01-28,45,クリフハンガー,日向坂46,https://www.billboard-japan.com/charts/detail?a=stsongs&year=2026&month=02&day=02
2026,stsongs,2026-01-28,46,NOW,原因は自分にある。,https://www.billboard-japan.com/charts/detail?a=stsongs&year=2026&month=02&day=02
2026,stsongs,2026-01-28,47,HAPPY BIRTHDAY,back number,https://www.billboard-japan.com/charts/detail?a=stsongs&year=2026&month=02&day=02
2026,stsongs,2026-01-28,48,ダンスホール,Mrs.GREEN APPLE,https://www.billboard-japan.com/charts/detail?a=stsongs&year=2026&month=02&day=02
2026,stsongs,2026-01-28,49,LOVE 2000,鶴 and 亀,https://www.billboard-japan.com/charts/detail?a=stsongs&year=2026&month=02&day=02
2026,stsongs,2026-01-28,50,倍倍FIGHT!,CANDY TUNE,https://www.billboard-japan.com/charts/detail?a=stsongs&year=2026&month=02&day=02
2026,stsongs,2026-01-28,51,イイじゃん,M!LK,https://www.billboard-japan.com/charts/detail?a=stsongs&year=2026&month=02&day=02
2026,stsongs,2026-01-28,52,My respect,乃木坂46,https://www.billboard-japan.com/charts/detail?a=stsongs&year=2026&month=02&day=02
2026,stsongs,2026-01-28,53,FREAK ALARM,ALPHA DRIVE ONE,https://www.billboard-japan.com/charts/detail?a=stsongs&year=2026&month=02&day=02
2026,stsongs,2026-01-28,54,Never Grow Up,ちゃんみな,https://www.billboard-japan.com/charts/detail?a=stsongs&year=2026&month=02&day=02
2026,stsongs,2026-01-28,55,プロポーズ,なとり,https://www.billboard-japan.com/charts/detail?a=stsongs&year=2026&month=02&day=02
2026,stsongs,2026-01-28,56,Don't Say You Love Me,JIN,https://www.billboard-japan.com/charts/detail?a=stsongs&year=2026&month=02&day=02
2026,stsongs,2026-01-28,57,アゲハ蝶,ポルノグラフィティ,https://www.billboard-japan.com/charts/detail?a=stsongs&year=2026&month=02&day=02
2026,stsongs,2026-01-28,58,らしさ,Official髭男dism,https://www.billboard-japan.com/charts/detail?a=stsongs&year=2026&month=02&day=02
2026,stsongs,2026-01-28,59,幾億光年,Omoinotake,https://www.billboard-japan.com/charts/detail?a=stsongs&year=2026&month=02&day=02
2026,stsongs,2026-01-28,60,Knife,ENHYPEN,https://www.billboard-japan.com/charts/detail?a=stsongs&year=2026&month=02&day=02
2026,stsongs,2026-01-28,61,インフェルノ,Mrs.GREEN APPLE,https://www.billboard-japan.com/charts/detail?a=stsongs&year=2026&month=02&day=02
2026,stsongs,2026-01-28,62,クリスマスソング,back number,https://www.billboard-japan.com/charts/detail?a=stsongs&year=2026&month=02&day=02
2026,stsongs,2026-01-28,63,SPECIALZ,King Gnu,https://www.billboard-japan.com/charts/detail?a=stsongs&year=2026&month=02&day=02
2026,stsongs,2026-01-28,64,どうしてもどうしても,back number,https://www.billboard-japan.com/charts/detail?a=stsongs&year=2026&month=02&day=02
2026,stsongs,2026-01-28,65,Lemon,米津玄師,https://www.billboard-japan.com/charts/detail?a=stsongs&year=2026&month=02&day=02
2026,stsongs,2026-01-28,66,KICK BACK,米津玄師,https://www.billboard-japan.com/charts/detail?a=stsongs&year=2026&month=02&day=02
2026,stsongs,2026-01-28,67,Subtitle,Official髭男dism,https://www.billboard-japan.com/charts/detail?a=stsongs&year=2026&month=02&day=02
2026,stsongs,2026-01-28,68,breakfast,Mrs.GREEN APPLE,https://www.billboard-japan.com/charts/detail?a=stsongs&year=2026&month=02&day=02
2026,stsongs,2026-01-28,69,Star Wish,STARGLOW,https://www.billboard-japan.com/charts/detail?a=stsongs&year=2026&month=02&day=02
2026,stsongs,2026-01-28,70,ラブソングに襲われる,=LOVE,https://www.billboard-japan.com/charts/detail?a=stsongs&year=2026&month=02&day=02
2026,stsongs,2026-01-28,71,favorite song,ふみの,https://www.billboard-japan.com/charts/detail?a=stsongs&year=2026&month=02&day=02
2026,stsongs,2026-01-28,72,JUMP,BLACKPINK,https://www.billboard-japan.com/charts/detail?a=stsongs&year=2026&month=02&day=02
2026,stsongs,2026-01-28,73,Pretender,Official髭男dism,https://www.billboard-japan.com/charts/detail?a=stsongs&year=2026&month=02&day=02
2026,stsongs,2026-01-28,74,Magic,Mrs.GREEN APPLE,https://www.billboard-japan.com/charts/detail?a=stsongs&year=2026&month=02&day=02
2026,stsongs,2026-01-28,75,新宝島,サカナクション,https://www.billboard-japan.com/charts/detail?a=stsongs&year=2026&month=02&day=02
2026,stsongs,2026-01-28,76,さよーならまたいつか！,米津玄師,https://www.billboard-japan.com/charts/detail?a=stsongs&year=2026&month=02&day=02
2026,stsongs,2026-01-28,77,パズル,幾田りら,https://www.billboard-japan.com/charts/detail?a=stsongs&year=2026&month=02&day=02
2026,stsongs,2026-01-28,78,1991,米津玄師,https://www.billboard-japan.com/charts/detail?a=stsongs&year=2026&month=02&day=02
2026,stsongs,2026-01-28,79,Almond Chocolate,ILLIT,https://www.billboard-japan.com/charts/detail?a=stsongs&year=2026&month=02&day=02
2026,stsongs,2026-01-28,80,マリーゴールド,あいみょん,https://www.billboard-japan.com/charts/detail?a=stsongs&year=2026&month=02&day=02
2026,stsongs,2026-01-28,81,Make Me Wonder,Official髭男dism,https://www.billboard-japan.com/charts/detail?a=stsongs&year=2026&month=02&day=02
2026,stsongs,2026-01-28,82,呼び声,Vaundy,https://www.billboard-japan.com/charts/detail?a=stsongs&year=2026&month=02&day=02
2026,stsongs,2026-01-28,83,晩餐歌,tuki.,https://www.billboard-japan.com/charts/detail?a=stsongs&year=2026&month=02&day=02
2026,stsongs,2026-01-28,84,きらり,藤井風,https://www.billboard-japan.com/charts/detail?a=stsongs&year=2026&month=02&day=02
2026,stsongs,2026-01-28,85,Plazma,米津玄師,https://www.billboard-japan.com/charts/detail?a=stsongs&year=2026&month=02&day=02
2026,stsongs,2026-01-28,86,街灯,BE:FIRST,https://www.billboard-japan.com/charts/detail?a=stsongs&year=2026&month=02&day=02
2026,stsongs,2026-01-28,87,満ちてゆく,藤井風,https://www.billboard-japan.com/charts/detail?a=stsongs&year=2026&month=02&day=02
2026,stsongs,2026-01-28,88,LAVALAVA,Number_i,https://www.billboard-japan.com/charts/detail?a=stsongs&year=2026&month=02&day=02
2026,stsongs,2026-01-28,89,白日,King Gnu,https://www.billboard-japan.com/charts/detail?a=stsongs&year=2026&month=02&day=02
2026,stsongs,2026-01-28,90,B級,ちゃんみな,https://www.billboard-japan.com/charts/detail?a=stsongs&year=2026&month=02&day=02
2026,stsongs,2026-01-28,91,SAD SONG - From THE FIRST TAKE feat. No No Girls FINALISTS,ちゃんみな,https://www.billboard-japan.com/charts/detail?a=stsongs&year=2026&month=02&day=02
2026,stsongs,2026-01-28,92,アドレナ,YOASOBI,https://www.billboard-japan.com/charts/detail?a=stsongs&year=2026&month=02&day=02
2026,stsongs,2026-01-28,93,ビターバカンス,Mrs.GREEN APPLE,https://www.billboard-japan.com/charts/detail?a=stsongs&year=2026&month=02&day=02
2026,stsongs,2026-01-28,94,アイラブユー,back number,https://www.billboard-japan.com/charts/detail?a=stsongs&year=2026&month=02&day=02
2026,stsongs,2026-01-28,95,恋,back number,https://www.billboard-japan.com/charts/detail?a=stsongs&year=2026&month=02&day=02
2026,stsongs,2026-01-28,96,ドライフラワー,優里,https://www.billboard-japan.com/charts/detail?a=stsongs&year=2026&month=02&day=02
2026,stsongs,2026-01-28,97,アイドル,YOASOBI,https://www.billboard-japan.com/charts/detail?a=stsongs&year=2026&month=02&day=02
2026,stsongs,2026-01-28,98,天国,Mrs.GREEN APPLE,https://www.billboard-japan.com/charts/detail?a=stsongs&year=2026&month=02&day=02
2026,stsongs,2026-01-28,99,楓,スピッツ,https://www.billboard-japan.com/charts/detail?a=stsongs&year=2026&month=02&day=02
2026,stsongs,2026-01-28,100,はちゃめちゃわちゃライフ!,FRUITS ZIPPER,https://www.billboard-japan.com/charts/detail?a=stsongs&year=2026&month=02&day=02
2026,stsongs,2026-02-04,1,IRIS OUT,米津玄師,https://www.billboard-japan.com/charts/detail?a=stsongs&year=2026&month=02&day=09
2026,stsongs,2026-02-04,2,lulu.,Mrs.GREEN APPLE,https://www.billboard-japan.com/charts/detail?a=stsongs&year=2026&month=02&day=09
2026,stsongs,2026-02-04,3,AIZO,King Gnu,https://www.billboard-japan.com/charts/detail?a=stsongs&year=2026&month=02&day=09
2026,stsongs,2026-02-04,4,好きすぎて滅!,M!LK,https://www.billboard-japan.com/charts/detail?a=stsongs&year=2026&month=02&day=09
2026,stsongs,2026-02-04,5,Blue Jeans,HANA,https://www.billboard-japan.com/charts/detail?a=stsongs&year=2026&month=02&day=09
2026,stsongs,2026-02-04,6,ROSE,HANA,https://www.billboard-japan.com/charts/detail?a=stsongs&year=2026&month=02&day=09
2026,stsongs,2026-02-04,7,ライラック,Mrs.GREEN APPLE,https://www.billboard-japan.com/charts/detail?a=stsongs&year=2026&month=02&day=09
2026,stsongs,2026-02-04,8,ダーリン,Mrs.GREEN APPLE,https://www.billboard-japan.com/charts/detail?a=stsongs&year=2026&month=02&day=09
2026,stsongs,2026-02-04,9,NON STOP,HANA,https://www.billboard-japan.com/charts/detail?a=stsongs&year=2026&month=02&day=09
2026,stsongs,2026-02-04,10,革命道中,アイナ・ジ・エンド,https://www.billboard-japan.com/charts/detail?a=stsongs&year=2026&month=02&day=09
2026,stsongs,2026-02-04,11,夢中,BE:FIRST,https://www.billboard-japan.com/charts/detail?a=stsongs&year=2026&month=02&day=09
2026,stsongs,2026-02-04,12,3XL,Number_i,https://www.billboard-japan.com/charts/detail?a=stsongs&year=2026&month=02&day=09
2026,stsongs,2026-02-04,13,Cold Night,HANA,https://www.billboard-japan.com/charts/detail?a=stsongs&year=2026&month=02&day=09
2026,stsongs,2026-02-04,14,Soranji,Mrs.GREEN APPLE,https://www.billboard-japan.com/charts/detail?a=stsongs&year=2026&month=02&day=09
2026,stsongs,2026-02-04,15,怪獣,サカナクション,https://www.billboard-japan.com/charts/detail?a=stsongs&year=2026&month=02&day=09
2026,stsongs,2026-02-04,16,カリスマックス,Snow Man,https://www.billboard-japan.com/charts/detail?a=stsongs&year=2026&month=02&day=09
2026,stsongs,2026-02-04,17,JANE DOE,"米津玄師, 宇多田ヒカル",https://www.billboard-japan.com/charts/detail?a=stsongs&year=2026&month=02&day=09
2026,stsongs,2026-02-04,18,Theater,King & Prince,https://www.billboard-japan.com/charts/detail?a=stsongs&year=2026&month=02&day=09
2026,stsongs,2026-02-04,19,Golden,HUNTR/X,https://www.billboard-japan.com/charts/detail?a=stsongs&year=2026&month=02&day=09
2026,stsongs,2026-02-04,20,Tiger,HANA,https://www.billboard-japan.com/charts/detail?a=stsongs&year=2026&month=02&day=09
2026,stsongs,2026-02-04,21,ブルーアンバー,back number,https://www.billboard-japan.com/charts/detail?a=stsongs&year=2026&month=02&day=09
2026,stsongs,2026-02-04,22,GOOD DAY,Mrs.GREEN APPLE,https://www.billboard-japan.com/charts/detail?a=stsongs&year=2026&month=02&day=09
2026,stsongs,2026-02-04,23,ケセラセラ,Mrs.GREEN APPLE,https://www.billboard-japan.com/charts/detail?a=stsongs&year=2026&month=02&day=09
2026,stsongs,2026-02-04,24,点描の唄 feat.井上苑子,Mrs.GREEN APPLE,https://www.billboard-japan.com/charts/detail?a=stsongs&year=2026&month=02&day=09
2026,stsongs,2026-02-04,25,My Body,HANA,https://www.billboard-japan.com/charts/detail?a=stsongs&year=2026&month=02&day=09
2026,stsongs,2026-02-04,26,クスシキ,Mrs.GREEN APPLE,https://www.billboard-japan.com/charts/detail?a=stsongs&year=2026&month=02&day=09
2026,stsongs,2026-02-04,27,僕のこと,Mrs.GREEN APPLE,https://www.billboard-japan.com/charts/detail?a=stsongs&year=2026&month=02&day=09
2026,stsongs,2026-02-04,28,とくべチュ、して,=LOVE,https://www.billboard-japan.com/charts/detail?a=stsongs&year=2026&month=02&day=09
2026,stsongs,2026-02-04,29,TEST ME,ちゃんみな,https://www.billboard-japan.com/charts/detail?a=stsongs&year=2026&month=02&day=09
2026,stsongs,2026-02-04,30,SAD SONG,ちゃんみな,https://www.billboard-japan.com/charts/detail?a=stsongs&year=2026&month=02&day=09
2026,stsongs,2026-02-04,31,ヒロイン,back number,https://www.billboard-japan.com/charts/detail?a=stsongs&year=2026&month=02&day=09
2026,stsongs,2026-02-04,32,怪獣の花唄,Vaundy,https://www.billboard-japan.com/charts/detail?a=stsongs&year=2026&month=02&day=09
2026,stsongs,2026-02-04,33,ズー,シャキーラ,https://www.billboard-japan.com/charts/detail?a=stsongs&year=2026&month=02&day=09
2026,stsongs,2026-02-04,34,高嶺の花子さん,back number,https://www.billboard-japan.com/charts/detail?a=stsongs&year=2026&month=02&day=09
2026,stsongs,2026-02-04,35,花束,back number,https://www.billboard-japan.com/charts/detail?a=stsongs&year=2026&month=02&day=09
2026,stsongs,2026-02-04,36,シルエット,KANA-BOON,https://www.billboard-japan.com/charts/detail?a=stsongs&year=2026&month=02&day=09
2026,stsongs,2026-02-04,37,青と夏,Mrs.GREEN APPLE,https://www.billboard-japan.com/charts/detail?a=stsongs&year=2026&month=02&day=09
2026,stsongs,2026-02-04,38,クリフハンガー,日向坂46,https://www.billboard-japan.com/charts/detail?a=stsongs&year=2026&month=02&day=09
2026,stsongs,2026-02-04,39,ハッピーエンド,back number,https://www.billboard-japan.com/charts/detail?a=stsongs&year=2026&month=02&day=09
2026,stsongs,2026-02-04,40,Drop,HANA,https://www.billboard-japan.com/charts/detail?a=stsongs&year=2026&month=02&day=09
2026,stsongs,2026-02-04,41,BAD LOVE,HANA,https://www.billboard-japan.com/charts/detail?a=stsongs&year=2026&month=02&day=09
2026,stsongs,2026-02-04,42,水平線,back number,https://www.billboard-japan.com/charts/detail?a=stsongs&year=2026&month=02&day=09
2026,stsongs,2026-02-04,43,恋風,幾田りら,https://www.billboard-japan.com/charts/detail?a=stsongs&year=2026&month=02&day=09
2026,stsongs,2026-02-04,44,ハレンチ,ちゃんみな,https://www.billboard-japan.com/charts/detail?a=stsongs&year=2026&month=02&day=09
2026,stsongs,2026-02-04,45,Burning Flower,HANA,https://www.billboard-japan.com/charts/detail?a=stsongs&year=2026&month=02&day=09
2026,stsongs,2026-02-04,46,セレナーデ,なとり,https://www.billboard-japan.com/charts/detail?a=stsongs&year=2026&month=02&day=09
2026,stsongs,2026-02-04,47,HAPPY BIRTHDAY,back number,https://www.billboard-japan.com/charts/detail?a=stsongs&year=2026&month=02&day=09
2026,stsongs,2026-02-04,48,Again,Mr.Children,https://www.billboard-japan.com/charts/detail?a=stsongs&year=2026&month=02&day=09
2026,stsongs,2026-02-04,49,NOW,原因は自分にある。,https://www.billboard-japan.com/charts/detail?a=stsongs&year=2026&month=02&day=09
2026,stsongs,2026-02-04,50,ダンスホール,Mrs.GREEN APPLE,https://www.billboard-japan.com/charts/detail?a=stsongs&year=2026&month=02&day=09
2026,stsongs,2026-02-04,51,ファンファーレ,玉置浩二,https://www.billboard-japan.com/charts/detail?a=stsongs&year=2026&month=02&day=09
2026,stsongs,2026-02-04,52,Don't Say You Love Me,JIN,https://www.billboard-japan.com/charts/detail?a=stsongs&year=2026&month=02&day=09
2026,stsongs,2026-02-04,53,LOVE 2000,鶴 and 亀,https://www.billboard-japan.com/charts/detail?a=stsongs&year=2026&month=02&day=09
2026,stsongs,2026-02-04,54,イイじゃん,M!LK,https://www.billboard-japan.com/charts/detail?a=stsongs&year=2026&month=02&day=09
2026,stsongs,2026-02-04,55,HYPNOTIZE,XG,https://www.billboard-japan.com/charts/detail?a=stsongs&year=2026&month=02&day=09
2026,stsongs,2026-02-04,56,Never Grow Up,ちゃんみな,https://www.billboard-japan.com/charts/detail?a=stsongs&year=2026&month=02&day=09
2026,stsongs,2026-02-04,57,幾億光年,Omoinotake,https://www.billboard-japan.com/charts/detail?a=stsongs&year=2026&month=02&day=09
2026,stsongs,2026-02-04,58,SSS (Sending Secret Signals) (feat. HYDE),TOMORROW X TOGETHER,https://www.billboard-japan.com/charts/detail?a=stsongs&year=2026&month=02&day=09
2026,stsongs,2026-02-04,59,プロポーズ,なとり,https://www.billboard-japan.com/charts/detail?a=stsongs&year=2026&month=02&day=09
2026,stsongs,2026-02-04,60,インフェルノ,Mrs.GREEN APPLE,https://www.billboard-japan.com/charts/detail?a=stsongs&year=2026&month=02&day=09
2026,stsongs,2026-02-04,61,My respect,乃木坂46,https://www.billboard-japan.com/charts/detail?a=stsongs&year=2026&month=02&day=09
2026,stsongs,2026-02-04,62,らしさ,Official髭男dism,https://www.billboard-japan.com/charts/detail?a=stsongs&year=2026&month=02&day=09
2026,stsongs,2026-02-04,63,SPECIALZ,King Gnu,https://www.billboard-japan.com/charts/detail?a=stsongs&year=2026&month=02&day=09
2026,stsongs,2026-02-04,64,Lemon,米津玄師,https://www.billboard-japan.com/charts/detail?a=stsongs&year=2026&month=02&day=09
2026,stsongs,2026-02-04,65,倍倍FIGHT!,CANDY TUNE,https://www.billboard-japan.com/charts/detail?a=stsongs&year=2026&month=02&day=09
2026,stsongs,2026-02-04,66,Subtitle,Official髭男dism,https://www.billboard-japan.com/charts/detail?a=stsongs&year=2026&month=02&day=09
2026,stsongs,2026-02-04,67,KICK BACK,米津玄師,https://www.billboard-japan.com/charts/detail?a=stsongs&year=2026&month=02&day=09
2026,stsongs,2026-02-04,68,breakfast,Mrs.GREEN APPLE,https://www.billboard-japan.com/charts/detail?a=stsongs&year=2026&month=02&day=09
2026,stsongs,2026-02-04,69,アゲハ蝶,ポルノグラフィティ,https://www.billboard-japan.com/charts/detail?a=stsongs&year=2026&month=02&day=09
2026,stsongs,2026-02-04,70,どうしてもどうしても,back number,https://www.billboard-japan.com/charts/detail?a=stsongs&year=2026&month=02&day=09
2026,stsongs,2026-02-04,71,ラブソングに襲われる,=LOVE,https://www.billboard-japan.com/charts/detail?a=stsongs&year=2026&month=02&day=09
2026,stsongs,2026-02-04,72,マリーゴールド,あいみょん,https://www.billboard-japan.com/charts/detail?a=stsongs&year=2026&month=02&day=09
2026,stsongs,2026-02-04,73,Magic,Mrs.GREEN APPLE,https://www.billboard-japan.com/charts/detail?a=stsongs&year=2026&month=02&day=09
2026,stsongs,2026-02-04,74,Pretender,Official髭男dism,https://www.billboard-japan.com/charts/detail?a=stsongs&year=2026&month=02&day=09
2026,stsongs,2026-02-04,75,クリスマスソング,back number,https://www.billboard-japan.com/charts/detail?a=stsongs&year=2026&month=02&day=09
2026,stsongs,2026-02-04,76,さよーならまたいつか！,米津玄師,https://www.billboard-japan.com/charts/detail?a=stsongs&year=2026&month=02&day=09
2026,stsongs,2026-02-04,77,LAVALAVA,Number_i,https://www.billboard-japan.com/charts/detail?a=stsongs&year=2026&month=02&day=09
2026,stsongs,2026-02-04,78,GOD_i,Number_i,https://www.billboard-japan.com/charts/detail?a=stsongs&year=2026&month=02&day=09
2026,stsongs,2026-02-04,79,新宝島,サカナクション,https://www.billboard-japan.com/charts/detail?a=stsongs&year=2026&month=02&day=09
2026,stsongs,2026-02-04,80,Almond Chocolate,ILLIT,https://www.billboard-japan.com/charts/detail?a=stsongs&year=2026&month=02&day=09
2026,stsongs,2026-02-04,81,1991,米津玄師,https://www.billboard-japan.com/charts/detail?a=stsongs&year=2026&month=02&day=09
2026,stsongs,2026-02-04,82,晩餐歌,tuki.,https://www.billboard-japan.com/charts/detail?a=stsongs&year=2026&month=02&day=09
2026,stsongs,2026-02-04,83,ハニカミ,Hey!Say!JUMP,https://www.billboard-japan.com/charts/detail?a=stsongs&year=2026&month=02&day=09
2026,stsongs,2026-02-04,84,JUMP,BLACKPINK,https://www.billboard-japan.com/charts/detail?a=stsongs&year=2026&month=02&day=09
2026,stsongs,2026-02-04,85,きらり,藤井風,https://www.billboard-japan.com/charts/detail?a=stsongs&year=2026&month=02&day=09
2026,stsongs,2026-02-04,86,パズル,幾田りら,https://www.billboard-japan.com/charts/detail?a=stsongs&year=2026&month=02&day=09
2026,stsongs,2026-02-04,87,呼び声,Vaundy,https://www.billboard-japan.com/charts/detail?a=stsongs&year=2026&month=02&day=09
2026,stsongs,2026-02-04,88,恋,back number,https://www.billboard-japan.com/charts/detail?a=stsongs&year=2026&month=02&day=09
2026,stsongs,2026-02-04,89,白日,King Gnu,https://www.billboard-japan.com/charts/detail?a=stsongs&year=2026&month=02&day=09
2026,stsongs,2026-02-04,90,満ちてゆく,藤井風,https://www.billboard-japan.com/charts/detail?a=stsongs&year=2026&month=02&day=09
2026,stsongs,2026-02-04,91,Plazma,米津玄師,https://www.billboard-japan.com/charts/detail?a=stsongs&year=2026&month=02&day=09
2026,stsongs,2026-02-04,92,ドライフラワー,優里,https://www.billboard-japan.com/charts/detail?a=stsongs&year=2026&month=02&day=09
2026,stsongs,2026-02-04,93,B級,ちゃんみな,https://www.billboard-japan.com/charts/detail?a=stsongs&year=2026&month=02&day=09
2026,stsongs,2026-02-04,94,ビターバカンス,Mrs.GREEN APPLE,https://www.billboard-japan.com/charts/detail?a=stsongs&year=2026&month=02&day=09
2026,stsongs,2026-02-04,95,アイドル,YOASOBI,https://www.billboard-japan.com/charts/detail?a=stsongs&year=2026&month=02&day=09
2026,stsongs,2026-02-04,96,Make Me Wonder,Official髭男dism,https://www.billboard-japan.com/charts/detail?a=stsongs&year=2026&month=02&day=09
2026,stsongs,2026-02-04,97,アイラブユー,back number,https://www.billboard-japan.com/charts/detail?a=stsongs&year=2026&month=02&day=09
2026,stsongs,2026-02-04,98,君の恋人になったら,back number,https://www.billboard-japan.com/charts/detail?a=stsongs&year=2026&month=02&day=09
2026,stsongs,2026-02-04,99,愛をこめて花束を,Superfly,https://www.billboard-japan.com/charts/detail?a=stsongs&year=2026&month=02&day=09
2026,stsongs,2026-02-04,100,BOW AND ARROW,米津玄師,https://www.billboard-japan.com/charts/detail?a=stsongs&year=2026&month=02&day=09
2026,stsongs,2026-02-11,1,IRIS OUT,米津玄師,https://www.billboard-japan.com/charts/detail?a=stsongs&year=2026&month=02&day=16
2026,stsongs,2026-02-11,2,lulu.,Mrs.GREEN APPLE,https://www.billboard-japan.com/charts/detail?a=stsongs&year=2026&month=02&day=16
2026,stsongs,2026-02-11,3,AIZO,King Gnu,https://www.billboard-japan.com/charts/detail?a=stsongs&year=2026&month=02&day=16
2026,stsongs,2026-02-11,4,好きすぎて滅!,M!LK,https://www.billboard-japan.com/charts/detail?a=stsongs&year=2026&month=02&day=16
2026,stsongs,2026-02-11,5,Blue Jeans,HANA,https://www.billboard-japan.com/charts/detail?a=stsongs&year=2026&month=02&day=16
2026,stsongs,2026-02-11,6,ROSE,HANA,https://www.billboard-japan.com/charts/detail?a=stsongs&year=2026&month=02&day=16
2026,stsongs,2026-02-11,7,ライラック,Mrs.GREEN APPLE,https://www.billboard-japan.com/charts/detail?a=stsongs&year=2026&month=02&day=16
2026,stsongs,2026-02-11,8,Cold Night,HANA,https://www.billboard-japan.com/charts/detail?a=stsongs&year=2026&month=02&day=16
2026,stsongs,2026-02-11,9,ダーリン,Mrs.GREEN APPLE,https://www.billboard-japan.com/charts/detail?a=stsongs&year=2026&month=02&day=16
2026,stsongs,2026-02-11,10,革命道中,アイナ・ジ・エンド,https://www.billboard-japan.com/charts/detail?a=stsongs&year=2026&month=02&day=16
2026,stsongs,2026-02-11,11,NON STOP,HANA,https://www.billboard-japan.com/charts/detail?a=stsongs&year=2026&month=02&day=16
2026,stsongs,2026-02-11,12,夢中,BE:FIRST,https://www.billboard-japan.com/charts/detail?a=stsongs&year=2026&month=02&day=16
2026,stsongs,2026-02-11,13,3XL,Number_i,https://www.billboard-japan.com/charts/detail?a=stsongs&year=2026&month=02&day=16
2026,stsongs,2026-02-11,14,Soranji,Mrs.GREEN APPLE,https://www.billboard-japan.com/charts/detail?a=stsongs&year=2026&month=02&day=16
2026,stsongs,2026-02-11,15,カリスマックス,Snow Man,https://www.billboard-japan.com/charts/detail?a=stsongs&year=2026&month=02&day=16
2026,stsongs,2026-02-11,16,怪獣,サカナクション,https://www.billboard-japan.com/charts/detail?a=stsongs&year=2026&month=02&day=16
2026,stsongs,2026-02-11,17,JANE DOE,"米津玄師, 宇多田ヒカル",https://www.billboard-japan.com/charts/detail?a=stsongs&year=2026&month=02&day=16
2026,stsongs,2026-02-11,18,ブルーアンバー,back number,https://www.billboard-japan.com/charts/detail?a=stsongs&year=2026&month=02&day=16
2026,stsongs,2026-02-11,19,Golden,HUNTR/X,https://www.billboard-japan.com/charts/detail?a=stsongs&year=2026&month=02&day=16
2026,stsongs,2026-02-11,20,ケセラセラ,Mrs.GREEN APPLE,https://www.billboard-japan.com/charts/detail?a=stsongs&year=2026&month=02&day=16
2026,stsongs,2026-02-11,21,ヒロイン,back number,https://www.billboard-japan.com/charts/detail?a=stsongs&year=2026&month=02&day=16
2026,stsongs,2026-02-11,22,Tiger,HANA,https://www.billboard-japan.com/charts/detail?a=stsongs&year=2026&month=02&day=16
2026,stsongs,2026-02-11,23,Theater,King & Prince,https://www.billboard-japan.com/charts/detail?a=stsongs&year=2026&month=02&day=16
2026,stsongs,2026-02-11,24,GOOD DAY,Mrs.GREEN APPLE,https://www.billboard-japan.com/charts/detail?a=stsongs&year=2026&month=02&day=16
2026,stsongs,2026-02-11,25,花束,back number,https://www.billboard-japan.com/charts/detail?a=stsongs&year=2026&month=02&day=16
2026,stsongs,2026-02-11,26,点描の唄 feat.井上苑子,Mrs.GREEN APPLE,https://www.billboard-japan.com/charts/detail?a=stsongs&year=2026&month=02&day=16
2026,stsongs,2026-02-11,27,ハッピーエンド,back number,https://www.billboard-japan.com/charts/detail?a=stsongs&year=2026&month=02&day=16
2026,stsongs,2026-02-11,28,高嶺の花子さん,back number,https://www.billboard-japan.com/charts/detail?a=stsongs&year=2026&month=02&day=16
2026,stsongs,2026-02-11,29,僕のこと,Mrs.GREEN APPLE,https://www.billboard-japan.com/charts/detail?a=stsongs&year=2026&month=02&day=16
2026,stsongs,2026-02-11,30,My Body,HANA,https://www.billboard-japan.com/charts/detail?a=stsongs&year=2026&month=02&day=16
2026,stsongs,2026-02-11,31,SAD SONG,ちゃんみな,https://www.billboard-japan.com/charts/detail?a=stsongs&year=2026&month=02&day=16
2026,stsongs,2026-02-11,32,クスシキ,Mrs.GREEN APPLE,https://www.billboard-japan.com/charts/detail?a=stsongs&year=2026&month=02&day=16
2026,stsongs,2026-02-11,33,TEST ME,ちゃんみな,https://www.billboard-japan.com/charts/detail?a=stsongs&year=2026&month=02&day=16
2026,stsongs,2026-02-11,34,怪獣の花唄,Vaundy,https://www.billboard-japan.com/charts/detail?a=stsongs&year=2026&month=02&day=16
2026,stsongs,2026-02-11,35,水平線,back number,https://www.billboard-japan.com/charts/detail?a=stsongs&year=2026&month=02&day=16
2026,stsongs,2026-02-11,36,ズー,シャキーラ,https://www.billboard-japan.com/charts/detail?a=stsongs&year=2026&month=02&day=16
2026,stsongs,2026-02-11,37,青と夏,Mrs.GREEN APPLE,https://www.billboard-japan.com/charts/detail?a=stsongs&year=2026&month=02&day=16
2026,stsongs,2026-02-11,38,とくべチュ、して,=LOVE,https://www.billboard-japan.com/charts/detail?a=stsongs&year=2026&month=02&day=16
2026,stsongs,2026-02-11,39,シルエット,KANA-BOON,https://www.billboard-japan.com/charts/detail?a=stsongs&year=2026&month=02&day=16
2026,stsongs,2026-02-11,40,ハレンチ,ちゃんみな,https://www.billboard-japan.com/charts/detail?a=stsongs&year=2026&month=02&day=16
2026,stsongs,2026-02-11,41,Drop,HANA,https://www.billboard-japan.com/charts/detail?a=stsongs&year=2026&month=02&day=16
2026,stsongs,2026-02-11,42,HAPPY BIRTHDAY,back number,https://www.billboard-japan.com/charts/detail?a=stsongs&year=2026&month=02&day=16
2026,stsongs,2026-02-11,43,BAD LOVE,HANA,https://www.billboard-japan.com/charts/detail?a=stsongs&year=2026&month=02&day=16
2026,stsongs,2026-02-11,44,STARS,Snow Man,https://www.billboard-japan.com/charts/detail?a=stsongs&year=2026&month=02&day=16
2026,stsongs,2026-02-11,45,セレナーデ,なとり,https://www.billboard-japan.com/charts/detail?a=stsongs&year=2026&month=02&day=16
2026,stsongs,2026-02-11,46,NOW,原因は自分にある。,https://www.billboard-japan.com/charts/detail?a=stsongs&year=2026&month=02&day=16
2026,stsongs,2026-02-11,47,クリフハンガー,日向坂46,https://www.billboard-japan.com/charts/detail?a=stsongs&year=2026&month=02&day=16
2026,stsongs,2026-02-11,48,恋風,幾田りら,https://www.billboard-japan.com/charts/detail?a=stsongs&year=2026&month=02&day=16
2026,stsongs,2026-02-11,49,Burning Flower,HANA,https://www.billboard-japan.com/charts/detail?a=stsongs&year=2026&month=02&day=16
2026,stsongs,2026-02-11,50,ダンスホール,Mrs.GREEN APPLE,https://www.billboard-japan.com/charts/detail?a=stsongs&year=2026&month=02&day=16
2026,stsongs,2026-02-11,51,Don't Say You Love Me,JIN,https://www.billboard-japan.com/charts/detail?a=stsongs&year=2026&month=02&day=16
2026,stsongs,2026-02-11,52,HYPNOTIZE,XG,https://www.billboard-japan.com/charts/detail?a=stsongs&year=2026&month=02&day=16
2026,stsongs,2026-02-11,53,LOVE 2000,鶴 and 亀,https://www.billboard-japan.com/charts/detail?a=stsongs&year=2026&month=02&day=16
2026,stsongs,2026-02-11,54,BANQUET BANG,MAZZEL,https://www.billboard-japan.com/charts/detail?a=stsongs&year=2026&month=02&day=16
2026,stsongs,2026-02-11,55,Never Grow Up,ちゃんみな,https://www.billboard-japan.com/charts/detail?a=stsongs&year=2026&month=02&day=16
2026,stsongs,2026-02-11,56,Again,Mr.Children,https://www.billboard-japan.com/charts/detail?a=stsongs&year=2026&month=02&day=16
2026,stsongs,2026-02-11,57,幾億光年,Omoinotake,https://www.billboard-japan.com/charts/detail?a=stsongs&year=2026&month=02&day=16
2026,stsongs,2026-02-11,58,ファンファーレ,玉置浩二,https://www.billboard-japan.com/charts/detail?a=stsongs&year=2026&month=02&day=16
2026,stsongs,2026-02-11,59,イイじゃん,M!LK,https://www.billboard-japan.com/charts/detail?a=stsongs&year=2026&month=02&day=16
2026,stsongs,2026-02-11,60,どうしてもどうしても,back number,https://www.billboard-japan.com/charts/detail?a=stsongs&year=2026&month=02&day=16
2026,stsongs,2026-02-11,61,インフェルノ,Mrs.GREEN APPLE,https://www.billboard-japan.com/charts/detail?a=stsongs&year=2026&month=02&day=16
2026,stsongs,2026-02-11,62,Lemon,米津玄師,https://www.billboard-japan.com/charts/detail?a=stsongs&year=2026&month=02&day=16
2026,stsongs,2026-02-11,63,SPECIALZ,King Gnu,https://www.billboard-japan.com/charts/detail?a=stsongs&year=2026&month=02&day=16
2026,stsongs,2026-02-11,64,らしさ,Official髭男dism,https://www.billboard-japan.com/charts/detail?a=stsongs&year=2026&month=02&day=16
2026,stsongs,2026-02-11,65,Subtitle,Official髭男dism,https://www.billboard-japan.com/charts/detail?a=stsongs&year=2026&month=02&day=16
2026,stsongs,2026-02-11,66,プロポーズ,なとり,https://www.billboard-japan.com/charts/detail?a=stsongs&year=2026&month=02&day=16
2026,stsongs,2026-02-11,67,クリスマスソング,back number,https://www.billboard-japan.com/charts/detail?a=stsongs&year=2026&month=02&day=16
2026,stsongs,2026-02-11,68,KICK BACK,米津玄師,https://www.billboard-japan.com/charts/detail?a=stsongs&year=2026&month=02&day=16
2026,stsongs,2026-02-11,69,倍倍FIGHT!,CANDY TUNE,https://www.billboard-japan.com/charts/detail?a=stsongs&year=2026&month=02&day=16
2026,stsongs,2026-02-11,70,breakfast,Mrs.GREEN APPLE,https://www.billboard-japan.com/charts/detail?a=stsongs&year=2026&month=02&day=16
2026,stsongs,2026-02-11,71,茜,ヨルシカ,https://www.billboard-japan.com/charts/detail?a=stsongs&year=2026&month=02&day=16
2026,stsongs,2026-02-11,72,マリーゴールド,あいみょん,https://www.billboard-japan.com/charts/detail?a=stsongs&year=2026&month=02&day=16
2026,stsongs,2026-02-11,73,MONTAGEM HIKARI,BellyJay,https://www.billboard-japan.com/charts/detail?a=stsongs&year=2026&month=02&day=16
2026,stsongs,2026-02-11,74,君の恋人になったら,back number,https://www.billboard-japan.com/charts/detail?a=stsongs&year=2026&month=02&day=16
2026,stsongs,2026-02-11,75,Magic,Mrs.GREEN APPLE,https://www.billboard-japan.com/charts/detail?a=stsongs&year=2026&month=02&day=16
2026,stsongs,2026-02-11,76,Pretender,Official髭男dism,https://www.billboard-japan.com/charts/detail?a=stsongs&year=2026&month=02&day=16
2026,stsongs,2026-02-11,77,恋,back number,https://www.billboard-japan.com/charts/detail?a=stsongs&year=2026&month=02&day=16
2026,stsongs,2026-02-11,78,ラブソングに襲われる,=LOVE,https://www.billboard-japan.com/charts/detail?a=stsongs&year=2026&month=02&day=16
2026,stsongs,2026-02-11,79,アゲハ蝶,ポルノグラフィティ,https://www.billboard-japan.com/charts/detail?a=stsongs&year=2026&month=02&day=16
2026,stsongs,2026-02-11,80,呼び声,Vaundy,https://www.billboard-japan.com/charts/detail?a=stsongs&year=2026&month=02&day=16
2026,stsongs,2026-02-11,81,晩餐歌,tuki.,https://www.billboard-japan.com/charts/detail?a=stsongs&year=2026&month=02&day=16
2026,stsongs,2026-02-11,82,アイラブユー,back number,https://www.billboard-japan.com/charts/detail?a=stsongs&year=2026&month=02&day=16
2026,stsongs,2026-02-11,83,さよーならまたいつか！,米津玄師,https://www.billboard-japan.com/charts/detail?a=stsongs&year=2026&month=02&day=16
2026,stsongs,2026-02-11,84,オールドファッション,back number,https://www.billboard-japan.com/charts/detail?a=stsongs&year=2026&month=02&day=16
2026,stsongs,2026-02-11,85,新宝島,サカナクション,https://www.billboard-japan.com/charts/detail?a=stsongs&year=2026&month=02&day=16
2026,stsongs,2026-02-11,86,Almond Chocolate,ILLIT,https://www.billboard-japan.com/charts/detail?a=stsongs&year=2026&month=02&day=16
2026,stsongs,2026-02-11,87,GOD_i,Number_i,https://www.billboard-japan.com/charts/detail?a=stsongs&year=2026&month=02&day=16
2026,stsongs,2026-02-11,88,瞬き,back number,https://www.billboard-japan.com/charts/detail?a=stsongs&year=2026&month=02&day=16
2026,stsongs,2026-02-11,89,きらり,藤井風,https://www.billboard-japan.com/charts/detail?a=stsongs&year=2026&month=02&day=16
2026,stsongs,2026-02-11,90,白日,King Gnu,https://www.billboard-japan.com/charts/detail?a=stsongs&year=2026&month=02&day=16
2026,stsongs,2026-02-11,91,1991,米津玄師,https://www.billboard-japan.com/charts/detail?a=stsongs&year=2026&month=02&day=16
2026,stsongs,2026-02-11,92,満ちてゆく,藤井風,https://www.billboard-japan.com/charts/detail?a=stsongs&year=2026&month=02&day=16
2026,stsongs,2026-02-11,93,怪盗,back number,https://www.billboard-japan.com/charts/detail?a=stsongs&year=2026&month=02&day=16
2026,stsongs,2026-02-11,94,B級,ちゃんみな,https://www.billboard-japan.com/charts/detail?a=stsongs&year=2026&month=02&day=16
2026,stsongs,2026-02-11,95,ドライフラワー,優里,https://www.billboard-japan.com/charts/detail?a=stsongs&year=2026&month=02&day=16
2026,stsongs,2026-02-11,96,LAVALAVA,Number_i,https://www.billboard-japan.com/charts/detail?a=stsongs&year=2026&month=02&day=16
2026,stsongs,2026-02-11,97,me me she,RADWIMPS,https://www.billboard-japan.com/charts/detail?a=stsongs&year=2026&month=02&day=16
2026,stsongs,2026-02-11,98,アイドル,YOASOBI,https://www.billboard-japan.com/charts/detail?a=stsongs&year=2026&month=02&day=16
2026,stsongs,2026-02-11,99,115万キロのフィルム,Official髭男dism,https://www.billboard-japan.com/charts/detail?a=stsongs&year=2026&month=02&day=16
2026,stsongs,2026-02-11,100,幸せ,back number,https://www.billboard-japan.com/charts/detail?a=stsongs&year=2026&month=02&day=16
2026,stsongs,2026-02-18,1,IRIS OUT,米津玄師,https://www.billboard-japan.com/charts/detail?a=stsongs&year=2026&month=02&day=23
2026,stsongs,2026-02-18,2,lulu.,Mrs.GREEN APPLE,https://www.billboard-japan.com/charts/detail?a=stsongs&year=2026&month=02&day=23
2026,stsongs,2026-02-18,3,AIZO,King Gnu,https://www.billboard-japan.com/charts/detail?a=stsongs&year=2026&month=02&day=23
2026,stsongs,2026-02-18,4,好きすぎて滅!,M!LK,https://www.billboard-japan.com/charts/detail?a=stsongs&year=2026&month=02&day=23
2026,stsongs,2026-02-18,5,爆裂愛してる,M!LK,https://www.billboard-japan.com/charts/detail?a=stsongs&year=2026&month=02&day=23
2026,stsongs,2026-02-18,6,Blue Jeans,HANA,https://www.billboard-japan.com/charts/detail?a=stsongs&year=2026&month=02&day=23
2026,stsongs,2026-02-18,7,ライラック,Mrs.GREEN APPLE,https://www.billboard-japan.com/charts/detail?a=stsongs&year=2026&month=02&day=23
2026,stsongs,2026-02-18,8,ROSE,HANA,https://www.billboard-japan.com/charts/detail?a=stsongs&year=2026&month=02&day=23
2026,stsongs,2026-02-18,9,ダーリン,Mrs.GREEN APPLE,https://www.billboard-japan.com/charts/detail?a=stsongs&year=2026&month=02&day=23
2026,stsongs,2026-02-18,10,革命道中,アイナ・ジ・エンド,https://www.billboard-japan.com/charts/detail?a=stsongs&year=2026&month=02&day=23
2026,stsongs,2026-02-18,11,夢中,BE:FIRST,https://www.billboard-japan.com/charts/detail?a=stsongs&year=2026&month=02&day=23
2026,stsongs,2026-02-18,12,Soranji,Mrs.GREEN APPLE,https://www.billboard-japan.com/charts/detail?a=stsongs&year=2026&month=02&day=23
2026,stsongs,2026-02-18,13,Cold Night,HANA,https://www.billboard-japan.com/charts/detail?a=stsongs&year=2026&month=02&day=23
2026,stsongs,2026-02-18,14,怪獣,サカナクション,https://www.billboard-japan.com/charts/detail?a=stsongs&year=2026&month=02&day=23
2026,stsongs,2026-02-18,15,NON STOP,HANA,https://www.billboard-japan.com/charts/detail?a=stsongs&year=2026&month=02&day=23
2026,stsongs,2026-02-18,16,カリスマックス,Snow Man,https://www.billboard-japan.com/charts/detail?a=stsongs&year=2026&month=02&day=23
2026,stsongs,2026-02-18,17,JANE DOE,"米津玄師, 宇多田ヒカル",https://www.billboard-japan.com/charts/detail?a=stsongs&year=2026&month=02&day=23
2026,stsongs,2026-02-18,18,3XL,Number_i,https://www.billboard-japan.com/charts/detail?a=stsongs&year=2026&month=02&day=23
2026,stsongs,2026-02-18,19,ブルーアンバー,back number,https://www.billboard-japan.com/charts/detail?a=stsongs&year=2026&month=02&day=23
2026,stsongs,2026-02-18,20,Golden,HUNTR/X,https://www.billboard-japan.com/charts/detail?a=stsongs&year=2026&month=02&day=23
2026,stsongs,2026-02-18,21,ケセラセラ,Mrs.GREEN APPLE,https://www.billboard-japan.com/charts/detail?a=stsongs&year=2026&month=02&day=23
2026,stsongs,2026-02-18,22,ヒロイン,back number,https://www.billboard-japan.com/charts/detail?a=stsongs&year=2026&month=02&day=23
2026,stsongs,2026-02-18,23,BANG BANG,IVE,https://www.billboard-japan.com/charts/detail?a=stsongs&year=2026&month=02&day=23
2026,stsongs,2026-02-18,24,点描の唄 feat.井上苑子,Mrs.GREEN APPLE,https://www.billboard-japan.com/charts/detail?a=stsongs&year=2026&month=02&day=23
2026,stsongs,2026-02-18,25,Tiger,HANA,https://www.billboard-japan.com/charts/detail?a=stsongs&year=2026&month=02&day=23
2026,stsongs,2026-02-18,26,高嶺の花子さん,back number,https://www.billboard-japan.com/charts/detail?a=stsongs&year=2026&month=02&day=23
2026,stsongs,2026-02-18,27,花束,back number,https://www.billboard-japan.com/charts/detail?a=stsongs&year=2026&month=02&day=23
2026,stsongs,2026-02-18,28,怪獣の花唄,Vaundy,https://www.billboard-japan.com/charts/detail?a=stsongs&year=2026&month=02&day=23
2026,stsongs,2026-02-18,29,ハッピーエンド,back number,https://www.billboard-japan.com/charts/detail?a=stsongs&year=2026&month=02&day=23
2026,stsongs,2026-02-18,30,僕のこと,Mrs.GREEN APPLE,https://www.billboard-japan.com/charts/detail?a=stsongs&year=2026&month=02&day=23
2026,stsongs,2026-02-18,31,いらない,サカナクション,https://www.billboard-japan.com/charts/detail?a=stsongs&year=2026&month=02&day=23
2026,stsongs,2026-02-18,32,GOOD DAY,Mrs.GREEN APPLE,https://www.billboard-japan.com/charts/detail?a=stsongs&year=2026&month=02&day=23
2026,stsongs,2026-02-18,33,クスシキ,Mrs.GREEN APPLE,https://www.billboard-japan.com/charts/detail?a=stsongs&year=2026&month=02&day=23
2026,stsongs,2026-02-18,34,Theater,King & Prince,https://www.billboard-japan.com/charts/detail?a=stsongs&year=2026&month=02&day=23
2026,stsongs,2026-02-18,35,SAD SONG,ちゃんみな,https://www.billboard-japan.com/charts/detail?a=stsongs&year=2026&month=02&day=23
2026,stsongs,2026-02-18,36,水平線,back number,https://www.billboard-japan.com/charts/detail?a=stsongs&year=2026&month=02&day=23
2026,stsongs,2026-02-18,37,青と夏,Mrs.GREEN APPLE,https://www.billboard-japan.com/charts/detail?a=stsongs&year=2026&month=02&day=23
2026,stsongs,2026-02-18,38,My Body,HANA,https://www.billboard-japan.com/charts/detail?a=stsongs&year=2026&month=02&day=23
2026,stsongs,2026-02-18,39,TEST ME,ちゃんみな,https://www.billboard-japan.com/charts/detail?a=stsongs&year=2026&month=02&day=23
2026,stsongs,2026-02-18,40,シルエット,KANA-BOON,https://www.billboard-japan.com/charts/detail?a=stsongs&year=2026&month=02&day=23
2026,stsongs,2026-02-18,41,ズー,シャキーラ,https://www.billboard-japan.com/charts/detail?a=stsongs&year=2026&month=02&day=23
2026,stsongs,2026-02-18,42,どうしてもどうしても,back number,https://www.billboard-japan.com/charts/detail?a=stsongs&year=2026&month=02&day=23
2026,stsongs,2026-02-18,43,ハレンチ,ちゃんみな,https://www.billboard-japan.com/charts/detail?a=stsongs&year=2026&month=02&day=23
2026,stsongs,2026-02-18,44,とくべチュ、して,=LOVE,https://www.billboard-japan.com/charts/detail?a=stsongs&year=2026&month=02&day=23
2026,stsongs,2026-02-18,45,The growing up train,櫻坂46,https://www.billboard-japan.com/charts/detail?a=stsongs&year=2026&month=02&day=23
2026,stsongs,2026-02-18,46,HAPPY BIRTHDAY,back number,https://www.billboard-japan.com/charts/detail?a=stsongs&year=2026&month=02&day=23
2026,stsongs,2026-02-18,47,恋風,幾田りら,https://www.billboard-japan.com/charts/detail?a=stsongs&year=2026&month=02&day=23
2026,stsongs,2026-02-18,48,Drop,HANA,https://www.billboard-japan.com/charts/detail?a=stsongs&year=2026&month=02&day=23
2026,stsongs,2026-02-18,49,セレナーデ,なとり,https://www.billboard-japan.com/charts/detail?a=stsongs&year=2026&month=02&day=23
2026,stsongs,2026-02-18,50,BAD LOVE,HANA,https://www.billboard-japan.com/charts/detail?a=stsongs&year=2026&month=02&day=23
2026,stsongs,2026-02-18,51,ダンスホール,Mrs.GREEN APPLE,https://www.billboard-japan.com/charts/detail?a=stsongs&year=2026&month=02&day=23
2026,stsongs,2026-02-18,52,Burning Flower,HANA,https://www.billboard-japan.com/charts/detail?a=stsongs&year=2026&month=02&day=23
2026,stsongs,2026-02-18,53,HYPNOTIZE,XG,https://www.billboard-japan.com/charts/detail?a=stsongs&year=2026&month=02&day=23
2026,stsongs,2026-02-18,54,STARS,Snow Man,https://www.billboard-japan.com/charts/detail?a=stsongs&year=2026&month=02&day=23
2026,stsongs,2026-02-18,55,Never Grow Up,ちゃんみな,https://www.billboard-japan.com/charts/detail?a=stsongs&year=2026&month=02&day=23
2026,stsongs,2026-02-18,56,イイじゃん,M!LK,https://www.billboard-japan.com/charts/detail?a=stsongs&year=2026&month=02&day=23
2026,stsongs,2026-02-18,57,幾億光年,Omoinotake,https://www.billboard-japan.com/charts/detail?a=stsongs&year=2026&month=02&day=23
2026,stsongs,2026-02-18,58,MONTAGEM HIKARI,BellyJay,https://www.billboard-japan.com/charts/detail?a=stsongs&year=2026&month=02&day=23
2026,stsongs,2026-02-18,59,Don't Say You Love Me,JIN,https://www.billboard-japan.com/charts/detail?a=stsongs&year=2026&month=02&day=23
2026,stsongs,2026-02-18,60,インフェルノ,Mrs.GREEN APPLE,https://www.billboard-japan.com/charts/detail?a=stsongs&year=2026&month=02&day=23
2026,stsongs,2026-02-18,61,ファンファーレ,玉置浩二,https://www.billboard-japan.com/charts/detail?a=stsongs&year=2026&month=02&day=23
2026,stsongs,2026-02-18,62,Lemon,米津玄師,https://www.billboard-japan.com/charts/detail?a=stsongs&year=2026&month=02&day=23
2026,stsongs,2026-02-18,63,Subtitle,Official髭男dism,https://www.billboard-japan.com/charts/detail?a=stsongs&year=2026&month=02&day=23
2026,stsongs,2026-02-18,64,らしさ,Official髭男dism,https://www.billboard-japan.com/charts/detail?a=stsongs&year=2026&month=02&day=23
2026,stsongs,2026-02-18,65,SPECIALZ,King Gnu,https://www.billboard-japan.com/charts/detail?a=stsongs&year=2026&month=02&day=23
2026,stsongs,2026-02-18,66,茜,ヨルシカ,https://www.billboard-japan.com/charts/detail?a=stsongs&year=2026&month=02&day=23
2026,stsongs,2026-02-18,67,呼び声,Vaundy,https://www.billboard-japan.com/charts/detail?a=stsongs&year=2026&month=02&day=23
2026,stsongs,2026-02-18,68,Again,Mr.Children,https://www.billboard-japan.com/charts/detail?a=stsongs&year=2026&month=02&day=23
2026,stsongs,2026-02-18,69,パズル,幾田りら,https://www.billboard-japan.com/charts/detail?a=stsongs&year=2026&month=02&day=23
2026,stsongs,2026-02-18,70,LOVE 2000,鶴 and 亀,https://www.billboard-japan.com/charts/detail?a=stsongs&year=2026&month=02&day=23
2026,stsongs,2026-02-18,71,Pretender,Official髭男dism,https://www.billboard-japan.com/charts/detail?a=stsongs&year=2026&month=02&day=23
2026,stsongs,2026-02-18,72,NOW,原因は自分にある。,https://www.billboard-japan.com/charts/detail?a=stsongs&year=2026&month=02&day=23
2026,stsongs,2026-02-18,73,倍倍FIGHT!,CANDY TUNE,https://www.billboard-japan.com/charts/detail?a=stsongs&year=2026&month=02&day=23
2026,stsongs,2026-02-18,74,マリーゴールド,あいみょん,https://www.billboard-japan.com/charts/detail?a=stsongs&year=2026&month=02&day=23
2026,stsongs,2026-02-18,75,Magic,Mrs.GREEN APPLE,https://www.billboard-japan.com/charts/detail?a=stsongs&year=2026&month=02&day=23
2026,stsongs,2026-02-18,76,KICK BACK,米津玄師,https://www.billboard-japan.com/charts/detail?a=stsongs&year=2026&month=02&day=23
2026,stsongs,2026-02-18,77,君の恋人になったら,back number,https://www.billboard-japan.com/charts/detail?a=stsongs&year=2026&month=02&day=23
2026,stsongs,2026-02-18,78,breakfast,Mrs.GREEN APPLE,https://www.billboard-japan.com/charts/detail?a=stsongs&year=2026&month=02&day=23
2026,stsongs,2026-02-18,79,恋,back number,https://www.billboard-japan.com/charts/detail?a=stsongs&year=2026&month=02&day=23
2026,stsongs,2026-02-18,80,Almond Chocolate,ILLIT,https://www.billboard-japan.com/charts/detail?a=stsongs&year=2026&month=02&day=23
2026,stsongs,2026-02-18,81,晩餐歌,tuki.,https://www.billboard-japan.com/charts/detail?a=stsongs&year=2026&month=02&day=23
2026,stsongs,2026-02-18,82,プロポーズ,なとり,https://www.billboard-japan.com/charts/detail?a=stsongs&year=2026&month=02&day=23
2026,stsongs,2026-02-18,83,クリスマスソング,back number,https://www.billboard-japan.com/charts/detail?a=stsongs&year=2026&month=02&day=23
2026,stsongs,2026-02-18,84,新宝島,サカナクション,https://www.billboard-japan.com/charts/detail?a=stsongs&year=2026&month=02&day=23
2026,stsongs,2026-02-18,85,白日,King Gnu,https://www.billboard-japan.com/charts/detail?a=stsongs&year=2026&month=02&day=23
2026,stsongs,2026-02-18,86,ドライフラワー,優里,https://www.billboard-japan.com/charts/detail?a=stsongs&year=2026&month=02&day=23
2026,stsongs,2026-02-18,87,アゲハ蝶,ポルノグラフィティ,https://www.billboard-japan.com/charts/detail?a=stsongs&year=2026&month=02&day=23
2026,stsongs,2026-02-18,88,怪盗,back number,https://www.billboard-japan.com/charts/detail?a=stsongs&year=2026&month=02&day=23
2026,stsongs,2026-02-18,89,アイラブユー,back number,https://www.billboard-japan.com/charts/detail?a=stsongs&year=2026&month=02&day=23
2026,stsongs,2026-02-18,90,きらり,藤井風,https://www.billboard-japan.com/charts/detail?a=stsongs&year=2026&month=02&day=23
2026,stsongs,2026-02-18,91,オールドファッション,back number,https://www.billboard-japan.com/charts/detail?a=stsongs&year=2026&month=02&day=23
2026,stsongs,2026-02-18,92,さよーならまたいつか！,米津玄師,https://www.billboard-japan.com/charts/detail?a=stsongs&year=2026&month=02&day=23
2026,stsongs,2026-02-18,93,ラブソングに襲われる,=LOVE,https://www.billboard-japan.com/charts/detail?a=stsongs&year=2026&month=02&day=23
2026,stsongs,2026-02-18,94,B級,ちゃんみな,https://www.billboard-japan.com/charts/detail?a=stsongs&year=2026&month=02&day=23
2026,stsongs,2026-02-18,95,満ちてゆく,藤井風,https://www.billboard-japan.com/charts/detail?a=stsongs&year=2026&month=02&day=23
2026,stsongs,2026-02-18,96,me me she,RADWIMPS,https://www.billboard-japan.com/charts/detail?a=stsongs&year=2026&month=02&day=23
2026,stsongs,2026-02-18,97,アイドル,YOASOBI,https://www.billboard-japan.com/charts/detail?a=stsongs&year=2026&month=02&day=23
2026,stsongs,2026-02-18,98,愛をこめて花束を,Superfly,https://www.billboard-japan.com/charts/detail?a=stsongs&year=2026&month=02&day=23
2026,stsongs,2026-02-18,99,瞬き,back number,https://www.billboard-japan.com/charts/detail?a=stsongs&year=2026&month=02&day=23
2026,stsongs,2026-02-18,100,GOD_i,Number_i,https://www.billboard-japan.com/charts/detail?a=stsongs&year=2026&month=02&day=23
2026,stsongs,2026-02-25,1,IRIS OUT,米津玄師,https://www.billboard-japan.com/charts/detail?a=stsongs&year=2026&month=03&day=02
2026,stsongs,2026-02-25,2,lulu.,Mrs.GREEN APPLE,https://www.billboard-japan.com/charts/detail?a=stsongs&year=2026&month=03&day=02
2026,stsongs,2026-02-25,3,爆裂愛してる,M!LK,https://www.billboard-japan.com/charts/detail?a=stsongs&year=2026&month=03&day=02
2026,stsongs,2026-02-25,4,好きすぎて滅!,M!LK,https://www.billboard-japan.com/charts/detail?a=stsongs&year=2026&month=03&day=02
2026,stsongs,2026-02-25,5,AIZO,King Gnu,https://www.billboard-japan.com/charts/detail?a=stsongs&year=2026&month=03&day=02
2026,stsongs,2026-02-25,6,Blue Jeans,HANA,https://www.billboard-japan.com/charts/detail?a=stsongs&year=2026&month=03&day=02
2026,stsongs,2026-02-25,7,ライラック,Mrs.GREEN APPLE,https://www.billboard-japan.com/charts/detail?a=stsongs&year=2026&month=03&day=02
2026,stsongs,2026-02-25,8,ROSE,HANA,https://www.billboard-japan.com/charts/detail?a=stsongs&year=2026&month=03&day=02
2026,stsongs,2026-02-25,9,SAD SONG,ちゃんみな,https://www.billboard-japan.com/charts/detail?a=stsongs&year=2026&month=03&day=02
2026,stsongs,2026-02-25,10,ダーリン,Mrs.GREEN APPLE,https://www.billboard-japan.com/charts/detail?a=stsongs&year=2026&month=03&day=02
2026,stsongs,2026-02-25,11,Soranji,Mrs.GREEN APPLE,https://www.billboard-japan.com/charts/detail?a=stsongs&year=2026&month=03&day=02
2026,stsongs,2026-02-25,12,Cold Night,HANA,https://www.billboard-japan.com/charts/detail?a=stsongs&year=2026&month=03&day=02
2026,stsongs,2026-02-25,13,劇薬中毒,=LOVE,https://www.billboard-japan.com/charts/detail?a=stsongs&year=2026&month=03&day=02
2026,stsongs,2026-02-25,14,革命道中,アイナ・ジ・エンド,https://www.billboard-japan.com/charts/detail?a=stsongs&year=2026&month=03&day=02
2026,stsongs,2026-02-25,15,夢中,BE:FIRST,https://www.billboard-japan.com/charts/detail?a=stsongs&year=2026&month=03&day=02
2026,stsongs,2026-02-25,16,怪獣,サカナクション,https://www.billboard-japan.com/charts/detail?a=stsongs&year=2026&month=03&day=02
2026,stsongs,2026-02-25,17,NON STOP,HANA,https://www.billboard-japan.com/charts/detail?a=stsongs&year=2026&month=03&day=02
2026,stsongs,2026-02-25,18,カリスマックス,Snow Man,https://www.billboard-japan.com/charts/detail?a=stsongs&year=2026&month=03&day=02
2026,stsongs,2026-02-25,19,JANE DOE,"米津玄師, 宇多田ヒカル",https://www.billboard-japan.com/charts/detail?a=stsongs&year=2026&month=03&day=02
2026,stsongs,2026-02-25,20,ケセラセラ,Mrs.GREEN APPLE,https://www.billboard-japan.com/charts/detail?a=stsongs&year=2026&month=03&day=02
2026,stsongs,2026-02-25,21,ブルーアンバー,back number,https://www.billboard-japan.com/charts/detail?a=stsongs&year=2026&month=03&day=02
2026,stsongs,2026-02-25,22,ハレンチ,ちゃんみな,https://www.billboard-japan.com/charts/detail?a=stsongs&year=2026&month=03&day=02
2026,stsongs,2026-02-25,23,どうしてもどうしても,back number,https://www.billboard-japan.com/charts/detail?a=stsongs&year=2026&month=03&day=02
2026,stsongs,2026-02-25,24,点描の唄 feat.井上苑子,Mrs.GREEN APPLE,https://www.billboard-japan.com/charts/detail?a=stsongs&year=2026&month=03&day=02
2026,stsongs,2026-02-25,25,The growing up train,櫻坂46,https://www.billboard-japan.com/charts/detail?a=stsongs&year=2026&month=03&day=02
2026,stsongs,2026-02-25,26,Golden,HUNTR/X,https://www.billboard-japan.com/charts/detail?a=stsongs&year=2026&month=03&day=02
2026,stsongs,2026-02-25,27,Tiger,HANA,https://www.billboard-japan.com/charts/detail?a=stsongs&year=2026&month=03&day=02
2026,stsongs,2026-02-25,28,怪獣の花唄,Vaundy,https://www.billboard-japan.com/charts/detail?a=stsongs&year=2026&month=03&day=02
2026,stsongs,2026-02-25,29,ハッピーエンド,back number,https://www.billboard-japan.com/charts/detail?a=stsongs&year=2026&month=03&day=02
2026,stsongs,2026-02-25,30,高嶺の花子さん,back number,https://www.billboard-japan.com/charts/detail?a=stsongs&year=2026&month=03&day=02
2026,stsongs,2026-02-25,31,3XL,Number_i,https://www.billboard-japan.com/charts/detail?a=stsongs&year=2026&month=03&day=02
2026,stsongs,2026-02-25,32,僕のこと,Mrs.GREEN APPLE,https://www.billboard-japan.com/charts/detail?a=stsongs&year=2026&month=03&day=02
2026,stsongs,2026-02-25,33,花束,back number,https://www.billboard-japan.com/charts/detail?a=stsongs&year=2026&month=03&day=02
2026,stsongs,2026-02-25,34,Theater,King & Prince,https://www.billboard-japan.com/charts/detail?a=stsongs&year=2026&month=03&day=02
2026,stsongs,2026-02-25,35,ヒロイン,back number,https://www.billboard-japan.com/charts/detail?a=stsongs&year=2026&month=03&day=02
2026,stsongs,2026-02-25,36,クスシキ,Mrs.GREEN APPLE,https://www.billboard-japan.com/charts/detail?a=stsongs&year=2026&month=03&day=02
2026,stsongs,2026-02-25,37,TEST ME,ちゃんみな,https://www.billboard-japan.com/charts/detail?a=stsongs&year=2026&month=03&day=02
2026,stsongs,2026-02-25,38,BANG BANG,IVE,https://www.billboard-japan.com/charts/detail?a=stsongs&year=2026&month=03&day=02
2026,stsongs,2026-02-25,39,水平線,back number,https://www.billboard-japan.com/charts/detail?a=stsongs&year=2026&month=03&day=02
2026,stsongs,2026-02-25,40,いらない,サカナクション,https://www.billboard-japan.com/charts/detail?a=stsongs&year=2026&month=03&day=02
2026,stsongs,2026-02-25,41,GOOD DAY,Mrs.GREEN APPLE,https://www.billboard-japan.com/charts/detail?a=stsongs&year=2026&month=03&day=02
2026,stsongs,2026-02-25,42,青と夏,Mrs.GREEN APPLE,https://www.billboard-japan.com/charts/detail?a=stsongs&year=2026&month=03&day=02
2026,stsongs,2026-02-25,43,シルエット,KANA-BOON,https://www.billboard-japan.com/charts/detail?a=stsongs&year=2026&month=03&day=02
2026,stsongs,2026-02-25,44,Never Grow Up,ちゃんみな,https://www.billboard-japan.com/charts/detail?a=stsongs&year=2026&month=03&day=02
2026,stsongs,2026-02-25,45,My Body,HANA,https://www.billboard-japan.com/charts/detail?a=stsongs&year=2026&month=03&day=02
2026,stsongs,2026-02-25,46,陰ニモ日向ニモ,Travis Japan,https://www.billboard-japan.com/charts/detail?a=stsongs&year=2026&month=03&day=02
2026,stsongs,2026-02-25,47,HAPPY BIRTHDAY,back number,https://www.billboard-japan.com/charts/detail?a=stsongs&year=2026&month=03&day=02
2026,stsongs,2026-02-25,48,Drop,HANA,https://www.billboard-japan.com/charts/detail?a=stsongs&year=2026&month=03&day=02
2026,stsongs,2026-02-25,49,恋風,幾田りら,https://www.billboard-japan.com/charts/detail?a=stsongs&year=2026&month=03&day=02
2026,stsongs,2026-02-25,50,とくべチュ、して,=LOVE,https://www.billboard-japan.com/charts/detail?a=stsongs&year=2026&month=03&day=02
2026,stsongs,2026-02-25,51,イイじゃん,M!LK,https://www.billboard-japan.com/charts/detail?a=stsongs&year=2026&month=03&day=02
2026,stsongs,2026-02-25,52,ズー,シャキーラ,https://www.billboard-japan.com/charts/detail?a=stsongs&year=2026&month=03&day=02
2026,stsongs,2026-02-25,53,セレナーデ,なとり,https://www.billboard-japan.com/charts/detail?a=stsongs&year=2026&month=03&day=02
2026,stsongs,2026-02-25,54,BAD LOVE,HANA,https://www.billboard-japan.com/charts/detail?a=stsongs&year=2026&month=03&day=02
2026,stsongs,2026-02-25,55,ダンスホール,Mrs.GREEN APPLE,https://www.billboard-japan.com/charts/detail?a=stsongs&year=2026&month=03&day=02
2026,stsongs,2026-02-25,56,MONTAGEM HIKARI,BellyJay,https://www.billboard-japan.com/charts/detail?a=stsongs&year=2026&month=03&day=02
2026,stsongs,2026-02-25,57,Burning Flower,HANA,https://www.billboard-japan.com/charts/detail?a=stsongs&year=2026&month=03&day=02
2026,stsongs,2026-02-25,58,#KISSYOU,BUDDiiS,https://www.billboard-japan.com/charts/detail?a=stsongs&year=2026&month=03&day=02
2026,stsongs,2026-02-25,59,幾億光年,Omoinotake,https://www.billboard-japan.com/charts/detail?a=stsongs&year=2026&month=03&day=02
2026,stsongs,2026-02-25,60,Don't Say You Love Me,JIN,https://www.billboard-japan.com/charts/detail?a=stsongs&year=2026&month=03&day=02
2026,stsongs,2026-02-25,61,インフェルノ,Mrs.GREEN APPLE,https://www.billboard-japan.com/charts/detail?a=stsongs&year=2026&month=03&day=02
2026,stsongs,2026-02-25,62,HYPNOTIZE,XG,https://www.billboard-japan.com/charts/detail?a=stsongs&year=2026&month=03&day=02
2026,stsongs,2026-02-25,63,B級,ちゃんみな,https://www.billboard-japan.com/charts/detail?a=stsongs&year=2026&month=03&day=02
2026,stsongs,2026-02-25,64,STARS,Snow Man,https://www.billboard-japan.com/charts/detail?a=stsongs&year=2026&month=03&day=02
2026,stsongs,2026-02-25,65,ファンファーレ,玉置浩二,https://www.billboard-japan.com/charts/detail?a=stsongs&year=2026&month=03&day=02
2026,stsongs,2026-02-25,66,Lemon,米津玄師,https://www.billboard-japan.com/charts/detail?a=stsongs&year=2026&month=03&day=02
2026,stsongs,2026-02-25,67,Subtitle,Official髭男dism,https://www.billboard-japan.com/charts/detail?a=stsongs&year=2026&month=03&day=02
2026,stsongs,2026-02-25,68,らしさ,Official髭男dism,https://www.billboard-japan.com/charts/detail?a=stsongs&year=2026&month=03&day=02
2026,stsongs,2026-02-25,69,SPECIALZ,King Gnu,https://www.billboard-japan.com/charts/detail?a=stsongs&year=2026&month=03&day=02
2026,stsongs,2026-02-25,70,Pretender,Official髭男dism,https://www.billboard-japan.com/charts/detail?a=stsongs&year=2026&month=03&day=02
2026,stsongs,2026-02-25,71,SAD SONG - From THE FIRST TAKE feat. No No Girls FINALISTS,ちゃんみな,https://www.billboard-japan.com/charts/detail?a=stsongs&year=2026&month=03&day=02
2026,stsongs,2026-02-25,72,パズル,幾田りら,https://www.billboard-japan.com/charts/detail?a=stsongs&year=2026&month=03&day=02
2026,stsongs,2026-02-25,73,Again,Mr.Children,https://www.billboard-japan.com/charts/detail?a=stsongs&year=2026&month=03&day=02
2026,stsongs,2026-02-25,74,マリーゴールド,あいみょん,https://www.billboard-japan.com/charts/detail?a=stsongs&year=2026&month=03&day=02
2026,stsongs,2026-02-25,75,Magic,Mrs.GREEN APPLE,https://www.billboard-japan.com/charts/detail?a=stsongs&year=2026&month=03&day=02
2026,stsongs,2026-02-25,76,君の恋人になったら,back number,https://www.billboard-japan.com/charts/detail?a=stsongs&year=2026&month=03&day=02
2026,stsongs,2026-02-25,77,新宝島,サカナクション,https://www.billboard-japan.com/charts/detail?a=stsongs&year=2026&month=03&day=02
2026,stsongs,2026-02-25,78,倍倍FIGHT!,CANDY TUNE,https://www.billboard-japan.com/charts/detail?a=stsongs&year=2026&month=03&day=02
2026,stsongs,2026-02-25,79,KICK BACK,米津玄師,https://www.billboard-japan.com/charts/detail?a=stsongs&year=2026&month=03&day=02
2026,stsongs,2026-02-25,80,breakfast,Mrs.GREEN APPLE,https://www.billboard-japan.com/charts/detail?a=stsongs&year=2026&month=03&day=02
2026,stsongs,2026-02-25,81,燦然,SUPER BEAVER,https://www.billboard-japan.com/charts/detail?a=stsongs&year=2026&month=03&day=02
2026,stsongs,2026-02-25,82,恋,back number,https://www.billboard-japan.com/charts/detail?a=stsongs&year=2026&month=03&day=02
2026,stsongs,2026-02-25,83,晩餐歌,tuki.,https://www.billboard-japan.com/charts/detail?a=stsongs&year=2026&month=03&day=02
2026,stsongs,2026-02-25,84,白日,King Gnu,https://www.billboard-japan.com/charts/detail?a=stsongs&year=2026&month=03&day=02
2026,stsongs,2026-02-25,85,プロポーズ,なとり,https://www.billboard-japan.com/charts/detail?a=stsongs&year=2026&month=03&day=02
2026,stsongs,2026-02-25,86,ドライフラワー,優里,https://www.billboard-japan.com/charts/detail?a=stsongs&year=2026&month=03&day=02
2026,stsongs,2026-02-25,87,Almond Chocolate,ILLIT,https://www.billboard-japan.com/charts/detail?a=stsongs&year=2026&month=03&day=02
2026,stsongs,2026-02-25,88,きらり,藤井風,https://www.billboard-japan.com/charts/detail?a=stsongs&year=2026&month=03&day=02
2026,stsongs,2026-02-25,89,呼び声,Vaundy,https://www.billboard-japan.com/charts/detail?a=stsongs&year=2026&month=03&day=02
2026,stsongs,2026-02-25,90,アイドル,YOASOBI,https://www.billboard-japan.com/charts/detail?a=stsongs&year=2026&month=03&day=02
2026,stsongs,2026-02-25,91,ラブソングに襲われる,=LOVE,https://www.billboard-japan.com/charts/detail?a=stsongs&year=2026&month=03&day=02
2026,stsongs,2026-02-25,92,満ちてゆく,藤井風,https://www.billboard-japan.com/charts/detail?a=stsongs&year=2026&month=03&day=02
2026,stsongs,2026-02-25,93,クリスマスソング,back number,https://www.billboard-japan.com/charts/detail?a=stsongs&year=2026&month=03&day=02
2026,stsongs,2026-02-25,94,さよーならまたいつか！,米津玄師,https://www.billboard-japan.com/charts/detail?a=stsongs&year=2026&month=03&day=02
2026,stsongs,2026-02-25,95,アゲハ蝶,ポルノグラフィティ,https://www.billboard-japan.com/charts/detail?a=stsongs&year=2026&month=03&day=02
2026,stsongs,2026-02-25,96,オールドファッション,back number,https://www.billboard-japan.com/charts/detail?a=stsongs&year=2026&month=03&day=02
2026,stsongs,2026-02-25,97,怪盗,back number,https://www.billboard-japan.com/charts/detail?a=stsongs&year=2026&month=03&day=02
2026,stsongs,2026-02-25,98,愛をこめて花束を,Superfly,https://www.billboard-japan.com/charts/detail?a=stsongs&year=2026&month=03&day=02
2026,stsongs,2026-02-25,99,アイラブユー,back number,https://www.billboard-japan.com/charts/detail?a=stsongs&year=2026&month=03&day=02
2026,stsongs,2026-02-25,100,me me she,RADWIMPS,https://www.billboard-japan.com/charts/detail?a=stsongs&year=2026&month=03&day=02
2026,stsongs,2026-03-04,1,IRIS OUT,米津玄師,https://www.billboard-japan.com/charts/detail?a=stsongs&year=2026&month=03&day=09
2026,stsongs,2026-03-04,2,爆裂愛してる,M!LK,https://www.billboard-japan.com/charts/detail?a=stsongs&year=2026&month=03&day=09
2026,stsongs,2026-03-04,3,lulu.,Mrs.GREEN APPLE,https://www.billboard-japan.com/charts/detail?a=stsongs&year=2026&month=03&day=09
2026,stsongs,2026-03-04,4,好きすぎて滅!,M!LK,https://www.billboard-japan.com/charts/detail?a=stsongs&year=2026&month=03&day=09
2026,stsongs,2026-03-04,5,Blue Jeans,HANA,https://www.billboard-japan.com/charts/detail?a=stsongs&year=2026&month=03&day=09
2026,stsongs,2026-03-04,6,ROSE,HANA,https://www.billboard-japan.com/charts/detail?a=stsongs&year=2026&month=03&day=09
2026,stsongs,2026-03-04,7,AIZO,King Gnu,https://www.billboard-japan.com/charts/detail?a=stsongs&year=2026&month=03&day=09
2026,stsongs,2026-03-04,8,ライラック,Mrs.GREEN APPLE,https://www.billboard-japan.com/charts/detail?a=stsongs&year=2026&month=03&day=09
2026,stsongs,2026-03-04,9,Cold Night,HANA,https://www.billboard-japan.com/charts/detail?a=stsongs&year=2026&month=03&day=09
2026,stsongs,2026-03-04,10,NON STOP,HANA,https://www.billboard-japan.com/charts/detail?a=stsongs&year=2026&month=03&day=09
2026,stsongs,2026-03-04,11,ダーリン,Mrs.GREEN APPLE,https://www.billboard-japan.com/charts/detail?a=stsongs&year=2026&month=03&day=09
2026,stsongs,2026-03-04,12,SAD SONG,ちゃんみな,https://www.billboard-japan.com/charts/detail?a=stsongs&year=2026&month=03&day=09
2026,stsongs,2026-03-04,13,劇薬中毒,=LOVE,https://www.billboard-japan.com/charts/detail?a=stsongs&year=2026&month=03&day=09
2026,stsongs,2026-03-04,14,Soranji,Mrs.GREEN APPLE,https://www.billboard-japan.com/charts/detail?a=stsongs&year=2026&month=03&day=09
2026,stsongs,2026-03-04,15,ALL IN,HANA,https://www.billboard-japan.com/charts/detail?a=stsongs&year=2026&month=03&day=09
2026,stsongs,2026-03-04,16,革命道中,アイナ・ジ・エンド,https://www.billboard-japan.com/charts/detail?a=stsongs&year=2026&month=03&day=09
2026,stsongs,2026-03-04,17,夢中,BE:FIRST,https://www.billboard-japan.com/charts/detail?a=stsongs&year=2026&month=03&day=09
2026,stsongs,2026-03-04,18,カリスマックス,Snow Man,https://www.billboard-japan.com/charts/detail?a=stsongs&year=2026&month=03&day=09
2026,stsongs,2026-03-04,19,怪獣,サカナクション,https://www.billboard-japan.com/charts/detail?a=stsongs&year=2026&month=03&day=09
2026,stsongs,2026-03-04,20,Bloom,HANA,https://www.billboard-japan.com/charts/detail?a=stsongs&year=2026&month=03&day=09
2026,stsongs,2026-03-04,21,JANE DOE,"米津玄師, 宇多田ヒカル",https://www.billboard-japan.com/charts/detail?a=stsongs&year=2026&month=03&day=09
2026,stsongs,2026-03-04,22,Drop,HANA,https://www.billboard-japan.com/charts/detail?a=stsongs&year=2026&month=03&day=09
2026,stsongs,2026-03-04,23,My Body,HANA,https://www.billboard-japan.com/charts/detail?a=stsongs&year=2026&month=03&day=09
2026,stsongs,2026-03-04,24,どうしてもどうしても,back number,https://www.billboard-japan.com/charts/detail?a=stsongs&year=2026&month=03&day=09
2026,stsongs,2026-03-04,25,ケセラセラ,Mrs.GREEN APPLE,https://www.billboard-japan.com/charts/detail?a=stsongs&year=2026&month=03&day=09
2026,stsongs,2026-03-04,26,ブルーアンバー,back number,https://www.billboard-japan.com/charts/detail?a=stsongs&year=2026&month=03&day=09
2026,stsongs,2026-03-04,27,点描の唄 feat.井上苑子,Mrs.GREEN APPLE,https://www.billboard-japan.com/charts/detail?a=stsongs&year=2026&month=03&day=09
2026,stsongs,2026-03-04,28,ハレンチ,ちゃんみな,https://www.billboard-japan.com/charts/detail?a=stsongs&year=2026&month=03&day=09
2026,stsongs,2026-03-04,29,高嶺の花子さん,back number,https://www.billboard-japan.com/charts/detail?a=stsongs&year=2026&month=03&day=09
2026,stsongs,2026-03-04,30,Burning Flower,HANA,https://www.billboard-japan.com/charts/detail?a=stsongs&year=2026&month=03&day=09
2026,stsongs,2026-03-04,31,Golden,HUNTR/X,https://www.billboard-japan.com/charts/detail?a=stsongs&year=2026&month=03&day=09
2026,stsongs,2026-03-04,32,怪獣の花唄,Vaundy,https://www.billboard-japan.com/charts/detail?a=stsongs&year=2026&month=03&day=09
2026,stsongs,2026-03-04,33,僕のこと,Mrs.GREEN APPLE,https://www.billboard-japan.com/charts/detail?a=stsongs&year=2026&month=03&day=09
2026,stsongs,2026-03-04,34,BAD LOVE,HANA,https://www.billboard-japan.com/charts/detail?a=stsongs&year=2026&month=03&day=09
2026,stsongs,2026-03-04,35,花束,back number,https://www.billboard-japan.com/charts/detail?a=stsongs&year=2026&month=03&day=09
2026,stsongs,2026-03-04,36,Tiger,HANA,https://www.billboard-japan.com/charts/detail?a=stsongs&year=2026&month=03&day=09
2026,stsongs,2026-03-04,37,水平線,back number,https://www.billboard-japan.com/charts/detail?a=stsongs&year=2026&month=03&day=09
2026,stsongs,2026-03-04,38,ハッピーエンド,back number,https://www.billboard-japan.com/charts/detail?a=stsongs&year=2026&month=03&day=09
2026,stsongs,2026-03-04,39,ヒロイン,back number,https://www.billboard-japan.com/charts/detail?a=stsongs&year=2026&month=03&day=09
2026,stsongs,2026-03-04,40,クスシキ,Mrs.GREEN APPLE,https://www.billboard-japan.com/charts/detail?a=stsongs&year=2026&month=03&day=09
2026,stsongs,2026-03-04,41,青と夏,Mrs.GREEN APPLE,https://www.billboard-japan.com/charts/detail?a=stsongs&year=2026&month=03&day=09
2026,stsongs,2026-03-04,42,Theater,King & Prince,https://www.billboard-japan.com/charts/detail?a=stsongs&year=2026&month=03&day=09
2026,stsongs,2026-03-04,43,3XL,Number_i,https://www.billboard-japan.com/charts/detail?a=stsongs&year=2026&month=03&day=09
2026,stsongs,2026-03-04,44,オドロウゼ!,Snow Man,https://www.billboard-japan.com/charts/detail?a=stsongs&year=2026&month=03&day=09
2026,stsongs,2026-03-04,45,The growing up train,櫻坂46,https://www.billboard-japan.com/charts/detail?a=stsongs&year=2026&month=03&day=09
2026,stsongs,2026-03-04,46,TEST ME,ちゃんみな,https://www.billboard-japan.com/charts/detail?a=stsongs&year=2026&month=03&day=09
2026,stsongs,2026-03-04,47,GOOD DAY,Mrs.GREEN APPLE,https://www.billboard-japan.com/charts/detail?a=stsongs&year=2026&month=03&day=09
2026,stsongs,2026-03-04,48,Never Grow Up,ちゃんみな,https://www.billboard-japan.com/charts/detail?a=stsongs&year=2026&month=03&day=09
2026,stsongs,2026-03-04,49,シルエット,KANA-BOON,https://www.billboard-japan.com/charts/detail?a=stsongs&year=2026&month=03&day=09
2026,stsongs,2026-03-04,50,BANG BANG,IVE,https://www.billboard-japan.com/charts/detail?a=stsongs&year=2026&month=03&day=09
2026,stsongs,2026-03-04,51,イイじゃん,M!LK,https://www.billboard-japan.com/charts/detail?a=stsongs&year=2026&month=03&day=09
2026,stsongs,2026-03-04,52,恋風,幾田りら,https://www.billboard-japan.com/charts/detail?a=stsongs&year=2026&month=03&day=09
2026,stsongs,2026-03-04,53,とくべチュ、して,=LOVE,https://www.billboard-japan.com/charts/detail?a=stsongs&year=2026&month=03&day=09
2026,stsongs,2026-03-04,54,HAPPY BIRTHDAY,back number,https://www.billboard-japan.com/charts/detail?a=stsongs&year=2026&month=03&day=09
2026,stsongs,2026-03-04,55,いらない,サカナクション,https://www.billboard-japan.com/charts/detail?a=stsongs&year=2026&month=03&day=09
2026,stsongs,2026-03-04,56,セレナーデ,なとり,https://www.billboard-japan.com/charts/detail?a=stsongs&year=2026&month=03&day=09
2026,stsongs,2026-03-04,57,ダンスホール,Mrs.GREEN APPLE,https://www.billboard-japan.com/charts/detail?a=stsongs&year=2026&month=03&day=09
2026,stsongs,2026-03-04,58,ズー,シャキーラ,https://www.billboard-japan.com/charts/detail?a=stsongs&year=2026&month=03&day=09
2026,stsongs,2026-03-04,59,幾億光年,Omoinotake,https://www.billboard-japan.com/charts/detail?a=stsongs&year=2026&month=03&day=09
2026,stsongs,2026-03-04,60,Don't Say You Love Me,JIN,https://www.billboard-japan.com/charts/detail?a=stsongs&year=2026&month=03&day=09
2026,stsongs,2026-03-04,61,インフェルノ,Mrs.GREEN APPLE,https://www.billboard-japan.com/charts/detail?a=stsongs&year=2026&month=03&day=09
2026,stsongs,2026-03-04,62,MONTAGEM HIKARI,BellyJay,https://www.billboard-japan.com/charts/detail?a=stsongs&year=2026&month=03&day=09
2026,stsongs,2026-03-04,63,BLACKHOLE,IVE,https://www.billboard-japan.com/charts/detail?a=stsongs&year=2026&month=03&day=09
2026,stsongs,2026-03-04,64,#KISSYOU,BUDDiiS,https://www.billboard-japan.com/charts/detail?a=stsongs&year=2026&month=03&day=09
2026,stsongs,2026-03-04,65,Subtitle,Official髭男dism,https://www.billboard-japan.com/charts/detail?a=stsongs&year=2026&month=03&day=09
2026,stsongs,2026-03-04,66,Lemon,米津玄師,https://www.billboard-japan.com/charts/detail?a=stsongs&year=2026&month=03&day=09
2026,stsongs,2026-03-04,67,RUDE!,Hearts2Hearts,https://www.billboard-japan.com/charts/detail?a=stsongs&year=2026&month=03&day=09
2026,stsongs,2026-03-04,68,B級,ちゃんみな,https://www.billboard-japan.com/charts/detail?a=stsongs&year=2026&month=03&day=09
2026,stsongs,2026-03-04,69,SPECIALZ,King Gnu,https://www.billboard-japan.com/charts/detail?a=stsongs&year=2026&month=03&day=09
2026,stsongs,2026-03-04,70,HYPNOTIZE,XG,https://www.billboard-japan.com/charts/detail?a=stsongs&year=2026&month=03&day=09
2026,stsongs,2026-03-04,71,Pretender,Official髭男dism,https://www.billboard-japan.com/charts/detail?a=stsongs&year=2026&month=03&day=09
2026,stsongs,2026-03-04,72,マリーゴールド,あいみょん,https://www.billboard-japan.com/charts/detail?a=stsongs&year=2026&month=03&day=09
2026,stsongs,2026-03-04,73,らしさ,Official髭男dism,https://www.billboard-japan.com/charts/detail?a=stsongs&year=2026&month=03&day=09
2026,stsongs,2026-03-04,74,Tiger - HANA with HONEYs Ver.,HANA,https://www.billboard-japan.com/charts/detail?a=stsongs&year=2026&month=03&day=09
2026,stsongs,2026-03-04,75,Magic,Mrs.GREEN APPLE,https://www.billboard-japan.com/charts/detail?a=stsongs&year=2026&month=03&day=09
2026,stsongs,2026-03-04,76,Again,Mr.Children,https://www.billboard-japan.com/charts/detail?a=stsongs&year=2026&month=03&day=09
2026,stsongs,2026-03-04,77,ファンファーレ,玉置浩二,https://www.billboard-japan.com/charts/detail?a=stsongs&year=2026&month=03&day=09
2026,stsongs,2026-03-04,78,君の恋人になったら,back number,https://www.billboard-japan.com/charts/detail?a=stsongs&year=2026&month=03&day=09
2026,stsongs,2026-03-04,79,0.2mm,大森元貴,https://www.billboard-japan.com/charts/detail?a=stsongs&year=2026&month=03&day=09
2026,stsongs,2026-03-04,80,恋,back number,https://www.billboard-japan.com/charts/detail?a=stsongs&year=2026&month=03&day=09
2026,stsongs,2026-03-04,81,パズル,幾田りら,https://www.billboard-japan.com/charts/detail?a=stsongs&year=2026&month=03&day=09
2026,stsongs,2026-03-04,82,白日,King Gnu,https://www.billboard-japan.com/charts/detail?a=stsongs&year=2026&month=03&day=09
2026,stsongs,2026-03-04,83,倍倍FIGHT!,CANDY TUNE,https://www.billboard-japan.com/charts/detail?a=stsongs&year=2026&month=03&day=09
2026,stsongs,2026-03-04,84,幸せ,back number,https://www.billboard-japan.com/charts/detail?a=stsongs&year=2026&month=03&day=09
2026,stsongs,2026-03-04,85,KICK BACK,米津玄師,https://www.billboard-japan.com/charts/detail?a=stsongs&year=2026&month=03&day=09
2026,stsongs,2026-03-04,86,新宝島,サカナクション,https://www.billboard-japan.com/charts/detail?a=stsongs&year=2026&month=03&day=09
2026,stsongs,2026-03-04,87,ドライフラワー,優里,https://www.billboard-japan.com/charts/detail?a=stsongs&year=2026&month=03&day=09
2026,stsongs,2026-03-04,88,breakfast,Mrs.GREEN APPLE,https://www.billboard-japan.com/charts/detail?a=stsongs&year=2026&month=03&day=09
2026,stsongs,2026-03-04,89,きらり,藤井風,https://www.billboard-japan.com/charts/detail?a=stsongs&year=2026&month=03&day=09
2026,stsongs,2026-03-04,90,STARS,Snow Man,https://www.billboard-japan.com/charts/detail?a=stsongs&year=2026&month=03&day=09
2026,stsongs,2026-03-04,91,晩餐歌,tuki.,https://www.billboard-japan.com/charts/detail?a=stsongs&year=2026&month=03&day=09
2026,stsongs,2026-03-04,92,アイドル,YOASOBI,https://www.billboard-japan.com/charts/detail?a=stsongs&year=2026&month=03&day=09
2026,stsongs,2026-03-04,93,SAD SONG - From THE FIRST TAKE feat. No No Girls FINALISTS,ちゃんみな,https://www.billboard-japan.com/charts/detail?a=stsongs&year=2026&month=03&day=09
2026,stsongs,2026-03-04,94,一秒,SixTONES,https://www.billboard-japan.com/charts/detail?a=stsongs&year=2026&month=03&day=09
2026,stsongs,2026-03-04,95,怪盗,back number,https://www.billboard-japan.com/charts/detail?a=stsongs&year=2026&month=03&day=09
2026,stsongs,2026-03-04,96,満ちてゆく,藤井風,https://www.billboard-japan.com/charts/detail?a=stsongs&year=2026&month=03&day=09
2026,stsongs,2026-03-04,97,愛をこめて花束を,Superfly,https://www.billboard-japan.com/charts/detail?a=stsongs&year=2026&month=03&day=09
2026,stsongs,2026-03-04,98,プロポーズ,なとり,https://www.billboard-japan.com/charts/detail?a=stsongs&year=2026&month=03&day=09
2026,stsongs,2026-03-04,99,さよーならまたいつか！,米津玄師,https://www.billboard-japan.com/charts/detail?a=stsongs&year=2026&month=03&day=09
2026,stsongs,2026-03-04,100,GOD_i,Number_i,https://www.billboard-japan.com/charts/detail?a=stsongs&year=2026&month=03&day=09
2026,stsongs,2026-03-11,1,Five,嵐,https://www.billboard-japan.com/charts/detail?a=stsongs&year=2026&month=03&day=16
2026,stsongs,2026-03-11,2,IRIS OUT,米津玄師,https://www.billboard-japan.com/charts/detail?a=stsongs&year=2026&month=03&day=16
2026,stsongs,2026-03-11,3,爆裂愛してる,M!LK,https://www.billboard-japan.com/charts/detail?a=stsongs&year=2026&month=03&day=16
2026,stsongs,2026-03-11,4,lulu.,Mrs.GREEN APPLE,https://www.billboard-japan.com/charts/detail?a=stsongs&year=2026&month=03&day=16
2026,stsongs,2026-03-11,5,好きすぎて滅!,M!LK,https://www.billboard-japan.com/charts/detail?a=stsongs&year=2026&month=03&day=16
2026,stsongs,2026-03-11,6,Blue Jeans,HANA,https://www.billboard-japan.com/charts/detail?a=stsongs&year=2026&month=03&day=16
2026,stsongs,2026-03-11,7,ROSE,HANA,https://www.billboard-japan.com/charts/detail?a=stsongs&year=2026&month=03&day=16
2026,stsongs,2026-03-11,8,ライラック,Mrs.GREEN APPLE,https://www.billboard-japan.com/charts/detail?a=stsongs&year=2026&month=03&day=16
2026,stsongs,2026-03-11,9,AIZO,King Gnu,https://www.billboard-japan.com/charts/detail?a=stsongs&year=2026&month=03&day=16
2026,stsongs,2026-03-11,10,ALL IN,HANA,https://www.billboard-japan.com/charts/detail?a=stsongs&year=2026&month=03&day=16
2026,stsongs,2026-03-11,11,ダーリン,Mrs.GREEN APPLE,https://www.billboard-japan.com/charts/detail?a=stsongs&year=2026&month=03&day=16
2026,stsongs,2026-03-11,12,Cold Night,HANA,https://www.billboard-japan.com/charts/detail?a=stsongs&year=2026&month=03&day=16
2026,stsongs,2026-03-11,13,NON STOP,HANA,https://www.billboard-japan.com/charts/detail?a=stsongs&year=2026&month=03&day=16
2026,stsongs,2026-03-11,14,Soranji,Mrs.GREEN APPLE,https://www.billboard-japan.com/charts/detail?a=stsongs&year=2026&month=03&day=16
2026,stsongs,2026-03-11,15,SAD SONG,ちゃんみな,https://www.billboard-japan.com/charts/detail?a=stsongs&year=2026&month=03&day=16
2026,stsongs,2026-03-11,16,革命道中,アイナ・ジ・エンド,https://www.billboard-japan.com/charts/detail?a=stsongs&year=2026&month=03&day=16
2026,stsongs,2026-03-11,17,夢中,BE:FIRST,https://www.billboard-japan.com/charts/detail?a=stsongs&year=2026&month=03&day=16
2026,stsongs,2026-03-11,18,カリスマックス,Snow Man,https://www.billboard-japan.com/charts/detail?a=stsongs&year=2026&month=03&day=16
2026,stsongs,2026-03-11,19,怪獣,サカナクション,https://www.billboard-japan.com/charts/detail?a=stsongs&year=2026&month=03&day=16
2026,stsongs,2026-03-11,20,JANE DOE,"米津玄師, 宇多田ヒカル",https://www.billboard-japan.com/charts/detail?a=stsongs&year=2026&month=03&day=16
2026,stsongs,2026-03-11,21,Bloom,HANA,https://www.billboard-japan.com/charts/detail?a=stsongs&year=2026&month=03&day=16
2026,stsongs,2026-03-11,22,劇薬中毒,=LOVE,https://www.billboard-japan.com/charts/detail?a=stsongs&year=2026&month=03&day=16
2026,stsongs,2026-03-11,23,Drop,HANA,https://www.billboard-japan.com/charts/detail?a=stsongs&year=2026&month=03&day=16
2026,stsongs,2026-03-11,24,ケセラセラ,Mrs.GREEN APPLE,https://www.billboard-japan.com/charts/detail?a=stsongs&year=2026&month=03&day=16
2026,stsongs,2026-03-11,25,ブルーアンバー,back number,https://www.billboard-japan.com/charts/detail?a=stsongs&year=2026&month=03&day=16
2026,stsongs,2026-03-11,26,点描の唄 feat.井上苑子,Mrs.GREEN APPLE,https://www.billboard-japan.com/charts/detail?a=stsongs&year=2026&month=03&day=16
2026,stsongs,2026-03-11,27,My Body,HANA,https://www.billboard-japan.com/charts/detail?a=stsongs&year=2026&month=03&day=16
2026,stsongs,2026-03-11,28,僕のこと,Mrs.GREEN APPLE,https://www.billboard-japan.com/charts/detail?a=stsongs&year=2026&month=03&day=16
2026,stsongs,2026-03-11,29,花束,back number,https://www.billboard-japan.com/charts/detail?a=stsongs&year=2026&month=03&day=16
2026,stsongs,2026-03-11,30,高嶺の花子さん,back number,https://www.billboard-japan.com/charts/detail?a=stsongs&year=2026&month=03&day=16
2026,stsongs,2026-03-11,31,ハッピーエンド,back number,https://www.billboard-japan.com/charts/detail?a=stsongs&year=2026&month=03&day=16
2026,stsongs,2026-03-11,32,ニヒリズムプリズム,原因は自分にある。,https://www.billboard-japan.com/charts/detail?a=stsongs&year=2026&month=03&day=16
2026,stsongs,2026-03-11,33,どうしてもどうしても,back number,https://www.billboard-japan.com/charts/detail?a=stsongs&year=2026&month=03&day=16
2026,stsongs,2026-03-11,34,怪獣の花唄,Vaundy,https://www.billboard-japan.com/charts/detail?a=stsongs&year=2026&month=03&day=16
2026,stsongs,2026-03-11,35,3XL,Number_i,https://www.billboard-japan.com/charts/detail?a=stsongs&year=2026&month=03&day=16
2026,stsongs,2026-03-11,36,ハレンチ,ちゃんみな,https://www.billboard-japan.com/charts/detail?a=stsongs&year=2026&month=03&day=16
2026,stsongs,2026-03-11,37,Golden,HUNTR/X,https://www.billboard-japan.com/charts/detail?a=stsongs&year=2026&month=03&day=16
2026,stsongs,2026-03-11,38,Tiger,HANA,https://www.billboard-japan.com/charts/detail?a=stsongs&year=2026&month=03&day=16
2026,stsongs,2026-03-11,39,Burning Flower,HANA,https://www.billboard-japan.com/charts/detail?a=stsongs&year=2026&month=03&day=16
2026,stsongs,2026-03-11,40,クスシキ,Mrs.GREEN APPLE,https://www.billboard-japan.com/charts/detail?a=stsongs&year=2026&month=03&day=16
2026,stsongs,2026-03-11,41,水平線,back number,https://www.billboard-japan.com/charts/detail?a=stsongs&year=2026&month=03&day=16
2026,stsongs,2026-03-11,42,青と夏,Mrs.GREEN APPLE,https://www.billboard-japan.com/charts/detail?a=stsongs&year=2026&month=03&day=16
2026,stsongs,2026-03-11,43,ヒロイン,back number,https://www.billboard-japan.com/charts/detail?a=stsongs&year=2026&month=03&day=16
2026,stsongs,2026-03-11,44,BAD LOVE,HANA,https://www.billboard-japan.com/charts/detail?a=stsongs&year=2026&month=03&day=16
2026,stsongs,2026-03-11,45,Theater,King & Prince,https://www.billboard-japan.com/charts/detail?a=stsongs&year=2026&month=03&day=16
2026,stsongs,2026-03-11,46,The growing up train,櫻坂46,https://www.billboard-japan.com/charts/detail?a=stsongs&year=2026&month=03&day=16
2026,stsongs,2026-03-11,47,TEST ME,ちゃんみな,https://www.billboard-japan.com/charts/detail?a=stsongs&year=2026&month=03&day=16
2026,stsongs,2026-03-11,48,Never Grow Up,ちゃんみな,https://www.billboard-japan.com/charts/detail?a=stsongs&year=2026&month=03&day=16
2026,stsongs,2026-03-11,49,シルエット,KANA-BOON,https://www.billboard-japan.com/charts/detail?a=stsongs&year=2026&month=03&day=16
2026,stsongs,2026-03-11,50,GOOD DAY,Mrs.GREEN APPLE,https://www.billboard-japan.com/charts/detail?a=stsongs&year=2026&month=03&day=16
2026,stsongs,2026-03-11,51,イイじゃん,M!LK,https://www.billboard-japan.com/charts/detail?a=stsongs&year=2026&month=03&day=16
2026,stsongs,2026-03-11,52,HAPPY BIRTHDAY,back number,https://www.billboard-japan.com/charts/detail?a=stsongs&year=2026&month=03&day=16
2026,stsongs,2026-03-11,53,オドロウゼ!,Snow Man,https://www.billboard-japan.com/charts/detail?a=stsongs&year=2026&month=03&day=16
2026,stsongs,2026-03-11,54,とくべチュ、して,=LOVE,https://www.billboard-japan.com/charts/detail?a=stsongs&year=2026&month=03&day=16
2026,stsongs,2026-03-11,55,BANG BANG,IVE,https://www.billboard-japan.com/charts/detail?a=stsongs&year=2026&month=03&day=16
2026,stsongs,2026-03-11,56,Don't Say You Love Me,JIN,https://www.billboard-japan.com/charts/detail?a=stsongs&year=2026&month=03&day=16
2026,stsongs,2026-03-11,57,セレナーデ,なとり,https://www.billboard-japan.com/charts/detail?a=stsongs&year=2026&month=03&day=16
2026,stsongs,2026-03-11,58,ダンスホール,Mrs.GREEN APPLE,https://www.billboard-japan.com/charts/detail?a=stsongs&year=2026&month=03&day=16
2026,stsongs,2026-03-11,59,恋風,幾田りら,https://www.billboard-japan.com/charts/detail?a=stsongs&year=2026&month=03&day=16
2026,stsongs,2026-03-11,60,3月9日,レミオロメン,https://www.billboard-japan.com/charts/detail?a=stsongs&year=2026&month=03&day=16
2026,stsongs,2026-03-11,61,RUDE!,Hearts2Hearts,https://www.billboard-japan.com/charts/detail?a=stsongs&year=2026&month=03&day=16
2026,stsongs,2026-03-11,62,幾億光年,Omoinotake,https://www.billboard-japan.com/charts/detail?a=stsongs&year=2026&month=03&day=16
2026,stsongs,2026-03-11,63,いらない,サカナクション,https://www.billboard-japan.com/charts/detail?a=stsongs&year=2026&month=03&day=16
2026,stsongs,2026-03-11,64,インフェルノ,Mrs.GREEN APPLE,https://www.billboard-japan.com/charts/detail?a=stsongs&year=2026&month=03&day=16
2026,stsongs,2026-03-11,65,正解,RADWIMPS,https://www.billboard-japan.com/charts/detail?a=stsongs&year=2026&month=03&day=16
2026,stsongs,2026-03-11,66,BLACKHOLE,IVE,https://www.billboard-japan.com/charts/detail?a=stsongs&year=2026&month=03&day=16
2026,stsongs,2026-03-11,67,Again,Mr.Children,https://www.billboard-japan.com/charts/detail?a=stsongs&year=2026&month=03&day=16
2026,stsongs,2026-03-11,68,ズー,シャキーラ,https://www.billboard-japan.com/charts/detail?a=stsongs&year=2026&month=03&day=16
2026,stsongs,2026-03-11,69,Lemon,米津玄師,https://www.billboard-japan.com/charts/detail?a=stsongs&year=2026&month=03&day=16
2026,stsongs,2026-03-11,70,MONTAGEM HIKARI,BellyJay,https://www.billboard-japan.com/charts/detail?a=stsongs&year=2026&month=03&day=16
2026,stsongs,2026-03-11,71,Pretender,Official髭男dism,https://www.billboard-japan.com/charts/detail?a=stsongs&year=2026&month=03&day=16
2026,stsongs,2026-03-11,72,Subtitle,Official髭男dism,https://www.billboard-japan.com/charts/detail?a=stsongs&year=2026&month=03&day=16
2026,stsongs,2026-03-11,73,マリーゴールド,あいみょん,https://www.billboard-japan.com/charts/detail?a=stsongs&year=2026&month=03&day=16
2026,stsongs,2026-03-11,74,#KISSYOU,BUDDiiS,https://www.billboard-japan.com/charts/detail?a=stsongs&year=2026&month=03&day=16
2026,stsongs,2026-03-11,75,SPECIALZ,King Gnu,https://www.billboard-japan.com/charts/detail?a=stsongs&year=2026&month=03&day=16
2026,stsongs,2026-03-11,76,君の恋人になったら,back number,https://www.billboard-japan.com/charts/detail?a=stsongs&year=2026&month=03&day=16
2026,stsongs,2026-03-11,77,B級,ちゃんみな,https://www.billboard-japan.com/charts/detail?a=stsongs&year=2026&month=03&day=16
2026,stsongs,2026-03-11,78,Magic,Mrs.GREEN APPLE,https://www.billboard-japan.com/charts/detail?a=stsongs&year=2026&month=03&day=16
2026,stsongs,2026-03-11,79,らしさ,Official髭男dism,https://www.billboard-japan.com/charts/detail?a=stsongs&year=2026&month=03&day=16
2026,stsongs,2026-03-11,80,晴る,ヨルシカ,https://www.billboard-japan.com/charts/detail?a=stsongs&year=2026&month=03&day=16
2026,stsongs,2026-03-11,81,幸せ,back number,https://www.billboard-japan.com/charts/detail?a=stsongs&year=2026&month=03&day=16
2026,stsongs,2026-03-11,82,恋,back number,https://www.billboard-japan.com/charts/detail?a=stsongs&year=2026&month=03&day=16
2026,stsongs,2026-03-11,83,HYPNOTIZE,XG,https://www.billboard-japan.com/charts/detail?a=stsongs&year=2026&month=03&day=16
2026,stsongs,2026-03-11,84,ドライフラワー,優里,https://www.billboard-japan.com/charts/detail?a=stsongs&year=2026&month=03&day=16
2026,stsongs,2026-03-11,85,JUMP,BLACKPINK,https://www.billboard-japan.com/charts/detail?a=stsongs&year=2026&month=03&day=16
2026,stsongs,2026-03-11,86,ファンファーレ,玉置浩二,https://www.billboard-japan.com/charts/detail?a=stsongs&year=2026&month=03&day=16
2026,stsongs,2026-03-11,87,晩餐歌,tuki.,https://www.billboard-japan.com/charts/detail?a=stsongs&year=2026&month=03&day=16
2026,stsongs,2026-03-11,88,breakfast,Mrs.GREEN APPLE,https://www.billboard-japan.com/charts/detail?a=stsongs&year=2026&month=03&day=16
2026,stsongs,2026-03-11,89,白日,King Gnu,https://www.billboard-japan.com/charts/detail?a=stsongs&year=2026&month=03&day=16
2026,stsongs,2026-03-11,90,愛をこめて花束を,Superfly,https://www.billboard-japan.com/charts/detail?a=stsongs&year=2026&month=03&day=16
2026,stsongs,2026-03-11,91,きらり,藤井風,https://www.billboard-japan.com/charts/detail?a=stsongs&year=2026&month=03&day=16
2026,stsongs,2026-03-11,92,パズル,幾田りら,https://www.billboard-japan.com/charts/detail?a=stsongs&year=2026&month=03&day=16
2026,stsongs,2026-03-11,93,新宝島,サカナクション,https://www.billboard-japan.com/charts/detail?a=stsongs&year=2026&month=03&day=16
2026,stsongs,2026-03-11,94,KICK BACK,米津玄師,https://www.billboard-japan.com/charts/detail?a=stsongs&year=2026&month=03&day=16
2026,stsongs,2026-03-11,95,Love so sweet,嵐,https://www.billboard-japan.com/charts/detail?a=stsongs&year=2026&month=03&day=16
2026,stsongs,2026-03-11,96,トンツカタンタン,クレイジーウォウウォ!!,https://www.billboard-japan.com/charts/detail?a=stsongs&year=2026&month=03&day=16
2026,stsongs,2026-03-11,97,アイドル,YOASOBI,https://www.billboard-japan.com/charts/detail?a=stsongs&year=2026&month=03&day=16
2026,stsongs,2026-03-11,98,GO,BLACKPINK,https://www.billboard-japan.com/charts/detail?a=stsongs&year=2026&month=03&day=16
2026,stsongs,2026-03-11,99,倍倍FIGHT!,CANDY TUNE,https://www.billboard-japan.com/charts/detail?a=stsongs&year=2026&month=03&day=16
2026,stsongs,2026-03-11,100,満ちてゆく,藤井風,https://www.billboard-japan.com/charts/detail?a=stsongs&year=2026&month=03&day=16
2026,stsongs,2026-03-18,1,Five,嵐,https://www.billboard-japan.com/charts/detail?a=stsongs&year=2026&month=03&day=23
2026,stsongs,2026-03-18,2,爆裂愛してる,M!LK,https://www.billboard-japan.com/charts/detail?a=stsongs&year=2026&month=03&day=23
2026,stsongs,2026-03-18,3,IRIS OUT,米津玄師,https://www.billboard-japan.com/charts/detail?a=stsongs&year=2026&month=03&day=23
2026,stsongs,2026-03-18,4,好きすぎて滅!,M!LK,https://www.billboard-japan.com/charts/detail?a=stsongs&year=2026&month=03&day=23
2026,stsongs,2026-03-18,5,lulu.,Mrs.GREEN APPLE,https://www.billboard-japan.com/charts/detail?a=stsongs&year=2026&month=03&day=23
2026,stsongs,2026-03-18,6,Blue Jeans,HANA,https://www.billboard-japan.com/charts/detail?a=stsongs&year=2026&month=03&day=23
2026,stsongs,2026-03-18,7,ライラック,Mrs.GREEN APPLE,https://www.billboard-japan.com/charts/detail?a=stsongs&year=2026&month=03&day=23
2026,stsongs,2026-03-18,8,AIZO,King Gnu,https://www.billboard-japan.com/charts/detail?a=stsongs&year=2026&month=03&day=23
2026,stsongs,2026-03-18,9,ROSE,HANA,https://www.billboard-japan.com/charts/detail?a=stsongs&year=2026&month=03&day=23
2026,stsongs,2026-03-18,10,ダーリン,Mrs.GREEN APPLE,https://www.billboard-japan.com/charts/detail?a=stsongs&year=2026&month=03&day=23
2026,stsongs,2026-03-18,11,ALL IN,HANA,https://www.billboard-japan.com/charts/detail?a=stsongs&year=2026&month=03&day=23
2026,stsongs,2026-03-18,12,Soranji,Mrs.GREEN APPLE,https://www.billboard-japan.com/charts/detail?a=stsongs&year=2026&month=03&day=23
2026,stsongs,2026-03-18,13,3月9日,レミオロメン,https://www.billboard-japan.com/charts/detail?a=stsongs&year=2026&month=03&day=23
2026,stsongs,2026-03-18,14,タッチ,稲葉浩志,https://www.billboard-japan.com/charts/detail?a=stsongs&year=2026&month=03&day=23
2026,stsongs,2026-03-18,15,Cold Night,HANA,https://www.billboard-japan.com/charts/detail?a=stsongs&year=2026&month=03&day=23
2026,stsongs,2026-03-18,16,NON STOP,HANA,https://www.billboard-japan.com/charts/detail?a=stsongs&year=2026&month=03&day=23
2026,stsongs,2026-03-18,17,SAD SONG,ちゃんみな,https://www.billboard-japan.com/charts/detail?a=stsongs&year=2026&month=03&day=23
2026,stsongs,2026-03-18,18,革命道中,アイナ・ジ・エンド,https://www.billboard-japan.com/charts/detail?a=stsongs&year=2026&month=03&day=23
2026,stsongs,2026-03-18,19,夢中,BE:FIRST,https://www.billboard-japan.com/charts/detail?a=stsongs&year=2026&month=03&day=23
2026,stsongs,2026-03-18,20,怪獣,サカナクション,https://www.billboard-japan.com/charts/detail?a=stsongs&year=2026&month=03&day=23
2026,stsongs,2026-03-18,21,カリスマックス,Snow Man,https://www.billboard-japan.com/charts/detail?a=stsongs&year=2026&month=03&day=23
2026,stsongs,2026-03-18,22,JANE DOE,"米津玄師, 宇多田ヒカル",https://www.billboard-japan.com/charts/detail?a=stsongs&year=2026&month=03&day=23
2026,stsongs,2026-03-18,23,The growing up train,櫻坂46,https://www.billboard-japan.com/charts/detail?a=stsongs&year=2026&month=03&day=23
2026,stsongs,2026-03-18,24,点描の唄 feat.井上苑子,Mrs.GREEN APPLE,https://www.billboard-japan.com/charts/detail?a=stsongs&year=2026&month=03&day=23
2026,stsongs,2026-03-18,25,ケセラセラ,Mrs.GREEN APPLE,https://www.billboard-japan.com/charts/detail?a=stsongs&year=2026&month=03&day=23
2026,stsongs,2026-03-18,26,僕のこと,Mrs.GREEN APPLE,https://www.billboard-japan.com/charts/detail?a=stsongs&year=2026&month=03&day=23
2026,stsongs,2026-03-18,27,ブルーアンバー,back number,https://www.billboard-japan.com/charts/detail?a=stsongs&year=2026&month=03&day=23
2026,stsongs,2026-03-18,28,怪獣の花唄,Vaundy,https://www.billboard-japan.com/charts/detail?a=stsongs&year=2026&month=03&day=23
2026,stsongs,2026-03-18,29,高嶺の花子さん,back number,https://www.billboard-japan.com/charts/detail?a=stsongs&year=2026&month=03&day=23
2026,stsongs,2026-03-18,30,花束,back number,https://www.billboard-japan.com/charts/detail?a=stsongs&year=2026&month=03&day=23
2026,stsongs,2026-03-18,31,ハッピーエンド,back number,https://www.billboard-japan.com/charts/detail?a=stsongs&year=2026&month=03&day=23
2026,stsongs,2026-03-18,32,水平線,back number,https://www.billboard-japan.com/charts/detail?a=stsongs&year=2026&month=03&day=23
2026,stsongs,2026-03-18,33,ニヒリズムプリズム,原因は自分にある。,https://www.billboard-japan.com/charts/detail?a=stsongs&year=2026&month=03&day=23
2026,stsongs,2026-03-18,34,Drop,HANA,https://www.billboard-japan.com/charts/detail?a=stsongs&year=2026&month=03&day=23
2026,stsongs,2026-03-18,35,My Body,HANA,https://www.billboard-japan.com/charts/detail?a=stsongs&year=2026&month=03&day=23
2026,stsongs,2026-03-18,36,Golden,HUNTR/X,https://www.billboard-japan.com/charts/detail?a=stsongs&year=2026&month=03&day=23
2026,stsongs,2026-03-18,37,青と夏,Mrs.GREEN APPLE,https://www.billboard-japan.com/charts/detail?a=stsongs&year=2026&month=03&day=23
2026,stsongs,2026-03-18,38,どうしてもどうしても,back number,https://www.billboard-japan.com/charts/detail?a=stsongs&year=2026&month=03&day=23
2026,stsongs,2026-03-18,39,クスシキ,Mrs.GREEN APPLE,https://www.billboard-japan.com/charts/detail?a=stsongs&year=2026&month=03&day=23
2026,stsongs,2026-03-18,40,3XL,Number_i,https://www.billboard-japan.com/charts/detail?a=stsongs&year=2026&month=03&day=23
2026,stsongs,2026-03-18,41,ハレンチ,ちゃんみな,https://www.billboard-japan.com/charts/detail?a=stsongs&year=2026&month=03&day=23
2026,stsongs,2026-03-18,42,Bloom,HANA,https://www.billboard-japan.com/charts/detail?a=stsongs&year=2026&month=03&day=23
2026,stsongs,2026-03-18,43,ヒロイン,back number,https://www.billboard-japan.com/charts/detail?a=stsongs&year=2026&month=03&day=23
2026,stsongs,2026-03-18,44,Tiger,HANA,https://www.billboard-japan.com/charts/detail?a=stsongs&year=2026&month=03&day=23
2026,stsongs,2026-03-18,45,劇薬中毒,=LOVE,https://www.billboard-japan.com/charts/detail?a=stsongs&year=2026&month=03&day=23
2026,stsongs,2026-03-18,46,僕のかわい子ちゃん,MON7A,https://www.billboard-japan.com/charts/detail?a=stsongs&year=2026&month=03&day=23
2026,stsongs,2026-03-18,47,正解,RADWIMPS,https://www.billboard-japan.com/charts/detail?a=stsongs&year=2026&month=03&day=23
2026,stsongs,2026-03-18,48,Theater,King & Prince,https://www.billboard-japan.com/charts/detail?a=stsongs&year=2026&month=03&day=23
2026,stsongs,2026-03-18,49,Burning Flower,HANA,https://www.billboard-japan.com/charts/detail?a=stsongs&year=2026&month=03&day=23
2026,stsongs,2026-03-18,50,HAPPY BIRTHDAY,back number,https://www.billboard-japan.com/charts/detail?a=stsongs&year=2026&month=03&day=23
2026,stsongs,2026-03-18,51,Never Grow Up,ちゃんみな,https://www.billboard-japan.com/charts/detail?a=stsongs&year=2026&month=03&day=23
2026,stsongs,2026-03-18,52,BAD LOVE,HANA,https://www.billboard-japan.com/charts/detail?a=stsongs&year=2026&month=03&day=23
2026,stsongs,2026-03-18,53,とくべチュ、して,=LOVE,https://www.billboard-japan.com/charts/detail?a=stsongs&year=2026&month=03&day=23
2026,stsongs,2026-03-18,54,TEST ME,ちゃんみな,https://www.billboard-japan.com/charts/detail?a=stsongs&year=2026&month=03&day=23
2026,stsongs,2026-03-18,55,イイじゃん,M!LK,https://www.billboard-japan.com/charts/detail?a=stsongs&year=2026&month=03&day=23
2026,stsongs,2026-03-18,56,シルエット,KANA-BOON,https://www.billboard-japan.com/charts/detail?a=stsongs&year=2026&month=03&day=23
2026,stsongs,2026-03-18,57,セレナーデ,なとり,https://www.billboard-japan.com/charts/detail?a=stsongs&year=2026&month=03&day=23
2026,stsongs,2026-03-18,58,GOOD DAY,Mrs.GREEN APPLE,https://www.billboard-japan.com/charts/detail?a=stsongs&year=2026&month=03&day=23
2026,stsongs,2026-03-18,59,ダンスホール,Mrs.GREEN APPLE,https://www.billboard-japan.com/charts/detail?a=stsongs&year=2026&month=03&day=23
2026,stsongs,2026-03-18,60,恋風,幾田りら,https://www.billboard-japan.com/charts/detail?a=stsongs&year=2026&month=03&day=23
2026,stsongs,2026-03-18,61,Don't Say You Love Me,JIN,https://www.billboard-japan.com/charts/detail?a=stsongs&year=2026&month=03&day=23
2026,stsongs,2026-03-18,62,BANG BANG,IVE,https://www.billboard-japan.com/charts/detail?a=stsongs&year=2026&month=03&day=23
2026,stsongs,2026-03-18,63,幾億光年,Omoinotake,https://www.billboard-japan.com/charts/detail?a=stsongs&year=2026&month=03&day=23
2026,stsongs,2026-03-18,64,オドロウゼ!,Snow Man,https://www.billboard-japan.com/charts/detail?a=stsongs&year=2026&month=03&day=23
2026,stsongs,2026-03-18,65,RUDE!,Hearts2Hearts,https://www.billboard-japan.com/charts/detail?a=stsongs&year=2026&month=03&day=23
2026,stsongs,2026-03-18,66,インフェルノ,Mrs.GREEN APPLE,https://www.billboard-japan.com/charts/detail?a=stsongs&year=2026&month=03&day=23
2026,stsongs,2026-03-18,67,Again,Mr.Children,https://www.billboard-japan.com/charts/detail?a=stsongs&year=2026&month=03&day=23
2026,stsongs,2026-03-18,68,いらない,サカナクション,https://www.billboard-japan.com/charts/detail?a=stsongs&year=2026&month=03&day=23
2026,stsongs,2026-03-18,69,Lemon,米津玄師,https://www.billboard-japan.com/charts/detail?a=stsongs&year=2026&month=03&day=23
2026,stsongs,2026-03-18,70,Pretender,Official髭男dism,https://www.billboard-japan.com/charts/detail?a=stsongs&year=2026&month=03&day=23
2026,stsongs,2026-03-18,71,Love so sweet,嵐,https://www.billboard-japan.com/charts/detail?a=stsongs&year=2026&month=03&day=23
2026,stsongs,2026-03-18,72,マリーゴールド,あいみょん,https://www.billboard-japan.com/charts/detail?a=stsongs&year=2026&month=03&day=23
2026,stsongs,2026-03-18,73,千鳥,ヨルシカ,https://www.billboard-japan.com/charts/detail?a=stsongs&year=2026&month=03&day=23
2026,stsongs,2026-03-18,74,Subtitle,Official髭男dism,https://www.billboard-japan.com/charts/detail?a=stsongs&year=2026&month=03&day=23
2026,stsongs,2026-03-18,75,MONTAGEM HIKARI,BellyJay,https://www.billboard-japan.com/charts/detail?a=stsongs&year=2026&month=03&day=23
2026,stsongs,2026-03-18,76,Magic,Mrs.GREEN APPLE,https://www.billboard-japan.com/charts/detail?a=stsongs&year=2026&month=03&day=23
2026,stsongs,2026-03-18,77,SPECIALZ,King Gnu,https://www.billboard-japan.com/charts/detail?a=stsongs&year=2026&month=03&day=23
2026,stsongs,2026-03-18,78,奏(かなで),スキマスイッチ,https://www.billboard-japan.com/charts/detail?a=stsongs&year=2026&month=03&day=23
2026,stsongs,2026-03-18,79,ズー,シャキーラ,https://www.billboard-japan.com/charts/detail?a=stsongs&year=2026&month=03&day=23
2026,stsongs,2026-03-18,80,B級,ちゃんみな,https://www.billboard-japan.com/charts/detail?a=stsongs&year=2026&month=03&day=23
2026,stsongs,2026-03-18,81,晴る,ヨルシカ,https://www.billboard-japan.com/charts/detail?a=stsongs&year=2026&month=03&day=23
2026,stsongs,2026-03-18,82,恋,back number,https://www.billboard-japan.com/charts/detail?a=stsongs&year=2026&month=03&day=23
2026,stsongs,2026-03-18,83,ドライフラワー,優里,https://www.billboard-japan.com/charts/detail?a=stsongs&year=2026&month=03&day=23
2026,stsongs,2026-03-18,84,らしさ,Official髭男dism,https://www.billboard-japan.com/charts/detail?a=stsongs&year=2026&month=03&day=23
2026,stsongs,2026-03-18,85,世界が終わりました,優里,https://www.billboard-japan.com/charts/detail?a=stsongs&year=2026&month=03&day=23
2026,stsongs,2026-03-18,86,トンツカタンタン,クレイジーウォウウォ!!,https://www.billboard-japan.com/charts/detail?a=stsongs&year=2026&month=03&day=23
2026,stsongs,2026-03-18,87,幸せ,back number,https://www.billboard-japan.com/charts/detail?a=stsongs&year=2026&month=03&day=23
2026,stsongs,2026-03-18,88,君の恋人になったら,back number,https://www.billboard-japan.com/charts/detail?a=stsongs&year=2026&month=03&day=23
2026,stsongs,2026-03-18,89,白日,King Gnu,https://www.billboard-japan.com/charts/detail?a=stsongs&year=2026&month=03&day=23
2026,stsongs,2026-03-18,90,きらり,藤井風,https://www.billboard-japan.com/charts/detail?a=stsongs&year=2026&month=03&day=23
2026,stsongs,2026-03-18,91,愛をこめて花束を,Superfly,https://www.billboard-japan.com/charts/detail?a=stsongs&year=2026&month=03&day=23
2026,stsongs,2026-03-18,92,Let you go feat. HIROTO (INI),ちゃんみな,https://www.billboard-japan.com/charts/detail?a=stsongs&year=2026&month=03&day=23
2026,stsongs,2026-03-18,93,晩餐歌,tuki.,https://www.billboard-japan.com/charts/detail?a=stsongs&year=2026&month=03&day=23
2026,stsongs,2026-03-18,94,アイドル,YOASOBI,https://www.billboard-japan.com/charts/detail?a=stsongs&year=2026&month=03&day=23
2026,stsongs,2026-03-18,95,新宝島,サカナクション,https://www.billboard-japan.com/charts/detail?a=stsongs&year=2026&month=03&day=23
2026,stsongs,2026-03-18,96,さよーならまたいつか！,米津玄師,https://www.billboard-japan.com/charts/detail?a=stsongs&year=2026&month=03&day=23
2026,stsongs,2026-03-18,97,ファンファーレ,玉置浩二,https://www.billboard-japan.com/charts/detail?a=stsongs&year=2026&month=03&day=23
2026,stsongs,2026-03-18,98,115万キロのフィルム,Official髭男dism,https://www.billboard-japan.com/charts/detail?a=stsongs&year=2026&month=03&day=23
2026,stsongs,2026-03-18,99,KICK BACK,米津玄師,https://www.billboard-japan.com/charts/detail?a=stsongs&year=2026&month=03&day=23
2026,stsongs,2026-03-18,100,breakfast,Mrs.GREEN APPLE,https://www.billboard-japan.com/charts/detail?a=stsongs&year=2026&month=03&day=23
2026,stsongs,2026-03-25,1,爆裂愛してる,M!LK,https://www.billboard-japan.com/charts/detail?a=stsongs&year=2026&month=03&day=30
2026,stsongs,2026-03-25,2,IRIS OUT,米津玄師,https://www.billboard-japan.com/charts/detail?a=stsongs&year=2026&month=03&day=30
2026,stsongs,2026-03-25,3,Five,嵐,https://www.billboard-japan.com/charts/detail?a=stsongs&year=2026&month=03&day=30
2026,stsongs,2026-03-25,4,好きすぎて滅!,M!LK,https://www.billboard-japan.com/charts/detail?a=stsongs&year=2026&month=03&day=30
2026,stsongs,2026-03-25,5,lulu.,Mrs.GREEN APPLE,https://www.billboard-japan.com/charts/detail?a=stsongs&year=2026&month=03&day=30
2026,stsongs,2026-03-25,6,BE:FIRST ALL DAY,BE:FIRST,https://www.billboard-japan.com/charts/detail?a=stsongs&year=2026&month=03&day=30
2026,stsongs,2026-03-25,7,ライラック,Mrs.GREEN APPLE,https://www.billboard-japan.com/charts/detail?a=stsongs&year=2026&month=03&day=30
2026,stsongs,2026-03-25,8,Blue Jeans,HANA,https://www.billboard-japan.com/charts/detail?a=stsongs&year=2026&month=03&day=30
2026,stsongs,2026-03-25,9,AIZO,King Gnu,https://www.billboard-japan.com/charts/detail?a=stsongs&year=2026&month=03&day=30
2026,stsongs,2026-03-25,10,ROSE,HANA,https://www.billboard-japan.com/charts/detail?a=stsongs&year=2026&month=03&day=30
2026,stsongs,2026-03-25,11,ダーリン,Mrs.GREEN APPLE,https://www.billboard-japan.com/charts/detail?a=stsongs&year=2026&month=03&day=30
2026,stsongs,2026-03-25,12,Soranji,Mrs.GREEN APPLE,https://www.billboard-japan.com/charts/detail?a=stsongs&year=2026&month=03&day=30
2026,stsongs,2026-03-25,13,ALL IN,HANA,https://www.billboard-japan.com/charts/detail?a=stsongs&year=2026&month=03&day=30
2026,stsongs,2026-03-25,14,革命道中,アイナ・ジ・エンド,https://www.billboard-japan.com/charts/detail?a=stsongs&year=2026&month=03&day=30
2026,stsongs,2026-03-25,15,SAD SONG,ちゃんみな,https://www.billboard-japan.com/charts/detail?a=stsongs&year=2026&month=03&day=30
2026,stsongs,2026-03-25,16,怪獣,サカナクション,https://www.billboard-japan.com/charts/detail?a=stsongs&year=2026&month=03&day=30
2026,stsongs,2026-03-25,17,NON STOP,HANA,https://www.billboard-japan.com/charts/detail?a=stsongs&year=2026&month=03&day=30
2026,stsongs,2026-03-25,18,Cold Night,HANA,https://www.billboard-japan.com/charts/detail?a=stsongs&year=2026&month=03&day=30
2026,stsongs,2026-03-25,19,夢中,BE:FIRST,https://www.billboard-japan.com/charts/detail?a=stsongs&year=2026&month=03&day=30
2026,stsongs,2026-03-25,20,ケセラセラ,Mrs.GREEN APPLE,https://www.billboard-japan.com/charts/detail?a=stsongs&year=2026&month=03&day=30
2026,stsongs,2026-03-25,21,点描の唄 feat.井上苑子,Mrs.GREEN APPLE,https://www.billboard-japan.com/charts/detail?a=stsongs&year=2026&month=03&day=30
2026,stsongs,2026-03-25,22,カリスマックス,Snow Man,https://www.billboard-japan.com/charts/detail?a=stsongs&year=2026&month=03&day=30
2026,stsongs,2026-03-25,23,JANE DOE,"米津玄師, 宇多田ヒカル",https://www.billboard-japan.com/charts/detail?a=stsongs&year=2026&month=03&day=30
2026,stsongs,2026-03-25,24,僕のこと,Mrs.GREEN APPLE,https://www.billboard-japan.com/charts/detail?a=stsongs&year=2026&month=03&day=30
2026,stsongs,2026-03-25,25,ブルーアンバー,back number,https://www.billboard-japan.com/charts/detail?a=stsongs&year=2026&month=03&day=30
2026,stsongs,2026-03-25,26,怪獣の花唄,Vaundy,https://www.billboard-japan.com/charts/detail?a=stsongs&year=2026&month=03&day=30
2026,stsongs,2026-03-25,27,高嶺の花子さん,back number,https://www.billboard-japan.com/charts/detail?a=stsongs&year=2026&month=03&day=30
2026,stsongs,2026-03-25,28,花束,back number,https://www.billboard-japan.com/charts/detail?a=stsongs&year=2026&month=03&day=30
2026,stsongs,2026-03-25,29,3月9日,レミオロメン,https://www.billboard-japan.com/charts/detail?a=stsongs&year=2026&month=03&day=30
2026,stsongs,2026-03-25,30,Golden,HUNTR/X,https://www.billboard-japan.com/charts/detail?a=stsongs&year=2026&month=03&day=30
2026,stsongs,2026-03-25,31,水平線,back number,https://www.billboard-japan.com/charts/detail?a=stsongs&year=2026&month=03&day=30
2026,stsongs,2026-03-25,32,ハッピーエンド,back number,https://www.billboard-japan.com/charts/detail?a=stsongs&year=2026&month=03&day=30
2026,stsongs,2026-03-25,33,青と夏,Mrs.GREEN APPLE,https://www.billboard-japan.com/charts/detail?a=stsongs&year=2026&month=03&day=30
2026,stsongs,2026-03-25,34,タッチ,稲葉浩志,https://www.billboard-japan.com/charts/detail?a=stsongs&year=2026&month=03&day=30
2026,stsongs,2026-03-25,35,The growing up train,櫻坂46,https://www.billboard-japan.com/charts/detail?a=stsongs&year=2026&month=03&day=30
2026,stsongs,2026-03-25,36,SWIM,BTS,https://www.billboard-japan.com/charts/detail?a=stsongs&year=2026&month=03&day=30
2026,stsongs,2026-03-25,37,クスシキ,Mrs.GREEN APPLE,https://www.billboard-japan.com/charts/detail?a=stsongs&year=2026&month=03&day=30
2026,stsongs,2026-03-25,38,どうしてもどうしても,back number,https://www.billboard-japan.com/charts/detail?a=stsongs&year=2026&month=03&day=30
2026,stsongs,2026-03-25,39,3XL,Number_i,https://www.billboard-japan.com/charts/detail?a=stsongs&year=2026&month=03&day=30
2026,stsongs,2026-03-25,40,Drop,HANA,https://www.billboard-japan.com/charts/detail?a=stsongs&year=2026&month=03&day=30
2026,stsongs,2026-03-25,41,ハレンチ,ちゃんみな,https://www.billboard-japan.com/charts/detail?a=stsongs&year=2026&month=03&day=30
2026,stsongs,2026-03-25,42,正解,RADWIMPS,https://www.billboard-japan.com/charts/detail?a=stsongs&year=2026&month=03&day=30
2026,stsongs,2026-03-25,43,My Body,HANA,https://www.billboard-japan.com/charts/detail?a=stsongs&year=2026&month=03&day=30
2026,stsongs,2026-03-25,44,ヒロイン,back number,https://www.billboard-japan.com/charts/detail?a=stsongs&year=2026&month=03&day=30
2026,stsongs,2026-03-25,45,ニヒリズムプリズム,原因は自分にある。,https://www.billboard-japan.com/charts/detail?a=stsongs&year=2026&month=03&day=30
2026,stsongs,2026-03-25,46,HAPPY BIRTHDAY,back number,https://www.billboard-japan.com/charts/detail?a=stsongs&year=2026&month=03&day=30
2026,stsongs,2026-03-25,47,Tiger,HANA,https://www.billboard-japan.com/charts/detail?a=stsongs&year=2026&month=03&day=30
2026,stsongs,2026-03-25,48,イイじゃん,M!LK,https://www.billboard-japan.com/charts/detail?a=stsongs&year=2026&month=03&day=30
2026,stsongs,2026-03-25,49,Burning Flower,HANA,https://www.billboard-japan.com/charts/detail?a=stsongs&year=2026&month=03&day=30
2026,stsongs,2026-03-25,50,とくべチュ、して,=LOVE,https://www.billboard-japan.com/charts/detail?a=stsongs&year=2026&month=03&day=30
2026,stsongs,2026-03-25,51,Theater,King & Prince,https://www.billboard-japan.com/charts/detail?a=stsongs&year=2026&month=03&day=30
2026,stsongs,2026-03-25,52,セレナーデ,なとり,https://www.billboard-japan.com/charts/detail?a=stsongs&year=2026&month=03&day=30
2026,stsongs,2026-03-25,53,Again,Mr.Children,https://www.billboard-japan.com/charts/detail?a=stsongs&year=2026&month=03&day=30
2026,stsongs,2026-03-25,54,シルエット,KANA-BOON,https://www.billboard-japan.com/charts/detail?a=stsongs&year=2026&month=03&day=30
2026,stsongs,2026-03-25,55,Never Grow Up,ちゃんみな,https://www.billboard-japan.com/charts/detail?a=stsongs&year=2026&month=03&day=30
2026,stsongs,2026-03-25,56,Bloom,HANA,https://www.billboard-japan.com/charts/detail?a=stsongs&year=2026&month=03&day=30
2026,stsongs,2026-03-25,57,世界が終わりました,優里,https://www.billboard-japan.com/charts/detail?a=stsongs&year=2026&month=03&day=30
2026,stsongs,2026-03-25,58,BAD LOVE,HANA,https://www.billboard-japan.com/charts/detail?a=stsongs&year=2026&month=03&day=30
2026,stsongs,2026-03-25,59,GOOD DAY,Mrs.GREEN APPLE,https://www.billboard-japan.com/charts/detail?a=stsongs&year=2026&month=03&day=30
2026,stsongs,2026-03-25,60,ダンスホール,Mrs.GREEN APPLE,https://www.billboard-japan.com/charts/detail?a=stsongs&year=2026&month=03&day=30
2026,stsongs,2026-03-25,61,劇薬中毒,=LOVE,https://www.billboard-japan.com/charts/detail?a=stsongs&year=2026&month=03&day=30
2026,stsongs,2026-03-25,62,幾億光年,Omoinotake,https://www.billboard-japan.com/charts/detail?a=stsongs&year=2026&month=03&day=30
2026,stsongs,2026-03-25,63,Love so sweet,嵐,https://www.billboard-japan.com/charts/detail?a=stsongs&year=2026&month=03&day=30
2026,stsongs,2026-03-25,64,TEST ME,ちゃんみな,https://www.billboard-japan.com/charts/detail?a=stsongs&year=2026&month=03&day=30
2026,stsongs,2026-03-25,65,インフェルノ,Mrs.GREEN APPLE,https://www.billboard-japan.com/charts/detail?a=stsongs&year=2026&month=03&day=30
2026,stsongs,2026-03-25,66,恋風,幾田りら,https://www.billboard-japan.com/charts/detail?a=stsongs&year=2026&month=03&day=30
2026,stsongs,2026-03-25,67,Lemon,米津玄師,https://www.billboard-japan.com/charts/detail?a=stsongs&year=2026&month=03&day=30
2026,stsongs,2026-03-25,68,Pretender,Official髭男dism,https://www.billboard-japan.com/charts/detail?a=stsongs&year=2026&month=03&day=30
2026,stsongs,2026-03-25,69,Subtitle,Official髭男dism,https://www.billboard-japan.com/charts/detail?a=stsongs&year=2026&month=03&day=30
2026,stsongs,2026-03-25,70,マリーゴールド,あいみょん,https://www.billboard-japan.com/charts/detail?a=stsongs&year=2026&month=03&day=30
2026,stsongs,2026-03-25,71,奏(かなで),スキマスイッチ,https://www.billboard-japan.com/charts/detail?a=stsongs&year=2026&month=03&day=30
2026,stsongs,2026-03-25,72,BANG BANG,IVE,https://www.billboard-japan.com/charts/detail?a=stsongs&year=2026&month=03&day=30
2026,stsongs,2026-03-25,73,Body to Body,BTS,https://www.billboard-japan.com/charts/detail?a=stsongs&year=2026&month=03&day=30
2026,stsongs,2026-03-25,74,僕のかわい子ちゃん,MON7A,https://www.billboard-japan.com/charts/detail?a=stsongs&year=2026&month=03&day=30
2026,stsongs,2026-03-25,75,RUDE!,Hearts2Hearts,https://www.billboard-japan.com/charts/detail?a=stsongs&year=2026&month=03&day=30
2026,stsongs,2026-03-25,76,オドロウゼ!,Snow Man,https://www.billboard-japan.com/charts/detail?a=stsongs&year=2026&month=03&day=30
2026,stsongs,2026-03-25,77,Magic,Mrs.GREEN APPLE,https://www.billboard-japan.com/charts/detail?a=stsongs&year=2026&month=03&day=30
2026,stsongs,2026-03-25,78,SPECIALZ,King Gnu,https://www.billboard-japan.com/charts/detail?a=stsongs&year=2026&month=03&day=30
2026,stsongs,2026-03-25,79,いらない,サカナクション,https://www.billboard-japan.com/charts/detail?a=stsongs&year=2026&month=03&day=30
2026,stsongs,2026-03-25,80,MONTAGEM HIKARI,BellyJay,https://www.billboard-japan.com/charts/detail?a=stsongs&year=2026&month=03&day=30
2026,stsongs,2026-03-25,81,One Love,嵐,https://www.billboard-japan.com/charts/detail?a=stsongs&year=2026&month=03&day=30
2026,stsongs,2026-03-25,82,ドライフラワー,優里,https://www.billboard-japan.com/charts/detail?a=stsongs&year=2026&month=03&day=30
2026,stsongs,2026-03-25,83,Happiness,嵐,https://www.billboard-japan.com/charts/detail?a=stsongs&year=2026&month=03&day=30
2026,stsongs,2026-03-25,84,Breezy Love,JO1,https://www.billboard-japan.com/charts/detail?a=stsongs&year=2026&month=03&day=30
2026,stsongs,2026-03-25,85,きらり,藤井風,https://www.billboard-japan.com/charts/detail?a=stsongs&year=2026&month=03&day=30
2026,stsongs,2026-03-25,86,らしさ,Official髭男dism,https://www.billboard-japan.com/charts/detail?a=stsongs&year=2026&month=03&day=30
2026,stsongs,2026-03-25,87,白日,King Gnu,https://www.billboard-japan.com/charts/detail?a=stsongs&year=2026&month=03&day=30
2026,stsongs,2026-03-25,88,Dear…,NiziU,https://www.billboard-japan.com/charts/detail?a=stsongs&year=2026&month=03&day=30
2026,stsongs,2026-03-25,89,晴る,ヨルシカ,https://www.billboard-japan.com/charts/detail?a=stsongs&year=2026&month=03&day=30
2026,stsongs,2026-03-25,90,トンツカタンタン,クレイジーウォウウォ!!,https://www.billboard-japan.com/charts/detail?a=stsongs&year=2026&month=03&day=30
2026,stsongs,2026-03-25,91,愛をこめて花束を,Superfly,https://www.billboard-japan.com/charts/detail?a=stsongs&year=2026&month=03&day=30
2026,stsongs,2026-03-25,92,ズー,シャキーラ,https://www.billboard-japan.com/charts/detail?a=stsongs&year=2026&month=03&day=30
2026,stsongs,2026-03-25,93,アイドル,YOASOBI,https://www.billboard-japan.com/charts/detail?a=stsongs&year=2026&month=03&day=30
2026,stsongs,2026-03-25,94,ファンファーレ,玉置浩二,https://www.billboard-japan.com/charts/detail?a=stsongs&year=2026&month=03&day=30
2026,stsongs,2026-03-25,95,新宝島,サカナクション,https://www.billboard-japan.com/charts/detail?a=stsongs&year=2026&month=03&day=30
2026,stsongs,2026-03-25,96,115万キロのフィルム,Official髭男dism,https://www.billboard-japan.com/charts/detail?a=stsongs&year=2026&month=03&day=30
2026,stsongs,2026-03-25,97,幸せ,back number,https://www.billboard-japan.com/charts/detail?a=stsongs&year=2026&month=03&day=30
2026,stsongs,2026-03-25,98,さよーならまたいつか！,米津玄師,https://www.billboard-japan.com/charts/detail?a=stsongs&year=2026&month=03&day=30
2026,stsongs,2026-03-25,99,B級,ちゃんみな,https://www.billboard-japan.com/charts/detail?a=stsongs&year=2026&month=03&day=30
2026,stsongs,2026-03-25,100,Don't Say You Love Me,JIN,https://www.billboard-japan.com/charts/detail?a=stsongs&year=2026&month=03&day=30
2026,stsongs,2026-04-01,1,爆裂愛してる,M!LK,https://www.billboard-japan.com/charts/detail?a=stsongs&year=2026&month=04&day=06
2026,stsongs,2026-04-01,2,IRIS OUT,米津玄師,https://www.billboard-japan.com/charts/detail?a=stsongs&year=2026&month=04&day=06
2026,stsongs,2026-04-01,3,好きすぎて滅!,M!LK,https://www.billboard-japan.com/charts/detail?a=stsongs&year=2026&month=04&day=06
2026,stsongs,2026-04-01,4,lulu.,Mrs.GREEN APPLE,https://www.billboard-japan.com/charts/detail?a=stsongs&year=2026&month=04&day=06
2026,stsongs,2026-04-01,5,ライラック,Mrs.GREEN APPLE,https://www.billboard-japan.com/charts/detail?a=stsongs&year=2026&month=04&day=06
2026,stsongs,2026-04-01,6,AIZO,King Gnu,https://www.billboard-japan.com/charts/detail?a=stsongs&year=2026&month=04&day=06
2026,stsongs,2026-04-01,7,Blue Jeans,HANA,https://www.billboard-japan.com/charts/detail?a=stsongs&year=2026&month=04&day=06
2026,stsongs,2026-04-01,8,Five,嵐,https://www.billboard-japan.com/charts/detail?a=stsongs&year=2026&month=04&day=06
2026,stsongs,2026-04-01,9,SWIM,BTS,https://www.billboard-japan.com/charts/detail?a=stsongs&year=2026&month=04&day=06
2026,stsongs,2026-04-01,10,ROSE,HANA,https://www.billboard-japan.com/charts/detail?a=stsongs&year=2026&month=04&day=06
2026,stsongs,2026-04-01,11,BE:FIRST ALL DAY,BE:FIRST,https://www.billboard-japan.com/charts/detail?a=stsongs&year=2026&month=04&day=06
2026,stsongs,2026-04-01,12,ダーリン,Mrs.GREEN APPLE,https://www.billboard-japan.com/charts/detail?a=stsongs&year=2026&month=04&day=06
2026,stsongs,2026-04-01,13,Body to Body,BTS,https://www.billboard-japan.com/charts/detail?a=stsongs&year=2026&month=04&day=06
2026,stsongs,2026-04-01,14,Soranji,Mrs.GREEN APPLE,https://www.billboard-japan.com/charts/detail?a=stsongs&year=2026&month=04&day=06
2026,stsongs,2026-04-01,15,革命道中,アイナ・ジ・エンド,https://www.billboard-japan.com/charts/detail?a=stsongs&year=2026&month=04&day=06
2026,stsongs,2026-04-01,16,ALL IN,HANA,https://www.billboard-japan.com/charts/detail?a=stsongs&year=2026&month=04&day=06
2026,stsongs,2026-04-01,17,Again,Mr.Children,https://www.billboard-japan.com/charts/detail?a=stsongs&year=2026&month=04&day=06
2026,stsongs,2026-04-01,18,怪獣,サカナクション,https://www.billboard-japan.com/charts/detail?a=stsongs&year=2026&month=04&day=06
2026,stsongs,2026-04-01,19,ケセラセラ,Mrs.GREEN APPLE,https://www.billboard-japan.com/charts/detail?a=stsongs&year=2026&month=04&day=06
2026,stsongs,2026-04-01,20,点描の唄 feat.井上苑子,Mrs.GREEN APPLE,https://www.billboard-japan.com/charts/detail?a=stsongs&year=2026&month=04&day=06
2026,stsongs,2026-04-01,21,NON STOP,HANA,https://www.billboard-japan.com/charts/detail?a=stsongs&year=2026&month=04&day=06
2026,stsongs,2026-04-01,22,最後に階段を駆け上がったのはいつだ?,乃木坂46,https://www.billboard-japan.com/charts/detail?a=stsongs&year=2026&month=04&day=06
2026,stsongs,2026-04-01,23,SAD SONG,ちゃんみな,https://www.billboard-japan.com/charts/detail?a=stsongs&year=2026&month=04&day=06
2026,stsongs,2026-04-01,24,夢中,BE:FIRST,https://www.billboard-japan.com/charts/detail?a=stsongs&year=2026&month=04&day=06
2026,stsongs,2026-04-01,25,Cold Night,HANA,https://www.billboard-japan.com/charts/detail?a=stsongs&year=2026&month=04&day=06
2026,stsongs,2026-04-01,26,怪獣の花唄,Vaundy,https://www.billboard-japan.com/charts/detail?a=stsongs&year=2026&month=04&day=06
2026,stsongs,2026-04-01,27,カリスマックス,Snow Man,https://www.billboard-japan.com/charts/detail?a=stsongs&year=2026&month=04&day=06
2026,stsongs,2026-04-01,28,僕のこと,Mrs.GREEN APPLE,https://www.billboard-japan.com/charts/detail?a=stsongs&year=2026&month=04&day=06
2026,stsongs,2026-04-01,29,JANE DOE,"米津玄師, 宇多田ヒカル",https://www.billboard-japan.com/charts/detail?a=stsongs&year=2026&month=04&day=06
2026,stsongs,2026-04-01,30,高嶺の花子さん,back number,https://www.billboard-japan.com/charts/detail?a=stsongs&year=2026&month=04&day=06
2026,stsongs,2026-04-01,31,ブルーアンバー,back number,https://www.billboard-japan.com/charts/detail?a=stsongs&year=2026&month=04&day=06
2026,stsongs,2026-04-01,32,花束,back number,https://www.billboard-japan.com/charts/detail?a=stsongs&year=2026&month=04&day=06
2026,stsongs,2026-04-01,33,Hooligan,BTS,https://www.billboard-japan.com/charts/detail?a=stsongs&year=2026&month=04&day=06
2026,stsongs,2026-04-01,34,青と夏,Mrs.GREEN APPLE,https://www.billboard-japan.com/charts/detail?a=stsongs&year=2026&month=04&day=06
2026,stsongs,2026-04-01,35,FYA,BTS,https://www.billboard-japan.com/charts/detail?a=stsongs&year=2026&month=04&day=06
2026,stsongs,2026-04-01,36,水平線,back number,https://www.billboard-japan.com/charts/detail?a=stsongs&year=2026&month=04&day=06
2026,stsongs,2026-04-01,37,ハッピーエンド,back number,https://www.billboard-japan.com/charts/detail?a=stsongs&year=2026&month=04&day=06
2026,stsongs,2026-04-01,38,クスシキ,Mrs.GREEN APPLE,https://www.billboard-japan.com/charts/detail?a=stsongs&year=2026&month=04&day=06
2026,stsongs,2026-04-01,39,Golden,HUNTR/X,https://www.billboard-japan.com/charts/detail?a=stsongs&year=2026&month=04&day=06
2026,stsongs,2026-04-01,40,2.0,BTS,https://www.billboard-japan.com/charts/detail?a=stsongs&year=2026&month=04&day=06
2026,stsongs,2026-04-01,41,Aliens,BTS,https://www.billboard-japan.com/charts/detail?a=stsongs&year=2026&month=04&day=06
2026,stsongs,2026-04-01,42,Drop,HANA,https://www.billboard-japan.com/charts/detail?a=stsongs&year=2026&month=04&day=06
2026,stsongs,2026-04-01,43,3XL,Number_i,https://www.billboard-japan.com/charts/detail?a=stsongs&year=2026&month=04&day=06
2026,stsongs,2026-04-01,44,ハレンチ,ちゃんみな,https://www.billboard-japan.com/charts/detail?a=stsongs&year=2026&month=04&day=06
2026,stsongs,2026-04-01,45,どうしてもどうしても,back number,https://www.billboard-japan.com/charts/detail?a=stsongs&year=2026&month=04&day=06
2026,stsongs,2026-04-01,46,NORMAL,BTS,https://www.billboard-japan.com/charts/detail?a=stsongs&year=2026&month=04&day=06
2026,stsongs,2026-04-01,47,3月9日,レミオロメン,https://www.billboard-japan.com/charts/detail?a=stsongs&year=2026&month=04&day=06
2026,stsongs,2026-04-01,48,ニヒリズムプリズム,原因は自分にある。,https://www.billboard-japan.com/charts/detail?a=stsongs&year=2026&month=04&day=06
2026,stsongs,2026-04-01,49,HAPPY BIRTHDAY,back number,https://www.billboard-japan.com/charts/detail?a=stsongs&year=2026&month=04&day=06
2026,stsongs,2026-04-01,50,正解,RADWIMPS,https://www.billboard-japan.com/charts/detail?a=stsongs&year=2026&month=04&day=06
2026,stsongs,2026-04-01,51,Merry Go Round,BTS,https://www.billboard-japan.com/charts/detail?a=stsongs&year=2026&month=04&day=06
2026,stsongs,2026-04-01,52,Tiger,HANA,https://www.billboard-japan.com/charts/detail?a=stsongs&year=2026&month=04&day=06
2026,stsongs,2026-04-01,53,イイじゃん,M!LK,https://www.billboard-japan.com/charts/detail?a=stsongs&year=2026&month=04&day=06
2026,stsongs,2026-04-01,54,My Body,HANA,https://www.billboard-japan.com/charts/detail?a=stsongs&year=2026&month=04&day=06
2026,stsongs,2026-04-01,55,ヒロイン,back number,https://www.billboard-japan.com/charts/detail?a=stsongs&year=2026&month=04&day=06
2026,stsongs,2026-04-01,56,とくべチュ、して,=LOVE,https://www.billboard-japan.com/charts/detail?a=stsongs&year=2026&month=04&day=06
2026,stsongs,2026-04-01,57,Theater,King & Prince,https://www.billboard-japan.com/charts/detail?a=stsongs&year=2026&month=04&day=06
2026,stsongs,2026-04-01,58,Burning Flower,HANA,https://www.billboard-japan.com/charts/detail?a=stsongs&year=2026&month=04&day=06
2026,stsongs,2026-04-01,59,Like Animals,BTS,https://www.billboard-japan.com/charts/detail?a=stsongs&year=2026&month=04&day=06
2026,stsongs,2026-04-01,60,シルエット,KANA-BOON,https://www.billboard-japan.com/charts/detail?a=stsongs&year=2026&month=04&day=06
2026,stsongs,2026-04-01,61,セレナーデ,なとり,https://www.billboard-japan.com/charts/detail?a=stsongs&year=2026&month=04&day=06
2026,stsongs,2026-04-01,62,BAD LOVE,HANA,https://www.billboard-japan.com/charts/detail?a=stsongs&year=2026&month=04&day=06
2026,stsongs,2026-04-01,63,ダンスホール,Mrs.GREEN APPLE,https://www.billboard-japan.com/charts/detail?a=stsongs&year=2026&month=04&day=06
2026,stsongs,2026-04-01,64,GOOD DAY,Mrs.GREEN APPLE,https://www.billboard-japan.com/charts/detail?a=stsongs&year=2026&month=04&day=06
2026,stsongs,2026-04-01,65,幾億光年,Omoinotake,https://www.billboard-japan.com/charts/detail?a=stsongs&year=2026&month=04&day=06
2026,stsongs,2026-04-01,66,Never Grow Up,ちゃんみな,https://www.billboard-japan.com/charts/detail?a=stsongs&year=2026&month=04&day=06
2026,stsongs,2026-04-01,67,Bad Girl,HANA,https://www.billboard-japan.com/charts/detail?a=stsongs&year=2026&month=04&day=06
2026,stsongs,2026-04-01,68,恋風,幾田りら,https://www.billboard-japan.com/charts/detail?a=stsongs&year=2026&month=04&day=06
2026,stsongs,2026-04-01,69,Bloom,HANA,https://www.billboard-japan.com/charts/detail?a=stsongs&year=2026&month=04&day=06
2026,stsongs,2026-04-01,70,インフェルノ,Mrs.GREEN APPLE,https://www.billboard-japan.com/charts/detail?a=stsongs&year=2026&month=04&day=06
2026,stsongs,2026-04-01,71,TEST ME,ちゃんみな,https://www.billboard-japan.com/charts/detail?a=stsongs&year=2026&month=04&day=06
2026,stsongs,2026-04-01,72,世界が終わりました,優里,https://www.billboard-japan.com/charts/detail?a=stsongs&year=2026&month=04&day=06
2026,stsongs,2026-04-01,73,they don't know 'bout us,BTS,https://www.billboard-japan.com/charts/detail?a=stsongs&year=2026&month=04&day=06
2026,stsongs,2026-04-01,74,タッチ,稲葉浩志,https://www.billboard-japan.com/charts/detail?a=stsongs&year=2026&month=04&day=06
2026,stsongs,2026-04-01,75,Please,BTS,https://www.billboard-japan.com/charts/detail?a=stsongs&year=2026&month=04&day=06
2026,stsongs,2026-04-01,76,One More Night,BTS,https://www.billboard-japan.com/charts/detail?a=stsongs&year=2026&month=04&day=06
2026,stsongs,2026-04-01,77,Lemon,米津玄師,https://www.billboard-japan.com/charts/detail?a=stsongs&year=2026&month=04&day=06
2026,stsongs,2026-04-01,78,マリーゴールド,あいみょん,https://www.billboard-japan.com/charts/detail?a=stsongs&year=2026&month=04&day=06
2026,stsongs,2026-04-01,79,Real Face,KAT-TUN,https://www.billboard-japan.com/charts/detail?a=stsongs&year=2026&month=04&day=06
2026,stsongs,2026-04-01,80,劇薬中毒,=LOVE,https://www.billboard-japan.com/charts/detail?a=stsongs&year=2026&month=04&day=06
2026,stsongs,2026-04-01,81,Pretender,Official髭男dism,https://www.billboard-japan.com/charts/detail?a=stsongs&year=2026&month=04&day=06
2026,stsongs,2026-04-01,82,Subtitle,Official髭男dism,https://www.billboard-japan.com/charts/detail?a=stsongs&year=2026&month=04&day=06
2026,stsongs,2026-04-01,83,奏(かなで),スキマスイッチ,https://www.billboard-japan.com/charts/detail?a=stsongs&year=2026&month=04&day=06
2026,stsongs,2026-04-01,84,雪月花,ヤングスキニー,https://www.billboard-japan.com/charts/detail?a=stsongs&year=2026&month=04&day=06
2026,stsongs,2026-04-01,85,Into the Sun,BTS,https://www.billboard-japan.com/charts/detail?a=stsongs&year=2026&month=04&day=06
2026,stsongs,2026-04-01,86,SPECIALZ,King Gnu,https://www.billboard-japan.com/charts/detail?a=stsongs&year=2026&month=04&day=06
2026,stsongs,2026-04-01,87,Waltz for Lily,King & Prince,https://www.billboard-japan.com/charts/detail?a=stsongs&year=2026&month=04&day=06
2026,stsongs,2026-04-01,88,Magic,Mrs.GREEN APPLE,https://www.billboard-japan.com/charts/detail?a=stsongs&year=2026&month=04&day=06
2026,stsongs,2026-04-01,89,Love so sweet,嵐,https://www.billboard-japan.com/charts/detail?a=stsongs&year=2026&month=04&day=06
2026,stsongs,2026-04-01,90,BANG BANG,IVE,https://www.billboard-japan.com/charts/detail?a=stsongs&year=2026&month=04&day=06
2026,stsongs,2026-04-01,91,MONTAGEM HIKARI,BellyJay,https://www.billboard-japan.com/charts/detail?a=stsongs&year=2026&month=04&day=06
2026,stsongs,2026-04-01,92,No. 29,BTS,https://www.billboard-japan.com/charts/detail?a=stsongs&year=2026&month=04&day=06
2026,stsongs,2026-04-01,93,きらり,藤井風,https://www.billboard-japan.com/charts/detail?a=stsongs&year=2026&month=04&day=06
2026,stsongs,2026-04-01,94,RUDE!,Hearts2Hearts,https://www.billboard-japan.com/charts/detail?a=stsongs&year=2026&month=04&day=06
2026,stsongs,2026-04-01,95,ドライフラワー,優里,https://www.billboard-japan.com/charts/detail?a=stsongs&year=2026&month=04&day=06
2026,stsongs,2026-04-01,96,愛をこめて花束を,Superfly,https://www.billboard-japan.com/charts/detail?a=stsongs&year=2026&month=04&day=06
2026,stsongs,2026-04-01,97,満ちてゆく,藤井風,https://www.billboard-japan.com/charts/detail?a=stsongs&year=2026&month=04&day=06
2026,stsongs,2026-04-01,98,アイドル,YOASOBI,https://www.billboard-japan.com/charts/detail?a=stsongs&year=2026&month=04&day=06
2026,stsongs,2026-04-01,99,らしさ,Official髭男dism,https://www.billboard-japan.com/charts/detail?a=stsongs&year=2026&month=04&day=06
2026,stsongs,2026-04-01,100,Keep the faith,KAT-TUN,https://www.billboard-japan.com/charts/detail?a=stsongs&year=2026&month=04&day=06
2026,stsongs,2026-04-08,1,爆裂愛してる,M!LK,https://www.billboard-japan.com/charts/detail?a=stsongs&year=2026&month=04&day=13
2026,stsongs,2026-04-08,2,AIZO,King Gnu,https://www.billboard-japan.com/charts/detail?a=stsongs&year=2026&month=04&day=13
2026,stsongs,2026-04-08,3,IRIS OUT,米津玄師,https://www.billboard-japan.com/charts/detail?a=stsongs&year=2026&month=04&day=13
2026,stsongs,2026-04-08,4,好きすぎて滅!,M!LK,https://www.billboard-japan.com/charts/detail?a=stsongs&year=2026&month=04&day=13
2026,stsongs,2026-04-08,5,lulu.,Mrs.GREEN APPLE,https://www.billboard-japan.com/charts/detail?a=stsongs&year=2026&month=04&day=13
2026,stsongs,2026-04-08,6,ライラック,Mrs.GREEN APPLE,https://www.billboard-japan.com/charts/detail?a=stsongs&year=2026&month=04&day=13
2026,stsongs,2026-04-08,7,Blue Jeans,HANA,https://www.billboard-japan.com/charts/detail?a=stsongs&year=2026&month=04&day=13
2026,stsongs,2026-04-08,8,SWIM,BTS,https://www.billboard-japan.com/charts/detail?a=stsongs&year=2026&month=04&day=13
2026,stsongs,2026-04-08,9,ROSE,HANA,https://www.billboard-japan.com/charts/detail?a=stsongs&year=2026&month=04&day=13
2026,stsongs,2026-04-08,10,Five,嵐,https://www.billboard-japan.com/charts/detail?a=stsongs&year=2026&month=04&day=13
2026,stsongs,2026-04-08,11,Bad Girl,HANA,https://www.billboard-japan.com/charts/detail?a=stsongs&year=2026&month=04&day=13
2026,stsongs,2026-04-08,12,Again,Mr.Children,https://www.billboard-japan.com/charts/detail?a=stsongs&year=2026&month=04&day=13
2026,stsongs,2026-04-08,13,ダーリン,Mrs.GREEN APPLE,https://www.billboard-japan.com/charts/detail?a=stsongs&year=2026&month=04&day=13
2026,stsongs,2026-04-08,14,Soranji,Mrs.GREEN APPLE,https://www.billboard-japan.com/charts/detail?a=stsongs&year=2026&month=04&day=13
2026,stsongs,2026-04-08,15,革命道中,アイナ・ジ・エンド,https://www.billboard-japan.com/charts/detail?a=stsongs&year=2026&month=04&day=13
2026,stsongs,2026-04-08,16,ケセラセラ,Mrs.GREEN APPLE,https://www.billboard-japan.com/charts/detail?a=stsongs&year=2026&month=04&day=13
2026,stsongs,2026-04-08,17,ALL IN,HANA,https://www.billboard-japan.com/charts/detail?a=stsongs&year=2026&month=04&day=13
2026,stsongs,2026-04-08,18,BE:FIRST ALL DAY,BE:FIRST,https://www.billboard-japan.com/charts/detail?a=stsongs&year=2026&month=04&day=13
2026,stsongs,2026-04-08,19,怪獣,サカナクション,https://www.billboard-japan.com/charts/detail?a=stsongs&year=2026&month=04&day=13
2026,stsongs,2026-04-08,20,点描の唄 feat.井上苑子,Mrs.GREEN APPLE,https://www.billboard-japan.com/charts/detail?a=stsongs&year=2026&month=04&day=13
2026,stsongs,2026-04-08,21,Body to Body,BTS,https://www.billboard-japan.com/charts/detail?a=stsongs&year=2026&month=04&day=13
2026,stsongs,2026-04-08,22,NON STOP,HANA,https://www.billboard-japan.com/charts/detail?a=stsongs&year=2026&month=04&day=13
2026,stsongs,2026-04-08,23,僕のこと,Mrs.GREEN APPLE,https://www.billboard-japan.com/charts/detail?a=stsongs&year=2026&month=04&day=13
2026,stsongs,2026-04-08,24,SAD SONG,ちゃんみな,https://www.billboard-japan.com/charts/detail?a=stsongs&year=2026&month=04&day=13
2026,stsongs,2026-04-08,25,花束,back number,https://www.billboard-japan.com/charts/detail?a=stsongs&year=2026&month=04&day=13
2026,stsongs,2026-04-08,26,怪獣の花唄,Vaundy,https://www.billboard-japan.com/charts/detail?a=stsongs&year=2026&month=04&day=13
2026,stsongs,2026-04-08,27,夢中,BE:FIRST,https://www.billboard-japan.com/charts/detail?a=stsongs&year=2026&month=04&day=13
2026,stsongs,2026-04-08,28,Cold Night,HANA,https://www.billboard-japan.com/charts/detail?a=stsongs&year=2026&month=04&day=13
2026,stsongs,2026-04-08,29,高嶺の花子さん,back number,https://www.billboard-japan.com/charts/detail?a=stsongs&year=2026&month=04&day=13
2026,stsongs,2026-04-08,30,カリスマックス,Snow Man,https://www.billboard-japan.com/charts/detail?a=stsongs&year=2026&month=04&day=13
2026,stsongs,2026-04-08,31,JANE DOE,"米津玄師, 宇多田ヒカル",https://www.billboard-japan.com/charts/detail?a=stsongs&year=2026&month=04&day=13
2026,stsongs,2026-04-08,32,ブルーアンバー,back number,https://www.billboard-japan.com/charts/detail?a=stsongs&year=2026&month=04&day=13
2026,stsongs,2026-04-08,33,最後に階段を駆け上がったのはいつだ?,乃木坂46,https://www.billboard-japan.com/charts/detail?a=stsongs&year=2026&month=04&day=13
2026,stsongs,2026-04-08,34,エルダーフラワー,Official髭男dism,https://www.billboard-japan.com/charts/detail?a=stsongs&year=2026&month=04&day=13
2026,stsongs,2026-04-08,35,青と夏,Mrs.GREEN APPLE,https://www.billboard-japan.com/charts/detail?a=stsongs&year=2026&month=04&day=13
2026,stsongs,2026-04-08,36,2.0,BTS,https://www.billboard-japan.com/charts/detail?a=stsongs&year=2026&month=04&day=13
2026,stsongs,2026-04-08,37,水平線,back number,https://www.billboard-japan.com/charts/detail?a=stsongs&year=2026&month=04&day=13
2026,stsongs,2026-04-08,38,ハッピーエンド,back number,https://www.billboard-japan.com/charts/detail?a=stsongs&year=2026&month=04&day=13
2026,stsongs,2026-04-08,39,クスシキ,Mrs.GREEN APPLE,https://www.billboard-japan.com/charts/detail?a=stsongs&year=2026&month=04&day=13
2026,stsongs,2026-04-08,40,Golden,HUNTR/X,https://www.billboard-japan.com/charts/detail?a=stsongs&year=2026&month=04&day=13
2026,stsongs,2026-04-08,41,3XL,Number_i,https://www.billboard-japan.com/charts/detail?a=stsongs&year=2026&month=04&day=13
2026,stsongs,2026-04-08,42,Drop,HANA,https://www.billboard-japan.com/charts/detail?a=stsongs&year=2026&month=04&day=13
2026,stsongs,2026-04-08,43,Hooligan,BTS,https://www.billboard-japan.com/charts/detail?a=stsongs&year=2026&month=04&day=13
2026,stsongs,2026-04-08,44,とくべチュ、して,=LOVE,https://www.billboard-japan.com/charts/detail?a=stsongs&year=2026&month=04&day=13
2026,stsongs,2026-04-08,45,Tiger,HANA,https://www.billboard-japan.com/charts/detail?a=stsongs&year=2026&month=04&day=13
2026,stsongs,2026-04-08,46,HAPPY BIRTHDAY,back number,https://www.billboard-japan.com/charts/detail?a=stsongs&year=2026&month=04&day=13
2026,stsongs,2026-04-08,47,どうしてもどうしても,back number,https://www.billboard-japan.com/charts/detail?a=stsongs&year=2026&month=04&day=13
2026,stsongs,2026-04-08,48,FYA,BTS,https://www.billboard-japan.com/charts/detail?a=stsongs&year=2026&month=04&day=13
2026,stsongs,2026-04-08,49,My Body,HANA,https://www.billboard-japan.com/charts/detail?a=stsongs&year=2026&month=04&day=13
2026,stsongs,2026-04-08,50,ハレンチ,ちゃんみな,https://www.billboard-japan.com/charts/detail?a=stsongs&year=2026&month=04&day=13
2026,stsongs,2026-04-08,51,イイじゃん,M!LK,https://www.billboard-japan.com/charts/detail?a=stsongs&year=2026&month=04&day=13
2026,stsongs,2026-04-08,52,ヒロイン,back number,https://www.billboard-japan.com/charts/detail?a=stsongs&year=2026&month=04&day=13
2026,stsongs,2026-04-08,53,Theater,King & Prince,https://www.billboard-japan.com/charts/detail?a=stsongs&year=2026&month=04&day=13
2026,stsongs,2026-04-08,54,Burning Flower,HANA,https://www.billboard-japan.com/charts/detail?a=stsongs&year=2026&month=04&day=13
2026,stsongs,2026-04-08,55,ダンスホール,Mrs.GREEN APPLE,https://www.billboard-japan.com/charts/detail?a=stsongs&year=2026&month=04&day=13
2026,stsongs,2026-04-08,56,劇薬中毒,=LOVE,https://www.billboard-japan.com/charts/detail?a=stsongs&year=2026&month=04&day=13
2026,stsongs,2026-04-08,57,セレナーデ,なとり,https://www.billboard-japan.com/charts/detail?a=stsongs&year=2026&month=04&day=13
2026,stsongs,2026-04-08,58,NORMAL,BTS,https://www.billboard-japan.com/charts/detail?a=stsongs&year=2026&month=04&day=13
2026,stsongs,2026-04-08,59,シルエット,KANA-BOON,https://www.billboard-japan.com/charts/detail?a=stsongs&year=2026&month=04&day=13
2026,stsongs,2026-04-08,60,BAD LOVE,HANA,https://www.billboard-japan.com/charts/detail?a=stsongs&year=2026&month=04&day=13
2026,stsongs,2026-04-08,61,Aliens,BTS,https://www.billboard-japan.com/charts/detail?a=stsongs&year=2026&month=04&day=13
2026,stsongs,2026-04-08,62,幾億光年,Omoinotake,https://www.billboard-japan.com/charts/detail?a=stsongs&year=2026&month=04&day=13
2026,stsongs,2026-04-08,63,3月9日,レミオロメン,https://www.billboard-japan.com/charts/detail?a=stsongs&year=2026&month=04&day=13
2026,stsongs,2026-04-08,64,GOOD DAY,Mrs.GREEN APPLE,https://www.billboard-japan.com/charts/detail?a=stsongs&year=2026&month=04&day=13
2026,stsongs,2026-04-08,65,インフェルノ,Mrs.GREEN APPLE,https://www.billboard-japan.com/charts/detail?a=stsongs&year=2026&month=04&day=13
2026,stsongs,2026-04-08,66,恋風,幾田りら,https://www.billboard-japan.com/charts/detail?a=stsongs&year=2026&month=04&day=13
2026,stsongs,2026-04-08,67,Never Grow Up,ちゃんみな,https://www.billboard-japan.com/charts/detail?a=stsongs&year=2026&month=04&day=13
2026,stsongs,2026-04-08,68,正解,RADWIMPS,https://www.billboard-japan.com/charts/detail?a=stsongs&year=2026&month=04&day=13
2026,stsongs,2026-04-08,69,Bloom,HANA,https://www.billboard-japan.com/charts/detail?a=stsongs&year=2026&month=04&day=13
2026,stsongs,2026-04-08,70,満ちてゆく,藤井風,https://www.billboard-japan.com/charts/detail?a=stsongs&year=2026&month=04&day=13
2026,stsongs,2026-04-08,71,マリーゴールド,あいみょん,https://www.billboard-japan.com/charts/detail?a=stsongs&year=2026&month=04&day=13
2026,stsongs,2026-04-08,72,雪月花,ヤングスキニー,https://www.billboard-japan.com/charts/detail?a=stsongs&year=2026&month=04&day=13
2026,stsongs,2026-04-08,73,TEST ME,ちゃんみな,https://www.billboard-japan.com/charts/detail?a=stsongs&year=2026&month=04&day=13
2026,stsongs,2026-04-08,74,SPECIALZ,King Gnu,https://www.billboard-japan.com/charts/detail?a=stsongs&year=2026&month=04&day=13
2026,stsongs,2026-04-08,75,Pretender,Official髭男dism,https://www.billboard-japan.com/charts/detail?a=stsongs&year=2026&month=04&day=13
2026,stsongs,2026-04-08,76,EIEN,JO1,https://www.billboard-japan.com/charts/detail?a=stsongs&year=2026&month=04&day=13
2026,stsongs,2026-04-08,77,Lemon,米津玄師,https://www.billboard-japan.com/charts/detail?a=stsongs&year=2026&month=04&day=13
2026,stsongs,2026-04-08,78,Subtitle,Official髭男dism,https://www.billboard-japan.com/charts/detail?a=stsongs&year=2026&month=04&day=13
2026,stsongs,2026-04-08,79,Too Bad,NiziU,https://www.billboard-japan.com/charts/detail?a=stsongs&year=2026&month=04&day=13
2026,stsongs,2026-04-08,80,Like Animals,BTS,https://www.billboard-japan.com/charts/detail?a=stsongs&year=2026&month=04&day=13
2026,stsongs,2026-04-08,81,きらり,藤井風,https://www.billboard-japan.com/charts/detail?a=stsongs&year=2026&month=04&day=13
2026,stsongs,2026-04-08,82,HANABI,Mr.Children,https://www.billboard-japan.com/charts/detail?a=stsongs&year=2026&month=04&day=13
2026,stsongs,2026-04-08,83,Magic,Mrs.GREEN APPLE,https://www.billboard-japan.com/charts/detail?a=stsongs&year=2026&month=04&day=13
2026,stsongs,2026-04-08,84,ニヒリズムプリズム,原因は自分にある。,https://www.billboard-japan.com/charts/detail?a=stsongs&year=2026&month=04&day=13
2026,stsongs,2026-04-08,85,奏(かなで),スキマスイッチ,https://www.billboard-japan.com/charts/detail?a=stsongs&year=2026&month=04&day=13
2026,stsongs,2026-04-08,86,Merry Go Round,BTS,https://www.billboard-japan.com/charts/detail?a=stsongs&year=2026&month=04&day=13
2026,stsongs,2026-04-08,87,Waltz for Lily,King & Prince,https://www.billboard-japan.com/charts/detail?a=stsongs&year=2026&month=04&day=13
2026,stsongs,2026-04-08,88,世界が終わりました,優里,https://www.billboard-japan.com/charts/detail?a=stsongs&year=2026&month=04&day=13
2026,stsongs,2026-04-08,89,ドライフラワー,優里,https://www.billboard-japan.com/charts/detail?a=stsongs&year=2026&month=04&day=13
2026,stsongs,2026-04-08,90,白日,King Gnu,https://www.billboard-japan.com/charts/detail?a=stsongs&year=2026&month=04&day=13
2026,stsongs,2026-04-08,91,愛をこめて花束を,Superfly,https://www.billboard-japan.com/charts/detail?a=stsongs&year=2026&month=04&day=13
2026,stsongs,2026-04-08,92,Love so sweet,嵐,https://www.billboard-japan.com/charts/detail?a=stsongs&year=2026&month=04&day=13
2026,stsongs,2026-04-08,93,RUDE!,Hearts2Hearts,https://www.billboard-japan.com/charts/detail?a=stsongs&year=2026&month=04&day=13
2026,stsongs,2026-04-08,94,MONTAGEM HIKARI,BellyJay,https://www.billboard-japan.com/charts/detail?a=stsongs&year=2026&month=04&day=13
2026,stsongs,2026-04-08,95,桜が降る夜は,あいみょん,https://www.billboard-japan.com/charts/detail?a=stsongs&year=2026&month=04&day=13
2026,stsongs,2026-04-08,96,春泥棒,ヨルシカ,https://www.billboard-japan.com/charts/detail?a=stsongs&year=2026&month=04&day=13
2026,stsongs,2026-04-08,97,BANG BANG,IVE,https://www.billboard-japan.com/charts/detail?a=stsongs&year=2026&month=04&day=13
2026,stsongs,2026-04-08,98,115万キロのフィルム,Official髭男dism,https://www.billboard-japan.com/charts/detail?a=stsongs&year=2026&month=04&day=13
2026,stsongs,2026-04-08,99,アイドル,YOASOBI,https://www.billboard-japan.com/charts/detail?a=stsongs&year=2026&month=04&day=13
2026,stsongs,2026-04-08,100,USOTSUKI,STARGLOW,https://www.billboard-japan.com/charts/detail?a=stsongs&year=2026&month=04&day=13
2026,stsongs,2026-04-15,1,爆裂愛してる,M!LK,https://www.billboard-japan.com/charts/detail?a=stsongs&year=2026&month=04&day=20
2026,stsongs,2026-04-15,2,IRIS OUT,米津玄師,https://www.billboard-japan.com/charts/detail?a=stsongs&year=2026&month=04&day=20
2026,stsongs,2026-04-15,3,AIZO,King Gnu,https://www.billboard-japan.com/charts/detail?a=stsongs&year=2026&month=04&day=20
2026,stsongs,2026-04-15,4,好きすぎて滅!,M!LK,https://www.billboard-japan.com/charts/detail?a=stsongs&year=2026&month=04&day=20
2026,stsongs,2026-04-15,5,lulu.,Mrs.GREEN APPLE,https://www.billboard-japan.com/charts/detail?a=stsongs&year=2026&month=04&day=20
2026,stsongs,2026-04-15,6,ライラック,Mrs.GREEN APPLE,https://www.billboard-japan.com/charts/detail?a=stsongs&year=2026&month=04&day=20
2026,stsongs,2026-04-15,7,Blue Jeans,HANA,https://www.billboard-japan.com/charts/detail?a=stsongs&year=2026&month=04&day=20
2026,stsongs,2026-04-15,8,SWIM,BTS,https://www.billboard-japan.com/charts/detail?a=stsongs&year=2026&month=04&day=20
2026,stsongs,2026-04-15,9,2.0,BTS,https://www.billboard-japan.com/charts/detail?a=stsongs&year=2026&month=04&day=20
2026,stsongs,2026-04-15,10,ROSE,HANA,https://www.billboard-japan.com/charts/detail?a=stsongs&year=2026&month=04&day=20
2026,stsongs,2026-04-15,11,Bad Girl,HANA,https://www.billboard-japan.com/charts/detail?a=stsongs&year=2026&month=04&day=20
2026,stsongs,2026-04-15,12,Five,嵐,https://www.billboard-japan.com/charts/detail?a=stsongs&year=2026&month=04&day=20
2026,stsongs,2026-04-15,13,ダーリン,Mrs.GREEN APPLE,https://www.billboard-japan.com/charts/detail?a=stsongs&year=2026&month=04&day=20
2026,stsongs,2026-04-15,14,Soranji,Mrs.GREEN APPLE,https://www.billboard-japan.com/charts/detail?a=stsongs&year=2026&month=04&day=20
2026,stsongs,2026-04-15,15,Again,Mr.Children,https://www.billboard-japan.com/charts/detail?a=stsongs&year=2026&month=04&day=20
2026,stsongs,2026-04-15,16,ALL IN,HANA,https://www.billboard-japan.com/charts/detail?a=stsongs&year=2026&month=04&day=20
2026,stsongs,2026-04-15,17,ケセラセラ,Mrs.GREEN APPLE,https://www.billboard-japan.com/charts/detail?a=stsongs&year=2026&month=04&day=20
2026,stsongs,2026-04-15,18,革命道中,アイナ・ジ・エンド,https://www.billboard-japan.com/charts/detail?a=stsongs&year=2026&month=04&day=20
2026,stsongs,2026-04-15,19,怪獣,サカナクション,https://www.billboard-japan.com/charts/detail?a=stsongs&year=2026&month=04&day=20
2026,stsongs,2026-04-15,20,点描の唄 feat.井上苑子,Mrs.GREEN APPLE,https://www.billboard-japan.com/charts/detail?a=stsongs&year=2026&month=04&day=20
2026,stsongs,2026-04-15,21,Body to Body,BTS,https://www.billboard-japan.com/charts/detail?a=stsongs&year=2026&month=04&day=20
2026,stsongs,2026-04-15,22,NON STOP,HANA,https://www.billboard-japan.com/charts/detail?a=stsongs&year=2026&month=04&day=20
2026,stsongs,2026-04-15,23,僕のこと,Mrs.GREEN APPLE,https://www.billboard-japan.com/charts/detail?a=stsongs&year=2026&month=04&day=20
2026,stsongs,2026-04-15,24,花束,back number,https://www.billboard-japan.com/charts/detail?a=stsongs&year=2026&month=04&day=20
2026,stsongs,2026-04-15,25,怪獣の花唄,Vaundy,https://www.billboard-japan.com/charts/detail?a=stsongs&year=2026&month=04&day=20
2026,stsongs,2026-04-15,26,高嶺の花子さん,back number,https://www.billboard-japan.com/charts/detail?a=stsongs&year=2026&month=04&day=20
2026,stsongs,2026-04-15,27,Cold Night,HANA,https://www.billboard-japan.com/charts/detail?a=stsongs&year=2026&month=04&day=20
2026,stsongs,2026-04-15,28,BE:FIRST ALL DAY,BE:FIRST,https://www.billboard-japan.com/charts/detail?a=stsongs&year=2026&month=04&day=20
2026,stsongs,2026-04-15,29,エルダーフラワー,Official髭男dism,https://www.billboard-japan.com/charts/detail?a=stsongs&year=2026&month=04&day=20
2026,stsongs,2026-04-15,30,SAD SONG,ちゃんみな,https://www.billboard-japan.com/charts/detail?a=stsongs&year=2026&month=04&day=20
2026,stsongs,2026-04-15,31,最後に階段を駆け上がったのはいつだ?,乃木坂46,https://www.billboard-japan.com/charts/detail?a=stsongs&year=2026&month=04&day=20
2026,stsongs,2026-04-15,32,JANE DOE,"米津玄師, 宇多田ヒカル",https://www.billboard-japan.com/charts/detail?a=stsongs&year=2026&month=04&day=20
2026,stsongs,2026-04-15,33,ブルーアンバー,back number,https://www.billboard-japan.com/charts/detail?a=stsongs&year=2026&month=04&day=20
2026,stsongs,2026-04-15,34,夢中,BE:FIRST,https://www.billboard-japan.com/charts/detail?a=stsongs&year=2026&month=04&day=20
2026,stsongs,2026-04-15,35,青と夏,Mrs.GREEN APPLE,https://www.billboard-japan.com/charts/detail?a=stsongs&year=2026&month=04&day=20
2026,stsongs,2026-04-15,36,カリスマックス,Snow Man,https://www.billboard-japan.com/charts/detail?a=stsongs&year=2026&month=04&day=20
2026,stsongs,2026-04-15,37,ハッピーエンド,back number,https://www.billboard-japan.com/charts/detail?a=stsongs&year=2026&month=04&day=20
2026,stsongs,2026-04-15,38,水平線,back number,https://www.billboard-japan.com/charts/detail?a=stsongs&year=2026&month=04&day=20
2026,stsongs,2026-04-15,39,クスシキ,Mrs.GREEN APPLE,https://www.billboard-japan.com/charts/detail?a=stsongs&year=2026&month=04&day=20
2026,stsongs,2026-04-15,40,Golden,HUNTR/X,https://www.billboard-japan.com/charts/detail?a=stsongs&year=2026&month=04&day=20
2026,stsongs,2026-04-15,41,Hooligan,BTS,https://www.billboard-japan.com/charts/detail?a=stsongs&year=2026&month=04&day=20
2026,stsongs,2026-04-15,42,3XL,Number_i,https://www.billboard-japan.com/charts/detail?a=stsongs&year=2026&month=04&day=20
2026,stsongs,2026-04-15,43,Drop,HANA,https://www.billboard-japan.com/charts/detail?a=stsongs&year=2026&month=04&day=20
2026,stsongs,2026-04-15,44,とくべチュ、して,=LOVE,https://www.billboard-japan.com/charts/detail?a=stsongs&year=2026&month=04&day=20
2026,stsongs,2026-04-15,45,Tiger,HANA,https://www.billboard-japan.com/charts/detail?a=stsongs&year=2026&month=04&day=20
2026,stsongs,2026-04-15,46,FYA,BTS,https://www.billboard-japan.com/charts/detail?a=stsongs&year=2026&month=04&day=20
2026,stsongs,2026-04-15,47,My Body,HANA,https://www.billboard-japan.com/charts/detail?a=stsongs&year=2026&month=04&day=20
2026,stsongs,2026-04-15,48,劇薬中毒,=LOVE,https://www.billboard-japan.com/charts/detail?a=stsongs&year=2026&month=04&day=20
2026,stsongs,2026-04-15,49,NORMAL,BTS,https://www.billboard-japan.com/charts/detail?a=stsongs&year=2026&month=04&day=20
2026,stsongs,2026-04-15,50,HAPPY BIRTHDAY,back number,https://www.billboard-japan.com/charts/detail?a=stsongs&year=2026&month=04&day=20
2026,stsongs,2026-04-15,51,どうしてもどうしても,back number,https://www.billboard-japan.com/charts/detail?a=stsongs&year=2026&month=04&day=20
2026,stsongs,2026-04-15,52,Burning Flower,HANA,https://www.billboard-japan.com/charts/detail?a=stsongs&year=2026&month=04&day=20
2026,stsongs,2026-04-15,53,Aliens,BTS,https://www.billboard-japan.com/charts/detail?a=stsongs&year=2026&month=04&day=20
2026,stsongs,2026-04-15,54,ダンスホール,Mrs.GREEN APPLE,https://www.billboard-japan.com/charts/detail?a=stsongs&year=2026&month=04&day=20
2026,stsongs,2026-04-15,55,ハレンチ,ちゃんみな,https://www.billboard-japan.com/charts/detail?a=stsongs&year=2026&month=04&day=20
2026,stsongs,2026-04-15,56,イイじゃん,M!LK,https://www.billboard-japan.com/charts/detail?a=stsongs&year=2026&month=04&day=20
2026,stsongs,2026-04-15,57,BAD LOVE,HANA,https://www.billboard-japan.com/charts/detail?a=stsongs&year=2026&month=04&day=20
2026,stsongs,2026-04-15,58,ヒロイン,back number,https://www.billboard-japan.com/charts/detail?a=stsongs&year=2026&month=04&day=20
2026,stsongs,2026-04-15,59,Theater,King & Prince,https://www.billboard-japan.com/charts/detail?a=stsongs&year=2026&month=04&day=20
2026,stsongs,2026-04-15,60,シルエット,KANA-BOON,https://www.billboard-japan.com/charts/detail?a=stsongs&year=2026&month=04&day=20
2026,stsongs,2026-04-15,61,幾億光年,Omoinotake,https://www.billboard-japan.com/charts/detail?a=stsongs&year=2026&month=04&day=20
2026,stsongs,2026-04-15,62,セレナーデ,なとり,https://www.billboard-japan.com/charts/detail?a=stsongs&year=2026&month=04&day=20
2026,stsongs,2026-04-15,63,インフェルノ,Mrs.GREEN APPLE,https://www.billboard-japan.com/charts/detail?a=stsongs&year=2026&month=04&day=20
2026,stsongs,2026-04-15,64,GOOD DAY,Mrs.GREEN APPLE,https://www.billboard-japan.com/charts/detail?a=stsongs&year=2026&month=04&day=20
2026,stsongs,2026-04-15,65,Never Grow Up,ちゃんみな,https://www.billboard-japan.com/charts/detail?a=stsongs&year=2026&month=04&day=20
2026,stsongs,2026-04-15,66,Bloom,HANA,https://www.billboard-japan.com/charts/detail?a=stsongs&year=2026&month=04&day=20
2026,stsongs,2026-04-15,67,火種,キタニタツヤ,https://www.billboard-japan.com/charts/detail?a=stsongs&year=2026&month=04&day=20
2026,stsongs,2026-04-15,68,マリーゴールド,あいみょん,https://www.billboard-japan.com/charts/detail?a=stsongs&year=2026&month=04&day=20
2026,stsongs,2026-04-15,69,満ちてゆく,藤井風,https://www.billboard-japan.com/charts/detail?a=stsongs&year=2026&month=04&day=20
2026,stsongs,2026-04-15,70,Pretender,Official髭男dism,https://www.billboard-japan.com/charts/detail?a=stsongs&year=2026&month=04&day=20
2026,stsongs,2026-04-15,71,恋風,幾田りら,https://www.billboard-japan.com/charts/detail?a=stsongs&year=2026&month=04&day=20
2026,stsongs,2026-04-15,72,Lemon,米津玄師,https://www.billboard-japan.com/charts/detail?a=stsongs&year=2026&month=04&day=20
2026,stsongs,2026-04-15,73,雪月花,ヤングスキニー,https://www.billboard-japan.com/charts/detail?a=stsongs&year=2026&month=04&day=20
2026,stsongs,2026-04-15,74,Like Animals,BTS,https://www.billboard-japan.com/charts/detail?a=stsongs&year=2026&month=04&day=20
2026,stsongs,2026-04-15,75,Subtitle,Official髭男dism,https://www.billboard-japan.com/charts/detail?a=stsongs&year=2026&month=04&day=20
2026,stsongs,2026-04-15,76,3月9日,レミオロメン,https://www.billboard-japan.com/charts/detail?a=stsongs&year=2026&month=04&day=20
2026,stsongs,2026-04-15,77,SPECIALZ,King Gnu,https://www.billboard-japan.com/charts/detail?a=stsongs&year=2026&month=04&day=20
2026,stsongs,2026-04-15,78,Merry Go Round,BTS,https://www.billboard-japan.com/charts/detail?a=stsongs&year=2026&month=04&day=20
2026,stsongs,2026-04-15,79,TEST ME,ちゃんみな,https://www.billboard-japan.com/charts/detail?a=stsongs&year=2026&month=04&day=20
2026,stsongs,2026-04-15,80,きらり,藤井風,https://www.billboard-japan.com/charts/detail?a=stsongs&year=2026&month=04&day=20
2026,stsongs,2026-04-15,81,Too Bad,NiziU,https://www.billboard-japan.com/charts/detail?a=stsongs&year=2026&month=04&day=20
2026,stsongs,2026-04-15,82,Magic,Mrs.GREEN APPLE,https://www.billboard-japan.com/charts/detail?a=stsongs&year=2026&month=04&day=20
2026,stsongs,2026-04-15,83,HANABI,Mr.Children,https://www.billboard-japan.com/charts/detail?a=stsongs&year=2026&month=04&day=20
2026,stsongs,2026-04-15,84,Wherever you are,ONE OK ROCK,https://www.billboard-japan.com/charts/detail?a=stsongs&year=2026&month=04&day=20
2026,stsongs,2026-04-15,85,正解,RADWIMPS,https://www.billboard-japan.com/charts/detail?a=stsongs&year=2026&month=04&day=20
2026,stsongs,2026-04-15,86,Love so sweet,嵐,https://www.billboard-japan.com/charts/detail?a=stsongs&year=2026&month=04&day=20
2026,stsongs,2026-04-15,87,奏(かなで),スキマスイッチ,https://www.billboard-japan.com/charts/detail?a=stsongs&year=2026&month=04&day=20
2026,stsongs,2026-04-15,88,EIEN,JO1,https://www.billboard-japan.com/charts/detail?a=stsongs&year=2026&month=04&day=20
2026,stsongs,2026-04-15,89,Dynamite,BTS,https://www.billboard-japan.com/charts/detail?a=stsongs&year=2026&month=04&day=20
2026,stsongs,2026-04-15,90,ドライフラワー,優里,https://www.billboard-japan.com/charts/detail?a=stsongs&year=2026&month=04&day=20
2026,stsongs,2026-04-15,91,らしさ,Official髭男dism,https://www.billboard-japan.com/charts/detail?a=stsongs&year=2026&month=04&day=20
2026,stsongs,2026-04-15,92,they don't know 'bout us,BTS,https://www.billboard-japan.com/charts/detail?a=stsongs&year=2026&month=04&day=20
2026,stsongs,2026-04-15,93,115万キロのフィルム,Official髭男dism,https://www.billboard-japan.com/charts/detail?a=stsongs&year=2026&month=04&day=20
2026,stsongs,2026-04-15,94,春泥棒,ヨルシカ,https://www.billboard-japan.com/charts/detail?a=stsongs&year=2026&month=04&day=20
2026,stsongs,2026-04-15,95,白日,King Gnu,https://www.billboard-japan.com/charts/detail?a=stsongs&year=2026&month=04&day=20
2026,stsongs,2026-04-15,96,アイドル,YOASOBI,https://www.billboard-japan.com/charts/detail?a=stsongs&year=2026&month=04&day=20
2026,stsongs,2026-04-15,97,愛をこめて花束を,Superfly,https://www.billboard-japan.com/charts/detail?a=stsongs&year=2026&month=04&day=20
2026,stsongs,2026-04-15,98,ズー,シャキーラ,https://www.billboard-japan.com/charts/detail?a=stsongs&year=2026&month=04&day=20
2026,stsongs,2026-04-15,99,幸せ,back number,https://www.billboard-japan.com/charts/detail?a=stsongs&year=2026&month=04&day=20
2026,stsongs,2026-04-15,100,新宝島,サカナクション,https://www.billboard-japan.com/charts/detail?a=stsongs&year=2026&month=04&day=20
2026,stsongs,2026-04-22,1,爆裂愛してる,M!LK,https://www.billboard-japan.com/charts/detail?a=stsongs&year=2026&month=04&day=27
2026,stsongs,2026-04-22,2,IRIS OUT,米津玄師,https://www.billboard-japan.com/charts/detail?a=stsongs&year=2026&month=04&day=27
2026,stsongs,2026-04-22,3,風と町,Mrs.GREEN APPLE,https://www.billboard-japan.com/charts/detail?a=stsongs&year=2026&month=04&day=27
2026,stsongs,2026-04-22,4,好きすぎて滅!,M!LK,https://www.billboard-japan.com/charts/detail?a=stsongs&year=2026&month=04&day=27
2026,stsongs,2026-04-22,5,AIZO,King Gnu,https://www.billboard-japan.com/charts/detail?a=stsongs&year=2026&month=04&day=27
2026,stsongs,2026-04-22,6,lulu.,Mrs.GREEN APPLE,https://www.billboard-japan.com/charts/detail?a=stsongs&year=2026&month=04&day=27
2026,stsongs,2026-04-22,7,ライラック,Mrs.GREEN APPLE,https://www.billboard-japan.com/charts/detail?a=stsongs&year=2026&month=04&day=27
2026,stsongs,2026-04-22,8,Blue Jeans,HANA,https://www.billboard-japan.com/charts/detail?a=stsongs&year=2026&month=04&day=27
2026,stsongs,2026-04-22,9,SWIM,BTS,https://www.billboard-japan.com/charts/detail?a=stsongs&year=2026&month=04&day=27
2026,stsongs,2026-04-22,10,2.0,BTS,https://www.billboard-japan.com/charts/detail?a=stsongs&year=2026&month=04&day=27
2026,stsongs,2026-04-22,11,ROSE,HANA,https://www.billboard-japan.com/charts/detail?a=stsongs&year=2026&month=04&day=27
2026,stsongs,2026-04-22,12,Bad Girl,HANA,https://www.billboard-japan.com/charts/detail?a=stsongs&year=2026&month=04&day=27
2026,stsongs,2026-04-22,13,ダーリン,Mrs.GREEN APPLE,https://www.billboard-japan.com/charts/detail?a=stsongs&year=2026&month=04&day=27
2026,stsongs,2026-04-22,14,Soranji,Mrs.GREEN APPLE,https://www.billboard-japan.com/charts/detail?a=stsongs&year=2026&month=04&day=27
2026,stsongs,2026-04-22,15,ラストダンスあなたと,MISIA,https://www.billboard-japan.com/charts/detail?a=stsongs&year=2026&month=04&day=27
2026,stsongs,2026-04-22,16,Five,嵐,https://www.billboard-japan.com/charts/detail?a=stsongs&year=2026&month=04&day=27
2026,stsongs,2026-04-22,17,ケセラセラ,Mrs.GREEN APPLE,https://www.billboard-japan.com/charts/detail?a=stsongs&year=2026&month=04&day=27
2026,stsongs,2026-04-22,18,点描の唄 feat.井上苑子,Mrs.GREEN APPLE,https://www.billboard-japan.com/charts/detail?a=stsongs&year=2026&month=04&day=27
2026,stsongs,2026-04-22,19,Stick With You,TOMORROW X TOGETHER,https://www.billboard-japan.com/charts/detail?a=stsongs&year=2026&month=04&day=27
2026,stsongs,2026-04-22,20,Body to Body,BTS,https://www.billboard-japan.com/charts/detail?a=stsongs&year=2026&month=04&day=27
2026,stsongs,2026-04-22,21,革命道中,アイナ・ジ・エンド,https://www.billboard-japan.com/charts/detail?a=stsongs&year=2026&month=04&day=27
2026,stsongs,2026-04-22,22,Again,Mr.Children,https://www.billboard-japan.com/charts/detail?a=stsongs&year=2026&month=04&day=27
2026,stsongs,2026-04-22,23,怪獣,サカナクション,https://www.billboard-japan.com/charts/detail?a=stsongs&year=2026&month=04&day=27
2026,stsongs,2026-04-22,24,エルダーフラワー,Official髭男dism,https://www.billboard-japan.com/charts/detail?a=stsongs&year=2026&month=04&day=27
2026,stsongs,2026-04-22,25,高嶺の花子さん,back number,https://www.billboard-japan.com/charts/detail?a=stsongs&year=2026&month=04&day=27
2026,stsongs,2026-04-22,26,怪獣の花唄,Vaundy,https://www.billboard-japan.com/charts/detail?a=stsongs&year=2026&month=04&day=27
2026,stsongs,2026-04-22,27,青と夏,Mrs.GREEN APPLE,https://www.billboard-japan.com/charts/detail?a=stsongs&year=2026&month=04&day=27
2026,stsongs,2026-04-22,28,僕のこと,Mrs.GREEN APPLE,https://www.billboard-japan.com/charts/detail?a=stsongs&year=2026&month=04&day=27
2026,stsongs,2026-04-22,29,花束,back number,https://www.billboard-japan.com/charts/detail?a=stsongs&year=2026&month=04&day=27
2026,stsongs,2026-04-22,30,NON STOP,HANA,https://www.billboard-japan.com/charts/detail?a=stsongs&year=2026&month=04&day=27
2026,stsongs,2026-04-22,31,ALL IN,HANA,https://www.billboard-japan.com/charts/detail?a=stsongs&year=2026&month=04&day=27
2026,stsongs,2026-04-22,32,JANE DOE,"米津玄師, 宇多田ヒカル",https://www.billboard-japan.com/charts/detail?a=stsongs&year=2026&month=04&day=27
2026,stsongs,2026-04-22,33,ブルーアンバー,back number,https://www.billboard-japan.com/charts/detail?a=stsongs&year=2026&month=04&day=27
2026,stsongs,2026-04-22,34,ハッピーエンド,back number,https://www.billboard-japan.com/charts/detail?a=stsongs&year=2026&month=04&day=27
2026,stsongs,2026-04-22,35,Hooligan,BTS,https://www.billboard-japan.com/charts/detail?a=stsongs&year=2026&month=04&day=27
2026,stsongs,2026-04-22,36,SAD SONG,ちゃんみな,https://www.billboard-japan.com/charts/detail?a=stsongs&year=2026&month=04&day=27
2026,stsongs,2026-04-22,37,Cold Night,HANA,https://www.billboard-japan.com/charts/detail?a=stsongs&year=2026&month=04&day=27
2026,stsongs,2026-04-22,38,夢中,BE:FIRST,https://www.billboard-japan.com/charts/detail?a=stsongs&year=2026&month=04&day=27
2026,stsongs,2026-04-22,39,水平線,back number,https://www.billboard-japan.com/charts/detail?a=stsongs&year=2026&month=04&day=27
2026,stsongs,2026-04-22,40,クスシキ,Mrs.GREEN APPLE,https://www.billboard-japan.com/charts/detail?a=stsongs&year=2026&month=04&day=27
2026,stsongs,2026-04-22,41,スターダスト,Official髭男dism,https://www.billboard-japan.com/charts/detail?a=stsongs&year=2026&month=04&day=27
2026,stsongs,2026-04-22,42,カリスマックス,Snow Man,https://www.billboard-japan.com/charts/detail?a=stsongs&year=2026&month=04&day=27
2026,stsongs,2026-04-22,43,BE:FIRST ALL DAY,BE:FIRST,https://www.billboard-japan.com/charts/detail?a=stsongs&year=2026&month=04&day=27
2026,stsongs,2026-04-22,44,Golden,HUNTR/X,https://www.billboard-japan.com/charts/detail?a=stsongs&year=2026&month=04&day=27
2026,stsongs,2026-04-22,45,最後に階段を駆け上がったのはいつだ?,乃木坂46,https://www.billboard-japan.com/charts/detail?a=stsongs&year=2026&month=04&day=27
2026,stsongs,2026-04-22,46,FYA,BTS,https://www.billboard-japan.com/charts/detail?a=stsongs&year=2026&month=04&day=27
2026,stsongs,2026-04-22,47,3XL,Number_i,https://www.billboard-japan.com/charts/detail?a=stsongs&year=2026&month=04&day=27
2026,stsongs,2026-04-22,48,とくべチュ、して,=LOVE,https://www.billboard-japan.com/charts/detail?a=stsongs&year=2026&month=04&day=27
2026,stsongs,2026-04-22,49,飛ぶ時,Vaundy,https://www.billboard-japan.com/charts/detail?a=stsongs&year=2026&month=04&day=27
2026,stsongs,2026-04-22,50,Drop,HANA,https://www.billboard-japan.com/charts/detail?a=stsongs&year=2026&month=04&day=27
2026,stsongs,2026-04-22,51,WARAiNA,ONE N' ONLY,https://www.billboard-japan.com/charts/detail?a=stsongs&year=2026&month=04&day=27
2026,stsongs,2026-04-22,52,NORMAL,BTS,https://www.billboard-japan.com/charts/detail?a=stsongs&year=2026&month=04&day=27
2026,stsongs,2026-04-22,53,HAPPY BIRTHDAY,back number,https://www.billboard-japan.com/charts/detail?a=stsongs&year=2026&month=04&day=27
2026,stsongs,2026-04-22,54,Aliens,BTS,https://www.billboard-japan.com/charts/detail?a=stsongs&year=2026&month=04&day=27
2026,stsongs,2026-04-22,55,Tiger,HANA,https://www.billboard-japan.com/charts/detail?a=stsongs&year=2026&month=04&day=27
2026,stsongs,2026-04-22,56,劇薬中毒,=LOVE,https://www.billboard-japan.com/charts/detail?a=stsongs&year=2026&month=04&day=27
2026,stsongs,2026-04-22,57,火種,キタニタツヤ,https://www.billboard-japan.com/charts/detail?a=stsongs&year=2026&month=04&day=27
2026,stsongs,2026-04-22,58,My Body,HANA,https://www.billboard-japan.com/charts/detail?a=stsongs&year=2026&month=04&day=27
2026,stsongs,2026-04-22,59,We on Fire,&TEAM,https://www.billboard-japan.com/charts/detail?a=stsongs&year=2026&month=04&day=27
2026,stsongs,2026-04-22,60,ダンスホール,Mrs.GREEN APPLE,https://www.billboard-japan.com/charts/detail?a=stsongs&year=2026&month=04&day=27
2026,stsongs,2026-04-22,61,ヒロイン,back number,https://www.billboard-japan.com/charts/detail?a=stsongs&year=2026&month=04&day=27
2026,stsongs,2026-04-22,62,どうしてもどうしても,back number,https://www.billboard-japan.com/charts/detail?a=stsongs&year=2026&month=04&day=27
2026,stsongs,2026-04-22,63,Kind of love,日向坂46,https://www.billboard-japan.com/charts/detail?a=stsongs&year=2026&month=04&day=27
2026,stsongs,2026-04-22,64,ハレンチ,ちゃんみな,https://www.billboard-japan.com/charts/detail?a=stsongs&year=2026&month=04&day=27
2026,stsongs,2026-04-22,65,Burning Flower,HANA,https://www.billboard-japan.com/charts/detail?a=stsongs&year=2026&month=04&day=27
2026,stsongs,2026-04-22,66,幾億光年,Omoinotake,https://www.billboard-japan.com/charts/detail?a=stsongs&year=2026&month=04&day=27
2026,stsongs,2026-04-22,67,イイじゃん,M!LK,https://www.billboard-japan.com/charts/detail?a=stsongs&year=2026&month=04&day=27
2026,stsongs,2026-04-22,68,セレナーデ,なとり,https://www.billboard-japan.com/charts/detail?a=stsongs&year=2026&month=04&day=27
2026,stsongs,2026-04-22,69,インフェルノ,Mrs.GREEN APPLE,https://www.billboard-japan.com/charts/detail?a=stsongs&year=2026&month=04&day=27
2026,stsongs,2026-04-22,70,GOOD DAY,Mrs.GREEN APPLE,https://www.billboard-japan.com/charts/detail?a=stsongs&year=2026&month=04&day=27
2026,stsongs,2026-04-22,71,シルエット,KANA-BOON,https://www.billboard-japan.com/charts/detail?a=stsongs&year=2026&month=04&day=27
2026,stsongs,2026-04-22,72,BAD LOVE,HANA,https://www.billboard-japan.com/charts/detail?a=stsongs&year=2026&month=04&day=27
2026,stsongs,2026-04-22,73,Theater,King & Prince,https://www.billboard-japan.com/charts/detail?a=stsongs&year=2026&month=04&day=27
2026,stsongs,2026-04-22,74,Pretender,Official髭男dism,https://www.billboard-japan.com/charts/detail?a=stsongs&year=2026&month=04&day=27
2026,stsongs,2026-04-22,75,Never Grow Up,ちゃんみな,https://www.billboard-japan.com/charts/detail?a=stsongs&year=2026&month=04&day=27
2026,stsongs,2026-04-22,76,マリーゴールド,あいみょん,https://www.billboard-japan.com/charts/detail?a=stsongs&year=2026&month=04&day=27
2026,stsongs,2026-04-22,77,Like Animals,BTS,https://www.billboard-japan.com/charts/detail?a=stsongs&year=2026&month=04&day=27
2026,stsongs,2026-04-22,78,雪月花,ヤングスキニー,https://www.billboard-japan.com/charts/detail?a=stsongs&year=2026&month=04&day=27
2026,stsongs,2026-04-22,79,Lemon,米津玄師,https://www.billboard-japan.com/charts/detail?a=stsongs&year=2026&month=04&day=27
2026,stsongs,2026-04-22,80,Subtitle,Official髭男dism,https://www.billboard-japan.com/charts/detail?a=stsongs&year=2026&month=04&day=27
2026,stsongs,2026-04-22,81,満ちてゆく,藤井風,https://www.billboard-japan.com/charts/detail?a=stsongs&year=2026&month=04&day=27
2026,stsongs,2026-04-22,82,Dynamite,BTS,https://www.billboard-japan.com/charts/detail?a=stsongs&year=2026&month=04&day=27
2026,stsongs,2026-04-22,83,恋風,幾田りら,https://www.billboard-japan.com/charts/detail?a=stsongs&year=2026&month=04&day=27
2026,stsongs,2026-04-22,84,Bloom,HANA,https://www.billboard-japan.com/charts/detail?a=stsongs&year=2026&month=04&day=27
2026,stsongs,2026-04-22,85,115万キロのフィルム,Official髭男dism,https://www.billboard-japan.com/charts/detail?a=stsongs&year=2026&month=04&day=27
2026,stsongs,2026-04-22,86,Merry Go Round,BTS,https://www.billboard-japan.com/charts/detail?a=stsongs&year=2026&month=04&day=27
2026,stsongs,2026-04-22,87,SPECIALZ,King Gnu,https://www.billboard-japan.com/charts/detail?a=stsongs&year=2026&month=04&day=27
2026,stsongs,2026-04-22,88,Magic,Mrs.GREEN APPLE,https://www.billboard-japan.com/charts/detail?a=stsongs&year=2026&month=04&day=27
2026,stsongs,2026-04-22,89,As We Are,Travis Japan,https://www.billboard-japan.com/charts/detail?a=stsongs&year=2026&month=04&day=27
2026,stsongs,2026-04-22,90,they don't know 'bout us,BTS,https://www.billboard-japan.com/charts/detail?a=stsongs&year=2026&month=04&day=27
2026,stsongs,2026-04-22,91,きらり,藤井風,https://www.billboard-japan.com/charts/detail?a=stsongs&year=2026&month=04&day=27
2026,stsongs,2026-04-22,92,Wherever you are,ONE OK ROCK,https://www.billboard-japan.com/charts/detail?a=stsongs&year=2026&month=04&day=27
2026,stsongs,2026-04-22,93,HANABI,Mr.Children,https://www.billboard-japan.com/charts/detail?a=stsongs&year=2026&month=04&day=27
2026,stsongs,2026-04-22,94,奏(かなで),スキマスイッチ,https://www.billboard-japan.com/charts/detail?a=stsongs&year=2026&month=04&day=27
2026,stsongs,2026-04-22,95,EIEN,JO1,https://www.billboard-japan.com/charts/detail?a=stsongs&year=2026&month=04&day=27
2026,stsongs,2026-04-22,96,ドライフラワー,優里,https://www.billboard-japan.com/charts/detail?a=stsongs&year=2026&month=04&day=27
2026,stsongs,2026-04-22,97,愛をこめて花束を,Superfly,https://www.billboard-japan.com/charts/detail?a=stsongs&year=2026&month=04&day=27
2026,stsongs,2026-04-22,98,らしさ,Official髭男dism,https://www.billboard-japan.com/charts/detail?a=stsongs&year=2026&month=04&day=27
2026,stsongs,2026-04-22,99,白日,King Gnu,https://www.billboard-japan.com/charts/detail?a=stsongs&year=2026&month=04&day=27
2026,stsongs,2026-04-22,100,Love so sweet,嵐,https://www.billboard-japan.com/charts/detail?a=stsongs&year=2026&month=04&day=27
2026,stsongs,2026-04-29,1,爆裂愛してる,M!LK,https://www.billboard-japan.com/charts/detail?a=stsongs&year=2026&month=05&day=04
2026,stsongs,2026-04-29,2,IRIS OUT,米津玄師,https://www.billboard-japan.com/charts/detail?a=stsongs&year=2026&month=05&day=04
2026,stsongs,2026-04-29,3,好きすぎて滅!,M!LK,https://www.billboard-japan.com/charts/detail?a=stsongs&year=2026&month=05&day=04
2026,stsongs,2026-04-29,4,lulu.,Mrs.GREEN APPLE,https://www.billboard-japan.com/charts/detail?a=stsongs&year=2026&month=05&day=04
2026,stsongs,2026-04-29,5,ライラック,Mrs.GREEN APPLE,https://www.billboard-japan.com/charts/detail?a=stsongs&year=2026&month=05&day=04
2026,stsongs,2026-04-29,6,AIZO,King Gnu,https://www.billboard-japan.com/charts/detail?a=stsongs&year=2026&month=05&day=04
2026,stsongs,2026-04-29,7,Blue Jeans,HANA,https://www.billboard-japan.com/charts/detail?a=stsongs&year=2026&month=05&day=04
2026,stsongs,2026-04-29,8,風と町,Mrs.GREEN APPLE,https://www.billboard-japan.com/charts/detail?a=stsongs&year=2026&month=05&day=04
2026,stsongs,2026-04-29,9,SWIM,BTS,https://www.billboard-japan.com/charts/detail?a=stsongs&year=2026&month=05&day=04
2026,stsongs,2026-04-29,10,2.0,BTS,https://www.billboard-japan.com/charts/detail?a=stsongs&year=2026&month=05&day=04
2026,stsongs,2026-04-29,11,ROSE,HANA,https://www.billboard-japan.com/charts/detail?a=stsongs&year=2026&month=05&day=04
2026,stsongs,2026-04-29,12,ダーリン,Mrs.GREEN APPLE,https://www.billboard-japan.com/charts/detail?a=stsongs&year=2026&month=05&day=04
2026,stsongs,2026-04-29,13,Bad Girl,HANA,https://www.billboard-japan.com/charts/detail?a=stsongs&year=2026&month=05&day=04
2026,stsongs,2026-04-29,14,Soranji,Mrs.GREEN APPLE,https://www.billboard-japan.com/charts/detail?a=stsongs&year=2026&month=05&day=04
2026,stsongs,2026-04-29,15,"What's ""KAZOKU""?",櫻坂46,https://www.billboard-japan.com/charts/detail?a=stsongs&year=2026&month=05&day=04
2026,stsongs,2026-04-29,16,ケセラセラ,Mrs.GREEN APPLE,https://www.billboard-japan.com/charts/detail?a=stsongs&year=2026&month=05&day=04
2026,stsongs,2026-04-29,17,Five,嵐,https://www.billboard-japan.com/charts/detail?a=stsongs&year=2026&month=05&day=04
2026,stsongs,2026-04-29,18,ラストダンスあなたと,MISIA,https://www.billboard-japan.com/charts/detail?a=stsongs&year=2026&month=05&day=04
2026,stsongs,2026-04-29,19,革命道中,アイナ・ジ・エンド,https://www.billboard-japan.com/charts/detail?a=stsongs&year=2026&month=05&day=04
2026,stsongs,2026-04-29,20,怪獣,サカナクション,https://www.billboard-japan.com/charts/detail?a=stsongs&year=2026&month=05&day=04
2026,stsongs,2026-04-29,21,青と夏,Mrs.GREEN APPLE,https://www.billboard-japan.com/charts/detail?a=stsongs&year=2026&month=05&day=04
2026,stsongs,2026-04-29,22,点描の唄 feat.井上苑子,Mrs.GREEN APPLE,https://www.billboard-japan.com/charts/detail?a=stsongs&year=2026&month=05&day=04
2026,stsongs,2026-04-29,23,僕のこと,Mrs.GREEN APPLE,https://www.billboard-japan.com/charts/detail?a=stsongs&year=2026&month=05&day=04
2026,stsongs,2026-04-29,24,エルダーフラワー,Official髭男dism,https://www.billboard-japan.com/charts/detail?a=stsongs&year=2026&month=05&day=04
2026,stsongs,2026-04-29,25,花束,back number,https://www.billboard-japan.com/charts/detail?a=stsongs&year=2026&month=05&day=04
2026,stsongs,2026-04-29,26,高嶺の花子さん,back number,https://www.billboard-japan.com/charts/detail?a=stsongs&year=2026&month=05&day=04
2026,stsongs,2026-04-29,27,スターダスト,Official髭男dism,https://www.billboard-japan.com/charts/detail?a=stsongs&year=2026&month=05&day=04
2026,stsongs,2026-04-29,28,クスシキ,Mrs.GREEN APPLE,https://www.billboard-japan.com/charts/detail?a=stsongs&year=2026&month=05&day=04
2026,stsongs,2026-04-29,29,ハッピーエンド,back number,https://www.billboard-japan.com/charts/detail?a=stsongs&year=2026&month=05&day=04
2026,stsongs,2026-04-29,30,ブルーアンバー,back number,https://www.billboard-japan.com/charts/detail?a=stsongs&year=2026&month=05&day=04
2026,stsongs,2026-04-29,31,Again,Mr.Children,https://www.billboard-japan.com/charts/detail?a=stsongs&year=2026&month=05&day=04
2026,stsongs,2026-04-29,32,JANE DOE,"米津玄師, 宇多田ヒカル",https://www.billboard-japan.com/charts/detail?a=stsongs&year=2026&month=05&day=04
2026,stsongs,2026-04-29,33,Body to Body,BTS,https://www.billboard-japan.com/charts/detail?a=stsongs&year=2026&month=05&day=04
2026,stsongs,2026-04-29,34,怪獣の花唄,Vaundy,https://www.billboard-japan.com/charts/detail?a=stsongs&year=2026&month=05&day=04
2026,stsongs,2026-04-29,35,SAD SONG,ちゃんみな,https://www.billboard-japan.com/charts/detail?a=stsongs&year=2026&month=05&day=04
2026,stsongs,2026-04-29,36,NON STOP,HANA,https://www.billboard-japan.com/charts/detail?a=stsongs&year=2026&month=05&day=04
2026,stsongs,2026-04-29,37,水平線,back number,https://www.billboard-japan.com/charts/detail?a=stsongs&year=2026&month=05&day=04
2026,stsongs,2026-04-29,38,夢中,BE:FIRST,https://www.billboard-japan.com/charts/detail?a=stsongs&year=2026&month=05&day=04
2026,stsongs,2026-04-29,39,カリスマックス,Snow Man,https://www.billboard-japan.com/charts/detail?a=stsongs&year=2026&month=05&day=04
2026,stsongs,2026-04-29,40,Hooligan,BTS,https://www.billboard-japan.com/charts/detail?a=stsongs&year=2026&month=05&day=04
2026,stsongs,2026-04-29,41,Cold Night,HANA,https://www.billboard-japan.com/charts/detail?a=stsongs&year=2026&month=05&day=04
2026,stsongs,2026-04-29,42,Kind of love,日向坂46,https://www.billboard-japan.com/charts/detail?a=stsongs&year=2026&month=05&day=04
2026,stsongs,2026-04-29,43,とくべチュ、して,=LOVE,https://www.billboard-japan.com/charts/detail?a=stsongs&year=2026&month=05&day=04
2026,stsongs,2026-04-29,44,ALL IN,HANA,https://www.billboard-japan.com/charts/detail?a=stsongs&year=2026&month=05&day=04
2026,stsongs,2026-04-29,45,3XL,Number_i,https://www.billboard-japan.com/charts/detail?a=stsongs&year=2026&month=05&day=04
2026,stsongs,2026-04-29,46,Golden,HUNTR/X,https://www.billboard-japan.com/charts/detail?a=stsongs&year=2026&month=05&day=04
2026,stsongs,2026-04-29,47,飛ぶ時,Vaundy,https://www.billboard-japan.com/charts/detail?a=stsongs&year=2026&month=05&day=04
2026,stsongs,2026-04-29,48,HAPPY BIRTHDAY,back number,https://www.billboard-japan.com/charts/detail?a=stsongs&year=2026&month=05&day=04
2026,stsongs,2026-04-29,49,BE:FIRST ALL DAY,BE:FIRST,https://www.billboard-japan.com/charts/detail?a=stsongs&year=2026&month=05&day=04
2026,stsongs,2026-04-29,50,Drop,HANA,https://www.billboard-japan.com/charts/detail?a=stsongs&year=2026&month=05&day=04
2026,stsongs,2026-04-29,51,劇薬中毒,=LOVE,https://www.billboard-japan.com/charts/detail?a=stsongs&year=2026&month=05&day=04
2026,stsongs,2026-04-29,52,WARAiNA,ONE N' ONLY,https://www.billboard-japan.com/charts/detail?a=stsongs&year=2026&month=05&day=04
2026,stsongs,2026-04-29,53,火種,キタニタツヤ,https://www.billboard-japan.com/charts/detail?a=stsongs&year=2026&month=05&day=04
2026,stsongs,2026-04-29,54,ダンスホール,Mrs.GREEN APPLE,https://www.billboard-japan.com/charts/detail?a=stsongs&year=2026&month=05&day=04
2026,stsongs,2026-04-29,55,Tiger,HANA,https://www.billboard-japan.com/charts/detail?a=stsongs&year=2026&month=05&day=04
2026,stsongs,2026-04-29,56,ヒロイン,back number,https://www.billboard-japan.com/charts/detail?a=stsongs&year=2026&month=05&day=04
2026,stsongs,2026-04-29,57,FYA,BTS,https://www.billboard-japan.com/charts/detail?a=stsongs&year=2026&month=05&day=04
2026,stsongs,2026-04-29,58,NORMAL,BTS,https://www.billboard-japan.com/charts/detail?a=stsongs&year=2026&month=05&day=04
2026,stsongs,2026-04-29,59,ハレンチ,ちゃんみな,https://www.billboard-japan.com/charts/detail?a=stsongs&year=2026&month=05&day=04
2026,stsongs,2026-04-29,60,セレナーデ,なとり,https://www.billboard-japan.com/charts/detail?a=stsongs&year=2026&month=05&day=04
2026,stsongs,2026-04-29,61,どうしてもどうしても,back number,https://www.billboard-japan.com/charts/detail?a=stsongs&year=2026&month=05&day=04
2026,stsongs,2026-04-29,62,イイじゃん,M!LK,https://www.billboard-japan.com/charts/detail?a=stsongs&year=2026&month=05&day=04
2026,stsongs,2026-04-29,63,インフェルノ,Mrs.GREEN APPLE,https://www.billboard-japan.com/charts/detail?a=stsongs&year=2026&month=05&day=04
2026,stsongs,2026-04-29,64,幾億光年,Omoinotake,https://www.billboard-japan.com/charts/detail?a=stsongs&year=2026&month=05&day=04
2026,stsongs,2026-04-29,65,雪月花,ヤングスキニー,https://www.billboard-japan.com/charts/detail?a=stsongs&year=2026&month=05&day=04
2026,stsongs,2026-04-29,66,GOOD DAY,Mrs.GREEN APPLE,https://www.billboard-japan.com/charts/detail?a=stsongs&year=2026&month=05&day=04
2026,stsongs,2026-04-29,67,Pretender,Official髭男dism,https://www.billboard-japan.com/charts/detail?a=stsongs&year=2026&month=05&day=04
2026,stsongs,2026-04-29,68,シルエット,KANA-BOON,https://www.billboard-japan.com/charts/detail?a=stsongs&year=2026&month=05&day=04
2026,stsongs,2026-04-29,69,My Body,HANA,https://www.billboard-japan.com/charts/detail?a=stsongs&year=2026&month=05&day=04
2026,stsongs,2026-04-29,70,Dynamite,BTS,https://www.billboard-japan.com/charts/detail?a=stsongs&year=2026&month=05&day=04
2026,stsongs,2026-04-29,71,Never Grow Up,ちゃんみな,https://www.billboard-japan.com/charts/detail?a=stsongs&year=2026&month=05&day=04
2026,stsongs,2026-04-29,72,Burning Flower,HANA,https://www.billboard-japan.com/charts/detail?a=stsongs&year=2026&month=05&day=04
2026,stsongs,2026-04-29,73,マリーゴールド,あいみょん,https://www.billboard-japan.com/charts/detail?a=stsongs&year=2026&month=05&day=04
2026,stsongs,2026-04-29,74,Stick With You,TOMORROW X TOGETHER,https://www.billboard-japan.com/charts/detail?a=stsongs&year=2026&month=05&day=04
2026,stsongs,2026-04-29,75,Lemon,米津玄師,https://www.billboard-japan.com/charts/detail?a=stsongs&year=2026&month=05&day=04
2026,stsongs,2026-04-29,76,BAD LOVE,HANA,https://www.billboard-japan.com/charts/detail?a=stsongs&year=2026&month=05&day=04
2026,stsongs,2026-04-29,77,Theater,King & Prince,https://www.billboard-japan.com/charts/detail?a=stsongs&year=2026&month=05&day=04
2026,stsongs,2026-04-29,78,Aliens,BTS,https://www.billboard-japan.com/charts/detail?a=stsongs&year=2026&month=05&day=04
2026,stsongs,2026-04-29,79,Subtitle,Official髭男dism,https://www.billboard-japan.com/charts/detail?a=stsongs&year=2026&month=05&day=04
2026,stsongs,2026-04-29,80,Magic,Mrs.GREEN APPLE,https://www.billboard-japan.com/charts/detail?a=stsongs&year=2026&month=05&day=04
2026,stsongs,2026-04-29,81,夜の踊り子,サカナクション,https://www.billboard-japan.com/charts/detail?a=stsongs&year=2026&month=05&day=04
2026,stsongs,2026-04-29,82,We on Fire,&TEAM,https://www.billboard-japan.com/charts/detail?a=stsongs&year=2026&month=05&day=04
2026,stsongs,2026-04-29,83,115万キロのフィルム,Official髭男dism,https://www.billboard-japan.com/charts/detail?a=stsongs&year=2026&month=05&day=04
2026,stsongs,2026-04-29,84,満ちてゆく,藤井風,https://www.billboard-japan.com/charts/detail?a=stsongs&year=2026&month=05&day=04
2026,stsongs,2026-04-29,85,あぶく,ヨルシカ,https://www.billboard-japan.com/charts/detail?a=stsongs&year=2026&month=05&day=04
2026,stsongs,2026-04-29,86,恋風,幾田りら,https://www.billboard-japan.com/charts/detail?a=stsongs&year=2026&month=05&day=04
2026,stsongs,2026-04-29,87,きらり,藤井風,https://www.billboard-japan.com/charts/detail?a=stsongs&year=2026&month=05&day=04
2026,stsongs,2026-04-29,88,SPECIALZ,King Gnu,https://www.billboard-japan.com/charts/detail?a=stsongs&year=2026&month=05&day=04
2026,stsongs,2026-04-29,89,愛をこめて花束を,Superfly,https://www.billboard-japan.com/charts/detail?a=stsongs&year=2026&month=05&day=04
2026,stsongs,2026-04-29,90,StaRt,Mrs.GREEN APPLE,https://www.billboard-japan.com/charts/detail?a=stsongs&year=2026&month=05&day=04
2026,stsongs,2026-04-29,91,奏(かなで),スキマスイッチ,https://www.billboard-japan.com/charts/detail?a=stsongs&year=2026&month=05&day=04
2026,stsongs,2026-04-29,92,Bloom,HANA,https://www.billboard-japan.com/charts/detail?a=stsongs&year=2026&month=05&day=04
2026,stsongs,2026-04-29,93,Wherever you are,ONE OK ROCK,https://www.billboard-japan.com/charts/detail?a=stsongs&year=2026&month=05&day=04
2026,stsongs,2026-04-29,94,ドライフラワー,優里,https://www.billboard-japan.com/charts/detail?a=stsongs&year=2026&month=05&day=04
2026,stsongs,2026-04-29,95,Like Animals,BTS,https://www.billboard-japan.com/charts/detail?a=stsongs&year=2026&month=05&day=04
2026,stsongs,2026-04-29,96,らしさ,Official髭男dism,https://www.billboard-japan.com/charts/detail?a=stsongs&year=2026&month=05&day=04
2026,stsongs,2026-04-29,97,白日,King Gnu,https://www.billboard-japan.com/charts/detail?a=stsongs&year=2026&month=05&day=04
2026,stsongs,2026-04-29,98,HANABI,Mr.Children,https://www.billboard-japan.com/charts/detail?a=stsongs&year=2026&month=05&day=04
2026,stsongs,2026-04-29,99,新宝島,サカナクション,https://www.billboard-japan.com/charts/detail?a=stsongs&year=2026&month=05&day=04
2026,stsongs,2026-04-29,100,晩餐歌,tuki.,https://www.billboard-japan.com/charts/detail?a=stsongs&year=2026&month=05&day=04
2026,stsongs,2026-05-06,1,爆裂愛してる,M!LK,https://www.billboard-japan.com/charts/detail?a=stsongs&year=2026&month=05&day=11
2026,stsongs,2026-05-06,2,IRIS OUT,米津玄師,https://www.billboard-japan.com/charts/detail?a=stsongs&year=2026&month=05&day=11
2026,stsongs,2026-05-06,3,好きすぎて滅!,M!LK,https://www.billboard-japan.com/charts/detail?a=stsongs&year=2026&month=05&day=11
2026,stsongs,2026-05-06,4,アイドルパワー,M!LK,https://www.billboard-japan.com/charts/detail?a=stsongs&year=2026&month=05&day=11
2026,stsongs,2026-05-06,5,ライラック,Mrs.GREEN APPLE,https://www.billboard-japan.com/charts/detail?a=stsongs&year=2026&month=05&day=11
2026,stsongs,2026-05-06,6,lulu.,Mrs.GREEN APPLE,https://www.billboard-japan.com/charts/detail?a=stsongs&year=2026&month=05&day=11
2026,stsongs,2026-05-06,7,AIZO,King Gnu,https://www.billboard-japan.com/charts/detail?a=stsongs&year=2026&month=05&day=11
2026,stsongs,2026-05-06,8,Blue Jeans,HANA,https://www.billboard-japan.com/charts/detail?a=stsongs&year=2026&month=05&day=11
2026,stsongs,2026-05-06,9,風と町,Mrs.GREEN APPLE,https://www.billboard-japan.com/charts/detail?a=stsongs&year=2026&month=05&day=11
2026,stsongs,2026-05-06,10,ROSE,HANA,https://www.billboard-japan.com/charts/detail?a=stsongs&year=2026&month=05&day=11
2026,stsongs,2026-05-06,11,電撃,めいちゃん,https://www.billboard-japan.com/charts/detail?a=stsongs&year=2026&month=05&day=11
2026,stsongs,2026-05-06,12,ダーリン,Mrs.GREEN APPLE,https://www.billboard-japan.com/charts/detail?a=stsongs&year=2026&month=05&day=11
2026,stsongs,2026-05-06,13,Soranji,Mrs.GREEN APPLE,https://www.billboard-japan.com/charts/detail?a=stsongs&year=2026&month=05&day=11
2026,stsongs,2026-05-06,14,3XL,Number_i,https://www.billboard-japan.com/charts/detail?a=stsongs&year=2026&month=05&day=11
2026,stsongs,2026-05-06,15,催し,大森元貴,https://www.billboard-japan.com/charts/detail?a=stsongs&year=2026&month=05&day=11
2026,stsongs,2026-05-06,16,SWIM,BTS,https://www.billboard-japan.com/charts/detail?a=stsongs&year=2026&month=05&day=11
2026,stsongs,2026-05-06,17,ケセラセラ,Mrs.GREEN APPLE,https://www.billboard-japan.com/charts/detail?a=stsongs&year=2026&month=05&day=11
2026,stsongs,2026-05-06,18,2.0,BTS,https://www.billboard-japan.com/charts/detail?a=stsongs&year=2026&month=05&day=11
2026,stsongs,2026-05-06,19,Bad Girl,HANA,https://www.billboard-japan.com/charts/detail?a=stsongs&year=2026&month=05&day=11
2026,stsongs,2026-05-06,20,"What's ""KAZOKU""?",櫻坂46,https://www.billboard-japan.com/charts/detail?a=stsongs&year=2026&month=05&day=11
2026,stsongs,2026-05-06,21,Five,嵐,https://www.billboard-japan.com/charts/detail?a=stsongs&year=2026&month=05&day=11
2026,stsongs,2026-05-06,22,怪獣,サカナクション,https://www.billboard-japan.com/charts/detail?a=stsongs&year=2026&month=05&day=11
2026,stsongs,2026-05-06,23,青と夏,Mrs.GREEN APPLE,https://www.billboard-japan.com/charts/detail?a=stsongs&year=2026&month=05&day=11
2026,stsongs,2026-05-06,24,点描の唄 feat.井上苑子,Mrs.GREEN APPLE,https://www.billboard-japan.com/charts/detail?a=stsongs&year=2026&month=05&day=11
2026,stsongs,2026-05-06,25,革命道中,アイナ・ジ・エンド,https://www.billboard-japan.com/charts/detail?a=stsongs&year=2026&month=05&day=11
2026,stsongs,2026-05-06,26,高嶺の花子さん,back number,https://www.billboard-japan.com/charts/detail?a=stsongs&year=2026&month=05&day=11
2026,stsongs,2026-05-06,27,花束,back number,https://www.billboard-japan.com/charts/detail?a=stsongs&year=2026&month=05&day=11
2026,stsongs,2026-05-06,28,夜の踊り子,サカナクション,https://www.billboard-japan.com/charts/detail?a=stsongs&year=2026&month=05&day=11
2026,stsongs,2026-05-06,29,僕のこと,Mrs.GREEN APPLE,https://www.billboard-japan.com/charts/detail?a=stsongs&year=2026&month=05&day=11
2026,stsongs,2026-05-06,30,ハッピーエンド,back number,https://www.billboard-japan.com/charts/detail?a=stsongs&year=2026&month=05&day=11
2026,stsongs,2026-05-06,31,ラストダンスあなたと,MISIA,https://www.billboard-japan.com/charts/detail?a=stsongs&year=2026&month=05&day=11
2026,stsongs,2026-05-06,32,ブルーアンバー,back number,https://www.billboard-japan.com/charts/detail?a=stsongs&year=2026&month=05&day=11
2026,stsongs,2026-05-06,33,水平線,back number,https://www.billboard-japan.com/charts/detail?a=stsongs&year=2026&month=05&day=11
2026,stsongs,2026-05-06,34,クスシキ,Mrs.GREEN APPLE,https://www.billboard-japan.com/charts/detail?a=stsongs&year=2026&month=05&day=11
2026,stsongs,2026-05-06,35,エルダーフラワー,Official髭男dism,https://www.billboard-japan.com/charts/detail?a=stsongs&year=2026&month=05&day=11
2026,stsongs,2026-05-06,36,夢中,BE:FIRST,https://www.billboard-japan.com/charts/detail?a=stsongs&year=2026&month=05&day=11
2026,stsongs,2026-05-06,37,SAD SONG,ちゃんみな,https://www.billboard-japan.com/charts/detail?a=stsongs&year=2026&month=05&day=11
2026,stsongs,2026-05-06,38,JANE DOE,"米津玄師, 宇多田ヒカル",https://www.billboard-japan.com/charts/detail?a=stsongs&year=2026&month=05&day=11
2026,stsongs,2026-05-06,39,NON STOP,HANA,https://www.billboard-japan.com/charts/detail?a=stsongs&year=2026&month=05&day=11
2026,stsongs,2026-05-06,40,Again,Mr.Children,https://www.billboard-japan.com/charts/detail?a=stsongs&year=2026&month=05&day=11
2026,stsongs,2026-05-06,41,スターダスト,Official髭男dism,https://www.billboard-japan.com/charts/detail?a=stsongs&year=2026&month=05&day=11
2026,stsongs,2026-05-06,42,怪獣の花唄,Vaundy,https://www.billboard-japan.com/charts/detail?a=stsongs&year=2026&month=05&day=11
2026,stsongs,2026-05-06,43,とくべチュ、して,=LOVE,https://www.billboard-japan.com/charts/detail?a=stsongs&year=2026&month=05&day=11
2026,stsongs,2026-05-06,44,カリスマックス,Snow Man,https://www.billboard-japan.com/charts/detail?a=stsongs&year=2026&month=05&day=11
2026,stsongs,2026-05-06,45,Cold Night,HANA,https://www.billboard-japan.com/charts/detail?a=stsongs&year=2026&month=05&day=11
2026,stsongs,2026-05-06,46,Golden,HUNTR/X,https://www.billboard-japan.com/charts/detail?a=stsongs&year=2026&month=05&day=11
2026,stsongs,2026-05-06,47,HAPPY BIRTHDAY,back number,https://www.billboard-japan.com/charts/detail?a=stsongs&year=2026&month=05&day=11
2026,stsongs,2026-05-06,48,あぶく,ヨルシカ,https://www.billboard-japan.com/charts/detail?a=stsongs&year=2026&month=05&day=11
2026,stsongs,2026-05-06,49,ALL IN,HANA,https://www.billboard-japan.com/charts/detail?a=stsongs&year=2026&month=05&day=11
2026,stsongs,2026-05-06,50,Kind of love,日向坂46,https://www.billboard-japan.com/charts/detail?a=stsongs&year=2026&month=05&day=11
2026,stsongs,2026-05-06,51,ヒロイン,back number,https://www.billboard-japan.com/charts/detail?a=stsongs&year=2026&month=05&day=11
2026,stsongs,2026-05-06,52,雪月花,ヤングスキニー,https://www.billboard-japan.com/charts/detail?a=stsongs&year=2026&month=05&day=11
2026,stsongs,2026-05-06,53,ダンスホール,Mrs.GREEN APPLE,https://www.billboard-japan.com/charts/detail?a=stsongs&year=2026&month=05&day=11
2026,stsongs,2026-05-06,54,飛ぶ時,Vaundy,https://www.billboard-japan.com/charts/detail?a=stsongs&year=2026&month=05&day=11
2026,stsongs,2026-05-06,55,Body to Body,BTS,https://www.billboard-japan.com/charts/detail?a=stsongs&year=2026&month=05&day=11
2026,stsongs,2026-05-06,56,Drop,HANA,https://www.billboard-japan.com/charts/detail?a=stsongs&year=2026&month=05&day=11
2026,stsongs,2026-05-06,57,Tiger,HANA,https://www.billboard-japan.com/charts/detail?a=stsongs&year=2026&month=05&day=11
2026,stsongs,2026-05-06,58,BPM feat. KREVA,Kvi Baba,https://www.billboard-japan.com/charts/detail?a=stsongs&year=2026&month=05&day=11
2026,stsongs,2026-05-06,59,BE:FIRST ALL DAY,BE:FIRST,https://www.billboard-japan.com/charts/detail?a=stsongs&year=2026&month=05&day=11
2026,stsongs,2026-05-06,60,劇薬中毒,=LOVE,https://www.billboard-japan.com/charts/detail?a=stsongs&year=2026&month=05&day=11
2026,stsongs,2026-05-06,61,イイじゃん,M!LK,https://www.billboard-japan.com/charts/detail?a=stsongs&year=2026&month=05&day=11
2026,stsongs,2026-05-06,62,インフェルノ,Mrs.GREEN APPLE,https://www.billboard-japan.com/charts/detail?a=stsongs&year=2026&month=05&day=11
2026,stsongs,2026-05-06,63,ハレンチ,ちゃんみな,https://www.billboard-japan.com/charts/detail?a=stsongs&year=2026&month=05&day=11
2026,stsongs,2026-05-06,64,幾億光年,Omoinotake,https://www.billboard-japan.com/charts/detail?a=stsongs&year=2026&month=05&day=11
2026,stsongs,2026-05-06,65,Pretender,Official髭男dism,https://www.billboard-japan.com/charts/detail?a=stsongs&year=2026&month=05&day=11
2026,stsongs,2026-05-06,66,火種,キタニタツヤ,https://www.billboard-japan.com/charts/detail?a=stsongs&year=2026&month=05&day=11
2026,stsongs,2026-05-06,67,シルエット,KANA-BOON,https://www.billboard-japan.com/charts/detail?a=stsongs&year=2026&month=05&day=11
2026,stsongs,2026-05-06,68,GOOD DAY,Mrs.GREEN APPLE,https://www.billboard-japan.com/charts/detail?a=stsongs&year=2026&month=05&day=11
2026,stsongs,2026-05-06,69,どうしてもどうしても,back number,https://www.billboard-japan.com/charts/detail?a=stsongs&year=2026&month=05&day=11
2026,stsongs,2026-05-06,70,Hooligan,BTS,https://www.billboard-japan.com/charts/detail?a=stsongs&year=2026&month=05&day=11
2026,stsongs,2026-05-06,71,セレナーデ,なとり,https://www.billboard-japan.com/charts/detail?a=stsongs&year=2026&month=05&day=11
2026,stsongs,2026-05-06,72,マリーゴールド,あいみょん,https://www.billboard-japan.com/charts/detail?a=stsongs&year=2026&month=05&day=11
2026,stsongs,2026-05-06,73,My Body,HANA,https://www.billboard-japan.com/charts/detail?a=stsongs&year=2026&month=05&day=11
2026,stsongs,2026-05-06,74,Lemon,米津玄師,https://www.billboard-japan.com/charts/detail?a=stsongs&year=2026&month=05&day=11
2026,stsongs,2026-05-06,75,Never Grow Up,ちゃんみな,https://www.billboard-japan.com/charts/detail?a=stsongs&year=2026&month=05&day=11
2026,stsongs,2026-05-06,76,Subtitle,Official髭男dism,https://www.billboard-japan.com/charts/detail?a=stsongs&year=2026&month=05&day=11
2026,stsongs,2026-05-06,77,LAVALAVA,Number_i,https://www.billboard-japan.com/charts/detail?a=stsongs&year=2026&month=05&day=11
2026,stsongs,2026-05-06,78,Burning Flower,HANA,https://www.billboard-japan.com/charts/detail?a=stsongs&year=2026&month=05&day=11
2026,stsongs,2026-05-06,79,Theater,King & Prince,https://www.billboard-japan.com/charts/detail?a=stsongs&year=2026&month=05&day=11
2026,stsongs,2026-05-06,80,Magic,Mrs.GREEN APPLE,https://www.billboard-japan.com/charts/detail?a=stsongs&year=2026&month=05&day=11
2026,stsongs,2026-05-06,81,BAD LOVE,HANA,https://www.billboard-japan.com/charts/detail?a=stsongs&year=2026&month=05&day=11
2026,stsongs,2026-05-06,82,115万キロのフィルム,Official髭男dism,https://www.billboard-japan.com/charts/detail?a=stsongs&year=2026&month=05&day=11
2026,stsongs,2026-05-06,83,WARAiNA,ONE N' ONLY,https://www.billboard-japan.com/charts/detail?a=stsongs&year=2026&month=05&day=11
2026,stsongs,2026-05-06,84,Supa Bro,Number_i,https://www.billboard-japan.com/charts/detail?a=stsongs&year=2026&month=05&day=11
2026,stsongs,2026-05-06,85,Dynamite,BTS,https://www.billboard-japan.com/charts/detail?a=stsongs&year=2026&month=05&day=11
2026,stsongs,2026-05-06,86,きらり,藤井風,https://www.billboard-japan.com/charts/detail?a=stsongs&year=2026&month=05&day=11
2026,stsongs,2026-05-06,87,新宝島,サカナクション,https://www.billboard-japan.com/charts/detail?a=stsongs&year=2026&month=05&day=11
2026,stsongs,2026-05-06,88,満ちてゆく,藤井風,https://www.billboard-japan.com/charts/detail?a=stsongs&year=2026&month=05&day=11
2026,stsongs,2026-05-06,89,奏(かなで),スキマスイッチ,https://www.billboard-japan.com/charts/detail?a=stsongs&year=2026&month=05&day=11
2026,stsongs,2026-05-06,90,愛をこめて花束を,Superfly,https://www.billboard-japan.com/charts/detail?a=stsongs&year=2026&month=05&day=11
2026,stsongs,2026-05-06,91,SPECIALZ,King Gnu,https://www.billboard-japan.com/charts/detail?a=stsongs&year=2026&month=05&day=11
2026,stsongs,2026-05-06,92,君の恋人になったら,back number,https://www.billboard-japan.com/charts/detail?a=stsongs&year=2026&month=05&day=11
2026,stsongs,2026-05-06,93,ドライフラワー,優里,https://www.billboard-japan.com/charts/detail?a=stsongs&year=2026&month=05&day=11
2026,stsongs,2026-05-06,94,恋風,幾田りら,https://www.billboard-japan.com/charts/detail?a=stsongs&year=2026&month=05&day=11
2026,stsongs,2026-05-06,95,インフル,Number_i,https://www.billboard-japan.com/charts/detail?a=stsongs&year=2026&month=05&day=11
2026,stsongs,2026-05-06,96,幸せ,back number,https://www.billboard-japan.com/charts/detail?a=stsongs&year=2026&month=05&day=11
2026,stsongs,2026-05-06,97,サイケSHOCK,Number_i,https://www.billboard-japan.com/charts/detail?a=stsongs&year=2026&month=05&day=11
2026,stsongs,2026-05-06,98,StaRt,Mrs.GREEN APPLE,https://www.billboard-japan.com/charts/detail?a=stsongs&year=2026&month=05&day=11
2026,stsongs,2026-05-06,99,Wherever you are,ONE OK ROCK,https://www.billboard-japan.com/charts/detail?a=stsongs&year=2026&month=05&day=11
2026,stsongs,2026-05-06,100,Bloom,HANA,https://www.billboard-japan.com/charts/detail?a=stsongs&year=2026&month=05&day=11
2026,stsongs,2026-05-13,1,爆裂愛してる,M!LK,https://www.billboard-japan.com/charts/detail?a=stsongs&year=2026&month=05&day=18
2026,stsongs,2026-05-13,2,IRIS OUT,米津玄師,https://www.billboard-japan.com/charts/detail?a=stsongs&year=2026&month=05&day=18
2026,stsongs,2026-05-13,3,好きすぎて滅!,M!LK,https://www.billboard-japan.com/charts/detail?a=stsongs&year=2026&month=05&day=18
2026,stsongs,2026-05-13,4,ライラック,Mrs.GREEN APPLE,https://www.billboard-japan.com/charts/detail?a=stsongs&year=2026&month=05&day=18
2026,stsongs,2026-05-13,5,lulu.,Mrs.GREEN APPLE,https://www.billboard-japan.com/charts/detail?a=stsongs&year=2026&month=05&day=18
2026,stsongs,2026-05-13,6,夜の踊り子,サカナクション,https://www.billboard-japan.com/charts/detail?a=stsongs&year=2026&month=05&day=18
2026,stsongs,2026-05-13,7,Blue Jeans,HANA,https://www.billboard-japan.com/charts/detail?a=stsongs&year=2026&month=05&day=18
2026,stsongs,2026-05-13,8,AIZO,King Gnu,https://www.billboard-japan.com/charts/detail?a=stsongs&year=2026&month=05&day=18
2026,stsongs,2026-05-13,9,アイドルパワー,M!LK,https://www.billboard-japan.com/charts/detail?a=stsongs&year=2026&month=05&day=18
2026,stsongs,2026-05-13,10,風と町,Mrs.GREEN APPLE,https://www.billboard-japan.com/charts/detail?a=stsongs&year=2026&month=05&day=18
2026,stsongs,2026-05-13,11,ROSE,HANA,https://www.billboard-japan.com/charts/detail?a=stsongs&year=2026&month=05&day=18
2026,stsongs,2026-05-13,12,ダーリン,Mrs.GREEN APPLE,https://www.billboard-japan.com/charts/detail?a=stsongs&year=2026&month=05&day=18
2026,stsongs,2026-05-13,13,電撃,めいちゃん,https://www.billboard-japan.com/charts/detail?a=stsongs&year=2026&month=05&day=18
2026,stsongs,2026-05-13,14,Soranji,Mrs.GREEN APPLE,https://www.billboard-japan.com/charts/detail?a=stsongs&year=2026&month=05&day=18
2026,stsongs,2026-05-13,15,ケセラセラ,Mrs.GREEN APPLE,https://www.billboard-japan.com/charts/detail?a=stsongs&year=2026&month=05&day=18
2026,stsongs,2026-05-13,16,怪獣,サカナクション,https://www.billboard-japan.com/charts/detail?a=stsongs&year=2026&month=05&day=18
2026,stsongs,2026-05-13,17,青と夏,Mrs.GREEN APPLE,https://www.billboard-japan.com/charts/detail?a=stsongs&year=2026&month=05&day=18
2026,stsongs,2026-05-13,18,花束,back number,https://www.billboard-japan.com/charts/detail?a=stsongs&year=2026&month=05&day=18
2026,stsongs,2026-05-13,19,高嶺の花子さん,back number,https://www.billboard-japan.com/charts/detail?a=stsongs&year=2026&month=05&day=18
2026,stsongs,2026-05-13,20,3XL,Number_i,https://www.billboard-japan.com/charts/detail?a=stsongs&year=2026&month=05&day=18
2026,stsongs,2026-05-13,21,点描の唄 feat.井上苑子,Mrs.GREEN APPLE,https://www.billboard-japan.com/charts/detail?a=stsongs&year=2026&month=05&day=18
2026,stsongs,2026-05-13,22,It's Me,ILLIT,https://www.billboard-japan.com/charts/detail?a=stsongs&year=2026&month=05&day=18
2026,stsongs,2026-05-13,23,Bad Girl,HANA,https://www.billboard-japan.com/charts/detail?a=stsongs&year=2026&month=05&day=18
2026,stsongs,2026-05-13,24,革命道中,アイナ・ジ・エンド,https://www.billboard-japan.com/charts/detail?a=stsongs&year=2026&month=05&day=18
2026,stsongs,2026-05-13,25,SWIM,BTS,https://www.billboard-japan.com/charts/detail?a=stsongs&year=2026&month=05&day=18
2026,stsongs,2026-05-13,26,Five,嵐,https://www.billboard-japan.com/charts/detail?a=stsongs&year=2026&month=05&day=18
2026,stsongs,2026-05-13,27,ハッピーエンド,back number,https://www.billboard-japan.com/charts/detail?a=stsongs&year=2026&month=05&day=18
2026,stsongs,2026-05-13,28,水平線,back number,https://www.billboard-japan.com/charts/detail?a=stsongs&year=2026&month=05&day=18
2026,stsongs,2026-05-13,29,僕のこと,Mrs.GREEN APPLE,https://www.billboard-japan.com/charts/detail?a=stsongs&year=2026&month=05&day=18
2026,stsongs,2026-05-13,30,2.0,BTS,https://www.billboard-japan.com/charts/detail?a=stsongs&year=2026&month=05&day=18
2026,stsongs,2026-05-13,31,ラストダンスあなたと,MISIA,https://www.billboard-japan.com/charts/detail?a=stsongs&year=2026&month=05&day=18
2026,stsongs,2026-05-13,32,ブルーアンバー,back number,https://www.billboard-japan.com/charts/detail?a=stsongs&year=2026&month=05&day=18
2026,stsongs,2026-05-13,33,クスシキ,Mrs.GREEN APPLE,https://www.billboard-japan.com/charts/detail?a=stsongs&year=2026&month=05&day=18
2026,stsongs,2026-05-13,34,"What's ""KAZOKU""?",櫻坂46,https://www.billboard-japan.com/charts/detail?a=stsongs&year=2026&month=05&day=18
2026,stsongs,2026-05-13,35,夢中,BE:FIRST,https://www.billboard-japan.com/charts/detail?a=stsongs&year=2026&month=05&day=18
2026,stsongs,2026-05-13,36,SAD SONG,ちゃんみな,https://www.billboard-japan.com/charts/detail?a=stsongs&year=2026&month=05&day=18
2026,stsongs,2026-05-13,37,JANE DOE,"米津玄師, 宇多田ヒカル",https://www.billboard-japan.com/charts/detail?a=stsongs&year=2026&month=05&day=18
2026,stsongs,2026-05-13,38,怪獣の花唄,Vaundy,https://www.billboard-japan.com/charts/detail?a=stsongs&year=2026&month=05&day=18
2026,stsongs,2026-05-13,39,NON STOP,HANA,https://www.billboard-japan.com/charts/detail?a=stsongs&year=2026&month=05&day=18
2026,stsongs,2026-05-13,40,カリスマックス,Snow Man,https://www.billboard-japan.com/charts/detail?a=stsongs&year=2026&month=05&day=18
2026,stsongs,2026-05-13,41,とくべチュ、して,=LOVE,https://www.billboard-japan.com/charts/detail?a=stsongs&year=2026&month=05&day=18
2026,stsongs,2026-05-13,42,HAPPY BIRTHDAY,back number,https://www.billboard-japan.com/charts/detail?a=stsongs&year=2026&month=05&day=18
2026,stsongs,2026-05-13,43,BE:FIRST ALL DAY,BE:FIRST,https://www.billboard-japan.com/charts/detail?a=stsongs&year=2026&month=05&day=18
2026,stsongs,2026-05-13,44,催し,大森元貴,https://www.billboard-japan.com/charts/detail?a=stsongs&year=2026&month=05&day=18
2026,stsongs,2026-05-13,45,スターダスト,Official髭男dism,https://www.billboard-japan.com/charts/detail?a=stsongs&year=2026&month=05&day=18
2026,stsongs,2026-05-13,46,Cold Night,HANA,https://www.billboard-japan.com/charts/detail?a=stsongs&year=2026&month=05&day=18
2026,stsongs,2026-05-13,47,エルダーフラワー,Official髭男dism,https://www.billboard-japan.com/charts/detail?a=stsongs&year=2026&month=05&day=18
2026,stsongs,2026-05-13,48,Again,Mr.Children,https://www.billboard-japan.com/charts/detail?a=stsongs&year=2026&month=05&day=18
2026,stsongs,2026-05-13,49,Golden,HUNTR/X,https://www.billboard-japan.com/charts/detail?a=stsongs&year=2026&month=05&day=18
2026,stsongs,2026-05-13,50,ダンスホール,Mrs.GREEN APPLE,https://www.billboard-japan.com/charts/detail?a=stsongs&year=2026&month=05&day=18
2026,stsongs,2026-05-13,51,BANG!!,Snow Man,https://www.billboard-japan.com/charts/detail?a=stsongs&year=2026&month=05&day=18
2026,stsongs,2026-05-13,52,ヒロイン,back number,https://www.billboard-japan.com/charts/detail?a=stsongs&year=2026&month=05&day=18
2026,stsongs,2026-05-13,53,雪月花,ヤングスキニー,https://www.billboard-japan.com/charts/detail?a=stsongs&year=2026&month=05&day=18
2026,stsongs,2026-05-13,54,Rondo,BE:FIRST,https://www.billboard-japan.com/charts/detail?a=stsongs&year=2026&month=05&day=18
2026,stsongs,2026-05-13,55,イイじゃん,M!LK,https://www.billboard-japan.com/charts/detail?a=stsongs&year=2026&month=05&day=18
2026,stsongs,2026-05-13,56,ALL IN,HANA,https://www.billboard-japan.com/charts/detail?a=stsongs&year=2026&month=05&day=18
2026,stsongs,2026-05-13,57,どうしてもどうしても,back number,https://www.billboard-japan.com/charts/detail?a=stsongs&year=2026&month=05&day=18
2026,stsongs,2026-05-13,58,飛ぶ時,Vaundy,https://www.billboard-japan.com/charts/detail?a=stsongs&year=2026&month=05&day=18
2026,stsongs,2026-05-13,59,Kind of love,日向坂46,https://www.billboard-japan.com/charts/detail?a=stsongs&year=2026&month=05&day=18
2026,stsongs,2026-05-13,60,幾億光年,Omoinotake,https://www.billboard-japan.com/charts/detail?a=stsongs&year=2026&month=05&day=18
2026,stsongs,2026-05-13,61,マリーゴールド,あいみょん,https://www.billboard-japan.com/charts/detail?a=stsongs&year=2026&month=05&day=18
2026,stsongs,2026-05-13,62,Drop,HANA,https://www.billboard-japan.com/charts/detail?a=stsongs&year=2026&month=05&day=18
2026,stsongs,2026-05-13,63,Tiger,HANA,https://www.billboard-japan.com/charts/detail?a=stsongs&year=2026&month=05&day=18
2026,stsongs,2026-05-13,64,ハレンチ,ちゃんみな,https://www.billboard-japan.com/charts/detail?a=stsongs&year=2026&month=05&day=18
2026,stsongs,2026-05-13,65,インフェルノ,Mrs.GREEN APPLE,https://www.billboard-japan.com/charts/detail?a=stsongs&year=2026&month=05&day=18
2026,stsongs,2026-05-13,66,Pretender,Official髭男dism,https://www.billboard-japan.com/charts/detail?a=stsongs&year=2026&month=05&day=18
2026,stsongs,2026-05-13,67,シルエット,KANA-BOON,https://www.billboard-japan.com/charts/detail?a=stsongs&year=2026&month=05&day=18
2026,stsongs,2026-05-13,68,Samba de Night Fever,ONE N' ONLY,https://www.billboard-japan.com/charts/detail?a=stsongs&year=2026&month=05&day=18
2026,stsongs,2026-05-13,69,GOOD DAY,Mrs.GREEN APPLE,https://www.billboard-japan.com/charts/detail?a=stsongs&year=2026&month=05&day=18
2026,stsongs,2026-05-13,70,BPM feat. KREVA,Kvi Baba,https://www.billboard-japan.com/charts/detail?a=stsongs&year=2026&month=05&day=18
2026,stsongs,2026-05-13,71,劇薬中毒,=LOVE,https://www.billboard-japan.com/charts/detail?a=stsongs&year=2026&month=05&day=18
2026,stsongs,2026-05-13,72,新宝島,サカナクション,https://www.billboard-japan.com/charts/detail?a=stsongs&year=2026&month=05&day=18
2026,stsongs,2026-05-13,73,あぶく,ヨルシカ,https://www.billboard-japan.com/charts/detail?a=stsongs&year=2026&month=05&day=18
2026,stsongs,2026-05-13,74,CHOOM,BABYMONSTER,https://www.billboard-japan.com/charts/detail?a=stsongs&year=2026&month=05&day=18
2026,stsongs,2026-05-13,75,Magic,Mrs.GREEN APPLE,https://www.billboard-japan.com/charts/detail?a=stsongs&year=2026&month=05&day=18
2026,stsongs,2026-05-13,76,ランウェイ,"レディー・ガガ,ドーチー",https://www.billboard-japan.com/charts/detail?a=stsongs&year=2026&month=05&day=18
2026,stsongs,2026-05-13,77,Subtitle,Official髭男dism,https://www.billboard-japan.com/charts/detail?a=stsongs&year=2026&month=05&day=18
2026,stsongs,2026-05-13,78,Lemon,米津玄師,https://www.billboard-japan.com/charts/detail?a=stsongs&year=2026&month=05&day=18
2026,stsongs,2026-05-13,79,火種,キタニタツヤ,https://www.billboard-japan.com/charts/detail?a=stsongs&year=2026&month=05&day=18
2026,stsongs,2026-05-13,80,Theater,King & Prince,https://www.billboard-japan.com/charts/detail?a=stsongs&year=2026&month=05&day=18
2026,stsongs,2026-05-13,81,Never Grow Up,ちゃんみな,https://www.billboard-japan.com/charts/detail?a=stsongs&year=2026&month=05&day=18
2026,stsongs,2026-05-13,82,My Body,HANA,https://www.billboard-japan.com/charts/detail?a=stsongs&year=2026&month=05&day=18
2026,stsongs,2026-05-13,83,Burning Flower,HANA,https://www.billboard-japan.com/charts/detail?a=stsongs&year=2026&month=05&day=18
2026,stsongs,2026-05-13,84,きらり,藤井風,https://www.billboard-japan.com/charts/detail?a=stsongs&year=2026&month=05&day=18
2026,stsongs,2026-05-13,85,愛をこめて花束を,Superfly,https://www.billboard-japan.com/charts/detail?a=stsongs&year=2026&month=05&day=18
2026,stsongs,2026-05-13,86,セレナーデ,なとり,https://www.billboard-japan.com/charts/detail?a=stsongs&year=2026&month=05&day=18
2026,stsongs,2026-05-13,87,115万キロのフィルム,Official髭男dism,https://www.billboard-japan.com/charts/detail?a=stsongs&year=2026&month=05&day=18
2026,stsongs,2026-05-13,88,君の恋人になったら,back number,https://www.billboard-japan.com/charts/detail?a=stsongs&year=2026&month=05&day=18
2026,stsongs,2026-05-13,89,BAD LOVE,HANA,https://www.billboard-japan.com/charts/detail?a=stsongs&year=2026&month=05&day=18
2026,stsongs,2026-05-13,90,恋,back number,https://www.billboard-japan.com/charts/detail?a=stsongs&year=2026&month=05&day=18
2026,stsongs,2026-05-13,91,Body to Body,BTS,https://www.billboard-japan.com/charts/detail?a=stsongs&year=2026&month=05&day=18
2026,stsongs,2026-05-13,92,StaRt,Mrs.GREEN APPLE,https://www.billboard-japan.com/charts/detail?a=stsongs&year=2026&month=05&day=18
2026,stsongs,2026-05-13,93,ドライフラワー,優里,https://www.billboard-japan.com/charts/detail?a=stsongs&year=2026&month=05&day=18
2026,stsongs,2026-05-13,94,奏(かなで),スキマスイッチ,https://www.billboard-japan.com/charts/detail?a=stsongs&year=2026&month=05&day=18
2026,stsongs,2026-05-13,95,満ちてゆく,藤井風,https://www.billboard-japan.com/charts/detail?a=stsongs&year=2026&month=05&day=18
2026,stsongs,2026-05-13,96,Dynamite,BTS,https://www.billboard-japan.com/charts/detail?a=stsongs&year=2026&month=05&day=18
2026,stsongs,2026-05-13,97,幸せ,back number,https://www.billboard-japan.com/charts/detail?a=stsongs&year=2026&month=05&day=18
2026,stsongs,2026-05-13,98,Hooligan,BTS,https://www.billboard-japan.com/charts/detail?a=stsongs&year=2026&month=05&day=18
2026,stsongs,2026-05-13,99,Wherever you are,ONE OK ROCK,https://www.billboard-japan.com/charts/detail?a=stsongs&year=2026&month=05&day=18
2026,stsongs,2026-05-13,100,SPECIALZ,King Gnu,https://www.billboard-japan.com/charts/detail?a=stsongs&year=2026&month=05&day=18
2026,stsongs,2026-05-20,1,夜の踊り子,サカナクション,https://www.billboard-japan.com/charts/detail?a=stsongs&year=2026&month=05&day=25
2026,stsongs,2026-05-20,2,爆裂愛してる,M!LK,https://www.billboard-japan.com/charts/detail?a=stsongs&year=2026&month=05&day=25
2026,stsongs,2026-05-20,3,ライラック,Mrs.GREEN APPLE,https://www.billboard-japan.com/charts/detail?a=stsongs&year=2026&month=05&day=25
2026,stsongs,2026-05-20,4,IRIS OUT,米津玄師,https://www.billboard-japan.com/charts/detail?a=stsongs&year=2026&month=05&day=25
2026,stsongs,2026-05-20,5,好きすぎて滅!,M!LK,https://www.billboard-japan.com/charts/detail?a=stsongs&year=2026&month=05&day=25
2026,stsongs,2026-05-20,6,lulu.,Mrs.GREEN APPLE,https://www.billboard-japan.com/charts/detail?a=stsongs&year=2026&month=05&day=25
2026,stsongs,2026-05-20,7,It's Me,ILLIT,https://www.billboard-japan.com/charts/detail?a=stsongs&year=2026&month=05&day=25
2026,stsongs,2026-05-20,8,Blue Jeans,HANA,https://www.billboard-japan.com/charts/detail?a=stsongs&year=2026&month=05&day=25
2026,stsongs,2026-05-20,9,AIZO,King Gnu,https://www.billboard-japan.com/charts/detail?a=stsongs&year=2026&month=05&day=25
2026,stsongs,2026-05-20,10,アイドルパワー,M!LK,https://www.billboard-japan.com/charts/detail?a=stsongs&year=2026&month=05&day=25
2026,stsongs,2026-05-20,11,風と町,Mrs.GREEN APPLE,https://www.billboard-japan.com/charts/detail?a=stsongs&year=2026&month=05&day=25
2026,stsongs,2026-05-20,12,ダーリン,Mrs.GREEN APPLE,https://www.billboard-japan.com/charts/detail?a=stsongs&year=2026&month=05&day=25
2026,stsongs,2026-05-20,13,ROSE,HANA,https://www.billboard-japan.com/charts/detail?a=stsongs&year=2026&month=05&day=25
2026,stsongs,2026-05-20,14,怪獣,サカナクション,https://www.billboard-japan.com/charts/detail?a=stsongs&year=2026&month=05&day=25
2026,stsongs,2026-05-20,15,Soranji,Mrs.GREEN APPLE,https://www.billboard-japan.com/charts/detail?a=stsongs&year=2026&month=05&day=25
2026,stsongs,2026-05-20,16,花束,back number,https://www.billboard-japan.com/charts/detail?a=stsongs&year=2026&month=05&day=25
2026,stsongs,2026-05-20,17,高嶺の花子さん,back number,https://www.billboard-japan.com/charts/detail?a=stsongs&year=2026&month=05&day=25
2026,stsongs,2026-05-20,18,青と夏,Mrs.GREEN APPLE,https://www.billboard-japan.com/charts/detail?a=stsongs&year=2026&month=05&day=25
2026,stsongs,2026-05-20,19,ケセラセラ,Mrs.GREEN APPLE,https://www.billboard-japan.com/charts/detail?a=stsongs&year=2026&month=05&day=25
2026,stsongs,2026-05-20,20,革命道中,アイナ・ジ・エンド,https://www.billboard-japan.com/charts/detail?a=stsongs&year=2026&month=05&day=25
2026,stsongs,2026-05-20,21,3XL,Number_i,https://www.billboard-japan.com/charts/detail?a=stsongs&year=2026&month=05&day=25
2026,stsongs,2026-05-20,22,点描の唄 feat.井上苑子,Mrs.GREEN APPLE,https://www.billboard-japan.com/charts/detail?a=stsongs&year=2026&month=05&day=25
2026,stsongs,2026-05-20,23,ハッピーエンド,back number,https://www.billboard-japan.com/charts/detail?a=stsongs&year=2026&month=05&day=25
2026,stsongs,2026-05-20,24,ブルーアンバー,back number,https://www.billboard-japan.com/charts/detail?a=stsongs&year=2026&month=05&day=25
2026,stsongs,2026-05-20,25,水平線,back number,https://www.billboard-japan.com/charts/detail?a=stsongs&year=2026&month=05&day=25
2026,stsongs,2026-05-20,26,Five,嵐,https://www.billboard-japan.com/charts/detail?a=stsongs&year=2026&month=05&day=25
2026,stsongs,2026-05-20,27,僕のこと,Mrs.GREEN APPLE,https://www.billboard-japan.com/charts/detail?a=stsongs&year=2026&month=05&day=25
2026,stsongs,2026-05-20,28,Bad Girl,HANA,https://www.billboard-japan.com/charts/detail?a=stsongs&year=2026&month=05&day=25
2026,stsongs,2026-05-20,29,SWIM,BTS,https://www.billboard-japan.com/charts/detail?a=stsongs&year=2026&month=05&day=25
2026,stsongs,2026-05-20,30,クスシキ,Mrs.GREEN APPLE,https://www.billboard-japan.com/charts/detail?a=stsongs&year=2026&month=05&day=25
2026,stsongs,2026-05-20,31,2.0,BTS,https://www.billboard-japan.com/charts/detail?a=stsongs&year=2026&month=05&day=25
2026,stsongs,2026-05-20,32,"What's ""KAZOKU""?",櫻坂46,https://www.billboard-japan.com/charts/detail?a=stsongs&year=2026&month=05&day=25
2026,stsongs,2026-05-20,33,電撃,めいちゃん,https://www.billboard-japan.com/charts/detail?a=stsongs&year=2026&month=05&day=25
2026,stsongs,2026-05-20,34,SAD SONG,ちゃんみな,https://www.billboard-japan.com/charts/detail?a=stsongs&year=2026&month=05&day=25
2026,stsongs,2026-05-20,35,JANE DOE,"米津玄師, 宇多田ヒカル",https://www.billboard-japan.com/charts/detail?a=stsongs&year=2026&month=05&day=25
2026,stsongs,2026-05-20,36,夢中,BE:FIRST,https://www.billboard-japan.com/charts/detail?a=stsongs&year=2026&month=05&day=25
2026,stsongs,2026-05-20,37,ラストダンスあなたと,MISIA,https://www.billboard-japan.com/charts/detail?a=stsongs&year=2026&month=05&day=25
2026,stsongs,2026-05-20,38,怪獣の花唄,Vaundy,https://www.billboard-japan.com/charts/detail?a=stsongs&year=2026&month=05&day=25
2026,stsongs,2026-05-20,39,催し,大森元貴,https://www.billboard-japan.com/charts/detail?a=stsongs&year=2026&month=05&day=25
2026,stsongs,2026-05-20,40,HAPPY BIRTHDAY,back number,https://www.billboard-japan.com/charts/detail?a=stsongs&year=2026&month=05&day=25
2026,stsongs,2026-05-20,41,スターダスト,Official髭男dism,https://www.billboard-japan.com/charts/detail?a=stsongs&year=2026&month=05&day=25
2026,stsongs,2026-05-20,42,とくべチュ、して,=LOVE,https://www.billboard-japan.com/charts/detail?a=stsongs&year=2026&month=05&day=25
2026,stsongs,2026-05-20,43,Rondo,BE:FIRST,https://www.billboard-japan.com/charts/detail?a=stsongs&year=2026&month=05&day=25
2026,stsongs,2026-05-20,44,カリスマックス,Snow Man,https://www.billboard-japan.com/charts/detail?a=stsongs&year=2026&month=05&day=25
2026,stsongs,2026-05-20,45,新宝島,サカナクション,https://www.billboard-japan.com/charts/detail?a=stsongs&year=2026&month=05&day=25
2026,stsongs,2026-05-20,46,雪月花,ヤングスキニー,https://www.billboard-japan.com/charts/detail?a=stsongs&year=2026&month=05&day=25
2026,stsongs,2026-05-20,47,Golden,HUNTR/X,https://www.billboard-japan.com/charts/detail?a=stsongs&year=2026&month=05&day=25
2026,stsongs,2026-05-20,48,NON STOP,HANA,https://www.billboard-japan.com/charts/detail?a=stsongs&year=2026&month=05&day=25
2026,stsongs,2026-05-20,49,CHOOM,BABYMONSTER,https://www.billboard-japan.com/charts/detail?a=stsongs&year=2026&month=05&day=25
2026,stsongs,2026-05-20,50,エルダーフラワー,Official髭男dism,https://www.billboard-japan.com/charts/detail?a=stsongs&year=2026&month=05&day=25
2026,stsongs,2026-05-20,51,ヒロイン,back number,https://www.billboard-japan.com/charts/detail?a=stsongs&year=2026&month=05&day=25
2026,stsongs,2026-05-20,52,Cold Night,HANA,https://www.billboard-japan.com/charts/detail?a=stsongs&year=2026&month=05&day=25
2026,stsongs,2026-05-20,53,Again,Mr.Children,https://www.billboard-japan.com/charts/detail?a=stsongs&year=2026&month=05&day=25
2026,stsongs,2026-05-20,54,ダンスホール,Mrs.GREEN APPLE,https://www.billboard-japan.com/charts/detail?a=stsongs&year=2026&month=05&day=25
2026,stsongs,2026-05-20,55,どうしてもどうしても,back number,https://www.billboard-japan.com/charts/detail?a=stsongs&year=2026&month=05&day=25
2026,stsongs,2026-05-20,56,ランウェイ,"レディー・ガガ,ドーチー",https://www.billboard-japan.com/charts/detail?a=stsongs&year=2026&month=05&day=25
2026,stsongs,2026-05-20,57,飛ぶ時,Vaundy,https://www.billboard-japan.com/charts/detail?a=stsongs&year=2026&month=05&day=25
2026,stsongs,2026-05-20,58,マリーゴールド,あいみょん,https://www.billboard-japan.com/charts/detail?a=stsongs&year=2026&month=05&day=25
2026,stsongs,2026-05-20,59,インフェルノ,Mrs.GREEN APPLE,https://www.billboard-japan.com/charts/detail?a=stsongs&year=2026&month=05&day=25
2026,stsongs,2026-05-20,60,愛をこめて花束を,Superfly,https://www.billboard-japan.com/charts/detail?a=stsongs&year=2026&month=05&day=25
2026,stsongs,2026-05-20,61,Samba de Night Fever,ONE N' ONLY,https://www.billboard-japan.com/charts/detail?a=stsongs&year=2026&month=05&day=25
2026,stsongs,2026-05-20,62,ハレンチ,ちゃんみな,https://www.billboard-japan.com/charts/detail?a=stsongs&year=2026&month=05&day=25
2026,stsongs,2026-05-20,63,BANG!!,Snow Man,https://www.billboard-japan.com/charts/detail?a=stsongs&year=2026&month=05&day=25
2026,stsongs,2026-05-20,64,Pretender,Official髭男dism,https://www.billboard-japan.com/charts/detail?a=stsongs&year=2026&month=05&day=25
2026,stsongs,2026-05-20,65,幾億光年,Omoinotake,https://www.billboard-japan.com/charts/detail?a=stsongs&year=2026&month=05&day=25
2026,stsongs,2026-05-20,66,イイじゃん,M!LK,https://www.billboard-japan.com/charts/detail?a=stsongs&year=2026&month=05&day=25
2026,stsongs,2026-05-20,67,劇薬中毒,=LOVE,https://www.billboard-japan.com/charts/detail?a=stsongs&year=2026&month=05&day=25
2026,stsongs,2026-05-20,68,BE:FIRST ALL DAY,BE:FIRST,https://www.billboard-japan.com/charts/detail?a=stsongs&year=2026&month=05&day=25
2026,stsongs,2026-05-20,69,シルエット,KANA-BOON,https://www.billboard-japan.com/charts/detail?a=stsongs&year=2026&month=05&day=25
2026,stsongs,2026-05-20,70,Kind of love,日向坂46,https://www.billboard-japan.com/charts/detail?a=stsongs&year=2026&month=05&day=25
2026,stsongs,2026-05-20,71,Tiger,HANA,https://www.billboard-japan.com/charts/detail?a=stsongs&year=2026&month=05&day=25
2026,stsongs,2026-05-20,72,ALL IN,HANA,https://www.billboard-japan.com/charts/detail?a=stsongs&year=2026&month=05&day=25
2026,stsongs,2026-05-20,73,君の恋人になったら,back number,https://www.billboard-japan.com/charts/detail?a=stsongs&year=2026&month=05&day=25
2026,stsongs,2026-05-20,74,Lemon,米津玄師,https://www.billboard-japan.com/charts/detail?a=stsongs&year=2026&month=05&day=25
2026,stsongs,2026-05-20,75,GOOD DAY,Mrs.GREEN APPLE,https://www.billboard-japan.com/charts/detail?a=stsongs&year=2026&month=05&day=25
2026,stsongs,2026-05-20,76,火種,キタニタツヤ,https://www.billboard-japan.com/charts/detail?a=stsongs&year=2026&month=05&day=25
2026,stsongs,2026-05-20,77,Never Grow Up,ちゃんみな,https://www.billboard-japan.com/charts/detail?a=stsongs&year=2026&month=05&day=25
2026,stsongs,2026-05-20,78,BPM feat. KREVA,Kvi Baba,https://www.billboard-japan.com/charts/detail?a=stsongs&year=2026&month=05&day=25
2026,stsongs,2026-05-20,79,きらり,藤井風,https://www.billboard-japan.com/charts/detail?a=stsongs&year=2026&month=05&day=25
2026,stsongs,2026-05-20,80,115万キロのフィルム,Official髭男dism,https://www.billboard-japan.com/charts/detail?a=stsongs&year=2026&month=05&day=25
2026,stsongs,2026-05-20,81,恋,back number,https://www.billboard-japan.com/charts/detail?a=stsongs&year=2026&month=05&day=25
2026,stsongs,2026-05-20,82,Subtitle,Official髭男dism,https://www.billboard-japan.com/charts/detail?a=stsongs&year=2026&month=05&day=25
2026,stsongs,2026-05-20,83,Theater,King & Prince,https://www.billboard-japan.com/charts/detail?a=stsongs&year=2026&month=05&day=25
2026,stsongs,2026-05-20,84,セレナーデ,なとり,https://www.billboard-japan.com/charts/detail?a=stsongs&year=2026&month=05&day=25
2026,stsongs,2026-05-20,85,あぶく,ヨルシカ,https://www.billboard-japan.com/charts/detail?a=stsongs&year=2026&month=05&day=25
2026,stsongs,2026-05-20,86,Drop,HANA,https://www.billboard-japan.com/charts/detail?a=stsongs&year=2026&month=05&day=25
2026,stsongs,2026-05-20,87,Magic,Mrs.GREEN APPLE,https://www.billboard-japan.com/charts/detail?a=stsongs&year=2026&month=05&day=25
2026,stsongs,2026-05-20,88,Burning Flower,HANA,https://www.billboard-japan.com/charts/detail?a=stsongs&year=2026&month=05&day=25
2026,stsongs,2026-05-20,89,My Body,HANA,https://www.billboard-japan.com/charts/detail?a=stsongs&year=2026&month=05&day=25
2026,stsongs,2026-05-20,90,幸せ,back number,https://www.billboard-japan.com/charts/detail?a=stsongs&year=2026&month=05&day=25
2026,stsongs,2026-05-20,91,奏(かなで),スキマスイッチ,https://www.billboard-japan.com/charts/detail?a=stsongs&year=2026&month=05&day=25
2026,stsongs,2026-05-20,92,満ちてゆく,藤井風,https://www.billboard-japan.com/charts/detail?a=stsongs&year=2026&month=05&day=25
2026,stsongs,2026-05-20,93,BAD LOVE,HANA,https://www.billboard-japan.com/charts/detail?a=stsongs&year=2026&month=05&day=25
2026,stsongs,2026-05-20,94,StaRt,Mrs.GREEN APPLE,https://www.billboard-japan.com/charts/detail?a=stsongs&year=2026&month=05&day=25
2026,stsongs,2026-05-20,95,ドライフラワー,優里,https://www.billboard-japan.com/charts/detail?a=stsongs&year=2026&month=05&day=25
2026,stsongs,2026-05-20,96,REDRED,CORTIS,https://www.billboard-japan.com/charts/detail?a=stsongs&year=2026&month=05&day=25
2026,stsongs,2026-05-20,97,Dynamite,BTS,https://www.billboard-japan.com/charts/detail?a=stsongs&year=2026&month=05&day=25
2026,stsongs,2026-05-20,98,怪盗,back number,https://www.billboard-japan.com/charts/detail?a=stsongs&year=2026&month=05&day=25
2026,stsongs,2026-05-20,99,Wherever you are,ONE OK ROCK,https://www.billboard-japan.com/charts/detail?a=stsongs&year=2026&month=05&day=25
2026,stsongs,2026-05-20,100,恋風,幾田りら,https://www.billboard-japan.com/charts/detail?a=stsongs&year=2026&month=05&day=25
2026,stsongs,2026-05-27,1,夜の踊り子,サカナクション,https://www.billboard-japan.com/charts/detail?a=stsongs&year=2026&month=06&day=01
2026,stsongs,2026-05-27,2,好きすぎて滅!,M!LK,https://www.billboard-japan.com/charts/detail?a=stsongs&year=2026&month=06&day=01
2026,stsongs,2026-05-27,3,ライラック,Mrs.GREEN APPLE,https://www.billboard-japan.com/charts/detail?a=stsongs&year=2026&month=06&day=01
2026,stsongs,2026-05-27,4,IRIS OUT,米津玄師,https://www.billboard-japan.com/charts/detail?a=stsongs&year=2026&month=06&day=01
2026,stsongs,2026-05-27,5,爆裂愛してる,M!LK,https://www.billboard-japan.com/charts/detail?a=stsongs&year=2026&month=06&day=01
2026,stsongs,2026-05-27,6,It's Me,ILLIT,https://www.billboard-japan.com/charts/detail?a=stsongs&year=2026&month=06&day=01
2026,stsongs,2026-05-27,7,lulu.,Mrs.GREEN APPLE,https://www.billboard-japan.com/charts/detail?a=stsongs&year=2026&month=06&day=01
2026,stsongs,2026-05-27,8,Blue Jeans,HANA,https://www.billboard-japan.com/charts/detail?a=stsongs&year=2026&month=06&day=01
2026,stsongs,2026-05-27,9,AIZO,King Gnu,https://www.billboard-japan.com/charts/detail?a=stsongs&year=2026&month=06&day=01
2026,stsongs,2026-05-27,10,Lonesome rabbit,櫻坂46,https://www.billboard-japan.com/charts/detail?a=stsongs&year=2026&month=06&day=01
2026,stsongs,2026-05-27,11,アイドルパワー,M!LK,https://www.billboard-japan.com/charts/detail?a=stsongs&year=2026&month=06&day=01
2026,stsongs,2026-05-27,12,怪獣,サカナクション,https://www.billboard-japan.com/charts/detail?a=stsongs&year=2026&month=06&day=01
2026,stsongs,2026-05-27,13,ダーリン,Mrs.GREEN APPLE,https://www.billboard-japan.com/charts/detail?a=stsongs&year=2026&month=06&day=01
2026,stsongs,2026-05-27,14,花束,back number,https://www.billboard-japan.com/charts/detail?a=stsongs&year=2026&month=06&day=01
2026,stsongs,2026-05-27,15,ROSE,HANA,https://www.billboard-japan.com/charts/detail?a=stsongs&year=2026&month=06&day=01
2026,stsongs,2026-05-27,16,Soranji,Mrs.GREEN APPLE,https://www.billboard-japan.com/charts/detail?a=stsongs&year=2026&month=06&day=01
2026,stsongs,2026-05-27,17,高嶺の花子さん,back number,https://www.billboard-japan.com/charts/detail?a=stsongs&year=2026&month=06&day=01
2026,stsongs,2026-05-27,18,風と町,Mrs.GREEN APPLE,https://www.billboard-japan.com/charts/detail?a=stsongs&year=2026&month=06&day=01
2026,stsongs,2026-05-27,19,青と夏,Mrs.GREEN APPLE,https://www.billboard-japan.com/charts/detail?a=stsongs&year=2026&month=06&day=01
2026,stsongs,2026-05-27,20,3XL,Number_i,https://www.billboard-japan.com/charts/detail?a=stsongs&year=2026&month=06&day=01
2026,stsongs,2026-05-27,21,ケセラセラ,Mrs.GREEN APPLE,https://www.billboard-japan.com/charts/detail?a=stsongs&year=2026&month=06&day=01
2026,stsongs,2026-05-27,22,革命道中,アイナ・ジ・エンド,https://www.billboard-japan.com/charts/detail?a=stsongs&year=2026&month=06&day=01
2026,stsongs,2026-05-27,23,ハッピーエンド,back number,https://www.billboard-japan.com/charts/detail?a=stsongs&year=2026&month=06&day=01
2026,stsongs,2026-05-27,24,ブルーアンバー,back number,https://www.billboard-japan.com/charts/detail?a=stsongs&year=2026&month=06&day=01
2026,stsongs,2026-05-27,25,点描の唄 feat.井上苑子,Mrs.GREEN APPLE,https://www.billboard-japan.com/charts/detail?a=stsongs&year=2026&month=06&day=01
2026,stsongs,2026-05-27,26,水平線,back number,https://www.billboard-japan.com/charts/detail?a=stsongs&year=2026&month=06&day=01
2026,stsongs,2026-05-27,27,Five,嵐,https://www.billboard-japan.com/charts/detail?a=stsongs&year=2026&month=06&day=01
2026,stsongs,2026-05-27,28,Kind of love,日向坂46,https://www.billboard-japan.com/charts/detail?a=stsongs&year=2026&month=06&day=01
2026,stsongs,2026-05-27,29,僕のこと,Mrs.GREEN APPLE,https://www.billboard-japan.com/charts/detail?a=stsongs&year=2026&month=06&day=01
2026,stsongs,2026-05-27,30,Bad Girl,HANA,https://www.billboard-japan.com/charts/detail?a=stsongs&year=2026&month=06&day=01
2026,stsongs,2026-05-27,31,クスシキ,Mrs.GREEN APPLE,https://www.billboard-japan.com/charts/detail?a=stsongs&year=2026&month=06&day=01
2026,stsongs,2026-05-27,32,JANE DOE,"米津玄師, 宇多田ヒカル",https://www.billboard-japan.com/charts/detail?a=stsongs&year=2026&month=06&day=01
2026,stsongs,2026-05-27,33,新宝島,サカナクション,https://www.billboard-japan.com/charts/detail?a=stsongs&year=2026&month=06&day=01
2026,stsongs,2026-05-27,34,夢中,BE:FIRST,https://www.billboard-japan.com/charts/detail?a=stsongs&year=2026&month=06&day=01
2026,stsongs,2026-05-27,35,SAD SONG,ちゃんみな,https://www.billboard-japan.com/charts/detail?a=stsongs&year=2026&month=06&day=01
2026,stsongs,2026-05-27,36,SWIM,BTS,https://www.billboard-japan.com/charts/detail?a=stsongs&year=2026&month=06&day=01
2026,stsongs,2026-05-27,37,怪獣の花唄,Vaundy,https://www.billboard-japan.com/charts/detail?a=stsongs&year=2026&month=06&day=01
2026,stsongs,2026-05-27,38,HAPPY BIRTHDAY,back number,https://www.billboard-japan.com/charts/detail?a=stsongs&year=2026&month=06&day=01
2026,stsongs,2026-05-27,39,どうしてもどうしても,back number,https://www.billboard-japan.com/charts/detail?a=stsongs&year=2026&month=06&day=01
2026,stsongs,2026-05-27,40,2.0,BTS,https://www.billboard-japan.com/charts/detail?a=stsongs&year=2026&month=06&day=01
2026,stsongs,2026-05-27,41,マリーゴールド,あいみょん,https://www.billboard-japan.com/charts/detail?a=stsongs&year=2026&month=06&day=01
2026,stsongs,2026-05-27,42,とくべチュ、して,=LOVE,https://www.billboard-japan.com/charts/detail?a=stsongs&year=2026&month=06&day=01
2026,stsongs,2026-05-27,43,スターダスト,Official髭男dism,https://www.billboard-japan.com/charts/detail?a=stsongs&year=2026&month=06&day=01
2026,stsongs,2026-05-27,44,ヒロイン,back number,https://www.billboard-japan.com/charts/detail?a=stsongs&year=2026&month=06&day=01
2026,stsongs,2026-05-27,45,ラストダンスあなたと,MISIA,https://www.billboard-japan.com/charts/detail?a=stsongs&year=2026&month=06&day=01
2026,stsongs,2026-05-27,46,君の恋人になったら,back number,https://www.billboard-japan.com/charts/detail?a=stsongs&year=2026&month=06&day=01
2026,stsongs,2026-05-27,47,ダンスホール,Mrs.GREEN APPLE,https://www.billboard-japan.com/charts/detail?a=stsongs&year=2026&month=06&day=01
2026,stsongs,2026-05-27,48,雪月花,ヤングスキニー,https://www.billboard-japan.com/charts/detail?a=stsongs&year=2026&month=06&day=01
2026,stsongs,2026-05-27,49,カリスマックス,Snow Man,https://www.billboard-japan.com/charts/detail?a=stsongs&year=2026&month=06&day=01
2026,stsongs,2026-05-27,50,インフェルノ,Mrs.GREEN APPLE,https://www.billboard-japan.com/charts/detail?a=stsongs&year=2026&month=06&day=01
2026,stsongs,2026-05-27,51,Golden,HUNTR/X,https://www.billboard-japan.com/charts/detail?a=stsongs&year=2026&month=06&day=01
2026,stsongs,2026-05-27,52,Cold Night,HANA,https://www.billboard-japan.com/charts/detail?a=stsongs&year=2026&month=06&day=01
2026,stsongs,2026-05-27,53,Pretender,Official髭男dism,https://www.billboard-japan.com/charts/detail?a=stsongs&year=2026&month=06&day=01
2026,stsongs,2026-05-27,54,飛ぶ時,Vaundy,https://www.billboard-japan.com/charts/detail?a=stsongs&year=2026&month=06&day=01
2026,stsongs,2026-05-27,55,エルダーフラワー,Official髭男dism,https://www.billboard-japan.com/charts/detail?a=stsongs&year=2026&month=06&day=01
2026,stsongs,2026-05-27,56,愛をこめて花束を,Superfly,https://www.billboard-japan.com/charts/detail?a=stsongs&year=2026&month=06&day=01
2026,stsongs,2026-05-27,57,NON STOP,HANA,https://www.billboard-japan.com/charts/detail?a=stsongs&year=2026&month=06&day=01
2026,stsongs,2026-05-27,58,ハレンチ,ちゃんみな,https://www.billboard-japan.com/charts/detail?a=stsongs&year=2026&month=06&day=01
2026,stsongs,2026-05-27,59,CHOOM,BABYMONSTER,https://www.billboard-japan.com/charts/detail?a=stsongs&year=2026&month=06&day=01
2026,stsongs,2026-05-27,60,幾億光年,Omoinotake,https://www.billboard-japan.com/charts/detail?a=stsongs&year=2026&month=06&day=01
2026,stsongs,2026-05-27,61,イイじゃん,M!LK,https://www.billboard-japan.com/charts/detail?a=stsongs&year=2026&month=06&day=01
2026,stsongs,2026-05-27,62,Rondo,BE:FIRST,https://www.billboard-japan.com/charts/detail?a=stsongs&year=2026&month=06&day=01
2026,stsongs,2026-05-27,63,催し,大森元貴,https://www.billboard-japan.com/charts/detail?a=stsongs&year=2026&month=06&day=01
2026,stsongs,2026-05-27,64,Tiger,HANA,https://www.billboard-japan.com/charts/detail?a=stsongs&year=2026&month=06&day=01
2026,stsongs,2026-05-27,65,Lemon,米津玄師,https://www.billboard-japan.com/charts/detail?a=stsongs&year=2026&month=06&day=01
2026,stsongs,2026-05-27,66,シルエット,KANA-BOON,https://www.billboard-japan.com/charts/detail?a=stsongs&year=2026&month=06&day=01
2026,stsongs,2026-05-27,67,ランウェイ,"レディー・ガガ,ドーチー",https://www.billboard-japan.com/charts/detail?a=stsongs&year=2026&month=06&day=01
2026,stsongs,2026-05-27,68,Again,Mr.Children,https://www.billboard-japan.com/charts/detail?a=stsongs&year=2026&month=06&day=01
2026,stsongs,2026-05-27,69,きらり,藤井風,https://www.billboard-japan.com/charts/detail?a=stsongs&year=2026&month=06&day=01
2026,stsongs,2026-05-27,70,火種,キタニタツヤ,https://www.billboard-japan.com/charts/detail?a=stsongs&year=2026&month=06&day=01
2026,stsongs,2026-05-27,71,Subtitle,Official髭男dism,https://www.billboard-japan.com/charts/detail?a=stsongs&year=2026&month=06&day=01
2026,stsongs,2026-05-27,72,恋,back number,https://www.billboard-japan.com/charts/detail?a=stsongs&year=2026&month=06&day=01
2026,stsongs,2026-05-27,73,GOOD DAY,Mrs.GREEN APPLE,https://www.billboard-japan.com/charts/detail?a=stsongs&year=2026&month=06&day=01
2026,stsongs,2026-05-27,74,115万キロのフィルム,Official髭男dism,https://www.billboard-japan.com/charts/detail?a=stsongs&year=2026&month=06&day=01
2026,stsongs,2026-05-27,75,BPM feat. KREVA,Kvi Baba,https://www.billboard-japan.com/charts/detail?a=stsongs&year=2026&month=06&day=01
2026,stsongs,2026-05-27,76,Never Grow Up,ちゃんみな,https://www.billboard-japan.com/charts/detail?a=stsongs&year=2026&month=06&day=01
2026,stsongs,2026-05-27,77,劇薬中毒,=LOVE,https://www.billboard-japan.com/charts/detail?a=stsongs&year=2026&month=06&day=01
2026,stsongs,2026-05-27,78,Magic,Mrs.GREEN APPLE,https://www.billboard-japan.com/charts/detail?a=stsongs&year=2026&month=06&day=01
2026,stsongs,2026-05-27,79,Theater,King & Prince,https://www.billboard-japan.com/charts/detail?a=stsongs&year=2026&month=06&day=01
2026,stsongs,2026-05-27,80,ALL IN,HANA,https://www.billboard-japan.com/charts/detail?a=stsongs&year=2026&month=06&day=01
2026,stsongs,2026-05-27,81,セレナーデ,なとり,https://www.billboard-japan.com/charts/detail?a=stsongs&year=2026&month=06&day=01
2026,stsongs,2026-05-27,82,Drop,HANA,https://www.billboard-japan.com/charts/detail?a=stsongs&year=2026&month=06&day=01
2026,stsongs,2026-05-27,83,怪盗,back number,https://www.billboard-japan.com/charts/detail?a=stsongs&year=2026&month=06&day=01
2026,stsongs,2026-05-27,84,幸せ,back number,https://www.billboard-japan.com/charts/detail?a=stsongs&year=2026&month=06&day=01
2026,stsongs,2026-05-27,85,Burning Flower,HANA,https://www.billboard-japan.com/charts/detail?a=stsongs&year=2026&month=06&day=01
2026,stsongs,2026-05-27,86,My Body,HANA,https://www.billboard-japan.com/charts/detail?a=stsongs&year=2026&month=06&day=01
2026,stsongs,2026-05-27,87,BE:FIRST ALL DAY,BE:FIRST,https://www.billboard-japan.com/charts/detail?a=stsongs&year=2026&month=06&day=01
2026,stsongs,2026-05-27,88,TOP 5,ZEROBASEONE,https://www.billboard-japan.com/charts/detail?a=stsongs&year=2026&month=06&day=01
2026,stsongs,2026-05-27,89,奏(かなで),スキマスイッチ,https://www.billboard-japan.com/charts/detail?a=stsongs&year=2026&month=06&day=01
2026,stsongs,2026-05-27,90,恋人ごっこ,マカロニえんぴつ,https://www.billboard-japan.com/charts/detail?a=stsongs&year=2026&month=06&day=01
2026,stsongs,2026-05-27,91,あぶく,ヨルシカ,https://www.billboard-japan.com/charts/detail?a=stsongs&year=2026&month=06&day=01
2026,stsongs,2026-05-27,92,BANG!!,Snow Man,https://www.billboard-japan.com/charts/detail?a=stsongs&year=2026&month=06&day=01
2026,stsongs,2026-05-27,93,満ちてゆく,藤井風,https://www.billboard-japan.com/charts/detail?a=stsongs&year=2026&month=06&day=01
2026,stsongs,2026-05-27,94,Wherever you are,ONE OK ROCK,https://www.billboard-japan.com/charts/detail?a=stsongs&year=2026&month=06&day=01
2026,stsongs,2026-05-27,95,StaRt,Mrs.GREEN APPLE,https://www.billboard-japan.com/charts/detail?a=stsongs&year=2026&month=06&day=01
2026,stsongs,2026-05-27,96,Samba de Night Fever,ONE N' ONLY,https://www.billboard-japan.com/charts/detail?a=stsongs&year=2026&month=06&day=01
2026,stsongs,2026-05-27,97,ドライフラワー,優里,https://www.billboard-japan.com/charts/detail?a=stsongs&year=2026&month=06&day=01
2026,stsongs,2026-05-27,98,BAD LOVE,HANA,https://www.billboard-japan.com/charts/detail?a=stsongs&year=2026&month=06&day=01
2026,stsongs,2026-05-27,99,REDRED,CORTIS,https://www.billboard-japan.com/charts/detail?a=stsongs&year=2026&month=06&day=01
2026,stsongs,2026-05-27,100,君はロックを聴かない,あいみょん,https://www.billboard-japan.com/charts/detail?a=stsongs&year=2026&month=06&day=01
2026,stsongs,2026-06-03,1,夜の踊り子,サカナクション,https://www.billboard-japan.com/charts/detail?a=stsongs&year=2026&month=06&day=08
2026,stsongs,2026-06-03,2,好きすぎて滅!,M!LK,https://www.billboard-japan.com/charts/detail?a=stsongs&year=2026&month=06&day=08
2026,stsongs,2026-06-03,3,ライラック,Mrs.GREEN APPLE,https://www.billboard-japan.com/charts/detail?a=stsongs&year=2026&month=06&day=08
2026,stsongs,2026-06-03,4,IRIS OUT,米津玄師,https://www.billboard-japan.com/charts/detail?a=stsongs&year=2026&month=06&day=08
2026,stsongs,2026-06-03,5,爆裂愛してる,M!LK,https://www.billboard-japan.com/charts/detail?a=stsongs&year=2026&month=06&day=08
2026,stsongs,2026-06-03,6,It's Me,ILLIT,https://www.billboard-japan.com/charts/detail?a=stsongs&year=2026&month=06&day=08
2026,stsongs,2026-06-03,7,lulu.,Mrs.GREEN APPLE,https://www.billboard-japan.com/charts/detail?a=stsongs&year=2026&month=06&day=08
2026,stsongs,2026-06-03,8,Blue Jeans,HANA,https://www.billboard-japan.com/charts/detail?a=stsongs&year=2026&month=06&day=08
2026,stsongs,2026-06-03,9,Five,嵐,https://www.billboard-japan.com/charts/detail?a=stsongs&year=2026&month=06&day=08
2026,stsongs,2026-06-03,10,AIZO,King Gnu,https://www.billboard-japan.com/charts/detail?a=stsongs&year=2026&month=06&day=08
2026,stsongs,2026-06-03,11,アイドルパワー,M!LK,https://www.billboard-japan.com/charts/detail?a=stsongs&year=2026&month=06&day=08
2026,stsongs,2026-06-03,12,ダーリン,Mrs.GREEN APPLE,https://www.billboard-japan.com/charts/detail?a=stsongs&year=2026&month=06&day=08
2026,stsongs,2026-06-03,13,怪獣,サカナクション,https://www.billboard-japan.com/charts/detail?a=stsongs&year=2026&month=06&day=08
2026,stsongs,2026-06-03,14,花束,back number,https://www.billboard-japan.com/charts/detail?a=stsongs&year=2026&month=06&day=08
2026,stsongs,2026-06-03,15,高嶺の花子さん,back number,https://www.billboard-japan.com/charts/detail?a=stsongs&year=2026&month=06&day=08
2026,stsongs,2026-06-03,16,Soranji,Mrs.GREEN APPLE,https://www.billboard-japan.com/charts/detail?a=stsongs&year=2026&month=06&day=08
2026,stsongs,2026-06-03,17,3XL,Number_i,https://www.billboard-japan.com/charts/detail?a=stsongs&year=2026&month=06&day=08
2026,stsongs,2026-06-03,18,青と夏,Mrs.GREEN APPLE,https://www.billboard-japan.com/charts/detail?a=stsongs&year=2026&month=06&day=08
2026,stsongs,2026-06-03,19,風と町,Mrs.GREEN APPLE,https://www.billboard-japan.com/charts/detail?a=stsongs&year=2026&month=06&day=08
2026,stsongs,2026-06-03,20,ROSE,HANA,https://www.billboard-japan.com/charts/detail?a=stsongs&year=2026&month=06&day=08
2026,stsongs,2026-06-03,21,Lonesome rabbit,櫻坂46,https://www.billboard-japan.com/charts/detail?a=stsongs&year=2026&month=06&day=08
2026,stsongs,2026-06-03,22,ケセラセラ,Mrs.GREEN APPLE,https://www.billboard-japan.com/charts/detail?a=stsongs&year=2026&month=06&day=08
2026,stsongs,2026-06-03,23,ブルーアンバー,back number,https://www.billboard-japan.com/charts/detail?a=stsongs&year=2026&month=06&day=08
2026,stsongs,2026-06-03,24,点描の唄 feat.井上苑子,Mrs.GREEN APPLE,https://www.billboard-japan.com/charts/detail?a=stsongs&year=2026&month=06&day=08
2026,stsongs,2026-06-03,25,革命道中,アイナ・ジ・エンド,https://www.billboard-japan.com/charts/detail?a=stsongs&year=2026&month=06&day=08
2026,stsongs,2026-06-03,26,ハッピーエンド,back number,https://www.billboard-japan.com/charts/detail?a=stsongs&year=2026&month=06&day=08
2026,stsongs,2026-06-03,27,水平線,back number,https://www.billboard-japan.com/charts/detail?a=stsongs&year=2026&month=06&day=08
2026,stsongs,2026-06-03,28,僕のこと,Mrs.GREEN APPLE,https://www.billboard-japan.com/charts/detail?a=stsongs&year=2026&month=06&day=08
2026,stsongs,2026-06-03,29,クスシキ,Mrs.GREEN APPLE,https://www.billboard-japan.com/charts/detail?a=stsongs&year=2026&month=06&day=08
2026,stsongs,2026-06-03,30,JANE DOE,"米津玄師, 宇多田ヒカル",https://www.billboard-japan.com/charts/detail?a=stsongs&year=2026&month=06&day=08
2026,stsongs,2026-06-03,31,新宝島,サカナクション,https://www.billboard-japan.com/charts/detail?a=stsongs&year=2026&month=06&day=08
2026,stsongs,2026-06-03,32,Bad Girl,HANA,https://www.billboard-japan.com/charts/detail?a=stsongs&year=2026&month=06&day=08
2026,stsongs,2026-06-03,33,SAD SONG,ちゃんみな,https://www.billboard-japan.com/charts/detail?a=stsongs&year=2026&month=06&day=08
2026,stsongs,2026-06-03,34,夢中,BE:FIRST,https://www.billboard-japan.com/charts/detail?a=stsongs&year=2026&month=06&day=08
2026,stsongs,2026-06-03,35,怪獣の花唄,Vaundy,https://www.billboard-japan.com/charts/detail?a=stsongs&year=2026&month=06&day=08
2026,stsongs,2026-06-03,36,HAPPY BIRTHDAY,back number,https://www.billboard-japan.com/charts/detail?a=stsongs&year=2026&month=06&day=08
2026,stsongs,2026-06-03,37,SWIM,BTS,https://www.billboard-japan.com/charts/detail?a=stsongs&year=2026&month=06&day=08
2026,stsongs,2026-06-03,38,どうしてもどうしても,back number,https://www.billboard-japan.com/charts/detail?a=stsongs&year=2026&month=06&day=08
2026,stsongs,2026-06-03,39,マリーゴールド,あいみょん,https://www.billboard-japan.com/charts/detail?a=stsongs&year=2026&month=06&day=08
2026,stsongs,2026-06-03,40,Golden,HUNTR/X,https://www.billboard-japan.com/charts/detail?a=stsongs&year=2026&month=06&day=08
2026,stsongs,2026-06-03,41,とくべチュ、して,=LOVE,https://www.billboard-japan.com/charts/detail?a=stsongs&year=2026&month=06&day=08
2026,stsongs,2026-06-03,42,2.0,BTS,https://www.billboard-japan.com/charts/detail?a=stsongs&year=2026&month=06&day=08
2026,stsongs,2026-06-03,43,ヒロイン,back number,https://www.billboard-japan.com/charts/detail?a=stsongs&year=2026&month=06&day=08
2026,stsongs,2026-06-03,44,Love so sweet,嵐,https://www.billboard-japan.com/charts/detail?a=stsongs&year=2026&month=06&day=08
2026,stsongs,2026-06-03,45,君の恋人になったら,back number,https://www.billboard-japan.com/charts/detail?a=stsongs&year=2026&month=06&day=08
2026,stsongs,2026-06-03,46,スターダスト,Official髭男dism,https://www.billboard-japan.com/charts/detail?a=stsongs&year=2026&month=06&day=08
2026,stsongs,2026-06-03,47,ダンスホール,Mrs.GREEN APPLE,https://www.billboard-japan.com/charts/detail?a=stsongs&year=2026&month=06&day=08
2026,stsongs,2026-06-03,48,カリスマックス,Snow Man,https://www.billboard-japan.com/charts/detail?a=stsongs&year=2026&month=06&day=08
2026,stsongs,2026-06-03,49,インフェルノ,Mrs.GREEN APPLE,https://www.billboard-japan.com/charts/detail?a=stsongs&year=2026&month=06&day=08
2026,stsongs,2026-06-03,50,飛ぶ時,Vaundy,https://www.billboard-japan.com/charts/detail?a=stsongs&year=2026&month=06&day=08
2026,stsongs,2026-06-03,51,雪月花,ヤングスキニー,https://www.billboard-japan.com/charts/detail?a=stsongs&year=2026&month=06&day=08
2026,stsongs,2026-06-03,52,Pretender,Official髭男dism,https://www.billboard-japan.com/charts/detail?a=stsongs&year=2026&month=06&day=08
2026,stsongs,2026-06-03,53,エルダーフラワー,Official髭男dism,https://www.billboard-japan.com/charts/detail?a=stsongs&year=2026&month=06&day=08
2026,stsongs,2026-06-03,54,愛をこめて花束を,Superfly,https://www.billboard-japan.com/charts/detail?a=stsongs&year=2026&month=06&day=08
2026,stsongs,2026-06-03,55,Cold Night,HANA,https://www.billboard-japan.com/charts/detail?a=stsongs&year=2026&month=06&day=08
2026,stsongs,2026-06-03,56,幾億光年,Omoinotake,https://www.billboard-japan.com/charts/detail?a=stsongs&year=2026&month=06&day=08
2026,stsongs,2026-06-03,57,イイじゃん,M!LK,https://www.billboard-japan.com/charts/detail?a=stsongs&year=2026&month=06&day=08
2026,stsongs,2026-06-03,58,ハレンチ,ちゃんみな,https://www.billboard-japan.com/charts/detail?a=stsongs&year=2026&month=06&day=08
2026,stsongs,2026-06-03,59,BOOMPALA,LE SSERAFIM,https://www.billboard-japan.com/charts/detail?a=stsongs&year=2026&month=06&day=08
2026,stsongs,2026-06-03,60,CHOOM,BABYMONSTER,https://www.billboard-japan.com/charts/detail?a=stsongs&year=2026&month=06&day=08
2026,stsongs,2026-06-03,61,Lemon,米津玄師,https://www.billboard-japan.com/charts/detail?a=stsongs&year=2026&month=06&day=08
2026,stsongs,2026-06-03,62,シルエット,KANA-BOON,https://www.billboard-japan.com/charts/detail?a=stsongs&year=2026&month=06&day=08
2026,stsongs,2026-06-03,63,NON STOP,HANA,https://www.billboard-japan.com/charts/detail?a=stsongs&year=2026&month=06&day=08
2026,stsongs,2026-06-03,64,Subtitle,Official髭男dism,https://www.billboard-japan.com/charts/detail?a=stsongs&year=2026&month=06&day=08
2026,stsongs,2026-06-03,65,OMG!,ALPHA DRIVE ONE,https://www.billboard-japan.com/charts/detail?a=stsongs&year=2026&month=06&day=08
2026,stsongs,2026-06-03,66,Tiger,HANA,https://www.billboard-japan.com/charts/detail?a=stsongs&year=2026&month=06&day=08
2026,stsongs,2026-06-03,67,火種,キタニタツヤ,https://www.billboard-japan.com/charts/detail?a=stsongs&year=2026&month=06&day=08
2026,stsongs,2026-06-03,68,115万キロのフィルム,Official髭男dism,https://www.billboard-japan.com/charts/detail?a=stsongs&year=2026&month=06&day=08
2026,stsongs,2026-06-03,69,恋,back number,https://www.billboard-japan.com/charts/detail?a=stsongs&year=2026&month=06&day=08
2026,stsongs,2026-06-03,70,GOOD DAY,Mrs.GREEN APPLE,https://www.billboard-japan.com/charts/detail?a=stsongs&year=2026&month=06&day=08
2026,stsongs,2026-06-03,71,Happiness,嵐,https://www.billboard-japan.com/charts/detail?a=stsongs&year=2026&month=06&day=08
2026,stsongs,2026-06-03,72,ラストダンスあなたと,MISIA,https://www.billboard-japan.com/charts/detail?a=stsongs&year=2026&month=06&day=08
2026,stsongs,2026-06-03,73,Never Grow Up,ちゃんみな,https://www.billboard-japan.com/charts/detail?a=stsongs&year=2026&month=06&day=08
2026,stsongs,2026-06-03,74,Neko(ねこ),Neko Jealousy,https://www.billboard-japan.com/charts/detail?a=stsongs&year=2026&month=06&day=08
2026,stsongs,2026-06-03,75,きらり,藤井風,https://www.billboard-japan.com/charts/detail?a=stsongs&year=2026&month=06&day=08
2026,stsongs,2026-06-03,76,Magic,Mrs.GREEN APPLE,https://www.billboard-japan.com/charts/detail?a=stsongs&year=2026&month=06&day=08
2026,stsongs,2026-06-03,77,One Love,嵐,https://www.billboard-japan.com/charts/detail?a=stsongs&year=2026&month=06&day=08
2026,stsongs,2026-06-03,78,君はロックを聴かない,あいみょん,https://www.billboard-japan.com/charts/detail?a=stsongs&year=2026&month=06&day=08
2026,stsongs,2026-06-03,79,劇薬中毒,=LOVE,https://www.billboard-japan.com/charts/detail?a=stsongs&year=2026&month=06&day=08
2026,stsongs,2026-06-03,80,Rondo,BE:FIRST,https://www.billboard-japan.com/charts/detail?a=stsongs&year=2026&month=06&day=08
2026,stsongs,2026-06-03,81,ランウェイ,"レディー・ガガ,ドーチー",https://www.billboard-japan.com/charts/detail?a=stsongs&year=2026&month=06&day=08
2026,stsongs,2026-06-03,82,BPM feat. KREVA,Kvi Baba,https://www.billboard-japan.com/charts/detail?a=stsongs&year=2026&month=06&day=08
2026,stsongs,2026-06-03,83,セレナーデ,なとり,https://www.billboard-japan.com/charts/detail?a=stsongs&year=2026&month=06&day=08
2026,stsongs,2026-06-03,84,Theater,King & Prince,https://www.billboard-japan.com/charts/detail?a=stsongs&year=2026&month=06&day=08
2026,stsongs,2026-06-03,85,Kind of love,日向坂46,https://www.billboard-japan.com/charts/detail?a=stsongs&year=2026&month=06&day=08
2026,stsongs,2026-06-03,86,怪盗,back number,https://www.billboard-japan.com/charts/detail?a=stsongs&year=2026&month=06&day=08
2026,stsongs,2026-06-03,87,ALL IN,HANA,https://www.billboard-japan.com/charts/detail?a=stsongs&year=2026&month=06&day=08
2026,stsongs,2026-06-03,88,Again,Mr.Children,https://www.billboard-japan.com/charts/detail?a=stsongs&year=2026&month=06&day=08
2026,stsongs,2026-06-03,89,幸せ,back number,https://www.billboard-japan.com/charts/detail?a=stsongs&year=2026&month=06&day=08
2026,stsongs,2026-06-03,90,REDRED,CORTIS,https://www.billboard-japan.com/charts/detail?a=stsongs&year=2026&month=06&day=08
2026,stsongs,2026-06-03,91,Drop,HANA,https://www.billboard-japan.com/charts/detail?a=stsongs&year=2026&month=06&day=08
2026,stsongs,2026-06-03,92,Wherever you are,ONE OK ROCK,https://www.billboard-japan.com/charts/detail?a=stsongs&year=2026&month=06&day=08
2026,stsongs,2026-06-03,93,ドライフラワー,優里,https://www.billboard-japan.com/charts/detail?a=stsongs&year=2026&month=06&day=08
2026,stsongs,2026-06-03,94,奏(かなで),スキマスイッチ,https://www.billboard-japan.com/charts/detail?a=stsongs&year=2026&month=06&day=08
2026,stsongs,2026-06-03,95,満ちてゆく,藤井風,https://www.billboard-japan.com/charts/detail?a=stsongs&year=2026&month=06&day=08
2026,stsongs,2026-06-03,96,StaRt,Mrs.GREEN APPLE,https://www.billboard-japan.com/charts/detail?a=stsongs&year=2026&month=06&day=08
2026,stsongs,2026-06-03,97,シェイプ・オブ・ユー,エド・シーラン,https://www.billboard-japan.com/charts/detail?a=stsongs&year=2026&month=06&day=08
2026,stsongs,2026-06-03,98,Burning Flower,HANA,https://www.billboard-japan.com/charts/detail?a=stsongs&year=2026&month=06&day=08
2026,stsongs,2026-06-03,99,催し,大森元貴,https://www.billboard-japan.com/charts/detail?a=stsongs&year=2026&month=06&day=08
2026,stsongs,2026-06-03,100,Dynamite,BTS,https://www.billboard-japan.com/charts/detail?a=stsongs&year=2026&month=06&day=08
2026,stsongs,2026-06-10,1,Five,嵐,https://www.billboard-japan.com/charts/detail?a=stsongs&year=2026&month=06&day=15
2026,stsongs,2026-06-10,2,夜の踊り子,サカナクション,https://www.billboard-japan.com/charts/detail?a=stsongs&year=2026&month=06&day=15
2026,stsongs,2026-06-10,3,Love so sweet,嵐,https://www.billboard-japan.com/charts/detail?a=stsongs&year=2026&month=06&day=15
2026,stsongs,2026-06-10,4,Happiness,嵐,https://www.billboard-japan.com/charts/detail?a=stsongs&year=2026&month=06&day=15
2026,stsongs,2026-06-10,5,One Love,嵐,https://www.billboard-japan.com/charts/detail?a=stsongs&year=2026&month=06&day=15
2026,stsongs,2026-06-10,6,IRIS OUT,米津玄師,https://www.billboard-japan.com/charts/detail?a=stsongs&year=2026&month=06&day=15
2026,stsongs,2026-06-10,7,好きすぎて滅!,M!LK,https://www.billboard-japan.com/charts/detail?a=stsongs&year=2026&month=06&day=15
2026,stsongs,2026-06-10,8,Monster,嵐,https://www.billboard-japan.com/charts/detail?a=stsongs&year=2026&month=06&day=15
2026,stsongs,2026-06-10,9,ライラック,Mrs.GREEN APPLE,https://www.billboard-japan.com/charts/detail?a=stsongs&year=2026&month=06&day=15
2026,stsongs,2026-06-10,10,A・RA・SHI,嵐,https://www.billboard-japan.com/charts/detail?a=stsongs&year=2026&month=06&day=15
2026,stsongs,2026-06-10,11,爆裂愛してる,M!LK,https://www.billboard-japan.com/charts/detail?a=stsongs&year=2026&month=06&day=15
2026,stsongs,2026-06-10,12,It's Me,ILLIT,https://www.billboard-japan.com/charts/detail?a=stsongs&year=2026&month=06&day=15
2026,stsongs,2026-06-10,13,感謝カンゲキ雨嵐,嵐,https://www.billboard-japan.com/charts/detail?a=stsongs&year=2026&month=06&day=15
2026,stsongs,2026-06-10,14,Troublemaker,嵐,https://www.billboard-japan.com/charts/detail?a=stsongs&year=2026&month=06&day=15
2026,stsongs,2026-06-10,15,GUTS!,嵐,https://www.billboard-japan.com/charts/detail?a=stsongs&year=2026&month=06&day=15
2026,stsongs,2026-06-10,16,lulu.,Mrs.GREEN APPLE,https://www.billboard-japan.com/charts/detail?a=stsongs&year=2026&month=06&day=15
2026,stsongs,2026-06-10,17,Blue Jeans,HANA,https://www.billboard-japan.com/charts/detail?a=stsongs&year=2026&month=06&day=15
2026,stsongs,2026-06-10,18,マイガール,嵐,https://www.billboard-japan.com/charts/detail?a=stsongs&year=2026&month=06&day=15
2026,stsongs,2026-06-10,19,truth,嵐,https://www.billboard-japan.com/charts/detail?a=stsongs&year=2026&month=06&day=15
2026,stsongs,2026-06-10,20,言葉より大切なもの,嵐,https://www.billboard-japan.com/charts/detail?a=stsongs&year=2026&month=06&day=15
2026,stsongs,2026-06-10,21,カイト,嵐,https://www.billboard-japan.com/charts/detail?a=stsongs&year=2026&month=06&day=15
2026,stsongs,2026-06-10,22,ワイルド アット ハート,嵐,https://www.billboard-japan.com/charts/detail?a=stsongs&year=2026&month=06&day=15
2026,stsongs,2026-06-10,23,AIZO,King Gnu,https://www.billboard-japan.com/charts/detail?a=stsongs&year=2026&month=06&day=15
2026,stsongs,2026-06-10,24,ダーリン,Mrs.GREEN APPLE,https://www.billboard-japan.com/charts/detail?a=stsongs&year=2026&month=06&day=15
2026,stsongs,2026-06-10,25,花束,back number,https://www.billboard-japan.com/charts/detail?a=stsongs&year=2026&month=06&day=15
2026,stsongs,2026-06-10,26,高嶺の花子さん,back number,https://www.billboard-japan.com/charts/detail?a=stsongs&year=2026&month=06&day=15
2026,stsongs,2026-06-10,27,怪獣,サカナクション,https://www.billboard-japan.com/charts/detail?a=stsongs&year=2026&month=06&day=15
2026,stsongs,2026-06-10,28,アイドルパワー,M!LK,https://www.billboard-japan.com/charts/detail?a=stsongs&year=2026&month=06&day=15
2026,stsongs,2026-06-10,29,Soranji,Mrs.GREEN APPLE,https://www.billboard-japan.com/charts/detail?a=stsongs&year=2026&month=06&day=15
2026,stsongs,2026-06-10,30,青と夏,Mrs.GREEN APPLE,https://www.billboard-japan.com/charts/detail?a=stsongs&year=2026&month=06&day=15
2026,stsongs,2026-06-10,31,Love Rainbow,嵐,https://www.billboard-japan.com/charts/detail?a=stsongs&year=2026&month=06&day=15
2026,stsongs,2026-06-10,32,Believe,嵐,https://www.billboard-japan.com/charts/detail?a=stsongs&year=2026&month=06&day=15
2026,stsongs,2026-06-10,33,迷宮ラブソング,嵐,https://www.billboard-japan.com/charts/detail?a=stsongs&year=2026&month=06&day=15
2026,stsongs,2026-06-10,34,Lonesome rabbit,櫻坂46,https://www.billboard-japan.com/charts/detail?a=stsongs&year=2026&month=06&day=15
2026,stsongs,2026-06-10,35,ROSE,HANA,https://www.billboard-japan.com/charts/detail?a=stsongs&year=2026&month=06&day=15
2026,stsongs,2026-06-10,36,ブルーアンバー,back number,https://www.billboard-japan.com/charts/detail?a=stsongs&year=2026&month=06&day=15
2026,stsongs,2026-06-10,37,ケセラセラ,Mrs.GREEN APPLE,https://www.billboard-japan.com/charts/detail?a=stsongs&year=2026&month=06&day=15
2026,stsongs,2026-06-10,38,LEMONADE,aespa,https://www.billboard-japan.com/charts/detail?a=stsongs&year=2026&month=06&day=15
2026,stsongs,2026-06-10,39,点描の唄 feat.井上苑子,Mrs.GREEN APPLE,https://www.billboard-japan.com/charts/detail?a=stsongs&year=2026&month=06&day=15
2026,stsongs,2026-06-10,40,ハッピーエンド,back number,https://www.billboard-japan.com/charts/detail?a=stsongs&year=2026&month=06&day=15
2026,stsongs,2026-06-10,41,3XL,Number_i,https://www.billboard-japan.com/charts/detail?a=stsongs&year=2026&month=06&day=15
2026,stsongs,2026-06-10,42,サクラ咲ケ,嵐,https://www.billboard-japan.com/charts/detail?a=stsongs&year=2026&month=06&day=15
2026,stsongs,2026-06-10,43,水平線,back number,https://www.billboard-japan.com/charts/detail?a=stsongs&year=2026&month=06&day=15
2026,stsongs,2026-06-10,44,風と町,Mrs.GREEN APPLE,https://www.billboard-japan.com/charts/detail?a=stsongs&year=2026&month=06&day=15
2026,stsongs,2026-06-10,45,革命道中,アイナ・ジ・エンド,https://www.billboard-japan.com/charts/detail?a=stsongs&year=2026&month=06&day=15
2026,stsongs,2026-06-10,46,僕のこと,Mrs.GREEN APPLE,https://www.billboard-japan.com/charts/detail?a=stsongs&year=2026&month=06&day=15
2026,stsongs,2026-06-10,47,Golden,HUNTR/X,https://www.billboard-japan.com/charts/detail?a=stsongs&year=2026&month=06&day=15
2026,stsongs,2026-06-10,48,果てない空,嵐,https://www.billboard-japan.com/charts/detail?a=stsongs&year=2026&month=06&day=15
2026,stsongs,2026-06-10,49,HAPPY BIRTHDAY,back number,https://www.billboard-japan.com/charts/detail?a=stsongs&year=2026&month=06&day=15
2026,stsongs,2026-06-10,50,夢中,BE:FIRST,https://www.billboard-japan.com/charts/detail?a=stsongs&year=2026&month=06&day=15
2026,stsongs,2026-06-10,51,怪獣の花唄,Vaundy,https://www.billboard-japan.com/charts/detail?a=stsongs&year=2026&month=06&day=15
2026,stsongs,2026-06-10,52,JANE DOE,"米津玄師, 宇多田ヒカル",https://www.billboard-japan.com/charts/detail?a=stsongs&year=2026&month=06&day=15
2026,stsongs,2026-06-10,53,クスシキ,Mrs.GREEN APPLE,https://www.billboard-japan.com/charts/detail?a=stsongs&year=2026&month=06&day=15
2026,stsongs,2026-06-10,54,新宝島,サカナクション,https://www.billboard-japan.com/charts/detail?a=stsongs&year=2026&month=06&day=15
2026,stsongs,2026-06-10,55,IF I,TREASURE,https://www.billboard-japan.com/charts/detail?a=stsongs&year=2026&month=06&day=15
2026,stsongs,2026-06-10,56,SWIM,BTS,https://www.billboard-japan.com/charts/detail?a=stsongs&year=2026&month=06&day=15
2026,stsongs,2026-06-10,57,SAD SONG,ちゃんみな,https://www.billboard-japan.com/charts/detail?a=stsongs&year=2026&month=06&day=15
2026,stsongs,2026-06-10,58,Oh Yeah!,嵐,https://www.billboard-japan.com/charts/detail?a=stsongs&year=2026&month=06&day=15
2026,stsongs,2026-06-10,59,ヒロイン,back number,https://www.billboard-japan.com/charts/detail?a=stsongs&year=2026&month=06&day=15
2026,stsongs,2026-06-10,60,マリーゴールド,あいみょん,https://www.billboard-japan.com/charts/detail?a=stsongs&year=2026&month=06&day=15
2026,stsongs,2026-06-10,61,カリスマックス,Snow Man,https://www.billboard-japan.com/charts/detail?a=stsongs&year=2026&month=06&day=15
2026,stsongs,2026-06-10,62,とくべチュ、して,=LOVE,https://www.billboard-japan.com/charts/detail?a=stsongs&year=2026&month=06&day=15
2026,stsongs,2026-06-10,63,飛ぶ時,Vaundy,https://www.billboard-japan.com/charts/detail?a=stsongs&year=2026&month=06&day=15
2026,stsongs,2026-06-10,64,Bad Girl,HANA,https://www.billboard-japan.com/charts/detail?a=stsongs&year=2026&month=06&day=15
2026,stsongs,2026-06-10,65,インフェルノ,Mrs.GREEN APPLE,https://www.billboard-japan.com/charts/detail?a=stsongs&year=2026&month=06&day=15
2026,stsongs,2026-06-10,66,ダンスホール,Mrs.GREEN APPLE,https://www.billboard-japan.com/charts/detail?a=stsongs&year=2026&month=06&day=15
2026,stsongs,2026-06-10,67,スターダスト,Official髭男dism,https://www.billboard-japan.com/charts/detail?a=stsongs&year=2026&month=06&day=15
2026,stsongs,2026-06-10,68,OMG!,ALPHA DRIVE ONE,https://www.billboard-japan.com/charts/detail?a=stsongs&year=2026&month=06&day=15
2026,stsongs,2026-06-10,69,君の恋人になったら,back number,https://www.billboard-japan.com/charts/detail?a=stsongs&year=2026&month=06&day=15
2026,stsongs,2026-06-10,70,どうしてもどうしても,back number,https://www.billboard-japan.com/charts/detail?a=stsongs&year=2026&month=06&day=15
2026,stsongs,2026-06-10,71,Pretender,Official髭男dism,https://www.billboard-japan.com/charts/detail?a=stsongs&year=2026&month=06&day=15
2026,stsongs,2026-06-10,72,幾億光年,Omoinotake,https://www.billboard-japan.com/charts/detail?a=stsongs&year=2026&month=06&day=15
2026,stsongs,2026-06-10,73,Lemon,米津玄師,https://www.billboard-japan.com/charts/detail?a=stsongs&year=2026&month=06&day=15
2026,stsongs,2026-06-10,74,ハレンチ,ちゃんみな,https://www.billboard-japan.com/charts/detail?a=stsongs&year=2026&month=06&day=15
2026,stsongs,2026-06-10,75,エルダーフラワー,Official髭男dism,https://www.billboard-japan.com/charts/detail?a=stsongs&year=2026&month=06&day=15
2026,stsongs,2026-06-10,76,CHOOM,BABYMONSTER,https://www.billboard-japan.com/charts/detail?a=stsongs&year=2026&month=06&day=15
2026,stsongs,2026-06-10,77,愛をこめて花束を,Superfly,https://www.billboard-japan.com/charts/detail?a=stsongs&year=2026&month=06&day=15
2026,stsongs,2026-06-10,78,ハダシの未来,嵐,https://www.billboard-japan.com/charts/detail?a=stsongs&year=2026&month=06&day=15
2026,stsongs,2026-06-10,79,イイじゃん,M!LK,https://www.billboard-japan.com/charts/detail?a=stsongs&year=2026&month=06&day=15
2026,stsongs,2026-06-10,80,シルエット,KANA-BOON,https://www.billboard-japan.com/charts/detail?a=stsongs&year=2026&month=06&day=15
2026,stsongs,2026-06-10,81,2.0,BTS,https://www.billboard-japan.com/charts/detail?a=stsongs&year=2026&month=06&day=15
2026,stsongs,2026-06-10,82,Subtitle,Official髭男dism,https://www.billboard-japan.com/charts/detail?a=stsongs&year=2026&month=06&day=15
2026,stsongs,2026-06-10,83,115万キロのフィルム,Official髭男dism,https://www.billboard-japan.com/charts/detail?a=stsongs&year=2026&month=06&day=15
2026,stsongs,2026-06-10,84,きらり,藤井風,https://www.billboard-japan.com/charts/detail?a=stsongs&year=2026&month=06&day=15
2026,stsongs,2026-06-10,85,雪月花,ヤングスキニー,https://www.billboard-japan.com/charts/detail?a=stsongs&year=2026&month=06&day=15
2026,stsongs,2026-06-10,86,WISH,嵐,https://www.billboard-japan.com/charts/detail?a=stsongs&year=2026&month=06&day=15
2026,stsongs,2026-06-10,87,Still...,嵐,https://www.billboard-japan.com/charts/detail?a=stsongs&year=2026&month=06&day=15
2026,stsongs,2026-06-10,88,BOOMPALA,LE SSERAFIM,https://www.billboard-japan.com/charts/detail?a=stsongs&year=2026&month=06&day=15
2026,stsongs,2026-06-10,89,PIKA☆☆NCHI DOUBLE,嵐,https://www.billboard-japan.com/charts/detail?a=stsongs&year=2026&month=06&day=15
2026,stsongs,2026-06-10,90,火種,キタニタツヤ,https://www.billboard-japan.com/charts/detail?a=stsongs&year=2026&month=06&day=15
2026,stsongs,2026-06-10,91,Never Grow Up,ちゃんみな,https://www.billboard-japan.com/charts/detail?a=stsongs&year=2026&month=06&day=15
2026,stsongs,2026-06-10,92,GOOD DAY,Mrs.GREEN APPLE,https://www.billboard-japan.com/charts/detail?a=stsongs&year=2026&month=06&day=15
2026,stsongs,2026-06-10,93,Tiger,HANA,https://www.billboard-japan.com/charts/detail?a=stsongs&year=2026&month=06&day=15
2026,stsongs,2026-06-10,94,NON STOP,HANA,https://www.billboard-japan.com/charts/detail?a=stsongs&year=2026&month=06&day=15
2026,stsongs,2026-06-10,95,恋,back number,https://www.billboard-japan.com/charts/detail?a=stsongs&year=2026&month=06&day=15
2026,stsongs,2026-06-10,96,Magic,Mrs.GREEN APPLE,https://www.billboard-japan.com/charts/detail?a=stsongs&year=2026&month=06&day=15
2026,stsongs,2026-06-10,97,セレナーデ,なとり,https://www.billboard-japan.com/charts/detail?a=stsongs&year=2026&month=06&day=15
2026,stsongs,2026-06-10,98,幸せ,back number,https://www.billboard-japan.com/charts/detail?a=stsongs&year=2026&month=06&day=15
2026,stsongs,2026-06-10,99,Cold Night,HANA,https://www.billboard-japan.com/charts/detail?a=stsongs&year=2026&month=06&day=15
2026,stsongs,2026-06-10,100,ドライフラワー,優里,https://www.billboard-japan.com/charts/detail?a=stsongs&year=2026&month=06&day=15
2026,stsongs,2026-06-17,1,夜の踊り子,サカナクション,https://www.billboard-japan.com/charts/detail?a=stsongs&year=2026&month=06&day=22
2026,stsongs,2026-06-17,2,Five,嵐,https://www.billboard-japan.com/charts/detail?a=stsongs&year=2026&month=06&day=22
2026,stsongs,2026-06-17,3,IRIS OUT,米津玄師,https://www.billboard-japan.com/charts/detail?a=stsongs&year=2026&month=06&day=22
2026,stsongs,2026-06-17,4,好きすぎて滅!,M!LK,https://www.billboard-japan.com/charts/detail?a=stsongs&year=2026&month=06&day=22
2026,stsongs,2026-06-17,5,ライラック,Mrs.GREEN APPLE,https://www.billboard-japan.com/charts/detail?a=stsongs&year=2026&month=06&day=22
2026,stsongs,2026-06-17,6,爆裂愛してる,M!LK,https://www.billboard-japan.com/charts/detail?a=stsongs&year=2026&month=06&day=22
2026,stsongs,2026-06-17,7,It's Me,ILLIT,https://www.billboard-japan.com/charts/detail?a=stsongs&year=2026&month=06&day=22
2026,stsongs,2026-06-17,8,Love so sweet,嵐,https://www.billboard-japan.com/charts/detail?a=stsongs&year=2026&month=06&day=22
2026,stsongs,2026-06-17,9,Happiness,嵐,https://www.billboard-japan.com/charts/detail?a=stsongs&year=2026&month=06&day=22
2026,stsongs,2026-06-17,10,lulu.,Mrs.GREEN APPLE,https://www.billboard-japan.com/charts/detail?a=stsongs&year=2026&month=06&day=22
2026,stsongs,2026-06-17,11,Blue Jeans,HANA,https://www.billboard-japan.com/charts/detail?a=stsongs&year=2026&month=06&day=22
2026,stsongs,2026-06-17,12,One Love,嵐,https://www.billboard-japan.com/charts/detail?a=stsongs&year=2026&month=06&day=22
2026,stsongs,2026-06-17,13,高嶺の花子さん,back number,https://www.billboard-japan.com/charts/detail?a=stsongs&year=2026&month=06&day=22
2026,stsongs,2026-06-17,14,Monster,嵐,https://www.billboard-japan.com/charts/detail?a=stsongs&year=2026&month=06&day=22
2026,stsongs,2026-06-17,15,花束,back number,https://www.billboard-japan.com/charts/detail?a=stsongs&year=2026&month=06&day=22
2026,stsongs,2026-06-17,16,怪獣,サカナクション,https://www.billboard-japan.com/charts/detail?a=stsongs&year=2026&month=06&day=22
2026,stsongs,2026-06-17,17,ダーリン,Mrs.GREEN APPLE,https://www.billboard-japan.com/charts/detail?a=stsongs&year=2026&month=06&day=22
2026,stsongs,2026-06-17,18,AIZO,King Gnu,https://www.billboard-japan.com/charts/detail?a=stsongs&year=2026&month=06&day=22
2026,stsongs,2026-06-17,19,Soranji,Mrs.GREEN APPLE,https://www.billboard-japan.com/charts/detail?a=stsongs&year=2026&month=06&day=22
2026,stsongs,2026-06-17,20,Lonesome rabbit,櫻坂46,https://www.billboard-japan.com/charts/detail?a=stsongs&year=2026&month=06&day=22
2026,stsongs,2026-06-17,21,青と夏,Mrs.GREEN APPLE,https://www.billboard-japan.com/charts/detail?a=stsongs&year=2026&month=06&day=22
2026,stsongs,2026-06-17,22,A・RA・SHI,嵐,https://www.billboard-japan.com/charts/detail?a=stsongs&year=2026&month=06&day=22
2026,stsongs,2026-06-17,23,アイドルパワー,M!LK,https://www.billboard-japan.com/charts/detail?a=stsongs&year=2026&month=06&day=22
2026,stsongs,2026-06-17,24,点描の唄 feat.井上苑子,Mrs.GREEN APPLE,https://www.billboard-japan.com/charts/detail?a=stsongs&year=2026&month=06&day=22
2026,stsongs,2026-06-17,25,ブルーアンバー,back number,https://www.billboard-japan.com/charts/detail?a=stsongs&year=2026&month=06&day=22
2026,stsongs,2026-06-17,26,ケセラセラ,Mrs.GREEN APPLE,https://www.billboard-japan.com/charts/detail?a=stsongs&year=2026&month=06&day=22
2026,stsongs,2026-06-17,27,ハッピーエンド,back number,https://www.billboard-japan.com/charts/detail?a=stsongs&year=2026&month=06&day=22
2026,stsongs,2026-06-17,28,水平線,back number,https://www.billboard-japan.com/charts/detail?a=stsongs&year=2026&month=06&day=22
2026,stsongs,2026-06-17,29,ROSE,HANA,https://www.billboard-japan.com/charts/detail?a=stsongs&year=2026&month=06&day=22
2026,stsongs,2026-06-17,30,GUTS!,嵐,https://www.billboard-japan.com/charts/detail?a=stsongs&year=2026&month=06&day=22
2026,stsongs,2026-06-17,31,Troublemaker,嵐,https://www.billboard-japan.com/charts/detail?a=stsongs&year=2026&month=06&day=22
2026,stsongs,2026-06-17,32,3XL,Number_i,https://www.billboard-japan.com/charts/detail?a=stsongs&year=2026&month=06&day=22
2026,stsongs,2026-06-17,33,感謝カンゲキ雨嵐,嵐,https://www.billboard-japan.com/charts/detail?a=stsongs&year=2026&month=06&day=22
2026,stsongs,2026-06-17,34,革命道中,アイナ・ジ・エンド,https://www.billboard-japan.com/charts/detail?a=stsongs&year=2026&month=06&day=22
2026,stsongs,2026-06-17,35,僕のこと,Mrs.GREEN APPLE,https://www.billboard-japan.com/charts/detail?a=stsongs&year=2026&month=06&day=22
2026,stsongs,2026-06-17,36,LEMONADE,aespa,https://www.billboard-japan.com/charts/detail?a=stsongs&year=2026&month=06&day=22
2026,stsongs,2026-06-17,37,風と町,Mrs.GREEN APPLE,https://www.billboard-japan.com/charts/detail?a=stsongs&year=2026&month=06&day=22
2026,stsongs,2026-06-17,38,Golden,HUNTR/X,https://www.billboard-japan.com/charts/detail?a=stsongs&year=2026&month=06&day=22
2026,stsongs,2026-06-17,39,HAPPY BIRTHDAY,back number,https://www.billboard-japan.com/charts/detail?a=stsongs&year=2026&month=06&day=22
2026,stsongs,2026-06-17,40,truth,嵐,https://www.billboard-japan.com/charts/detail?a=stsongs&year=2026&month=06&day=22
2026,stsongs,2026-06-17,41,マイガール,嵐,https://www.billboard-japan.com/charts/detail?a=stsongs&year=2026&month=06&day=22
2026,stsongs,2026-06-17,42,ワイルド アット ハート,嵐,https://www.billboard-japan.com/charts/detail?a=stsongs&year=2026&month=06&day=22
2026,stsongs,2026-06-17,43,怪獣の花唄,Vaundy,https://www.billboard-japan.com/charts/detail?a=stsongs&year=2026&month=06&day=22
2026,stsongs,2026-06-17,44,カイト,嵐,https://www.billboard-japan.com/charts/detail?a=stsongs&year=2026&month=06&day=22
2026,stsongs,2026-06-17,45,夢中,BE:FIRST,https://www.billboard-japan.com/charts/detail?a=stsongs&year=2026&month=06&day=22
2026,stsongs,2026-06-17,46,クスシキ,Mrs.GREEN APPLE,https://www.billboard-japan.com/charts/detail?a=stsongs&year=2026&month=06&day=22
2026,stsongs,2026-06-17,47,JANE DOE,"米津玄師, 宇多田ヒカル",https://www.billboard-japan.com/charts/detail?a=stsongs&year=2026&month=06&day=22
2026,stsongs,2026-06-17,48,迷宮ラブソング,嵐,https://www.billboard-japan.com/charts/detail?a=stsongs&year=2026&month=06&day=22
2026,stsongs,2026-06-17,49,マリーゴールド,あいみょん,https://www.billboard-japan.com/charts/detail?a=stsongs&year=2026&month=06&day=22
2026,stsongs,2026-06-17,50,SWIM,BTS,https://www.billboard-japan.com/charts/detail?a=stsongs&year=2026&month=06&day=22
2026,stsongs,2026-06-17,51,ヒロイン,back number,https://www.billboard-japan.com/charts/detail?a=stsongs&year=2026&month=06&day=22
2026,stsongs,2026-06-17,52,新宝島,サカナクション,https://www.billboard-japan.com/charts/detail?a=stsongs&year=2026&month=06&day=22
2026,stsongs,2026-06-17,53,Believe,嵐,https://www.billboard-japan.com/charts/detail?a=stsongs&year=2026&month=06&day=22
2026,stsongs,2026-06-17,54,とくべチュ、して,=LOVE,https://www.billboard-japan.com/charts/detail?a=stsongs&year=2026&month=06&day=22
2026,stsongs,2026-06-17,55,言葉より大切なもの,嵐,https://www.billboard-japan.com/charts/detail?a=stsongs&year=2026&month=06&day=22
2026,stsongs,2026-06-17,56,ダンスホール,Mrs.GREEN APPLE,https://www.billboard-japan.com/charts/detail?a=stsongs&year=2026&month=06&day=22
2026,stsongs,2026-06-17,57,SAD SONG,ちゃんみな,https://www.billboard-japan.com/charts/detail?a=stsongs&year=2026&month=06&day=22
2026,stsongs,2026-06-17,58,君の恋人になったら,back number,https://www.billboard-japan.com/charts/detail?a=stsongs&year=2026&month=06&day=22
2026,stsongs,2026-06-17,59,インフェルノ,Mrs.GREEN APPLE,https://www.billboard-japan.com/charts/detail?a=stsongs&year=2026&month=06&day=22
2026,stsongs,2026-06-17,60,カリスマックス,Snow Man,https://www.billboard-japan.com/charts/detail?a=stsongs&year=2026&month=06&day=22
2026,stsongs,2026-06-17,61,飛ぶ時,Vaundy,https://www.billboard-japan.com/charts/detail?a=stsongs&year=2026&month=06&day=22
2026,stsongs,2026-06-17,62,どうしてもどうしても,back number,https://www.billboard-japan.com/charts/detail?a=stsongs&year=2026&month=06&day=22
2026,stsongs,2026-06-17,63,Pretender,Official髭男dism,https://www.billboard-japan.com/charts/detail?a=stsongs&year=2026&month=06&day=22
2026,stsongs,2026-06-17,64,スターダスト,Official髭男dism,https://www.billboard-japan.com/charts/detail?a=stsongs&year=2026&month=06&day=22
2026,stsongs,2026-06-17,65,Love Rainbow,嵐,https://www.billboard-japan.com/charts/detail?a=stsongs&year=2026&month=06&day=22
2026,stsongs,2026-06-17,66,Lemon,米津玄師,https://www.billboard-japan.com/charts/detail?a=stsongs&year=2026&month=06&day=22
2026,stsongs,2026-06-17,67,幾億光年,Omoinotake,https://www.billboard-japan.com/charts/detail?a=stsongs&year=2026&month=06&day=22
2026,stsongs,2026-06-17,68,愛をこめて花束を,Superfly,https://www.billboard-japan.com/charts/detail?a=stsongs&year=2026&month=06&day=22
2026,stsongs,2026-06-17,69,Bad Girl,HANA,https://www.billboard-japan.com/charts/detail?a=stsongs&year=2026&month=06&day=22
2026,stsongs,2026-06-17,70,ハレンチ,ちゃんみな,https://www.billboard-japan.com/charts/detail?a=stsongs&year=2026&month=06&day=22
2026,stsongs,2026-06-17,71,イイじゃん,M!LK,https://www.billboard-japan.com/charts/detail?a=stsongs&year=2026&month=06&day=22
2026,stsongs,2026-06-17,72,恋,back number,https://www.billboard-japan.com/charts/detail?a=stsongs&year=2026&month=06&day=22
2026,stsongs,2026-06-17,73,Subtitle,Official髭男dism,https://www.billboard-japan.com/charts/detail?a=stsongs&year=2026&month=06&day=22
2026,stsongs,2026-06-17,74,IF I,TREASURE,https://www.billboard-japan.com/charts/detail?a=stsongs&year=2026&month=06&day=22
2026,stsongs,2026-06-17,75,きらり,藤井風,https://www.billboard-japan.com/charts/detail?a=stsongs&year=2026&month=06&day=22
2026,stsongs,2026-06-17,76,115万キロのフィルム,Official髭男dism,https://www.billboard-japan.com/charts/detail?a=stsongs&year=2026&month=06&day=22
2026,stsongs,2026-06-17,77,きゃわぽっぴんどぅー,iLiFE!,https://www.billboard-japan.com/charts/detail?a=stsongs&year=2026&month=06&day=22
2026,stsongs,2026-06-17,78,サクラ咲ケ,嵐,https://www.billboard-japan.com/charts/detail?a=stsongs&year=2026&month=06&day=22
2026,stsongs,2026-06-17,79,エルダーフラワー,Official髭男dism,https://www.billboard-japan.com/charts/detail?a=stsongs&year=2026&month=06&day=22
2026,stsongs,2026-06-17,80,シルエット,KANA-BOON,https://www.billboard-japan.com/charts/detail?a=stsongs&year=2026&month=06&day=22
2026,stsongs,2026-06-17,81,SUGAR HONEY ICE TEA,BABYMONSTER,https://www.billboard-japan.com/charts/detail?a=stsongs&year=2026&month=06&day=22
2026,stsongs,2026-06-17,82,CHOOM,BABYMONSTER,https://www.billboard-japan.com/charts/detail?a=stsongs&year=2026&month=06&day=22
2026,stsongs,2026-06-17,83,2.0,BTS,https://www.billboard-japan.com/charts/detail?a=stsongs&year=2026&month=06&day=22
2026,stsongs,2026-06-17,84,GOOD DAY,Mrs.GREEN APPLE,https://www.billboard-japan.com/charts/detail?a=stsongs&year=2026&month=06&day=22
2026,stsongs,2026-06-17,85,Never Grow Up,ちゃんみな,https://www.billboard-japan.com/charts/detail?a=stsongs&year=2026&month=06&day=22
2026,stsongs,2026-06-17,86,BPM feat. KREVA,Kvi Baba,https://www.billboard-japan.com/charts/detail?a=stsongs&year=2026&month=06&day=22
2026,stsongs,2026-06-17,87,キュートなキューたい,CUTIE STREET,https://www.billboard-japan.com/charts/detail?a=stsongs&year=2026&month=06&day=22
2026,stsongs,2026-06-17,88,Flower Cloud,SixTONES,https://www.billboard-japan.com/charts/detail?a=stsongs&year=2026&month=06&day=22
2026,stsongs,2026-06-17,89,Magic,Mrs.GREEN APPLE,https://www.billboard-japan.com/charts/detail?a=stsongs&year=2026&month=06&day=22
2026,stsongs,2026-06-17,90,怪盗,back number,https://www.billboard-japan.com/charts/detail?a=stsongs&year=2026&month=06&day=22
2026,stsongs,2026-06-17,91,メロ・コレクション,Lienel,https://www.billboard-japan.com/charts/detail?a=stsongs&year=2026&month=06&day=22
2026,stsongs,2026-06-17,92,Tiger,HANA,https://www.billboard-japan.com/charts/detail?a=stsongs&year=2026&month=06&day=22
2026,stsongs,2026-06-17,93,雪月花,ヤングスキニー,https://www.billboard-japan.com/charts/detail?a=stsongs&year=2026&month=06&day=22
2026,stsongs,2026-06-17,94,愛を伝えたいだとか,あいみょん,https://www.billboard-japan.com/charts/detail?a=stsongs&year=2026&month=06&day=22
2026,stsongs,2026-06-17,95,セレナーデ,なとり,https://www.billboard-japan.com/charts/detail?a=stsongs&year=2026&month=06&day=22
2026,stsongs,2026-06-17,96,幸せ,back number,https://www.billboard-japan.com/charts/detail?a=stsongs&year=2026&month=06&day=22
2026,stsongs,2026-06-17,97,NON STOP,HANA,https://www.billboard-japan.com/charts/detail?a=stsongs&year=2026&month=06&day=22
2026,stsongs,2026-06-17,98,火種,キタニタツヤ,https://www.billboard-japan.com/charts/detail?a=stsongs&year=2026&month=06&day=22
2026,stsongs,2026-06-17,99,ドライフラワー,優里,https://www.billboard-japan.com/charts/detail?a=stsongs&year=2026&month=06&day=22
2026,stsongs,2026-06-17,100,わたがし,back number,https://www.billboard-japan.com/charts/detail?a=stsongs&year=2026&month=06&day=22
2026,stsongs,2026-06-24,1,烏,米津玄師,https://www.billboard-japan.com/charts/detail?a=stsongs&year=2026&month=06&day=29
2026,stsongs,2026-06-24,2,夜の踊り子,サカナクション,https://www.billboard-japan.com/charts/detail?a=stsongs&year=2026&month=06&day=29
2026,stsongs,2026-06-24,3,IRIS OUT,米津玄師,https://www.billboard-japan.com/charts/detail?a=stsongs&year=2026&month=06&day=29
2026,stsongs,2026-06-24,4,好きすぎて滅!,M!LK,https://www.billboard-japan.com/charts/detail?a=stsongs&year=2026&month=06&day=29
2026,stsongs,2026-06-24,5,Five,嵐,https://www.billboard-japan.com/charts/detail?a=stsongs&year=2026&month=06&day=29
2026,stsongs,2026-06-24,6,ライラック,Mrs.GREEN APPLE,https://www.billboard-japan.com/charts/detail?a=stsongs&year=2026&month=06&day=29
2026,stsongs,2026-06-24,7,爆裂愛してる,M!LK,https://www.billboard-japan.com/charts/detail?a=stsongs&year=2026&month=06&day=29
2026,stsongs,2026-06-24,8,It's Me,ILLIT,https://www.billboard-japan.com/charts/detail?a=stsongs&year=2026&month=06&day=29
2026,stsongs,2026-06-24,9,Blue Jeans,HANA,https://www.billboard-japan.com/charts/detail?a=stsongs&year=2026&month=06&day=29
2026,stsongs,2026-06-24,10,lulu.,Mrs.GREEN APPLE,https://www.billboard-japan.com/charts/detail?a=stsongs&year=2026&month=06&day=29
2026,stsongs,2026-06-24,11,怪獣,サカナクション,https://www.billboard-japan.com/charts/detail?a=stsongs&year=2026&month=06&day=29
2026,stsongs,2026-06-24,12,高嶺の花子さん,back number,https://www.billboard-japan.com/charts/detail?a=stsongs&year=2026&month=06&day=29
2026,stsongs,2026-06-24,13,Love so sweet,嵐,https://www.billboard-japan.com/charts/detail?a=stsongs&year=2026&month=06&day=29
2026,stsongs,2026-06-24,14,花束,back number,https://www.billboard-japan.com/charts/detail?a=stsongs&year=2026&month=06&day=29
2026,stsongs,2026-06-24,15,点描の唄 feat.井上苑子,Mrs.GREEN APPLE,https://www.billboard-japan.com/charts/detail?a=stsongs&year=2026&month=06&day=29
2026,stsongs,2026-06-24,16,ダーリン,Mrs.GREEN APPLE,https://www.billboard-japan.com/charts/detail?a=stsongs&year=2026&month=06&day=29
2026,stsongs,2026-06-24,17,青と夏,Mrs.GREEN APPLE,https://www.billboard-japan.com/charts/detail?a=stsongs&year=2026&month=06&day=29
2026,stsongs,2026-06-24,18,Soranji,Mrs.GREEN APPLE,https://www.billboard-japan.com/charts/detail?a=stsongs&year=2026&month=06&day=29
2026,stsongs,2026-06-24,19,ROSE,HANA,https://www.billboard-japan.com/charts/detail?a=stsongs&year=2026&month=06&day=29
2026,stsongs,2026-06-24,20,アイドルパワー,M!LK,https://www.billboard-japan.com/charts/detail?a=stsongs&year=2026&month=06&day=29
2026,stsongs,2026-06-24,21,Happiness,嵐,https://www.billboard-japan.com/charts/detail?a=stsongs&year=2026&month=06&day=29
2026,stsongs,2026-06-24,22,ハッピーエンド,back number,https://www.billboard-japan.com/charts/detail?a=stsongs&year=2026&month=06&day=29
2026,stsongs,2026-06-24,23,AIZO,King Gnu,https://www.billboard-japan.com/charts/detail?a=stsongs&year=2026&month=06&day=29
2026,stsongs,2026-06-24,24,ブルーアンバー,back number,https://www.billboard-japan.com/charts/detail?a=stsongs&year=2026&month=06&day=29
2026,stsongs,2026-06-24,25,ケセラセラ,Mrs.GREEN APPLE,https://www.billboard-japan.com/charts/detail?a=stsongs&year=2026&month=06&day=29
2026,stsongs,2026-06-24,26,革命道中,アイナ・ジ・エンド,https://www.billboard-japan.com/charts/detail?a=stsongs&year=2026&month=06&day=29
2026,stsongs,2026-06-24,27,水平線,back number,https://www.billboard-japan.com/charts/detail?a=stsongs&year=2026&month=06&day=29
2026,stsongs,2026-06-24,28,One Love,嵐,https://www.billboard-japan.com/charts/detail?a=stsongs&year=2026&month=06&day=29
2026,stsongs,2026-06-24,29,Lonesome rabbit,櫻坂46,https://www.billboard-japan.com/charts/detail?a=stsongs&year=2026&month=06&day=29
2026,stsongs,2026-06-24,30,是非に及ばず,乃木坂46,https://www.billboard-japan.com/charts/detail?a=stsongs&year=2026&month=06&day=29
2026,stsongs,2026-06-24,31,Monster,嵐,https://www.billboard-japan.com/charts/detail?a=stsongs&year=2026&month=06&day=29
2026,stsongs,2026-06-24,32,僕のこと,Mrs.GREEN APPLE,https://www.billboard-japan.com/charts/detail?a=stsongs&year=2026&month=06&day=29
2026,stsongs,2026-06-24,33,3XL,Number_i,https://www.billboard-japan.com/charts/detail?a=stsongs&year=2026&month=06&day=29
2026,stsongs,2026-06-24,34,HAPPY BIRTHDAY,back number,https://www.billboard-japan.com/charts/detail?a=stsongs&year=2026&month=06&day=29
2026,stsongs,2026-06-24,35,Golden,HUNTR/X,https://www.billboard-japan.com/charts/detail?a=stsongs&year=2026&month=06&day=29
2026,stsongs,2026-06-24,36,風と町,Mrs.GREEN APPLE,https://www.billboard-japan.com/charts/detail?a=stsongs&year=2026&month=06&day=29
2026,stsongs,2026-06-24,37,A・RA・SHI,嵐,https://www.billboard-japan.com/charts/detail?a=stsongs&year=2026&month=06&day=29
2026,stsongs,2026-06-24,38,クスシキ,Mrs.GREEN APPLE,https://www.billboard-japan.com/charts/detail?a=stsongs&year=2026&month=06&day=29
2026,stsongs,2026-06-24,39,怪獣の花唄,Vaundy,https://www.billboard-japan.com/charts/detail?a=stsongs&year=2026&month=06&day=29
2026,stsongs,2026-06-24,40,JANE DOE,"米津玄師, 宇多田ヒカル",https://www.billboard-japan.com/charts/detail?a=stsongs&year=2026&month=06&day=29
2026,stsongs,2026-06-24,41,とくべチュ、して,=LOVE,https://www.billboard-japan.com/charts/detail?a=stsongs&year=2026&month=06&day=29
2026,stsongs,2026-06-24,42,ヒロイン,back number,https://www.billboard-japan.com/charts/detail?a=stsongs&year=2026&month=06&day=29
2026,stsongs,2026-06-24,43,マリーゴールド,あいみょん,https://www.billboard-japan.com/charts/detail?a=stsongs&year=2026&month=06&day=29
2026,stsongs,2026-06-24,44,LEMONADE,aespa,https://www.billboard-japan.com/charts/detail?a=stsongs&year=2026&month=06&day=29
2026,stsongs,2026-06-24,45,夢中,BE:FIRST,https://www.billboard-japan.com/charts/detail?a=stsongs&year=2026&month=06&day=29
2026,stsongs,2026-06-24,46,プン☆ジェラ,ICEx,https://www.billboard-japan.com/charts/detail?a=stsongs&year=2026&month=06&day=29
2026,stsongs,2026-06-24,47,GUTS!,嵐,https://www.billboard-japan.com/charts/detail?a=stsongs&year=2026&month=06&day=29
2026,stsongs,2026-06-24,48,君の恋人になったら,back number,https://www.billboard-japan.com/charts/detail?a=stsongs&year=2026&month=06&day=29
2026,stsongs,2026-06-24,49,Come Over,BTS,https://www.billboard-japan.com/charts/detail?a=stsongs&year=2026&month=06&day=29
2026,stsongs,2026-06-24,50,Troublemaker,嵐,https://www.billboard-japan.com/charts/detail?a=stsongs&year=2026&month=06&day=29
2026,stsongs,2026-06-24,51,新宝島,サカナクション,https://www.billboard-japan.com/charts/detail?a=stsongs&year=2026&month=06&day=29
2026,stsongs,2026-06-24,52,SWIM,BTS,https://www.billboard-japan.com/charts/detail?a=stsongs&year=2026&month=06&day=29
2026,stsongs,2026-06-24,53,ダンスホール,Mrs.GREEN APPLE,https://www.billboard-japan.com/charts/detail?a=stsongs&year=2026&month=06&day=29
2026,stsongs,2026-06-24,54,インフェルノ,Mrs.GREEN APPLE,https://www.billboard-japan.com/charts/detail?a=stsongs&year=2026&month=06&day=29
2026,stsongs,2026-06-24,55,Lemon,米津玄師,https://www.billboard-japan.com/charts/detail?a=stsongs&year=2026&month=06&day=29
2026,stsongs,2026-06-24,56,真・運命 (曽野舜太&山中柔太朗),M!LK,https://www.billboard-japan.com/charts/detail?a=stsongs&year=2026&month=06&day=29
2026,stsongs,2026-06-24,57,きらり,藤井風,https://www.billboard-japan.com/charts/detail?a=stsongs&year=2026&month=06&day=29
2026,stsongs,2026-06-24,58,Pretender,Official髭男dism,https://www.billboard-japan.com/charts/detail?a=stsongs&year=2026&month=06&day=29
2026,stsongs,2026-06-24,59,どうしてもどうしても,back number,https://www.billboard-japan.com/charts/detail?a=stsongs&year=2026&month=06&day=29
2026,stsongs,2026-06-24,60,SAD SONG,ちゃんみな,https://www.billboard-japan.com/charts/detail?a=stsongs&year=2026&month=06&day=29
2026,stsongs,2026-06-24,61,愛をこめて花束を,Superfly,https://www.billboard-japan.com/charts/detail?a=stsongs&year=2026&month=06&day=29
2026,stsongs,2026-06-24,62,感謝カンゲキ雨嵐,嵐,https://www.billboard-japan.com/charts/detail?a=stsongs&year=2026&month=06&day=29
2026,stsongs,2026-06-24,63,幾億光年,Omoinotake,https://www.billboard-japan.com/charts/detail?a=stsongs&year=2026&month=06&day=29
2026,stsongs,2026-06-24,64,今夜はビート・イット,マイケル・ジャクソン,https://www.billboard-japan.com/charts/detail?a=stsongs&year=2026&month=06&day=29
2026,stsongs,2026-06-24,65,幸せ,back number,https://www.billboard-japan.com/charts/detail?a=stsongs&year=2026&month=06&day=29
2026,stsongs,2026-06-24,66,恋,back number,https://www.billboard-japan.com/charts/detail?a=stsongs&year=2026&month=06&day=29
2026,stsongs,2026-06-24,67,Bad Girl,HANA,https://www.billboard-japan.com/charts/detail?a=stsongs&year=2026&month=06&day=29
2026,stsongs,2026-06-24,68,キュートなキューたい,CUTIE STREET,https://www.billboard-japan.com/charts/detail?a=stsongs&year=2026&month=06&day=29
2026,stsongs,2026-06-24,69,イイじゃん,M!LK,https://www.billboard-japan.com/charts/detail?a=stsongs&year=2026&month=06&day=29
2026,stsongs,2026-06-24,70,カリスマックス,Snow Man,https://www.billboard-japan.com/charts/detail?a=stsongs&year=2026&month=06&day=29
2026,stsongs,2026-06-24,71,ハレンチ,ちゃんみな,https://www.billboard-japan.com/charts/detail?a=stsongs&year=2026&month=06&day=29
2026,stsongs,2026-06-24,72,カイト,嵐,https://www.billboard-japan.com/charts/detail?a=stsongs&year=2026&month=06&day=29
2026,stsongs,2026-06-24,73,ビリー・ジーン,マイケル・ジャクソン,https://www.billboard-japan.com/charts/detail?a=stsongs&year=2026&month=06&day=29
2026,stsongs,2026-06-24,74,飛ぶ時,Vaundy,https://www.billboard-japan.com/charts/detail?a=stsongs&year=2026&month=06&day=29
2026,stsongs,2026-06-24,75,115万キロのフィルム,Official髭男dism,https://www.billboard-japan.com/charts/detail?a=stsongs&year=2026&month=06&day=29
2026,stsongs,2026-06-24,76,Subtitle,Official髭男dism,https://www.billboard-japan.com/charts/detail?a=stsongs&year=2026&month=06&day=29
2026,stsongs,2026-06-24,77,オールドファッション,back number,https://www.billboard-japan.com/charts/detail?a=stsongs&year=2026&month=06&day=29
2026,stsongs,2026-06-24,78,愛を伝えたいだとか,あいみょん,https://www.billboard-japan.com/charts/detail?a=stsongs&year=2026&month=06&day=29
2026,stsongs,2026-06-24,79,スターダスト,Official髭男dism,https://www.billboard-japan.com/charts/detail?a=stsongs&year=2026&month=06&day=29
2026,stsongs,2026-06-24,80,ICONIC BY MISTAKE,"LE SSERAFIM,ILLIT,KATSEYE",https://www.billboard-japan.com/charts/detail?a=stsongs&year=2026&month=06&day=29
2026,stsongs,2026-06-24,81,シルエット,KANA-BOON,https://www.billboard-japan.com/charts/detail?a=stsongs&year=2026&month=06&day=29
2026,stsongs,2026-06-24,82,君はロックを聴かない,あいみょん,https://www.billboard-japan.com/charts/detail?a=stsongs&year=2026&month=06&day=29
2026,stsongs,2026-06-24,83,NON STOP,HANA,https://www.billboard-japan.com/charts/detail?a=stsongs&year=2026&month=06&day=29
2026,stsongs,2026-06-24,84,満ちてゆく,藤井風,https://www.billboard-japan.com/charts/detail?a=stsongs&year=2026&month=06&day=29
2026,stsongs,2026-06-24,85,GOOD DAY,Mrs.GREEN APPLE,https://www.billboard-japan.com/charts/detail?a=stsongs&year=2026&month=06&day=29
2026,stsongs,2026-06-24,86,Tiger,HANA,https://www.billboard-japan.com/charts/detail?a=stsongs&year=2026&month=06&day=29
2026,stsongs,2026-06-24,87,truth,嵐,https://www.billboard-japan.com/charts/detail?a=stsongs&year=2026&month=06&day=29
2026,stsongs,2026-06-24,88,Never Grow Up,ちゃんみな,https://www.billboard-japan.com/charts/detail?a=stsongs&year=2026&month=06&day=29
2026,stsongs,2026-06-24,89,マイガール,嵐,https://www.billboard-japan.com/charts/detail?a=stsongs&year=2026&month=06&day=29
2026,stsongs,2026-06-24,90,ワイルド アット ハート,嵐,https://www.billboard-japan.com/charts/detail?a=stsongs&year=2026&month=06&day=29
2026,stsongs,2026-06-24,91,Magic,Mrs.GREEN APPLE,https://www.billboard-japan.com/charts/detail?a=stsongs&year=2026&month=06&day=29
2026,stsongs,2026-06-24,92,エルダーフラワー,Official髭男dism,https://www.billboard-japan.com/charts/detail?a=stsongs&year=2026&month=06&day=29
2026,stsongs,2026-06-24,93,SUGAR HONEY ICE TEA,BABYMONSTER,https://www.billboard-japan.com/charts/detail?a=stsongs&year=2026&month=06&day=29
2026,stsongs,2026-06-24,94,2.0,BTS,https://www.billboard-japan.com/charts/detail?a=stsongs&year=2026&month=06&day=29
2026,stsongs,2026-06-24,95,怪盗,back number,https://www.billboard-japan.com/charts/detail?a=stsongs&year=2026&month=06&day=29
2026,stsongs,2026-06-24,96,シェイプ・オブ・ユー,エド・シーラン,https://www.billboard-japan.com/charts/detail?a=stsongs&year=2026&month=06&day=29
2026,stsongs,2026-06-24,97,きゃわぽっぴんどぅー,iLiFE!,https://www.billboard-japan.com/charts/detail?a=stsongs&year=2026&month=06&day=29
2026,stsongs,2026-06-24,98,ドライフラワー,優里,https://www.billboard-japan.com/charts/detail?a=stsongs&year=2026&month=06&day=29
2026,stsongs,2026-06-24,99,CHOOM,BABYMONSTER,https://www.billboard-japan.com/charts/detail?a=stsongs&year=2026&month=06&day=29
2026,stsongs,2026-06-24,100,メロ・コレクション,Lienel,https://www.billboard-japan.com/charts/detail?a=stsongs&year=2026&month=06&day=29
2026,stsongs,2026-07-01,1,烏,米津玄師,https://www.billboard-japan.com/charts/detail?a=stsongs&year=2026&month=07&day=06
2026,stsongs,2026-07-01,2,夜の踊り子,サカナクション,https://www.billboard-japan.com/charts/detail?a=stsongs&year=2026&month=07&day=06
2026,stsongs,2026-07-01,3,IRIS OUT,米津玄師,https://www.billboard-japan.com/charts/detail?a=stsongs&year=2026&month=07&day=06
2026,stsongs,2026-07-01,4,好きすぎて滅!,M!LK,https://www.billboard-japan.com/charts/detail?a=stsongs&year=2026&month=07&day=06
2026,stsongs,2026-07-01,5,ライラック,Mrs.GREEN APPLE,https://www.billboard-japan.com/charts/detail?a=stsongs&year=2026&month=07&day=06
2026,stsongs,2026-07-01,6,爆裂愛してる,M!LK,https://www.billboard-japan.com/charts/detail?a=stsongs&year=2026&month=07&day=06
2026,stsongs,2026-07-01,7,It's Me,ILLIT,https://www.billboard-japan.com/charts/detail?a=stsongs&year=2026&month=07&day=06
2026,stsongs,2026-07-01,8,Five,嵐,https://www.billboard-japan.com/charts/detail?a=stsongs&year=2026&month=07&day=06
2026,stsongs,2026-07-01,9,lulu.,Mrs.GREEN APPLE,https://www.billboard-japan.com/charts/detail?a=stsongs&year=2026&month=07&day=06
2026,stsongs,2026-07-01,10,花束,back number,https://www.billboard-japan.com/charts/detail?a=stsongs&year=2026&month=07&day=06
2026,stsongs,2026-07-01,11,高嶺の花子さん,back number,https://www.billboard-japan.com/charts/detail?a=stsongs&year=2026&month=07&day=06
2026,stsongs,2026-07-01,12,怪獣,サカナクション,https://www.billboard-japan.com/charts/detail?a=stsongs&year=2026&month=07&day=06
2026,stsongs,2026-07-01,13,Blue Jeans,HANA,https://www.billboard-japan.com/charts/detail?a=stsongs&year=2026&month=07&day=06
2026,stsongs,2026-07-01,14,点描の唄 feat.井上苑子,Mrs.GREEN APPLE,https://www.billboard-japan.com/charts/detail?a=stsongs&year=2026&month=07&day=06
2026,stsongs,2026-07-01,15,So Strawberry,MAZZEL,https://www.billboard-japan.com/charts/detail?a=stsongs&year=2026&month=07&day=06
2026,stsongs,2026-07-01,16,ダーリン,Mrs.GREEN APPLE,https://www.billboard-japan.com/charts/detail?a=stsongs&year=2026&month=07&day=06
2026,stsongs,2026-07-01,17,ハッピーエンド,back number,https://www.billboard-japan.com/charts/detail?a=stsongs&year=2026&month=07&day=06
2026,stsongs,2026-07-01,18,青と夏,Mrs.GREEN APPLE,https://www.billboard-japan.com/charts/detail?a=stsongs&year=2026&month=07&day=06
2026,stsongs,2026-07-01,19,Soranji,Mrs.GREEN APPLE,https://www.billboard-japan.com/charts/detail?a=stsongs&year=2026&month=07&day=06
2026,stsongs,2026-07-01,20,ブルーアンバー,back number,https://www.billboard-japan.com/charts/detail?a=stsongs&year=2026&month=07&day=06
2026,stsongs,2026-07-01,21,ROSE,HANA,https://www.billboard-japan.com/charts/detail?a=stsongs&year=2026&month=07&day=06
2026,stsongs,2026-07-01,22,アイドルパワー,M!LK,https://www.billboard-japan.com/charts/detail?a=stsongs&year=2026&month=07&day=06
2026,stsongs,2026-07-01,23,AIZO,King Gnu,https://www.billboard-japan.com/charts/detail?a=stsongs&year=2026&month=07&day=06
2026,stsongs,2026-07-01,24,水平線,back number,https://www.billboard-japan.com/charts/detail?a=stsongs&year=2026&month=07&day=06
2026,stsongs,2026-07-01,25,Love so sweet,嵐,https://www.billboard-japan.com/charts/detail?a=stsongs&year=2026&month=07&day=06
2026,stsongs,2026-07-01,26,とくべチュ、して,=LOVE,https://www.billboard-japan.com/charts/detail?a=stsongs&year=2026&month=07&day=06
2026,stsongs,2026-07-01,27,ケセラセラ,Mrs.GREEN APPLE,https://www.billboard-japan.com/charts/detail?a=stsongs&year=2026&month=07&day=06
2026,stsongs,2026-07-01,28,革命道中,アイナ・ジ・エンド,https://www.billboard-japan.com/charts/detail?a=stsongs&year=2026&month=07&day=06
2026,stsongs,2026-07-01,29,是非に及ばず,乃木坂46,https://www.billboard-japan.com/charts/detail?a=stsongs&year=2026&month=07&day=06
2026,stsongs,2026-07-01,30,BOY MEETS GIRL,NCT WISH,https://www.billboard-japan.com/charts/detail?a=stsongs&year=2026&month=07&day=06
2026,stsongs,2026-07-01,31,僕のこと,Mrs.GREEN APPLE,https://www.billboard-japan.com/charts/detail?a=stsongs&year=2026&month=07&day=06
2026,stsongs,2026-07-01,32,Happiness,嵐,https://www.billboard-japan.com/charts/detail?a=stsongs&year=2026&month=07&day=06
2026,stsongs,2026-07-01,33,HAPPY BIRTHDAY,back number,https://www.billboard-japan.com/charts/detail?a=stsongs&year=2026&month=07&day=06
2026,stsongs,2026-07-01,34,キミは都市伝説,BUDDiiS,https://www.billboard-japan.com/charts/detail?a=stsongs&year=2026&month=07&day=06
2026,stsongs,2026-07-01,35,3XL,Number_i,https://www.billboard-japan.com/charts/detail?a=stsongs&year=2026&month=07&day=06
2026,stsongs,2026-07-01,36,ヒロイン,back number,https://www.billboard-japan.com/charts/detail?a=stsongs&year=2026&month=07&day=06
2026,stsongs,2026-07-01,37,One Love,嵐,https://www.billboard-japan.com/charts/detail?a=stsongs&year=2026&month=07&day=06
2026,stsongs,2026-07-01,38,Dance Forever,SixTONES,https://www.billboard-japan.com/charts/detail?a=stsongs&year=2026&month=07&day=06
2026,stsongs,2026-07-01,39,風と町,Mrs.GREEN APPLE,https://www.billboard-japan.com/charts/detail?a=stsongs&year=2026&month=07&day=06
2026,stsongs,2026-07-01,40,怪獣の花唄,Vaundy,https://www.billboard-japan.com/charts/detail?a=stsongs&year=2026&month=07&day=06
2026,stsongs,2026-07-01,41,マリーゴールド,あいみょん,https://www.billboard-japan.com/charts/detail?a=stsongs&year=2026&month=07&day=06
2026,stsongs,2026-07-01,42,JANE DOE,"米津玄師, 宇多田ヒカル",https://www.billboard-japan.com/charts/detail?a=stsongs&year=2026&month=07&day=06
2026,stsongs,2026-07-01,43,Golden,HUNTR/X,https://www.billboard-japan.com/charts/detail?a=stsongs&year=2026&month=07&day=06
2026,stsongs,2026-07-01,44,クスシキ,Mrs.GREEN APPLE,https://www.billboard-japan.com/charts/detail?a=stsongs&year=2026&month=07&day=06
2026,stsongs,2026-07-01,45,夢中,BE:FIRST,https://www.billboard-japan.com/charts/detail?a=stsongs&year=2026&month=07&day=06
2026,stsongs,2026-07-01,46,君の恋人になったら,back number,https://www.billboard-japan.com/charts/detail?a=stsongs&year=2026&month=07&day=06
2026,stsongs,2026-07-01,47,LEMONADE,aespa,https://www.billboard-japan.com/charts/detail?a=stsongs&year=2026&month=07&day=06
2026,stsongs,2026-07-01,48,今夜はビート・イット,マイケル・ジャクソン,https://www.billboard-japan.com/charts/detail?a=stsongs&year=2026&month=07&day=06
2026,stsongs,2026-07-01,49,新宝島,サカナクション,https://www.billboard-japan.com/charts/detail?a=stsongs&year=2026&month=07&day=06
2026,stsongs,2026-07-01,50,幸せ,back number,https://www.billboard-japan.com/charts/detail?a=stsongs&year=2026&month=07&day=06
2026,stsongs,2026-07-01,51,Lemon,米津玄師,https://www.billboard-japan.com/charts/detail?a=stsongs&year=2026&month=07&day=06
2026,stsongs,2026-07-01,52,Monster,嵐,https://www.billboard-japan.com/charts/detail?a=stsongs&year=2026&month=07&day=06
2026,stsongs,2026-07-01,53,インフェルノ,Mrs.GREEN APPLE,https://www.billboard-japan.com/charts/detail?a=stsongs&year=2026&month=07&day=06
2026,stsongs,2026-07-01,54,Pretender,Official髭男dism,https://www.billboard-japan.com/charts/detail?a=stsongs&year=2026&month=07&day=06
2026,stsongs,2026-07-01,55,ダンスホール,Mrs.GREEN APPLE,https://www.billboard-japan.com/charts/detail?a=stsongs&year=2026&month=07&day=06
2026,stsongs,2026-07-01,56,ビリー・ジーン,マイケル・ジャクソン,https://www.billboard-japan.com/charts/detail?a=stsongs&year=2026&month=07&day=06
2026,stsongs,2026-07-01,57,きらり,藤井風,https://www.billboard-japan.com/charts/detail?a=stsongs&year=2026&month=07&day=06
2026,stsongs,2026-07-01,58,愛をこめて花束を,Superfly,https://www.billboard-japan.com/charts/detail?a=stsongs&year=2026&month=07&day=06
2026,stsongs,2026-07-01,59,どうしてもどうしても,back number,https://www.billboard-japan.com/charts/detail?a=stsongs&year=2026&month=07&day=06
2026,stsongs,2026-07-01,60,RUN IT,Stray Kids,https://www.billboard-japan.com/charts/detail?a=stsongs&year=2026&month=07&day=06
2026,stsongs,2026-07-01,61,SAD SONG,ちゃんみな,https://www.billboard-japan.com/charts/detail?a=stsongs&year=2026&month=07&day=06
2026,stsongs,2026-07-01,62,SWIM,BTS,https://www.billboard-japan.com/charts/detail?a=stsongs&year=2026&month=07&day=06
2026,stsongs,2026-07-01,63,恋,back number,https://www.billboard-japan.com/charts/detail?a=stsongs&year=2026&month=07&day=06
2026,stsongs,2026-07-01,64,幾億光年,Omoinotake,https://www.billboard-japan.com/charts/detail?a=stsongs&year=2026&month=07&day=06
2026,stsongs,2026-07-01,65,真・運命 (曽野舜太&山中柔太朗),M!LK,https://www.billboard-japan.com/charts/detail?a=stsongs&year=2026&month=07&day=06
2026,stsongs,2026-07-01,66,恋人ごっこ,マカロニえんぴつ,https://www.billboard-japan.com/charts/detail?a=stsongs&year=2026&month=07&day=06
2026,stsongs,2026-07-01,67,劇薬中毒,=LOVE,https://www.billboard-japan.com/charts/detail?a=stsongs&year=2026&month=07&day=06
2026,stsongs,2026-07-01,68,115万キロのフィルム,Official髭男dism,https://www.billboard-japan.com/charts/detail?a=stsongs&year=2026&month=07&day=06
2026,stsongs,2026-07-01,69,プン☆ジェラ,ICEx,https://www.billboard-japan.com/charts/detail?a=stsongs&year=2026&month=07&day=06
2026,stsongs,2026-07-01,70,Subtitle,Official髭男dism,https://www.billboard-japan.com/charts/detail?a=stsongs&year=2026&month=07&day=06
2026,stsongs,2026-07-01,71,A・RA・SHI,嵐,https://www.billboard-japan.com/charts/detail?a=stsongs&year=2026&month=07&day=06
2026,stsongs,2026-07-01,72,ハレンチ,ちゃんみな,https://www.billboard-japan.com/charts/detail?a=stsongs&year=2026&month=07&day=06
2026,stsongs,2026-07-01,73,君はロックを聴かない,あいみょん,https://www.billboard-japan.com/charts/detail?a=stsongs&year=2026&month=07&day=06
2026,stsongs,2026-07-01,74,キュートなキューたい,CUTIE STREET,https://www.billboard-japan.com/charts/detail?a=stsongs&year=2026&month=07&day=06
2026,stsongs,2026-07-01,75,ラブソングに襲われる,=LOVE,https://www.billboard-japan.com/charts/detail?a=stsongs&year=2026&month=07&day=06
2026,stsongs,2026-07-01,76,カリスマックス,Snow Man,https://www.billboard-japan.com/charts/detail?a=stsongs&year=2026&month=07&day=06
2026,stsongs,2026-07-01,77,オールドファッション,back number,https://www.billboard-japan.com/charts/detail?a=stsongs&year=2026&month=07&day=06
2026,stsongs,2026-07-01,78,愛を伝えたいだとか,あいみょん,https://www.billboard-japan.com/charts/detail?a=stsongs&year=2026&month=07&day=06
2026,stsongs,2026-07-01,79,イイじゃん,M!LK,https://www.billboard-japan.com/charts/detail?a=stsongs&year=2026&month=07&day=06
2026,stsongs,2026-07-01,80,シルエット,KANA-BOON,https://www.billboard-japan.com/charts/detail?a=stsongs&year=2026&month=07&day=06
2026,stsongs,2026-07-01,81,Bad Girl,HANA,https://www.billboard-japan.com/charts/detail?a=stsongs&year=2026&month=07&day=06
2026,stsongs,2026-07-01,82,お姫様の作り方,=LOVE,https://www.billboard-japan.com/charts/detail?a=stsongs&year=2026&month=07&day=06
2026,stsongs,2026-07-01,83,飛ぶ時,Vaundy,https://www.billboard-japan.com/charts/detail?a=stsongs&year=2026&month=07&day=06
2026,stsongs,2026-07-01,84,GG EZ,M.Sasuke,https://www.billboard-japan.com/charts/detail?a=stsongs&year=2026&month=07&day=06
2026,stsongs,2026-07-01,85,満ちてゆく,藤井風,https://www.billboard-japan.com/charts/detail?a=stsongs&year=2026&month=07&day=06
2026,stsongs,2026-07-01,86,Magic,Mrs.GREEN APPLE,https://www.billboard-japan.com/charts/detail?a=stsongs&year=2026&month=07&day=06
2026,stsongs,2026-07-01,87,怪盗,back number,https://www.billboard-japan.com/charts/detail?a=stsongs&year=2026&month=07&day=06
2026,stsongs,2026-07-01,88,Never Grow Up,ちゃんみな,https://www.billboard-japan.com/charts/detail?a=stsongs&year=2026&month=07&day=06
2026,stsongs,2026-07-01,89,GOOD DAY,Mrs.GREEN APPLE,https://www.billboard-japan.com/charts/detail?a=stsongs&year=2026&month=07&day=06
2026,stsongs,2026-07-01,90,シェイプ・オブ・ユー,エド・シーラン,https://www.billboard-japan.com/charts/detail?a=stsongs&year=2026&month=07&day=06
2026,stsongs,2026-07-01,91,GUTS!,嵐,https://www.billboard-japan.com/charts/detail?a=stsongs&year=2026&month=07&day=06
2026,stsongs,2026-07-01,92,わたがし,back number,https://www.billboard-japan.com/charts/detail?a=stsongs&year=2026&month=07&day=06
2026,stsongs,2026-07-01,93,ドライフラワー,優里,https://www.billboard-japan.com/charts/detail?a=stsongs&year=2026&month=07&day=06
2026,stsongs,2026-07-01,94,スターダスト,Official髭男dism,https://www.billboard-japan.com/charts/detail?a=stsongs&year=2026&month=07&day=06
2026,stsongs,2026-07-01,95,Tiger,HANA,https://www.billboard-japan.com/charts/detail?a=stsongs&year=2026&month=07&day=06
2026,stsongs,2026-07-01,96,君が眩しいから僕は星が見えない,SIX LOUNGE,https://www.billboard-japan.com/charts/detail?a=stsongs&year=2026&month=07&day=06
2026,stsongs,2026-07-01,97,NON STOP,HANA,https://www.billboard-japan.com/charts/detail?a=stsongs&year=2026&month=07&day=06
2026,stsongs,2026-07-01,98,Wherever you are,ONE OK ROCK,https://www.billboard-japan.com/charts/detail?a=stsongs&year=2026&month=07&day=06
2026,stsongs,2026-07-01,99,エルダーフラワー,Official髭男dism,https://www.billboard-japan.com/charts/detail?a=stsongs&year=2026&month=07&day=06
2026,stsongs,2026-07-01,100,me me she,RADWIMPS,https://www.billboard-japan.com/charts/detail?a=stsongs&year=2026&month=07&day=06
2026,stsongs,2026-07-08,1,Missing,BE:FIRST,https://www.billboard-japan.com/charts/detail?a=stsongs&year=2026&month=07&day=13
2026,stsongs,2026-07-08,2,烏,米津玄師,https://www.billboard-japan.com/charts/detail?a=stsongs&year=2026&month=07&day=13
2026,stsongs,2026-07-08,3,夜の踊り子,サカナクション,https://www.billboard-japan.com/charts/detail?a=stsongs&year=2026&month=07&day=13
2026,stsongs,2026-07-08,4,好きすぎて滅!,M!LK,https://www.billboard-japan.com/charts/detail?a=stsongs&year=2026&month=07&day=13
2026,stsongs,2026-07-08,5,IRIS OUT,米津玄師,https://www.billboard-japan.com/charts/detail?a=stsongs&year=2026&month=07&day=13
2026,stsongs,2026-07-08,6,It's Me,ILLIT,https://www.billboard-japan.com/charts/detail?a=stsongs&year=2026&month=07&day=13
2026,stsongs,2026-07-08,7,ライラック,Mrs.GREEN APPLE,https://www.billboard-japan.com/charts/detail?a=stsongs&year=2026&month=07&day=13
2026,stsongs,2026-07-08,8,爆裂愛してる,M!LK,https://www.billboard-japan.com/charts/detail?a=stsongs&year=2026&month=07&day=13
2026,stsongs,2026-07-08,9,Five,嵐,https://www.billboard-japan.com/charts/detail?a=stsongs&year=2026&month=07&day=13
2026,stsongs,2026-07-08,10,"Yes! 東京 (feat. 超特急,M!LK,SUPER★DRAGON,Sakurashimeji,ONE N' ONLY,原因は自分にある。,BUDDiiS,ICEx,Lienel)",EBiDAN,https://www.billboard-japan.com/charts/detail?a=stsongs&year=2026&month=07&day=13
2026,stsongs,2026-07-08,11,高嶺の花子さん,back number,https://www.billboard-japan.com/charts/detail?a=stsongs&year=2026&month=07&day=13
2026,stsongs,2026-07-08,12,lulu.,Mrs.GREEN APPLE,https://www.billboard-japan.com/charts/detail?a=stsongs&year=2026&month=07&day=13
2026,stsongs,2026-07-08,13,花束,back number,https://www.billboard-japan.com/charts/detail?a=stsongs&year=2026&month=07&day=13
2026,stsongs,2026-07-08,14,Blue Jeans,HANA,https://www.billboard-japan.com/charts/detail?a=stsongs&year=2026&month=07&day=13
2026,stsongs,2026-07-08,15,点描の唄 feat.井上苑子,Mrs.GREEN APPLE,https://www.billboard-japan.com/charts/detail?a=stsongs&year=2026&month=07&day=13
2026,stsongs,2026-07-08,16,ブルーアンバー,back number,https://www.billboard-japan.com/charts/detail?a=stsongs&year=2026&month=07&day=13
2026,stsongs,2026-07-08,17,青と夏,Mrs.GREEN APPLE,https://www.billboard-japan.com/charts/detail?a=stsongs&year=2026&month=07&day=13
2026,stsongs,2026-07-08,18,怪獣,サカナクション,https://www.billboard-japan.com/charts/detail?a=stsongs&year=2026&month=07&day=13
2026,stsongs,2026-07-08,19,ダーリン,Mrs.GREEN APPLE,https://www.billboard-japan.com/charts/detail?a=stsongs&year=2026&month=07&day=13
2026,stsongs,2026-07-08,20,ハッピーエンド,back number,https://www.billboard-japan.com/charts/detail?a=stsongs&year=2026&month=07&day=13
2026,stsongs,2026-07-08,21,Soranji,Mrs.GREEN APPLE,https://www.billboard-japan.com/charts/detail?a=stsongs&year=2026&month=07&day=13
2026,stsongs,2026-07-08,22,水平線,back number,https://www.billboard-japan.com/charts/detail?a=stsongs&year=2026&month=07&day=13
2026,stsongs,2026-07-08,23,AIZO,King Gnu,https://www.billboard-japan.com/charts/detail?a=stsongs&year=2026&month=07&day=13
2026,stsongs,2026-07-08,24,ROSE,HANA,https://www.billboard-japan.com/charts/detail?a=stsongs&year=2026&month=07&day=13
2026,stsongs,2026-07-08,25,ケセラセラ,Mrs.GREEN APPLE,https://www.billboard-japan.com/charts/detail?a=stsongs&year=2026&month=07&day=13
2026,stsongs,2026-07-08,26,アイドルパワー,M!LK,https://www.billboard-japan.com/charts/detail?a=stsongs&year=2026&month=07&day=13
2026,stsongs,2026-07-08,27,とくべチュ、して,=LOVE,https://www.billboard-japan.com/charts/detail?a=stsongs&year=2026&month=07&day=13
2026,stsongs,2026-07-08,28,革命道中,アイナ・ジ・エンド,https://www.billboard-japan.com/charts/detail?a=stsongs&year=2026&month=07&day=13
2026,stsongs,2026-07-08,29,GG EZ,M.Sasuke,https://www.billboard-japan.com/charts/detail?a=stsongs&year=2026&month=07&day=13
2026,stsongs,2026-07-08,30,僕のこと,Mrs.GREEN APPLE,https://www.billboard-japan.com/charts/detail?a=stsongs&year=2026&month=07&day=13
2026,stsongs,2026-07-08,31,Love so sweet,嵐,https://www.billboard-japan.com/charts/detail?a=stsongs&year=2026&month=07&day=13
2026,stsongs,2026-07-08,32,夢中,BE:FIRST,https://www.billboard-japan.com/charts/detail?a=stsongs&year=2026&month=07&day=13
2026,stsongs,2026-07-08,33,HAPPY BIRTHDAY,back number,https://www.billboard-japan.com/charts/detail?a=stsongs&year=2026&month=07&day=13
2026,stsongs,2026-07-08,34,是非に及ばず,乃木坂46,https://www.billboard-japan.com/charts/detail?a=stsongs&year=2026&month=07&day=13
2026,stsongs,2026-07-08,35,ヒロイン,back number,https://www.billboard-japan.com/charts/detail?a=stsongs&year=2026&month=07&day=13
2026,stsongs,2026-07-08,36,マリーゴールド,あいみょん,https://www.billboard-japan.com/charts/detail?a=stsongs&year=2026&month=07&day=13
2026,stsongs,2026-07-08,37,3XL,Number_i,https://www.billboard-japan.com/charts/detail?a=stsongs&year=2026&month=07&day=13
2026,stsongs,2026-07-08,38,So Strawberry,MAZZEL,https://www.billboard-japan.com/charts/detail?a=stsongs&year=2026&month=07&day=13
2026,stsongs,2026-07-08,39,キミは都市伝説,BUDDiiS,https://www.billboard-japan.com/charts/detail?a=stsongs&year=2026&month=07&day=13
2026,stsongs,2026-07-08,40,怪獣の花唄,Vaundy,https://www.billboard-japan.com/charts/detail?a=stsongs&year=2026&month=07&day=13
2026,stsongs,2026-07-08,41,風と町,Mrs.GREEN APPLE,https://www.billboard-japan.com/charts/detail?a=stsongs&year=2026&month=07&day=13
2026,stsongs,2026-07-08,42,Golden,HUNTR/X,https://www.billboard-japan.com/charts/detail?a=stsongs&year=2026&month=07&day=13
2026,stsongs,2026-07-08,43,クスシキ,Mrs.GREEN APPLE,https://www.billboard-japan.com/charts/detail?a=stsongs&year=2026&month=07&day=13
2026,stsongs,2026-07-08,44,君の恋人になったら,back number,https://www.billboard-japan.com/charts/detail?a=stsongs&year=2026&month=07&day=13
2026,stsongs,2026-07-08,45,JANE DOE,"米津玄師, 宇多田ヒカル",https://www.billboard-japan.com/charts/detail?a=stsongs&year=2026&month=07&day=13
2026,stsongs,2026-07-08,46,Happiness,嵐,https://www.billboard-japan.com/charts/detail?a=stsongs&year=2026&month=07&day=13
2026,stsongs,2026-07-08,47,One Love,嵐,https://www.billboard-japan.com/charts/detail?a=stsongs&year=2026&month=07&day=13
2026,stsongs,2026-07-08,48,ビリー・ジーン,マイケル・ジャクソン,https://www.billboard-japan.com/charts/detail?a=stsongs&year=2026&month=07&day=13
2026,stsongs,2026-07-08,49,愛をこめて花束を,Superfly,https://www.billboard-japan.com/charts/detail?a=stsongs&year=2026&month=07&day=13
2026,stsongs,2026-07-08,50,どうしてもどうしても,back number,https://www.billboard-japan.com/charts/detail?a=stsongs&year=2026&month=07&day=13
2026,stsongs,2026-07-08,51,Lemon,米津玄師,https://www.billboard-japan.com/charts/detail?a=stsongs&year=2026&month=07&day=13
2026,stsongs,2026-07-08,52,ダンスホール,Mrs.GREEN APPLE,https://www.billboard-japan.com/charts/detail?a=stsongs&year=2026&month=07&day=13
2026,stsongs,2026-07-08,53,今夜はビート・イット,マイケル・ジャクソン,https://www.billboard-japan.com/charts/detail?a=stsongs&year=2026&month=07&day=13
2026,stsongs,2026-07-08,54,LEMONADE,aespa,https://www.billboard-japan.com/charts/detail?a=stsongs&year=2026&month=07&day=13
2026,stsongs,2026-07-08,55,幸せ,back number,https://www.billboard-japan.com/charts/detail?a=stsongs&year=2026&month=07&day=13
2026,stsongs,2026-07-08,56,Pretender,Official髭男dism,https://www.billboard-japan.com/charts/detail?a=stsongs&year=2026&month=07&day=13
2026,stsongs,2026-07-08,57,新宝島,サカナクション,https://www.billboard-japan.com/charts/detail?a=stsongs&year=2026&month=07&day=13
2026,stsongs,2026-07-08,58,インフェルノ,Mrs.GREEN APPLE,https://www.billboard-japan.com/charts/detail?a=stsongs&year=2026&month=07&day=13
2026,stsongs,2026-07-08,59,きらり,藤井風,https://www.billboard-japan.com/charts/detail?a=stsongs&year=2026&month=07&day=13
2026,stsongs,2026-07-08,60,SAD SONG,ちゃんみな,https://www.billboard-japan.com/charts/detail?a=stsongs&year=2026&month=07&day=13
2026,stsongs,2026-07-08,61,恋,back number,https://www.billboard-japan.com/charts/detail?a=stsongs&year=2026&month=07&day=13
2026,stsongs,2026-07-08,62,君はロックを聴かない,あいみょん,https://www.billboard-japan.com/charts/detail?a=stsongs&year=2026&month=07&day=13
2026,stsongs,2026-07-08,63,幾億光年,Omoinotake,https://www.billboard-japan.com/charts/detail?a=stsongs&year=2026&month=07&day=13
2026,stsongs,2026-07-08,64,115万キロのフィルム,Official髭男dism,https://www.billboard-japan.com/charts/detail?a=stsongs&year=2026&month=07&day=13
2026,stsongs,2026-07-08,65,SWIM,BTS,https://www.billboard-japan.com/charts/detail?a=stsongs&year=2026&month=07&day=13
2026,stsongs,2026-07-08,66,お姫様の作り方,=LOVE,https://www.billboard-japan.com/charts/detail?a=stsongs&year=2026&month=07&day=13
2026,stsongs,2026-07-08,67,劇薬中毒,=LOVE,https://www.billboard-japan.com/charts/detail?a=stsongs&year=2026&month=07&day=13
2026,stsongs,2026-07-08,68,Subtitle,Official髭男dism,https://www.billboard-japan.com/charts/detail?a=stsongs&year=2026&month=07&day=13
2026,stsongs,2026-07-08,69,イイじゃん,M!LK,https://www.billboard-japan.com/charts/detail?a=stsongs&year=2026&month=07&day=13
2026,stsongs,2026-07-08,70,オールドファッション,back number,https://www.billboard-japan.com/charts/detail?a=stsongs&year=2026&month=07&day=13
2026,stsongs,2026-07-08,71,愛を伝えたいだとか,あいみょん,https://www.billboard-japan.com/charts/detail?a=stsongs&year=2026&month=07&day=13
2026,stsongs,2026-07-08,72,Bad Girl,HANA,https://www.billboard-japan.com/charts/detail?a=stsongs&year=2026&month=07&day=13
2026,stsongs,2026-07-08,73,カリスマックス,Snow Man,https://www.billboard-japan.com/charts/detail?a=stsongs&year=2026&month=07&day=13
2026,stsongs,2026-07-08,74,Magic,Mrs.GREEN APPLE,https://www.billboard-japan.com/charts/detail?a=stsongs&year=2026&month=07&day=13
2026,stsongs,2026-07-08,75,恋人ごっこ,マカロニえんぴつ,https://www.billboard-japan.com/charts/detail?a=stsongs&year=2026&month=07&day=13
2026,stsongs,2026-07-08,76,ハレンチ,ちゃんみな,https://www.billboard-japan.com/charts/detail?a=stsongs&year=2026&month=07&day=13
2026,stsongs,2026-07-08,77,シルエット,KANA-BOON,https://www.billboard-japan.com/charts/detail?a=stsongs&year=2026&month=07&day=13
2026,stsongs,2026-07-08,78,怪盗,back number,https://www.billboard-japan.com/charts/detail?a=stsongs&year=2026&month=07&day=13
2026,stsongs,2026-07-08,79,わたがし,back number,https://www.billboard-japan.com/charts/detail?a=stsongs&year=2026&month=07&day=13
2026,stsongs,2026-07-08,80,BPM feat. KREVA,Kvi Baba,https://www.billboard-japan.com/charts/detail?a=stsongs&year=2026&month=07&day=13
2026,stsongs,2026-07-08,81,キュートなキューたい,CUTIE STREET,https://www.billboard-japan.com/charts/detail?a=stsongs&year=2026&month=07&day=13
2026,stsongs,2026-07-08,82,GOOD DAY,Mrs.GREEN APPLE,https://www.billboard-japan.com/charts/detail?a=stsongs&year=2026&month=07&day=13
2026,stsongs,2026-07-08,83,飛ぶ時,Vaundy,https://www.billboard-japan.com/charts/detail?a=stsongs&year=2026&month=07&day=13
2026,stsongs,2026-07-08,84,Never Grow Up,ちゃんみな,https://www.billboard-japan.com/charts/detail?a=stsongs&year=2026&month=07&day=13
2026,stsongs,2026-07-08,85,満ちてゆく,藤井風,https://www.billboard-japan.com/charts/detail?a=stsongs&year=2026&month=07&day=13
2026,stsongs,2026-07-08,86,ラブソングに襲われる,=LOVE,https://www.billboard-japan.com/charts/detail?a=stsongs&year=2026&month=07&day=13
2026,stsongs,2026-07-08,87,シェイプ・オブ・ユー,エド・シーラン,https://www.billboard-japan.com/charts/detail?a=stsongs&year=2026&month=07&day=13
2026,stsongs,2026-07-08,88,奏(かなで),スキマスイッチ,https://www.billboard-japan.com/charts/detail?a=stsongs&year=2026&month=07&day=13
2026,stsongs,2026-07-08,89,ドライフラワー,優里,https://www.billboard-japan.com/charts/detail?a=stsongs&year=2026&month=07&day=13
2026,stsongs,2026-07-08,90,君が眩しいから僕は星が見えない,SIX LOUNGE,https://www.billboard-japan.com/charts/detail?a=stsongs&year=2026&month=07&day=13
2026,stsongs,2026-07-08,91,Tiger,HANA,https://www.billboard-japan.com/charts/detail?a=stsongs&year=2026&month=07&day=13
2026,stsongs,2026-07-08,92,Monster,嵐,https://www.billboard-japan.com/charts/detail?a=stsongs&year=2026&month=07&day=13
2026,stsongs,2026-07-08,93,RUN IT,Stray Kids,https://www.billboard-japan.com/charts/detail?a=stsongs&year=2026&month=07&day=13
2026,stsongs,2026-07-08,94,Wherever you are,ONE OK ROCK,https://www.billboard-japan.com/charts/detail?a=stsongs&year=2026&month=07&day=13
2026,stsongs,2026-07-08,95,NON STOP,HANA,https://www.billboard-japan.com/charts/detail?a=stsongs&year=2026&month=07&day=13
2026,stsongs,2026-07-08,96,晩餐歌,tuki.,https://www.billboard-japan.com/charts/detail?a=stsongs&year=2026&month=07&day=13
2026,stsongs,2026-07-08,97,StaRt,Mrs.GREEN APPLE,https://www.billboard-japan.com/charts/detail?a=stsongs&year=2026&month=07&day=13
2026,stsongs,2026-07-08,98,さよーならまたいつか！,米津玄師,https://www.billboard-japan.com/charts/detail?a=stsongs&year=2026&month=07&day=13
2026,stsongs,2026-07-08,99,スターダスト,Official髭男dism,https://www.billboard-japan.com/charts/detail?a=stsongs&year=2026&month=07&day=13
2026,stsongs,2026-07-08,100,セレナーデ,なとり,https://www.billboard-japan.com/charts/detail?a=stsongs&year=2026&month=07&day=13
2026,stsongs,2026-07-15,1,Missing,BE:FIRST,https://www.billboard-japan.com/charts/detail?a=stsongs&year=2026&month=07&day=20
2026,stsongs,2026-07-15,2,好きすぎて滅!,M!LK,https://www.billboard-japan.com/charts/detail?a=stsongs&year=2026&month=07&day=20
2026,stsongs,2026-07-15,3,烏,米津玄師,https://www.billboard-japan.com/charts/detail?a=stsongs&year=2026&month=07&day=20
2026,stsongs,2026-07-15,4,夜の踊り子,サカナクション,https://www.billboard-japan.com/charts/detail?a=stsongs&year=2026&month=07&day=20
2026,stsongs,2026-07-15,5,グッタイム,Snow Man,https://www.billboard-japan.com/charts/detail?a=stsongs&year=2026&month=07&day=20
2026,stsongs,2026-07-15,6,"Yes! 東京 (feat. 超特急,M!LK,SUPER★DRAGON,Sakurashimeji,ONE N' ONLY,原因は自分にある。,BUDDiiS,ICEx,Lienel)",EBiDAN,https://www.billboard-japan.com/charts/detail?a=stsongs&year=2026&month=07&day=20
2026,stsongs,2026-07-15,7,IRIS OUT,米津玄師,https://www.billboard-japan.com/charts/detail?a=stsongs&year=2026&month=07&day=20
2026,stsongs,2026-07-15,8,It's Me,ILLIT,https://www.billboard-japan.com/charts/detail?a=stsongs&year=2026&month=07&day=20
2026,stsongs,2026-07-15,9,ライラック,Mrs.GREEN APPLE,https://www.billboard-japan.com/charts/detail?a=stsongs&year=2026&month=07&day=20
2026,stsongs,2026-07-15,10,爆裂愛してる,M!LK,https://www.billboard-japan.com/charts/detail?a=stsongs&year=2026&month=07&day=20
2026,stsongs,2026-07-15,11,青と夏,Mrs.GREEN APPLE,https://www.billboard-japan.com/charts/detail?a=stsongs&year=2026&month=07&day=20
2026,stsongs,2026-07-15,12,高嶺の花子さん,back number,https://www.billboard-japan.com/charts/detail?a=stsongs&year=2026&month=07&day=20
2026,stsongs,2026-07-15,13,lulu.,Mrs.GREEN APPLE,https://www.billboard-japan.com/charts/detail?a=stsongs&year=2026&month=07&day=20
2026,stsongs,2026-07-15,14,Blue Jeans,HANA,https://www.billboard-japan.com/charts/detail?a=stsongs&year=2026&month=07&day=20
2026,stsongs,2026-07-15,15,Five,嵐,https://www.billboard-japan.com/charts/detail?a=stsongs&year=2026&month=07&day=20
2026,stsongs,2026-07-15,16,花束,back number,https://www.billboard-japan.com/charts/detail?a=stsongs&year=2026&month=07&day=20
2026,stsongs,2026-07-15,17,点描の唄 feat.井上苑子,Mrs.GREEN APPLE,https://www.billboard-japan.com/charts/detail?a=stsongs&year=2026&month=07&day=20
2026,stsongs,2026-07-15,18,ブルーアンバー,back number,https://www.billboard-japan.com/charts/detail?a=stsongs&year=2026&month=07&day=20
2026,stsongs,2026-07-15,19,ダーリン,Mrs.GREEN APPLE,https://www.billboard-japan.com/charts/detail?a=stsongs&year=2026&month=07&day=20
2026,stsongs,2026-07-15,20,Soranji,Mrs.GREEN APPLE,https://www.billboard-japan.com/charts/detail?a=stsongs&year=2026&month=07&day=20
2026,stsongs,2026-07-15,21,怪獣,サカナクション,https://www.billboard-japan.com/charts/detail?a=stsongs&year=2026&month=07&day=20
2026,stsongs,2026-07-15,22,ケセラセラ,Mrs.GREEN APPLE,https://www.billboard-japan.com/charts/detail?a=stsongs&year=2026&month=07&day=20
2026,stsongs,2026-07-15,23,アイドルパワー,M!LK,https://www.billboard-japan.com/charts/detail?a=stsongs&year=2026&month=07&day=20
2026,stsongs,2026-07-15,24,ハッピーエンド,back number,https://www.billboard-japan.com/charts/detail?a=stsongs&year=2026&month=07&day=20
2026,stsongs,2026-07-15,25,ROSE,HANA,https://www.billboard-japan.com/charts/detail?a=stsongs&year=2026&month=07&day=20
2026,stsongs,2026-07-15,26,AIZO,King Gnu,https://www.billboard-japan.com/charts/detail?a=stsongs&year=2026&month=07&day=20
2026,stsongs,2026-07-15,27,水平線,back number,https://www.billboard-japan.com/charts/detail?a=stsongs&year=2026&month=07&day=20
2026,stsongs,2026-07-15,28,カリスマックス,Snow Man,https://www.billboard-japan.com/charts/detail?a=stsongs&year=2026&month=07&day=20
2026,stsongs,2026-07-15,29,革命道中,アイナ・ジ・エンド,https://www.billboard-japan.com/charts/detail?a=stsongs&year=2026&month=07&day=20
2026,stsongs,2026-07-15,30,僕のこと,Mrs.GREEN APPLE,https://www.billboard-japan.com/charts/detail?a=stsongs&year=2026&month=07&day=20
2026,stsongs,2026-07-15,31,GG EZ,M.Sasuke,https://www.billboard-japan.com/charts/detail?a=stsongs&year=2026&month=07&day=20
2026,stsongs,2026-07-15,32,とくべチュ、して,=LOVE,https://www.billboard-japan.com/charts/detail?a=stsongs&year=2026&month=07&day=20
2026,stsongs,2026-07-15,33,マリーゴールド,あいみょん,https://www.billboard-japan.com/charts/detail?a=stsongs&year=2026&month=07&day=20
2026,stsongs,2026-07-15,34,是非に及ばず,乃木坂46,https://www.billboard-japan.com/charts/detail?a=stsongs&year=2026&month=07&day=20
2026,stsongs,2026-07-15,35,3XL,Number_i,https://www.billboard-japan.com/charts/detail?a=stsongs&year=2026&month=07&day=20
2026,stsongs,2026-07-15,36,夢中,BE:FIRST,https://www.billboard-japan.com/charts/detail?a=stsongs&year=2026&month=07&day=20
2026,stsongs,2026-07-15,37,ヒロイン,back number,https://www.billboard-japan.com/charts/detail?a=stsongs&year=2026&month=07&day=20
2026,stsongs,2026-07-15,38,HAPPY BIRTHDAY,back number,https://www.billboard-japan.com/charts/detail?a=stsongs&year=2026&month=07&day=20
2026,stsongs,2026-07-15,39,クスシキ,Mrs.GREEN APPLE,https://www.billboard-japan.com/charts/detail?a=stsongs&year=2026&month=07&day=20
2026,stsongs,2026-07-15,40,怪獣の花唄,Vaundy,https://www.billboard-japan.com/charts/detail?a=stsongs&year=2026&month=07&day=20
2026,stsongs,2026-07-15,41,Love so sweet,嵐,https://www.billboard-japan.com/charts/detail?a=stsongs&year=2026&month=07&day=20
2026,stsongs,2026-07-15,42,風と町,Mrs.GREEN APPLE,https://www.billboard-japan.com/charts/detail?a=stsongs&year=2026&month=07&day=20
2026,stsongs,2026-07-15,43,BPM feat. KREVA,Kvi Baba,https://www.billboard-japan.com/charts/detail?a=stsongs&year=2026&month=07&day=20
2026,stsongs,2026-07-15,44,君の恋人になったら,back number,https://www.billboard-japan.com/charts/detail?a=stsongs&year=2026&month=07&day=20
2026,stsongs,2026-07-15,45,Golden,HUNTR/X,https://www.billboard-japan.com/charts/detail?a=stsongs&year=2026&month=07&day=20
2026,stsongs,2026-07-15,46,JANE DOE,"米津玄師, 宇多田ヒカル",https://www.billboard-japan.com/charts/detail?a=stsongs&year=2026&month=07&day=20
2026,stsongs,2026-07-15,47,Lemon,米津玄師,https://www.billboard-japan.com/charts/detail?a=stsongs&year=2026&month=07&day=20
2026,stsongs,2026-07-15,48,ビリー・ジーン,マイケル・ジャクソン,https://www.billboard-japan.com/charts/detail?a=stsongs&year=2026&month=07&day=20
2026,stsongs,2026-07-15,49,ダンスホール,Mrs.GREEN APPLE,https://www.billboard-japan.com/charts/detail?a=stsongs&year=2026&month=07&day=20
2026,stsongs,2026-07-15,50,愛をこめて花束を,Superfly,https://www.billboard-japan.com/charts/detail?a=stsongs&year=2026&month=07&day=20
2026,stsongs,2026-07-15,51,Happiness,嵐,https://www.billboard-japan.com/charts/detail?a=stsongs&year=2026&month=07&day=20
2026,stsongs,2026-07-15,52,きらり,藤井風,https://www.billboard-japan.com/charts/detail?a=stsongs&year=2026&month=07&day=20
2026,stsongs,2026-07-15,53,Pretender,Official髭男dism,https://www.billboard-japan.com/charts/detail?a=stsongs&year=2026&month=07&day=20
2026,stsongs,2026-07-15,54,インフェルノ,Mrs.GREEN APPLE,https://www.billboard-japan.com/charts/detail?a=stsongs&year=2026&month=07&day=20
2026,stsongs,2026-07-15,55,SAD SONG,ちゃんみな,https://www.billboard-japan.com/charts/detail?a=stsongs&year=2026&month=07&day=20
2026,stsongs,2026-07-15,56,今夜はビート・イット,マイケル・ジャクソン,https://www.billboard-japan.com/charts/detail?a=stsongs&year=2026&month=07&day=20
2026,stsongs,2026-07-15,57,君はロックを聴かない,あいみょん,https://www.billboard-japan.com/charts/detail?a=stsongs&year=2026&month=07&day=20
2026,stsongs,2026-07-15,58,どうしてもどうしても,back number,https://www.billboard-japan.com/charts/detail?a=stsongs&year=2026&month=07&day=20
2026,stsongs,2026-07-15,59,新宝島,サカナクション,https://www.billboard-japan.com/charts/detail?a=stsongs&year=2026&month=07&day=20
2026,stsongs,2026-07-15,60,キミは都市伝説,BUDDiiS,https://www.billboard-japan.com/charts/detail?a=stsongs&year=2026&month=07&day=20
2026,stsongs,2026-07-15,61,幸せ,back number,https://www.billboard-japan.com/charts/detail?a=stsongs&year=2026&month=07&day=20
2026,stsongs,2026-07-15,62,LEMONADE,aespa,https://www.billboard-japan.com/charts/detail?a=stsongs&year=2026&month=07&day=20
2026,stsongs,2026-07-15,63,Magic,Mrs.GREEN APPLE,https://www.billboard-japan.com/charts/detail?a=stsongs&year=2026&month=07&day=20
2026,stsongs,2026-07-15,64,One Love,嵐,https://www.billboard-japan.com/charts/detail?a=stsongs&year=2026&month=07&day=20
2026,stsongs,2026-07-15,65,幾億光年,Omoinotake,https://www.billboard-japan.com/charts/detail?a=stsongs&year=2026&month=07&day=20
2026,stsongs,2026-07-15,66,So Strawberry,MAZZEL,https://www.billboard-japan.com/charts/detail?a=stsongs&year=2026&month=07&day=20
2026,stsongs,2026-07-15,67,イイじゃん,M!LK,https://www.billboard-japan.com/charts/detail?a=stsongs&year=2026&month=07&day=20
2026,stsongs,2026-07-15,68,115万キロのフィルム,Official髭男dism,https://www.billboard-japan.com/charts/detail?a=stsongs&year=2026&month=07&day=20
2026,stsongs,2026-07-15,69,Bad Girl,HANA,https://www.billboard-japan.com/charts/detail?a=stsongs&year=2026&month=07&day=20
2026,stsongs,2026-07-15,70,GOOD DAY,Mrs.GREEN APPLE,https://www.billboard-japan.com/charts/detail?a=stsongs&year=2026&month=07&day=20
2026,stsongs,2026-07-15,71,恋,back number,https://www.billboard-japan.com/charts/detail?a=stsongs&year=2026&month=07&day=20
2026,stsongs,2026-07-15,72,君が眩しいから僕は星が見えない,SIX LOUNGE,https://www.billboard-japan.com/charts/detail?a=stsongs&year=2026&month=07&day=20
2026,stsongs,2026-07-15,73,ハレンチ,ちゃんみな,https://www.billboard-japan.com/charts/detail?a=stsongs&year=2026&month=07&day=20
2026,stsongs,2026-07-15,74,SWIM,BTS,https://www.billboard-japan.com/charts/detail?a=stsongs&year=2026&month=07&day=20
2026,stsongs,2026-07-15,75,愛を伝えたいだとか,あいみょん,https://www.billboard-japan.com/charts/detail?a=stsongs&year=2026&month=07&day=20
2026,stsongs,2026-07-15,76,Subtitle,Official髭男dism,https://www.billboard-japan.com/charts/detail?a=stsongs&year=2026&month=07&day=20
2026,stsongs,2026-07-15,77,オールドファッション,back number,https://www.billboard-japan.com/charts/detail?a=stsongs&year=2026&month=07&day=20
2026,stsongs,2026-07-15,78,劇薬中毒,=LOVE,https://www.billboard-japan.com/charts/detail?a=stsongs&year=2026&month=07&day=20
2026,stsongs,2026-07-15,79,わたがし,back number,https://www.billboard-japan.com/charts/detail?a=stsongs&year=2026&month=07&day=20
2026,stsongs,2026-07-15,80,シルエット,KANA-BOON,https://www.billboard-japan.com/charts/detail?a=stsongs&year=2026&month=07&day=20
2026,stsongs,2026-07-15,81,恋人ごっこ,マカロニえんぴつ,https://www.billboard-japan.com/charts/detail?a=stsongs&year=2026&month=07&day=20
2026,stsongs,2026-07-15,82,Never Grow Up,ちゃんみな,https://www.billboard-japan.com/charts/detail?a=stsongs&year=2026&month=07&day=20
2026,stsongs,2026-07-15,83,StaRt,Mrs.GREEN APPLE,https://www.billboard-japan.com/charts/detail?a=stsongs&year=2026&month=07&day=20
2026,stsongs,2026-07-15,84,シェイプ・オブ・ユー,エド・シーラン,https://www.billboard-japan.com/charts/detail?a=stsongs&year=2026&month=07&day=20
2026,stsongs,2026-07-15,85,お姫様の作り方,=LOVE,https://www.billboard-japan.com/charts/detail?a=stsongs&year=2026&month=07&day=20
2026,stsongs,2026-07-15,86,奏(かなで),スキマスイッチ,https://www.billboard-japan.com/charts/detail?a=stsongs&year=2026&month=07&day=20
2026,stsongs,2026-07-15,87,ドライフラワー,優里,https://www.billboard-japan.com/charts/detail?a=stsongs&year=2026&month=07&day=20
2026,stsongs,2026-07-15,88,Tiger,HANA,https://www.billboard-japan.com/charts/detail?a=stsongs&year=2026&month=07&day=20
2026,stsongs,2026-07-15,89,飛ぶ時,Vaundy,https://www.billboard-japan.com/charts/detail?a=stsongs&year=2026&month=07&day=20
2026,stsongs,2026-07-15,90,ただ君に晴れ,ヨルシカ,https://www.billboard-japan.com/charts/detail?a=stsongs&year=2026&month=07&day=20
2026,stsongs,2026-07-15,91,怪盗,back number,https://www.billboard-japan.com/charts/detail?a=stsongs&year=2026&month=07&day=20
2026,stsongs,2026-07-15,92,TSUNAMI,サザンオールスターズ,https://www.billboard-japan.com/charts/detail?a=stsongs&year=2026&month=07&day=20
2026,stsongs,2026-07-15,93,NON STOP,HANA,https://www.billboard-japan.com/charts/detail?a=stsongs&year=2026&month=07&day=20
2026,stsongs,2026-07-15,94,いとしのエリー,サザンオールスターズ,https://www.billboard-japan.com/charts/detail?a=stsongs&year=2026&month=07&day=20
2026,stsongs,2026-07-15,95,晩餐歌,tuki.,https://www.billboard-japan.com/charts/detail?a=stsongs&year=2026&month=07&day=20
2026,stsongs,2026-07-15,96,夜に駆ける,YOASOBI,https://www.billboard-japan.com/charts/detail?a=stsongs&year=2026&month=07&day=20
2026,stsongs,2026-07-15,97,満ちてゆく,藤井風,https://www.billboard-japan.com/charts/detail?a=stsongs&year=2026&month=07&day=20
2026,stsongs,2026-07-15,98,キュートなキューたい,CUTIE STREET,https://www.billboard-japan.com/charts/detail?a=stsongs&year=2026&month=07&day=20
2026,stsongs,2026-07-15,99,しおざきわんだーらんど (塩崎太智),M!LK,https://www.billboard-japan.com/charts/detail?a=stsongs&year=2026&month=07&day=20
2026,stsongs,2026-07-15,100,イケナイ太陽,ORANGE RANGE,https://www.billboard-japan.com/charts/detail?a=stsongs&year=2026&month=07&day=20
2026,stsongs,2026-07-22,1,Brand New,Mrs.GREEN APPLE,https://www.billboard-japan.com/charts/detail?a=stsongs&year=2026&month=07&day=27
2026,stsongs,2026-07-22,2,好きすぎて滅!,M!LK,https://www.billboard-japan.com/charts/detail?a=stsongs&year=2026&month=07&day=27
2026,stsongs,2026-07-22,3,夜鷹,米津玄師,https://www.billboard-japan.com/charts/detail?a=stsongs&year=2026&month=07&day=27
2026,stsongs,2026-07-22,4,"Yes! 東京 (feat. 超特急,M!LK,SUPER★DRAGON,Sakurashimeji,ONE N' ONLY,原因は自分にある。,BUDDiiS,ICEx,Lienel)",EBiDAN,https://www.billboard-japan.com/charts/detail?a=stsongs&year=2026&month=07&day=27
2026,stsongs,2026-07-22,5,烏,米津玄師,https://www.billboard-japan.com/charts/detail?a=stsongs&year=2026&month=07&day=27
2026,stsongs,2026-07-22,6,Missing,BE:FIRST,https://www.billboard-japan.com/charts/detail?a=stsongs&year=2026&month=07&day=27
2026,stsongs,2026-07-22,7,夜の踊り子,サカナクション,https://www.billboard-japan.com/charts/detail?a=stsongs&year=2026&month=07&day=27
2026,stsongs,2026-07-22,8,IRIS OUT,米津玄師,https://www.billboard-japan.com/charts/detail?a=stsongs&year=2026&month=07&day=27
2026,stsongs,2026-07-22,9,ライラック,Mrs.GREEN APPLE,https://www.billboard-japan.com/charts/detail?a=stsongs&year=2026&month=07&day=27
2026,stsongs,2026-07-22,10,It's Me,ILLIT,https://www.billboard-japan.com/charts/detail?a=stsongs&year=2026&month=07&day=27
2026,stsongs,2026-07-22,11,爆裂愛してる,M!LK,https://www.billboard-japan.com/charts/detail?a=stsongs&year=2026&month=07&day=27
2026,stsongs,2026-07-22,12,青と夏,Mrs.GREEN APPLE,https://www.billboard-japan.com/charts/detail?a=stsongs&year=2026&month=07&day=27
2026,stsongs,2026-07-22,13,BUGS LIFE,Number_i,https://www.billboard-japan.com/charts/detail?a=stsongs&year=2026&month=07&day=27
2026,stsongs,2026-07-22,14,lulu.,Mrs.GREEN APPLE,https://www.billboard-japan.com/charts/detail?a=stsongs&year=2026&month=07&day=27
2026,stsongs,2026-07-22,15,高嶺の花子さん,back number,https://www.billboard-japan.com/charts/detail?a=stsongs&year=2026&month=07&day=27
2026,stsongs,2026-07-22,16,Blue Jeans,HANA,https://www.billboard-japan.com/charts/detail?a=stsongs&year=2026&month=07&day=27
2026,stsongs,2026-07-22,17,ブルーアンバー,back number,https://www.billboard-japan.com/charts/detail?a=stsongs&year=2026&month=07&day=27
2026,stsongs,2026-07-22,18,点描の唄 feat.井上苑子,Mrs.GREEN APPLE,https://www.billboard-japan.com/charts/detail?a=stsongs&year=2026&month=07&day=27
2026,stsongs,2026-07-22,19,花束,back number,https://www.billboard-japan.com/charts/detail?a=stsongs&year=2026&month=07&day=27
2026,stsongs,2026-07-22,20,マイオンリー,SixTONES,https://www.billboard-japan.com/charts/detail?a=stsongs&year=2026&month=07&day=27
2026,stsongs,2026-07-22,21,Soranji,Mrs.GREEN APPLE,https://www.billboard-japan.com/charts/detail?a=stsongs&year=2026&month=07&day=27
2026,stsongs,2026-07-22,22,ダーリン,Mrs.GREEN APPLE,https://www.billboard-japan.com/charts/detail?a=stsongs&year=2026&month=07&day=27
2026,stsongs,2026-07-22,23,怪獣,サカナクション,https://www.billboard-japan.com/charts/detail?a=stsongs&year=2026&month=07&day=27
2026,stsongs,2026-07-22,24,Five,嵐,https://www.billboard-japan.com/charts/detail?a=stsongs&year=2026&month=07&day=27
2026,stsongs,2026-07-22,25,アイドルパワー,M!LK,https://www.billboard-japan.com/charts/detail?a=stsongs&year=2026&month=07&day=27
2026,stsongs,2026-07-22,26,グッタイム,Snow Man,https://www.billboard-japan.com/charts/detail?a=stsongs&year=2026&month=07&day=27
2026,stsongs,2026-07-22,27,AIZO,King Gnu,https://www.billboard-japan.com/charts/detail?a=stsongs&year=2026&month=07&day=27
2026,stsongs,2026-07-22,28,ハッピーエンド,back number,https://www.billboard-japan.com/charts/detail?a=stsongs&year=2026&month=07&day=27
2026,stsongs,2026-07-22,29,ケセラセラ,Mrs.GREEN APPLE,https://www.billboard-japan.com/charts/detail?a=stsongs&year=2026&month=07&day=27
2026,stsongs,2026-07-22,30,ROSE,HANA,https://www.billboard-japan.com/charts/detail?a=stsongs&year=2026&month=07&day=27
2026,stsongs,2026-07-22,31,革命道中,アイナ・ジ・エンド,https://www.billboard-japan.com/charts/detail?a=stsongs&year=2026&month=07&day=27
2026,stsongs,2026-07-22,32,水平線,back number,https://www.billboard-japan.com/charts/detail?a=stsongs&year=2026&month=07&day=27
2026,stsongs,2026-07-22,33,マリーゴールド,あいみょん,https://www.billboard-japan.com/charts/detail?a=stsongs&year=2026&month=07&day=27
2026,stsongs,2026-07-22,34,僕のこと,Mrs.GREEN APPLE,https://www.billboard-japan.com/charts/detail?a=stsongs&year=2026&month=07&day=27
2026,stsongs,2026-07-22,35,GG EZ,M.Sasuke,https://www.billboard-japan.com/charts/detail?a=stsongs&year=2026&month=07&day=27
2026,stsongs,2026-07-22,36,とくべチュ、して,=LOVE,https://www.billboard-japan.com/charts/detail?a=stsongs&year=2026&month=07&day=27
2026,stsongs,2026-07-22,37,Ice Cream,YEONJUN,https://www.billboard-japan.com/charts/detail?a=stsongs&year=2026&month=07&day=27
2026,stsongs,2026-07-22,38,ヒロイン,back number,https://www.billboard-japan.com/charts/detail?a=stsongs&year=2026&month=07&day=27
2026,stsongs,2026-07-22,39,HAPPY BIRTHDAY,back number,https://www.billboard-japan.com/charts/detail?a=stsongs&year=2026&month=07&day=27
2026,stsongs,2026-07-22,40,カリスマックス,Snow Man,https://www.billboard-japan.com/charts/detail?a=stsongs&year=2026&month=07&day=27
2026,stsongs,2026-07-22,41,夢中,BE:FIRST,https://www.billboard-japan.com/charts/detail?a=stsongs&year=2026&month=07&day=27
2026,stsongs,2026-07-22,42,怪獣の花唄,Vaundy,https://www.billboard-japan.com/charts/detail?a=stsongs&year=2026&month=07&day=27
2026,stsongs,2026-07-22,43,クスシキ,Mrs.GREEN APPLE,https://www.billboard-japan.com/charts/detail?a=stsongs&year=2026&month=07&day=27
2026,stsongs,2026-07-22,44,HOT LIMIT,T.M.Revolution,https://www.billboard-japan.com/charts/detail?a=stsongs&year=2026&month=07&day=27
2026,stsongs,2026-07-22,45,風と町,Mrs.GREEN APPLE,https://www.billboard-japan.com/charts/detail?a=stsongs&year=2026&month=07&day=27
2026,stsongs,2026-07-22,46,SAD SONG,ちゃんみな,https://www.billboard-japan.com/charts/detail?a=stsongs&year=2026&month=07&day=27
2026,stsongs,2026-07-22,47,BPM feat. KREVA,Kvi Baba,https://www.billboard-japan.com/charts/detail?a=stsongs&year=2026&month=07&day=27
2026,stsongs,2026-07-22,48,JANE DOE,"米津玄師, 宇多田ヒカル",https://www.billboard-japan.com/charts/detail?a=stsongs&year=2026&month=07&day=27
2026,stsongs,2026-07-22,49,Lemon,米津玄師,https://www.billboard-japan.com/charts/detail?a=stsongs&year=2026&month=07&day=27
2026,stsongs,2026-07-22,50,愛をこめて花束を,Superfly,https://www.billboard-japan.com/charts/detail?a=stsongs&year=2026&month=07&day=27
2026,stsongs,2026-07-22,51,いとしのエリー,サザンオールスターズ,https://www.billboard-japan.com/charts/detail?a=stsongs&year=2026&month=07&day=27
2026,stsongs,2026-07-22,52,ダンスホール,Mrs.GREEN APPLE,https://www.billboard-japan.com/charts/detail?a=stsongs&year=2026&month=07&day=27
2026,stsongs,2026-07-22,53,君はロックを聴かない,あいみょん,https://www.billboard-japan.com/charts/detail?a=stsongs&year=2026&month=07&day=27
2026,stsongs,2026-07-22,54,是非に及ばず,乃木坂46,https://www.billboard-japan.com/charts/detail?a=stsongs&year=2026&month=07&day=27
2026,stsongs,2026-07-22,55,Pretender,Official髭男dism,https://www.billboard-japan.com/charts/detail?a=stsongs&year=2026&month=07&day=27
2026,stsongs,2026-07-22,56,君の恋人になったら,back number,https://www.billboard-japan.com/charts/detail?a=stsongs&year=2026&month=07&day=27
2026,stsongs,2026-07-22,57,Never Grow Up,ちゃんみな,https://www.billboard-japan.com/charts/detail?a=stsongs&year=2026&month=07&day=27
2026,stsongs,2026-07-22,58,Golden,HUNTR/X,https://www.billboard-japan.com/charts/detail?a=stsongs&year=2026&month=07&day=27
2026,stsongs,2026-07-22,59,インフェルノ,Mrs.GREEN APPLE,https://www.billboard-japan.com/charts/detail?a=stsongs&year=2026&month=07&day=27
2026,stsongs,2026-07-22,60,Love so sweet,嵐,https://www.billboard-japan.com/charts/detail?a=stsongs&year=2026&month=07&day=27
2026,stsongs,2026-07-22,61,きらり,藤井風,https://www.billboard-japan.com/charts/detail?a=stsongs&year=2026&month=07&day=27
2026,stsongs,2026-07-22,62,幸せ,back number,https://www.billboard-japan.com/charts/detail?a=stsongs&year=2026&month=07&day=27
2026,stsongs,2026-07-22,63,新宝島,サカナクション,https://www.billboard-japan.com/charts/detail?a=stsongs&year=2026&month=07&day=27
2026,stsongs,2026-07-22,64,LEMONADE,aespa,https://www.billboard-japan.com/charts/detail?a=stsongs&year=2026&month=07&day=27
2026,stsongs,2026-07-22,65,イイじゃん,M!LK,https://www.billboard-japan.com/charts/detail?a=stsongs&year=2026&month=07&day=27
2026,stsongs,2026-07-22,66,ハレンチ,ちゃんみな,https://www.billboard-japan.com/charts/detail?a=stsongs&year=2026&month=07&day=27
2026,stsongs,2026-07-22,67,幾億光年,Omoinotake,https://www.billboard-japan.com/charts/detail?a=stsongs&year=2026&month=07&day=27
2026,stsongs,2026-07-22,68,115万キロのフィルム,Official髭男dism,https://www.billboard-japan.com/charts/detail?a=stsongs&year=2026&month=07&day=27
2026,stsongs,2026-07-22,69,恋,back number,https://www.billboard-japan.com/charts/detail?a=stsongs&year=2026&month=07&day=27
2026,stsongs,2026-07-22,70,You!Joy!Parade!,M!LK,https://www.billboard-japan.com/charts/detail?a=stsongs&year=2026&month=07&day=27
2026,stsongs,2026-07-22,71,どうしてもどうしても,back number,https://www.billboard-japan.com/charts/detail?a=stsongs&year=2026&month=07&day=27
2026,stsongs,2026-07-22,72,愛を伝えたいだとか,あいみょん,https://www.billboard-japan.com/charts/detail?a=stsongs&year=2026&month=07&day=27
2026,stsongs,2026-07-22,73,わたがし,back number,https://www.billboard-japan.com/charts/detail?a=stsongs&year=2026&month=07&day=27
2026,stsongs,2026-07-22,74,ビリー・ジーン,マイケル・ジャクソン,https://www.billboard-japan.com/charts/detail?a=stsongs&year=2026&month=07&day=27
2026,stsongs,2026-07-22,75,Subtitle,Official髭男dism,https://www.billboard-japan.com/charts/detail?a=stsongs&year=2026&month=07&day=27
2026,stsongs,2026-07-22,76,今夜はビート・イット,マイケル・ジャクソン,https://www.billboard-japan.com/charts/detail?a=stsongs&year=2026&month=07&day=27
2026,stsongs,2026-07-22,77,TSUNAMI,サザンオールスターズ,https://www.billboard-japan.com/charts/detail?a=stsongs&year=2026&month=07&day=27
2026,stsongs,2026-07-22,78,Magic,Mrs.GREEN APPLE,https://www.billboard-japan.com/charts/detail?a=stsongs&year=2026&month=07&day=27
2026,stsongs,2026-07-22,79,君が眩しいから僕は星が見えない,SIX LOUNGE,https://www.billboard-japan.com/charts/detail?a=stsongs&year=2026&month=07&day=27
2026,stsongs,2026-07-22,80,ただ君に晴れ,ヨルシカ,https://www.billboard-japan.com/charts/detail?a=stsongs&year=2026&month=07&day=27
2026,stsongs,2026-07-22,81,イケナイ太陽,ORANGE RANGE,https://www.billboard-japan.com/charts/detail?a=stsongs&year=2026&month=07&day=27
2026,stsongs,2026-07-22,82,キミは都市伝説,BUDDiiS,https://www.billboard-japan.com/charts/detail?a=stsongs&year=2026&month=07&day=27
2026,stsongs,2026-07-22,83,Bad Girl,HANA,https://www.billboard-japan.com/charts/detail?a=stsongs&year=2026&month=07&day=27
2026,stsongs,2026-07-22,84,恋人ごっこ,マカロニえんぴつ,https://www.billboard-japan.com/charts/detail?a=stsongs&year=2026&month=07&day=27
2026,stsongs,2026-07-22,85,シルエット,KANA-BOON,https://www.billboard-japan.com/charts/detail?a=stsongs&year=2026&month=07&day=27
2026,stsongs,2026-07-22,86,オールドファッション,back number,https://www.billboard-japan.com/charts/detail?a=stsongs&year=2026&month=07&day=27
2026,stsongs,2026-07-22,87,GOOD DAY,Mrs.GREEN APPLE,https://www.billboard-japan.com/charts/detail?a=stsongs&year=2026&month=07&day=27
2026,stsongs,2026-07-22,88,シェイプ・オブ・ユー,エド・シーラン,https://www.billboard-japan.com/charts/detail?a=stsongs&year=2026&month=07&day=27
2026,stsongs,2026-07-22,89,Happiness,嵐,https://www.billboard-japan.com/charts/detail?a=stsongs&year=2026&month=07&day=27
2026,stsongs,2026-07-22,90,花火,aiko,https://www.billboard-japan.com/charts/detail?a=stsongs&year=2026&month=07&day=27
2026,stsongs,2026-07-22,91,奏(かなで),スキマスイッチ,https://www.billboard-japan.com/charts/detail?a=stsongs&year=2026&month=07&day=27
2026,stsongs,2026-07-22,92,One Love,嵐,https://www.billboard-japan.com/charts/detail?a=stsongs&year=2026&month=07&day=27
2026,stsongs,2026-07-22,93,ドライフラワー,優里,https://www.billboard-japan.com/charts/detail?a=stsongs&year=2026&month=07&day=27
2026,stsongs,2026-07-22,94,満ちてゆく,藤井風,https://www.billboard-japan.com/charts/detail?a=stsongs&year=2026&month=07&day=27
2026,stsongs,2026-07-22,95,劇薬中毒,=LOVE,https://www.billboard-japan.com/charts/detail?a=stsongs&year=2026&month=07&day=27
2026,stsongs,2026-07-22,96,HANABI,Mr.Children,https://www.billboard-japan.com/charts/detail?a=stsongs&year=2026&month=07&day=27
2026,stsongs,2026-07-22,97,怪盗,back number,https://www.billboard-japan.com/charts/detail?a=stsongs&year=2026&month=07&day=27
2026,stsongs,2026-07-22,98,Tiger,HANA,https://www.billboard-japan.com/charts/detail?a=stsongs&year=2026&month=07&day=27
2026,stsongs,2026-07-22,99,晩餐歌,tuki.,https://www.billboard-japan.com/charts/detail?a=stsongs&year=2026&month=07&day=27
2026,stsongs,2026-07-22,100,BAD,ATEEZ,https://www.billboard-japan.com/charts/detail?a=stsongs&year=2026&month=07&day=27
2026,stsongs,2026-07-29,1,Brand New,Mrs.GREEN APPLE,https://www.billboard-japan.com/charts/detail?a=stsongs&year=2026&month=08&day=03
2026,stsongs,2026-07-29,2,好きすぎて滅!,M!LK,https://www.billboard-japan.com/charts/detail?a=stsongs&year=2026&month=08&day=03
2026,stsongs,2026-07-29,3,"Yes! 東京 (feat. 超特急,M!LK,SUPER★DRAGON,Sakurashimeji,ONE N' ONLY,原因は自分にある。,BUDDiiS,ICEx,Lienel)",EBiDAN,https://www.billboard-japan.com/charts/detail?a=stsongs&year=2026&month=08&day=03
2026,stsongs,2026-07-29,4,夜の踊り子,サカナクション,https://www.billboard-japan.com/charts/detail?a=stsongs&year=2026&month=08&day=03
2026,stsongs,2026-07-29,5,爆裂愛してる,M!LK,https://www.billboard-japan.com/charts/detail?a=stsongs&year=2026&month=08&day=03
2026,stsongs,2026-07-29,6,ライラック,Mrs.GREEN APPLE,https://www.billboard-japan.com/charts/detail?a=stsongs&year=2026&month=08&day=03
2026,stsongs,2026-07-29,7,IRIS OUT,米津玄師,https://www.billboard-japan.com/charts/detail?a=stsongs&year=2026&month=08&day=03
2026,stsongs,2026-07-29,8,It's Me,ILLIT,https://www.billboard-japan.com/charts/detail?a=stsongs&year=2026&month=08&day=03
2026,stsongs,2026-07-29,9,烏,米津玄師,https://www.billboard-japan.com/charts/detail?a=stsongs&year=2026&month=08&day=03
2026,stsongs,2026-07-29,10,青と夏,Mrs.GREEN APPLE,https://www.billboard-japan.com/charts/detail?a=stsongs&year=2026&month=08&day=03
2026,stsongs,2026-07-29,11,Missing,BE:FIRST,https://www.billboard-japan.com/charts/detail?a=stsongs&year=2026&month=08&day=03
2026,stsongs,2026-07-29,12,夜鷹,米津玄師,https://www.billboard-japan.com/charts/detail?a=stsongs&year=2026&month=08&day=03
2026,stsongs,2026-07-29,13,lulu.,Mrs.GREEN APPLE,https://www.billboard-japan.com/charts/detail?a=stsongs&year=2026&month=08&day=03
2026,stsongs,2026-07-29,14,Blue Jeans,HANA,https://www.billboard-japan.com/charts/detail?a=stsongs&year=2026&month=08&day=03
2026,stsongs,2026-07-29,15,You!Joy!Parade!,M!LK,https://www.billboard-japan.com/charts/detail?a=stsongs&year=2026&month=08&day=03
2026,stsongs,2026-07-29,16,高嶺の花子さん,back number,https://www.billboard-japan.com/charts/detail?a=stsongs&year=2026&month=08&day=03
2026,stsongs,2026-07-29,17,ブルーアンバー,back number,https://www.billboard-japan.com/charts/detail?a=stsongs&year=2026&month=08&day=03
2026,stsongs,2026-07-29,18,点描の唄 feat.井上苑子,Mrs.GREEN APPLE,https://www.billboard-japan.com/charts/detail?a=stsongs&year=2026&month=08&day=03
2026,stsongs,2026-07-29,19,アイドルパワー,M!LK,https://www.billboard-japan.com/charts/detail?a=stsongs&year=2026&month=08&day=03
2026,stsongs,2026-07-29,20,BUGS LIFE,Number_i,https://www.billboard-japan.com/charts/detail?a=stsongs&year=2026&month=08&day=03
2026,stsongs,2026-07-29,21,Soranji,Mrs.GREEN APPLE,https://www.billboard-japan.com/charts/detail?a=stsongs&year=2026&month=08&day=03
2026,stsongs,2026-07-29,22,花束,back number,https://www.billboard-japan.com/charts/detail?a=stsongs&year=2026&month=08&day=03
2026,stsongs,2026-07-29,23,ダーリン,Mrs.GREEN APPLE,https://www.billboard-japan.com/charts/detail?a=stsongs&year=2026&month=08&day=03
2026,stsongs,2026-07-29,24,怪獣,サカナクション,https://www.billboard-japan.com/charts/detail?a=stsongs&year=2026&month=08&day=03
2026,stsongs,2026-07-29,25,ケセラセラ,Mrs.GREEN APPLE,https://www.billboard-japan.com/charts/detail?a=stsongs&year=2026&month=08&day=03
2026,stsongs,2026-07-29,26,マイオンリー,SixTONES,https://www.billboard-japan.com/charts/detail?a=stsongs&year=2026&month=08&day=03
2026,stsongs,2026-07-29,27,AIZO,King Gnu,https://www.billboard-japan.com/charts/detail?a=stsongs&year=2026&month=08&day=03
2026,stsongs,2026-07-29,28,革命道中,アイナ・ジ・エンド,https://www.billboard-japan.com/charts/detail?a=stsongs&year=2026&month=08&day=03
2026,stsongs,2026-07-29,29,Five,嵐,https://www.billboard-japan.com/charts/detail?a=stsongs&year=2026&month=08&day=03
2026,stsongs,2026-07-29,30,ROSE,HANA,https://www.billboard-japan.com/charts/detail?a=stsongs&year=2026&month=08&day=03
2026,stsongs,2026-07-29,31,水平線,back number,https://www.billboard-japan.com/charts/detail?a=stsongs&year=2026&month=08&day=03
2026,stsongs,2026-07-29,32,マリーゴールド,あいみょん,https://www.billboard-japan.com/charts/detail?a=stsongs&year=2026&month=08&day=03
2026,stsongs,2026-07-29,33,ハッピーエンド,back number,https://www.billboard-japan.com/charts/detail?a=stsongs&year=2026&month=08&day=03
2026,stsongs,2026-07-29,34,僕のこと,Mrs.GREEN APPLE,https://www.billboard-japan.com/charts/detail?a=stsongs&year=2026&month=08&day=03
2026,stsongs,2026-07-29,35,是非に及ばず,乃木坂46,https://www.billboard-japan.com/charts/detail?a=stsongs&year=2026&month=08&day=03
2026,stsongs,2026-07-29,36,グッタイム,Snow Man,https://www.billboard-japan.com/charts/detail?a=stsongs&year=2026&month=08&day=03
2026,stsongs,2026-07-29,37,とくべチュ、して,=LOVE,https://www.billboard-japan.com/charts/detail?a=stsongs&year=2026&month=08&day=03
2026,stsongs,2026-07-29,38,HAPPY BIRTHDAY,back number,https://www.billboard-japan.com/charts/detail?a=stsongs&year=2026&month=08&day=03
2026,stsongs,2026-07-29,39,カリスマックス,Snow Man,https://www.billboard-japan.com/charts/detail?a=stsongs&year=2026&month=08&day=03
2026,stsongs,2026-07-29,40,GG EZ,M.Sasuke,https://www.billboard-japan.com/charts/detail?a=stsongs&year=2026&month=08&day=03
2026,stsongs,2026-07-29,41,夢中,BE:FIRST,https://www.billboard-japan.com/charts/detail?a=stsongs&year=2026&month=08&day=03
2026,stsongs,2026-07-29,42,怪獣の花唄,Vaundy,https://www.billboard-japan.com/charts/detail?a=stsongs&year=2026&month=08&day=03
2026,stsongs,2026-07-29,43,ヒロイン,back number,https://www.billboard-japan.com/charts/detail?a=stsongs&year=2026&month=08&day=03
2026,stsongs,2026-07-29,44,いとしのエリー,サザンオールスターズ,https://www.billboard-japan.com/charts/detail?a=stsongs&year=2026&month=08&day=03
2026,stsongs,2026-07-29,45,クスシキ,Mrs.GREEN APPLE,https://www.billboard-japan.com/charts/detail?a=stsongs&year=2026&month=08&day=03
2026,stsongs,2026-07-29,46,Lemon,米津玄師,https://www.billboard-japan.com/charts/detail?a=stsongs&year=2026&month=08&day=03
2026,stsongs,2026-07-29,47,ダンスホール,Mrs.GREEN APPLE,https://www.billboard-japan.com/charts/detail?a=stsongs&year=2026&month=08&day=03
2026,stsongs,2026-07-29,48,君はロックを聴かない,あいみょん,https://www.billboard-japan.com/charts/detail?a=stsongs&year=2026&month=08&day=03
2026,stsongs,2026-07-29,49,HOT LIMIT,T.M.Revolution,https://www.billboard-japan.com/charts/detail?a=stsongs&year=2026&month=08&day=03
2026,stsongs,2026-07-29,50,愛をこめて花束を,Superfly,https://www.billboard-japan.com/charts/detail?a=stsongs&year=2026&month=08&day=03
2026,stsongs,2026-07-29,51,BPM feat. KREVA,Kvi Baba,https://www.billboard-japan.com/charts/detail?a=stsongs&year=2026&month=08&day=03
2026,stsongs,2026-07-29,52,イイじゃん,M!LK,https://www.billboard-japan.com/charts/detail?a=stsongs&year=2026&month=08&day=03
2026,stsongs,2026-07-29,53,JANE DOE,"米津玄師, 宇多田ヒカル",https://www.billboard-japan.com/charts/detail?a=stsongs&year=2026&month=08&day=03
2026,stsongs,2026-07-29,54,ダイ・ダイ,シャキーラ&バーナ・ボーイ,https://www.billboard-japan.com/charts/detail?a=stsongs&year=2026&month=08&day=03
2026,stsongs,2026-07-29,55,風と町,Mrs.GREEN APPLE,https://www.billboard-japan.com/charts/detail?a=stsongs&year=2026&month=08&day=03
2026,stsongs,2026-07-29,56,Pretender,Official髭男dism,https://www.billboard-japan.com/charts/detail?a=stsongs&year=2026&month=08&day=03
2026,stsongs,2026-07-29,57,君の恋人になったら,back number,https://www.billboard-japan.com/charts/detail?a=stsongs&year=2026&month=08&day=03
2026,stsongs,2026-07-29,58,インフェルノ,Mrs.GREEN APPLE,https://www.billboard-japan.com/charts/detail?a=stsongs&year=2026&month=08&day=03
2026,stsongs,2026-07-29,59,SAD SONG,ちゃんみな,https://www.billboard-japan.com/charts/detail?a=stsongs&year=2026&month=08&day=03
2026,stsongs,2026-07-29,60,きらり,藤井風,https://www.billboard-japan.com/charts/detail?a=stsongs&year=2026&month=08&day=03
2026,stsongs,2026-07-29,61,真夏の果実,サザンオールスターズ,https://www.billboard-japan.com/charts/detail?a=stsongs&year=2026&month=08&day=03
2026,stsongs,2026-07-29,62,幸せ,back number,https://www.billboard-japan.com/charts/detail?a=stsongs&year=2026&month=08&day=03
2026,stsongs,2026-07-29,63,Golden,HUNTR/X,https://www.billboard-japan.com/charts/detail?a=stsongs&year=2026&month=08&day=03
2026,stsongs,2026-07-29,64,イケナイ太陽,ORANGE RANGE,https://www.billboard-japan.com/charts/detail?a=stsongs&year=2026&month=08&day=03
2026,stsongs,2026-07-29,65,新宝島,サカナクション,https://www.billboard-japan.com/charts/detail?a=stsongs&year=2026&month=08&day=03
2026,stsongs,2026-07-29,66,花火,aiko,https://www.billboard-japan.com/charts/detail?a=stsongs&year=2026&month=08&day=03
2026,stsongs,2026-07-29,67,Never Grow Up,ちゃんみな,https://www.billboard-japan.com/charts/detail?a=stsongs&year=2026&month=08&day=03
2026,stsongs,2026-07-29,68,Love so sweet,嵐,https://www.billboard-japan.com/charts/detail?a=stsongs&year=2026&month=08&day=03
2026,stsongs,2026-07-29,69,TSUNAMI,サザンオールスターズ,https://www.billboard-japan.com/charts/detail?a=stsongs&year=2026&month=08&day=03
2026,stsongs,2026-07-29,70,どうしてもどうしても,back number,https://www.billboard-japan.com/charts/detail?a=stsongs&year=2026&month=08&day=03
2026,stsongs,2026-07-29,71,幾億光年,Omoinotake,https://www.billboard-japan.com/charts/detail?a=stsongs&year=2026&month=08&day=03
2026,stsongs,2026-07-29,72,115万キロのフィルム,Official髭男dism,https://www.billboard-japan.com/charts/detail?a=stsongs&year=2026&month=08&day=03
2026,stsongs,2026-07-29,73,恋,back number,https://www.billboard-japan.com/charts/detail?a=stsongs&year=2026&month=08&day=03
2026,stsongs,2026-07-29,74,ただ君に晴れ,ヨルシカ,https://www.billboard-japan.com/charts/detail?a=stsongs&year=2026&month=08&day=03
2026,stsongs,2026-07-29,75,わたがし,back number,https://www.billboard-japan.com/charts/detail?a=stsongs&year=2026&month=08&day=03
2026,stsongs,2026-07-29,76,愛を伝えたいだとか,あいみょん,https://www.billboard-japan.com/charts/detail?a=stsongs&year=2026&month=08&day=03
2026,stsongs,2026-07-29,77,Subtitle,Official髭男dism,https://www.billboard-japan.com/charts/detail?a=stsongs&year=2026&month=08&day=03
2026,stsongs,2026-07-29,78,LEMONADE,aespa,https://www.billboard-japan.com/charts/detail?a=stsongs&year=2026&month=08&day=03
2026,stsongs,2026-07-29,79,Magic,Mrs.GREEN APPLE,https://www.billboard-japan.com/charts/detail?a=stsongs&year=2026&month=08&day=03
2026,stsongs,2026-07-29,80,ハレンチ,ちゃんみな,https://www.billboard-japan.com/charts/detail?a=stsongs&year=2026&month=08&day=03
2026,stsongs,2026-07-29,81,君が眩しいから僕は星が見えない,SIX LOUNGE,https://www.billboard-japan.com/charts/detail?a=stsongs&year=2026&month=08&day=03
2026,stsongs,2026-07-29,82,恋人ごっこ,マカロニえんぴつ,https://www.billboard-japan.com/charts/detail?a=stsongs&year=2026&month=08&day=03
2026,stsongs,2026-07-29,83,SUMMER SONG,YUI,https://www.billboard-japan.com/charts/detail?a=stsongs&year=2026&month=08&day=03
2026,stsongs,2026-07-29,84,HANABI,Mr.Children,https://www.billboard-japan.com/charts/detail?a=stsongs&year=2026&month=08&day=03
2026,stsongs,2026-07-29,85,BAD,ATEEZ,https://www.billboard-japan.com/charts/detail?a=stsongs&year=2026&month=08&day=03
2026,stsongs,2026-07-29,86,しおざきわんだーらんど (塩崎太智),M!LK,https://www.billboard-japan.com/charts/detail?a=stsongs&year=2026&month=08&day=03
2026,stsongs,2026-07-29,87,シルエット,KANA-BOON,https://www.billboard-japan.com/charts/detail?a=stsongs&year=2026&month=08&day=03
2026,stsongs,2026-07-29,88,シェイプ・オブ・ユー,エド・シーラン,https://www.billboard-japan.com/charts/detail?a=stsongs&year=2026&month=08&day=03
2026,stsongs,2026-07-29,89,Bad Girl,HANA,https://www.billboard-japan.com/charts/detail?a=stsongs&year=2026&month=08&day=03
2026,stsongs,2026-07-29,90,GOOD DAY,Mrs.GREEN APPLE,https://www.billboard-japan.com/charts/detail?a=stsongs&year=2026&month=08&day=03
2026,stsongs,2026-07-29,91,オールドファッション,back number,https://www.billboard-japan.com/charts/detail?a=stsongs&year=2026&month=08&day=03
2026,stsongs,2026-07-29,92,波乗りジョニー,桑田佳祐,https://www.billboard-japan.com/charts/detail?a=stsongs&year=2026&month=08&day=03
2026,stsongs,2026-07-29,93,奏(かなで),スキマスイッチ,https://www.billboard-japan.com/charts/detail?a=stsongs&year=2026&month=08&day=03
2026,stsongs,2026-07-29,94,ドライフラワー,優里,https://www.billboard-japan.com/charts/detail?a=stsongs&year=2026&month=08&day=03
2026,stsongs,2026-07-29,95,Tiger,HANA,https://www.billboard-japan.com/charts/detail?a=stsongs&year=2026&month=08&day=03
2026,stsongs,2026-07-29,96,満ちてゆく,藤井風,https://www.billboard-japan.com/charts/detail?a=stsongs&year=2026&month=08&day=03
2026,stsongs,2026-07-29,97,キセキ,GReeeeN,https://www.billboard-japan.com/charts/detail?a=stsongs&year=2026&month=08&day=03
2026,stsongs,2026-07-29,98,チェリー,スピッツ,https://www.billboard-japan.com/charts/detail?a=stsongs&year=2026&month=08&day=03
2026,stsongs,2026-07-29,99,今夜はビート・イット,マイケル・ジャクソン,https://www.billboard-japan.com/charts/detail?a=stsongs&year=2026&month=08&day=03
2026,stsongs,2026-07-29,100,ビリー・ジーン,マイケル・ジャクソン,https://www.billboard-japan.com/charts/detail?a=stsongs&year=2026&month=08&day=03
2026,stsongs,2026-08-05,1,Brand New,Mrs.GREEN APPLE,https://www.billboard-japan.com/charts/detail?a=stsongs&year=2026&month=08&day=10
2026,stsongs,2026-08-05,2,好きすぎて滅!,M!LK,https://www.billboard-japan.com/charts/detail?a=stsongs&year=2026&month=08&day=10
2026,stsongs,2026-08-05,3,"Yes! 東京 (feat. 超特急,M!LK,SUPER★DRAGON,Sakurashimeji,ONE N' ONLY,原因は自分にある。,BUDDiiS,ICEx,Lienel)",EBiDAN,https://www.billboard-japan.com/charts/detail?a=stsongs&year=2026&month=08&day=10
2026,stsongs,2026-08-05,4,It's Me,ILLIT,https://www.billboard-japan.com/charts/detail?a=stsongs&year=2026&month=08&day=10
2026,stsongs,2026-08-05,5,ライラック,Mrs.GREEN APPLE,https://www.billboard-japan.com/charts/detail?a=stsongs&year=2026&month=08&day=10
2026,stsongs,2026-08-05,6,IRIS OUT,米津玄師,https://www.billboard-japan.com/charts/detail?a=stsongs&year=2026&month=08&day=10
2026,stsongs,2026-08-05,7,夜の踊り子,サカナクション,https://www.billboard-japan.com/charts/detail?a=stsongs&year=2026&month=08&day=10
2026,stsongs,2026-08-05,8,爆裂愛してる,M!LK,https://www.billboard-japan.com/charts/detail?a=stsongs&year=2026&month=08&day=10
2026,stsongs,2026-08-05,9,青と夏,Mrs.GREEN APPLE,https://www.billboard-japan.com/charts/detail?a=stsongs&year=2026&month=08&day=10
2026,stsongs,2026-08-05,10,烏,米津玄師,https://www.billboard-japan.com/charts/detail?a=stsongs&year=2026&month=08&day=10
2026,stsongs,2026-08-05,11,高嶺の花子さん,back number,https://www.billboard-japan.com/charts/detail?a=stsongs&year=2026&month=08&day=10
2026,stsongs,2026-08-05,12,You!Joy!Parade!,M!LK,https://www.billboard-japan.com/charts/detail?a=stsongs&year=2026&month=08&day=10
2026,stsongs,2026-08-05,13,点描の唄 feat.井上苑子,Mrs.GREEN APPLE,https://www.billboard-japan.com/charts/detail?a=stsongs&year=2026&month=08&day=10
2026,stsongs,2026-08-05,14,GO GHOST,King Gnu,https://www.billboard-japan.com/charts/detail?a=stsongs&year=2026&month=08&day=10
2026,stsongs,2026-08-05,15,Blue Jeans,HANA,https://www.billboard-japan.com/charts/detail?a=stsongs&year=2026&month=08&day=10
2026,stsongs,2026-08-05,16,lulu.,Mrs.GREEN APPLE,https://www.billboard-japan.com/charts/detail?a=stsongs&year=2026&month=08&day=10
2026,stsongs,2026-08-05,17,夜鷹,米津玄師,https://www.billboard-japan.com/charts/detail?a=stsongs&year=2026&month=08&day=10
2026,stsongs,2026-08-05,18,Missing,BE:FIRST,https://www.billboard-japan.com/charts/detail?a=stsongs&year=2026&month=08&day=10
2026,stsongs,2026-08-05,19,ブルーアンバー,back number,https://www.billboard-japan.com/charts/detail?a=stsongs&year=2026&month=08&day=10
2026,stsongs,2026-08-05,20,花束,back number,https://www.billboard-japan.com/charts/detail?a=stsongs&year=2026&month=08&day=10
2026,stsongs,2026-08-05,21,アイドルパワー,M!LK,https://www.billboard-japan.com/charts/detail?a=stsongs&year=2026&month=08&day=10
2026,stsongs,2026-08-05,22,Soranji,Mrs.GREEN APPLE,https://www.billboard-japan.com/charts/detail?a=stsongs&year=2026&month=08&day=10
2026,stsongs,2026-08-05,23,ダーリン,Mrs.GREEN APPLE,https://www.billboard-japan.com/charts/detail?a=stsongs&year=2026&month=08&day=10
2026,stsongs,2026-08-05,24,怪獣,サカナクション,https://www.billboard-japan.com/charts/detail?a=stsongs&year=2026&month=08&day=10
2026,stsongs,2026-08-05,25,ハッピーエンド,back number,https://www.billboard-japan.com/charts/detail?a=stsongs&year=2026&month=08&day=10
2026,stsongs,2026-08-05,26,ケセラセラ,Mrs.GREEN APPLE,https://www.billboard-japan.com/charts/detail?a=stsongs&year=2026&month=08&day=10
2026,stsongs,2026-08-05,27,BUGS LIFE,Number_i,https://www.billboard-japan.com/charts/detail?a=stsongs&year=2026&month=08&day=10
2026,stsongs,2026-08-05,28,AIZO,King Gnu,https://www.billboard-japan.com/charts/detail?a=stsongs&year=2026&month=08&day=10
2026,stsongs,2026-08-05,29,ROSE,HANA,https://www.billboard-japan.com/charts/detail?a=stsongs&year=2026&month=08&day=10
2026,stsongs,2026-08-05,30,水平線,back number,https://www.billboard-japan.com/charts/detail?a=stsongs&year=2026&month=08&day=10
2026,stsongs,2026-08-05,31,革命道中,アイナ・ジ・エンド,https://www.billboard-japan.com/charts/detail?a=stsongs&year=2026&month=08&day=10
2026,stsongs,2026-08-05,32,マリーゴールド,あいみょん,https://www.billboard-japan.com/charts/detail?a=stsongs&year=2026&month=08&day=10
2026,stsongs,2026-08-05,33,Five,嵐,https://www.billboard-japan.com/charts/detail?a=stsongs&year=2026&month=08&day=10
2026,stsongs,2026-08-05,34,僕のこと,Mrs.GREEN APPLE,https://www.billboard-japan.com/charts/detail?a=stsongs&year=2026&month=08&day=10
2026,stsongs,2026-08-05,35,マイオンリー,SixTONES,https://www.billboard-japan.com/charts/detail?a=stsongs&year=2026&month=08&day=10
2026,stsongs,2026-08-05,36,とくべチュ、して,=LOVE,https://www.billboard-japan.com/charts/detail?a=stsongs&year=2026&month=08&day=10
2026,stsongs,2026-08-05,37,HAPPY BIRTHDAY,back number,https://www.billboard-japan.com/charts/detail?a=stsongs&year=2026&month=08&day=10
2026,stsongs,2026-08-05,38,ヒロイン,back number,https://www.billboard-japan.com/charts/detail?a=stsongs&year=2026&month=08&day=10
2026,stsongs,2026-08-05,39,夢中,BE:FIRST,https://www.billboard-japan.com/charts/detail?a=stsongs&year=2026&month=08&day=10
2026,stsongs,2026-08-05,40,怪獣の花唄,Vaundy,https://www.billboard-japan.com/charts/detail?a=stsongs&year=2026&month=08&day=10
2026,stsongs,2026-08-05,41,カリスマックス,Snow Man,https://www.billboard-japan.com/charts/detail?a=stsongs&year=2026&month=08&day=10
2026,stsongs,2026-08-05,42,いとしのエリー,サザンオールスターズ,https://www.billboard-japan.com/charts/detail?a=stsongs&year=2026&month=08&day=10
2026,stsongs,2026-08-05,43,KISS N TELL,aespa,https://www.billboard-japan.com/charts/detail?a=stsongs&year=2026&month=08&day=10
2026,stsongs,2026-08-05,44,クスシキ,Mrs.GREEN APPLE,https://www.billboard-japan.com/charts/detail?a=stsongs&year=2026&month=08&day=10
2026,stsongs,2026-08-05,45,BAD,ATEEZ,https://www.billboard-japan.com/charts/detail?a=stsongs&year=2026&month=08&day=10
2026,stsongs,2026-08-05,46,Lemon,米津玄師,https://www.billboard-japan.com/charts/detail?a=stsongs&year=2026&month=08&day=10
2026,stsongs,2026-08-05,47,ダンスホール,Mrs.GREEN APPLE,https://www.billboard-japan.com/charts/detail?a=stsongs&year=2026&month=08&day=10
2026,stsongs,2026-08-05,48,君の恋人になったら,back number,https://www.billboard-japan.com/charts/detail?a=stsongs&year=2026&month=08&day=10
2026,stsongs,2026-08-05,49,グッタイム,Snow Man,https://www.billboard-japan.com/charts/detail?a=stsongs&year=2026&month=08&day=10
2026,stsongs,2026-08-05,50,JANE DOE,"米津玄師, 宇多田ヒカル",https://www.billboard-japan.com/charts/detail?a=stsongs&year=2026&month=08&day=10
2026,stsongs,2026-08-05,51,君はロックを聴かない,あいみょん,https://www.billboard-japan.com/charts/detail?a=stsongs&year=2026&month=08&day=10
2026,stsongs,2026-08-05,52,イイじゃん,M!LK,https://www.billboard-japan.com/charts/detail?a=stsongs&year=2026&month=08&day=10
2026,stsongs,2026-08-05,53,Pretender,Official髭男dism,https://www.billboard-japan.com/charts/detail?a=stsongs&year=2026&month=08&day=10
2026,stsongs,2026-08-05,54,きらり,藤井風,https://www.billboard-japan.com/charts/detail?a=stsongs&year=2026&month=08&day=10
2026,stsongs,2026-08-05,55,愛をこめて花束を,Superfly,https://www.billboard-japan.com/charts/detail?a=stsongs&year=2026&month=08&day=10
2026,stsongs,2026-08-05,56,WHATCHA DOIN,JO1,https://www.billboard-japan.com/charts/detail?a=stsongs&year=2026&month=08&day=10
2026,stsongs,2026-08-05,57,インフェルノ,Mrs.GREEN APPLE,https://www.billboard-japan.com/charts/detail?a=stsongs&year=2026&month=08&day=10
2026,stsongs,2026-08-05,58,SAD SONG,ちゃんみな,https://www.billboard-japan.com/charts/detail?a=stsongs&year=2026&month=08&day=10
2026,stsongs,2026-08-05,59,幸せ,back number,https://www.billboard-japan.com/charts/detail?a=stsongs&year=2026&month=08&day=10
2026,stsongs,2026-08-05,60,イケナイ太陽,ORANGE RANGE,https://www.billboard-japan.com/charts/detail?a=stsongs&year=2026&month=08&day=10
2026,stsongs,2026-08-05,61,"I Got Your Back (feat. JISOO,MOMOKA of HANA)",ILLIT,https://www.billboard-japan.com/charts/detail?a=stsongs&year=2026&month=08&day=10
2026,stsongs,2026-08-05,62,真夏の果実,サザンオールスターズ,https://www.billboard-japan.com/charts/detail?a=stsongs&year=2026&month=08&day=10
2026,stsongs,2026-08-05,63,わたがし,back number,https://www.billboard-japan.com/charts/detail?a=stsongs&year=2026&month=08&day=10
2026,stsongs,2026-08-05,64,花火,aiko,https://www.billboard-japan.com/charts/detail?a=stsongs&year=2026&month=08&day=10
2026,stsongs,2026-08-05,65,風と町,Mrs.GREEN APPLE,https://www.billboard-japan.com/charts/detail?a=stsongs&year=2026&month=08&day=10
2026,stsongs,2026-08-05,66,BPM feat. KREVA,Kvi Baba,https://www.billboard-japan.com/charts/detail?a=stsongs&year=2026&month=08&day=10
2026,stsongs,2026-08-05,67,TSUNAMI,サザンオールスターズ,https://www.billboard-japan.com/charts/detail?a=stsongs&year=2026&month=08&day=10
2026,stsongs,2026-08-05,68,Golden,HUNTR/X,https://www.billboard-japan.com/charts/detail?a=stsongs&year=2026&month=08&day=10
2026,stsongs,2026-08-05,69,新宝島,サカナクション,https://www.billboard-japan.com/charts/detail?a=stsongs&year=2026&month=08&day=10
2026,stsongs,2026-08-05,70,115万キロのフィルム,Official髭男dism,https://www.billboard-japan.com/charts/detail?a=stsongs&year=2026&month=08&day=10
2026,stsongs,2026-08-05,71,Never Grow Up,ちゃんみな,https://www.billboard-japan.com/charts/detail?a=stsongs&year=2026&month=08&day=10
2026,stsongs,2026-08-05,72,恋,back number,https://www.billboard-japan.com/charts/detail?a=stsongs&year=2026&month=08&day=10
2026,stsongs,2026-08-05,73,幾億光年,Omoinotake,https://www.billboard-japan.com/charts/detail?a=stsongs&year=2026&month=08&day=10
2026,stsongs,2026-08-05,74,愛を伝えたいだとか,あいみょん,https://www.billboard-japan.com/charts/detail?a=stsongs&year=2026&month=08&day=10
2026,stsongs,2026-08-05,75,Subtitle,Official髭男dism,https://www.billboard-japan.com/charts/detail?a=stsongs&year=2026&month=08&day=10
2026,stsongs,2026-08-05,76,ハレンチ,ちゃんみな,https://www.billboard-japan.com/charts/detail?a=stsongs&year=2026&month=08&day=10
2026,stsongs,2026-08-05,77,HOT LIMIT,T.M.Revolution,https://www.billboard-japan.com/charts/detail?a=stsongs&year=2026&month=08&day=10
2026,stsongs,2026-08-05,78,Love so sweet,嵐,https://www.billboard-japan.com/charts/detail?a=stsongs&year=2026&month=08&day=10
2026,stsongs,2026-08-05,79,ただ君に晴れ,ヨルシカ,https://www.billboard-japan.com/charts/detail?a=stsongs&year=2026&month=08&day=10
2026,stsongs,2026-08-05,80,雪月花,ヤングスキニー,https://www.billboard-japan.com/charts/detail?a=stsongs&year=2026&month=08&day=10
2026,stsongs,2026-08-05,81,GG EZ,M.Sasuke,https://www.billboard-japan.com/charts/detail?a=stsongs&year=2026&month=08&day=10
2026,stsongs,2026-08-05,82,HANABI,Mr.Children,https://www.billboard-japan.com/charts/detail?a=stsongs&year=2026&month=08&day=10
2026,stsongs,2026-08-05,83,LEMONADE,aespa,https://www.billboard-japan.com/charts/detail?a=stsongs&year=2026&month=08&day=10
2026,stsongs,2026-08-05,84,恋人ごっこ,マカロニえんぴつ,https://www.billboard-japan.com/charts/detail?a=stsongs&year=2026&month=08&day=10
2026,stsongs,2026-08-05,85,波乗りジョニー,桑田佳祐,https://www.billboard-japan.com/charts/detail?a=stsongs&year=2026&month=08&day=10
2026,stsongs,2026-08-05,86,Magic,Mrs.GREEN APPLE,https://www.billboard-japan.com/charts/detail?a=stsongs&year=2026&month=08&day=10
2026,stsongs,2026-08-05,87,どうしてもどうしても,back number,https://www.billboard-japan.com/charts/detail?a=stsongs&year=2026&month=08&day=10
2026,stsongs,2026-08-05,88,君が眩しいから僕は星が見えない,SIX LOUNGE,https://www.billboard-japan.com/charts/detail?a=stsongs&year=2026&month=08&day=10
2026,stsongs,2026-08-05,89,シルエット,KANA-BOON,https://www.billboard-japan.com/charts/detail?a=stsongs&year=2026&month=08&day=10
2026,stsongs,2026-08-05,90,3XL,Number_i,https://www.billboard-japan.com/charts/detail?a=stsongs&year=2026&month=08&day=10
2026,stsongs,2026-08-05,91,満ちてゆく,藤井風,https://www.billboard-japan.com/charts/detail?a=stsongs&year=2026&month=08&day=10
2026,stsongs,2026-08-05,92,シェイプ・オブ・ユー,エド・シーラン,https://www.billboard-japan.com/charts/detail?a=stsongs&year=2026&month=08&day=10
2026,stsongs,2026-08-05,93,SUMMER SONG,YUI,https://www.billboard-japan.com/charts/detail?a=stsongs&year=2026&month=08&day=10
2026,stsongs,2026-08-05,94,ドライフラワー,優里,https://www.billboard-japan.com/charts/detail?a=stsongs&year=2026&month=08&day=10
2026,stsongs,2026-08-05,95,チェリー,スピッツ,https://www.billboard-japan.com/charts/detail?a=stsongs&year=2026&month=08&day=10
2026,stsongs,2026-08-05,96,Bad Girl,HANA,https://www.billboard-japan.com/charts/detail?a=stsongs&year=2026&month=08&day=10
2026,stsongs,2026-08-05,97,奏(かなで),スキマスイッチ,https://www.billboard-japan.com/charts/detail?a=stsongs&year=2026&month=08&day=10
2026,stsongs,2026-08-05,98,GOOD DAY,Mrs.GREEN APPLE,https://www.billboard-japan.com/charts/detail?a=stsongs&year=2026&month=08&day=10
2026,stsongs,2026-08-05,99,"BRUCE WAYNE feat. Flo Milli, ATL Jacob",BE:FIRST,https://www.billboard-japan.com/charts/detail?a=stsongs&year=2026&month=08&day=10
2026,stsongs,2026-08-05,100,ダイ・ダイ,シャキーラ&バーナ・ボーイ,https://www.billboard-japan.com/charts/detail?a=stsongs&year=2026&month=08&day=10
2026,stsongs,2026-08-12,1,Brand New,Mrs.GREEN APPLE,https://www.billboard-japan.com/charts/detail?a=stsongs&year=2026&month=08&day=17
2026,stsongs,2026-08-12,2,好きすぎて滅!,M!LK,https://www.billboard-japan.com/charts/detail?a=stsongs&year=2026&month=08&day=17
2026,stsongs,2026-08-12,3,It's Me,ILLIT,https://www.billboard-japan.com/charts/detail?a=stsongs&year=2026&month=08&day=17
2026,stsongs,2026-08-12,4,ライラック,Mrs.GREEN APPLE,https://www.billboard-japan.com/charts/detail?a=stsongs&year=2026&month=08&day=17
2026,stsongs,2026-08-12,5,IRIS OUT,米津玄師,https://www.billboard-japan.com/charts/detail?a=stsongs&year=2026&month=08&day=17
2026,stsongs,2026-08-12,6,夜の踊り子,サカナクション,https://www.billboard-japan.com/charts/detail?a=stsongs&year=2026&month=08&day=17
2026,stsongs,2026-08-12,7,爆裂愛してる,M!LK,https://www.billboard-japan.com/charts/detail?a=stsongs&year=2026&month=08&day=17
2026,stsongs,2026-08-12,8,青と夏,Mrs.GREEN APPLE,https://www.billboard-japan.com/charts/detail?a=stsongs&year=2026&month=08&day=17
2026,stsongs,2026-08-12,9,"Yes! 東京 (feat. 超特急,M!LK,SUPER★DRAGON,Sakurashimeji,ONE N' ONLY,原因は自分にある。,BUDDiiS,ICEx,Lienel)",EBiDAN,https://www.billboard-japan.com/charts/detail?a=stsongs&year=2026&month=08&day=17
2026,stsongs,2026-08-12,10,罪と罰と雨とキス (佐野勇斗&吉田仁人),M!LK,https://www.billboard-japan.com/charts/detail?a=stsongs&year=2026&month=08&day=17
2026,stsongs,2026-08-12,11,恋、はじめました。,=LOVE,https://www.billboard-japan.com/charts/detail?a=stsongs&year=2026&month=08&day=17
2026,stsongs,2026-08-12,12,烏,米津玄師,https://www.billboard-japan.com/charts/detail?a=stsongs&year=2026&month=08&day=17
2026,stsongs,2026-08-12,13,高嶺の花子さん,back number,https://www.billboard-japan.com/charts/detail?a=stsongs&year=2026&month=08&day=17
2026,stsongs,2026-08-12,14,点描の唄 feat.井上苑子,Mrs.GREEN APPLE,https://www.billboard-japan.com/charts/detail?a=stsongs&year=2026&month=08&day=17
2026,stsongs,2026-08-12,15,Blue Jeans,HANA,https://www.billboard-japan.com/charts/detail?a=stsongs&year=2026&month=08&day=17
2026,stsongs,2026-08-12,16,GO GHOST,King Gnu,https://www.billboard-japan.com/charts/detail?a=stsongs&year=2026&month=08&day=17
2026,stsongs,2026-08-12,17,ブルーアンバー,back number,https://www.billboard-japan.com/charts/detail?a=stsongs&year=2026&month=08&day=17
2026,stsongs,2026-08-12,18,lulu.,Mrs.GREEN APPLE,https://www.billboard-japan.com/charts/detail?a=stsongs&year=2026&month=08&day=17
2026,stsongs,2026-08-12,19,You!Joy!Parade!,M!LK,https://www.billboard-japan.com/charts/detail?a=stsongs&year=2026&month=08&day=17
2026,stsongs,2026-08-12,20,花束,back number,https://www.billboard-japan.com/charts/detail?a=stsongs&year=2026&month=08&day=17
2026,stsongs,2026-08-12,21,夜鷹,米津玄師,https://www.billboard-japan.com/charts/detail?a=stsongs&year=2026&month=08&day=17
2026,stsongs,2026-08-12,22,Soranji,Mrs.GREEN APPLE,https://www.billboard-japan.com/charts/detail?a=stsongs&year=2026&month=08&day=17
2026,stsongs,2026-08-12,23,アイドルパワー,M!LK,https://www.billboard-japan.com/charts/detail?a=stsongs&year=2026&month=08&day=17
2026,stsongs,2026-08-12,24,ダーリン,Mrs.GREEN APPLE,https://www.billboard-japan.com/charts/detail?a=stsongs&year=2026&month=08&day=17
2026,stsongs,2026-08-12,25,ケセラセラ,Mrs.GREEN APPLE,https://www.billboard-japan.com/charts/detail?a=stsongs&year=2026&month=08&day=17
2026,stsongs,2026-08-12,26,ハッピーエンド,back number,https://www.billboard-japan.com/charts/detail?a=stsongs&year=2026&month=08&day=17
2026,stsongs,2026-08-12,27,マリーゴールド,あいみょん,https://www.billboard-japan.com/charts/detail?a=stsongs&year=2026&month=08&day=17
2026,stsongs,2026-08-12,28,怪獣,サカナクション,https://www.billboard-japan.com/charts/detail?a=stsongs&year=2026&month=08&day=17
2026,stsongs,2026-08-12,29,Missing,BE:FIRST,https://www.billboard-japan.com/charts/detail?a=stsongs&year=2026&month=08&day=17
2026,stsongs,2026-08-12,30,ROSE,HANA,https://www.billboard-japan.com/charts/detail?a=stsongs&year=2026&month=08&day=17
2026,stsongs,2026-08-12,31,革命道中,アイナ・ジ・エンド,https://www.billboard-japan.com/charts/detail?a=stsongs&year=2026&month=08&day=17
2026,stsongs,2026-08-12,32,水平線,back number,https://www.billboard-japan.com/charts/detail?a=stsongs&year=2026&month=08&day=17
2026,stsongs,2026-08-12,33,AIZO,King Gnu,https://www.billboard-japan.com/charts/detail?a=stsongs&year=2026&month=08&day=17
2026,stsongs,2026-08-12,34,BUGS LIFE,Number_i,https://www.billboard-japan.com/charts/detail?a=stsongs&year=2026&month=08&day=17
2026,stsongs,2026-08-12,35,Five,嵐,https://www.billboard-japan.com/charts/detail?a=stsongs&year=2026&month=08&day=17
2026,stsongs,2026-08-12,36,僕のこと,Mrs.GREEN APPLE,https://www.billboard-japan.com/charts/detail?a=stsongs&year=2026&month=08&day=17
2026,stsongs,2026-08-12,37,"I Got Your Back (feat. JISOO,MOMOKA of HANA)",ILLIT,https://www.billboard-japan.com/charts/detail?a=stsongs&year=2026&month=08&day=17
2026,stsongs,2026-08-12,38,怪獣の花唄,Vaundy,https://www.billboard-japan.com/charts/detail?a=stsongs&year=2026&month=08&day=17
2026,stsongs,2026-08-12,39,HAPPY BIRTHDAY,back number,https://www.billboard-japan.com/charts/detail?a=stsongs&year=2026&month=08&day=17
2026,stsongs,2026-08-12,40,BAD,ATEEZ,https://www.billboard-japan.com/charts/detail?a=stsongs&year=2026&month=08&day=17
2026,stsongs,2026-08-12,41,ヒロイン,back number,https://www.billboard-japan.com/charts/detail?a=stsongs&year=2026&month=08&day=17
2026,stsongs,2026-08-12,42,マイオンリー,SixTONES,https://www.billboard-japan.com/charts/detail?a=stsongs&year=2026&month=08&day=17
2026,stsongs,2026-08-12,43,夢中,BE:FIRST,https://www.billboard-japan.com/charts/detail?a=stsongs&year=2026&month=08&day=17
2026,stsongs,2026-08-12,44,とくべチュ、して,=LOVE,https://www.billboard-japan.com/charts/detail?a=stsongs&year=2026&month=08&day=17
2026,stsongs,2026-08-12,45,"BRUCE WAYNE feat. Flo Milli, ATL Jacob",BE:FIRST,https://www.billboard-japan.com/charts/detail?a=stsongs&year=2026&month=08&day=17
2026,stsongs,2026-08-12,46,クスシキ,Mrs.GREEN APPLE,https://www.billboard-japan.com/charts/detail?a=stsongs&year=2026&month=08&day=17
2026,stsongs,2026-08-12,47,愛をこめて花束を,Superfly,https://www.billboard-japan.com/charts/detail?a=stsongs&year=2026&month=08&day=17
2026,stsongs,2026-08-12,48,真夏の果実,サザンオールスターズ,https://www.billboard-japan.com/charts/detail?a=stsongs&year=2026&month=08&day=17
2026,stsongs,2026-08-12,49,君はロックを聴かない,あいみょん,https://www.billboard-japan.com/charts/detail?a=stsongs&year=2026&month=08&day=17
2026,stsongs,2026-08-12,50,ダンスホール,Mrs.GREEN APPLE,https://www.billboard-japan.com/charts/detail?a=stsongs&year=2026&month=08&day=17
2026,stsongs,2026-08-12,51,カリスマックス,Snow Man,https://www.billboard-japan.com/charts/detail?a=stsongs&year=2026&month=08&day=17
2026,stsongs,2026-08-12,52,花火,aiko,https://www.billboard-japan.com/charts/detail?a=stsongs&year=2026&month=08&day=17
2026,stsongs,2026-08-12,53,Lemon,米津玄師,https://www.billboard-japan.com/charts/detail?a=stsongs&year=2026&month=08&day=17
2026,stsongs,2026-08-12,54,いとしのエリー,サザンオールスターズ,https://www.billboard-japan.com/charts/detail?a=stsongs&year=2026&month=08&day=17
2026,stsongs,2026-08-12,55,Pretender,Official髭男dism,https://www.billboard-japan.com/charts/detail?a=stsongs&year=2026&month=08&day=17
2026,stsongs,2026-08-12,56,わたがし,back number,https://www.billboard-japan.com/charts/detail?a=stsongs&year=2026&month=08&day=17
2026,stsongs,2026-08-12,57,きらり,藤井風,https://www.billboard-japan.com/charts/detail?a=stsongs&year=2026&month=08&day=17
2026,stsongs,2026-08-12,58,イケナイ太陽,ORANGE RANGE,https://www.billboard-japan.com/charts/detail?a=stsongs&year=2026&month=08&day=17
2026,stsongs,2026-08-12,59,インフェルノ,Mrs.GREEN APPLE,https://www.billboard-japan.com/charts/detail?a=stsongs&year=2026&month=08&day=17
2026,stsongs,2026-08-12,60,JANE DOE,"米津玄師, 宇多田ヒカル",https://www.billboard-japan.com/charts/detail?a=stsongs&year=2026&month=08&day=17
2026,stsongs,2026-08-12,61,イイじゃん,M!LK,https://www.billboard-japan.com/charts/detail?a=stsongs&year=2026&month=08&day=17
2026,stsongs,2026-08-12,62,TSUNAMI,サザンオールスターズ,https://www.billboard-japan.com/charts/detail?a=stsongs&year=2026&month=08&day=17
2026,stsongs,2026-08-12,63,消えない花火,timelesz,https://www.billboard-japan.com/charts/detail?a=stsongs&year=2026&month=08&day=17
2026,stsongs,2026-08-12,64,SAD SONG,ちゃんみな,https://www.billboard-japan.com/charts/detail?a=stsongs&year=2026&month=08&day=17
2026,stsongs,2026-08-12,65,君の恋人になったら,back number,https://www.billboard-japan.com/charts/detail?a=stsongs&year=2026&month=08&day=17
2026,stsongs,2026-08-12,66,風と町,Mrs.GREEN APPLE,https://www.billboard-japan.com/charts/detail?a=stsongs&year=2026&month=08&day=17
2026,stsongs,2026-08-12,67,見知らぬ糸,スピッツ,https://www.billboard-japan.com/charts/detail?a=stsongs&year=2026&month=08&day=17
2026,stsongs,2026-08-12,68,幾億光年,Omoinotake,https://www.billboard-japan.com/charts/detail?a=stsongs&year=2026&month=08&day=17
2026,stsongs,2026-08-12,69,幸せ,back number,https://www.billboard-japan.com/charts/detail?a=stsongs&year=2026&month=08&day=17
2026,stsongs,2026-08-12,70,ハレンチ,ちゃんみな,https://www.billboard-japan.com/charts/detail?a=stsongs&year=2026&month=08&day=17
2026,stsongs,2026-08-12,71,Golden,HUNTR/X,https://www.billboard-japan.com/charts/detail?a=stsongs&year=2026&month=08&day=17
2026,stsongs,2026-08-12,72,Subtitle,Official髭男dism,https://www.billboard-japan.com/charts/detail?a=stsongs&year=2026&month=08&day=17
2026,stsongs,2026-08-12,73,新宝島,サカナクション,https://www.billboard-japan.com/charts/detail?a=stsongs&year=2026&month=08&day=17
2026,stsongs,2026-08-12,74,HANABI,Mr.Children,https://www.billboard-japan.com/charts/detail?a=stsongs&year=2026&month=08&day=17
2026,stsongs,2026-08-12,75,115万キロのフィルム,Official髭男dism,https://www.billboard-japan.com/charts/detail?a=stsongs&year=2026&month=08&day=17
2026,stsongs,2026-08-12,76,Never Grow Up,ちゃんみな,https://www.billboard-japan.com/charts/detail?a=stsongs&year=2026&month=08&day=17
2026,stsongs,2026-08-12,77,グッタイム,Snow Man,https://www.billboard-japan.com/charts/detail?a=stsongs&year=2026&month=08&day=17
2026,stsongs,2026-08-12,78,BPM feat. KREVA,Kvi Baba,https://www.billboard-japan.com/charts/detail?a=stsongs&year=2026&month=08&day=17
2026,stsongs,2026-08-12,79,恋,back number,https://www.billboard-japan.com/charts/detail?a=stsongs&year=2026&month=08&day=17
2026,stsongs,2026-08-12,80,ただ君に晴れ,ヨルシカ,https://www.billboard-japan.com/charts/detail?a=stsongs&year=2026&month=08&day=17
2026,stsongs,2026-08-12,81,愛を伝えたいだとか,あいみょん,https://www.billboard-japan.com/charts/detail?a=stsongs&year=2026&month=08&day=17
2026,stsongs,2026-08-12,82,波乗りジョニー,桑田佳祐,https://www.billboard-japan.com/charts/detail?a=stsongs&year=2026&month=08&day=17
2026,stsongs,2026-08-12,83,Love so sweet,嵐,https://www.billboard-japan.com/charts/detail?a=stsongs&year=2026&month=08&day=17
2026,stsongs,2026-08-12,84,HOT LIMIT,T.M.Revolution,https://www.billboard-japan.com/charts/detail?a=stsongs&year=2026&month=08&day=17
2026,stsongs,2026-08-12,85,SUMMER SONG,YUI,https://www.billboard-japan.com/charts/detail?a=stsongs&year=2026&month=08&day=17
2026,stsongs,2026-08-12,86,恋人ごっこ,マカロニえんぴつ,https://www.billboard-japan.com/charts/detail?a=stsongs&year=2026&month=08&day=17
2026,stsongs,2026-08-12,87,KISS N TELL,aespa,https://www.billboard-japan.com/charts/detail?a=stsongs&year=2026&month=08&day=17
2026,stsongs,2026-08-12,88,Magic,Mrs.GREEN APPLE,https://www.billboard-japan.com/charts/detail?a=stsongs&year=2026&month=08&day=17
2026,stsongs,2026-08-12,89,WHATCHA DOIN,JO1,https://www.billboard-japan.com/charts/detail?a=stsongs&year=2026&month=08&day=17
2026,stsongs,2026-08-12,90,3XL,Number_i,https://www.billboard-japan.com/charts/detail?a=stsongs&year=2026&month=08&day=17
2026,stsongs,2026-08-12,91,GG EZ,M.Sasuke,https://www.billboard-japan.com/charts/detail?a=stsongs&year=2026&month=08&day=17
2026,stsongs,2026-08-12,92,君が眩しいから僕は星が見えない,SIX LOUNGE,https://www.billboard-japan.com/charts/detail?a=stsongs&year=2026&month=08&day=17
2026,stsongs,2026-08-12,93,満ちてゆく,藤井風,https://www.billboard-japan.com/charts/detail?a=stsongs&year=2026&month=08&day=17
2026,stsongs,2026-08-12,94,シルエット,KANA-BOON,https://www.billboard-japan.com/charts/detail?a=stsongs&year=2026&month=08&day=17
2026,stsongs,2026-08-12,95,LEMONADE,aespa,https://www.billboard-japan.com/charts/detail?a=stsongs&year=2026&month=08&day=17
2026,stsongs,2026-08-12,96,ドライフラワー,優里,https://www.billboard-japan.com/charts/detail?a=stsongs&year=2026&month=08&day=17
2026,stsongs,2026-08-12,97,どうしてもどうしても,back number,https://www.billboard-japan.com/charts/detail?a=stsongs&year=2026&month=08&day=17
2026,stsongs,2026-08-12,98,チェリー,スピッツ,https://www.billboard-japan.com/charts/detail?a=stsongs&year=2026&month=08&day=17
2026,stsongs,2026-08-12,99,シェイプ・オブ・ユー,エド・シーラン,https://www.billboard-japan.com/charts/detail?a=stsongs&year=2026&month=08&day=17
2026,stsongs,2026-08-12,100,Bad Girl,HANA,https://www.billboard-japan.com/charts/detail?a=stsongs&year=2026&month=08&day=17
2026,stsongs,2026-08-19,1,Brand New,Mrs.GREEN APPLE,https://www.billboard-japan.com/charts/detail?a=stsongs&year=2026&month=08&day=24
2026,stsongs,2026-08-19,2,好きすぎて滅!,M!LK,https://www.billboard-japan.com/charts/detail?a=stsongs&year=2026&month=08&day=24
2026,stsongs,2026-08-19,3,"Yes! 東京 (feat. 超特急,M!LK,SUPER★DRAGON,Sakurashimeji,ONE N' ONLY,原因は自分にある。,BUDDiiS,ICEx,Lienel)",EBiDAN,https://www.billboard-japan.com/charts/detail?a=stsongs&year=2026&month=08&day=24
2026,stsongs,2026-08-19,4,It's Me,ILLIT,https://www.billboard-japan.com/charts/detail?a=stsongs&year=2026&month=08&day=24
2026,stsongs,2026-08-19,5,ライラック,Mrs.GREEN APPLE,https://www.billboard-japan.com/charts/detail?a=stsongs&year=2026&month=08&day=24
2026,stsongs,2026-08-19,6,夜の踊り子,サカナクション,https://www.billboard-japan.com/charts/detail?a=stsongs&year=2026&month=08&day=24
2026,stsongs,2026-08-19,7,IRIS OUT,米津玄師,https://www.billboard-japan.com/charts/detail?a=stsongs&year=2026&month=08&day=24
2026,stsongs,2026-08-19,8,青と夏,Mrs.GREEN APPLE,https://www.billboard-japan.com/charts/detail?a=stsongs&year=2026&month=08&day=24
2026,stsongs,2026-08-19,9,爆裂愛してる,M!LK,https://www.billboard-japan.com/charts/detail?a=stsongs&year=2026&month=08&day=24
2026,stsongs,2026-08-19,10,高嶺の花子さん,back number,https://www.billboard-japan.com/charts/detail?a=stsongs&year=2026&month=08&day=24
2026,stsongs,2026-08-19,11,点描の唄 feat.井上苑子,Mrs.GREEN APPLE,https://www.billboard-japan.com/charts/detail?a=stsongs&year=2026&month=08&day=24
2026,stsongs,2026-08-19,12,見知らぬ糸,スピッツ,https://www.billboard-japan.com/charts/detail?a=stsongs&year=2026&month=08&day=24
2026,stsongs,2026-08-19,13,恋、はじめました。,=LOVE,https://www.billboard-japan.com/charts/detail?a=stsongs&year=2026&month=08&day=24
2026,stsongs,2026-08-19,14,Blue Jeans,HANA,https://www.billboard-japan.com/charts/detail?a=stsongs&year=2026&month=08&day=24
2026,stsongs,2026-08-19,15,烏,米津玄師,https://www.billboard-japan.com/charts/detail?a=stsongs&year=2026&month=08&day=24
2026,stsongs,2026-08-19,16,ブルーアンバー,back number,https://www.billboard-japan.com/charts/detail?a=stsongs&year=2026&month=08&day=24
2026,stsongs,2026-08-19,17,Yes! 東京 (M!LK ver. 体験入学),EBiDAN,https://www.billboard-japan.com/charts/detail?a=stsongs&year=2026&month=08&day=24
2026,stsongs,2026-08-19,18,lulu.,Mrs.GREEN APPLE,https://www.billboard-japan.com/charts/detail?a=stsongs&year=2026&month=08&day=24
2026,stsongs,2026-08-19,19,花束,back number,https://www.billboard-japan.com/charts/detail?a=stsongs&year=2026&month=08&day=24
2026,stsongs,2026-08-19,20,ダーリン,Mrs.GREEN APPLE,https://www.billboard-japan.com/charts/detail?a=stsongs&year=2026&month=08&day=24
2026,stsongs,2026-08-19,21,Soranji,Mrs.GREEN APPLE,https://www.billboard-japan.com/charts/detail?a=stsongs&year=2026&month=08&day=24
2026,stsongs,2026-08-19,22,ケセラセラ,Mrs.GREEN APPLE,https://www.billboard-japan.com/charts/detail?a=stsongs&year=2026&month=08&day=24
2026,stsongs,2026-08-19,23,You!Joy!Parade!,M!LK,https://www.billboard-japan.com/charts/detail?a=stsongs&year=2026&month=08&day=24
2026,stsongs,2026-08-19,24,マリーゴールド,あいみょん,https://www.billboard-japan.com/charts/detail?a=stsongs&year=2026&month=08&day=24
2026,stsongs,2026-08-19,25,アイドルパワー,M!LK,https://www.billboard-japan.com/charts/detail?a=stsongs&year=2026&month=08&day=24
2026,stsongs,2026-08-19,26,怪獣,サカナクション,https://www.billboard-japan.com/charts/detail?a=stsongs&year=2026&month=08&day=24
2026,stsongs,2026-08-19,27,ハッピーエンド,back number,https://www.billboard-japan.com/charts/detail?a=stsongs&year=2026&month=08&day=24
2026,stsongs,2026-08-19,28,夜鷹,米津玄師,https://www.billboard-japan.com/charts/detail?a=stsongs&year=2026&month=08&day=24
2026,stsongs,2026-08-19,29,水平線,back number,https://www.billboard-japan.com/charts/detail?a=stsongs&year=2026&month=08&day=24
2026,stsongs,2026-08-19,30,ROSE,HANA,https://www.billboard-japan.com/charts/detail?a=stsongs&year=2026&month=08&day=24
2026,stsongs,2026-08-19,31,革命道中,アイナ・ジ・エンド,https://www.billboard-japan.com/charts/detail?a=stsongs&year=2026&month=08&day=24
2026,stsongs,2026-08-19,32,罪と罰と雨とキス (佐野勇斗&吉田仁人),M!LK,https://www.billboard-japan.com/charts/detail?a=stsongs&year=2026&month=08&day=24
2026,stsongs,2026-08-19,33,Missing,BE:FIRST,https://www.billboard-japan.com/charts/detail?a=stsongs&year=2026&month=08&day=24
2026,stsongs,2026-08-19,34,GO GHOST,King Gnu,https://www.billboard-japan.com/charts/detail?a=stsongs&year=2026&month=08&day=24
2026,stsongs,2026-08-19,35,僕のこと,Mrs.GREEN APPLE,https://www.billboard-japan.com/charts/detail?a=stsongs&year=2026&month=08&day=24
2026,stsongs,2026-08-19,36,AIZO,King Gnu,https://www.billboard-japan.com/charts/detail?a=stsongs&year=2026&month=08&day=24
2026,stsongs,2026-08-19,37,Five,嵐,https://www.billboard-japan.com/charts/detail?a=stsongs&year=2026&month=08&day=24
2026,stsongs,2026-08-19,38,Yes! 東京 (原因は自分にある。 ver. 体験入学),EBiDAN,https://www.billboard-japan.com/charts/detail?a=stsongs&year=2026&month=08&day=24
2026,stsongs,2026-08-19,39,BAD,ATEEZ,https://www.billboard-japan.com/charts/detail?a=stsongs&year=2026&month=08&day=24
2026,stsongs,2026-08-19,40,怪獣の花唄,Vaundy,https://www.billboard-japan.com/charts/detail?a=stsongs&year=2026&month=08&day=24
2026,stsongs,2026-08-19,41,BUGS LIFE,Number_i,https://www.billboard-japan.com/charts/detail?a=stsongs&year=2026&month=08&day=24
2026,stsongs,2026-08-19,42,HAPPY BIRTHDAY,back number,https://www.billboard-japan.com/charts/detail?a=stsongs&year=2026&month=08&day=24
2026,stsongs,2026-08-19,43,ヒロイン,back number,https://www.billboard-japan.com/charts/detail?a=stsongs&year=2026&month=08&day=24
2026,stsongs,2026-08-19,44,"I Got Your Back (feat. JISOO,MOMOKA of HANA)",ILLIT,https://www.billboard-japan.com/charts/detail?a=stsongs&year=2026&month=08&day=24
2026,stsongs,2026-08-19,45,マイオンリー,SixTONES,https://www.billboard-japan.com/charts/detail?a=stsongs&year=2026&month=08&day=24
2026,stsongs,2026-08-19,46,とくべチュ、して,=LOVE,https://www.billboard-japan.com/charts/detail?a=stsongs&year=2026&month=08&day=24
2026,stsongs,2026-08-19,47,クスシキ,Mrs.GREEN APPLE,https://www.billboard-japan.com/charts/detail?a=stsongs&year=2026&month=08&day=24
2026,stsongs,2026-08-19,48,真夏の果実,サザンオールスターズ,https://www.billboard-japan.com/charts/detail?a=stsongs&year=2026&month=08&day=24
2026,stsongs,2026-08-19,49,夢中,BE:FIRST,https://www.billboard-japan.com/charts/detail?a=stsongs&year=2026&month=08&day=24
2026,stsongs,2026-08-19,50,愛をこめて花束を,Superfly,https://www.billboard-japan.com/charts/detail?a=stsongs&year=2026&month=08&day=24
2026,stsongs,2026-08-19,51,君はロックを聴かない,あいみょん,https://www.billboard-japan.com/charts/detail?a=stsongs&year=2026&month=08&day=24
2026,stsongs,2026-08-19,52,ダンスホール,Mrs.GREEN APPLE,https://www.billboard-japan.com/charts/detail?a=stsongs&year=2026&month=08&day=24
2026,stsongs,2026-08-19,53,Pretender,Official髭男dism,https://www.billboard-japan.com/charts/detail?a=stsongs&year=2026&month=08&day=24
2026,stsongs,2026-08-19,54,カリスマックス,Snow Man,https://www.billboard-japan.com/charts/detail?a=stsongs&year=2026&month=08&day=24
2026,stsongs,2026-08-19,55,Lemon,米津玄師,https://www.billboard-japan.com/charts/detail?a=stsongs&year=2026&month=08&day=24
2026,stsongs,2026-08-19,56,インフェルノ,Mrs.GREEN APPLE,https://www.billboard-japan.com/charts/detail?a=stsongs&year=2026&month=08&day=24
2026,stsongs,2026-08-19,57,Yes! 東京 (超特急 ver. 体験入学),EBiDAN,https://www.billboard-japan.com/charts/detail?a=stsongs&year=2026&month=08&day=24
2026,stsongs,2026-08-19,58,きらり,藤井風,https://www.billboard-japan.com/charts/detail?a=stsongs&year=2026&month=08&day=24
2026,stsongs,2026-08-19,59,イケナイ太陽,ORANGE RANGE,https://www.billboard-japan.com/charts/detail?a=stsongs&year=2026&month=08&day=24
2026,stsongs,2026-08-19,60,わたがし,back number,https://www.billboard-japan.com/charts/detail?a=stsongs&year=2026&month=08&day=24
2026,stsongs,2026-08-19,61,TSUNAMI,サザンオールスターズ,https://www.billboard-japan.com/charts/detail?a=stsongs&year=2026&month=08&day=24
2026,stsongs,2026-08-19,62,花火,aiko,https://www.billboard-japan.com/charts/detail?a=stsongs&year=2026&month=08&day=24
2026,stsongs,2026-08-19,63,JANE DOE,"米津玄師, 宇多田ヒカル",https://www.billboard-japan.com/charts/detail?a=stsongs&year=2026&month=08&day=24
2026,stsongs,2026-08-19,64,イイじゃん,M!LK,https://www.billboard-japan.com/charts/detail?a=stsongs&year=2026&month=08&day=24
2026,stsongs,2026-08-19,65,幾億光年,Omoinotake,https://www.billboard-japan.com/charts/detail?a=stsongs&year=2026&month=08&day=24
2026,stsongs,2026-08-19,66,君の恋人になったら,back number,https://www.billboard-japan.com/charts/detail?a=stsongs&year=2026&month=08&day=24
2026,stsongs,2026-08-19,67,新宝島,サカナクション,https://www.billboard-japan.com/charts/detail?a=stsongs&year=2026&month=08&day=24
2026,stsongs,2026-08-19,68,いとしのエリー,サザンオールスターズ,https://www.billboard-japan.com/charts/detail?a=stsongs&year=2026&month=08&day=24
2026,stsongs,2026-08-19,69,風と町,Mrs.GREEN APPLE,https://www.billboard-japan.com/charts/detail?a=stsongs&year=2026&month=08&day=24
2026,stsongs,2026-08-19,70,幸せ,back number,https://www.billboard-japan.com/charts/detail?a=stsongs&year=2026&month=08&day=24
2026,stsongs,2026-08-19,71,モンストロ,Ado,https://www.billboard-japan.com/charts/detail?a=stsongs&year=2026&month=08&day=24
2026,stsongs,2026-08-19,72,SAD SONG,ちゃんみな,https://www.billboard-japan.com/charts/detail?a=stsongs&year=2026&month=08&day=24
2026,stsongs,2026-08-19,73,Subtitle,Official髭男dism,https://www.billboard-japan.com/charts/detail?a=stsongs&year=2026&month=08&day=24
2026,stsongs,2026-08-19,74,Yes! 東京 (ONE N' ONLY ver. 体験入学),EBiDAN,https://www.billboard-japan.com/charts/detail?a=stsongs&year=2026&month=08&day=24
2026,stsongs,2026-08-19,75,HANABI,Mr.Children,https://www.billboard-japan.com/charts/detail?a=stsongs&year=2026&month=08&day=24
2026,stsongs,2026-08-19,76,115万キロのフィルム,Official髭男dism,https://www.billboard-japan.com/charts/detail?a=stsongs&year=2026&month=08&day=24
2026,stsongs,2026-08-19,77,ただ君に晴れ,ヨルシカ,https://www.billboard-japan.com/charts/detail?a=stsongs&year=2026&month=08&day=24
2026,stsongs,2026-08-19,78,波乗りジョニー,桑田佳祐,https://www.billboard-japan.com/charts/detail?a=stsongs&year=2026&month=08&day=24
2026,stsongs,2026-08-19,79,Love so sweet,嵐,https://www.billboard-japan.com/charts/detail?a=stsongs&year=2026&month=08&day=24
2026,stsongs,2026-08-19,80,This & That,Stray Kids,https://www.billboard-japan.com/charts/detail?a=stsongs&year=2026&month=08&day=24
2026,stsongs,2026-08-19,81,ハレンチ,ちゃんみな,https://www.billboard-japan.com/charts/detail?a=stsongs&year=2026&month=08&day=24
2026,stsongs,2026-08-19,82,HOT LIMIT,T.M.Revolution,https://www.billboard-japan.com/charts/detail?a=stsongs&year=2026&month=08&day=24
2026,stsongs,2026-08-19,83,Golden,HUNTR/X,https://www.billboard-japan.com/charts/detail?a=stsongs&year=2026&month=08&day=24
2026,stsongs,2026-08-19,84,恋,back number,https://www.billboard-japan.com/charts/detail?a=stsongs&year=2026&month=08&day=24
2026,stsongs,2026-08-19,85,チェリー,スピッツ,https://www.billboard-japan.com/charts/detail?a=stsongs&year=2026&month=08&day=24
2026,stsongs,2026-08-19,86,愛を伝えたいだとか,あいみょん,https://www.billboard-japan.com/charts/detail?a=stsongs&year=2026&month=08&day=24
2026,stsongs,2026-08-19,87,BPM feat. KREVA,Kvi Baba,https://www.billboard-japan.com/charts/detail?a=stsongs&year=2026&month=08&day=24
2026,stsongs,2026-08-19,88,恋人ごっこ,マカロニえんぴつ,https://www.billboard-japan.com/charts/detail?a=stsongs&year=2026&month=08&day=24
2026,stsongs,2026-08-19,89,Magic,Mrs.GREEN APPLE,https://www.billboard-japan.com/charts/detail?a=stsongs&year=2026&month=08&day=24
2026,stsongs,2026-08-19,90,Never Grow Up,ちゃんみな,https://www.billboard-japan.com/charts/detail?a=stsongs&year=2026&month=08&day=24
2026,stsongs,2026-08-19,91,グッタイム,Snow Man,https://www.billboard-japan.com/charts/detail?a=stsongs&year=2026&month=08&day=24
2026,stsongs,2026-08-19,92,SAKURA,JO1,https://www.billboard-japan.com/charts/detail?a=stsongs&year=2026&month=08&day=24
2026,stsongs,2026-08-19,93,ドライフラワー,優里,https://www.billboard-japan.com/charts/detail?a=stsongs&year=2026&month=08&day=24
2026,stsongs,2026-08-19,94,シルエット,KANA-BOON,https://www.billboard-japan.com/charts/detail?a=stsongs&year=2026&month=08&day=24
2026,stsongs,2026-08-19,95,小さな恋のうた,MONGOL800,https://www.billboard-japan.com/charts/detail?a=stsongs&year=2026&month=08&day=24
2026,stsongs,2026-08-19,96,満ちてゆく,藤井風,https://www.billboard-japan.com/charts/detail?a=stsongs&year=2026&month=08&day=24
2026,stsongs,2026-08-19,97,SUMMER SONG,YUI,https://www.billboard-japan.com/charts/detail?a=stsongs&year=2026&month=08&day=24
2026,stsongs,2026-08-19,98,シェイプ・オブ・ユー,エド・シーラン,https://www.billboard-japan.com/charts/detail?a=stsongs&year=2026&month=08&day=24
2026,stsongs,2026-08-19,99,晩餐歌,tuki.,https://www.billboard-japan.com/charts/detail?a=stsongs&year=2026&month=08&day=24
2026,stsongs,2026-08-19,100,Bad Girl,HANA,https://www.billboard-japan.com/charts/detail?a=stsongs&year=2026&month=08&day=24
2026,stsongs,2026-08-26,1,Brand New,Mrs.GREEN APPLE,https://www.billboard-japan.com/charts/detail?a=stsongs&year=2026&month=08&day=31
2026,stsongs,2026-08-26,2,"Yes! 東京 (feat. 超特急,M!LK,SUPER★DRAGON,Sakurashimeji,ONE N' ONLY,原因は自分にある。,BUDDiiS,ICEx,Lienel)",EBiDAN,https://www.billboard-japan.com/charts/detail?a=stsongs&year=2026&month=08&day=31
2026,stsongs,2026-08-26,3,It's Me,ILLIT,https://www.billboard-japan.com/charts/detail?a=stsongs&year=2026&month=08&day=31
2026,stsongs,2026-08-26,4,好きすぎて滅!,M!LK,https://www.billboard-japan.com/charts/detail?a=stsongs&year=2026&month=08&day=31
2026,stsongs,2026-08-26,5,ライラック,Mrs.GREEN APPLE,https://www.billboard-japan.com/charts/detail?a=stsongs&year=2026&month=08&day=31
2026,stsongs,2026-08-26,6,IRIS OUT,米津玄師,https://www.billboard-japan.com/charts/detail?a=stsongs&year=2026&month=08&day=31
2026,stsongs,2026-08-26,7,爆裂愛してる,M!LK,https://www.billboard-japan.com/charts/detail?a=stsongs&year=2026&month=08&day=31
2026,stsongs,2026-08-26,8,夜の踊り子,サカナクション,https://www.billboard-japan.com/charts/detail?a=stsongs&year=2026&month=08&day=31
2026,stsongs,2026-08-26,9,青と夏,Mrs.GREEN APPLE,https://www.billboard-japan.com/charts/detail?a=stsongs&year=2026&month=08&day=31
2026,stsongs,2026-08-26,10,見知らぬ糸,スピッツ,https://www.billboard-japan.com/charts/detail?a=stsongs&year=2026&month=08&day=31
2026,stsongs,2026-08-26,11,高嶺の花子さん,back number,https://www.billboard-japan.com/charts/detail?a=stsongs&year=2026&month=08&day=31
2026,stsongs,2026-08-26,12,点描の唄 feat.井上苑子,Mrs.GREEN APPLE,https://www.billboard-japan.com/charts/detail?a=stsongs&year=2026&month=08&day=31
2026,stsongs,2026-08-26,13,Yes! 東京 (M!LK ver. 体験入学),EBiDAN,https://www.billboard-japan.com/charts/detail?a=stsongs&year=2026&month=08&day=31
2026,stsongs,2026-08-26,14,ブルーアンバー,back number,https://www.billboard-japan.com/charts/detail?a=stsongs&year=2026&month=08&day=31
2026,stsongs,2026-08-26,15,Blue Jeans,HANA,https://www.billboard-japan.com/charts/detail?a=stsongs&year=2026&month=08&day=31
2026,stsongs,2026-08-26,16,烏,米津玄師,https://www.billboard-japan.com/charts/detail?a=stsongs&year=2026&month=08&day=31
2026,stsongs,2026-08-26,17,恋、はじめました。,=LOVE,https://www.billboard-japan.com/charts/detail?a=stsongs&year=2026&month=08&day=31
2026,stsongs,2026-08-26,18,lulu.,Mrs.GREEN APPLE,https://www.billboard-japan.com/charts/detail?a=stsongs&year=2026&month=08&day=31
2026,stsongs,2026-08-26,19,Soranji,Mrs.GREEN APPLE,https://www.billboard-japan.com/charts/detail?a=stsongs&year=2026&month=08&day=31
2026,stsongs,2026-08-26,20,花束,back number,https://www.billboard-japan.com/charts/detail?a=stsongs&year=2026&month=08&day=31
2026,stsongs,2026-08-26,21,ダーリン,Mrs.GREEN APPLE,https://www.billboard-japan.com/charts/detail?a=stsongs&year=2026&month=08&day=31
2026,stsongs,2026-08-26,22,セツナハナビ (Setsuna Hanabi),TOMORROW X TOGETHER,https://www.billboard-japan.com/charts/detail?a=stsongs&year=2026&month=08&day=31
2026,stsongs,2026-08-26,23,ケセラセラ,Mrs.GREEN APPLE,https://www.billboard-japan.com/charts/detail?a=stsongs&year=2026&month=08&day=31
2026,stsongs,2026-08-26,24,ハッピーエンド,back number,https://www.billboard-japan.com/charts/detail?a=stsongs&year=2026&month=08&day=31
2026,stsongs,2026-08-26,25,マリーゴールド,あいみょん,https://www.billboard-japan.com/charts/detail?a=stsongs&year=2026&month=08&day=31
2026,stsongs,2026-08-26,26,水平線,back number,https://www.billboard-japan.com/charts/detail?a=stsongs&year=2026&month=08&day=31
2026,stsongs,2026-08-26,27,怪獣,サカナクション,https://www.billboard-japan.com/charts/detail?a=stsongs&year=2026&month=08&day=31
2026,stsongs,2026-08-26,28,You!Joy!Parade!,M!LK,https://www.billboard-japan.com/charts/detail?a=stsongs&year=2026&month=08&day=31
2026,stsongs,2026-08-26,29,アイドルパワー,M!LK,https://www.billboard-japan.com/charts/detail?a=stsongs&year=2026&month=08&day=31
2026,stsongs,2026-08-26,30,ROSE,HANA,https://www.billboard-japan.com/charts/detail?a=stsongs&year=2026&month=08&day=31
2026,stsongs,2026-08-26,31,革命道中,アイナ・ジ・エンド,https://www.billboard-japan.com/charts/detail?a=stsongs&year=2026&month=08&day=31
2026,stsongs,2026-08-26,32,夜鷹,米津玄師,https://www.billboard-japan.com/charts/detail?a=stsongs&year=2026&month=08&day=31
2026,stsongs,2026-08-26,33,Missing,BE:FIRST,https://www.billboard-japan.com/charts/detail?a=stsongs&year=2026&month=08&day=31
2026,stsongs,2026-08-26,34,Yes! 東京 (原因は自分にある。 ver. 体験入学),EBiDAN,https://www.billboard-japan.com/charts/detail?a=stsongs&year=2026&month=08&day=31
2026,stsongs,2026-08-26,35,僕のこと,Mrs.GREEN APPLE,https://www.billboard-japan.com/charts/detail?a=stsongs&year=2026&month=08&day=31
2026,stsongs,2026-08-26,36,マイオンリー,SixTONES,https://www.billboard-japan.com/charts/detail?a=stsongs&year=2026&month=08&day=31
2026,stsongs,2026-08-26,37,Five,嵐,https://www.billboard-japan.com/charts/detail?a=stsongs&year=2026&month=08&day=31
2026,stsongs,2026-08-26,38,BAD,ATEEZ,https://www.billboard-japan.com/charts/detail?a=stsongs&year=2026&month=08&day=31
2026,stsongs,2026-08-26,39,GO GHOST,King Gnu,https://www.billboard-japan.com/charts/detail?a=stsongs&year=2026&month=08&day=31
2026,stsongs,2026-08-26,40,AIZO,King Gnu,https://www.billboard-japan.com/charts/detail?a=stsongs&year=2026&month=08&day=31
2026,stsongs,2026-08-26,41,罪と罰と雨とキス (佐野勇斗&吉田仁人),M!LK,https://www.billboard-japan.com/charts/detail?a=stsongs&year=2026&month=08&day=31
2026,stsongs,2026-08-26,42,HAPPY BIRTHDAY,back number,https://www.billboard-japan.com/charts/detail?a=stsongs&year=2026&month=08&day=31
2026,stsongs,2026-08-26,43,怪獣の花唄,Vaundy,https://www.billboard-japan.com/charts/detail?a=stsongs&year=2026&month=08&day=31
2026,stsongs,2026-08-26,44,ヒロイン,back number,https://www.billboard-japan.com/charts/detail?a=stsongs&year=2026&month=08&day=31
2026,stsongs,2026-08-26,45,BUGS LIFE,Number_i,https://www.billboard-japan.com/charts/detail?a=stsongs&year=2026&month=08&day=31
2026,stsongs,2026-08-26,46,とくべチュ、して,=LOVE,https://www.billboard-japan.com/charts/detail?a=stsongs&year=2026&month=08&day=31
2026,stsongs,2026-08-26,47,Yes! 東京 (超特急 ver. 体験入学),EBiDAN,https://www.billboard-japan.com/charts/detail?a=stsongs&year=2026&month=08&day=31
2026,stsongs,2026-08-26,48,"I Got Your Back (feat. JISOO,MOMOKA of HANA)",ILLIT,https://www.billboard-japan.com/charts/detail?a=stsongs&year=2026&month=08&day=31
2026,stsongs,2026-08-26,49,夢中,BE:FIRST,https://www.billboard-japan.com/charts/detail?a=stsongs&year=2026&month=08&day=31
2026,stsongs,2026-08-26,50,クスシキ,Mrs.GREEN APPLE,https://www.billboard-japan.com/charts/detail?a=stsongs&year=2026&month=08&day=31
2026,stsongs,2026-08-26,51,Pretender,Official髭男dism,https://www.billboard-japan.com/charts/detail?a=stsongs&year=2026&month=08&day=31
2026,stsongs,2026-08-26,52,真夏の果実,サザンオールスターズ,https://www.billboard-japan.com/charts/detail?a=stsongs&year=2026&month=08&day=31
2026,stsongs,2026-08-26,53,君はロックを聴かない,あいみょん,https://www.billboard-japan.com/charts/detail?a=stsongs&year=2026&month=08&day=31
2026,stsongs,2026-08-26,54,ダンスホール,Mrs.GREEN APPLE,https://www.billboard-japan.com/charts/detail?a=stsongs&year=2026&month=08&day=31
2026,stsongs,2026-08-26,55,Yes! 東京 (ONE N' ONLY ver. 体験入学),EBiDAN,https://www.billboard-japan.com/charts/detail?a=stsongs&year=2026&month=08&day=31
2026,stsongs,2026-08-26,56,愛をこめて花束を,Superfly,https://www.billboard-japan.com/charts/detail?a=stsongs&year=2026&month=08&day=31
2026,stsongs,2026-08-26,57,きらり,藤井風,https://www.billboard-japan.com/charts/detail?a=stsongs&year=2026&month=08&day=31
2026,stsongs,2026-08-26,58,インフェルノ,Mrs.GREEN APPLE,https://www.billboard-japan.com/charts/detail?a=stsongs&year=2026&month=08&day=31
2026,stsongs,2026-08-26,59,Lemon,米津玄師,https://www.billboard-japan.com/charts/detail?a=stsongs&year=2026&month=08&day=31
2026,stsongs,2026-08-26,60,わたがし,back number,https://www.billboard-japan.com/charts/detail?a=stsongs&year=2026&month=08&day=31
2026,stsongs,2026-08-26,61,カリスマックス,Snow Man,https://www.billboard-japan.com/charts/detail?a=stsongs&year=2026&month=08&day=31
2026,stsongs,2026-08-26,62,TSUNAMI,サザンオールスターズ,https://www.billboard-japan.com/charts/detail?a=stsongs&year=2026&month=08&day=31
2026,stsongs,2026-08-26,63,KO1KEYZ,KO1KEYZ,https://www.billboard-japan.com/charts/detail?a=stsongs&year=2026&month=08&day=31
2026,stsongs,2026-08-26,64,幾億光年,Omoinotake,https://www.billboard-japan.com/charts/detail?a=stsongs&year=2026&month=08&day=31
2026,stsongs,2026-08-26,65,君の恋人になったら,back number,https://www.billboard-japan.com/charts/detail?a=stsongs&year=2026&month=08&day=31
2026,stsongs,2026-08-26,66,JANE DOE,"米津玄師, 宇多田ヒカル",https://www.billboard-japan.com/charts/detail?a=stsongs&year=2026&month=08&day=31
2026,stsongs,2026-08-26,67,幸せ,back number,https://www.billboard-japan.com/charts/detail?a=stsongs&year=2026&month=08&day=31
2026,stsongs,2026-08-26,68,SAD SONG,ちゃんみな,https://www.billboard-japan.com/charts/detail?a=stsongs&year=2026&month=08&day=31
2026,stsongs,2026-08-26,69,風と町,Mrs.GREEN APPLE,https://www.billboard-japan.com/charts/detail?a=stsongs&year=2026&month=08&day=31
2026,stsongs,2026-08-26,70,Subtitle,Official髭男dism,https://www.billboard-japan.com/charts/detail?a=stsongs&year=2026&month=08&day=31
2026,stsongs,2026-08-26,71,イイじゃん,M!LK,https://www.billboard-japan.com/charts/detail?a=stsongs&year=2026&month=08&day=31
2026,stsongs,2026-08-26,72,イケナイ太陽,ORANGE RANGE,https://www.billboard-japan.com/charts/detail?a=stsongs&year=2026&month=08&day=31
2026,stsongs,2026-08-26,73,BPM feat. KREVA,Kvi Baba,https://www.billboard-japan.com/charts/detail?a=stsongs&year=2026&month=08&day=31
2026,stsongs,2026-08-26,74,新宝島,サカナクション,https://www.billboard-japan.com/charts/detail?a=stsongs&year=2026&month=08&day=31
2026,stsongs,2026-08-26,75,115万キロのフィルム,Official髭男dism,https://www.billboard-japan.com/charts/detail?a=stsongs&year=2026&month=08&day=31
2026,stsongs,2026-08-26,76,恋,back number,https://www.billboard-japan.com/charts/detail?a=stsongs&year=2026&month=08&day=31
2026,stsongs,2026-08-26,77,グッタイム,Snow Man,https://www.billboard-japan.com/charts/detail?a=stsongs&year=2026&month=08&day=31
2026,stsongs,2026-08-26,78,花火,aiko,https://www.billboard-japan.com/charts/detail?a=stsongs&year=2026&month=08&day=31
2026,stsongs,2026-08-26,79,愛を伝えたいだとか,あいみょん,https://www.billboard-japan.com/charts/detail?a=stsongs&year=2026&month=08&day=31
2026,stsongs,2026-08-26,80,モンストロ,Ado,https://www.billboard-japan.com/charts/detail?a=stsongs&year=2026&month=08&day=31
2026,stsongs,2026-08-26,81,ハレンチ,ちゃんみな,https://www.billboard-japan.com/charts/detail?a=stsongs&year=2026&month=08&day=31
2026,stsongs,2026-08-26,82,Golden,HUNTR/X,https://www.billboard-japan.com/charts/detail?a=stsongs&year=2026&month=08&day=31
2026,stsongs,2026-08-26,83,ただ君に晴れ,ヨルシカ,https://www.billboard-japan.com/charts/detail?a=stsongs&year=2026&month=08&day=31
2026,stsongs,2026-08-26,84,HANABI,Mr.Children,https://www.billboard-japan.com/charts/detail?a=stsongs&year=2026&month=08&day=31
2026,stsongs,2026-08-26,85,恋人ごっこ,マカロニえんぴつ,https://www.billboard-japan.com/charts/detail?a=stsongs&year=2026&month=08&day=31
2026,stsongs,2026-08-26,86,いとしのエリー,サザンオールスターズ,https://www.billboard-japan.com/charts/detail?a=stsongs&year=2026&month=08&day=31
2026,stsongs,2026-08-26,87,Love so sweet,嵐,https://www.billboard-japan.com/charts/detail?a=stsongs&year=2026&month=08&day=31
2026,stsongs,2026-08-26,88,Boom Boom Boom,BOYNEXTDOOR,https://www.billboard-japan.com/charts/detail?a=stsongs&year=2026&month=08&day=31
2026,stsongs,2026-08-26,89,Never Grow Up,ちゃんみな,https://www.billboard-japan.com/charts/detail?a=stsongs&year=2026&month=08&day=31
2026,stsongs,2026-08-26,90,チェリー,スピッツ,https://www.billboard-japan.com/charts/detail?a=stsongs&year=2026&month=08&day=31
2026,stsongs,2026-08-26,91,HOT LIMIT,T.M.Revolution,https://www.billboard-japan.com/charts/detail?a=stsongs&year=2026&month=08&day=31
2026,stsongs,2026-08-26,92,ドライフラワー,優里,https://www.billboard-japan.com/charts/detail?a=stsongs&year=2026&month=08&day=31
2026,stsongs,2026-08-26,93,好き,星野源,https://www.billboard-japan.com/charts/detail?a=stsongs&year=2026&month=08&day=31
2026,stsongs,2026-08-26,94,Magic,Mrs.GREEN APPLE,https://www.billboard-japan.com/charts/detail?a=stsongs&year=2026&month=08&day=31
2026,stsongs,2026-08-26,95,波乗りジョニー,桑田佳祐,https://www.billboard-japan.com/charts/detail?a=stsongs&year=2026&month=08&day=31
2026,stsongs,2026-08-26,96,Wherever you are,ONE OK ROCK,https://www.billboard-japan.com/charts/detail?a=stsongs&year=2026&month=08&day=31
2026,stsongs,2026-08-26,97,満ちてゆく,藤井風,https://www.billboard-japan.com/charts/detail?a=stsongs&year=2026&month=08&day=31
2026,stsongs,2026-08-26,98,晩餐歌,tuki.,https://www.billboard-japan.com/charts/detail?a=stsongs&year=2026&month=08&day=31
2026,stsongs,2026-08-26,99,シェイプ・オブ・ユー,エド・シーラン,https://www.billboard-japan.com/charts/detail?a=stsongs&year=2026&month=08&day=31
2026,stsongs,2026-08-26,100,Bad Girl,HANA,https://www.billboard-japan.com/charts/detail?a=stsongs&year=2026&month=08&day=31
2026,stsongs,2026-09-02,1,Brand New,Mrs.GREEN APPLE,https://www.billboard-japan.com/charts/detail?a=stsongs
2026,stsongs,2026-09-02,2,"Yes! 東京 (feat. 超特急,M!LK,SUPER★DRAGON,Sakurashimeji,ONE N' ONLY,原因は自分にある。,BUDDiiS,ICEx,Lienel)",EBiDAN,https://www.billboard-japan.com/charts/detail?a=stsongs
2026,stsongs,2026-09-02,3,好きすぎて滅!,M!LK,https://www.billboard-japan.com/charts/detail?a=stsongs
2026,stsongs,2026-09-02,4,It's Me,ILLIT,https://www.billboard-japan.com/charts/detail?a=stsongs
2026,stsongs,2026-09-02,5,ライラック,Mrs.GREEN APPLE,https://www.billboard-japan.com/charts/detail?a=stsongs
2026,stsongs,2026-09-02,6,IRIS OUT,米津玄師,https://www.billboard-japan.com/charts/detail?a=stsongs
2026,stsongs,2026-09-02,7,爆裂愛してる,M!LK,https://www.billboard-japan.com/charts/detail?a=stsongs
2026,stsongs,2026-09-02,8,見知らぬ糸,スピッツ,https://www.billboard-japan.com/charts/detail?a=stsongs
2026,stsongs,2026-09-02,9,青と夏,Mrs.GREEN APPLE,https://www.billboard-japan.com/charts/detail?a=stsongs
2026,stsongs,2026-09-02,10,夜の踊り子,サカナクション,https://www.billboard-japan.com/charts/detail?a=stsongs
2026,stsongs,2026-09-02,11,高嶺の花子さん,back number,https://www.billboard-japan.com/charts/detail?a=stsongs
2026,stsongs,2026-09-02,12,恋、はじめました。,=LOVE,https://www.billboard-japan.com/charts/detail?a=stsongs
2026,stsongs,2026-09-02,13,点描の唄 feat.井上苑子,Mrs.GREEN APPLE,https://www.billboard-japan.com/charts/detail?a=stsongs
2026,stsongs,2026-09-02,14,ブルーアンバー,back number,https://www.billboard-japan.com/charts/detail?a=stsongs
2026,stsongs,2026-09-02,15,Blue Jeans,HANA,https://www.billboard-japan.com/charts/detail?a=stsongs
2026,stsongs,2026-09-02,16,lulu.,Mrs.GREEN APPLE,https://www.billboard-japan.com/charts/detail?a=stsongs
2026,stsongs,2026-09-02,17,烏,米津玄師,https://www.billboard-japan.com/charts/detail?a=stsongs
2026,stsongs,2026-09-02,18,花束,back number,https://www.billboard-japan.com/charts/detail?a=stsongs
2026,stsongs,2026-09-02,19,Soranji,Mrs.GREEN APPLE,https://www.billboard-japan.com/charts/detail?a=stsongs
2026,stsongs,2026-09-02,20,ダーリン,Mrs.GREEN APPLE,https://www.billboard-japan.com/charts/detail?a=stsongs
2026,stsongs,2026-09-02,21,マリーゴールド,あいみょん,https://www.billboard-japan.com/charts/detail?a=stsongs
2026,stsongs,2026-09-02,22,灰色,大森元貴,https://www.billboard-japan.com/charts/detail?a=stsongs
2026,stsongs,2026-09-02,23,ハッピーエンド,back number,https://www.billboard-japan.com/charts/detail?a=stsongs
2026,stsongs,2026-09-02,24,ケセラセラ,Mrs.GREEN APPLE,https://www.billboard-japan.com/charts/detail?a=stsongs
2026,stsongs,2026-09-02,25,水平線,back number,https://www.billboard-japan.com/charts/detail?a=stsongs
2026,stsongs,2026-09-02,26,Yes! 東京 (M!LK ver. 体験入学),EBiDAN,https://www.billboard-japan.com/charts/detail?a=stsongs
2026,stsongs,2026-09-02,27,怪獣,サカナクション,https://www.billboard-japan.com/charts/detail?a=stsongs
2026,stsongs,2026-09-02,28,ROSE,HANA,https://www.billboard-japan.com/charts/detail?a=stsongs
2026,stsongs,2026-09-02,29,You!Joy!Parade!,M!LK,https://www.billboard-japan.com/charts/detail?a=stsongs
2026,stsongs,2026-09-02,30,アイドルパワー,M!LK,https://www.billboard-japan.com/charts/detail?a=stsongs
2026,stsongs,2026-09-02,31,革命道中,アイナ・ジ・エンド,https://www.billboard-japan.com/charts/detail?a=stsongs
2026,stsongs,2026-09-02,32,マイオンリー,SixTONES,https://www.billboard-japan.com/charts/detail?a=stsongs
2026,stsongs,2026-09-02,33,Missing,BE:FIRST,https://www.billboard-japan.com/charts/detail?a=stsongs
2026,stsongs,2026-09-02,34,グッタイム,Snow Man,https://www.billboard-japan.com/charts/detail?a=stsongs
2026,stsongs,2026-09-02,35,セツナハナビ (Setsuna Hanabi),TOMORROW X TOGETHER,https://www.billboard-japan.com/charts/detail?a=stsongs
2026,stsongs,2026-09-02,36,僕のこと,Mrs.GREEN APPLE,https://www.billboard-japan.com/charts/detail?a=stsongs
2026,stsongs,2026-09-02,37,Bloody Paradise,ENHYPEN,https://www.billboard-japan.com/charts/detail?a=stsongs
2026,stsongs,2026-09-02,38,夜鷹,米津玄師,https://www.billboard-japan.com/charts/detail?a=stsongs
2026,stsongs,2026-09-02,39,HAPPY BIRTHDAY,back number,https://www.billboard-japan.com/charts/detail?a=stsongs
2026,stsongs,2026-09-02,40,ヒロイン,back number,https://www.billboard-japan.com/charts/detail?a=stsongs
2026,stsongs,2026-09-02,41,Five,嵐,https://www.billboard-japan.com/charts/detail?a=stsongs
2026,stsongs,2026-09-02,42,とくべチュ、して,=LOVE,https://www.billboard-japan.com/charts/detail?a=stsongs
2026,stsongs,2026-09-02,43,怪獣の花唄,Vaundy,https://www.billboard-japan.com/charts/detail?a=stsongs
2026,stsongs,2026-09-02,44,BAD,ATEEZ,https://www.billboard-japan.com/charts/detail?a=stsongs
2026,stsongs,2026-09-02,45,AIZO,King Gnu,https://www.billboard-japan.com/charts/detail?a=stsongs
2026,stsongs,2026-09-02,46,BUGS LIFE,Number_i,https://www.billboard-japan.com/charts/detail?a=stsongs
2026,stsongs,2026-09-02,47,罪と罰と雨とキス (佐野勇斗&吉田仁人),M!LK,https://www.billboard-japan.com/charts/detail?a=stsongs
2026,stsongs,2026-09-02,48,Pretender,Official髭男dism,https://www.billboard-japan.com/charts/detail?a=stsongs
2026,stsongs,2026-09-02,49,夢中,BE:FIRST,https://www.billboard-japan.com/charts/detail?a=stsongs
2026,stsongs,2026-09-02,50,君はロックを聴かない,あいみょん,https://www.billboard-japan.com/charts/detail?a=stsongs
2026,stsongs,2026-09-02,51,クスシキ,Mrs.GREEN APPLE,https://www.billboard-japan.com/charts/detail?a=stsongs
2026,stsongs,2026-09-02,52,"I Got Your Back (feat. JISOO,MOMOKA of HANA)",ILLIT,https://www.billboard-japan.com/charts/detail?a=stsongs
2026,stsongs,2026-09-02,53,きらり,藤井風,https://www.billboard-japan.com/charts/detail?a=stsongs
2026,stsongs,2026-09-02,54,愛をこめて花束を,Superfly,https://www.billboard-japan.com/charts/detail?a=stsongs
2026,stsongs,2026-09-02,55,show time…,Snow Man,https://www.billboard-japan.com/charts/detail?a=stsongs
2026,stsongs,2026-09-02,56,ダンスホール,Mrs.GREEN APPLE,https://www.billboard-japan.com/charts/detail?a=stsongs
2026,stsongs,2026-09-02,57,GO GHOST,King Gnu,https://www.billboard-japan.com/charts/detail?a=stsongs
2026,stsongs,2026-09-02,58,BORN DIRE,ALPHA DRIVE ONE,https://www.billboard-japan.com/charts/detail?a=stsongs
2026,stsongs,2026-09-02,59,JANE DOE,"米津玄師, 宇多田ヒカル",https://www.billboard-japan.com/charts/detail?a=stsongs
2026,stsongs,2026-09-02,60,BPM feat. KREVA,Kvi Baba,https://www.billboard-japan.com/charts/detail?a=stsongs
2026,stsongs,2026-09-02,61,わたがし,back number,https://www.billboard-japan.com/charts/detail?a=stsongs
2026,stsongs,2026-09-02,62,愛を伝えたいだとか,あいみょん,https://www.billboard-japan.com/charts/detail?a=stsongs
2026,stsongs,2026-09-02,63,インフェルノ,Mrs.GREEN APPLE,https://www.billboard-japan.com/charts/detail?a=stsongs
2026,stsongs,2026-09-02,64,カリスマックス,Snow Man,https://www.billboard-japan.com/charts/detail?a=stsongs
2026,stsongs,2026-09-02,65,Subtitle,Official髭男dism,https://www.billboard-japan.com/charts/detail?a=stsongs
2026,stsongs,2026-09-02,66,GO HARD,Snow Man,https://www.billboard-japan.com/charts/detail?a=stsongs
2026,stsongs,2026-09-02,67,Lemon,米津玄師,https://www.billboard-japan.com/charts/detail?a=stsongs
2026,stsongs,2026-09-02,68,幾億光年,Omoinotake,https://www.billboard-japan.com/charts/detail?a=stsongs
2026,stsongs,2026-09-02,69,幸せ,back number,https://www.billboard-japan.com/charts/detail?a=stsongs
2026,stsongs,2026-09-02,70,TSUNAMI,サザンオールスターズ,https://www.billboard-japan.com/charts/detail?a=stsongs
2026,stsongs,2026-09-02,71,SAD SONG,ちゃんみな,https://www.billboard-japan.com/charts/detail?a=stsongs
2026,stsongs,2026-09-02,72,君の恋人になったら,back number,https://www.billboard-japan.com/charts/detail?a=stsongs
2026,stsongs,2026-09-02,73,風と町,Mrs.GREEN APPLE,https://www.billboard-japan.com/charts/detail?a=stsongs
2026,stsongs,2026-09-02,74,恋,back number,https://www.billboard-japan.com/charts/detail?a=stsongs
2026,stsongs,2026-09-02,75,イイじゃん,M!LK,https://www.billboard-japan.com/charts/detail?a=stsongs
2026,stsongs,2026-09-02,76,ALL SUITE,Snow Man,https://www.billboard-japan.com/charts/detail?a=stsongs
2026,stsongs,2026-09-02,77,115万キロのフィルム,Official髭男dism,https://www.billboard-japan.com/charts/detail?a=stsongs
2026,stsongs,2026-09-02,78,Yes! 東京 (原因は自分にある。 ver. 体験入学),EBiDAN,https://www.billboard-japan.com/charts/detail?a=stsongs
2026,stsongs,2026-09-02,79,奇跡,Snow Man,https://www.billboard-japan.com/charts/detail?a=stsongs
2026,stsongs,2026-09-02,80,WHATCHA DOIN,JO1,https://www.billboard-japan.com/charts/detail?a=stsongs
2026,stsongs,2026-09-02,81,ただ君に晴れ,ヨルシカ,https://www.billboard-japan.com/charts/detail?a=stsongs
2026,stsongs,2026-09-02,82,Yes! 東京 (超特急 ver. 体験入学),EBiDAN,https://www.billboard-japan.com/charts/detail?a=stsongs
2026,stsongs,2026-09-02,83,イケナイ太陽,ORANGE RANGE,https://www.billboard-japan.com/charts/detail?a=stsongs
2026,stsongs,2026-09-02,84,チェリー,スピッツ,https://www.billboard-japan.com/charts/detail?a=stsongs
2026,stsongs,2026-09-02,85,新宝島,サカナクション,https://www.billboard-japan.com/charts/detail?a=stsongs
2026,stsongs,2026-09-02,86,Wherever you are,ONE OK ROCK,https://www.billboard-japan.com/charts/detail?a=stsongs
2026,stsongs,2026-09-02,87,HANABI,Mr.Children,https://www.billboard-japan.com/charts/detail?a=stsongs
2026,stsongs,2026-09-02,88,ハレンチ,ちゃんみな,https://www.billboard-japan.com/charts/detail?a=stsongs
2026,stsongs,2026-09-02,89,恋人ごっこ,マカロニえんぴつ,https://www.billboard-japan.com/charts/detail?a=stsongs
2026,stsongs,2026-09-02,90,Love so sweet,嵐,https://www.billboard-japan.com/charts/detail?a=stsongs
2026,stsongs,2026-09-02,91,Golden,HUNTR/X,https://www.billboard-japan.com/charts/detail?a=stsongs
2026,stsongs,2026-09-02,92,マドラー,Snow Man,https://www.billboard-japan.com/charts/detail?a=stsongs
2026,stsongs,2026-09-02,93,裸の心,あいみょん,https://www.billboard-japan.com/charts/detail?a=stsongs
2026,stsongs,2026-09-02,94,Never Grow Up,ちゃんみな,https://www.billboard-japan.com/charts/detail?a=stsongs
2026,stsongs,2026-09-02,95,ドライフラワー,優里,https://www.billboard-japan.com/charts/detail?a=stsongs
2026,stsongs,2026-09-02,96,満ちてゆく,藤井風,https://www.billboard-japan.com/charts/detail?a=stsongs
2026,stsongs,2026-09-02,97,Magic,Mrs.GREEN APPLE,https://www.billboard-japan.com/charts/detail?a=stsongs
2026,stsongs,2026-09-02,98,花火,aiko,https://www.billboard-japan.com/charts/detail?a=stsongs
2026,stsongs,2026-09-02,99,Bad Girl,HANA,https://www.billboard-japan.com/charts/detail?a=stsongs
2026,stsongs,2026-09-02,100,どうしてもどうしても,back number,https://www.billboard-japan.com/charts/detail?a=stsongs
