chart_year,chart_code,chart_date,rank,title,artist,source_url
2018,stsongs,2018-01-03,1,打上花火,DAOKO × 米津玄師,https://www.billboard-japan.com/charts/detail?a=stsongs&year=2018&month=01&day=08
2018,stsongs,2018-01-03,2,TT,TWICE,https://www.billboard-japan.com/charts/detail?a=stsongs&year=2018&month=01&day=08
2018,stsongs,2018-01-03,3,ダンシング・ヒーロー,荻野目洋子,https://www.billboard-japan.com/charts/detail?a=stsongs&year=2018&month=01&day=08
2018,stsongs,2018-01-03,4,楓,スピッツ,https://www.billboard-japan.com/charts/detail?a=stsongs&year=2018&month=01&day=08
2018,stsongs,2018-01-03,5,Hero,安室奈美恵,https://www.billboard-japan.com/charts/detail?a=stsongs&year=2018&month=01&day=08
2018,stsongs,2018-01-03,6,BIG CITY RODEO,GENERATIONS from EXILE TRIBE,https://www.billboard-japan.com/charts/detail?a=stsongs&year=2018&month=01&day=08
2018,stsongs,2018-01-03,7,I LOVE YOU,クリス・ハート,https://www.billboard-japan.com/charts/detail?a=stsongs&year=2018&month=01&day=08
2018,stsongs,2018-01-03,8,シェイプ・オブ・ユー,エド・シーラン,https://www.billboard-japan.com/charts/detail?a=stsongs&year=2018&month=01&day=08
2018,stsongs,2018-01-03,9,風に吹かれても,欅坂46,https://www.billboard-japan.com/charts/detail?a=stsongs&year=2018&month=01&day=08
2018,stsongs,2018-01-03,10,Heart Shaker,TWICE,https://www.billboard-japan.com/charts/detail?a=stsongs&year=2018&month=01&day=08
2018,stsongs,2018-01-03,11,明日も,SHISHAMO,https://www.billboard-japan.com/charts/detail?a=stsongs&year=2018&month=01&day=08
2018,stsongs,2018-01-03,12,ノンフィクション,平井堅,https://www.billboard-japan.com/charts/detail?a=stsongs&year=2018&month=01&day=08
2018,stsongs,2018-01-03,13,DNA,BTS (防弾少年団),https://www.billboard-japan.com/charts/detail?a=stsongs&year=2018&month=01&day=08
2018,stsongs,2018-01-03,14,RAIN,SEKAI NO OWARI,https://www.billboard-japan.com/charts/detail?a=stsongs&year=2018&month=01&day=08
2018,stsongs,2018-01-03,15,恋,星野源,https://www.billboard-japan.com/charts/detail?a=stsongs&year=2018&month=01&day=08
2018,stsongs,2018-01-03,16,奇蹟,Uru,https://www.billboard-japan.com/charts/detail?a=stsongs&year=2018&month=01&day=08
2018,stsongs,2018-01-03,17,インフルエンサー,乃木坂46,https://www.billboard-japan.com/charts/detail?a=stsongs&year=2018&month=01&day=08
2018,stsongs,2018-01-03,18,花束を君に,宇多田ヒカル,https://www.billboard-japan.com/charts/detail?a=stsongs&year=2018&month=01&day=08
2018,stsongs,2018-01-03,19,EXCITE,三浦大知,https://www.billboard-japan.com/charts/detail?a=stsongs&year=2018&month=01&day=08
2018,stsongs,2018-01-03,20,Wherever you are,ONE OK ROCK,https://www.billboard-japan.com/charts/detail?a=stsongs&year=2018&month=01&day=08
2018,stsongs,2018-01-03,21,Family Song,星野源,https://www.billboard-japan.com/charts/detail?a=stsongs&year=2018&month=01&day=08
2018,stsongs,2018-01-03,22,LIKEY,TWICE,https://www.billboard-japan.com/charts/detail?a=stsongs&year=2018&month=01&day=08
2018,stsongs,2018-01-03,23,メリクリ,BoA,https://www.billboard-japan.com/charts/detail?a=stsongs&year=2018&month=01&day=08
2018,stsongs,2018-01-03,24,Just You and I,安室奈美恵,https://www.billboard-japan.com/charts/detail?a=stsongs&year=2018&month=01&day=08
2018,stsongs,2018-01-03,25,愛をこめて花束を,Superfly,https://www.billboard-japan.com/charts/detail?a=stsongs&year=2018&month=01&day=08
2018,stsongs,2018-01-03,26,J.S.B. HAPPINESS,三代目 J Soul Brothers from EXILE TRIBE,https://www.billboard-japan.com/charts/detail?a=stsongs&year=2018&month=01&day=08
2018,stsongs,2018-01-03,27,HANABI,Mr.Children,https://www.billboard-japan.com/charts/detail?a=stsongs&year=2018&month=01&day=08
2018,stsongs,2018-01-03,28,Reboot,東方神起,https://www.billboard-japan.com/charts/detail?a=stsongs&year=2018&month=01&day=08
2018,stsongs,2018-01-03,29,サイレントマジョリティー,欅坂46,https://www.billboard-japan.com/charts/detail?a=stsongs&year=2018&month=01&day=08
2018,stsongs,2018-01-03,30,One More Time,TWICE,https://www.billboard-japan.com/charts/detail?a=stsongs&year=2018&month=01&day=08
2018,stsongs,2018-01-03,31,LIFE,AAA,https://www.billboard-japan.com/charts/detail?a=stsongs&year=2018&month=01&day=08
2018,stsongs,2018-01-03,32,Love Story,安室奈美恵,https://www.billboard-japan.com/charts/detail?a=stsongs&year=2018&month=01&day=08
2018,stsongs,2018-01-03,33,奏(かなで),スキマスイッチ,https://www.billboard-japan.com/charts/detail?a=stsongs&year=2018&month=01&day=08
2018,stsongs,2018-01-03,34,WanteD! WanteD!,Mrs.GREEN APPLE,https://www.billboard-japan.com/charts/detail?a=stsongs&year=2018&month=01&day=08
2018,stsongs,2018-01-03,35,キラキラ feat.カンナ,AI,https://www.billboard-japan.com/charts/detail?a=stsongs&year=2018&month=01&day=08
2018,stsongs,2018-01-03,36,不協和音,欅坂46,https://www.billboard-japan.com/charts/detail?a=stsongs&year=2018&month=01&day=08
2018,stsongs,2018-01-03,37,キセキ,GReeeeN,https://www.billboard-japan.com/charts/detail?a=stsongs&year=2018&month=01&day=08
2018,stsongs,2018-01-03,38,パッ,西野カナ,https://www.billboard-japan.com/charts/detail?a=stsongs&year=2018&month=01&day=08
2018,stsongs,2018-01-03,39,First Love,宇多田ヒカル,https://www.billboard-japan.com/charts/detail?a=stsongs&year=2018&month=01&day=08
2018,stsongs,2018-01-03,40,手をつなぐ理由,西野カナ,https://www.billboard-japan.com/charts/detail?a=stsongs&year=2018&month=01&day=08
2018,stsongs,2018-01-03,41,SIGNAL,TWICE,https://www.billboard-japan.com/charts/detail?a=stsongs&year=2018&month=01&day=08
2018,stsongs,2018-01-03,42,見たこともない景色,菅田将暉,https://www.billboard-japan.com/charts/detail?a=stsongs&year=2018&month=01&day=08
2018,stsongs,2018-01-03,43,糸,中島みゆき,https://www.billboard-japan.com/charts/detail?a=stsongs&year=2018&month=01&day=08
2018,stsongs,2018-01-03,44,ダーティ・ワーク,オースティン・マホーン,https://www.billboard-japan.com/charts/detail?a=stsongs&year=2018&month=01&day=08
2018,stsongs,2018-01-03,45,Flavor Of Life,宇多田ヒカル,https://www.billboard-japan.com/charts/detail?a=stsongs&year=2018&month=01&day=08
2018,stsongs,2018-01-03,46,Like OOH-AHH,TWICE,https://www.billboard-japan.com/charts/detail?a=stsongs&year=2018&month=01&day=08
2018,stsongs,2018-01-03,47,小さな恋のうた,MONGOL800,https://www.billboard-japan.com/charts/detail?a=stsongs&year=2018&month=01&day=08
2018,stsongs,2018-01-03,48,Let it snow!,DEAN FUJIOKA,https://www.billboard-japan.com/charts/detail?a=stsongs&year=2018&month=01&day=08
2018,stsongs,2018-01-03,48,空,GENERATIONS from EXILE TRIBE,https://www.billboard-japan.com/charts/detail?a=stsongs&year=2018&month=01&day=08
2018,stsongs,2018-01-03,50,ひまわりの約束,秦基博,https://www.billboard-japan.com/charts/detail?a=stsongs&year=2018&month=01&day=08
2018,stsongs,2018-01-03,51,トリセツ,西野カナ,https://www.billboard-japan.com/charts/detail?a=stsongs&year=2018&month=01&day=08
2018,stsongs,2018-01-03,52,ようこそジャパリパークへ,どうぶつビスケッツ×PPP,https://www.billboard-japan.com/charts/detail?a=stsongs&year=2018&month=01&day=08
2018,stsongs,2018-01-03,53,CQCQ,神様、僕は気づいてしまった,https://www.billboard-japan.com/charts/detail?a=stsongs&year=2018&month=01&day=08
2018,stsongs,2018-01-03,54,人生は夢だらけ,椎名林檎,https://www.billboard-japan.com/charts/detail?a=stsongs&year=2018&month=01&day=08
2018,stsongs,2018-01-03,55,恋音と雨空,AAA,https://www.billboard-japan.com/charts/detail?a=stsongs&year=2018&month=01&day=08
2018,stsongs,2018-01-03,56,CHEER UP,TWICE,https://www.billboard-japan.com/charts/detail?a=stsongs&year=2018&month=01&day=08
2018,stsongs,2018-01-03,57,聖域,福山雅治,https://www.billboard-japan.com/charts/detail?a=stsongs&year=2018&month=01&day=08
2018,stsongs,2018-01-03,58,さくらんぼ,大塚愛,https://www.billboard-japan.com/charts/detail?a=stsongs&year=2018&month=01&day=08
2018,stsongs,2018-01-03,59,365日の紙飛行機,AKB48,https://www.billboard-japan.com/charts/detail?a=stsongs&year=2018&month=01&day=08
2018,stsongs,2018-01-03,60,Love You More,GENERATIONS from EXILE TRIBE,https://www.billboard-japan.com/charts/detail?a=stsongs&year=2018&month=01&day=08
2018,stsongs,2018-01-03,61,クリスマス・イブ,山下達郎,https://www.billboard-japan.com/charts/detail?a=stsongs&year=2018&month=01&day=08
2018,stsongs,2018-01-03,62,FANTASTIC BABY,BIGBANG,https://www.billboard-japan.com/charts/detail?a=stsongs&year=2018&month=01&day=08
2018,stsongs,2018-01-03,63,デスティニー,シェネル,https://www.billboard-japan.com/charts/detail?a=stsongs&year=2018&month=01&day=08
2018,stsongs,2018-01-03,64,ワタリドリ,[Alexandros],https://www.billboard-japan.com/charts/detail?a=stsongs&year=2018&month=01&day=08
2018,stsongs,2018-01-03,65,いま、太陽に向かって咲く花,NOBU,https://www.billboard-japan.com/charts/detail?a=stsongs&year=2018&month=01&day=08
2018,stsongs,2018-01-03,66,Story,AI,https://www.billboard-japan.com/charts/detail?a=stsongs&year=2018&month=01&day=08
2018,stsongs,2018-01-03,67,恋人たちのクリスマス,マライア・キャリー,https://www.billboard-japan.com/charts/detail?a=stsongs&year=2018&month=01&day=08
2018,stsongs,2018-01-03,68,KNOCK KNOCK,TWICE,https://www.billboard-japan.com/charts/detail?a=stsongs&year=2018&month=01&day=08
2018,stsongs,2018-01-03,69,友よ〜この先もずっと…,ケツメイシ,https://www.billboard-japan.com/charts/detail?a=stsongs&year=2018&month=01&day=08
2018,stsongs,2018-01-03,70,"One more time, One more chance",山崎まさよし,https://www.billboard-japan.com/charts/detail?a=stsongs&year=2018&month=01&day=08
2018,stsongs,2018-01-03,71,R.Y.U.S.E.I.,三代目 J Soul Brothers from EXILE TRIBE,https://www.billboard-japan.com/charts/detail?a=stsongs&year=2018&month=01&day=08
2018,stsongs,2018-01-03,72,粉雪,レミオロメン,https://www.billboard-japan.com/charts/detail?a=stsongs&year=2018&month=01&day=08
2018,stsongs,2018-01-03,73,OVER,Little Glee Monster,https://www.billboard-japan.com/charts/detail?a=stsongs&year=2018&month=01&day=08
2018,stsongs,2018-01-03,74,雪の華,中島美嘉,https://www.billboard-japan.com/charts/detail?a=stsongs&year=2018&month=01&day=08
2018,stsongs,2018-01-03,75,Can You Keep A Secret?,宇多田ヒカル,https://www.billboard-japan.com/charts/detail?a=stsongs&year=2018&month=01&day=08
2018,stsongs,2018-01-03,76,The Days,Nissy(西島隆弘),https://www.billboard-japan.com/charts/detail?a=stsongs&year=2018&month=01&day=08
2018,stsongs,2018-01-03,77,ずっと、ふたりで,家入レオ,https://www.billboard-japan.com/charts/detail?a=stsongs&year=2018&month=01&day=08
2018,stsongs,2018-01-03,78,Don't let me go,Nissy(西島隆弘),https://www.billboard-japan.com/charts/detail?a=stsongs&year=2018&month=01&day=08
2018,stsongs,2018-01-03,79,3月9日,レミオロメン,https://www.billboard-japan.com/charts/detail?a=stsongs&year=2018&month=01&day=08
2018,stsongs,2018-01-03,80,よー、そこの若いの,竹原ピストル,https://www.billboard-japan.com/charts/detail?a=stsongs&year=2018&month=01&day=08
2018,stsongs,2018-01-03,81,栄光の架橋,ゆず,https://www.billboard-japan.com/charts/detail?a=stsongs&year=2018&month=01&day=08
2018,stsongs,2018-01-03,82,ステイ,ゼッド & アレッシア・カーラ,https://www.billboard-japan.com/charts/detail?a=stsongs&year=2018&month=01&day=08
2018,stsongs,2018-01-03,83,にじいろ,絢香,https://www.billboard-japan.com/charts/detail?a=stsongs&year=2018&month=01&day=08
2018,stsongs,2018-01-03,84,トモエ学園,福山雅治,https://www.billboard-japan.com/charts/detail?a=stsongs&year=2018&month=01&day=08
2018,stsongs,2018-01-03,85,My Boo,清水翔太,https://www.billboard-japan.com/charts/detail?a=stsongs&year=2018&month=01&day=08
2018,stsongs,2018-01-03,86,365日,Mr.Children,https://www.billboard-japan.com/charts/detail?a=stsongs&year=2018&month=01&day=08
2018,stsongs,2018-01-03,87,automatic,宇多田ヒカル,https://www.billboard-japan.com/charts/detail?a=stsongs&year=2018&month=01&day=08
2018,stsongs,2018-01-03,88,CHOCOLATE,ちゃんみな,https://www.billboard-japan.com/charts/detail?a=stsongs&year=2018&month=01&day=08
2018,stsongs,2018-01-03,89,ホワット・ドゥ・ユー・ミーン?,ジャスティン・ビーバー,https://www.billboard-japan.com/charts/detail?a=stsongs&year=2018&month=01&day=08
2018,stsongs,2018-01-03,90,TOKYO GIRL,Perfume,https://www.billboard-japan.com/charts/detail?a=stsongs&year=2018&month=01&day=08
2018,stsongs,2018-01-03,91,366日,HY,https://www.billboard-japan.com/charts/detail?a=stsongs&year=2018&month=01&day=08
2018,stsongs,2018-01-03,92,愛唄,GReeeeN,https://www.billboard-japan.com/charts/detail?a=stsongs&year=2018&month=01&day=08
2018,stsongs,2018-01-03,93,The Eternal Live,Nissy(西島隆弘),https://www.billboard-japan.com/charts/detail?a=stsongs&year=2018&month=01&day=08
2018,stsongs,2018-01-03,94,Baby Don't Cry,安室奈美恵,https://www.billboard-japan.com/charts/detail?a=stsongs&year=2018&month=01&day=08
2018,stsongs,2018-01-03,95,HAPPY,三代目 J Soul Brothers from EXILE TRIBE,https://www.billboard-japan.com/charts/detail?a=stsongs&year=2018&month=01&day=08
2018,stsongs,2018-01-03,96,BANG BANG BANG,BIGBANG,https://www.billboard-japan.com/charts/detail?a=stsongs&year=2018&month=01&day=08
2018,stsongs,2018-01-03,97,Prisoner Of Love,宇多田ヒカル,https://www.billboard-japan.com/charts/detail?a=stsongs&year=2018&month=01&day=08
2018,stsongs,2018-01-03,98,好きな人がいること,JY,https://www.billboard-japan.com/charts/detail?a=stsongs&year=2018&month=01&day=08
2018,stsongs,2018-01-03,99,さよならの前に,AAA,https://www.billboard-japan.com/charts/detail?a=stsongs&year=2018&month=01&day=08
2018,stsongs,2018-01-03,100,海の声,浦島太郎(桐谷健太),https://www.billboard-japan.com/charts/detail?a=stsongs&year=2018&month=01&day=08
2018,stsongs,2018-01-10,1,Hero,安室奈美恵,https://www.billboard-japan.com/charts/detail?a=stsongs&year=2018&month=01&day=15
2018,stsongs,2018-01-10,2,TT,TWICE,https://www.billboard-japan.com/charts/detail?a=stsongs&year=2018&month=01&day=15
2018,stsongs,2018-01-10,3,打上花火,DAOKO × 米津玄師,https://www.billboard-japan.com/charts/detail?a=stsongs&year=2018&month=01&day=15
2018,stsongs,2018-01-10,4,不協和音,欅坂46,https://www.billboard-japan.com/charts/detail?a=stsongs&year=2018&month=01&day=15
2018,stsongs,2018-01-10,5,明日も,SHISHAMO,https://www.billboard-japan.com/charts/detail?a=stsongs&year=2018&month=01&day=15
2018,stsongs,2018-01-10,6,インフルエンサー,乃木坂46,https://www.billboard-japan.com/charts/detail?a=stsongs&year=2018&month=01&day=15
2018,stsongs,2018-01-10,7,ダンシング・ヒーロー,荻野目洋子,https://www.billboard-japan.com/charts/detail?a=stsongs&year=2018&month=01&day=15
2018,stsongs,2018-01-10,8,風に吹かれても,欅坂46,https://www.billboard-japan.com/charts/detail?a=stsongs&year=2018&month=01&day=15
2018,stsongs,2018-01-10,9,EXCITE,三浦大知,https://www.billboard-japan.com/charts/detail?a=stsongs&year=2018&month=01&day=15
2018,stsongs,2018-01-10,10,RAIN,SEKAI NO OWARI,https://www.billboard-japan.com/charts/detail?a=stsongs&year=2018&month=01&day=15
2018,stsongs,2018-01-10,11,I LOVE YOU,クリス・ハート,https://www.billboard-japan.com/charts/detail?a=stsongs&year=2018&month=01&day=15
2018,stsongs,2018-01-10,12,愛をこめて花束を,Superfly,https://www.billboard-japan.com/charts/detail?a=stsongs&year=2018&month=01&day=15
2018,stsongs,2018-01-10,13,ノンフィクション,平井堅,https://www.billboard-japan.com/charts/detail?a=stsongs&year=2018&month=01&day=15
2018,stsongs,2018-01-10,14,BIG CITY RODEO,GENERATIONS from EXILE TRIBE,https://www.billboard-japan.com/charts/detail?a=stsongs&year=2018&month=01&day=15
2018,stsongs,2018-01-10,15,シェイプ・オブ・ユー,エド・シーラン,https://www.billboard-japan.com/charts/detail?a=stsongs&year=2018&month=01&day=15
2018,stsongs,2018-01-10,16,よー、そこの若いの,竹原ピストル,https://www.billboard-japan.com/charts/detail?a=stsongs&year=2018&month=01&day=15
2018,stsongs,2018-01-10,17,楓,スピッツ,https://www.billboard-japan.com/charts/detail?a=stsongs&year=2018&month=01&day=15
2018,stsongs,2018-01-10,18,サイレントマジョリティー,欅坂46,https://www.billboard-japan.com/charts/detail?a=stsongs&year=2018&month=01&day=15
2018,stsongs,2018-01-10,19,恋,星野源,https://www.billboard-japan.com/charts/detail?a=stsongs&year=2018&month=01&day=15
2018,stsongs,2018-01-10,20,Heart Shaker,TWICE,https://www.billboard-japan.com/charts/detail?a=stsongs&year=2018&month=01&day=15
2018,stsongs,2018-01-10,21,キラキラ feat.カンナ,AI,https://www.billboard-japan.com/charts/detail?a=stsongs&year=2018&month=01&day=15
2018,stsongs,2018-01-10,22,Family Song,星野源,https://www.billboard-japan.com/charts/detail?a=stsongs&year=2018&month=01&day=15
2018,stsongs,2018-01-10,23,LIKEY,TWICE,https://www.billboard-japan.com/charts/detail?a=stsongs&year=2018&month=01&day=15
2018,stsongs,2018-01-10,24,今宵の月のように,エレファントカシマシ,https://www.billboard-japan.com/charts/detail?a=stsongs&year=2018&month=01&day=15
2018,stsongs,2018-01-10,25,Wherever you are,ONE OK ROCK,https://www.billboard-japan.com/charts/detail?a=stsongs&year=2018&month=01&day=15
2018,stsongs,2018-01-10,26,Just You and I,安室奈美恵,https://www.billboard-japan.com/charts/detail?a=stsongs&year=2018&month=01&day=15
2018,stsongs,2018-01-10,27,花束を君に,宇多田ヒカル,https://www.billboard-japan.com/charts/detail?a=stsongs&year=2018&month=01&day=15
2018,stsongs,2018-01-10,28,LIFE,AAA,https://www.billboard-japan.com/charts/detail?a=stsongs&year=2018&month=01&day=15
2018,stsongs,2018-01-10,29,One More Time,TWICE,https://www.billboard-japan.com/charts/detail?a=stsongs&year=2018&month=01&day=15
2018,stsongs,2018-01-10,30,DNA,BTS (防弾少年団),https://www.billboard-japan.com/charts/detail?a=stsongs&year=2018&month=01&day=15
2018,stsongs,2018-01-10,31,Love Story,安室奈美恵,https://www.billboard-japan.com/charts/detail?a=stsongs&year=2018&month=01&day=15
2018,stsongs,2018-01-10,32,パッ,西野カナ,https://www.billboard-japan.com/charts/detail?a=stsongs&year=2018&month=01&day=15
2018,stsongs,2018-01-10,33,365日の紙飛行機,AKB48,https://www.billboard-japan.com/charts/detail?a=stsongs&year=2018&month=01&day=15
2018,stsongs,2018-01-10,34,奏(かなで),スキマスイッチ,https://www.billboard-japan.com/charts/detail?a=stsongs&year=2018&month=01&day=15
2018,stsongs,2018-01-10,35,HANABI,Mr.Children,https://www.billboard-japan.com/charts/detail?a=stsongs&year=2018&month=01&day=15
2018,stsongs,2018-01-10,36,奇蹟,Uru,https://www.billboard-japan.com/charts/detail?a=stsongs&year=2018&month=01&day=15
2018,stsongs,2018-01-10,37,トリセツ,西野カナ,https://www.billboard-japan.com/charts/detail?a=stsongs&year=2018&month=01&day=15
2018,stsongs,2018-01-10,38,ダーティ・ワーク,オースティン・マホーン,https://www.billboard-japan.com/charts/detail?a=stsongs&year=2018&month=01&day=15
2018,stsongs,2018-01-10,39,なんでもないや,上白石萌音,https://www.billboard-japan.com/charts/detail?a=stsongs&year=2018&month=01&day=15
2018,stsongs,2018-01-10,40,さくらんぼ,大塚愛,https://www.billboard-japan.com/charts/detail?a=stsongs&year=2018&month=01&day=15
2018,stsongs,2018-01-10,41,栄光の架橋,ゆず,https://www.billboard-japan.com/charts/detail?a=stsongs&year=2018&month=01&day=15
2018,stsongs,2018-01-10,42,SIGNAL,TWICE,https://www.billboard-japan.com/charts/detail?a=stsongs&year=2018&month=01&day=15
2018,stsongs,2018-01-10,43,好きだ。,Little Glee Monster,https://www.billboard-japan.com/charts/detail?a=stsongs&year=2018&month=01&day=15
2018,stsongs,2018-01-10,44,ひまわりの約束,秦基博,https://www.billboard-japan.com/charts/detail?a=stsongs&year=2018&month=01&day=15
2018,stsongs,2018-01-10,45,キセキ,GReeeeN,https://www.billboard-japan.com/charts/detail?a=stsongs&year=2018&month=01&day=15
2018,stsongs,2018-01-10,46,糸,中島みゆき,https://www.billboard-japan.com/charts/detail?a=stsongs&year=2018&month=01&day=15
2018,stsongs,2018-01-10,47,Reboot,東方神起,https://www.billboard-japan.com/charts/detail?a=stsongs&year=2018&month=01&day=15
2018,stsongs,2018-01-10,48,ALRIGHT! ALRIGHT!,GENERATIONS from EXILE TRIBE,https://www.billboard-japan.com/charts/detail?a=stsongs&year=2018&month=01&day=15
2018,stsongs,2018-01-10,49,明日はどこから,松たか子,https://www.billboard-japan.com/charts/detail?a=stsongs&year=2018&month=01&day=15
2018,stsongs,2018-01-10,50,Like OOH-AHH,TWICE,https://www.billboard-japan.com/charts/detail?a=stsongs&year=2018&month=01&day=15
2018,stsongs,2018-01-10,51,WanteD! WanteD!,Mrs.GREEN APPLE,https://www.billboard-japan.com/charts/detail?a=stsongs&year=2018&month=01&day=15
2018,stsongs,2018-01-10,52,J.S.B. HAPPINESS,三代目 J Soul Brothers from EXILE TRIBE,https://www.billboard-japan.com/charts/detail?a=stsongs&year=2018&month=01&day=15
2018,stsongs,2018-01-10,53,小さな恋のうた,MONGOL800,https://www.billboard-japan.com/charts/detail?a=stsongs&year=2018&month=01&day=15
2018,stsongs,2018-01-10,54,TOKYO GIRL,Perfume,https://www.billboard-japan.com/charts/detail?a=stsongs&year=2018&month=01&day=15
2018,stsongs,2018-01-10,54,手をつなぐ理由,西野カナ,https://www.billboard-japan.com/charts/detail?a=stsongs&year=2018&month=01&day=15
2018,stsongs,2018-01-10,56,FANTASTIC BABY,BIGBANG,https://www.billboard-japan.com/charts/detail?a=stsongs&year=2018&month=01&day=15
2018,stsongs,2018-01-10,57,空,GENERATIONS from EXILE TRIBE,https://www.billboard-japan.com/charts/detail?a=stsongs&year=2018&month=01&day=15
2018,stsongs,2018-01-10,58,CHEER UP,TWICE,https://www.billboard-japan.com/charts/detail?a=stsongs&year=2018&month=01&day=15
2018,stsongs,2018-01-10,59,First Love,宇多田ヒカル,https://www.billboard-japan.com/charts/detail?a=stsongs&year=2018&month=01&day=15
2018,stsongs,2018-01-10,60,恋音と雨空,AAA,https://www.billboard-japan.com/charts/detail?a=stsongs&year=2018&month=01&day=15
2018,stsongs,2018-01-10,61,KNOCK KNOCK,TWICE,https://www.billboard-japan.com/charts/detail?a=stsongs&year=2018&month=01&day=15
2018,stsongs,2018-01-10,62,Story,AI,https://www.billboard-japan.com/charts/detail?a=stsongs&year=2018&month=01&day=15
2018,stsongs,2018-01-10,63,千本桜,和楽器バンド,https://www.billboard-japan.com/charts/detail?a=stsongs&year=2018&month=01&day=15
2018,stsongs,2018-01-10,64,Baby Don't Cry,安室奈美恵,https://www.billboard-japan.com/charts/detail?a=stsongs&year=2018&month=01&day=15
2018,stsongs,2018-01-10,65,OVER,Little Glee Monster,https://www.billboard-japan.com/charts/detail?a=stsongs&year=2018&month=01&day=15
2018,stsongs,2018-01-10,66,トモエ学園,福山雅治,https://www.billboard-japan.com/charts/detail?a=stsongs&year=2018&month=01&day=15
2018,stsongs,2018-01-10,67,デスティニー,シェネル,https://www.billboard-japan.com/charts/detail?a=stsongs&year=2018&month=01&day=15
2018,stsongs,2018-01-10,68,ようこそジャパリパークへ,どうぶつビスケッツ×PPP,https://www.billboard-japan.com/charts/detail?a=stsongs&year=2018&month=01&day=15
2018,stsongs,2018-01-10,69,二人セゾン,欅坂46,https://www.billboard-japan.com/charts/detail?a=stsongs&year=2018&month=01&day=15
2018,stsongs,2018-01-10,70,Flavor Of Life,宇多田ヒカル,https://www.billboard-japan.com/charts/detail?a=stsongs&year=2018&month=01&day=15
2018,stsongs,2018-01-10,71,Let it snow!,DEAN FUJIOKA,https://www.billboard-japan.com/charts/detail?a=stsongs&year=2018&month=01&day=15
2018,stsongs,2018-01-10,72,ステイ,ゼッド & アレッシア・カーラ,https://www.billboard-japan.com/charts/detail?a=stsongs&year=2018&month=01&day=15
2018,stsongs,2018-01-10,73,ずっと、ふたりで,家入レオ,https://www.billboard-japan.com/charts/detail?a=stsongs&year=2018&month=01&day=15
2018,stsongs,2018-01-10,74,Love☆Queen,E-girls,https://www.billboard-japan.com/charts/detail?a=stsongs&year=2018&month=01&day=15
2018,stsongs,2018-01-10,75,CAN YOU CELEBRATE? feat.葉加瀬太郎,安室奈美恵,https://www.billboard-japan.com/charts/detail?a=stsongs&year=2018&month=01&day=15
2018,stsongs,2018-01-10,76,R.Y.U.S.E.I.,三代目 J Soul Brothers from EXILE TRIBE,https://www.billboard-japan.com/charts/detail?a=stsongs&year=2018&month=01&day=15
2018,stsongs,2018-01-10,77,ワタリドリ,[Alexandros],https://www.billboard-japan.com/charts/detail?a=stsongs&year=2018&month=01&day=15
2018,stsongs,2018-01-10,78,HAPPY,三代目 J Soul Brothers from EXILE TRIBE,https://www.billboard-japan.com/charts/detail?a=stsongs&year=2018&month=01&day=15
2018,stsongs,2018-01-10,78,見たこともない景色,菅田将暉,https://www.billboard-japan.com/charts/detail?a=stsongs&year=2018&month=01&day=15
2018,stsongs,2018-01-10,80,雪の華,中島美嘉,https://www.billboard-japan.com/charts/detail?a=stsongs&year=2018&month=01&day=15
2018,stsongs,2018-01-10,81,Fight Together,安室奈美恵,https://www.billboard-japan.com/charts/detail?a=stsongs&year=2018&month=01&day=15
2018,stsongs,2018-01-10,82,いま、太陽に向かって咲く花,NOBU,https://www.billboard-japan.com/charts/detail?a=stsongs&year=2018&month=01&day=15
2018,stsongs,2018-01-10,83,友よ〜この先もずっと…,ケツメイシ,https://www.billboard-japan.com/charts/detail?a=stsongs&year=2018&month=01&day=15
2018,stsongs,2018-01-10,84,人生は夢だらけ,椎名林檎,https://www.billboard-japan.com/charts/detail?a=stsongs&year=2018&month=01&day=15
2018,stsongs,2018-01-10,85,"One more time, One more chance",山崎まさよし,https://www.billboard-japan.com/charts/detail?a=stsongs&year=2018&month=01&day=15
2018,stsongs,2018-01-10,86,メリクリ,BoA,https://www.billboard-japan.com/charts/detail?a=stsongs&year=2018&month=01&day=15
2018,stsongs,2018-01-10,87,NEVER END,安室奈美恵,https://www.billboard-japan.com/charts/detail?a=stsongs&year=2018&month=01&day=15
2018,stsongs,2018-01-10,88,残酷な天使のテーゼ,高橋洋子,https://www.billboard-japan.com/charts/detail?a=stsongs&year=2018&month=01&day=15
2018,stsongs,2018-01-10,89,にじいろ,絢香,https://www.billboard-japan.com/charts/detail?a=stsongs&year=2018&month=01&day=15
2018,stsongs,2018-01-10,90,粉雪,レミオロメン,https://www.billboard-japan.com/charts/detail?a=stsongs&year=2018&month=01&day=15
2018,stsongs,2018-01-10,91,若い広場,桑田佳祐,https://www.billboard-japan.com/charts/detail?a=stsongs&year=2018&month=01&day=15
2018,stsongs,2018-01-10,92,My Boo,清水翔太,https://www.billboard-japan.com/charts/detail?a=stsongs&year=2018&month=01&day=15
2018,stsongs,2018-01-10,93,ホワット・ドゥ・ユー・ミーン?,ジャスティン・ビーバー,https://www.billboard-japan.com/charts/detail?a=stsongs&year=2018&month=01&day=15
2018,stsongs,2018-01-10,94,タッタ,ゆず,https://www.billboard-japan.com/charts/detail?a=stsongs&year=2018&month=01&day=15
2018,stsongs,2018-01-10,95,北風と太陽,E-girls,https://www.billboard-japan.com/charts/detail?a=stsongs&year=2018&month=01&day=15
2018,stsongs,2018-01-10,96,涙,ケツメイシ,https://www.billboard-japan.com/charts/detail?a=stsongs&year=2018&month=01&day=15
2018,stsongs,2018-01-10,97,好きな人がいること,JY,https://www.billboard-japan.com/charts/detail?a=stsongs&year=2018&month=01&day=15
2018,stsongs,2018-01-10,98,Love You More,GENERATIONS from EXILE TRIBE,https://www.billboard-japan.com/charts/detail?a=stsongs&year=2018&month=01&day=15
2018,stsongs,2018-01-10,99,366日,HY,https://www.billboard-japan.com/charts/detail?a=stsongs&year=2018&month=01&day=15
2018,stsongs,2018-01-10,100,Y,C & K,https://www.billboard-japan.com/charts/detail?a=stsongs&year=2018&month=01&day=15
2018,stsongs,2018-01-17,1,Hero,安室奈美恵,https://www.billboard-japan.com/charts/detail?a=stsongs&year=2018&month=01&day=22
2018,stsongs,2018-01-17,2,打上花火,DAOKO × 米津玄師,https://www.billboard-japan.com/charts/detail?a=stsongs&year=2018&month=01&day=22
2018,stsongs,2018-01-17,3,TT,TWICE,https://www.billboard-japan.com/charts/detail?a=stsongs&year=2018&month=01&day=22
2018,stsongs,2018-01-17,4,不協和音,欅坂46,https://www.billboard-japan.com/charts/detail?a=stsongs&year=2018&month=01&day=22
2018,stsongs,2018-01-17,5,ダンシング・ヒーロー,荻野目洋子,https://www.billboard-japan.com/charts/detail?a=stsongs&year=2018&month=01&day=22
2018,stsongs,2018-01-17,6,明日も,SHISHAMO,https://www.billboard-japan.com/charts/detail?a=stsongs&year=2018&month=01&day=22
2018,stsongs,2018-01-17,7,風に吹かれても,欅坂46,https://www.billboard-japan.com/charts/detail?a=stsongs&year=2018&month=01&day=22
2018,stsongs,2018-01-17,8,I LOVE YOU,クリス・ハート,https://www.billboard-japan.com/charts/detail?a=stsongs&year=2018&month=01&day=22
2018,stsongs,2018-01-17,9,インフルエンサー,乃木坂46,https://www.billboard-japan.com/charts/detail?a=stsongs&year=2018&month=01&day=22
2018,stsongs,2018-01-17,10,楓,スピッツ,https://www.billboard-japan.com/charts/detail?a=stsongs&year=2018&month=01&day=22
2018,stsongs,2018-01-17,11,シェイプ・オブ・ユー,エド・シーラン,https://www.billboard-japan.com/charts/detail?a=stsongs&year=2018&month=01&day=22
2018,stsongs,2018-01-17,12,RAIN,SEKAI NO OWARI,https://www.billboard-japan.com/charts/detail?a=stsongs&year=2018&month=01&day=22
2018,stsongs,2018-01-17,13,愛をこめて花束を,Superfly,https://www.billboard-japan.com/charts/detail?a=stsongs&year=2018&month=01&day=22
2018,stsongs,2018-01-17,14,サイレントマジョリティー,欅坂46,https://www.billboard-japan.com/charts/detail?a=stsongs&year=2018&month=01&day=22
2018,stsongs,2018-01-17,15,ノンフィクション,平井堅,https://www.billboard-japan.com/charts/detail?a=stsongs&year=2018&month=01&day=22
2018,stsongs,2018-01-17,16,BIG CITY RODEO,GENERATIONS from EXILE TRIBE,https://www.billboard-japan.com/charts/detail?a=stsongs&year=2018&month=01&day=22
2018,stsongs,2018-01-17,17,EXCITE,三浦大知,https://www.billboard-japan.com/charts/detail?a=stsongs&year=2018&month=01&day=22
2018,stsongs,2018-01-17,18,Wherever you are,ONE OK ROCK,https://www.billboard-japan.com/charts/detail?a=stsongs&year=2018&month=01&day=22
2018,stsongs,2018-01-17,19,Heart Shaker,TWICE,https://www.billboard-japan.com/charts/detail?a=stsongs&year=2018&month=01&day=22
2018,stsongs,2018-01-17,20,できっこないを やらなくちゃ,サンボマスター,https://www.billboard-japan.com/charts/detail?a=stsongs&year=2018&month=01&day=22
2018,stsongs,2018-01-17,21,恋,星野源,https://www.billboard-japan.com/charts/detail?a=stsongs&year=2018&month=01&day=22
2018,stsongs,2018-01-17,22,花束を君に,宇多田ヒカル,https://www.billboard-japan.com/charts/detail?a=stsongs&year=2018&month=01&day=22
2018,stsongs,2018-01-17,23,よー、そこの若いの,竹原ピストル,https://www.billboard-japan.com/charts/detail?a=stsongs&year=2018&month=01&day=22
2018,stsongs,2018-01-17,24,Just You and I,安室奈美恵,https://www.billboard-japan.com/charts/detail?a=stsongs&year=2018&month=01&day=22
2018,stsongs,2018-01-17,25,Love Story,安室奈美恵,https://www.billboard-japan.com/charts/detail?a=stsongs&year=2018&month=01&day=22
2018,stsongs,2018-01-17,26,LIKEY,TWICE,https://www.billboard-japan.com/charts/detail?a=stsongs&year=2018&month=01&day=22
2018,stsongs,2018-01-17,27,奏(かなで),スキマスイッチ,https://www.billboard-japan.com/charts/detail?a=stsongs&year=2018&month=01&day=22
2018,stsongs,2018-01-17,28,One More Time,TWICE,https://www.billboard-japan.com/charts/detail?a=stsongs&year=2018&month=01&day=22
2018,stsongs,2018-01-17,29,Family Song,星野源,https://www.billboard-japan.com/charts/detail?a=stsongs&year=2018&month=01&day=22
2018,stsongs,2018-01-17,30,Forever Love,X JAPAN,https://www.billboard-japan.com/charts/detail?a=stsongs&year=2018&month=01&day=22
2018,stsongs,2018-01-17,31,HANABI,Mr.Children,https://www.billboard-japan.com/charts/detail?a=stsongs&year=2018&month=01&day=22
2018,stsongs,2018-01-17,32,DNA,BTS (防弾少年団),https://www.billboard-japan.com/charts/detail?a=stsongs&year=2018&month=01&day=22
2018,stsongs,2018-01-17,33,365日の紙飛行機,AKB48,https://www.billboard-japan.com/charts/detail?a=stsongs&year=2018&month=01&day=22
2018,stsongs,2018-01-17,34,ひまわりの約束,秦基博,https://www.billboard-japan.com/charts/detail?a=stsongs&year=2018&month=01&day=22
2018,stsongs,2018-01-17,35,糸,中島みゆき,https://www.billboard-japan.com/charts/detail?a=stsongs&year=2018&month=01&day=22
2018,stsongs,2018-01-17,36,トリセツ,西野カナ,https://www.billboard-japan.com/charts/detail?a=stsongs&year=2018&month=01&day=22
2018,stsongs,2018-01-17,37,なんでもないや,上白石萌音,https://www.billboard-japan.com/charts/detail?a=stsongs&year=2018&month=01&day=22
2018,stsongs,2018-01-17,38,好きだ。,Little Glee Monster,https://www.billboard-japan.com/charts/detail?a=stsongs&year=2018&month=01&day=22
2018,stsongs,2018-01-17,39,奇蹟,Uru,https://www.billboard-japan.com/charts/detail?a=stsongs&year=2018&month=01&day=22
2018,stsongs,2018-01-17,40,栄光の架橋,ゆず,https://www.billboard-japan.com/charts/detail?a=stsongs&year=2018&month=01&day=22
2018,stsongs,2018-01-17,41,キセキ,GReeeeN,https://www.billboard-japan.com/charts/detail?a=stsongs&year=2018&month=01&day=22
2018,stsongs,2018-01-17,42,LIFE,AAA,https://www.billboard-japan.com/charts/detail?a=stsongs&year=2018&month=01&day=22
2018,stsongs,2018-01-17,43,SIGNAL,TWICE,https://www.billboard-japan.com/charts/detail?a=stsongs&year=2018&month=01&day=22
2018,stsongs,2018-01-17,44,空,GENERATIONS from EXILE TRIBE,https://www.billboard-japan.com/charts/detail?a=stsongs&year=2018&month=01&day=22
2018,stsongs,2018-01-17,45,パッ,西野カナ,https://www.billboard-japan.com/charts/detail?a=stsongs&year=2018&month=01&day=22
2018,stsongs,2018-01-17,46,ALRIGHT! ALRIGHT!,GENERATIONS from EXILE TRIBE,https://www.billboard-japan.com/charts/detail?a=stsongs&year=2018&month=01&day=22
2018,stsongs,2018-01-17,47,キラキラ feat.カンナ,AI,https://www.billboard-japan.com/charts/detail?a=stsongs&year=2018&month=01&day=22
2018,stsongs,2018-01-17,48,ダーティ・ワーク,オースティン・マホーン,https://www.billboard-japan.com/charts/detail?a=stsongs&year=2018&month=01&day=22
2018,stsongs,2018-01-17,49,FANTASTIC BABY,BIGBANG,https://www.billboard-japan.com/charts/detail?a=stsongs&year=2018&month=01&day=22
2018,stsongs,2018-01-17,50,ワタリドリ,[Alexandros],https://www.billboard-japan.com/charts/detail?a=stsongs&year=2018&month=01&day=22
2018,stsongs,2018-01-17,51,さくらんぼ,大塚愛,https://www.billboard-japan.com/charts/detail?a=stsongs&year=2018&month=01&day=22
2018,stsongs,2018-01-17,52,Baby Don't Cry,安室奈美恵,https://www.billboard-japan.com/charts/detail?a=stsongs&year=2018&month=01&day=22
2018,stsongs,2018-01-17,53,First Love,宇多田ヒカル,https://www.billboard-japan.com/charts/detail?a=stsongs&year=2018&month=01&day=22
2018,stsongs,2018-01-17,54,WanteD! WanteD!,Mrs.GREEN APPLE,https://www.billboard-japan.com/charts/detail?a=stsongs&year=2018&month=01&day=22
2018,stsongs,2018-01-17,55,OVER,Little Glee Monster,https://www.billboard-japan.com/charts/detail?a=stsongs&year=2018&month=01&day=22
2018,stsongs,2018-01-17,56,今宵の月のように,エレファントカシマシ,https://www.billboard-japan.com/charts/detail?a=stsongs&year=2018&month=01&day=22
2018,stsongs,2018-01-17,57,テルーの唄,手嶌葵,https://www.billboard-japan.com/charts/detail?a=stsongs&year=2018&month=01&day=22
2018,stsongs,2018-01-17,58,CHEER UP,TWICE,https://www.billboard-japan.com/charts/detail?a=stsongs&year=2018&month=01&day=22
2018,stsongs,2018-01-17,59,AGEHA,GENERATIONS from EXILE TRIBE,https://www.billboard-japan.com/charts/detail?a=stsongs&year=2018&month=01&day=22
2018,stsongs,2018-01-17,60,Like OOH-AHH,TWICE,https://www.billboard-japan.com/charts/detail?a=stsongs&year=2018&month=01&day=22
2018,stsongs,2018-01-17,61,千本桜,和楽器バンド,https://www.billboard-japan.com/charts/detail?a=stsongs&year=2018&month=01&day=22
2018,stsongs,2018-01-17,62,小さな恋のうた,MONGOL800,https://www.billboard-japan.com/charts/detail?a=stsongs&year=2018&month=01&day=22
2018,stsongs,2018-01-17,63,J.S.B. HAPPINESS,三代目 J Soul Brothers from EXILE TRIBE,https://www.billboard-japan.com/charts/detail?a=stsongs&year=2018&month=01&day=22
2018,stsongs,2018-01-17,64,恋音と雨空,AAA,https://www.billboard-japan.com/charts/detail?a=stsongs&year=2018&month=01&day=22
2018,stsongs,2018-01-17,65,人生は夢だらけ,椎名林檎,https://www.billboard-japan.com/charts/detail?a=stsongs&year=2018&month=01&day=22
2018,stsongs,2018-01-17,66,手をつなぐ理由,西野カナ,https://www.billboard-japan.com/charts/detail?a=stsongs&year=2018&month=01&day=22
2018,stsongs,2018-01-17,67,見たこともない景色,菅田将暉,https://www.billboard-japan.com/charts/detail?a=stsongs&year=2018&month=01&day=22
2018,stsongs,2018-01-17,68,友よ〜この先もずっと…,ケツメイシ,https://www.billboard-japan.com/charts/detail?a=stsongs&year=2018&month=01&day=22
2018,stsongs,2018-01-17,69,明日はどこから,松たか子,https://www.billboard-japan.com/charts/detail?a=stsongs&year=2018&month=01&day=22
2018,stsongs,2018-01-17,70,KNOCK KNOCK,TWICE,https://www.billboard-japan.com/charts/detail?a=stsongs&year=2018&month=01&day=22
2018,stsongs,2018-01-17,71,いつかできるから今日できる,乃木坂46,https://www.billboard-japan.com/charts/detail?a=stsongs&year=2018&month=01&day=22
2018,stsongs,2018-01-17,72,ステイ,ゼッド & アレッシア・カーラ,https://www.billboard-japan.com/charts/detail?a=stsongs&year=2018&month=01&day=22
2018,stsongs,2018-01-17,73,Reboot,東方神起,https://www.billboard-japan.com/charts/detail?a=stsongs&year=2018&month=01&day=22
2018,stsongs,2018-01-17,74,雪の華,中島美嘉,https://www.billboard-japan.com/charts/detail?a=stsongs&year=2018&month=01&day=22
2018,stsongs,2018-01-17,75,粉雪,レミオロメン,https://www.billboard-japan.com/charts/detail?a=stsongs&year=2018&month=01&day=22
2018,stsongs,2018-01-17,76,My Boo,清水翔太,https://www.billboard-japan.com/charts/detail?a=stsongs&year=2018&month=01&day=22
2018,stsongs,2018-01-17,77,二人セゾン,欅坂46,https://www.billboard-japan.com/charts/detail?a=stsongs&year=2018&month=01&day=22
2018,stsongs,2018-01-17,78,Story,AI,https://www.billboard-japan.com/charts/detail?a=stsongs&year=2018&month=01&day=22
2018,stsongs,2018-01-17,79,Love You More,GENERATIONS from EXILE TRIBE,https://www.billboard-japan.com/charts/detail?a=stsongs&year=2018&month=01&day=22
2018,stsongs,2018-01-17,80,涙,ケツメイシ,https://www.billboard-japan.com/charts/detail?a=stsongs&year=2018&month=01&day=22
2018,stsongs,2018-01-17,81,Flavor Of Life,宇多田ヒカル,https://www.billboard-japan.com/charts/detail?a=stsongs&year=2018&month=01&day=22
2018,stsongs,2018-01-17,82,デスティニー,シェネル,https://www.billboard-japan.com/charts/detail?a=stsongs&year=2018&month=01&day=22
2018,stsongs,2018-01-17,83,3月9日,レミオロメン,https://www.billboard-japan.com/charts/detail?a=stsongs&year=2018&month=01&day=22
2018,stsongs,2018-01-17,84,365日,Mr.Children,https://www.billboard-japan.com/charts/detail?a=stsongs&year=2018&month=01&day=22
2018,stsongs,2018-01-17,85,にじいろ,絢香,https://www.billboard-japan.com/charts/detail?a=stsongs&year=2018&month=01&day=22
2018,stsongs,2018-01-17,86,ホワット・ドゥ・ユー・ミーン?,ジャスティン・ビーバー,https://www.billboard-japan.com/charts/detail?a=stsongs&year=2018&month=01&day=22
2018,stsongs,2018-01-17,87,R.Y.U.S.E.I.,三代目 J Soul Brothers from EXILE TRIBE,https://www.billboard-japan.com/charts/detail?a=stsongs&year=2018&month=01&day=22
2018,stsongs,2018-01-17,88,だから、ひとりじゃない,Little Glee Monster,https://www.billboard-japan.com/charts/detail?a=stsongs&year=2018&month=01&day=22
2018,stsongs,2018-01-17,89,ライオン,ベリーグッドマン,https://www.billboard-japan.com/charts/detail?a=stsongs&year=2018&month=01&day=22
2018,stsongs,2018-01-17,90,366日,HY,https://www.billboard-japan.com/charts/detail?a=stsongs&year=2018&month=01&day=22
2018,stsongs,2018-01-17,91,Fight Together,安室奈美恵,https://www.billboard-japan.com/charts/detail?a=stsongs&year=2018&month=01&day=22
2018,stsongs,2018-01-17,92,CHOCOLATE,ちゃんみな,https://www.billboard-japan.com/charts/detail?a=stsongs&year=2018&month=01&day=22
2018,stsongs,2018-01-17,92,さよならの前に,AAA,https://www.billboard-japan.com/charts/detail?a=stsongs&year=2018&month=01&day=22
2018,stsongs,2018-01-17,94,紅,X,https://www.billboard-japan.com/charts/detail?a=stsongs&year=2018&month=01&day=22
2018,stsongs,2018-01-17,95,ハナミズキ,一青窈,https://www.billboard-japan.com/charts/detail?a=stsongs&year=2018&month=01&day=22
2018,stsongs,2018-01-17,96,愛唄,GReeeeN,https://www.billboard-japan.com/charts/detail?a=stsongs&year=2018&month=01&day=22
2018,stsongs,2018-01-17,97,デスパシート feat.ジャスティン・ビーバー,ルイス・フォンシ & ダディー・ヤンキー,https://www.billboard-japan.com/charts/detail?a=stsongs&year=2018&month=01&day=22
2018,stsongs,2018-01-17,98,北風と太陽,E-girls,https://www.billboard-japan.com/charts/detail?a=stsongs&year=2018&month=01&day=22
2018,stsongs,2018-01-17,99,CAN YOU CELEBRATE? feat.葉加瀬太郎,安室奈美恵,https://www.billboard-japan.com/charts/detail?a=stsongs&year=2018&month=01&day=22
2018,stsongs,2018-01-17,100,ようこそジャパリパークへ,どうぶつビスケッツ×PPP,https://www.billboard-japan.com/charts/detail?a=stsongs&year=2018&month=01&day=22
2018,stsongs,2018-01-24,1,打上花火,DAOKO × 米津玄師,https://www.billboard-japan.com/charts/detail?a=stsongs&year=2018&month=01&day=29
2018,stsongs,2018-01-24,2,TT,TWICE,https://www.billboard-japan.com/charts/detail?a=stsongs&year=2018&month=01&day=29
2018,stsongs,2018-01-24,3,Hero,安室奈美恵,https://www.billboard-japan.com/charts/detail?a=stsongs&year=2018&month=01&day=29
2018,stsongs,2018-01-24,4,ダンシング・ヒーロー,荻野目洋子,https://www.billboard-japan.com/charts/detail?a=stsongs&year=2018&month=01&day=29
2018,stsongs,2018-01-24,5,不協和音,欅坂46,https://www.billboard-japan.com/charts/detail?a=stsongs&year=2018&month=01&day=29
2018,stsongs,2018-01-24,6,明日も,SHISHAMO,https://www.billboard-japan.com/charts/detail?a=stsongs&year=2018&month=01&day=29
2018,stsongs,2018-01-24,7,風に吹かれても,欅坂46,https://www.billboard-japan.com/charts/detail?a=stsongs&year=2018&month=01&day=29
2018,stsongs,2018-01-24,8,I LOVE YOU,クリス・ハート,https://www.billboard-japan.com/charts/detail?a=stsongs&year=2018&month=01&day=29
2018,stsongs,2018-01-24,9,Jupiter,Little Glee Monster,https://www.billboard-japan.com/charts/detail?a=stsongs&year=2018&month=01&day=29
2018,stsongs,2018-01-24,10,シェイプ・オブ・ユー,エド・シーラン,https://www.billboard-japan.com/charts/detail?a=stsongs&year=2018&month=01&day=29
2018,stsongs,2018-01-24,11,インフルエンサー,乃木坂46,https://www.billboard-japan.com/charts/detail?a=stsongs&year=2018&month=01&day=29
2018,stsongs,2018-01-24,12,いつかこの涙が,Little Glee Monster,https://www.billboard-japan.com/charts/detail?a=stsongs&year=2018&month=01&day=29
2018,stsongs,2018-01-24,13,楓,スピッツ,https://www.billboard-japan.com/charts/detail?a=stsongs&year=2018&month=01&day=29
2018,stsongs,2018-01-24,14,RAIN,SEKAI NO OWARI,https://www.billboard-japan.com/charts/detail?a=stsongs&year=2018&month=01&day=29
2018,stsongs,2018-01-24,15,BIG CITY RODEO,GENERATIONS from EXILE TRIBE,https://www.billboard-japan.com/charts/detail?a=stsongs&year=2018&month=01&day=29
2018,stsongs,2018-01-24,16,愛をこめて花束を,Superfly,https://www.billboard-japan.com/charts/detail?a=stsongs&year=2018&month=01&day=29
2018,stsongs,2018-01-24,17,サイレントマジョリティー,欅坂46,https://www.billboard-japan.com/charts/detail?a=stsongs&year=2018&month=01&day=29
2018,stsongs,2018-01-24,18,Heart Shaker,TWICE,https://www.billboard-japan.com/charts/detail?a=stsongs&year=2018&month=01&day=29
2018,stsongs,2018-01-24,19,花束を君に,宇多田ヒカル,https://www.billboard-japan.com/charts/detail?a=stsongs&year=2018&month=01&day=29
2018,stsongs,2018-01-24,20,Wherever you are,ONE OK ROCK,https://www.billboard-japan.com/charts/detail?a=stsongs&year=2018&month=01&day=29
2018,stsongs,2018-01-24,21,ノンフィクション,平井堅,https://www.billboard-japan.com/charts/detail?a=stsongs&year=2018&month=01&day=29
2018,stsongs,2018-01-24,22,恋,星野源,https://www.billboard-japan.com/charts/detail?a=stsongs&year=2018&month=01&day=29
2018,stsongs,2018-01-24,23,奏(かなで),スキマスイッチ,https://www.billboard-japan.com/charts/detail?a=stsongs&year=2018&month=01&day=29
2018,stsongs,2018-01-24,24,EXCITE,三浦大知,https://www.billboard-japan.com/charts/detail?a=stsongs&year=2018&month=01&day=29
2018,stsongs,2018-01-24,25,好きだ。,Little Glee Monster,https://www.billboard-japan.com/charts/detail?a=stsongs&year=2018&month=01&day=29
2018,stsongs,2018-01-24,26,LIKEY,TWICE,https://www.billboard-japan.com/charts/detail?a=stsongs&year=2018&month=01&day=29
2018,stsongs,2018-01-24,27,Just You and I,安室奈美恵,https://www.billboard-japan.com/charts/detail?a=stsongs&year=2018&month=01&day=29
2018,stsongs,2018-01-24,28,One More Time,TWICE,https://www.billboard-japan.com/charts/detail?a=stsongs&year=2018&month=01&day=29
2018,stsongs,2018-01-24,29,Love Story,安室奈美恵,https://www.billboard-japan.com/charts/detail?a=stsongs&year=2018&month=01&day=29
2018,stsongs,2018-01-24,30,よー、そこの若いの,竹原ピストル,https://www.billboard-japan.com/charts/detail?a=stsongs&year=2018&month=01&day=29
2018,stsongs,2018-01-24,31,キセキ,GReeeeN,https://www.billboard-japan.com/charts/detail?a=stsongs&year=2018&month=01&day=29
2018,stsongs,2018-01-24,32,HANABI,Mr.Children,https://www.billboard-japan.com/charts/detail?a=stsongs&year=2018&month=01&day=29
2018,stsongs,2018-01-24,33,AGEHA,GENERATIONS from EXILE TRIBE,https://www.billboard-japan.com/charts/detail?a=stsongs&year=2018&month=01&day=29
2018,stsongs,2018-01-24,34,ALRIGHT! ALRIGHT!,GENERATIONS from EXILE TRIBE,https://www.billboard-japan.com/charts/detail?a=stsongs&year=2018&month=01&day=29
2018,stsongs,2018-01-24,35,Family Song,星野源,https://www.billboard-japan.com/charts/detail?a=stsongs&year=2018&month=01&day=29
2018,stsongs,2018-01-24,36,DNA,BTS (防弾少年団),https://www.billboard-japan.com/charts/detail?a=stsongs&year=2018&month=01&day=29
2018,stsongs,2018-01-24,37,トリセツ,西野カナ,https://www.billboard-japan.com/charts/detail?a=stsongs&year=2018&month=01&day=29
2018,stsongs,2018-01-24,38,ライオン,ベリーグッドマン,https://www.billboard-japan.com/charts/detail?a=stsongs&year=2018&month=01&day=29
2018,stsongs,2018-01-24,39,ひまわりの約束,秦基博,https://www.billboard-japan.com/charts/detail?a=stsongs&year=2018&month=01&day=29
2018,stsongs,2018-01-24,40,空,GENERATIONS from EXILE TRIBE,https://www.billboard-japan.com/charts/detail?a=stsongs&year=2018&month=01&day=29
2018,stsongs,2018-01-24,41,さくらんぼ,大塚愛,https://www.billboard-japan.com/charts/detail?a=stsongs&year=2018&month=01&day=29
2018,stsongs,2018-01-24,42,未来へ,Kiroro,https://www.billboard-japan.com/charts/detail?a=stsongs&year=2018&month=01&day=29
2018,stsongs,2018-01-24,43,粉雪,レミオロメン,https://www.billboard-japan.com/charts/detail?a=stsongs&year=2018&month=01&day=29
2018,stsongs,2018-01-24,44,恋音と雨空,AAA,https://www.billboard-japan.com/charts/detail?a=stsongs&year=2018&month=01&day=29
2018,stsongs,2018-01-24,45,OVER,Little Glee Monster,https://www.billboard-japan.com/charts/detail?a=stsongs&year=2018&month=01&day=29
2018,stsongs,2018-01-24,46,ワタリドリ,[Alexandros],https://www.billboard-japan.com/charts/detail?a=stsongs&year=2018&month=01&day=29
2018,stsongs,2018-01-24,47,SIGNAL,TWICE,https://www.billboard-japan.com/charts/detail?a=stsongs&year=2018&month=01&day=29
2018,stsongs,2018-01-24,48,Like OOH-AHH,TWICE,https://www.billboard-japan.com/charts/detail?a=stsongs&year=2018&month=01&day=29
2018,stsongs,2018-01-24,49,LIFE,AAA,https://www.billboard-japan.com/charts/detail?a=stsongs&year=2018&month=01&day=29
2018,stsongs,2018-01-24,50,糸,中島みゆき,https://www.billboard-japan.com/charts/detail?a=stsongs&year=2018&month=01&day=29
2018,stsongs,2018-01-24,51,だから、ひとりじゃない,Little Glee Monster,https://www.billboard-japan.com/charts/detail?a=stsongs&year=2018&month=01&day=29
2018,stsongs,2018-01-24,52,3月9日,レミオロメン,https://www.billboard-japan.com/charts/detail?a=stsongs&year=2018&month=01&day=29
2018,stsongs,2018-01-24,53,CHEER UP,TWICE,https://www.billboard-japan.com/charts/detail?a=stsongs&year=2018&month=01&day=29
2018,stsongs,2018-01-24,54,365日の紙飛行機,AKB48,https://www.billboard-japan.com/charts/detail?a=stsongs&year=2018&month=01&day=29
2018,stsongs,2018-01-24,55,Forever Love,X JAPAN,https://www.billboard-japan.com/charts/detail?a=stsongs&year=2018&month=01&day=29
2018,stsongs,2018-01-24,56,ダーティ・ワーク,オースティン・マホーン,https://www.billboard-japan.com/charts/detail?a=stsongs&year=2018&month=01&day=29
2018,stsongs,2018-01-24,57,雪の華,中島美嘉,https://www.billboard-japan.com/charts/detail?a=stsongs&year=2018&month=01&day=29
2018,stsongs,2018-01-24,58,FANTASTIC BABY,BIGBANG,https://www.billboard-japan.com/charts/detail?a=stsongs&year=2018&month=01&day=29
2018,stsongs,2018-01-24,59,栄光の架橋,ゆず,https://www.billboard-japan.com/charts/detail?a=stsongs&year=2018&month=01&day=29
2018,stsongs,2018-01-24,60,Story,AI,https://www.billboard-japan.com/charts/detail?a=stsongs&year=2018&month=01&day=29
2018,stsongs,2018-01-24,61,奇蹟,Uru,https://www.billboard-japan.com/charts/detail?a=stsongs&year=2018&month=01&day=29
2018,stsongs,2018-01-24,62,できっこないを やらなくちゃ,サンボマスター,https://www.billboard-japan.com/charts/detail?a=stsongs&year=2018&month=01&day=29
2018,stsongs,2018-01-24,63,WanteD! WanteD!,Mrs.GREEN APPLE,https://www.billboard-japan.com/charts/detail?a=stsongs&year=2018&month=01&day=29
2018,stsongs,2018-01-24,64,にじいろ,絢香,https://www.billboard-japan.com/charts/detail?a=stsongs&year=2018&month=01&day=29
2018,stsongs,2018-01-24,65,Flavor Of Life,宇多田ヒカル,https://www.billboard-japan.com/charts/detail?a=stsongs&year=2018&month=01&day=29
2018,stsongs,2018-01-24,66,小さな恋のうた,MONGOL800,https://www.billboard-japan.com/charts/detail?a=stsongs&year=2018&month=01&day=29
2018,stsongs,2018-01-24,67,Baby Don't Cry,安室奈美恵,https://www.billboard-japan.com/charts/detail?a=stsongs&year=2018&month=01&day=29
2018,stsongs,2018-01-24,68,パッ,西野カナ,https://www.billboard-japan.com/charts/detail?a=stsongs&year=2018&month=01&day=29
2018,stsongs,2018-01-24,69,冬のうた,Kiroro,https://www.billboard-japan.com/charts/detail?a=stsongs&year=2018&month=01&day=29
2018,stsongs,2018-01-24,70,J.S.B. HAPPINESS,三代目 J Soul Brothers from EXILE TRIBE,https://www.billboard-japan.com/charts/detail?a=stsongs&year=2018&month=01&day=29
2018,stsongs,2018-01-24,71,今宵の月のように,エレファントカシマシ,https://www.billboard-japan.com/charts/detail?a=stsongs&year=2018&month=01&day=29
2018,stsongs,2018-01-24,72,First Love,宇多田ヒカル,https://www.billboard-japan.com/charts/detail?a=stsongs&year=2018&month=01&day=29
2018,stsongs,2018-01-24,73,友よ〜この先もずっと…,ケツメイシ,https://www.billboard-japan.com/charts/detail?a=stsongs&year=2018&month=01&day=29
2018,stsongs,2018-01-24,74,KNOCK KNOCK,TWICE,https://www.billboard-japan.com/charts/detail?a=stsongs&year=2018&month=01&day=29
2018,stsongs,2018-01-24,75,My Boo,清水翔太,https://www.billboard-japan.com/charts/detail?a=stsongs&year=2018&month=01&day=29
2018,stsongs,2018-01-24,76,Candy Pop,TWICE,https://www.billboard-japan.com/charts/detail?a=stsongs&year=2018&month=01&day=29
2018,stsongs,2018-01-24,77,ようこそジャパリパークへ,どうぶつビスケッツ×PPP,https://www.billboard-japan.com/charts/detail?a=stsongs&year=2018&month=01&day=29
2018,stsongs,2018-01-24,78,ステイ,ゼッド & アレッシア・カーラ,https://www.billboard-japan.com/charts/detail?a=stsongs&year=2018&month=01&day=29
2018,stsongs,2018-01-24,79,Best Friend,Kiroro,https://www.billboard-japan.com/charts/detail?a=stsongs&year=2018&month=01&day=29
2018,stsongs,2018-01-24,80,いつかできるから今日できる,乃木坂46,https://www.billboard-japan.com/charts/detail?a=stsongs&year=2018&month=01&day=29
2018,stsongs,2018-01-24,81,Love You More,GENERATIONS from EXILE TRIBE,https://www.billboard-japan.com/charts/detail?a=stsongs&year=2018&month=01&day=29
2018,stsongs,2018-01-24,82,見たこともない景色,菅田将暉,https://www.billboard-japan.com/charts/detail?a=stsongs&year=2018&month=01&day=29
2018,stsongs,2018-01-24,83,なんでもないや,上白石萌音,https://www.billboard-japan.com/charts/detail?a=stsongs&year=2018&month=01&day=29
2018,stsongs,2018-01-24,84,366日,HY,https://www.billboard-japan.com/charts/detail?a=stsongs&year=2018&month=01&day=29
2018,stsongs,2018-01-24,85,キラキラ feat.カンナ,AI,https://www.billboard-japan.com/charts/detail?a=stsongs&year=2018&month=01&day=29
2018,stsongs,2018-01-24,86,R.Y.U.S.E.I.,三代目 J Soul Brothers from EXILE TRIBE,https://www.billboard-japan.com/charts/detail?a=stsongs&year=2018&month=01&day=29
2018,stsongs,2018-01-24,87,デスティニー,シェネル,https://www.billboard-japan.com/charts/detail?a=stsongs&year=2018&month=01&day=29
2018,stsongs,2018-01-24,88,二人セゾン,欅坂46,https://www.billboard-japan.com/charts/detail?a=stsongs&year=2018&month=01&day=29
2018,stsongs,2018-01-24,89,愛唄,GReeeeN,https://www.billboard-japan.com/charts/detail?a=stsongs&year=2018&month=01&day=29
2018,stsongs,2018-01-24,90,テルーの唄,手嶌葵,https://www.billboard-japan.com/charts/detail?a=stsongs&year=2018&month=01&day=29
2018,stsongs,2018-01-24,91,千本桜,和楽器バンド,https://www.billboard-japan.com/charts/detail?a=stsongs&year=2018&month=01&day=29
2018,stsongs,2018-01-24,92,Reboot,東方神起,https://www.billboard-japan.com/charts/detail?a=stsongs&year=2018&month=01&day=29
2018,stsongs,2018-01-24,92,BANG BANG BANG,BIGBANG,https://www.billboard-japan.com/charts/detail?a=stsongs&year=2018&month=01&day=29
2018,stsongs,2018-01-24,94,Happiness,シェネル,https://www.billboard-japan.com/charts/detail?a=stsongs&year=2018&month=01&day=29
2018,stsongs,2018-01-24,94,北風と太陽,E-girls,https://www.billboard-japan.com/charts/detail?a=stsongs&year=2018&month=01&day=29
2018,stsongs,2018-01-24,96,ORION,中島美嘉,https://www.billboard-japan.com/charts/detail?a=stsongs&year=2018&month=01&day=29
2018,stsongs,2018-01-24,97,ホワット・ドゥ・ユー・ミーン?,ジャスティン・ビーバー,https://www.billboard-japan.com/charts/detail?a=stsongs&year=2018&month=01&day=29
2018,stsongs,2018-01-24,98,ハバナ feat.ヤング・サグ,カミラ・カベロ,https://www.billboard-japan.com/charts/detail?a=stsongs&year=2018&month=01&day=29
2018,stsongs,2018-01-24,99,365日,Mr.Children,https://www.billboard-japan.com/charts/detail?a=stsongs&year=2018&month=01&day=29
2018,stsongs,2018-01-24,100,長い間,Kiroro,https://www.billboard-japan.com/charts/detail?a=stsongs&year=2018&month=01&day=29
2018,stsongs,2018-01-31,1,打上花火,DAOKO × 米津玄師,https://www.billboard-japan.com/charts/detail?a=stsongs&year=2018&month=02&day=05
2018,stsongs,2018-01-31,2,TT,TWICE,https://www.billboard-japan.com/charts/detail?a=stsongs&year=2018&month=02&day=05
2018,stsongs,2018-01-31,3,Hero,安室奈美恵,https://www.billboard-japan.com/charts/detail?a=stsongs&year=2018&month=02&day=05
2018,stsongs,2018-01-31,4,My Boo,清水翔太,https://www.billboard-japan.com/charts/detail?a=stsongs&year=2018&month=02&day=05
2018,stsongs,2018-01-31,5,Jupiter,Little Glee Monster,https://www.billboard-japan.com/charts/detail?a=stsongs&year=2018&month=02&day=05
2018,stsongs,2018-01-31,6,ダンシング・ヒーロー,荻野目洋子,https://www.billboard-japan.com/charts/detail?a=stsongs&year=2018&month=02&day=05
2018,stsongs,2018-01-31,7,不協和音,欅坂46,https://www.billboard-japan.com/charts/detail?a=stsongs&year=2018&month=02&day=05
2018,stsongs,2018-01-31,8,Be The One,PANDORA feat.Beverly,https://www.billboard-japan.com/charts/detail?a=stsongs&year=2018&month=02&day=05
2018,stsongs,2018-01-31,9,シェイプ・オブ・ユー,エド・シーラン,https://www.billboard-japan.com/charts/detail?a=stsongs&year=2018&month=02&day=05
2018,stsongs,2018-01-31,10,明日も,SHISHAMO,https://www.billboard-japan.com/charts/detail?a=stsongs&year=2018&month=02&day=05
2018,stsongs,2018-01-31,11,風に吹かれても,欅坂46,https://www.billboard-japan.com/charts/detail?a=stsongs&year=2018&month=02&day=05
2018,stsongs,2018-01-31,12,I LOVE YOU,クリス・ハート,https://www.billboard-japan.com/charts/detail?a=stsongs&year=2018&month=02&day=05
2018,stsongs,2018-01-31,13,いつかこの涙が,Little Glee Monster,https://www.billboard-japan.com/charts/detail?a=stsongs&year=2018&month=02&day=05
2018,stsongs,2018-01-31,14,東京,JUJU,https://www.billboard-japan.com/charts/detail?a=stsongs&year=2018&month=02&day=05
2018,stsongs,2018-01-31,15,楓,スピッツ,https://www.billboard-japan.com/charts/detail?a=stsongs&year=2018&month=02&day=05
2018,stsongs,2018-01-31,16,インフルエンサー,乃木坂46,https://www.billboard-japan.com/charts/detail?a=stsongs&year=2018&month=02&day=05
2018,stsongs,2018-01-31,17,EXCITE,三浦大知,https://www.billboard-japan.com/charts/detail?a=stsongs&year=2018&month=02&day=05
2018,stsongs,2018-01-31,18,ノンフィクション,平井堅,https://www.billboard-japan.com/charts/detail?a=stsongs&year=2018&month=02&day=05
2018,stsongs,2018-01-31,19,RAIN,SEKAI NO OWARI,https://www.billboard-japan.com/charts/detail?a=stsongs&year=2018&month=02&day=05
2018,stsongs,2018-01-31,20,サイレントマジョリティー,欅坂46,https://www.billboard-japan.com/charts/detail?a=stsongs&year=2018&month=02&day=05
2018,stsongs,2018-01-31,21,愛をこめて花束を,Superfly,https://www.billboard-japan.com/charts/detail?a=stsongs&year=2018&month=02&day=05
2018,stsongs,2018-01-31,22,Wherever you are,ONE OK ROCK,https://www.billboard-japan.com/charts/detail?a=stsongs&year=2018&month=02&day=05
2018,stsongs,2018-01-31,23,花束を君に,宇多田ヒカル,https://www.billboard-japan.com/charts/detail?a=stsongs&year=2018&month=02&day=05
2018,stsongs,2018-01-31,24,恋,星野源,https://www.billboard-japan.com/charts/detail?a=stsongs&year=2018&month=02&day=05
2018,stsongs,2018-01-31,25,奏(かなで),スキマスイッチ,https://www.billboard-japan.com/charts/detail?a=stsongs&year=2018&month=02&day=05
2018,stsongs,2018-01-31,26,BIG CITY RODEO,GENERATIONS from EXILE TRIBE,https://www.billboard-japan.com/charts/detail?a=stsongs&year=2018&month=02&day=05
2018,stsongs,2018-01-31,27,Heart Shaker,TWICE,https://www.billboard-japan.com/charts/detail?a=stsongs&year=2018&month=02&day=05
2018,stsongs,2018-01-31,28,Good Life,清水翔太,https://www.billboard-japan.com/charts/detail?a=stsongs&year=2018&month=02&day=05
2018,stsongs,2018-01-31,29,恋音と雨空,AAA,https://www.billboard-japan.com/charts/detail?a=stsongs&year=2018&month=02&day=05
2018,stsongs,2018-01-31,30,未来へ,Kiroro,https://www.billboard-japan.com/charts/detail?a=stsongs&year=2018&month=02&day=05
2018,stsongs,2018-01-31,31,LIKEY,TWICE,https://www.billboard-japan.com/charts/detail?a=stsongs&year=2018&month=02&day=05
2018,stsongs,2018-01-31,32,Just You and I,安室奈美恵,https://www.billboard-japan.com/charts/detail?a=stsongs&year=2018&month=02&day=05
2018,stsongs,2018-01-31,33,キセキ,GReeeeN,https://www.billboard-japan.com/charts/detail?a=stsongs&year=2018&month=02&day=05
2018,stsongs,2018-01-31,34,One More Time,TWICE,https://www.billboard-japan.com/charts/detail?a=stsongs&year=2018&month=02&day=05
2018,stsongs,2018-01-31,35,Love Story,安室奈美恵,https://www.billboard-japan.com/charts/detail?a=stsongs&year=2018&month=02&day=05
2018,stsongs,2018-01-31,36,Family Song,星野源,https://www.billboard-japan.com/charts/detail?a=stsongs&year=2018&month=02&day=05
2018,stsongs,2018-01-31,37,HANABI,Mr.Children,https://www.billboard-japan.com/charts/detail?a=stsongs&year=2018&month=02&day=05
2018,stsongs,2018-01-31,38,粉雪,レミオロメン,https://www.billboard-japan.com/charts/detail?a=stsongs&year=2018&month=02&day=05
2018,stsongs,2018-01-31,39,LIFE,AAA,https://www.billboard-japan.com/charts/detail?a=stsongs&year=2018&month=02&day=05
2018,stsongs,2018-01-31,40,糸,中島みゆき,https://www.billboard-japan.com/charts/detail?a=stsongs&year=2018&month=02&day=05
2018,stsongs,2018-01-31,41,君が好き,清水翔太,https://www.billboard-japan.com/charts/detail?a=stsongs&year=2018&month=02&day=05
2018,stsongs,2018-01-31,42,DNA,BTS (防弾少年団),https://www.billboard-japan.com/charts/detail?a=stsongs&year=2018&month=02&day=05
2018,stsongs,2018-01-31,43,Like OOH-AHH,TWICE,https://www.billboard-japan.com/charts/detail?a=stsongs&year=2018&month=02&day=05
2018,stsongs,2018-01-31,44,ひまわりの約束,秦基博,https://www.billboard-japan.com/charts/detail?a=stsongs&year=2018&month=02&day=05
2018,stsongs,2018-01-31,45,3月9日,レミオロメン,https://www.billboard-japan.com/charts/detail?a=stsongs&year=2018&month=02&day=05
2018,stsongs,2018-01-31,46,トリセツ,西野カナ,https://www.billboard-japan.com/charts/detail?a=stsongs&year=2018&month=02&day=05
2018,stsongs,2018-01-31,47,好きだ。,Little Glee Monster,https://www.billboard-japan.com/charts/detail?a=stsongs&year=2018&month=02&day=05
2018,stsongs,2018-01-31,48,小さな恋のうた,MONGOL800,https://www.billboard-japan.com/charts/detail?a=stsongs&year=2018&month=02&day=05
2018,stsongs,2018-01-31,49,雪の華,中島美嘉,https://www.billboard-japan.com/charts/detail?a=stsongs&year=2018&month=02&day=05
2018,stsongs,2018-01-31,50,空,GENERATIONS from EXILE TRIBE,https://www.billboard-japan.com/charts/detail?a=stsongs&year=2018&month=02&day=05
2018,stsongs,2018-01-31,51,SIGNAL,TWICE,https://www.billboard-japan.com/charts/detail?a=stsongs&year=2018&month=02&day=05
2018,stsongs,2018-01-31,52,Story,AI,https://www.billboard-japan.com/charts/detail?a=stsongs&year=2018&month=02&day=05
2018,stsongs,2018-01-31,53,ワタリドリ,[Alexandros],https://www.billboard-japan.com/charts/detail?a=stsongs&year=2018&month=02&day=05
2018,stsongs,2018-01-31,54,栄光の架橋,ゆず,https://www.billboard-japan.com/charts/detail?a=stsongs&year=2018&month=02&day=05
2018,stsongs,2018-01-31,55,AGEHA,GENERATIONS from EXILE TRIBE,https://www.billboard-japan.com/charts/detail?a=stsongs&year=2018&month=02&day=05
2018,stsongs,2018-01-31,56,365日の紙飛行機,AKB48,https://www.billboard-japan.com/charts/detail?a=stsongs&year=2018&month=02&day=05
2018,stsongs,2018-01-31,57,愛唄,GReeeeN,https://www.billboard-japan.com/charts/detail?a=stsongs&year=2018&month=02&day=05
2018,stsongs,2018-01-31,58,CHEER UP,TWICE,https://www.billboard-japan.com/charts/detail?a=stsongs&year=2018&month=02&day=05
2018,stsongs,2018-01-31,59,First Love,宇多田ヒカル,https://www.billboard-japan.com/charts/detail?a=stsongs&year=2018&month=02&day=05
2018,stsongs,2018-01-31,60,DEPARTURES,globe,https://www.billboard-japan.com/charts/detail?a=stsongs&year=2018&month=02&day=05
2018,stsongs,2018-01-31,61,ALRIGHT! ALRIGHT!,GENERATIONS from EXILE TRIBE,https://www.billboard-japan.com/charts/detail?a=stsongs&year=2018&month=02&day=05
2018,stsongs,2018-01-31,62,さくらんぼ,大塚愛,https://www.billboard-japan.com/charts/detail?a=stsongs&year=2018&month=02&day=05
2018,stsongs,2018-01-31,63,366日,HY,https://www.billboard-japan.com/charts/detail?a=stsongs&year=2018&month=02&day=05
2018,stsongs,2018-01-31,64,奇蹟,Uru,https://www.billboard-japan.com/charts/detail?a=stsongs&year=2018&month=02&day=05
2018,stsongs,2018-01-31,65,避雷針,欅坂46,https://www.billboard-japan.com/charts/detail?a=stsongs&year=2018&month=02&day=05
2018,stsongs,2018-01-31,66,見たこともない景色,菅田将暉,https://www.billboard-japan.com/charts/detail?a=stsongs&year=2018&month=02&day=05
2018,stsongs,2018-01-31,67,WanteD! WanteD!,Mrs.GREEN APPLE,https://www.billboard-japan.com/charts/detail?a=stsongs&year=2018&month=02&day=05
2018,stsongs,2018-01-31,68,Love You More,GENERATIONS from EXILE TRIBE,https://www.billboard-japan.com/charts/detail?a=stsongs&year=2018&month=02&day=05
2018,stsongs,2018-01-31,69,友よ〜この先もずっと…,ケツメイシ,https://www.billboard-japan.com/charts/detail?a=stsongs&year=2018&month=02&day=05
2018,stsongs,2018-01-31,70,Best Friend,Kiroro,https://www.billboard-japan.com/charts/detail?a=stsongs&year=2018&month=02&day=05
2018,stsongs,2018-01-31,71,Flavor Of Life,宇多田ヒカル,https://www.billboard-japan.com/charts/detail?a=stsongs&year=2018&month=02&day=05
2018,stsongs,2018-01-31,72,パッ,西野カナ,https://www.billboard-japan.com/charts/detail?a=stsongs&year=2018&month=02&day=05
2018,stsongs,2018-01-31,73,OVER,Little Glee Monster,https://www.billboard-japan.com/charts/detail?a=stsongs&year=2018&month=02&day=05
2018,stsongs,2018-01-31,74,にじいろ,絢香,https://www.billboard-japan.com/charts/detail?a=stsongs&year=2018&month=02&day=05
2018,stsongs,2018-01-31,75,I'm in love,清水翔太,https://www.billboard-japan.com/charts/detail?a=stsongs&year=2018&month=02&day=05
2018,stsongs,2018-01-31,76,ステイ,ゼッド & アレッシア・カーラ,https://www.billboard-japan.com/charts/detail?a=stsongs&year=2018&month=02&day=05
2018,stsongs,2018-01-31,77,おとなの掟,Doughnuts Hole,https://www.billboard-japan.com/charts/detail?a=stsongs&year=2018&month=02&day=05
2018,stsongs,2018-01-31,78,ダーティ・ワーク,オースティン・マホーン,https://www.billboard-japan.com/charts/detail?a=stsongs&year=2018&month=02&day=05
2018,stsongs,2018-01-31,79,長い間,Kiroro,https://www.billboard-japan.com/charts/detail?a=stsongs&year=2018&month=02&day=05
2018,stsongs,2018-01-31,80,Everything,MISIA,https://www.billboard-japan.com/charts/detail?a=stsongs&year=2018&month=02&day=05
2018,stsongs,2018-01-31,81,さよならの前に,AAA,https://www.billboard-japan.com/charts/detail?a=stsongs&year=2018&month=02&day=05
2018,stsongs,2018-01-31,81,KNOCK KNOCK,TWICE,https://www.billboard-japan.com/charts/detail?a=stsongs&year=2018&month=02&day=05
2018,stsongs,2018-01-31,81,よー、そこの若いの,竹原ピストル,https://www.billboard-japan.com/charts/detail?a=stsongs&year=2018&month=02&day=05
2018,stsongs,2018-01-31,84,ライオン,ベリーグッドマン,https://www.billboard-japan.com/charts/detail?a=stsongs&year=2018&month=02&day=05
2018,stsongs,2018-01-31,85,二人セゾン,欅坂46,https://www.billboard-japan.com/charts/detail?a=stsongs&year=2018&month=02&day=05
2018,stsongs,2018-01-31,86,カタオモイ,Aimer(エメ),https://www.billboard-japan.com/charts/detail?a=stsongs&year=2018&month=02&day=05
2018,stsongs,2018-01-31,87,FANTASTIC BABY,BIGBANG,https://www.billboard-japan.com/charts/detail?a=stsongs&year=2018&month=02&day=05
2018,stsongs,2018-01-31,88,だから、ひとりじゃない,Little Glee Monster,https://www.billboard-japan.com/charts/detail?a=stsongs&year=2018&month=02&day=05
2018,stsongs,2018-01-31,89,フィネス feat.カーディ・B,ブルーノ・マーズ,https://www.billboard-japan.com/charts/detail?a=stsongs&year=2018&month=02&day=05
2018,stsongs,2018-01-31,90,残ってる,吉澤嘉代子,https://www.billboard-japan.com/charts/detail?a=stsongs&year=2018&month=02&day=05
2018,stsongs,2018-01-31,91,君に届け,flumpool,https://www.billboard-japan.com/charts/detail?a=stsongs&year=2018&month=02&day=05
2018,stsongs,2018-01-31,92,家族になろうよ,福山雅治,https://www.billboard-japan.com/charts/detail?a=stsongs&year=2018&month=02&day=05
2018,stsongs,2018-01-31,93,J.S.B. HAPPINESS,三代目 J Soul Brothers from EXILE TRIBE,https://www.billboard-japan.com/charts/detail?a=stsongs&year=2018&month=02&day=05
2018,stsongs,2018-01-31,93,The Beginning,ONE OK ROCK,https://www.billboard-japan.com/charts/detail?a=stsongs&year=2018&month=02&day=05
2018,stsongs,2018-01-31,95,Howling,FLOW × GRANRODEO,https://www.billboard-japan.com/charts/detail?a=stsongs&year=2018&month=02&day=05
2018,stsongs,2018-01-31,96,やさしさで溢れるように,JUJU,https://www.billboard-japan.com/charts/detail?a=stsongs&year=2018&month=02&day=05
2018,stsongs,2018-01-31,97,365日,Mr.Children,https://www.billboard-japan.com/charts/detail?a=stsongs&year=2018&month=02&day=05
2018,stsongs,2018-01-31,98,好きな人がいること,JY,https://www.billboard-japan.com/charts/detail?a=stsongs&year=2018&month=02&day=05
2018,stsongs,2018-01-31,99,R.Y.U.S.E.I.,三代目 J Soul Brothers from EXILE TRIBE,https://www.billboard-japan.com/charts/detail?a=stsongs&year=2018&month=02&day=05
2018,stsongs,2018-01-31,100,今宵の月のように,エレファントカシマシ,https://www.billboard-japan.com/charts/detail?a=stsongs&year=2018&month=02&day=05
2018,stsongs,2018-02-07,1,打上花火,DAOKO × 米津玄師,https://www.billboard-japan.com/charts/detail?a=stsongs&year=2018&month=02&day=12
2018,stsongs,2018-02-07,2,TT,TWICE,https://www.billboard-japan.com/charts/detail?a=stsongs&year=2018&month=02&day=12
2018,stsongs,2018-02-07,3,My Boo,清水翔太,https://www.billboard-japan.com/charts/detail?a=stsongs&year=2018&month=02&day=12
2018,stsongs,2018-02-07,4,Be The One,PANDORA feat.Beverly,https://www.billboard-japan.com/charts/detail?a=stsongs&year=2018&month=02&day=12
2018,stsongs,2018-02-07,5,東京,JUJU,https://www.billboard-japan.com/charts/detail?a=stsongs&year=2018&month=02&day=12
2018,stsongs,2018-02-07,6,Hero,安室奈美恵,https://www.billboard-japan.com/charts/detail?a=stsongs&year=2018&month=02&day=12
2018,stsongs,2018-02-07,7,シェイプ・オブ・ユー,エド・シーラン,https://www.billboard-japan.com/charts/detail?a=stsongs&year=2018&month=02&day=12
2018,stsongs,2018-02-07,8,ダンシング・ヒーロー,荻野目洋子,https://www.billboard-japan.com/charts/detail?a=stsongs&year=2018&month=02&day=12
2018,stsongs,2018-02-07,9,明日も,SHISHAMO,https://www.billboard-japan.com/charts/detail?a=stsongs&year=2018&month=02&day=12
2018,stsongs,2018-02-07,10,I LOVE YOU,クリス・ハート,https://www.billboard-japan.com/charts/detail?a=stsongs&year=2018&month=02&day=12
2018,stsongs,2018-02-07,11,あいしてると言ってよかった,E-girls,https://www.billboard-japan.com/charts/detail?a=stsongs&year=2018&month=02&day=12
2018,stsongs,2018-02-07,12,不協和音,欅坂46,https://www.billboard-japan.com/charts/detail?a=stsongs&year=2018&month=02&day=12
2018,stsongs,2018-02-07,13,Jupiter,Little Glee Monster,https://www.billboard-japan.com/charts/detail?a=stsongs&year=2018&month=02&day=12
2018,stsongs,2018-02-07,14,風に吹かれても,欅坂46,https://www.billboard-japan.com/charts/detail?a=stsongs&year=2018&month=02&day=12
2018,stsongs,2018-02-07,15,いつかこの涙が,Little Glee Monster,https://www.billboard-japan.com/charts/detail?a=stsongs&year=2018&month=02&day=12
2018,stsongs,2018-02-07,16,EXCITE,三浦大知,https://www.billboard-japan.com/charts/detail?a=stsongs&year=2018&month=02&day=12
2018,stsongs,2018-02-07,17,楓,スピッツ,https://www.billboard-japan.com/charts/detail?a=stsongs&year=2018&month=02&day=12
2018,stsongs,2018-02-07,18,Good Life,清水翔太,https://www.billboard-japan.com/charts/detail?a=stsongs&year=2018&month=02&day=12
2018,stsongs,2018-02-07,19,Wherever you are,ONE OK ROCK,https://www.billboard-japan.com/charts/detail?a=stsongs&year=2018&month=02&day=12
2018,stsongs,2018-02-07,20,サイレントマジョリティー,欅坂46,https://www.billboard-japan.com/charts/detail?a=stsongs&year=2018&month=02&day=12
2018,stsongs,2018-02-07,21,インフルエンサー,乃木坂46,https://www.billboard-japan.com/charts/detail?a=stsongs&year=2018&month=02&day=12
2018,stsongs,2018-02-07,22,愛をこめて花束を,Superfly,https://www.billboard-japan.com/charts/detail?a=stsongs&year=2018&month=02&day=12
2018,stsongs,2018-02-07,23,One More Time,TWICE,https://www.billboard-japan.com/charts/detail?a=stsongs&year=2018&month=02&day=12
2018,stsongs,2018-02-07,24,Heart Shaker,TWICE,https://www.billboard-japan.com/charts/detail?a=stsongs&year=2018&month=02&day=12
2018,stsongs,2018-02-07,25,花束を君に,宇多田ヒカル,https://www.billboard-japan.com/charts/detail?a=stsongs&year=2018&month=02&day=12
2018,stsongs,2018-02-07,26,奏(かなで),スキマスイッチ,https://www.billboard-japan.com/charts/detail?a=stsongs&year=2018&month=02&day=12
2018,stsongs,2018-02-07,27,RAIN,SEKAI NO OWARI,https://www.billboard-japan.com/charts/detail?a=stsongs&year=2018&month=02&day=12
2018,stsongs,2018-02-07,28,ノンフィクション,平井堅,https://www.billboard-japan.com/charts/detail?a=stsongs&year=2018&month=02&day=12
2018,stsongs,2018-02-07,29,恋音と雨空,AAA,https://www.billboard-japan.com/charts/detail?a=stsongs&year=2018&month=02&day=12
2018,stsongs,2018-02-07,30,BIG CITY RODEO,GENERATIONS from EXILE TRIBE,https://www.billboard-japan.com/charts/detail?a=stsongs&year=2018&month=02&day=12
2018,stsongs,2018-02-07,31,恋,星野源,https://www.billboard-japan.com/charts/detail?a=stsongs&year=2018&month=02&day=12
2018,stsongs,2018-02-07,32,Family Song,星野源,https://www.billboard-japan.com/charts/detail?a=stsongs&year=2018&month=02&day=12
2018,stsongs,2018-02-07,33,ハバナ feat.ヤング・サグ,カミラ・カベロ,https://www.billboard-japan.com/charts/detail?a=stsongs&year=2018&month=02&day=12
2018,stsongs,2018-02-07,34,A New Day,Beverly,https://www.billboard-japan.com/charts/detail?a=stsongs&year=2018&month=02&day=12
2018,stsongs,2018-02-07,35,LIKEY,TWICE,https://www.billboard-japan.com/charts/detail?a=stsongs&year=2018&month=02&day=12
2018,stsongs,2018-02-07,36,Just You and I,安室奈美恵,https://www.billboard-japan.com/charts/detail?a=stsongs&year=2018&month=02&day=12
2018,stsongs,2018-02-07,37,粉雪,レミオロメン,https://www.billboard-japan.com/charts/detail?a=stsongs&year=2018&month=02&day=12
2018,stsongs,2018-02-07,38,HANABI,Mr.Children,https://www.billboard-japan.com/charts/detail?a=stsongs&year=2018&month=02&day=12
2018,stsongs,2018-02-07,39,キセキ,GReeeeN,https://www.billboard-japan.com/charts/detail?a=stsongs&year=2018&month=02&day=12
2018,stsongs,2018-02-07,40,3月9日,レミオロメン,https://www.billboard-japan.com/charts/detail?a=stsongs&year=2018&month=02&day=12
2018,stsongs,2018-02-07,41,Love Story,安室奈美恵,https://www.billboard-japan.com/charts/detail?a=stsongs&year=2018&month=02&day=12
2018,stsongs,2018-02-07,42,Like OOH-AHH,TWICE,https://www.billboard-japan.com/charts/detail?a=stsongs&year=2018&month=02&day=12
2018,stsongs,2018-02-07,43,SIGNAL,TWICE,https://www.billboard-japan.com/charts/detail?a=stsongs&year=2018&month=02&day=12
2018,stsongs,2018-02-07,44,トリセツ,西野カナ,https://www.billboard-japan.com/charts/detail?a=stsongs&year=2018&month=02&day=12
2018,stsongs,2018-02-07,45,ギフト,ET-KING,https://www.billboard-japan.com/charts/detail?a=stsongs&year=2018&month=02&day=12
2018,stsongs,2018-02-07,46,ひまわりの約束,秦基博,https://www.billboard-japan.com/charts/detail?a=stsongs&year=2018&month=02&day=12
2018,stsongs,2018-02-07,47,365日の紙飛行機,AKB48,https://www.billboard-japan.com/charts/detail?a=stsongs&year=2018&month=02&day=12
2018,stsongs,2018-02-07,48,DNA,BTS (防弾少年団),https://www.billboard-japan.com/charts/detail?a=stsongs&year=2018&month=02&day=12
2018,stsongs,2018-02-07,49,CHEER UP,TWICE,https://www.billboard-japan.com/charts/detail?a=stsongs&year=2018&month=02&day=12
2018,stsongs,2018-02-07,50,Story,AI,https://www.billboard-japan.com/charts/detail?a=stsongs&year=2018&month=02&day=12
2018,stsongs,2018-02-07,51,小さな恋のうた,MONGOL800,https://www.billboard-japan.com/charts/detail?a=stsongs&year=2018&month=02&day=12
2018,stsongs,2018-02-07,52,未来へ,Kiroro,https://www.billboard-japan.com/charts/detail?a=stsongs&year=2018&month=02&day=12
2018,stsongs,2018-02-07,53,栄光の架橋,ゆず,https://www.billboard-japan.com/charts/detail?a=stsongs&year=2018&month=02&day=12
2018,stsongs,2018-02-07,54,好きだ。,Little Glee Monster,https://www.billboard-japan.com/charts/detail?a=stsongs&year=2018&month=02&day=12
2018,stsongs,2018-02-07,55,KNOCK KNOCK,TWICE,https://www.billboard-japan.com/charts/detail?a=stsongs&year=2018&month=02&day=12
2018,stsongs,2018-02-07,56,Howling,FLOW × GRANRODEO,https://www.billboard-japan.com/charts/detail?a=stsongs&year=2018&month=02&day=12
2018,stsongs,2018-02-07,57,にじいろ,絢香,https://www.billboard-japan.com/charts/detail?a=stsongs&year=2018&month=02&day=12
2018,stsongs,2018-02-07,58,君が好き,清水翔太,https://www.billboard-japan.com/charts/detail?a=stsongs&year=2018&month=02&day=12
2018,stsongs,2018-02-07,59,糸,中島みゆき,https://www.billboard-japan.com/charts/detail?a=stsongs&year=2018&month=02&day=12
2018,stsongs,2018-02-07,60,雪の華,中島美嘉,https://www.billboard-japan.com/charts/detail?a=stsongs&year=2018&month=02&day=12
2018,stsongs,2018-02-07,61,空,GENERATIONS from EXILE TRIBE,https://www.billboard-japan.com/charts/detail?a=stsongs&year=2018&month=02&day=12
2018,stsongs,2018-02-07,62,I'm in love,清水翔太,https://www.billboard-japan.com/charts/detail?a=stsongs&year=2018&month=02&day=12
2018,stsongs,2018-02-07,63,WanteD! WanteD!,Mrs.GREEN APPLE,https://www.billboard-japan.com/charts/detail?a=stsongs&year=2018&month=02&day=12
2018,stsongs,2018-02-07,64,ワタリドリ,[Alexandros],https://www.billboard-japan.com/charts/detail?a=stsongs&year=2018&month=02&day=12
2018,stsongs,2018-02-07,65,さくらんぼ,大塚愛,https://www.billboard-japan.com/charts/detail?a=stsongs&year=2018&month=02&day=12
2018,stsongs,2018-02-07,66,LIFE,AAA,https://www.billboard-japan.com/charts/detail?a=stsongs&year=2018&month=02&day=12
2018,stsongs,2018-02-07,67,愛唄,GReeeeN,https://www.billboard-japan.com/charts/detail?a=stsongs&year=2018&month=02&day=12
2018,stsongs,2018-02-07,68,ステイ,ゼッド & アレッシア・カーラ,https://www.billboard-japan.com/charts/detail?a=stsongs&year=2018&month=02&day=12
2018,stsongs,2018-02-07,69,366日,HY,https://www.billboard-japan.com/charts/detail?a=stsongs&year=2018&month=02&day=12
2018,stsongs,2018-02-07,70,Love You More,GENERATIONS from EXILE TRIBE,https://www.billboard-japan.com/charts/detail?a=stsongs&year=2018&month=02&day=12
2018,stsongs,2018-02-07,71,友よ〜この先もずっと…,ケツメイシ,https://www.billboard-japan.com/charts/detail?a=stsongs&year=2018&month=02&day=12
2018,stsongs,2018-02-07,72,24K・マジック,ブルーノ・マーズ,https://www.billboard-japan.com/charts/detail?a=stsongs&year=2018&month=02&day=12
2018,stsongs,2018-02-07,73,The Beginning,ONE OK ROCK,https://www.billboard-japan.com/charts/detail?a=stsongs&year=2018&month=02&day=12
2018,stsongs,2018-02-07,74,FANTASTIC BABY,BIGBANG,https://www.billboard-japan.com/charts/detail?a=stsongs&year=2018&month=02&day=12
2018,stsongs,2018-02-07,75,AGEHA,GENERATIONS from EXILE TRIBE,https://www.billboard-japan.com/charts/detail?a=stsongs&year=2018&month=02&day=12
2018,stsongs,2018-02-07,76,よー、そこの若いの,竹原ピストル,https://www.billboard-japan.com/charts/detail?a=stsongs&year=2018&month=02&day=12
2018,stsongs,2018-02-07,77,ALRIGHT! ALRIGHT!,GENERATIONS from EXILE TRIBE,https://www.billboard-japan.com/charts/detail?a=stsongs&year=2018&month=02&day=12
2018,stsongs,2018-02-07,78,デスパシート feat.ジャスティン・ビーバー,ルイス・フォンシ & ダディー・ヤンキー,https://www.billboard-japan.com/charts/detail?a=stsongs&year=2018&month=02&day=12
2018,stsongs,2018-02-07,79,サザンカ,SEKAI NO OWARI,https://www.billboard-japan.com/charts/detail?a=stsongs&year=2018&month=02&day=12
2018,stsongs,2018-02-07,80,見たこともない景色,菅田将暉,https://www.billboard-japan.com/charts/detail?a=stsongs&year=2018&month=02&day=12
2018,stsongs,2018-02-07,81,君に届け,flumpool,https://www.billboard-japan.com/charts/detail?a=stsongs&year=2018&month=02&day=12
2018,stsongs,2018-02-07,82,パッ,西野カナ,https://www.billboard-japan.com/charts/detail?a=stsongs&year=2018&month=02&day=12
2018,stsongs,2018-02-07,83,OVER,Little Glee Monster,https://www.billboard-japan.com/charts/detail?a=stsongs&year=2018&month=02&day=12
2018,stsongs,2018-02-07,84,愛しい人へ,ET-KING,https://www.billboard-japan.com/charts/detail?a=stsongs&year=2018&month=02&day=12
2018,stsongs,2018-02-07,85,さよならの前に,AAA,https://www.billboard-japan.com/charts/detail?a=stsongs&year=2018&month=02&day=12
2018,stsongs,2018-02-07,86,Candy Pop,TWICE,https://www.billboard-japan.com/charts/detail?a=stsongs&year=2018&month=02&day=12
2018,stsongs,2018-02-07,87,カタオモイ,Aimer(エメ),https://www.billboard-japan.com/charts/detail?a=stsongs&year=2018&month=02&day=12
2018,stsongs,2018-02-07,88,避雷針,欅坂46,https://www.billboard-japan.com/charts/detail?a=stsongs&year=2018&month=02&day=12
2018,stsongs,2018-02-07,89,Everything,MISIA,https://www.billboard-japan.com/charts/detail?a=stsongs&year=2018&month=02&day=12
2018,stsongs,2018-02-07,90,R.Y.U.S.E.I.,三代目 J Soul Brothers from EXILE TRIBE,https://www.billboard-japan.com/charts/detail?a=stsongs&year=2018&month=02&day=12
2018,stsongs,2018-02-07,91,なんでもないや,上白石萌音,https://www.billboard-japan.com/charts/detail?a=stsongs&year=2018&month=02&day=12
2018,stsongs,2018-02-07,92,空も飛べるはず,スピッツ,https://www.billboard-japan.com/charts/detail?a=stsongs&year=2018&month=02&day=12
2018,stsongs,2018-02-07,93,Flavor Of Life,宇多田ヒカル,https://www.billboard-japan.com/charts/detail?a=stsongs&year=2018&month=02&day=12
2018,stsongs,2018-02-07,94,First Love,宇多田ヒカル,https://www.billboard-japan.com/charts/detail?a=stsongs&year=2018&month=02&day=12
2018,stsongs,2018-02-07,95,ダーティ・ワーク,オースティン・マホーン,https://www.billboard-japan.com/charts/detail?a=stsongs&year=2018&month=02&day=12
2018,stsongs,2018-02-07,96,明日はどこから,松たか子,https://www.billboard-japan.com/charts/detail?a=stsongs&year=2018&month=02&day=12
2018,stsongs,2018-02-07,97,ありがとう,いきものがかり,https://www.billboard-japan.com/charts/detail?a=stsongs&year=2018&month=02&day=12
2018,stsongs,2018-02-07,98,奇蹟,Uru,https://www.billboard-japan.com/charts/detail?a=stsongs&year=2018&month=02&day=12
2018,stsongs,2018-02-07,99,ザ・ミドル,"ゼッド,マレン・モリス,グレイ",https://www.billboard-japan.com/charts/detail?a=stsongs&year=2018&month=02&day=12
2018,stsongs,2018-02-07,100,やさしさで溢れるように,JUJU,https://www.billboard-japan.com/charts/detail?a=stsongs&year=2018&month=02&day=12
2018,stsongs,2018-02-14,1,Candy Pop,TWICE,https://www.billboard-japan.com/charts/detail?a=stsongs&year=2018&month=02&day=19
2018,stsongs,2018-02-14,2,打上花火,DAOKO × 米津玄師,https://www.billboard-japan.com/charts/detail?a=stsongs&year=2018&month=02&day=19
2018,stsongs,2018-02-14,3,TT,TWICE,https://www.billboard-japan.com/charts/detail?a=stsongs&year=2018&month=02&day=19
2018,stsongs,2018-02-14,4,Be The One,PANDORA feat.Beverly,https://www.billboard-japan.com/charts/detail?a=stsongs&year=2018&month=02&day=19
2018,stsongs,2018-02-14,5,Hero,安室奈美恵,https://www.billboard-japan.com/charts/detail?a=stsongs&year=2018&month=02&day=19
2018,stsongs,2018-02-14,6,My Boo,清水翔太,https://www.billboard-japan.com/charts/detail?a=stsongs&year=2018&month=02&day=19
2018,stsongs,2018-02-14,7,東京,JUJU,https://www.billboard-japan.com/charts/detail?a=stsongs&year=2018&month=02&day=19
2018,stsongs,2018-02-14,8,シェイプ・オブ・ユー,エド・シーラン,https://www.billboard-japan.com/charts/detail?a=stsongs&year=2018&month=02&day=19
2018,stsongs,2018-02-14,9,サザンカ,SEKAI NO OWARI,https://www.billboard-japan.com/charts/detail?a=stsongs&year=2018&month=02&day=19
2018,stsongs,2018-02-14,10,ダンシング・ヒーロー,荻野目洋子,https://www.billboard-japan.com/charts/detail?a=stsongs&year=2018&month=02&day=19
2018,stsongs,2018-02-14,11,ハバナ feat.ヤング・サグ,カミラ・カベロ,https://www.billboard-japan.com/charts/detail?a=stsongs&year=2018&month=02&day=19
2018,stsongs,2018-02-14,12,I LOVE YOU,クリス・ハート,https://www.billboard-japan.com/charts/detail?a=stsongs&year=2018&month=02&day=19
2018,stsongs,2018-02-14,13,明日も,SHISHAMO,https://www.billboard-japan.com/charts/detail?a=stsongs&year=2018&month=02&day=19
2018,stsongs,2018-02-14,14,Jupiter,Little Glee Monster,https://www.billboard-japan.com/charts/detail?a=stsongs&year=2018&month=02&day=19
2018,stsongs,2018-02-14,15,Wherever you are,ONE OK ROCK,https://www.billboard-japan.com/charts/detail?a=stsongs&year=2018&month=02&day=19
2018,stsongs,2018-02-14,16,不協和音,欅坂46,https://www.billboard-japan.com/charts/detail?a=stsongs&year=2018&month=02&day=19
2018,stsongs,2018-02-14,17,ハロー カゲロウ,GReeeeN,https://www.billboard-japan.com/charts/detail?a=stsongs&year=2018&month=02&day=19
2018,stsongs,2018-02-14,18,いつかこの涙が,Little Glee Monster,https://www.billboard-japan.com/charts/detail?a=stsongs&year=2018&month=02&day=19
2018,stsongs,2018-02-14,19,風に吹かれても,欅坂46,https://www.billboard-japan.com/charts/detail?a=stsongs&year=2018&month=02&day=19
2018,stsongs,2018-02-14,20,EXCITE,三浦大知,https://www.billboard-japan.com/charts/detail?a=stsongs&year=2018&month=02&day=19
2018,stsongs,2018-02-14,21,あいしてると言ってよかった,E-girls,https://www.billboard-japan.com/charts/detail?a=stsongs&year=2018&month=02&day=19
2018,stsongs,2018-02-14,22,Heart Shaker,TWICE,https://www.billboard-japan.com/charts/detail?a=stsongs&year=2018&month=02&day=19
2018,stsongs,2018-02-14,23,RAIN,SEKAI NO OWARI,https://www.billboard-japan.com/charts/detail?a=stsongs&year=2018&month=02&day=19
2018,stsongs,2018-02-14,24,愛をこめて花束を,Superfly,https://www.billboard-japan.com/charts/detail?a=stsongs&year=2018&month=02&day=19
2018,stsongs,2018-02-14,25,One More Time,TWICE,https://www.billboard-japan.com/charts/detail?a=stsongs&year=2018&month=02&day=19
2018,stsongs,2018-02-14,26,サイレントマジョリティー,欅坂46,https://www.billboard-japan.com/charts/detail?a=stsongs&year=2018&month=02&day=19
2018,stsongs,2018-02-14,27,楓,スピッツ,https://www.billboard-japan.com/charts/detail?a=stsongs&year=2018&month=02&day=19
2018,stsongs,2018-02-14,28,BIG CITY RODEO,GENERATIONS from EXILE TRIBE,https://www.billboard-japan.com/charts/detail?a=stsongs&year=2018&month=02&day=19
2018,stsongs,2018-02-14,29,LIKEY,TWICE,https://www.billboard-japan.com/charts/detail?a=stsongs&year=2018&month=02&day=19
2018,stsongs,2018-02-14,30,奏(かなで),スキマスイッチ,https://www.billboard-japan.com/charts/detail?a=stsongs&year=2018&month=02&day=19
2018,stsongs,2018-02-14,31,恋音と雨空,AAA,https://www.billboard-japan.com/charts/detail?a=stsongs&year=2018&month=02&day=19
2018,stsongs,2018-02-14,32,花束を君に,宇多田ヒカル,https://www.billboard-japan.com/charts/detail?a=stsongs&year=2018&month=02&day=19
2018,stsongs,2018-02-14,33,A New Day,Beverly,https://www.billboard-japan.com/charts/detail?a=stsongs&year=2018&month=02&day=19
2018,stsongs,2018-02-14,34,BRAND NEW GIRL,TWICE,https://www.billboard-japan.com/charts/detail?a=stsongs&year=2018&month=02&day=19
2018,stsongs,2018-02-14,35,インフルエンサー,乃木坂46,https://www.billboard-japan.com/charts/detail?a=stsongs&year=2018&month=02&day=19
2018,stsongs,2018-02-14,36,キセキ,GReeeeN,https://www.billboard-japan.com/charts/detail?a=stsongs&year=2018&month=02&day=19
2018,stsongs,2018-02-14,37,恋,星野源,https://www.billboard-japan.com/charts/detail?a=stsongs&year=2018&month=02&day=19
2018,stsongs,2018-02-14,38,Like OOH-AHH,TWICE,https://www.billboard-japan.com/charts/detail?a=stsongs&year=2018&month=02&day=19
2018,stsongs,2018-02-14,39,ひまわりの約束,秦基博,https://www.billboard-japan.com/charts/detail?a=stsongs&year=2018&month=02&day=19
2018,stsongs,2018-02-14,40,SIGNAL,TWICE,https://www.billboard-japan.com/charts/detail?a=stsongs&year=2018&month=02&day=19
2018,stsongs,2018-02-14,41,小さな恋のうた,MONGOL800,https://www.billboard-japan.com/charts/detail?a=stsongs&year=2018&month=02&day=19
2018,stsongs,2018-02-14,42,CHEER UP,TWICE,https://www.billboard-japan.com/charts/detail?a=stsongs&year=2018&month=02&day=19
2018,stsongs,2018-02-14,43,Good Life,清水翔太,https://www.billboard-japan.com/charts/detail?a=stsongs&year=2018&month=02&day=19
2018,stsongs,2018-02-14,44,ギフト,ET-KING,https://www.billboard-japan.com/charts/detail?a=stsongs&year=2018&month=02&day=19
2018,stsongs,2018-02-14,45,KNOCK KNOCK,TWICE,https://www.billboard-japan.com/charts/detail?a=stsongs&year=2018&month=02&day=19
2018,stsongs,2018-02-14,46,ノンフィクション,平井堅,https://www.billboard-japan.com/charts/detail?a=stsongs&year=2018&month=02&day=19
2018,stsongs,2018-02-14,47,トリセツ,西野カナ,https://www.billboard-japan.com/charts/detail?a=stsongs&year=2018&month=02&day=19
2018,stsongs,2018-02-14,48,365日の紙飛行機,AKB48,https://www.billboard-japan.com/charts/detail?a=stsongs&year=2018&month=02&day=19
2018,stsongs,2018-02-14,49,3月9日,レミオロメン,https://www.billboard-japan.com/charts/detail?a=stsongs&year=2018&month=02&day=19
2018,stsongs,2018-02-14,50,Just You and I,安室奈美恵,https://www.billboard-japan.com/charts/detail?a=stsongs&year=2018&month=02&day=19
2018,stsongs,2018-02-14,51,HANABI,Mr.Children,https://www.billboard-japan.com/charts/detail?a=stsongs&year=2018&month=02&day=19
2018,stsongs,2018-02-14,52,Love Story,安室奈美恵,https://www.billboard-japan.com/charts/detail?a=stsongs&year=2018&month=02&day=19
2018,stsongs,2018-02-14,53,DNA,BTS (防弾少年団),https://www.billboard-japan.com/charts/detail?a=stsongs&year=2018&month=02&day=19
2018,stsongs,2018-02-14,54,栄光の架橋,ゆず,https://www.billboard-japan.com/charts/detail?a=stsongs&year=2018&month=02&day=19
2018,stsongs,2018-02-14,55,粉雪,レミオロメン,https://www.billboard-japan.com/charts/detail?a=stsongs&year=2018&month=02&day=19
2018,stsongs,2018-02-14,56,空,GENERATIONS from EXILE TRIBE,https://www.billboard-japan.com/charts/detail?a=stsongs&year=2018&month=02&day=19
2018,stsongs,2018-02-14,57,ワタリドリ,[Alexandros],https://www.billboard-japan.com/charts/detail?a=stsongs&year=2018&month=02&day=19
2018,stsongs,2018-02-14,58,Family Song,星野源,https://www.billboard-japan.com/charts/detail?a=stsongs&year=2018&month=02&day=19
2018,stsongs,2018-02-14,59,Story,AI,https://www.billboard-japan.com/charts/detail?a=stsongs&year=2018&month=02&day=19
2018,stsongs,2018-02-14,60,さくらんぼ,大塚愛,https://www.billboard-japan.com/charts/detail?a=stsongs&year=2018&month=02&day=19
2018,stsongs,2018-02-14,61,雪の華,中島美嘉,https://www.billboard-japan.com/charts/detail?a=stsongs&year=2018&month=02&day=19
2018,stsongs,2018-02-14,62,The Beginning,ONE OK ROCK,https://www.billboard-japan.com/charts/detail?a=stsongs&year=2018&month=02&day=19
2018,stsongs,2018-02-14,63,POP TEAM EPIC,上坂すみれ,https://www.billboard-japan.com/charts/detail?a=stsongs&year=2018&month=02&day=19
2018,stsongs,2018-02-14,64,糸,中島みゆき,https://www.billboard-japan.com/charts/detail?a=stsongs&year=2018&month=02&day=19
2018,stsongs,2018-02-14,65,明日への手紙,手嶌葵,https://www.billboard-japan.com/charts/detail?a=stsongs&year=2018&month=02&day=19
2018,stsongs,2018-02-14,66,愛唄,GReeeeN,https://www.billboard-japan.com/charts/detail?a=stsongs&year=2018&month=02&day=19
2018,stsongs,2018-02-14,67,FANTASTIC BABY,BIGBANG,https://www.billboard-japan.com/charts/detail?a=stsongs&year=2018&month=02&day=19
2018,stsongs,2018-02-14,68,AGEHA,GENERATIONS from EXILE TRIBE,https://www.billboard-japan.com/charts/detail?a=stsongs&year=2018&month=02&day=19
2018,stsongs,2018-02-14,69,よー、そこの若いの,竹原ピストル,https://www.billboard-japan.com/charts/detail?a=stsongs&year=2018&month=02&day=19
2018,stsongs,2018-02-14,70,カタオモイ,Aimer(エメ),https://www.billboard-japan.com/charts/detail?a=stsongs&year=2018&month=02&day=19
2018,stsongs,2018-02-14,71,366日,HY,https://www.billboard-japan.com/charts/detail?a=stsongs&year=2018&month=02&day=19
2018,stsongs,2018-02-14,71,WanteD! WanteD!,Mrs.GREEN APPLE,https://www.billboard-japan.com/charts/detail?a=stsongs&year=2018&month=02&day=19
2018,stsongs,2018-02-14,73,未来へ,Kiroro,https://www.billboard-japan.com/charts/detail?a=stsongs&year=2018&month=02&day=19
2018,stsongs,2018-02-14,74,にじいろ,絢香,https://www.billboard-japan.com/charts/detail?a=stsongs&year=2018&month=02&day=19
2018,stsongs,2018-02-14,75,ステイ,ゼッド & アレッシア・カーラ,https://www.billboard-japan.com/charts/detail?a=stsongs&year=2018&month=02&day=19
2018,stsongs,2018-02-14,76,君が好き,清水翔太,https://www.billboard-japan.com/charts/detail?a=stsongs&year=2018&month=02&day=19
2018,stsongs,2018-02-14,77,フィネス feat.カーディ・B,ブルーノ・マーズ,https://www.billboard-japan.com/charts/detail?a=stsongs&year=2018&month=02&day=19
2018,stsongs,2018-02-14,78,好きだ。,Little Glee Monster,https://www.billboard-japan.com/charts/detail?a=stsongs&year=2018&month=02&day=19
2018,stsongs,2018-02-14,79,友よ〜この先もずっと…,ケツメイシ,https://www.billboard-japan.com/charts/detail?a=stsongs&year=2018&month=02&day=19
2018,stsongs,2018-02-14,80,LIFE,AAA,https://www.billboard-japan.com/charts/detail?a=stsongs&year=2018&month=02&day=19
2018,stsongs,2018-02-14,81,見たこともない景色,菅田将暉,https://www.billboard-japan.com/charts/detail?a=stsongs&year=2018&month=02&day=19
2018,stsongs,2018-02-14,82,ALRIGHT! ALRIGHT!,GENERATIONS from EXILE TRIBE,https://www.billboard-japan.com/charts/detail?a=stsongs&year=2018&month=02&day=19
2018,stsongs,2018-02-14,83,歌うたいのバラッド,斉藤和義,https://www.billboard-japan.com/charts/detail?a=stsongs&year=2018&month=02&day=19
2018,stsongs,2018-02-14,84,君に届け,flumpool,https://www.billboard-japan.com/charts/detail?a=stsongs&year=2018&month=02&day=19
2018,stsongs,2018-02-14,85,愛しい人へ,ET-KING,https://www.billboard-japan.com/charts/detail?a=stsongs&year=2018&month=02&day=19
2018,stsongs,2018-02-14,86,なんでもないや,上白石萌音,https://www.billboard-japan.com/charts/detail?a=stsongs&year=2018&month=02&day=19
2018,stsongs,2018-02-14,87,Howling,FLOW × GRANRODEO,https://www.billboard-japan.com/charts/detail?a=stsongs&year=2018&month=02&day=19
2018,stsongs,2018-02-14,88,ザ・ミドル,"ゼッド,マレン・モリス,グレイ",https://www.billboard-japan.com/charts/detail?a=stsongs&year=2018&month=02&day=19
2018,stsongs,2018-02-14,89,Happiness,シェネル,https://www.billboard-japan.com/charts/detail?a=stsongs&year=2018&month=02&day=19
2018,stsongs,2018-02-14,90,ホワット・ドゥ・ユー・ミーン?,ジャスティン・ビーバー,https://www.billboard-japan.com/charts/detail?a=stsongs&year=2018&month=02&day=19
2018,stsongs,2018-02-14,91,R.Y.U.S.E.I.,三代目 J Soul Brothers from EXILE TRIBE,https://www.billboard-japan.com/charts/detail?a=stsongs&year=2018&month=02&day=19
2018,stsongs,2018-02-14,92,パッ,西野カナ,https://www.billboard-japan.com/charts/detail?a=stsongs&year=2018&month=02&day=19
2018,stsongs,2018-02-14,93,DEPARTURES,globe,https://www.billboard-japan.com/charts/detail?a=stsongs&year=2018&month=02&day=19
2018,stsongs,2018-02-14,94,デスパシート feat.ジャスティン・ビーバー,ルイス・フォンシ & ダディー・ヤンキー,https://www.billboard-japan.com/charts/detail?a=stsongs&year=2018&month=02&day=19
2018,stsongs,2018-02-14,95,千本桜,和楽器バンド,https://www.billboard-japan.com/charts/detail?a=stsongs&year=2018&month=02&day=19
2018,stsongs,2018-02-14,96,First Love,宇多田ヒカル,https://www.billboard-japan.com/charts/detail?a=stsongs&year=2018&month=02&day=19
2018,stsongs,2018-02-14,97,完全感覚Dreamer,ONE OK ROCK,https://www.billboard-japan.com/charts/detail?a=stsongs&year=2018&month=02&day=19
2018,stsongs,2018-02-14,98,さよならの前に,AAA,https://www.billboard-japan.com/charts/detail?a=stsongs&year=2018&month=02&day=19
2018,stsongs,2018-02-14,99,Love You More,GENERATIONS from EXILE TRIBE,https://www.billboard-japan.com/charts/detail?a=stsongs&year=2018&month=02&day=19
2018,stsongs,2018-02-14,100,やさしさで溢れるように,JUJU,https://www.billboard-japan.com/charts/detail?a=stsongs&year=2018&month=02&day=19
2018,stsongs,2018-02-21,1,Candy Pop,TWICE,https://www.billboard-japan.com/charts/detail?a=stsongs&year=2018&month=02&day=26
2018,stsongs,2018-02-21,2,TT,TWICE,https://www.billboard-japan.com/charts/detail?a=stsongs&year=2018&month=02&day=26
2018,stsongs,2018-02-21,3,サザンカ,SEKAI NO OWARI,https://www.billboard-japan.com/charts/detail?a=stsongs&year=2018&month=02&day=26
2018,stsongs,2018-02-21,4,打上花火,DAOKO × 米津玄師,https://www.billboard-japan.com/charts/detail?a=stsongs&year=2018&month=02&day=26
2018,stsongs,2018-02-21,5,Change,ONE OK ROCK,https://www.billboard-japan.com/charts/detail?a=stsongs&year=2018&month=02&day=26
2018,stsongs,2018-02-21,6,Hero,安室奈美恵,https://www.billboard-japan.com/charts/detail?a=stsongs&year=2018&month=02&day=26
2018,stsongs,2018-02-21,7,明日への手紙,手嶌葵,https://www.billboard-japan.com/charts/detail?a=stsongs&year=2018&month=02&day=26
2018,stsongs,2018-02-21,8,ダンシング・ヒーロー,荻野目洋子,https://www.billboard-japan.com/charts/detail?a=stsongs&year=2018&month=02&day=26
2018,stsongs,2018-02-21,9,ハートアップ,絢香 & 三浦大知,https://www.billboard-japan.com/charts/detail?a=stsongs&year=2018&month=02&day=26
2018,stsongs,2018-02-21,10,シェイプ・オブ・ユー,エド・シーラン,https://www.billboard-japan.com/charts/detail?a=stsongs&year=2018&month=02&day=26
2018,stsongs,2018-02-21,11,Be The One,PANDORA feat.Beverly,https://www.billboard-japan.com/charts/detail?a=stsongs&year=2018&month=02&day=26
2018,stsongs,2018-02-21,12,東京,JUJU,https://www.billboard-japan.com/charts/detail?a=stsongs&year=2018&month=02&day=26
2018,stsongs,2018-02-21,13,ハロー カゲロウ,GReeeeN,https://www.billboard-japan.com/charts/detail?a=stsongs&year=2018&month=02&day=26
2018,stsongs,2018-02-21,14,Wherever you are,ONE OK ROCK,https://www.billboard-japan.com/charts/detail?a=stsongs&year=2018&month=02&day=26
2018,stsongs,2018-02-21,15,I LOVE YOU,クリス・ハート,https://www.billboard-japan.com/charts/detail?a=stsongs&year=2018&month=02&day=26
2018,stsongs,2018-02-21,16,My Boo,清水翔太,https://www.billboard-japan.com/charts/detail?a=stsongs&year=2018&month=02&day=26
2018,stsongs,2018-02-21,17,明日も,SHISHAMO,https://www.billboard-japan.com/charts/detail?a=stsongs&year=2018&month=02&day=26
2018,stsongs,2018-02-21,18,不協和音,欅坂46,https://www.billboard-japan.com/charts/detail?a=stsongs&year=2018&month=02&day=26
2018,stsongs,2018-02-21,19,Heart Shaker,TWICE,https://www.billboard-japan.com/charts/detail?a=stsongs&year=2018&month=02&day=26
2018,stsongs,2018-02-21,20,愛を伝えたいだとか,あいみょん,https://www.billboard-japan.com/charts/detail?a=stsongs&year=2018&month=02&day=26
2018,stsongs,2018-02-21,21,愛をこめて花束を,Superfly,https://www.billboard-japan.com/charts/detail?a=stsongs&year=2018&month=02&day=26
2018,stsongs,2018-02-21,22,ハバナ feat.ヤング・サグ,カミラ・カベロ,https://www.billboard-japan.com/charts/detail?a=stsongs&year=2018&month=02&day=26
2018,stsongs,2018-02-21,23,Jupiter,Little Glee Monster,https://www.billboard-japan.com/charts/detail?a=stsongs&year=2018&month=02&day=26
2018,stsongs,2018-02-21,24,A New Day,Beverly,https://www.billboard-japan.com/charts/detail?a=stsongs&year=2018&month=02&day=26
2018,stsongs,2018-02-21,25,EXCITE,三浦大知,https://www.billboard-japan.com/charts/detail?a=stsongs&year=2018&month=02&day=26
2018,stsongs,2018-02-21,26,風に吹かれても,欅坂46,https://www.billboard-japan.com/charts/detail?a=stsongs&year=2018&month=02&day=26
2018,stsongs,2018-02-21,27,RAIN,SEKAI NO OWARI,https://www.billboard-japan.com/charts/detail?a=stsongs&year=2018&month=02&day=26
2018,stsongs,2018-02-21,28,BRAND NEW GIRL,TWICE,https://www.billboard-japan.com/charts/detail?a=stsongs&year=2018&month=02&day=26
2018,stsongs,2018-02-21,29,いつかこの涙が,Little Glee Monster,https://www.billboard-japan.com/charts/detail?a=stsongs&year=2018&month=02&day=26
2018,stsongs,2018-02-21,30,キセキ,GReeeeN,https://www.billboard-japan.com/charts/detail?a=stsongs&year=2018&month=02&day=26
2018,stsongs,2018-02-21,31,奏(かなで),スキマスイッチ,https://www.billboard-japan.com/charts/detail?a=stsongs&year=2018&month=02&day=26
2018,stsongs,2018-02-21,32,サイレントマジョリティー,欅坂46,https://www.billboard-japan.com/charts/detail?a=stsongs&year=2018&month=02&day=26
2018,stsongs,2018-02-21,33,ひまわりの約束,秦基博,https://www.billboard-japan.com/charts/detail?a=stsongs&year=2018&month=02&day=26
2018,stsongs,2018-02-21,34,One More Time,TWICE,https://www.billboard-japan.com/charts/detail?a=stsongs&year=2018&month=02&day=26
2018,stsongs,2018-02-21,35,恋,星野源,https://www.billboard-japan.com/charts/detail?a=stsongs&year=2018&month=02&day=26
2018,stsongs,2018-02-21,36,インフルエンサー,乃木坂46,https://www.billboard-japan.com/charts/detail?a=stsongs&year=2018&month=02&day=26
2018,stsongs,2018-02-21,37,LIKEY,TWICE,https://www.billboard-japan.com/charts/detail?a=stsongs&year=2018&month=02&day=26
2018,stsongs,2018-02-21,38,小さな恋のうた,MONGOL800,https://www.billboard-japan.com/charts/detail?a=stsongs&year=2018&month=02&day=26
2018,stsongs,2018-02-21,39,花束を君に,宇多田ヒカル,https://www.billboard-japan.com/charts/detail?a=stsongs&year=2018&month=02&day=26
2018,stsongs,2018-02-21,40,Love Story,安室奈美恵,https://www.billboard-japan.com/charts/detail?a=stsongs&year=2018&month=02&day=26
2018,stsongs,2018-02-21,41,君はロックを聴かない,あいみょん,https://www.billboard-japan.com/charts/detail?a=stsongs&year=2018&month=02&day=26
2018,stsongs,2018-02-21,42,恋音と雨空,AAA,https://www.billboard-japan.com/charts/detail?a=stsongs&year=2018&month=02&day=26
2018,stsongs,2018-02-21,43,BIG CITY RODEO,GENERATIONS from EXILE TRIBE,https://www.billboard-japan.com/charts/detail?a=stsongs&year=2018&month=02&day=26
2018,stsongs,2018-02-21,44,SIGNAL,TWICE,https://www.billboard-japan.com/charts/detail?a=stsongs&year=2018&month=02&day=26
2018,stsongs,2018-02-21,45,ずっと、ふたりで,家入レオ,https://www.billboard-japan.com/charts/detail?a=stsongs&year=2018&month=02&day=26
2018,stsongs,2018-02-21,46,Like OOH-AHH,TWICE,https://www.billboard-japan.com/charts/detail?a=stsongs&year=2018&month=02&day=26
2018,stsongs,2018-02-21,47,あいしてると言ってよかった,E-girls,https://www.billboard-japan.com/charts/detail?a=stsongs&year=2018&month=02&day=26
2018,stsongs,2018-02-21,48,CHEER UP,TWICE,https://www.billboard-japan.com/charts/detail?a=stsongs&year=2018&month=02&day=26
2018,stsongs,2018-02-21,49,楓,スピッツ,https://www.billboard-japan.com/charts/detail?a=stsongs&year=2018&month=02&day=26
2018,stsongs,2018-02-21,50,3月9日,レミオロメン,https://www.billboard-japan.com/charts/detail?a=stsongs&year=2018&month=02&day=26
2018,stsongs,2018-02-21,51,雪の華,中島美嘉,https://www.billboard-japan.com/charts/detail?a=stsongs&year=2018&month=02&day=26
2018,stsongs,2018-02-21,52,DNA,BTS (防弾少年団),https://www.billboard-japan.com/charts/detail?a=stsongs&year=2018&month=02&day=26
2018,stsongs,2018-02-21,53,トリセツ,西野カナ,https://www.billboard-japan.com/charts/detail?a=stsongs&year=2018&month=02&day=26
2018,stsongs,2018-02-21,54,ノンフィクション,平井堅,https://www.billboard-japan.com/charts/detail?a=stsongs&year=2018&month=02&day=26
2018,stsongs,2018-02-21,55,完全感覚Dreamer,ONE OK ROCK,https://www.billboard-japan.com/charts/detail?a=stsongs&year=2018&month=02&day=26
2018,stsongs,2018-02-21,56,KNOCK KNOCK,TWICE,https://www.billboard-japan.com/charts/detail?a=stsongs&year=2018&month=02&day=26
2018,stsongs,2018-02-21,57,粉雪,レミオロメン,https://www.billboard-japan.com/charts/detail?a=stsongs&year=2018&month=02&day=26
2018,stsongs,2018-02-21,58,糸,中島みゆき,https://www.billboard-japan.com/charts/detail?a=stsongs&year=2018&month=02&day=26
2018,stsongs,2018-02-21,59,Story,AI,https://www.billboard-japan.com/charts/detail?a=stsongs&year=2018&month=02&day=26
2018,stsongs,2018-02-21,60,栄光の架橋,ゆず,https://www.billboard-japan.com/charts/detail?a=stsongs&year=2018&month=02&day=26
2018,stsongs,2018-02-21,61,Just You and I,安室奈美恵,https://www.billboard-japan.com/charts/detail?a=stsongs&year=2018&month=02&day=26
2018,stsongs,2018-02-21,62,HANABI,Mr.Children,https://www.billboard-japan.com/charts/detail?a=stsongs&year=2018&month=02&day=26
2018,stsongs,2018-02-21,63,さくらんぼ,大塚愛,https://www.billboard-japan.com/charts/detail?a=stsongs&year=2018&month=02&day=26
2018,stsongs,2018-02-21,64,FANTASTIC BABY,BIGBANG,https://www.billboard-japan.com/charts/detail?a=stsongs&year=2018&month=02&day=26
2018,stsongs,2018-02-21,65,ワタリドリ,[Alexandros],https://www.billboard-japan.com/charts/detail?a=stsongs&year=2018&month=02&day=26
2018,stsongs,2018-02-21,66,365日の紙飛行機,AKB48,https://www.billboard-japan.com/charts/detail?a=stsongs&year=2018&month=02&day=26
2018,stsongs,2018-02-21,67,愛唄,GReeeeN,https://www.billboard-japan.com/charts/detail?a=stsongs&year=2018&month=02&day=26
2018,stsongs,2018-02-21,68,The Beginning,ONE OK ROCK,https://www.billboard-japan.com/charts/detail?a=stsongs&year=2018&month=02&day=26
2018,stsongs,2018-02-21,69,カタオモイ,Aimer(エメ),https://www.billboard-japan.com/charts/detail?a=stsongs&year=2018&month=02&day=26
2018,stsongs,2018-02-21,70,Good Life,清水翔太,https://www.billboard-japan.com/charts/detail?a=stsongs&year=2018&month=02&day=26
2018,stsongs,2018-02-21,71,空,GENERATIONS from EXILE TRIBE,https://www.billboard-japan.com/charts/detail?a=stsongs&year=2018&month=02&day=26
2018,stsongs,2018-02-21,72,にじいろ,絢香,https://www.billboard-japan.com/charts/detail?a=stsongs&year=2018&month=02&day=26
2018,stsongs,2018-02-21,73,見たこともない景色,菅田将暉,https://www.billboard-japan.com/charts/detail?a=stsongs&year=2018&month=02&day=26
2018,stsongs,2018-02-21,74,ステイ,ゼッド & アレッシア・カーラ,https://www.billboard-japan.com/charts/detail?a=stsongs&year=2018&month=02&day=26
2018,stsongs,2018-02-21,75,WanteD! WanteD!,Mrs.GREEN APPLE,https://www.billboard-japan.com/charts/detail?a=stsongs&year=2018&month=02&day=26
2018,stsongs,2018-02-21,76,"Pain, pain",E-girls,https://www.billboard-japan.com/charts/detail?a=stsongs&year=2018&month=02&day=26
2018,stsongs,2018-02-21,77,AGEHA,GENERATIONS from EXILE TRIBE,https://www.billboard-japan.com/charts/detail?a=stsongs&year=2018&month=02&day=26
2018,stsongs,2018-02-21,78,歌うたいのバラッド,斉藤和義,https://www.billboard-japan.com/charts/detail?a=stsongs&year=2018&month=02&day=26
2018,stsongs,2018-02-21,79,友よ〜この先もずっと…,ケツメイシ,https://www.billboard-japan.com/charts/detail?a=stsongs&year=2018&month=02&day=26
2018,stsongs,2018-02-21,79,好きだ。,Little Glee Monster,https://www.billboard-japan.com/charts/detail?a=stsongs&year=2018&month=02&day=26
2018,stsongs,2018-02-21,81,遥か,GReeeeN,https://www.billboard-japan.com/charts/detail?a=stsongs&year=2018&month=02&day=26
2018,stsongs,2018-02-21,82,さよならの前に,AAA,https://www.billboard-japan.com/charts/detail?a=stsongs&year=2018&month=02&day=26
2018,stsongs,2018-02-21,83,Family Song,星野源,https://www.billboard-japan.com/charts/detail?a=stsongs&year=2018&month=02&day=26
2018,stsongs,2018-02-21,84,君が好き,清水翔太,https://www.billboard-japan.com/charts/detail?a=stsongs&year=2018&month=02&day=26
2018,stsongs,2018-02-21,85,366日,HY,https://www.billboard-japan.com/charts/detail?a=stsongs&year=2018&month=02&day=26
2018,stsongs,2018-02-21,86,どうして恋してこんな,宇野実彩子(AAA),https://www.billboard-japan.com/charts/detail?a=stsongs&year=2018&month=02&day=26
2018,stsongs,2018-02-21,87,よー、そこの若いの,竹原ピストル,https://www.billboard-japan.com/charts/detail?a=stsongs&year=2018&month=02&day=26
2018,stsongs,2018-02-21,88,LIFE,AAA,https://www.billboard-japan.com/charts/detail?a=stsongs&year=2018&month=02&day=26
2018,stsongs,2018-02-21,89,奇跡,シェネル,https://www.billboard-japan.com/charts/detail?a=stsongs&year=2018&month=02&day=26
2018,stsongs,2018-02-21,90,君がくれた夏,家入レオ,https://www.billboard-japan.com/charts/detail?a=stsongs&year=2018&month=02&day=26
2018,stsongs,2018-02-21,91,R.Y.U.S.E.I.,三代目 J Soul Brothers from EXILE TRIBE,https://www.billboard-japan.com/charts/detail?a=stsongs&year=2018&month=02&day=26
2018,stsongs,2018-02-21,92,やさしさで溢れるように,JUJU,https://www.billboard-japan.com/charts/detail?a=stsongs&year=2018&month=02&day=26
2018,stsongs,2018-02-21,93,フィネス feat.カーディ・B,ブルーノ・マーズ,https://www.billboard-japan.com/charts/detail?a=stsongs&year=2018&month=02&day=26
2018,stsongs,2018-02-21,94,Happiness,シェネル,https://www.billboard-japan.com/charts/detail?a=stsongs&year=2018&month=02&day=26
2018,stsongs,2018-02-21,95,ザ・ミドル,"ゼッド,マレン・モリス,グレイ",https://www.billboard-japan.com/charts/detail?a=stsongs&year=2018&month=02&day=26
2018,stsongs,2018-02-21,96,君に届け,flumpool,https://www.billboard-japan.com/charts/detail?a=stsongs&year=2018&month=02&day=26
2018,stsongs,2018-02-21,97,ホワット・ドゥ・ユー・ミーン?,ジャスティン・ビーバー,https://www.billboard-japan.com/charts/detail?a=stsongs&year=2018&month=02&day=26
2018,stsongs,2018-02-21,98,デスパシート feat.ジャスティン・ビーバー,ルイス・フォンシ & ダディー・ヤンキー,https://www.billboard-japan.com/charts/detail?a=stsongs&year=2018&month=02&day=26
2018,stsongs,2018-02-21,99,未来へ,Kiroro,https://www.billboard-japan.com/charts/detail?a=stsongs&year=2018&month=02&day=26
2018,stsongs,2018-02-21,100,Take what you want feat.5 Seconds of Summer,ONE OK ROCK,https://www.billboard-japan.com/charts/detail?a=stsongs&year=2018&month=02&day=26
2018,stsongs,2018-02-28,1,さよならエレジー,菅田将暉,https://www.billboard-japan.com/charts/detail?a=stsongs&year=2018&month=03&day=05
2018,stsongs,2018-02-28,2,サザンカ,SEKAI NO OWARI,https://www.billboard-japan.com/charts/detail?a=stsongs&year=2018&month=03&day=05
2018,stsongs,2018-02-28,3,Candy Pop,TWICE,https://www.billboard-japan.com/charts/detail?a=stsongs&year=2018&month=03&day=05
2018,stsongs,2018-02-28,4,Change,ONE OK ROCK,https://www.billboard-japan.com/charts/detail?a=stsongs&year=2018&month=03&day=05
2018,stsongs,2018-02-28,5,打上花火,DAOKO × 米津玄師,https://www.billboard-japan.com/charts/detail?a=stsongs&year=2018&month=03&day=05
2018,stsongs,2018-02-28,6,TT,TWICE,https://www.billboard-japan.com/charts/detail?a=stsongs&year=2018&month=03&day=05
2018,stsongs,2018-02-28,7,ハロー カゲロウ,GReeeeN,https://www.billboard-japan.com/charts/detail?a=stsongs&year=2018&month=03&day=05
2018,stsongs,2018-02-28,8,ハートアップ,絢香 & 三浦大知,https://www.billboard-japan.com/charts/detail?a=stsongs&year=2018&month=03&day=05
2018,stsongs,2018-02-28,9,東京,JUJU,https://www.billboard-japan.com/charts/detail?a=stsongs&year=2018&month=03&day=05
2018,stsongs,2018-02-28,10,Hero,安室奈美恵,https://www.billboard-japan.com/charts/detail?a=stsongs&year=2018&month=03&day=05
2018,stsongs,2018-02-28,11,シェイプ・オブ・ユー,エド・シーラン,https://www.billboard-japan.com/charts/detail?a=stsongs&year=2018&month=03&day=05
2018,stsongs,2018-02-28,12,I LOVE YOU,クリス・ハート,https://www.billboard-japan.com/charts/detail?a=stsongs&year=2018&month=03&day=05
2018,stsongs,2018-02-28,13,Wherever you are,ONE OK ROCK,https://www.billboard-japan.com/charts/detail?a=stsongs&year=2018&month=03&day=05
2018,stsongs,2018-02-28,14,My Boo,清水翔太,https://www.billboard-japan.com/charts/detail?a=stsongs&year=2018&month=03&day=05
2018,stsongs,2018-02-28,15,Be The One,PANDORA feat.Beverly,https://www.billboard-japan.com/charts/detail?a=stsongs&year=2018&month=03&day=05
2018,stsongs,2018-02-28,16,ダンシング・ヒーロー,荻野目洋子,https://www.billboard-japan.com/charts/detail?a=stsongs&year=2018&month=03&day=05
2018,stsongs,2018-02-28,17,A New Day,Beverly,https://www.billboard-japan.com/charts/detail?a=stsongs&year=2018&month=03&day=05
2018,stsongs,2018-02-28,18,不協和音,欅坂46,https://www.billboard-japan.com/charts/detail?a=stsongs&year=2018&month=03&day=05
2018,stsongs,2018-02-28,19,奏(かなで),スキマスイッチ,https://www.billboard-japan.com/charts/detail?a=stsongs&year=2018&month=03&day=05
2018,stsongs,2018-02-28,20,君はロックを聴かない,あいみょん,https://www.billboard-japan.com/charts/detail?a=stsongs&year=2018&month=03&day=05
2018,stsongs,2018-02-28,21,愛をこめて花束を,Superfly,https://www.billboard-japan.com/charts/detail?a=stsongs&year=2018&month=03&day=05
2018,stsongs,2018-02-28,22,サイレントマジョリティー,欅坂46,https://www.billboard-japan.com/charts/detail?a=stsongs&year=2018&month=03&day=05
2018,stsongs,2018-02-28,23,明日も,SHISHAMO,https://www.billboard-japan.com/charts/detail?a=stsongs&year=2018&month=03&day=05
2018,stsongs,2018-02-28,24,風に吹かれても,欅坂46,https://www.billboard-japan.com/charts/detail?a=stsongs&year=2018&month=03&day=05
2018,stsongs,2018-02-28,25,EXCITE,三浦大知,https://www.billboard-japan.com/charts/detail?a=stsongs&year=2018&month=03&day=05
2018,stsongs,2018-02-28,26,RAIN,SEKAI NO OWARI,https://www.billboard-japan.com/charts/detail?a=stsongs&year=2018&month=03&day=05
2018,stsongs,2018-02-28,27,キセキ,GReeeeN,https://www.billboard-japan.com/charts/detail?a=stsongs&year=2018&month=03&day=05
2018,stsongs,2018-02-28,28,ハバナ feat.ヤング・サグ,カミラ・カベロ,https://www.billboard-japan.com/charts/detail?a=stsongs&year=2018&month=03&day=05
2018,stsongs,2018-02-28,29,BRAND NEW GIRL,TWICE,https://www.billboard-japan.com/charts/detail?a=stsongs&year=2018&month=03&day=05
2018,stsongs,2018-02-28,30,ひまわりの約束,秦基博,https://www.billboard-japan.com/charts/detail?a=stsongs&year=2018&month=03&day=05
2018,stsongs,2018-02-28,31,ずっと、ふたりで,家入レオ,https://www.billboard-japan.com/charts/detail?a=stsongs&year=2018&month=03&day=05
2018,stsongs,2018-02-28,32,3月9日,レミオロメン,https://www.billboard-japan.com/charts/detail?a=stsongs&year=2018&month=03&day=05
2018,stsongs,2018-02-28,33,恋,星野源,https://www.billboard-japan.com/charts/detail?a=stsongs&year=2018&month=03&day=05
2018,stsongs,2018-02-28,34,恋音と雨空,AAA,https://www.billboard-japan.com/charts/detail?a=stsongs&year=2018&month=03&day=05
2018,stsongs,2018-02-28,35,完全感覚Dreamer,ONE OK ROCK,https://www.billboard-japan.com/charts/detail?a=stsongs&year=2018&month=03&day=05
2018,stsongs,2018-02-28,36,Heart Shaker,TWICE,https://www.billboard-japan.com/charts/detail?a=stsongs&year=2018&month=03&day=05
2018,stsongs,2018-02-28,37,明日への手紙,手嶌葵,https://www.billboard-japan.com/charts/detail?a=stsongs&year=2018&month=03&day=05
2018,stsongs,2018-02-28,38,愛を伝えたいだとか,あいみょん,https://www.billboard-japan.com/charts/detail?a=stsongs&year=2018&month=03&day=05
2018,stsongs,2018-02-28,39,One More Time,TWICE,https://www.billboard-japan.com/charts/detail?a=stsongs&year=2018&month=03&day=05
2018,stsongs,2018-02-28,40,LIKEY,TWICE,https://www.billboard-japan.com/charts/detail?a=stsongs&year=2018&month=03&day=05
2018,stsongs,2018-02-28,41,かわいそうだよね with HITSUJI,JUJU,https://www.billboard-japan.com/charts/detail?a=stsongs&year=2018&month=03&day=05
2018,stsongs,2018-02-28,42,Love Story,安室奈美恵,https://www.billboard-japan.com/charts/detail?a=stsongs&year=2018&month=03&day=05
2018,stsongs,2018-02-28,43,花束を君に,宇多田ヒカル,https://www.billboard-japan.com/charts/detail?a=stsongs&year=2018&month=03&day=05
2018,stsongs,2018-02-28,44,栄光の架橋,ゆず,https://www.billboard-japan.com/charts/detail?a=stsongs&year=2018&month=03&day=05
2018,stsongs,2018-02-28,45,Jupiter,Little Glee Monster,https://www.billboard-japan.com/charts/detail?a=stsongs&year=2018&month=03&day=05
2018,stsongs,2018-02-28,46,小さな恋のうた,MONGOL800,https://www.billboard-japan.com/charts/detail?a=stsongs&year=2018&month=03&day=05
2018,stsongs,2018-02-28,47,いつかこの涙が,Little Glee Monster,https://www.billboard-japan.com/charts/detail?a=stsongs&year=2018&month=03&day=05
2018,stsongs,2018-02-28,48,BIG CITY RODEO,GENERATIONS from EXILE TRIBE,https://www.billboard-japan.com/charts/detail?a=stsongs&year=2018&month=03&day=05
2018,stsongs,2018-02-28,49,Like OOH-AHH,TWICE,https://www.billboard-japan.com/charts/detail?a=stsongs&year=2018&month=03&day=05
2018,stsongs,2018-02-28,50,SIGNAL,TWICE,https://www.billboard-japan.com/charts/detail?a=stsongs&year=2018&month=03&day=05
2018,stsongs,2018-02-28,51,CHEER UP,TWICE,https://www.billboard-japan.com/charts/detail?a=stsongs&year=2018&month=03&day=05
2018,stsongs,2018-02-28,52,インフルエンサー,乃木坂46,https://www.billboard-japan.com/charts/detail?a=stsongs&year=2018&month=03&day=05
2018,stsongs,2018-02-28,53,楓,スピッツ,https://www.billboard-japan.com/charts/detail?a=stsongs&year=2018&month=03&day=05
2018,stsongs,2018-02-28,54,カタオモイ,Aimer(エメ),https://www.billboard-japan.com/charts/detail?a=stsongs&year=2018&month=03&day=05
2018,stsongs,2018-02-28,55,The Beginning,ONE OK ROCK,https://www.billboard-japan.com/charts/detail?a=stsongs&year=2018&month=03&day=05
2018,stsongs,2018-02-28,56,糸,中島みゆき,https://www.billboard-japan.com/charts/detail?a=stsongs&year=2018&month=03&day=05
2018,stsongs,2018-02-28,57,365日の紙飛行機,AKB48,https://www.billboard-japan.com/charts/detail?a=stsongs&year=2018&month=03&day=05
2018,stsongs,2018-02-28,58,Story,AI,https://www.billboard-japan.com/charts/detail?a=stsongs&year=2018&month=03&day=05
2018,stsongs,2018-02-28,59,ディス・イズ・ミー,キアラ・セトル & ザ・グレイテスト・ショーマン・アンサンブル,https://www.billboard-japan.com/charts/detail?a=stsongs&year=2018&month=03&day=05
2018,stsongs,2018-02-28,60,明日へ,Little Glee Monster,https://www.billboard-japan.com/charts/detail?a=stsongs&year=2018&month=03&day=05
2018,stsongs,2018-02-28,61,HANABI,Mr.Children,https://www.billboard-japan.com/charts/detail?a=stsongs&year=2018&month=03&day=05
2018,stsongs,2018-02-28,62,KNOCK KNOCK,TWICE,https://www.billboard-japan.com/charts/detail?a=stsongs&year=2018&month=03&day=05
2018,stsongs,2018-02-28,63,WanteD! WanteD!,Mrs.GREEN APPLE,https://www.billboard-japan.com/charts/detail?a=stsongs&year=2018&month=03&day=05
2018,stsongs,2018-02-28,64,DNA,BTS (防弾少年団),https://www.billboard-japan.com/charts/detail?a=stsongs&year=2018&month=03&day=05
2018,stsongs,2018-02-28,65,"Pain, pain",E-girls,https://www.billboard-japan.com/charts/detail?a=stsongs&year=2018&month=03&day=05
2018,stsongs,2018-02-28,66,トリセツ,西野カナ,https://www.billboard-japan.com/charts/detail?a=stsongs&year=2018&month=03&day=05
2018,stsongs,2018-02-28,67,ザ・グレイテスト・ショー,ヒュー・ジャックマン、キアラ・セトル、ザック・エフロン、ゼンデイヤ & ザ・グレイテスト・ショーマン・アンサンブル,https://www.billboard-japan.com/charts/detail?a=stsongs&year=2018&month=03&day=05
2018,stsongs,2018-02-28,68,Just You and I,安室奈美恵,https://www.billboard-japan.com/charts/detail?a=stsongs&year=2018&month=03&day=05
2018,stsongs,2018-02-28,69,ジ・アザー・サイド,ヒュー・ジャックマン & ザック・エフロン,https://www.billboard-japan.com/charts/detail?a=stsongs&year=2018&month=03&day=05
2018,stsongs,2018-02-28,70,粉雪,レミオロメン,https://www.billboard-japan.com/charts/detail?a=stsongs&year=2018&month=03&day=05
2018,stsongs,2018-02-28,71,にじいろ,絢香,https://www.billboard-japan.com/charts/detail?a=stsongs&year=2018&month=03&day=05
2018,stsongs,2018-02-28,72,ワタリドリ,[Alexandros],https://www.billboard-japan.com/charts/detail?a=stsongs&year=2018&month=03&day=05
2018,stsongs,2018-02-28,73,FANTASTIC BABY,BIGBANG,https://www.billboard-japan.com/charts/detail?a=stsongs&year=2018&month=03&day=05
2018,stsongs,2018-02-28,74,友よ〜この先もずっと…,ケツメイシ,https://www.billboard-japan.com/charts/detail?a=stsongs&year=2018&month=03&day=05
2018,stsongs,2018-02-28,75,さくらんぼ,大塚愛,https://www.billboard-japan.com/charts/detail?a=stsongs&year=2018&month=03&day=05
2018,stsongs,2018-02-28,76,366日,HY,https://www.billboard-japan.com/charts/detail?a=stsongs&year=2018&month=03&day=05
2018,stsongs,2018-02-28,77,ノンフィクション,平井堅,https://www.billboard-japan.com/charts/detail?a=stsongs&year=2018&month=03&day=05
2018,stsongs,2018-02-28,78,愛唄,GReeeeN,https://www.billboard-japan.com/charts/detail?a=stsongs&year=2018&month=03&day=05
2018,stsongs,2018-02-28,79,空,GENERATIONS from EXILE TRIBE,https://www.billboard-japan.com/charts/detail?a=stsongs&year=2018&month=03&day=05
2018,stsongs,2018-02-28,80,見たこともない景色,菅田将暉,https://www.billboard-japan.com/charts/detail?a=stsongs&year=2018&month=03&day=05
2018,stsongs,2018-02-28,81,Good Life,清水翔太,https://www.billboard-japan.com/charts/detail?a=stsongs&year=2018&month=03&day=05
2018,stsongs,2018-02-28,82,ステイ,ゼッド & アレッシア・カーラ,https://www.billboard-japan.com/charts/detail?a=stsongs&year=2018&month=03&day=05
2018,stsongs,2018-02-28,83,やさしさで溢れるように,JUJU,https://www.billboard-japan.com/charts/detail?a=stsongs&year=2018&month=03&day=05
2018,stsongs,2018-02-28,84,"Love me, Love you",Mrs.GREEN APPLE,https://www.billboard-japan.com/charts/detail?a=stsongs&year=2018&month=03&day=05
2018,stsongs,2018-02-28,85,どうして恋してこんな,宇野実彩子(AAA),https://www.billboard-japan.com/charts/detail?a=stsongs&year=2018&month=03&day=05
2018,stsongs,2018-02-28,86,あいしてると言ってよかった,E-girls,https://www.billboard-japan.com/charts/detail?a=stsongs&year=2018&month=03&day=05
2018,stsongs,2018-02-28,87,遥か,GReeeeN,https://www.billboard-japan.com/charts/detail?a=stsongs&year=2018&month=03&day=05
2018,stsongs,2018-02-28,88,二人セゾン,欅坂46,https://www.billboard-japan.com/charts/detail?a=stsongs&year=2018&month=03&day=05
2018,stsongs,2018-02-28,89,君が好き,清水翔太,https://www.billboard-japan.com/charts/detail?a=stsongs&year=2018&month=03&day=05
2018,stsongs,2018-02-28,89,ネヴァー・イナフ,ローレン・オルレッド,https://www.billboard-japan.com/charts/detail?a=stsongs&year=2018&month=03&day=05
2018,stsongs,2018-02-28,91,蝶々結び,Aimer(エメ),https://www.billboard-japan.com/charts/detail?a=stsongs&year=2018&month=03&day=05
2018,stsongs,2018-02-28,92,好きな人がいること,JY,https://www.billboard-japan.com/charts/detail?a=stsongs&year=2018&month=03&day=05
2018,stsongs,2018-02-28,93,Family Song,星野源,https://www.billboard-japan.com/charts/detail?a=stsongs&year=2018&month=03&day=05
2018,stsongs,2018-02-28,93,君に届け,flumpool,https://www.billboard-japan.com/charts/detail?a=stsongs&year=2018&month=03&day=05
2018,stsongs,2018-02-28,95,シー・ユー・アゲイン,ウィズ・カリファ feat.チャーリー・プース,https://www.billboard-japan.com/charts/detail?a=stsongs&year=2018&month=03&day=05
2018,stsongs,2018-02-28,96,アカシア,EXILE THE SECOND,https://www.billboard-japan.com/charts/detail?a=stsongs&year=2018&month=03&day=05
2018,stsongs,2018-02-28,97,雪の華,中島美嘉,https://www.billboard-japan.com/charts/detail?a=stsongs&year=2018&month=03&day=05
2018,stsongs,2018-02-28,98,Take what you want feat.5 Seconds of Summer,ONE OK ROCK,https://www.billboard-japan.com/charts/detail?a=stsongs&year=2018&month=03&day=05
2018,stsongs,2018-02-28,99,歌うたいのバラッド,斉藤和義,https://www.billboard-japan.com/charts/detail?a=stsongs&year=2018&month=03&day=05
2018,stsongs,2018-02-28,100,ザ・ミドル,"ゼッド,マレン・モリス,グレイ",https://www.billboard-japan.com/charts/detail?a=stsongs&year=2018&month=03&day=05
2018,stsongs,2018-03-07,1,さよならエレジー,菅田将暉,https://www.billboard-japan.com/charts/detail?a=stsongs&year=2018&month=03&day=12
2018,stsongs,2018-03-07,2,ドラえもん,星野源,https://www.billboard-japan.com/charts/detail?a=stsongs&year=2018&month=03&day=12
2018,stsongs,2018-03-07,3,サザンカ,SEKAI NO OWARI,https://www.billboard-japan.com/charts/detail?a=stsongs&year=2018&month=03&day=12
2018,stsongs,2018-03-07,4,打上花火,DAOKO × 米津玄師,https://www.billboard-japan.com/charts/detail?a=stsongs&year=2018&month=03&day=12
2018,stsongs,2018-03-07,5,"Pain, pain",E-girls,https://www.billboard-japan.com/charts/detail?a=stsongs&year=2018&month=03&day=12
2018,stsongs,2018-03-07,6,Candy Pop,TWICE,https://www.billboard-japan.com/charts/detail?a=stsongs&year=2018&month=03&day=12
2018,stsongs,2018-03-07,7,Change,ONE OK ROCK,https://www.billboard-japan.com/charts/detail?a=stsongs&year=2018&month=03&day=12
2018,stsongs,2018-03-07,8,TT,TWICE,https://www.billboard-japan.com/charts/detail?a=stsongs&year=2018&month=03&day=12
2018,stsongs,2018-03-07,9,ハロー カゲロウ,GReeeeN,https://www.billboard-japan.com/charts/detail?a=stsongs&year=2018&month=03&day=12
2018,stsongs,2018-03-07,10,東京,JUJU,https://www.billboard-japan.com/charts/detail?a=stsongs&year=2018&month=03&day=12
2018,stsongs,2018-03-07,11,かわいそうだよね with HITSUJI,JUJU,https://www.billboard-japan.com/charts/detail?a=stsongs&year=2018&month=03&day=12
2018,stsongs,2018-03-07,12,Hero,安室奈美恵,https://www.billboard-japan.com/charts/detail?a=stsongs&year=2018&month=03&day=12
2018,stsongs,2018-03-07,13,シェイプ・オブ・ユー,エド・シーラン,https://www.billboard-japan.com/charts/detail?a=stsongs&year=2018&month=03&day=12
2018,stsongs,2018-03-07,14,ここにいないあなたへ,星野源,https://www.billboard-japan.com/charts/detail?a=stsongs&year=2018&month=03&day=12
2018,stsongs,2018-03-07,15,A New Day,Beverly,https://www.billboard-japan.com/charts/detail?a=stsongs&year=2018&month=03&day=12
2018,stsongs,2018-03-07,16,3月9日,レミオロメン,https://www.billboard-japan.com/charts/detail?a=stsongs&year=2018&month=03&day=12
2018,stsongs,2018-03-07,17,ハートアップ,絢香 & 三浦大知,https://www.billboard-japan.com/charts/detail?a=stsongs&year=2018&month=03&day=12
2018,stsongs,2018-03-07,18,I LOVE YOU,クリス・ハート,https://www.billboard-japan.com/charts/detail?a=stsongs&year=2018&month=03&day=12
2018,stsongs,2018-03-07,19,奏(かなで),スキマスイッチ,https://www.billboard-japan.com/charts/detail?a=stsongs&year=2018&month=03&day=12
2018,stsongs,2018-03-07,20,Wherever you are,ONE OK ROCK,https://www.billboard-japan.com/charts/detail?a=stsongs&year=2018&month=03&day=12
2018,stsongs,2018-03-07,21,My Boo,清水翔太,https://www.billboard-japan.com/charts/detail?a=stsongs&year=2018&month=03&day=12
2018,stsongs,2018-03-07,22,ダンシング・ヒーロー,荻野目洋子,https://www.billboard-japan.com/charts/detail?a=stsongs&year=2018&month=03&day=12
2018,stsongs,2018-03-07,23,不協和音,欅坂46,https://www.billboard-japan.com/charts/detail?a=stsongs&year=2018&month=03&day=12
2018,stsongs,2018-03-07,24,Be The One,PANDORA feat.Beverly,https://www.billboard-japan.com/charts/detail?a=stsongs&year=2018&month=03&day=12
2018,stsongs,2018-03-07,25,BRAND NEW GIRL,TWICE,https://www.billboard-japan.com/charts/detail?a=stsongs&year=2018&month=03&day=12
2018,stsongs,2018-03-07,26,サイレントマジョリティー,欅坂46,https://www.billboard-japan.com/charts/detail?a=stsongs&year=2018&month=03&day=12
2018,stsongs,2018-03-07,27,ひまわりの約束,秦基博,https://www.billboard-japan.com/charts/detail?a=stsongs&year=2018&month=03&day=12
2018,stsongs,2018-03-07,28,愛をこめて花束を,Superfly,https://www.billboard-japan.com/charts/detail?a=stsongs&year=2018&month=03&day=12
2018,stsongs,2018-03-07,29,恋,星野源,https://www.billboard-japan.com/charts/detail?a=stsongs&year=2018&month=03&day=12
2018,stsongs,2018-03-07,30,風に吹かれても,欅坂46,https://www.billboard-japan.com/charts/detail?a=stsongs&year=2018&month=03&day=12
2018,stsongs,2018-03-07,31,EXCITE,三浦大知,https://www.billboard-japan.com/charts/detail?a=stsongs&year=2018&month=03&day=12
2018,stsongs,2018-03-07,32,君はロックを聴かない,あいみょん,https://www.billboard-japan.com/charts/detail?a=stsongs&year=2018&month=03&day=12
2018,stsongs,2018-03-07,33,RAIN,SEKAI NO OWARI,https://www.billboard-japan.com/charts/detail?a=stsongs&year=2018&month=03&day=12
2018,stsongs,2018-03-07,34,キセキ,GReeeeN,https://www.billboard-japan.com/charts/detail?a=stsongs&year=2018&month=03&day=12
2018,stsongs,2018-03-07,35,明日も,SHISHAMO,https://www.billboard-japan.com/charts/detail?a=stsongs&year=2018&month=03&day=12
2018,stsongs,2018-03-07,36,ハバナ feat.ヤング・サグ,カミラ・カベロ,https://www.billboard-japan.com/charts/detail?a=stsongs&year=2018&month=03&day=12
2018,stsongs,2018-03-07,37,恋音と雨空,AAA,https://www.billboard-japan.com/charts/detail?a=stsongs&year=2018&month=03&day=12
2018,stsongs,2018-03-07,38,ディス・イズ・ミー,キアラ・セトル & ザ・グレイテスト・ショーマン・アンサンブル,https://www.billboard-japan.com/charts/detail?a=stsongs&year=2018&month=03&day=12
2018,stsongs,2018-03-07,39,Love Story,安室奈美恵,https://www.billboard-japan.com/charts/detail?a=stsongs&year=2018&month=03&day=12
2018,stsongs,2018-03-07,40,栄光の架橋,ゆず,https://www.billboard-japan.com/charts/detail?a=stsongs&year=2018&month=03&day=12
2018,stsongs,2018-03-07,41,LIKEY,TWICE,https://www.billboard-japan.com/charts/detail?a=stsongs&year=2018&month=03&day=12
2018,stsongs,2018-03-07,42,Heart Shaker,TWICE,https://www.billboard-japan.com/charts/detail?a=stsongs&year=2018&month=03&day=12
2018,stsongs,2018-03-07,43,ずっと、ふたりで,家入レオ,https://www.billboard-japan.com/charts/detail?a=stsongs&year=2018&month=03&day=12
2018,stsongs,2018-03-07,44,小さな恋のうた,MONGOL800,https://www.billboard-japan.com/charts/detail?a=stsongs&year=2018&month=03&day=12
2018,stsongs,2018-03-07,45,ジ・アザー・サイド,ヒュー・ジャックマン & ザック・エフロン,https://www.billboard-japan.com/charts/detail?a=stsongs&year=2018&month=03&day=12
2018,stsongs,2018-03-07,46,明日への手紙,手嶌葵,https://www.billboard-japan.com/charts/detail?a=stsongs&year=2018&month=03&day=12
2018,stsongs,2018-03-07,47,Jupiter,Little Glee Monster,https://www.billboard-japan.com/charts/detail?a=stsongs&year=2018&month=03&day=12
2018,stsongs,2018-03-07,48,ザ・グレイテスト・ショー,ヒュー・ジャックマン、キアラ・セトル、ザック・エフロン、ゼンデイヤ & ザ・グレイテスト・ショーマン・アンサンブル,https://www.billboard-japan.com/charts/detail?a=stsongs&year=2018&month=03&day=12
2018,stsongs,2018-03-07,49,愛を伝えたいだとか,あいみょん,https://www.billboard-japan.com/charts/detail?a=stsongs&year=2018&month=03&day=12
2018,stsongs,2018-03-07,50,花束を君に,宇多田ヒカル,https://www.billboard-japan.com/charts/detail?a=stsongs&year=2018&month=03&day=12
2018,stsongs,2018-03-07,51,Story,AI,https://www.billboard-japan.com/charts/detail?a=stsongs&year=2018&month=03&day=12
2018,stsongs,2018-03-07,52,One More Time,TWICE,https://www.billboard-japan.com/charts/detail?a=stsongs&year=2018&month=03&day=12
2018,stsongs,2018-03-07,53,いつかこの涙が,Little Glee Monster,https://www.billboard-japan.com/charts/detail?a=stsongs&year=2018&month=03&day=12
2018,stsongs,2018-03-07,54,SIGNAL,TWICE,https://www.billboard-japan.com/charts/detail?a=stsongs&year=2018&month=03&day=12
2018,stsongs,2018-03-07,55,カタオモイ,Aimer(エメ),https://www.billboard-japan.com/charts/detail?a=stsongs&year=2018&month=03&day=12
2018,stsongs,2018-03-07,56,Family Song,星野源,https://www.billboard-japan.com/charts/detail?a=stsongs&year=2018&month=03&day=12
2018,stsongs,2018-03-07,57,にじいろ,絢香,https://www.billboard-japan.com/charts/detail?a=stsongs&year=2018&month=03&day=12
2018,stsongs,2018-03-07,58,KNOCK KNOCK,TWICE,https://www.billboard-japan.com/charts/detail?a=stsongs&year=2018&month=03&day=12
2018,stsongs,2018-03-07,59,遥か,GReeeeN,https://www.billboard-japan.com/charts/detail?a=stsongs&year=2018&month=03&day=12
2018,stsongs,2018-03-07,60,糸,中島みゆき,https://www.billboard-japan.com/charts/detail?a=stsongs&year=2018&month=03&day=12
2018,stsongs,2018-03-07,61,完全感覚Dreamer,ONE OK ROCK,https://www.billboard-japan.com/charts/detail?a=stsongs&year=2018&month=03&day=12
2018,stsongs,2018-03-07,62,インフルエンサー,乃木坂46,https://www.billboard-japan.com/charts/detail?a=stsongs&year=2018&month=03&day=12
2018,stsongs,2018-03-07,63,The Beginning,ONE OK ROCK,https://www.billboard-japan.com/charts/detail?a=stsongs&year=2018&month=03&day=12
2018,stsongs,2018-03-07,64,旅立ちの日に…,川嶋あい,https://www.billboard-japan.com/charts/detail?a=stsongs&year=2018&month=03&day=12
2018,stsongs,2018-03-07,65,HANABI,Mr.Children,https://www.billboard-japan.com/charts/detail?a=stsongs&year=2018&month=03&day=12
2018,stsongs,2018-03-07,66,ノンフィクション,平井堅,https://www.billboard-japan.com/charts/detail?a=stsongs&year=2018&month=03&day=12
2018,stsongs,2018-03-07,67,Like OOH-AHH,TWICE,https://www.billboard-japan.com/charts/detail?a=stsongs&year=2018&month=03&day=12
2018,stsongs,2018-03-07,68,ネヴァー・イナフ,ローレン・オルレッド,https://www.billboard-japan.com/charts/detail?a=stsongs&year=2018&month=03&day=12
2018,stsongs,2018-03-07,69,CHEER UP,TWICE,https://www.billboard-japan.com/charts/detail?a=stsongs&year=2018&month=03&day=12
2018,stsongs,2018-03-07,70,BIG CITY RODEO,GENERATIONS from EXILE TRIBE,https://www.billboard-japan.com/charts/detail?a=stsongs&year=2018&month=03&day=12
2018,stsongs,2018-03-07,71,トリセツ,西野カナ,https://www.billboard-japan.com/charts/detail?a=stsongs&year=2018&month=03&day=12
2018,stsongs,2018-03-07,72,365日の紙飛行機,AKB48,https://www.billboard-japan.com/charts/detail?a=stsongs&year=2018&month=03&day=12
2018,stsongs,2018-03-07,73,楓,スピッツ,https://www.billboard-japan.com/charts/detail?a=stsongs&year=2018&month=03&day=12
2018,stsongs,2018-03-07,74,愛唄,GReeeeN,https://www.billboard-japan.com/charts/detail?a=stsongs&year=2018&month=03&day=12
2018,stsongs,2018-03-07,75,ワタリドリ,[Alexandros],https://www.billboard-japan.com/charts/detail?a=stsongs&year=2018&month=03&day=12
2018,stsongs,2018-03-07,76,道,EXILE,https://www.billboard-japan.com/charts/detail?a=stsongs&year=2018&month=03&day=12
2018,stsongs,2018-03-07,77,友よ〜この先もずっと…,ケツメイシ,https://www.billboard-japan.com/charts/detail?a=stsongs&year=2018&month=03&day=12
2018,stsongs,2018-03-07,78,見たこともない景色,菅田将暉,https://www.billboard-japan.com/charts/detail?a=stsongs&year=2018&month=03&day=12
2018,stsongs,2018-03-07,79,DNA,BTS (防弾少年団),https://www.billboard-japan.com/charts/detail?a=stsongs&year=2018&month=03&day=12
2018,stsongs,2018-03-07,80,Just You and I,安室奈美恵,https://www.billboard-japan.com/charts/detail?a=stsongs&year=2018&month=03&day=12
2018,stsongs,2018-03-07,81,シー・ユー・アゲイン,ウィズ・カリファ feat.チャーリー・プース,https://www.billboard-japan.com/charts/detail?a=stsongs&year=2018&month=03&day=12
2018,stsongs,2018-03-07,82,WanteD! WanteD!,Mrs.GREEN APPLE,https://www.billboard-japan.com/charts/detail?a=stsongs&year=2018&month=03&day=12
2018,stsongs,2018-03-07,83,リライト・ザ・スターズ,ザック・エフロン & ゼンデイヤ,https://www.billboard-japan.com/charts/detail?a=stsongs&year=2018&month=03&day=12
2018,stsongs,2018-03-07,84,空,GENERATIONS from EXILE TRIBE,https://www.billboard-japan.com/charts/detail?a=stsongs&year=2018&month=03&day=12
2018,stsongs,2018-03-07,85,やさしさで溢れるように,JUJU,https://www.billboard-japan.com/charts/detail?a=stsongs&year=2018&month=03&day=12
2018,stsongs,2018-03-07,86,ステイ,ゼッド & アレッシア・カーラ,https://www.billboard-japan.com/charts/detail?a=stsongs&year=2018&month=03&day=12
2018,stsongs,2018-03-07,87,FANTASTIC BABY,BIGBANG,https://www.billboard-japan.com/charts/detail?a=stsongs&year=2018&month=03&day=12
2018,stsongs,2018-03-07,88,366日,HY,https://www.billboard-japan.com/charts/detail?a=stsongs&year=2018&month=03&day=12
2018,stsongs,2018-03-07,89,さくらんぼ,大塚愛,https://www.billboard-japan.com/charts/detail?a=stsongs&year=2018&month=03&day=12
2018,stsongs,2018-03-07,90,Ref:rain,Aimer(エメ),https://www.billboard-japan.com/charts/detail?a=stsongs&year=2018&month=03&day=12
2018,stsongs,2018-03-07,91,カム・アライヴ,ヒュー・ジャックマン、キアラ・セトル、ダニエル・エバーリッジ、ゼンデイヤ & ザ・グレイテスト・ショーマン・アンサンブル,https://www.billboard-japan.com/charts/detail?a=stsongs&year=2018&month=03&day=12
2018,stsongs,2018-03-07,92,粉雪,レミオロメン,https://www.billboard-japan.com/charts/detail?a=stsongs&year=2018&month=03&day=12
2018,stsongs,2018-03-07,93,ハナミズキ,一青窈,https://www.billboard-japan.com/charts/detail?a=stsongs&year=2018&month=03&day=12
2018,stsongs,2018-03-07,94,Dear My Boo,當山みれい,https://www.billboard-japan.com/charts/detail?a=stsongs&year=2018&month=03&day=12
2018,stsongs,2018-03-07,95,月と花束,さユり,https://www.billboard-japan.com/charts/detail?a=stsongs&year=2018&month=03&day=12
2018,stsongs,2018-03-07,96,二人セゾン,欅坂46,https://www.billboard-japan.com/charts/detail?a=stsongs&year=2018&month=03&day=12
2018,stsongs,2018-03-07,97,ザ・ミドル,"ゼッド,マレン・モリス,グレイ",https://www.billboard-japan.com/charts/detail?a=stsongs&year=2018&month=03&day=12
2018,stsongs,2018-03-07,98,フロム・ナウ・オン,ヒュー・ジャックマン & ザ・グレイテスト・ショーマン・アンサンブル,https://www.billboard-japan.com/charts/detail?a=stsongs&year=2018&month=03&day=12
2018,stsongs,2018-03-07,99,ア・ミリオン・ドリームズ,ジヴ・ザイフマン、ヒュー・ジャックマン、ミシェル・ウィリアムズ,https://www.billboard-japan.com/charts/detail?a=stsongs&year=2018&month=03&day=12
2018,stsongs,2018-03-07,100,R.Y.U.S.E.I.,三代目 J Soul Brothers from EXILE TRIBE,https://www.billboard-japan.com/charts/detail?a=stsongs&year=2018&month=03&day=12
2018,stsongs,2018-03-14,1,ドラえもん,星野源,https://www.billboard-japan.com/charts/detail?a=stsongs&year=2018&month=03&day=19
2018,stsongs,2018-03-14,2,さよならエレジー,菅田将暉,https://www.billboard-japan.com/charts/detail?a=stsongs&year=2018&month=03&day=19
2018,stsongs,2018-03-14,3,ガラスを割れ!,欅坂46,https://www.billboard-japan.com/charts/detail?a=stsongs&year=2018&month=03&day=19
2018,stsongs,2018-03-14,4,打上花火,DAOKO × 米津玄師,https://www.billboard-japan.com/charts/detail?a=stsongs&year=2018&month=03&day=19
2018,stsongs,2018-03-14,5,"Pain, pain",E-girls,https://www.billboard-japan.com/charts/detail?a=stsongs&year=2018&month=03&day=19
2018,stsongs,2018-03-14,6,サザンカ,SEKAI NO OWARI,https://www.billboard-japan.com/charts/detail?a=stsongs&year=2018&month=03&day=19
2018,stsongs,2018-03-14,7,3月9日,レミオロメン,https://www.billboard-japan.com/charts/detail?a=stsongs&year=2018&month=03&day=19
2018,stsongs,2018-03-14,8,Change,ONE OK ROCK,https://www.billboard-japan.com/charts/detail?a=stsongs&year=2018&month=03&day=19
2018,stsongs,2018-03-14,9,Candy Pop,TWICE,https://www.billboard-japan.com/charts/detail?a=stsongs&year=2018&month=03&day=19
2018,stsongs,2018-03-14,10,TT,TWICE,https://www.billboard-japan.com/charts/detail?a=stsongs&year=2018&month=03&day=19
2018,stsongs,2018-03-14,11,A New Day,Beverly,https://www.billboard-japan.com/charts/detail?a=stsongs&year=2018&month=03&day=19
2018,stsongs,2018-03-14,12,Hero,安室奈美恵,https://www.billboard-japan.com/charts/detail?a=stsongs&year=2018&month=03&day=19
2018,stsongs,2018-03-14,13,東京,JUJU,https://www.billboard-japan.com/charts/detail?a=stsongs&year=2018&month=03&day=19
2018,stsongs,2018-03-14,14,シェイプ・オブ・ユー,エド・シーラン,https://www.billboard-japan.com/charts/detail?a=stsongs&year=2018&month=03&day=19
2018,stsongs,2018-03-14,15,EXCITE,三浦大知,https://www.billboard-japan.com/charts/detail?a=stsongs&year=2018&month=03&day=19
2018,stsongs,2018-03-14,16,Wherever you are,ONE OK ROCK,https://www.billboard-japan.com/charts/detail?a=stsongs&year=2018&month=03&day=19
2018,stsongs,2018-03-14,17,ここにいないあなたへ,星野源,https://www.billboard-japan.com/charts/detail?a=stsongs&year=2018&month=03&day=19
2018,stsongs,2018-03-14,18,I LOVE YOU,クリス・ハート,https://www.billboard-japan.com/charts/detail?a=stsongs&year=2018&month=03&day=19
2018,stsongs,2018-03-14,19,ハロー カゲロウ,GReeeeN,https://www.billboard-japan.com/charts/detail?a=stsongs&year=2018&month=03&day=19
2018,stsongs,2018-03-14,20,不協和音,欅坂46,https://www.billboard-japan.com/charts/detail?a=stsongs&year=2018&month=03&day=19
2018,stsongs,2018-03-14,21,奏(かなで),スキマスイッチ,https://www.billboard-japan.com/charts/detail?a=stsongs&year=2018&month=03&day=19
2018,stsongs,2018-03-14,22,ハートアップ,絢香 & 三浦大知,https://www.billboard-japan.com/charts/detail?a=stsongs&year=2018&month=03&day=19
2018,stsongs,2018-03-14,23,かわいそうだよね with HITSUJI,JUJU,https://www.billboard-japan.com/charts/detail?a=stsongs&year=2018&month=03&day=19
2018,stsongs,2018-03-14,24,My Boo,清水翔太,https://www.billboard-japan.com/charts/detail?a=stsongs&year=2018&month=03&day=19
2018,stsongs,2018-03-14,25,サイレントマジョリティー,欅坂46,https://www.billboard-japan.com/charts/detail?a=stsongs&year=2018&month=03&day=19
2018,stsongs,2018-03-14,26,愛をこめて花束を,Superfly,https://www.billboard-japan.com/charts/detail?a=stsongs&year=2018&month=03&day=19
2018,stsongs,2018-03-14,27,Be The One,PANDORA feat.Beverly,https://www.billboard-japan.com/charts/detail?a=stsongs&year=2018&month=03&day=19
2018,stsongs,2018-03-14,28,ダンシング・ヒーロー,荻野目洋子,https://www.billboard-japan.com/charts/detail?a=stsongs&year=2018&month=03&day=19
2018,stsongs,2018-03-14,29,遥か,GReeeeN,https://www.billboard-japan.com/charts/detail?a=stsongs&year=2018&month=03&day=19
2018,stsongs,2018-03-14,30,風に吹かれても,欅坂46,https://www.billboard-japan.com/charts/detail?a=stsongs&year=2018&month=03&day=19
2018,stsongs,2018-03-14,31,RAIN,SEKAI NO OWARI,https://www.billboard-japan.com/charts/detail?a=stsongs&year=2018&month=03&day=19
2018,stsongs,2018-03-14,32,明日も,SHISHAMO,https://www.billboard-japan.com/charts/detail?a=stsongs&year=2018&month=03&day=19
2018,stsongs,2018-03-14,33,恋,星野源,https://www.billboard-japan.com/charts/detail?a=stsongs&year=2018&month=03&day=19
2018,stsongs,2018-03-14,34,ひまわりの約束,秦基博,https://www.billboard-japan.com/charts/detail?a=stsongs&year=2018&month=03&day=19
2018,stsongs,2018-03-14,35,栄光の架橋,ゆず,https://www.billboard-japan.com/charts/detail?a=stsongs&year=2018&month=03&day=19
2018,stsongs,2018-03-14,36,小さな恋のうた,MONGOL800,https://www.billboard-japan.com/charts/detail?a=stsongs&year=2018&month=03&day=19
2018,stsongs,2018-03-14,37,旅立ちの日に…,川嶋あい,https://www.billboard-japan.com/charts/detail?a=stsongs&year=2018&month=03&day=19
2018,stsongs,2018-03-14,38,キセキ,GReeeeN,https://www.billboard-japan.com/charts/detail?a=stsongs&year=2018&month=03&day=19
2018,stsongs,2018-03-14,39,明日への手紙,手嶌葵,https://www.billboard-japan.com/charts/detail?a=stsongs&year=2018&month=03&day=19
2018,stsongs,2018-03-14,40,ディス・イズ・ミー,キアラ・セトル & ザ・グレイテスト・ショーマン・アンサンブル,https://www.billboard-japan.com/charts/detail?a=stsongs&year=2018&month=03&day=19
2018,stsongs,2018-03-14,41,BRAND NEW GIRL,TWICE,https://www.billboard-japan.com/charts/detail?a=stsongs&year=2018&month=03&day=19
2018,stsongs,2018-03-14,42,糸,中島みゆき,https://www.billboard-japan.com/charts/detail?a=stsongs&year=2018&month=03&day=19
2018,stsongs,2018-03-14,43,道,EXILE,https://www.billboard-japan.com/charts/detail?a=stsongs&year=2018&month=03&day=19
2018,stsongs,2018-03-14,44,ジ・アザー・サイド,ヒュー・ジャックマン & ザック・エフロン,https://www.billboard-japan.com/charts/detail?a=stsongs&year=2018&month=03&day=19
2018,stsongs,2018-03-14,45,いつかこの涙が,Little Glee Monster,https://www.billboard-japan.com/charts/detail?a=stsongs&year=2018&month=03&day=19
2018,stsongs,2018-03-14,46,ザ・グレイテスト・ショー,ヒュー・ジャックマン、キアラ・セトル、ザック・エフロン、ゼンデイヤ & ザ・グレイテスト・ショーマン・アンサンブル,https://www.billboard-japan.com/charts/detail?a=stsongs&year=2018&month=03&day=19
2018,stsongs,2018-03-14,47,恋音と雨空,AAA,https://www.billboard-japan.com/charts/detail?a=stsongs&year=2018&month=03&day=19
2018,stsongs,2018-03-14,48,Jupiter,Little Glee Monster,https://www.billboard-japan.com/charts/detail?a=stsongs&year=2018&month=03&day=19
2018,stsongs,2018-03-14,49,君はロックを聴かない,あいみょん,https://www.billboard-japan.com/charts/detail?a=stsongs&year=2018&month=03&day=19
2018,stsongs,2018-03-14,50,ハバナ feat.ヤング・サグ,カミラ・カベロ,https://www.billboard-japan.com/charts/detail?a=stsongs&year=2018&month=03&day=19
2018,stsongs,2018-03-14,51,YELL,いきものがかり,https://www.billboard-japan.com/charts/detail?a=stsongs&year=2018&month=03&day=19
2018,stsongs,2018-03-14,52,完全感覚Dreamer,ONE OK ROCK,https://www.billboard-japan.com/charts/detail?a=stsongs&year=2018&month=03&day=19
2018,stsongs,2018-03-14,53,Heart Shaker,TWICE,https://www.billboard-japan.com/charts/detail?a=stsongs&year=2018&month=03&day=19
2018,stsongs,2018-03-14,54,Dear My Boo,當山みれい,https://www.billboard-japan.com/charts/detail?a=stsongs&year=2018&month=03&day=19
2018,stsongs,2018-03-14,55,One More Time,TWICE,https://www.billboard-japan.com/charts/detail?a=stsongs&year=2018&month=03&day=19
2018,stsongs,2018-03-14,56,トリセツ,西野カナ,https://www.billboard-japan.com/charts/detail?a=stsongs&year=2018&month=03&day=19
2018,stsongs,2018-03-14,57,インフルエンサー,乃木坂46,https://www.billboard-japan.com/charts/detail?a=stsongs&year=2018&month=03&day=19
2018,stsongs,2018-03-14,58,にじいろ,絢香,https://www.billboard-japan.com/charts/detail?a=stsongs&year=2018&month=03&day=19
2018,stsongs,2018-03-14,59,HANABI,Mr.Children,https://www.billboard-japan.com/charts/detail?a=stsongs&year=2018&month=03&day=19
2018,stsongs,2018-03-14,60,The Beginning,ONE OK ROCK,https://www.billboard-japan.com/charts/detail?a=stsongs&year=2018&month=03&day=19
2018,stsongs,2018-03-14,61,LIKEY,TWICE,https://www.billboard-japan.com/charts/detail?a=stsongs&year=2018&month=03&day=19
2018,stsongs,2018-03-14,62,花束を君に,宇多田ヒカル,https://www.billboard-japan.com/charts/detail?a=stsongs&year=2018&month=03&day=19
2018,stsongs,2018-03-14,63,365日の紙飛行機,AKB48,https://www.billboard-japan.com/charts/detail?a=stsongs&year=2018&month=03&day=19
2018,stsongs,2018-03-14,64,SIGNAL,TWICE,https://www.billboard-japan.com/charts/detail?a=stsongs&year=2018&month=03&day=19
2018,stsongs,2018-03-14,65,Family Song,星野源,https://www.billboard-japan.com/charts/detail?a=stsongs&year=2018&month=03&day=19
2018,stsongs,2018-03-14,66,友よ〜この先もずっと…,ケツメイシ,https://www.billboard-japan.com/charts/detail?a=stsongs&year=2018&month=03&day=19
2018,stsongs,2018-03-14,67,花,中孝介,https://www.billboard-japan.com/charts/detail?a=stsongs&year=2018&month=03&day=19
2018,stsongs,2018-03-14,68,愛を伝えたいだとか,あいみょん,https://www.billboard-japan.com/charts/detail?a=stsongs&year=2018&month=03&day=19
2018,stsongs,2018-03-14,69,さくらんぼ,大塚愛,https://www.billboard-japan.com/charts/detail?a=stsongs&year=2018&month=03&day=19
2018,stsongs,2018-03-14,70,ネヴァー・イナフ,ローレン・オルレッド,https://www.billboard-japan.com/charts/detail?a=stsongs&year=2018&month=03&day=19
2018,stsongs,2018-03-14,71,カタオモイ,Aimer(エメ),https://www.billboard-japan.com/charts/detail?a=stsongs&year=2018&month=03&day=19
2018,stsongs,2018-03-14,72,Like OOH-AHH,TWICE,https://www.billboard-japan.com/charts/detail?a=stsongs&year=2018&month=03&day=19
2018,stsongs,2018-03-14,73,ノンフィクション,平井堅,https://www.billboard-japan.com/charts/detail?a=stsongs&year=2018&month=03&day=19
2018,stsongs,2018-03-14,74,Story,AI,https://www.billboard-japan.com/charts/detail?a=stsongs&year=2018&month=03&day=19
2018,stsongs,2018-03-14,75,366日,HY,https://www.billboard-japan.com/charts/detail?a=stsongs&year=2018&month=03&day=19
2018,stsongs,2018-03-14,76,ア・ミリオン・ドリームズ,ジヴ・ザイフマン、ヒュー・ジャックマン、ミシェル・ウィリアムズ,https://www.billboard-japan.com/charts/detail?a=stsongs&year=2018&month=03&day=19
2018,stsongs,2018-03-14,77,Love Story,安室奈美恵,https://www.billboard-japan.com/charts/detail?a=stsongs&year=2018&month=03&day=19
2018,stsongs,2018-03-14,78,CHEER UP,TWICE,https://www.billboard-japan.com/charts/detail?a=stsongs&year=2018&month=03&day=19
2018,stsongs,2018-03-14,79,ワタリドリ,[Alexandros],https://www.billboard-japan.com/charts/detail?a=stsongs&year=2018&month=03&day=19
2018,stsongs,2018-03-14,80,手紙〜拝啓十五の君へ〜,アンジェラ・アキ,https://www.billboard-japan.com/charts/detail?a=stsongs&year=2018&month=03&day=19
2018,stsongs,2018-03-14,81,見たこともない景色,菅田将暉,https://www.billboard-japan.com/charts/detail?a=stsongs&year=2018&month=03&day=19
2018,stsongs,2018-03-14,82,ハナミズキ,一青窈,https://www.billboard-japan.com/charts/detail?a=stsongs&year=2018&month=03&day=19
2018,stsongs,2018-03-14,83,もう森へ帰ろうか?,欅坂46,https://www.billboard-japan.com/charts/detail?a=stsongs&year=2018&month=03&day=19
2018,stsongs,2018-03-14,84,リライト・ザ・スターズ,ザック・エフロン & ゼンデイヤ,https://www.billboard-japan.com/charts/detail?a=stsongs&year=2018&month=03&day=19
2018,stsongs,2018-03-14,85,ずっと、ふたりで,家入レオ,https://www.billboard-japan.com/charts/detail?a=stsongs&year=2018&month=03&day=19
2018,stsongs,2018-03-14,86,愛唄,GReeeeN,https://www.billboard-japan.com/charts/detail?a=stsongs&year=2018&month=03&day=19
2018,stsongs,2018-03-14,87,FANTASTIC BABY,BIGBANG,https://www.billboard-japan.com/charts/detail?a=stsongs&year=2018&month=03&day=19
2018,stsongs,2018-03-14,88,KNOCK KNOCK,TWICE,https://www.billboard-japan.com/charts/detail?a=stsongs&year=2018&month=03&day=19
2018,stsongs,2018-03-14,89,やさしさで溢れるように,JUJU,https://www.billboard-japan.com/charts/detail?a=stsongs&year=2018&month=03&day=19
2018,stsongs,2018-03-14,90,BIG CITY RODEO,GENERATIONS from EXILE TRIBE,https://www.billboard-japan.com/charts/detail?a=stsongs&year=2018&month=03&day=19
2018,stsongs,2018-03-14,91,ステイ,ゼッド & アレッシア・カーラ,https://www.billboard-japan.com/charts/detail?a=stsongs&year=2018&month=03&day=19
2018,stsongs,2018-03-14,92,カム・アライヴ,ヒュー・ジャックマン、キアラ・セトル、ダニエル・エバーリッジ、ゼンデイヤ & ザ・グレイテスト・ショーマン・アンサンブル,https://www.billboard-japan.com/charts/detail?a=stsongs&year=2018&month=03&day=19
2018,stsongs,2018-03-14,93,WanteD! WanteD!,Mrs.GREEN APPLE,https://www.billboard-japan.com/charts/detail?a=stsongs&year=2018&month=03&day=19
2018,stsongs,2018-03-14,94,楓,スピッツ,https://www.billboard-japan.com/charts/detail?a=stsongs&year=2018&month=03&day=19
2018,stsongs,2018-03-14,95,DNA,BTS (防弾少年団),https://www.billboard-japan.com/charts/detail?a=stsongs&year=2018&month=03&day=19
2018,stsongs,2018-03-14,96,二人セゾン,欅坂46,https://www.billboard-japan.com/charts/detail?a=stsongs&year=2018&month=03&day=19
2018,stsongs,2018-03-14,97,粉雪,レミオロメン,https://www.billboard-japan.com/charts/detail?a=stsongs&year=2018&month=03&day=19
2018,stsongs,2018-03-14,98,3月9日,藤巻亮太,https://www.billboard-japan.com/charts/detail?a=stsongs&year=2018&month=03&day=19
2018,stsongs,2018-03-14,99,さくら,ケツメイシ,https://www.billboard-japan.com/charts/detail?a=stsongs&year=2018&month=03&day=19
2018,stsongs,2018-03-14,100,避雷針,欅坂46,https://www.billboard-japan.com/charts/detail?a=stsongs&year=2018&month=03&day=19
2018,stsongs,2018-03-21,1,ガラスを割れ!,欅坂46,https://www.billboard-japan.com/charts/detail?a=stsongs&year=2018&month=03&day=26
2018,stsongs,2018-03-21,2,さよならエレジー,菅田将暉,https://www.billboard-japan.com/charts/detail?a=stsongs&year=2018&month=03&day=26
2018,stsongs,2018-03-21,3,打上花火,DAOKO × 米津玄師,https://www.billboard-japan.com/charts/detail?a=stsongs&year=2018&month=03&day=26
2018,stsongs,2018-03-21,4,Change,ONE OK ROCK,https://www.billboard-japan.com/charts/detail?a=stsongs&year=2018&month=03&day=26
2018,stsongs,2018-03-21,5,シェイプ・オブ・ユー,エド・シーラン,https://www.billboard-japan.com/charts/detail?a=stsongs&year=2018&month=03&day=26
2018,stsongs,2018-03-21,6,ディス・イズ・ミー,キアラ・セトル & ザ・グレイテスト・ショーマン・アンサンブル,https://www.billboard-japan.com/charts/detail?a=stsongs&year=2018&month=03&day=26
2018,stsongs,2018-03-21,7,"Pain, pain",E-girls,https://www.billboard-japan.com/charts/detail?a=stsongs&year=2018&month=03&day=26
2018,stsongs,2018-03-21,8,ザ・グレイテスト・ショー,ヒュー・ジャックマン、キアラ・セトル、ザック・エフロン、ゼンデイヤ & ザ・グレイテスト・ショーマン・アンサンブル,https://www.billboard-japan.com/charts/detail?a=stsongs&year=2018&month=03&day=26
2018,stsongs,2018-03-21,9,ドラえもん,星野源,https://www.billboard-japan.com/charts/detail?a=stsongs&year=2018&month=03&day=26
2018,stsongs,2018-03-21,10,Candy Pop,TWICE,https://www.billboard-japan.com/charts/detail?a=stsongs&year=2018&month=03&day=26
2018,stsongs,2018-03-21,11,EXCITE,三浦大知,https://www.billboard-japan.com/charts/detail?a=stsongs&year=2018&month=03&day=26
2018,stsongs,2018-03-21,12,サザンカ,SEKAI NO OWARI,https://www.billboard-japan.com/charts/detail?a=stsongs&year=2018&month=03&day=26
2018,stsongs,2018-03-21,13,Wherever you are,ONE OK ROCK,https://www.billboard-japan.com/charts/detail?a=stsongs&year=2018&month=03&day=26
2018,stsongs,2018-03-21,14,Lemon,米津玄師,https://www.billboard-japan.com/charts/detail?a=stsongs&year=2018&month=03&day=26
2018,stsongs,2018-03-21,15,ギュッと,Little Glee Monster,https://www.billboard-japan.com/charts/detail?a=stsongs&year=2018&month=03&day=26
2018,stsongs,2018-03-21,16,ハバナ feat.ヤング・サグ,カミラ・カベロ,https://www.billboard-japan.com/charts/detail?a=stsongs&year=2018&month=03&day=26
2018,stsongs,2018-03-21,17,ザ・ミドル,"ゼッド,マレン・モリス,グレイ",https://www.billboard-japan.com/charts/detail?a=stsongs&year=2018&month=03&day=26
2018,stsongs,2018-03-21,18,リライト・ザ・スターズ,ザック・エフロン & ゼンデイヤ,https://www.billboard-japan.com/charts/detail?a=stsongs&year=2018&month=03&day=26
2018,stsongs,2018-03-21,19,ジ・アザー・サイド,ヒュー・ジャックマン & ザック・エフロン,https://www.billboard-japan.com/charts/detail?a=stsongs&year=2018&month=03&day=26
2018,stsongs,2018-03-21,20,My Boo,清水翔太,https://www.billboard-japan.com/charts/detail?a=stsongs&year=2018&month=03&day=26
2018,stsongs,2018-03-21,21,奇跡,シェネル,https://www.billboard-japan.com/charts/detail?a=stsongs&year=2018&month=03&day=26
2018,stsongs,2018-03-21,22,サイレントマジョリティー,欅坂46,https://www.billboard-japan.com/charts/detail?a=stsongs&year=2018&month=03&day=26
2018,stsongs,2018-03-21,23,Ref:rain,Aimer(エメ),https://www.billboard-japan.com/charts/detail?a=stsongs&year=2018&month=03&day=26
2018,stsongs,2018-03-21,24,不協和音,欅坂46,https://www.billboard-japan.com/charts/detail?a=stsongs&year=2018&month=03&day=26
2018,stsongs,2018-03-21,25,風に吹かれても,欅坂46,https://www.billboard-japan.com/charts/detail?a=stsongs&year=2018&month=03&day=26
2018,stsongs,2018-03-21,26,ステイ,ゼッド & アレッシア・カーラ,https://www.billboard-japan.com/charts/detail?a=stsongs&year=2018&month=03&day=26
2018,stsongs,2018-03-21,27,東京,JUJU,https://www.billboard-japan.com/charts/detail?a=stsongs&year=2018&month=03&day=26
2018,stsongs,2018-03-21,28,小さな恋のうた,MONGOL800,https://www.billboard-japan.com/charts/detail?a=stsongs&year=2018&month=03&day=26
2018,stsongs,2018-03-21,29,ネヴァー・イナフ,ローレン・オルレッド,https://www.billboard-japan.com/charts/detail?a=stsongs&year=2018&month=03&day=26
2018,stsongs,2018-03-21,30,ア・ミリオン・ドリームズ,ジヴ・ザイフマン、ヒュー・ジャックマン、ミシェル・ウィリアムズ,https://www.billboard-japan.com/charts/detail?a=stsongs&year=2018&month=03&day=26
2018,stsongs,2018-03-21,31,Dear My Boo,當山みれい,https://www.billboard-japan.com/charts/detail?a=stsongs&year=2018&month=03&day=26
2018,stsongs,2018-03-21,32,Hero,安室奈美恵,https://www.billboard-japan.com/charts/detail?a=stsongs&year=2018&month=03&day=26
2018,stsongs,2018-03-21,33,LIKEY,TWICE,https://www.billboard-japan.com/charts/detail?a=stsongs&year=2018&month=03&day=26
2018,stsongs,2018-03-21,34,I LOVE YOU,クリス・ハート,https://www.billboard-japan.com/charts/detail?a=stsongs&year=2018&month=03&day=26
2018,stsongs,2018-03-21,35,ハートアップ,絢香 & 三浦大知,https://www.billboard-japan.com/charts/detail?a=stsongs&year=2018&month=03&day=26
2018,stsongs,2018-03-21,36,Heart Shaker,TWICE,https://www.billboard-japan.com/charts/detail?a=stsongs&year=2018&month=03&day=26
2018,stsongs,2018-03-21,37,カム・アライヴ,ヒュー・ジャックマン、キアラ・セトル、ダニエル・エバーリッジ、ゼンデイヤ & ザ・グレイテスト・ショーマン・アンサンブル,https://www.billboard-japan.com/charts/detail?a=stsongs&year=2018&month=03&day=26
2018,stsongs,2018-03-21,38,フィネス feat.カーディ・B,ブルーノ・マーズ,https://www.billboard-japan.com/charts/detail?a=stsongs&year=2018&month=03&day=26
2018,stsongs,2018-03-21,39,奏(かなで),スキマスイッチ,https://www.billboard-japan.com/charts/detail?a=stsongs&year=2018&month=03&day=26
2018,stsongs,2018-03-21,40,ホワット・ドゥ・ユー・ミーン?,ジャスティン・ビーバー,https://www.billboard-japan.com/charts/detail?a=stsongs&year=2018&month=03&day=26
2018,stsongs,2018-03-21,41,808,Suchmos,https://www.billboard-japan.com/charts/detail?a=stsongs&year=2018&month=03&day=26
2018,stsongs,2018-03-21,42,愛をこめて花束を,Superfly,https://www.billboard-japan.com/charts/detail?a=stsongs&year=2018&month=03&day=26
2018,stsongs,2018-03-21,43,RAIN,SEKAI NO OWARI,https://www.billboard-japan.com/charts/detail?a=stsongs&year=2018&month=03&day=26
2018,stsongs,2018-03-21,44,インフルエンサー,乃木坂46,https://www.billboard-japan.com/charts/detail?a=stsongs&year=2018&month=03&day=26
2018,stsongs,2018-03-21,45,恋音と雨空,AAA,https://www.billboard-japan.com/charts/detail?a=stsongs&year=2018&month=03&day=26
2018,stsongs,2018-03-21,46,君はロックを聴かない,あいみょん,https://www.billboard-japan.com/charts/detail?a=stsongs&year=2018&month=03&day=26
2018,stsongs,2018-03-21,47,BBoom BBoom,MOMOLAND,https://www.billboard-japan.com/charts/detail?a=stsongs&year=2018&month=03&day=26
2018,stsongs,2018-03-21,48,3月9日,レミオロメン,https://www.billboard-japan.com/charts/detail?a=stsongs&year=2018&month=03&day=26
2018,stsongs,2018-03-21,49,FLASH,Perfume,https://www.billboard-japan.com/charts/detail?a=stsongs&year=2018&month=03&day=26
2018,stsongs,2018-03-21,50,明日も,SHISHAMO,https://www.billboard-japan.com/charts/detail?a=stsongs&year=2018&month=03&day=26
2018,stsongs,2018-03-21,51,フロム・ナウ・オン,ヒュー・ジャックマン & ザ・グレイテスト・ショーマン・アンサンブル,https://www.billboard-japan.com/charts/detail?a=stsongs&year=2018&month=03&day=26
2018,stsongs,2018-03-21,52,Be The One,PANDORA feat.Beverly,https://www.billboard-japan.com/charts/detail?a=stsongs&year=2018&month=03&day=26
2018,stsongs,2018-03-21,53,Melody,EXILE,https://www.billboard-japan.com/charts/detail?a=stsongs&year=2018&month=03&day=26
2018,stsongs,2018-03-21,54,かわいそうだよね with HITSUJI,JUJU,https://www.billboard-japan.com/charts/detail?a=stsongs&year=2018&month=03&day=26
2018,stsongs,2018-03-21,55,タイトロープ,ミシェル・ウィリアムズ,https://www.billboard-japan.com/charts/detail?a=stsongs&year=2018&month=03&day=26
2018,stsongs,2018-03-21,56,愛を伝えたいだとか,あいみょん,https://www.billboard-japan.com/charts/detail?a=stsongs&year=2018&month=03&day=26
2018,stsongs,2018-03-21,57,クローサー feat.ホールジー,チェインスモーカーズ,https://www.billboard-japan.com/charts/detail?a=stsongs&year=2018&month=03&day=26
2018,stsongs,2018-03-21,58,DIVE!,三浦大知,https://www.billboard-japan.com/charts/detail?a=stsongs&year=2018&month=03&day=26
2018,stsongs,2018-03-21,59,ア・ミリオン・ドリームズ(リプライズ),オースティン・ジョンソン、キャメロン・シーリー、ヒュー・ジャックマン,https://www.billboard-japan.com/charts/detail?a=stsongs&year=2018&month=03&day=26
2018,stsongs,2018-03-21,60,ワタリドリ,[Alexandros],https://www.billboard-japan.com/charts/detail?a=stsongs&year=2018&month=03&day=26
2018,stsongs,2018-03-21,61,完全感覚Dreamer,ONE OK ROCK,https://www.billboard-japan.com/charts/detail?a=stsongs&year=2018&month=03&day=26
2018,stsongs,2018-03-21,62,ダンシング・ヒーロー,荻野目洋子,https://www.billboard-japan.com/charts/detail?a=stsongs&year=2018&month=03&day=26
2018,stsongs,2018-03-21,63,Jupiter,Little Glee Monster,https://www.billboard-japan.com/charts/detail?a=stsongs&year=2018&month=03&day=26
2018,stsongs,2018-03-21,64,The Beginning,ONE OK ROCK,https://www.billboard-japan.com/charts/detail?a=stsongs&year=2018&month=03&day=26
2018,stsongs,2018-03-21,65,グッド・ライフ,Gイージー & ケラーニ,https://www.billboard-japan.com/charts/detail?a=stsongs&year=2018&month=03&day=26
2018,stsongs,2018-03-21,66,キセキ,GReeeeN,https://www.billboard-japan.com/charts/detail?a=stsongs&year=2018&month=03&day=26
2018,stsongs,2018-03-21,67,A New Day,Beverly,https://www.billboard-japan.com/charts/detail?a=stsongs&year=2018&month=03&day=26
2018,stsongs,2018-03-21,68,(RE)PLAY,三浦大知,https://www.billboard-japan.com/charts/detail?a=stsongs&year=2018&month=03&day=26
2018,stsongs,2018-03-21,69,ひまわりの約束,秦基博,https://www.billboard-japan.com/charts/detail?a=stsongs&year=2018&month=03&day=26
2018,stsongs,2018-03-21,70,トリセツ,西野カナ,https://www.billboard-japan.com/charts/detail?a=stsongs&year=2018&month=03&day=26
2018,stsongs,2018-03-21,71,ハロー カゲロウ,GReeeeN,https://www.billboard-japan.com/charts/detail?a=stsongs&year=2018&month=03&day=26
2018,stsongs,2018-03-21,72,花束を君に,宇多田ヒカル,https://www.billboard-japan.com/charts/detail?a=stsongs&year=2018&month=03&day=26
2018,stsongs,2018-03-21,73,恋,星野源,https://www.billboard-japan.com/charts/detail?a=stsongs&year=2018&month=03&day=26
2018,stsongs,2018-03-21,74,ブレイク・フリー feat.ゼッド,アリアナ・グランデ,https://www.billboard-japan.com/charts/detail?a=stsongs&year=2018&month=03&day=26
2018,stsongs,2018-03-21,75,デスパシート feat.ジャスティン・ビーバー,ルイス・フォンシ & ダディー・ヤンキー,https://www.billboard-japan.com/charts/detail?a=stsongs&year=2018&month=03&day=26
2018,stsongs,2018-03-21,76,カット・トゥ・ザ・フィーリング,カーリー・レイ・ジェプセン,https://www.billboard-japan.com/charts/detail?a=stsongs&year=2018&month=03&day=26
2018,stsongs,2018-03-21,77,カタオモイ,Aimer(エメ),https://www.billboard-japan.com/charts/detail?a=stsongs&year=2018&month=03&day=26
2018,stsongs,2018-03-21,78,シー・ユー・アゲイン,ウィズ・カリファ feat.チャーリー・プース,https://www.billboard-japan.com/charts/detail?a=stsongs&year=2018&month=03&day=26
2018,stsongs,2018-03-21,79,TT,TWICE,https://www.billboard-japan.com/charts/detail?a=stsongs&year=2018&month=03&day=26
2018,stsongs,2018-03-21,80,シェイク・イット・オフ〜気にしてなんかいられないっ!!,テイラー・スウィフト,https://www.billboard-japan.com/charts/detail?a=stsongs&year=2018&month=03&day=26
2018,stsongs,2018-03-21,81,366日,HY,https://www.billboard-japan.com/charts/detail?a=stsongs&year=2018&month=03&day=26
2018,stsongs,2018-03-21,82,WanteD! WanteD!,Mrs.GREEN APPLE,https://www.billboard-japan.com/charts/detail?a=stsongs&year=2018&month=03&day=26
2018,stsongs,2018-03-21,83,BIG CITY RODEO,GENERATIONS from EXILE TRIBE,https://www.billboard-japan.com/charts/detail?a=stsongs&year=2018&month=03&day=26
2018,stsongs,2018-03-21,84,二人セゾン,欅坂46,https://www.billboard-japan.com/charts/detail?a=stsongs&year=2018&month=03&day=26
2018,stsongs,2018-03-21,85,ダーティ・ワーク,オースティン・マホーン,https://www.billboard-japan.com/charts/detail?a=stsongs&year=2018&month=03&day=26
2018,stsongs,2018-03-21,86,ネヴァー・イナフ(リプライズ),ローレン・オルレッド,https://www.billboard-japan.com/charts/detail?a=stsongs&year=2018&month=03&day=26
2018,stsongs,2018-03-21,87,Good Life,清水翔太,https://www.billboard-japan.com/charts/detail?a=stsongs&year=2018&month=03&day=26
2018,stsongs,2018-03-21,88,愛唄,GReeeeN,https://www.billboard-japan.com/charts/detail?a=stsongs&year=2018&month=03&day=26
2018,stsongs,2018-03-21,89,いつかこの涙が,Little Glee Monster,https://www.billboard-japan.com/charts/detail?a=stsongs&year=2018&month=03&day=26
2018,stsongs,2018-03-21,90,見たこともない景色,菅田将暉,https://www.billboard-japan.com/charts/detail?a=stsongs&year=2018&month=03&day=26
2018,stsongs,2018-03-21,91,R.Y.U.S.E.I.,三代目 J Soul Brothers from EXILE TRIBE,https://www.billboard-japan.com/charts/detail?a=stsongs&year=2018&month=03&day=26
2018,stsongs,2018-03-21,92,シャンデリア,シーア,https://www.billboard-japan.com/charts/detail?a=stsongs&year=2018&month=03&day=26
2018,stsongs,2018-03-21,93,One More Time,TWICE,https://www.billboard-japan.com/charts/detail?a=stsongs&year=2018&month=03&day=26
2018,stsongs,2018-03-21,94,君が好き,清水翔太,https://www.billboard-japan.com/charts/detail?a=stsongs&year=2018&month=03&day=26
2018,stsongs,2018-03-21,95,にじいろ,絢香,https://www.billboard-japan.com/charts/detail?a=stsongs&year=2018&month=03&day=26
2018,stsongs,2018-03-21,96,FLOWER ROAD,BIGBANG,https://www.billboard-japan.com/charts/detail?a=stsongs&year=2018&month=03&day=26
2018,stsongs,2018-03-21,97,ウルヴス,セレーナ・ゴメス & マシュメロ,https://www.billboard-japan.com/charts/detail?a=stsongs&year=2018&month=03&day=26
2018,stsongs,2018-03-21,98,ホワット・ラヴァーズ・ドゥ feat.シザ,マルーン5,https://www.billboard-japan.com/charts/detail?a=stsongs&year=2018&month=03&day=26
2018,stsongs,2018-03-21,99,FANTASTIC BABY,BIGBANG,https://www.billboard-japan.com/charts/detail?a=stsongs&year=2018&month=03&day=26
2018,stsongs,2018-03-21,100,PARTY ALL NIGHT〜STAR OF WISH〜,EXILE,https://www.billboard-japan.com/charts/detail?a=stsongs&year=2018&month=03&day=26
2018,stsongs,2018-03-28,1,さよならエレジー,菅田将暉,https://www.billboard-japan.com/charts/detail?a=stsongs&year=2018&month=04&day=02
2018,stsongs,2018-03-28,2,打上花火,DAOKO × 米津玄師,https://www.billboard-japan.com/charts/detail?a=stsongs&year=2018&month=04&day=02
2018,stsongs,2018-03-28,3,ガラスを割れ!,欅坂46,https://www.billboard-japan.com/charts/detail?a=stsongs&year=2018&month=04&day=02
2018,stsongs,2018-03-28,4,Change,ONE OK ROCK,https://www.billboard-japan.com/charts/detail?a=stsongs&year=2018&month=04&day=02
2018,stsongs,2018-03-28,5,シェイプ・オブ・ユー,エド・シーラン,https://www.billboard-japan.com/charts/detail?a=stsongs&year=2018&month=04&day=02
2018,stsongs,2018-03-28,6,ディス・イズ・ミー,キアラ・セトル & ザ・グレイテスト・ショーマン・アンサンブル,https://www.billboard-japan.com/charts/detail?a=stsongs&year=2018&month=04&day=02
2018,stsongs,2018-03-28,7,"Pain, pain",E-girls,https://www.billboard-japan.com/charts/detail?a=stsongs&year=2018&month=04&day=02
2018,stsongs,2018-03-28,8,ザ・グレイテスト・ショー,ヒュー・ジャックマン、キアラ・セトル、ザック・エフロン、ゼンデイヤ & ザ・グレイテスト・ショーマン・アンサンブル,https://www.billboard-japan.com/charts/detail?a=stsongs&year=2018&month=04&day=02
2018,stsongs,2018-03-28,9,ドラえもん,星野源,https://www.billboard-japan.com/charts/detail?a=stsongs&year=2018&month=04&day=02
2018,stsongs,2018-03-28,10,ギュッと,Little Glee Monster,https://www.billboard-japan.com/charts/detail?a=stsongs&year=2018&month=04&day=02
2018,stsongs,2018-03-28,11,Candy Pop,TWICE,https://www.billboard-japan.com/charts/detail?a=stsongs&year=2018&month=04&day=02
2018,stsongs,2018-03-28,12,Lemon,米津玄師,https://www.billboard-japan.com/charts/detail?a=stsongs&year=2018&month=04&day=02
2018,stsongs,2018-03-28,13,Wherever you are,ONE OK ROCK,https://www.billboard-japan.com/charts/detail?a=stsongs&year=2018&month=04&day=02
2018,stsongs,2018-03-28,14,ハバナ feat.ヤング・サグ,カミラ・カベロ,https://www.billboard-japan.com/charts/detail?a=stsongs&year=2018&month=04&day=02
2018,stsongs,2018-03-28,15,サザンカ,SEKAI NO OWARI,https://www.billboard-japan.com/charts/detail?a=stsongs&year=2018&month=04&day=02
2018,stsongs,2018-03-28,16,ザ・ミドル,"ゼッド,マレン・モリス,グレイ",https://www.billboard-japan.com/charts/detail?a=stsongs&year=2018&month=04&day=02
2018,stsongs,2018-03-28,17,EXCITE,三浦大知,https://www.billboard-japan.com/charts/detail?a=stsongs&year=2018&month=04&day=02
2018,stsongs,2018-03-28,18,ステイ,ゼッド & アレッシア・カーラ,https://www.billboard-japan.com/charts/detail?a=stsongs&year=2018&month=04&day=02
2018,stsongs,2018-03-28,19,リライト・ザ・スターズ,ザック・エフロン & ゼンデイヤ,https://www.billboard-japan.com/charts/detail?a=stsongs&year=2018&month=04&day=02
2018,stsongs,2018-03-28,20,ジ・アザー・サイド,ヒュー・ジャックマン & ザック・エフロン,https://www.billboard-japan.com/charts/detail?a=stsongs&year=2018&month=04&day=02
2018,stsongs,2018-03-28,21,My Boo,清水翔太,https://www.billboard-japan.com/charts/detail?a=stsongs&year=2018&month=04&day=02
2018,stsongs,2018-03-28,22,サイレントマジョリティー,欅坂46,https://www.billboard-japan.com/charts/detail?a=stsongs&year=2018&month=04&day=02
2018,stsongs,2018-03-28,23,小さな恋のうた,MONGOL800,https://www.billboard-japan.com/charts/detail?a=stsongs&year=2018&month=04&day=02
2018,stsongs,2018-03-28,24,奏(かなで),スキマスイッチ,https://www.billboard-japan.com/charts/detail?a=stsongs&year=2018&month=04&day=02
2018,stsongs,2018-03-28,25,不協和音,欅坂46,https://www.billboard-japan.com/charts/detail?a=stsongs&year=2018&month=04&day=02
2018,stsongs,2018-03-28,26,LIKEY,TWICE,https://www.billboard-japan.com/charts/detail?a=stsongs&year=2018&month=04&day=02
2018,stsongs,2018-03-28,27,ネヴァー・イナフ,ローレン・オルレッド,https://www.billboard-japan.com/charts/detail?a=stsongs&year=2018&month=04&day=02
2018,stsongs,2018-03-28,28,風に吹かれても,欅坂46,https://www.billboard-japan.com/charts/detail?a=stsongs&year=2018&month=04&day=02
2018,stsongs,2018-03-28,28,奇跡,シェネル,https://www.billboard-japan.com/charts/detail?a=stsongs&year=2018&month=04&day=02
2018,stsongs,2018-03-28,30,ア・ミリオン・ドリームズ,ジヴ・ザイフマン、ヒュー・ジャックマン、ミシェル・ウィリアムズ,https://www.billboard-japan.com/charts/detail?a=stsongs&year=2018&month=04&day=02
2018,stsongs,2018-03-28,31,FLASH,Perfume,https://www.billboard-japan.com/charts/detail?a=stsongs&year=2018&month=04&day=02
2018,stsongs,2018-03-28,32,Hero,安室奈美恵,https://www.billboard-japan.com/charts/detail?a=stsongs&year=2018&month=04&day=02
2018,stsongs,2018-03-28,33,Ref:rain,Aimer(エメ),https://www.billboard-japan.com/charts/detail?a=stsongs&year=2018&month=04&day=02
2018,stsongs,2018-03-28,34,I LOVE YOU,クリス・ハート,https://www.billboard-japan.com/charts/detail?a=stsongs&year=2018&month=04&day=02
2018,stsongs,2018-03-28,35,東京,JUJU,https://www.billboard-japan.com/charts/detail?a=stsongs&year=2018&month=04&day=02
2018,stsongs,2018-03-28,36,Heart Shaker,TWICE,https://www.billboard-japan.com/charts/detail?a=stsongs&year=2018&month=04&day=02
2018,stsongs,2018-03-28,37,3月9日,レミオロメン,https://www.billboard-japan.com/charts/detail?a=stsongs&year=2018&month=04&day=02
2018,stsongs,2018-03-28,38,Dear My Boo,當山みれい,https://www.billboard-japan.com/charts/detail?a=stsongs&year=2018&month=04&day=02
2018,stsongs,2018-03-28,39,フィネス feat.カーディ・B,ブルーノ・マーズ,https://www.billboard-japan.com/charts/detail?a=stsongs&year=2018&month=04&day=02
2018,stsongs,2018-03-28,40,明日も,SHISHAMO,https://www.billboard-japan.com/charts/detail?a=stsongs&year=2018&month=04&day=02
2018,stsongs,2018-03-28,41,カム・アライヴ,ヒュー・ジャックマン、キアラ・セトル、ダニエル・エバーリッジ、ゼンデイヤ & ザ・グレイテスト・ショーマン・アンサンブル,https://www.billboard-japan.com/charts/detail?a=stsongs&year=2018&month=04&day=02
2018,stsongs,2018-03-28,42,ホワット・ドゥ・ユー・ミーン?,ジャスティン・ビーバー,https://www.billboard-japan.com/charts/detail?a=stsongs&year=2018&month=04&day=02
2018,stsongs,2018-03-28,43,リメンバー・ミー,シシド・カフカ feat.東京スカパラダイスオーケストラ,https://www.billboard-japan.com/charts/detail?a=stsongs&year=2018&month=04&day=02
2018,stsongs,2018-03-28,44,シンフォニー feat.ザラ・ラーソン,クリーン・バンディット,https://www.billboard-japan.com/charts/detail?a=stsongs&year=2018&month=04&day=02
2018,stsongs,2018-03-28,45,ハートアップ,絢香 & 三浦大知,https://www.billboard-japan.com/charts/detail?a=stsongs&year=2018&month=04&day=02
2018,stsongs,2018-03-28,46,RAIN,SEKAI NO OWARI,https://www.billboard-japan.com/charts/detail?a=stsongs&year=2018&month=04&day=02
2018,stsongs,2018-03-28,47,BBoom BBoom,MOMOLAND,https://www.billboard-japan.com/charts/detail?a=stsongs&year=2018&month=04&day=02
2018,stsongs,2018-03-28,48,愛をこめて花束を,Superfly,https://www.billboard-japan.com/charts/detail?a=stsongs&year=2018&month=04&day=02
2018,stsongs,2018-03-28,49,恋音と雨空,AAA,https://www.billboard-japan.com/charts/detail?a=stsongs&year=2018&month=04&day=02
2018,stsongs,2018-03-28,50,ワタリドリ,[Alexandros],https://www.billboard-japan.com/charts/detail?a=stsongs&year=2018&month=04&day=02
2018,stsongs,2018-03-28,51,クローサー feat.ホールジー,チェインスモーカーズ,https://www.billboard-japan.com/charts/detail?a=stsongs&year=2018&month=04&day=02
2018,stsongs,2018-03-28,52,ひまわりの約束,秦基博,https://www.billboard-japan.com/charts/detail?a=stsongs&year=2018&month=04&day=02
2018,stsongs,2018-03-28,53,見たこともない景色,菅田将暉,https://www.billboard-japan.com/charts/detail?a=stsongs&year=2018&month=04&day=02
2018,stsongs,2018-03-28,54,インフルエンサー,乃木坂46,https://www.billboard-japan.com/charts/detail?a=stsongs&year=2018&month=04&day=02
2018,stsongs,2018-03-28,55,ブレイク・フリー feat.ゼッド,アリアナ・グランデ,https://www.billboard-japan.com/charts/detail?a=stsongs&year=2018&month=04&day=02
2018,stsongs,2018-03-28,56,愛を伝えたいだとか,あいみょん,https://www.billboard-japan.com/charts/detail?a=stsongs&year=2018&month=04&day=02
2018,stsongs,2018-03-28,57,キセキ,GReeeeN,https://www.billboard-japan.com/charts/detail?a=stsongs&year=2018&month=04&day=02
2018,stsongs,2018-03-28,58,君はロックを聴かない,あいみょん,https://www.billboard-japan.com/charts/detail?a=stsongs&year=2018&month=04&day=02
2018,stsongs,2018-03-28,59,グッド・ライフ,Gイージー & ケラーニ,https://www.billboard-japan.com/charts/detail?a=stsongs&year=2018&month=04&day=02
2018,stsongs,2018-03-28,60,カタオモイ,Aimer(エメ),https://www.billboard-japan.com/charts/detail?a=stsongs&year=2018&month=04&day=02
2018,stsongs,2018-03-28,61,ダンシング・ヒーロー,荻野目洋子,https://www.billboard-japan.com/charts/detail?a=stsongs&year=2018&month=04&day=02
2018,stsongs,2018-03-28,62,フロム・ナウ・オン,ヒュー・ジャックマン & ザ・グレイテスト・ショーマン・アンサンブル,https://www.billboard-japan.com/charts/detail?a=stsongs&year=2018&month=04&day=02
2018,stsongs,2018-03-28,63,タイトロープ,ミシェル・ウィリアムズ,https://www.billboard-japan.com/charts/detail?a=stsongs&year=2018&month=04&day=02
2018,stsongs,2018-03-28,64,恋,星野源,https://www.billboard-japan.com/charts/detail?a=stsongs&year=2018&month=04&day=02
2018,stsongs,2018-03-28,65,トリセツ,西野カナ,https://www.billboard-japan.com/charts/detail?a=stsongs&year=2018&month=04&day=02
2018,stsongs,2018-03-28,66,ア・ミリオン・ドリームズ(リプライズ),オースティン・ジョンソン、キャメロン・シーリー、ヒュー・ジャックマン,https://www.billboard-japan.com/charts/detail?a=stsongs&year=2018&month=04&day=02
2018,stsongs,2018-03-28,67,The Beginning,ONE OK ROCK,https://www.billboard-japan.com/charts/detail?a=stsongs&year=2018&month=04&day=02
2018,stsongs,2018-03-28,68,Be The One,PANDORA feat.Beverly,https://www.billboard-japan.com/charts/detail?a=stsongs&year=2018&month=04&day=02
2018,stsongs,2018-03-28,69,完全感覚Dreamer,ONE OK ROCK,https://www.billboard-japan.com/charts/detail?a=stsongs&year=2018&month=04&day=02
2018,stsongs,2018-03-28,70,カット・トゥ・ザ・フィーリング,カーリー・レイ・ジェプセン,https://www.billboard-japan.com/charts/detail?a=stsongs&year=2018&month=04&day=02
2018,stsongs,2018-03-28,70,Jupiter,Little Glee Monster,https://www.billboard-japan.com/charts/detail?a=stsongs&year=2018&month=04&day=02
2018,stsongs,2018-03-28,72,花束を君に,宇多田ヒカル,https://www.billboard-japan.com/charts/detail?a=stsongs&year=2018&month=04&day=02
2018,stsongs,2018-03-28,73,さくら,ケツメイシ,https://www.billboard-japan.com/charts/detail?a=stsongs&year=2018&month=04&day=02
2018,stsongs,2018-03-28,74,デスパシート feat.ジャスティン・ビーバー,ルイス・フォンシ & ダディー・ヤンキー,https://www.billboard-japan.com/charts/detail?a=stsongs&year=2018&month=04&day=02
2018,stsongs,2018-03-28,75,A New Day,Beverly,https://www.billboard-japan.com/charts/detail?a=stsongs&year=2018&month=04&day=02
2018,stsongs,2018-03-28,76,WanteD! WanteD!,Mrs.GREEN APPLE,https://www.billboard-japan.com/charts/detail?a=stsongs&year=2018&month=04&day=02
2018,stsongs,2018-03-28,77,シー・ユー・アゲイン,ウィズ・カリファ feat.チャーリー・プース,https://www.billboard-japan.com/charts/detail?a=stsongs&year=2018&month=04&day=02
2018,stsongs,2018-03-28,78,シェイク・イット・オフ〜気にしてなんかいられないっ!!,テイラー・スウィフト,https://www.billboard-japan.com/charts/detail?a=stsongs&year=2018&month=04&day=02
2018,stsongs,2018-03-28,79,Melody,EXILE,https://www.billboard-japan.com/charts/detail?a=stsongs&year=2018&month=04&day=02
2018,stsongs,2018-03-28,80,いつかこの涙が,Little Glee Monster,https://www.billboard-japan.com/charts/detail?a=stsongs&year=2018&month=04&day=02
2018,stsongs,2018-03-28,81,愛唄,GReeeeN,https://www.billboard-japan.com/charts/detail?a=stsongs&year=2018&month=04&day=02
2018,stsongs,2018-03-28,82,TT,TWICE,https://www.billboard-japan.com/charts/detail?a=stsongs&year=2018&month=04&day=02
2018,stsongs,2018-03-28,83,366日,HY,https://www.billboard-japan.com/charts/detail?a=stsongs&year=2018&month=04&day=02
2018,stsongs,2018-03-28,84,ダーティ・ワーク,オースティン・マホーン,https://www.billboard-japan.com/charts/detail?a=stsongs&year=2018&month=04&day=02
2018,stsongs,2018-03-28,85,フレンズ,マシュメロ & アン・マリー,https://www.billboard-japan.com/charts/detail?a=stsongs&year=2018&month=04&day=02
2018,stsongs,2018-03-28,86,808,Suchmos,https://www.billboard-japan.com/charts/detail?a=stsongs&year=2018&month=04&day=02
2018,stsongs,2018-03-28,87,にじいろ,絢香,https://www.billboard-japan.com/charts/detail?a=stsongs&year=2018&month=04&day=02
2018,stsongs,2018-03-28,88,片目で異常に恋してる,ジェニーハイ,https://www.billboard-japan.com/charts/detail?a=stsongs&year=2018&month=04&day=02
2018,stsongs,2018-03-28,89,ソー・グッド,オースティン・マホーン,https://www.billboard-japan.com/charts/detail?a=stsongs&year=2018&month=04&day=02
2018,stsongs,2018-03-28,90,Story,AI,https://www.billboard-japan.com/charts/detail?a=stsongs&year=2018&month=04&day=02
2018,stsongs,2018-03-28,91,君が好き,清水翔太,https://www.billboard-japan.com/charts/detail?a=stsongs&year=2018&month=04&day=02
2018,stsongs,2018-03-28,92,ソーリー,ジャスティン・ビーバー,https://www.billboard-japan.com/charts/detail?a=stsongs&year=2018&month=04&day=02
2018,stsongs,2018-03-28,93,R.Y.U.S.E.I.,三代目 J Soul Brothers from EXILE TRIBE,https://www.billboard-japan.com/charts/detail?a=stsongs&year=2018&month=04&day=02
2018,stsongs,2018-03-28,94,DIVE!,三浦大知,https://www.billboard-japan.com/charts/detail?a=stsongs&year=2018&month=04&day=02
2018,stsongs,2018-03-28,95,二人セゾン,欅坂46,https://www.billboard-japan.com/charts/detail?a=stsongs&year=2018&month=04&day=02
2018,stsongs,2018-03-28,96,BIG CITY RODEO,GENERATIONS from EXILE TRIBE,https://www.billboard-japan.com/charts/detail?a=stsongs&year=2018&month=04&day=02
2018,stsongs,2018-03-28,97,One More Time,TWICE,https://www.billboard-japan.com/charts/detail?a=stsongs&year=2018&month=04&day=02
2018,stsongs,2018-03-28,98,新宝島,サカナクション,https://www.billboard-japan.com/charts/detail?a=stsongs&year=2018&month=04&day=02
2018,stsongs,2018-03-28,99,ネヴァー・イナフ(リプライズ),ローレン・オルレッド,https://www.billboard-japan.com/charts/detail?a=stsongs&year=2018&month=04&day=02
2018,stsongs,2018-03-28,100,ジャスト・ザ・ウェイ・ユー・アー,ブルーノ・マーズ,https://www.billboard-japan.com/charts/detail?a=stsongs&year=2018&month=04&day=02
2018,stsongs,2018-04-04,1,さよならエレジー,菅田将暉,https://www.billboard-japan.com/charts/detail?a=stsongs&year=2018&month=04&day=09
2018,stsongs,2018-04-04,2,打上花火,DAOKO × 米津玄師,https://www.billboard-japan.com/charts/detail?a=stsongs&year=2018&month=04&day=09
2018,stsongs,2018-04-04,3,Change,ONE OK ROCK,https://www.billboard-japan.com/charts/detail?a=stsongs&year=2018&month=04&day=09
2018,stsongs,2018-04-04,4,シェイプ・オブ・ユー,エド・シーラン,https://www.billboard-japan.com/charts/detail?a=stsongs&year=2018&month=04&day=09
2018,stsongs,2018-04-04,5,ガラスを割れ!,欅坂46,https://www.billboard-japan.com/charts/detail?a=stsongs&year=2018&month=04&day=09
2018,stsongs,2018-04-04,6,ディス・イズ・ミー,キアラ・セトル & ザ・グレイテスト・ショーマン・アンサンブル,https://www.billboard-japan.com/charts/detail?a=stsongs&year=2018&month=04&day=09
2018,stsongs,2018-04-04,7,さくら,ケツメイシ,https://www.billboard-japan.com/charts/detail?a=stsongs&year=2018&month=04&day=09
2018,stsongs,2018-04-04,8,"Pain, pain",E-girls,https://www.billboard-japan.com/charts/detail?a=stsongs&year=2018&month=04&day=09
2018,stsongs,2018-04-04,9,ザ・グレイテスト・ショー,ヒュー・ジャックマン、キアラ・セトル、ザック・エフロン、ゼンデイヤ & ザ・グレイテスト・ショーマン・アンサンブル,https://www.billboard-japan.com/charts/detail?a=stsongs&year=2018&month=04&day=09
2018,stsongs,2018-04-04,10,新宝島,サカナクション,https://www.billboard-japan.com/charts/detail?a=stsongs&year=2018&month=04&day=09
2018,stsongs,2018-04-04,11,ギュッと,Little Glee Monster,https://www.billboard-japan.com/charts/detail?a=stsongs&year=2018&month=04&day=09
2018,stsongs,2018-04-04,12,ドラえもん,星野源,https://www.billboard-japan.com/charts/detail?a=stsongs&year=2018&month=04&day=09
2018,stsongs,2018-04-04,13,Wherever you are,ONE OK ROCK,https://www.billboard-japan.com/charts/detail?a=stsongs&year=2018&month=04&day=09
2018,stsongs,2018-04-04,14,Candy Pop,TWICE,https://www.billboard-japan.com/charts/detail?a=stsongs&year=2018&month=04&day=09
2018,stsongs,2018-04-04,15,ザ・ミドル,"ゼッド,マレン・モリス,グレイ",https://www.billboard-japan.com/charts/detail?a=stsongs&year=2018&month=04&day=09
2018,stsongs,2018-04-04,16,ハバナ feat.ヤング・サグ,カミラ・カベロ,https://www.billboard-japan.com/charts/detail?a=stsongs&year=2018&month=04&day=09
2018,stsongs,2018-04-04,17,ステイ,ゼッド & アレッシア・カーラ,https://www.billboard-japan.com/charts/detail?a=stsongs&year=2018&month=04&day=09
2018,stsongs,2018-04-04,18,サザンカ,SEKAI NO OWARI,https://www.billboard-japan.com/charts/detail?a=stsongs&year=2018&month=04&day=09
2018,stsongs,2018-04-04,19,リメンバー・ミー,シシド・カフカ feat.東京スカパラダイスオーケストラ,https://www.billboard-japan.com/charts/detail?a=stsongs&year=2018&month=04&day=09
2018,stsongs,2018-04-04,20,リライト・ザ・スターズ,ザック・エフロン & ゼンデイヤ,https://www.billboard-japan.com/charts/detail?a=stsongs&year=2018&month=04&day=09
2018,stsongs,2018-04-04,21,EXCITE,三浦大知,https://www.billboard-japan.com/charts/detail?a=stsongs&year=2018&month=04&day=09
2018,stsongs,2018-04-04,22,My Boo,清水翔太,https://www.billboard-japan.com/charts/detail?a=stsongs&year=2018&month=04&day=09
2018,stsongs,2018-04-04,23,ジ・アザー・サイド,ヒュー・ジャックマン & ザック・エフロン,https://www.billboard-japan.com/charts/detail?a=stsongs&year=2018&month=04&day=09
2018,stsongs,2018-04-04,24,サイレントマジョリティー,欅坂46,https://www.billboard-japan.com/charts/detail?a=stsongs&year=2018&month=04&day=09
2018,stsongs,2018-04-04,25,LIKEY,TWICE,https://www.billboard-japan.com/charts/detail?a=stsongs&year=2018&month=04&day=09
2018,stsongs,2018-04-04,26,Lemon,米津玄師,https://www.billboard-japan.com/charts/detail?a=stsongs&year=2018&month=04&day=09
2018,stsongs,2018-04-04,27,シンフォニー feat.ザラ・ラーソン,クリーン・バンディット,https://www.billboard-japan.com/charts/detail?a=stsongs&year=2018&month=04&day=09
2018,stsongs,2018-04-04,28,明日も,SHISHAMO,https://www.billboard-japan.com/charts/detail?a=stsongs&year=2018&month=04&day=09
2018,stsongs,2018-04-04,29,小さな恋のうた,MONGOL800,https://www.billboard-japan.com/charts/detail?a=stsongs&year=2018&month=04&day=09
2018,stsongs,2018-04-04,30,不協和音,欅坂46,https://www.billboard-japan.com/charts/detail?a=stsongs&year=2018&month=04&day=09
2018,stsongs,2018-04-04,31,Heart Shaker,TWICE,https://www.billboard-japan.com/charts/detail?a=stsongs&year=2018&month=04&day=09
2018,stsongs,2018-04-04,32,風に吹かれても,欅坂46,https://www.billboard-japan.com/charts/detail?a=stsongs&year=2018&month=04&day=09
2018,stsongs,2018-04-04,33,Hero,安室奈美恵,https://www.billboard-japan.com/charts/detail?a=stsongs&year=2018&month=04&day=09
2018,stsongs,2018-04-04,34,奏(かなで),スキマスイッチ,https://www.billboard-japan.com/charts/detail?a=stsongs&year=2018&month=04&day=09
2018,stsongs,2018-04-04,35,ネヴァー・イナフ,ローレン・オルレッド,https://www.billboard-japan.com/charts/detail?a=stsongs&year=2018&month=04&day=09
2018,stsongs,2018-04-04,36,I LOVE YOU,クリス・ハート,https://www.billboard-japan.com/charts/detail?a=stsongs&year=2018&month=04&day=09
2018,stsongs,2018-04-04,37,ア・ミリオン・ドリームズ,ジヴ・ザイフマン、ヒュー・ジャックマン、ミシェル・ウィリアムズ,https://www.billboard-japan.com/charts/detail?a=stsongs&year=2018&month=04&day=09
2018,stsongs,2018-04-04,38,FLASH,Perfume,https://www.billboard-japan.com/charts/detail?a=stsongs&year=2018&month=04&day=09
2018,stsongs,2018-04-04,39,ホワット・ドゥ・ユー・ミーン?,ジャスティン・ビーバー,https://www.billboard-japan.com/charts/detail?a=stsongs&year=2018&month=04&day=09
2018,stsongs,2018-04-04,40,Ref:rain,Aimer(エメ),https://www.billboard-japan.com/charts/detail?a=stsongs&year=2018&month=04&day=09
2018,stsongs,2018-04-04,41,BBoom BBoom,MOMOLAND,https://www.billboard-japan.com/charts/detail?a=stsongs&year=2018&month=04&day=09
2018,stsongs,2018-04-04,42,クローサー feat.ホールジー,チェインスモーカーズ,https://www.billboard-japan.com/charts/detail?a=stsongs&year=2018&month=04&day=09
2018,stsongs,2018-04-04,43,奇跡,シェネル,https://www.billboard-japan.com/charts/detail?a=stsongs&year=2018&month=04&day=09
2018,stsongs,2018-04-04,44,ワタリドリ,[Alexandros],https://www.billboard-japan.com/charts/detail?a=stsongs&year=2018&month=04&day=09
2018,stsongs,2018-04-04,45,愛をこめて花束を,Superfly,https://www.billboard-japan.com/charts/detail?a=stsongs&year=2018&month=04&day=09
2018,stsongs,2018-04-04,46,3月9日,レミオロメン,https://www.billboard-japan.com/charts/detail?a=stsongs&year=2018&month=04&day=09
2018,stsongs,2018-04-04,47,桜坂,福山雅治,https://www.billboard-japan.com/charts/detail?a=stsongs&year=2018&month=04&day=09
2018,stsongs,2018-04-04,48,フィネス feat.カーディ・B,ブルーノ・マーズ,https://www.billboard-japan.com/charts/detail?a=stsongs&year=2018&month=04&day=09
2018,stsongs,2018-04-04,49,カム・アライヴ,ヒュー・ジャックマン、キアラ・セトル、ダニエル・エバーリッジ、ゼンデイヤ & ザ・グレイテスト・ショーマン・アンサンブル,https://www.billboard-japan.com/charts/detail?a=stsongs&year=2018&month=04&day=09
2018,stsongs,2018-04-04,50,見たこともない景色,菅田将暉,https://www.billboard-japan.com/charts/detail?a=stsongs&year=2018&month=04&day=09
2018,stsongs,2018-04-04,51,RAIN,SEKAI NO OWARI,https://www.billboard-japan.com/charts/detail?a=stsongs&year=2018&month=04&day=09
2018,stsongs,2018-04-04,52,さくら(独唱),森山直太朗,https://www.billboard-japan.com/charts/detail?a=stsongs&year=2018&month=04&day=09
2018,stsongs,2018-04-04,53,インフルエンサー,乃木坂46,https://www.billboard-japan.com/charts/detail?a=stsongs&year=2018&month=04&day=09
2018,stsongs,2018-04-04,54,恋音と雨空,AAA,https://www.billboard-japan.com/charts/detail?a=stsongs&year=2018&month=04&day=09
2018,stsongs,2018-04-04,55,陽炎,サカナクション,https://www.billboard-japan.com/charts/detail?a=stsongs&year=2018&month=04&day=09
2018,stsongs,2018-04-04,56,Dear My Boo,當山みれい,https://www.billboard-japan.com/charts/detail?a=stsongs&year=2018&month=04&day=09
2018,stsongs,2018-04-04,57,東京,JUJU,https://www.billboard-japan.com/charts/detail?a=stsongs&year=2018&month=04&day=09
2018,stsongs,2018-04-04,58,キセキ,GReeeeN,https://www.billboard-japan.com/charts/detail?a=stsongs&year=2018&month=04&day=09
2018,stsongs,2018-04-04,59,グッド・ライフ,Gイージー & ケラーニ,https://www.billboard-japan.com/charts/detail?a=stsongs&year=2018&month=04&day=09
2018,stsongs,2018-04-04,60,ブレイク・フリー feat.ゼッド,アリアナ・グランデ,https://www.billboard-japan.com/charts/detail?a=stsongs&year=2018&month=04&day=09
2018,stsongs,2018-04-04,61,トリセツ,西野カナ,https://www.billboard-japan.com/charts/detail?a=stsongs&year=2018&month=04&day=09
2018,stsongs,2018-04-04,62,The Beginning,ONE OK ROCK,https://www.billboard-japan.com/charts/detail?a=stsongs&year=2018&month=04&day=09
2018,stsongs,2018-04-04,63,SAKURA,いきものがかり,https://www.billboard-japan.com/charts/detail?a=stsongs&year=2018&month=04&day=09
2018,stsongs,2018-04-04,64,完全感覚Dreamer,ONE OK ROCK,https://www.billboard-japan.com/charts/detail?a=stsongs&year=2018&month=04&day=09
2018,stsongs,2018-04-04,65,カタオモイ,Aimer(エメ),https://www.billboard-japan.com/charts/detail?a=stsongs&year=2018&month=04&day=09
2018,stsongs,2018-04-04,66,君はロックを聴かない,あいみょん,https://www.billboard-japan.com/charts/detail?a=stsongs&year=2018&month=04&day=09
2018,stsongs,2018-04-04,67,Jupiter,Little Glee Monster,https://www.billboard-japan.com/charts/detail?a=stsongs&year=2018&month=04&day=09
2018,stsongs,2018-04-04,68,ひまわりの約束,秦基博,https://www.billboard-japan.com/charts/detail?a=stsongs&year=2018&month=04&day=09
2018,stsongs,2018-04-04,69,恋,星野源,https://www.billboard-japan.com/charts/detail?a=stsongs&year=2018&month=04&day=09
2018,stsongs,2018-04-04,70,ダンシング・ヒーロー,荻野目洋子,https://www.billboard-japan.com/charts/detail?a=stsongs&year=2018&month=04&day=09
2018,stsongs,2018-04-04,71,CHE.R.RY,YUI,https://www.billboard-japan.com/charts/detail?a=stsongs&year=2018&month=04&day=09
2018,stsongs,2018-04-04,72,愛唄,GReeeeN,https://www.billboard-japan.com/charts/detail?a=stsongs&year=2018&month=04&day=09
2018,stsongs,2018-04-04,73,フロム・ナウ・オン,ヒュー・ジャックマン & ザ・グレイテスト・ショーマン・アンサンブル,https://www.billboard-japan.com/charts/detail?a=stsongs&year=2018&month=04&day=09
2018,stsongs,2018-04-04,74,デスパシート feat.ジャスティン・ビーバー,ルイス・フォンシ & ダディー・ヤンキー,https://www.billboard-japan.com/charts/detail?a=stsongs&year=2018&month=04&day=09
2018,stsongs,2018-04-04,75,WanteD! WanteD!,Mrs.GREEN APPLE,https://www.billboard-japan.com/charts/detail?a=stsongs&year=2018&month=04&day=09
2018,stsongs,2018-04-04,76,カット・トゥ・ザ・フィーリング,カーリー・レイ・ジェプセン,https://www.billboard-japan.com/charts/detail?a=stsongs&year=2018&month=04&day=09
2018,stsongs,2018-04-04,77,タイトロープ,ミシェル・ウィリアムズ,https://www.billboard-japan.com/charts/detail?a=stsongs&year=2018&month=04&day=09
2018,stsongs,2018-04-04,78,ハートアップ,絢香 & 三浦大知,https://www.billboard-japan.com/charts/detail?a=stsongs&year=2018&month=04&day=09
2018,stsongs,2018-04-04,79,Be The One,PANDORA feat.Beverly,https://www.billboard-japan.com/charts/detail?a=stsongs&year=2018&month=04&day=09
2018,stsongs,2018-04-04,80,花束を君に,宇多田ヒカル,https://www.billboard-japan.com/charts/detail?a=stsongs&year=2018&month=04&day=09
2018,stsongs,2018-04-04,81,シー・ユー・アゲイン,ウィズ・カリファ feat.チャーリー・プース,https://www.billboard-japan.com/charts/detail?a=stsongs&year=2018&month=04&day=09
2018,stsongs,2018-04-04,82,いつかこの涙が,Little Glee Monster,https://www.billboard-japan.com/charts/detail?a=stsongs&year=2018&month=04&day=09
2018,stsongs,2018-04-04,82,ア・ミリオン・ドリームズ(リプライズ),オースティン・ジョンソン、キャメロン・シーリー、ヒュー・ジャックマン,https://www.billboard-japan.com/charts/detail?a=stsongs&year=2018&month=04&day=09
2018,stsongs,2018-04-04,84,水色の日々,SHISHAMO,https://www.billboard-japan.com/charts/detail?a=stsongs&year=2018&month=04&day=09
2018,stsongs,2018-04-04,85,フレンズ,マシュメロ & アン・マリー,https://www.billboard-japan.com/charts/detail?a=stsongs&year=2018&month=04&day=09
2018,stsongs,2018-04-04,86,TT,TWICE,https://www.billboard-japan.com/charts/detail?a=stsongs&year=2018&month=04&day=09
2018,stsongs,2018-04-04,87,R.Y.U.S.E.I.,三代目 J Soul Brothers from EXILE TRIBE,https://www.billboard-japan.com/charts/detail?a=stsongs&year=2018&month=04&day=09
2018,stsongs,2018-04-04,88,愛を伝えたいだとか,あいみょん,https://www.billboard-japan.com/charts/detail?a=stsongs&year=2018&month=04&day=09
2018,stsongs,2018-04-04,89,シェイク・イット・オフ〜気にしてなんかいられないっ!!,テイラー・スウィフト,https://www.billboard-japan.com/charts/detail?a=stsongs&year=2018&month=04&day=09
2018,stsongs,2018-04-04,90,ダーティ・ワーク,オースティン・マホーン,https://www.billboard-japan.com/charts/detail?a=stsongs&year=2018&month=04&day=09
2018,stsongs,2018-04-04,91,にじいろ,絢香,https://www.billboard-japan.com/charts/detail?a=stsongs&year=2018&month=04&day=09
2018,stsongs,2018-04-04,92,サヨナラの意味,乃木坂46,https://www.billboard-japan.com/charts/detail?a=stsongs&year=2018&month=04&day=09
2018,stsongs,2018-04-04,93,One More Time,TWICE,https://www.billboard-japan.com/charts/detail?a=stsongs&year=2018&month=04&day=09
2018,stsongs,2018-04-04,94,君が好き,清水翔太,https://www.billboard-japan.com/charts/detail?a=stsongs&year=2018&month=04&day=09
2018,stsongs,2018-04-04,95,FANTASTIC BABY,BIGBANG,https://www.billboard-japan.com/charts/detail?a=stsongs&year=2018&month=04&day=09
2018,stsongs,2018-04-04,96,無限未来,Perfume,https://www.billboard-japan.com/charts/detail?a=stsongs&year=2018&month=04&day=09
2018,stsongs,2018-04-04,97,BIG CITY RODEO,GENERATIONS from EXILE TRIBE,https://www.billboard-japan.com/charts/detail?a=stsongs&year=2018&month=04&day=09
2018,stsongs,2018-04-04,98,二人セゾン,欅坂46,https://www.billboard-japan.com/charts/detail?a=stsongs&year=2018&month=04&day=09
2018,stsongs,2018-04-04,99,カメレオン・レンズ,ポルノグラフィティ,https://www.billboard-japan.com/charts/detail?a=stsongs&year=2018&month=04&day=09
2018,stsongs,2018-04-04,100,24K・マジック,ブルーノ・マーズ,https://www.billboard-japan.com/charts/detail?a=stsongs&year=2018&month=04&day=09
2018,stsongs,2018-04-11,1,さよならエレジー,菅田将暉,https://www.billboard-japan.com/charts/detail?a=stsongs&year=2018&month=04&day=16
2018,stsongs,2018-04-11,2,Change,ONE OK ROCK,https://www.billboard-japan.com/charts/detail?a=stsongs&year=2018&month=04&day=16
2018,stsongs,2018-04-11,3,打上花火,DAOKO × 米津玄師,https://www.billboard-japan.com/charts/detail?a=stsongs&year=2018&month=04&day=16
2018,stsongs,2018-04-11,4,シェイプ・オブ・ユー,エド・シーラン,https://www.billboard-japan.com/charts/detail?a=stsongs&year=2018&month=04&day=16
2018,stsongs,2018-04-11,5,ガラスを割れ!,欅坂46,https://www.billboard-japan.com/charts/detail?a=stsongs&year=2018&month=04&day=16
2018,stsongs,2018-04-11,6,新宝島,サカナクション,https://www.billboard-japan.com/charts/detail?a=stsongs&year=2018&month=04&day=16
2018,stsongs,2018-04-11,7,ディス・イズ・ミー,キアラ・セトル & ザ・グレイテスト・ショーマン・アンサンブル,https://www.billboard-japan.com/charts/detail?a=stsongs&year=2018&month=04&day=16
2018,stsongs,2018-04-11,8,Wherever you are,ONE OK ROCK,https://www.billboard-japan.com/charts/detail?a=stsongs&year=2018&month=04&day=16
2018,stsongs,2018-04-11,9,ザ・グレイテスト・ショー,ヒュー・ジャックマン、キアラ・セトル、ザック・エフロン、ゼンデイヤ & ザ・グレイテスト・ショーマン・アンサンブル,https://www.billboard-japan.com/charts/detail?a=stsongs&year=2018&month=04&day=16
2018,stsongs,2018-04-11,10,Don't Leave Me,BTS (防弾少年団),https://www.billboard-japan.com/charts/detail?a=stsongs&year=2018&month=04&day=16
2018,stsongs,2018-04-11,11,さくら,ケツメイシ,https://www.billboard-japan.com/charts/detail?a=stsongs&year=2018&month=04&day=16
2018,stsongs,2018-04-11,12,ドラえもん,星野源,https://www.billboard-japan.com/charts/detail?a=stsongs&year=2018&month=04&day=16
2018,stsongs,2018-04-11,13,"Pain, pain",E-girls,https://www.billboard-japan.com/charts/detail?a=stsongs&year=2018&month=04&day=16
2018,stsongs,2018-04-11,14,ギュッと,Little Glee Monster,https://www.billboard-japan.com/charts/detail?a=stsongs&year=2018&month=04&day=16
2018,stsongs,2018-04-11,15,Candy Pop,TWICE,https://www.billboard-japan.com/charts/detail?a=stsongs&year=2018&month=04&day=16
2018,stsongs,2018-04-11,16,ザ・ミドル,"ゼッド,マレン・モリス,グレイ",https://www.billboard-japan.com/charts/detail?a=stsongs&year=2018&month=04&day=16
2018,stsongs,2018-04-11,17,ハバナ feat.ヤング・サグ,カミラ・カベロ,https://www.billboard-japan.com/charts/detail?a=stsongs&year=2018&month=04&day=16
2018,stsongs,2018-04-11,18,リメンバー・ミー,シシド・カフカ feat.東京スカパラダイスオーケストラ,https://www.billboard-japan.com/charts/detail?a=stsongs&year=2018&month=04&day=16
2018,stsongs,2018-04-11,19,ステイ,ゼッド & アレッシア・カーラ,https://www.billboard-japan.com/charts/detail?a=stsongs&year=2018&month=04&day=16
2018,stsongs,2018-04-11,20,サザンカ,SEKAI NO OWARI,https://www.billboard-japan.com/charts/detail?a=stsongs&year=2018&month=04&day=16
2018,stsongs,2018-04-11,21,EXCITE,三浦大知,https://www.billboard-japan.com/charts/detail?a=stsongs&year=2018&month=04&day=16
2018,stsongs,2018-04-11,22,陽炎,サカナクション,https://www.billboard-japan.com/charts/detail?a=stsongs&year=2018&month=04&day=16
2018,stsongs,2018-04-11,23,My Boo,清水翔太,https://www.billboard-japan.com/charts/detail?a=stsongs&year=2018&month=04&day=16
2018,stsongs,2018-04-11,24,明日も,SHISHAMO,https://www.billboard-japan.com/charts/detail?a=stsongs&year=2018&month=04&day=16
2018,stsongs,2018-04-11,25,リライト・ザ・スターズ,ザック・エフロン & ゼンデイヤ,https://www.billboard-japan.com/charts/detail?a=stsongs&year=2018&month=04&day=16
2018,stsongs,2018-04-11,26,LIKEY,TWICE,https://www.billboard-japan.com/charts/detail?a=stsongs&year=2018&month=04&day=16
2018,stsongs,2018-04-11,27,サイレントマジョリティー,欅坂46,https://www.billboard-japan.com/charts/detail?a=stsongs&year=2018&month=04&day=16
2018,stsongs,2018-04-11,28,Go Go,BTS (防弾少年団),https://www.billboard-japan.com/charts/detail?a=stsongs&year=2018&month=04&day=16
2018,stsongs,2018-04-11,29,小さな恋のうた,MONGOL800,https://www.billboard-japan.com/charts/detail?a=stsongs&year=2018&month=04&day=16
2018,stsongs,2018-04-11,30,シンフォニー feat.ザラ・ラーソン,クリーン・バンディット,https://www.billboard-japan.com/charts/detail?a=stsongs&year=2018&month=04&day=16
2018,stsongs,2018-04-11,31,不協和音,欅坂46,https://www.billboard-japan.com/charts/detail?a=stsongs&year=2018&month=04&day=16
2018,stsongs,2018-04-11,32,ジ・アザー・サイド,ヒュー・ジャックマン & ザック・エフロン,https://www.billboard-japan.com/charts/detail?a=stsongs&year=2018&month=04&day=16
2018,stsongs,2018-04-11,33,BBoom BBoom,MOMOLAND,https://www.billboard-japan.com/charts/detail?a=stsongs&year=2018&month=04&day=16
2018,stsongs,2018-04-11,34,Heart Shaker,TWICE,https://www.billboard-japan.com/charts/detail?a=stsongs&year=2018&month=04&day=16
2018,stsongs,2018-04-11,35,The Beginning,ONE OK ROCK,https://www.billboard-japan.com/charts/detail?a=stsongs&year=2018&month=04&day=16
2018,stsongs,2018-04-11,36,I LOVE YOU,クリス・ハート,https://www.billboard-japan.com/charts/detail?a=stsongs&year=2018&month=04&day=16
2018,stsongs,2018-04-11,37,風に吹かれても,欅坂46,https://www.billboard-japan.com/charts/detail?a=stsongs&year=2018&month=04&day=16
2018,stsongs,2018-04-11,38,奏(かなで),スキマスイッチ,https://www.billboard-japan.com/charts/detail?a=stsongs&year=2018&month=04&day=16
2018,stsongs,2018-04-11,39,泣きたいくらい,大原櫻子,https://www.billboard-japan.com/charts/detail?a=stsongs&year=2018&month=04&day=16
2018,stsongs,2018-04-11,40,ホワット・ドゥ・ユー・ミーン?,ジャスティン・ビーバー,https://www.billboard-japan.com/charts/detail?a=stsongs&year=2018&month=04&day=16
2018,stsongs,2018-04-11,41,Hero,安室奈美恵,https://www.billboard-japan.com/charts/detail?a=stsongs&year=2018&month=04&day=16
2018,stsongs,2018-04-11,42,愛をこめて花束を,Superfly,https://www.billboard-japan.com/charts/detail?a=stsongs&year=2018&month=04&day=16
2018,stsongs,2018-04-11,43,クローサー feat.ホールジー,チェインスモーカーズ,https://www.billboard-japan.com/charts/detail?a=stsongs&year=2018&month=04&day=16
2018,stsongs,2018-04-11,44,完全感覚Dreamer,ONE OK ROCK,https://www.billboard-japan.com/charts/detail?a=stsongs&year=2018&month=04&day=16
2018,stsongs,2018-04-11,45,ネヴァー・イナフ,ローレン・オルレッド,https://www.billboard-japan.com/charts/detail?a=stsongs&year=2018&month=04&day=16
2018,stsongs,2018-04-11,46,インフルエンサー,乃木坂46,https://www.billboard-japan.com/charts/detail?a=stsongs&year=2018&month=04&day=16
2018,stsongs,2018-04-11,47,愛を伝えたいだとか,あいみょん,https://www.billboard-japan.com/charts/detail?a=stsongs&year=2018&month=04&day=16
2018,stsongs,2018-04-11,48,ア・ミリオン・ドリームズ,ジヴ・ザイフマン、ヒュー・ジャックマン、ミシェル・ウィリアムズ,https://www.billboard-japan.com/charts/detail?a=stsongs&year=2018&month=04&day=16
2018,stsongs,2018-04-11,49,フィネス feat.カーディ・B,ブルーノ・マーズ,https://www.billboard-japan.com/charts/detail?a=stsongs&year=2018&month=04&day=16
2018,stsongs,2018-04-11,50,Lemon,米津玄師,https://www.billboard-japan.com/charts/detail?a=stsongs&year=2018&month=04&day=16
2018,stsongs,2018-04-11,51,ワタリドリ,[Alexandros],https://www.billboard-japan.com/charts/detail?a=stsongs&year=2018&month=04&day=16
2018,stsongs,2018-04-11,52,キセキ,GReeeeN,https://www.billboard-japan.com/charts/detail?a=stsongs&year=2018&month=04&day=16
2018,stsongs,2018-04-11,53,Ref:rain,Aimer(エメ),https://www.billboard-japan.com/charts/detail?a=stsongs&year=2018&month=04&day=16
2018,stsongs,2018-04-11,54,FLASH,Perfume,https://www.billboard-japan.com/charts/detail?a=stsongs&year=2018&month=04&day=16
2018,stsongs,2018-04-11,55,RAIN,SEKAI NO OWARI,https://www.billboard-japan.com/charts/detail?a=stsongs&year=2018&month=04&day=16
2018,stsongs,2018-04-11,56,Best Of Me,BTS (防弾少年団),https://www.billboard-japan.com/charts/detail?a=stsongs&year=2018&month=04&day=16
2018,stsongs,2018-04-11,57,Let Go,BTS (防弾少年団),https://www.billboard-japan.com/charts/detail?a=stsongs&year=2018&month=04&day=16
2018,stsongs,2018-04-11,58,恋音と雨空,AAA,https://www.billboard-japan.com/charts/detail?a=stsongs&year=2018&month=04&day=16
2018,stsongs,2018-04-11,59,奇跡,シェネル,https://www.billboard-japan.com/charts/detail?a=stsongs&year=2018&month=04&day=16
2018,stsongs,2018-04-11,60,ブレイク・フリー feat.ゼッド,アリアナ・グランデ,https://www.billboard-japan.com/charts/detail?a=stsongs&year=2018&month=04&day=16
2018,stsongs,2018-04-11,61,グッド・ライフ,Gイージー & ケラーニ,https://www.billboard-japan.com/charts/detail?a=stsongs&year=2018&month=04&day=16
2018,stsongs,2018-04-11,62,トリセツ,西野カナ,https://www.billboard-japan.com/charts/detail?a=stsongs&year=2018&month=04&day=16
2018,stsongs,2018-04-11,63,カム・アライヴ,ヒュー・ジャックマン、キアラ・セトル、ダニエル・エバーリッジ、ゼンデイヤ & ザ・グレイテスト・ショーマン・アンサンブル,https://www.billboard-japan.com/charts/detail?a=stsongs&year=2018&month=04&day=16
2018,stsongs,2018-04-11,64,君はロックを聴かない,あいみょん,https://www.billboard-japan.com/charts/detail?a=stsongs&year=2018&month=04&day=16
2018,stsongs,2018-04-11,65,ひまわりの約束,秦基博,https://www.billboard-japan.com/charts/detail?a=stsongs&year=2018&month=04&day=16
2018,stsongs,2018-04-11,66,My Star,EXILE,https://www.billboard-japan.com/charts/detail?a=stsongs&year=2018&month=04&day=16
2018,stsongs,2018-04-11,67,見たこともない景色,菅田将暉,https://www.billboard-japan.com/charts/detail?a=stsongs&year=2018&month=04&day=16
2018,stsongs,2018-04-11,68,愛唄,GReeeeN,https://www.billboard-japan.com/charts/detail?a=stsongs&year=2018&month=04&day=16
2018,stsongs,2018-04-11,69,DNA,BTS (防弾少年団),https://www.billboard-japan.com/charts/detail?a=stsongs&year=2018&month=04&day=16
2018,stsongs,2018-04-11,70,カタオモイ,Aimer(エメ),https://www.billboard-japan.com/charts/detail?a=stsongs&year=2018&month=04&day=16
2018,stsongs,2018-04-11,71,桜坂,福山雅治,https://www.billboard-japan.com/charts/detail?a=stsongs&year=2018&month=04&day=16
2018,stsongs,2018-04-11,72,Dear My Boo,當山みれい,https://www.billboard-japan.com/charts/detail?a=stsongs&year=2018&month=04&day=16
2018,stsongs,2018-04-11,73,Be The One,PANDORA feat.Beverly,https://www.billboard-japan.com/charts/detail?a=stsongs&year=2018&month=04&day=16
2018,stsongs,2018-04-11,74,ダンシング・ヒーロー,荻野目洋子,https://www.billboard-japan.com/charts/detail?a=stsongs&year=2018&month=04&day=16
2018,stsongs,2018-04-11,75,無限未来,Perfume,https://www.billboard-japan.com/charts/detail?a=stsongs&year=2018&month=04&day=16
2018,stsongs,2018-04-11,76,3月9日,レミオロメン,https://www.billboard-japan.com/charts/detail?a=stsongs&year=2018&month=04&day=16
2018,stsongs,2018-04-11,77,花束を君に,宇多田ヒカル,https://www.billboard-japan.com/charts/detail?a=stsongs&year=2018&month=04&day=16
2018,stsongs,2018-04-11,78,Jupiter,Little Glee Monster,https://www.billboard-japan.com/charts/detail?a=stsongs&year=2018&month=04&day=16
2018,stsongs,2018-04-11,79,フレンズ,マシュメロ & アン・マリー,https://www.billboard-japan.com/charts/detail?a=stsongs&year=2018&month=04&day=16
2018,stsongs,2018-04-11,80,カット・トゥ・ザ・フィーリング,カーリー・レイ・ジェプセン,https://www.billboard-japan.com/charts/detail?a=stsongs&year=2018&month=04&day=16
2018,stsongs,2018-04-11,81,TT,TWICE,https://www.billboard-japan.com/charts/detail?a=stsongs&year=2018&month=04&day=16
2018,stsongs,2018-04-11,82,恋,星野源,https://www.billboard-japan.com/charts/detail?a=stsongs&year=2018&month=04&day=16
2018,stsongs,2018-04-11,83,R.Y.U.S.E.I.,三代目 J Soul Brothers from EXILE TRIBE,https://www.billboard-japan.com/charts/detail?a=stsongs&year=2018&month=04&day=16
2018,stsongs,2018-04-11,84,東京,JUJU,https://www.billboard-japan.com/charts/detail?a=stsongs&year=2018&month=04&day=16
2018,stsongs,2018-04-11,85,WanteD! WanteD!,Mrs.GREEN APPLE,https://www.billboard-japan.com/charts/detail?a=stsongs&year=2018&month=04&day=16
2018,stsongs,2018-04-11,86,デスパシート feat.ジャスティン・ビーバー,ルイス・フォンシ & ダディー・ヤンキー,https://www.billboard-japan.com/charts/detail?a=stsongs&year=2018&month=04&day=16
2018,stsongs,2018-04-11,87,シェイク・イット・オフ〜気にしてなんかいられないっ!!,テイラー・スウィフト,https://www.billboard-japan.com/charts/detail?a=stsongs&year=2018&month=04&day=16
2018,stsongs,2018-04-11,88,シー・ユー・アゲイン,ウィズ・カリファ feat.チャーリー・プース,https://www.billboard-japan.com/charts/detail?a=stsongs&year=2018&month=04&day=16
2018,stsongs,2018-04-11,89,さくらんぼ,大塚愛,https://www.billboard-japan.com/charts/detail?a=stsongs&year=2018&month=04&day=16
2018,stsongs,2018-04-11,90,CHE.R.RY,YUI,https://www.billboard-japan.com/charts/detail?a=stsongs&year=2018&month=04&day=16
2018,stsongs,2018-04-11,91,フロム・ナウ・オン,ヒュー・ジャックマン & ザ・グレイテスト・ショーマン・アンサンブル,https://www.billboard-japan.com/charts/detail?a=stsongs&year=2018&month=04&day=16
2018,stsongs,2018-04-11,92,One More Time,TWICE,https://www.billboard-japan.com/charts/detail?a=stsongs&year=2018&month=04&day=16
2018,stsongs,2018-04-11,93,水色の日々,SHISHAMO,https://www.billboard-japan.com/charts/detail?a=stsongs&year=2018&month=04&day=16
2018,stsongs,2018-04-11,94,タイトロープ,ミシェル・ウィリアムズ,https://www.billboard-japan.com/charts/detail?a=stsongs&year=2018&month=04&day=16
2018,stsongs,2018-04-11,95,Take what you want feat.5 Seconds of Summer,ONE OK ROCK,https://www.billboard-japan.com/charts/detail?a=stsongs&year=2018&month=04&day=16
2018,stsongs,2018-04-11,96,いつかこの涙が,Little Glee Monster,https://www.billboard-japan.com/charts/detail?a=stsongs&year=2018&month=04&day=16
2018,stsongs,2018-04-11,97,ア・ミリオン・ドリームズ(リプライズ),オースティン・ジョンソン、キャメロン・シーリー、ヒュー・ジャックマン,https://www.billboard-japan.com/charts/detail?a=stsongs&year=2018&month=04&day=16
2018,stsongs,2018-04-11,98,カメレオン・レンズ,ポルノグラフィティ,https://www.billboard-japan.com/charts/detail?a=stsongs&year=2018&month=04&day=16
2018,stsongs,2018-04-11,99,君が好き,清水翔太,https://www.billboard-japan.com/charts/detail?a=stsongs&year=2018&month=04&day=16
2018,stsongs,2018-04-11,100,24K・マジック,ブルーノ・マーズ,https://www.billboard-japan.com/charts/detail?a=stsongs&year=2018&month=04&day=16
2018,stsongs,2018-04-18,1,What is Love?,TWICE,https://www.billboard-japan.com/charts/detail?a=stsongs&year=2018&month=04&day=23
2018,stsongs,2018-04-18,2,さよならエレジー,菅田将暉,https://www.billboard-japan.com/charts/detail?a=stsongs&year=2018&month=04&day=23
2018,stsongs,2018-04-18,3,シェイプ・オブ・ユー,エド・シーラン,https://www.billboard-japan.com/charts/detail?a=stsongs&year=2018&month=04&day=23
2018,stsongs,2018-04-18,4,ガラスを割れ!,欅坂46,https://www.billboard-japan.com/charts/detail?a=stsongs&year=2018&month=04&day=23
2018,stsongs,2018-04-18,5,打上花火,DAOKO × 米津玄師,https://www.billboard-japan.com/charts/detail?a=stsongs&year=2018&month=04&day=23
2018,stsongs,2018-04-18,6,Change,ONE OK ROCK,https://www.billboard-japan.com/charts/detail?a=stsongs&year=2018&month=04&day=23
2018,stsongs,2018-04-18,7,Don't Leave Me,BTS (防弾少年団),https://www.billboard-japan.com/charts/detail?a=stsongs&year=2018&month=04&day=23
2018,stsongs,2018-04-18,8,Wherever you are,ONE OK ROCK,https://www.billboard-japan.com/charts/detail?a=stsongs&year=2018&month=04&day=23
2018,stsongs,2018-04-18,9,ディス・イズ・ミー,キアラ・セトル & ザ・グレイテスト・ショーマン・アンサンブル,https://www.billboard-japan.com/charts/detail?a=stsongs&year=2018&month=04&day=23
2018,stsongs,2018-04-18,10,新宝島,サカナクション,https://www.billboard-japan.com/charts/detail?a=stsongs&year=2018&month=04&day=23
2018,stsongs,2018-04-18,11,ザ・グレイテスト・ショー,ヒュー・ジャックマン、キアラ・セトル、ザック・エフロン、ゼンデイヤ & ザ・グレイテスト・ショーマン・アンサンブル,https://www.billboard-japan.com/charts/detail?a=stsongs&year=2018&month=04&day=23
2018,stsongs,2018-04-18,12,ハバナ feat.ヤング・サグ,カミラ・カベロ,https://www.billboard-japan.com/charts/detail?a=stsongs&year=2018&month=04&day=23
2018,stsongs,2018-04-18,13,ザ・ミドル,"ゼッド,マレン・モリス,グレイ",https://www.billboard-japan.com/charts/detail?a=stsongs&year=2018&month=04&day=23
2018,stsongs,2018-04-18,14,ギュッと,Little Glee Monster,https://www.billboard-japan.com/charts/detail?a=stsongs&year=2018&month=04&day=23
2018,stsongs,2018-04-18,15,"Pain, pain",E-girls,https://www.billboard-japan.com/charts/detail?a=stsongs&year=2018&month=04&day=23
2018,stsongs,2018-04-18,16,ドラえもん,星野源,https://www.billboard-japan.com/charts/detail?a=stsongs&year=2018&month=04&day=23
2018,stsongs,2018-04-18,17,サイレントマジョリティー,欅坂46,https://www.billboard-japan.com/charts/detail?a=stsongs&year=2018&month=04&day=23
2018,stsongs,2018-04-18,18,Candy Pop,TWICE,https://www.billboard-japan.com/charts/detail?a=stsongs&year=2018&month=04&day=23
2018,stsongs,2018-04-18,19,Just The Way You Are,EXILE ATSUSHI,https://www.billboard-japan.com/charts/detail?a=stsongs&year=2018&month=04&day=23
2018,stsongs,2018-04-18,20,ステイ,ゼッド & アレッシア・カーラ,https://www.billboard-japan.com/charts/detail?a=stsongs&year=2018&month=04&day=23
2018,stsongs,2018-04-18,21,奏(かなで),スキマスイッチ,https://www.billboard-japan.com/charts/detail?a=stsongs&year=2018&month=04&day=23
2018,stsongs,2018-04-18,22,My Star,EXILE,https://www.billboard-japan.com/charts/detail?a=stsongs&year=2018&month=04&day=23
2018,stsongs,2018-04-18,23,不協和音,欅坂46,https://www.billboard-japan.com/charts/detail?a=stsongs&year=2018&month=04&day=23
2018,stsongs,2018-04-18,24,さくら,ケツメイシ,https://www.billboard-japan.com/charts/detail?a=stsongs&year=2018&month=04&day=23
2018,stsongs,2018-04-18,25,リメンバー・ミー,シシド・カフカ feat.東京スカパラダイスオーケストラ,https://www.billboard-japan.com/charts/detail?a=stsongs&year=2018&month=04&day=23
2018,stsongs,2018-04-18,26,My Boo,清水翔太,https://www.billboard-japan.com/charts/detail?a=stsongs&year=2018&month=04&day=23
2018,stsongs,2018-04-18,27,サザンカ,SEKAI NO OWARI,https://www.billboard-japan.com/charts/detail?a=stsongs&year=2018&month=04&day=23
2018,stsongs,2018-04-18,28,EXCITE,三浦大知,https://www.billboard-japan.com/charts/detail?a=stsongs&year=2018&month=04&day=23
2018,stsongs,2018-04-18,29,小さな恋のうた,MONGOL800,https://www.billboard-japan.com/charts/detail?a=stsongs&year=2018&month=04&day=23
2018,stsongs,2018-04-18,30,零 -ZERO-,福山雅治,https://www.billboard-japan.com/charts/detail?a=stsongs&year=2018&month=04&day=23
2018,stsongs,2018-04-18,31,フィネス feat.カーディ・B,ブルーノ・マーズ,https://www.billboard-japan.com/charts/detail?a=stsongs&year=2018&month=04&day=23
2018,stsongs,2018-04-18,32,満月の夜なら,あいみょん,https://www.billboard-japan.com/charts/detail?a=stsongs&year=2018&month=04&day=23
2018,stsongs,2018-04-18,33,明日も,SHISHAMO,https://www.billboard-japan.com/charts/detail?a=stsongs&year=2018&month=04&day=23
2018,stsongs,2018-04-18,34,クローサー feat.ホールジー,チェインスモーカーズ,https://www.billboard-japan.com/charts/detail?a=stsongs&year=2018&month=04&day=23
2018,stsongs,2018-04-18,35,LIKEY,TWICE,https://www.billboard-japan.com/charts/detail?a=stsongs&year=2018&month=04&day=23
2018,stsongs,2018-04-18,36,リライト・ザ・スターズ,ザック・エフロン & ゼンデイヤ,https://www.billboard-japan.com/charts/detail?a=stsongs&year=2018&month=04&day=23
2018,stsongs,2018-04-18,37,愛を伝えたいだとか,あいみょん,https://www.billboard-japan.com/charts/detail?a=stsongs&year=2018&month=04&day=23
2018,stsongs,2018-04-18,38,シンフォニー feat.ザラ・ラーソン,クリーン・バンディット,https://www.billboard-japan.com/charts/detail?a=stsongs&year=2018&month=04&day=23
2018,stsongs,2018-04-18,39,風に吹かれても,欅坂46,https://www.billboard-japan.com/charts/detail?a=stsongs&year=2018&month=04&day=23
2018,stsongs,2018-04-18,40,ジャスト・ザ・ウェイ・ユー・アー,ブルーノ・マーズ,https://www.billboard-japan.com/charts/detail?a=stsongs&year=2018&month=04&day=23
2018,stsongs,2018-04-18,41,陽炎,サカナクション,https://www.billboard-japan.com/charts/detail?a=stsongs&year=2018&month=04&day=23
2018,stsongs,2018-04-18,42,The Beginning,ONE OK ROCK,https://www.billboard-japan.com/charts/detail?a=stsongs&year=2018&month=04&day=23
2018,stsongs,2018-04-18,43,Heart Shaker,TWICE,https://www.billboard-japan.com/charts/detail?a=stsongs&year=2018&month=04&day=23
2018,stsongs,2018-04-18,44,Go Go,BTS (防弾少年団),https://www.billboard-japan.com/charts/detail?a=stsongs&year=2018&month=04&day=23
2018,stsongs,2018-04-18,45,愛をこめて花束を,Superfly,https://www.billboard-japan.com/charts/detail?a=stsongs&year=2018&month=04&day=23
2018,stsongs,2018-04-18,46,ジ・アザー・サイド,ヒュー・ジャックマン & ザック・エフロン,https://www.billboard-japan.com/charts/detail?a=stsongs&year=2018&month=04&day=23
2018,stsongs,2018-04-18,47,24K・マジック,ブルーノ・マーズ,https://www.billboard-japan.com/charts/detail?a=stsongs&year=2018&month=04&day=23
2018,stsongs,2018-04-18,48,ホワット・ドゥ・ユー・ミーン?,ジャスティン・ビーバー,https://www.billboard-japan.com/charts/detail?a=stsongs&year=2018&month=04&day=23
2018,stsongs,2018-04-18,49,I LOVE YOU,クリス・ハート,https://www.billboard-japan.com/charts/detail?a=stsongs&year=2018&month=04&day=23
2018,stsongs,2018-04-18,50,泣きたいくらい,大原櫻子,https://www.billboard-japan.com/charts/detail?a=stsongs&year=2018&month=04&day=23
2018,stsongs,2018-04-18,51,完全感覚Dreamer,ONE OK ROCK,https://www.billboard-japan.com/charts/detail?a=stsongs&year=2018&month=04&day=23
2018,stsongs,2018-04-18,52,Hero,安室奈美恵,https://www.billboard-japan.com/charts/detail?a=stsongs&year=2018&month=04&day=23
2018,stsongs,2018-04-18,53,キセキ,GReeeeN,https://www.billboard-japan.com/charts/detail?a=stsongs&year=2018&month=04&day=23
2018,stsongs,2018-04-18,54,インフルエンサー,乃木坂46,https://www.billboard-japan.com/charts/detail?a=stsongs&year=2018&month=04&day=23
2018,stsongs,2018-04-18,55,WanteD! WanteD!,Mrs.GREEN APPLE,https://www.billboard-japan.com/charts/detail?a=stsongs&year=2018&month=04&day=23
2018,stsongs,2018-04-18,56,君はロックを聴かない,あいみょん,https://www.billboard-japan.com/charts/detail?a=stsongs&year=2018&month=04&day=23
2018,stsongs,2018-04-18,57,RAIN,SEKAI NO OWARI,https://www.billboard-japan.com/charts/detail?a=stsongs&year=2018&month=04&day=23
2018,stsongs,2018-04-18,58,BBoom BBoom,MOMOLAND,https://www.billboard-japan.com/charts/detail?a=stsongs&year=2018&month=04&day=23
2018,stsongs,2018-04-18,59,ワタリドリ,[Alexandros],https://www.billboard-japan.com/charts/detail?a=stsongs&year=2018&month=04&day=23
2018,stsongs,2018-04-18,60,恋音と雨空,AAA,https://www.billboard-japan.com/charts/detail?a=stsongs&year=2018&month=04&day=23
2018,stsongs,2018-04-18,61,グッド・ライフ,Gイージー & ケラーニ,https://www.billboard-japan.com/charts/detail?a=stsongs&year=2018&month=04&day=23
2018,stsongs,2018-04-18,62,Ref:rain,Aimer(エメ),https://www.billboard-japan.com/charts/detail?a=stsongs&year=2018&month=04&day=23
2018,stsongs,2018-04-18,63,ブレイク・フリー feat.ゼッド,アリアナ・グランデ,https://www.billboard-japan.com/charts/detail?a=stsongs&year=2018&month=04&day=23
2018,stsongs,2018-04-18,64,ネヴァー・イナフ,ローレン・オルレッド,https://www.billboard-japan.com/charts/detail?a=stsongs&year=2018&month=04&day=23
2018,stsongs,2018-04-18,65,ア・ミリオン・ドリームズ,ジヴ・ザイフマン、ヒュー・ジャックマン、ミシェル・ウィリアムズ,https://www.billboard-japan.com/charts/detail?a=stsongs&year=2018&month=04&day=23
2018,stsongs,2018-04-18,66,Lemon,米津玄師,https://www.billboard-japan.com/charts/detail?a=stsongs&year=2018&month=04&day=23
2018,stsongs,2018-04-18,67,ワン・キス,カルヴィン・ハリス & デュア・リパ,https://www.billboard-japan.com/charts/detail?a=stsongs&year=2018&month=04&day=23
2018,stsongs,2018-04-18,68,花束を君に,宇多田ヒカル,https://www.billboard-japan.com/charts/detail?a=stsongs&year=2018&month=04&day=23
2018,stsongs,2018-04-18,69,SWEET TALKER,TWICE,https://www.billboard-japan.com/charts/detail?a=stsongs&year=2018&month=04&day=23
2018,stsongs,2018-04-18,70,奇跡,シェネル,https://www.billboard-japan.com/charts/detail?a=stsongs&year=2018&month=04&day=23
2018,stsongs,2018-04-18,71,ひまわりの約束,秦基博,https://www.billboard-japan.com/charts/detail?a=stsongs&year=2018&month=04&day=23
2018,stsongs,2018-04-18,72,トリセツ,西野カナ,https://www.billboard-japan.com/charts/detail?a=stsongs&year=2018&month=04&day=23
2018,stsongs,2018-04-18,73,フレンズ,マシュメロ & アン・マリー,https://www.billboard-japan.com/charts/detail?a=stsongs&year=2018&month=04&day=23
2018,stsongs,2018-04-18,74,FLASH,Perfume,https://www.billboard-japan.com/charts/detail?a=stsongs&year=2018&month=04&day=23
2018,stsongs,2018-04-18,75,ザッツ・ホワット・アイ・ライク,ブルーノ・マーズ,https://www.billboard-japan.com/charts/detail?a=stsongs&year=2018&month=04&day=23
2018,stsongs,2018-04-18,76,カット・トゥ・ザ・フィーリング,カーリー・レイ・ジェプセン,https://www.billboard-japan.com/charts/detail?a=stsongs&year=2018&month=04&day=23
2018,stsongs,2018-04-18,77,カタオモイ,Aimer(エメ),https://www.billboard-japan.com/charts/detail?a=stsongs&year=2018&month=04&day=23
2018,stsongs,2018-04-18,78,Let Go,BTS (防弾少年団),https://www.billboard-japan.com/charts/detail?a=stsongs&year=2018&month=04&day=23
2018,stsongs,2018-04-18,79,Dear My Boo,當山みれい,https://www.billboard-japan.com/charts/detail?a=stsongs&year=2018&month=04&day=23
2018,stsongs,2018-04-18,80,見たこともない景色,菅田将暉,https://www.billboard-japan.com/charts/detail?a=stsongs&year=2018&month=04&day=23
2018,stsongs,2018-04-18,81,愛唄,GReeeeN,https://www.billboard-japan.com/charts/detail?a=stsongs&year=2018&month=04&day=23
2018,stsongs,2018-04-18,82,恋,星野源,https://www.billboard-japan.com/charts/detail?a=stsongs&year=2018&month=04&day=23
2018,stsongs,2018-04-18,83,Best Of Me,BTS (防弾少年団),https://www.billboard-japan.com/charts/detail?a=stsongs&year=2018&month=04&day=23
2018,stsongs,2018-04-18,84,シェイク・イット・オフ〜気にしてなんかいられないっ!!,テイラー・スウィフト,https://www.billboard-japan.com/charts/detail?a=stsongs&year=2018&month=04&day=23
2018,stsongs,2018-04-18,85,カム・アライヴ,ヒュー・ジャックマン、キアラ・セトル、ダニエル・エバーリッジ、ゼンデイヤ & ザ・グレイテスト・ショーマン・アンサンブル,https://www.billboard-japan.com/charts/detail?a=stsongs&year=2018&month=04&day=23
2018,stsongs,2018-04-18,86,無限未来,Perfume,https://www.billboard-japan.com/charts/detail?a=stsongs&year=2018&month=04&day=23
2018,stsongs,2018-04-18,87,シー・ユー・アゲイン,ウィズ・カリファ feat.チャーリー・プース,https://www.billboard-japan.com/charts/detail?a=stsongs&year=2018&month=04&day=23
2018,stsongs,2018-04-18,88,ダンシング・ヒーロー,荻野目洋子,https://www.billboard-japan.com/charts/detail?a=stsongs&year=2018&month=04&day=23
2018,stsongs,2018-04-18,89,デスパシート feat.ジャスティン・ビーバー,ルイス・フォンシ & ダディー・ヤンキー,https://www.billboard-japan.com/charts/detail?a=stsongs&year=2018&month=04&day=23
2018,stsongs,2018-04-18,90,R.Y.U.S.E.I.,三代目 J Soul Brothers from EXILE TRIBE,https://www.billboard-japan.com/charts/detail?a=stsongs&year=2018&month=04&day=23
2018,stsongs,2018-04-18,91,アップタウン・ファンク feat.ブルーノ・マーズ,マーク・ロンソン,https://www.billboard-japan.com/charts/detail?a=stsongs&year=2018&month=04&day=23
2018,stsongs,2018-04-18,92,甘えちゃってSorry,AYA a.k.a. PANDA,https://www.billboard-japan.com/charts/detail?a=stsongs&year=2018&month=04&day=23
2018,stsongs,2018-04-18,93,DNA,BTS (防弾少年団),https://www.billboard-japan.com/charts/detail?a=stsongs&year=2018&month=04&day=23
2018,stsongs,2018-04-18,94,Be The One,PANDORA feat.Beverly,https://www.billboard-japan.com/charts/detail?a=stsongs&year=2018&month=04&day=23
2018,stsongs,2018-04-18,95,asphyxia,Co shu Nie,https://www.billboard-japan.com/charts/detail?a=stsongs&year=2018&month=04&day=23
2018,stsongs,2018-04-18,96,東京,JUJU,https://www.billboard-japan.com/charts/detail?a=stsongs&year=2018&month=04&day=23
2018,stsongs,2018-04-18,97,二人セゾン,欅坂46,https://www.billboard-japan.com/charts/detail?a=stsongs&year=2018&month=04&day=23
2018,stsongs,2018-04-18,98,Jupiter,Little Glee Monster,https://www.billboard-japan.com/charts/detail?a=stsongs&year=2018&month=04&day=23
2018,stsongs,2018-04-18,99,TT,TWICE,https://www.billboard-japan.com/charts/detail?a=stsongs&year=2018&month=04&day=23
2018,stsongs,2018-04-18,100,ゴールウェイ・ガール,エド・シーラン,https://www.billboard-japan.com/charts/detail?a=stsongs&year=2018&month=04&day=23
2018,stsongs,2018-04-25,1,What is Love?,TWICE,https://www.billboard-japan.com/charts/detail?a=stsongs&year=2018&month=04&day=30
2018,stsongs,2018-04-25,2,アイラブユー,西野カナ,https://www.billboard-japan.com/charts/detail?a=stsongs&year=2018&month=04&day=30
2018,stsongs,2018-04-25,3,さよならエレジー,菅田将暉,https://www.billboard-japan.com/charts/detail?a=stsongs&year=2018&month=04&day=30
2018,stsongs,2018-04-25,4,シェイプ・オブ・ユー,エド・シーラン,https://www.billboard-japan.com/charts/detail?a=stsongs&year=2018&month=04&day=30
2018,stsongs,2018-04-25,5,Change,ONE OK ROCK,https://www.billboard-japan.com/charts/detail?a=stsongs&year=2018&month=04&day=30
2018,stsongs,2018-04-25,6,打上花火,DAOKO × 米津玄師,https://www.billboard-japan.com/charts/detail?a=stsongs&year=2018&month=04&day=30
2018,stsongs,2018-04-25,7,ガラスを割れ!,欅坂46,https://www.billboard-japan.com/charts/detail?a=stsongs&year=2018&month=04&day=30
2018,stsongs,2018-04-25,8,シンクロニシティ,乃木坂46,https://www.billboard-japan.com/charts/detail?a=stsongs&year=2018&month=04&day=30
2018,stsongs,2018-04-25,9,Wherever you are,ONE OK ROCK,https://www.billboard-japan.com/charts/detail?a=stsongs&year=2018&month=04&day=30
2018,stsongs,2018-04-25,10,Don't Leave Me,BTS (防弾少年団),https://www.billboard-japan.com/charts/detail?a=stsongs&year=2018&month=04&day=30
2018,stsongs,2018-04-25,11,ディス・イズ・ミー,キアラ・セトル & ザ・グレイテスト・ショーマン・アンサンブル,https://www.billboard-japan.com/charts/detail?a=stsongs&year=2018&month=04&day=30
2018,stsongs,2018-04-25,12,Just The Way You Are,EXILE ATSUSHI,https://www.billboard-japan.com/charts/detail?a=stsongs&year=2018&month=04&day=30
2018,stsongs,2018-04-25,13,小さな恋のうた,MONGOL800,https://www.billboard-japan.com/charts/detail?a=stsongs&year=2018&month=04&day=30
2018,stsongs,2018-04-25,14,ザ・ミドル,"ゼッド,マレン・モリス,グレイ",https://www.billboard-japan.com/charts/detail?a=stsongs&year=2018&month=04&day=30
2018,stsongs,2018-04-25,15,ハバナ feat.ヤング・サグ,カミラ・カベロ,https://www.billboard-japan.com/charts/detail?a=stsongs&year=2018&month=04&day=30
2018,stsongs,2018-04-25,16,零 -ZERO-,福山雅治,https://www.billboard-japan.com/charts/detail?a=stsongs&year=2018&month=04&day=30
2018,stsongs,2018-04-25,17,ステイ,ゼッド & アレッシア・カーラ,https://www.billboard-japan.com/charts/detail?a=stsongs&year=2018&month=04&day=30
2018,stsongs,2018-04-25,18,WanteD! WanteD!,Mrs.GREEN APPLE,https://www.billboard-japan.com/charts/detail?a=stsongs&year=2018&month=04&day=30
2018,stsongs,2018-04-25,19,ギュッと,Little Glee Monster,https://www.billboard-japan.com/charts/detail?a=stsongs&year=2018&month=04&day=30
2018,stsongs,2018-04-25,20,ザ・グレイテスト・ショー,ヒュー・ジャックマン、キアラ・セトル、ザック・エフロン、ゼンデイヤ & ザ・グレイテスト・ショーマン・アンサンブル,https://www.billboard-japan.com/charts/detail?a=stsongs&year=2018&month=04&day=30
2018,stsongs,2018-04-25,21,奏(かなで),スキマスイッチ,https://www.billboard-japan.com/charts/detail?a=stsongs&year=2018&month=04&day=30
2018,stsongs,2018-04-25,22,新宝島,サカナクション,https://www.billboard-japan.com/charts/detail?a=stsongs&year=2018&month=04&day=30
2018,stsongs,2018-04-25,23,ドラえもん,星野源,https://www.billboard-japan.com/charts/detail?a=stsongs&year=2018&month=04&day=30
2018,stsongs,2018-04-25,24,サイレントマジョリティー,欅坂46,https://www.billboard-japan.com/charts/detail?a=stsongs&year=2018&month=04&day=30
2018,stsongs,2018-04-25,25,Candy Pop,TWICE,https://www.billboard-japan.com/charts/detail?a=stsongs&year=2018&month=04&day=30
2018,stsongs,2018-04-25,26,満月の夜なら,あいみょん,https://www.billboard-japan.com/charts/detail?a=stsongs&year=2018&month=04&day=30
2018,stsongs,2018-04-25,27,ウェイク・ミー・アップ!,アヴィーチー,https://www.billboard-japan.com/charts/detail?a=stsongs&year=2018&month=04&day=30
2018,stsongs,2018-04-25,28,"Pain, pain",E-girls,https://www.billboard-japan.com/charts/detail?a=stsongs&year=2018&month=04&day=30
2018,stsongs,2018-04-25,29,ジャスト・ザ・ウェイ・ユー・アー,ブルーノ・マーズ,https://www.billboard-japan.com/charts/detail?a=stsongs&year=2018&month=04&day=30
2018,stsongs,2018-04-25,30,トリセツ,西野カナ,https://www.billboard-japan.com/charts/detail?a=stsongs&year=2018&month=04&day=30
2018,stsongs,2018-04-25,31,ウェイティング・フォー・ラヴ,アヴィーチー,https://www.billboard-japan.com/charts/detail?a=stsongs&year=2018&month=04&day=30
2018,stsongs,2018-04-25,32,24K・マジック,ブルーノ・マーズ,https://www.billboard-japan.com/charts/detail?a=stsongs&year=2018&month=04&day=30
2018,stsongs,2018-04-25,33,My Boo,清水翔太,https://www.billboard-japan.com/charts/detail?a=stsongs&year=2018&month=04&day=30
2018,stsongs,2018-04-25,34,クローサー feat.ホールジー,チェインスモーカーズ,https://www.billboard-japan.com/charts/detail?a=stsongs&year=2018&month=04&day=30
2018,stsongs,2018-04-25,35,愛を伝えたいだとか,あいみょん,https://www.billboard-japan.com/charts/detail?a=stsongs&year=2018&month=04&day=30
2018,stsongs,2018-04-25,36,愛をこめて花束を,Superfly,https://www.billboard-japan.com/charts/detail?a=stsongs&year=2018&month=04&day=30
2018,stsongs,2018-04-25,37,不協和音,欅坂46,https://www.billboard-japan.com/charts/detail?a=stsongs&year=2018&month=04&day=30
2018,stsongs,2018-04-25,38,LIKEY,TWICE,https://www.billboard-japan.com/charts/detail?a=stsongs&year=2018&month=04&day=30
2018,stsongs,2018-04-25,39,The Beginning,ONE OK ROCK,https://www.billboard-japan.com/charts/detail?a=stsongs&year=2018&month=04&day=30
2018,stsongs,2018-04-25,40,リメンバー・ミー,シシド・カフカ feat.東京スカパラダイスオーケストラ,https://www.billboard-japan.com/charts/detail?a=stsongs&year=2018&month=04&day=30
2018,stsongs,2018-04-25,41,EXCITE,三浦大知,https://www.billboard-japan.com/charts/detail?a=stsongs&year=2018&month=04&day=30
2018,stsongs,2018-04-25,42,完全感覚Dreamer,ONE OK ROCK,https://www.billboard-japan.com/charts/detail?a=stsongs&year=2018&month=04&day=30
2018,stsongs,2018-04-25,43,シンフォニー feat.ザラ・ラーソン,クリーン・バンディット,https://www.billboard-japan.com/charts/detail?a=stsongs&year=2018&month=04&day=30
2018,stsongs,2018-04-25,44,ホワット・ドゥ・ユー・ミーン?,ジャスティン・ビーバー,https://www.billboard-japan.com/charts/detail?a=stsongs&year=2018&month=04&day=30
2018,stsongs,2018-04-25,45,Heart Shaker,TWICE,https://www.billboard-japan.com/charts/detail?a=stsongs&year=2018&month=04&day=30
2018,stsongs,2018-04-25,46,サザンカ,SEKAI NO OWARI,https://www.billboard-japan.com/charts/detail?a=stsongs&year=2018&month=04&day=30
2018,stsongs,2018-04-25,47,さくら,ケツメイシ,https://www.billboard-japan.com/charts/detail?a=stsongs&year=2018&month=04&day=30
2018,stsongs,2018-04-25,48,キセキ,GReeeeN,https://www.billboard-japan.com/charts/detail?a=stsongs&year=2018&month=04&day=30
2018,stsongs,2018-04-25,49,I LOVE YOU,クリス・ハート,https://www.billboard-japan.com/charts/detail?a=stsongs&year=2018&month=04&day=30
2018,stsongs,2018-04-25,50,明日も,SHISHAMO,https://www.billboard-japan.com/charts/detail?a=stsongs&year=2018&month=04&day=30
2018,stsongs,2018-04-25,51,君はロックを聴かない,あいみょん,https://www.billboard-japan.com/charts/detail?a=stsongs&year=2018&month=04&day=30
2018,stsongs,2018-04-25,52,My Star,EXILE,https://www.billboard-japan.com/charts/detail?a=stsongs&year=2018&month=04&day=30
2018,stsongs,2018-04-25,53,ウィズアウト・ユー feat.サンドロ・カヴァッザ,アヴィーチー,https://www.billboard-japan.com/charts/detail?a=stsongs&year=2018&month=04&day=30
2018,stsongs,2018-04-25,54,リライト・ザ・スターズ,ザック・エフロン & ゼンデイヤ,https://www.billboard-japan.com/charts/detail?a=stsongs&year=2018&month=04&day=30
2018,stsongs,2018-04-25,55,恋音と雨空,AAA,https://www.billboard-japan.com/charts/detail?a=stsongs&year=2018&month=04&day=30
2018,stsongs,2018-04-25,56,風に吹かれても,欅坂46,https://www.billboard-japan.com/charts/detail?a=stsongs&year=2018&month=04&day=30
2018,stsongs,2018-04-25,57,ノーダウト,Official髭男dism,https://www.billboard-japan.com/charts/detail?a=stsongs&year=2018&month=04&day=30
2018,stsongs,2018-04-25,58,Go Go,BTS (防弾少年団),https://www.billboard-japan.com/charts/detail?a=stsongs&year=2018&month=04&day=30
2018,stsongs,2018-04-25,59,インフルエンサー,乃木坂46,https://www.billboard-japan.com/charts/detail?a=stsongs&year=2018&month=04&day=30
2018,stsongs,2018-04-25,60,泣きたいくらい,大原櫻子,https://www.billboard-japan.com/charts/detail?a=stsongs&year=2018&month=04&day=30
2018,stsongs,2018-04-25,61,ワタリドリ,[Alexandros],https://www.billboard-japan.com/charts/detail?a=stsongs&year=2018&month=04&day=30
2018,stsongs,2018-04-25,62,カタオモイ,Aimer(エメ),https://www.billboard-japan.com/charts/detail?a=stsongs&year=2018&month=04&day=30
2018,stsongs,2018-04-25,63,ブレイク・フリー feat.ゼッド,アリアナ・グランデ,https://www.billboard-japan.com/charts/detail?a=stsongs&year=2018&month=04&day=30
2018,stsongs,2018-04-25,64,ザ・ナイツ,アヴィーチー,https://www.billboard-japan.com/charts/detail?a=stsongs&year=2018&month=04&day=30
2018,stsongs,2018-04-25,65,グッド・ライフ,Gイージー & ケラーニ,https://www.billboard-japan.com/charts/detail?a=stsongs&year=2018&month=04&day=30
2018,stsongs,2018-04-25,66,BBoom BBoom,MOMOLAND,https://www.billboard-japan.com/charts/detail?a=stsongs&year=2018&month=04&day=30
2018,stsongs,2018-04-25,67,ジ・アザー・サイド,ヒュー・ジャックマン & ザック・エフロン,https://www.billboard-japan.com/charts/detail?a=stsongs&year=2018&month=04&day=30
2018,stsongs,2018-04-25,68,RAIN,SEKAI NO OWARI,https://www.billboard-japan.com/charts/detail?a=stsongs&year=2018&month=04&day=30
2018,stsongs,2018-04-25,69,パッ,西野カナ,https://www.billboard-japan.com/charts/detail?a=stsongs&year=2018&month=04&day=30
2018,stsongs,2018-04-25,70,ひまわりの約束,秦基博,https://www.billboard-japan.com/charts/detail?a=stsongs&year=2018&month=04&day=30
2018,stsongs,2018-04-25,71,ワン・キス,カルヴィン・ハリス & デュア・リパ,https://www.billboard-japan.com/charts/detail?a=stsongs&year=2018&month=04&day=30
2018,stsongs,2018-04-25,72,ノー・ティアーズ・レフト・トゥ・クライ,アリアナ・グランデ,https://www.billboard-japan.com/charts/detail?a=stsongs&year=2018&month=04&day=30
2018,stsongs,2018-04-25,73,フレンズ,マシュメロ & アン・マリー,https://www.billboard-japan.com/charts/detail?a=stsongs&year=2018&month=04&day=30
2018,stsongs,2018-04-25,74,アップタウン・ファンク feat.ブルーノ・マーズ,マーク・ロンソン,https://www.billboard-japan.com/charts/detail?a=stsongs&year=2018&month=04&day=30
2018,stsongs,2018-04-25,75,ザッツ・ホワット・アイ・ライク,ブルーノ・マーズ,https://www.billboard-japan.com/charts/detail?a=stsongs&year=2018&month=04&day=30
2018,stsongs,2018-04-25,76,愛唄,GReeeeN,https://www.billboard-japan.com/charts/detail?a=stsongs&year=2018&month=04&day=30
2018,stsongs,2018-04-25,77,花束を君に,宇多田ヒカル,https://www.billboard-japan.com/charts/detail?a=stsongs&year=2018&month=04&day=30
2018,stsongs,2018-04-25,78,陽炎,サカナクション,https://www.billboard-japan.com/charts/detail?a=stsongs&year=2018&month=04&day=30
2018,stsongs,2018-04-25,79,笑一笑〜シャオイーシャオ!〜,ももいろクローバーZ,https://www.billboard-japan.com/charts/detail?a=stsongs&year=2018&month=04&day=30
2018,stsongs,2018-04-25,80,カット・トゥ・ザ・フィーリング,カーリー・レイ・ジェプセン,https://www.billboard-japan.com/charts/detail?a=stsongs&year=2018&month=04&day=30
2018,stsongs,2018-04-25,81,Hero,安室奈美恵,https://www.billboard-japan.com/charts/detail?a=stsongs&year=2018&month=04&day=30
2018,stsongs,2018-04-25,82,友だち,西野カナ,https://www.billboard-japan.com/charts/detail?a=stsongs&year=2018&month=04&day=30
2018,stsongs,2018-04-25,83,シェイク・イット・オフ〜気にしてなんかいられないっ!!,テイラー・スウィフト,https://www.billboard-japan.com/charts/detail?a=stsongs&year=2018&month=04&day=30
2018,stsongs,2018-04-25,84,Darling,西野カナ,https://www.billboard-japan.com/charts/detail?a=stsongs&year=2018&month=04&day=30
2018,stsongs,2018-04-25,85,恋,星野源,https://www.billboard-japan.com/charts/detail?a=stsongs&year=2018&month=04&day=30
2018,stsongs,2018-04-25,86,Ref:rain,Aimer(エメ),https://www.billboard-japan.com/charts/detail?a=stsongs&year=2018&month=04&day=30
2018,stsongs,2018-04-25,87,デスパシート feat.ジャスティン・ビーバー,ルイス・フォンシ & ダディー・ヤンキー,https://www.billboard-japan.com/charts/detail?a=stsongs&year=2018&month=04&day=30
2018,stsongs,2018-04-25,88,R.Y.U.S.E.I.,三代目 J Soul Brothers from EXILE TRIBE,https://www.billboard-japan.com/charts/detail?a=stsongs&year=2018&month=04&day=30
2018,stsongs,2018-04-25,89,シー・ユー・アゲイン,ウィズ・カリファ feat.チャーリー・プース,https://www.billboard-japan.com/charts/detail?a=stsongs&year=2018&month=04&day=30
2018,stsongs,2018-04-25,90,ネヴァー・イナフ,ローレン・オルレッド,https://www.billboard-japan.com/charts/detail?a=stsongs&year=2018&month=04&day=30
2018,stsongs,2018-04-25,91,Lemon,米津玄師,https://www.billboard-japan.com/charts/detail?a=stsongs&year=2018&month=04&day=30
2018,stsongs,2018-04-25,92,ロンリー・トゥゲザー feat.リタ・オラ,アヴィーチー,https://www.billboard-japan.com/charts/detail?a=stsongs&year=2018&month=04&day=30
2018,stsongs,2018-04-25,93,DNA,BTS (防弾少年団),https://www.billboard-japan.com/charts/detail?a=stsongs&year=2018&month=04&day=30
2018,stsongs,2018-04-25,94,甘えちゃってSorry,AYA a.k.a. PANDA,https://www.billboard-japan.com/charts/detail?a=stsongs&year=2018&month=04&day=30
2018,stsongs,2018-04-25,95,FLASH,Perfume,https://www.billboard-japan.com/charts/detail?a=stsongs&year=2018&month=04&day=30
2018,stsongs,2018-04-25,96,ゴールウェイ・ガール,エド・シーラン,https://www.billboard-japan.com/charts/detail?a=stsongs&year=2018&month=04&day=30
2018,stsongs,2018-04-25,97,にじいろ,絢香,https://www.billboard-japan.com/charts/detail?a=stsongs&year=2018&month=04&day=30
2018,stsongs,2018-04-25,98,366日,HY,https://www.billboard-japan.com/charts/detail?a=stsongs&year=2018&month=04&day=30
2018,stsongs,2018-04-25,99,ア・ミリオン・ドリームズ,ジヴ・ザイフマン、ヒュー・ジャックマン、ミシェル・ウィリアムズ,https://www.billboard-japan.com/charts/detail?a=stsongs&year=2018&month=04&day=30
2018,stsongs,2018-04-25,100,Dear My Boo,當山みれい,https://www.billboard-japan.com/charts/detail?a=stsongs&year=2018&month=04&day=30
2018,stsongs,2018-05-02,1,アイラブユー,西野カナ,https://www.billboard-japan.com/charts/detail?a=stsongs&year=2018&month=05&day=07
2018,stsongs,2018-05-02,2,What is Love?,TWICE,https://www.billboard-japan.com/charts/detail?a=stsongs&year=2018&month=05&day=07
2018,stsongs,2018-05-02,3,シンクロニシティ,乃木坂46,https://www.billboard-japan.com/charts/detail?a=stsongs&year=2018&month=05&day=07
2018,stsongs,2018-05-02,4,さよならエレジー,菅田将暉,https://www.billboard-japan.com/charts/detail?a=stsongs&year=2018&month=05&day=07
2018,stsongs,2018-05-02,5,シェイプ・オブ・ユー,エド・シーラン,https://www.billboard-japan.com/charts/detail?a=stsongs&year=2018&month=05&day=07
2018,stsongs,2018-05-02,6,Change,ONE OK ROCK,https://www.billboard-japan.com/charts/detail?a=stsongs&year=2018&month=05&day=07
2018,stsongs,2018-05-02,7,打上花火,DAOKO × 米津玄師,https://www.billboard-japan.com/charts/detail?a=stsongs&year=2018&month=05&day=07
2018,stsongs,2018-05-02,8,ウェイク・ミー・アップ!,アヴィーチー,https://www.billboard-japan.com/charts/detail?a=stsongs&year=2018&month=05&day=07
2018,stsongs,2018-05-02,9,ガラスを割れ!,欅坂46,https://www.billboard-japan.com/charts/detail?a=stsongs&year=2018&month=05&day=07
2018,stsongs,2018-05-02,10,ノー・ティアーズ・レフト・トゥ・クライ,アリアナ・グランデ,https://www.billboard-japan.com/charts/detail?a=stsongs&year=2018&month=05&day=07
2018,stsongs,2018-05-02,11,ウェイティング・フォー・ラヴ,アヴィーチー,https://www.billboard-japan.com/charts/detail?a=stsongs&year=2018&month=05&day=07
2018,stsongs,2018-05-02,12,Don't Leave Me,BTS (防弾少年団),https://www.billboard-japan.com/charts/detail?a=stsongs&year=2018&month=05&day=07
2018,stsongs,2018-05-02,13,小さな恋のうた,MONGOL800,https://www.billboard-japan.com/charts/detail?a=stsongs&year=2018&month=05&day=07
2018,stsongs,2018-05-02,14,Wherever you are,ONE OK ROCK,https://www.billboard-japan.com/charts/detail?a=stsongs&year=2018&month=05&day=07
2018,stsongs,2018-05-02,15,WanteD! WanteD!,Mrs.GREEN APPLE,https://www.billboard-japan.com/charts/detail?a=stsongs&year=2018&month=05&day=07
2018,stsongs,2018-05-02,16,満月の夜なら,あいみょん,https://www.billboard-japan.com/charts/detail?a=stsongs&year=2018&month=05&day=07
2018,stsongs,2018-05-02,17,TT,TWICE,https://www.billboard-japan.com/charts/detail?a=stsongs&year=2018&month=05&day=07
2018,stsongs,2018-05-02,18,Wake Me Up,TWICE,https://www.billboard-japan.com/charts/detail?a=stsongs&year=2018&month=05&day=07
2018,stsongs,2018-05-02,19,ウィズアウト・ユー feat.サンドロ・カヴァッザ,アヴィーチー,https://www.billboard-japan.com/charts/detail?a=stsongs&year=2018&month=05&day=07
2018,stsongs,2018-05-02,20,ザ・ミドル,"ゼッド,マレン・モリス,グレイ",https://www.billboard-japan.com/charts/detail?a=stsongs&year=2018&month=05&day=07
2018,stsongs,2018-05-02,21,ディス・イズ・ミー,キアラ・セトル & ザ・グレイテスト・ショーマン・アンサンブル,https://www.billboard-japan.com/charts/detail?a=stsongs&year=2018&month=05&day=07
2018,stsongs,2018-05-02,22,ザ・ナイツ,アヴィーチー,https://www.billboard-japan.com/charts/detail?a=stsongs&year=2018&month=05&day=07
2018,stsongs,2018-05-02,23,ハバナ feat.ヤング・サグ,カミラ・カベロ,https://www.billboard-japan.com/charts/detail?a=stsongs&year=2018&month=05&day=07
2018,stsongs,2018-05-02,24,ステイ,ゼッド & アレッシア・カーラ,https://www.billboard-japan.com/charts/detail?a=stsongs&year=2018&month=05&day=07
2018,stsongs,2018-05-02,25,零 -ZERO-,福山雅治,https://www.billboard-japan.com/charts/detail?a=stsongs&year=2018&month=05&day=07
2018,stsongs,2018-05-02,26,DNA,BTS (防弾少年団),https://www.billboard-japan.com/charts/detail?a=stsongs&year=2018&month=05&day=07
2018,stsongs,2018-05-02,27,愛を伝えたいだとか,あいみょん,https://www.billboard-japan.com/charts/detail?a=stsongs&year=2018&month=05&day=07
2018,stsongs,2018-05-02,28,奏(かなで),スキマスイッチ,https://www.billboard-japan.com/charts/detail?a=stsongs&year=2018&month=05&day=07
2018,stsongs,2018-05-02,29,ノーダウト,Official髭男dism,https://www.billboard-japan.com/charts/detail?a=stsongs&year=2018&month=05&day=07
2018,stsongs,2018-05-02,30,Just The Way You Are,EXILE ATSUSHI,https://www.billboard-japan.com/charts/detail?a=stsongs&year=2018&month=05&day=07
2018,stsongs,2018-05-02,31,トリセツ,西野カナ,https://www.billboard-japan.com/charts/detail?a=stsongs&year=2018&month=05&day=07
2018,stsongs,2018-05-02,32,サイレントマジョリティー,欅坂46,https://www.billboard-japan.com/charts/detail?a=stsongs&year=2018&month=05&day=07
2018,stsongs,2018-05-02,33,ドラえもん,星野源,https://www.billboard-japan.com/charts/detail?a=stsongs&year=2018&month=05&day=07
2018,stsongs,2018-05-02,34,ザ・グレイテスト・ショー,ヒュー・ジャックマン、キアラ・セトル、ザック・エフロン、ゼンデイヤ & ザ・グレイテスト・ショーマン・アンサンブル,https://www.billboard-japan.com/charts/detail?a=stsongs&year=2018&month=05&day=07
2018,stsongs,2018-05-02,35,Candy Pop,TWICE,https://www.billboard-japan.com/charts/detail?a=stsongs&year=2018&month=05&day=07
2018,stsongs,2018-05-02,36,ギュッと,Little Glee Monster,https://www.billboard-japan.com/charts/detail?a=stsongs&year=2018&month=05&day=07
2018,stsongs,2018-05-02,37,クローサー feat.ホールジー,チェインスモーカーズ,https://www.billboard-japan.com/charts/detail?a=stsongs&year=2018&month=05&day=07
2018,stsongs,2018-05-02,38,新宝島,サカナクション,https://www.billboard-japan.com/charts/detail?a=stsongs&year=2018&month=05&day=07
2018,stsongs,2018-05-02,39,My Boo,清水翔太,https://www.billboard-japan.com/charts/detail?a=stsongs&year=2018&month=05&day=07
2018,stsongs,2018-05-02,40,Fandango,THE RAMPAGE from EXILE TRIBE,https://www.billboard-japan.com/charts/detail?a=stsongs&year=2018&month=05&day=07
2018,stsongs,2018-05-02,41,君はロックを聴かない,あいみょん,https://www.billboard-japan.com/charts/detail?a=stsongs&year=2018&month=05&day=07
2018,stsongs,2018-05-02,42,LIKEY,TWICE,https://www.billboard-japan.com/charts/detail?a=stsongs&year=2018&month=05&day=07
2018,stsongs,2018-05-02,43,Against,乃木坂46,https://www.billboard-japan.com/charts/detail?a=stsongs&year=2018&month=05&day=07
2018,stsongs,2018-05-02,44,ロンリー・トゥゲザー feat.リタ・オラ,アヴィーチー,https://www.billboard-japan.com/charts/detail?a=stsongs&year=2018&month=05&day=07
2018,stsongs,2018-05-02,45,不協和音,欅坂46,https://www.billboard-japan.com/charts/detail?a=stsongs&year=2018&month=05&day=07
2018,stsongs,2018-05-02,46,恋音と雨空,AAA,https://www.billboard-japan.com/charts/detail?a=stsongs&year=2018&month=05&day=07
2018,stsongs,2018-05-02,47,フィネス feat.カーディ・B,ブルーノ・マーズ,https://www.billboard-japan.com/charts/detail?a=stsongs&year=2018&month=05&day=07
2018,stsongs,2018-05-02,48,The Beginning,ONE OK ROCK,https://www.billboard-japan.com/charts/detail?a=stsongs&year=2018&month=05&day=07
2018,stsongs,2018-05-02,49,Heart Shaker,TWICE,https://www.billboard-japan.com/charts/detail?a=stsongs&year=2018&month=05&day=07
2018,stsongs,2018-05-02,50,ホワット・ドゥ・ユー・ミーン?,ジャスティン・ビーバー,https://www.billboard-japan.com/charts/detail?a=stsongs&year=2018&month=05&day=07
2018,stsongs,2018-05-02,51,"Pain, pain",E-girls,https://www.billboard-japan.com/charts/detail?a=stsongs&year=2018&month=05&day=07
2018,stsongs,2018-05-02,52,ワタリドリ,[Alexandros],https://www.billboard-japan.com/charts/detail?a=stsongs&year=2018&month=05&day=07
2018,stsongs,2018-05-02,53,完全感覚Dreamer,ONE OK ROCK,https://www.billboard-japan.com/charts/detail?a=stsongs&year=2018&month=05&day=07
2018,stsongs,2018-05-02,54,明日も,SHISHAMO,https://www.billboard-japan.com/charts/detail?a=stsongs&year=2018&month=05&day=07
2018,stsongs,2018-05-02,55,インフルエンサー,乃木坂46,https://www.billboard-japan.com/charts/detail?a=stsongs&year=2018&month=05&day=07
2018,stsongs,2018-05-02,56,EXCITE,三浦大知,https://www.billboard-japan.com/charts/detail?a=stsongs&year=2018&month=05&day=07
2018,stsongs,2018-05-02,57,シンフォニー feat.ザラ・ラーソン,クリーン・バンディット,https://www.billboard-japan.com/charts/detail?a=stsongs&year=2018&month=05&day=07
2018,stsongs,2018-05-02,58,愛をこめて花束を,Superfly,https://www.billboard-japan.com/charts/detail?a=stsongs&year=2018&month=05&day=07
2018,stsongs,2018-05-02,59,24K・マジック,ブルーノ・マーズ,https://www.billboard-japan.com/charts/detail?a=stsongs&year=2018&month=05&day=07
2018,stsongs,2018-05-02,60,I LOVE YOU,クリス・ハート,https://www.billboard-japan.com/charts/detail?a=stsongs&year=2018&month=05&day=07
2018,stsongs,2018-05-02,61,ブレイク・フリー feat.ゼッド,アリアナ・グランデ,https://www.billboard-japan.com/charts/detail?a=stsongs&year=2018&month=05&day=07
2018,stsongs,2018-05-02,62,カタオモイ,Aimer(エメ),https://www.billboard-japan.com/charts/detail?a=stsongs&year=2018&month=05&day=07
2018,stsongs,2018-05-02,63,ジャスト・ザ・ウェイ・ユー・アー,ブルーノ・マーズ,https://www.billboard-japan.com/charts/detail?a=stsongs&year=2018&month=05&day=07
2018,stsongs,2018-05-02,64,友だち,西野カナ,https://www.billboard-japan.com/charts/detail?a=stsongs&year=2018&month=05&day=07
2018,stsongs,2018-05-02,65,サザンカ,SEKAI NO OWARI,https://www.billboard-japan.com/charts/detail?a=stsongs&year=2018&month=05&day=07
2018,stsongs,2018-05-02,66,Go Go,BTS (防弾少年団),https://www.billboard-japan.com/charts/detail?a=stsongs&year=2018&month=05&day=07
2018,stsongs,2018-05-02,67,グッド・ライフ,Gイージー & ケラーニ,https://www.billboard-japan.com/charts/detail?a=stsongs&year=2018&month=05&day=07
2018,stsongs,2018-05-02,68,風に吹かれても,欅坂46,https://www.billboard-japan.com/charts/detail?a=stsongs&year=2018&month=05&day=07
2018,stsongs,2018-05-02,69,キセキ,GReeeeN,https://www.billboard-japan.com/charts/detail?a=stsongs&year=2018&month=05&day=07
2018,stsongs,2018-05-02,70,ひまわりの約束,秦基博,https://www.billboard-japan.com/charts/detail?a=stsongs&year=2018&month=05&day=07
2018,stsongs,2018-05-02,71,BBoom BBoom,MOMOLAND,https://www.billboard-japan.com/charts/detail?a=stsongs&year=2018&month=05&day=07
2018,stsongs,2018-05-02,72,RAIN,SEKAI NO OWARI,https://www.billboard-japan.com/charts/detail?a=stsongs&year=2018&month=05&day=07
2018,stsongs,2018-05-02,73,リライト・ザ・スターズ,ザック・エフロン & ゼンデイヤ,https://www.billboard-japan.com/charts/detail?a=stsongs&year=2018&month=05&day=07
2018,stsongs,2018-05-02,74,泣きたいくらい,大原櫻子,https://www.billboard-japan.com/charts/detail?a=stsongs&year=2018&month=05&day=07
2018,stsongs,2018-05-02,75,血、汗、涙,BTS (防弾少年団),https://www.billboard-japan.com/charts/detail?a=stsongs&year=2018&month=05&day=07
2018,stsongs,2018-05-02,76,リメンバー・ミー,シシド・カフカ feat.東京スカパラダイスオーケストラ,https://www.billboard-japan.com/charts/detail?a=stsongs&year=2018&month=05&day=07
2018,stsongs,2018-05-02,77,パッ,西野カナ,https://www.billboard-japan.com/charts/detail?a=stsongs&year=2018&month=05&day=07
2018,stsongs,2018-05-02,78,笑一笑〜シャオイーシャオ!〜,ももいろクローバーZ,https://www.billboard-japan.com/charts/detail?a=stsongs&year=2018&month=05&day=07
2018,stsongs,2018-05-02,79,愛唄,GReeeeN,https://www.billboard-japan.com/charts/detail?a=stsongs&year=2018&month=05&day=07
2018,stsongs,2018-05-02,80,さくら,ケツメイシ,https://www.billboard-japan.com/charts/detail?a=stsongs&year=2018&month=05&day=07
2018,stsongs,2018-05-02,81,フレンズ,マシュメロ & アン・マリー,https://www.billboard-japan.com/charts/detail?a=stsongs&year=2018&month=05&day=07
2018,stsongs,2018-05-02,82,R.Y.U.S.E.I.,三代目 J Soul Brothers from EXILE TRIBE,https://www.billboard-japan.com/charts/detail?a=stsongs&year=2018&month=05&day=07
2018,stsongs,2018-05-02,83,ワン・キス,カルヴィン・ハリス & デュア・リパ,https://www.billboard-japan.com/charts/detail?a=stsongs&year=2018&month=05&day=07
2018,stsongs,2018-05-02,84,AS IF IT'S YOUR LAST,BLACKPINK,https://www.billboard-japan.com/charts/detail?a=stsongs&year=2018&month=05&day=07
2018,stsongs,2018-05-02,85,見たこともない景色,菅田将暉,https://www.billboard-japan.com/charts/detail?a=stsongs&year=2018&month=05&day=07
2018,stsongs,2018-05-02,86,花束を君に,宇多田ヒカル,https://www.billboard-japan.com/charts/detail?a=stsongs&year=2018&month=05&day=07
2018,stsongs,2018-05-02,87,シュガー,マルーン5,https://www.billboard-japan.com/charts/detail?a=stsongs&year=2018&month=05&day=07
2018,stsongs,2018-05-02,88,Darling,西野カナ,https://www.billboard-japan.com/charts/detail?a=stsongs&year=2018&month=05&day=07
2018,stsongs,2018-05-02,89,デスパシート feat.ジャスティン・ビーバー,ルイス・フォンシ & ダディー・ヤンキー,https://www.billboard-japan.com/charts/detail?a=stsongs&year=2018&month=05&day=07
2018,stsongs,2018-05-02,90,にじいろ,絢香,https://www.billboard-japan.com/charts/detail?a=stsongs&year=2018&month=05&day=07
2018,stsongs,2018-05-02,91,My Star,EXILE,https://www.billboard-japan.com/charts/detail?a=stsongs&year=2018&month=05&day=07
2018,stsongs,2018-05-02,92,シー・ユー・アゲイン,ウィズ・カリファ feat.チャーリー・プース,https://www.billboard-japan.com/charts/detail?a=stsongs&year=2018&month=05&day=07
2018,stsongs,2018-05-02,93,ジ・アザー・サイド,ヒュー・ジャックマン & ザック・エフロン,https://www.billboard-japan.com/charts/detail?a=stsongs&year=2018&month=05&day=07
2018,stsongs,2018-05-02,94,甘えちゃってSorry,AYA a.k.a. PANDA,https://www.billboard-japan.com/charts/detail?a=stsongs&year=2018&month=05&day=07
2018,stsongs,2018-05-02,95,Hero,安室奈美恵,https://www.billboard-japan.com/charts/detail?a=stsongs&year=2018&month=05&day=07
2018,stsongs,2018-05-02,96,シェイク・イット・オフ〜気にしてなんかいられないっ!!,テイラー・スウィフト,https://www.billboard-japan.com/charts/detail?a=stsongs&year=2018&month=05&day=07
2018,stsongs,2018-05-02,97,Let Go,BTS (防弾少年団),https://www.billboard-japan.com/charts/detail?a=stsongs&year=2018&month=05&day=07
2018,stsongs,2018-05-02,98,MIC Drop,BTS (防弾少年団),https://www.billboard-japan.com/charts/detail?a=stsongs&year=2018&month=05&day=07
2018,stsongs,2018-05-02,99,Ref:rain,Aimer(エメ),https://www.billboard-japan.com/charts/detail?a=stsongs&year=2018&month=05&day=07
2018,stsongs,2018-05-02,100,君が好き,清水翔太,https://www.billboard-japan.com/charts/detail?a=stsongs&year=2018&month=05&day=07
2018,stsongs,2018-05-09,1,アイラブユー,西野カナ,https://www.billboard-japan.com/charts/detail?a=stsongs&year=2018&month=05&day=14
2018,stsongs,2018-05-09,2,What is Love?,TWICE,https://www.billboard-japan.com/charts/detail?a=stsongs&year=2018&month=05&day=14
2018,stsongs,2018-05-09,3,シンクロニシティ,乃木坂46,https://www.billboard-japan.com/charts/detail?a=stsongs&year=2018&month=05&day=14
2018,stsongs,2018-05-09,4,シェイプ・オブ・ユー,エド・シーラン,https://www.billboard-japan.com/charts/detail?a=stsongs&year=2018&month=05&day=14
2018,stsongs,2018-05-09,5,さよならエレジー,菅田将暉,https://www.billboard-japan.com/charts/detail?a=stsongs&year=2018&month=05&day=14
2018,stsongs,2018-05-09,6,打上花火,DAOKO × 米津玄師,https://www.billboard-japan.com/charts/detail?a=stsongs&year=2018&month=05&day=14
2018,stsongs,2018-05-09,7,Change,ONE OK ROCK,https://www.billboard-japan.com/charts/detail?a=stsongs&year=2018&month=05&day=14
2018,stsongs,2018-05-09,8,ガラスを割れ!,欅坂46,https://www.billboard-japan.com/charts/detail?a=stsongs&year=2018&month=05&day=14
2018,stsongs,2018-05-09,9,Don't Leave Me,BTS (防弾少年団),https://www.billboard-japan.com/charts/detail?a=stsongs&year=2018&month=05&day=14
2018,stsongs,2018-05-09,10,小さな恋のうた,MONGOL800,https://www.billboard-japan.com/charts/detail?a=stsongs&year=2018&month=05&day=14
2018,stsongs,2018-05-09,11,ノー・ティアーズ・レフト・トゥ・クライ,アリアナ・グランデ,https://www.billboard-japan.com/charts/detail?a=stsongs&year=2018&month=05&day=14
2018,stsongs,2018-05-09,12,ODD FUTURE,UVERworld,https://www.billboard-japan.com/charts/detail?a=stsongs&year=2018&month=05&day=14
2018,stsongs,2018-05-09,13,Wherever you are,ONE OK ROCK,https://www.billboard-japan.com/charts/detail?a=stsongs&year=2018&month=05&day=14
2018,stsongs,2018-05-09,14,Wake Me Up,TWICE,https://www.billboard-japan.com/charts/detail?a=stsongs&year=2018&month=05&day=14
2018,stsongs,2018-05-09,15,TT,TWICE,https://www.billboard-japan.com/charts/detail?a=stsongs&year=2018&month=05&day=14
2018,stsongs,2018-05-09,16,ウェイク・ミー・アップ!,アヴィーチー,https://www.billboard-japan.com/charts/detail?a=stsongs&year=2018&month=05&day=14
2018,stsongs,2018-05-09,17,WanteD! WanteD!,Mrs.GREEN APPLE,https://www.billboard-japan.com/charts/detail?a=stsongs&year=2018&month=05&day=14
2018,stsongs,2018-05-09,18,ノーダウト,Official髭男dism,https://www.billboard-japan.com/charts/detail?a=stsongs&year=2018&month=05&day=14
2018,stsongs,2018-05-09,19,零 -ZERO-,福山雅治,https://www.billboard-japan.com/charts/detail?a=stsongs&year=2018&month=05&day=14
2018,stsongs,2018-05-09,20,ザ・ミドル,"ゼッド,マレン・モリス,グレイ",https://www.billboard-japan.com/charts/detail?a=stsongs&year=2018&month=05&day=14
2018,stsongs,2018-05-09,21,満月の夜なら,あいみょん,https://www.billboard-japan.com/charts/detail?a=stsongs&year=2018&month=05&day=14
2018,stsongs,2018-05-09,22,ステイ,ゼッド & アレッシア・カーラ,https://www.billboard-japan.com/charts/detail?a=stsongs&year=2018&month=05&day=14
2018,stsongs,2018-05-09,23,DNA,BTS (防弾少年団),https://www.billboard-japan.com/charts/detail?a=stsongs&year=2018&month=05&day=14
2018,stsongs,2018-05-09,24,ウェイティング・フォー・ラヴ,アヴィーチー,https://www.billboard-japan.com/charts/detail?a=stsongs&year=2018&month=05&day=14
2018,stsongs,2018-05-09,25,ハバナ feat.ヤング・サグ,カミラ・カベロ,https://www.billboard-japan.com/charts/detail?a=stsongs&year=2018&month=05&day=14
2018,stsongs,2018-05-09,26,ドラえもん,星野源,https://www.billboard-japan.com/charts/detail?a=stsongs&year=2018&month=05&day=14
2018,stsongs,2018-05-09,27,ディス・イズ・ミー,キアラ・セトル & ザ・グレイテスト・ショーマン・アンサンブル,https://www.billboard-japan.com/charts/detail?a=stsongs&year=2018&month=05&day=14
2018,stsongs,2018-05-09,28,Candy Pop,TWICE,https://www.billboard-japan.com/charts/detail?a=stsongs&year=2018&month=05&day=14
2018,stsongs,2018-05-09,29,愛を伝えたいだとか,あいみょん,https://www.billboard-japan.com/charts/detail?a=stsongs&year=2018&month=05&day=14
2018,stsongs,2018-05-09,30,Fandango,THE RAMPAGE from EXILE TRIBE,https://www.billboard-japan.com/charts/detail?a=stsongs&year=2018&month=05&day=14
2018,stsongs,2018-05-09,31,My Boo,清水翔太,https://www.billboard-japan.com/charts/detail?a=stsongs&year=2018&month=05&day=14
2018,stsongs,2018-05-09,32,サイレントマジョリティー,欅坂46,https://www.billboard-japan.com/charts/detail?a=stsongs&year=2018&month=05&day=14
2018,stsongs,2018-05-09,33,新宝島,サカナクション,https://www.billboard-japan.com/charts/detail?a=stsongs&year=2018&month=05&day=14
2018,stsongs,2018-05-09,34,トリセツ,西野カナ,https://www.billboard-japan.com/charts/detail?a=stsongs&year=2018&month=05&day=14
2018,stsongs,2018-05-09,35,奏(かなで),スキマスイッチ,https://www.billboard-japan.com/charts/detail?a=stsongs&year=2018&month=05&day=14
2018,stsongs,2018-05-09,36,LIKEY,TWICE,https://www.billboard-japan.com/charts/detail?a=stsongs&year=2018&month=05&day=14
2018,stsongs,2018-05-09,37,フェイデッド,アラン・ウォーカー,https://www.billboard-japan.com/charts/detail?a=stsongs&year=2018&month=05&day=14
2018,stsongs,2018-05-09,38,ワタリドリ,[Alexandros],https://www.billboard-japan.com/charts/detail?a=stsongs&year=2018&month=05&day=14
2018,stsongs,2018-05-09,39,ウィズアウト・ユー feat.サンドロ・カヴァッザ,アヴィーチー,https://www.billboard-japan.com/charts/detail?a=stsongs&year=2018&month=05&day=14
2018,stsongs,2018-05-09,40,明日も,SHISHAMO,https://www.billboard-japan.com/charts/detail?a=stsongs&year=2018&month=05&day=14
2018,stsongs,2018-05-09,41,インフルエンサー,乃木坂46,https://www.billboard-japan.com/charts/detail?a=stsongs&year=2018&month=05&day=14
2018,stsongs,2018-05-09,42,ホワット・ドゥ・ユー・ミーン?,ジャスティン・ビーバー,https://www.billboard-japan.com/charts/detail?a=stsongs&year=2018&month=05&day=14
2018,stsongs,2018-05-09,43,君はロックを聴かない,あいみょん,https://www.billboard-japan.com/charts/detail?a=stsongs&year=2018&month=05&day=14
2018,stsongs,2018-05-09,44,EXCITE,三浦大知,https://www.billboard-japan.com/charts/detail?a=stsongs&year=2018&month=05&day=14
2018,stsongs,2018-05-09,45,クローサー feat.ホールジー,チェインスモーカーズ,https://www.billboard-japan.com/charts/detail?a=stsongs&year=2018&month=05&day=14
2018,stsongs,2018-05-09,46,Heart Shaker,TWICE,https://www.billboard-japan.com/charts/detail?a=stsongs&year=2018&month=05&day=14
2018,stsongs,2018-05-09,47,ギュッと,Little Glee Monster,https://www.billboard-japan.com/charts/detail?a=stsongs&year=2018&month=05&day=14
2018,stsongs,2018-05-09,48,シンフォニー feat.ザラ・ラーソン,クリーン・バンディット,https://www.billboard-japan.com/charts/detail?a=stsongs&year=2018&month=05&day=14
2018,stsongs,2018-05-09,49,フィネス feat.カーディ・B,ブルーノ・マーズ,https://www.billboard-japan.com/charts/detail?a=stsongs&year=2018&month=05&day=14
2018,stsongs,2018-05-09,50,愛をこめて花束を,Superfly,https://www.billboard-japan.com/charts/detail?a=stsongs&year=2018&month=05&day=14
2018,stsongs,2018-05-09,51,Just The Way You Are,EXILE ATSUSHI,https://www.billboard-japan.com/charts/detail?a=stsongs&year=2018&month=05&day=14
2018,stsongs,2018-05-09,52,不協和音,欅坂46,https://www.billboard-japan.com/charts/detail?a=stsongs&year=2018&month=05&day=14
2018,stsongs,2018-05-09,53,The Beginning,ONE OK ROCK,https://www.billboard-japan.com/charts/detail?a=stsongs&year=2018&month=05&day=14
2018,stsongs,2018-05-09,54,ザ・グレイテスト・ショー,ヒュー・ジャックマン、キアラ・セトル、ザック・エフロン、ゼンデイヤ & ザ・グレイテスト・ショーマン・アンサンブル,https://www.billboard-japan.com/charts/detail?a=stsongs&year=2018&month=05&day=14
2018,stsongs,2018-05-09,55,BBoom BBoom,MOMOLAND,https://www.billboard-japan.com/charts/detail?a=stsongs&year=2018&month=05&day=14
2018,stsongs,2018-05-09,56,完全感覚Dreamer,ONE OK ROCK,https://www.billboard-japan.com/charts/detail?a=stsongs&year=2018&month=05&day=14
2018,stsongs,2018-05-09,57,ブレイク・フリー feat.ゼッド,アリアナ・グランデ,https://www.billboard-japan.com/charts/detail?a=stsongs&year=2018&month=05&day=14
2018,stsongs,2018-05-09,58,ジャスト・ザ・ウェイ・ユー・アー,ブルーノ・マーズ,https://www.billboard-japan.com/charts/detail?a=stsongs&year=2018&month=05&day=14
2018,stsongs,2018-05-09,59,キセキ,GReeeeN,https://www.billboard-japan.com/charts/detail?a=stsongs&year=2018&month=05&day=14
2018,stsongs,2018-05-09,60,恋音と雨空,AAA,https://www.billboard-japan.com/charts/detail?a=stsongs&year=2018&month=05&day=14
2018,stsongs,2018-05-09,61,ハナウタ,[Alexandros] × 最果タヒ,https://www.billboard-japan.com/charts/detail?a=stsongs&year=2018&month=05&day=14
2018,stsongs,2018-05-09,62,HALF,女王蜂,https://www.billboard-japan.com/charts/detail?a=stsongs&year=2018&month=05&day=14
2018,stsongs,2018-05-09,63,ザ・ナイツ,アヴィーチー,https://www.billboard-japan.com/charts/detail?a=stsongs&year=2018&month=05&day=14
2018,stsongs,2018-05-09,64,I LOVE YOU,クリス・ハート,https://www.billboard-japan.com/charts/detail?a=stsongs&year=2018&month=05&day=14
2018,stsongs,2018-05-09,65,グッド・ライフ,Gイージー & ケラーニ,https://www.billboard-japan.com/charts/detail?a=stsongs&year=2018&month=05&day=14
2018,stsongs,2018-05-09,66,笑一笑〜シャオイーシャオ!〜,ももいろクローバーZ,https://www.billboard-japan.com/charts/detail?a=stsongs&year=2018&month=05&day=14
2018,stsongs,2018-05-09,67,カタオモイ,Aimer(エメ),https://www.billboard-japan.com/charts/detail?a=stsongs&year=2018&month=05&day=14
2018,stsongs,2018-05-09,68,"Pain, pain",E-girls,https://www.billboard-japan.com/charts/detail?a=stsongs&year=2018&month=05&day=14
2018,stsongs,2018-05-09,69,RAIN,SEKAI NO OWARI,https://www.billboard-japan.com/charts/detail?a=stsongs&year=2018&month=05&day=14
2018,stsongs,2018-05-09,70,ワン・キス,カルヴィン・ハリス & デュア・リパ,https://www.billboard-japan.com/charts/detail?a=stsongs&year=2018&month=05&day=14
2018,stsongs,2018-05-09,71,サザンカ,SEKAI NO OWARI,https://www.billboard-japan.com/charts/detail?a=stsongs&year=2018&month=05&day=14
2018,stsongs,2018-05-09,72,風に吹かれても,欅坂46,https://www.billboard-japan.com/charts/detail?a=stsongs&year=2018&month=05&day=14
2018,stsongs,2018-05-09,73,Turn Back Time feat.FANTASTICS,EXILE,https://www.billboard-japan.com/charts/detail?a=stsongs&year=2018&month=05&day=14
2018,stsongs,2018-05-09,74,フレンズ,マシュメロ & アン・マリー,https://www.billboard-japan.com/charts/detail?a=stsongs&year=2018&month=05&day=14
2018,stsongs,2018-05-09,75,24K・マジック,ブルーノ・マーズ,https://www.billboard-japan.com/charts/detail?a=stsongs&year=2018&month=05&day=14
2018,stsongs,2018-05-09,76,愛唄,GReeeeN,https://www.billboard-japan.com/charts/detail?a=stsongs&year=2018&month=05&day=14
2018,stsongs,2018-05-09,77,R.Y.U.S.E.I.,三代目 J Soul Brothers from EXILE TRIBE,https://www.billboard-japan.com/charts/detail?a=stsongs&year=2018&month=05&day=14
2018,stsongs,2018-05-09,78,Go Go,BTS (防弾少年団),https://www.billboard-japan.com/charts/detail?a=stsongs&year=2018&month=05&day=14
2018,stsongs,2018-05-09,79,血、汗、涙,BTS (防弾少年団),https://www.billboard-japan.com/charts/detail?a=stsongs&year=2018&month=05&day=14
2018,stsongs,2018-05-09,80,シュガー,マルーン5,https://www.billboard-japan.com/charts/detail?a=stsongs&year=2018&month=05&day=14
2018,stsongs,2018-05-09,81,ひまわりの約束,秦基博,https://www.billboard-japan.com/charts/detail?a=stsongs&year=2018&month=05&day=14
2018,stsongs,2018-05-09,82,Against,乃木坂46,https://www.billboard-japan.com/charts/detail?a=stsongs&year=2018&month=05&day=14
2018,stsongs,2018-05-09,83,泣きたいくらい,大原櫻子,https://www.billboard-japan.com/charts/detail?a=stsongs&year=2018&month=05&day=14
2018,stsongs,2018-05-09,84,デスパシート feat.ジャスティン・ビーバー,ルイス・フォンシ & ダディー・ヤンキー,https://www.billboard-japan.com/charts/detail?a=stsongs&year=2018&month=05&day=14
2018,stsongs,2018-05-09,85,ダンシング・ヒーロー,荻野目洋子,https://www.billboard-japan.com/charts/detail?a=stsongs&year=2018&month=05&day=14
2018,stsongs,2018-05-09,86,見たこともない景色,菅田将暉,https://www.billboard-japan.com/charts/detail?a=stsongs&year=2018&month=05&day=14
2018,stsongs,2018-05-09,87,シェイク・イット・オフ〜気にしてなんかいられないっ!!,テイラー・スウィフト,https://www.billboard-japan.com/charts/detail?a=stsongs&year=2018&month=05&day=14
2018,stsongs,2018-05-09,88,友だち,西野カナ,https://www.billboard-japan.com/charts/detail?a=stsongs&year=2018&month=05&day=14
2018,stsongs,2018-05-09,89,リライト・ザ・スターズ,ザック・エフロン & ゼンデイヤ,https://www.billboard-japan.com/charts/detail?a=stsongs&year=2018&month=05&day=14
2018,stsongs,2018-05-09,90,パッ,西野カナ,https://www.billboard-japan.com/charts/detail?a=stsongs&year=2018&month=05&day=14
2018,stsongs,2018-05-09,91,花束を君に,宇多田ヒカル,https://www.billboard-japan.com/charts/detail?a=stsongs&year=2018&month=05&day=14
2018,stsongs,2018-05-09,92,シー・ユー・アゲイン,ウィズ・カリファ feat.チャーリー・プース,https://www.billboard-japan.com/charts/detail?a=stsongs&year=2018&month=05&day=14
2018,stsongs,2018-05-09,93,Be The One,PANDORA feat.Beverly,https://www.billboard-japan.com/charts/detail?a=stsongs&year=2018&month=05&day=14
2018,stsongs,2018-05-09,94,MIC Drop,BTS (防弾少年団),https://www.billboard-japan.com/charts/detail?a=stsongs&year=2018&month=05&day=14
2018,stsongs,2018-05-09,95,リメンバー・ミー,シシド・カフカ feat.東京スカパラダイスオーケストラ,https://www.billboard-japan.com/charts/detail?a=stsongs&year=2018&month=05&day=14
2018,stsongs,2018-05-09,96,さくら,ケツメイシ,https://www.billboard-japan.com/charts/detail?a=stsongs&year=2018&month=05&day=14
2018,stsongs,2018-05-09,97,AS IF IT'S YOUR LAST,BLACKPINK,https://www.billboard-japan.com/charts/detail?a=stsongs&year=2018&month=05&day=14
2018,stsongs,2018-05-09,98,カット・トゥ・ザ・フィーリング,カーリー・レイ・ジェプセン,https://www.billboard-japan.com/charts/detail?a=stsongs&year=2018&month=05&day=14
2018,stsongs,2018-05-09,99,2002,アン・マリー,https://www.billboard-japan.com/charts/detail?a=stsongs&year=2018&month=05&day=14
2018,stsongs,2018-05-09,100,Hero,安室奈美恵,https://www.billboard-japan.com/charts/detail?a=stsongs&year=2018&month=05&day=14
2018,stsongs,2018-05-16,1,恋と愛,三代目 J Soul Brothers from EXILE TRIBE,https://www.billboard-japan.com/charts/detail?a=stsongs&year=2018&month=05&day=21
2018,stsongs,2018-05-16,2,アイラブユー,西野カナ,https://www.billboard-japan.com/charts/detail?a=stsongs&year=2018&month=05&day=21
2018,stsongs,2018-05-16,3,シェイプ・オブ・ユー,エド・シーラン,https://www.billboard-japan.com/charts/detail?a=stsongs&year=2018&month=05&day=21
2018,stsongs,2018-05-16,4,What is Love?,TWICE,https://www.billboard-japan.com/charts/detail?a=stsongs&year=2018&month=05&day=21
2018,stsongs,2018-05-16,5,シンクロニシティ,乃木坂46,https://www.billboard-japan.com/charts/detail?a=stsongs&year=2018&month=05&day=21
2018,stsongs,2018-05-16,6,さよならエレジー,菅田将暉,https://www.billboard-japan.com/charts/detail?a=stsongs&year=2018&month=05&day=21
2018,stsongs,2018-05-16,7,打上花火,DAOKO × 米津玄師,https://www.billboard-japan.com/charts/detail?a=stsongs&year=2018&month=05&day=21
2018,stsongs,2018-05-16,8,HANABI,Mr.Children,https://www.billboard-japan.com/charts/detail?a=stsongs&year=2018&month=05&day=21
2018,stsongs,2018-05-16,9,Change,ONE OK ROCK,https://www.billboard-japan.com/charts/detail?a=stsongs&year=2018&month=05&day=21
2018,stsongs,2018-05-16,10,ガラスを割れ!,欅坂46,https://www.billboard-japan.com/charts/detail?a=stsongs&year=2018&month=05&day=21
2018,stsongs,2018-05-16,11,ODD FUTURE,UVERworld,https://www.billboard-japan.com/charts/detail?a=stsongs&year=2018&month=05&day=21
2018,stsongs,2018-05-16,12,Don't Leave Me,BTS (防弾少年団),https://www.billboard-japan.com/charts/detail?a=stsongs&year=2018&month=05&day=21
2018,stsongs,2018-05-16,13,ノー・ティアーズ・レフト・トゥ・クライ,アリアナ・グランデ,https://www.billboard-japan.com/charts/detail?a=stsongs&year=2018&month=05&day=21
2018,stsongs,2018-05-16,14,Wherever you are,ONE OK ROCK,https://www.billboard-japan.com/charts/detail?a=stsongs&year=2018&month=05&day=21
2018,stsongs,2018-05-16,15,ノーダウト,Official髭男dism,https://www.billboard-japan.com/charts/detail?a=stsongs&year=2018&month=05&day=21
2018,stsongs,2018-05-16,16,My Boo,清水翔太,https://www.billboard-japan.com/charts/detail?a=stsongs&year=2018&month=05&day=21
2018,stsongs,2018-05-16,17,ザ・ミドル,"ゼッド,マレン・モリス,グレイ",https://www.billboard-japan.com/charts/detail?a=stsongs&year=2018&month=05&day=21
2018,stsongs,2018-05-16,18,小さな恋のうた,MONGOL800,https://www.billboard-japan.com/charts/detail?a=stsongs&year=2018&month=05&day=21
2018,stsongs,2018-05-16,19,Tomorrow Never Knows,Mr.Children,https://www.billboard-japan.com/charts/detail?a=stsongs&year=2018&month=05&day=21
2018,stsongs,2018-05-16,20,himawari,Mr.Children,https://www.billboard-japan.com/charts/detail?a=stsongs&year=2018&month=05&day=21
2018,stsongs,2018-05-16,21,TT,TWICE,https://www.billboard-japan.com/charts/detail?a=stsongs&year=2018&month=05&day=21
2018,stsongs,2018-05-16,22,ステイ,ゼッド & アレッシア・カーラ,https://www.billboard-japan.com/charts/detail?a=stsongs&year=2018&month=05&day=21
2018,stsongs,2018-05-16,23,零 -ZERO-,福山雅治,https://www.billboard-japan.com/charts/detail?a=stsongs&year=2018&month=05&day=21
2018,stsongs,2018-05-16,24,WanteD! WanteD!,Mrs.GREEN APPLE,https://www.billboard-japan.com/charts/detail?a=stsongs&year=2018&month=05&day=21
2018,stsongs,2018-05-16,25,DNA,BTS (防弾少年団),https://www.billboard-japan.com/charts/detail?a=stsongs&year=2018&month=05&day=21
2018,stsongs,2018-05-16,26,ウェイク・ミー・アップ!,アヴィーチー,https://www.billboard-japan.com/charts/detail?a=stsongs&year=2018&month=05&day=21
2018,stsongs,2018-05-16,27,Wake Me Up,TWICE,https://www.billboard-japan.com/charts/detail?a=stsongs&year=2018&month=05&day=21
2018,stsongs,2018-05-16,28,満月の夜なら,あいみょん,https://www.billboard-japan.com/charts/detail?a=stsongs&year=2018&month=05&day=21
2018,stsongs,2018-05-16,29,愛を伝えたいだとか,あいみょん,https://www.billboard-japan.com/charts/detail?a=stsongs&year=2018&month=05&day=21
2018,stsongs,2018-05-16,30,シーソーゲーム〜勇敢な恋の歌〜,Mr.Children,https://www.billboard-japan.com/charts/detail?a=stsongs&year=2018&month=05&day=21
2018,stsongs,2018-05-16,31,ディス・イズ・ミー,キアラ・セトル & ザ・グレイテスト・ショーマン・アンサンブル,https://www.billboard-japan.com/charts/detail?a=stsongs&year=2018&month=05&day=21
2018,stsongs,2018-05-16,32,ハバナ feat.ヤング・サグ,カミラ・カベロ,https://www.billboard-japan.com/charts/detail?a=stsongs&year=2018&month=05&day=21
2018,stsongs,2018-05-16,33,Turn Back Time feat.FANTASTICS,EXILE,https://www.billboard-japan.com/charts/detail?a=stsongs&year=2018&month=05&day=21
2018,stsongs,2018-05-16,34,フェイデッド,アラン・ウォーカー,https://www.billboard-japan.com/charts/detail?a=stsongs&year=2018&month=05&day=21
2018,stsongs,2018-05-16,35,イノセント・ワールド,Mr.Children,https://www.billboard-japan.com/charts/detail?a=stsongs&year=2018&month=05&day=21
2018,stsongs,2018-05-16,36,Sign,Mr.Children,https://www.billboard-japan.com/charts/detail?a=stsongs&year=2018&month=05&day=21
2018,stsongs,2018-05-16,37,抱きしめたい,Mr.Children,https://www.billboard-japan.com/charts/detail?a=stsongs&year=2018&month=05&day=21
2018,stsongs,2018-05-16,38,ウェイティング・フォー・ラヴ,アヴィーチー,https://www.billboard-japan.com/charts/detail?a=stsongs&year=2018&month=05&day=21
2018,stsongs,2018-05-16,39,しるし,Mr.Children,https://www.billboard-japan.com/charts/detail?a=stsongs&year=2018&month=05&day=21
2018,stsongs,2018-05-16,40,サイレントマジョリティー,欅坂46,https://www.billboard-japan.com/charts/detail?a=stsongs&year=2018&month=05&day=21
2018,stsongs,2018-05-16,41,ハナウタ,[Alexandros] × 最果タヒ,https://www.billboard-japan.com/charts/detail?a=stsongs&year=2018&month=05&day=21
2018,stsongs,2018-05-16,42,名もなき詩,Mr.Children,https://www.billboard-japan.com/charts/detail?a=stsongs&year=2018&month=05&day=21
2018,stsongs,2018-05-16,43,新宝島,サカナクション,https://www.billboard-japan.com/charts/detail?a=stsongs&year=2018&month=05&day=21
2018,stsongs,2018-05-16,44,奏(かなで),スキマスイッチ,https://www.billboard-japan.com/charts/detail?a=stsongs&year=2018&month=05&day=21
2018,stsongs,2018-05-16,45,君はロックを聴かない,あいみょん,https://www.billboard-japan.com/charts/detail?a=stsongs&year=2018&month=05&day=21
2018,stsongs,2018-05-16,46,Candy Pop,TWICE,https://www.billboard-japan.com/charts/detail?a=stsongs&year=2018&month=05&day=21
2018,stsongs,2018-05-16,47,ワタリドリ,[Alexandros],https://www.billboard-japan.com/charts/detail?a=stsongs&year=2018&month=05&day=21
2018,stsongs,2018-05-16,48,シンフォニー feat.ザラ・ラーソン,クリーン・バンディット,https://www.billboard-japan.com/charts/detail?a=stsongs&year=2018&month=05&day=21
2018,stsongs,2018-05-16,49,LIKEY,TWICE,https://www.billboard-japan.com/charts/detail?a=stsongs&year=2018&month=05&day=21
2018,stsongs,2018-05-16,50,クローサー feat.ホールジー,チェインスモーカーズ,https://www.billboard-japan.com/charts/detail?a=stsongs&year=2018&month=05&day=21
2018,stsongs,2018-05-16,51,ドラえもん,星野源,https://www.billboard-japan.com/charts/detail?a=stsongs&year=2018&month=05&day=21
2018,stsongs,2018-05-16,52,ホワット・ドゥ・ユー・ミーン?,ジャスティン・ビーバー,https://www.billboard-japan.com/charts/detail?a=stsongs&year=2018&month=05&day=21
2018,stsongs,2018-05-16,53,RAIN,SEKAI NO OWARI,https://www.billboard-japan.com/charts/detail?a=stsongs&year=2018&month=05&day=21
2018,stsongs,2018-05-16,54,トリセツ,西野カナ,https://www.billboard-japan.com/charts/detail?a=stsongs&year=2018&month=05&day=21
2018,stsongs,2018-05-16,55,フィネス feat.カーディ・B,ブルーノ・マーズ,https://www.billboard-japan.com/charts/detail?a=stsongs&year=2018&month=05&day=21
2018,stsongs,2018-05-16,56,ワン・キス,カルヴィン・ハリス & デュア・リパ,https://www.billboard-japan.com/charts/detail?a=stsongs&year=2018&month=05&day=21
2018,stsongs,2018-05-16,57,ウィズアウト・ユー feat.サンドロ・カヴァッザ,アヴィーチー,https://www.billboard-japan.com/charts/detail?a=stsongs&year=2018&month=05&day=21
2018,stsongs,2018-05-16,58,インフルエンサー,乃木坂46,https://www.billboard-japan.com/charts/detail?a=stsongs&year=2018&month=05&day=21
2018,stsongs,2018-05-16,59,Dear My Boo,當山みれい,https://www.billboard-japan.com/charts/detail?a=stsongs&year=2018&month=05&day=21
2018,stsongs,2018-05-16,60,I LOVE YOU,クリス・ハート,https://www.billboard-japan.com/charts/detail?a=stsongs&year=2018&month=05&day=21
2018,stsongs,2018-05-16,61,フレンズ,マシュメロ & アン・マリー,https://www.billboard-japan.com/charts/detail?a=stsongs&year=2018&month=05&day=21
2018,stsongs,2018-05-16,62,不協和音,欅坂46,https://www.billboard-japan.com/charts/detail?a=stsongs&year=2018&month=05&day=21
2018,stsongs,2018-05-16,63,The Beginning,ONE OK ROCK,https://www.billboard-japan.com/charts/detail?a=stsongs&year=2018&month=05&day=21
2018,stsongs,2018-05-16,64,Against,乃木坂46,https://www.billboard-japan.com/charts/detail?a=stsongs&year=2018&month=05&day=21
2018,stsongs,2018-05-16,65,EXCITE,三浦大知,https://www.billboard-japan.com/charts/detail?a=stsongs&year=2018&month=05&day=21
2018,stsongs,2018-05-16,66,愛をこめて花束を,Superfly,https://www.billboard-japan.com/charts/detail?a=stsongs&year=2018&month=05&day=21
2018,stsongs,2018-05-16,67,カタオモイ,Aimer(エメ),https://www.billboard-japan.com/charts/detail?a=stsongs&year=2018&month=05&day=21
2018,stsongs,2018-05-16,68,ザ・グレイテスト・ショー,ヒュー・ジャックマン、キアラ・セトル、ザック・エフロン、ゼンデイヤ & ザ・グレイテスト・ショーマン・アンサンブル,https://www.billboard-japan.com/charts/detail?a=stsongs&year=2018&month=05&day=21
2018,stsongs,2018-05-16,69,ブレイク・フリー feat.ゼッド,アリアナ・グランデ,https://www.billboard-japan.com/charts/detail?a=stsongs&year=2018&month=05&day=21
2018,stsongs,2018-05-16,70,明日も,SHISHAMO,https://www.billboard-japan.com/charts/detail?a=stsongs&year=2018&month=05&day=21
2018,stsongs,2018-05-16,71,365日,Mr.Children,https://www.billboard-japan.com/charts/detail?a=stsongs&year=2018&month=05&day=21
2018,stsongs,2018-05-16,72,Heart Shaker,TWICE,https://www.billboard-japan.com/charts/detail?a=stsongs&year=2018&month=05&day=21
2018,stsongs,2018-05-16,73,恋音と雨空,AAA,https://www.billboard-japan.com/charts/detail?a=stsongs&year=2018&month=05&day=21
2018,stsongs,2018-05-16,74,完全感覚Dreamer,ONE OK ROCK,https://www.billboard-japan.com/charts/detail?a=stsongs&year=2018&month=05&day=21
2018,stsongs,2018-05-16,75,サザンカ,SEKAI NO OWARI,https://www.billboard-japan.com/charts/detail?a=stsongs&year=2018&month=05&day=21
2018,stsongs,2018-05-16,76,Fandango,THE RAMPAGE from EXILE TRIBE,https://www.billboard-japan.com/charts/detail?a=stsongs&year=2018&month=05&day=21
2018,stsongs,2018-05-16,77,泣きたいくらい,大原櫻子,https://www.billboard-japan.com/charts/detail?a=stsongs&year=2018&month=05&day=21
2018,stsongs,2018-05-16,78,ギュッと,Little Glee Monster,https://www.billboard-japan.com/charts/detail?a=stsongs&year=2018&month=05&day=21
2018,stsongs,2018-05-16,79,CROSS ROAD,Mr.Children,https://www.billboard-japan.com/charts/detail?a=stsongs&year=2018&month=05&day=21
2018,stsongs,2018-05-16,80,超ヤバい,t-Ace,https://www.billboard-japan.com/charts/detail?a=stsongs&year=2018&month=05&day=21
2018,stsongs,2018-05-16,81,BBoom BBoom,MOMOLAND,https://www.billboard-japan.com/charts/detail?a=stsongs&year=2018&month=05&day=21
2018,stsongs,2018-05-16,82,足音〜Be Strong,Mr.Children,https://www.billboard-japan.com/charts/detail?a=stsongs&year=2018&month=05&day=21
2018,stsongs,2018-05-16,83,Just The Way You Are,EXILE ATSUSHI,https://www.billboard-japan.com/charts/detail?a=stsongs&year=2018&month=05&day=21
2018,stsongs,2018-05-16,84,HALF,女王蜂,https://www.billboard-japan.com/charts/detail?a=stsongs&year=2018&month=05&day=21
2018,stsongs,2018-05-16,85,終わりなき旅,Mr.Children,https://www.billboard-japan.com/charts/detail?a=stsongs&year=2018&month=05&day=21
2018,stsongs,2018-05-16,86,"Pain, pain",E-girls,https://www.billboard-japan.com/charts/detail?a=stsongs&year=2018&month=05&day=21
2018,stsongs,2018-05-16,87,2002,アン・マリー,https://www.billboard-japan.com/charts/detail?a=stsongs&year=2018&month=05&day=21
2018,stsongs,2018-05-16,88,ジャスト・ザ・ウェイ・ユー・アー,ブルーノ・マーズ,https://www.billboard-japan.com/charts/detail?a=stsongs&year=2018&month=05&day=21
2018,stsongs,2018-05-16,89,キセキ,GReeeeN,https://www.billboard-japan.com/charts/detail?a=stsongs&year=2018&month=05&day=21
2018,stsongs,2018-05-16,90,血、汗、涙,BTS (防弾少年団),https://www.billboard-japan.com/charts/detail?a=stsongs&year=2018&month=05&day=21
2018,stsongs,2018-05-16,91,笑一笑〜シャオイーシャオ!〜,ももいろクローバーZ,https://www.billboard-japan.com/charts/detail?a=stsongs&year=2018&month=05&day=21
2018,stsongs,2018-05-16,92,デスパシート feat.ジャスティン・ビーバー,ルイス・フォンシ & ダディー・ヤンキー,https://www.billboard-japan.com/charts/detail?a=stsongs&year=2018&month=05&day=21
2018,stsongs,2018-05-16,93,ザ・ナイツ,アヴィーチー,https://www.billboard-japan.com/charts/detail?a=stsongs&year=2018&month=05&day=21
2018,stsongs,2018-05-16,94,風に吹かれても,欅坂46,https://www.billboard-japan.com/charts/detail?a=stsongs&year=2018&month=05&day=21
2018,stsongs,2018-05-16,95,24K・マジック,ブルーノ・マーズ,https://www.billboard-japan.com/charts/detail?a=stsongs&year=2018&month=05&day=21
2018,stsongs,2018-05-16,96,R.Y.U.S.E.I.,三代目 J Soul Brothers from EXILE TRIBE,https://www.billboard-japan.com/charts/detail?a=stsongs&year=2018&month=05&day=21
2018,stsongs,2018-05-16,97,Go Go,BTS (防弾少年団),https://www.billboard-japan.com/charts/detail?a=stsongs&year=2018&month=05&day=21
2018,stsongs,2018-05-16,98,花束を君に,宇多田ヒカル,https://www.billboard-japan.com/charts/detail?a=stsongs&year=2018&month=05&day=21
2018,stsongs,2018-05-16,99,グッド・ライフ,Gイージー & ケラーニ,https://www.billboard-japan.com/charts/detail?a=stsongs&year=2018&month=05&day=21
2018,stsongs,2018-05-16,100,ひまわりの約束,秦基博,https://www.billboard-japan.com/charts/detail?a=stsongs&year=2018&month=05&day=21
2018,stsongs,2018-05-23,1,HANABI,Mr.Children,https://www.billboard-japan.com/charts/detail?a=stsongs&year=2018&month=05&day=28
2018,stsongs,2018-05-23,2,シェイプ・オブ・ユー,エド・シーラン,https://www.billboard-japan.com/charts/detail?a=stsongs&year=2018&month=05&day=28
2018,stsongs,2018-05-23,3,恋と愛,三代目 J Soul Brothers from EXILE TRIBE,https://www.billboard-japan.com/charts/detail?a=stsongs&year=2018&month=05&day=28
2018,stsongs,2018-05-23,4,シンクロニシティ,乃木坂46,https://www.billboard-japan.com/charts/detail?a=stsongs&year=2018&month=05&day=28
2018,stsongs,2018-05-23,5,アイラブユー,西野カナ,https://www.billboard-japan.com/charts/detail?a=stsongs&year=2018&month=05&day=28
2018,stsongs,2018-05-23,6,What is Love?,TWICE,https://www.billboard-japan.com/charts/detail?a=stsongs&year=2018&month=05&day=28
2018,stsongs,2018-05-23,7,さよならエレジー,菅田将暉,https://www.billboard-japan.com/charts/detail?a=stsongs&year=2018&month=05&day=28
2018,stsongs,2018-05-23,8,打上花火,DAOKO × 米津玄師,https://www.billboard-japan.com/charts/detail?a=stsongs&year=2018&month=05&day=28
2018,stsongs,2018-05-23,9,Change,ONE OK ROCK,https://www.billboard-japan.com/charts/detail?a=stsongs&year=2018&month=05&day=28
2018,stsongs,2018-05-23,10,Tomorrow Never Knows,Mr.Children,https://www.billboard-japan.com/charts/detail?a=stsongs&year=2018&month=05&day=28
2018,stsongs,2018-05-23,11,My Boo,清水翔太,https://www.billboard-japan.com/charts/detail?a=stsongs&year=2018&month=05&day=28
2018,stsongs,2018-05-23,12,himawari,Mr.Children,https://www.billboard-japan.com/charts/detail?a=stsongs&year=2018&month=05&day=28
2018,stsongs,2018-05-23,13,Don't Leave Me,BTS (防弾少年団),https://www.billboard-japan.com/charts/detail?a=stsongs&year=2018&month=05&day=28
2018,stsongs,2018-05-23,14,ノーダウト,Official髭男dism,https://www.billboard-japan.com/charts/detail?a=stsongs&year=2018&month=05&day=28
2018,stsongs,2018-05-23,15,ガラスを割れ!,欅坂46,https://www.billboard-japan.com/charts/detail?a=stsongs&year=2018&month=05&day=28
2018,stsongs,2018-05-23,16,ノー・ティアーズ・レフト・トゥ・クライ,アリアナ・グランデ,https://www.billboard-japan.com/charts/detail?a=stsongs&year=2018&month=05&day=28
2018,stsongs,2018-05-23,17,FAKE LOVE,BTS (防弾少年団),https://www.billboard-japan.com/charts/detail?a=stsongs&year=2018&month=05&day=28
2018,stsongs,2018-05-23,18,シーソーゲーム〜勇敢な恋の歌〜,Mr.Children,https://www.billboard-japan.com/charts/detail?a=stsongs&year=2018&month=05&day=28
2018,stsongs,2018-05-23,19,Wake Me Up,TWICE,https://www.billboard-japan.com/charts/detail?a=stsongs&year=2018&month=05&day=28
2018,stsongs,2018-05-23,20,Wherever you are,ONE OK ROCK,https://www.billboard-japan.com/charts/detail?a=stsongs&year=2018&month=05&day=28
2018,stsongs,2018-05-23,21,イノセント・ワールド,Mr.Children,https://www.billboard-japan.com/charts/detail?a=stsongs&year=2018&month=05&day=28
2018,stsongs,2018-05-23,22,ODD FUTURE,UVERworld,https://www.billboard-japan.com/charts/detail?a=stsongs&year=2018&month=05&day=28
2018,stsongs,2018-05-23,23,抱きしめたい,Mr.Children,https://www.billboard-japan.com/charts/detail?a=stsongs&year=2018&month=05&day=28
2018,stsongs,2018-05-23,24,Sign,Mr.Children,https://www.billboard-japan.com/charts/detail?a=stsongs&year=2018&month=05&day=28
2018,stsongs,2018-05-23,25,TT,TWICE,https://www.billboard-japan.com/charts/detail?a=stsongs&year=2018&month=05&day=28
2018,stsongs,2018-05-23,26,名もなき詩,Mr.Children,https://www.billboard-japan.com/charts/detail?a=stsongs&year=2018&month=05&day=28
2018,stsongs,2018-05-23,27,しるし,Mr.Children,https://www.billboard-japan.com/charts/detail?a=stsongs&year=2018&month=05&day=28
2018,stsongs,2018-05-23,28,ザ・ミドル,"ゼッド,マレン・モリス,グレイ",https://www.billboard-japan.com/charts/detail?a=stsongs&year=2018&month=05&day=28
2018,stsongs,2018-05-23,29,小さな恋のうた,MONGOL800,https://www.billboard-japan.com/charts/detail?a=stsongs&year=2018&month=05&day=28
2018,stsongs,2018-05-23,30,ステイ,ゼッド & アレッシア・カーラ,https://www.billboard-japan.com/charts/detail?a=stsongs&year=2018&month=05&day=28
2018,stsongs,2018-05-23,31,愛を伝えたいだとか,あいみょん,https://www.billboard-japan.com/charts/detail?a=stsongs&year=2018&month=05&day=28
2018,stsongs,2018-05-23,32,DNA,BTS (防弾少年団),https://www.billboard-japan.com/charts/detail?a=stsongs&year=2018&month=05&day=28
2018,stsongs,2018-05-23,33,ハバナ feat.ヤング・サグ,カミラ・カベロ,https://www.billboard-japan.com/charts/detail?a=stsongs&year=2018&month=05&day=28
2018,stsongs,2018-05-23,34,ディス・イズ・ミー,キアラ・セトル & ザ・グレイテスト・ショーマン・アンサンブル,https://www.billboard-japan.com/charts/detail?a=stsongs&year=2018&month=05&day=28
2018,stsongs,2018-05-23,35,ウェイク・ミー・アップ!,アヴィーチー,https://www.billboard-japan.com/charts/detail?a=stsongs&year=2018&month=05&day=28
2018,stsongs,2018-05-23,36,WanteD! WanteD!,Mrs.GREEN APPLE,https://www.billboard-japan.com/charts/detail?a=stsongs&year=2018&month=05&day=28
2018,stsongs,2018-05-23,37,満月の夜なら,あいみょん,https://www.billboard-japan.com/charts/detail?a=stsongs&year=2018&month=05&day=28
2018,stsongs,2018-05-23,38,フェイデッド,アラン・ウォーカー,https://www.billboard-japan.com/charts/detail?a=stsongs&year=2018&month=05&day=28
2018,stsongs,2018-05-23,39,零 -ZERO-,福山雅治,https://www.billboard-japan.com/charts/detail?a=stsongs&year=2018&month=05&day=28
2018,stsongs,2018-05-23,40,CROSS ROAD,Mr.Children,https://www.billboard-japan.com/charts/detail?a=stsongs&year=2018&month=05&day=28
2018,stsongs,2018-05-23,41,サイレントマジョリティー,欅坂46,https://www.billboard-japan.com/charts/detail?a=stsongs&year=2018&month=05&day=28
2018,stsongs,2018-05-23,42,BBoom BBoom,MOMOLAND,https://www.billboard-japan.com/charts/detail?a=stsongs&year=2018&month=05&day=28
2018,stsongs,2018-05-23,43,奏(かなで),スキマスイッチ,https://www.billboard-japan.com/charts/detail?a=stsongs&year=2018&month=05&day=28
2018,stsongs,2018-05-23,44,365日,Mr.Children,https://www.billboard-japan.com/charts/detail?a=stsongs&year=2018&month=05&day=28
2018,stsongs,2018-05-23,45,Dear My Boo,當山みれい,https://www.billboard-japan.com/charts/detail?a=stsongs&year=2018&month=05&day=28
2018,stsongs,2018-05-23,46,終わりなき旅,Mr.Children,https://www.billboard-japan.com/charts/detail?a=stsongs&year=2018&month=05&day=28
2018,stsongs,2018-05-23,47,泣きたいくらい,大原櫻子,https://www.billboard-japan.com/charts/detail?a=stsongs&year=2018&month=05&day=28
2018,stsongs,2018-05-23,48,Candy Pop,TWICE,https://www.billboard-japan.com/charts/detail?a=stsongs&year=2018&month=05&day=28
2018,stsongs,2018-05-23,49,ドラえもん,星野源,https://www.billboard-japan.com/charts/detail?a=stsongs&year=2018&month=05&day=28
2018,stsongs,2018-05-23,50,足音〜Be Strong,Mr.Children,https://www.billboard-japan.com/charts/detail?a=stsongs&year=2018&month=05&day=28
2018,stsongs,2018-05-23,51,ウェイティング・フォー・ラヴ,アヴィーチー,https://www.billboard-japan.com/charts/detail?a=stsongs&year=2018&month=05&day=28
2018,stsongs,2018-05-23,52,トリセツ,西野カナ,https://www.billboard-japan.com/charts/detail?a=stsongs&year=2018&month=05&day=28
2018,stsongs,2018-05-23,53,RAIN,SEKAI NO OWARI,https://www.billboard-japan.com/charts/detail?a=stsongs&year=2018&month=05&day=28
2018,stsongs,2018-05-23,54,LIKEY,TWICE,https://www.billboard-japan.com/charts/detail?a=stsongs&year=2018&month=05&day=28
2018,stsongs,2018-05-23,55,新宝島,サカナクション,https://www.billboard-japan.com/charts/detail?a=stsongs&year=2018&month=05&day=28
2018,stsongs,2018-05-23,56,ワタリドリ,[Alexandros],https://www.billboard-japan.com/charts/detail?a=stsongs&year=2018&month=05&day=28
2018,stsongs,2018-05-23,57,ホワット・ドゥ・ユー・ミーン?,ジャスティン・ビーバー,https://www.billboard-japan.com/charts/detail?a=stsongs&year=2018&month=05&day=28
2018,stsongs,2018-05-23,58,君はロックを聴かない,あいみょん,https://www.billboard-japan.com/charts/detail?a=stsongs&year=2018&month=05&day=28
2018,stsongs,2018-05-23,59,クローサー feat.ホールジー,チェインスモーカーズ,https://www.billboard-japan.com/charts/detail?a=stsongs&year=2018&month=05&day=28
2018,stsongs,2018-05-23,60,インフルエンサー,乃木坂46,https://www.billboard-japan.com/charts/detail?a=stsongs&year=2018&month=05&day=28
2018,stsongs,2018-05-23,61,愛をこめて花束を,Superfly,https://www.billboard-japan.com/charts/detail?a=stsongs&year=2018&month=05&day=28
2018,stsongs,2018-05-23,62,シンフォニー feat.ザラ・ラーソン,クリーン・バンディット,https://www.billboard-japan.com/charts/detail?a=stsongs&year=2018&month=05&day=28
2018,stsongs,2018-05-23,63,The Beginning,ONE OK ROCK,https://www.billboard-japan.com/charts/detail?a=stsongs&year=2018&month=05&day=28
2018,stsongs,2018-05-23,64,不協和音,欅坂46,https://www.billboard-japan.com/charts/detail?a=stsongs&year=2018&month=05&day=28
2018,stsongs,2018-05-23,65,Everything (it's you),Mr.Children,https://www.billboard-japan.com/charts/detail?a=stsongs&year=2018&month=05&day=28
2018,stsongs,2018-05-23,66,カタオモイ,Aimer(エメ),https://www.billboard-japan.com/charts/detail?a=stsongs&year=2018&month=05&day=28
2018,stsongs,2018-05-23,67,明日も,SHISHAMO,https://www.billboard-japan.com/charts/detail?a=stsongs&year=2018&month=05&day=28
2018,stsongs,2018-05-23,68,恋音と雨空,AAA,https://www.billboard-japan.com/charts/detail?a=stsongs&year=2018&month=05&day=28
2018,stsongs,2018-05-23,69,Turn Back Time feat.FANTASTICS,EXILE,https://www.billboard-japan.com/charts/detail?a=stsongs&year=2018&month=05&day=28
2018,stsongs,2018-05-23,70,サザンカ,SEKAI NO OWARI,https://www.billboard-japan.com/charts/detail?a=stsongs&year=2018&month=05&day=28
2018,stsongs,2018-05-23,71,Heart Shaker,TWICE,https://www.billboard-japan.com/charts/detail?a=stsongs&year=2018&month=05&day=28
2018,stsongs,2018-05-23,72,完全感覚Dreamer,ONE OK ROCK,https://www.billboard-japan.com/charts/detail?a=stsongs&year=2018&month=05&day=28
2018,stsongs,2018-05-23,73,ブレイク・フリー feat.ゼッド,アリアナ・グランデ,https://www.billboard-japan.com/charts/detail?a=stsongs&year=2018&month=05&day=28
2018,stsongs,2018-05-23,74,EXCITE,三浦大知,https://www.billboard-japan.com/charts/detail?a=stsongs&year=2018&month=05&day=28
2018,stsongs,2018-05-23,75,キセキ,GReeeeN,https://www.billboard-japan.com/charts/detail?a=stsongs&year=2018&month=05&day=28
2018,stsongs,2018-05-23,76,グッド・ライフ,Gイージー & ケラーニ,https://www.billboard-japan.com/charts/detail?a=stsongs&year=2018&month=05&day=28
2018,stsongs,2018-05-23,77,フィネス feat.カーディ・B,ブルーノ・マーズ,https://www.billboard-japan.com/charts/detail?a=stsongs&year=2018&month=05&day=28
2018,stsongs,2018-05-23,78,24K・マジック,ブルーノ・マーズ,https://www.billboard-japan.com/charts/detail?a=stsongs&year=2018&month=05&day=28
2018,stsongs,2018-05-23,79,ワン・キス,カルヴィン・ハリス & デュア・リパ,https://www.billboard-japan.com/charts/detail?a=stsongs&year=2018&month=05&day=28
2018,stsongs,2018-05-23,80,超ヤバい,t-Ace,https://www.billboard-japan.com/charts/detail?a=stsongs&year=2018&month=05&day=28
2018,stsongs,2018-05-23,81,I LOVE YOU,クリス・ハート,https://www.billboard-japan.com/charts/detail?a=stsongs&year=2018&month=05&day=28
2018,stsongs,2018-05-23,82,ザ・グレイテスト・ショー,ヒュー・ジャックマン、キアラ・セトル、ザック・エフロン、ゼンデイヤ & ザ・グレイテスト・ショーマン・アンサンブル,https://www.billboard-japan.com/charts/detail?a=stsongs&year=2018&month=05&day=28
2018,stsongs,2018-05-23,83,ギュッと,Little Glee Monster,https://www.billboard-japan.com/charts/detail?a=stsongs&year=2018&month=05&day=28
2018,stsongs,2018-05-23,84,ウィズアウト・ユー feat.サンドロ・カヴァッザ,アヴィーチー,https://www.billboard-japan.com/charts/detail?a=stsongs&year=2018&month=05&day=28
2018,stsongs,2018-05-23,85,バック・トゥ・ユー,セレーナ・ゴメス,https://www.billboard-japan.com/charts/detail?a=stsongs&year=2018&month=05&day=28
2018,stsongs,2018-05-23,86,"Pain, pain",E-girls,https://www.billboard-japan.com/charts/detail?a=stsongs&year=2018&month=05&day=28
2018,stsongs,2018-05-23,87,シェイク・イット・オフ〜気にしてなんかいられないっ!!,テイラー・スウィフト,https://www.billboard-japan.com/charts/detail?a=stsongs&year=2018&month=05&day=28
2018,stsongs,2018-05-23,88,ジャスト・ザ・ウェイ・ユー・アー,ブルーノ・マーズ,https://www.billboard-japan.com/charts/detail?a=stsongs&year=2018&month=05&day=28
2018,stsongs,2018-05-23,89,2002,アン・マリー,https://www.billboard-japan.com/charts/detail?a=stsongs&year=2018&month=05&day=28
2018,stsongs,2018-05-23,90,君が好き,清水翔太,https://www.billboard-japan.com/charts/detail?a=stsongs&year=2018&month=05&day=28
2018,stsongs,2018-05-23,91,ハナウタ,[Alexandros] × 最果タヒ,https://www.billboard-japan.com/charts/detail?a=stsongs&year=2018&month=05&day=28
2018,stsongs,2018-05-23,92,花束を君に,宇多田ヒカル,https://www.billboard-japan.com/charts/detail?a=stsongs&year=2018&month=05&day=28
2018,stsongs,2018-05-23,93,風に吹かれても,欅坂46,https://www.billboard-japan.com/charts/detail?a=stsongs&year=2018&month=05&day=28
2018,stsongs,2018-05-23,94,everybody goes〜秩序のない現代にドロップキック〜,Mr.Children,https://www.billboard-japan.com/charts/detail?a=stsongs&year=2018&month=05&day=28
2018,stsongs,2018-05-23,95,R.Y.U.S.E.I.,三代目 J Soul Brothers from EXILE TRIBE,https://www.billboard-japan.com/charts/detail?a=stsongs&year=2018&month=05&day=28
2018,stsongs,2018-05-23,96,[es] 〜Theme of es〜,Mr.Children,https://www.billboard-japan.com/charts/detail?a=stsongs&year=2018&month=05&day=28
2018,stsongs,2018-05-23,97,デスパシート feat.ジャスティン・ビーバー,ルイス・フォンシ & ダディー・ヤンキー,https://www.billboard-japan.com/charts/detail?a=stsongs&year=2018&month=05&day=28
2018,stsongs,2018-05-23,98,甘えちゃってSorry,AYA a.k.a. PANDA,https://www.billboard-japan.com/charts/detail?a=stsongs&year=2018&month=05&day=28
2018,stsongs,2018-05-23,99,ダン・フォー・ミー feat.ケラーニ,チャーリー・プース,https://www.billboard-japan.com/charts/detail?a=stsongs&year=2018&month=05&day=28
2018,stsongs,2018-05-23,100,GIFT,Mr.Children,https://www.billboard-japan.com/charts/detail?a=stsongs&year=2018&month=05&day=28
2018,stsongs,2018-05-30,1,FAKE LOVE,BTS (防弾少年団),https://www.billboard-japan.com/charts/detail?a=stsongs&year=2018&month=06&day=04
2018,stsongs,2018-05-30,2,シェイプ・オブ・ユー,エド・シーラン,https://www.billboard-japan.com/charts/detail?a=stsongs&year=2018&month=06&day=04
2018,stsongs,2018-05-30,3,HANABI,Mr.Children,https://www.billboard-japan.com/charts/detail?a=stsongs&year=2018&month=06&day=04
2018,stsongs,2018-05-30,4,打上花火,DAOKO × 米津玄師,https://www.billboard-japan.com/charts/detail?a=stsongs&year=2018&month=06&day=04
2018,stsongs,2018-05-30,5,What is Love?,TWICE,https://www.billboard-japan.com/charts/detail?a=stsongs&year=2018&month=06&day=04
2018,stsongs,2018-05-30,6,さよならエレジー,菅田将暉,https://www.billboard-japan.com/charts/detail?a=stsongs&year=2018&month=06&day=04
2018,stsongs,2018-05-30,7,シンクロニシティ,乃木坂46,https://www.billboard-japan.com/charts/detail?a=stsongs&year=2018&month=06&day=04
2018,stsongs,2018-05-30,8,アイラブユー,西野カナ,https://www.billboard-japan.com/charts/detail?a=stsongs&year=2018&month=06&day=04
2018,stsongs,2018-05-30,9,My Boo,清水翔太,https://www.billboard-japan.com/charts/detail?a=stsongs&year=2018&month=06&day=04
2018,stsongs,2018-05-30,10,Change,ONE OK ROCK,https://www.billboard-japan.com/charts/detail?a=stsongs&year=2018&month=06&day=04
2018,stsongs,2018-05-30,11,恋と愛,三代目 J Soul Brothers from EXILE TRIBE,https://www.billboard-japan.com/charts/detail?a=stsongs&year=2018&month=06&day=04
2018,stsongs,2018-05-30,12,Wake Me Up,TWICE,https://www.billboard-japan.com/charts/detail?a=stsongs&year=2018&month=06&day=04
2018,stsongs,2018-05-30,13,ノーダウト,Official髭男dism,https://www.billboard-japan.com/charts/detail?a=stsongs&year=2018&month=06&day=04
2018,stsongs,2018-05-30,14,Don't Leave Me,BTS (防弾少年団),https://www.billboard-japan.com/charts/detail?a=stsongs&year=2018&month=06&day=04
2018,stsongs,2018-05-30,15,ノー・ティアーズ・レフト・トゥ・クライ,アリアナ・グランデ,https://www.billboard-japan.com/charts/detail?a=stsongs&year=2018&month=06&day=04
2018,stsongs,2018-05-30,16,Wherever you are,ONE OK ROCK,https://www.billboard-japan.com/charts/detail?a=stsongs&year=2018&month=06&day=04
2018,stsongs,2018-05-30,17,Tomorrow Never Knows,Mr.Children,https://www.billboard-japan.com/charts/detail?a=stsongs&year=2018&month=06&day=04
2018,stsongs,2018-05-30,18,ガラスを割れ!,欅坂46,https://www.billboard-japan.com/charts/detail?a=stsongs&year=2018&month=06&day=04
2018,stsongs,2018-05-30,19,himawari,Mr.Children,https://www.billboard-japan.com/charts/detail?a=stsongs&year=2018&month=06&day=04
2018,stsongs,2018-05-30,20,TT,TWICE,https://www.billboard-japan.com/charts/detail?a=stsongs&year=2018&month=06&day=04
2018,stsongs,2018-05-30,21,Anpanman,BTS (防弾少年団),https://www.billboard-japan.com/charts/detail?a=stsongs&year=2018&month=06&day=04
2018,stsongs,2018-05-30,22,小さな恋のうた,MONGOL800,https://www.billboard-japan.com/charts/detail?a=stsongs&year=2018&month=06&day=04
2018,stsongs,2018-05-30,23,The Truth Untold feat.Steve Aoki,BTS (防弾少年団),https://www.billboard-japan.com/charts/detail?a=stsongs&year=2018&month=06&day=04
2018,stsongs,2018-05-30,24,ザ・ミドル,"ゼッド,マレン・モリス,グレイ",https://www.billboard-japan.com/charts/detail?a=stsongs&year=2018&month=06&day=04
2018,stsongs,2018-05-30,25,ステイ,ゼッド & アレッシア・カーラ,https://www.billboard-japan.com/charts/detail?a=stsongs&year=2018&month=06&day=04
2018,stsongs,2018-05-30,26,DNA,BTS (防弾少年団),https://www.billboard-japan.com/charts/detail?a=stsongs&year=2018&month=06&day=04
2018,stsongs,2018-05-30,27,愛を伝えたいだとか,あいみょん,https://www.billboard-japan.com/charts/detail?a=stsongs&year=2018&month=06&day=04
2018,stsongs,2018-05-30,28,ODD FUTURE,UVERworld,https://www.billboard-japan.com/charts/detail?a=stsongs&year=2018&month=06&day=04
2018,stsongs,2018-05-30,29,シーソーゲーム〜勇敢な恋の歌〜,Mr.Children,https://www.billboard-japan.com/charts/detail?a=stsongs&year=2018&month=06&day=04
2018,stsongs,2018-05-30,30,イノセント・ワールド,Mr.Children,https://www.billboard-japan.com/charts/detail?a=stsongs&year=2018&month=06&day=04
2018,stsongs,2018-05-30,31,ハバナ feat.ヤング・サグ,カミラ・カベロ,https://www.billboard-japan.com/charts/detail?a=stsongs&year=2018&month=06&day=04
2018,stsongs,2018-05-30,32,Sign,Mr.Children,https://www.billboard-japan.com/charts/detail?a=stsongs&year=2018&month=06&day=04
2018,stsongs,2018-05-30,33,ディス・イズ・ミー,キアラ・セトル & ザ・グレイテスト・ショーマン・アンサンブル,https://www.billboard-japan.com/charts/detail?a=stsongs&year=2018&month=06&day=04
2018,stsongs,2018-05-30,34,奏(かなで),スキマスイッチ,https://www.billboard-japan.com/charts/detail?a=stsongs&year=2018&month=06&day=04
2018,stsongs,2018-05-30,35,抱きしめたい,Mr.Children,https://www.billboard-japan.com/charts/detail?a=stsongs&year=2018&month=06&day=04
2018,stsongs,2018-05-30,36,WanteD! WanteD!,Mrs.GREEN APPLE,https://www.billboard-japan.com/charts/detail?a=stsongs&year=2018&month=06&day=04
2018,stsongs,2018-05-30,37,満月の夜なら,あいみょん,https://www.billboard-japan.com/charts/detail?a=stsongs&year=2018&month=06&day=04
2018,stsongs,2018-05-30,38,ウェイク・ミー・アップ!,アヴィーチー,https://www.billboard-japan.com/charts/detail?a=stsongs&year=2018&month=06&day=04
2018,stsongs,2018-05-30,39,サイレントマジョリティー,欅坂46,https://www.billboard-japan.com/charts/detail?a=stsongs&year=2018&month=06&day=04
2018,stsongs,2018-05-30,40,しるし,Mr.Children,https://www.billboard-japan.com/charts/detail?a=stsongs&year=2018&month=06&day=04
2018,stsongs,2018-05-30,41,Love Maze,BTS (防弾少年団),https://www.billboard-japan.com/charts/detail?a=stsongs&year=2018&month=06&day=04
2018,stsongs,2018-05-30,42,零 -ZERO-,福山雅治,https://www.billboard-japan.com/charts/detail?a=stsongs&year=2018&month=06&day=04
2018,stsongs,2018-05-30,43,BBoom BBoom,MOMOLAND,https://www.billboard-japan.com/charts/detail?a=stsongs&year=2018&month=06&day=04
2018,stsongs,2018-05-30,44,名もなき詩,Mr.Children,https://www.billboard-japan.com/charts/detail?a=stsongs&year=2018&month=06&day=04
2018,stsongs,2018-05-30,45,Dear My Boo,當山みれい,https://www.billboard-japan.com/charts/detail?a=stsongs&year=2018&month=06&day=04
2018,stsongs,2018-05-30,46,フロントメモリー,鈴木瑛美子×亀田誠治,https://www.billboard-japan.com/charts/detail?a=stsongs&year=2018&month=06&day=04
2018,stsongs,2018-05-30,47,LIKEY,TWICE,https://www.billboard-japan.com/charts/detail?a=stsongs&year=2018&month=06&day=04
2018,stsongs,2018-05-30,48,Magic Shop,BTS (防弾少年団),https://www.billboard-japan.com/charts/detail?a=stsongs&year=2018&month=06&day=04
2018,stsongs,2018-05-30,49,君はロックを聴かない,あいみょん,https://www.billboard-japan.com/charts/detail?a=stsongs&year=2018&month=06&day=04
2018,stsongs,2018-05-30,50,Candy Pop,TWICE,https://www.billboard-japan.com/charts/detail?a=stsongs&year=2018&month=06&day=04
2018,stsongs,2018-05-30,51,ドラえもん,星野源,https://www.billboard-japan.com/charts/detail?a=stsongs&year=2018&month=06&day=04
2018,stsongs,2018-05-30,52,泣きたいくらい,大原櫻子,https://www.billboard-japan.com/charts/detail?a=stsongs&year=2018&month=06&day=04
2018,stsongs,2018-05-30,53,愛をこめて花束を,Superfly,https://www.billboard-japan.com/charts/detail?a=stsongs&year=2018&month=06&day=04
2018,stsongs,2018-05-30,54,RAIN,SEKAI NO OWARI,https://www.billboard-japan.com/charts/detail?a=stsongs&year=2018&month=06&day=04
2018,stsongs,2018-05-30,55,トリセツ,西野カナ,https://www.billboard-japan.com/charts/detail?a=stsongs&year=2018&month=06&day=04
2018,stsongs,2018-05-30,56,フェイデッド,アラン・ウォーカー,https://www.billboard-japan.com/charts/detail?a=stsongs&year=2018&month=06&day=04
2018,stsongs,2018-05-30,57,ホワット・ドゥ・ユー・ミーン?,ジャスティン・ビーバー,https://www.billboard-japan.com/charts/detail?a=stsongs&year=2018&month=06&day=04
2018,stsongs,2018-05-30,58,ワタリドリ,[ALEXANDROS],https://www.billboard-japan.com/charts/detail?a=stsongs&year=2018&month=06&day=04
2018,stsongs,2018-05-30,59,Show Time,E-girls,https://www.billboard-japan.com/charts/detail?a=stsongs&year=2018&month=06&day=04
2018,stsongs,2018-05-30,60,クローサー feat.ホールジー,チェインスモーカーズ,https://www.billboard-japan.com/charts/detail?a=stsongs&year=2018&month=06&day=04
2018,stsongs,2018-05-30,61,ウェイティング・フォー・ラヴ,アヴィーチー,https://www.billboard-japan.com/charts/detail?a=stsongs&year=2018&month=06&day=04
2018,stsongs,2018-05-30,62,新宝島,サカナクション,https://www.billboard-japan.com/charts/detail?a=stsongs&year=2018&month=06&day=04
2018,stsongs,2018-05-30,63,Airplane pt.2,BTS (防弾少年団),https://www.billboard-japan.com/charts/detail?a=stsongs&year=2018&month=06&day=04
2018,stsongs,2018-05-30,64,134340,BTS (防弾少年団),https://www.billboard-japan.com/charts/detail?a=stsongs&year=2018&month=06&day=04
2018,stsongs,2018-05-30,65,インフルエンサー,乃木坂46,https://www.billboard-japan.com/charts/detail?a=stsongs&year=2018&month=06&day=04
2018,stsongs,2018-05-30,66,恋音と雨空,AAA,https://www.billboard-japan.com/charts/detail?a=stsongs&year=2018&month=06&day=04
2018,stsongs,2018-05-30,67,"Pain, pain",E-girls,https://www.billboard-japan.com/charts/detail?a=stsongs&year=2018&month=06&day=04
2018,stsongs,2018-05-30,68,Paradise,BTS (防弾少年団),https://www.billboard-japan.com/charts/detail?a=stsongs&year=2018&month=06&day=04
2018,stsongs,2018-05-30,69,キセキ,GReeeeN,https://www.billboard-japan.com/charts/detail?a=stsongs&year=2018&month=06&day=04
2018,stsongs,2018-05-30,70,Heart Shaker,TWICE,https://www.billboard-japan.com/charts/detail?a=stsongs&year=2018&month=06&day=04
2018,stsongs,2018-05-30,71,The Beginning,ONE OK ROCK,https://www.billboard-japan.com/charts/detail?a=stsongs&year=2018&month=06&day=04
2018,stsongs,2018-05-30,72,365日,Mr.Children,https://www.billboard-japan.com/charts/detail?a=stsongs&year=2018&month=06&day=04
2018,stsongs,2018-05-30,73,EXCITE,三浦大知,https://www.billboard-japan.com/charts/detail?a=stsongs&year=2018&month=06&day=04
2018,stsongs,2018-05-30,74,So What,BTS (防弾少年団),https://www.billboard-japan.com/charts/detail?a=stsongs&year=2018&month=06&day=04
2018,stsongs,2018-05-30,75,不協和音,欅坂46,https://www.billboard-japan.com/charts/detail?a=stsongs&year=2018&month=06&day=04
2018,stsongs,2018-05-30,76,ブレイク・フリー feat.ゼッド,アリアナ・グランデ,https://www.billboard-japan.com/charts/detail?a=stsongs&year=2018&month=06&day=04
2018,stsongs,2018-05-30,77,完全感覚Dreamer,ONE OK ROCK,https://www.billboard-japan.com/charts/detail?a=stsongs&year=2018&month=06&day=04
2018,stsongs,2018-05-30,78,I LOVE YOU,クリス・ハート,https://www.billboard-japan.com/charts/detail?a=stsongs&year=2018&month=06&day=04
2018,stsongs,2018-05-30,79,明日も,SHISHAMO,https://www.billboard-japan.com/charts/detail?a=stsongs&year=2018&month=06&day=04
2018,stsongs,2018-05-30,80,ザ・グレイテスト・ショー,ヒュー・ジャックマン、キアラ・セトル、ザック・エフロン、ゼンデイヤ & ザ・グレイテスト・ショーマン・アンサンブル,https://www.billboard-japan.com/charts/detail?a=stsongs&year=2018&month=06&day=04
2018,stsongs,2018-05-30,81,CROSS ROAD,Mr.Children,https://www.billboard-japan.com/charts/detail?a=stsongs&year=2018&month=06&day=04
2018,stsongs,2018-05-30,82,ワン・キス,カルヴィン・ハリス & デュア・リパ,https://www.billboard-japan.com/charts/detail?a=stsongs&year=2018&month=06&day=04
2018,stsongs,2018-05-30,83,超ヤバい,t-Ace,https://www.billboard-japan.com/charts/detail?a=stsongs&year=2018&month=06&day=04
2018,stsongs,2018-05-30,84,ソロ feat.デミ・ロヴァート,クリーン・バンディット,https://www.billboard-japan.com/charts/detail?a=stsongs&year=2018&month=06&day=04
2018,stsongs,2018-05-30,85,終わりなき旅,Mr.Children,https://www.billboard-japan.com/charts/detail?a=stsongs&year=2018&month=06&day=04
2018,stsongs,2018-05-30,86,24K・マジック,ブルーノ・マーズ,https://www.billboard-japan.com/charts/detail?a=stsongs&year=2018&month=06&day=04
2018,stsongs,2018-05-30,87,シンフォニー feat.ザラ・ラーソン,クリーン・バンディット,https://www.billboard-japan.com/charts/detail?a=stsongs&year=2018&month=06&day=04
2018,stsongs,2018-05-30,88,足音〜Be Strong,Mr.Children,https://www.billboard-japan.com/charts/detail?a=stsongs&year=2018&month=06&day=04
2018,stsongs,2018-05-30,89,ギュッと,Little Glee Monster,https://www.billboard-japan.com/charts/detail?a=stsongs&year=2018&month=06&day=04
2018,stsongs,2018-05-30,90,カタオモイ,Aimer(エメ),https://www.billboard-japan.com/charts/detail?a=stsongs&year=2018&month=06&day=04
2018,stsongs,2018-05-30,91,シェイク・イット・オフ〜気にしてなんかいられないっ!!,テイラー・スウィフト,https://www.billboard-japan.com/charts/detail?a=stsongs&year=2018&month=06&day=04
2018,stsongs,2018-05-30,92,ひまわりの約束,秦基博,https://www.billboard-japan.com/charts/detail?a=stsongs&year=2018&month=06&day=04
2018,stsongs,2018-05-30,93,2002,アン・マリー,https://www.billboard-japan.com/charts/detail?a=stsongs&year=2018&month=06&day=04
2018,stsongs,2018-05-30,94,君が好き,清水翔太,https://www.billboard-japan.com/charts/detail?a=stsongs&year=2018&month=06&day=04
2018,stsongs,2018-05-30,95,ジャスト・ザ・ウェイ・ユー・アー,ブルーノ・マーズ,https://www.billboard-japan.com/charts/detail?a=stsongs&year=2018&month=06&day=04
2018,stsongs,2018-05-30,96,サザンカ,SEKAI NO OWARI,https://www.billboard-japan.com/charts/detail?a=stsongs&year=2018&month=06&day=04
2018,stsongs,2018-05-30,97,甘えちゃってSorry,AYA a.k.a. PANDA,https://www.billboard-japan.com/charts/detail?a=stsongs&year=2018&month=06&day=04
2018,stsongs,2018-05-30,98,366日,HY,https://www.billboard-japan.com/charts/detail?a=stsongs&year=2018&month=06&day=04
2018,stsongs,2018-05-30,99,ウィズアウト・ユー feat.サンドロ・カヴァッザ,アヴィーチー,https://www.billboard-japan.com/charts/detail?a=stsongs&year=2018&month=06&day=04
2018,stsongs,2018-05-30,100,ダン・フォー・ミー feat.ケラーニ,チャーリー・プース,https://www.billboard-japan.com/charts/detail?a=stsongs&year=2018&month=06&day=04
2018,stsongs,2018-06-06,1,FAKE LOVE,BTS (防弾少年団),https://www.billboard-japan.com/charts/detail?a=stsongs&year=2018&month=06&day=11
2018,stsongs,2018-06-06,2,シェイプ・オブ・ユー,エド・シーラン,https://www.billboard-japan.com/charts/detail?a=stsongs&year=2018&month=06&day=11
2018,stsongs,2018-06-06,3,What is Love?,TWICE,https://www.billboard-japan.com/charts/detail?a=stsongs&year=2018&month=06&day=11
2018,stsongs,2018-06-06,4,打上花火,DAOKO × 米津玄師,https://www.billboard-japan.com/charts/detail?a=stsongs&year=2018&month=06&day=11
2018,stsongs,2018-06-06,5,HANABI,Mr.Children,https://www.billboard-japan.com/charts/detail?a=stsongs&year=2018&month=06&day=11
2018,stsongs,2018-06-06,6,さよならエレジー,菅田将暉,https://www.billboard-japan.com/charts/detail?a=stsongs&year=2018&month=06&day=11
2018,stsongs,2018-06-06,7,Wake Me Up,TWICE,https://www.billboard-japan.com/charts/detail?a=stsongs&year=2018&month=06&day=11
2018,stsongs,2018-06-06,8,シンクロニシティ,乃木坂46,https://www.billboard-japan.com/charts/detail?a=stsongs&year=2018&month=06&day=11
2018,stsongs,2018-06-06,9,ノーダウト,Official髭男dism,https://www.billboard-japan.com/charts/detail?a=stsongs&year=2018&month=06&day=11
2018,stsongs,2018-06-06,10,長く短い祭,椎名林檎,https://www.billboard-japan.com/charts/detail?a=stsongs&year=2018&month=06&day=11
2018,stsongs,2018-06-06,11,アイラブユー,西野カナ,https://www.billboard-japan.com/charts/detail?a=stsongs&year=2018&month=06&day=11
2018,stsongs,2018-06-06,12,Change,ONE OK ROCK,https://www.billboard-japan.com/charts/detail?a=stsongs&year=2018&month=06&day=11
2018,stsongs,2018-06-06,13,恋と愛,三代目 J Soul Brothers from EXILE TRIBE,https://www.billboard-japan.com/charts/detail?a=stsongs&year=2018&month=06&day=11
2018,stsongs,2018-06-06,14,フロントメモリー,鈴木瑛美子×亀田誠治,https://www.billboard-japan.com/charts/detail?a=stsongs&year=2018&month=06&day=11
2018,stsongs,2018-06-06,15,丸の内サディスティック,椎名林檎,https://www.billboard-japan.com/charts/detail?a=stsongs&year=2018&month=06&day=11
2018,stsongs,2018-06-06,16,My Boo,清水翔太,https://www.billboard-japan.com/charts/detail?a=stsongs&year=2018&month=06&day=11
2018,stsongs,2018-06-06,17,Anpanman,BTS (防弾少年団),https://www.billboard-japan.com/charts/detail?a=stsongs&year=2018&month=06&day=11
2018,stsongs,2018-06-06,18,Don't Leave Me,BTS (防弾少年団),https://www.billboard-japan.com/charts/detail?a=stsongs&year=2018&month=06&day=11
2018,stsongs,2018-06-06,19,TT,TWICE,https://www.billboard-japan.com/charts/detail?a=stsongs&year=2018&month=06&day=11
2018,stsongs,2018-06-06,20,Wherever you are,ONE OK ROCK,https://www.billboard-japan.com/charts/detail?a=stsongs&year=2018&month=06&day=11
2018,stsongs,2018-06-06,21,ノー・ティアーズ・レフト・トゥ・クライ,アリアナ・グランデ,https://www.billboard-japan.com/charts/detail?a=stsongs&year=2018&month=06&day=11
2018,stsongs,2018-06-06,22,本能,椎名林檎,https://www.billboard-japan.com/charts/detail?a=stsongs&year=2018&month=06&day=11
2018,stsongs,2018-06-06,23,ザ・ミドル,"ゼッド,マレン・モリス,グレイ",https://www.billboard-japan.com/charts/detail?a=stsongs&year=2018&month=06&day=11
2018,stsongs,2018-06-06,24,ガラスを割れ!,欅坂46,https://www.billboard-japan.com/charts/detail?a=stsongs&year=2018&month=06&day=11
2018,stsongs,2018-06-06,25,DNA,BTS (防弾少年団),https://www.billboard-japan.com/charts/detail?a=stsongs&year=2018&month=06&day=11
2018,stsongs,2018-06-06,26,愛を伝えたいだとか,あいみょん,https://www.billboard-japan.com/charts/detail?a=stsongs&year=2018&month=06&day=11
2018,stsongs,2018-06-06,27,RAINBOW,三代目 J Soul Brothers from EXILE TRIBE,https://www.billboard-japan.com/charts/detail?a=stsongs&year=2018&month=06&day=11
2018,stsongs,2018-06-06,28,ステイ,ゼッド & アレッシア・カーラ,https://www.billboard-japan.com/charts/detail?a=stsongs&year=2018&month=06&day=11
2018,stsongs,2018-06-06,29,歌舞伎町の女王,椎名林檎,https://www.billboard-japan.com/charts/detail?a=stsongs&year=2018&month=06&day=11
2018,stsongs,2018-06-06,30,ディス・イズ・ミー,キアラ・セトル & ザ・グレイテスト・ショーマン・アンサンブル,https://www.billboard-japan.com/charts/detail?a=stsongs&year=2018&month=06&day=11
2018,stsongs,2018-06-06,31,小さな恋のうた,MONGOL800,https://www.billboard-japan.com/charts/detail?a=stsongs&year=2018&month=06&day=11
2018,stsongs,2018-06-06,32,Tomorrow Never Knows,Mr.Children,https://www.billboard-japan.com/charts/detail?a=stsongs&year=2018&month=06&day=11
2018,stsongs,2018-06-06,33,ギブス,椎名林檎,https://www.billboard-japan.com/charts/detail?a=stsongs&year=2018&month=06&day=11
2018,stsongs,2018-06-06,34,ハバナ feat.ヤング・サグ,カミラ・カベロ,https://www.billboard-japan.com/charts/detail?a=stsongs&year=2018&month=06&day=11
2018,stsongs,2018-06-06,35,LIKEY,TWICE,https://www.billboard-japan.com/charts/detail?a=stsongs&year=2018&month=06&day=11
2018,stsongs,2018-06-06,36,ライズ feat.ジャック & ジャック,ジョナス・ブルー,https://www.billboard-japan.com/charts/detail?a=stsongs&year=2018&month=06&day=11
2018,stsongs,2018-06-06,37,himawari,Mr.Children,https://www.billboard-japan.com/charts/detail?a=stsongs&year=2018&month=06&day=11
2018,stsongs,2018-06-06,38,ここでキスして。,椎名林檎,https://www.billboard-japan.com/charts/detail?a=stsongs&year=2018&month=06&day=11
2018,stsongs,2018-06-06,39,Show Time,E-girls,https://www.billboard-japan.com/charts/detail?a=stsongs&year=2018&month=06&day=11
2018,stsongs,2018-06-06,40,CALL CALL CALL!,SEVENTEEN,https://www.billboard-japan.com/charts/detail?a=stsongs&year=2018&month=06&day=11
2018,stsongs,2018-06-06,41,ウェイク・ミー・アップ!,アヴィーチー,https://www.billboard-japan.com/charts/detail?a=stsongs&year=2018&month=06&day=11
2018,stsongs,2018-06-06,42,君はロックを聴かない,あいみょん,https://www.billboard-japan.com/charts/detail?a=stsongs&year=2018&month=06&day=11
2018,stsongs,2018-06-06,43,丸ノ内サディスティック,宇多田ヒカル & 小袋成彬,https://www.billboard-japan.com/charts/detail?a=stsongs&year=2018&month=06&day=11
2018,stsongs,2018-06-06,44,ODD FUTURE,UVERworld,https://www.billboard-japan.com/charts/detail?a=stsongs&year=2018&month=06&day=11
2018,stsongs,2018-06-06,45,WanteD! WanteD!,Mrs.GREEN APPLE,https://www.billboard-japan.com/charts/detail?a=stsongs&year=2018&month=06&day=11
2018,stsongs,2018-06-06,46,クローサー feat.ホールジー,チェインスモーカーズ,https://www.billboard-japan.com/charts/detail?a=stsongs&year=2018&month=06&day=11
2018,stsongs,2018-06-06,47,RAIN,SEKAI NO OWARI,https://www.billboard-japan.com/charts/detail?a=stsongs&year=2018&month=06&day=11
2018,stsongs,2018-06-06,48,満月の夜なら,あいみょん,https://www.billboard-japan.com/charts/detail?a=stsongs&year=2018&month=06&day=11
2018,stsongs,2018-06-06,49,シンフォニー feat.ザラ・ラーソン,クリーン・バンディット,https://www.billboard-japan.com/charts/detail?a=stsongs&year=2018&month=06&day=11
2018,stsongs,2018-06-06,50,サイレントマジョリティー,欅坂46,https://www.billboard-japan.com/charts/detail?a=stsongs&year=2018&month=06&day=11
2018,stsongs,2018-06-06,51,Airplane pt.2,BTS (防弾少年団),https://www.billboard-japan.com/charts/detail?a=stsongs&year=2018&month=06&day=11
2018,stsongs,2018-06-06,52,Candy Pop,TWICE,https://www.billboard-japan.com/charts/detail?a=stsongs&year=2018&month=06&day=11
2018,stsongs,2018-06-06,53,ウェイティング・フォー・ラヴ,アヴィーチー,https://www.billboard-japan.com/charts/detail?a=stsongs&year=2018&month=06&day=11
2018,stsongs,2018-06-06,54,奏(かなで),スキマスイッチ,https://www.billboard-japan.com/charts/detail?a=stsongs&year=2018&month=06&day=11
2018,stsongs,2018-06-06,55,シーソーゲーム〜勇敢な恋の歌〜,Mr.Children,https://www.billboard-japan.com/charts/detail?a=stsongs&year=2018&month=06&day=11
2018,stsongs,2018-06-06,56,The Truth Untold feat.Steve Aoki,BTS (防弾少年団),https://www.billboard-japan.com/charts/detail?a=stsongs&year=2018&month=06&day=11
2018,stsongs,2018-06-06,57,ホワット・ドゥ・ユー・ミーン?,ジャスティン・ビーバー,https://www.billboard-japan.com/charts/detail?a=stsongs&year=2018&month=06&day=11
2018,stsongs,2018-06-06,58,BBoom BBoom,MOMOLAND,https://www.billboard-japan.com/charts/detail?a=stsongs&year=2018&month=06&day=11
2018,stsongs,2018-06-06,59,イノセント・ワールド,Mr.Children,https://www.billboard-japan.com/charts/detail?a=stsongs&year=2018&month=06&day=11
2018,stsongs,2018-06-06,60,零 -ZERO-,福山雅治,https://www.billboard-japan.com/charts/detail?a=stsongs&year=2018&month=06&day=11
2018,stsongs,2018-06-06,61,ワタリドリ,[ALEXANDROS],https://www.billboard-japan.com/charts/detail?a=stsongs&year=2018&month=06&day=11
2018,stsongs,2018-06-06,62,ザ・グレイテスト・ショー,ヒュー・ジャックマン、キアラ・セトル、ザック・エフロン、ゼンデイヤ & ザ・グレイテスト・ショーマン・アンサンブル,https://www.billboard-japan.com/charts/detail?a=stsongs&year=2018&month=06&day=11
2018,stsongs,2018-06-06,63,Dear My Boo,當山みれい,https://www.billboard-japan.com/charts/detail?a=stsongs&year=2018&month=06&day=11
2018,stsongs,2018-06-06,64,フェイデッド,アラン・ウォーカー,https://www.billboard-japan.com/charts/detail?a=stsongs&year=2018&month=06&day=11
2018,stsongs,2018-06-06,65,Heart Shaker,TWICE,https://www.billboard-japan.com/charts/detail?a=stsongs&year=2018&month=06&day=11
2018,stsongs,2018-06-06,66,Sign,Mr.Children,https://www.billboard-japan.com/charts/detail?a=stsongs&year=2018&month=06&day=11
2018,stsongs,2018-06-06,67,抱きしめたい,Mr.Children,https://www.billboard-japan.com/charts/detail?a=stsongs&year=2018&month=06&day=11
2018,stsongs,2018-06-06,68,ソロ feat.デミ・ロヴァート,クリーン・バンディット,https://www.billboard-japan.com/charts/detail?a=stsongs&year=2018&month=06&day=11
2018,stsongs,2018-06-06,69,ワン・キス,カルヴィン・ハリス & デュア・リパ,https://www.billboard-japan.com/charts/detail?a=stsongs&year=2018&month=06&day=11
2018,stsongs,2018-06-06,70,Love Maze,BTS (防弾少年団),https://www.billboard-japan.com/charts/detail?a=stsongs&year=2018&month=06&day=11
2018,stsongs,2018-06-06,71,恋音と雨空,AAA,https://www.billboard-japan.com/charts/detail?a=stsongs&year=2018&month=06&day=11
2018,stsongs,2018-06-06,72,LOVE SCENARIO,iKON,https://www.billboard-japan.com/charts/detail?a=stsongs&year=2018&month=06&day=11
2018,stsongs,2018-06-06,73,新宝島,サカナクション,https://www.billboard-japan.com/charts/detail?a=stsongs&year=2018&month=06&day=11
2018,stsongs,2018-06-06,74,超ヤバい,t-Ace,https://www.billboard-japan.com/charts/detail?a=stsongs&year=2018&month=06&day=11
2018,stsongs,2018-06-06,75,NIPPON,椎名林檎,https://www.billboard-japan.com/charts/detail?a=stsongs&year=2018&month=06&day=11
2018,stsongs,2018-06-06,76,トリセツ,西野カナ,https://www.billboard-japan.com/charts/detail?a=stsongs&year=2018&month=06&day=11
2018,stsongs,2018-06-06,77,2002,アン・マリー,https://www.billboard-japan.com/charts/detail?a=stsongs&year=2018&month=06&day=11
2018,stsongs,2018-06-06,78,The Beginning,ONE OK ROCK,https://www.billboard-japan.com/charts/detail?a=stsongs&year=2018&month=06&day=11
2018,stsongs,2018-06-06,79,ブレイク・フリー feat.ゼッド,アリアナ・グランデ,https://www.billboard-japan.com/charts/detail?a=stsongs&year=2018&month=06&day=11
2018,stsongs,2018-06-06,80,カタオモイ,Aimer(エメ),https://www.billboard-japan.com/charts/detail?a=stsongs&year=2018&month=06&day=11
2018,stsongs,2018-06-06,81,完全感覚Dreamer,ONE OK ROCK,https://www.billboard-japan.com/charts/detail?a=stsongs&year=2018&month=06&day=11
2018,stsongs,2018-06-06,82,Magic Shop,BTS (防弾少年団),https://www.billboard-japan.com/charts/detail?a=stsongs&year=2018&month=06&day=11
2018,stsongs,2018-06-06,83,しるし,Mr.Children,https://www.billboard-japan.com/charts/detail?a=stsongs&year=2018&month=06&day=11
2018,stsongs,2018-06-06,84,Good Evening,SHINee,https://www.billboard-japan.com/charts/detail?a=stsongs&year=2018&month=06&day=11
2018,stsongs,2018-06-06,85,I LOVE YOU,クリス・ハート,https://www.billboard-japan.com/charts/detail?a=stsongs&year=2018&month=06&day=11
2018,stsongs,2018-06-06,86,愛をこめて花束を,Superfly,https://www.billboard-japan.com/charts/detail?a=stsongs&year=2018&month=06&day=11
2018,stsongs,2018-06-06,87,名もなき詩,Mr.Children,https://www.billboard-japan.com/charts/detail?a=stsongs&year=2018&month=06&day=11
2018,stsongs,2018-06-06,88,甘えちゃってSorry,AYA a.k.a. PANDA,https://www.billboard-japan.com/charts/detail?a=stsongs&year=2018&month=06&day=11
2018,stsongs,2018-06-06,89,インフルエンサー,乃木坂46,https://www.billboard-japan.com/charts/detail?a=stsongs&year=2018&month=06&day=11
2018,stsongs,2018-06-06,90,フレンズ,マシュメロ & アン・マリー,https://www.billboard-japan.com/charts/detail?a=stsongs&year=2018&month=06&day=11
2018,stsongs,2018-06-06,91,ウィズアウト・ユー feat.サンドロ・カヴァッザ,アヴィーチー,https://www.billboard-japan.com/charts/detail?a=stsongs&year=2018&month=06&day=11
2018,stsongs,2018-06-06,92,不協和音,欅坂46,https://www.billboard-japan.com/charts/detail?a=stsongs&year=2018&month=06&day=11
2018,stsongs,2018-06-06,93,Slow & Easy,平井大,https://www.billboard-japan.com/charts/detail?a=stsongs&year=2018&month=06&day=11
2018,stsongs,2018-06-06,94,EXCITE,三浦大知,https://www.billboard-japan.com/charts/detail?a=stsongs&year=2018&month=06&day=11
2018,stsongs,2018-06-06,95,フィネス feat.カーディ・B,ブルーノ・マーズ,https://www.billboard-japan.com/charts/detail?a=stsongs&year=2018&month=06&day=11
2018,stsongs,2018-06-06,96,ダン・フォー・ミー feat.ケラーニ,チャーリー・プース,https://www.billboard-japan.com/charts/detail?a=stsongs&year=2018&month=06&day=11
2018,stsongs,2018-06-06,97,キセキ,GReeeeN,https://www.billboard-japan.com/charts/detail?a=stsongs&year=2018&month=06&day=11
2018,stsongs,2018-06-06,98,グッド・ライフ,Gイージー & ケラーニ,https://www.billboard-japan.com/charts/detail?a=stsongs&year=2018&month=06&day=11
2018,stsongs,2018-06-06,99,So What,BTS (防弾少年団),https://www.billboard-japan.com/charts/detail?a=stsongs&year=2018&month=06&day=11
2018,stsongs,2018-06-06,100,血、汗、涙,BTS (防弾少年団),https://www.billboard-japan.com/charts/detail?a=stsongs&year=2018&month=06&day=11
2018,stsongs,2018-06-13,1,FAKE LOVE,BTS (防弾少年団),https://www.billboard-japan.com/charts/detail?a=stsongs&year=2018&month=06&day=18
2018,stsongs,2018-06-13,2,RAINBOW,三代目 J Soul Brothers from EXILE TRIBE,https://www.billboard-japan.com/charts/detail?a=stsongs&year=2018&month=06&day=18
2018,stsongs,2018-06-13,3,シェイプ・オブ・ユー,エド・シーラン,https://www.billboard-japan.com/charts/detail?a=stsongs&year=2018&month=06&day=18
2018,stsongs,2018-06-13,4,打上花火,DAOKO × 米津玄師,https://www.billboard-japan.com/charts/detail?a=stsongs&year=2018&month=06&day=18
2018,stsongs,2018-06-13,5,恋と愛,三代目 J Soul Brothers from EXILE TRIBE,https://www.billboard-japan.com/charts/detail?a=stsongs&year=2018&month=06&day=18
2018,stsongs,2018-06-13,6,HANABI,Mr.Children,https://www.billboard-japan.com/charts/detail?a=stsongs&year=2018&month=06&day=18
2018,stsongs,2018-06-13,7,What is Love?,TWICE,https://www.billboard-japan.com/charts/detail?a=stsongs&year=2018&month=06&day=18
2018,stsongs,2018-06-13,8,さよならエレジー,菅田将暉,https://www.billboard-japan.com/charts/detail?a=stsongs&year=2018&month=06&day=18
2018,stsongs,2018-06-13,9,ノーダウト,Official髭男dism,https://www.billboard-japan.com/charts/detail?a=stsongs&year=2018&month=06&day=18
2018,stsongs,2018-06-13,10,U.S.A.,DA PUMP,https://www.billboard-japan.com/charts/detail?a=stsongs&year=2018&month=06&day=18
2018,stsongs,2018-06-13,11,Wake Me Up,TWICE,https://www.billboard-japan.com/charts/detail?a=stsongs&year=2018&month=06&day=18
2018,stsongs,2018-06-13,12,Change,ONE OK ROCK,https://www.billboard-japan.com/charts/detail?a=stsongs&year=2018&month=06&day=18
2018,stsongs,2018-06-13,13,Don't Leave Me,BTS (防弾少年団),https://www.billboard-japan.com/charts/detail?a=stsongs&year=2018&month=06&day=18
2018,stsongs,2018-06-13,14,フロントメモリー,鈴木瑛美子×亀田誠治,https://www.billboard-japan.com/charts/detail?a=stsongs&year=2018&month=06&day=18
2018,stsongs,2018-06-13,15,アイラブユー,西野カナ,https://www.billboard-japan.com/charts/detail?a=stsongs&year=2018&month=06&day=18
2018,stsongs,2018-06-13,16,シンクロニシティ,乃木坂46,https://www.billboard-japan.com/charts/detail?a=stsongs&year=2018&month=06&day=18
2018,stsongs,2018-06-13,17,Wherever you are,ONE OK ROCK,https://www.billboard-japan.com/charts/detail?a=stsongs&year=2018&month=06&day=18
2018,stsongs,2018-06-13,18,My Boo,清水翔太,https://www.billboard-japan.com/charts/detail?a=stsongs&year=2018&month=06&day=18
2018,stsongs,2018-06-13,19,ノー・ティアーズ・レフト・トゥ・クライ,アリアナ・グランデ,https://www.billboard-japan.com/charts/detail?a=stsongs&year=2018&month=06&day=18
2018,stsongs,2018-06-13,20,TT,TWICE,https://www.billboard-japan.com/charts/detail?a=stsongs&year=2018&month=06&day=18
2018,stsongs,2018-06-13,21,BBoom BBoom,MOMOLAND,https://www.billboard-japan.com/charts/detail?a=stsongs&year=2018&month=06&day=18
2018,stsongs,2018-06-13,22,RAIN,SEKAI NO OWARI,https://www.billboard-japan.com/charts/detail?a=stsongs&year=2018&month=06&day=18
2018,stsongs,2018-06-13,23,長く短い祭,椎名林檎,https://www.billboard-japan.com/charts/detail?a=stsongs&year=2018&month=06&day=18
2018,stsongs,2018-06-13,24,ガラスを割れ!,欅坂46,https://www.billboard-japan.com/charts/detail?a=stsongs&year=2018&month=06&day=18
2018,stsongs,2018-06-13,25,Anpanman,BTS (防弾少年団),https://www.billboard-japan.com/charts/detail?a=stsongs&year=2018&month=06&day=18
2018,stsongs,2018-06-13,26,ザ・ミドル,"ゼッド,マレン・モリス,グレイ",https://www.billboard-japan.com/charts/detail?a=stsongs&year=2018&month=06&day=18
2018,stsongs,2018-06-13,27,小さな恋のうた,MONGOL800,https://www.billboard-japan.com/charts/detail?a=stsongs&year=2018&month=06&day=18
2018,stsongs,2018-06-13,28,DNA,BTS (防弾少年団),https://www.billboard-japan.com/charts/detail?a=stsongs&year=2018&month=06&day=18
2018,stsongs,2018-06-13,29,Tomorrow Never Knows,Mr.Children,https://www.billboard-japan.com/charts/detail?a=stsongs&year=2018&month=06&day=18
2018,stsongs,2018-06-13,30,愛を伝えたいだとか,あいみょん,https://www.billboard-japan.com/charts/detail?a=stsongs&year=2018&month=06&day=18
2018,stsongs,2018-06-13,31,丸の内サディスティック,椎名林檎,https://www.billboard-japan.com/charts/detail?a=stsongs&year=2018&month=06&day=18
2018,stsongs,2018-06-13,32,ライズ feat.ジャック & ジャック,ジョナス・ブルー,https://www.billboard-japan.com/charts/detail?a=stsongs&year=2018&month=06&day=18
2018,stsongs,2018-06-13,33,himawari,Mr.Children,https://www.billboard-japan.com/charts/detail?a=stsongs&year=2018&month=06&day=18
2018,stsongs,2018-06-13,34,WanteD! WanteD!,Mrs.GREEN APPLE,https://www.billboard-japan.com/charts/detail?a=stsongs&year=2018&month=06&day=18
2018,stsongs,2018-06-13,35,ステイ,ゼッド & アレッシア・カーラ,https://www.billboard-japan.com/charts/detail?a=stsongs&year=2018&month=06&day=18
2018,stsongs,2018-06-13,36,ディス・イズ・ミー,キアラ・セトル & ザ・グレイテスト・ショーマン・アンサンブル,https://www.billboard-japan.com/charts/detail?a=stsongs&year=2018&month=06&day=18
2018,stsongs,2018-06-13,37,クローサー feat.ホールジー,チェインスモーカーズ,https://www.billboard-japan.com/charts/detail?a=stsongs&year=2018&month=06&day=18
2018,stsongs,2018-06-13,38,ハバナ feat.ヤング・サグ,カミラ・カベロ,https://www.billboard-japan.com/charts/detail?a=stsongs&year=2018&month=06&day=18
2018,stsongs,2018-06-13,39,君はロックを聴かない,あいみょん,https://www.billboard-japan.com/charts/detail?a=stsongs&year=2018&month=06&day=18
2018,stsongs,2018-06-13,40,サイレントマジョリティー,欅坂46,https://www.billboard-japan.com/charts/detail?a=stsongs&year=2018&month=06&day=18
2018,stsongs,2018-06-13,41,ODD FUTURE,UVERworld,https://www.billboard-japan.com/charts/detail?a=stsongs&year=2018&month=06&day=18
2018,stsongs,2018-06-13,42,新宝島,サカナクション,https://www.billboard-japan.com/charts/detail?a=stsongs&year=2018&month=06&day=18
2018,stsongs,2018-06-13,43,LIKEY,TWICE,https://www.billboard-japan.com/charts/detail?a=stsongs&year=2018&month=06&day=18
2018,stsongs,2018-06-13,44,ソロ feat.デミ・ロヴァート,クリーン・バンディット,https://www.billboard-japan.com/charts/detail?a=stsongs&year=2018&month=06&day=18
2018,stsongs,2018-06-13,45,奏(かなで),スキマスイッチ,https://www.billboard-japan.com/charts/detail?a=stsongs&year=2018&month=06&day=18
2018,stsongs,2018-06-13,46,愛をこめて花束を,Superfly,https://www.billboard-japan.com/charts/detail?a=stsongs&year=2018&month=06&day=18
2018,stsongs,2018-06-13,47,LOVE SCENARIO,iKON,https://www.billboard-japan.com/charts/detail?a=stsongs&year=2018&month=06&day=18
2018,stsongs,2018-06-13,48,ワタリドリ,[ALEXANDROS],https://www.billboard-japan.com/charts/detail?a=stsongs&year=2018&month=06&day=18
2018,stsongs,2018-06-13,49,ギブス,椎名林檎,https://www.billboard-japan.com/charts/detail?a=stsongs&year=2018&month=06&day=18
2018,stsongs,2018-06-13,50,恋音と雨空,AAA,https://www.billboard-japan.com/charts/detail?a=stsongs&year=2018&month=06&day=18
2018,stsongs,2018-06-13,51,ガールズ・ライク・ユー feat.カーディ・B,マルーン5,https://www.billboard-japan.com/charts/detail?a=stsongs&year=2018&month=06&day=18
2018,stsongs,2018-06-13,52,シンフォニー feat.ザラ・ラーソン,クリーン・バンディット,https://www.billboard-japan.com/charts/detail?a=stsongs&year=2018&month=06&day=18
2018,stsongs,2018-06-13,53,歌舞伎町の女王,椎名林檎,https://www.billboard-japan.com/charts/detail?a=stsongs&year=2018&month=06&day=18
2018,stsongs,2018-06-13,54,零 -ZERO-,福山雅治,https://www.billboard-japan.com/charts/detail?a=stsongs&year=2018&month=06&day=18
2018,stsongs,2018-06-13,55,ホワット・ドゥ・ユー・ミーン?,ジャスティン・ビーバー,https://www.billboard-japan.com/charts/detail?a=stsongs&year=2018&month=06&day=18
2018,stsongs,2018-06-13,56,Candy Pop,TWICE,https://www.billboard-japan.com/charts/detail?a=stsongs&year=2018&month=06&day=18
2018,stsongs,2018-06-13,57,Revival,スキマスイッチ,https://www.billboard-japan.com/charts/detail?a=stsongs&year=2018&month=06&day=18
2018,stsongs,2018-06-13,58,イノセント・ワールド,Mr.Children,https://www.billboard-japan.com/charts/detail?a=stsongs&year=2018&month=06&day=18
2018,stsongs,2018-06-13,59,The Beginning,ONE OK ROCK,https://www.billboard-japan.com/charts/detail?a=stsongs&year=2018&month=06&day=18
2018,stsongs,2018-06-13,60,本能,椎名林檎,https://www.billboard-japan.com/charts/detail?a=stsongs&year=2018&month=06&day=18
2018,stsongs,2018-06-13,61,トリセツ,西野カナ,https://www.billboard-japan.com/charts/detail?a=stsongs&year=2018&month=06&day=18
2018,stsongs,2018-06-13,62,HAPPY,三代目 J Soul Brothers from EXILE TRIBE,https://www.billboard-japan.com/charts/detail?a=stsongs&year=2018&month=06&day=18
2018,stsongs,2018-06-13,63,満月の夜なら,あいみょん,https://www.billboard-japan.com/charts/detail?a=stsongs&year=2018&month=06&day=18
2018,stsongs,2018-06-13,64,ここでキスして。,椎名林檎,https://www.billboard-japan.com/charts/detail?a=stsongs&year=2018&month=06&day=18
2018,stsongs,2018-06-13,65,抱きしめたい,Mr.Children,https://www.billboard-japan.com/charts/detail?a=stsongs&year=2018&month=06&day=18
2018,stsongs,2018-06-13,66,はじまりの歌,平井大,https://www.billboard-japan.com/charts/detail?a=stsongs&year=2018&month=06&day=18
2018,stsongs,2018-06-13,67,Sign,Mr.Children,https://www.billboard-japan.com/charts/detail?a=stsongs&year=2018&month=06&day=18
2018,stsongs,2018-06-13,68,キセキ,GReeeeN,https://www.billboard-japan.com/charts/detail?a=stsongs&year=2018&month=06&day=18
2018,stsongs,2018-06-13,69,完全感覚Dreamer,ONE OK ROCK,https://www.billboard-japan.com/charts/detail?a=stsongs&year=2018&month=06&day=18
2018,stsongs,2018-06-13,70,明日も,SHISHAMO,https://www.billboard-japan.com/charts/detail?a=stsongs&year=2018&month=06&day=18
2018,stsongs,2018-06-13,71,Heart Shaker,TWICE,https://www.billboard-japan.com/charts/detail?a=stsongs&year=2018&month=06&day=18
2018,stsongs,2018-06-13,72,Hero,安室奈美恵,https://www.billboard-japan.com/charts/detail?a=stsongs&year=2018&month=06&day=18
2018,stsongs,2018-06-13,73,シーソーゲーム〜勇敢な恋の歌〜,Mr.Children,https://www.billboard-japan.com/charts/detail?a=stsongs&year=2018&month=06&day=18
2018,stsongs,2018-06-13,74,ウェイク・ミー・アップ!,アヴィーチー,https://www.billboard-japan.com/charts/detail?a=stsongs&year=2018&month=06&day=18
2018,stsongs,2018-06-13,75,Fall,Superfly,https://www.billboard-japan.com/charts/detail?a=stsongs&year=2018&month=06&day=18
2018,stsongs,2018-06-13,76,Dear My Boo,當山みれい,https://www.billboard-japan.com/charts/detail?a=stsongs&year=2018&month=06&day=18
2018,stsongs,2018-06-13,77,ブレイク・フリー feat.ゼッド,アリアナ・グランデ,https://www.billboard-japan.com/charts/detail?a=stsongs&year=2018&month=06&day=18
2018,stsongs,2018-06-13,78,フェイデッド,アラン・ウォーカー,https://www.billboard-japan.com/charts/detail?a=stsongs&year=2018&month=06&day=18
2018,stsongs,2018-06-13,79,EXCITE,三浦大知,https://www.billboard-japan.com/charts/detail?a=stsongs&year=2018&month=06&day=18
2018,stsongs,2018-06-13,80,ウェイティング・フォー・ラヴ,アヴィーチー,https://www.billboard-japan.com/charts/detail?a=stsongs&year=2018&month=06&day=18
2018,stsongs,2018-06-13,81,インフルエンサー,乃木坂46,https://www.billboard-japan.com/charts/detail?a=stsongs&year=2018&month=06&day=18
2018,stsongs,2018-06-13,82,I LOVE YOU,クリス・ハート,https://www.billboard-japan.com/charts/detail?a=stsongs&year=2018&month=06&day=18
2018,stsongs,2018-06-13,83,バック・トゥ・ユー,セレーナ・ゴメス,https://www.billboard-japan.com/charts/detail?a=stsongs&year=2018&month=06&day=18
2018,stsongs,2018-06-13,84,ドラえもん,星野源,https://www.billboard-japan.com/charts/detail?a=stsongs&year=2018&month=06&day=18
2018,stsongs,2018-06-13,85,R.Y.U.S.E.I.,三代目 J Soul Brothers from EXILE TRIBE,https://www.billboard-japan.com/charts/detail?a=stsongs&year=2018&month=06&day=18
2018,stsongs,2018-06-13,86,不協和音,欅坂46,https://www.billboard-japan.com/charts/detail?a=stsongs&year=2018&month=06&day=18
2018,stsongs,2018-06-13,87,フレンズ,マシュメロ & アン・マリー,https://www.billboard-japan.com/charts/detail?a=stsongs&year=2018&month=06&day=18
2018,stsongs,2018-06-13,88,ワン・キス,カルヴィン・ハリス & デュア・リパ,https://www.billboard-japan.com/charts/detail?a=stsongs&year=2018&month=06&day=18
2018,stsongs,2018-06-13,89,しるし,Mr.Children,https://www.billboard-japan.com/charts/detail?a=stsongs&year=2018&month=06&day=18
2018,stsongs,2018-06-13,90,蛍,三代目 J Soul Brothers from EXILE TRIBE,https://www.billboard-japan.com/charts/detail?a=stsongs&year=2018&month=06&day=18
2018,stsongs,2018-06-13,91,名もなき詩,Mr.Children,https://www.billboard-japan.com/charts/detail?a=stsongs&year=2018&month=06&day=18
2018,stsongs,2018-06-13,92,2002,アン・マリー,https://www.billboard-japan.com/charts/detail?a=stsongs&year=2018&month=06&day=18
2018,stsongs,2018-06-13,93,ザ・グレイテスト・ショー,ヒュー・ジャックマン、キアラ・セトル、ザック・エフロン、ゼンデイヤ & ザ・グレイテスト・ショーマン・アンサンブル,https://www.billboard-japan.com/charts/detail?a=stsongs&year=2018&month=06&day=18
2018,stsongs,2018-06-13,94,カタオモイ,Aimer(エメ),https://www.billboard-japan.com/charts/detail?a=stsongs&year=2018&month=06&day=18
2018,stsongs,2018-06-13,95,超ヤバい,t-Ace,https://www.billboard-japan.com/charts/detail?a=stsongs&year=2018&month=06&day=18
2018,stsongs,2018-06-13,96,CALL CALL CALL!,SEVENTEEN,https://www.billboard-japan.com/charts/detail?a=stsongs&year=2018&month=06&day=18
2018,stsongs,2018-06-13,97,Show Time,E-girls,https://www.billboard-japan.com/charts/detail?a=stsongs&year=2018&month=06&day=18
2018,stsongs,2018-06-13,98,Slow & Easy,平井大,https://www.billboard-japan.com/charts/detail?a=stsongs&year=2018&month=06&day=18
2018,stsongs,2018-06-13,99,Welcome to TOKYO,三代目 J Soul Brothers from EXILE TRIBE,https://www.billboard-japan.com/charts/detail?a=stsongs&year=2018&month=06&day=18
2018,stsongs,2018-06-13,100,シェイク・イット・オフ〜気にしてなんかいられないっ!!,テイラー・スウィフト,https://www.billboard-japan.com/charts/detail?a=stsongs&year=2018&month=06&day=18
2018,stsongs,2018-06-20,1,U.S.A.,DA PUMP,https://www.billboard-japan.com/charts/detail?a=stsongs&year=2018&month=06&day=25
2018,stsongs,2018-06-20,2,シェイプ・オブ・ユー,エド・シーラン,https://www.billboard-japan.com/charts/detail?a=stsongs&year=2018&month=06&day=25
2018,stsongs,2018-06-20,3,FAKE LOVE,BTS (防弾少年団),https://www.billboard-japan.com/charts/detail?a=stsongs&year=2018&month=06&day=25
2018,stsongs,2018-06-20,4,打上花火,DAOKO × 米津玄師,https://www.billboard-japan.com/charts/detail?a=stsongs&year=2018&month=06&day=25
2018,stsongs,2018-06-20,5,恋と愛,三代目 J Soul Brothers from EXILE TRIBE,https://www.billboard-japan.com/charts/detail?a=stsongs&year=2018&month=06&day=25
2018,stsongs,2018-06-20,6,RAINBOW,三代目 J Soul Brothers from EXILE TRIBE feat.イエロー・クロウ,https://www.billboard-japan.com/charts/detail?a=stsongs&year=2018&month=06&day=25
2018,stsongs,2018-06-20,7,ノーダウト,Official髭男dism,https://www.billboard-japan.com/charts/detail?a=stsongs&year=2018&month=06&day=25
2018,stsongs,2018-06-20,8,HANABI,Mr.Children,https://www.billboard-japan.com/charts/detail?a=stsongs&year=2018&month=06&day=25
2018,stsongs,2018-06-20,9,What is Love?,TWICE,https://www.billboard-japan.com/charts/detail?a=stsongs&year=2018&month=06&day=25
2018,stsongs,2018-06-20,10,さよならエレジー,菅田将暉,https://www.billboard-japan.com/charts/detail?a=stsongs&year=2018&month=06&day=25
2018,stsongs,2018-06-20,11,Change,ONE OK ROCK,https://www.billboard-japan.com/charts/detail?a=stsongs&year=2018&month=06&day=25
2018,stsongs,2018-06-20,12,Don't Leave Me,BTS (防弾少年団),https://www.billboard-japan.com/charts/detail?a=stsongs&year=2018&month=06&day=25
2018,stsongs,2018-06-20,13,Wake Me Up,TWICE,https://www.billboard-japan.com/charts/detail?a=stsongs&year=2018&month=06&day=25
2018,stsongs,2018-06-20,14,Wherever you are,ONE OK ROCK,https://www.billboard-japan.com/charts/detail?a=stsongs&year=2018&month=06&day=25
2018,stsongs,2018-06-20,15,My Boo,清水翔太,https://www.billboard-japan.com/charts/detail?a=stsongs&year=2018&month=06&day=25
2018,stsongs,2018-06-20,16,アイラブユー,西野カナ,https://www.billboard-japan.com/charts/detail?a=stsongs&year=2018&month=06&day=25
2018,stsongs,2018-06-20,17,シンクロニシティ,乃木坂46,https://www.billboard-japan.com/charts/detail?a=stsongs&year=2018&month=06&day=25
2018,stsongs,2018-06-20,18,F.L.Y. BOYS F.L.Y. GIRLS,GENERATIONS from EXILE TRIBE,https://www.billboard-japan.com/charts/detail?a=stsongs&year=2018&month=06&day=25
2018,stsongs,2018-06-20,19,フロントメモリー,鈴木瑛美子×亀田誠治,https://www.billboard-japan.com/charts/detail?a=stsongs&year=2018&month=06&day=25
2018,stsongs,2018-06-20,20,DDU-DU DDU-DU,BLACKPINK,https://www.billboard-japan.com/charts/detail?a=stsongs&year=2018&month=06&day=25
2018,stsongs,2018-06-20,21,TT,TWICE,https://www.billboard-japan.com/charts/detail?a=stsongs&year=2018&month=06&day=25
2018,stsongs,2018-06-20,22,RAIN,SEKAI NO OWARI,https://www.billboard-japan.com/charts/detail?a=stsongs&year=2018&month=06&day=25
2018,stsongs,2018-06-20,23,ノー・ティアーズ・レフト・トゥ・クライ,アリアナ・グランデ,https://www.billboard-japan.com/charts/detail?a=stsongs&year=2018&month=06&day=25
2018,stsongs,2018-06-20,24,BBoom BBoom,MOMOLAND,https://www.billboard-japan.com/charts/detail?a=stsongs&year=2018&month=06&day=25
2018,stsongs,2018-06-20,25,ザ・ミドル,"ゼッド,マレン・モリス,グレイ",https://www.billboard-japan.com/charts/detail?a=stsongs&year=2018&month=06&day=25
2018,stsongs,2018-06-20,26,ガラスを割れ!,欅坂46,https://www.billboard-japan.com/charts/detail?a=stsongs&year=2018&month=06&day=25
2018,stsongs,2018-06-20,27,ライズ feat.ジャック & ジャック,ジョナス・ブルー,https://www.billboard-japan.com/charts/detail?a=stsongs&year=2018&month=06&day=25
2018,stsongs,2018-06-20,28,小さな恋のうた,MONGOL800,https://www.billboard-japan.com/charts/detail?a=stsongs&year=2018&month=06&day=25
2018,stsongs,2018-06-20,29,DNA,BTS (防弾少年団),https://www.billboard-japan.com/charts/detail?a=stsongs&year=2018&month=06&day=25
2018,stsongs,2018-06-20,30,クローサー feat.ホールジー,チェインスモーカーズ,https://www.billboard-japan.com/charts/detail?a=stsongs&year=2018&month=06&day=25
2018,stsongs,2018-06-20,31,サイレントマジョリティー,欅坂46,https://www.billboard-japan.com/charts/detail?a=stsongs&year=2018&month=06&day=25
2018,stsongs,2018-06-20,32,ステイ,ゼッド & アレッシア・カーラ,https://www.billboard-japan.com/charts/detail?a=stsongs&year=2018&month=06&day=25
2018,stsongs,2018-06-20,33,また、アシタ,GENERATIONS from EXILE TRIBE,https://www.billboard-japan.com/charts/detail?a=stsongs&year=2018&month=06&day=25
2018,stsongs,2018-06-20,34,WanteD! WanteD!,Mrs.GREEN APPLE,https://www.billboard-japan.com/charts/detail?a=stsongs&year=2018&month=06&day=25
2018,stsongs,2018-06-20,35,Tomorrow Never Knows,Mr.Children,https://www.billboard-japan.com/charts/detail?a=stsongs&year=2018&month=06&day=25
2018,stsongs,2018-06-20,36,ディス・イズ・ミー,キアラ・セトル & ザ・グレイテスト・ショーマン・アンサンブル,https://www.billboard-japan.com/charts/detail?a=stsongs&year=2018&month=06&day=25
2018,stsongs,2018-06-20,37,君はロックを聴かない,あいみょん,https://www.billboard-japan.com/charts/detail?a=stsongs&year=2018&month=06&day=25
2018,stsongs,2018-06-20,38,ハバナ feat.ヤング・サグ,カミラ・カベロ,https://www.billboard-japan.com/charts/detail?a=stsongs&year=2018&month=06&day=25
2018,stsongs,2018-06-20,39,Anpanman,BTS (防弾少年団),https://www.billboard-japan.com/charts/detail?a=stsongs&year=2018&month=06&day=25
2018,stsongs,2018-06-20,40,Dear My Friend feat.鷲尾伶菜(E-girls/Flower),MACO,https://www.billboard-japan.com/charts/detail?a=stsongs&year=2018&month=06&day=25
2018,stsongs,2018-06-20,41,himawari,Mr.Children,https://www.billboard-japan.com/charts/detail?a=stsongs&year=2018&month=06&day=25
2018,stsongs,2018-06-20,42,I WANT YOU BACK,TWICE,https://www.billboard-japan.com/charts/detail?a=stsongs&year=2018&month=06&day=25
2018,stsongs,2018-06-20,43,恋音と雨空,AAA,https://www.billboard-japan.com/charts/detail?a=stsongs&year=2018&month=06&day=25
2018,stsongs,2018-06-20,44,ソロ feat.デミ・ロヴァート,クリーン・バンディット,https://www.billboard-japan.com/charts/detail?a=stsongs&year=2018&month=06&day=25
2018,stsongs,2018-06-20,45,愛を伝えたいだとか,あいみょん,https://www.billboard-japan.com/charts/detail?a=stsongs&year=2018&month=06&day=25
2018,stsongs,2018-06-20,46,ワタリドリ,[ALEXANDROS],https://www.billboard-japan.com/charts/detail?a=stsongs&year=2018&month=06&day=25
2018,stsongs,2018-06-20,47,Fall,Superfly,https://www.billboard-japan.com/charts/detail?a=stsongs&year=2018&month=06&day=25
2018,stsongs,2018-06-20,48,トリセツ,西野カナ,https://www.billboard-japan.com/charts/detail?a=stsongs&year=2018&month=06&day=25
2018,stsongs,2018-06-20,49,ホワット・ドゥ・ユー・ミーン?,ジャスティン・ビーバー,https://www.billboard-japan.com/charts/detail?a=stsongs&year=2018&month=06&day=25
2018,stsongs,2018-06-20,50,奏(かなで),スキマスイッチ,https://www.billboard-japan.com/charts/detail?a=stsongs&year=2018&month=06&day=25
2018,stsongs,2018-06-20,51,長く短い祭,椎名林檎,https://www.billboard-japan.com/charts/detail?a=stsongs&year=2018&month=06&day=25
2018,stsongs,2018-06-20,52,愛をこめて花束を,Superfly,https://www.billboard-japan.com/charts/detail?a=stsongs&year=2018&month=06&day=25
2018,stsongs,2018-06-20,53,LIKEY,TWICE,https://www.billboard-japan.com/charts/detail?a=stsongs&year=2018&month=06&day=25
2018,stsongs,2018-06-20,54,ODD FUTURE,UVERworld,https://www.billboard-japan.com/charts/detail?a=stsongs&year=2018&month=06&day=25
2018,stsongs,2018-06-20,55,ウェイク・ミー・アップ!,アヴィーチー,https://www.billboard-japan.com/charts/detail?a=stsongs&year=2018&month=06&day=25
2018,stsongs,2018-06-20,56,シンフォニー feat.ザラ・ラーソン,クリーン・バンディット,https://www.billboard-japan.com/charts/detail?a=stsongs&year=2018&month=06&day=25
2018,stsongs,2018-06-20,57,R.Y.U.S.E.I.,三代目 J Soul Brothers from EXILE TRIBE,https://www.billboard-japan.com/charts/detail?a=stsongs&year=2018&month=06&day=25
2018,stsongs,2018-06-20,58,新宝島,サカナクション,https://www.billboard-japan.com/charts/detail?a=stsongs&year=2018&month=06&day=25
2018,stsongs,2018-06-20,59,蛍,三代目 J Soul Brothers from EXILE TRIBE,https://www.billboard-japan.com/charts/detail?a=stsongs&year=2018&month=06&day=25
2018,stsongs,2018-06-20,60,丸の内サディスティック,椎名林檎,https://www.billboard-japan.com/charts/detail?a=stsongs&year=2018&month=06&day=25
2018,stsongs,2018-06-20,61,The Beginning,ONE OK ROCK,https://www.billboard-japan.com/charts/detail?a=stsongs&year=2018&month=06&day=25
2018,stsongs,2018-06-20,62,Candy Pop,TWICE,https://www.billboard-japan.com/charts/detail?a=stsongs&year=2018&month=06&day=25
2018,stsongs,2018-06-20,63,バック・トゥ・ユー,セレーナ・ゴメス,https://www.billboard-japan.com/charts/detail?a=stsongs&year=2018&month=06&day=25
2018,stsongs,2018-06-20,64,明日も,SHISHAMO,https://www.billboard-japan.com/charts/detail?a=stsongs&year=2018&month=06&day=25
2018,stsongs,2018-06-20,65,ブレイク・フリー feat.ゼッド,アリアナ・グランデ,https://www.billboard-japan.com/charts/detail?a=stsongs&year=2018&month=06&day=25
2018,stsongs,2018-06-20,66,満月の夜なら,あいみょん,https://www.billboard-japan.com/charts/detail?a=stsongs&year=2018&month=06&day=25
2018,stsongs,2018-06-20,67,零 -ZERO-,福山雅治,https://www.billboard-japan.com/charts/detail?a=stsongs&year=2018&month=06&day=25
2018,stsongs,2018-06-20,68,キセキ,GReeeeN,https://www.billboard-japan.com/charts/detail?a=stsongs&year=2018&month=06&day=25
2018,stsongs,2018-06-20,69,HAPPY,三代目 J Soul Brothers from EXILE TRIBE,https://www.billboard-japan.com/charts/detail?a=stsongs&year=2018&month=06&day=25
2018,stsongs,2018-06-20,70,Hero,安室奈美恵,https://www.billboard-japan.com/charts/detail?a=stsongs&year=2018&month=06&day=25
2018,stsongs,2018-06-20,71,抱きしめたい,Mr.Children,https://www.billboard-japan.com/charts/detail?a=stsongs&year=2018&month=06&day=25
2018,stsongs,2018-06-20,72,完全感覚Dreamer,ONE OK ROCK,https://www.billboard-japan.com/charts/detail?a=stsongs&year=2018&month=06&day=25
2018,stsongs,2018-06-20,73,EXCITE,三浦大知,https://www.billboard-japan.com/charts/detail?a=stsongs&year=2018&month=06&day=25
2018,stsongs,2018-06-20,74,Sign,Mr.Children,https://www.billboard-japan.com/charts/detail?a=stsongs&year=2018&month=06&day=25
2018,stsongs,2018-06-20,75,イノセント・ワールド,Mr.Children,https://www.billboard-japan.com/charts/detail?a=stsongs&year=2018&month=06&day=25
2018,stsongs,2018-06-20,76,Heart Shaker,TWICE,https://www.billboard-japan.com/charts/detail?a=stsongs&year=2018&month=06&day=25
2018,stsongs,2018-06-20,77,ガールズ・ライク・ユー feat.カーディ・B,マルーン5,https://www.billboard-japan.com/charts/detail?a=stsongs&year=2018&month=06&day=25
2018,stsongs,2018-06-20,78,I LOVE YOU,クリス・ハート,https://www.billboard-japan.com/charts/detail?a=stsongs&year=2018&month=06&day=25
2018,stsongs,2018-06-20,79,シーソーゲーム〜勇敢な恋の歌〜,Mr.Children,https://www.billboard-japan.com/charts/detail?a=stsongs&year=2018&month=06&day=25
2018,stsongs,2018-06-20,80,シュガー,マルーン5,https://www.billboard-japan.com/charts/detail?a=stsongs&year=2018&month=06&day=25
2018,stsongs,2018-06-20,81,インフルエンサー,乃木坂46,https://www.billboard-japan.com/charts/detail?a=stsongs&year=2018&month=06&day=25
2018,stsongs,2018-06-20,82,フェイデッド,アラン・ウォーカー,https://www.billboard-japan.com/charts/detail?a=stsongs&year=2018&month=06&day=25
2018,stsongs,2018-06-20,83,FOREVER YOUNG,BLACKPINK,https://www.billboard-japan.com/charts/detail?a=stsongs&year=2018&month=06&day=25
2018,stsongs,2018-06-20,84,不協和音,欅坂46,https://www.billboard-japan.com/charts/detail?a=stsongs&year=2018&month=06&day=25
2018,stsongs,2018-06-20,85,君が好き,清水翔太,https://www.billboard-japan.com/charts/detail?a=stsongs&year=2018&month=06&day=25
2018,stsongs,2018-06-20,86,ウェイティング・フォー・ラヴ,アヴィーチー,https://www.billboard-japan.com/charts/detail?a=stsongs&year=2018&month=06&day=25
2018,stsongs,2018-06-20,87,ドラえもん,星野源,https://www.billboard-japan.com/charts/detail?a=stsongs&year=2018&month=06&day=25
2018,stsongs,2018-06-20,88,フレンズ,マシュメロ & アン・マリー,https://www.billboard-japan.com/charts/detail?a=stsongs&year=2018&month=06&day=25
2018,stsongs,2018-06-20,89,シェイク・イット・オフ〜気にしてなんかいられないっ!!,テイラー・スウィフト,https://www.billboard-japan.com/charts/detail?a=stsongs&year=2018&month=06&day=25
2018,stsongs,2018-06-20,90,超ヤバい,t-Ace,https://www.billboard-japan.com/charts/detail?a=stsongs&year=2018&month=06&day=25
2018,stsongs,2018-06-20,91,ワン・キス,カルヴィン・ハリス & デュア・リパ,https://www.billboard-japan.com/charts/detail?a=stsongs&year=2018&month=06&day=25
2018,stsongs,2018-06-20,92,Dear My Boo,當山みれい,https://www.billboard-japan.com/charts/detail?a=stsongs&year=2018&month=06&day=25
2018,stsongs,2018-06-20,93,グッド・ライフ,Gイージー & ケラーニ,https://www.billboard-japan.com/charts/detail?a=stsongs&year=2018&month=06&day=25
2018,stsongs,2018-06-20,94,2002,アン・マリー,https://www.billboard-japan.com/charts/detail?a=stsongs&year=2018&month=06&day=25
2018,stsongs,2018-06-20,95,カタオモイ,Aimer(エメ),https://www.billboard-japan.com/charts/detail?a=stsongs&year=2018&month=06&day=25
2018,stsongs,2018-06-20,96,しるし,Mr.Children,https://www.billboard-japan.com/charts/detail?a=stsongs&year=2018&month=06&day=25
2018,stsongs,2018-06-20,97,Echo,DEAN FUJIOKA,https://www.billboard-japan.com/charts/detail?a=stsongs&year=2018&month=06&day=25
2018,stsongs,2018-06-20,98,花束を君に,宇多田ヒカル,https://www.billboard-japan.com/charts/detail?a=stsongs&year=2018&month=06&day=25
2018,stsongs,2018-06-20,99,Revival,スキマスイッチ,https://www.billboard-japan.com/charts/detail?a=stsongs&year=2018&month=06&day=25
2018,stsongs,2018-06-20,100,ジャスト・ザ・ウェイ・ユー・アー,ブルーノ・マーズ,https://www.billboard-japan.com/charts/detail?a=stsongs&year=2018&month=06&day=25
2018,stsongs,2018-06-27,1,DDU-DU DDU-DU,BLACKPINK,https://www.billboard-japan.com/charts/detail?a=stsongs&year=2018&month=07&day=02
2018,stsongs,2018-06-27,2,U.S.A.,DA PUMP,https://www.billboard-japan.com/charts/detail?a=stsongs&year=2018&month=07&day=02
2018,stsongs,2018-06-27,3,打上花火,DAOKO × 米津玄師,https://www.billboard-japan.com/charts/detail?a=stsongs&year=2018&month=07&day=02
2018,stsongs,2018-06-27,4,シェイプ・オブ・ユー,エド・シーラン,https://www.billboard-japan.com/charts/detail?a=stsongs&year=2018&month=07&day=02
2018,stsongs,2018-06-27,5,HANABI,Mr.Children,https://www.billboard-japan.com/charts/detail?a=stsongs&year=2018&month=07&day=02
2018,stsongs,2018-06-27,6,恋と愛,三代目 J Soul Brothers from EXILE TRIBE,https://www.billboard-japan.com/charts/detail?a=stsongs&year=2018&month=07&day=02
2018,stsongs,2018-06-27,7,さよならエレジー,菅田将暉,https://www.billboard-japan.com/charts/detail?a=stsongs&year=2018&month=07&day=02
2018,stsongs,2018-06-27,8,What is Love?,TWICE,https://www.billboard-japan.com/charts/detail?a=stsongs&year=2018&month=07&day=02
2018,stsongs,2018-06-27,9,FAKE LOVE,BTS (防弾少年団),https://www.billboard-japan.com/charts/detail?a=stsongs&year=2018&month=07&day=02
2018,stsongs,2018-06-27,10,FOREVER YOUNG,BLACKPINK,https://www.billboard-japan.com/charts/detail?a=stsongs&year=2018&month=07&day=02
2018,stsongs,2018-06-27,11,ノーダウト,Official髭男dism,https://www.billboard-japan.com/charts/detail?a=stsongs&year=2018&month=07&day=02
2018,stsongs,2018-06-27,12,Change,ONE OK ROCK,https://www.billboard-japan.com/charts/detail?a=stsongs&year=2018&month=07&day=02
2018,stsongs,2018-06-27,13,I WANT YOU BACK,TWICE,https://www.billboard-japan.com/charts/detail?a=stsongs&year=2018&month=07&day=02
2018,stsongs,2018-06-27,14,RAINBOW,三代目 J Soul Brothers from EXILE TRIBE feat.イエロー・クロウ,https://www.billboard-japan.com/charts/detail?a=stsongs&year=2018&month=07&day=02
2018,stsongs,2018-06-27,15,F.L.Y. BOYS F.L.Y. GIRLS,GENERATIONS from EXILE TRIBE,https://www.billboard-japan.com/charts/detail?a=stsongs&year=2018&month=07&day=02
2018,stsongs,2018-06-27,16,Wherever you are,ONE OK ROCK,https://www.billboard-japan.com/charts/detail?a=stsongs&year=2018&month=07&day=02
2018,stsongs,2018-06-27,17,Don't Leave Me,BTS (防弾少年団),https://www.billboard-japan.com/charts/detail?a=stsongs&year=2018&month=07&day=02
2018,stsongs,2018-06-27,18,ノー・ティアーズ・レフト・トゥ・クライ,アリアナ・グランデ,https://www.billboard-japan.com/charts/detail?a=stsongs&year=2018&month=07&day=02
2018,stsongs,2018-06-27,19,My Boo,清水翔太,https://www.billboard-japan.com/charts/detail?a=stsongs&year=2018&month=07&day=02
2018,stsongs,2018-06-27,20,シンクロニシティ,乃木坂46,https://www.billboard-japan.com/charts/detail?a=stsongs&year=2018&month=07&day=02
2018,stsongs,2018-06-27,21,Wake Me Up,TWICE,https://www.billboard-japan.com/charts/detail?a=stsongs&year=2018&month=07&day=02
2018,stsongs,2018-06-27,22,TT,TWICE,https://www.billboard-japan.com/charts/detail?a=stsongs&year=2018&month=07&day=02
2018,stsongs,2018-06-27,23,アイラブユー,西野カナ,https://www.billboard-japan.com/charts/detail?a=stsongs&year=2018&month=07&day=02
2018,stsongs,2018-06-27,24,BBoom BBoom,MOMOLAND,https://www.billboard-japan.com/charts/detail?a=stsongs&year=2018&month=07&day=02
2018,stsongs,2018-06-27,25,REALLY,BLACKPINK,https://www.billboard-japan.com/charts/detail?a=stsongs&year=2018&month=07&day=02
2018,stsongs,2018-06-27,26,ザ・ミドル,"ゼッド,マレン・モリス,グレイ",https://www.billboard-japan.com/charts/detail?a=stsongs&year=2018&month=07&day=02
2018,stsongs,2018-06-27,27,ライズ feat.ジャック & ジャック,ジョナス・ブルー,https://www.billboard-japan.com/charts/detail?a=stsongs&year=2018&month=07&day=02
2018,stsongs,2018-06-27,28,小さな恋のうた,MONGOL800,https://www.billboard-japan.com/charts/detail?a=stsongs&year=2018&month=07&day=02
2018,stsongs,2018-06-27,29,フロントメモリー,鈴木瑛美子×亀田誠治,https://www.billboard-japan.com/charts/detail?a=stsongs&year=2018&month=07&day=02
2018,stsongs,2018-06-27,30,RAIN,SEKAI NO OWARI,https://www.billboard-japan.com/charts/detail?a=stsongs&year=2018&month=07&day=02
2018,stsongs,2018-06-27,31,ガラスを割れ!,欅坂46,https://www.billboard-japan.com/charts/detail?a=stsongs&year=2018&month=07&day=02
2018,stsongs,2018-06-27,32,DNA,BTS (防弾少年団),https://www.billboard-japan.com/charts/detail?a=stsongs&year=2018&month=07&day=02
2018,stsongs,2018-06-27,33,クローサー feat.ホールジー,チェインスモーカーズ,https://www.billboard-japan.com/charts/detail?a=stsongs&year=2018&month=07&day=02
2018,stsongs,2018-06-27,34,Echo,DEAN FUJIOKA,https://www.billboard-japan.com/charts/detail?a=stsongs&year=2018&month=07&day=02
2018,stsongs,2018-06-27,35,ステイ,ゼッド & アレッシア・カーラ,https://www.billboard-japan.com/charts/detail?a=stsongs&year=2018&month=07&day=02
2018,stsongs,2018-06-27,36,ソロ feat.デミ・ロヴァート,クリーン・バンディット,https://www.billboard-japan.com/charts/detail?a=stsongs&year=2018&month=07&day=02
2018,stsongs,2018-06-27,37,闘う戦士たちへ愛を込めて,サザンオールスターズ,https://www.billboard-japan.com/charts/detail?a=stsongs&year=2018&month=07&day=02
2018,stsongs,2018-06-27,38,サイレントマジョリティー,欅坂46,https://www.billboard-japan.com/charts/detail?a=stsongs&year=2018&month=07&day=02
2018,stsongs,2018-06-27,39,また、アシタ,GENERATIONS from EXILE TRIBE,https://www.billboard-japan.com/charts/detail?a=stsongs&year=2018&month=07&day=02
2018,stsongs,2018-06-27,40,ハバナ feat.ヤング・サグ,カミラ・カベロ,https://www.billboard-japan.com/charts/detail?a=stsongs&year=2018&month=07&day=02
2018,stsongs,2018-06-27,41,SEE U LATER,BLACKPINK,https://www.billboard-japan.com/charts/detail?a=stsongs&year=2018&month=07&day=02
2018,stsongs,2018-06-27,42,奏(かなで),スキマスイッチ,https://www.billboard-japan.com/charts/detail?a=stsongs&year=2018&month=07&day=02
2018,stsongs,2018-06-27,43,WanteD! WanteD!,Mrs.GREEN APPLE,https://www.billboard-japan.com/charts/detail?a=stsongs&year=2018&month=07&day=02
2018,stsongs,2018-06-27,44,君はロックを聴かない,あいみょん,https://www.billboard-japan.com/charts/detail?a=stsongs&year=2018&month=07&day=02
2018,stsongs,2018-06-27,45,シンフォニー feat.ザラ・ラーソン,クリーン・バンディット,https://www.billboard-japan.com/charts/detail?a=stsongs&year=2018&month=07&day=02
2018,stsongs,2018-06-27,46,愛を伝えたいだとか,あいみょん,https://www.billboard-japan.com/charts/detail?a=stsongs&year=2018&month=07&day=02
2018,stsongs,2018-06-27,47,ディス・イズ・ミー,キアラ・セトル & ザ・グレイテスト・ショーマン・アンサンブル,https://www.billboard-japan.com/charts/detail?a=stsongs&year=2018&month=07&day=02
2018,stsongs,2018-06-27,48,ワタリドリ,[ALEXANDROS],https://www.billboard-japan.com/charts/detail?a=stsongs&year=2018&month=07&day=02
2018,stsongs,2018-06-27,49,恋音と雨空,AAA,https://www.billboard-japan.com/charts/detail?a=stsongs&year=2018&month=07&day=02
2018,stsongs,2018-06-27,50,Tomorrow Never Knows,Mr.Children,https://www.billboard-japan.com/charts/detail?a=stsongs&year=2018&month=07&day=02
2018,stsongs,2018-06-27,51,ウェイク・ミー・アップ!,アヴィーチー,https://www.billboard-japan.com/charts/detail?a=stsongs&year=2018&month=07&day=02
2018,stsongs,2018-06-27,52,VOLT-AGE,Suchmos,https://www.billboard-japan.com/charts/detail?a=stsongs&year=2018&month=07&day=02
2018,stsongs,2018-06-27,53,LIKEY,TWICE,https://www.billboard-japan.com/charts/detail?a=stsongs&year=2018&month=07&day=02
2018,stsongs,2018-06-27,54,愛をこめて花束を,Superfly,https://www.billboard-japan.com/charts/detail?a=stsongs&year=2018&month=07&day=02
2018,stsongs,2018-06-27,55,Anpanman,BTS (防弾少年団),https://www.billboard-japan.com/charts/detail?a=stsongs&year=2018&month=07&day=02
2018,stsongs,2018-06-27,56,ホワット・ドゥ・ユー・ミーン?,ジャスティン・ビーバー,https://www.billboard-japan.com/charts/detail?a=stsongs&year=2018&month=07&day=02
2018,stsongs,2018-06-27,57,himawari,Mr.Children,https://www.billboard-japan.com/charts/detail?a=stsongs&year=2018&month=07&day=02
2018,stsongs,2018-06-27,58,Candy Pop,TWICE,https://www.billboard-japan.com/charts/detail?a=stsongs&year=2018&month=07&day=02
2018,stsongs,2018-06-27,59,トリセツ,西野カナ,https://www.billboard-japan.com/charts/detail?a=stsongs&year=2018&month=07&day=02
2018,stsongs,2018-06-27,60,新宝島,サカナクション,https://www.billboard-japan.com/charts/detail?a=stsongs&year=2018&month=07&day=02
2018,stsongs,2018-06-27,61,R.Y.U.S.E.I.,三代目 J Soul Brothers from EXILE TRIBE,https://www.billboard-japan.com/charts/detail?a=stsongs&year=2018&month=07&day=02
2018,stsongs,2018-06-27,62,キセキ,GReeeeN,https://www.billboard-japan.com/charts/detail?a=stsongs&year=2018&month=07&day=02
2018,stsongs,2018-06-27,63,Fall,Superfly,https://www.billboard-japan.com/charts/detail?a=stsongs&year=2018&month=07&day=02
2018,stsongs,2018-06-27,64,りらっくすタイムス,リラックスタイムス,https://www.billboard-japan.com/charts/detail?a=stsongs&year=2018&month=07&day=02
2018,stsongs,2018-06-27,65,ODD FUTURE,UVERworld,https://www.billboard-japan.com/charts/detail?a=stsongs&year=2018&month=07&day=02
2018,stsongs,2018-06-27,66,The Beginning,ONE OK ROCK,https://www.billboard-japan.com/charts/detail?a=stsongs&year=2018&month=07&day=02
2018,stsongs,2018-06-27,67,Slow & Easy,平井大,https://www.billboard-japan.com/charts/detail?a=stsongs&year=2018&month=07&day=02
2018,stsongs,2018-06-27,68,バック・トゥ・ユー,セレーナ・ゴメス,https://www.billboard-japan.com/charts/detail?a=stsongs&year=2018&month=07&day=02
2018,stsongs,2018-06-27,69,明日も,SHISHAMO,https://www.billboard-japan.com/charts/detail?a=stsongs&year=2018&month=07&day=02
2018,stsongs,2018-06-27,70,完全感覚Dreamer,ONE OK ROCK,https://www.billboard-japan.com/charts/detail?a=stsongs&year=2018&month=07&day=02
2018,stsongs,2018-06-27,71,ブレイク・フリー feat.ゼッド,アリアナ・グランデ,https://www.billboard-japan.com/charts/detail?a=stsongs&year=2018&month=07&day=02
2018,stsongs,2018-06-27,72,Hero,安室奈美恵,https://www.billboard-japan.com/charts/detail?a=stsongs&year=2018&month=07&day=02
2018,stsongs,2018-06-27,73,ガールズ・ライク・ユー feat.カーディ・B,マルーン5,https://www.billboard-japan.com/charts/detail?a=stsongs&year=2018&month=07&day=02
2018,stsongs,2018-06-27,74,満月の夜なら,あいみょん,https://www.billboard-japan.com/charts/detail?a=stsongs&year=2018&month=07&day=02
2018,stsongs,2018-06-27,75,不協和音,欅坂46,https://www.billboard-japan.com/charts/detail?a=stsongs&year=2018&month=07&day=02
2018,stsongs,2018-06-27,76,Heart Shaker,TWICE,https://www.billboard-japan.com/charts/detail?a=stsongs&year=2018&month=07&day=02
2018,stsongs,2018-06-27,77,EXCITE,三浦大知,https://www.billboard-japan.com/charts/detail?a=stsongs&year=2018&month=07&day=02
2018,stsongs,2018-06-27,78,Sign,Mr.Children,https://www.billboard-japan.com/charts/detail?a=stsongs&year=2018&month=07&day=02
2018,stsongs,2018-06-27,79,808,Suchmos,https://www.billboard-japan.com/charts/detail?a=stsongs&year=2018&month=07&day=02
2018,stsongs,2018-06-27,80,フレンズ,マシュメロ & アン・マリー,https://www.billboard-japan.com/charts/detail?a=stsongs&year=2018&month=07&day=02
2018,stsongs,2018-06-27,81,インフルエンサー,乃木坂46,https://www.billboard-japan.com/charts/detail?a=stsongs&year=2018&month=07&day=02
2018,stsongs,2018-06-27,82,シュガー,マルーン5,https://www.billboard-japan.com/charts/detail?a=stsongs&year=2018&month=07&day=02
2018,stsongs,2018-06-27,83,フェイデッド,アラン・ウォーカー,https://www.billboard-japan.com/charts/detail?a=stsongs&year=2018&month=07&day=02
2018,stsongs,2018-06-27,84,シェイク・イット・オフ〜気にしてなんかいられないっ!!,テイラー・スウィフト,https://www.billboard-japan.com/charts/detail?a=stsongs&year=2018&month=07&day=02
2018,stsongs,2018-06-27,85,長く短い祭,椎名林檎,https://www.billboard-japan.com/charts/detail?a=stsongs&year=2018&month=07&day=02
2018,stsongs,2018-06-27,86,ワン・キス,カルヴィン・ハリス & デュア・リパ,https://www.billboard-japan.com/charts/detail?a=stsongs&year=2018&month=07&day=02
2018,stsongs,2018-06-27,87,ウェイティング・フォー・ラヴ,アヴィーチー,https://www.billboard-japan.com/charts/detail?a=stsongs&year=2018&month=07&day=02
2018,stsongs,2018-06-27,88,イノセント・ワールド,Mr.Children,https://www.billboard-japan.com/charts/detail?a=stsongs&year=2018&month=07&day=02
2018,stsongs,2018-06-27,89,I LOVE YOU,クリス・ハート,https://www.billboard-japan.com/charts/detail?a=stsongs&year=2018&month=07&day=02
2018,stsongs,2018-06-27,90,抱きしめたい,Mr.Children,https://www.billboard-japan.com/charts/detail?a=stsongs&year=2018&month=07&day=02
2018,stsongs,2018-06-27,91,丸の内サディスティック,椎名林檎,https://www.billboard-japan.com/charts/detail?a=stsongs&year=2018&month=07&day=02
2018,stsongs,2018-06-27,92,超ヤバい,t-Ace,https://www.billboard-japan.com/charts/detail?a=stsongs&year=2018&month=07&day=02
2018,stsongs,2018-06-27,93,シーソーゲーム〜勇敢な恋の歌〜,Mr.Children,https://www.billboard-japan.com/charts/detail?a=stsongs&year=2018&month=07&day=02
2018,stsongs,2018-06-27,94,AS IF IT'S YOUR LAST,BLACKPINK,https://www.billboard-japan.com/charts/detail?a=stsongs&year=2018&month=07&day=02
2018,stsongs,2018-06-27,95,カタオモイ,Aimer(エメ),https://www.billboard-japan.com/charts/detail?a=stsongs&year=2018&month=07&day=02
2018,stsongs,2018-06-27,96,ひまわりの約束,秦基博,https://www.billboard-japan.com/charts/detail?a=stsongs&year=2018&month=07&day=02
2018,stsongs,2018-06-27,97,Dear My Friend feat.鷲尾伶菜(E-girls/Flower),MACO,https://www.billboard-japan.com/charts/detail?a=stsongs&year=2018&month=07&day=02
2018,stsongs,2018-06-27,97,24K・マジック,ブルーノ・マーズ,https://www.billboard-japan.com/charts/detail?a=stsongs&year=2018&month=07&day=02
2018,stsongs,2018-06-27,99,ドラえもん,星野源,https://www.billboard-japan.com/charts/detail?a=stsongs&year=2018&month=07&day=02
2018,stsongs,2018-06-27,100,2002,アン・マリー,https://www.billboard-japan.com/charts/detail?a=stsongs&year=2018&month=07&day=02
2018,stsongs,2018-07-04,1,U.S.A.,DA PUMP,https://www.billboard-japan.com/charts/detail?a=stsongs&year=2018&month=07&day=09
2018,stsongs,2018-07-04,2,打上花火,DAOKO × 米津玄師,https://www.billboard-japan.com/charts/detail?a=stsongs&year=2018&month=07&day=09
2018,stsongs,2018-07-04,3,DDU-DU DDU-DU,BLACKPINK,https://www.billboard-japan.com/charts/detail?a=stsongs&year=2018&month=07&day=09
2018,stsongs,2018-07-04,4,シェイプ・オブ・ユー,エド・シーラン,https://www.billboard-japan.com/charts/detail?a=stsongs&year=2018&month=07&day=09
2018,stsongs,2018-07-04,5,HANABI,Mr.Children,https://www.billboard-japan.com/charts/detail?a=stsongs&year=2018&month=07&day=09
2018,stsongs,2018-07-04,6,Change,ONE OK ROCK,https://www.billboard-japan.com/charts/detail?a=stsongs&year=2018&month=07&day=09
2018,stsongs,2018-07-04,7,I WANT YOU BACK,TWICE,https://www.billboard-japan.com/charts/detail?a=stsongs&year=2018&month=07&day=09
2018,stsongs,2018-07-04,8,さよならエレジー,菅田将暉,https://www.billboard-japan.com/charts/detail?a=stsongs&year=2018&month=07&day=09
2018,stsongs,2018-07-04,9,What is Love?,TWICE,https://www.billboard-japan.com/charts/detail?a=stsongs&year=2018&month=07&day=09
2018,stsongs,2018-07-04,10,ノーダウト,Official髭男dism,https://www.billboard-japan.com/charts/detail?a=stsongs&year=2018&month=07&day=09
2018,stsongs,2018-07-04,11,FAKE LOVE,BTS (防弾少年団),https://www.billboard-japan.com/charts/detail?a=stsongs&year=2018&month=07&day=09
2018,stsongs,2018-07-04,12,恋と愛,三代目 J Soul Brothers from EXILE TRIBE,https://www.billboard-japan.com/charts/detail?a=stsongs&year=2018&month=07&day=09
2018,stsongs,2018-07-04,13,Wherever you are,ONE OK ROCK,https://www.billboard-japan.com/charts/detail?a=stsongs&year=2018&month=07&day=09
2018,stsongs,2018-07-04,14,My Boo,清水翔太,https://www.billboard-japan.com/charts/detail?a=stsongs&year=2018&month=07&day=09
2018,stsongs,2018-07-04,15,シンクロニシティ,乃木坂46,https://www.billboard-japan.com/charts/detail?a=stsongs&year=2018&month=07&day=09
2018,stsongs,2018-07-04,16,BBoom BBoom,MOMOLAND,https://www.billboard-japan.com/charts/detail?a=stsongs&year=2018&month=07&day=09
2018,stsongs,2018-07-04,17,ライズ feat.ジャック & ジャック,ジョナス・ブルー,https://www.billboard-japan.com/charts/detail?a=stsongs&year=2018&month=07&day=09
2018,stsongs,2018-07-04,18,TT,TWICE,https://www.billboard-japan.com/charts/detail?a=stsongs&year=2018&month=07&day=09
2018,stsongs,2018-07-04,19,ノー・ティアーズ・レフト・トゥ・クライ,アリアナ・グランデ,https://www.billboard-japan.com/charts/detail?a=stsongs&year=2018&month=07&day=09
2018,stsongs,2018-07-04,20,Don't Leave Me,BTS (防弾少年団),https://www.billboard-japan.com/charts/detail?a=stsongs&year=2018&month=07&day=09
2018,stsongs,2018-07-04,21,F.L.Y. BOYS F.L.Y. GIRLS,GENERATIONS from EXILE TRIBE,https://www.billboard-japan.com/charts/detail?a=stsongs&year=2018&month=07&day=09
2018,stsongs,2018-07-04,22,FOREVER YOUNG,BLACKPINK,https://www.billboard-japan.com/charts/detail?a=stsongs&year=2018&month=07&day=09
2018,stsongs,2018-07-04,23,RAINBOW,三代目 J Soul Brothers from EXILE TRIBE feat.イエロー・クロウ,https://www.billboard-japan.com/charts/detail?a=stsongs&year=2018&month=07&day=09
2018,stsongs,2018-07-04,24,VOLT-AGE,Suchmos,https://www.billboard-japan.com/charts/detail?a=stsongs&year=2018&month=07&day=09
2018,stsongs,2018-07-04,25,ザ・ミドル,"ゼッド,マレン・モリス,グレイ",https://www.billboard-japan.com/charts/detail?a=stsongs&year=2018&month=07&day=09
2018,stsongs,2018-07-04,26,アイラブユー,西野カナ,https://www.billboard-japan.com/charts/detail?a=stsongs&year=2018&month=07&day=09
2018,stsongs,2018-07-04,27,Baam,MOMOLAND,https://www.billboard-japan.com/charts/detail?a=stsongs&year=2018&month=07&day=09
2018,stsongs,2018-07-04,28,Wake Me Up,TWICE,https://www.billboard-japan.com/charts/detail?a=stsongs&year=2018&month=07&day=09
2018,stsongs,2018-07-04,29,小さな恋のうた,MONGOL800,https://www.billboard-japan.com/charts/detail?a=stsongs&year=2018&month=07&day=09
2018,stsongs,2018-07-04,30,Echo,DEAN FUJIOKA,https://www.billboard-japan.com/charts/detail?a=stsongs&year=2018&month=07&day=09
2018,stsongs,2018-07-04,31,DNA,BTS (防弾少年団),https://www.billboard-japan.com/charts/detail?a=stsongs&year=2018&month=07&day=09
2018,stsongs,2018-07-04,32,ガラスを割れ!,欅坂46,https://www.billboard-japan.com/charts/detail?a=stsongs&year=2018&month=07&day=09
2018,stsongs,2018-07-04,33,ソロ feat.デミ・ロヴァート,クリーン・バンディット,https://www.billboard-japan.com/charts/detail?a=stsongs&year=2018&month=07&day=09
2018,stsongs,2018-07-04,34,ステイ,ゼッド & アレッシア・カーラ,https://www.billboard-japan.com/charts/detail?a=stsongs&year=2018&month=07&day=09
2018,stsongs,2018-07-04,35,RAIN,SEKAI NO OWARI,https://www.billboard-japan.com/charts/detail?a=stsongs&year=2018&month=07&day=09
2018,stsongs,2018-07-04,36,りらっくすタイムス,リラックスタイムス,https://www.billboard-japan.com/charts/detail?a=stsongs&year=2018&month=07&day=09
2018,stsongs,2018-07-04,37,クローサー feat.ホールジー,チェインスモーカーズ,https://www.billboard-japan.com/charts/detail?a=stsongs&year=2018&month=07&day=09
2018,stsongs,2018-07-04,38,奏(かなで),スキマスイッチ,https://www.billboard-japan.com/charts/detail?a=stsongs&year=2018&month=07&day=09
2018,stsongs,2018-07-04,39,サイレントマジョリティー,欅坂46,https://www.billboard-japan.com/charts/detail?a=stsongs&year=2018&month=07&day=09
2018,stsongs,2018-07-04,40,フロントメモリー,鈴木瑛美子×亀田誠治,https://www.billboard-japan.com/charts/detail?a=stsongs&year=2018&month=07&day=09
2018,stsongs,2018-07-04,41,君はロックを聴かない,あいみょん,https://www.billboard-japan.com/charts/detail?a=stsongs&year=2018&month=07&day=09
2018,stsongs,2018-07-04,42,闘う戦士たちへ愛を込めて,サザンオールスターズ,https://www.billboard-japan.com/charts/detail?a=stsongs&year=2018&month=07&day=09
2018,stsongs,2018-07-04,43,シンフォニー feat.ザラ・ラーソン,クリーン・バンディット,https://www.billboard-japan.com/charts/detail?a=stsongs&year=2018&month=07&day=09
2018,stsongs,2018-07-04,44,ハバナ feat.ヤング・サグ,カミラ・カベロ,https://www.billboard-japan.com/charts/detail?a=stsongs&year=2018&month=07&day=09
2018,stsongs,2018-07-04,45,WanteD! WanteD!,Mrs.GREEN APPLE,https://www.billboard-japan.com/charts/detail?a=stsongs&year=2018&month=07&day=09
2018,stsongs,2018-07-04,46,恋音と雨空,AAA,https://www.billboard-japan.com/charts/detail?a=stsongs&year=2018&month=07&day=09
2018,stsongs,2018-07-04,47,LIKEY,TWICE,https://www.billboard-japan.com/charts/detail?a=stsongs&year=2018&month=07&day=09
2018,stsongs,2018-07-04,48,愛を伝えたいだとか,あいみょん,https://www.billboard-japan.com/charts/detail?a=stsongs&year=2018&month=07&day=09
2018,stsongs,2018-07-04,49,ウェイク・ミー・アップ!,アヴィーチー,https://www.billboard-japan.com/charts/detail?a=stsongs&year=2018&month=07&day=09
2018,stsongs,2018-07-04,50,ワタリドリ,[ALEXANDROS],https://www.billboard-japan.com/charts/detail?a=stsongs&year=2018&month=07&day=09
2018,stsongs,2018-07-04,51,Good Life,清水翔太,https://www.billboard-japan.com/charts/detail?a=stsongs&year=2018&month=07&day=09
2018,stsongs,2018-07-04,52,ホワット・ドゥ・ユー・ミーン?,ジャスティン・ビーバー,https://www.billboard-japan.com/charts/detail?a=stsongs&year=2018&month=07&day=09
2018,stsongs,2018-07-04,53,カタオモイ,Aimer(エメ),https://www.billboard-japan.com/charts/detail?a=stsongs&year=2018&month=07&day=09
2018,stsongs,2018-07-04,54,Slow & Easy,平井大,https://www.billboard-japan.com/charts/detail?a=stsongs&year=2018&month=07&day=09
2018,stsongs,2018-07-04,55,また、アシタ,GENERATIONS from EXILE TRIBE,https://www.billboard-japan.com/charts/detail?a=stsongs&year=2018&month=07&day=09
2018,stsongs,2018-07-04,56,Tomorrow Never Knows,Mr.Children,https://www.billboard-japan.com/charts/detail?a=stsongs&year=2018&month=07&day=09
2018,stsongs,2018-07-04,57,ディス・イズ・ミー,キアラ・セトル & ザ・グレイテスト・ショーマン・アンサンブル,https://www.billboard-japan.com/charts/detail?a=stsongs&year=2018&month=07&day=09
2018,stsongs,2018-07-04,58,Candy Pop,TWICE,https://www.billboard-japan.com/charts/detail?a=stsongs&year=2018&month=07&day=09
2018,stsongs,2018-07-04,59,Anpanman,BTS (防弾少年団),https://www.billboard-japan.com/charts/detail?a=stsongs&year=2018&month=07&day=09
2018,stsongs,2018-07-04,60,新宝島,サカナクション,https://www.billboard-japan.com/charts/detail?a=stsongs&year=2018&month=07&day=09
2018,stsongs,2018-07-04,61,himawari,Mr.Children,https://www.billboard-japan.com/charts/detail?a=stsongs&year=2018&month=07&day=09
2018,stsongs,2018-07-04,62,愛をこめて花束を,Superfly,https://www.billboard-japan.com/charts/detail?a=stsongs&year=2018&month=07&day=09
2018,stsongs,2018-07-04,63,トリセツ,西野カナ,https://www.billboard-japan.com/charts/detail?a=stsongs&year=2018&month=07&day=09
2018,stsongs,2018-07-04,64,め組のひと,倖田來未,https://www.billboard-japan.com/charts/detail?a=stsongs&year=2018&month=07&day=09
2018,stsongs,2018-07-04,65,DREAM,清水翔太,https://www.billboard-japan.com/charts/detail?a=stsongs&year=2018&month=07&day=09
2018,stsongs,2018-07-04,66,The Beginning,ONE OK ROCK,https://www.billboard-japan.com/charts/detail?a=stsongs&year=2018&month=07&day=09
2018,stsongs,2018-07-04,67,キセキ,GReeeeN,https://www.billboard-japan.com/charts/detail?a=stsongs&year=2018&month=07&day=09
2018,stsongs,2018-07-04,68,alone feat.SALU,清水翔太,https://www.billboard-japan.com/charts/detail?a=stsongs&year=2018&month=07&day=09
2018,stsongs,2018-07-04,69,ブレイク・フリー feat.ゼッド,アリアナ・グランデ,https://www.billboard-japan.com/charts/detail?a=stsongs&year=2018&month=07&day=09
2018,stsongs,2018-07-04,70,完全感覚Dreamer,ONE OK ROCK,https://www.billboard-japan.com/charts/detail?a=stsongs&year=2018&month=07&day=09
2018,stsongs,2018-07-04,71,期待していない自分,けやき坂46,https://www.billboard-japan.com/charts/detail?a=stsongs&year=2018&month=07&day=09
2018,stsongs,2018-07-04,72,君が好き,清水翔太,https://www.billboard-japan.com/charts/detail?a=stsongs&year=2018&month=07&day=09
2018,stsongs,2018-07-04,73,インフルエンサー,乃木坂46,https://www.billboard-japan.com/charts/detail?a=stsongs&year=2018&month=07&day=09
2018,stsongs,2018-07-04,74,満月の夜なら,あいみょん,https://www.billboard-japan.com/charts/detail?a=stsongs&year=2018&month=07&day=09
2018,stsongs,2018-07-04,75,明日も,SHISHAMO,https://www.billboard-japan.com/charts/detail?a=stsongs&year=2018&month=07&day=09
2018,stsongs,2018-07-04,76,ガールズ・ライク・ユー feat.カーディ・B,マルーン5,https://www.billboard-japan.com/charts/detail?a=stsongs&year=2018&month=07&day=09
2018,stsongs,2018-07-04,77,Heart Shaker,TWICE,https://www.billboard-japan.com/charts/detail?a=stsongs&year=2018&month=07&day=09
2018,stsongs,2018-07-04,78,Hero,安室奈美恵,https://www.billboard-japan.com/charts/detail?a=stsongs&year=2018&month=07&day=09
2018,stsongs,2018-07-04,79,R.Y.U.S.E.I.,三代目 J Soul Brothers from EXILE TRIBE,https://www.billboard-japan.com/charts/detail?a=stsongs&year=2018&month=07&day=09
2018,stsongs,2018-07-04,80,バック・トゥ・ユー,セレーナ・ゴメス,https://www.billboard-japan.com/charts/detail?a=stsongs&year=2018&month=07&day=09
2018,stsongs,2018-07-04,81,REALLY,BLACKPINK,https://www.billboard-japan.com/charts/detail?a=stsongs&year=2018&month=07&day=09
2018,stsongs,2018-07-04,82,ODD FUTURE,UVERworld,https://www.billboard-japan.com/charts/detail?a=stsongs&year=2018&month=07&day=09
2018,stsongs,2018-07-04,83,花束を君に,宇多田ヒカル,https://www.billboard-japan.com/charts/detail?a=stsongs&year=2018&month=07&day=09
2018,stsongs,2018-07-04,84,ザ・ライト・イズ・カミング feat.ニッキー・ミナージュ,アリアナ・グランデ,https://www.billboard-japan.com/charts/detail?a=stsongs&year=2018&month=07&day=09
2018,stsongs,2018-07-04,85,EXCITE,三浦大知,https://www.billboard-japan.com/charts/detail?a=stsongs&year=2018&month=07&day=09
2018,stsongs,2018-07-04,86,ザ・ナイツ,アヴィーチー,https://www.billboard-japan.com/charts/detail?a=stsongs&year=2018&month=07&day=09
2018,stsongs,2018-07-04,87,ウェイティング・フォー・ラヴ,アヴィーチー,https://www.billboard-japan.com/charts/detail?a=stsongs&year=2018&month=07&day=09
2018,stsongs,2018-07-04,88,不協和音,欅坂46,https://www.billboard-japan.com/charts/detail?a=stsongs&year=2018&month=07&day=09
2018,stsongs,2018-07-04,89,フレンズ,マシュメロ & アン・マリー,https://www.billboard-japan.com/charts/detail?a=stsongs&year=2018&month=07&day=09
2018,stsongs,2018-07-04,90,超ヤバい,t-Ace,https://www.billboard-japan.com/charts/detail?a=stsongs&year=2018&month=07&day=09
2018,stsongs,2018-07-04,91,シェイク・イット・オフ〜気にしてなんかいられないっ!!,テイラー・スウィフト,https://www.billboard-japan.com/charts/detail?a=stsongs&year=2018&month=07&day=09
2018,stsongs,2018-07-04,92,にじいろ,絢香,https://www.billboard-japan.com/charts/detail?a=stsongs&year=2018&month=07&day=09
2018,stsongs,2018-07-04,93,ひまわりの約束,秦基博,https://www.billboard-japan.com/charts/detail?a=stsongs&year=2018&month=07&day=09
2018,stsongs,2018-07-04,94,Sign,Mr.Children,https://www.billboard-japan.com/charts/detail?a=stsongs&year=2018&month=07&day=09
2018,stsongs,2018-07-04,95,イノセント・ワールド,Mr.Children,https://www.billboard-japan.com/charts/detail?a=stsongs&year=2018&month=07&day=09
2018,stsongs,2018-07-04,96,ワン・キス,カルヴィン・ハリス & デュア・リパ,https://www.billboard-japan.com/charts/detail?a=stsongs&year=2018&month=07&day=09
2018,stsongs,2018-07-04,97,2002,アン・マリー,https://www.billboard-japan.com/charts/detail?a=stsongs&year=2018&month=07&day=09
2018,stsongs,2018-07-04,98,AS IF IT'S YOUR LAST,BLACKPINK,https://www.billboard-japan.com/charts/detail?a=stsongs&year=2018&month=07&day=09
2018,stsongs,2018-07-04,99,808,Suchmos,https://www.billboard-japan.com/charts/detail?a=stsongs&year=2018&month=07&day=09
2018,stsongs,2018-07-04,100,グッド・ライフ,Gイージー & ケラーニ,https://www.billboard-japan.com/charts/detail?a=stsongs&year=2018&month=07&day=09
2018,stsongs,2018-07-11,1,U.S.A.,DA PUMP,https://www.billboard-japan.com/charts/detail?a=stsongs&year=2018&month=07&day=16
2018,stsongs,2018-07-11,2,打上花火,DAOKO × 米津玄師,https://www.billboard-japan.com/charts/detail?a=stsongs&year=2018&month=07&day=16
2018,stsongs,2018-07-11,3,シェイプ・オブ・ユー,エド・シーラン,https://www.billboard-japan.com/charts/detail?a=stsongs&year=2018&month=07&day=16
2018,stsongs,2018-07-11,4,DDU-DU DDU-DU,BLACKPINK,https://www.billboard-japan.com/charts/detail?a=stsongs&year=2018&month=07&day=16
2018,stsongs,2018-07-11,5,HANABI,Mr.Children,https://www.billboard-japan.com/charts/detail?a=stsongs&year=2018&month=07&day=16
2018,stsongs,2018-07-11,6,Change,ONE OK ROCK,https://www.billboard-japan.com/charts/detail?a=stsongs&year=2018&month=07&day=16
2018,stsongs,2018-07-11,7,Baam,MOMOLAND,https://www.billboard-japan.com/charts/detail?a=stsongs&year=2018&month=07&day=16
2018,stsongs,2018-07-11,8,I WANT YOU BACK,TWICE,https://www.billboard-japan.com/charts/detail?a=stsongs&year=2018&month=07&day=16
2018,stsongs,2018-07-11,9,さよならエレジー,菅田将暉,https://www.billboard-japan.com/charts/detail?a=stsongs&year=2018&month=07&day=16
2018,stsongs,2018-07-11,10,What is Love?,TWICE,https://www.billboard-japan.com/charts/detail?a=stsongs&year=2018&month=07&day=16
2018,stsongs,2018-07-11,11,Wherever you are,ONE OK ROCK,https://www.billboard-japan.com/charts/detail?a=stsongs&year=2018&month=07&day=16
2018,stsongs,2018-07-11,12,ノーダウト,Official髭男dism,https://www.billboard-japan.com/charts/detail?a=stsongs&year=2018&month=07&day=16
2018,stsongs,2018-07-11,13,シンクロニシティ,乃木坂46,https://www.billboard-japan.com/charts/detail?a=stsongs&year=2018&month=07&day=16
2018,stsongs,2018-07-11,14,FAKE LOVE,BTS (防弾少年団),https://www.billboard-japan.com/charts/detail?a=stsongs&year=2018&month=07&day=16
2018,stsongs,2018-07-11,15,My Boo,清水翔太,https://www.billboard-japan.com/charts/detail?a=stsongs&year=2018&month=07&day=16
2018,stsongs,2018-07-11,16,恋と愛,三代目 J Soul Brothers from EXILE TRIBE,https://www.billboard-japan.com/charts/detail?a=stsongs&year=2018&month=07&day=16
2018,stsongs,2018-07-11,17,ライズ feat.ジャック & ジャック,ジョナス・ブルー,https://www.billboard-japan.com/charts/detail?a=stsongs&year=2018&month=07&day=16
2018,stsongs,2018-07-11,18,BBoom BBoom,MOMOLAND,https://www.billboard-japan.com/charts/detail?a=stsongs&year=2018&month=07&day=16
2018,stsongs,2018-07-11,19,TT,TWICE,https://www.billboard-japan.com/charts/detail?a=stsongs&year=2018&month=07&day=16
2018,stsongs,2018-07-11,20,アイラブユー,西野カナ,https://www.billboard-japan.com/charts/detail?a=stsongs&year=2018&month=07&day=16
2018,stsongs,2018-07-11,21,F.L.Y. BOYS F.L.Y. GIRLS,GENERATIONS from EXILE TRIBE,https://www.billboard-japan.com/charts/detail?a=stsongs&year=2018&month=07&day=16
2018,stsongs,2018-07-11,22,ガラスを割れ!,欅坂46,https://www.billboard-japan.com/charts/detail?a=stsongs&year=2018&month=07&day=16
2018,stsongs,2018-07-11,23,小さな恋のうた,MONGOL800,https://www.billboard-japan.com/charts/detail?a=stsongs&year=2018&month=07&day=16
2018,stsongs,2018-07-11,24,ザ・ミドル,"ゼッド,マレン・モリス,グレイ",https://www.billboard-japan.com/charts/detail?a=stsongs&year=2018&month=07&day=16
2018,stsongs,2018-07-11,25,Wake Me Up,TWICE,https://www.billboard-japan.com/charts/detail?a=stsongs&year=2018&month=07&day=16
2018,stsongs,2018-07-11,26,RAIN,SEKAI NO OWARI,https://www.billboard-japan.com/charts/detail?a=stsongs&year=2018&month=07&day=16
2018,stsongs,2018-07-11,27,奏(かなで),スキマスイッチ,https://www.billboard-japan.com/charts/detail?a=stsongs&year=2018&month=07&day=16
2018,stsongs,2018-07-11,28,RAINBOW,三代目 J Soul Brothers from EXILE TRIBE feat.イエロー・クロウ,https://www.billboard-japan.com/charts/detail?a=stsongs&year=2018&month=07&day=16
2018,stsongs,2018-07-11,29,ソロ feat.デミ・ロヴァート,クリーン・バンディット,https://www.billboard-japan.com/charts/detail?a=stsongs&year=2018&month=07&day=16
2018,stsongs,2018-07-11,30,DREAM,清水翔太,https://www.billboard-japan.com/charts/detail?a=stsongs&year=2018&month=07&day=16
2018,stsongs,2018-07-11,31,ステイ,ゼッド & アレッシア・カーラ,https://www.billboard-japan.com/charts/detail?a=stsongs&year=2018&month=07&day=16
2018,stsongs,2018-07-11,32,Don't Leave Me,BTS (防弾少年団),https://www.billboard-japan.com/charts/detail?a=stsongs&year=2018&month=07&day=16
2018,stsongs,2018-07-11,33,サイレントマジョリティー,欅坂46,https://www.billboard-japan.com/charts/detail?a=stsongs&year=2018&month=07&day=16
2018,stsongs,2018-07-11,34,VOLT-AGE,Suchmos,https://www.billboard-japan.com/charts/detail?a=stsongs&year=2018&month=07&day=16
2018,stsongs,2018-07-11,35,alone feat.SALU,清水翔太,https://www.billboard-japan.com/charts/detail?a=stsongs&year=2018&month=07&day=16
2018,stsongs,2018-07-11,36,ノー・ティアーズ・レフト・トゥ・クライ,アリアナ・グランデ,https://www.billboard-japan.com/charts/detail?a=stsongs&year=2018&month=07&day=16
2018,stsongs,2018-07-11,37,君はロックを聴かない,あいみょん,https://www.billboard-japan.com/charts/detail?a=stsongs&year=2018&month=07&day=16
2018,stsongs,2018-07-11,38,シンフォニー feat.ザラ・ラーソン,クリーン・バンディット,https://www.billboard-japan.com/charts/detail?a=stsongs&year=2018&month=07&day=16
2018,stsongs,2018-07-11,39,FOREVER YOUNG,BLACKPINK,https://www.billboard-japan.com/charts/detail?a=stsongs&year=2018&month=07&day=16
2018,stsongs,2018-07-11,40,ワタリドリ,[ALEXANDROS],https://www.billboard-japan.com/charts/detail?a=stsongs&year=2018&month=07&day=16
2018,stsongs,2018-07-11,41,りらっくすタイムス,リラックスタイムス,https://www.billboard-japan.com/charts/detail?a=stsongs&year=2018&month=07&day=16
2018,stsongs,2018-07-11,42,愛を伝えたいだとか,あいみょん,https://www.billboard-japan.com/charts/detail?a=stsongs&year=2018&month=07&day=16
2018,stsongs,2018-07-11,43,ハバナ feat.ヤング・サグ,カミラ・カベロ,https://www.billboard-japan.com/charts/detail?a=stsongs&year=2018&month=07&day=16
2018,stsongs,2018-07-11,44,WanteD! WanteD!,Mrs.GREEN APPLE,https://www.billboard-japan.com/charts/detail?a=stsongs&year=2018&month=07&day=16
2018,stsongs,2018-07-11,45,フロントメモリー,鈴木瑛美子×亀田誠治,https://www.billboard-japan.com/charts/detail?a=stsongs&year=2018&month=07&day=16
2018,stsongs,2018-07-11,46,クローサー feat.ホールジー,チェインスモーカーズ,https://www.billboard-japan.com/charts/detail?a=stsongs&year=2018&month=07&day=16
2018,stsongs,2018-07-11,47,Echo,DEAN FUJIOKA,https://www.billboard-japan.com/charts/detail?a=stsongs&year=2018&month=07&day=16
2018,stsongs,2018-07-11,48,ホワット・ドゥ・ユー・ミーン?,ジャスティン・ビーバー,https://www.billboard-japan.com/charts/detail?a=stsongs&year=2018&month=07&day=16
2018,stsongs,2018-07-11,49,DNA,BTS (防弾少年団),https://www.billboard-japan.com/charts/detail?a=stsongs&year=2018&month=07&day=16
2018,stsongs,2018-07-11,50,LIKEY,TWICE,https://www.billboard-japan.com/charts/detail?a=stsongs&year=2018&month=07&day=16
2018,stsongs,2018-07-11,51,恋音と雨空,AAA,https://www.billboard-japan.com/charts/detail?a=stsongs&year=2018&month=07&day=16
2018,stsongs,2018-07-11,52,カタオモイ,Aimer(エメ),https://www.billboard-japan.com/charts/detail?a=stsongs&year=2018&month=07&day=16
2018,stsongs,2018-07-11,53,Good Life,清水翔太,https://www.billboard-japan.com/charts/detail?a=stsongs&year=2018&month=07&day=16
2018,stsongs,2018-07-11,54,ガールズ・ライク・ユー feat.カーディ・B,マルーン5,https://www.billboard-japan.com/charts/detail?a=stsongs&year=2018&month=07&day=16
2018,stsongs,2018-07-11,55,闘う戦士たちへ愛を込めて,サザンオールスターズ,https://www.billboard-japan.com/charts/detail?a=stsongs&year=2018&month=07&day=16
2018,stsongs,2018-07-11,56,Slow & Easy,平井大,https://www.billboard-japan.com/charts/detail?a=stsongs&year=2018&month=07&day=16
2018,stsongs,2018-07-11,57,花束を君に,宇多田ヒカル,https://www.billboard-japan.com/charts/detail?a=stsongs&year=2018&month=07&day=16
2018,stsongs,2018-07-11,58,愛をこめて花束を,Superfly,https://www.billboard-japan.com/charts/detail?a=stsongs&year=2018&month=07&day=16
2018,stsongs,2018-07-11,59,新宝島,サカナクション,https://www.billboard-japan.com/charts/detail?a=stsongs&year=2018&month=07&day=16
2018,stsongs,2018-07-11,60,キセキ,GReeeeN,https://www.billboard-japan.com/charts/detail?a=stsongs&year=2018&month=07&day=16
2018,stsongs,2018-07-11,61,The Beginning,ONE OK ROCK,https://www.billboard-japan.com/charts/detail?a=stsongs&year=2018&month=07&day=16
2018,stsongs,2018-07-11,62,トリセツ,西野カナ,https://www.billboard-japan.com/charts/detail?a=stsongs&year=2018&month=07&day=16
2018,stsongs,2018-07-11,63,インフルエンサー,乃木坂46,https://www.billboard-japan.com/charts/detail?a=stsongs&year=2018&month=07&day=16
2018,stsongs,2018-07-11,64,Tomorrow Never Knows,Mr.Children,https://www.billboard-japan.com/charts/detail?a=stsongs&year=2018&month=07&day=16
2018,stsongs,2018-07-11,65,ブレイク・フリー feat.ゼッド,アリアナ・グランデ,https://www.billboard-japan.com/charts/detail?a=stsongs&year=2018&month=07&day=16
2018,stsongs,2018-07-11,66,完全感覚Dreamer,ONE OK ROCK,https://www.billboard-japan.com/charts/detail?a=stsongs&year=2018&month=07&day=16
2018,stsongs,2018-07-11,67,Candy Pop,TWICE,https://www.billboard-japan.com/charts/detail?a=stsongs&year=2018&month=07&day=16
2018,stsongs,2018-07-11,68,め組のひと,倖田來未,https://www.billboard-japan.com/charts/detail?a=stsongs&year=2018&month=07&day=16
2018,stsongs,2018-07-11,69,また、アシタ,GENERATIONS from EXILE TRIBE,https://www.billboard-japan.com/charts/detail?a=stsongs&year=2018&month=07&day=16
2018,stsongs,2018-07-11,70,明日も,SHISHAMO,https://www.billboard-japan.com/charts/detail?a=stsongs&year=2018&month=07&day=16
2018,stsongs,2018-07-11,71,R.Y.U.S.E.I.,三代目 J Soul Brothers from EXILE TRIBE,https://www.billboard-japan.com/charts/detail?a=stsongs&year=2018&month=07&day=16
2018,stsongs,2018-07-11,72,超ヤバい,t-Ace,https://www.billboard-japan.com/charts/detail?a=stsongs&year=2018&month=07&day=16
2018,stsongs,2018-07-11,73,君が好き,清水翔太,https://www.billboard-japan.com/charts/detail?a=stsongs&year=2018&month=07&day=16
2018,stsongs,2018-07-11,74,ザ・ナイツ,アヴィーチー,https://www.billboard-japan.com/charts/detail?a=stsongs&year=2018&month=07&day=16
2018,stsongs,2018-07-11,75,満月の夜なら,あいみょん,https://www.billboard-japan.com/charts/detail?a=stsongs&year=2018&month=07&day=16
2018,stsongs,2018-07-11,76,EXCITE,三浦大知,https://www.billboard-japan.com/charts/detail?a=stsongs&year=2018&month=07&day=16
2018,stsongs,2018-07-11,77,himawari,Mr.Children,https://www.billboard-japan.com/charts/detail?a=stsongs&year=2018&month=07&day=16
2018,stsongs,2018-07-11,78,ウェイティング・フォー・ラヴ,アヴィーチー,https://www.billboard-japan.com/charts/detail?a=stsongs&year=2018&month=07&day=16
2018,stsongs,2018-07-11,79,不協和音,欅坂46,https://www.billboard-japan.com/charts/detail?a=stsongs&year=2018&month=07&day=16
2018,stsongs,2018-07-11,80,Heart Shaker,TWICE,https://www.billboard-japan.com/charts/detail?a=stsongs&year=2018&month=07&day=16
2018,stsongs,2018-07-11,81,Anpanman,BTS (防弾少年団),https://www.billboard-japan.com/charts/detail?a=stsongs&year=2018&month=07&day=16
2018,stsongs,2018-07-11,82,ディス・イズ・ミー,キアラ・セトル & ザ・グレイテスト・ショーマン・アンサンブル,https://www.billboard-japan.com/charts/detail?a=stsongs&year=2018&month=07&day=16
2018,stsongs,2018-07-11,83,ODD FUTURE,UVERworld,https://www.billboard-japan.com/charts/detail?a=stsongs&year=2018&month=07&day=16
2018,stsongs,2018-07-11,84,ひまわりの約束,秦基博,https://www.billboard-japan.com/charts/detail?a=stsongs&year=2018&month=07&day=16
2018,stsongs,2018-07-11,85,フレンズ,マシュメロ & アン・マリー,https://www.billboard-japan.com/charts/detail?a=stsongs&year=2018&month=07&day=16
2018,stsongs,2018-07-11,86,ウェイク・ミー・アップ!,アヴィーチー,https://www.billboard-japan.com/charts/detail?a=stsongs&year=2018&month=07&day=16
2018,stsongs,2018-07-11,87,バック・トゥ・ユー,セレーナ・ゴメス,https://www.billboard-japan.com/charts/detail?a=stsongs&year=2018&month=07&day=16
2018,stsongs,2018-07-11,88,Hero,安室奈美恵,https://www.billboard-japan.com/charts/detail?a=stsongs&year=2018&month=07&day=16
2018,stsongs,2018-07-11,89,I LOVE YOU,クリス・ハート,https://www.billboard-japan.com/charts/detail?a=stsongs&year=2018&month=07&day=16
2018,stsongs,2018-07-11,90,2002,アン・マリー,https://www.billboard-japan.com/charts/detail?a=stsongs&year=2018&month=07&day=16
2018,stsongs,2018-07-11,91,零 -ZERO-,福山雅治,https://www.billboard-japan.com/charts/detail?a=stsongs&year=2018&month=07&day=16
2018,stsongs,2018-07-11,92,シェイク・イット・オフ〜気にしてなんかいられないっ!!,テイラー・スウィフト,https://www.billboard-japan.com/charts/detail?a=stsongs&year=2018&month=07&day=16
2018,stsongs,2018-07-11,93,ドント・マター・トゥ・ミー feat.マイケル・ジャクソン,ドレイク,https://www.billboard-japan.com/charts/detail?a=stsongs&year=2018&month=07&day=16
2018,stsongs,2018-07-11,94,甘えちゃってSorry,AYA a.k.a. PANDA,https://www.billboard-japan.com/charts/detail?a=stsongs&year=2018&month=07&day=16
2018,stsongs,2018-07-11,95,366日,HY,https://www.billboard-japan.com/charts/detail?a=stsongs&year=2018&month=07&day=16
2018,stsongs,2018-07-11,96,Sign,Mr.Children,https://www.billboard-japan.com/charts/detail?a=stsongs&year=2018&month=07&day=16
2018,stsongs,2018-07-11,97,シー・ユー・アゲイン,ウィズ・カリファ feat.チャーリー・プース,https://www.billboard-japan.com/charts/detail?a=stsongs&year=2018&month=07&day=16
2018,stsongs,2018-07-11,98,イノセント・ワールド,Mr.Children,https://www.billboard-japan.com/charts/detail?a=stsongs&year=2018&month=07&day=16
2018,stsongs,2018-07-11,99,愛唄,GReeeeN,https://www.billboard-japan.com/charts/detail?a=stsongs&year=2018&month=07&day=16
2018,stsongs,2018-07-11,100,フェイデッド,アラン・ウォーカー,https://www.billboard-japan.com/charts/detail?a=stsongs&year=2018&month=07&day=16
2018,stsongs,2018-07-18,1,U.S.A.,DA PUMP,https://www.billboard-japan.com/charts/detail?a=stsongs&year=2018&month=07&day=23
2018,stsongs,2018-07-18,2,打上花火,DAOKO × 米津玄師,https://www.billboard-japan.com/charts/detail?a=stsongs&year=2018&month=07&day=23
2018,stsongs,2018-07-18,3,Dance The Night Away,TWICE,https://www.billboard-japan.com/charts/detail?a=stsongs&year=2018&month=07&day=23
2018,stsongs,2018-07-18,4,シェイプ・オブ・ユー,エド・シーラン,https://www.billboard-japan.com/charts/detail?a=stsongs&year=2018&month=07&day=23
2018,stsongs,2018-07-18,5,DDU-DU DDU-DU,BLACKPINK,https://www.billboard-japan.com/charts/detail?a=stsongs&year=2018&month=07&day=23
2018,stsongs,2018-07-18,6,HANABI,Mr.Children,https://www.billboard-japan.com/charts/detail?a=stsongs&year=2018&month=07&day=23
2018,stsongs,2018-07-18,7,What is Love?,TWICE,https://www.billboard-japan.com/charts/detail?a=stsongs&year=2018&month=07&day=23
2018,stsongs,2018-07-18,8,Change,ONE OK ROCK,https://www.billboard-japan.com/charts/detail?a=stsongs&year=2018&month=07&day=23
2018,stsongs,2018-07-18,9,さよならエレジー,菅田将暉,https://www.billboard-japan.com/charts/detail?a=stsongs&year=2018&month=07&day=23
2018,stsongs,2018-07-18,10,シンクロニシティ,乃木坂46,https://www.billboard-japan.com/charts/detail?a=stsongs&year=2018&month=07&day=23
2018,stsongs,2018-07-18,11,ガラスを割れ!,欅坂46,https://www.billboard-japan.com/charts/detail?a=stsongs&year=2018&month=07&day=23
2018,stsongs,2018-07-18,12,Baam,MOMOLAND,https://www.billboard-japan.com/charts/detail?a=stsongs&year=2018&month=07&day=23
2018,stsongs,2018-07-18,13,Wherever you are,ONE OK ROCK,https://www.billboard-japan.com/charts/detail?a=stsongs&year=2018&month=07&day=23
2018,stsongs,2018-07-18,14,I WANT YOU BACK,TWICE,https://www.billboard-japan.com/charts/detail?a=stsongs&year=2018&month=07&day=23
2018,stsongs,2018-07-18,15,ノーダウト,Official髭男dism,https://www.billboard-japan.com/charts/detail?a=stsongs&year=2018&month=07&day=23
2018,stsongs,2018-07-18,16,ライズ feat.ジャック & ジャック,ジョナス・ブルー,https://www.billboard-japan.com/charts/detail?a=stsongs&year=2018&month=07&day=23
2018,stsongs,2018-07-18,17,FAKE LOVE,BTS (防弾少年団),https://www.billboard-japan.com/charts/detail?a=stsongs&year=2018&month=07&day=23
2018,stsongs,2018-07-18,18,恋と愛,三代目 J Soul Brothers from EXILE TRIBE,https://www.billboard-japan.com/charts/detail?a=stsongs&year=2018&month=07&day=23
2018,stsongs,2018-07-18,19,RAIN,SEKAI NO OWARI,https://www.billboard-japan.com/charts/detail?a=stsongs&year=2018&month=07&day=23
2018,stsongs,2018-07-18,20,My Boo,清水翔太,https://www.billboard-japan.com/charts/detail?a=stsongs&year=2018&month=07&day=23
2018,stsongs,2018-07-18,21,アイラブユー,西野カナ,https://www.billboard-japan.com/charts/detail?a=stsongs&year=2018&month=07&day=23
2018,stsongs,2018-07-18,22,TT,TWICE,https://www.billboard-japan.com/charts/detail?a=stsongs&year=2018&month=07&day=23
2018,stsongs,2018-07-18,23,RAINBOW,三代目 J Soul Brothers from EXILE TRIBE feat.イエロー・クロウ,https://www.billboard-japan.com/charts/detail?a=stsongs&year=2018&month=07&day=23
2018,stsongs,2018-07-18,24,愛を伝えたいだとか,あいみょん,https://www.billboard-japan.com/charts/detail?a=stsongs&year=2018&month=07&day=23
2018,stsongs,2018-07-18,25,BBoom BBoom,MOMOLAND,https://www.billboard-japan.com/charts/detail?a=stsongs&year=2018&month=07&day=23
2018,stsongs,2018-07-18,26,ソロ feat.デミ・ロヴァート,クリーン・バンディット,https://www.billboard-japan.com/charts/detail?a=stsongs&year=2018&month=07&day=23
2018,stsongs,2018-07-18,27,小さな恋のうた,MONGOL800,https://www.billboard-japan.com/charts/detail?a=stsongs&year=2018&month=07&day=23
2018,stsongs,2018-07-18,28,F.L.Y. BOYS F.L.Y. GIRLS,GENERATIONS from EXILE TRIBE,https://www.billboard-japan.com/charts/detail?a=stsongs&year=2018&month=07&day=23
2018,stsongs,2018-07-18,29,ザ・ミドル,"ゼッド,マレン・モリス,グレイ",https://www.billboard-japan.com/charts/detail?a=stsongs&year=2018&month=07&day=23
2018,stsongs,2018-07-18,30,サイレントマジョリティー,欅坂46,https://www.billboard-japan.com/charts/detail?a=stsongs&year=2018&month=07&day=23
2018,stsongs,2018-07-18,31,奏(かなで),スキマスイッチ,https://www.billboard-japan.com/charts/detail?a=stsongs&year=2018&month=07&day=23
2018,stsongs,2018-07-18,32,ステイ,ゼッド & アレッシア・カーラ,https://www.billboard-japan.com/charts/detail?a=stsongs&year=2018&month=07&day=23
2018,stsongs,2018-07-18,33,君はロックを聴かない,あいみょん,https://www.billboard-japan.com/charts/detail?a=stsongs&year=2018&month=07&day=23
2018,stsongs,2018-07-18,34,Slow & Easy,平井大,https://www.billboard-japan.com/charts/detail?a=stsongs&year=2018&month=07&day=23
2018,stsongs,2018-07-18,35,青と夏,Mrs.GREEN APPLE,https://www.billboard-japan.com/charts/detail?a=stsongs&year=2018&month=07&day=23
2018,stsongs,2018-07-18,36,ノー・ティアーズ・レフト・トゥ・クライ,アリアナ・グランデ,https://www.billboard-japan.com/charts/detail?a=stsongs&year=2018&month=07&day=23
2018,stsongs,2018-07-18,37,シンフォニー feat.ザラ・ラーソン,クリーン・バンディット,https://www.billboard-japan.com/charts/detail?a=stsongs&year=2018&month=07&day=23
2018,stsongs,2018-07-18,38,Wake Me Up,TWICE,https://www.billboard-japan.com/charts/detail?a=stsongs&year=2018&month=07&day=23
2018,stsongs,2018-07-18,39,WanteD! WanteD!,Mrs.GREEN APPLE,https://www.billboard-japan.com/charts/detail?a=stsongs&year=2018&month=07&day=23
2018,stsongs,2018-07-18,40,ホワット・ドゥ・ユー・ミーン?,ジャスティン・ビーバー,https://www.billboard-japan.com/charts/detail?a=stsongs&year=2018&month=07&day=23
2018,stsongs,2018-07-18,41,Don't Leave Me,BTS (防弾少年団),https://www.billboard-japan.com/charts/detail?a=stsongs&year=2018&month=07&day=23
2018,stsongs,2018-07-18,42,ワタリドリ,[ALEXANDROS],https://www.billboard-japan.com/charts/detail?a=stsongs&year=2018&month=07&day=23
2018,stsongs,2018-07-18,43,クローサー feat.ホールジー,チェインスモーカーズ,https://www.billboard-japan.com/charts/detail?a=stsongs&year=2018&month=07&day=23
2018,stsongs,2018-07-18,44,ハバナ feat.ヤング・サグ,カミラ・カベロ,https://www.billboard-japan.com/charts/detail?a=stsongs&year=2018&month=07&day=23
2018,stsongs,2018-07-18,45,DREAM,清水翔太,https://www.billboard-japan.com/charts/detail?a=stsongs&year=2018&month=07&day=23
2018,stsongs,2018-07-18,46,闘う戦士たちへ愛を込めて,サザンオールスターズ,https://www.billboard-japan.com/charts/detail?a=stsongs&year=2018&month=07&day=23
2018,stsongs,2018-07-18,47,インフルエンサー,乃木坂46,https://www.billboard-japan.com/charts/detail?a=stsongs&year=2018&month=07&day=23
2018,stsongs,2018-07-18,48,ガールズ・ライク・ユー feat.カーディ・B,マルーン5,https://www.billboard-japan.com/charts/detail?a=stsongs&year=2018&month=07&day=23
2018,stsongs,2018-07-18,49,ブレイク・フリー feat.ゼッド,アリアナ・グランデ,https://www.billboard-japan.com/charts/detail?a=stsongs&year=2018&month=07&day=23
2018,stsongs,2018-07-18,50,フロントメモリー,鈴木瑛美子×亀田誠治,https://www.billboard-japan.com/charts/detail?a=stsongs&year=2018&month=07&day=23
2018,stsongs,2018-07-18,51,トリセツ,西野カナ,https://www.billboard-japan.com/charts/detail?a=stsongs&year=2018&month=07&day=23
2018,stsongs,2018-07-18,52,花束を君に,宇多田ヒカル,https://www.billboard-japan.com/charts/detail?a=stsongs&year=2018&month=07&day=23
2018,stsongs,2018-07-18,53,Turn Back Time feat.FANTASTICS,EXILE,https://www.billboard-japan.com/charts/detail?a=stsongs&year=2018&month=07&day=23
2018,stsongs,2018-07-18,54,恋音と雨空,AAA,https://www.billboard-japan.com/charts/detail?a=stsongs&year=2018&month=07&day=23
2018,stsongs,2018-07-18,55,DNA,BTS (防弾少年団),https://www.billboard-japan.com/charts/detail?a=stsongs&year=2018&month=07&day=23
2018,stsongs,2018-07-18,56,キセキ,GReeeeN,https://www.billboard-japan.com/charts/detail?a=stsongs&year=2018&month=07&day=23
2018,stsongs,2018-07-18,57,ウェイク・ミー・アップ!,アヴィーチー,https://www.billboard-japan.com/charts/detail?a=stsongs&year=2018&month=07&day=23
2018,stsongs,2018-07-18,58,The Beginning,ONE OK ROCK,https://www.billboard-japan.com/charts/detail?a=stsongs&year=2018&month=07&day=23
2018,stsongs,2018-07-18,59,新宝島,サカナクション,https://www.billboard-japan.com/charts/detail?a=stsongs&year=2018&month=07&day=23
2018,stsongs,2018-07-18,60,Tomorrow Never Knows,Mr.Children,https://www.billboard-japan.com/charts/detail?a=stsongs&year=2018&month=07&day=23
2018,stsongs,2018-07-18,61,不協和音,欅坂46,https://www.billboard-japan.com/charts/detail?a=stsongs&year=2018&month=07&day=23
2018,stsongs,2018-07-18,62,FOREVER YOUNG,BLACKPINK,https://www.billboard-japan.com/charts/detail?a=stsongs&year=2018&month=07&day=23
2018,stsongs,2018-07-18,63,愛をこめて花束を,Superfly,https://www.billboard-japan.com/charts/detail?a=stsongs&year=2018&month=07&day=23
2018,stsongs,2018-07-18,64,R.Y.U.S.E.I.,三代目 J Soul Brothers from EXILE TRIBE,https://www.billboard-japan.com/charts/detail?a=stsongs&year=2018&month=07&day=23
2018,stsongs,2018-07-18,65,2002,アン・マリー,https://www.billboard-japan.com/charts/detail?a=stsongs&year=2018&month=07&day=23
2018,stsongs,2018-07-18,66,Candy Pop,TWICE,https://www.billboard-japan.com/charts/detail?a=stsongs&year=2018&month=07&day=23
2018,stsongs,2018-07-18,67,SONG FOR TWO,平井大,https://www.billboard-japan.com/charts/detail?a=stsongs&year=2018&month=07&day=23
2018,stsongs,2018-07-18,68,himawari,Mr.Children,https://www.billboard-japan.com/charts/detail?a=stsongs&year=2018&month=07&day=23
2018,stsongs,2018-07-18,69,完全感覚Dreamer,ONE OK ROCK,https://www.billboard-japan.com/charts/detail?a=stsongs&year=2018&month=07&day=23
2018,stsongs,2018-07-18,70,EXCITE,三浦大知,https://www.billboard-japan.com/charts/detail?a=stsongs&year=2018&month=07&day=23
2018,stsongs,2018-07-18,71,め組のひと,倖田來未,https://www.billboard-japan.com/charts/detail?a=stsongs&year=2018&month=07&day=23
2018,stsongs,2018-07-18,72,超ヤバい,t-Ace,https://www.billboard-japan.com/charts/detail?a=stsongs&year=2018&month=07&day=23
2018,stsongs,2018-07-18,73,明日も,SHISHAMO,https://www.billboard-japan.com/charts/detail?a=stsongs&year=2018&month=07&day=23
2018,stsongs,2018-07-18,74,満月の夜なら,あいみょん,https://www.billboard-japan.com/charts/detail?a=stsongs&year=2018&month=07&day=23
2018,stsongs,2018-07-18,75,I LOVE YOU,クリス・ハート,https://www.billboard-japan.com/charts/detail?a=stsongs&year=2018&month=07&day=23
2018,stsongs,2018-07-18,76,ウェイティング・フォー・ラヴ,アヴィーチー,https://www.billboard-japan.com/charts/detail?a=stsongs&year=2018&month=07&day=23
2018,stsongs,2018-07-18,77,CHILLAX,TWICE,https://www.billboard-japan.com/charts/detail?a=stsongs&year=2018&month=07&day=23
2018,stsongs,2018-07-18,78,alone feat.SALU,清水翔太,https://www.billboard-japan.com/charts/detail?a=stsongs&year=2018&month=07&day=23
2018,stsongs,2018-07-18,79,Echo,DEAN FUJIOKA,https://www.billboard-japan.com/charts/detail?a=stsongs&year=2018&month=07&day=23
2018,stsongs,2018-07-18,80,ザ・ナイツ,アヴィーチー,https://www.billboard-japan.com/charts/detail?a=stsongs&year=2018&month=07&day=23
2018,stsongs,2018-07-18,81,BOOMBAYAH,BLACKPINK,https://www.billboard-japan.com/charts/detail?a=stsongs&year=2018&month=07&day=23
2018,stsongs,2018-07-18,82,VOLT-AGE,Suchmos,https://www.billboard-japan.com/charts/detail?a=stsongs&year=2018&month=07&day=23
2018,stsongs,2018-07-18,83,BATTLE BATTLE BATTLE,ヒプノシスマイク(Fling Posse・麻天狼),https://www.billboard-japan.com/charts/detail?a=stsongs&year=2018&month=07&day=23
2018,stsongs,2018-07-18,84,ディス・イズ・ミー,キアラ・セトル & ザ・グレイテスト・ショーマン・アンサンブル,https://www.billboard-japan.com/charts/detail?a=stsongs&year=2018&month=07&day=23
2018,stsongs,2018-07-18,85,ひまわりの約束,秦基博,https://www.billboard-japan.com/charts/detail?a=stsongs&year=2018&month=07&day=23
2018,stsongs,2018-07-18,86,バック・トゥ・ユー,セレーナ・ゴメス,https://www.billboard-japan.com/charts/detail?a=stsongs&year=2018&month=07&day=23
2018,stsongs,2018-07-18,87,LIKEY,TWICE,https://www.billboard-japan.com/charts/detail?a=stsongs&year=2018&month=07&day=23
2018,stsongs,2018-07-18,88,Hero,安室奈美恵,https://www.billboard-japan.com/charts/detail?a=stsongs&year=2018&month=07&day=23
2018,stsongs,2018-07-18,89,零 -ZERO-,福山雅治,https://www.billboard-japan.com/charts/detail?a=stsongs&year=2018&month=07&day=23
2018,stsongs,2018-07-18,90,プラネタリウム,大塚愛,https://www.billboard-japan.com/charts/detail?a=stsongs&year=2018&month=07&day=23
2018,stsongs,2018-07-18,91,夏の思い出,ケツメイシ,https://www.billboard-japan.com/charts/detail?a=stsongs&year=2018&month=07&day=23
2018,stsongs,2018-07-18,92,カタオモイ,Aimer(エメ),https://www.billboard-japan.com/charts/detail?a=stsongs&year=2018&month=07&day=23
2018,stsongs,2018-07-18,93,サザンカ,SEKAI NO OWARI,https://www.billboard-japan.com/charts/detail?a=stsongs&year=2018&month=07&day=23
2018,stsongs,2018-07-18,94,Heart Shaker,TWICE,https://www.billboard-japan.com/charts/detail?a=stsongs&year=2018&month=07&day=23
2018,stsongs,2018-07-18,95,if...,DA PUMP,https://www.billboard-japan.com/charts/detail?a=stsongs&year=2018&month=07&day=23
2018,stsongs,2018-07-18,96,シェイク・イット・オフ〜気にしてなんかいられないっ!!,テイラー・スウィフト,https://www.billboard-japan.com/charts/detail?a=stsongs&year=2018&month=07&day=23
2018,stsongs,2018-07-18,97,イノセント・ワールド,Mr.Children,https://www.billboard-japan.com/charts/detail?a=stsongs&year=2018&month=07&day=23
2018,stsongs,2018-07-18,98,366日,HY,https://www.billboard-japan.com/charts/detail?a=stsongs&year=2018&month=07&day=23
2018,stsongs,2018-07-18,99,真夏の果実,サザンオールスターズ,https://www.billboard-japan.com/charts/detail?a=stsongs&year=2018&month=07&day=23
2018,stsongs,2018-07-18,100,君が好き,清水翔太,https://www.billboard-japan.com/charts/detail?a=stsongs&year=2018&month=07&day=23
2018,stsongs,2018-07-25,1,U.S.A.,DA PUMP,https://www.billboard-japan.com/charts/detail?a=stsongs&year=2018&month=07&day=30
2018,stsongs,2018-07-25,2,Dance The Night Away,TWICE,https://www.billboard-japan.com/charts/detail?a=stsongs&year=2018&month=07&day=30
2018,stsongs,2018-07-25,3,打上花火,DAOKO × 米津玄師,https://www.billboard-japan.com/charts/detail?a=stsongs&year=2018&month=07&day=30
2018,stsongs,2018-07-25,4,シェイプ・オブ・ユー,エド・シーラン,https://www.billboard-japan.com/charts/detail?a=stsongs&year=2018&month=07&day=30
2018,stsongs,2018-07-25,5,HANABI,Mr.Children,https://www.billboard-japan.com/charts/detail?a=stsongs&year=2018&month=07&day=30
2018,stsongs,2018-07-25,6,さよならエレジー,菅田将暉,https://www.billboard-japan.com/charts/detail?a=stsongs&year=2018&month=07&day=30
2018,stsongs,2018-07-25,7,What is Love?,TWICE,https://www.billboard-japan.com/charts/detail?a=stsongs&year=2018&month=07&day=30
2018,stsongs,2018-07-25,8,青と夏,Mrs.GREEN APPLE,https://www.billboard-japan.com/charts/detail?a=stsongs&year=2018&month=07&day=30
2018,stsongs,2018-07-25,9,DDU-DU DDU-DU,BLACKPINK,https://www.billboard-japan.com/charts/detail?a=stsongs&year=2018&month=07&day=30
2018,stsongs,2018-07-25,10,Change,ONE OK ROCK,https://www.billboard-japan.com/charts/detail?a=stsongs&year=2018&month=07&day=30
2018,stsongs,2018-07-25,11,ガラスを割れ!,欅坂46,https://www.billboard-japan.com/charts/detail?a=stsongs&year=2018&month=07&day=30
2018,stsongs,2018-07-25,12,Wherever you are,ONE OK ROCK,https://www.billboard-japan.com/charts/detail?a=stsongs&year=2018&month=07&day=30
2018,stsongs,2018-07-25,13,Tomorrow,AAA,https://www.billboard-japan.com/charts/detail?a=stsongs&year=2018&month=07&day=30
2018,stsongs,2018-07-25,14,シンクロニシティ,乃木坂46,https://www.billboard-japan.com/charts/detail?a=stsongs&year=2018&month=07&day=30
2018,stsongs,2018-07-25,15,できっこないを やらなくちゃ,サンボマスター,https://www.billboard-japan.com/charts/detail?a=stsongs&year=2018&month=07&day=30
2018,stsongs,2018-07-25,16,ライズ feat.ジャック & ジャック,ジョナス・ブルー,https://www.billboard-japan.com/charts/detail?a=stsongs&year=2018&month=07&day=30
2018,stsongs,2018-07-25,17,Baam,MOMOLAND,https://www.billboard-japan.com/charts/detail?a=stsongs&year=2018&month=07&day=30
2018,stsongs,2018-07-25,18,I WANT YOU BACK,TWICE,https://www.billboard-japan.com/charts/detail?a=stsongs&year=2018&month=07&day=30
2018,stsongs,2018-07-25,19,ノーダウト,Official髭男dism,https://www.billboard-japan.com/charts/detail?a=stsongs&year=2018&month=07&day=30
2018,stsongs,2018-07-25,20,FAKE LOVE,BTS (防弾少年団),https://www.billboard-japan.com/charts/detail?a=stsongs&year=2018&month=07&day=30
2018,stsongs,2018-07-25,21,TT,TWICE,https://www.billboard-japan.com/charts/detail?a=stsongs&year=2018&month=07&day=30
2018,stsongs,2018-07-25,22,愛を伝えたいだとか,あいみょん,https://www.billboard-japan.com/charts/detail?a=stsongs&year=2018&month=07&day=30
2018,stsongs,2018-07-25,23,My Boo,清水翔太,https://www.billboard-japan.com/charts/detail?a=stsongs&year=2018&month=07&day=30
2018,stsongs,2018-07-25,24,RAIN,SEKAI NO OWARI,https://www.billboard-japan.com/charts/detail?a=stsongs&year=2018&month=07&day=30
2018,stsongs,2018-07-25,25,マリーゴールド,あいみょん,https://www.billboard-japan.com/charts/detail?a=stsongs&year=2018&month=07&day=30
2018,stsongs,2018-07-25,26,小さな恋のうた,MONGOL800,https://www.billboard-japan.com/charts/detail?a=stsongs&year=2018&month=07&day=30
2018,stsongs,2018-07-25,27,アイラブユー,西野カナ,https://www.billboard-japan.com/charts/detail?a=stsongs&year=2018&month=07&day=30
2018,stsongs,2018-07-25,28,Oh My!,SEVENTEEN,https://www.billboard-japan.com/charts/detail?a=stsongs&year=2018&month=07&day=30
2018,stsongs,2018-07-25,29,恋と愛,三代目 J Soul Brothers from EXILE TRIBE,https://www.billboard-japan.com/charts/detail?a=stsongs&year=2018&month=07&day=30
2018,stsongs,2018-07-25,30,Slow & Easy,平井大,https://www.billboard-japan.com/charts/detail?a=stsongs&year=2018&month=07&day=30
2018,stsongs,2018-07-25,31,君はロックを聴かない,あいみょん,https://www.billboard-japan.com/charts/detail?a=stsongs&year=2018&month=07&day=30
2018,stsongs,2018-07-25,32,ザ・ミドル,"ゼッド,マレン・モリス,グレイ",https://www.billboard-japan.com/charts/detail?a=stsongs&year=2018&month=07&day=30
2018,stsongs,2018-07-25,33,BATTLE BATTLE BATTLE,ヒプノシスマイク(Fling Posse・麻天狼),https://www.billboard-japan.com/charts/detail?a=stsongs&year=2018&month=07&day=30
2018,stsongs,2018-07-25,34,ソロ feat.デミ・ロヴァート,クリーン・バンディット,https://www.billboard-japan.com/charts/detail?a=stsongs&year=2018&month=07&day=30
2018,stsongs,2018-07-25,35,サイレントマジョリティー,欅坂46,https://www.billboard-japan.com/charts/detail?a=stsongs&year=2018&month=07&day=30
2018,stsongs,2018-07-25,36,BBoom BBoom,MOMOLAND,https://www.billboard-japan.com/charts/detail?a=stsongs&year=2018&month=07&day=30
2018,stsongs,2018-07-25,37,闘う戦士たちへ愛を込めて,サザンオールスターズ,https://www.billboard-japan.com/charts/detail?a=stsongs&year=2018&month=07&day=30
2018,stsongs,2018-07-25,38,シンフォニー feat.ザラ・ラーソン,クリーン・バンディット,https://www.billboard-japan.com/charts/detail?a=stsongs&year=2018&month=07&day=30
2018,stsongs,2018-07-25,39,ステイ,ゼッド & アレッシア・カーラ,https://www.billboard-japan.com/charts/detail?a=stsongs&year=2018&month=07&day=30
2018,stsongs,2018-07-25,40,奏(かなで),スキマスイッチ,https://www.billboard-japan.com/charts/detail?a=stsongs&year=2018&month=07&day=30
2018,stsongs,2018-07-25,41,ノー・ティアーズ・レフト・トゥ・クライ,アリアナ・グランデ,https://www.billboard-japan.com/charts/detail?a=stsongs&year=2018&month=07&day=30
2018,stsongs,2018-07-25,42,め組のひと,倖田來未,https://www.billboard-japan.com/charts/detail?a=stsongs&year=2018&month=07&day=30
2018,stsongs,2018-07-25,43,WanteD! WanteD!,Mrs.GREEN APPLE,https://www.billboard-japan.com/charts/detail?a=stsongs&year=2018&month=07&day=30
2018,stsongs,2018-07-25,44,ワタリドリ,[ALEXANDROS],https://www.billboard-japan.com/charts/detail?a=stsongs&year=2018&month=07&day=30
2018,stsongs,2018-07-25,45,ホワット・ドゥ・ユー・ミーン?,ジャスティン・ビーバー,https://www.billboard-japan.com/charts/detail?a=stsongs&year=2018&month=07&day=30
2018,stsongs,2018-07-25,46,ハバナ feat.ヤング・サグ,カミラ・カベロ,https://www.billboard-japan.com/charts/detail?a=stsongs&year=2018&month=07&day=30
2018,stsongs,2018-07-25,47,RAINBOW,三代目 J Soul Brothers from EXILE TRIBE feat.イエロー・クロウ,https://www.billboard-japan.com/charts/detail?a=stsongs&year=2018&month=07&day=30
2018,stsongs,2018-07-25,48,F.L.Y. BOYS F.L.Y. GIRLS,GENERATIONS from EXILE TRIBE,https://www.billboard-japan.com/charts/detail?a=stsongs&year=2018&month=07&day=30
2018,stsongs,2018-07-25,49,クローサー feat.ホールジー,チェインスモーカーズ,https://www.billboard-japan.com/charts/detail?a=stsongs&year=2018&month=07&day=30
2018,stsongs,2018-07-25,50,インフルエンサー,乃木坂46,https://www.billboard-japan.com/charts/detail?a=stsongs&year=2018&month=07&day=30
2018,stsongs,2018-07-25,51,恋音と雨空,AAA,https://www.billboard-japan.com/charts/detail?a=stsongs&year=2018&month=07&day=30
2018,stsongs,2018-07-25,52,DNA,BTS (防弾少年団),https://www.billboard-japan.com/charts/detail?a=stsongs&year=2018&month=07&day=30
2018,stsongs,2018-07-25,53,Wake Me Up,TWICE,https://www.billboard-japan.com/charts/detail?a=stsongs&year=2018&month=07&day=30
2018,stsongs,2018-07-25,54,Candy Pop,TWICE,https://www.billboard-japan.com/charts/detail?a=stsongs&year=2018&month=07&day=30
2018,stsongs,2018-07-25,55,新宝島,サカナクション,https://www.billboard-japan.com/charts/detail?a=stsongs&year=2018&month=07&day=30
2018,stsongs,2018-07-25,56,真夏の果実,サザンオールスターズ,https://www.billboard-japan.com/charts/detail?a=stsongs&year=2018&month=07&day=30
2018,stsongs,2018-07-25,57,ゴッド・イズ・ア・ウーマン,アリアナ・グランデ,https://www.billboard-japan.com/charts/detail?a=stsongs&year=2018&month=07&day=30
2018,stsongs,2018-07-25,58,トリセツ,西野カナ,https://www.billboard-japan.com/charts/detail?a=stsongs&year=2018&month=07&day=30
2018,stsongs,2018-07-25,59,Don't Leave Me,BTS (防弾少年団),https://www.billboard-japan.com/charts/detail?a=stsongs&year=2018&month=07&day=30
2018,stsongs,2018-07-25,60,花束を君に,宇多田ヒカル,https://www.billboard-japan.com/charts/detail?a=stsongs&year=2018&month=07&day=30
2018,stsongs,2018-07-25,61,満月の夜なら,あいみょん,https://www.billboard-japan.com/charts/detail?a=stsongs&year=2018&month=07&day=30
2018,stsongs,2018-07-25,62,不協和音,欅坂46,https://www.billboard-japan.com/charts/detail?a=stsongs&year=2018&month=07&day=30
2018,stsongs,2018-07-25,63,Tomorrow never knows,Mr.Children,https://www.billboard-japan.com/charts/detail?a=stsongs&year=2018&month=07&day=30
2018,stsongs,2018-07-25,64,愛をこめて花束を,Superfly,https://www.billboard-japan.com/charts/detail?a=stsongs&year=2018&month=07&day=30
2018,stsongs,2018-07-25,65,if...,DA PUMP,https://www.billboard-japan.com/charts/detail?a=stsongs&year=2018&month=07&day=30
2018,stsongs,2018-07-25,66,夏の思い出,ケツメイシ,https://www.billboard-japan.com/charts/detail?a=stsongs&year=2018&month=07&day=30
2018,stsongs,2018-07-25,67,フロントメモリー,鈴木瑛美子×亀田誠治,https://www.billboard-japan.com/charts/detail?a=stsongs&year=2018&month=07&day=30
2018,stsongs,2018-07-25,68,ウェイク・ミー・アップ!,アヴィーチー,https://www.billboard-japan.com/charts/detail?a=stsongs&year=2018&month=07&day=30
2018,stsongs,2018-07-25,69,キセキ,GReeeeN,https://www.billboard-japan.com/charts/detail?a=stsongs&year=2018&month=07&day=30
2018,stsongs,2018-07-25,70,ディス・イズ・ミー,キアラ・セトル & ザ・グレイテスト・ショーマン・アンサンブル,https://www.billboard-japan.com/charts/detail?a=stsongs&year=2018&month=07&day=30
2018,stsongs,2018-07-25,71,明日も,SHISHAMO,https://www.billboard-japan.com/charts/detail?a=stsongs&year=2018&month=07&day=30
2018,stsongs,2018-07-25,72,LIKEY,TWICE,https://www.billboard-japan.com/charts/detail?a=stsongs&year=2018&month=07&day=30
2018,stsongs,2018-07-25,73,EXCITE,三浦大知,https://www.billboard-japan.com/charts/detail?a=stsongs&year=2018&month=07&day=30
2018,stsongs,2018-07-25,74,2002,アン・マリー,https://www.billboard-japan.com/charts/detail?a=stsongs&year=2018&month=07&day=30
2018,stsongs,2018-07-25,75,完全感覚Dreamer,ONE OK ROCK,https://www.billboard-japan.com/charts/detail?a=stsongs&year=2018&month=07&day=30
2018,stsongs,2018-07-25,76,R.Y.U.S.E.I.,三代目 J Soul Brothers from EXILE TRIBE,https://www.billboard-japan.com/charts/detail?a=stsongs&year=2018&month=07&day=30
2018,stsongs,2018-07-25,77,イン・マイ・フィーリングズ,ドレイク,https://www.billboard-japan.com/charts/detail?a=stsongs&year=2018&month=07&day=30
2018,stsongs,2018-07-25,78,The Beginning,ONE OK ROCK,https://www.billboard-japan.com/charts/detail?a=stsongs&year=2018&month=07&day=30
2018,stsongs,2018-07-25,79,HARD HIT,THE RAMPAGE from EXILE TRIBE,https://www.billboard-japan.com/charts/detail?a=stsongs&year=2018&month=07&day=30
2018,stsongs,2018-07-25,80,himawari,Mr.Children,https://www.billboard-japan.com/charts/detail?a=stsongs&year=2018&month=07&day=30
2018,stsongs,2018-07-25,81,Heart Shaker,TWICE,https://www.billboard-japan.com/charts/detail?a=stsongs&year=2018&month=07&day=30
2018,stsongs,2018-07-25,82,DREAM,清水翔太,https://www.billboard-japan.com/charts/detail?a=stsongs&year=2018&month=07&day=30
2018,stsongs,2018-07-25,83,I LOVE YOU,クリス・ハート,https://www.billboard-japan.com/charts/detail?a=stsongs&year=2018&month=07&day=30
2018,stsongs,2018-07-25,84,LOVE AFFAIR〜秘密のデート〜,サザンオールスターズ,https://www.billboard-japan.com/charts/detail?a=stsongs&year=2018&month=07&day=30
2018,stsongs,2018-07-25,85,ウェイティング・フォー・ラヴ,アヴィーチー,https://www.billboard-japan.com/charts/detail?a=stsongs&year=2018&month=07&day=30
2018,stsongs,2018-07-25,86,ザ・ナイツ,アヴィーチー,https://www.billboard-japan.com/charts/detail?a=stsongs&year=2018&month=07&day=30
2018,stsongs,2018-07-25,87,超ヤバい,t-Ace,https://www.billboard-japan.com/charts/detail?a=stsongs&year=2018&month=07&day=30
2018,stsongs,2018-07-25,88,ひまわりの約束,秦基博,https://www.billboard-japan.com/charts/detail?a=stsongs&year=2018&month=07&day=30
2018,stsongs,2018-07-25,89,SONG FOR TWO,平井大,https://www.billboard-japan.com/charts/detail?a=stsongs&year=2018&month=07&day=30
2018,stsongs,2018-07-25,90,ブレイク・フリー feat.ゼッド,アリアナ・グランデ,https://www.billboard-japan.com/charts/detail?a=stsongs&year=2018&month=07&day=30
2018,stsongs,2018-07-25,91,君が好き,清水翔太,https://www.billboard-japan.com/charts/detail?a=stsongs&year=2018&month=07&day=30
2018,stsongs,2018-07-25,92,FOREVER YOUNG,BLACKPINK,https://www.billboard-japan.com/charts/detail?a=stsongs&year=2018&month=07&day=30
2018,stsongs,2018-07-25,93,カタオモイ,Aimer(エメ),https://www.billboard-japan.com/charts/detail?a=stsongs&year=2018&month=07&day=30
2018,stsongs,2018-07-25,94,イノセント・ワールド,Mr.Children,https://www.billboard-japan.com/charts/detail?a=stsongs&year=2018&month=07&day=30
2018,stsongs,2018-07-25,95,シー・ユー・アゲイン,ウィズ・カリファ feat.チャーリー・プース,https://www.billboard-japan.com/charts/detail?a=stsongs&year=2018&month=07&day=30
2018,stsongs,2018-07-25,96,ODD FUTURE,UVERworld,https://www.billboard-japan.com/charts/detail?a=stsongs&year=2018&month=07&day=30
2018,stsongs,2018-07-25,97,シェイク・イット・オフ〜気にしてなんかいられないっ!!,テイラー・スウィフト,https://www.billboard-japan.com/charts/detail?a=stsongs&year=2018&month=07&day=30
2018,stsongs,2018-07-25,98,Hero,安室奈美恵,https://www.billboard-japan.com/charts/detail?a=stsongs&year=2018&month=07&day=30
2018,stsongs,2018-07-25,99,366日,HY,https://www.billboard-japan.com/charts/detail?a=stsongs&year=2018&month=07&day=30
2018,stsongs,2018-07-25,100,ガールズ・ライク・ユー feat.カーディ・B,マルーン5,https://www.billboard-japan.com/charts/detail?a=stsongs&year=2018&month=07&day=30
2018,stsongs,2018-08-01,1,U.S.A.,DA PUMP,https://www.billboard-japan.com/charts/detail?a=stsongs&year=2018&month=08&day=06
2018,stsongs,2018-08-01,2,打上花火,DAOKO × 米津玄師,https://www.billboard-japan.com/charts/detail?a=stsongs&year=2018&month=08&day=06
2018,stsongs,2018-08-01,3,Dance The Night Away,TWICE,https://www.billboard-japan.com/charts/detail?a=stsongs&year=2018&month=08&day=06
2018,stsongs,2018-08-01,4,HANABI,Mr.Children,https://www.billboard-japan.com/charts/detail?a=stsongs&year=2018&month=08&day=06
2018,stsongs,2018-08-01,5,DDU-DU DDU-DU,BLACKPINK,https://www.billboard-japan.com/charts/detail?a=stsongs&year=2018&month=08&day=06
2018,stsongs,2018-08-01,6,シェイプ・オブ・ユー,エド・シーラン,https://www.billboard-japan.com/charts/detail?a=stsongs&year=2018&month=08&day=06
2018,stsongs,2018-08-01,7,Tomorrow,AAA,https://www.billboard-japan.com/charts/detail?a=stsongs&year=2018&month=08&day=06
2018,stsongs,2018-08-01,8,青と夏,Mrs.GREEN APPLE,https://www.billboard-japan.com/charts/detail?a=stsongs&year=2018&month=08&day=06
2018,stsongs,2018-08-01,9,Heads or Tails,EXILE,https://www.billboard-japan.com/charts/detail?a=stsongs&year=2018&month=08&day=06
2018,stsongs,2018-08-01,10,さよならエレジー,菅田将暉,https://www.billboard-japan.com/charts/detail?a=stsongs&year=2018&month=08&day=06
2018,stsongs,2018-08-01,11,What is Love?,TWICE,https://www.billboard-japan.com/charts/detail?a=stsongs&year=2018&month=08&day=06
2018,stsongs,2018-08-01,12,マリーゴールド,あいみょん,https://www.billboard-japan.com/charts/detail?a=stsongs&year=2018&month=08&day=06
2018,stsongs,2018-08-01,13,ガラスを割れ!,欅坂46,https://www.billboard-japan.com/charts/detail?a=stsongs&year=2018&month=08&day=06
2018,stsongs,2018-08-01,14,Wherever you are,ONE OK ROCK,https://www.billboard-japan.com/charts/detail?a=stsongs&year=2018&month=08&day=06
2018,stsongs,2018-08-01,15,Change,ONE OK ROCK,https://www.billboard-japan.com/charts/detail?a=stsongs&year=2018&month=08&day=06
2018,stsongs,2018-08-01,16,I WANT YOU BACK,TWICE,https://www.billboard-japan.com/charts/detail?a=stsongs&year=2018&month=08&day=06
2018,stsongs,2018-08-01,17,愛を伝えたいだとか,あいみょん,https://www.billboard-japan.com/charts/detail?a=stsongs&year=2018&month=08&day=06
2018,stsongs,2018-08-01,18,ライズ feat.ジャック & ジャック,ジョナス・ブルー,https://www.billboard-japan.com/charts/detail?a=stsongs&year=2018&month=08&day=06
2018,stsongs,2018-08-01,19,シンクロニシティ,乃木坂46,https://www.billboard-japan.com/charts/detail?a=stsongs&year=2018&month=08&day=06
2018,stsongs,2018-08-01,20,できっこないを やらなくちゃ,サンボマスター,https://www.billboard-japan.com/charts/detail?a=stsongs&year=2018&month=08&day=06
2018,stsongs,2018-08-01,21,君はロックを聴かない,あいみょん,https://www.billboard-japan.com/charts/detail?a=stsongs&year=2018&month=08&day=06
2018,stsongs,2018-08-01,22,FAKE LOVE,BTS (防弾少年団),https://www.billboard-japan.com/charts/detail?a=stsongs&year=2018&month=08&day=06
2018,stsongs,2018-08-01,23,TT,TWICE,https://www.billboard-japan.com/charts/detail?a=stsongs&year=2018&month=08&day=06
2018,stsongs,2018-08-01,24,ノーダウト,Official髭男dism,https://www.billboard-japan.com/charts/detail?a=stsongs&year=2018&month=08&day=06
2018,stsongs,2018-08-01,25,Baam,MOMOLAND,https://www.billboard-japan.com/charts/detail?a=stsongs&year=2018&month=08&day=06
2018,stsongs,2018-08-01,26,My Boo,清水翔太,https://www.billboard-japan.com/charts/detail?a=stsongs&year=2018&month=08&day=06
2018,stsongs,2018-08-01,27,RAIN,SEKAI NO OWARI,https://www.billboard-japan.com/charts/detail?a=stsongs&year=2018&month=08&day=06
2018,stsongs,2018-08-01,28,小さな恋のうた,MONGOL800,https://www.billboard-japan.com/charts/detail?a=stsongs&year=2018&month=08&day=06
2018,stsongs,2018-08-01,29,Slow & Easy,平井大,https://www.billboard-japan.com/charts/detail?a=stsongs&year=2018&month=08&day=06
2018,stsongs,2018-08-01,30,DEJAVU,AAA,https://www.billboard-japan.com/charts/detail?a=stsongs&year=2018&month=08&day=06
2018,stsongs,2018-08-01,31,サイレントマジョリティー,欅坂46,https://www.billboard-japan.com/charts/detail?a=stsongs&year=2018&month=08&day=06
2018,stsongs,2018-08-01,32,アイラブユー,西野カナ,https://www.billboard-japan.com/charts/detail?a=stsongs&year=2018&month=08&day=06
2018,stsongs,2018-08-01,33,ソロ feat.デミ・ロヴァート,クリーン・バンディット,https://www.billboard-japan.com/charts/detail?a=stsongs&year=2018&month=08&day=06
2018,stsongs,2018-08-01,34,ザ・ミドル,"ゼッド,マレン・モリス,グレイ",https://www.billboard-japan.com/charts/detail?a=stsongs&year=2018&month=08&day=06
2018,stsongs,2018-08-01,35,if...,DA PUMP,https://www.billboard-japan.com/charts/detail?a=stsongs&year=2018&month=08&day=06
2018,stsongs,2018-08-01,36,ディス・イズ・ミー,キアラ・セトル & ザ・グレイテスト・ショーマン・アンサンブル,https://www.billboard-japan.com/charts/detail?a=stsongs&year=2018&month=08&day=06
2018,stsongs,2018-08-01,37,BBoom BBoom,MOMOLAND,https://www.billboard-japan.com/charts/detail?a=stsongs&year=2018&month=08&day=06
2018,stsongs,2018-08-01,38,ワタリドリ,[ALEXANDROS],https://www.billboard-japan.com/charts/detail?a=stsongs&year=2018&month=08&day=06
2018,stsongs,2018-08-01,39,闘う戦士たちへ愛を込めて,サザンオールスターズ,https://www.billboard-japan.com/charts/detail?a=stsongs&year=2018&month=08&day=06
2018,stsongs,2018-08-01,40,輝きだして走ってく,サンボマスター,https://www.billboard-japan.com/charts/detail?a=stsongs&year=2018&month=08&day=06
2018,stsongs,2018-08-01,41,恋と愛,三代目 J Soul Brothers from EXILE TRIBE,https://www.billboard-japan.com/charts/detail?a=stsongs&year=2018&month=08&day=06
2018,stsongs,2018-08-01,42,WanteD! WanteD!,Mrs.GREEN APPLE,https://www.billboard-japan.com/charts/detail?a=stsongs&year=2018&month=08&day=06
2018,stsongs,2018-08-01,43,奏(かなで),スキマスイッチ,https://www.billboard-japan.com/charts/detail?a=stsongs&year=2018&month=08&day=06
2018,stsongs,2018-08-01,44,シンフォニー feat.ザラ・ラーソン,クリーン・バンディット,https://www.billboard-japan.com/charts/detail?a=stsongs&year=2018&month=08&day=06
2018,stsongs,2018-08-01,45,ステイ,ゼッド & アレッシア・カーラ,https://www.billboard-japan.com/charts/detail?a=stsongs&year=2018&month=08&day=06
2018,stsongs,2018-08-01,46,クローサー feat.ホールジー,チェインスモーカーズ,https://www.billboard-japan.com/charts/detail?a=stsongs&year=2018&month=08&day=06
2018,stsongs,2018-08-01,47,ノー・ティアーズ・レフト・トゥ・クライ,アリアナ・グランデ,https://www.billboard-japan.com/charts/detail?a=stsongs&year=2018&month=08&day=06
2018,stsongs,2018-08-01,48,ホワット・ドゥ・ユー・ミーン?,ジャスティン・ビーバー,https://www.billboard-japan.com/charts/detail?a=stsongs&year=2018&month=08&day=06
2018,stsongs,2018-08-01,49,恋音と雨空,AAA,https://www.billboard-japan.com/charts/detail?a=stsongs&year=2018&month=08&day=06
2018,stsongs,2018-08-01,50,ハバナ feat.ヤング・サグ,カミラ・カベロ,https://www.billboard-japan.com/charts/detail?a=stsongs&year=2018&month=08&day=06
2018,stsongs,2018-08-01,51,愛をこめて花束を,Superfly,https://www.billboard-japan.com/charts/detail?a=stsongs&year=2018&month=08&day=06
2018,stsongs,2018-08-01,52,インフルエンサー,乃木坂46,https://www.billboard-japan.com/charts/detail?a=stsongs&year=2018&month=08&day=06
2018,stsongs,2018-08-01,53,トリセツ,西野カナ,https://www.billboard-japan.com/charts/detail?a=stsongs&year=2018&month=08&day=06
2018,stsongs,2018-08-01,54,DNA,BTS (防弾少年団),https://www.billboard-japan.com/charts/detail?a=stsongs&year=2018&month=08&day=06
2018,stsongs,2018-08-01,55,満月の夜なら,あいみょん,https://www.billboard-japan.com/charts/detail?a=stsongs&year=2018&month=08&day=06
2018,stsongs,2018-08-01,56,新宝島,サカナクション,https://www.billboard-japan.com/charts/detail?a=stsongs&year=2018&month=08&day=06
2018,stsongs,2018-08-01,57,イン・マイ・フィーリングズ,ドレイク,https://www.billboard-japan.com/charts/detail?a=stsongs&year=2018&month=08&day=06
2018,stsongs,2018-08-01,58,Tomorrow never knows,Mr.Children,https://www.billboard-japan.com/charts/detail?a=stsongs&year=2018&month=08&day=06
2018,stsongs,2018-08-01,59,不協和音,欅坂46,https://www.billboard-japan.com/charts/detail?a=stsongs&year=2018&month=08&day=06
2018,stsongs,2018-08-01,60,Oh My!,SEVENTEEN,https://www.billboard-japan.com/charts/detail?a=stsongs&year=2018&month=08&day=06
2018,stsongs,2018-08-01,61,ハッピー・ナウ,ゼッド & エリー・ドゥエ,https://www.billboard-japan.com/charts/detail?a=stsongs&year=2018&month=08&day=06
2018,stsongs,2018-08-01,62,キセキ,GReeeeN,https://www.billboard-japan.com/charts/detail?a=stsongs&year=2018&month=08&day=06
2018,stsongs,2018-08-01,63,Wake Me Up,TWICE,https://www.billboard-japan.com/charts/detail?a=stsongs&year=2018&month=08&day=06
2018,stsongs,2018-08-01,64,2002,アン・マリー,https://www.billboard-japan.com/charts/detail?a=stsongs&year=2018&month=08&day=06
2018,stsongs,2018-08-01,65,RAINBOW,三代目 J Soul Brothers from EXILE TRIBE feat.イエロー・クロウ,https://www.billboard-japan.com/charts/detail?a=stsongs&year=2018&month=08&day=06
2018,stsongs,2018-08-01,66,F.L.Y. BOYS F.L.Y. GIRLS,GENERATIONS from EXILE TRIBE,https://www.billboard-japan.com/charts/detail?a=stsongs&year=2018&month=08&day=06
2018,stsongs,2018-08-01,67,完全感覚Dreamer,ONE OK ROCK,https://www.billboard-japan.com/charts/detail?a=stsongs&year=2018&month=08&day=06
2018,stsongs,2018-08-01,68,ウェイク・ミー・アップ!,アヴィーチー,https://www.billboard-japan.com/charts/detail?a=stsongs&year=2018&month=08&day=06
2018,stsongs,2018-08-01,69,BOOMBAYAH,BLACKPINK,https://www.billboard-japan.com/charts/detail?a=stsongs&year=2018&month=08&day=06
2018,stsongs,2018-08-01,70,EXCITE,三浦大知,https://www.billboard-japan.com/charts/detail?a=stsongs&year=2018&month=08&day=06
2018,stsongs,2018-08-01,71,himawari,Mr.Children,https://www.billboard-japan.com/charts/detail?a=stsongs&year=2018&month=08&day=06
2018,stsongs,2018-08-01,72,ひまわりの約束,秦基博,https://www.billboard-japan.com/charts/detail?a=stsongs&year=2018&month=08&day=06
2018,stsongs,2018-08-01,73,Don't Leave Me,BTS (防弾少年団),https://www.billboard-japan.com/charts/detail?a=stsongs&year=2018&month=08&day=06
2018,stsongs,2018-08-01,74,Candy Pop,TWICE,https://www.billboard-japan.com/charts/detail?a=stsongs&year=2018&month=08&day=06
2018,stsongs,2018-08-01,75,明日も,SHISHAMO,https://www.billboard-japan.com/charts/detail?a=stsongs&year=2018&month=08&day=06
2018,stsongs,2018-08-01,76,イノセント・ワールド,Mr.Children,https://www.billboard-japan.com/charts/detail?a=stsongs&year=2018&month=08&day=06
2018,stsongs,2018-08-01,77,The Beginning,ONE OK ROCK,https://www.billboard-japan.com/charts/detail?a=stsongs&year=2018&month=08&day=06
2018,stsongs,2018-08-01,78,ザ・グレイテスト・ショー,ヒュー・ジャックマン、キアラ・セトル、ザック・エフロン、ゼンデイヤ & ザ・グレイテスト・ショーマン・アンサンブル,https://www.billboard-japan.com/charts/detail?a=stsongs&year=2018&month=08&day=06
2018,stsongs,2018-08-01,79,ブレイク・フリー feat.ゼッド,アリアナ・グランデ,https://www.billboard-japan.com/charts/detail?a=stsongs&year=2018&month=08&day=06
2018,stsongs,2018-08-01,80,LIKEY,TWICE,https://www.billboard-japan.com/charts/detail?a=stsongs&year=2018&month=08&day=06
2018,stsongs,2018-08-01,81,花束を君に,宇多田ヒカル,https://www.billboard-japan.com/charts/detail?a=stsongs&year=2018&month=08&day=06
2018,stsongs,2018-08-01,82,366日,HY,https://www.billboard-japan.com/charts/detail?a=stsongs&year=2018&month=08&day=06
2018,stsongs,2018-08-01,83,R.Y.U.S.E.I.,三代目 J Soul Brothers from EXILE TRIBE,https://www.billboard-japan.com/charts/detail?a=stsongs&year=2018&month=08&day=06
2018,stsongs,2018-08-01,84,ザ・ナイツ,アヴィーチー,https://www.billboard-japan.com/charts/detail?a=stsongs&year=2018&month=08&day=06
2018,stsongs,2018-08-01,85,超ヤバい,t-Ace,https://www.billboard-japan.com/charts/detail?a=stsongs&year=2018&month=08&day=06
2018,stsongs,2018-08-01,86,真夏の果実,サザンオールスターズ,https://www.billboard-japan.com/charts/detail?a=stsongs&year=2018&month=08&day=06
2018,stsongs,2018-08-01,87,ミライのテーマ,山下達郎,https://www.billboard-japan.com/charts/detail?a=stsongs&year=2018&month=08&day=06
2018,stsongs,2018-08-01,88,I LOVE YOU,クリス・ハート,https://www.billboard-japan.com/charts/detail?a=stsongs&year=2018&month=08&day=06
2018,stsongs,2018-08-01,89,FOREVER YOUNG,BLACKPINK,https://www.billboard-japan.com/charts/detail?a=stsongs&year=2018&month=08&day=06
2018,stsongs,2018-08-01,90,LOVE AFFAIR〜秘密のデート〜,サザンオールスターズ,https://www.billboard-japan.com/charts/detail?a=stsongs&year=2018&month=08&day=06
2018,stsongs,2018-08-01,91,フロントメモリー,鈴木瑛美子×亀田誠治,https://www.billboard-japan.com/charts/detail?a=stsongs&year=2018&month=08&day=06
2018,stsongs,2018-08-01,92,夏の思い出,ケツメイシ,https://www.billboard-japan.com/charts/detail?a=stsongs&year=2018&month=08&day=06
2018,stsongs,2018-08-01,93,ウェイティング・フォー・ラヴ,アヴィーチー,https://www.billboard-japan.com/charts/detail?a=stsongs&year=2018&month=08&day=06
2018,stsongs,2018-08-01,94,貴方解剖純愛歌〜死ね〜,あいみょん,https://www.billboard-japan.com/charts/detail?a=stsongs&year=2018&month=08&day=06
2018,stsongs,2018-08-01,95,BATTLE BATTLE BATTLE,ヒプノシスマイク(Fling Posse・麻天狼),https://www.billboard-japan.com/charts/detail?a=stsongs&year=2018&month=08&day=06
2018,stsongs,2018-08-01,96,Heart Shaker,TWICE,https://www.billboard-japan.com/charts/detail?a=stsongs&year=2018&month=08&day=06
2018,stsongs,2018-08-01,97,君がくれた夏,家入レオ,https://www.billboard-japan.com/charts/detail?a=stsongs&year=2018&month=08&day=06
2018,stsongs,2018-08-01,98,Hero,安室奈美恵,https://www.billboard-japan.com/charts/detail?a=stsongs&year=2018&month=08&day=06
2018,stsongs,2018-08-01,99,甘えちゃってSorry,AYA a.k.a. PANDA,https://www.billboard-japan.com/charts/detail?a=stsongs&year=2018&month=08&day=06
2018,stsongs,2018-08-01,100,ゴッド・イズ・ア・ウーマン,アリアナ・グランデ,https://www.billboard-japan.com/charts/detail?a=stsongs&year=2018&month=08&day=06
2018,stsongs,2018-08-08,1,U.S.A.,DA PUMP,https://www.billboard-japan.com/charts/detail?a=stsongs&year=2018&month=08&day=13
2018,stsongs,2018-08-08,2,HANABI,Mr.Children,https://www.billboard-japan.com/charts/detail?a=stsongs&year=2018&month=08&day=13
2018,stsongs,2018-08-08,3,打上花火,DAOKO × 米津玄師,https://www.billboard-japan.com/charts/detail?a=stsongs&year=2018&month=08&day=13
2018,stsongs,2018-08-08,4,青と夏,Mrs.GREEN APPLE,https://www.billboard-japan.com/charts/detail?a=stsongs&year=2018&month=08&day=13
2018,stsongs,2018-08-08,5,Dance The Night Away,TWICE,https://www.billboard-japan.com/charts/detail?a=stsongs&year=2018&month=08&day=13
2018,stsongs,2018-08-08,6,シェイプ・オブ・ユー,エド・シーラン,https://www.billboard-japan.com/charts/detail?a=stsongs&year=2018&month=08&day=13
2018,stsongs,2018-08-08,7,"ノー・ブレイナー feat.ジャスティン・ビーバー,チャンス・ザ・ラッパー & クエヴォ",DJキャレド,https://www.billboard-japan.com/charts/detail?a=stsongs&year=2018&month=08&day=13
2018,stsongs,2018-08-08,8,I WANT YOU BACK,TWICE,https://www.billboard-japan.com/charts/detail?a=stsongs&year=2018&month=08&day=13
2018,stsongs,2018-08-08,9,ジコチューで行こう!,乃木坂46,https://www.billboard-japan.com/charts/detail?a=stsongs&year=2018&month=08&day=13
2018,stsongs,2018-08-08,10,Heads or Tails,EXILE,https://www.billboard-japan.com/charts/detail?a=stsongs&year=2018&month=08&day=13
2018,stsongs,2018-08-08,11,DDU-DU DDU-DU,BLACKPINK,https://www.billboard-japan.com/charts/detail?a=stsongs&year=2018&month=08&day=13
2018,stsongs,2018-08-08,12,DEJAVU,AAA,https://www.billboard-japan.com/charts/detail?a=stsongs&year=2018&month=08&day=13
2018,stsongs,2018-08-08,13,さよならエレジー,菅田将暉,https://www.billboard-japan.com/charts/detail?a=stsongs&year=2018&month=08&day=13
2018,stsongs,2018-08-08,14,Tomorrow,AAA,https://www.billboard-japan.com/charts/detail?a=stsongs&year=2018&month=08&day=13
2018,stsongs,2018-08-08,15,世界はあなたに笑いかけている,Little Glee Monster,https://www.billboard-japan.com/charts/detail?a=stsongs&year=2018&month=08&day=13
2018,stsongs,2018-08-08,16,What is Love?,TWICE,https://www.billboard-japan.com/charts/detail?a=stsongs&year=2018&month=08&day=13
2018,stsongs,2018-08-08,17,Wherever you are,ONE OK ROCK,https://www.billboard-japan.com/charts/detail?a=stsongs&year=2018&month=08&day=13
2018,stsongs,2018-08-08,18,マリーゴールド,あいみょん,https://www.billboard-japan.com/charts/detail?a=stsongs&year=2018&month=08&day=13
2018,stsongs,2018-08-08,19,Change,ONE OK ROCK,https://www.billboard-japan.com/charts/detail?a=stsongs&year=2018&month=08&day=13
2018,stsongs,2018-08-08,20,愛を伝えたいだとか,あいみょん,https://www.billboard-japan.com/charts/detail?a=stsongs&year=2018&month=08&day=13
2018,stsongs,2018-08-08,21,ガラスを割れ!,欅坂46,https://www.billboard-japan.com/charts/detail?a=stsongs&year=2018&month=08&day=13
2018,stsongs,2018-08-08,22,君はロックを聴かない,あいみょん,https://www.billboard-japan.com/charts/detail?a=stsongs&year=2018&month=08&day=13
2018,stsongs,2018-08-08,23,ライズ feat.ジャック & ジャック,ジョナス・ブルー,https://www.billboard-japan.com/charts/detail?a=stsongs&year=2018&month=08&day=13
2018,stsongs,2018-08-08,24,TT,TWICE,https://www.billboard-japan.com/charts/detail?a=stsongs&year=2018&month=08&day=13
2018,stsongs,2018-08-08,25,if...,DA PUMP,https://www.billboard-japan.com/charts/detail?a=stsongs&year=2018&month=08&day=13
2018,stsongs,2018-08-08,26,ノーダウト,Official髭男dism,https://www.billboard-japan.com/charts/detail?a=stsongs&year=2018&month=08&day=13
2018,stsongs,2018-08-08,27,点描の唄 feat.井上苑子,Mrs.GREEN APPLE,https://www.billboard-japan.com/charts/detail?a=stsongs&year=2018&month=08&day=13
2018,stsongs,2018-08-08,28,シンクロニシティ,乃木坂46,https://www.billboard-japan.com/charts/detail?a=stsongs&year=2018&month=08&day=13
2018,stsongs,2018-08-08,29,小さな恋のうた,MONGOL800,https://www.billboard-japan.com/charts/detail?a=stsongs&year=2018&month=08&day=13
2018,stsongs,2018-08-08,30,FAKE LOVE,BTS (防弾少年団),https://www.billboard-japan.com/charts/detail?a=stsongs&year=2018&month=08&day=13
2018,stsongs,2018-08-08,31,Slow & Easy,平井大,https://www.billboard-japan.com/charts/detail?a=stsongs&year=2018&month=08&day=13
2018,stsongs,2018-08-08,32,Relax & Chill,Nissy(西島隆弘),https://www.billboard-japan.com/charts/detail?a=stsongs&year=2018&month=08&day=13
2018,stsongs,2018-08-08,33,My Boo,清水翔太,https://www.billboard-japan.com/charts/detail?a=stsongs&year=2018&month=08&day=13
2018,stsongs,2018-08-08,34,ロングホープ・フィリア,菅田将暉,https://www.billboard-japan.com/charts/detail?a=stsongs&year=2018&month=08&day=13
2018,stsongs,2018-08-08,35,輝きだして走ってく,サンボマスター,https://www.billboard-japan.com/charts/detail?a=stsongs&year=2018&month=08&day=13
2018,stsongs,2018-08-08,36,RAIN,SEKAI NO OWARI,https://www.billboard-japan.com/charts/detail?a=stsongs&year=2018&month=08&day=13
2018,stsongs,2018-08-08,37,Baam,MOMOLAND,https://www.billboard-japan.com/charts/detail?a=stsongs&year=2018&month=08&day=13
2018,stsongs,2018-08-08,38,ソロ feat.デミ・ロヴァート,クリーン・バンディット,https://www.billboard-japan.com/charts/detail?a=stsongs&year=2018&month=08&day=13
2018,stsongs,2018-08-08,39,サイレントマジョリティー,欅坂46,https://www.billboard-japan.com/charts/detail?a=stsongs&year=2018&month=08&day=13
2018,stsongs,2018-08-08,40,アイラブユー,西野カナ,https://www.billboard-japan.com/charts/detail?a=stsongs&year=2018&month=08&day=13
2018,stsongs,2018-08-08,41,WanteD! WanteD!,Mrs.GREEN APPLE,https://www.billboard-japan.com/charts/detail?a=stsongs&year=2018&month=08&day=13
2018,stsongs,2018-08-08,42,奏(かなで),スキマスイッチ,https://www.billboard-japan.com/charts/detail?a=stsongs&year=2018&month=08&day=13
2018,stsongs,2018-08-08,43,ザ・ミドル,"ゼッド,マレン・モリス,グレイ",https://www.billboard-japan.com/charts/detail?a=stsongs&year=2018&month=08&day=13
2018,stsongs,2018-08-08,44,闘う戦士たちへ愛を込めて,サザンオールスターズ,https://www.billboard-japan.com/charts/detail?a=stsongs&year=2018&month=08&day=13
2018,stsongs,2018-08-08,45,できっこないを やらなくちゃ,サンボマスター,https://www.billboard-japan.com/charts/detail?a=stsongs&year=2018&month=08&day=13
2018,stsongs,2018-08-08,46,シンフォニー feat.ザラ・ラーソン,クリーン・バンディット,https://www.billboard-japan.com/charts/detail?a=stsongs&year=2018&month=08&day=13
2018,stsongs,2018-08-08,47,ディス・イズ・ミー,キアラ・セトル & ザ・グレイテスト・ショーマン・アンサンブル,https://www.billboard-japan.com/charts/detail?a=stsongs&year=2018&month=08&day=13
2018,stsongs,2018-08-08,48,BBoom BBoom,MOMOLAND,https://www.billboard-japan.com/charts/detail?a=stsongs&year=2018&month=08&day=13
2018,stsongs,2018-08-08,49,クローサー feat.ホールジー,チェインスモーカーズ,https://www.billboard-japan.com/charts/detail?a=stsongs&year=2018&month=08&day=13
2018,stsongs,2018-08-08,50,ワタリドリ,[ALEXANDROS],https://www.billboard-japan.com/charts/detail?a=stsongs&year=2018&month=08&day=13
2018,stsongs,2018-08-08,51,ステイ,ゼッド & アレッシア・カーラ,https://www.billboard-japan.com/charts/detail?a=stsongs&year=2018&month=08&day=13
2018,stsongs,2018-08-08,52,恋と愛,三代目 J Soul Brothers from EXILE TRIBE,https://www.billboard-japan.com/charts/detail?a=stsongs&year=2018&month=08&day=13
2018,stsongs,2018-08-08,53,イン・マイ・フィーリングズ,ドレイク,https://www.billboard-japan.com/charts/detail?a=stsongs&year=2018&month=08&day=13
2018,stsongs,2018-08-08,54,恋音と雨空,AAA,https://www.billboard-japan.com/charts/detail?a=stsongs&year=2018&month=08&day=13
2018,stsongs,2018-08-08,55,新宝島,サカナクション,https://www.billboard-japan.com/charts/detail?a=stsongs&year=2018&month=08&day=13
2018,stsongs,2018-08-08,56,インフルエンサー,乃木坂46,https://www.billboard-japan.com/charts/detail?a=stsongs&year=2018&month=08&day=13
2018,stsongs,2018-08-08,57,ハッピー・ナウ,ゼッド & エリー・ドゥエ,https://www.billboard-japan.com/charts/detail?a=stsongs&year=2018&month=08&day=13
2018,stsongs,2018-08-08,58,ノー・ティアーズ・レフト・トゥ・クライ,アリアナ・グランデ,https://www.billboard-japan.com/charts/detail?a=stsongs&year=2018&month=08&day=13
2018,stsongs,2018-08-08,59,不協和音,欅坂46,https://www.billboard-japan.com/charts/detail?a=stsongs&year=2018&month=08&day=13
2018,stsongs,2018-08-08,60,F.L.Y. BOYS F.L.Y. GIRLS,GENERATIONS from EXILE TRIBE,https://www.billboard-japan.com/charts/detail?a=stsongs&year=2018&month=08&day=13
2018,stsongs,2018-08-08,61,ホワット・ドゥ・ユー・ミーン?,ジャスティン・ビーバー,https://www.billboard-japan.com/charts/detail?a=stsongs&year=2018&month=08&day=13
2018,stsongs,2018-08-08,62,トリセツ,西野カナ,https://www.billboard-japan.com/charts/detail?a=stsongs&year=2018&month=08&day=13
2018,stsongs,2018-08-08,63,DNA,BTS (防弾少年団),https://www.billboard-japan.com/charts/detail?a=stsongs&year=2018&month=08&day=13
2018,stsongs,2018-08-08,64,空扉,乃木坂46,https://www.billboard-japan.com/charts/detail?a=stsongs&year=2018&month=08&day=13
2018,stsongs,2018-08-08,65,真夏の果実,サザンオールスターズ,https://www.billboard-japan.com/charts/detail?a=stsongs&year=2018&month=08&day=13
2018,stsongs,2018-08-08,66,Wake Me Up,TWICE,https://www.billboard-japan.com/charts/detail?a=stsongs&year=2018&month=08&day=13
2018,stsongs,2018-08-08,67,愛をこめて花束を,Superfly,https://www.billboard-japan.com/charts/detail?a=stsongs&year=2018&month=08&day=13
2018,stsongs,2018-08-08,68,EXCITE,三浦大知,https://www.billboard-japan.com/charts/detail?a=stsongs&year=2018&month=08&day=13
2018,stsongs,2018-08-08,69,満月の夜なら,あいみょん,https://www.billboard-japan.com/charts/detail?a=stsongs&year=2018&month=08&day=13
2018,stsongs,2018-08-08,70,ひまわりの約束,秦基博,https://www.billboard-japan.com/charts/detail?a=stsongs&year=2018&month=08&day=13
2018,stsongs,2018-08-08,71,2002,アン・マリー,https://www.billboard-japan.com/charts/detail?a=stsongs&year=2018&month=08&day=13
2018,stsongs,2018-08-08,72,Hero,安室奈美恵,https://www.billboard-japan.com/charts/detail?a=stsongs&year=2018&month=08&day=13
2018,stsongs,2018-08-08,73,夏の思い出,ケツメイシ,https://www.billboard-japan.com/charts/detail?a=stsongs&year=2018&month=08&day=13
2018,stsongs,2018-08-08,74,明日も,SHISHAMO,https://www.billboard-japan.com/charts/detail?a=stsongs&year=2018&month=08&day=13
2018,stsongs,2018-08-08,75,壮年JUMP,サザンオールスターズ,https://www.billboard-japan.com/charts/detail?a=stsongs&year=2018&month=08&day=13
2018,stsongs,2018-08-08,76,Candy Pop,TWICE,https://www.billboard-japan.com/charts/detail?a=stsongs&year=2018&month=08&day=13
2018,stsongs,2018-08-08,77,キセキ,GReeeeN,https://www.billboard-japan.com/charts/detail?a=stsongs&year=2018&month=08&day=13
2018,stsongs,2018-08-08,78,himawari,Mr.Children,https://www.billboard-japan.com/charts/detail?a=stsongs&year=2018&month=08&day=13
2018,stsongs,2018-08-08,79,The Beginning,ONE OK ROCK,https://www.billboard-japan.com/charts/detail?a=stsongs&year=2018&month=08&day=13
2018,stsongs,2018-08-08,80,ブレイク・フリー feat.ゼッド,アリアナ・グランデ,https://www.billboard-japan.com/charts/detail?a=stsongs&year=2018&month=08&day=13
2018,stsongs,2018-08-08,81,サイド・エフェクツ feat.エミリー・ウォーレン,チェインスモーカーズ,https://www.billboard-japan.com/charts/detail?a=stsongs&year=2018&month=08&day=13
2018,stsongs,2018-08-08,82,R.Y.U.S.E.I.,三代目 J Soul Brothers from EXILE TRIBE,https://www.billboard-japan.com/charts/detail?a=stsongs&year=2018&month=08&day=13
2018,stsongs,2018-08-08,83,イノセント・ワールド,Mr.Children,https://www.billboard-japan.com/charts/detail?a=stsongs&year=2018&month=08&day=13
2018,stsongs,2018-08-08,84,ハバナ feat.ヤング・サグ,カミラ・カベロ,https://www.billboard-japan.com/charts/detail?a=stsongs&year=2018&month=08&day=13
2018,stsongs,2018-08-08,85,完全感覚Dreamer,ONE OK ROCK,https://www.billboard-japan.com/charts/detail?a=stsongs&year=2018&month=08&day=13
2018,stsongs,2018-08-08,86,貴方解剖純愛歌〜死ね〜,あいみょん,https://www.billboard-japan.com/charts/detail?a=stsongs&year=2018&month=08&day=13
2018,stsongs,2018-08-08,87,Don't Leave Me,BTS (防弾少年団),https://www.billboard-japan.com/charts/detail?a=stsongs&year=2018&month=08&day=13
2018,stsongs,2018-08-08,88,LIKEY,TWICE,https://www.billboard-japan.com/charts/detail?a=stsongs&year=2018&month=08&day=13
2018,stsongs,2018-08-08,89,超ヤバい,t-Ace,https://www.billboard-japan.com/charts/detail?a=stsongs&year=2018&month=08&day=13
2018,stsongs,2018-08-08,90,ガールズ・ライク・ユー feat.カーディ・B,マルーン5,https://www.billboard-japan.com/charts/detail?a=stsongs&year=2018&month=08&day=13
2018,stsongs,2018-08-08,91,ザ・ナイツ,アヴィーチー,https://www.billboard-japan.com/charts/detail?a=stsongs&year=2018&month=08&day=13
2018,stsongs,2018-08-08,92,I LOVE YOU,クリス・ハート,https://www.billboard-japan.com/charts/detail?a=stsongs&year=2018&month=08&day=13
2018,stsongs,2018-08-08,93,"Good Vibes Only feat.JP THE WAVY,EXILE SHOKICHI",SALU,https://www.billboard-japan.com/charts/detail?a=stsongs&year=2018&month=08&day=13
2018,stsongs,2018-08-08,94,Mosquito Bite,[ALEXANDROS],https://www.billboard-japan.com/charts/detail?a=stsongs&year=2018&month=08&day=13
2018,stsongs,2018-08-08,95,ゴッド・イズ・ア・ウーマン,アリアナ・グランデ,https://www.billboard-japan.com/charts/detail?a=stsongs&year=2018&month=08&day=13
2018,stsongs,2018-08-08,96,ウェイティング・フォー・ラヴ,アヴィーチー,https://www.billboard-japan.com/charts/detail?a=stsongs&year=2018&month=08&day=13
2018,stsongs,2018-08-08,97,Heart Shaker,TWICE,https://www.billboard-japan.com/charts/detail?a=stsongs&year=2018&month=08&day=13
2018,stsongs,2018-08-08,98,花束を君に,宇多田ヒカル,https://www.billboard-japan.com/charts/detail?a=stsongs&year=2018&month=08&day=13
2018,stsongs,2018-08-08,99,P.S.等身大のラブソング,當山みれい,https://www.billboard-japan.com/charts/detail?a=stsongs&year=2018&month=08&day=13
2018,stsongs,2018-08-08,100,366日,HY,https://www.billboard-japan.com/charts/detail?a=stsongs&year=2018&month=08&day=13
2018,stsongs,2018-08-15,1,U.S.A.,DA PUMP,https://www.billboard-japan.com/charts/detail?a=stsongs&year=2018&month=08&day=20
2018,stsongs,2018-08-15,2,打上花火,DAOKO × 米津玄師,https://www.billboard-japan.com/charts/detail?a=stsongs&year=2018&month=08&day=20
2018,stsongs,2018-08-15,3,HANABI,Mr.Children,https://www.billboard-japan.com/charts/detail?a=stsongs&year=2018&month=08&day=20
2018,stsongs,2018-08-15,4,青と夏,Mrs.GREEN APPLE,https://www.billboard-japan.com/charts/detail?a=stsongs&year=2018&month=08&day=20
2018,stsongs,2018-08-15,5,I WANT YOU BACK,TWICE,https://www.billboard-japan.com/charts/detail?a=stsongs&year=2018&month=08&day=20
2018,stsongs,2018-08-15,6,ジコチューで行こう!,乃木坂46,https://www.billboard-japan.com/charts/detail?a=stsongs&year=2018&month=08&day=20
2018,stsongs,2018-08-15,7,シェイプ・オブ・ユー,エド・シーラン,https://www.billboard-japan.com/charts/detail?a=stsongs&year=2018&month=08&day=20
2018,stsongs,2018-08-15,8,マリーゴールド,あいみょん,https://www.billboard-japan.com/charts/detail?a=stsongs&year=2018&month=08&day=20
2018,stsongs,2018-08-15,9,Dance The Night Away,TWICE,https://www.billboard-japan.com/charts/detail?a=stsongs&year=2018&month=08&day=20
2018,stsongs,2018-08-15,10,Relax & Chill,Nissy(西島隆弘),https://www.billboard-japan.com/charts/detail?a=stsongs&year=2018&month=08&day=20
2018,stsongs,2018-08-15,11,世界はあなたに笑いかけている,Little Glee Monster,https://www.billboard-japan.com/charts/detail?a=stsongs&year=2018&month=08&day=20
2018,stsongs,2018-08-15,12,愛を伝えたいだとか,あいみょん,https://www.billboard-japan.com/charts/detail?a=stsongs&year=2018&month=08&day=20
2018,stsongs,2018-08-15,13,君はロックを聴かない,あいみょん,https://www.billboard-japan.com/charts/detail?a=stsongs&year=2018&month=08&day=20
2018,stsongs,2018-08-15,14,"ノー・ブレイナー feat.ジャスティン・ビーバー,チャンス・ザ・ラッパー & クエヴォ",DJキャレド,https://www.billboard-japan.com/charts/detail?a=stsongs&year=2018&month=08&day=20
2018,stsongs,2018-08-15,15,ロングホープ・フィリア,菅田将暉,https://www.billboard-japan.com/charts/detail?a=stsongs&year=2018&month=08&day=20
2018,stsongs,2018-08-15,16,さよならエレジー,菅田将暉,https://www.billboard-japan.com/charts/detail?a=stsongs&year=2018&month=08&day=20
2018,stsongs,2018-08-15,17,DDU-DU DDU-DU,BLACKPINK,https://www.billboard-japan.com/charts/detail?a=stsongs&year=2018&month=08&day=20
2018,stsongs,2018-08-15,18,What is Love?,TWICE,https://www.billboard-japan.com/charts/detail?a=stsongs&year=2018&month=08&day=20
2018,stsongs,2018-08-15,19,Wherever you are,ONE OK ROCK,https://www.billboard-japan.com/charts/detail?a=stsongs&year=2018&month=08&day=20
2018,stsongs,2018-08-15,20,Change,ONE OK ROCK,https://www.billboard-japan.com/charts/detail?a=stsongs&year=2018&month=08&day=20
2018,stsongs,2018-08-15,21,Tomorrow,AAA,https://www.billboard-japan.com/charts/detail?a=stsongs&year=2018&month=08&day=20
2018,stsongs,2018-08-15,22,ガラスを割れ!,欅坂46,https://www.billboard-japan.com/charts/detail?a=stsongs&year=2018&month=08&day=20
2018,stsongs,2018-08-15,23,TT,TWICE,https://www.billboard-japan.com/charts/detail?a=stsongs&year=2018&month=08&day=20
2018,stsongs,2018-08-15,24,ライズ feat.ジャック & ジャック,ジョナス・ブルー,https://www.billboard-japan.com/charts/detail?a=stsongs&year=2018&month=08&day=20
2018,stsongs,2018-08-15,25,輝きだして走ってく,サンボマスター,https://www.billboard-japan.com/charts/detail?a=stsongs&year=2018&month=08&day=20
2018,stsongs,2018-08-15,26,Heads or Tails,EXILE,https://www.billboard-japan.com/charts/detail?a=stsongs&year=2018&month=08&day=20
2018,stsongs,2018-08-15,27,小さな恋のうた,MONGOL800,https://www.billboard-japan.com/charts/detail?a=stsongs&year=2018&month=08&day=20
2018,stsongs,2018-08-15,28,イン・マイ・フィーリングズ,ドレイク,https://www.billboard-japan.com/charts/detail?a=stsongs&year=2018&month=08&day=20
2018,stsongs,2018-08-15,29,奏(かなで),スキマスイッチ,https://www.billboard-japan.com/charts/detail?a=stsongs&year=2018&month=08&day=20
2018,stsongs,2018-08-15,30,Slow & Easy,平井大,https://www.billboard-japan.com/charts/detail?a=stsongs&year=2018&month=08&day=20
2018,stsongs,2018-08-15,31,My Boo,清水翔太,https://www.billboard-japan.com/charts/detail?a=stsongs&year=2018&month=08&day=20
2018,stsongs,2018-08-15,32,FAKE LOVE,BTS (防弾少年団),https://www.billboard-japan.com/charts/detail?a=stsongs&year=2018&month=08&day=20
2018,stsongs,2018-08-15,33,シンクロニシティ,乃木坂46,https://www.billboard-japan.com/charts/detail?a=stsongs&year=2018&month=08&day=20
2018,stsongs,2018-08-15,34,DEJAVU,AAA,https://www.billboard-japan.com/charts/detail?a=stsongs&year=2018&month=08&day=20
2018,stsongs,2018-08-15,35,ノーダウト,Official髭男dism,https://www.billboard-japan.com/charts/detail?a=stsongs&year=2018&month=08&day=20
2018,stsongs,2018-08-15,36,点描の唄 feat.井上苑子,Mrs.GREEN APPLE,https://www.billboard-japan.com/charts/detail?a=stsongs&year=2018&month=08&day=20
2018,stsongs,2018-08-15,37,空扉,乃木坂46,https://www.billboard-japan.com/charts/detail?a=stsongs&year=2018&month=08&day=20
2018,stsongs,2018-08-15,38,if...,DA PUMP,https://www.billboard-japan.com/charts/detail?a=stsongs&year=2018&month=08&day=20
2018,stsongs,2018-08-15,39,サイレントマジョリティー,欅坂46,https://www.billboard-japan.com/charts/detail?a=stsongs&year=2018&month=08&day=20
2018,stsongs,2018-08-15,40,RAIN,SEKAI NO OWARI,https://www.billboard-japan.com/charts/detail?a=stsongs&year=2018&month=08&day=20
2018,stsongs,2018-08-15,41,闘う戦士たちへ愛を込めて,サザンオールスターズ,https://www.billboard-japan.com/charts/detail?a=stsongs&year=2018&month=08&day=20
2018,stsongs,2018-08-15,42,Hikari,androp,https://www.billboard-japan.com/charts/detail?a=stsongs&year=2018&month=08&day=20
2018,stsongs,2018-08-15,43,ソロ feat.デミ・ロヴァート,クリーン・バンディット,https://www.billboard-japan.com/charts/detail?a=stsongs&year=2018&month=08&day=20
2018,stsongs,2018-08-15,44,ザ・ミドル,"ゼッド,マレン・モリス,グレイ",https://www.billboard-japan.com/charts/detail?a=stsongs&year=2018&month=08&day=20
2018,stsongs,2018-08-15,45,WanteD! WanteD!,Mrs.GREEN APPLE,https://www.billboard-japan.com/charts/detail?a=stsongs&year=2018&month=08&day=20
2018,stsongs,2018-08-15,46,ドラマ,C & K,https://www.billboard-japan.com/charts/detail?a=stsongs&year=2018&month=08&day=20
2018,stsongs,2018-08-15,47,壮年JUMP,サザンオールスターズ,https://www.billboard-japan.com/charts/detail?a=stsongs&year=2018&month=08&day=20
2018,stsongs,2018-08-15,48,Baam,MOMOLAND,https://www.billboard-japan.com/charts/detail?a=stsongs&year=2018&month=08&day=20
2018,stsongs,2018-08-15,49,アイラブユー,西野カナ,https://www.billboard-japan.com/charts/detail?a=stsongs&year=2018&month=08&day=20
2018,stsongs,2018-08-15,50,シンフォニー feat.ザラ・ラーソン,クリーン・バンディット,https://www.billboard-japan.com/charts/detail?a=stsongs&year=2018&month=08&day=20
2018,stsongs,2018-08-15,51,ワタリドリ,[ALEXANDROS],https://www.billboard-japan.com/charts/detail?a=stsongs&year=2018&month=08&day=20
2018,stsongs,2018-08-15,52,クローサー feat.ホールジー,チェインスモーカーズ,https://www.billboard-japan.com/charts/detail?a=stsongs&year=2018&month=08&day=20
2018,stsongs,2018-08-15,53,ステイ,ゼッド & アレッシア・カーラ,https://www.billboard-japan.com/charts/detail?a=stsongs&year=2018&month=08&day=20
2018,stsongs,2018-08-15,54,満月の夜なら,あいみょん,https://www.billboard-japan.com/charts/detail?a=stsongs&year=2018&month=08&day=20
2018,stsongs,2018-08-15,55,もし君を許せたら,家入レオ,https://www.billboard-japan.com/charts/detail?a=stsongs&year=2018&month=08&day=20
2018,stsongs,2018-08-15,56,貴方解剖純愛歌〜死ね〜,あいみょん,https://www.billboard-japan.com/charts/detail?a=stsongs&year=2018&month=08&day=20
2018,stsongs,2018-08-15,57,恋音と雨空,AAA,https://www.billboard-japan.com/charts/detail?a=stsongs&year=2018&month=08&day=20
2018,stsongs,2018-08-15,58,ホワット・ドゥ・ユー・ミーン?,ジャスティン・ビーバー,https://www.billboard-japan.com/charts/detail?a=stsongs&year=2018&month=08&day=20
2018,stsongs,2018-08-15,59,真夏の果実,サザンオールスターズ,https://www.billboard-japan.com/charts/detail?a=stsongs&year=2018&month=08&day=20
2018,stsongs,2018-08-15,60,Wake Me Up,TWICE,https://www.billboard-japan.com/charts/detail?a=stsongs&year=2018&month=08&day=20
2018,stsongs,2018-08-15,61,BBoom BBoom,MOMOLAND,https://www.billboard-japan.com/charts/detail?a=stsongs&year=2018&month=08&day=20
2018,stsongs,2018-08-15,62,2002,アン・マリー,https://www.billboard-japan.com/charts/detail?a=stsongs&year=2018&month=08&day=20
2018,stsongs,2018-08-15,63,できっこないを やらなくちゃ,サンボマスター,https://www.billboard-japan.com/charts/detail?a=stsongs&year=2018&month=08&day=20
2018,stsongs,2018-08-15,64,ハバナ feat.ヤング・サグ,カミラ・カベロ,https://www.billboard-japan.com/charts/detail?a=stsongs&year=2018&month=08&day=20
2018,stsongs,2018-08-15,65,ディス・イズ・ミー,キアラ・セトル & ザ・グレイテスト・ショーマン・アンサンブル,https://www.billboard-japan.com/charts/detail?a=stsongs&year=2018&month=08&day=20
2018,stsongs,2018-08-15,66,トリセツ,西野カナ,https://www.billboard-japan.com/charts/detail?a=stsongs&year=2018&month=08&day=20
2018,stsongs,2018-08-15,67,ガールズ・ライク・ユー feat.カーディ・B,マルーン5,https://www.billboard-japan.com/charts/detail?a=stsongs&year=2018&month=08&day=20
2018,stsongs,2018-08-15,68,インフルエンサー,乃木坂46,https://www.billboard-japan.com/charts/detail?a=stsongs&year=2018&month=08&day=20
2018,stsongs,2018-08-15,69,ノー・ティアーズ・レフト・トゥ・クライ,アリアナ・グランデ,https://www.billboard-japan.com/charts/detail?a=stsongs&year=2018&month=08&day=20
2018,stsongs,2018-08-15,70,DNA,BTS (防弾少年団),https://www.billboard-japan.com/charts/detail?a=stsongs&year=2018&month=08&day=20
2018,stsongs,2018-08-15,71,EXCITE,三浦大知,https://www.billboard-japan.com/charts/detail?a=stsongs&year=2018&month=08&day=20
2018,stsongs,2018-08-15,72,不協和音,欅坂46,https://www.billboard-japan.com/charts/detail?a=stsongs&year=2018&month=08&day=20
2018,stsongs,2018-08-15,73,愛をこめて花束を,Superfly,https://www.billboard-japan.com/charts/detail?a=stsongs&year=2018&month=08&day=20
2018,stsongs,2018-08-15,74,新宝島,サカナクション,https://www.billboard-japan.com/charts/detail?a=stsongs&year=2018&month=08&day=20
2018,stsongs,2018-08-15,75,R.Y.U.S.E.I.,三代目 J Soul Brothers from EXILE TRIBE,https://www.billboard-japan.com/charts/detail?a=stsongs&year=2018&month=08&day=20
2018,stsongs,2018-08-15,76,LOVE AFFAIR〜秘密のデート〜,サザンオールスターズ,https://www.billboard-japan.com/charts/detail?a=stsongs&year=2018&month=08&day=20
2018,stsongs,2018-08-15,77,ひまわりの約束,秦基博,https://www.billboard-japan.com/charts/detail?a=stsongs&year=2018&month=08&day=20
2018,stsongs,2018-08-15,78,キセキ,GReeeeN,https://www.billboard-japan.com/charts/detail?a=stsongs&year=2018&month=08&day=20
2018,stsongs,2018-08-15,79,恋と愛,三代目 J Soul Brothers from EXILE TRIBE,https://www.billboard-japan.com/charts/detail?a=stsongs&year=2018&month=08&day=20
2018,stsongs,2018-08-15,80,Candy Pop,TWICE,https://www.billboard-japan.com/charts/detail?a=stsongs&year=2018&month=08&day=20
2018,stsongs,2018-08-15,81,ハッピー・ナウ,ゼッド & エリー・ドゥエ,https://www.billboard-japan.com/charts/detail?a=stsongs&year=2018&month=08&day=20
2018,stsongs,2018-08-15,82,F.L.Y. BOYS F.L.Y. GIRLS,GENERATIONS from EXILE TRIBE,https://www.billboard-japan.com/charts/detail?a=stsongs&year=2018&month=08&day=20
2018,stsongs,2018-08-15,83,TSUNAMI,サザンオールスターズ,https://www.billboard-japan.com/charts/detail?a=stsongs&year=2018&month=08&day=20
2018,stsongs,2018-08-15,84,明日も,SHISHAMO,https://www.billboard-japan.com/charts/detail?a=stsongs&year=2018&month=08&day=20
2018,stsongs,2018-08-15,85,東京VICTORY,サザンオールスターズ,https://www.billboard-japan.com/charts/detail?a=stsongs&year=2018&month=08&day=20
2018,stsongs,2018-08-15,86,夏の思い出,ケツメイシ,https://www.billboard-japan.com/charts/detail?a=stsongs&year=2018&month=08&day=20
2018,stsongs,2018-08-15,87,The Beginning,ONE OK ROCK,https://www.billboard-japan.com/charts/detail?a=stsongs&year=2018&month=08&day=20
2018,stsongs,2018-08-15,88,Power Up,Red Velvet,https://www.billboard-japan.com/charts/detail?a=stsongs&year=2018&month=08&day=20
2018,stsongs,2018-08-15,89,ゴッド・イズ・ア・ウーマン,アリアナ・グランデ,https://www.billboard-japan.com/charts/detail?a=stsongs&year=2018&month=08&day=20
2018,stsongs,2018-08-15,90,himawari,Mr.Children,https://www.billboard-japan.com/charts/detail?a=stsongs&year=2018&month=08&day=20
2018,stsongs,2018-08-15,91,Hero,安室奈美恵,https://www.billboard-japan.com/charts/detail?a=stsongs&year=2018&month=08&day=20
2018,stsongs,2018-08-15,92,完全感覚Dreamer,ONE OK ROCK,https://www.billboard-japan.com/charts/detail?a=stsongs&year=2018&month=08&day=20
2018,stsongs,2018-08-15,93,I LOVE YOU,クリス・ハート,https://www.billboard-japan.com/charts/detail?a=stsongs&year=2018&month=08&day=20
2018,stsongs,2018-08-15,94,LIKEY,TWICE,https://www.billboard-japan.com/charts/detail?a=stsongs&year=2018&month=08&day=20
2018,stsongs,2018-08-15,95,超ヤバい,t-Ace,https://www.billboard-japan.com/charts/detail?a=stsongs&year=2018&month=08&day=20
2018,stsongs,2018-08-15,96,Heart Shaker,TWICE,https://www.billboard-japan.com/charts/detail?a=stsongs&year=2018&month=08&day=20
2018,stsongs,2018-08-15,97,KILLING ME,iKON,https://www.billboard-japan.com/charts/detail?a=stsongs&year=2018&month=08&day=20
2018,stsongs,2018-08-15,98,イノセント・ワールド,Mr.Children,https://www.billboard-japan.com/charts/detail?a=stsongs&year=2018&month=08&day=20
2018,stsongs,2018-08-15,99,Don't Leave Me,BTS (防弾少年団),https://www.billboard-japan.com/charts/detail?a=stsongs&year=2018&month=08&day=20
2018,stsongs,2018-08-15,100,甘えちゃってSorry,AYA a.k.a. PANDA,https://www.billboard-japan.com/charts/detail?a=stsongs&year=2018&month=08&day=20
2018,stsongs,2018-08-22,1,U.S.A.,DA PUMP,https://www.billboard-japan.com/charts/detail?a=stsongs&year=2018&month=08&day=27
2018,stsongs,2018-08-22,2,打上花火,DAOKO × 米津玄師,https://www.billboard-japan.com/charts/detail?a=stsongs&year=2018&month=08&day=27
2018,stsongs,2018-08-22,3,HANABI,Mr.Children,https://www.billboard-japan.com/charts/detail?a=stsongs&year=2018&month=08&day=27
2018,stsongs,2018-08-22,4,マリーゴールド,あいみょん,https://www.billboard-japan.com/charts/detail?a=stsongs&year=2018&month=08&day=27
2018,stsongs,2018-08-22,5,アンビバレント,欅坂46,https://www.billboard-japan.com/charts/detail?a=stsongs&year=2018&month=08&day=27
2018,stsongs,2018-08-22,6,青と夏,Mrs.GREEN APPLE,https://www.billboard-japan.com/charts/detail?a=stsongs&year=2018&month=08&day=27
2018,stsongs,2018-08-22,7,シェイプ・オブ・ユー,エド・シーラン,https://www.billboard-japan.com/charts/detail?a=stsongs&year=2018&month=08&day=27
2018,stsongs,2018-08-22,8,I WANT YOU BACK,TWICE,https://www.billboard-japan.com/charts/detail?a=stsongs&year=2018&month=08&day=27
2018,stsongs,2018-08-22,9,Dance The Night Away,TWICE,https://www.billboard-japan.com/charts/detail?a=stsongs&year=2018&month=08&day=27
2018,stsongs,2018-08-22,10,君はロックを聴かない,あいみょん,https://www.billboard-japan.com/charts/detail?a=stsongs&year=2018&month=08&day=27
2018,stsongs,2018-08-22,11,ジコチューで行こう!,乃木坂46,https://www.billboard-japan.com/charts/detail?a=stsongs&year=2018&month=08&day=27
2018,stsongs,2018-08-22,12,世界はあなたに笑いかけている,Little Glee Monster,https://www.billboard-japan.com/charts/detail?a=stsongs&year=2018&month=08&day=27
2018,stsongs,2018-08-22,13,愛を伝えたいだとか,あいみょん,https://www.billboard-japan.com/charts/detail?a=stsongs&year=2018&month=08&day=27
2018,stsongs,2018-08-22,14,さよならエレジー,菅田将暉,https://www.billboard-japan.com/charts/detail?a=stsongs&year=2018&month=08&day=27
2018,stsongs,2018-08-22,15,ロングホープ・フィリア,菅田将暉,https://www.billboard-japan.com/charts/detail?a=stsongs&year=2018&month=08&day=27
2018,stsongs,2018-08-22,16,"ノー・ブレイナー feat.ジャスティン・ビーバー,チャンス・ザ・ラッパー & クエヴォ",DJキャレド,https://www.billboard-japan.com/charts/detail?a=stsongs&year=2018&month=08&day=27
2018,stsongs,2018-08-22,17,Wherever you are,ONE OK ROCK,https://www.billboard-japan.com/charts/detail?a=stsongs&year=2018&month=08&day=27
2018,stsongs,2018-08-22,18,What is Love?,TWICE,https://www.billboard-japan.com/charts/detail?a=stsongs&year=2018&month=08&day=27
2018,stsongs,2018-08-22,19,DDU-DU DDU-DU,BLACKPINK,https://www.billboard-japan.com/charts/detail?a=stsongs&year=2018&month=08&day=27
2018,stsongs,2018-08-22,20,Change,ONE OK ROCK,https://www.billboard-japan.com/charts/detail?a=stsongs&year=2018&month=08&day=27
2018,stsongs,2018-08-22,21,輝きだして走ってく,サンボマスター,https://www.billboard-japan.com/charts/detail?a=stsongs&year=2018&month=08&day=27
2018,stsongs,2018-08-22,22,ガラスを割れ!,欅坂46,https://www.billboard-japan.com/charts/detail?a=stsongs&year=2018&month=08&day=27
2018,stsongs,2018-08-22,23,TT,TWICE,https://www.billboard-japan.com/charts/detail?a=stsongs&year=2018&month=08&day=27
2018,stsongs,2018-08-22,24,BDZ,TWICE,https://www.billboard-japan.com/charts/detail?a=stsongs&year=2018&month=08&day=27
2018,stsongs,2018-08-22,25,Relax & Chill,Nissy(西島隆弘),https://www.billboard-japan.com/charts/detail?a=stsongs&year=2018&month=08&day=27
2018,stsongs,2018-08-22,26,ライズ feat.ジャック & ジャック,ジョナス・ブルー,https://www.billboard-japan.com/charts/detail?a=stsongs&year=2018&month=08&day=27
2018,stsongs,2018-08-22,27,小さな恋のうた,MONGOL800,https://www.billboard-japan.com/charts/detail?a=stsongs&year=2018&month=08&day=27
2018,stsongs,2018-08-22,28,もし君を許せたら,家入レオ,https://www.billboard-japan.com/charts/detail?a=stsongs&year=2018&month=08&day=27
2018,stsongs,2018-08-22,29,ノー・ティアーズ・レフト・トゥ・クライ,アリアナ・グランデ,https://www.billboard-japan.com/charts/detail?a=stsongs&year=2018&month=08&day=27
2018,stsongs,2018-08-22,30,奏(かなで),スキマスイッチ,https://www.billboard-japan.com/charts/detail?a=stsongs&year=2018&month=08&day=27
2018,stsongs,2018-08-22,31,Tomorrow,AAA,https://www.billboard-japan.com/charts/detail?a=stsongs&year=2018&month=08&day=27
2018,stsongs,2018-08-22,32,Slow & Easy,平井大,https://www.billboard-japan.com/charts/detail?a=stsongs&year=2018&month=08&day=27
2018,stsongs,2018-08-22,32,Hikari,androp,https://www.billboard-japan.com/charts/detail?a=stsongs&year=2018&month=08&day=27
2018,stsongs,2018-08-22,34,My Boo,清水翔太,https://www.billboard-japan.com/charts/detail?a=stsongs&year=2018&month=08&day=27
2018,stsongs,2018-08-22,35,ドラマ,C & K,https://www.billboard-japan.com/charts/detail?a=stsongs&year=2018&month=08&day=27
2018,stsongs,2018-08-22,36,サイレントマジョリティー,欅坂46,https://www.billboard-japan.com/charts/detail?a=stsongs&year=2018&month=08&day=27
2018,stsongs,2018-08-22,37,イン・マイ・フィーリングズ,ドレイク,https://www.billboard-japan.com/charts/detail?a=stsongs&year=2018&month=08&day=27
2018,stsongs,2018-08-22,38,FAKE LOVE,BTS (防弾少年団),https://www.billboard-japan.com/charts/detail?a=stsongs&year=2018&month=08&day=27
2018,stsongs,2018-08-22,39,ザ・ミドル,"ゼッド,マレン・モリス,グレイ",https://www.billboard-japan.com/charts/detail?a=stsongs&year=2018&month=08&day=27
2018,stsongs,2018-08-22,40,ノーダウト,Official髭男dism,https://www.billboard-japan.com/charts/detail?a=stsongs&year=2018&month=08&day=27
2018,stsongs,2018-08-22,41,WanteD! WanteD!,Mrs.GREEN APPLE,https://www.billboard-japan.com/charts/detail?a=stsongs&year=2018&month=08&day=27
2018,stsongs,2018-08-22,42,シンクロニシティ,乃木坂46,https://www.billboard-japan.com/charts/detail?a=stsongs&year=2018&month=08&day=27
2018,stsongs,2018-08-22,43,ソロ feat.デミ・ロヴァート,クリーン・バンディット,https://www.billboard-japan.com/charts/detail?a=stsongs&year=2018&month=08&day=27
2018,stsongs,2018-08-22,44,RAIN,SEKAI NO OWARI,https://www.billboard-japan.com/charts/detail?a=stsongs&year=2018&month=08&day=27
2018,stsongs,2018-08-22,45,シンフォニー feat.ザラ・ラーソン,クリーン・バンディット,https://www.billboard-japan.com/charts/detail?a=stsongs&year=2018&month=08&day=27
2018,stsongs,2018-08-22,46,ワタリドリ,[ALEXANDROS],https://www.billboard-japan.com/charts/detail?a=stsongs&year=2018&month=08&day=27
2018,stsongs,2018-08-22,47,Heads or Tails,EXILE,https://www.billboard-japan.com/charts/detail?a=stsongs&year=2018&month=08&day=27
2018,stsongs,2018-08-22,48,ステイ,ゼッド & アレッシア・カーラ,https://www.billboard-japan.com/charts/detail?a=stsongs&year=2018&month=08&day=27
2018,stsongs,2018-08-22,49,貴方解剖純愛歌〜死ね〜,あいみょん,https://www.billboard-japan.com/charts/detail?a=stsongs&year=2018&month=08&day=27
2018,stsongs,2018-08-22,50,クローサー feat.ホールジー,チェインスモーカーズ,https://www.billboard-japan.com/charts/detail?a=stsongs&year=2018&month=08&day=27
2018,stsongs,2018-08-22,51,恋音と雨空,AAA,https://www.billboard-japan.com/charts/detail?a=stsongs&year=2018&month=08&day=27
2018,stsongs,2018-08-22,52,アイラブユー,西野カナ,https://www.billboard-japan.com/charts/detail?a=stsongs&year=2018&month=08&day=27
2018,stsongs,2018-08-22,53,DEJAVU,AAA,https://www.billboard-japan.com/charts/detail?a=stsongs&year=2018&month=08&day=27
2018,stsongs,2018-08-22,54,壮年JUMP,サザンオールスターズ,https://www.billboard-japan.com/charts/detail?a=stsongs&year=2018&month=08&day=27
2018,stsongs,2018-08-22,55,ゴッド・イズ・ア・ウーマン,アリアナ・グランデ,https://www.billboard-japan.com/charts/detail?a=stsongs&year=2018&month=08&day=27
2018,stsongs,2018-08-22,56,Baam,MOMOLAND,https://www.billboard-japan.com/charts/detail?a=stsongs&year=2018&month=08&day=27
2018,stsongs,2018-08-22,57,ホワット・ドゥ・ユー・ミーン?,ジャスティン・ビーバー,https://www.billboard-japan.com/charts/detail?a=stsongs&year=2018&month=08&day=27
2018,stsongs,2018-08-22,58,if...,DA PUMP,https://www.billboard-japan.com/charts/detail?a=stsongs&year=2018&month=08&day=27
2018,stsongs,2018-08-22,59,闘う戦士たちへ愛を込めて,サザンオールスターズ,https://www.billboard-japan.com/charts/detail?a=stsongs&year=2018&month=08&day=27
2018,stsongs,2018-08-22,60,満月の夜なら,あいみょん,https://www.billboard-japan.com/charts/detail?a=stsongs&year=2018&month=08&day=27
2018,stsongs,2018-08-22,61,ハバナ feat.ヤング・サグ,カミラ・カベロ,https://www.billboard-japan.com/charts/detail?a=stsongs&year=2018&month=08&day=27
2018,stsongs,2018-08-22,62,真夏の果実,サザンオールスターズ,https://www.billboard-japan.com/charts/detail?a=stsongs&year=2018&month=08&day=27
2018,stsongs,2018-08-22,63,Wake Me Up,TWICE,https://www.billboard-japan.com/charts/detail?a=stsongs&year=2018&month=08&day=27
2018,stsongs,2018-08-22,64,愛をこめて花束を,Superfly,https://www.billboard-japan.com/charts/detail?a=stsongs&year=2018&month=08&day=27
2018,stsongs,2018-08-22,65,BBoom BBoom,MOMOLAND,https://www.billboard-japan.com/charts/detail?a=stsongs&year=2018&month=08&day=27
2018,stsongs,2018-08-22,66,点描の唄 feat.井上苑子,Mrs.GREEN APPLE,https://www.billboard-japan.com/charts/detail?a=stsongs&year=2018&month=08&day=27
2018,stsongs,2018-08-22,67,トリセツ,西野カナ,https://www.billboard-japan.com/charts/detail?a=stsongs&year=2018&month=08&day=27
2018,stsongs,2018-08-22,68,ディス・イズ・ミー,キアラ・セトル & ザ・グレイテスト・ショーマン・アンサンブル,https://www.billboard-japan.com/charts/detail?a=stsongs&year=2018&month=08&day=27
2018,stsongs,2018-08-22,69,ブレイク・フリー feat.ゼッド,アリアナ・グランデ,https://www.billboard-japan.com/charts/detail?a=stsongs&year=2018&month=08&day=27
2018,stsongs,2018-08-22,70,ひまわりの約束,秦基博,https://www.billboard-japan.com/charts/detail?a=stsongs&year=2018&month=08&day=27
2018,stsongs,2018-08-22,71,EXCITE,三浦大知,https://www.billboard-japan.com/charts/detail?a=stsongs&year=2018&month=08&day=27
2018,stsongs,2018-08-22,72,Candy Pop,TWICE,https://www.billboard-japan.com/charts/detail?a=stsongs&year=2018&month=08&day=27
2018,stsongs,2018-08-22,73,DNA,BTS (防弾少年団),https://www.billboard-japan.com/charts/detail?a=stsongs&year=2018&month=08&day=27
2018,stsongs,2018-08-22,74,不協和音,欅坂46,https://www.billboard-japan.com/charts/detail?a=stsongs&year=2018&month=08&day=27
2018,stsongs,2018-08-22,75,キセキ,GReeeeN,https://www.billboard-japan.com/charts/detail?a=stsongs&year=2018&month=08&day=27
2018,stsongs,2018-08-22,76,ガールズ・ライク・ユー feat.カーディ・B,マルーン5,https://www.billboard-japan.com/charts/detail?a=stsongs&year=2018&month=08&day=27
2018,stsongs,2018-08-22,77,インフルエンサー,乃木坂46,https://www.billboard-japan.com/charts/detail?a=stsongs&year=2018&month=08&day=27
2018,stsongs,2018-08-22,78,ザ・ナイツ,アヴィーチー,https://www.billboard-japan.com/charts/detail?a=stsongs&year=2018&month=08&day=27
2018,stsongs,2018-08-22,79,明日も,SHISHAMO,https://www.billboard-japan.com/charts/detail?a=stsongs&year=2018&month=08&day=27
2018,stsongs,2018-08-22,80,新宝島,サカナクション,https://www.billboard-japan.com/charts/detail?a=stsongs&year=2018&month=08&day=27
2018,stsongs,2018-08-22,81,できっこないを やらなくちゃ,サンボマスター,https://www.billboard-japan.com/charts/detail?a=stsongs&year=2018&month=08&day=27
2018,stsongs,2018-08-22,82,himawari,Mr.Children,https://www.billboard-japan.com/charts/detail?a=stsongs&year=2018&month=08&day=27
2018,stsongs,2018-08-22,83,空扉,乃木坂46,https://www.billboard-japan.com/charts/detail?a=stsongs&year=2018&month=08&day=27
2018,stsongs,2018-08-22,84,The Beginning,ONE OK ROCK,https://www.billboard-japan.com/charts/detail?a=stsongs&year=2018&month=08&day=27
2018,stsongs,2018-08-22,85,ハッピー・ナウ,ゼッド & エリー・ドゥエ,https://www.billboard-japan.com/charts/detail?a=stsongs&year=2018&month=08&day=27
2018,stsongs,2018-08-22,86,LOVE AFFAIR〜秘密のデート〜,サザンオールスターズ,https://www.billboard-japan.com/charts/detail?a=stsongs&year=2018&month=08&day=27
2018,stsongs,2018-08-22,87,2002,アン・マリー,https://www.billboard-japan.com/charts/detail?a=stsongs&year=2018&month=08&day=27
2018,stsongs,2018-08-22,88,TSUNAMI,サザンオールスターズ,https://www.billboard-japan.com/charts/detail?a=stsongs&year=2018&month=08&day=27
2018,stsongs,2018-08-22,89,LIKEY,TWICE,https://www.billboard-japan.com/charts/detail?a=stsongs&year=2018&month=08&day=27
2018,stsongs,2018-08-22,90,シュガー,マルーン5,https://www.billboard-japan.com/charts/detail?a=stsongs&year=2018&month=08&day=27
2018,stsongs,2018-08-22,91,完全感覚Dreamer,ONE OK ROCK,https://www.billboard-japan.com/charts/detail?a=stsongs&year=2018&month=08&day=27
2018,stsongs,2018-08-22,92,R.Y.U.S.E.I.,三代目 J Soul Brothers from EXILE TRIBE,https://www.billboard-japan.com/charts/detail?a=stsongs&year=2018&month=08&day=27
2018,stsongs,2018-08-22,93,超ヤバい,t-Ace,https://www.billboard-japan.com/charts/detail?a=stsongs&year=2018&month=08&day=27
2018,stsongs,2018-08-22,94,シェイク・イット・オフ〜気にしてなんかいられないっ!!,テイラー・スウィフト,https://www.billboard-japan.com/charts/detail?a=stsongs&year=2018&month=08&day=27
2018,stsongs,2018-08-22,95,Tomorrow Never Knows,Mr.Children,https://www.billboard-japan.com/charts/detail?a=stsongs&year=2018&month=08&day=27
2018,stsongs,2018-08-22,96,シー・ユー・アゲイン,ウィズ・カリファ feat.チャーリー・プース,https://www.billboard-japan.com/charts/detail?a=stsongs&year=2018&month=08&day=27
2018,stsongs,2018-08-22,97,Heart Shaker,TWICE,https://www.billboard-japan.com/charts/detail?a=stsongs&year=2018&month=08&day=27
2018,stsongs,2018-08-22,97,FULL MOON,HIROOMI TOSAKA,https://www.billboard-japan.com/charts/detail?a=stsongs&year=2018&month=08&day=27
2018,stsongs,2018-08-22,99,恋と愛,三代目 J Soul Brothers from EXILE TRIBE,https://www.billboard-japan.com/charts/detail?a=stsongs&year=2018&month=08&day=27
2018,stsongs,2018-08-22,100,夏の思い出,ケツメイシ,https://www.billboard-japan.com/charts/detail?a=stsongs&year=2018&month=08&day=27
2018,stsongs,2018-08-29,1,U.S.A.,DA PUMP,https://www.billboard-japan.com/charts/detail?a=stsongs&year=2018&month=09&day=03
2018,stsongs,2018-08-29,2,マリーゴールド,あいみょん,https://www.billboard-japan.com/charts/detail?a=stsongs&year=2018&month=09&day=03
2018,stsongs,2018-08-29,3,アンビバレント,欅坂46,https://www.billboard-japan.com/charts/detail?a=stsongs&year=2018&month=09&day=03
2018,stsongs,2018-08-29,4,打上花火,DAOKO × 米津玄師,https://www.billboard-japan.com/charts/detail?a=stsongs&year=2018&month=09&day=03
2018,stsongs,2018-08-29,5,HANABI,Mr.Children,https://www.billboard-japan.com/charts/detail?a=stsongs&year=2018&month=09&day=03
2018,stsongs,2018-08-29,6,アイノカタチ feat.HIDE(GReeeeN),MISIA,https://www.billboard-japan.com/charts/detail?a=stsongs&year=2018&month=09&day=03
2018,stsongs,2018-08-29,7,アイデア,星野源,https://www.billboard-japan.com/charts/detail?a=stsongs&year=2018&month=09&day=03
2018,stsongs,2018-08-29,8,青と夏,Mrs.GREEN APPLE,https://www.billboard-japan.com/charts/detail?a=stsongs&year=2018&month=09&day=03
2018,stsongs,2018-08-29,9,BDZ,TWICE,https://www.billboard-japan.com/charts/detail?a=stsongs&year=2018&month=09&day=03
2018,stsongs,2018-08-29,10,シェイプ・オブ・ユー,エド・シーラン,https://www.billboard-japan.com/charts/detail?a=stsongs&year=2018&month=09&day=03
2018,stsongs,2018-08-29,11,I WANT YOU BACK,TWICE,https://www.billboard-japan.com/charts/detail?a=stsongs&year=2018&month=09&day=03
2018,stsongs,2018-08-29,12,君はロックを聴かない,あいみょん,https://www.billboard-japan.com/charts/detail?a=stsongs&year=2018&month=09&day=03
2018,stsongs,2018-08-29,13,愛を伝えたいだとか,あいみょん,https://www.billboard-japan.com/charts/detail?a=stsongs&year=2018&month=09&day=03
2018,stsongs,2018-08-29,14,Dance The Night Away,TWICE,https://www.billboard-japan.com/charts/detail?a=stsongs&year=2018&month=09&day=03
2018,stsongs,2018-08-29,15,Hikari,androp,https://www.billboard-japan.com/charts/detail?a=stsongs&year=2018&month=09&day=03
2018,stsongs,2018-08-29,16,DEJAVU,AAA,https://www.billboard-japan.com/charts/detail?a=stsongs&year=2018&month=09&day=03
2018,stsongs,2018-08-29,17,輝きだして走ってく,サンボマスター,https://www.billboard-japan.com/charts/detail?a=stsongs&year=2018&month=09&day=03
2018,stsongs,2018-08-29,18,世界はあなたに笑いかけている,Little Glee Monster,https://www.billboard-japan.com/charts/detail?a=stsongs&year=2018&month=09&day=03
2018,stsongs,2018-08-29,19,Tomorrow,AAA,https://www.billboard-japan.com/charts/detail?a=stsongs&year=2018&month=09&day=03
2018,stsongs,2018-08-29,20,ジコチューで行こう!,乃木坂46,https://www.billboard-japan.com/charts/detail?a=stsongs&year=2018&month=09&day=03
2018,stsongs,2018-08-29,21,DDU-DU DDU-DU,BLACKPINK,https://www.billboard-japan.com/charts/detail?a=stsongs&year=2018&month=09&day=03
2018,stsongs,2018-08-29,22,さよならエレジー,菅田将暉,https://www.billboard-japan.com/charts/detail?a=stsongs&year=2018&month=09&day=03
2018,stsongs,2018-08-29,23,トリコ,Nissy(西島隆弘),https://www.billboard-japan.com/charts/detail?a=stsongs&year=2018&month=09&day=03
2018,stsongs,2018-08-29,24,Wherever you are,ONE OK ROCK,https://www.billboard-japan.com/charts/detail?a=stsongs&year=2018&month=09&day=03
2018,stsongs,2018-08-29,25,"ノー・ブレイナー feat.ジャスティン・ビーバー,チャンス・ザ・ラッパー & クエヴォ",DJキャレド,https://www.billboard-japan.com/charts/detail?a=stsongs&year=2018&month=09&day=03
2018,stsongs,2018-08-29,26,ロングホープ・フィリア,菅田将暉,https://www.billboard-japan.com/charts/detail?a=stsongs&year=2018&month=09&day=03
2018,stsongs,2018-08-29,27,もし君を許せたら,家入レオ,https://www.billboard-japan.com/charts/detail?a=stsongs&year=2018&month=09&day=03
2018,stsongs,2018-08-29,28,ドラマ,C & K,https://www.billboard-japan.com/charts/detail?a=stsongs&year=2018&month=09&day=03
2018,stsongs,2018-08-29,29,Change,ONE OK ROCK,https://www.billboard-japan.com/charts/detail?a=stsongs&year=2018&month=09&day=03
2018,stsongs,2018-08-29,30,What is Love?,TWICE,https://www.billboard-japan.com/charts/detail?a=stsongs&year=2018&month=09&day=03
2018,stsongs,2018-08-29,31,ノー・ティアーズ・レフト・トゥ・クライ,アリアナ・グランデ,https://www.billboard-japan.com/charts/detail?a=stsongs&year=2018&month=09&day=03
2018,stsongs,2018-08-29,32,ガラスを割れ!,欅坂46,https://www.billboard-japan.com/charts/detail?a=stsongs&year=2018&month=09&day=03
2018,stsongs,2018-08-29,33,奏(かなで),スキマスイッチ,https://www.billboard-japan.com/charts/detail?a=stsongs&year=2018&month=09&day=03
2018,stsongs,2018-08-29,34,ライズ feat.ジャック & ジャック,ジョナス・ブルー,https://www.billboard-japan.com/charts/detail?a=stsongs&year=2018&month=09&day=03
2018,stsongs,2018-08-29,35,TT,TWICE,https://www.billboard-japan.com/charts/detail?a=stsongs&year=2018&month=09&day=03
2018,stsongs,2018-08-29,36,FAKE LOVE,BTS (防弾少年団),https://www.billboard-japan.com/charts/detail?a=stsongs&year=2018&month=09&day=03
2018,stsongs,2018-08-29,37,Relax & Chill,Nissy(西島隆弘),https://www.billboard-japan.com/charts/detail?a=stsongs&year=2018&month=09&day=03
2018,stsongs,2018-08-29,38,himawari,Mr.Children,https://www.billboard-japan.com/charts/detail?a=stsongs&year=2018&month=09&day=03
2018,stsongs,2018-08-29,39,ゴッド・イズ・ア・ウーマン,アリアナ・グランデ,https://www.billboard-japan.com/charts/detail?a=stsongs&year=2018&month=09&day=03
2018,stsongs,2018-08-29,40,できっこないを やらなくちゃ,サンボマスター,https://www.billboard-japan.com/charts/detail?a=stsongs&year=2018&month=09&day=03
2018,stsongs,2018-08-29,41,小さな恋のうた,MONGOL800,https://www.billboard-japan.com/charts/detail?a=stsongs&year=2018&month=09&day=03
2018,stsongs,2018-08-29,42,My Boo,清水翔太,https://www.billboard-japan.com/charts/detail?a=stsongs&year=2018&month=09&day=03
2018,stsongs,2018-08-29,43,サイレントマジョリティー,欅坂46,https://www.billboard-japan.com/charts/detail?a=stsongs&year=2018&month=09&day=03
2018,stsongs,2018-08-29,44,Slow & Easy,平井大,https://www.billboard-japan.com/charts/detail?a=stsongs&year=2018&month=09&day=03
2018,stsongs,2018-08-29,45,WanteD! WanteD!,Mrs.GREEN APPLE,https://www.billboard-japan.com/charts/detail?a=stsongs&year=2018&month=09&day=03
2018,stsongs,2018-08-29,46,恋音と雨空,AAA,https://www.billboard-japan.com/charts/detail?a=stsongs&year=2018&month=09&day=03
2018,stsongs,2018-08-29,47,ザ・ミドル,"ゼッド,マレン・モリス,グレイ",https://www.billboard-japan.com/charts/detail?a=stsongs&year=2018&month=09&day=03
2018,stsongs,2018-08-29,48,イン・マイ・フィーリングズ,ドレイク,https://www.billboard-japan.com/charts/detail?a=stsongs&year=2018&month=09&day=03
2018,stsongs,2018-08-29,49,貴方解剖純愛歌〜死ね〜,あいみょん,https://www.billboard-japan.com/charts/detail?a=stsongs&year=2018&month=09&day=03
2018,stsongs,2018-08-29,50,Kiss The Sky,AAA,https://www.billboard-japan.com/charts/detail?a=stsongs&year=2018&month=09&day=03
2018,stsongs,2018-08-29,51,IDOL,BTS (防弾少年団),https://www.billboard-japan.com/charts/detail?a=stsongs&year=2018&month=09&day=03
2018,stsongs,2018-08-29,52,ノーダウト,Official髭男dism,https://www.billboard-japan.com/charts/detail?a=stsongs&year=2018&month=09&day=03
2018,stsongs,2018-08-29,53,RAIN,SEKAI NO OWARI,https://www.billboard-japan.com/charts/detail?a=stsongs&year=2018&month=09&day=03
2018,stsongs,2018-08-29,54,シンクロニシティ,乃木坂46,https://www.billboard-japan.com/charts/detail?a=stsongs&year=2018&month=09&day=03
2018,stsongs,2018-08-29,55,ステイ,ゼッド & アレッシア・カーラ,https://www.billboard-japan.com/charts/detail?a=stsongs&year=2018&month=09&day=03
2018,stsongs,2018-08-29,56,ワタリドリ,[ALEXANDROS],https://www.billboard-japan.com/charts/detail?a=stsongs&year=2018&month=09&day=03
2018,stsongs,2018-08-29,57,シンフォニー feat.ザラ・ラーソン,クリーン・バンディット,https://www.billboard-japan.com/charts/detail?a=stsongs&year=2018&month=09&day=03
2018,stsongs,2018-08-29,58,ソロ feat.デミ・ロヴァート,クリーン・バンディット,https://www.billboard-japan.com/charts/detail?a=stsongs&year=2018&month=09&day=03
2018,stsongs,2018-08-29,59,クローサー feat.ホールジー,チェインスモーカーズ,https://www.billboard-japan.com/charts/detail?a=stsongs&year=2018&month=09&day=03
2018,stsongs,2018-08-29,60,ディス・イズ・ミー,キアラ・セトル & ザ・グレイテスト・ショーマン・アンサンブル,https://www.billboard-japan.com/charts/detail?a=stsongs&year=2018&month=09&day=03
2018,stsongs,2018-08-29,61,満月の夜なら,あいみょん,https://www.billboard-japan.com/charts/detail?a=stsongs&year=2018&month=09&day=03
2018,stsongs,2018-08-29,62,ハバナ feat.ヤング・サグ,カミラ・カベロ,https://www.billboard-japan.com/charts/detail?a=stsongs&year=2018&month=09&day=03
2018,stsongs,2018-08-29,63,EXCITE,三浦大知,https://www.billboard-japan.com/charts/detail?a=stsongs&year=2018&month=09&day=03
2018,stsongs,2018-08-29,64,アイラブユー,西野カナ,https://www.billboard-japan.com/charts/detail?a=stsongs&year=2018&month=09&day=03
2018,stsongs,2018-08-29,65,if...,DA PUMP,https://www.billboard-japan.com/charts/detail?a=stsongs&year=2018&month=09&day=03
2018,stsongs,2018-08-29,66,Baam,MOMOLAND,https://www.billboard-japan.com/charts/detail?a=stsongs&year=2018&month=09&day=03
2018,stsongs,2018-08-29,67,ひまわりの約束,秦基博,https://www.billboard-japan.com/charts/detail?a=stsongs&year=2018&month=09&day=03
2018,stsongs,2018-08-29,68,ドリームキャッチャー,ベリーグッドマン,https://www.billboard-japan.com/charts/detail?a=stsongs&year=2018&month=09&day=03
2018,stsongs,2018-08-29,69,壮年JUMP,サザンオールスターズ,https://www.billboard-japan.com/charts/detail?a=stsongs&year=2018&month=09&day=03
2018,stsongs,2018-08-29,70,不協和音,欅坂46,https://www.billboard-japan.com/charts/detail?a=stsongs&year=2018&month=09&day=03
2018,stsongs,2018-08-29,71,Wake Me Up,TWICE,https://www.billboard-japan.com/charts/detail?a=stsongs&year=2018&month=09&day=03
2018,stsongs,2018-08-29,72,トリセツ,西野カナ,https://www.billboard-japan.com/charts/detail?a=stsongs&year=2018&month=09&day=03
2018,stsongs,2018-08-29,73,Heads or Tails,EXILE,https://www.billboard-japan.com/charts/detail?a=stsongs&year=2018&month=09&day=03
2018,stsongs,2018-08-29,74,ホワット・ドゥ・ユー・ミーン?,ジャスティン・ビーバー,https://www.billboard-japan.com/charts/detail?a=stsongs&year=2018&month=09&day=03
2018,stsongs,2018-08-29,75,Gotta Love Me,AAA,https://www.billboard-japan.com/charts/detail?a=stsongs&year=2018&month=09&day=03
2018,stsongs,2018-08-29,76,愛をこめて花束を,Superfly,https://www.billboard-japan.com/charts/detail?a=stsongs&year=2018&month=09&day=03
2018,stsongs,2018-08-29,77,C.O.L,AAA,https://www.billboard-japan.com/charts/detail?a=stsongs&year=2018&month=09&day=03
2018,stsongs,2018-08-29,78,Candy Pop,TWICE,https://www.billboard-japan.com/charts/detail?a=stsongs&year=2018&month=09&day=03
2018,stsongs,2018-08-29,79,真夏の果実,サザンオールスターズ,https://www.billboard-japan.com/charts/detail?a=stsongs&year=2018&month=09&day=03
2018,stsongs,2018-08-29,80,キセキ,GReeeeN,https://www.billboard-japan.com/charts/detail?a=stsongs&year=2018&month=09&day=03
2018,stsongs,2018-08-29,81,LIFE,AAA,https://www.billboard-japan.com/charts/detail?a=stsongs&year=2018&month=09&day=03
2018,stsongs,2018-08-29,82,明日も,SHISHAMO,https://www.billboard-japan.com/charts/detail?a=stsongs&year=2018&month=09&day=03
2018,stsongs,2018-08-29,83,The Beginning,ONE OK ROCK,https://www.billboard-japan.com/charts/detail?a=stsongs&year=2018&month=09&day=03
2018,stsongs,2018-08-29,84,インフルエンサー,乃木坂46,https://www.billboard-japan.com/charts/detail?a=stsongs&year=2018&month=09&day=03
2018,stsongs,2018-08-29,85,ブレイク・フリー feat.ゼッド,アリアナ・グランデ,https://www.billboard-japan.com/charts/detail?a=stsongs&year=2018&month=09&day=03
2018,stsongs,2018-08-29,86,点描の唄 feat.井上苑子,Mrs.GREEN APPLE,https://www.billboard-japan.com/charts/detail?a=stsongs&year=2018&month=09&day=03
2018,stsongs,2018-08-29,87,新宝島,サカナクション,https://www.billboard-japan.com/charts/detail?a=stsongs&year=2018&month=09&day=03
2018,stsongs,2018-08-29,88,DNA,BTS (防弾少年団),https://www.billboard-japan.com/charts/detail?a=stsongs&year=2018&month=09&day=03
2018,stsongs,2018-08-29,89,ハッピー・ナウ,ゼッド & エリー・ドゥエ,https://www.billboard-japan.com/charts/detail?a=stsongs&year=2018&month=09&day=03
2018,stsongs,2018-08-29,90,ドラえもん,星野源,https://www.billboard-japan.com/charts/detail?a=stsongs&year=2018&month=09&day=03
2018,stsongs,2018-08-29,91,ガールズ・ライク・ユー feat.カーディ・B,マルーン5,https://www.billboard-japan.com/charts/detail?a=stsongs&year=2018&month=09&day=03
2018,stsongs,2018-08-29,92,2002,アン・マリー,https://www.billboard-japan.com/charts/detail?a=stsongs&year=2018&month=09&day=03
2018,stsongs,2018-08-29,93,恋,星野源,https://www.billboard-japan.com/charts/detail?a=stsongs&year=2018&month=09&day=03
2018,stsongs,2018-08-29,94,生きていたんだよな,あいみょん,https://www.billboard-japan.com/charts/detail?a=stsongs&year=2018&month=09&day=03
2018,stsongs,2018-08-29,95,Euphoria,BTS (防弾少年団),https://www.billboard-japan.com/charts/detail?a=stsongs&year=2018&month=09&day=03
2018,stsongs,2018-08-29,96,完全感覚Dreamer,ONE OK ROCK,https://www.billboard-japan.com/charts/detail?a=stsongs&year=2018&month=09&day=03
2018,stsongs,2018-08-29,97,LOVE AFFAIR〜秘密のデート〜,サザンオールスターズ,https://www.billboard-japan.com/charts/detail?a=stsongs&year=2018&month=09&day=03
2018,stsongs,2018-08-29,98,超ヤバい,t-Ace,https://www.billboard-japan.com/charts/detail?a=stsongs&year=2018&month=09&day=03
2018,stsongs,2018-08-29,99,闘う戦士たちへ愛を込めて,サザンオールスターズ,https://www.billboard-japan.com/charts/detail?a=stsongs&year=2018&month=09&day=03
2018,stsongs,2018-08-29,100,TSUNAMI,サザンオールスターズ,https://www.billboard-japan.com/charts/detail?a=stsongs&year=2018&month=09&day=03
2018,stsongs,2018-09-05,1,U.S.A.,DA PUMP,https://www.billboard-japan.com/charts/detail?a=stsongs&year=2018&month=09&day=10
2018,stsongs,2018-09-05,2,IDOL,BTS (防弾少年団),https://www.billboard-japan.com/charts/detail?a=stsongs&year=2018&month=09&day=10
2018,stsongs,2018-09-05,3,アイノカタチ feat.HIDE(GReeeeN),MISIA,https://www.billboard-japan.com/charts/detail?a=stsongs&year=2018&month=09&day=10
2018,stsongs,2018-09-05,4,マリーゴールド,あいみょん,https://www.billboard-japan.com/charts/detail?a=stsongs&year=2018&month=09&day=10
2018,stsongs,2018-09-05,5,打上花火,DAOKO × 米津玄師,https://www.billboard-japan.com/charts/detail?a=stsongs&year=2018&month=09&day=10
2018,stsongs,2018-09-05,6,HANABI,Mr.Children,https://www.billboard-japan.com/charts/detail?a=stsongs&year=2018&month=09&day=10
2018,stsongs,2018-09-05,7,青と夏,Mrs.GREEN APPLE,https://www.billboard-japan.com/charts/detail?a=stsongs&year=2018&month=09&day=10
2018,stsongs,2018-09-05,8,トリコ,Nissy(西島隆弘),https://www.billboard-japan.com/charts/detail?a=stsongs&year=2018&month=09&day=10
2018,stsongs,2018-09-05,9,アンビバレント,欅坂46,https://www.billboard-japan.com/charts/detail?a=stsongs&year=2018&month=09&day=10
2018,stsongs,2018-09-05,10,シェイプ・オブ・ユー,エド・シーラン,https://www.billboard-japan.com/charts/detail?a=stsongs&year=2018&month=09&day=10
2018,stsongs,2018-09-05,11,DEJAVU,AAA,https://www.billboard-japan.com/charts/detail?a=stsongs&year=2018&month=09&day=10
2018,stsongs,2018-09-05,12,BDZ,TWICE,https://www.billboard-japan.com/charts/detail?a=stsongs&year=2018&month=09&day=10
2018,stsongs,2018-09-05,13,Hikari,androp,https://www.billboard-japan.com/charts/detail?a=stsongs&year=2018&month=09&day=10
2018,stsongs,2018-09-05,14,君はロックを聴かない,あいみょん,https://www.billboard-japan.com/charts/detail?a=stsongs&year=2018&month=09&day=10
2018,stsongs,2018-09-05,15,輝きだして走ってく,サンボマスター,https://www.billboard-japan.com/charts/detail?a=stsongs&year=2018&month=09&day=10
2018,stsongs,2018-09-05,16,アイデア,星野源,https://www.billboard-japan.com/charts/detail?a=stsongs&year=2018&month=09&day=10
2018,stsongs,2018-09-05,17,愛を伝えたいだとか,あいみょん,https://www.billboard-japan.com/charts/detail?a=stsongs&year=2018&month=09&day=10
2018,stsongs,2018-09-05,18,I WANT YOU BACK,TWICE,https://www.billboard-japan.com/charts/detail?a=stsongs&year=2018&month=09&day=10
2018,stsongs,2018-09-05,19,Tomorrow,AAA,https://www.billboard-japan.com/charts/detail?a=stsongs&year=2018&month=09&day=10
2018,stsongs,2018-09-05,20,FAKE LOVE,BTS (防弾少年団),https://www.billboard-japan.com/charts/detail?a=stsongs&year=2018&month=09&day=10
2018,stsongs,2018-09-05,21,DDU-DU DDU-DU,BLACKPINK,https://www.billboard-japan.com/charts/detail?a=stsongs&year=2018&month=09&day=10
2018,stsongs,2018-09-05,22,I'm Fine,BTS (防弾少年団),https://www.billboard-japan.com/charts/detail?a=stsongs&year=2018&month=09&day=10
2018,stsongs,2018-09-05,23,世界はあなたに笑いかけている,Little Glee Monster,https://www.billboard-japan.com/charts/detail?a=stsongs&year=2018&month=09&day=10
2018,stsongs,2018-09-05,24,Dance The Night Away,TWICE,https://www.billboard-japan.com/charts/detail?a=stsongs&year=2018&month=09&day=10
2018,stsongs,2018-09-05,25,さよならエレジー,菅田将暉,https://www.billboard-japan.com/charts/detail?a=stsongs&year=2018&month=09&day=10
2018,stsongs,2018-09-05,26,Wherever you are,ONE OK ROCK,https://www.billboard-japan.com/charts/detail?a=stsongs&year=2018&month=09&day=10
2018,stsongs,2018-09-05,27,Euphoria,BTS (防弾少年団),https://www.billboard-japan.com/charts/detail?a=stsongs&year=2018&month=09&day=10
2018,stsongs,2018-09-05,28,ライズ feat.ジャック & ジャック,ジョナス・ブルー,https://www.billboard-japan.com/charts/detail?a=stsongs&year=2018&month=09&day=10
2018,stsongs,2018-09-05,29,ジコチューで行こう!,乃木坂46,https://www.billboard-japan.com/charts/detail?a=stsongs&year=2018&month=09&day=10
2018,stsongs,2018-09-05,30,もし君を許せたら,家入レオ,https://www.billboard-japan.com/charts/detail?a=stsongs&year=2018&month=09&day=10
2018,stsongs,2018-09-05,31,DNA,BTS (防弾少年団),https://www.billboard-japan.com/charts/detail?a=stsongs&year=2018&month=09&day=10
2018,stsongs,2018-09-05,32,"ノー・ブレイナー feat.ジャスティン・ビーバー,チャンス・ザ・ラッパー & クエヴォ",DJキャレド,https://www.billboard-japan.com/charts/detail?a=stsongs&year=2018&month=09&day=10
2018,stsongs,2018-09-05,33,ロングホープ・フィリア,菅田将暉,https://www.billboard-japan.com/charts/detail?a=stsongs&year=2018&month=09&day=10
2018,stsongs,2018-09-05,34,Change,ONE OK ROCK,https://www.billboard-japan.com/charts/detail?a=stsongs&year=2018&month=09&day=10
2018,stsongs,2018-09-05,35,ドラマ,C & K,https://www.billboard-japan.com/charts/detail?a=stsongs&year=2018&month=09&day=10
2018,stsongs,2018-09-05,36,What is Love?,TWICE,https://www.billboard-japan.com/charts/detail?a=stsongs&year=2018&month=09&day=10
2018,stsongs,2018-09-05,37,ガラスを割れ!,欅坂46,https://www.billboard-japan.com/charts/detail?a=stsongs&year=2018&month=09&day=10
2018,stsongs,2018-09-05,38,奏(かなで),スキマスイッチ,https://www.billboard-japan.com/charts/detail?a=stsongs&year=2018&month=09&day=10
2018,stsongs,2018-09-05,39,WanteD! WanteD!,Mrs.GREEN APPLE,https://www.billboard-japan.com/charts/detail?a=stsongs&year=2018&month=09&day=10
2018,stsongs,2018-09-05,40,TT,TWICE,https://www.billboard-japan.com/charts/detail?a=stsongs&year=2018&month=09&day=10
2018,stsongs,2018-09-05,41,ノー・ティアーズ・レフト・トゥ・クライ,アリアナ・グランデ,https://www.billboard-japan.com/charts/detail?a=stsongs&year=2018&month=09&day=10
2018,stsongs,2018-09-05,42,My Boo,清水翔太,https://www.billboard-japan.com/charts/detail?a=stsongs&year=2018&month=09&day=10
2018,stsongs,2018-09-05,43,小さな恋のうた,MONGOL800,https://www.billboard-japan.com/charts/detail?a=stsongs&year=2018&month=09&day=10
2018,stsongs,2018-09-05,44,サイレントマジョリティー,欅坂46,https://www.billboard-japan.com/charts/detail?a=stsongs&year=2018&month=09&day=10
2018,stsongs,2018-09-05,45,Answer:Love Myself,BTS (防弾少年団),https://www.billboard-japan.com/charts/detail?a=stsongs&year=2018&month=09&day=10
2018,stsongs,2018-09-05,46,できっこないを やらなくちゃ,サンボマスター,https://www.billboard-japan.com/charts/detail?a=stsongs&year=2018&month=09&day=10
2018,stsongs,2018-09-05,47,Kiss The Sky,AAA,https://www.billboard-japan.com/charts/detail?a=stsongs&year=2018&month=09&day=10
2018,stsongs,2018-09-05,48,RAIN,SEKAI NO OWARI,https://www.billboard-japan.com/charts/detail?a=stsongs&year=2018&month=09&day=10
2018,stsongs,2018-09-05,49,C.O.L,AAA,https://www.billboard-japan.com/charts/detail?a=stsongs&year=2018&month=09&day=10
2018,stsongs,2018-09-05,50,Relax & Chill,Nissy(西島隆弘),https://www.billboard-japan.com/charts/detail?a=stsongs&year=2018&month=09&day=10
2018,stsongs,2018-09-05,51,恋音と雨空,AAA,https://www.billboard-japan.com/charts/detail?a=stsongs&year=2018&month=09&day=10
2018,stsongs,2018-09-05,51,若者のすべて,フジファブリック,https://www.billboard-japan.com/charts/detail?a=stsongs&year=2018&month=09&day=10
2018,stsongs,2018-09-05,53,Gotta Love Me,AAA,https://www.billboard-japan.com/charts/detail?a=stsongs&year=2018&month=09&day=10
2018,stsongs,2018-09-05,54,Slow & Easy,平井大,https://www.billboard-japan.com/charts/detail?a=stsongs&year=2018&month=09&day=10
2018,stsongs,2018-09-05,55,Be Myself,三浦大知,https://www.billboard-japan.com/charts/detail?a=stsongs&year=2018&month=09&day=10
2018,stsongs,2018-09-05,56,himawari,Mr.Children,https://www.billboard-japan.com/charts/detail?a=stsongs&year=2018&month=09&day=10
2018,stsongs,2018-09-05,57,ひといきつきながら,山本彩,https://www.billboard-japan.com/charts/detail?a=stsongs&year=2018&month=09&day=10
2018,stsongs,2018-09-05,58,ワタリドリ,[ALEXANDROS],https://www.billboard-japan.com/charts/detail?a=stsongs&year=2018&month=09&day=10
2018,stsongs,2018-09-05,59,ノーダウト,Official髭男dism,https://www.billboard-japan.com/charts/detail?a=stsongs&year=2018&month=09&day=10
2018,stsongs,2018-09-05,60,シンクロニシティ,乃木坂46,https://www.billboard-japan.com/charts/detail?a=stsongs&year=2018&month=09&day=10
2018,stsongs,2018-09-05,61,MIC Drop,BTS (防弾少年団),https://www.billboard-japan.com/charts/detail?a=stsongs&year=2018&month=09&day=10
2018,stsongs,2018-09-05,62,貴方解剖純愛歌〜死ね〜,あいみょん,https://www.billboard-japan.com/charts/detail?a=stsongs&year=2018&month=09&day=10
2018,stsongs,2018-09-05,63,if...,DA PUMP,https://www.billboard-japan.com/charts/detail?a=stsongs&year=2018&month=09&day=10
2018,stsongs,2018-09-05,64,LIFE,AAA,https://www.billboard-japan.com/charts/detail?a=stsongs&year=2018&month=09&day=10
2018,stsongs,2018-09-05,65,クローサー feat.ホールジー,チェインスモーカーズ,https://www.billboard-japan.com/charts/detail?a=stsongs&year=2018&month=09&day=10
2018,stsongs,2018-09-05,66,ステイ,ゼッド & アレッシア・カーラ,https://www.billboard-japan.com/charts/detail?a=stsongs&year=2018&month=09&day=10
2018,stsongs,2018-09-05,67,ソロ feat.デミ・ロヴァート,クリーン・バンディット,https://www.billboard-japan.com/charts/detail?a=stsongs&year=2018&month=09&day=10
2018,stsongs,2018-09-05,68,シンフォニー feat.ザラ・ラーソン,クリーン・バンディット,https://www.billboard-japan.com/charts/detail?a=stsongs&year=2018&month=09&day=10
2018,stsongs,2018-09-05,69,ひまわりの約束,秦基博,https://www.billboard-japan.com/charts/detail?a=stsongs&year=2018&month=09&day=10
2018,stsongs,2018-09-05,70,イン・マイ・フィーリングズ,ドレイク,https://www.billboard-japan.com/charts/detail?a=stsongs&year=2018&month=09&day=10
2018,stsongs,2018-09-05,71,EXCITE,三浦大知,https://www.billboard-japan.com/charts/detail?a=stsongs&year=2018&month=09&day=10
2018,stsongs,2018-09-05,72,トリセツ,西野カナ,https://www.billboard-japan.com/charts/detail?a=stsongs&year=2018&month=09&day=10
2018,stsongs,2018-09-05,73,Trivia 轉:Seesaw,BTS (防弾少年団),https://www.billboard-japan.com/charts/detail?a=stsongs&year=2018&month=09&day=10
2018,stsongs,2018-09-05,74,ゴッド・イズ・ア・ウーマン,アリアナ・グランデ,https://www.billboard-japan.com/charts/detail?a=stsongs&year=2018&month=09&day=10
2018,stsongs,2018-09-05,75,真夏の果実,サザンオールスターズ,https://www.billboard-japan.com/charts/detail?a=stsongs&year=2018&month=09&day=10
2018,stsongs,2018-09-05,76,アイラブユー,西野カナ,https://www.billboard-japan.com/charts/detail?a=stsongs&year=2018&month=09&day=10
2018,stsongs,2018-09-05,77,ディス・イズ・ミー,キアラ・セトル & ザ・グレイテスト・ショーマン・アンサンブル,https://www.billboard-japan.com/charts/detail?a=stsongs&year=2018&month=09&day=10
2018,stsongs,2018-09-05,78,TSUNAMI,サザンオールスターズ,https://www.billboard-japan.com/charts/detail?a=stsongs&year=2018&month=09&day=10
2018,stsongs,2018-09-05,79,壮年JUMP,サザンオールスターズ,https://www.billboard-japan.com/charts/detail?a=stsongs&year=2018&month=09&day=10
2018,stsongs,2018-09-05,80,ブリージン,アリアナ・グランデ,https://www.billboard-japan.com/charts/detail?a=stsongs&year=2018&month=09&day=10
2018,stsongs,2018-09-05,81,愛をこめて花束を,Superfly,https://www.billboard-japan.com/charts/detail?a=stsongs&year=2018&month=09&day=10
2018,stsongs,2018-09-05,82,不協和音,欅坂46,https://www.billboard-japan.com/charts/detail?a=stsongs&year=2018&month=09&day=10
2018,stsongs,2018-09-05,83,甲子園,福山雅治,https://www.billboard-japan.com/charts/detail?a=stsongs&year=2018&month=09&day=10
2018,stsongs,2018-09-05,84,キセキ,GReeeeN,https://www.billboard-japan.com/charts/detail?a=stsongs&year=2018&month=09&day=10
2018,stsongs,2018-09-05,85,ホワット・ドゥ・ユー・ミーン?,ジャスティン・ビーバー,https://www.billboard-japan.com/charts/detail?a=stsongs&year=2018&month=09&day=10
2018,stsongs,2018-09-05,86,Trivia 起:Just Dance,BTS (防弾少年団),https://www.billboard-japan.com/charts/detail?a=stsongs&year=2018&month=09&day=10
2018,stsongs,2018-09-05,87,満月の夜なら,あいみょん,https://www.billboard-japan.com/charts/detail?a=stsongs&year=2018&month=09&day=10
2018,stsongs,2018-09-05,88,ザ・ミドル,"ゼッド,マレン・モリス,グレイ",https://www.billboard-japan.com/charts/detail?a=stsongs&year=2018&month=09&day=10
2018,stsongs,2018-09-05,89,Baam,MOMOLAND,https://www.billboard-japan.com/charts/detail?a=stsongs&year=2018&month=09&day=10
2018,stsongs,2018-09-05,90,The Beginning,ONE OK ROCK,https://www.billboard-japan.com/charts/detail?a=stsongs&year=2018&month=09&day=10
2018,stsongs,2018-09-05,91,インフルエンサー,乃木坂46,https://www.billboard-japan.com/charts/detail?a=stsongs&year=2018&month=09&day=10
2018,stsongs,2018-09-05,92,Candy Pop,TWICE,https://www.billboard-japan.com/charts/detail?a=stsongs&year=2018&month=09&day=10
2018,stsongs,2018-09-05,93,Wake Me Up,TWICE,https://www.billboard-japan.com/charts/detail?a=stsongs&year=2018&month=09&day=10
2018,stsongs,2018-09-05,94,新宝島,サカナクション,https://www.billboard-japan.com/charts/detail?a=stsongs&year=2018&month=09&day=10
2018,stsongs,2018-09-05,95,明日も,SHISHAMO,https://www.billboard-japan.com/charts/detail?a=stsongs&year=2018&month=09&day=10
2018,stsongs,2018-09-05,96,点描の唄 feat.井上苑子,Mrs.GREEN APPLE,https://www.billboard-japan.com/charts/detail?a=stsongs&year=2018&month=09&day=10
2018,stsongs,2018-09-05,97,No Way Back,AAA,https://www.billboard-japan.com/charts/detail?a=stsongs&year=2018&month=09&day=10
2018,stsongs,2018-09-05,98,secret base〜君がくれたもの〜,ZONE,https://www.billboard-japan.com/charts/detail?a=stsongs&year=2018&month=09&day=10
2018,stsongs,2018-09-05,99,君がくれた夏,家入レオ,https://www.billboard-japan.com/charts/detail?a=stsongs&year=2018&month=09&day=10
2018,stsongs,2018-09-05,100,Serendipity,BTS (防弾少年団),https://www.billboard-japan.com/charts/detail?a=stsongs&year=2018&month=09&day=10
2018,stsongs,2018-09-12,1,U.S.A.,DA PUMP,https://www.billboard-japan.com/charts/detail?a=stsongs&year=2018&month=09&day=17
2018,stsongs,2018-09-12,2,アイノカタチ feat.HIDE(GReeeeN),MISIA,https://www.billboard-japan.com/charts/detail?a=stsongs&year=2018&month=09&day=17
2018,stsongs,2018-09-12,3,IDOL,BTS (防弾少年団),https://www.billboard-japan.com/charts/detail?a=stsongs&year=2018&month=09&day=17
2018,stsongs,2018-09-12,4,マリーゴールド,あいみょん,https://www.billboard-japan.com/charts/detail?a=stsongs&year=2018&month=09&day=17
2018,stsongs,2018-09-12,5,打上花火,DAOKO × 米津玄師,https://www.billboard-japan.com/charts/detail?a=stsongs&year=2018&month=09&day=17
2018,stsongs,2018-09-12,6,HANABI,Mr.Children,https://www.billboard-japan.com/charts/detail?a=stsongs&year=2018&month=09&day=17
2018,stsongs,2018-09-12,7,BDZ,TWICE,https://www.billboard-japan.com/charts/detail?a=stsongs&year=2018&month=09&day=17
2018,stsongs,2018-09-12,8,青と夏,Mrs.GREEN APPLE,https://www.billboard-japan.com/charts/detail?a=stsongs&year=2018&month=09&day=17
2018,stsongs,2018-09-12,9,シェイプ・オブ・ユー,エド・シーラン,https://www.billboard-japan.com/charts/detail?a=stsongs&year=2018&month=09&day=17
2018,stsongs,2018-09-12,10,アンビバレント,欅坂46,https://www.billboard-japan.com/charts/detail?a=stsongs&year=2018&month=09&day=17
2018,stsongs,2018-09-12,11,Hikari,androp,https://www.billboard-japan.com/charts/detail?a=stsongs&year=2018&month=09&day=17
2018,stsongs,2018-09-12,12,Black Bird,Aimer(エメ),https://www.billboard-japan.com/charts/detail?a=stsongs&year=2018&month=09&day=17
2018,stsongs,2018-09-12,13,君はロックを聴かない,あいみょん,https://www.billboard-japan.com/charts/detail?a=stsongs&year=2018&month=09&day=17
2018,stsongs,2018-09-12,14,DEJAVU,AAA,https://www.billboard-japan.com/charts/detail?a=stsongs&year=2018&month=09&day=17
2018,stsongs,2018-09-12,15,トリコ,Nissy(西島隆弘),https://www.billboard-japan.com/charts/detail?a=stsongs&year=2018&month=09&day=17
2018,stsongs,2018-09-12,16,輝きだして走ってく,サンボマスター,https://www.billboard-japan.com/charts/detail?a=stsongs&year=2018&month=09&day=17
2018,stsongs,2018-09-12,17,愛を伝えたいだとか,あいみょん,https://www.billboard-japan.com/charts/detail?a=stsongs&year=2018&month=09&day=17
2018,stsongs,2018-09-12,18,アイデア,星野源,https://www.billboard-japan.com/charts/detail?a=stsongs&year=2018&month=09&day=17
2018,stsongs,2018-09-12,19,ライズ feat.ジャック & ジャック,ジョナス・ブルー,https://www.billboard-japan.com/charts/detail?a=stsongs&year=2018&month=09&day=17
2018,stsongs,2018-09-12,20,Tomorrow,AAA,https://www.billboard-japan.com/charts/detail?a=stsongs&year=2018&month=09&day=17
2018,stsongs,2018-09-12,21,DDU-DU DDU-DU,BLACKPINK,https://www.billboard-japan.com/charts/detail?a=stsongs&year=2018&month=09&day=17
2018,stsongs,2018-09-12,22,さよならエレジー,菅田将暉,https://www.billboard-japan.com/charts/detail?a=stsongs&year=2018&month=09&day=17
2018,stsongs,2018-09-12,23,世界はあなたに笑いかけている,Little Glee Monster,https://www.billboard-japan.com/charts/detail?a=stsongs&year=2018&month=09&day=17
2018,stsongs,2018-09-12,24,I WANT YOU BACK,TWICE,https://www.billboard-japan.com/charts/detail?a=stsongs&year=2018&month=09&day=17
2018,stsongs,2018-09-12,25,もし君を許せたら,家入レオ,https://www.billboard-japan.com/charts/detail?a=stsongs&year=2018&month=09&day=17
2018,stsongs,2018-09-12,26,Dance The Night Away,TWICE,https://www.billboard-japan.com/charts/detail?a=stsongs&year=2018&month=09&day=17
2018,stsongs,2018-09-12,27,Wherever you are,ONE OK ROCK,https://www.billboard-japan.com/charts/detail?a=stsongs&year=2018&month=09&day=17
2018,stsongs,2018-09-12,28,ドラマ,C & K,https://www.billboard-japan.com/charts/detail?a=stsongs&year=2018&month=09&day=17
2018,stsongs,2018-09-12,29,I'm Fine,BTS (防弾少年団),https://www.billboard-japan.com/charts/detail?a=stsongs&year=2018&month=09&day=17
2018,stsongs,2018-09-12,30,ガラスを割れ!,欅坂46,https://www.billboard-japan.com/charts/detail?a=stsongs&year=2018&month=09&day=17
2018,stsongs,2018-09-12,31,"ノー・ブレイナー feat.ジャスティン・ビーバー,チャンス・ザ・ラッパー & クエヴォ",DJキャレド,https://www.billboard-japan.com/charts/detail?a=stsongs&year=2018&month=09&day=17
2018,stsongs,2018-09-12,32,ジコチューで行こう!,乃木坂46,https://www.billboard-japan.com/charts/detail?a=stsongs&year=2018&month=09&day=17
2018,stsongs,2018-09-12,33,TT,TWICE,https://www.billboard-japan.com/charts/detail?a=stsongs&year=2018&month=09&day=17
2018,stsongs,2018-09-12,34,ロングホープ・フィリア,菅田将暉,https://www.billboard-japan.com/charts/detail?a=stsongs&year=2018&month=09&day=17
2018,stsongs,2018-09-12,35,Change,ONE OK ROCK,https://www.billboard-japan.com/charts/detail?a=stsongs&year=2018&month=09&day=17
2018,stsongs,2018-09-12,36,What is Love?,TWICE,https://www.billboard-japan.com/charts/detail?a=stsongs&year=2018&month=09&day=17
2018,stsongs,2018-09-12,37,FAKE LOVE,BTS (防弾少年団),https://www.billboard-japan.com/charts/detail?a=stsongs&year=2018&month=09&day=17
2018,stsongs,2018-09-12,38,奏(かなで),スキマスイッチ,https://www.billboard-japan.com/charts/detail?a=stsongs&year=2018&month=09&day=17
2018,stsongs,2018-09-12,39,新宝島,サカナクション,https://www.billboard-japan.com/charts/detail?a=stsongs&year=2018&month=09&day=17
2018,stsongs,2018-09-12,40,サイレントマジョリティー,欅坂46,https://www.billboard-japan.com/charts/detail?a=stsongs&year=2018&month=09&day=17
2018,stsongs,2018-09-12,41,My Boo,清水翔太,https://www.billboard-japan.com/charts/detail?a=stsongs&year=2018&month=09&day=17
2018,stsongs,2018-09-12,42,小さな恋のうた,MONGOL800,https://www.billboard-japan.com/charts/detail?a=stsongs&year=2018&month=09&day=17
2018,stsongs,2018-09-12,43,ノー・ティアーズ・レフト・トゥ・クライ,アリアナ・グランデ,https://www.billboard-japan.com/charts/detail?a=stsongs&year=2018&month=09&day=17
2018,stsongs,2018-09-12,44,WanteD! WanteD!,Mrs.GREEN APPLE,https://www.billboard-japan.com/charts/detail?a=stsongs&year=2018&month=09&day=17
2018,stsongs,2018-09-12,45,RAIN,SEKAI NO OWARI,https://www.billboard-japan.com/charts/detail?a=stsongs&year=2018&month=09&day=17
2018,stsongs,2018-09-12,46,恋音と雨空,AAA,https://www.billboard-japan.com/charts/detail?a=stsongs&year=2018&month=09&day=17
2018,stsongs,2018-09-12,47,Summer Time,TEAM H,https://www.billboard-japan.com/charts/detail?a=stsongs&year=2018&month=09&day=17
2018,stsongs,2018-09-12,48,Euphoria,BTS (防弾少年団),https://www.billboard-japan.com/charts/detail?a=stsongs&year=2018&month=09&day=17
2018,stsongs,2018-09-12,49,ワタリドリ,[ALEXANDROS],https://www.billboard-japan.com/charts/detail?a=stsongs&year=2018&month=09&day=17
2018,stsongs,2018-09-12,50,貴方解剖純愛歌〜死ね〜,あいみょん,https://www.billboard-japan.com/charts/detail?a=stsongs&year=2018&month=09&day=17
2018,stsongs,2018-09-12,51,DNA,BTS (防弾少年団),https://www.billboard-japan.com/charts/detail?a=stsongs&year=2018&month=09&day=17
2018,stsongs,2018-09-12,52,クローサー feat.ホールジー,チェインスモーカーズ,https://www.billboard-japan.com/charts/detail?a=stsongs&year=2018&month=09&day=17
2018,stsongs,2018-09-12,53,Slow & Easy,平井大,https://www.billboard-japan.com/charts/detail?a=stsongs&year=2018&month=09&day=17
2018,stsongs,2018-09-12,54,カタオモイ,Aimer(エメ),https://www.billboard-japan.com/charts/detail?a=stsongs&year=2018&month=09&day=17
2018,stsongs,2018-09-12,55,ソロ feat.デミ・ロヴァート,クリーン・バンディット,https://www.billboard-japan.com/charts/detail?a=stsongs&year=2018&month=09&day=17
2018,stsongs,2018-09-12,56,ノーダウト,Official髭男dism,https://www.billboard-japan.com/charts/detail?a=stsongs&year=2018&month=09&day=17
2018,stsongs,2018-09-12,57,ステイ,ゼッド & アレッシア・カーラ,https://www.billboard-japan.com/charts/detail?a=stsongs&year=2018&month=09&day=17
2018,stsongs,2018-09-12,58,himawari,Mr.Children,https://www.billboard-japan.com/charts/detail?a=stsongs&year=2018&month=09&day=17
2018,stsongs,2018-09-12,59,シンフォニー feat.ザラ・ラーソン,クリーン・バンディット,https://www.billboard-japan.com/charts/detail?a=stsongs&year=2018&month=09&day=17
2018,stsongs,2018-09-12,60,Kiss The Sky,AAA,https://www.billboard-japan.com/charts/detail?a=stsongs&year=2018&month=09&day=17
2018,stsongs,2018-09-12,61,シンクロニシティ,乃木坂46,https://www.billboard-japan.com/charts/detail?a=stsongs&year=2018&month=09&day=17
2018,stsongs,2018-09-12,62,トリセツ,西野カナ,https://www.billboard-japan.com/charts/detail?a=stsongs&year=2018&month=09&day=17
2018,stsongs,2018-09-12,63,できっこないを やらなくちゃ,サンボマスター,https://www.billboard-japan.com/charts/detail?a=stsongs&year=2018&month=09&day=17
2018,stsongs,2018-09-12,64,愛をこめて花束を,Superfly,https://www.billboard-japan.com/charts/detail?a=stsongs&year=2018&month=09&day=17
2018,stsongs,2018-09-12,65,if...,DA PUMP,https://www.billboard-japan.com/charts/detail?a=stsongs&year=2018&month=09&day=17
2018,stsongs,2018-09-12,66,EXCITE,三浦大知,https://www.billboard-japan.com/charts/detail?a=stsongs&year=2018&month=09&day=17
2018,stsongs,2018-09-12,67,キセキ,GReeeeN,https://www.billboard-japan.com/charts/detail?a=stsongs&year=2018&month=09&day=17
2018,stsongs,2018-09-12,68,アイラブユー,西野カナ,https://www.billboard-japan.com/charts/detail?a=stsongs&year=2018&month=09&day=17
2018,stsongs,2018-09-12,69,LIFE,AAA,https://www.billboard-japan.com/charts/detail?a=stsongs&year=2018&month=09&day=17
2018,stsongs,2018-09-12,70,不協和音,欅坂46,https://www.billboard-japan.com/charts/detail?a=stsongs&year=2018&month=09&day=17
2018,stsongs,2018-09-12,71,LA FIESTA,THE RAMPAGE from EXILE TRIBE,https://www.billboard-japan.com/charts/detail?a=stsongs&year=2018&month=09&day=17
2018,stsongs,2018-09-12,72,Be Myself,三浦大知,https://www.billboard-japan.com/charts/detail?a=stsongs&year=2018&month=09&day=17
2018,stsongs,2018-09-12,73,イン・マイ・フィーリングズ,ドレイク,https://www.billboard-japan.com/charts/detail?a=stsongs&year=2018&month=09&day=17
2018,stsongs,2018-09-12,74,ザ・ミドル,"ゼッド,マレン・モリス,グレイ",https://www.billboard-japan.com/charts/detail?a=stsongs&year=2018&month=09&day=17
2018,stsongs,2018-09-12,75,甲子園,福山雅治,https://www.billboard-japan.com/charts/detail?a=stsongs&year=2018&month=09&day=17
2018,stsongs,2018-09-12,76,ひまわりの約束,秦基博,https://www.billboard-japan.com/charts/detail?a=stsongs&year=2018&month=09&day=17
2018,stsongs,2018-09-12,77,点描の唄 feat.井上苑子,Mrs.GREEN APPLE,https://www.billboard-japan.com/charts/detail?a=stsongs&year=2018&month=09&day=17
2018,stsongs,2018-09-12,78,Answer:Love Myself,BTS (防弾少年団),https://www.billboard-japan.com/charts/detail?a=stsongs&year=2018&month=09&day=17
2018,stsongs,2018-09-12,79,インフルエンサー,乃木坂46,https://www.billboard-japan.com/charts/detail?a=stsongs&year=2018&month=09&day=17
2018,stsongs,2018-09-12,80,Gotta Love Me,AAA,https://www.billboard-japan.com/charts/detail?a=stsongs&year=2018&month=09&day=17
2018,stsongs,2018-09-12,81,Mature,TEAM H,https://www.billboard-japan.com/charts/detail?a=stsongs&year=2018&month=09&day=17
2018,stsongs,2018-09-12,82,Hero,安室奈美恵,https://www.billboard-japan.com/charts/detail?a=stsongs&year=2018&month=09&day=17
2018,stsongs,2018-09-12,83,ゴッド・イズ・ア・ウーマン,アリアナ・グランデ,https://www.billboard-japan.com/charts/detail?a=stsongs&year=2018&month=09&day=17
2018,stsongs,2018-09-12,84,レペゼン,レペゼン地球,https://www.billboard-japan.com/charts/detail?a=stsongs&year=2018&month=09&day=17
2018,stsongs,2018-09-12,85,明日も,SHISHAMO,https://www.billboard-japan.com/charts/detail?a=stsongs&year=2018&month=09&day=17
2018,stsongs,2018-09-12,86,Candy Pop,TWICE,https://www.billboard-japan.com/charts/detail?a=stsongs&year=2018&month=09&day=17
2018,stsongs,2018-09-12,87,満月の夜なら,あいみょん,https://www.billboard-japan.com/charts/detail?a=stsongs&year=2018&month=09&day=17
2018,stsongs,2018-09-12,88,ブリージン,アリアナ・グランデ,https://www.billboard-japan.com/charts/detail?a=stsongs&year=2018&month=09&day=17
2018,stsongs,2018-09-12,89,Wake Me Up,TWICE,https://www.billboard-japan.com/charts/detail?a=stsongs&year=2018&month=09&day=17
2018,stsongs,2018-09-12,90,The Beginning,ONE OK ROCK,https://www.billboard-japan.com/charts/detail?a=stsongs&year=2018&month=09&day=17
2018,stsongs,2018-09-12,91,サウダージ,ポルノグラフィティ,https://www.billboard-japan.com/charts/detail?a=stsongs&year=2018&month=09&day=17
2018,stsongs,2018-09-12,92,完全感覚Dreamer,ONE OK ROCK,https://www.billboard-japan.com/charts/detail?a=stsongs&year=2018&month=09&day=17
2018,stsongs,2018-09-12,93,ブレイク・フリー feat.ゼッド,アリアナ・グランデ,https://www.billboard-japan.com/charts/detail?a=stsongs&year=2018&month=09&day=17
2018,stsongs,2018-09-12,94,C.O.L,AAA,https://www.billboard-japan.com/charts/detail?a=stsongs&year=2018&month=09&day=17
2018,stsongs,2018-09-12,95,MIC Drop,BTS (防弾少年団),https://www.billboard-japan.com/charts/detail?a=stsongs&year=2018&month=09&day=17
2018,stsongs,2018-09-12,96,2002,アン・マリー,https://www.billboard-japan.com/charts/detail?a=stsongs&year=2018&month=09&day=17
2018,stsongs,2018-09-12,97,Baam,MOMOLAND,https://www.billboard-japan.com/charts/detail?a=stsongs&year=2018&month=09&day=17
2018,stsongs,2018-09-12,98,ハバナ feat.ヤング・サグ,カミラ・カベロ,https://www.billboard-japan.com/charts/detail?a=stsongs&year=2018&month=09&day=17
2018,stsongs,2018-09-12,99,超ヤバい,t-Ace,https://www.billboard-japan.com/charts/detail?a=stsongs&year=2018&month=09&day=17
2018,stsongs,2018-09-12,100,生きていたんだよな,あいみょん,https://www.billboard-japan.com/charts/detail?a=stsongs&year=2018&month=09&day=17
2018,stsongs,2018-09-19,1,U.S.A.,DA PUMP,https://www.billboard-japan.com/charts/detail?a=stsongs&year=2018&month=09&day=24
2018,stsongs,2018-09-19,2,アイノカタチ feat.HIDE(GReeeeN),MISIA,https://www.billboard-japan.com/charts/detail?a=stsongs&year=2018&month=09&day=24
2018,stsongs,2018-09-19,3,BDZ,TWICE,https://www.billboard-japan.com/charts/detail?a=stsongs&year=2018&month=09&day=24
2018,stsongs,2018-09-19,4,マリーゴールド,あいみょん,https://www.billboard-japan.com/charts/detail?a=stsongs&year=2018&month=09&day=24
2018,stsongs,2018-09-19,5,Black Bird,Aimer(エメ),https://www.billboard-japan.com/charts/detail?a=stsongs&year=2018&month=09&day=24
2018,stsongs,2018-09-19,6,打上花火,DAOKO × 米津玄師,https://www.billboard-japan.com/charts/detail?a=stsongs&year=2018&month=09&day=24
2018,stsongs,2018-09-19,7,IDOL,BTS (防弾少年団),https://www.billboard-japan.com/charts/detail?a=stsongs&year=2018&month=09&day=24
2018,stsongs,2018-09-19,8,HANABI,Mr.Children,https://www.billboard-japan.com/charts/detail?a=stsongs&year=2018&month=09&day=24
2018,stsongs,2018-09-19,9,青と夏,Mrs.GREEN APPLE,https://www.billboard-japan.com/charts/detail?a=stsongs&year=2018&month=09&day=24
2018,stsongs,2018-09-19,10,Hikari,androp,https://www.billboard-japan.com/charts/detail?a=stsongs&year=2018&month=09&day=24
2018,stsongs,2018-09-19,11,シェイプ・オブ・ユー,エド・シーラン,https://www.billboard-japan.com/charts/detail?a=stsongs&year=2018&month=09&day=24
2018,stsongs,2018-09-19,12,トリコ,Nissy(西島隆弘),https://www.billboard-japan.com/charts/detail?a=stsongs&year=2018&month=09&day=24
2018,stsongs,2018-09-19,13,君はロックを聴かない,あいみょん,https://www.billboard-japan.com/charts/detail?a=stsongs&year=2018&month=09&day=24
2018,stsongs,2018-09-19,14,輝きだして走ってく,サンボマスター,https://www.billboard-japan.com/charts/detail?a=stsongs&year=2018&month=09&day=24
2018,stsongs,2018-09-19,15,I WANT YOU BACK,TWICE,https://www.billboard-japan.com/charts/detail?a=stsongs&year=2018&month=09&day=24
2018,stsongs,2018-09-19,16,アンビバレント,欅坂46,https://www.billboard-japan.com/charts/detail?a=stsongs&year=2018&month=09&day=24
2018,stsongs,2018-09-19,17,愛を伝えたいだとか,あいみょん,https://www.billboard-japan.com/charts/detail?a=stsongs&year=2018&month=09&day=24
2018,stsongs,2018-09-19,18,もし君を許せたら,家入レオ,https://www.billboard-japan.com/charts/detail?a=stsongs&year=2018&month=09&day=24
2018,stsongs,2018-09-19,19,さよならエレジー,菅田将暉,https://www.billboard-japan.com/charts/detail?a=stsongs&year=2018&month=09&day=24
2018,stsongs,2018-09-19,20,Wherever you are,ONE OK ROCK,https://www.billboard-japan.com/charts/detail?a=stsongs&year=2018&month=09&day=24
2018,stsongs,2018-09-19,21,DDU-DU DDU-DU,BLACKPINK,https://www.billboard-japan.com/charts/detail?a=stsongs&year=2018&month=09&day=24
2018,stsongs,2018-09-19,22,DEJAVU,AAA,https://www.billboard-japan.com/charts/detail?a=stsongs&year=2018&month=09&day=24
2018,stsongs,2018-09-19,23,アイデア,星野源,https://www.billboard-japan.com/charts/detail?a=stsongs&year=2018&month=09&day=24
2018,stsongs,2018-09-19,24,Tomorrow,AAA,https://www.billboard-japan.com/charts/detail?a=stsongs&year=2018&month=09&day=24
2018,stsongs,2018-09-19,25,Dance The Night Away,TWICE,https://www.billboard-japan.com/charts/detail?a=stsongs&year=2018&month=09&day=24
2018,stsongs,2018-09-19,26,ドラマ,C & K,https://www.billboard-japan.com/charts/detail?a=stsongs&year=2018&month=09&day=24
2018,stsongs,2018-09-19,27,"ノー・ブレイナー feat.ジャスティン・ビーバー,チャンス・ザ・ラッパー & クエヴォ",DJキャレド,https://www.billboard-japan.com/charts/detail?a=stsongs&year=2018&month=09&day=24
2018,stsongs,2018-09-19,28,世界はあなたに笑いかけている,Little Glee Monster,https://www.billboard-japan.com/charts/detail?a=stsongs&year=2018&month=09&day=24
2018,stsongs,2018-09-19,29,Hero,安室奈美恵,https://www.billboard-japan.com/charts/detail?a=stsongs&year=2018&month=09&day=24
2018,stsongs,2018-09-19,30,ライズ feat.ジャック & ジャック,ジョナス・ブルー,https://www.billboard-japan.com/charts/detail?a=stsongs&year=2018&month=09&day=24
2018,stsongs,2018-09-19,31,Bedtime Story,西野カナ,https://www.billboard-japan.com/charts/detail?a=stsongs&year=2018&month=09&day=24
2018,stsongs,2018-09-19,32,ガラスを割れ!,欅坂46,https://www.billboard-japan.com/charts/detail?a=stsongs&year=2018&month=09&day=24
2018,stsongs,2018-09-19,33,Change,ONE OK ROCK,https://www.billboard-japan.com/charts/detail?a=stsongs&year=2018&month=09&day=24
2018,stsongs,2018-09-19,34,奏(かなで),スキマスイッチ,https://www.billboard-japan.com/charts/detail?a=stsongs&year=2018&month=09&day=24
2018,stsongs,2018-09-19,35,TT,TWICE,https://www.billboard-japan.com/charts/detail?a=stsongs&year=2018&month=09&day=24
2018,stsongs,2018-09-19,36,Candy Pop,TWICE,https://www.billboard-japan.com/charts/detail?a=stsongs&year=2018&month=09&day=24
2018,stsongs,2018-09-19,37,できっこないを やらなくちゃ,サンボマスター,https://www.billboard-japan.com/charts/detail?a=stsongs&year=2018&month=09&day=24
2018,stsongs,2018-09-19,38,One More Time,TWICE,https://www.billboard-japan.com/charts/detail?a=stsongs&year=2018&month=09&day=24
2018,stsongs,2018-09-19,39,ロングホープ・フィリア,菅田将暉,https://www.billboard-japan.com/charts/detail?a=stsongs&year=2018&month=09&day=24
2018,stsongs,2018-09-19,40,What is Love?,TWICE,https://www.billboard-japan.com/charts/detail?a=stsongs&year=2018&month=09&day=24
2018,stsongs,2018-09-19,41,FAKE LOVE,BTS (防弾少年団),https://www.billboard-japan.com/charts/detail?a=stsongs&year=2018&month=09&day=24
2018,stsongs,2018-09-19,42,I'm Fine,BTS (防弾少年団),https://www.billboard-japan.com/charts/detail?a=stsongs&year=2018&month=09&day=24
2018,stsongs,2018-09-19,43,My Boo,清水翔太,https://www.billboard-japan.com/charts/detail?a=stsongs&year=2018&month=09&day=24
2018,stsongs,2018-09-19,44,小さな恋のうた,MONGOL800,https://www.billboard-japan.com/charts/detail?a=stsongs&year=2018&month=09&day=24
2018,stsongs,2018-09-19,45,Wake Me Up,TWICE,https://www.billboard-japan.com/charts/detail?a=stsongs&year=2018&month=09&day=24
2018,stsongs,2018-09-19,46,ジコチューで行こう!,乃木坂46,https://www.billboard-japan.com/charts/detail?a=stsongs&year=2018&month=09&day=24
2018,stsongs,2018-09-19,47,ノー・ティアーズ・レフト・トゥ・クライ,アリアナ・グランデ,https://www.billboard-japan.com/charts/detail?a=stsongs&year=2018&month=09&day=24
2018,stsongs,2018-09-19,48,サイレントマジョリティー,欅坂46,https://www.billboard-japan.com/charts/detail?a=stsongs&year=2018&month=09&day=24
2018,stsongs,2018-09-19,49,サウダージ,ポルノグラフィティ,https://www.billboard-japan.com/charts/detail?a=stsongs&year=2018&month=09&day=24
2018,stsongs,2018-09-19,50,RAIN,SEKAI NO OWARI,https://www.billboard-japan.com/charts/detail?a=stsongs&year=2018&month=09&day=24
2018,stsongs,2018-09-19,51,WanteD! WanteD!,Mrs.GREEN APPLE,https://www.billboard-japan.com/charts/detail?a=stsongs&year=2018&month=09&day=24
2018,stsongs,2018-09-19,52,恋音と雨空,AAA,https://www.billboard-japan.com/charts/detail?a=stsongs&year=2018&month=09&day=24
2018,stsongs,2018-09-19,53,トリセツ,西野カナ,https://www.billboard-japan.com/charts/detail?a=stsongs&year=2018&month=09&day=24
2018,stsongs,2018-09-19,54,新宝島,サカナクション,https://www.billboard-japan.com/charts/detail?a=stsongs&year=2018&month=09&day=24
2018,stsongs,2018-09-19,55,アイラブユー,西野カナ,https://www.billboard-japan.com/charts/detail?a=stsongs&year=2018&month=09&day=24
2018,stsongs,2018-09-19,56,カタオモイ,Aimer(エメ),https://www.billboard-japan.com/charts/detail?a=stsongs&year=2018&month=09&day=24
2018,stsongs,2018-09-19,57,ワタリドリ,[ALEXANDROS],https://www.billboard-japan.com/charts/detail?a=stsongs&year=2018&month=09&day=24
2018,stsongs,2018-09-19,58,貴方解剖純愛歌〜死ね〜,あいみょん,https://www.billboard-japan.com/charts/detail?a=stsongs&year=2018&month=09&day=24
2018,stsongs,2018-09-19,59,Be as ONE,TWICE,https://www.billboard-japan.com/charts/detail?a=stsongs&year=2018&month=09&day=24
2018,stsongs,2018-09-19,60,ステイ,ゼッド & アレッシア・カーラ,https://www.billboard-japan.com/charts/detail?a=stsongs&year=2018&month=09&day=24
2018,stsongs,2018-09-19,61,イン・マイ・フィーリングズ,ドレイク,https://www.billboard-japan.com/charts/detail?a=stsongs&year=2018&month=09&day=24
2018,stsongs,2018-09-19,62,アゲハ蝶,ポルノグラフィティ,https://www.billboard-japan.com/charts/detail?a=stsongs&year=2018&month=09&day=24
2018,stsongs,2018-09-19,63,愛をこめて花束を,Superfly,https://www.billboard-japan.com/charts/detail?a=stsongs&year=2018&month=09&day=24
2018,stsongs,2018-09-19,64,366日,HY,https://www.billboard-japan.com/charts/detail?a=stsongs&year=2018&month=09&day=24
2018,stsongs,2018-09-19,65,ゴッド・イズ・ア・ウーマン,アリアナ・グランデ,https://www.billboard-japan.com/charts/detail?a=stsongs&year=2018&month=09&day=24
2018,stsongs,2018-09-19,66,クローサー feat.ホールジー,チェインスモーカーズ,https://www.billboard-japan.com/charts/detail?a=stsongs&year=2018&month=09&day=24
2018,stsongs,2018-09-19,67,ソロ feat.デミ・ロヴァート,クリーン・バンディット,https://www.billboard-japan.com/charts/detail?a=stsongs&year=2018&month=09&day=24
2018,stsongs,2018-09-19,68,DNA,BTS (防弾少年団),https://www.billboard-japan.com/charts/detail?a=stsongs&year=2018&month=09&day=24
2018,stsongs,2018-09-19,69,ノーダウト,Official髭男dism,https://www.billboard-japan.com/charts/detail?a=stsongs&year=2018&month=09&day=24
2018,stsongs,2018-09-19,70,シンフォニー feat.ザラ・ラーソン,クリーン・バンディット,https://www.billboard-japan.com/charts/detail?a=stsongs&year=2018&month=09&day=24
2018,stsongs,2018-09-19,71,if...,DA PUMP,https://www.billboard-japan.com/charts/detail?a=stsongs&year=2018&month=09&day=24
2018,stsongs,2018-09-19,72,ハバナ feat.ヤング・サグ,カミラ・カベロ,https://www.billboard-japan.com/charts/detail?a=stsongs&year=2018&month=09&day=24
2018,stsongs,2018-09-19,73,キセキ,GReeeeN,https://www.billboard-japan.com/charts/detail?a=stsongs&year=2018&month=09&day=24
2018,stsongs,2018-09-19,74,ひまわりの約束,秦基博,https://www.billboard-japan.com/charts/detail?a=stsongs&year=2018&month=09&day=24
2018,stsongs,2018-09-19,75,Slow & Easy,平井大,https://www.billboard-japan.com/charts/detail?a=stsongs&year=2018&month=09&day=24
2018,stsongs,2018-09-19,76,シンクロニシティ,乃木坂46,https://www.billboard-japan.com/charts/detail?a=stsongs&year=2018&month=09&day=24
2018,stsongs,2018-09-19,77,himawari,Mr.Children,https://www.billboard-japan.com/charts/detail?a=stsongs&year=2018&month=09&day=24
2018,stsongs,2018-09-19,78,ディス・イズ・ミー,キアラ・セトル & ザ・グレイテスト・ショーマン・アンサンブル,https://www.billboard-japan.com/charts/detail?a=stsongs&year=2018&month=09&day=24
2018,stsongs,2018-09-19,79,ザ・ミドル,"ゼッド,マレン・モリス,グレイ",https://www.billboard-japan.com/charts/detail?a=stsongs&year=2018&month=09&day=24
2018,stsongs,2018-09-19,80,ホワット・ドゥ・ユー・ミーン?,ジャスティン・ビーバー,https://www.billboard-japan.com/charts/detail?a=stsongs&year=2018&month=09&day=24
2018,stsongs,2018-09-19,81,EXCITE,三浦大知,https://www.billboard-japan.com/charts/detail?a=stsongs&year=2018&month=09&day=24
2018,stsongs,2018-09-19,82,Euphoria,BTS (防弾少年団),https://www.billboard-japan.com/charts/detail?a=stsongs&year=2018&month=09&day=24
2018,stsongs,2018-09-19,83,L.O.V.E,TWICE,https://www.billboard-japan.com/charts/detail?a=stsongs&year=2018&month=09&day=24
2018,stsongs,2018-09-19,84,The Beginning,ONE OK ROCK,https://www.billboard-japan.com/charts/detail?a=stsongs&year=2018&month=09&day=24
2018,stsongs,2018-09-19,85,LA FIESTA,THE RAMPAGE from EXILE TRIBE,https://www.billboard-japan.com/charts/detail?a=stsongs&year=2018&month=09&day=24
2018,stsongs,2018-09-19,86,不協和音,欅坂46,https://www.billboard-japan.com/charts/detail?a=stsongs&year=2018&month=09&day=24
2018,stsongs,2018-09-19,87,明日も,SHISHAMO,https://www.billboard-japan.com/charts/detail?a=stsongs&year=2018&month=09&day=24
2018,stsongs,2018-09-19,88,祈り花,平井大,https://www.billboard-japan.com/charts/detail?a=stsongs&year=2018&month=09&day=24
2018,stsongs,2018-09-19,89,インフルエンサー,乃木坂46,https://www.billboard-japan.com/charts/detail?a=stsongs&year=2018&month=09&day=24
2018,stsongs,2018-09-19,90,ザ・ナイツ,アヴィーチー,https://www.billboard-japan.com/charts/detail?a=stsongs&year=2018&month=09&day=24
2018,stsongs,2018-09-19,91,2002,アン・マリー,https://www.billboard-japan.com/charts/detail?a=stsongs&year=2018&month=09&day=24
2018,stsongs,2018-09-19,92,満月の夜なら,あいみょん,https://www.billboard-japan.com/charts/detail?a=stsongs&year=2018&month=09&day=24
2018,stsongs,2018-09-19,93,Love Story,安室奈美恵,https://www.billboard-japan.com/charts/detail?a=stsongs&year=2018&month=09&day=24
2018,stsongs,2018-09-19,94,点描の唄 feat.井上苑子,Mrs.GREEN APPLE,https://www.billboard-japan.com/charts/detail?a=stsongs&year=2018&month=09&day=24
2018,stsongs,2018-09-19,95,ファンファーレ,sumika,https://www.billboard-japan.com/charts/detail?a=stsongs&year=2018&month=09&day=24
2018,stsongs,2018-09-19,96,Wishing,TWICE,https://www.billboard-japan.com/charts/detail?a=stsongs&year=2018&month=09&day=24
2018,stsongs,2018-09-19,97,完全感覚Dreamer,ONE OK ROCK,https://www.billboard-japan.com/charts/detail?a=stsongs&year=2018&month=09&day=24
2018,stsongs,2018-09-19,98,シュガー,マルーン5,https://www.billboard-japan.com/charts/detail?a=stsongs&year=2018&month=09&day=24
2018,stsongs,2018-09-19,99,グッドバイ feat.ニッキー・ミナージュ、ウィリー・ウィリアム,ジェイソン・デルーロ × デヴィッド・ゲッタ,https://www.billboard-japan.com/charts/detail?a=stsongs&year=2018&month=09&day=24
2018,stsongs,2018-09-19,100,シェイク・イット・オフ〜気にしてなんかいられないっ!!,テイラー・スウィフト,https://www.billboard-japan.com/charts/detail?a=stsongs&year=2018&month=09&day=24
2018,stsongs,2018-09-26,1,U.S.A.,DA PUMP,https://www.billboard-japan.com/charts/detail?a=stsongs&year=2018&month=10&day=01
2018,stsongs,2018-09-26,2,アイノカタチ feat.HIDE(GReeeeN),MISIA,https://www.billboard-japan.com/charts/detail?a=stsongs&year=2018&month=10&day=01
2018,stsongs,2018-09-26,3,BDZ,TWICE,https://www.billboard-japan.com/charts/detail?a=stsongs&year=2018&month=10&day=01
2018,stsongs,2018-09-26,4,マリーゴールド,あいみょん,https://www.billboard-japan.com/charts/detail?a=stsongs&year=2018&month=10&day=01
2018,stsongs,2018-09-26,5,打上花火,DAOKO × 米津玄師,https://www.billboard-japan.com/charts/detail?a=stsongs&year=2018&month=10&day=01
2018,stsongs,2018-09-26,6,HANABI,Mr.Children,https://www.billboard-japan.com/charts/detail?a=stsongs&year=2018&month=10&day=01
2018,stsongs,2018-09-26,7,トリコ,Nissy(西島隆弘),https://www.billboard-japan.com/charts/detail?a=stsongs&year=2018&month=10&day=01
2018,stsongs,2018-09-26,8,Black Bird,Aimer(エメ),https://www.billboard-japan.com/charts/detail?a=stsongs&year=2018&month=10&day=01
2018,stsongs,2018-09-26,9,シェイプ・オブ・ユー,エド・シーラン,https://www.billboard-japan.com/charts/detail?a=stsongs&year=2018&month=10&day=01
2018,stsongs,2018-09-26,10,IDOL,BTS (防弾少年団),https://www.billboard-japan.com/charts/detail?a=stsongs&year=2018&month=10&day=01
2018,stsongs,2018-09-26,11,Hikari,androp,https://www.billboard-japan.com/charts/detail?a=stsongs&year=2018&month=10&day=01
2018,stsongs,2018-09-26,12,君はロックを聴かない,あいみょん,https://www.billboard-japan.com/charts/detail?a=stsongs&year=2018&month=10&day=01
2018,stsongs,2018-09-26,13,青と夏,Mrs.GREEN APPLE,https://www.billboard-japan.com/charts/detail?a=stsongs&year=2018&month=10&day=01
2018,stsongs,2018-09-26,14,愛を伝えたいだとか,あいみょん,https://www.billboard-japan.com/charts/detail?a=stsongs&year=2018&month=10&day=01
2018,stsongs,2018-09-26,15,Hero,安室奈美恵,https://www.billboard-japan.com/charts/detail?a=stsongs&year=2018&month=10&day=01
2018,stsongs,2018-09-26,16,輝きだして走ってく,サンボマスター,https://www.billboard-japan.com/charts/detail?a=stsongs&year=2018&month=10&day=01
2018,stsongs,2018-09-26,17,I WANT YOU BACK,TWICE,https://www.billboard-japan.com/charts/detail?a=stsongs&year=2018&month=10&day=01
2018,stsongs,2018-09-26,18,Bedtime Story,西野カナ,https://www.billboard-japan.com/charts/detail?a=stsongs&year=2018&month=10&day=01
2018,stsongs,2018-09-26,19,アンビバレント,欅坂46,https://www.billboard-japan.com/charts/detail?a=stsongs&year=2018&month=10&day=01
2018,stsongs,2018-09-26,20,さよならエレジー,菅田将暉,https://www.billboard-japan.com/charts/detail?a=stsongs&year=2018&month=10&day=01
2018,stsongs,2018-09-26,21,Wherever you are,ONE OK ROCK,https://www.billboard-japan.com/charts/detail?a=stsongs&year=2018&month=10&day=01
2018,stsongs,2018-09-26,22,DDU-DU DDU-DU,BLACKPINK,https://www.billboard-japan.com/charts/detail?a=stsongs&year=2018&month=10&day=01
2018,stsongs,2018-09-26,23,アイデア,星野源,https://www.billboard-japan.com/charts/detail?a=stsongs&year=2018&month=10&day=01
2018,stsongs,2018-09-26,24,ドラマ,C & K,https://www.billboard-japan.com/charts/detail?a=stsongs&year=2018&month=10&day=01
2018,stsongs,2018-09-26,25,Dance The Night Away,TWICE,https://www.billboard-japan.com/charts/detail?a=stsongs&year=2018&month=10&day=01
2018,stsongs,2018-09-26,26,もし君を許せたら,家入レオ,https://www.billboard-japan.com/charts/detail?a=stsongs&year=2018&month=10&day=01
2018,stsongs,2018-09-26,27,Candy Pop,TWICE,https://www.billboard-japan.com/charts/detail?a=stsongs&year=2018&month=10&day=01
2018,stsongs,2018-09-26,28,"ノー・ブレイナー feat.ジャスティン・ビーバー,チャンス・ザ・ラッパー & クエヴォ",DJキャレド,https://www.billboard-japan.com/charts/detail?a=stsongs&year=2018&month=10&day=01
2018,stsongs,2018-09-26,29,DEJAVU,AAA,https://www.billboard-japan.com/charts/detail?a=stsongs&year=2018&month=10&day=01
2018,stsongs,2018-09-26,30,サイレントマジョリティー,欅坂46,https://www.billboard-japan.com/charts/detail?a=stsongs&year=2018&month=10&day=01
2018,stsongs,2018-09-26,31,TT,TWICE,https://www.billboard-japan.com/charts/detail?a=stsongs&year=2018&month=10&day=01
2018,stsongs,2018-09-26,32,ガラスを割れ!,欅坂46,https://www.billboard-japan.com/charts/detail?a=stsongs&year=2018&month=10&day=01
2018,stsongs,2018-09-26,33,ライズ feat.ジャック & ジャック,ジョナス・ブルー,https://www.billboard-japan.com/charts/detail?a=stsongs&year=2018&month=10&day=01
2018,stsongs,2018-09-26,34,世界はあなたに笑いかけている,Little Glee Monster,https://www.billboard-japan.com/charts/detail?a=stsongs&year=2018&month=10&day=01
2018,stsongs,2018-09-26,35,奏(かなで),スキマスイッチ,https://www.billboard-japan.com/charts/detail?a=stsongs&year=2018&month=10&day=01
2018,stsongs,2018-09-26,36,What is Love?,TWICE,https://www.billboard-japan.com/charts/detail?a=stsongs&year=2018&month=10&day=01
2018,stsongs,2018-09-26,37,Love Story,安室奈美恵,https://www.billboard-japan.com/charts/detail?a=stsongs&year=2018&month=10&day=01
2018,stsongs,2018-09-26,38,Change,ONE OK ROCK,https://www.billboard-japan.com/charts/detail?a=stsongs&year=2018&month=10&day=01
2018,stsongs,2018-09-26,39,Tomorrow,AAA,https://www.billboard-japan.com/charts/detail?a=stsongs&year=2018&month=10&day=01
2018,stsongs,2018-09-26,40,Just You and I,安室奈美恵,https://www.billboard-japan.com/charts/detail?a=stsongs&year=2018&month=10&day=01
2018,stsongs,2018-09-26,41,My Boo,清水翔太,https://www.billboard-japan.com/charts/detail?a=stsongs&year=2018&month=10&day=01
2018,stsongs,2018-09-26,42,小さな恋のうた,MONGOL800,https://www.billboard-japan.com/charts/detail?a=stsongs&year=2018&month=10&day=01
2018,stsongs,2018-09-26,43,ロングホープ・フィリア,菅田将暉,https://www.billboard-japan.com/charts/detail?a=stsongs&year=2018&month=10&day=01
2018,stsongs,2018-09-26,44,One More Time,TWICE,https://www.billboard-japan.com/charts/detail?a=stsongs&year=2018&month=10&day=01
2018,stsongs,2018-09-26,45,アイラブユー,西野カナ,https://www.billboard-japan.com/charts/detail?a=stsongs&year=2018&month=10&day=01
2018,stsongs,2018-09-26,46,RAIN,SEKAI NO OWARI,https://www.billboard-japan.com/charts/detail?a=stsongs&year=2018&month=10&day=01
2018,stsongs,2018-09-26,47,FAKE LOVE,BTS (防弾少年団),https://www.billboard-japan.com/charts/detail?a=stsongs&year=2018&month=10&day=01
2018,stsongs,2018-09-26,48,恋音と雨空,AAA,https://www.billboard-japan.com/charts/detail?a=stsongs&year=2018&month=10&day=01
2018,stsongs,2018-09-26,49,貴方解剖純愛歌〜死ね〜,あいみょん,https://www.billboard-japan.com/charts/detail?a=stsongs&year=2018&month=10&day=01
2018,stsongs,2018-09-26,50,Baby Don't Cry,安室奈美恵,https://www.billboard-japan.com/charts/detail?a=stsongs&year=2018&month=10&day=01
2018,stsongs,2018-09-26,51,Wake Me Up,TWICE,https://www.billboard-japan.com/charts/detail?a=stsongs&year=2018&month=10&day=01
2018,stsongs,2018-09-26,52,ジコチューで行こう!,乃木坂46,https://www.billboard-japan.com/charts/detail?a=stsongs&year=2018&month=10&day=01
2018,stsongs,2018-09-26,53,ステイ,ゼッド & アレッシア・カーラ,https://www.billboard-japan.com/charts/detail?a=stsongs&year=2018&month=10&day=01
2018,stsongs,2018-09-26,54,WanteD! WanteD!,Mrs.GREEN APPLE,https://www.billboard-japan.com/charts/detail?a=stsongs&year=2018&month=10&day=01
2018,stsongs,2018-09-26,55,CAN YOU CELEBRATE?,安室奈美恵,https://www.billboard-japan.com/charts/detail?a=stsongs&year=2018&month=10&day=01
2018,stsongs,2018-09-26,56,ノー・ティアーズ・レフト・トゥ・クライ,アリアナ・グランデ,https://www.billboard-japan.com/charts/detail?a=stsongs&year=2018&month=10&day=01
2018,stsongs,2018-09-26,57,ディス・イズ・ミー,キアラ・セトル & ザ・グレイテスト・ショーマン・アンサンブル,https://www.billboard-japan.com/charts/detail?a=stsongs&year=2018&month=10&day=01
2018,stsongs,2018-09-26,58,トリセツ,西野カナ,https://www.billboard-japan.com/charts/detail?a=stsongs&year=2018&month=10&day=01
2018,stsongs,2018-09-26,59,ワタリドリ,[ALEXANDROS],https://www.billboard-japan.com/charts/detail?a=stsongs&year=2018&month=10&day=01
2018,stsongs,2018-09-26,60,新宝島,サカナクション,https://www.billboard-japan.com/charts/detail?a=stsongs&year=2018&month=10&day=01
2018,stsongs,2018-09-26,61,EXCITE,三浦大知,https://www.billboard-japan.com/charts/detail?a=stsongs&year=2018&month=10&day=01
2018,stsongs,2018-09-26,62,シンクロニシティ,乃木坂46,https://www.billboard-japan.com/charts/detail?a=stsongs&year=2018&month=10&day=01
2018,stsongs,2018-09-26,63,Be as ONE,TWICE,https://www.billboard-japan.com/charts/detail?a=stsongs&year=2018&month=10&day=01
2018,stsongs,2018-09-26,64,クローサー feat.ホールジー,チェインスモーカーズ,https://www.billboard-japan.com/charts/detail?a=stsongs&year=2018&month=10&day=01
2018,stsongs,2018-09-26,65,NEVER END,安室奈美恵,https://www.billboard-japan.com/charts/detail?a=stsongs&year=2018&month=10&day=01
2018,stsongs,2018-09-26,66,ただ君に晴れ,ヨルシカ,https://www.billboard-japan.com/charts/detail?a=stsongs&year=2018&month=10&day=01
2018,stsongs,2018-09-26,67,愛をこめて花束を,Superfly,https://www.billboard-japan.com/charts/detail?a=stsongs&year=2018&month=10&day=01
2018,stsongs,2018-09-26,68,SWEET 19 BLUES,安室奈美恵,https://www.billboard-japan.com/charts/detail?a=stsongs&year=2018&month=10&day=01
2018,stsongs,2018-09-26,69,シンフォニー feat.ザラ・ラーソン,クリーン・バンディット,https://www.billboard-japan.com/charts/detail?a=stsongs&year=2018&month=10&day=01
2018,stsongs,2018-09-26,70,ザ・ミドル,"ゼッド,マレン・モリス,グレイ",https://www.billboard-japan.com/charts/detail?a=stsongs&year=2018&month=10&day=01
2018,stsongs,2018-09-26,71,不協和音,欅坂46,https://www.billboard-japan.com/charts/detail?a=stsongs&year=2018&month=10&day=01
2018,stsongs,2018-09-26,72,Don't wanna cry,安室奈美恵,https://www.billboard-japan.com/charts/detail?a=stsongs&year=2018&month=10&day=01
2018,stsongs,2018-09-26,73,if...,DA PUMP,https://www.billboard-japan.com/charts/detail?a=stsongs&year=2018&month=10&day=01
2018,stsongs,2018-09-26,74,ソロ feat.デミ・ロヴァート,クリーン・バンディット,https://www.billboard-japan.com/charts/detail?a=stsongs&year=2018&month=10&day=01
2018,stsongs,2018-09-26,75,366日,HY,https://www.billboard-japan.com/charts/detail?a=stsongs&year=2018&month=10&day=01
2018,stsongs,2018-09-26,76,カタオモイ,Aimer(エメ),https://www.billboard-japan.com/charts/detail?a=stsongs&year=2018&month=10&day=01
2018,stsongs,2018-09-26,77,ハバナ feat.ヤング・サグ,カミラ・カベロ,https://www.billboard-japan.com/charts/detail?a=stsongs&year=2018&month=10&day=01
2018,stsongs,2018-09-26,78,I'm Fine,BTS (防弾少年団),https://www.billboard-japan.com/charts/detail?a=stsongs&year=2018&month=10&day=01
2018,stsongs,2018-09-26,79,ノーダウト,Official髭男dism,https://www.billboard-japan.com/charts/detail?a=stsongs&year=2018&month=10&day=01
2018,stsongs,2018-09-26,80,できっこないを やらなくちゃ,サンボマスター,https://www.billboard-japan.com/charts/detail?a=stsongs&year=2018&month=10&day=01
2018,stsongs,2018-09-26,81,グッドバイ feat.ニッキー・ミナージュ、ウィリー・ウィリアム,ジェイソン・デルーロ × デヴィッド・ゲッタ,https://www.billboard-japan.com/charts/detail?a=stsongs&year=2018&month=10&day=01
2018,stsongs,2018-09-26,82,DNA,BTS (防弾少年団),https://www.billboard-japan.com/charts/detail?a=stsongs&year=2018&month=10&day=01
2018,stsongs,2018-09-26,83,himawari,Mr.Children,https://www.billboard-japan.com/charts/detail?a=stsongs&year=2018&month=10&day=01
2018,stsongs,2018-09-26,84,LA FIESTA,THE RAMPAGE from EXILE TRIBE,https://www.billboard-japan.com/charts/detail?a=stsongs&year=2018&month=10&day=01
2018,stsongs,2018-09-26,85,キセキ,GReeeeN,https://www.billboard-japan.com/charts/detail?a=stsongs&year=2018&month=10&day=01
2018,stsongs,2018-09-26,86,ひまわりの約束,秦基博,https://www.billboard-japan.com/charts/detail?a=stsongs&year=2018&month=10&day=01
2018,stsongs,2018-09-26,87,Fight Together,安室奈美恵,https://www.billboard-japan.com/charts/detail?a=stsongs&year=2018&month=10&day=01
2018,stsongs,2018-09-26,88,インフルエンサー,乃木坂46,https://www.billboard-japan.com/charts/detail?a=stsongs&year=2018&month=10&day=01
2018,stsongs,2018-09-26,89,ザ・ナイツ,アヴィーチー,https://www.billboard-japan.com/charts/detail?a=stsongs&year=2018&month=10&day=01
2018,stsongs,2018-09-26,90,サウダージ,ポルノグラフィティ,https://www.billboard-japan.com/charts/detail?a=stsongs&year=2018&month=10&day=01
2018,stsongs,2018-09-26,91,イン・マイ・フィーリングズ,ドレイク,https://www.billboard-japan.com/charts/detail?a=stsongs&year=2018&month=10&day=01
2018,stsongs,2018-09-26,92,ファンファーレ,sumika,https://www.billboard-japan.com/charts/detail?a=stsongs&year=2018&month=10&day=01
2018,stsongs,2018-09-26,93,The Beginning,ONE OK ROCK,https://www.billboard-japan.com/charts/detail?a=stsongs&year=2018&month=10&day=01
2018,stsongs,2018-09-26,94,満月の夜なら,あいみょん,https://www.billboard-japan.com/charts/detail?a=stsongs&year=2018&month=10&day=01
2018,stsongs,2018-09-26,95,明日も,SHISHAMO,https://www.billboard-japan.com/charts/detail?a=stsongs&year=2018&month=10&day=01
2018,stsongs,2018-09-26,96,二人セゾン,欅坂46,https://www.billboard-japan.com/charts/detail?a=stsongs&year=2018&month=10&day=01
2018,stsongs,2018-09-26,97,ドント・リーヴ・ミー・アローン feat.アン・マリー,デヴィッド・ゲッタ,https://www.billboard-japan.com/charts/detail?a=stsongs&year=2018&month=10&day=01
2018,stsongs,2018-09-26,98,R.Y.U.S.E.I.,三代目 J Soul Brothers from EXILE TRIBE,https://www.billboard-japan.com/charts/detail?a=stsongs&year=2018&month=10&day=01
2018,stsongs,2018-09-26,99,生きていたんだよな,あいみょん,https://www.billboard-japan.com/charts/detail?a=stsongs&year=2018&month=10&day=01
2018,stsongs,2018-09-26,100,春夏秋冬,sumika,https://www.billboard-japan.com/charts/detail?a=stsongs&year=2018&month=10&day=01
2018,stsongs,2018-10-03,1,U.S.A.,DA PUMP,https://www.billboard-japan.com/charts/detail?a=stsongs&year=2018&month=10&day=08
2018,stsongs,2018-10-03,2,アイノカタチ feat.HIDE(GReeeeN),MISIA,https://www.billboard-japan.com/charts/detail?a=stsongs&year=2018&month=10&day=08
2018,stsongs,2018-10-03,3,マリーゴールド,あいみょん,https://www.billboard-japan.com/charts/detail?a=stsongs&year=2018&month=10&day=08
2018,stsongs,2018-10-03,4,トリコ,Nissy(西島隆弘),https://www.billboard-japan.com/charts/detail?a=stsongs&year=2018&month=10&day=08
2018,stsongs,2018-10-03,5,打上花火,DAOKO × 米津玄師,https://www.billboard-japan.com/charts/detail?a=stsongs&year=2018&month=10&day=08
2018,stsongs,2018-10-03,6,BDZ,TWICE,https://www.billboard-japan.com/charts/detail?a=stsongs&year=2018&month=10&day=08
2018,stsongs,2018-10-03,7,Bedtime Story,西野カナ,https://www.billboard-japan.com/charts/detail?a=stsongs&year=2018&month=10&day=08
2018,stsongs,2018-10-03,8,シェイプ・オブ・ユー,エド・シーラン,https://www.billboard-japan.com/charts/detail?a=stsongs&year=2018&month=10&day=08
2018,stsongs,2018-10-03,9,HANABI,Mr.Children,https://www.billboard-japan.com/charts/detail?a=stsongs&year=2018&month=10&day=08
2018,stsongs,2018-10-03,10,君はロックを聴かない,あいみょん,https://www.billboard-japan.com/charts/detail?a=stsongs&year=2018&month=10&day=08
2018,stsongs,2018-10-03,11,Black Bird,Aimer(エメ),https://www.billboard-japan.com/charts/detail?a=stsongs&year=2018&month=10&day=08
2018,stsongs,2018-10-03,12,IDOL,BTS (防弾少年団),https://www.billboard-japan.com/charts/detail?a=stsongs&year=2018&month=10&day=08
2018,stsongs,2018-10-03,13,愛を伝えたいだとか,あいみょん,https://www.billboard-japan.com/charts/detail?a=stsongs&year=2018&month=10&day=08
2018,stsongs,2018-10-03,14,Hikari,androp,https://www.billboard-japan.com/charts/detail?a=stsongs&year=2018&month=10&day=08
2018,stsongs,2018-10-03,15,青と夏,Mrs.GREEN APPLE,https://www.billboard-japan.com/charts/detail?a=stsongs&year=2018&month=10&day=08
2018,stsongs,2018-10-03,16,Wherever you are,ONE OK ROCK,https://www.billboard-japan.com/charts/detail?a=stsongs&year=2018&month=10&day=08
2018,stsongs,2018-10-03,17,さよならエレジー,菅田将暉,https://www.billboard-japan.com/charts/detail?a=stsongs&year=2018&month=10&day=08
2018,stsongs,2018-10-03,18,アンビバレント,欅坂46,https://www.billboard-japan.com/charts/detail?a=stsongs&year=2018&month=10&day=08
2018,stsongs,2018-10-03,19,DDU-DU DDU-DU,BLACKPINK,https://www.billboard-japan.com/charts/detail?a=stsongs&year=2018&month=10&day=08
2018,stsongs,2018-10-03,20,I WANT YOU BACK,TWICE,https://www.billboard-japan.com/charts/detail?a=stsongs&year=2018&month=10&day=08
2018,stsongs,2018-10-03,21,輝きだして走ってく,サンボマスター,https://www.billboard-japan.com/charts/detail?a=stsongs&year=2018&month=10&day=08
2018,stsongs,2018-10-03,22,Hero,安室奈美恵,https://www.billboard-japan.com/charts/detail?a=stsongs&year=2018&month=10&day=08
2018,stsongs,2018-10-03,23,ドラマ,C & K,https://www.billboard-japan.com/charts/detail?a=stsongs&year=2018&month=10&day=08
2018,stsongs,2018-10-03,24,アイデア,星野源,https://www.billboard-japan.com/charts/detail?a=stsongs&year=2018&month=10&day=08
2018,stsongs,2018-10-03,25,Dance The Night Away,TWICE,https://www.billboard-japan.com/charts/detail?a=stsongs&year=2018&month=10&day=08
2018,stsongs,2018-10-03,26,TT,TWICE,https://www.billboard-japan.com/charts/detail?a=stsongs&year=2018&month=10&day=08
2018,stsongs,2018-10-03,27,カタオモイ,Aimer(エメ),https://www.billboard-japan.com/charts/detail?a=stsongs&year=2018&month=10&day=08
2018,stsongs,2018-10-03,28,奏(かなで),スキマスイッチ,https://www.billboard-japan.com/charts/detail?a=stsongs&year=2018&month=10&day=08
2018,stsongs,2018-10-03,29,もし君を許せたら,家入レオ,https://www.billboard-japan.com/charts/detail?a=stsongs&year=2018&month=10&day=08
2018,stsongs,2018-10-03,30,ガラスを割れ!,欅坂46,https://www.billboard-japan.com/charts/detail?a=stsongs&year=2018&month=10&day=08
2018,stsongs,2018-10-03,31,サイレントマジョリティー,欅坂46,https://www.billboard-japan.com/charts/detail?a=stsongs&year=2018&month=10&day=08
2018,stsongs,2018-10-03,32,ライズ feat.ジャック & ジャック,ジョナス・ブルー,https://www.billboard-japan.com/charts/detail?a=stsongs&year=2018&month=10&day=08
2018,stsongs,2018-10-03,33,What is Love?,TWICE,https://www.billboard-japan.com/charts/detail?a=stsongs&year=2018&month=10&day=08
2018,stsongs,2018-10-03,34,Change,ONE OK ROCK,https://www.billboard-japan.com/charts/detail?a=stsongs&year=2018&month=10&day=08
2018,stsongs,2018-10-03,35,My Boo,清水翔太,https://www.billboard-japan.com/charts/detail?a=stsongs&year=2018&month=10&day=08
2018,stsongs,2018-10-03,36,Candy Pop,TWICE,https://www.billboard-japan.com/charts/detail?a=stsongs&year=2018&month=10&day=08
2018,stsongs,2018-10-03,37,DEJAVU,AAA,https://www.billboard-japan.com/charts/detail?a=stsongs&year=2018&month=10&day=08
2018,stsongs,2018-10-03,38,小さな恋のうた,MONGOL800,https://www.billboard-japan.com/charts/detail?a=stsongs&year=2018&month=10&day=08
2018,stsongs,2018-10-03,39,"ノー・ブレイナー feat.ジャスティン・ビーバー,チャンス・ザ・ラッパー & クエヴォ",DJキャレド,https://www.billboard-japan.com/charts/detail?a=stsongs&year=2018&month=10&day=08
2018,stsongs,2018-10-03,40,貴方解剖純愛歌〜死ね〜,あいみょん,https://www.billboard-japan.com/charts/detail?a=stsongs&year=2018&month=10&day=08
2018,stsongs,2018-10-03,41,"春よ,来い",松任谷由実,https://www.billboard-japan.com/charts/detail?a=stsongs&year=2018&month=10&day=08
2018,stsongs,2018-10-03,42,恋音と雨空,AAA,https://www.billboard-japan.com/charts/detail?a=stsongs&year=2018&month=10&day=08
2018,stsongs,2018-10-03,43,"Hello,my friend",松任谷由実,https://www.billboard-japan.com/charts/detail?a=stsongs&year=2018&month=10&day=08
2018,stsongs,2018-10-03,44,世界はあなたに笑いかけている,Little Glee Monster,https://www.billboard-japan.com/charts/detail?a=stsongs&year=2018&month=10&day=08
2018,stsongs,2018-10-03,45,FAKE LOVE,BTS (防弾少年団),https://www.billboard-japan.com/charts/detail?a=stsongs&year=2018&month=10&day=08
2018,stsongs,2018-10-03,46,ロングホープ・フィリア,菅田将暉,https://www.billboard-japan.com/charts/detail?a=stsongs&year=2018&month=10&day=08
2018,stsongs,2018-10-03,47,RAIN,SEKAI NO OWARI,https://www.billboard-japan.com/charts/detail?a=stsongs&year=2018&month=10&day=08
2018,stsongs,2018-10-03,48,Tomorrow,AAA,https://www.billboard-japan.com/charts/detail?a=stsongs&year=2018&month=10&day=08
2018,stsongs,2018-10-03,49,やさしさに包まれたなら,荒井由実,https://www.billboard-japan.com/charts/detail?a=stsongs&year=2018&month=10&day=08
2018,stsongs,2018-10-03,50,ディス・イズ・ミー,キアラ・セトル & ザ・グレイテスト・ショーマン・アンサンブル,https://www.billboard-japan.com/charts/detail?a=stsongs&year=2018&month=10&day=08
2018,stsongs,2018-10-03,51,ディス・フィーリング feat.ケルシー・バレリーニ,チェインスモーカーズ,https://www.billboard-japan.com/charts/detail?a=stsongs&year=2018&month=10&day=08
2018,stsongs,2018-10-03,52,ルージュの伝言,荒井由実,https://www.billboard-japan.com/charts/detail?a=stsongs&year=2018&month=10&day=08
2018,stsongs,2018-10-03,53,守ってあげたい,松任谷由実,https://www.billboard-japan.com/charts/detail?a=stsongs&year=2018&month=10&day=08
2018,stsongs,2018-10-03,54,ひこうき雲,荒井由実,https://www.billboard-japan.com/charts/detail?a=stsongs&year=2018&month=10&day=08
2018,stsongs,2018-10-03,55,WanteD! WanteD!,Mrs.GREEN APPLE,https://www.billboard-japan.com/charts/detail?a=stsongs&year=2018&month=10&day=08
2018,stsongs,2018-10-03,56,真夏の夜の夢,松任谷由実,https://www.billboard-japan.com/charts/detail?a=stsongs&year=2018&month=10&day=08
2018,stsongs,2018-10-03,57,Love Story,安室奈美恵,https://www.billboard-japan.com/charts/detail?a=stsongs&year=2018&month=10&day=08
2018,stsongs,2018-10-03,58,栞,クリープハイプ,https://www.billboard-japan.com/charts/detail?a=stsongs&year=2018&month=10&day=08
2018,stsongs,2018-10-03,59,ワタリドリ,[ALEXANDROS],https://www.billboard-japan.com/charts/detail?a=stsongs&year=2018&month=10&day=08
2018,stsongs,2018-10-03,60,ジコチューで行こう!,乃木坂46,https://www.billboard-japan.com/charts/detail?a=stsongs&year=2018&month=10&day=08
2018,stsongs,2018-10-03,61,アイラブユー,西野カナ,https://www.billboard-japan.com/charts/detail?a=stsongs&year=2018&month=10&day=08
2018,stsongs,2018-10-03,62,ステイ,ゼッド & アレッシア・カーラ,https://www.billboard-japan.com/charts/detail?a=stsongs&year=2018&month=10&day=08
2018,stsongs,2018-10-03,63,リフレインが叫んでる,松任谷由実,https://www.billboard-japan.com/charts/detail?a=stsongs&year=2018&month=10&day=08
2018,stsongs,2018-10-03,64,トリセツ,西野カナ,https://www.billboard-japan.com/charts/detail?a=stsongs&year=2018&month=10&day=08
2018,stsongs,2018-10-03,65,ノー・ティアーズ・レフト・トゥ・クライ,アリアナ・グランデ,https://www.billboard-japan.com/charts/detail?a=stsongs&year=2018&month=10&day=08
2018,stsongs,2018-10-03,66,ただ君に晴れ,ヨルシカ,https://www.billboard-japan.com/charts/detail?a=stsongs&year=2018&month=10&day=08
2018,stsongs,2018-10-03,67,クローサー feat.ホールジー,チェインスモーカーズ,https://www.billboard-japan.com/charts/detail?a=stsongs&year=2018&month=10&day=08
2018,stsongs,2018-10-03,68,新宝島,サカナクション,https://www.billboard-japan.com/charts/detail?a=stsongs&year=2018&month=10&day=08
2018,stsongs,2018-10-03,69,Wake Me Up,TWICE,https://www.billboard-japan.com/charts/detail?a=stsongs&year=2018&month=10&day=08
2018,stsongs,2018-10-03,70,EXCITE,三浦大知,https://www.billboard-japan.com/charts/detail?a=stsongs&year=2018&month=10&day=08
2018,stsongs,2018-10-03,71,シンクロニシティ,乃木坂46,https://www.billboard-japan.com/charts/detail?a=stsongs&year=2018&month=10&day=08
2018,stsongs,2018-10-03,72,シンフォニー feat.ザラ・ラーソン,クリーン・バンディット,https://www.billboard-japan.com/charts/detail?a=stsongs&year=2018&month=10&day=08
2018,stsongs,2018-10-03,73,満月の夜なら,あいみょん,https://www.billboard-japan.com/charts/detail?a=stsongs&year=2018&month=10&day=08
2018,stsongs,2018-10-03,74,愛をこめて花束を,Superfly,https://www.billboard-japan.com/charts/detail?a=stsongs&year=2018&month=10&day=08
2018,stsongs,2018-10-03,75,Just You and I,安室奈美恵,https://www.billboard-japan.com/charts/detail?a=stsongs&year=2018&month=10&day=08
2018,stsongs,2018-10-03,76,不協和音,欅坂46,https://www.billboard-japan.com/charts/detail?a=stsongs&year=2018&month=10&day=08
2018,stsongs,2018-10-03,77,ひまわりの約束,秦基博,https://www.billboard-japan.com/charts/detail?a=stsongs&year=2018&month=10&day=08
2018,stsongs,2018-10-03,78,ノーダウト,Official髭男dism,https://www.billboard-japan.com/charts/detail?a=stsongs&year=2018&month=10&day=08
2018,stsongs,2018-10-03,79,ソロ feat.デミ・ロヴァート,クリーン・バンディット,https://www.billboard-japan.com/charts/detail?a=stsongs&year=2018&month=10&day=08
2018,stsongs,2018-10-03,80,if...,DA PUMP,https://www.billboard-japan.com/charts/detail?a=stsongs&year=2018&month=10&day=08
2018,stsongs,2018-10-03,80,ザ・ミドル,"ゼッド,マレン・モリス,グレイ",https://www.billboard-japan.com/charts/detail?a=stsongs&year=2018&month=10&day=08
2018,stsongs,2018-10-03,82,One More Time,TWICE,https://www.billboard-japan.com/charts/detail?a=stsongs&year=2018&month=10&day=08
2018,stsongs,2018-10-03,83,himawari,Mr.Children,https://www.billboard-japan.com/charts/detail?a=stsongs&year=2018&month=10&day=08
2018,stsongs,2018-10-03,84,恋人がサンタクロース,松任谷由実,https://www.billboard-japan.com/charts/detail?a=stsongs&year=2018&month=10&day=08
2018,stsongs,2018-10-03,85,DNA,BTS (防弾少年団),https://www.billboard-japan.com/charts/detail?a=stsongs&year=2018&month=10&day=08
2018,stsongs,2018-10-03,86,ザ・ナイツ,アヴィーチー,https://www.billboard-japan.com/charts/detail?a=stsongs&year=2018&month=10&day=08
2018,stsongs,2018-10-03,87,CAN YOU CELEBRATE?,安室奈美恵,https://www.billboard-japan.com/charts/detail?a=stsongs&year=2018&month=10&day=08
2018,stsongs,2018-10-03,88,インフルエンサー,乃木坂46,https://www.billboard-japan.com/charts/detail?a=stsongs&year=2018&month=10&day=08
2018,stsongs,2018-10-03,89,明日も,SHISHAMO,https://www.billboard-japan.com/charts/detail?a=stsongs&year=2018&month=10&day=08
2018,stsongs,2018-10-03,90,366日,HY,https://www.billboard-japan.com/charts/detail?a=stsongs&year=2018&month=10&day=08
2018,stsongs,2018-10-03,90,キセキ,GReeeeN,https://www.billboard-japan.com/charts/detail?a=stsongs&year=2018&month=10&day=08
2018,stsongs,2018-10-03,92,I'm Fine,BTS (防弾少年団),https://www.billboard-japan.com/charts/detail?a=stsongs&year=2018&month=10&day=08
2018,stsongs,2018-10-03,93,The Beginning,ONE OK ROCK,https://www.billboard-japan.com/charts/detail?a=stsongs&year=2018&month=10&day=08
2018,stsongs,2018-10-03,94,2002,アン・マリー,https://www.billboard-japan.com/charts/detail?a=stsongs&year=2018&month=10&day=08
2018,stsongs,2018-10-03,95,Story,AI,https://www.billboard-japan.com/charts/detail?a=stsongs&year=2018&month=10&day=08
2018,stsongs,2018-10-03,96,ハピアー,マシュメロ & バスティル,https://www.billboard-japan.com/charts/detail?a=stsongs&year=2018&month=10&day=08
2018,stsongs,2018-10-03,97,生きていたんだよな,あいみょん,https://www.billboard-japan.com/charts/detail?a=stsongs&year=2018&month=10&day=08
2018,stsongs,2018-10-03,98,完全感覚Dreamer,ONE OK ROCK,https://www.billboard-japan.com/charts/detail?a=stsongs&year=2018&month=10&day=08
2018,stsongs,2018-10-03,99,Baby Don't Cry,安室奈美恵,https://www.billboard-japan.com/charts/detail?a=stsongs&year=2018&month=10&day=08
2018,stsongs,2018-10-03,100,サウダージ,ポルノグラフィティ,https://www.billboard-japan.com/charts/detail?a=stsongs&year=2018&month=10&day=08
2018,stsongs,2018-10-10,1,U.S.A.,DA PUMP,https://www.billboard-japan.com/charts/detail?a=stsongs&year=2018&month=10&day=15
2018,stsongs,2018-10-10,2,アイノカタチ feat.HIDE(GReeeeN),MISIA,https://www.billboard-japan.com/charts/detail?a=stsongs&year=2018&month=10&day=15
2018,stsongs,2018-10-10,3,トリコ,Nissy(西島隆弘),https://www.billboard-japan.com/charts/detail?a=stsongs&year=2018&month=10&day=15
2018,stsongs,2018-10-10,4,マリーゴールド,あいみょん,https://www.billboard-japan.com/charts/detail?a=stsongs&year=2018&month=10&day=15
2018,stsongs,2018-10-10,5,Bedtime Story,西野カナ,https://www.billboard-japan.com/charts/detail?a=stsongs&year=2018&month=10&day=15
2018,stsongs,2018-10-10,6,打上花火,DAOKO × 米津玄師,https://www.billboard-japan.com/charts/detail?a=stsongs&year=2018&month=10&day=15
2018,stsongs,2018-10-10,7,HANABI,Mr.Children,https://www.billboard-japan.com/charts/detail?a=stsongs&year=2018&month=10&day=15
2018,stsongs,2018-10-10,8,シェイプ・オブ・ユー,エド・シーラン,https://www.billboard-japan.com/charts/detail?a=stsongs&year=2018&month=10&day=15
2018,stsongs,2018-10-10,9,獣ゆく細道,椎名林檎と宮本浩次,https://www.billboard-japan.com/charts/detail?a=stsongs&year=2018&month=10&day=15
2018,stsongs,2018-10-10,10,BDZ,TWICE,https://www.billboard-japan.com/charts/detail?a=stsongs&year=2018&month=10&day=15
2018,stsongs,2018-10-10,11,君はロックを聴かない,あいみょん,https://www.billboard-japan.com/charts/detail?a=stsongs&year=2018&month=10&day=15
2018,stsongs,2018-10-10,12,愛を伝えたいだとか,あいみょん,https://www.billboard-japan.com/charts/detail?a=stsongs&year=2018&month=10&day=15
2018,stsongs,2018-10-10,13,IDOL,BTS (防弾少年団),https://www.billboard-japan.com/charts/detail?a=stsongs&year=2018&month=10&day=15
2018,stsongs,2018-10-10,14,Black Bird,Aimer(エメ),https://www.billboard-japan.com/charts/detail?a=stsongs&year=2018&month=10&day=15
2018,stsongs,2018-10-10,15,Perfect World,E-girls,https://www.billboard-japan.com/charts/detail?a=stsongs&year=2018&month=10&day=15
2018,stsongs,2018-10-10,16,青と夏,Mrs.GREEN APPLE,https://www.billboard-japan.com/charts/detail?a=stsongs&year=2018&month=10&day=15
2018,stsongs,2018-10-10,17,Wherever you are,ONE OK ROCK,https://www.billboard-japan.com/charts/detail?a=stsongs&year=2018&month=10&day=15
2018,stsongs,2018-10-10,18,ディス・イズ・ミー,キアラ・セトル & ザ・グレイテスト・ショーマン・アンサンブル,https://www.billboard-japan.com/charts/detail?a=stsongs&year=2018&month=10&day=15
2018,stsongs,2018-10-10,19,Hikari,androp,https://www.billboard-japan.com/charts/detail?a=stsongs&year=2018&month=10&day=15
2018,stsongs,2018-10-10,20,さよならエレジー,菅田将暉,https://www.billboard-japan.com/charts/detail?a=stsongs&year=2018&month=10&day=15
2018,stsongs,2018-10-10,21,DDU-DU DDU-DU,BLACKPINK,https://www.billboard-japan.com/charts/detail?a=stsongs&year=2018&month=10&day=15
2018,stsongs,2018-10-10,22,アンビバレント,欅坂46,https://www.billboard-japan.com/charts/detail?a=stsongs&year=2018&month=10&day=15
2018,stsongs,2018-10-10,23,カタオモイ。,ハジ→,https://www.billboard-japan.com/charts/detail?a=stsongs&year=2018&month=10&day=15
2018,stsongs,2018-10-10,24,奏(かなで),スキマスイッチ,https://www.billboard-japan.com/charts/detail?a=stsongs&year=2018&month=10&day=15
2018,stsongs,2018-10-10,25,輝きだして走ってく,サンボマスター,https://www.billboard-japan.com/charts/detail?a=stsongs&year=2018&month=10&day=15
2018,stsongs,2018-10-10,26,Hero,安室奈美恵,https://www.billboard-japan.com/charts/detail?a=stsongs&year=2018&month=10&day=15
2018,stsongs,2018-10-10,27,TT,TWICE,https://www.billboard-japan.com/charts/detail?a=stsongs&year=2018&month=10&day=15
2018,stsongs,2018-10-10,28,I WANT YOU BACK,TWICE,https://www.billboard-japan.com/charts/detail?a=stsongs&year=2018&month=10&day=15
2018,stsongs,2018-10-10,29,Dance The Night Away,TWICE,https://www.billboard-japan.com/charts/detail?a=stsongs&year=2018&month=10&day=15
2018,stsongs,2018-10-10,30,アイデア,星野源,https://www.billboard-japan.com/charts/detail?a=stsongs&year=2018&month=10&day=15
2018,stsongs,2018-10-10,31,ディス・フィーリング feat.ケルシー・バレリーニ,チェインスモーカーズ,https://www.billboard-japan.com/charts/detail?a=stsongs&year=2018&month=10&day=15
2018,stsongs,2018-10-10,32,カタオモイ,Aimer(エメ),https://www.billboard-japan.com/charts/detail?a=stsongs&year=2018&month=10&day=15
2018,stsongs,2018-10-10,33,ガラスを割れ!,欅坂46,https://www.billboard-japan.com/charts/detail?a=stsongs&year=2018&month=10&day=15
2018,stsongs,2018-10-10,34,"ノー・ブレイナー feat.ジャスティン・ビーバー,チャンス・ザ・ラッパー & クエヴォ",DJキャレド,https://www.billboard-japan.com/charts/detail?a=stsongs&year=2018&month=10&day=15
2018,stsongs,2018-10-10,35,ライズ feat.ジャック & ジャック,ジョナス・ブルー,https://www.billboard-japan.com/charts/detail?a=stsongs&year=2018&month=10&day=15
2018,stsongs,2018-10-10,36,サイレントマジョリティー,欅坂46,https://www.billboard-japan.com/charts/detail?a=stsongs&year=2018&month=10&day=15
2018,stsongs,2018-10-10,37,Change,ONE OK ROCK,https://www.billboard-japan.com/charts/detail?a=stsongs&year=2018&month=10&day=15
2018,stsongs,2018-10-10,38,himawari,Mr.Children,https://www.billboard-japan.com/charts/detail?a=stsongs&year=2018&month=10&day=15
2018,stsongs,2018-10-10,39,My Boo,清水翔太,https://www.billboard-japan.com/charts/detail?a=stsongs&year=2018&month=10&day=15
2018,stsongs,2018-10-10,40,What is Love?,TWICE,https://www.billboard-japan.com/charts/detail?a=stsongs&year=2018&month=10&day=15
2018,stsongs,2018-10-10,41,もし君を許せたら,家入レオ,https://www.billboard-japan.com/charts/detail?a=stsongs&year=2018&month=10&day=15
2018,stsongs,2018-10-10,42,小さな恋のうた,MONGOL800,https://www.billboard-japan.com/charts/detail?a=stsongs&year=2018&month=10&day=15
2018,stsongs,2018-10-10,43,恋音と雨空,AAA,https://www.billboard-japan.com/charts/detail?a=stsongs&year=2018&month=10&day=15
2018,stsongs,2018-10-10,44,栞,クリープハイプ,https://www.billboard-japan.com/charts/detail?a=stsongs&year=2018&month=10&day=15
2018,stsongs,2018-10-10,45,ドラマ,C & K,https://www.billboard-japan.com/charts/detail?a=stsongs&year=2018&month=10&day=15
2018,stsongs,2018-10-10,46,WanteD! WanteD!,Mrs.GREEN APPLE,https://www.billboard-japan.com/charts/detail?a=stsongs&year=2018&month=10&day=15
2018,stsongs,2018-10-10,47,貴方解剖純愛歌〜死ね〜,あいみょん,https://www.billboard-japan.com/charts/detail?a=stsongs&year=2018&month=10&day=15
2018,stsongs,2018-10-10,48,Candy Pop,TWICE,https://www.billboard-japan.com/charts/detail?a=stsongs&year=2018&month=10&day=15
2018,stsongs,2018-10-10,49,DEJAVU,AAA,https://www.billboard-japan.com/charts/detail?a=stsongs&year=2018&month=10&day=15
2018,stsongs,2018-10-10,50,ただ君に晴れ,ヨルシカ,https://www.billboard-japan.com/charts/detail?a=stsongs&year=2018&month=10&day=15
2018,stsongs,2018-10-10,51,ワタリドリ,[ALEXANDROS],https://www.billboard-japan.com/charts/detail?a=stsongs&year=2018&month=10&day=15
2018,stsongs,2018-10-10,52,RAIN,SEKAI NO OWARI,https://www.billboard-japan.com/charts/detail?a=stsongs&year=2018&month=10&day=15
2018,stsongs,2018-10-10,53,ロングホープ・フィリア,菅田将暉,https://www.billboard-japan.com/charts/detail?a=stsongs&year=2018&month=10&day=15
2018,stsongs,2018-10-10,54,世界はあなたに笑いかけている,Little Glee Monster,https://www.billboard-japan.com/charts/detail?a=stsongs&year=2018&month=10&day=15
2018,stsongs,2018-10-10,55,やさしさに包まれたなら,荒井由実,https://www.billboard-japan.com/charts/detail?a=stsongs&year=2018&month=10&day=15
2018,stsongs,2018-10-10,56,ステイ,ゼッド & アレッシア・カーラ,https://www.billboard-japan.com/charts/detail?a=stsongs&year=2018&month=10&day=15
2018,stsongs,2018-10-10,57,ルージュの伝言,荒井由実,https://www.billboard-japan.com/charts/detail?a=stsongs&year=2018&month=10&day=15
2018,stsongs,2018-10-10,58,ジコチューで行こう!,乃木坂46,https://www.billboard-japan.com/charts/detail?a=stsongs&year=2018&month=10&day=15
2018,stsongs,2018-10-10,59,クローサー feat.ホールジー,チェインスモーカーズ,https://www.billboard-japan.com/charts/detail?a=stsongs&year=2018&month=10&day=15
2018,stsongs,2018-10-10,60,Tomorrow,AAA,https://www.billboard-japan.com/charts/detail?a=stsongs&year=2018&month=10&day=15
2018,stsongs,2018-10-10,61,イノセント・ワールド,Mr.Children,https://www.billboard-japan.com/charts/detail?a=stsongs&year=2018&month=10&day=15
2018,stsongs,2018-10-10,62,トリセツ,西野カナ,https://www.billboard-japan.com/charts/detail?a=stsongs&year=2018&month=10&day=15
2018,stsongs,2018-10-10,63,愛をこめて花束を,Superfly,https://www.billboard-japan.com/charts/detail?a=stsongs&year=2018&month=10&day=15
2018,stsongs,2018-10-10,64,Tomorrow Never Knows,Mr.Children,https://www.billboard-japan.com/charts/detail?a=stsongs&year=2018&month=10&day=15
2018,stsongs,2018-10-10,65,FAKE LOVE,BTS (防弾少年団),https://www.billboard-japan.com/charts/detail?a=stsongs&year=2018&month=10&day=15
2018,stsongs,2018-10-10,66,ハピアー,マシュメロ & バスティル,https://www.billboard-japan.com/charts/detail?a=stsongs&year=2018&month=10&day=15
2018,stsongs,2018-10-10,67,"春よ,来い",松任谷由実,https://www.billboard-japan.com/charts/detail?a=stsongs&year=2018&month=10&day=15
2018,stsongs,2018-10-10,68,ひまわりの約束,秦基博,https://www.billboard-japan.com/charts/detail?a=stsongs&year=2018&month=10&day=15
2018,stsongs,2018-10-10,69,EXCITE,三浦大知,https://www.billboard-japan.com/charts/detail?a=stsongs&year=2018&month=10&day=15
2018,stsongs,2018-10-10,70,新宝島,サカナクション,https://www.billboard-japan.com/charts/detail?a=stsongs&year=2018&month=10&day=15
2018,stsongs,2018-10-10,71,ノー・ティアーズ・レフト・トゥ・クライ,アリアナ・グランデ,https://www.billboard-japan.com/charts/detail?a=stsongs&year=2018&month=10&day=15
2018,stsongs,2018-10-10,72,シンフォニー feat.ザラ・ラーソン,クリーン・バンディット,https://www.billboard-japan.com/charts/detail?a=stsongs&year=2018&month=10&day=15
2018,stsongs,2018-10-10,73,シンクロニシティ,乃木坂46,https://www.billboard-japan.com/charts/detail?a=stsongs&year=2018&month=10&day=15
2018,stsongs,2018-10-10,74,ひこうき雲,荒井由実,https://www.billboard-japan.com/charts/detail?a=stsongs&year=2018&month=10&day=15
2018,stsongs,2018-10-10,75,Doctor,ちゃんみな,https://www.billboard-japan.com/charts/detail?a=stsongs&year=2018&month=10&day=15
2018,stsongs,2018-10-10,76,アイラブユー,西野カナ,https://www.billboard-japan.com/charts/detail?a=stsongs&year=2018&month=10&day=15
2018,stsongs,2018-10-10,77,if...,DA PUMP,https://www.billboard-japan.com/charts/detail?a=stsongs&year=2018&month=10&day=15
2018,stsongs,2018-10-10,78,Sign,Mr.Children,https://www.billboard-japan.com/charts/detail?a=stsongs&year=2018&month=10&day=15
2018,stsongs,2018-10-10,79,Love Story,安室奈美恵,https://www.billboard-japan.com/charts/detail?a=stsongs&year=2018&month=10&day=15
2018,stsongs,2018-10-10,80,ノーダウト,Official髭男dism,https://www.billboard-japan.com/charts/detail?a=stsongs&year=2018&month=10&day=15
2018,stsongs,2018-10-10,81,ソロ feat.デミ・ロヴァート,クリーン・バンディット,https://www.billboard-japan.com/charts/detail?a=stsongs&year=2018&month=10&day=15
2018,stsongs,2018-10-10,82,明日も,SHISHAMO,https://www.billboard-japan.com/charts/detail?a=stsongs&year=2018&month=10&day=15
2018,stsongs,2018-10-10,83,"Hello,my friend",松任谷由実,https://www.billboard-japan.com/charts/detail?a=stsongs&year=2018&month=10&day=15
2018,stsongs,2018-10-10,84,真夏の夜の夢,松任谷由実,https://www.billboard-japan.com/charts/detail?a=stsongs&year=2018&month=10&day=15
2018,stsongs,2018-10-10,85,名もなき詩,Mr.Children,https://www.billboard-japan.com/charts/detail?a=stsongs&year=2018&month=10&day=15
2018,stsongs,2018-10-10,86,不協和音,欅坂46,https://www.billboard-japan.com/charts/detail?a=stsongs&year=2018&month=10&day=15
2018,stsongs,2018-10-10,87,Wake Me Up,TWICE,https://www.billboard-japan.com/charts/detail?a=stsongs&year=2018&month=10&day=15
2018,stsongs,2018-10-10,88,キセキ,GReeeeN,https://www.billboard-japan.com/charts/detail?a=stsongs&year=2018&month=10&day=15
2018,stsongs,2018-10-10,89,ザ・ミドル,"ゼッド,マレン・モリス,グレイ",https://www.billboard-japan.com/charts/detail?a=stsongs&year=2018&month=10&day=15
2018,stsongs,2018-10-10,90,インフルエンサー,乃木坂46,https://www.billboard-japan.com/charts/detail?a=stsongs&year=2018&month=10&day=15
2018,stsongs,2018-10-10,91,抱きしめたい,Mr.Children,https://www.billboard-japan.com/charts/detail?a=stsongs&year=2018&month=10&day=15
2018,stsongs,2018-10-10,92,DNA,BTS (防弾少年団),https://www.billboard-japan.com/charts/detail?a=stsongs&year=2018&month=10&day=15
2018,stsongs,2018-10-10,93,2002,アン・マリー,https://www.billboard-japan.com/charts/detail?a=stsongs&year=2018&month=10&day=15
2018,stsongs,2018-10-10,94,The Beginning,ONE OK ROCK,https://www.billboard-japan.com/charts/detail?a=stsongs&year=2018&month=10&day=15
2018,stsongs,2018-10-10,95,366日,HY,https://www.billboard-japan.com/charts/detail?a=stsongs&year=2018&month=10&day=15
2018,stsongs,2018-10-10,96,シーソーゲーム〜勇敢な恋の歌〜,Mr.Children,https://www.billboard-japan.com/charts/detail?a=stsongs&year=2018&month=10&day=15
2018,stsongs,2018-10-10,97,完全感覚Dreamer,ONE OK ROCK,https://www.billboard-japan.com/charts/detail?a=stsongs&year=2018&month=10&day=15
2018,stsongs,2018-10-10,98,満月の夜なら,あいみょん,https://www.billboard-japan.com/charts/detail?a=stsongs&year=2018&month=10&day=15
2018,stsongs,2018-10-10,99,Just You and I,安室奈美恵,https://www.billboard-japan.com/charts/detail?a=stsongs&year=2018&month=10&day=15
2018,stsongs,2018-10-10,100,しるし,Mr.Children,https://www.billboard-japan.com/charts/detail?a=stsongs&year=2018&month=10&day=15
2018,stsongs,2018-10-17,1,U.S.A.,DA PUMP,https://www.billboard-japan.com/charts/detail?a=stsongs&year=2018&month=10&day=22
2018,stsongs,2018-10-17,2,トリコ,Nissy(西島隆弘),https://www.billboard-japan.com/charts/detail?a=stsongs&year=2018&month=10&day=22
2018,stsongs,2018-10-17,3,アイノカタチ feat.HIDE(GReeeeN),MISIA,https://www.billboard-japan.com/charts/detail?a=stsongs&year=2018&month=10&day=22
2018,stsongs,2018-10-17,4,HANABI,Mr.Children,https://www.billboard-japan.com/charts/detail?a=stsongs&year=2018&month=10&day=22
2018,stsongs,2018-10-17,5,マリーゴールド,あいみょん,https://www.billboard-japan.com/charts/detail?a=stsongs&year=2018&month=10&day=22
2018,stsongs,2018-10-17,6,打上花火,DAOKO × 米津玄師,https://www.billboard-japan.com/charts/detail?a=stsongs&year=2018&month=10&day=22
2018,stsongs,2018-10-17,7,Bedtime Story,西野カナ,https://www.billboard-japan.com/charts/detail?a=stsongs&year=2018&month=10&day=22
2018,stsongs,2018-10-17,8,シェイプ・オブ・ユー,エド・シーラン,https://www.billboard-japan.com/charts/detail?a=stsongs&year=2018&month=10&day=22
2018,stsongs,2018-10-17,9,君はロックを聴かない,あいみょん,https://www.billboard-japan.com/charts/detail?a=stsongs&year=2018&month=10&day=22
2018,stsongs,2018-10-17,10,獣ゆく細道,椎名林檎と宮本浩次,https://www.billboard-japan.com/charts/detail?a=stsongs&year=2018&month=10&day=22
2018,stsongs,2018-10-17,11,Perfect World,E-girls,https://www.billboard-japan.com/charts/detail?a=stsongs&year=2018&month=10&day=22
2018,stsongs,2018-10-17,12,愛を伝えたいだとか,あいみょん,https://www.billboard-japan.com/charts/detail?a=stsongs&year=2018&month=10&day=22
2018,stsongs,2018-10-17,13,BDZ,TWICE,https://www.billboard-japan.com/charts/detail?a=stsongs&year=2018&month=10&day=22
2018,stsongs,2018-10-17,14,IDOL,BTS (防弾少年団),https://www.billboard-japan.com/charts/detail?a=stsongs&year=2018&month=10&day=22
2018,stsongs,2018-10-17,15,Wherever you are,ONE OK ROCK,https://www.billboard-japan.com/charts/detail?a=stsongs&year=2018&month=10&day=22
2018,stsongs,2018-10-17,16,青と夏,Mrs.GREEN APPLE,https://www.billboard-japan.com/charts/detail?a=stsongs&year=2018&month=10&day=22
2018,stsongs,2018-10-17,17,Black Bird,Aimer(エメ),https://www.billboard-japan.com/charts/detail?a=stsongs&year=2018&month=10&day=22
2018,stsongs,2018-10-17,18,DDU-DU DDU-DU,BLACKPINK,https://www.billboard-japan.com/charts/detail?a=stsongs&year=2018&month=10&day=22
2018,stsongs,2018-10-17,19,himawari,Mr.Children,https://www.billboard-japan.com/charts/detail?a=stsongs&year=2018&month=10&day=22
2018,stsongs,2018-10-17,20,さよならエレジー,菅田将暉,https://www.billboard-japan.com/charts/detail?a=stsongs&year=2018&month=10&day=22
2018,stsongs,2018-10-17,21,奏(かなで),スキマスイッチ,https://www.billboard-japan.com/charts/detail?a=stsongs&year=2018&month=10&day=22
2018,stsongs,2018-10-17,22,Hikari,androp,https://www.billboard-japan.com/charts/detail?a=stsongs&year=2018&month=10&day=22
2018,stsongs,2018-10-17,23,アンビバレント,欅坂46,https://www.billboard-japan.com/charts/detail?a=stsongs&year=2018&month=10&day=22
2018,stsongs,2018-10-17,24,ディス・イズ・ミー,キアラ・セトル & ザ・グレイテスト・ショーマン・アンサンブル,https://www.billboard-japan.com/charts/detail?a=stsongs&year=2018&month=10&day=22
2018,stsongs,2018-10-17,25,カタオモイ。,ハジ→,https://www.billboard-japan.com/charts/detail?a=stsongs&year=2018&month=10&day=22
2018,stsongs,2018-10-17,26,カタオモイ,Aimer(エメ),https://www.billboard-japan.com/charts/detail?a=stsongs&year=2018&month=10&day=22
2018,stsongs,2018-10-17,27,TT,TWICE,https://www.billboard-japan.com/charts/detail?a=stsongs&year=2018&month=10&day=22
2018,stsongs,2018-10-17,28,Dance The Night Away,TWICE,https://www.billboard-japan.com/charts/detail?a=stsongs&year=2018&month=10&day=22
2018,stsongs,2018-10-17,29,小さな恋のうた,MONGOL800,https://www.billboard-japan.com/charts/detail?a=stsongs&year=2018&month=10&day=22
2018,stsongs,2018-10-17,30,イノセント・ワールド,Mr.Children,https://www.billboard-japan.com/charts/detail?a=stsongs&year=2018&month=10&day=22
2018,stsongs,2018-10-17,31,Tomorrow Never Knows,Mr.Children,https://www.billboard-japan.com/charts/detail?a=stsongs&year=2018&month=10&day=22
2018,stsongs,2018-10-17,32,ディス・フィーリング feat.ケルシー・バレリーニ,チェインスモーカーズ,https://www.billboard-japan.com/charts/detail?a=stsongs&year=2018&month=10&day=22
2018,stsongs,2018-10-17,33,My Boo,清水翔太,https://www.billboard-japan.com/charts/detail?a=stsongs&year=2018&month=10&day=22
2018,stsongs,2018-10-17,34,Hero,安室奈美恵,https://www.billboard-japan.com/charts/detail?a=stsongs&year=2018&month=10&day=22
2018,stsongs,2018-10-17,35,I WANT YOU BACK,TWICE,https://www.billboard-japan.com/charts/detail?a=stsongs&year=2018&month=10&day=22
2018,stsongs,2018-10-17,36,輝きだして走ってく,サンボマスター,https://www.billboard-japan.com/charts/detail?a=stsongs&year=2018&month=10&day=22
2018,stsongs,2018-10-17,37,What is Love?,TWICE,https://www.billboard-japan.com/charts/detail?a=stsongs&year=2018&month=10&day=22
2018,stsongs,2018-10-17,38,名もなき詩,Mr.Children,https://www.billboard-japan.com/charts/detail?a=stsongs&year=2018&month=10&day=22
2018,stsongs,2018-10-17,39,ガラスを割れ!,欅坂46,https://www.billboard-japan.com/charts/detail?a=stsongs&year=2018&month=10&day=22
2018,stsongs,2018-10-17,40,Change,ONE OK ROCK,https://www.billboard-japan.com/charts/detail?a=stsongs&year=2018&month=10&day=22
2018,stsongs,2018-10-17,41,アイデア,星野源,https://www.billboard-japan.com/charts/detail?a=stsongs&year=2018&month=10&day=22
2018,stsongs,2018-10-17,42,Sign,Mr.Children,https://www.billboard-japan.com/charts/detail?a=stsongs&year=2018&month=10&day=22
2018,stsongs,2018-10-17,43,サイレントマジョリティー,欅坂46,https://www.billboard-japan.com/charts/detail?a=stsongs&year=2018&month=10&day=22
2018,stsongs,2018-10-17,44,WanteD! WanteD!,Mrs.GREEN APPLE,https://www.billboard-japan.com/charts/detail?a=stsongs&year=2018&month=10&day=22
2018,stsongs,2018-10-17,45,ライズ feat.ジャック & ジャック,ジョナス・ブルー,https://www.billboard-japan.com/charts/detail?a=stsongs&year=2018&month=10&day=22
2018,stsongs,2018-10-17,46,ワタリドリ,[ALEXANDROS],https://www.billboard-japan.com/charts/detail?a=stsongs&year=2018&month=10&day=22
2018,stsongs,2018-10-17,47,ただ君に晴れ,ヨルシカ,https://www.billboard-japan.com/charts/detail?a=stsongs&year=2018&month=10&day=22
2018,stsongs,2018-10-17,48,もし君を許せたら,家入レオ,https://www.billboard-japan.com/charts/detail?a=stsongs&year=2018&month=10&day=22
2018,stsongs,2018-10-17,49,貴方解剖純愛歌〜死ね〜,あいみょん,https://www.billboard-japan.com/charts/detail?a=stsongs&year=2018&month=10&day=22
2018,stsongs,2018-10-17,50,抱きしめたい,Mr.Children,https://www.billboard-japan.com/charts/detail?a=stsongs&year=2018&month=10&day=22
2018,stsongs,2018-10-17,51,RAIN,SEKAI NO OWARI,https://www.billboard-japan.com/charts/detail?a=stsongs&year=2018&month=10&day=22
2018,stsongs,2018-10-17,52,恋音と雨空,AAA,https://www.billboard-japan.com/charts/detail?a=stsongs&year=2018&month=10&day=22
2018,stsongs,2018-10-17,53,2002,アン・マリー,https://www.billboard-japan.com/charts/detail?a=stsongs&year=2018&month=10&day=22
2018,stsongs,2018-10-17,54,イルミネーション,SEKAI NO OWARI,https://www.billboard-japan.com/charts/detail?a=stsongs&year=2018&month=10&day=22
2018,stsongs,2018-10-17,55,シーソーゲーム〜勇敢な恋の歌〜,Mr.Children,https://www.billboard-japan.com/charts/detail?a=stsongs&year=2018&month=10&day=22
2018,stsongs,2018-10-17,56,トリセツ,西野カナ,https://www.billboard-japan.com/charts/detail?a=stsongs&year=2018&month=10&day=22
2018,stsongs,2018-10-17,57,栞,クリープハイプ,https://www.billboard-japan.com/charts/detail?a=stsongs&year=2018&month=10&day=22
2018,stsongs,2018-10-17,58,愛をこめて花束を,Superfly,https://www.billboard-japan.com/charts/detail?a=stsongs&year=2018&month=10&day=22
2018,stsongs,2018-10-17,59,Candy Pop,TWICE,https://www.billboard-japan.com/charts/detail?a=stsongs&year=2018&month=10&day=22
2018,stsongs,2018-10-17,60,しるし,Mr.Children,https://www.billboard-japan.com/charts/detail?a=stsongs&year=2018&month=10&day=22
2018,stsongs,2018-10-17,61,DEJAVU,AAA,https://www.billboard-japan.com/charts/detail?a=stsongs&year=2018&month=10&day=22
2018,stsongs,2018-10-17,62,ステイ,ゼッド & アレッシア・カーラ,https://www.billboard-japan.com/charts/detail?a=stsongs&year=2018&month=10&day=22
2018,stsongs,2018-10-17,63,"ノー・ブレイナー feat.ジャスティン・ビーバー,チャンス・ザ・ラッパー & クエヴォ",DJキャレド,https://www.billboard-japan.com/charts/detail?a=stsongs&year=2018&month=10&day=22
2018,stsongs,2018-10-17,64,シンフォニー feat.ザラ・ラーソン,クリーン・バンディット,https://www.billboard-japan.com/charts/detail?a=stsongs&year=2018&month=10&day=22
2018,stsongs,2018-10-17,65,足音〜Be Strong,Mr.Children,https://www.billboard-japan.com/charts/detail?a=stsongs&year=2018&month=10&day=22
2018,stsongs,2018-10-17,66,ドラマ,C & K,https://www.billboard-japan.com/charts/detail?a=stsongs&year=2018&month=10&day=22
2018,stsongs,2018-10-17,67,クローサー feat.ホールジー,チェインスモーカーズ,https://www.billboard-japan.com/charts/detail?a=stsongs&year=2018&month=10&day=22
2018,stsongs,2018-10-17,68,ハピアー,マシュメロ & バスティル,https://www.billboard-japan.com/charts/detail?a=stsongs&year=2018&month=10&day=22
2018,stsongs,2018-10-17,69,Starting Over,Mr.Children,https://www.billboard-japan.com/charts/detail?a=stsongs&year=2018&month=10&day=22
2018,stsongs,2018-10-17,70,アイラブユー,西野カナ,https://www.billboard-japan.com/charts/detail?a=stsongs&year=2018&month=10&day=22
2018,stsongs,2018-10-17,71,FAKE LOVE,BTS (防弾少年団),https://www.billboard-japan.com/charts/detail?a=stsongs&year=2018&month=10&day=22
2018,stsongs,2018-10-17,72,世界はあなたに笑いかけている,Little Glee Monster,https://www.billboard-japan.com/charts/detail?a=stsongs&year=2018&month=10&day=22
2018,stsongs,2018-10-17,73,EXCITE,三浦大知,https://www.billboard-japan.com/charts/detail?a=stsongs&year=2018&month=10&day=22
2018,stsongs,2018-10-17,74,ノーダウト,Official髭男dism,https://www.billboard-japan.com/charts/detail?a=stsongs&year=2018&month=10&day=22
2018,stsongs,2018-10-17,75,ジコチューで行こう!,乃木坂46,https://www.billboard-japan.com/charts/detail?a=stsongs&year=2018&month=10&day=22
2018,stsongs,2018-10-17,76,ホワット・ドゥ・ユー・ミーン?,ジャスティン・ビーバー,https://www.billboard-japan.com/charts/detail?a=stsongs&year=2018&month=10&day=22
2018,stsongs,2018-10-17,77,終わりなき旅,Mr.Children,https://www.billboard-japan.com/charts/detail?a=stsongs&year=2018&month=10&day=22
2018,stsongs,2018-10-17,78,ロングホープ・フィリア,菅田将暉,https://www.billboard-japan.com/charts/detail?a=stsongs&year=2018&month=10&day=22
2018,stsongs,2018-10-17,79,if...,DA PUMP,https://www.billboard-japan.com/charts/detail?a=stsongs&year=2018&month=10&day=22
2018,stsongs,2018-10-17,80,新宝島,サカナクション,https://www.billboard-japan.com/charts/detail?a=stsongs&year=2018&month=10&day=22
2018,stsongs,2018-10-17,81,シェイク・イット・オフ〜気にしてなんかいられないっ!!,テイラー・スウィフト,https://www.billboard-japan.com/charts/detail?a=stsongs&year=2018&month=10&day=22
2018,stsongs,2018-10-17,82,ノー・ティアーズ・レフト・トゥ・クライ,アリアナ・グランデ,https://www.billboard-japan.com/charts/detail?a=stsongs&year=2018&month=10&day=22
2018,stsongs,2018-10-17,83,シンクロニシティ,乃木坂46,https://www.billboard-japan.com/charts/detail?a=stsongs&year=2018&month=10&day=22
2018,stsongs,2018-10-17,84,365日,Mr.Children,https://www.billboard-japan.com/charts/detail?a=stsongs&year=2018&month=10&day=22
2018,stsongs,2018-10-17,85,キセキ,GReeeeN,https://www.billboard-japan.com/charts/detail?a=stsongs&year=2018&month=10&day=22
2018,stsongs,2018-10-17,86,やさしさに包まれたなら,荒井由実,https://www.billboard-japan.com/charts/detail?a=stsongs&year=2018&month=10&day=22
2018,stsongs,2018-10-17,87,ソロ feat.デミ・ロヴァート,クリーン・バンディット,https://www.billboard-japan.com/charts/detail?a=stsongs&year=2018&month=10&day=22
2018,stsongs,2018-10-17,88,明日も,SHISHAMO,https://www.billboard-japan.com/charts/detail?a=stsongs&year=2018&month=10&day=22
2018,stsongs,2018-10-17,89,ルージュの伝言,荒井由実,https://www.billboard-japan.com/charts/detail?a=stsongs&year=2018&month=10&day=22
2018,stsongs,2018-10-17,90,ひまわりの約束,秦基博,https://www.billboard-japan.com/charts/detail?a=stsongs&year=2018&month=10&day=22
2018,stsongs,2018-10-17,91,ヘッド・アバーヴ・ウォーター,アヴリル・ラヴィーン,https://www.billboard-japan.com/charts/detail?a=stsongs&year=2018&month=10&day=22
2018,stsongs,2018-10-17,92,Tomorrow,AAA,https://www.billboard-japan.com/charts/detail?a=stsongs&year=2018&month=10&day=22
2018,stsongs,2018-10-17,93,サウダージ,ポルノグラフィティ,https://www.billboard-japan.com/charts/detail?a=stsongs&year=2018&month=10&day=22
2018,stsongs,2018-10-17,94,366日,HY,https://www.billboard-japan.com/charts/detail?a=stsongs&year=2018&month=10&day=22
2018,stsongs,2018-10-17,95,ザ・ミドル,"ゼッド,マレン・モリス,グレイ",https://www.billboard-japan.com/charts/detail?a=stsongs&year=2018&month=10&day=22
2018,stsongs,2018-10-17,96,生きていたんだよな,あいみょん,https://www.billboard-japan.com/charts/detail?a=stsongs&year=2018&month=10&day=22
2018,stsongs,2018-10-17,97,完全感覚Dreamer,ONE OK ROCK,https://www.billboard-japan.com/charts/detail?a=stsongs&year=2018&month=10&day=22
2018,stsongs,2018-10-17,98,不協和音,欅坂46,https://www.billboard-japan.com/charts/detail?a=stsongs&year=2018&month=10&day=22
2018,stsongs,2018-10-17,99,The Beginning,ONE OK ROCK,https://www.billboard-japan.com/charts/detail?a=stsongs&year=2018&month=10&day=22
2018,stsongs,2018-10-17,100,インフルエンサー,乃木坂46,https://www.billboard-japan.com/charts/detail?a=stsongs&year=2018&month=10&day=22
2018,stsongs,2018-10-24,1,U.S.A.,DA PUMP,https://www.billboard-japan.com/charts/detail?a=stsongs&year=2018&month=10&day=29
2018,stsongs,2018-10-24,2,アイノカタチ feat.HIDE(GReeeeN),MISIA,https://www.billboard-japan.com/charts/detail?a=stsongs&year=2018&month=10&day=29
2018,stsongs,2018-10-24,3,トリコ,Nissy(西島隆弘),https://www.billboard-japan.com/charts/detail?a=stsongs&year=2018&month=10&day=29
2018,stsongs,2018-10-24,4,マリーゴールド,あいみょん,https://www.billboard-japan.com/charts/detail?a=stsongs&year=2018&month=10&day=29
2018,stsongs,2018-10-24,5,HANABI,Mr.Children,https://www.billboard-japan.com/charts/detail?a=stsongs&year=2018&month=10&day=29
2018,stsongs,2018-10-24,6,打上花火,DAOKO × 米津玄師,https://www.billboard-japan.com/charts/detail?a=stsongs&year=2018&month=10&day=29
2018,stsongs,2018-10-24,7,シェイプ・オブ・ユー,エド・シーラン,https://www.billboard-japan.com/charts/detail?a=stsongs&year=2018&month=10&day=29
2018,stsongs,2018-10-24,8,Bedtime Story,西野カナ,https://www.billboard-japan.com/charts/detail?a=stsongs&year=2018&month=10&day=29
2018,stsongs,2018-10-24,9,君はロックを聴かない,あいみょん,https://www.billboard-japan.com/charts/detail?a=stsongs&year=2018&month=10&day=29
2018,stsongs,2018-10-24,10,愛を伝えたいだとか,あいみょん,https://www.billboard-japan.com/charts/detail?a=stsongs&year=2018&month=10&day=29
2018,stsongs,2018-10-24,11,BDZ,TWICE,https://www.billboard-japan.com/charts/detail?a=stsongs&year=2018&month=10&day=29
2018,stsongs,2018-10-24,12,Wherever you are,ONE OK ROCK,https://www.billboard-japan.com/charts/detail?a=stsongs&year=2018&month=10&day=29
2018,stsongs,2018-10-24,13,イルミネーション,SEKAI NO OWARI,https://www.billboard-japan.com/charts/detail?a=stsongs&year=2018&month=10&day=29
2018,stsongs,2018-10-24,14,IDOL,BTS (防弾少年団),https://www.billboard-japan.com/charts/detail?a=stsongs&year=2018&month=10&day=29
2018,stsongs,2018-10-24,15,Perfect World,E-girls,https://www.billboard-japan.com/charts/detail?a=stsongs&year=2018&month=10&day=29
2018,stsongs,2018-10-24,16,青と夏,Mrs.GREEN APPLE,https://www.billboard-japan.com/charts/detail?a=stsongs&year=2018&month=10&day=29
2018,stsongs,2018-10-24,17,獣ゆく細道,椎名林檎と宮本浩次,https://www.billboard-japan.com/charts/detail?a=stsongs&year=2018&month=10&day=29
2018,stsongs,2018-10-24,18,ワタリドリ,[ALEXANDROS],https://www.billboard-japan.com/charts/detail?a=stsongs&year=2018&month=10&day=29
2018,stsongs,2018-10-24,19,奏(かなで),スキマスイッチ,https://www.billboard-japan.com/charts/detail?a=stsongs&year=2018&month=10&day=29
2018,stsongs,2018-10-24,20,さよならエレジー,菅田将暉,https://www.billboard-japan.com/charts/detail?a=stsongs&year=2018&month=10&day=29
2018,stsongs,2018-10-24,21,DDU-DU DDU-DU,BLACKPINK,https://www.billboard-japan.com/charts/detail?a=stsongs&year=2018&month=10&day=29
2018,stsongs,2018-10-24,22,Black Bird,Aimer(エメ),https://www.billboard-japan.com/charts/detail?a=stsongs&year=2018&month=10&day=29
2018,stsongs,2018-10-24,23,カタオモイ,Aimer(エメ),https://www.billboard-japan.com/charts/detail?a=stsongs&year=2018&month=10&day=29
2018,stsongs,2018-10-24,24,小さな恋のうた,MONGOL800,https://www.billboard-japan.com/charts/detail?a=stsongs&year=2018&month=10&day=29
2018,stsongs,2018-10-24,25,himawari,Mr.Children,https://www.billboard-japan.com/charts/detail?a=stsongs&year=2018&month=10&day=29
2018,stsongs,2018-10-24,26,Dance The Night Away,TWICE,https://www.billboard-japan.com/charts/detail?a=stsongs&year=2018&month=10&day=29
2018,stsongs,2018-10-24,27,TT,TWICE,https://www.billboard-japan.com/charts/detail?a=stsongs&year=2018&month=10&day=29
2018,stsongs,2018-10-24,28,アンビバレント,欅坂46,https://www.billboard-japan.com/charts/detail?a=stsongs&year=2018&month=10&day=29
2018,stsongs,2018-10-24,29,My Boo,清水翔太,https://www.billboard-japan.com/charts/detail?a=stsongs&year=2018&month=10&day=29
2018,stsongs,2018-10-24,30,ディス・フィーリング feat.ケルシー・バレリーニ,チェインスモーカーズ,https://www.billboard-japan.com/charts/detail?a=stsongs&year=2018&month=10&day=29
2018,stsongs,2018-10-24,31,Change,ONE OK ROCK,https://www.billboard-japan.com/charts/detail?a=stsongs&year=2018&month=10&day=29
2018,stsongs,2018-10-24,32,ディス・イズ・ミー,キアラ・セトル & ザ・グレイテスト・ショーマン・アンサンブル,https://www.billboard-japan.com/charts/detail?a=stsongs&year=2018&month=10&day=29
2018,stsongs,2018-10-24,33,カタオモイ。,ハジ→,https://www.billboard-japan.com/charts/detail?a=stsongs&year=2018&month=10&day=29
2018,stsongs,2018-10-24,34,What is Love?,TWICE,https://www.billboard-japan.com/charts/detail?a=stsongs&year=2018&month=10&day=29
2018,stsongs,2018-10-24,35,Hikari,androp,https://www.billboard-japan.com/charts/detail?a=stsongs&year=2018&month=10&day=29
2018,stsongs,2018-10-24,36,貴方解剖純愛歌〜死ね〜,あいみょん,https://www.billboard-japan.com/charts/detail?a=stsongs&year=2018&month=10&day=29
2018,stsongs,2018-10-24,37,I WANT YOU BACK,TWICE,https://www.billboard-japan.com/charts/detail?a=stsongs&year=2018&month=10&day=29
2018,stsongs,2018-10-24,38,Hero,安室奈美恵,https://www.billboard-japan.com/charts/detail?a=stsongs&year=2018&month=10&day=29
2018,stsongs,2018-10-24,39,Tomorrow Never Knows,Mr.Children,https://www.billboard-japan.com/charts/detail?a=stsongs&year=2018&month=10&day=29
2018,stsongs,2018-10-24,40,サイレントマジョリティー,欅坂46,https://www.billboard-japan.com/charts/detail?a=stsongs&year=2018&month=10&day=29
2018,stsongs,2018-10-24,41,輝きだして走ってく,サンボマスター,https://www.billboard-japan.com/charts/detail?a=stsongs&year=2018&month=10&day=29
2018,stsongs,2018-10-24,42,恋音と雨空,AAA,https://www.billboard-japan.com/charts/detail?a=stsongs&year=2018&month=10&day=29
2018,stsongs,2018-10-24,43,ガラスを割れ!,欅坂46,https://www.billboard-japan.com/charts/detail?a=stsongs&year=2018&month=10&day=29
2018,stsongs,2018-10-24,44,アイデア,星野源,https://www.billboard-japan.com/charts/detail?a=stsongs&year=2018&month=10&day=29
2018,stsongs,2018-10-24,45,ライズ feat.ジャック & ジャック,ジョナス・ブルー,https://www.billboard-japan.com/charts/detail?a=stsongs&year=2018&month=10&day=29
2018,stsongs,2018-10-24,46,WanteD! WanteD!,Mrs.GREEN APPLE,https://www.billboard-japan.com/charts/detail?a=stsongs&year=2018&month=10&day=29
2018,stsongs,2018-10-24,47,RAIN,SEKAI NO OWARI,https://www.billboard-japan.com/charts/detail?a=stsongs&year=2018&month=10&day=29
2018,stsongs,2018-10-24,48,FAKE LOVE,BTS (防弾少年団),https://www.billboard-japan.com/charts/detail?a=stsongs&year=2018&month=10&day=29
2018,stsongs,2018-10-24,49,ただ君に晴れ,ヨルシカ,https://www.billboard-japan.com/charts/detail?a=stsongs&year=2018&month=10&day=29
2018,stsongs,2018-10-24,50,ノーダウト,Official髭男dism,https://www.billboard-japan.com/charts/detail?a=stsongs&year=2018&month=10&day=29
2018,stsongs,2018-10-24,51,イノセント・ワールド,Mr.Children,https://www.billboard-japan.com/charts/detail?a=stsongs&year=2018&month=10&day=29
2018,stsongs,2018-10-24,52,名もなき詩,Mr.Children,https://www.billboard-japan.com/charts/detail?a=stsongs&year=2018&month=10&day=29
2018,stsongs,2018-10-24,53,もし君を許せたら,家入レオ,https://www.billboard-japan.com/charts/detail?a=stsongs&year=2018&month=10&day=29
2018,stsongs,2018-10-24,54,シンフォニー feat.ザラ・ラーソン,クリーン・バンディット,https://www.billboard-japan.com/charts/detail?a=stsongs&year=2018&month=10&day=29
2018,stsongs,2018-10-24,55,ハピアー,マシュメロ & バスティル,https://www.billboard-japan.com/charts/detail?a=stsongs&year=2018&month=10&day=29
2018,stsongs,2018-10-24,56,2002,アン・マリー,https://www.billboard-japan.com/charts/detail?a=stsongs&year=2018&month=10&day=29
2018,stsongs,2018-10-24,57,愛をこめて花束を,Superfly,https://www.billboard-japan.com/charts/detail?a=stsongs&year=2018&month=10&day=29
2018,stsongs,2018-10-24,58,トリセツ,西野カナ,https://www.billboard-japan.com/charts/detail?a=stsongs&year=2018&month=10&day=29
2018,stsongs,2018-10-24,59,Sign,Mr.Children,https://www.billboard-japan.com/charts/detail?a=stsongs&year=2018&month=10&day=29
2018,stsongs,2018-10-24,60,ステイ,ゼッド & アレッシア・カーラ,https://www.billboard-japan.com/charts/detail?a=stsongs&year=2018&month=10&day=29
2018,stsongs,2018-10-24,61,Candy Pop,TWICE,https://www.billboard-japan.com/charts/detail?a=stsongs&year=2018&month=10&day=29
2018,stsongs,2018-10-24,62,ヒミツ,ポルカドットスティングレイ,https://www.billboard-japan.com/charts/detail?a=stsongs&year=2018&month=10&day=29
2018,stsongs,2018-10-24,63,クローサー feat.ホールジー,チェインスモーカーズ,https://www.billboard-japan.com/charts/detail?a=stsongs&year=2018&month=10&day=29
2018,stsongs,2018-10-24,64,栞,クリープハイプ,https://www.billboard-japan.com/charts/detail?a=stsongs&year=2018&month=10&day=29
2018,stsongs,2018-10-24,65,"ノー・ブレイナー feat.ジャスティン・ビーバー,チャンス・ザ・ラッパー & クエヴォ",DJキャレド,https://www.billboard-japan.com/charts/detail?a=stsongs&year=2018&month=10&day=29
2018,stsongs,2018-10-24,66,ひまわりの約束,秦基博,https://www.billboard-japan.com/charts/detail?a=stsongs&year=2018&month=10&day=29
2018,stsongs,2018-10-24,67,ホワット・ドゥ・ユー・ミーン?,ジャスティン・ビーバー,https://www.billboard-japan.com/charts/detail?a=stsongs&year=2018&month=10&day=29
2018,stsongs,2018-10-24,68,シェイク・イット・オフ〜気にしてなんかいられないっ!!,テイラー・スウィフト,https://www.billboard-japan.com/charts/detail?a=stsongs&year=2018&month=10&day=29
2018,stsongs,2018-10-24,69,DEJAVU,AAA,https://www.billboard-japan.com/charts/detail?a=stsongs&year=2018&month=10&day=29
2018,stsongs,2018-10-24,70,抱きしめたい,Mr.Children,https://www.billboard-japan.com/charts/detail?a=stsongs&year=2018&month=10&day=29
2018,stsongs,2018-10-24,71,ノー・ティアーズ・レフト・トゥ・クライ,アリアナ・グランデ,https://www.billboard-japan.com/charts/detail?a=stsongs&year=2018&month=10&day=29
2018,stsongs,2018-10-24,72,Gifts,Superfly,https://www.billboard-japan.com/charts/detail?a=stsongs&year=2018&month=10&day=29
2018,stsongs,2018-10-24,73,アイラブユー,西野カナ,https://www.billboard-japan.com/charts/detail?a=stsongs&year=2018&month=10&day=29
2018,stsongs,2018-10-24,74,新宝島,サカナクション,https://www.billboard-japan.com/charts/detail?a=stsongs&year=2018&month=10&day=29
2018,stsongs,2018-10-24,75,EXCITE,三浦大知,https://www.billboard-japan.com/charts/detail?a=stsongs&year=2018&month=10&day=29
2018,stsongs,2018-10-24,76,キセキ,GReeeeN,https://www.billboard-japan.com/charts/detail?a=stsongs&year=2018&month=10&day=29
2018,stsongs,2018-10-24,77,シーソーゲーム〜勇敢な恋の歌〜,Mr.Children,https://www.billboard-japan.com/charts/detail?a=stsongs&year=2018&month=10&day=29
2018,stsongs,2018-10-24,78,足音〜Be Strong,Mr.Children,https://www.billboard-japan.com/charts/detail?a=stsongs&year=2018&month=10&day=29
2018,stsongs,2018-10-24,79,ウェイク・ミー・アップ!,アヴィーチー,https://www.billboard-japan.com/charts/detail?a=stsongs&year=2018&month=10&day=29
2018,stsongs,2018-10-24,80,しるし,Mr.Children,https://www.billboard-japan.com/charts/detail?a=stsongs&year=2018&month=10&day=29
2018,stsongs,2018-10-24,81,世界はあなたに笑いかけている,Little Glee Monster,https://www.billboard-japan.com/charts/detail?a=stsongs&year=2018&month=10&day=29
2018,stsongs,2018-10-24,82,DNA,BTS (防弾少年団),https://www.billboard-japan.com/charts/detail?a=stsongs&year=2018&month=10&day=29
2018,stsongs,2018-10-24,83,if...,DA PUMP,https://www.billboard-japan.com/charts/detail?a=stsongs&year=2018&month=10&day=29
2018,stsongs,2018-10-24,84,生きていたんだよな,あいみょん,https://www.billboard-japan.com/charts/detail?a=stsongs&year=2018&month=10&day=29
2018,stsongs,2018-10-24,85,The Beginning,ONE OK ROCK,https://www.billboard-japan.com/charts/detail?a=stsongs&year=2018&month=10&day=29
2018,stsongs,2018-10-24,86,ソロ feat.デミ・ロヴァート,クリーン・バンディット,https://www.billboard-japan.com/charts/detail?a=stsongs&year=2018&month=10&day=29
2018,stsongs,2018-10-24,87,Starting Over,Mr.Children,https://www.billboard-japan.com/charts/detail?a=stsongs&year=2018&month=10&day=29
2018,stsongs,2018-10-24,88,RAIN PRESS,カノン,https://www.billboard-japan.com/charts/detail?a=stsongs&year=2018&month=10&day=29
2018,stsongs,2018-10-24,89,366日,HY,https://www.billboard-japan.com/charts/detail?a=stsongs&year=2018&month=10&day=29
2018,stsongs,2018-10-24,90,ジコチューで行こう!,乃木坂46,https://www.billboard-japan.com/charts/detail?a=stsongs&year=2018&month=10&day=29
2018,stsongs,2018-10-24,91,完全感覚Dreamer,ONE OK ROCK,https://www.billboard-japan.com/charts/detail?a=stsongs&year=2018&month=10&day=29
2018,stsongs,2018-10-24,92,満月の夜なら,あいみょん,https://www.billboard-japan.com/charts/detail?a=stsongs&year=2018&month=10&day=29
2018,stsongs,2018-10-24,93,Red Swan,YOSHIKI feat.HYDE,https://www.billboard-japan.com/charts/detail?a=stsongs&year=2018&month=10&day=29
2018,stsongs,2018-10-24,94,R.Y.U.S.E.I.,三代目 J Soul Brothers from EXILE TRIBE,https://www.billboard-japan.com/charts/detail?a=stsongs&year=2018&month=10&day=29
2018,stsongs,2018-10-24,95,ポラロイド feat.リアム・ペイン & レノン・ステラ,ジョナス・ブルー,https://www.billboard-japan.com/charts/detail?a=stsongs&year=2018&month=10&day=29
2018,stsongs,2018-10-24,96,シンクロニシティ,乃木坂46,https://www.billboard-japan.com/charts/detail?a=stsongs&year=2018&month=10&day=29
2018,stsongs,2018-10-24,97,やさしさに包まれたなら,荒井由実,https://www.billboard-japan.com/charts/detail?a=stsongs&year=2018&month=10&day=29
2018,stsongs,2018-10-24,98,サウダージ,ポルノグラフィティ,https://www.billboard-japan.com/charts/detail?a=stsongs&year=2018&month=10&day=29
2018,stsongs,2018-10-24,99,ドラマ,C & K,https://www.billboard-japan.com/charts/detail?a=stsongs&year=2018&month=10&day=29
2018,stsongs,2018-10-24,100,ザ・ミドル,"ゼッド,マレン・モリス,グレイ",https://www.billboard-japan.com/charts/detail?a=stsongs&year=2018&month=10&day=29
2018,stsongs,2018-10-31,1,U.S.A.,DA PUMP,https://www.billboard-japan.com/charts/detail?a=stsongs&year=2018&month=11&day=05
2018,stsongs,2018-10-31,2,今夜このまま,あいみょん,https://www.billboard-japan.com/charts/detail?a=stsongs&year=2018&month=11&day=05
2018,stsongs,2018-10-31,3,アイノカタチ feat.HIDE(GReeeeN),MISIA,https://www.billboard-japan.com/charts/detail?a=stsongs&year=2018&month=11&day=05
2018,stsongs,2018-10-31,4,トリコ,Nissy(西島隆弘),https://www.billboard-japan.com/charts/detail?a=stsongs&year=2018&month=11&day=05
2018,stsongs,2018-10-31,5,マリーゴールド,あいみょん,https://www.billboard-japan.com/charts/detail?a=stsongs&year=2018&month=11&day=05
2018,stsongs,2018-10-31,6,打上花火,DAOKO × 米津玄師,https://www.billboard-japan.com/charts/detail?a=stsongs&year=2018&month=11&day=05
2018,stsongs,2018-10-31,7,HANABI,Mr.Children,https://www.billboard-japan.com/charts/detail?a=stsongs&year=2018&month=11&day=05
2018,stsongs,2018-10-31,8,シェイプ・オブ・ユー,エド・シーラン,https://www.billboard-japan.com/charts/detail?a=stsongs&year=2018&month=11&day=05
2018,stsongs,2018-10-31,9,君はロックを聴かない,あいみょん,https://www.billboard-japan.com/charts/detail?a=stsongs&year=2018&month=11&day=05
2018,stsongs,2018-10-31,10,愛を伝えたいだとか,あいみょん,https://www.billboard-japan.com/charts/detail?a=stsongs&year=2018&month=11&day=05
2018,stsongs,2018-10-31,11,Bedtime Story,西野カナ,https://www.billboard-japan.com/charts/detail?a=stsongs&year=2018&month=11&day=05
2018,stsongs,2018-10-31,12,STAY BY MY SIDE,TWICE,https://www.billboard-japan.com/charts/detail?a=stsongs&year=2018&month=11&day=05
2018,stsongs,2018-10-31,13,ワタリドリ,[ALEXANDROS],https://www.billboard-japan.com/charts/detail?a=stsongs&year=2018&month=11&day=05
2018,stsongs,2018-10-31,14,Wherever you are,ONE OK ROCK,https://www.billboard-japan.com/charts/detail?a=stsongs&year=2018&month=11&day=05
2018,stsongs,2018-10-31,15,イルミネーション,SEKAI NO OWARI,https://www.billboard-japan.com/charts/detail?a=stsongs&year=2018&month=11&day=05
2018,stsongs,2018-10-31,16,BDZ,TWICE,https://www.billboard-japan.com/charts/detail?a=stsongs&year=2018&month=11&day=05
2018,stsongs,2018-10-31,17,Perfect World,E-girls,https://www.billboard-japan.com/charts/detail?a=stsongs&year=2018&month=11&day=05
2018,stsongs,2018-10-31,18,DDU-DU DDU-DU,BLACKPINK,https://www.billboard-japan.com/charts/detail?a=stsongs&year=2018&month=11&day=05
2018,stsongs,2018-10-31,19,青と夏,Mrs.GREEN APPLE,https://www.billboard-japan.com/charts/detail?a=stsongs&year=2018&month=11&day=05
2018,stsongs,2018-10-31,20,さよならエレジー,菅田将暉,https://www.billboard-japan.com/charts/detail?a=stsongs&year=2018&month=11&day=05
2018,stsongs,2018-10-31,21,奏(かなで),スキマスイッチ,https://www.billboard-japan.com/charts/detail?a=stsongs&year=2018&month=11&day=05
2018,stsongs,2018-10-31,22,獣ゆく細道,椎名林檎と宮本浩次,https://www.billboard-japan.com/charts/detail?a=stsongs&year=2018&month=11&day=05
2018,stsongs,2018-10-31,23,カタオモイ,Aimer(エメ),https://www.billboard-japan.com/charts/detail?a=stsongs&year=2018&month=11&day=05
2018,stsongs,2018-10-31,24,TT,TWICE,https://www.billboard-japan.com/charts/detail?a=stsongs&year=2018&month=11&day=05
2018,stsongs,2018-10-31,25,Stand By You,Official髭男dism,https://www.billboard-japan.com/charts/detail?a=stsongs&year=2018&month=11&day=05
2018,stsongs,2018-10-31,26,貴方解剖純愛歌〜死ね〜,あいみょん,https://www.billboard-japan.com/charts/detail?a=stsongs&year=2018&month=11&day=05
2018,stsongs,2018-10-31,27,Change,ONE OK ROCK,https://www.billboard-japan.com/charts/detail?a=stsongs&year=2018&month=11&day=05
2018,stsongs,2018-10-31,28,Dance The Night Away,TWICE,https://www.billboard-japan.com/charts/detail?a=stsongs&year=2018&month=11&day=05
2018,stsongs,2018-10-31,29,IDOL,BTS (防弾少年団),https://www.billboard-japan.com/charts/detail?a=stsongs&year=2018&month=11&day=05
2018,stsongs,2018-10-31,30,ディス・フィーリング feat.ケルシー・バレリーニ,チェインスモーカーズ,https://www.billboard-japan.com/charts/detail?a=stsongs&year=2018&month=11&day=05
2018,stsongs,2018-10-31,31,My Boo,清水翔太,https://www.billboard-japan.com/charts/detail?a=stsongs&year=2018&month=11&day=05
2018,stsongs,2018-10-31,32,Black Bird,Aimer(エメ),https://www.billboard-japan.com/charts/detail?a=stsongs&year=2018&month=11&day=05
2018,stsongs,2018-10-31,33,What is Love?,TWICE,https://www.billboard-japan.com/charts/detail?a=stsongs&year=2018&month=11&day=05
2018,stsongs,2018-10-31,34,小さな恋のうた,MONGOL800,https://www.billboard-japan.com/charts/detail?a=stsongs&year=2018&month=11&day=05
2018,stsongs,2018-10-31,35,アンビバレント,欅坂46,https://www.billboard-japan.com/charts/detail?a=stsongs&year=2018&month=11&day=05
2018,stsongs,2018-10-31,36,himawari,Mr.Children,https://www.billboard-japan.com/charts/detail?a=stsongs&year=2018&month=11&day=05
2018,stsongs,2018-10-31,37,ディス・イズ・ミー,キアラ・セトル & ザ・グレイテスト・ショーマン・アンサンブル,https://www.billboard-japan.com/charts/detail?a=stsongs&year=2018&month=11&day=05
2018,stsongs,2018-10-31,38,サイレントマジョリティー,欅坂46,https://www.billboard-japan.com/charts/detail?a=stsongs&year=2018&month=11&day=05
2018,stsongs,2018-10-31,39,ただ君に晴れ,ヨルシカ,https://www.billboard-japan.com/charts/detail?a=stsongs&year=2018&month=11&day=05
2018,stsongs,2018-10-31,40,ノーダウト,Official髭男dism,https://www.billboard-japan.com/charts/detail?a=stsongs&year=2018&month=11&day=05
2018,stsongs,2018-10-31,41,Hikari,androp,https://www.billboard-japan.com/charts/detail?a=stsongs&year=2018&month=11&day=05
2018,stsongs,2018-10-31,42,ライズ feat.ジャック & ジャック,ジョナス・ブルー,https://www.billboard-japan.com/charts/detail?a=stsongs&year=2018&month=11&day=05
2018,stsongs,2018-10-31,43,アイデア,星野源,https://www.billboard-japan.com/charts/detail?a=stsongs&year=2018&month=11&day=05
2018,stsongs,2018-10-31,44,生きていたんだよな,あいみょん,https://www.billboard-japan.com/charts/detail?a=stsongs&year=2018&month=11&day=05
2018,stsongs,2018-10-31,45,I WANT YOU BACK,TWICE,https://www.billboard-japan.com/charts/detail?a=stsongs&year=2018&month=11&day=05
2018,stsongs,2018-10-31,46,ガラスを割れ!,欅坂46,https://www.billboard-japan.com/charts/detail?a=stsongs&year=2018&month=11&day=05
2018,stsongs,2018-10-31,47,恋音と雨空,AAA,https://www.billboard-japan.com/charts/detail?a=stsongs&year=2018&month=11&day=05
2018,stsongs,2018-10-31,48,WanteD! WanteD!,Mrs.GREEN APPLE,https://www.billboard-japan.com/charts/detail?a=stsongs&year=2018&month=11&day=05
2018,stsongs,2018-10-31,49,RAIN,SEKAI NO OWARI,https://www.billboard-japan.com/charts/detail?a=stsongs&year=2018&month=11&day=05
2018,stsongs,2018-10-31,50,カタオモイ。,ハジ→,https://www.billboard-japan.com/charts/detail?a=stsongs&year=2018&month=11&day=05
2018,stsongs,2018-10-31,51,もし君を許せたら,家入レオ,https://www.billboard-japan.com/charts/detail?a=stsongs&year=2018&month=11&day=05
2018,stsongs,2018-10-31,52,ハピアー,マシュメロ & バスティル,https://www.billboard-japan.com/charts/detail?a=stsongs&year=2018&month=11&day=05
2018,stsongs,2018-10-31,53,輝きだして走ってく,サンボマスター,https://www.billboard-japan.com/charts/detail?a=stsongs&year=2018&month=11&day=05
2018,stsongs,2018-10-31,54,シンフォニー feat.ザラ・ラーソン,クリーン・バンディット,https://www.billboard-japan.com/charts/detail?a=stsongs&year=2018&month=11&day=05
2018,stsongs,2018-10-31,55,BAAM,MOMOLAND,https://www.billboard-japan.com/charts/detail?a=stsongs&year=2018&month=11&day=05
2018,stsongs,2018-10-31,56,トリセツ,西野カナ,https://www.billboard-japan.com/charts/detail?a=stsongs&year=2018&month=11&day=05
2018,stsongs,2018-10-31,57,FAKE LOVE,BTS (防弾少年団),https://www.billboard-japan.com/charts/detail?a=stsongs&year=2018&month=11&day=05
2018,stsongs,2018-10-31,58,愛をこめて花束を,Superfly,https://www.billboard-japan.com/charts/detail?a=stsongs&year=2018&month=11&day=05
2018,stsongs,2018-10-31,59,ステイ,ゼッド & アレッシア・カーラ,https://www.billboard-japan.com/charts/detail?a=stsongs&year=2018&month=11&day=05
2018,stsongs,2018-10-31,60,クローサー feat.ホールジー,チェインスモーカーズ,https://www.billboard-japan.com/charts/detail?a=stsongs&year=2018&month=11&day=05
2018,stsongs,2018-10-31,61,ウェイスト・イット・オン・ミー feat.BTS (防弾少年団),スティーヴ・アオキ,https://www.billboard-japan.com/charts/detail?a=stsongs&year=2018&month=11&day=05
2018,stsongs,2018-10-31,62,Hero,安室奈美恵,https://www.billboard-japan.com/charts/detail?a=stsongs&year=2018&month=11&day=05
2018,stsongs,2018-10-31,63,ひまわりの約束,秦基博,https://www.billboard-japan.com/charts/detail?a=stsongs&year=2018&month=11&day=05
2018,stsongs,2018-10-31,64,Tomorrow Never Knows,Mr.Children,https://www.billboard-japan.com/charts/detail?a=stsongs&year=2018&month=11&day=05
2018,stsongs,2018-10-31,65,Candy Pop,TWICE,https://www.billboard-japan.com/charts/detail?a=stsongs&year=2018&month=11&day=05
2018,stsongs,2018-10-31,66,2002,アン・マリー,https://www.billboard-japan.com/charts/detail?a=stsongs&year=2018&month=11&day=05
2018,stsongs,2018-10-31,67,満月の夜なら,あいみょん,https://www.billboard-japan.com/charts/detail?a=stsongs&year=2018&month=11&day=05
2018,stsongs,2018-10-31,68,ホワット・ドゥ・ユー・ミーン?,ジャスティン・ビーバー,https://www.billboard-japan.com/charts/detail?a=stsongs&year=2018&month=11&day=05
2018,stsongs,2018-10-31,69,イノセント・ワールド,Mr.Children,https://www.billboard-japan.com/charts/detail?a=stsongs&year=2018&month=11&day=05
2018,stsongs,2018-10-31,70,Story,AI,https://www.billboard-japan.com/charts/detail?a=stsongs&year=2018&month=11&day=05
2018,stsongs,2018-10-31,71,新宝島,サカナクション,https://www.billboard-japan.com/charts/detail?a=stsongs&year=2018&month=11&day=05
2018,stsongs,2018-10-31,72,Sign,Mr.Children,https://www.billboard-japan.com/charts/detail?a=stsongs&year=2018&month=11&day=05
2018,stsongs,2018-10-31,73,ポラロイド feat.リアム・ペイン & レノン・ステラ,ジョナス・ブルー,https://www.billboard-japan.com/charts/detail?a=stsongs&year=2018&month=11&day=05
2018,stsongs,2018-10-31,74,ノー・ティアーズ・レフト・トゥ・クライ,アリアナ・グランデ,https://www.billboard-japan.com/charts/detail?a=stsongs&year=2018&month=11&day=05
2018,stsongs,2018-10-31,75,栞,クリープハイプ,https://www.billboard-japan.com/charts/detail?a=stsongs&year=2018&month=11&day=05
2018,stsongs,2018-10-31,76,The Beginning,ONE OK ROCK,https://www.billboard-japan.com/charts/detail?a=stsongs&year=2018&month=11&day=05
2018,stsongs,2018-10-31,77,キセキ,GReeeeN,https://www.billboard-japan.com/charts/detail?a=stsongs&year=2018&month=11&day=05
2018,stsongs,2018-10-31,78,"ノー・ブレイナー feat.ジャスティン・ビーバー,チャンス・ザ・ラッパー & クエヴォ",DJキャレド,https://www.billboard-japan.com/charts/detail?a=stsongs&year=2018&month=11&day=05
2018,stsongs,2018-10-31,79,名もなき詩,Mr.Children,https://www.billboard-japan.com/charts/detail?a=stsongs&year=2018&month=11&day=05
2018,stsongs,2018-10-31,80,シェイク・イット・オフ〜気にしてなんかいられないっ!!,テイラー・スウィフト,https://www.billboard-japan.com/charts/detail?a=stsongs&year=2018&month=11&day=05
2018,stsongs,2018-10-31,81,ソロ feat.デミ・ロヴァート,クリーン・バンディット,https://www.billboard-japan.com/charts/detail?a=stsongs&year=2018&month=11&day=05
2018,stsongs,2018-10-31,82,完全感覚Dreamer,ONE OK ROCK,https://www.billboard-japan.com/charts/detail?a=stsongs&year=2018&month=11&day=05
2018,stsongs,2018-10-31,83,366日,HY,https://www.billboard-japan.com/charts/detail?a=stsongs&year=2018&month=11&day=05
2018,stsongs,2018-10-31,84,まっしろ,ビッケブランカ,https://www.billboard-japan.com/charts/detail?a=stsongs&year=2018&month=11&day=05
2018,stsongs,2018-10-31,85,しるし,Mr.Children,https://www.billboard-japan.com/charts/detail?a=stsongs&year=2018&month=11&day=05
2018,stsongs,2018-10-31,86,アイラブユー,西野カナ,https://www.billboard-japan.com/charts/detail?a=stsongs&year=2018&month=11&day=05
2018,stsongs,2018-10-31,87,ルージュの伝言,荒井由実,https://www.billboard-japan.com/charts/detail?a=stsongs&year=2018&month=11&day=05
2018,stsongs,2018-10-31,88,EXCITE,三浦大知,https://www.billboard-japan.com/charts/detail?a=stsongs&year=2018&month=11&day=05
2018,stsongs,2018-10-31,89,世界はあなたに笑いかけている,Little Glee Monster,https://www.billboard-japan.com/charts/detail?a=stsongs&year=2018&month=11&day=05
2018,stsongs,2018-10-31,90,DEJAVU,AAA,https://www.billboard-japan.com/charts/detail?a=stsongs&year=2018&month=11&day=05
2018,stsongs,2018-10-31,91,ザ・ミドル,"ゼッド,マレン・モリス,グレイ",https://www.billboard-japan.com/charts/detail?a=stsongs&year=2018&month=11&day=05
2018,stsongs,2018-10-31,92,Gifts,Superfly,https://www.billboard-japan.com/charts/detail?a=stsongs&year=2018&month=11&day=05
2018,stsongs,2018-10-31,93,抱きしめたい,Mr.Children,https://www.billboard-japan.com/charts/detail?a=stsongs&year=2018&month=11&day=05
2018,stsongs,2018-10-31,94,シンクロニシティ,乃木坂46,https://www.billboard-japan.com/charts/detail?a=stsongs&year=2018&month=11&day=05
2018,stsongs,2018-10-31,95,DNA,BTS (防弾少年団),https://www.billboard-japan.com/charts/detail?a=stsongs&year=2018&month=11&day=05
2018,stsongs,2018-10-31,96,サウダージ,ポルノグラフィティ,https://www.billboard-japan.com/charts/detail?a=stsongs&year=2018&month=11&day=05
2018,stsongs,2018-10-31,97,シーソーゲーム〜勇敢な恋の歌〜,Mr.Children,https://www.billboard-japan.com/charts/detail?a=stsongs&year=2018&month=11&day=05
2018,stsongs,2018-10-31,97,やさしさに包まれたなら,荒井由実,https://www.billboard-japan.com/charts/detail?a=stsongs&year=2018&month=11&day=05
2018,stsongs,2018-10-31,99,if...,DA PUMP,https://www.billboard-japan.com/charts/detail?a=stsongs&year=2018&month=11&day=05
2018,stsongs,2018-10-31,100,ADAMAS,LiSA,https://www.billboard-japan.com/charts/detail?a=stsongs&year=2018&month=11&day=05
2018,stsongs,2018-11-07,1,今夜このまま,あいみょん,https://www.billboard-japan.com/charts/detail?a=stsongs&year=2018&month=11&day=12
2018,stsongs,2018-11-07,2,U.S.A.,DA PUMP,https://www.billboard-japan.com/charts/detail?a=stsongs&year=2018&month=11&day=12
2018,stsongs,2018-11-07,3,アイノカタチ feat.HIDE(GReeeeN),MISIA,https://www.billboard-japan.com/charts/detail?a=stsongs&year=2018&month=11&day=12
2018,stsongs,2018-11-07,4,マリーゴールド,あいみょん,https://www.billboard-japan.com/charts/detail?a=stsongs&year=2018&month=11&day=12
2018,stsongs,2018-11-07,5,トリコ,Nissy(西島隆弘),https://www.billboard-japan.com/charts/detail?a=stsongs&year=2018&month=11&day=12
2018,stsongs,2018-11-07,6,君はロックを聴かない,あいみょん,https://www.billboard-japan.com/charts/detail?a=stsongs&year=2018&month=11&day=12
2018,stsongs,2018-11-07,7,HANABI,Mr.Children,https://www.billboard-japan.com/charts/detail?a=stsongs&year=2018&month=11&day=12
2018,stsongs,2018-11-07,8,打上花火,DAOKO × 米津玄師,https://www.billboard-japan.com/charts/detail?a=stsongs&year=2018&month=11&day=12
2018,stsongs,2018-11-07,9,愛を伝えたいだとか,あいみょん,https://www.billboard-japan.com/charts/detail?a=stsongs&year=2018&month=11&day=12
2018,stsongs,2018-11-07,10,シェイプ・オブ・ユー,エド・シーラン,https://www.billboard-japan.com/charts/detail?a=stsongs&year=2018&month=11&day=12
2018,stsongs,2018-11-07,11,Bedtime Story,西野カナ,https://www.billboard-japan.com/charts/detail?a=stsongs&year=2018&month=11&day=12
2018,stsongs,2018-11-07,12,少年,GENERATIONS from EXILE TRIBE,https://www.billboard-japan.com/charts/detail?a=stsongs&year=2018&month=11&day=12
2018,stsongs,2018-11-07,13,La Vie en Rose,IZ*ONE,https://www.billboard-japan.com/charts/detail?a=stsongs&year=2018&month=11&day=12
2018,stsongs,2018-11-07,14,Wherever you are,ONE OK ROCK,https://www.billboard-japan.com/charts/detail?a=stsongs&year=2018&month=11&day=12
2018,stsongs,2018-11-07,15,ワタリドリ,[ALEXANDROS],https://www.billboard-japan.com/charts/detail?a=stsongs&year=2018&month=11&day=12
2018,stsongs,2018-11-07,16,ウェイスト・イット・オン・ミー feat.BTS (防弾少年団),スティーヴ・アオキ,https://www.billboard-japan.com/charts/detail?a=stsongs&year=2018&month=11&day=12
2018,stsongs,2018-11-07,17,イルミネーション,SEKAI NO OWARI,https://www.billboard-japan.com/charts/detail?a=stsongs&year=2018&month=11&day=12
2018,stsongs,2018-11-07,18,DDU-DU DDU-DU,BLACKPINK,https://www.billboard-japan.com/charts/detail?a=stsongs&year=2018&month=11&day=12
2018,stsongs,2018-11-07,19,STAY BY MY SIDE,TWICE,https://www.billboard-japan.com/charts/detail?a=stsongs&year=2018&month=11&day=12
2018,stsongs,2018-11-07,20,BDZ,TWICE,https://www.billboard-japan.com/charts/detail?a=stsongs&year=2018&month=11&day=12
2018,stsongs,2018-11-07,21,さよならエレジー,菅田将暉,https://www.billboard-japan.com/charts/detail?a=stsongs&year=2018&month=11&day=12
2018,stsongs,2018-11-07,22,奏(かなで),スキマスイッチ,https://www.billboard-japan.com/charts/detail?a=stsongs&year=2018&month=11&day=12
2018,stsongs,2018-11-07,23,青と夏,Mrs.GREEN APPLE,https://www.billboard-japan.com/charts/detail?a=stsongs&year=2018&month=11&day=12
2018,stsongs,2018-11-07,24,Perfect World,E-girls,https://www.billboard-japan.com/charts/detail?a=stsongs&year=2018&month=11&day=12
2018,stsongs,2018-11-07,25,カタオモイ,Aimer(エメ),https://www.billboard-japan.com/charts/detail?a=stsongs&year=2018&month=11&day=12
2018,stsongs,2018-11-07,26,貴方解剖純愛歌〜死ね〜,あいみょん,https://www.billboard-japan.com/charts/detail?a=stsongs&year=2018&month=11&day=12
2018,stsongs,2018-11-07,27,Stand By You,Official髭男dism,https://www.billboard-japan.com/charts/detail?a=stsongs&year=2018&month=11&day=12
2018,stsongs,2018-11-07,28,TT,TWICE,https://www.billboard-japan.com/charts/detail?a=stsongs&year=2018&month=11&day=12
2018,stsongs,2018-11-07,29,My Boo,清水翔太,https://www.billboard-japan.com/charts/detail?a=stsongs&year=2018&month=11&day=12
2018,stsongs,2018-11-07,30,獣ゆく細道,椎名林檎と宮本浩次,https://www.billboard-japan.com/charts/detail?a=stsongs&year=2018&month=11&day=12
2018,stsongs,2018-11-07,31,Change,ONE OK ROCK,https://www.billboard-japan.com/charts/detail?a=stsongs&year=2018&month=11&day=12
2018,stsongs,2018-11-07,32,小さな恋のうた,MONGOL800,https://www.billboard-japan.com/charts/detail?a=stsongs&year=2018&month=11&day=12
2018,stsongs,2018-11-07,33,シンフォニー feat.ザラ・ラーソン,クリーン・バンディット,https://www.billboard-japan.com/charts/detail?a=stsongs&year=2018&month=11&day=12
2018,stsongs,2018-11-07,34,IDOL,BTS (防弾少年団),https://www.billboard-japan.com/charts/detail?a=stsongs&year=2018&month=11&day=12
2018,stsongs,2018-11-07,35,Dance The Night Away,TWICE,https://www.billboard-japan.com/charts/detail?a=stsongs&year=2018&month=11&day=12
2018,stsongs,2018-11-07,36,What is Love?,TWICE,https://www.billboard-japan.com/charts/detail?a=stsongs&year=2018&month=11&day=12
2018,stsongs,2018-11-07,37,ディス・フィーリング feat.ケルシー・バレリーニ,チェインスモーカーズ,https://www.billboard-japan.com/charts/detail?a=stsongs&year=2018&month=11&day=12
2018,stsongs,2018-11-07,38,生きていたんだよな,あいみょん,https://www.billboard-japan.com/charts/detail?a=stsongs&year=2018&month=11&day=12
2018,stsongs,2018-11-07,39,Black Bird,Aimer(エメ),https://www.billboard-japan.com/charts/detail?a=stsongs&year=2018&month=11&day=12
2018,stsongs,2018-11-07,40,himawari,Mr.Children,https://www.billboard-japan.com/charts/detail?a=stsongs&year=2018&month=11&day=12
2018,stsongs,2018-11-07,41,ロングホープ・フィリア,菅田将暉,https://www.billboard-japan.com/charts/detail?a=stsongs&year=2018&month=11&day=12
2018,stsongs,2018-11-07,42,恋音と雨空,AAA,https://www.billboard-japan.com/charts/detail?a=stsongs&year=2018&month=11&day=12
2018,stsongs,2018-11-07,43,サイレントマジョリティー,欅坂46,https://www.billboard-japan.com/charts/detail?a=stsongs&year=2018&month=11&day=12
2018,stsongs,2018-11-07,44,ただ君に晴れ,ヨルシカ,https://www.billboard-japan.com/charts/detail?a=stsongs&year=2018&month=11&day=12
2018,stsongs,2018-11-07,45,ディス・イズ・ミー,キアラ・セトル & ザ・グレイテスト・ショーマン・アンサンブル,https://www.billboard-japan.com/charts/detail?a=stsongs&year=2018&month=11&day=12
2018,stsongs,2018-11-07,46,ライズ feat.ジャック & ジャック,ジョナス・ブルー,https://www.billboard-japan.com/charts/detail?a=stsongs&year=2018&month=11&day=12
2018,stsongs,2018-11-07,47,RAIN,SEKAI NO OWARI,https://www.billboard-japan.com/charts/detail?a=stsongs&year=2018&month=11&day=12
2018,stsongs,2018-11-07,48,アンビバレント,欅坂46,https://www.billboard-japan.com/charts/detail?a=stsongs&year=2018&month=11&day=12
2018,stsongs,2018-11-07,49,ノーダウト,Official髭男dism,https://www.billboard-japan.com/charts/detail?a=stsongs&year=2018&month=11&day=12
2018,stsongs,2018-11-07,50,WanteD! WanteD!,Mrs.GREEN APPLE,https://www.billboard-japan.com/charts/detail?a=stsongs&year=2018&month=11&day=12
2018,stsongs,2018-11-07,51,ガラスを割れ!,欅坂46,https://www.billboard-japan.com/charts/detail?a=stsongs&year=2018&month=11&day=12
2018,stsongs,2018-11-07,52,アイデア,星野源,https://www.billboard-japan.com/charts/detail?a=stsongs&year=2018&month=11&day=12
2018,stsongs,2018-11-07,53,I WANT YOU BACK,TWICE,https://www.billboard-japan.com/charts/detail?a=stsongs&year=2018&month=11&day=12
2018,stsongs,2018-11-07,54,ハピアー,マシュメロ & バスティル,https://www.billboard-japan.com/charts/detail?a=stsongs&year=2018&month=11&day=12
2018,stsongs,2018-11-07,55,トリセツ,西野カナ,https://www.billboard-japan.com/charts/detail?a=stsongs&year=2018&month=11&day=12
2018,stsongs,2018-11-07,56,アイリス,藍井エイル,https://www.billboard-japan.com/charts/detail?a=stsongs&year=2018&month=11&day=12
2018,stsongs,2018-11-07,57,Hikari,androp,https://www.billboard-japan.com/charts/detail?a=stsongs&year=2018&month=11&day=12
2018,stsongs,2018-11-07,58,ステイ,ゼッド & アレッシア・カーラ,https://www.billboard-japan.com/charts/detail?a=stsongs&year=2018&month=11&day=12
2018,stsongs,2018-11-07,59,愛をこめて花束を,Superfly,https://www.billboard-japan.com/charts/detail?a=stsongs&year=2018&month=11&day=12
2018,stsongs,2018-11-07,60,クローサー feat.ホールジー,チェインスモーカーズ,https://www.billboard-japan.com/charts/detail?a=stsongs&year=2018&month=11&day=12
2018,stsongs,2018-11-07,61,ひまわりの約束,秦基博,https://www.billboard-japan.com/charts/detail?a=stsongs&year=2018&month=11&day=12
2018,stsongs,2018-11-07,62,キセキ,GReeeeN,https://www.billboard-japan.com/charts/detail?a=stsongs&year=2018&month=11&day=12
2018,stsongs,2018-11-07,63,Tomorrow Never Knows,Mr.Children,https://www.billboard-japan.com/charts/detail?a=stsongs&year=2018&month=11&day=12
2018,stsongs,2018-11-07,64,満月の夜なら,あいみょん,https://www.billboard-japan.com/charts/detail?a=stsongs&year=2018&month=11&day=12
2018,stsongs,2018-11-07,65,if...,DA PUMP,https://www.billboard-japan.com/charts/detail?a=stsongs&year=2018&month=11&day=12
2018,stsongs,2018-11-07,66,FAKE LOVE,BTS (防弾少年団),https://www.billboard-japan.com/charts/detail?a=stsongs&year=2018&month=11&day=12
2018,stsongs,2018-11-07,67,贈る言葉,GReeeeN,https://www.billboard-japan.com/charts/detail?a=stsongs&year=2018&month=11&day=12
2018,stsongs,2018-11-07,68,キス・アンド・メイク・アップ,デュア・リパ & BLACKPINK,https://www.billboard-japan.com/charts/detail?a=stsongs&year=2018&month=11&day=12
2018,stsongs,2018-11-07,69,まっしろ,ビッケブランカ,https://www.billboard-japan.com/charts/detail?a=stsongs&year=2018&month=11&day=12
2018,stsongs,2018-11-07,70,イノセント・ワールド,Mr.Children,https://www.billboard-japan.com/charts/detail?a=stsongs&year=2018&month=11&day=12
2018,stsongs,2018-11-07,71,シェイク・イット・オフ〜気にしてなんかいられないっ!!,テイラー・スウィフト,https://www.billboard-japan.com/charts/detail?a=stsongs&year=2018&month=11&day=12
2018,stsongs,2018-11-07,72,もし君を許せたら,家入レオ,https://www.billboard-japan.com/charts/detail?a=stsongs&year=2018&month=11&day=12
2018,stsongs,2018-11-07,73,輝きだして走ってく,サンボマスター,https://www.billboard-japan.com/charts/detail?a=stsongs&year=2018&month=11&day=12
2018,stsongs,2018-11-07,74,RAIN PRESS,カノン,https://www.billboard-japan.com/charts/detail?a=stsongs&year=2018&month=11&day=12
2018,stsongs,2018-11-07,75,ホワット・ドゥ・ユー・ミーン?,ジャスティン・ビーバー,https://www.billboard-japan.com/charts/detail?a=stsongs&year=2018&month=11&day=12
2018,stsongs,2018-11-07,76,2002,アン・マリー,https://www.billboard-japan.com/charts/detail?a=stsongs&year=2018&month=11&day=12
2018,stsongs,2018-11-07,77,BAAM,MOMOLAND,https://www.billboard-japan.com/charts/detail?a=stsongs&year=2018&month=11&day=12
2018,stsongs,2018-11-07,78,Hero,安室奈美恵,https://www.billboard-japan.com/charts/detail?a=stsongs&year=2018&month=11&day=12
2018,stsongs,2018-11-07,79,Sign,Mr.Children,https://www.billboard-japan.com/charts/detail?a=stsongs&year=2018&month=11&day=12
2018,stsongs,2018-11-07,80,新宝島,サカナクション,https://www.billboard-japan.com/charts/detail?a=stsongs&year=2018&month=11&day=12
2018,stsongs,2018-11-07,81,Candy Pop,TWICE,https://www.billboard-japan.com/charts/detail?a=stsongs&year=2018&month=11&day=12
2018,stsongs,2018-11-07,82,Story,AI,https://www.billboard-japan.com/charts/detail?a=stsongs&year=2018&month=11&day=12
2018,stsongs,2018-11-07,83,名もなき詩,Mr.Children,https://www.billboard-japan.com/charts/detail?a=stsongs&year=2018&month=11&day=12
2018,stsongs,2018-11-07,84,アイネクライネ,吉岡聖恵,https://www.billboard-japan.com/charts/detail?a=stsongs&year=2018&month=11&day=12
2018,stsongs,2018-11-07,85,The Beginning,ONE OK ROCK,https://www.billboard-japan.com/charts/detail?a=stsongs&year=2018&month=11&day=12
2018,stsongs,2018-11-07,86,ノー・ティアーズ・レフト・トゥ・クライ,アリアナ・グランデ,https://www.billboard-japan.com/charts/detail?a=stsongs&year=2018&month=11&day=12
2018,stsongs,2018-11-07,87,カタオモイ。,ハジ→,https://www.billboard-japan.com/charts/detail?a=stsongs&year=2018&month=11&day=12
2018,stsongs,2018-11-07,88,バラード,ケツメイシ,https://www.billboard-japan.com/charts/detail?a=stsongs&year=2018&month=11&day=12
2018,stsongs,2018-11-07,89,完全感覚Dreamer,ONE OK ROCK,https://www.billboard-japan.com/charts/detail?a=stsongs&year=2018&month=11&day=12
2018,stsongs,2018-11-07,90,solar,sijukara,https://www.billboard-japan.com/charts/detail?a=stsongs&year=2018&month=11&day=12
2018,stsongs,2018-11-07,91,ふたりの世界,あいみょん,https://www.billboard-japan.com/charts/detail?a=stsongs&year=2018&month=11&day=12
2018,stsongs,2018-11-07,92,"ノー・ブレイナー feat.ジャスティン・ビーバー,チャンス・ザ・ラッパー & クエヴォ",DJキャレド,https://www.billboard-japan.com/charts/detail?a=stsongs&year=2018&month=11&day=12
2018,stsongs,2018-11-07,93,栞,クリープハイプ,https://www.billboard-japan.com/charts/detail?a=stsongs&year=2018&month=11&day=12
2018,stsongs,2018-11-07,94,しるし,Mr.Children,https://www.billboard-japan.com/charts/detail?a=stsongs&year=2018&month=11&day=12
2018,stsongs,2018-11-07,95,抱きしめたい,Mr.Children,https://www.billboard-japan.com/charts/detail?a=stsongs&year=2018&month=11&day=12
2018,stsongs,2018-11-07,96,EXCITE,三浦大知,https://www.billboard-japan.com/charts/detail?a=stsongs&year=2018&month=11&day=12
2018,stsongs,2018-11-07,97,ADAMAS,LiSA,https://www.billboard-japan.com/charts/detail?a=stsongs&year=2018&month=11&day=12
2018,stsongs,2018-11-07,98,ポラロイド feat.リアム・ペイン & レノン・ステラ,ジョナス・ブルー,https://www.billboard-japan.com/charts/detail?a=stsongs&year=2018&month=11&day=12
2018,stsongs,2018-11-07,99,世界はあなたに笑いかけている,Little Glee Monster,https://www.billboard-japan.com/charts/detail?a=stsongs&year=2018&month=11&day=12
2018,stsongs,2018-11-07,100,みかんハート,C & K,https://www.billboard-japan.com/charts/detail?a=stsongs&year=2018&month=11&day=12
2018,stsongs,2018-11-14,1,今夜このまま,あいみょん,https://www.billboard-japan.com/charts/detail?a=stsongs&year=2018&month=11&day=19
2018,stsongs,2018-11-14,2,YES or YES,TWICE,https://www.billboard-japan.com/charts/detail?a=stsongs&year=2018&month=11&day=19
2018,stsongs,2018-11-14,3,U.S.A.,DA PUMP,https://www.billboard-japan.com/charts/detail?a=stsongs&year=2018&month=11&day=19
2018,stsongs,2018-11-14,4,アイノカタチ feat.HIDE(GReeeeN),MISIA,https://www.billboard-japan.com/charts/detail?a=stsongs&year=2018&month=11&day=19
2018,stsongs,2018-11-14,5,マリーゴールド,あいみょん,https://www.billboard-japan.com/charts/detail?a=stsongs&year=2018&month=11&day=19
2018,stsongs,2018-11-14,6,トリコ,Nissy(西島隆弘),https://www.billboard-japan.com/charts/detail?a=stsongs&year=2018&month=11&day=19
2018,stsongs,2018-11-14,7,君はロックを聴かない,あいみょん,https://www.billboard-japan.com/charts/detail?a=stsongs&year=2018&month=11&day=19
2018,stsongs,2018-11-14,8,帰り道は遠回りしたくなる,乃木坂46,https://www.billboard-japan.com/charts/detail?a=stsongs&year=2018&month=11&day=19
2018,stsongs,2018-11-14,9,愛を伝えたいだとか,あいみょん,https://www.billboard-japan.com/charts/detail?a=stsongs&year=2018&month=11&day=19
2018,stsongs,2018-11-14,10,打上花火,DAOKO × 米津玄師,https://www.billboard-japan.com/charts/detail?a=stsongs&year=2018&month=11&day=19
2018,stsongs,2018-11-14,11,La Vie en Rose,IZ*ONE,https://www.billboard-japan.com/charts/detail?a=stsongs&year=2018&month=11&day=19
2018,stsongs,2018-11-14,12,シェイプ・オブ・ユー,エド・シーラン,https://www.billboard-japan.com/charts/detail?a=stsongs&year=2018&month=11&day=19
2018,stsongs,2018-11-14,13,HANABI,Mr.Children,https://www.billboard-japan.com/charts/detail?a=stsongs&year=2018&month=11&day=19
2018,stsongs,2018-11-14,14,BDZ,TWICE,https://www.billboard-japan.com/charts/detail?a=stsongs&year=2018&month=11&day=19
2018,stsongs,2018-11-14,15,サンキュー、ネクスト,アリアナ・グランデ,https://www.billboard-japan.com/charts/detail?a=stsongs&year=2018&month=11&day=19
2018,stsongs,2018-11-14,16,IDOL,BTS (防弾少年団),https://www.billboard-japan.com/charts/detail?a=stsongs&year=2018&month=11&day=19
2018,stsongs,2018-11-14,17,ワタリドリ,[ALEXANDROS],https://www.billboard-japan.com/charts/detail?a=stsongs&year=2018&month=11&day=19
2018,stsongs,2018-11-14,18,FAKE LOVE,BTS (防弾少年団),https://www.billboard-japan.com/charts/detail?a=stsongs&year=2018&month=11&day=19
2018,stsongs,2018-11-14,19,Wherever you are,ONE OK ROCK,https://www.billboard-japan.com/charts/detail?a=stsongs&year=2018&month=11&day=19
2018,stsongs,2018-11-14,20,イルミネーション,SEKAI NO OWARI,https://www.billboard-japan.com/charts/detail?a=stsongs&year=2018&month=11&day=19
2018,stsongs,2018-11-14,21,Bedtime Story,西野カナ,https://www.billboard-japan.com/charts/detail?a=stsongs&year=2018&month=11&day=19
2018,stsongs,2018-11-14,22,GOOD and EVIL,UVERworld,https://www.billboard-japan.com/charts/detail?a=stsongs&year=2018&month=11&day=19
2018,stsongs,2018-11-14,23,獣ゆく細道,椎名林檎と宮本浩次,https://www.billboard-japan.com/charts/detail?a=stsongs&year=2018&month=11&day=19
2018,stsongs,2018-11-14,24,少年,GENERATIONS from EXILE TRIBE,https://www.billboard-japan.com/charts/detail?a=stsongs&year=2018&month=11&day=19
2018,stsongs,2018-11-14,25,さよならエレジー,菅田将暉,https://www.billboard-japan.com/charts/detail?a=stsongs&year=2018&month=11&day=19
2018,stsongs,2018-11-14,26,Tempo,EXO,https://www.billboard-japan.com/charts/detail?a=stsongs&year=2018&month=11&day=19
2018,stsongs,2018-11-14,27,DDU-DU DDU-DU,BLACKPINK,https://www.billboard-japan.com/charts/detail?a=stsongs&year=2018&month=11&day=19
2018,stsongs,2018-11-14,28,ウェイスト・イット・オン・ミー feat.BTS (防弾少年団),スティーヴ・アオキ,https://www.billboard-japan.com/charts/detail?a=stsongs&year=2018&month=11&day=19
2018,stsongs,2018-11-14,29,奏(かなで),スキマスイッチ,https://www.billboard-japan.com/charts/detail?a=stsongs&year=2018&month=11&day=19
2018,stsongs,2018-11-14,30,まっしろ,ビッケブランカ,https://www.billboard-japan.com/charts/detail?a=stsongs&year=2018&month=11&day=19
2018,stsongs,2018-11-14,31,貴方解剖純愛歌〜死ね〜,あいみょん,https://www.billboard-japan.com/charts/detail?a=stsongs&year=2018&month=11&day=19
2018,stsongs,2018-11-14,32,DEATH RESPECT,ヒプノシスマイク(MAD TRIGGER CREW・麻天狼),https://www.billboard-japan.com/charts/detail?a=stsongs&year=2018&month=11&day=19
2018,stsongs,2018-11-14,33,ヒミツ,ポルカドットスティングレイ,https://www.billboard-japan.com/charts/detail?a=stsongs&year=2018&month=11&day=19
2018,stsongs,2018-11-14,34,カタオモイ,Aimer(エメ),https://www.billboard-japan.com/charts/detail?a=stsongs&year=2018&month=11&day=19
2018,stsongs,2018-11-14,35,青と夏,Mrs.GREEN APPLE,https://www.billboard-japan.com/charts/detail?a=stsongs&year=2018&month=11&day=19
2018,stsongs,2018-11-14,36,TT,TWICE,https://www.billboard-japan.com/charts/detail?a=stsongs&year=2018&month=11&day=19
2018,stsongs,2018-11-14,37,小さな恋のうた,MONGOL800,https://www.billboard-japan.com/charts/detail?a=stsongs&year=2018&month=11&day=19
2018,stsongs,2018-11-14,38,贈る言葉,GReeeeN,https://www.billboard-japan.com/charts/detail?a=stsongs&year=2018&month=11&day=19
2018,stsongs,2018-11-14,39,STAY BY MY SIDE,TWICE,https://www.billboard-japan.com/charts/detail?a=stsongs&year=2018&month=11&day=19
2018,stsongs,2018-11-14,40,My Boo,清水翔太,https://www.billboard-japan.com/charts/detail?a=stsongs&year=2018&month=11&day=19
2018,stsongs,2018-11-14,41,生きていたんだよな,あいみょん,https://www.billboard-japan.com/charts/detail?a=stsongs&year=2018&month=11&day=19
2018,stsongs,2018-11-14,42,SAY YOU LOVE ME,TWICE,https://www.billboard-japan.com/charts/detail?a=stsongs&year=2018&month=11&day=19
2018,stsongs,2018-11-14,43,if...,DA PUMP,https://www.billboard-japan.com/charts/detail?a=stsongs&year=2018&month=11&day=19
2018,stsongs,2018-11-14,44,Stand By You,Official髭男dism,https://www.billboard-japan.com/charts/detail?a=stsongs&year=2018&month=11&day=19
2018,stsongs,2018-11-14,45,シンフォニー feat.ザラ・ラーソン,クリーン・バンディット,https://www.billboard-japan.com/charts/detail?a=stsongs&year=2018&month=11&day=19
2018,stsongs,2018-11-14,46,Change,ONE OK ROCK,https://www.billboard-japan.com/charts/detail?a=stsongs&year=2018&month=11&day=19
2018,stsongs,2018-11-14,47,"Over ""Quartzer""",Shuta Sueyoshi feat.ISSA,https://www.billboard-japan.com/charts/detail?a=stsongs&year=2018&month=11&day=19
2018,stsongs,2018-11-14,48,What is Love?,TWICE,https://www.billboard-japan.com/charts/detail?a=stsongs&year=2018&month=11&day=19
2018,stsongs,2018-11-14,49,Dance The Night Away,TWICE,https://www.billboard-japan.com/charts/detail?a=stsongs&year=2018&month=11&day=19
2018,stsongs,2018-11-14,50,サイレントマジョリティー,欅坂46,https://www.billboard-japan.com/charts/detail?a=stsongs&year=2018&month=11&day=19
2018,stsongs,2018-11-14,51,RAIN,SEKAI NO OWARI,https://www.billboard-japan.com/charts/detail?a=stsongs&year=2018&month=11&day=19
2018,stsongs,2018-11-14,52,Perfect World,E-girls,https://www.billboard-japan.com/charts/detail?a=stsongs&year=2018&month=11&day=19
2018,stsongs,2018-11-14,53,恋音と雨空,AAA,https://www.billboard-japan.com/charts/detail?a=stsongs&year=2018&month=11&day=19
2018,stsongs,2018-11-14,54,ノーダウト,Official髭男dism,https://www.billboard-japan.com/charts/detail?a=stsongs&year=2018&month=11&day=19
2018,stsongs,2018-11-14,55,Black Bird,Aimer(エメ),https://www.billboard-japan.com/charts/detail?a=stsongs&year=2018&month=11&day=19
2018,stsongs,2018-11-14,56,アンビバレント,欅坂46,https://www.billboard-japan.com/charts/detail?a=stsongs&year=2018&month=11&day=19
2018,stsongs,2018-11-14,57,ライズ feat.ジャック & ジャック,ジョナス・ブルー,https://www.billboard-japan.com/charts/detail?a=stsongs&year=2018&month=11&day=19
2018,stsongs,2018-11-14,58,himawari,Mr.Children,https://www.billboard-japan.com/charts/detail?a=stsongs&year=2018&month=11&day=19
2018,stsongs,2018-11-14,59,キセキ,GReeeeN,https://www.billboard-japan.com/charts/detail?a=stsongs&year=2018&month=11&day=19
2018,stsongs,2018-11-14,60,ガラスを割れ!,欅坂46,https://www.billboard-japan.com/charts/detail?a=stsongs&year=2018&month=11&day=19
2018,stsongs,2018-11-14,61,ディス・イズ・ミー,キアラ・セトル & ザ・グレイテスト・ショーマン・アンサンブル,https://www.billboard-japan.com/charts/detail?a=stsongs&year=2018&month=11&day=19
2018,stsongs,2018-11-14,62,WanteD! WanteD!,Mrs.GREEN APPLE,https://www.billboard-japan.com/charts/detail?a=stsongs&year=2018&month=11&day=19
2018,stsongs,2018-11-14,63,ただ君に晴れ,ヨルシカ,https://www.billboard-japan.com/charts/detail?a=stsongs&year=2018&month=11&day=19
2018,stsongs,2018-11-14,64,アイリス,藍井エイル,https://www.billboard-japan.com/charts/detail?a=stsongs&year=2018&month=11&day=19
2018,stsongs,2018-11-14,65,ハピアー,マシュメロ & バスティル,https://www.billboard-japan.com/charts/detail?a=stsongs&year=2018&month=11&day=19
2018,stsongs,2018-11-14,66,新宝島,サカナクション,https://www.billboard-japan.com/charts/detail?a=stsongs&year=2018&month=11&day=19
2018,stsongs,2018-11-14,67,トリセツ,西野カナ,https://www.billboard-japan.com/charts/detail?a=stsongs&year=2018&month=11&day=19
2018,stsongs,2018-11-14,68,ひまわりの約束,秦基博,https://www.billboard-japan.com/charts/detail?a=stsongs&year=2018&month=11&day=19
2018,stsongs,2018-11-14,69,満月の夜なら,あいみょん,https://www.billboard-japan.com/charts/detail?a=stsongs&year=2018&month=11&day=19
2018,stsongs,2018-11-14,70,アイデア,星野源,https://www.billboard-japan.com/charts/detail?a=stsongs&year=2018&month=11&day=19
2018,stsongs,2018-11-14,71,ディス・フィーリング feat.ケルシー・バレリーニ,チェインスモーカーズ,https://www.billboard-japan.com/charts/detail?a=stsongs&year=2018&month=11&day=19
2018,stsongs,2018-11-14,72,I WANT YOU BACK,TWICE,https://www.billboard-japan.com/charts/detail?a=stsongs&year=2018&month=11&day=19
2018,stsongs,2018-11-14,73,ステイ,ゼッド & アレッシア・カーラ,https://www.billboard-japan.com/charts/detail?a=stsongs&year=2018&month=11&day=19
2018,stsongs,2018-11-14,74,Hikari,androp,https://www.billboard-japan.com/charts/detail?a=stsongs&year=2018&month=11&day=19
2018,stsongs,2018-11-14,75,クローサー feat.ホールジー,チェインスモーカーズ,https://www.billboard-japan.com/charts/detail?a=stsongs&year=2018&month=11&day=19
2018,stsongs,2018-11-14,76,Tomorrow Never Knows,Mr.Children,https://www.billboard-japan.com/charts/detail?a=stsongs&year=2018&month=11&day=19
2018,stsongs,2018-11-14,77,愛をこめて花束を,Superfly,https://www.billboard-japan.com/charts/detail?a=stsongs&year=2018&month=11&day=19
2018,stsongs,2018-11-14,78,君の知らない物語,supercell,https://www.billboard-japan.com/charts/detail?a=stsongs&year=2018&month=11&day=19
2018,stsongs,2018-11-14,79,輝きだして走ってく,サンボマスター,https://www.billboard-japan.com/charts/detail?a=stsongs&year=2018&month=11&day=19
2018,stsongs,2018-11-14,80,ポラロイド feat.リアム・ペイン & レノン・ステラ,ジョナス・ブルー,https://www.billboard-japan.com/charts/detail?a=stsongs&year=2018&month=11&day=19
2018,stsongs,2018-11-14,81,LALALA,TWICE,https://www.billboard-japan.com/charts/detail?a=stsongs&year=2018&month=11&day=19
2018,stsongs,2018-11-14,82,キス・アンド・メイク・アップ,デュア・リパ & BLACKPINK,https://www.billboard-japan.com/charts/detail?a=stsongs&year=2018&month=11&day=19
2018,stsongs,2018-11-14,83,世界はあなたに笑いかけている,Little Glee Monster,https://www.billboard-japan.com/charts/detail?a=stsongs&year=2018&month=11&day=19
2018,stsongs,2018-11-14,84,BAAM,MOMOLAND,https://www.billboard-japan.com/charts/detail?a=stsongs&year=2018&month=11&day=19
2018,stsongs,2018-11-14,85,ロングホープ・フィリア,菅田将暉,https://www.billboard-japan.com/charts/detail?a=stsongs&year=2018&month=11&day=19
2018,stsongs,2018-11-14,86,ふたりの世界,あいみょん,https://www.billboard-japan.com/charts/detail?a=stsongs&year=2018&month=11&day=19
2018,stsongs,2018-11-14,87,シェイク・イット・オフ〜気にしてなんかいられないっ!!,テイラー・スウィフト,https://www.billboard-japan.com/charts/detail?a=stsongs&year=2018&month=11&day=19
2018,stsongs,2018-11-14,88,Hero,安室奈美恵,https://www.billboard-japan.com/charts/detail?a=stsongs&year=2018&month=11&day=19
2018,stsongs,2018-11-14,89,EXCITE,三浦大知,https://www.billboard-japan.com/charts/detail?a=stsongs&year=2018&month=11&day=19
2018,stsongs,2018-11-14,90,2002,アン・マリー,https://www.billboard-japan.com/charts/detail?a=stsongs&year=2018&month=11&day=19
2018,stsongs,2018-11-14,91,イノセント・ワールド,Mr.Children,https://www.billboard-japan.com/charts/detail?a=stsongs&year=2018&month=11&day=19
2018,stsongs,2018-11-14,92,みかんハート,C & K,https://www.billboard-japan.com/charts/detail?a=stsongs&year=2018&month=11&day=19
2018,stsongs,2018-11-14,93,The Beginning,ONE OK ROCK,https://www.billboard-japan.com/charts/detail?a=stsongs&year=2018&month=11&day=19
2018,stsongs,2018-11-14,94,Candy Pop,TWICE,https://www.billboard-japan.com/charts/detail?a=stsongs&year=2018&month=11&day=19
2018,stsongs,2018-11-14,95,栞,クリープハイプ,https://www.billboard-japan.com/charts/detail?a=stsongs&year=2018&month=11&day=19
2018,stsongs,2018-11-14,96,366日,HY,https://www.billboard-japan.com/charts/detail?a=stsongs&year=2018&month=11&day=19
2018,stsongs,2018-11-14,97,花束を君に,宇多田ヒカル,https://www.billboard-japan.com/charts/detail?a=stsongs&year=2018&month=11&day=19
2018,stsongs,2018-11-14,98,完全感覚Dreamer,ONE OK ROCK,https://www.billboard-japan.com/charts/detail?a=stsongs&year=2018&month=11&day=19
2018,stsongs,2018-11-14,99,もし君を許せたら,家入レオ,https://www.billboard-japan.com/charts/detail?a=stsongs&year=2018&month=11&day=19
2018,stsongs,2018-11-14,100,EDENへ,UVERworld,https://www.billboard-japan.com/charts/detail?a=stsongs&year=2018&month=11&day=19
2018,stsongs,2018-11-21,1,今夜このまま,あいみょん,https://www.billboard-japan.com/charts/detail?a=stsongs&year=2018&month=11&day=26
2018,stsongs,2018-11-21,2,YES or YES,TWICE,https://www.billboard-japan.com/charts/detail?a=stsongs&year=2018&month=11&day=26
2018,stsongs,2018-11-21,3,U.S.A.,DA PUMP,https://www.billboard-japan.com/charts/detail?a=stsongs&year=2018&month=11&day=26
2018,stsongs,2018-11-21,4,帰り道は遠回りしたくなる,乃木坂46,https://www.billboard-japan.com/charts/detail?a=stsongs&year=2018&month=11&day=26
2018,stsongs,2018-11-21,5,マリーゴールド,あいみょん,https://www.billboard-japan.com/charts/detail?a=stsongs&year=2018&month=11&day=26
2018,stsongs,2018-11-21,6,君はロックを聴かない,あいみょん,https://www.billboard-japan.com/charts/detail?a=stsongs&year=2018&month=11&day=26
2018,stsongs,2018-11-21,7,アイノカタチ feat.HIDE(GReeeeN),MISIA,https://www.billboard-japan.com/charts/detail?a=stsongs&year=2018&month=11&day=26
2018,stsongs,2018-11-21,8,愛を伝えたいだとか,あいみょん,https://www.billboard-japan.com/charts/detail?a=stsongs&year=2018&month=11&day=26
2018,stsongs,2018-11-21,9,トリコ,Nissy(西島隆弘),https://www.billboard-japan.com/charts/detail?a=stsongs&year=2018&month=11&day=26
2018,stsongs,2018-11-21,10,打上花火,DAOKO × 米津玄師,https://www.billboard-japan.com/charts/detail?a=stsongs&year=2018&month=11&day=26
2018,stsongs,2018-11-21,11,シェイプ・オブ・ユー,エド・シーラン,https://www.billboard-japan.com/charts/detail?a=stsongs&year=2018&month=11&day=26
2018,stsongs,2018-11-21,12,DEATH RESPECT,ヒプノシスマイク(MAD TRIGGER CREW・麻天狼),https://www.billboard-japan.com/charts/detail?a=stsongs&year=2018&month=11&day=26
2018,stsongs,2018-11-21,13,SOLO,JENNIE(from BLACKPINK),https://www.billboard-japan.com/charts/detail?a=stsongs&year=2018&month=11&day=26
2018,stsongs,2018-11-21,14,HANABI,Mr.Children,https://www.billboard-japan.com/charts/detail?a=stsongs&year=2018&month=11&day=26
2018,stsongs,2018-11-21,15,ボヘミアン・ラプソディ,クイーン,https://www.billboard-japan.com/charts/detail?a=stsongs&year=2018&month=11&day=26
2018,stsongs,2018-11-21,16,サンキュー、ネクスト,アリアナ・グランデ,https://www.billboard-japan.com/charts/detail?a=stsongs&year=2018&month=11&day=26
2018,stsongs,2018-11-21,17,La Vie en Rose,IZ*ONE,https://www.billboard-japan.com/charts/detail?a=stsongs&year=2018&month=11&day=26
2018,stsongs,2018-11-21,18,FAKE LOVE,BTS (防弾少年団),https://www.billboard-japan.com/charts/detail?a=stsongs&year=2018&month=11&day=26
2018,stsongs,2018-11-21,19,獣ゆく細道,椎名林檎と宮本浩次,https://www.billboard-japan.com/charts/detail?a=stsongs&year=2018&month=11&day=26
2018,stsongs,2018-11-21,20,BDZ,TWICE,https://www.billboard-japan.com/charts/detail?a=stsongs&year=2018&month=11&day=26
2018,stsongs,2018-11-21,21,Wherever you are,ONE OK ROCK,https://www.billboard-japan.com/charts/detail?a=stsongs&year=2018&month=11&day=26
2018,stsongs,2018-11-21,22,Bedtime Story,西野カナ,https://www.billboard-japan.com/charts/detail?a=stsongs&year=2018&month=11&day=26
2018,stsongs,2018-11-21,23,IDOL,BTS (防弾少年団),https://www.billboard-japan.com/charts/detail?a=stsongs&year=2018&month=11&day=26
2018,stsongs,2018-11-21,24,まっしろ,ビッケブランカ,https://www.billboard-japan.com/charts/detail?a=stsongs&year=2018&month=11&day=26
2018,stsongs,2018-11-21,25,イルミネーション,SEKAI NO OWARI,https://www.billboard-japan.com/charts/detail?a=stsongs&year=2018&month=11&day=26
2018,stsongs,2018-11-21,26,ワタリドリ,[ALEXANDROS],https://www.billboard-japan.com/charts/detail?a=stsongs&year=2018&month=11&day=26
2018,stsongs,2018-11-21,27,貴方解剖純愛歌〜死ね〜,あいみょん,https://www.billboard-japan.com/charts/detail?a=stsongs&year=2018&month=11&day=26
2018,stsongs,2018-11-21,28,生きていたんだよな,あいみょん,https://www.billboard-japan.com/charts/detail?a=stsongs&year=2018&month=11&day=26
2018,stsongs,2018-11-21,29,奏(かなで),スキマスイッチ,https://www.billboard-japan.com/charts/detail?a=stsongs&year=2018&month=11&day=26
2018,stsongs,2018-11-21,30,さよならエレジー,菅田将暉,https://www.billboard-japan.com/charts/detail?a=stsongs&year=2018&month=11&day=26
2018,stsongs,2018-11-21,31,GOOD and EVIL,UVERworld,https://www.billboard-japan.com/charts/detail?a=stsongs&year=2018&month=11&day=26
2018,stsongs,2018-11-21,32,ヒミツ,ポルカドットスティングレイ,https://www.billboard-japan.com/charts/detail?a=stsongs&year=2018&month=11&day=26
2018,stsongs,2018-11-21,33,カタオモイ,Aimer(エメ),https://www.billboard-japan.com/charts/detail?a=stsongs&year=2018&month=11&day=26
2018,stsongs,2018-11-21,34,小さな恋のうた,MONGOL800,https://www.billboard-japan.com/charts/detail?a=stsongs&year=2018&month=11&day=26
2018,stsongs,2018-11-21,35,TT,TWICE,https://www.billboard-japan.com/charts/detail?a=stsongs&year=2018&month=11&day=26
2018,stsongs,2018-11-21,36,ウェイスト・イット・オン・ミー feat.BTS (防弾少年団),スティーヴ・アオキ,https://www.billboard-japan.com/charts/detail?a=stsongs&year=2018&month=11&day=26
2018,stsongs,2018-11-21,37,満月の夜なら,あいみょん,https://www.billboard-japan.com/charts/detail?a=stsongs&year=2018&month=11&day=26
2018,stsongs,2018-11-21,38,少年,GENERATIONS from EXILE TRIBE,https://www.billboard-japan.com/charts/detail?a=stsongs&year=2018&month=11&day=26
2018,stsongs,2018-11-21,39,青と夏,Mrs.GREEN APPLE,https://www.billboard-japan.com/charts/detail?a=stsongs&year=2018&month=11&day=26
2018,stsongs,2018-11-21,40,あいことば,絢香,https://www.billboard-japan.com/charts/detail?a=stsongs&year=2018&month=11&day=26
2018,stsongs,2018-11-21,41,My Boo,清水翔太,https://www.billboard-japan.com/charts/detail?a=stsongs&year=2018&month=11&day=26
2018,stsongs,2018-11-21,42,ウィ・ウィル・ロック・ユー,クイーン,https://www.billboard-japan.com/charts/detail?a=stsongs&year=2018&month=11&day=26
2018,stsongs,2018-11-21,43,キラー・クイーン,クイーン,https://www.billboard-japan.com/charts/detail?a=stsongs&year=2018&month=11&day=26
2018,stsongs,2018-11-21,44,ドント・ストップ・ミー・ナウ,クイーン,https://www.billboard-japan.com/charts/detail?a=stsongs&year=2018&month=11&day=26
2018,stsongs,2018-11-21,45,アンビバレント,欅坂46,https://www.billboard-japan.com/charts/detail?a=stsongs&year=2018&month=11&day=26
2018,stsongs,2018-11-21,46,What is Love?,TWICE,https://www.billboard-japan.com/charts/detail?a=stsongs&year=2018&month=11&day=26
2018,stsongs,2018-11-21,47,Change,ONE OK ROCK,https://www.billboard-japan.com/charts/detail?a=stsongs&year=2018&month=11&day=26
2018,stsongs,2018-11-21,48,if...,DA PUMP,https://www.billboard-japan.com/charts/detail?a=stsongs&year=2018&month=11&day=26
2018,stsongs,2018-11-21,49,Dance The Night Away,TWICE,https://www.billboard-japan.com/charts/detail?a=stsongs&year=2018&month=11&day=26
2018,stsongs,2018-11-21,50,Perfect World,E-girls,https://www.billboard-japan.com/charts/detail?a=stsongs&year=2018&month=11&day=26
2018,stsongs,2018-11-21,51,Stand By You,Official髭男dism,https://www.billboard-japan.com/charts/detail?a=stsongs&year=2018&month=11&day=26
2018,stsongs,2018-11-21,52,DDU-DU DDU-DU,BLACKPINK,https://www.billboard-japan.com/charts/detail?a=stsongs&year=2018&month=11&day=26
2018,stsongs,2018-11-21,53,サイレントマジョリティー,欅坂46,https://www.billboard-japan.com/charts/detail?a=stsongs&year=2018&month=11&day=26
2018,stsongs,2018-11-21,54,愛にすべてを,クイーン,https://www.billboard-japan.com/charts/detail?a=stsongs&year=2018&month=11&day=26
2018,stsongs,2018-11-21,55,ふたりの世界,あいみょん,https://www.billboard-japan.com/charts/detail?a=stsongs&year=2018&month=11&day=26
2018,stsongs,2018-11-21,56,シンフォニー feat.ザラ・ラーソン,クリーン・バンディット,https://www.billboard-japan.com/charts/detail?a=stsongs&year=2018&month=11&day=26
2018,stsongs,2018-11-21,57,恋音と雨空,AAA,https://www.billboard-japan.com/charts/detail?a=stsongs&year=2018&month=11&day=26
2018,stsongs,2018-11-21,58,ライズ feat.ジャック & ジャック,ジョナス・ブルー,https://www.billboard-japan.com/charts/detail?a=stsongs&year=2018&month=11&day=26
2018,stsongs,2018-11-21,59,RAIN,SEKAI NO OWARI,https://www.billboard-japan.com/charts/detail?a=stsongs&year=2018&month=11&day=26
2018,stsongs,2018-11-21,60,贈る言葉,GReeeeN,https://www.billboard-japan.com/charts/detail?a=stsongs&year=2018&month=11&day=26
2018,stsongs,2018-11-21,61,"Over ""Quartzer""",Shuta Sueyoshi feat.ISSA,https://www.billboard-japan.com/charts/detail?a=stsongs&year=2018&month=11&day=26
2018,stsongs,2018-11-21,62,キセキ,GReeeeN,https://www.billboard-japan.com/charts/detail?a=stsongs&year=2018&month=11&day=26
2018,stsongs,2018-11-21,63,愛をこめて花束を,Superfly,https://www.billboard-japan.com/charts/detail?a=stsongs&year=2018&month=11&day=26
2018,stsongs,2018-11-21,64,RAIN PRESS,カノン,https://www.billboard-japan.com/charts/detail?a=stsongs&year=2018&month=11&day=26
2018,stsongs,2018-11-21,65,ノーダウト,Official髭男dism,https://www.billboard-japan.com/charts/detail?a=stsongs&year=2018&month=11&day=26
2018,stsongs,2018-11-21,66,Black Bird,Aimer(エメ),https://www.billboard-japan.com/charts/detail?a=stsongs&year=2018&month=11&day=26
2018,stsongs,2018-11-21,67,伝説のチャンピオン,クイーン,https://www.billboard-japan.com/charts/detail?a=stsongs&year=2018&month=11&day=26
2018,stsongs,2018-11-21,68,STAY BY MY SIDE,TWICE,https://www.billboard-japan.com/charts/detail?a=stsongs&year=2018&month=11&day=26
2018,stsongs,2018-11-21,69,WanteD! WanteD!,Mrs.GREEN APPLE,https://www.billboard-japan.com/charts/detail?a=stsongs&year=2018&month=11&day=26
2018,stsongs,2018-11-21,70,ディス・イズ・ミー,キアラ・セトル & ザ・グレイテスト・ショーマン・アンサンブル,https://www.billboard-japan.com/charts/detail?a=stsongs&year=2018&month=11&day=26
2018,stsongs,2018-11-21,71,ただ君に晴れ,ヨルシカ,https://www.billboard-japan.com/charts/detail?a=stsongs&year=2018&month=11&day=26
2018,stsongs,2018-11-21,72,トリセツ,西野カナ,https://www.billboard-japan.com/charts/detail?a=stsongs&year=2018&month=11&day=26
2018,stsongs,2018-11-21,73,新宝島,サカナクション,https://www.billboard-japan.com/charts/detail?a=stsongs&year=2018&month=11&day=26
2018,stsongs,2018-11-21,74,Tempo,EXO,https://www.billboard-japan.com/charts/detail?a=stsongs&year=2018&month=11&day=26
2018,stsongs,2018-11-21,75,ハピアー,マシュメロ & バスティル,https://www.billboard-japan.com/charts/detail?a=stsongs&year=2018&month=11&day=26
2018,stsongs,2018-11-21,76,himawari,Mr.Children,https://www.billboard-japan.com/charts/detail?a=stsongs&year=2018&month=11&day=26
2018,stsongs,2018-11-21,77,ポラロイド feat.リアム・ペイン & レノン・ステラ,ジョナス・ブルー,https://www.billboard-japan.com/charts/detail?a=stsongs&year=2018&month=11&day=26
2018,stsongs,2018-11-21,78,地獄へ道づれ,クイーン,https://www.billboard-japan.com/charts/detail?a=stsongs&year=2018&month=11&day=26
2018,stsongs,2018-11-21,79,クローサー feat.ホールジー,チェインスモーカーズ,https://www.billboard-japan.com/charts/detail?a=stsongs&year=2018&month=11&day=26
2018,stsongs,2018-11-21,80,ステイ,ゼッド & アレッシア・カーラ,https://www.billboard-japan.com/charts/detail?a=stsongs&year=2018&month=11&day=26
2018,stsongs,2018-11-21,81,ディス・フィーリング feat.ケルシー・バレリーニ,チェインスモーカーズ,https://www.billboard-japan.com/charts/detail?a=stsongs&year=2018&month=11&day=26
2018,stsongs,2018-11-21,82,Hikari,androp,https://www.billboard-japan.com/charts/detail?a=stsongs&year=2018&month=11&day=26
2018,stsongs,2018-11-21,83,ガラスを割れ!,欅坂46,https://www.billboard-japan.com/charts/detail?a=stsongs&year=2018&month=11&day=26
2018,stsongs,2018-11-21,84,I WANT YOU BACK,TWICE,https://www.billboard-japan.com/charts/detail?a=stsongs&year=2018&month=11&day=26
2018,stsongs,2018-11-21,85,DNA,BTS (防弾少年団),https://www.billboard-japan.com/charts/detail?a=stsongs&year=2018&month=11&day=26
2018,stsongs,2018-11-21,86,ひまわりの約束,秦基博,https://www.billboard-japan.com/charts/detail?a=stsongs&year=2018&month=11&day=26
2018,stsongs,2018-11-21,87,にじいろ,絢香,https://www.billboard-japan.com/charts/detail?a=stsongs&year=2018&month=11&day=26
2018,stsongs,2018-11-21,88,Airplane pt.2,BTS (防弾少年団),https://www.billboard-japan.com/charts/detail?a=stsongs&year=2018&month=11&day=26
2018,stsongs,2018-11-21,89,ホワット・ドゥ・ユー・ミーン?,ジャスティン・ビーバー,https://www.billboard-japan.com/charts/detail?a=stsongs&year=2018&month=11&day=26
2018,stsongs,2018-11-21,90,シェイク・イット・オフ〜気にしてなんかいられないっ!!,テイラー・スウィフト,https://www.billboard-japan.com/charts/detail?a=stsongs&year=2018&month=11&day=26
2018,stsongs,2018-11-21,91,Tomorrow Never Knows,Mr.Children,https://www.billboard-japan.com/charts/detail?a=stsongs&year=2018&month=11&day=26
2018,stsongs,2018-11-21,92,キス・アンド・メイク・アップ,デュア・リパ & BLACKPINK,https://www.billboard-japan.com/charts/detail?a=stsongs&year=2018&month=11&day=26
2018,stsongs,2018-11-21,93,輝きだして走ってく,サンボマスター,https://www.billboard-japan.com/charts/detail?a=stsongs&year=2018&month=11&day=26
2018,stsongs,2018-11-21,94,The Beginning,ONE OK ROCK,https://www.billboard-japan.com/charts/detail?a=stsongs&year=2018&month=11&day=26
2018,stsongs,2018-11-21,95,みかんハート,C & K,https://www.billboard-japan.com/charts/detail?a=stsongs&year=2018&month=11&day=26
2018,stsongs,2018-11-21,96,EXCITE,三浦大知,https://www.billboard-japan.com/charts/detail?a=stsongs&year=2018&month=11&day=26
2018,stsongs,2018-11-21,97,世界はあなたに笑いかけている,Little Glee Monster,https://www.billboard-japan.com/charts/detail?a=stsongs&year=2018&month=11&day=26
2018,stsongs,2018-11-21,98,Hero,安室奈美恵,https://www.billboard-japan.com/charts/detail?a=stsongs&year=2018&month=11&day=26
2018,stsongs,2018-11-21,99,2002,アン・マリー,https://www.billboard-japan.com/charts/detail?a=stsongs&year=2018&month=11&day=26
2018,stsongs,2018-11-21,100,シンクロニシティ,乃木坂46,https://www.billboard-japan.com/charts/detail?a=stsongs&year=2018&month=11&day=26
2018,stsongs,2018-11-28,1,今夜このまま,あいみょん,https://www.billboard-japan.com/charts/detail?a=stsongs&year=2018&month=12&day=03
2018,stsongs,2018-11-28,2,YES or YES,TWICE,https://www.billboard-japan.com/charts/detail?a=stsongs&year=2018&month=12&day=03
2018,stsongs,2018-11-28,3,U.S.A.,DA PUMP,https://www.billboard-japan.com/charts/detail?a=stsongs&year=2018&month=12&day=03
2018,stsongs,2018-11-28,4,マリーゴールド,あいみょん,https://www.billboard-japan.com/charts/detail?a=stsongs&year=2018&month=12&day=03
2018,stsongs,2018-11-28,5,帰り道は遠回りしたくなる,乃木坂46,https://www.billboard-japan.com/charts/detail?a=stsongs&year=2018&month=12&day=03
2018,stsongs,2018-11-28,6,君はロックを聴かない,あいみょん,https://www.billboard-japan.com/charts/detail?a=stsongs&year=2018&month=12&day=03
2018,stsongs,2018-11-28,7,アイノカタチ feat.HIDE(GReeeeN),MISIA,https://www.billboard-japan.com/charts/detail?a=stsongs&year=2018&month=12&day=03
2018,stsongs,2018-11-28,8,愛を伝えたいだとか,あいみょん,https://www.billboard-japan.com/charts/detail?a=stsongs&year=2018&month=12&day=03
2018,stsongs,2018-11-28,9,Stand Out Fit In,ONE OK ROCK,https://www.billboard-japan.com/charts/detail?a=stsongs&year=2018&month=12&day=03
2018,stsongs,2018-11-28,10,ボヘミアン・ラプソディ,クイーン,https://www.billboard-japan.com/charts/detail?a=stsongs&year=2018&month=12&day=03
2018,stsongs,2018-11-28,11,打上花火,DAOKO × 米津玄師,https://www.billboard-japan.com/charts/detail?a=stsongs&year=2018&month=12&day=03
2018,stsongs,2018-11-28,12,トリコ,Nissy(西島隆弘),https://www.billboard-japan.com/charts/detail?a=stsongs&year=2018&month=12&day=03
2018,stsongs,2018-11-28,13,まっしろ,ビッケブランカ,https://www.billboard-japan.com/charts/detail?a=stsongs&year=2018&month=12&day=03
2018,stsongs,2018-11-28,14,シェイプ・オブ・ユー,エド・シーラン,https://www.billboard-japan.com/charts/detail?a=stsongs&year=2018&month=12&day=03
2018,stsongs,2018-11-28,15,Bedtime Story,西野カナ,https://www.billboard-japan.com/charts/detail?a=stsongs&year=2018&month=12&day=03
2018,stsongs,2018-11-28,16,HANABI,Mr.Children,https://www.billboard-japan.com/charts/detail?a=stsongs&year=2018&month=12&day=03
2018,stsongs,2018-11-28,17,サンキュー、ネクスト,アリアナ・グランデ,https://www.billboard-japan.com/charts/detail?a=stsongs&year=2018&month=12&day=03
2018,stsongs,2018-11-28,18,イルミネーション,SEKAI NO OWARI,https://www.billboard-japan.com/charts/detail?a=stsongs&year=2018&month=12&day=03
2018,stsongs,2018-11-28,19,Wherever you are,ONE OK ROCK,https://www.billboard-japan.com/charts/detail?a=stsongs&year=2018&month=12&day=03
2018,stsongs,2018-11-28,20,SOLO,JENNIE(from BLACKPINK),https://www.billboard-japan.com/charts/detail?a=stsongs&year=2018&month=12&day=03
2018,stsongs,2018-11-28,21,ワタリドリ,[ALEXANDROS],https://www.billboard-japan.com/charts/detail?a=stsongs&year=2018&month=12&day=03
2018,stsongs,2018-11-28,22,ウィ・ウィル・ロック・ユー,クイーン,https://www.billboard-japan.com/charts/detail?a=stsongs&year=2018&month=12&day=03
2018,stsongs,2018-11-28,23,ドント・ストップ・ミー・ナウ,クイーン,https://www.billboard-japan.com/charts/detail?a=stsongs&year=2018&month=12&day=03
2018,stsongs,2018-11-28,24,La Vie en Rose,IZ*ONE,https://www.billboard-japan.com/charts/detail?a=stsongs&year=2018&month=12&day=03
2018,stsongs,2018-11-28,25,貴方解剖純愛歌〜死ね〜,あいみょん,https://www.billboard-japan.com/charts/detail?a=stsongs&year=2018&month=12&day=03
2018,stsongs,2018-11-28,26,Change,ONE OK ROCK,https://www.billboard-japan.com/charts/detail?a=stsongs&year=2018&month=12&day=03
2018,stsongs,2018-11-28,27,FAKE LOVE,BTS (防弾少年団),https://www.billboard-japan.com/charts/detail?a=stsongs&year=2018&month=12&day=03
2018,stsongs,2018-11-28,28,IDOL,BTS (防弾少年団),https://www.billboard-japan.com/charts/detail?a=stsongs&year=2018&month=12&day=03
2018,stsongs,2018-11-28,29,キラー・クイーン,クイーン,https://www.billboard-japan.com/charts/detail?a=stsongs&year=2018&month=12&day=03
2018,stsongs,2018-11-28,30,あいことば,絢香,https://www.billboard-japan.com/charts/detail?a=stsongs&year=2018&month=12&day=03
2018,stsongs,2018-11-28,31,生きていたんだよな,あいみょん,https://www.billboard-japan.com/charts/detail?a=stsongs&year=2018&month=12&day=03
2018,stsongs,2018-11-28,32,獣ゆく細道,椎名林檎と宮本浩次,https://www.billboard-japan.com/charts/detail?a=stsongs&year=2018&month=12&day=03
2018,stsongs,2018-11-28,33,さよならエレジー,菅田将暉,https://www.billboard-japan.com/charts/detail?a=stsongs&year=2018&month=12&day=03
2018,stsongs,2018-11-28,34,愛にすべてを,クイーン,https://www.billboard-japan.com/charts/detail?a=stsongs&year=2018&month=12&day=03
2018,stsongs,2018-11-28,35,DDU-DU DDU-DU,BLACKPINK,https://www.billboard-japan.com/charts/detail?a=stsongs&year=2018&month=12&day=03
2018,stsongs,2018-11-28,36,奏(かなで),スキマスイッチ,https://www.billboard-japan.com/charts/detail?a=stsongs&year=2018&month=12&day=03
2018,stsongs,2018-11-28,37,DEATH RESPECT,ヒプノシスマイク(MAD TRIGGER CREW・麻天狼),https://www.billboard-japan.com/charts/detail?a=stsongs&year=2018&month=12&day=03
2018,stsongs,2018-11-28,38,カタオモイ,Aimer(エメ),https://www.billboard-japan.com/charts/detail?a=stsongs&year=2018&month=12&day=03
2018,stsongs,2018-11-28,39,伝説のチャンピオン,クイーン,https://www.billboard-japan.com/charts/detail?a=stsongs&year=2018&month=12&day=03
2018,stsongs,2018-11-28,40,BDZ,TWICE,https://www.billboard-japan.com/charts/detail?a=stsongs&year=2018&month=12&day=03
2018,stsongs,2018-11-28,41,RAIN PRESS,カノン,https://www.billboard-japan.com/charts/detail?a=stsongs&year=2018&month=12&day=03
2018,stsongs,2018-11-28,42,ヒミツ,ポルカドットスティングレイ,https://www.billboard-japan.com/charts/detail?a=stsongs&year=2018&month=12&day=03
2018,stsongs,2018-11-28,43,小さな恋のうた,MONGOL800,https://www.billboard-japan.com/charts/detail?a=stsongs&year=2018&month=12&day=03
2018,stsongs,2018-11-28,44,満月の夜なら,あいみょん,https://www.billboard-japan.com/charts/detail?a=stsongs&year=2018&month=12&day=03
2018,stsongs,2018-11-28,45,地獄へ道づれ,クイーン,https://www.billboard-japan.com/charts/detail?a=stsongs&year=2018&month=12&day=03
2018,stsongs,2018-11-28,46,青と夏,Mrs.GREEN APPLE,https://www.billboard-japan.com/charts/detail?a=stsongs&year=2018&month=12&day=03
2018,stsongs,2018-11-28,47,My Boo,清水翔太,https://www.billboard-japan.com/charts/detail?a=stsongs&year=2018&month=12&day=03
2018,stsongs,2018-11-28,48,トリセツ,西野カナ,https://www.billboard-japan.com/charts/detail?a=stsongs&year=2018&month=12&day=03
2018,stsongs,2018-11-28,49,アンビバレント,欅坂46,https://www.billboard-japan.com/charts/detail?a=stsongs&year=2018&month=12&day=03
2018,stsongs,2018-11-28,50,What is Love?,TWICE,https://www.billboard-japan.com/charts/detail?a=stsongs&year=2018&month=12&day=03
2018,stsongs,2018-11-28,51,シンフォニー feat.ザラ・ラーソン,クリーン・バンディット,https://www.billboard-japan.com/charts/detail?a=stsongs&year=2018&month=12&day=03
2018,stsongs,2018-11-28,52,シェイク・イット・オフ〜気にしてなんかいられないっ!!,テイラー・スウィフト,https://www.billboard-japan.com/charts/detail?a=stsongs&year=2018&month=12&day=03
2018,stsongs,2018-11-28,53,サイレントマジョリティー,欅坂46,https://www.billboard-japan.com/charts/detail?a=stsongs&year=2018&month=12&day=03
2018,stsongs,2018-11-28,54,Dance The Night Away,TWICE,https://www.billboard-japan.com/charts/detail?a=stsongs&year=2018&month=12&day=03
2018,stsongs,2018-11-28,55,かわE,ヤバイTシャツ屋さん,https://www.billboard-japan.com/charts/detail?a=stsongs&year=2018&month=12&day=03
2018,stsongs,2018-11-28,56,ふたりの世界,あいみょん,https://www.billboard-japan.com/charts/detail?a=stsongs&year=2018&month=12&day=03
2018,stsongs,2018-11-28,57,恋音と雨空,AAA,https://www.billboard-japan.com/charts/detail?a=stsongs&year=2018&month=12&day=03
2018,stsongs,2018-11-28,58,新宝島,サカナクション,https://www.billboard-japan.com/charts/detail?a=stsongs&year=2018&month=12&day=03
2018,stsongs,2018-11-28,59,気まぐれな時雨,まるりとりゅうが,https://www.billboard-japan.com/charts/detail?a=stsongs&year=2018&month=12&day=03
2018,stsongs,2018-11-28,60,if...,DA PUMP,https://www.billboard-japan.com/charts/detail?a=stsongs&year=2018&month=12&day=03
2018,stsongs,2018-11-28,61,GOOD and EVIL,UVERworld,https://www.billboard-japan.com/charts/detail?a=stsongs&year=2018&month=12&day=03
2018,stsongs,2018-11-28,62,RAIN,SEKAI NO OWARI,https://www.billboard-japan.com/charts/detail?a=stsongs&year=2018&month=12&day=03
2018,stsongs,2018-11-28,63,ディス・イズ・ミー,キアラ・セトル & ザ・グレイテスト・ショーマン・アンサンブル,https://www.billboard-japan.com/charts/detail?a=stsongs&year=2018&month=12&day=03
2018,stsongs,2018-11-28,64,ただ君に晴れ,ヨルシカ,https://www.billboard-japan.com/charts/detail?a=stsongs&year=2018&month=12&day=03
2018,stsongs,2018-11-28,65,キセキ,GReeeeN,https://www.billboard-japan.com/charts/detail?a=stsongs&year=2018&month=12&day=03
2018,stsongs,2018-11-28,66,恋人たちのクリスマス,マライア・キャリー,https://www.billboard-japan.com/charts/detail?a=stsongs&year=2018&month=12&day=03
2018,stsongs,2018-11-28,67,ブレイク・フリー feat.ゼッド,アリアナ・グランデ,https://www.billboard-japan.com/charts/detail?a=stsongs&year=2018&month=12&day=03
2018,stsongs,2018-11-28,68,愛をこめて花束を,Superfly,https://www.billboard-japan.com/charts/detail?a=stsongs&year=2018&month=12&day=03
2018,stsongs,2018-11-28,69,ひまわりの約束,秦基博,https://www.billboard-japan.com/charts/detail?a=stsongs&year=2018&month=12&day=03
2018,stsongs,2018-11-28,70,ウェイスト・イット・オン・ミー feat.BTS (防弾少年団),スティーヴ・アオキ,https://www.billboard-japan.com/charts/detail?a=stsongs&year=2018&month=12&day=03
2018,stsongs,2018-11-28,71,ノーダウト,Official髭男dism,https://www.billboard-japan.com/charts/detail?a=stsongs&year=2018&month=12&day=03
2018,stsongs,2018-11-28,72,ホワット・ドゥ・ユー・ミーン?,ジャスティン・ビーバー,https://www.billboard-japan.com/charts/detail?a=stsongs&year=2018&month=12&day=03
2018,stsongs,2018-11-28,73,少年,GENERATIONS from EXILE TRIBE,https://www.billboard-japan.com/charts/detail?a=stsongs&year=2018&month=12&day=03
2018,stsongs,2018-11-28,74,ライズ feat.ジャック & ジャック,ジョナス・ブルー,https://www.billboard-japan.com/charts/detail?a=stsongs&year=2018&month=12&day=03
2018,stsongs,2018-11-28,75,明日はきっといい日になる,高橋優,https://www.billboard-japan.com/charts/detail?a=stsongs&year=2018&month=12&day=03
2018,stsongs,2018-11-28,76,ボーン・トゥ・ラヴ・ユー,クイーン,https://www.billboard-japan.com/charts/detail?a=stsongs&year=2018&month=12&day=03
2018,stsongs,2018-11-28,77,TT,TWICE,https://www.billboard-japan.com/charts/detail?a=stsongs&year=2018&month=12&day=03
2018,stsongs,2018-11-28,78,クローサー feat.ホールジー,チェインスモーカーズ,https://www.billboard-japan.com/charts/detail?a=stsongs&year=2018&month=12&day=03
2018,stsongs,2018-11-28,79,ステイ,ゼッド & アレッシア・カーラ,https://www.billboard-japan.com/charts/detail?a=stsongs&year=2018&month=12&day=03
2018,stsongs,2018-11-28,80,アイラブユー,西野カナ,https://www.billboard-japan.com/charts/detail?a=stsongs&year=2018&month=12&day=03
2018,stsongs,2018-11-28,81,Perfect World,E-girls,https://www.billboard-japan.com/charts/detail?a=stsongs&year=2018&month=12&day=03
2018,stsongs,2018-11-28,82,アルペジオ,[ALEXANDROS],https://www.billboard-japan.com/charts/detail?a=stsongs&year=2018&month=12&day=03
2018,stsongs,2018-11-28,83,himawari,Mr.Children,https://www.billboard-japan.com/charts/detail?a=stsongs&year=2018&month=12&day=03
2018,stsongs,2018-11-28,84,贈る言葉,GReeeeN,https://www.billboard-japan.com/charts/detail?a=stsongs&year=2018&month=12&day=03
2018,stsongs,2018-11-28,85,ハピアー,マシュメロ & バスティル,https://www.billboard-japan.com/charts/detail?a=stsongs&year=2018&month=12&day=03
2018,stsongs,2018-11-28,86,Story,AI,https://www.billboard-japan.com/charts/detail?a=stsongs&year=2018&month=12&day=03
2018,stsongs,2018-11-28,87,愛という名の欲望,クイーン,https://www.billboard-japan.com/charts/detail?a=stsongs&year=2018&month=12&day=03
2018,stsongs,2018-11-28,88,Black Bird,Aimer(エメ),https://www.billboard-japan.com/charts/detail?a=stsongs&year=2018&month=12&day=03
2018,stsongs,2018-11-28,89,The Beginning,ONE OK ROCK,https://www.billboard-japan.com/charts/detail?a=stsongs&year=2018&month=12&day=03
2018,stsongs,2018-11-28,90,ディス・フィーリング feat.ケルシー・バレリーニ,チェインスモーカーズ,https://www.billboard-japan.com/charts/detail?a=stsongs&year=2018&month=12&day=03
2018,stsongs,2018-11-28,91,Hikari,androp,https://www.billboard-japan.com/charts/detail?a=stsongs&year=2018&month=12&day=03
2018,stsongs,2018-11-28,92,完全感覚Dreamer,ONE OK ROCK,https://www.billboard-japan.com/charts/detail?a=stsongs&year=2018&month=12&day=03
2018,stsongs,2018-11-28,93,I WANT YOU BACK,TWICE,https://www.billboard-japan.com/charts/detail?a=stsongs&year=2018&month=12&day=03
2018,stsongs,2018-11-28,94,ヒューマノイド,ずっと真夜中でいいのに。,https://www.billboard-japan.com/charts/detail?a=stsongs&year=2018&month=12&day=03
2018,stsongs,2018-11-28,95,もし君を許せたら,家入レオ,https://www.billboard-japan.com/charts/detail?a=stsongs&year=2018&month=12&day=03
2018,stsongs,2018-11-28,96,"Over ""Quartzer""",Shuta Sueyoshi feat.ISSA,https://www.billboard-japan.com/charts/detail?a=stsongs&year=2018&month=12&day=03
2018,stsongs,2018-11-28,97,Stand By You,Official髭男dism,https://www.billboard-japan.com/charts/detail?a=stsongs&year=2018&month=12&day=03
2018,stsongs,2018-11-28,98,Darling,西野カナ,https://www.billboard-japan.com/charts/detail?a=stsongs&year=2018&month=12&day=03
2018,stsongs,2018-11-28,99,私たちは絶対に絶対にヨリを戻したりしない,テイラー・スウィフト,https://www.billboard-japan.com/charts/detail?a=stsongs&year=2018&month=12&day=03
2018,stsongs,2018-11-28,100,DNA,BTS (防弾少年団),https://www.billboard-japan.com/charts/detail?a=stsongs&year=2018&month=12&day=03
2018,stsongs,2018-12-05,1,今夜このまま,あいみょん,https://www.billboard-japan.com/charts/detail?a=stsongs&year=2018&month=12&day=10
2018,stsongs,2018-12-05,2,Stand Out Fit In,ONE OK ROCK,https://www.billboard-japan.com/charts/detail?a=stsongs&year=2018&month=12&day=10
2018,stsongs,2018-12-05,3,YES or YES,TWICE,https://www.billboard-japan.com/charts/detail?a=stsongs&year=2018&month=12&day=10
2018,stsongs,2018-12-05,4,U.S.A.,DA PUMP,https://www.billboard-japan.com/charts/detail?a=stsongs&year=2018&month=12&day=10
2018,stsongs,2018-12-05,5,マリーゴールド,あいみょん,https://www.billboard-japan.com/charts/detail?a=stsongs&year=2018&month=12&day=10
2018,stsongs,2018-12-05,6,ボヘミアン・ラプソディ,クイーン,https://www.billboard-japan.com/charts/detail?a=stsongs&year=2018&month=12&day=10
2018,stsongs,2018-12-05,7,君はロックを聴かない,あいみょん,https://www.billboard-japan.com/charts/detail?a=stsongs&year=2018&month=12&day=10
2018,stsongs,2018-12-05,8,帰り道は遠回りしたくなる,乃木坂46,https://www.billboard-japan.com/charts/detail?a=stsongs&year=2018&month=12&day=10
2018,stsongs,2018-12-05,9,愛を伝えたいだとか,あいみょん,https://www.billboard-japan.com/charts/detail?a=stsongs&year=2018&month=12&day=10
2018,stsongs,2018-12-05,10,サンキュー、ネクスト,アリアナ・グランデ,https://www.billboard-japan.com/charts/detail?a=stsongs&year=2018&month=12&day=10
2018,stsongs,2018-12-05,11,まっしろ,ビッケブランカ,https://www.billboard-japan.com/charts/detail?a=stsongs&year=2018&month=12&day=10
2018,stsongs,2018-12-05,12,シェイプ・オブ・ユー,エド・シーラン,https://www.billboard-japan.com/charts/detail?a=stsongs&year=2018&month=12&day=10
2018,stsongs,2018-12-05,13,打上花火,DAOKO × 米津玄師,https://www.billboard-japan.com/charts/detail?a=stsongs&year=2018&month=12&day=10
2018,stsongs,2018-12-05,14,アイノカタチ feat.HIDE(GReeeeN),MISIA,https://www.billboard-japan.com/charts/detail?a=stsongs&year=2018&month=12&day=10
2018,stsongs,2018-12-05,15,キラー・クイーン,クイーン,https://www.billboard-japan.com/charts/detail?a=stsongs&year=2018&month=12&day=10
2018,stsongs,2018-12-05,16,トリコ,Nissy(西島隆弘),https://www.billboard-japan.com/charts/detail?a=stsongs&year=2018&month=12&day=10
2018,stsongs,2018-12-05,17,ウィ・ウィル・ロック・ユー,クイーン,https://www.billboard-japan.com/charts/detail?a=stsongs&year=2018&month=12&day=10
2018,stsongs,2018-12-05,18,ドント・ストップ・ミー・ナウ,クイーン,https://www.billboard-japan.com/charts/detail?a=stsongs&year=2018&month=12&day=10
2018,stsongs,2018-12-05,19,Change,ONE OK ROCK,https://www.billboard-japan.com/charts/detail?a=stsongs&year=2018&month=12&day=10
2018,stsongs,2018-12-05,20,愛にすべてを,クイーン,https://www.billboard-japan.com/charts/detail?a=stsongs&year=2018&month=12&day=10
2018,stsongs,2018-12-05,21,SOLO,JENNIE(from BLACKPINK),https://www.billboard-japan.com/charts/detail?a=stsongs&year=2018&month=12&day=10
2018,stsongs,2018-12-05,22,クリスマスソング,back number,https://www.billboard-japan.com/charts/detail?a=stsongs&year=2018&month=12&day=10
2018,stsongs,2018-12-05,23,La Vie en Rose,IZ*ONE,https://www.billboard-japan.com/charts/detail?a=stsongs&year=2018&month=12&day=10
2018,stsongs,2018-12-05,24,Wherever you are,ONE OK ROCK,https://www.billboard-japan.com/charts/detail?a=stsongs&year=2018&month=12&day=10
2018,stsongs,2018-12-05,25,貴方解剖純愛歌〜死ね〜,あいみょん,https://www.billboard-japan.com/charts/detail?a=stsongs&year=2018&month=12&day=10
2018,stsongs,2018-12-05,26,Bedtime Story,西野カナ,https://www.billboard-japan.com/charts/detail?a=stsongs&year=2018&month=12&day=10
2018,stsongs,2018-12-05,27,伝説のチャンピオン,クイーン,https://www.billboard-japan.com/charts/detail?a=stsongs&year=2018&month=12&day=10
2018,stsongs,2018-12-05,28,地獄へ道づれ,クイーン,https://www.billboard-japan.com/charts/detail?a=stsongs&year=2018&month=12&day=10
2018,stsongs,2018-12-05,29,DDU-DU DDU-DU,BLACKPINK,https://www.billboard-japan.com/charts/detail?a=stsongs&year=2018&month=12&day=10
2018,stsongs,2018-12-05,30,HANABI,Mr.Children,https://www.billboard-japan.com/charts/detail?a=stsongs&year=2018&month=12&day=10
2018,stsongs,2018-12-05,31,獣ゆく細道,椎名林檎と宮本浩次,https://www.billboard-japan.com/charts/detail?a=stsongs&year=2018&month=12&day=10
2018,stsongs,2018-12-05,32,IDOL,BTS (防弾少年団),https://www.billboard-japan.com/charts/detail?a=stsongs&year=2018&month=12&day=10
2018,stsongs,2018-12-05,33,イルミネーション,SEKAI NO OWARI,https://www.billboard-japan.com/charts/detail?a=stsongs&year=2018&month=12&day=10
2018,stsongs,2018-12-05,34,ワタリドリ,[ALEXANDROS],https://www.billboard-japan.com/charts/detail?a=stsongs&year=2018&month=12&day=10
2018,stsongs,2018-12-05,35,生きていたんだよな,あいみょん,https://www.billboard-japan.com/charts/detail?a=stsongs&year=2018&month=12&day=10
2018,stsongs,2018-12-05,36,FAKE LOVE,BTS (防弾少年団),https://www.billboard-japan.com/charts/detail?a=stsongs&year=2018&month=12&day=10
2018,stsongs,2018-12-05,37,アルペジオ,[ALEXANDROS],https://www.billboard-japan.com/charts/detail?a=stsongs&year=2018&month=12&day=10
2018,stsongs,2018-12-05,38,恋人たちのクリスマス,マライア・キャリー,https://www.billboard-japan.com/charts/detail?a=stsongs&year=2018&month=12&day=10
2018,stsongs,2018-12-05,39,カタオモイ,Aimer(エメ),https://www.billboard-japan.com/charts/detail?a=stsongs&year=2018&month=12&day=10
2018,stsongs,2018-12-05,40,さよならエレジー,菅田将暉,https://www.billboard-japan.com/charts/detail?a=stsongs&year=2018&month=12&day=10
2018,stsongs,2018-12-05,41,レディオ・ガ・ガ,クイーン,https://www.billboard-japan.com/charts/detail?a=stsongs&year=2018&month=12&day=10
2018,stsongs,2018-12-05,42,ハッピーエンド,back number,https://www.billboard-japan.com/charts/detail?a=stsongs&year=2018&month=12&day=10
2018,stsongs,2018-12-05,43,アンビバレント,欅坂46,https://www.billboard-japan.com/charts/detail?a=stsongs&year=2018&month=12&day=10
2018,stsongs,2018-12-05,44,満月の夜なら,あいみょん,https://www.billboard-japan.com/charts/detail?a=stsongs&year=2018&month=12&day=10
2018,stsongs,2018-12-05,45,My Boo,清水翔太,https://www.billboard-japan.com/charts/detail?a=stsongs&year=2018&month=12&day=10
2018,stsongs,2018-12-05,46,Stand By You,Official髭男dism,https://www.billboard-japan.com/charts/detail?a=stsongs&year=2018&month=12&day=10
2018,stsongs,2018-12-05,47,ふたりの世界,あいみょん,https://www.billboard-japan.com/charts/detail?a=stsongs&year=2018&month=12&day=10
2018,stsongs,2018-12-05,48,トリセツ,西野カナ,https://www.billboard-japan.com/charts/detail?a=stsongs&year=2018&month=12&day=10
2018,stsongs,2018-12-05,49,青と夏,Mrs.GREEN APPLE,https://www.billboard-japan.com/charts/detail?a=stsongs&year=2018&month=12&day=10
2018,stsongs,2018-12-05,50,愛という名の欲望,クイーン,https://www.billboard-japan.com/charts/detail?a=stsongs&year=2018&month=12&day=10
2018,stsongs,2018-12-05,51,ヒロイン,back number,https://www.billboard-japan.com/charts/detail?a=stsongs&year=2018&month=12&day=10
2018,stsongs,2018-12-05,52,RAIN PRESS,カノン,https://www.billboard-japan.com/charts/detail?a=stsongs&year=2018&month=12&day=10
2018,stsongs,2018-12-05,53,What is Love?,TWICE,https://www.billboard-japan.com/charts/detail?a=stsongs&year=2018&month=12&day=10
2018,stsongs,2018-12-05,54,ディス・イズ・ミー,キアラ・セトル & ザ・グレイテスト・ショーマン・アンサンブル,https://www.billboard-japan.com/charts/detail?a=stsongs&year=2018&month=12&day=10
2018,stsongs,2018-12-05,55,新宝島,サカナクション,https://www.billboard-japan.com/charts/detail?a=stsongs&year=2018&month=12&day=10
2018,stsongs,2018-12-05,56,ただ君に晴れ,ヨルシカ,https://www.billboard-japan.com/charts/detail?a=stsongs&year=2018&month=12&day=10
2018,stsongs,2018-12-05,57,メリクリ,BoA,https://www.billboard-japan.com/charts/detail?a=stsongs&year=2018&month=12&day=10
2018,stsongs,2018-12-05,58,シンフォニー feat.ザラ・ラーソン,クリーン・バンディット,https://www.billboard-japan.com/charts/detail?a=stsongs&year=2018&month=12&day=10
2018,stsongs,2018-12-05,59,BDZ,TWICE,https://www.billboard-japan.com/charts/detail?a=stsongs&year=2018&month=12&day=10
2018,stsongs,2018-12-05,60,ライズ feat.ジャック & ジャック,ジョナス・ブルー,https://www.billboard-japan.com/charts/detail?a=stsongs&year=2018&month=12&day=10
2018,stsongs,2018-12-05,61,クローサー feat.ホールジー,チェインスモーカーズ,https://www.billboard-japan.com/charts/detail?a=stsongs&year=2018&month=12&day=10
2018,stsongs,2018-12-05,62,あいことば,絢香,https://www.billboard-japan.com/charts/detail?a=stsongs&year=2018&month=12&day=10
2018,stsongs,2018-12-05,63,I LOVE YOU,EXID,https://www.billboard-japan.com/charts/detail?a=stsongs&year=2018&month=12&day=10
2018,stsongs,2018-12-05,64,ノーダウト,Official髭男dism,https://www.billboard-japan.com/charts/detail?a=stsongs&year=2018&month=12&day=10
2018,stsongs,2018-12-05,65,奏(かなで),スキマスイッチ,https://www.billboard-japan.com/charts/detail?a=stsongs&year=2018&month=12&day=10
2018,stsongs,2018-12-05,66,炎のロックン・ロール,クイーン,https://www.billboard-japan.com/charts/detail?a=stsongs&year=2018&month=12&day=10
2018,stsongs,2018-12-05,67,ハピアー,マシュメロ & バスティル,https://www.billboard-japan.com/charts/detail?a=stsongs&year=2018&month=12&day=10
2018,stsongs,2018-12-05,68,サイレントマジョリティー,欅坂46,https://www.billboard-japan.com/charts/detail?a=stsongs&year=2018&month=12&day=10
2018,stsongs,2018-12-05,69,小さな恋のうた,MONGOL800,https://www.billboard-japan.com/charts/detail?a=stsongs&year=2018&month=12&day=10
2018,stsongs,2018-12-05,70,ステイ,ゼッド & アレッシア・カーラ,https://www.billboard-japan.com/charts/detail?a=stsongs&year=2018&month=12&day=10
2018,stsongs,2018-12-05,71,Dance The Night Away,TWICE,https://www.billboard-japan.com/charts/detail?a=stsongs&year=2018&month=12&day=10
2018,stsongs,2018-12-05,72,レット・ユー・ラヴ・ミー,リタ・オラ,https://www.billboard-japan.com/charts/detail?a=stsongs&year=2018&month=12&day=10
2018,stsongs,2018-12-05,73,ウェイスト・イット・オン・ミー feat.BTS (防弾少年団),スティーヴ・アオキ,https://www.billboard-japan.com/charts/detail?a=stsongs&year=2018&month=12&day=10
2018,stsongs,2018-12-05,74,恋音と雨空,AAA,https://www.billboard-japan.com/charts/detail?a=stsongs&year=2018&month=12&day=10
2018,stsongs,2018-12-05,75,高嶺の花子さん,back number,https://www.billboard-japan.com/charts/detail?a=stsongs&year=2018&month=12&day=10
2018,stsongs,2018-12-05,76,if...,DA PUMP,https://www.billboard-japan.com/charts/detail?a=stsongs&year=2018&month=12&day=10
2018,stsongs,2018-12-05,77,DEATH RESPECT,ヒプノシスマイク(MAD TRIGGER CREW・麻天狼),https://www.billboard-japan.com/charts/detail?a=stsongs&year=2018&month=12&day=10
2018,stsongs,2018-12-05,78,ヒミツ,ポルカドットスティングレイ,https://www.billboard-japan.com/charts/detail?a=stsongs&year=2018&month=12&day=10
2018,stsongs,2018-12-05,79,ディス・フィーリング feat.ケルシー・バレリーニ,チェインスモーカーズ,https://www.billboard-japan.com/charts/detail?a=stsongs&year=2018&month=12&day=10
2018,stsongs,2018-12-05,80,ボーン・トゥ・ラヴ・ユー,クイーン,https://www.billboard-japan.com/charts/detail?a=stsongs&year=2018&month=12&day=10
2018,stsongs,2018-12-05,81,完全感覚Dreamer,ONE OK ROCK,https://www.billboard-japan.com/charts/detail?a=stsongs&year=2018&month=12&day=10
2018,stsongs,2018-12-05,82,ファット・ボトムド・ガールズ,クイーン,https://www.billboard-japan.com/charts/detail?a=stsongs&year=2018&month=12&day=10
2018,stsongs,2018-12-05,83,solar,sijukara,https://www.billboard-japan.com/charts/detail?a=stsongs&year=2018&month=12&day=10
2018,stsongs,2018-12-05,84,ブレイク・フリー feat.ゼッド,アリアナ・グランデ,https://www.billboard-japan.com/charts/detail?a=stsongs&year=2018&month=12&day=10
2018,stsongs,2018-12-05,85,シェイク・イット・オフ〜気にしてなんかいられないっ!!,テイラー・スウィフト,https://www.billboard-japan.com/charts/detail?a=stsongs&year=2018&month=12&day=10
2018,stsongs,2018-12-05,86,ヒューマノイド,ずっと真夜中でいいのに。,https://www.billboard-japan.com/charts/detail?a=stsongs&year=2018&month=12&day=10
2018,stsongs,2018-12-05,87,アンダー・プレッシャー,クイーン&デヴィッド・ボウイ,https://www.billboard-japan.com/charts/detail?a=stsongs&year=2018&month=12&day=10
2018,stsongs,2018-12-05,88,ホワット・ドゥ・ユー・ミーン?,ジャスティン・ビーバー,https://www.billboard-japan.com/charts/detail?a=stsongs&year=2018&month=12&day=10
2018,stsongs,2018-12-05,89,The Beginning,ONE OK ROCK,https://www.billboard-japan.com/charts/detail?a=stsongs&year=2018&month=12&day=10
2018,stsongs,2018-12-05,90,WanteD! WanteD!,Mrs.GREEN APPLE,https://www.billboard-japan.com/charts/detail?a=stsongs&year=2018&month=12&day=10
2018,stsongs,2018-12-05,91,DNA,BTS (防弾少年団),https://www.billboard-japan.com/charts/detail?a=stsongs&year=2018&month=12&day=10
2018,stsongs,2018-12-05,92,ポラロイド feat.リアム・ペイン & レノン・ステラ,ジョナス・ブルー,https://www.billboard-japan.com/charts/detail?a=stsongs&year=2018&month=12&day=10
2018,stsongs,2018-12-05,93,2002,アン・マリー,https://www.billboard-japan.com/charts/detail?a=stsongs&year=2018&month=12&day=10
2018,stsongs,2018-12-05,94,PAIN IS BEAUTY,ちゃんみな,https://www.billboard-japan.com/charts/detail?a=stsongs&year=2018&month=12&day=10
2018,stsongs,2018-12-05,95,花束,back number,https://www.billboard-japan.com/charts/detail?a=stsongs&year=2018&month=12&day=10
2018,stsongs,2018-12-05,96,RAIN,SEKAI NO OWARI,https://www.billboard-japan.com/charts/detail?a=stsongs&year=2018&month=12&day=10
2018,stsongs,2018-12-05,97,栞,クリープハイプ,https://www.billboard-japan.com/charts/detail?a=stsongs&year=2018&month=12&day=10
2018,stsongs,2018-12-05,98,ナウ・アイム・ヒア(誘惑のロックン・ロール),クイーン,https://www.billboard-japan.com/charts/detail?a=stsongs&year=2018&month=12&day=10
2018,stsongs,2018-12-05,99,ドゥーイング・オール・ライト,スマイル,https://www.billboard-japan.com/charts/detail?a=stsongs&year=2018&month=12&day=10
2018,stsongs,2018-12-05,100,BOOMBAYAH,BLACKPINK,https://www.billboard-japan.com/charts/detail?a=stsongs&year=2018&month=12&day=10
2018,stsongs,2018-12-12,1,今夜このまま,あいみょん,https://www.billboard-japan.com/charts/detail?a=stsongs&year=2018&month=12&day=17
2018,stsongs,2018-12-12,2,U.S.A.,DA PUMP,https://www.billboard-japan.com/charts/detail?a=stsongs&year=2018&month=12&day=17
2018,stsongs,2018-12-12,3,Stand Out Fit In,ONE OK ROCK,https://www.billboard-japan.com/charts/detail?a=stsongs&year=2018&month=12&day=17
2018,stsongs,2018-12-12,4,マリーゴールド,あいみょん,https://www.billboard-japan.com/charts/detail?a=stsongs&year=2018&month=12&day=17
2018,stsongs,2018-12-12,5,YES or YES,TWICE,https://www.billboard-japan.com/charts/detail?a=stsongs&year=2018&month=12&day=17
2018,stsongs,2018-12-12,6,ボヘミアン・ラプソディ,クイーン,https://www.billboard-japan.com/charts/detail?a=stsongs&year=2018&month=12&day=17
2018,stsongs,2018-12-12,7,君はロックを聴かない,あいみょん,https://www.billboard-japan.com/charts/detail?a=stsongs&year=2018&month=12&day=17
2018,stsongs,2018-12-12,8,愛を伝えたいだとか,あいみょん,https://www.billboard-japan.com/charts/detail?a=stsongs&year=2018&month=12&day=17
2018,stsongs,2018-12-12,9,クリスマスソング,back number,https://www.billboard-japan.com/charts/detail?a=stsongs&year=2018&month=12&day=17
2018,stsongs,2018-12-12,10,サンキュー、ネクスト,アリアナ・グランデ,https://www.billboard-japan.com/charts/detail?a=stsongs&year=2018&month=12&day=17
2018,stsongs,2018-12-12,11,帰り道は遠回りしたくなる,乃木坂46,https://www.billboard-japan.com/charts/detail?a=stsongs&year=2018&month=12&day=17
2018,stsongs,2018-12-12,12,笑顔のループ,AAA,https://www.billboard-japan.com/charts/detail?a=stsongs&year=2018&month=12&day=17
2018,stsongs,2018-12-12,13,La Vie en Rose,IZ*ONE,https://www.billboard-japan.com/charts/detail?a=stsongs&year=2018&month=12&day=17
2018,stsongs,2018-12-12,14,シェイプ・オブ・ユー,エド・シーラン,https://www.billboard-japan.com/charts/detail?a=stsongs&year=2018&month=12&day=17
2018,stsongs,2018-12-12,15,まっしろ,ビッケブランカ,https://www.billboard-japan.com/charts/detail?a=stsongs&year=2018&month=12&day=17
2018,stsongs,2018-12-12,16,PAIN IS BEAUTY,ちゃんみな,https://www.billboard-japan.com/charts/detail?a=stsongs&year=2018&month=12&day=17
2018,stsongs,2018-12-12,17,打上花火,DAOKO × 米津玄師,https://www.billboard-japan.com/charts/detail?a=stsongs&year=2018&month=12&day=17
2018,stsongs,2018-12-12,18,キラー・クイーン,クイーン,https://www.billboard-japan.com/charts/detail?a=stsongs&year=2018&month=12&day=17
2018,stsongs,2018-12-12,19,ドント・ストップ・ミー・ナウ,クイーン,https://www.billboard-japan.com/charts/detail?a=stsongs&year=2018&month=12&day=17
2018,stsongs,2018-12-12,20,OVER DRIVE,FANTASTICS from EXILE TRIBE,https://www.billboard-japan.com/charts/detail?a=stsongs&year=2018&month=12&day=17
2018,stsongs,2018-12-12,21,ウィ・ウィル・ロック・ユー,クイーン,https://www.billboard-japan.com/charts/detail?a=stsongs&year=2018&month=12&day=17
2018,stsongs,2018-12-12,22,恋人たちのクリスマス,マライア・キャリー,https://www.billboard-japan.com/charts/detail?a=stsongs&year=2018&month=12&day=17
2018,stsongs,2018-12-12,23,アイノカタチ feat.HIDE(GReeeeN),MISIA,https://www.billboard-japan.com/charts/detail?a=stsongs&year=2018&month=12&day=17
2018,stsongs,2018-12-12,24,トリコ,Nissy(西島隆弘),https://www.billboard-japan.com/charts/detail?a=stsongs&year=2018&month=12&day=17
2018,stsongs,2018-12-12,25,愛にすべてを,クイーン,https://www.billboard-japan.com/charts/detail?a=stsongs&year=2018&month=12&day=17
2018,stsongs,2018-12-12,26,メリクリ,BoA,https://www.billboard-japan.com/charts/detail?a=stsongs&year=2018&month=12&day=17
2018,stsongs,2018-12-12,27,Change,ONE OK ROCK,https://www.billboard-japan.com/charts/detail?a=stsongs&year=2018&month=12&day=17
2018,stsongs,2018-12-12,28,伝説のチャンピオン,クイーン,https://www.billboard-japan.com/charts/detail?a=stsongs&year=2018&month=12&day=17
2018,stsongs,2018-12-12,29,Wherever you are,ONE OK ROCK,https://www.billboard-japan.com/charts/detail?a=stsongs&year=2018&month=12&day=17
2018,stsongs,2018-12-12,30,ハッピーエンド,back number,https://www.billboard-japan.com/charts/detail?a=stsongs&year=2018&month=12&day=17
2018,stsongs,2018-12-12,31,貴方解剖純愛歌〜死ね〜,あいみょん,https://www.billboard-japan.com/charts/detail?a=stsongs&year=2018&month=12&day=17
2018,stsongs,2018-12-12,32,地獄へ道づれ,クイーン,https://www.billboard-japan.com/charts/detail?a=stsongs&year=2018&month=12&day=17
2018,stsongs,2018-12-12,33,Stand By You,Official髭男dism,https://www.billboard-japan.com/charts/detail?a=stsongs&year=2018&month=12&day=17
2018,stsongs,2018-12-12,34,イルミネーション,SEKAI NO OWARI,https://www.billboard-japan.com/charts/detail?a=stsongs&year=2018&month=12&day=17
2018,stsongs,2018-12-12,35,HANABI,Mr.Children,https://www.billboard-japan.com/charts/detail?a=stsongs&year=2018&month=12&day=17
2018,stsongs,2018-12-12,36,SOLO,JENNIE(from BLACKPINK),https://www.billboard-japan.com/charts/detail?a=stsongs&year=2018&month=12&day=17
2018,stsongs,2018-12-12,37,ヒロイン,back number,https://www.billboard-japan.com/charts/detail?a=stsongs&year=2018&month=12&day=17
2018,stsongs,2018-12-12,38,アンビバレント,欅坂46,https://www.billboard-japan.com/charts/detail?a=stsongs&year=2018&month=12&day=17
2018,stsongs,2018-12-12,39,Bedtime Story,西野カナ,https://www.billboard-japan.com/charts/detail?a=stsongs&year=2018&month=12&day=17
2018,stsongs,2018-12-12,40,DDU-DU DDU-DU,BLACKPINK,https://www.billboard-japan.com/charts/detail?a=stsongs&year=2018&month=12&day=17
2018,stsongs,2018-12-12,41,レディオ・ガ・ガ,クイーン,https://www.billboard-japan.com/charts/detail?a=stsongs&year=2018&month=12&day=17
2018,stsongs,2018-12-12,42,FAKE LOVE,BTS (防弾少年団),https://www.billboard-japan.com/charts/detail?a=stsongs&year=2018&month=12&day=17
2018,stsongs,2018-12-12,43,生きていたんだよな,あいみょん,https://www.billboard-japan.com/charts/detail?a=stsongs&year=2018&month=12&day=17
2018,stsongs,2018-12-12,44,さよならエレジー,菅田将暉,https://www.billboard-japan.com/charts/detail?a=stsongs&year=2018&month=12&day=17
2018,stsongs,2018-12-12,45,ワタリドリ,[ALEXANDROS],https://www.billboard-japan.com/charts/detail?a=stsongs&year=2018&month=12&day=17
2018,stsongs,2018-12-12,46,獣ゆく細道,椎名林檎と宮本浩次,https://www.billboard-japan.com/charts/detail?a=stsongs&year=2018&month=12&day=17
2018,stsongs,2018-12-12,47,シンフォニー feat.ザラ・ラーソン,クリーン・バンディット,https://www.billboard-japan.com/charts/detail?a=stsongs&year=2018&month=12&day=17
2018,stsongs,2018-12-12,48,高嶺の花子さん,back number,https://www.billboard-japan.com/charts/detail?a=stsongs&year=2018&month=12&day=17
2018,stsongs,2018-12-12,49,カタオモイ,Aimer(エメ),https://www.billboard-japan.com/charts/detail?a=stsongs&year=2018&month=12&day=17
2018,stsongs,2018-12-12,50,愛という名の欲望,クイーン,https://www.billboard-japan.com/charts/detail?a=stsongs&year=2018&month=12&day=17
2018,stsongs,2018-12-12,51,My Boo,清水翔太,https://www.billboard-japan.com/charts/detail?a=stsongs&year=2018&month=12&day=17
2018,stsongs,2018-12-12,52,満月の夜なら,あいみょん,https://www.billboard-japan.com/charts/detail?a=stsongs&year=2018&month=12&day=17
2018,stsongs,2018-12-12,53,ふたりの世界,あいみょん,https://www.billboard-japan.com/charts/detail?a=stsongs&year=2018&month=12&day=17
2018,stsongs,2018-12-12,54,What is Love?,TWICE,https://www.billboard-japan.com/charts/detail?a=stsongs&year=2018&month=12&day=17
2018,stsongs,2018-12-12,55,炎のロックン・ロール,クイーン,https://www.billboard-japan.com/charts/detail?a=stsongs&year=2018&month=12&day=17
2018,stsongs,2018-12-12,56,クローサー feat.ホールジー,チェインスモーカーズ,https://www.billboard-japan.com/charts/detail?a=stsongs&year=2018&month=12&day=17
2018,stsongs,2018-12-12,57,サイレントマジョリティー,欅坂46,https://www.billboard-japan.com/charts/detail?a=stsongs&year=2018&month=12&day=17
2018,stsongs,2018-12-12,58,RBB(Really Bad Boy),Red Velvet,https://www.billboard-japan.com/charts/detail?a=stsongs&year=2018&month=12&day=17
2018,stsongs,2018-12-12,59,あいことば,絢香,https://www.billboard-japan.com/charts/detail?a=stsongs&year=2018&month=12&day=17
2018,stsongs,2018-12-12,60,ノーダウト,Official髭男dism,https://www.billboard-japan.com/charts/detail?a=stsongs&year=2018&month=12&day=17
2018,stsongs,2018-12-12,61,ラスト・クリスマス,ワム!,https://www.billboard-japan.com/charts/detail?a=stsongs&year=2018&month=12&day=17
2018,stsongs,2018-12-12,62,恋音と雨空,AAA,https://www.billboard-japan.com/charts/detail?a=stsongs&year=2018&month=12&day=17
2018,stsongs,2018-12-12,63,青と夏,Mrs.GREEN APPLE,https://www.billboard-japan.com/charts/detail?a=stsongs&year=2018&month=12&day=17
2018,stsongs,2018-12-12,64,新宝島,サカナクション,https://www.billboard-japan.com/charts/detail?a=stsongs&year=2018&month=12&day=17
2018,stsongs,2018-12-12,65,花束,back number,https://www.billboard-japan.com/charts/detail?a=stsongs&year=2018&month=12&day=17
2018,stsongs,2018-12-12,66,IDOL,BTS (防弾少年団),https://www.billboard-japan.com/charts/detail?a=stsongs&year=2018&month=12&day=17
2018,stsongs,2018-12-12,67,奏(かなで),スキマスイッチ,https://www.billboard-japan.com/charts/detail?a=stsongs&year=2018&month=12&day=17
2018,stsongs,2018-12-12,68,トリセツ,西野カナ,https://www.billboard-japan.com/charts/detail?a=stsongs&year=2018&month=12&day=17
2018,stsongs,2018-12-12,69,蕾,コブクロ,https://www.billboard-japan.com/charts/detail?a=stsongs&year=2018&month=12&day=17
2018,stsongs,2018-12-12,70,ライズ feat.ジャック & ジャック,ジョナス・ブルー,https://www.billboard-japan.com/charts/detail?a=stsongs&year=2018&month=12&day=17
2018,stsongs,2018-12-12,71,サンタ・テル・ミー,アリアナ・グランデ,https://www.billboard-japan.com/charts/detail?a=stsongs&year=2018&month=12&day=17
2018,stsongs,2018-12-12,72,ディス・イズ・ミー,キアラ・セトル & ザ・グレイテスト・ショーマン・アンサンブル,https://www.billboard-japan.com/charts/detail?a=stsongs&year=2018&month=12&day=17
2018,stsongs,2018-12-12,73,小さな恋のうた,MONGOL800,https://www.billboard-japan.com/charts/detail?a=stsongs&year=2018&month=12&day=17
2018,stsongs,2018-12-12,74,ハピアー,マシュメロ & バスティル,https://www.billboard-japan.com/charts/detail?a=stsongs&year=2018&month=12&day=17
2018,stsongs,2018-12-12,75,ステイ,ゼッド & アレッシア・カーラ,https://www.billboard-japan.com/charts/detail?a=stsongs&year=2018&month=12&day=17
2018,stsongs,2018-12-12,76,アルペジオ,[ALEXANDROS],https://www.billboard-japan.com/charts/detail?a=stsongs&year=2018&month=12&day=17
2018,stsongs,2018-12-12,77,if...,DA PUMP,https://www.billboard-japan.com/charts/detail?a=stsongs&year=2018&month=12&day=17
2018,stsongs,2018-12-12,78,桜,コブクロ,https://www.billboard-japan.com/charts/detail?a=stsongs&year=2018&month=12&day=17
2018,stsongs,2018-12-12,79,ただ君に晴れ,ヨルシカ,https://www.billboard-japan.com/charts/detail?a=stsongs&year=2018&month=12&day=17
2018,stsongs,2018-12-12,80,Dance The Night Away,TWICE,https://www.billboard-japan.com/charts/detail?a=stsongs&year=2018&month=12&day=17
2018,stsongs,2018-12-12,81,ファット・ボトムド・ガールズ,クイーン,https://www.billboard-japan.com/charts/detail?a=stsongs&year=2018&month=12&day=17
2018,stsongs,2018-12-12,82,ディス・フィーリング feat.ケルシー・バレリーニ,チェインスモーカーズ,https://www.billboard-japan.com/charts/detail?a=stsongs&year=2018&month=12&day=17
2018,stsongs,2018-12-12,83,366日,HY,https://www.billboard-japan.com/charts/detail?a=stsongs&year=2018&month=12&day=17
2018,stsongs,2018-12-12,84,BDZ,TWICE,https://www.billboard-japan.com/charts/detail?a=stsongs&year=2018&month=12&day=17
2018,stsongs,2018-12-12,85,ソロ feat.デミ・ロヴァート,クリーン・バンディット,https://www.billboard-japan.com/charts/detail?a=stsongs&year=2018&month=12&day=17
2018,stsongs,2018-12-12,86,レット・ユー・ラヴ・ミー,リタ・オラ,https://www.billboard-japan.com/charts/detail?a=stsongs&year=2018&month=12&day=17
2018,stsongs,2018-12-12,87,アンダー・プレッシャー,クイーン&デヴィッド・ボウイ,https://www.billboard-japan.com/charts/detail?a=stsongs&year=2018&month=12&day=17
2018,stsongs,2018-12-12,88,ボーン・トゥ・ラヴ・ユー,クイーン,https://www.billboard-japan.com/charts/detail?a=stsongs&year=2018&month=12&day=17
2018,stsongs,2018-12-12,89,ウェイスト・イット・オン・ミー feat.BTS (防弾少年団),スティーヴ・アオキ,https://www.billboard-japan.com/charts/detail?a=stsongs&year=2018&month=12&day=17
2018,stsongs,2018-12-12,90,Blizzard,三浦大知,https://www.billboard-japan.com/charts/detail?a=stsongs&year=2018&month=12&day=17
2018,stsongs,2018-12-12,91,WanteD! WanteD!,Mrs.GREEN APPLE,https://www.billboard-japan.com/charts/detail?a=stsongs&year=2018&month=12&day=17
2018,stsongs,2018-12-12,92,ナウ・アイム・ヒア(誘惑のロックン・ロール),クイーン,https://www.billboard-japan.com/charts/detail?a=stsongs&year=2018&month=12&day=17
2018,stsongs,2018-12-12,93,DNA,BTS (防弾少年団),https://www.billboard-japan.com/charts/detail?a=stsongs&year=2018&month=12&day=17
2018,stsongs,2018-12-12,94,ドゥーイング・オール・ライト,スマイル,https://www.billboard-japan.com/charts/detail?a=stsongs&year=2018&month=12&day=17
2018,stsongs,2018-12-12,95,ホワット・ドゥ・ユー・ミーン?,ジャスティン・ビーバー,https://www.billboard-japan.com/charts/detail?a=stsongs&year=2018&month=12&day=17
2018,stsongs,2018-12-12,96,DEATH RESPECT,ヒプノシスマイク(MAD TRIGGER CREW・麻天狼),https://www.billboard-japan.com/charts/detail?a=stsongs&year=2018&month=12&day=17
2018,stsongs,2018-12-12,97,ヒミツ,ポルカドットスティングレイ,https://www.billboard-japan.com/charts/detail?a=stsongs&year=2018&month=12&day=17
2018,stsongs,2018-12-12,98,The Beginning,ONE OK ROCK,https://www.billboard-japan.com/charts/detail?a=stsongs&year=2018&month=12&day=17
2018,stsongs,2018-12-12,99,クリスマス・イブ,山下達郎,https://www.billboard-japan.com/charts/detail?a=stsongs&year=2018&month=12&day=17
2018,stsongs,2018-12-12,100,RAIN PRESS,カノン,https://www.billboard-japan.com/charts/detail?a=stsongs&year=2018&month=12&day=17
2018,stsongs,2018-12-19,1,今夜このまま,あいみょん,https://www.billboard-japan.com/charts/detail?a=stsongs&year=2018&month=12&day=24
2018,stsongs,2018-12-19,2,U.S.A.,DA PUMP,https://www.billboard-japan.com/charts/detail?a=stsongs&year=2018&month=12&day=24
2018,stsongs,2018-12-19,3,マリーゴールド,あいみょん,https://www.billboard-japan.com/charts/detail?a=stsongs&year=2018&month=12&day=24
2018,stsongs,2018-12-19,4,ボヘミアン・ラプソディ,クイーン,https://www.billboard-japan.com/charts/detail?a=stsongs&year=2018&month=12&day=24
2018,stsongs,2018-12-19,5,YES or YES,TWICE,https://www.billboard-japan.com/charts/detail?a=stsongs&year=2018&month=12&day=24
2018,stsongs,2018-12-19,6,Stand Out Fit In,ONE OK ROCK,https://www.billboard-japan.com/charts/detail?a=stsongs&year=2018&month=12&day=24
2018,stsongs,2018-12-19,7,君はロックを聴かない,あいみょん,https://www.billboard-japan.com/charts/detail?a=stsongs&year=2018&month=12&day=24
2018,stsongs,2018-12-19,8,愛を伝えたいだとか,あいみょん,https://www.billboard-japan.com/charts/detail?a=stsongs&year=2018&month=12&day=24
2018,stsongs,2018-12-19,9,La Vie en Rose,IZ*ONE,https://www.billboard-japan.com/charts/detail?a=stsongs&year=2018&month=12&day=24
2018,stsongs,2018-12-19,10,クリスマスソング,back number,https://www.billboard-japan.com/charts/detail?a=stsongs&year=2018&month=12&day=24
2018,stsongs,2018-12-19,11,サンキュー、ネクスト,アリアナ・グランデ,https://www.billboard-japan.com/charts/detail?a=stsongs&year=2018&month=12&day=24
2018,stsongs,2018-12-19,12,まっしろ,ビッケブランカ,https://www.billboard-japan.com/charts/detail?a=stsongs&year=2018&month=12&day=24
2018,stsongs,2018-12-19,13,シェイプ・オブ・ユー,エド・シーラン,https://www.billboard-japan.com/charts/detail?a=stsongs&year=2018&month=12&day=24
2018,stsongs,2018-12-19,14,帰り道は遠回りしたくなる,乃木坂46,https://www.billboard-japan.com/charts/detail?a=stsongs&year=2018&month=12&day=24
2018,stsongs,2018-12-19,15,恋人たちのクリスマス,マライア・キャリー,https://www.billboard-japan.com/charts/detail?a=stsongs&year=2018&month=12&day=24
2018,stsongs,2018-12-19,16,ドント・ストップ・ミー・ナウ,クイーン,https://www.billboard-japan.com/charts/detail?a=stsongs&year=2018&month=12&day=24
2018,stsongs,2018-12-19,17,キラー・クイーン,クイーン,https://www.billboard-japan.com/charts/detail?a=stsongs&year=2018&month=12&day=24
2018,stsongs,2018-12-19,18,打上花火,DAOKO × 米津玄師,https://www.billboard-japan.com/charts/detail?a=stsongs&year=2018&month=12&day=24
2018,stsongs,2018-12-19,19,ウィ・ウィル・ロック・ユー,クイーン,https://www.billboard-japan.com/charts/detail?a=stsongs&year=2018&month=12&day=24
2018,stsongs,2018-12-19,20,メリクリ,BoA,https://www.billboard-japan.com/charts/detail?a=stsongs&year=2018&month=12&day=24
2018,stsongs,2018-12-19,21,愛にすべてを,クイーン,https://www.billboard-japan.com/charts/detail?a=stsongs&year=2018&month=12&day=24
2018,stsongs,2018-12-19,22,アイノカタチ feat.HIDE(GReeeeN),MISIA,https://www.billboard-japan.com/charts/detail?a=stsongs&year=2018&month=12&day=24
2018,stsongs,2018-12-19,23,トリコ,Nissy(西島隆弘),https://www.billboard-japan.com/charts/detail?a=stsongs&year=2018&month=12&day=24
2018,stsongs,2018-12-19,24,伝説のチャンピオン,クイーン,https://www.billboard-japan.com/charts/detail?a=stsongs&year=2018&month=12&day=24
2018,stsongs,2018-12-19,25,笑顔のループ,AAA,https://www.billboard-japan.com/charts/detail?a=stsongs&year=2018&month=12&day=24
2018,stsongs,2018-12-19,26,Wherever you are,ONE OK ROCK,https://www.billboard-japan.com/charts/detail?a=stsongs&year=2018&month=12&day=24
2018,stsongs,2018-12-19,27,Change,ONE OK ROCK,https://www.billboard-japan.com/charts/detail?a=stsongs&year=2018&month=12&day=24
2018,stsongs,2018-12-19,28,貴方解剖純愛歌〜死ね〜,あいみょん,https://www.billboard-japan.com/charts/detail?a=stsongs&year=2018&month=12&day=24
2018,stsongs,2018-12-19,29,イルミネーション,SEKAI NO OWARI,https://www.billboard-japan.com/charts/detail?a=stsongs&year=2018&month=12&day=24
2018,stsongs,2018-12-19,30,地獄へ道づれ,クイーン,https://www.billboard-japan.com/charts/detail?a=stsongs&year=2018&month=12&day=24
2018,stsongs,2018-12-19,31,HANABI,Mr.Children,https://www.billboard-japan.com/charts/detail?a=stsongs&year=2018&month=12&day=24
2018,stsongs,2018-12-19,32,DDU-DU DDU-DU,BLACKPINK,https://www.billboard-japan.com/charts/detail?a=stsongs&year=2018&month=12&day=24
2018,stsongs,2018-12-19,33,366日,HY,https://www.billboard-japan.com/charts/detail?a=stsongs&year=2018&month=12&day=24
2018,stsongs,2018-12-19,34,OVER DRIVE,FANTASTICS from EXILE TRIBE,https://www.billboard-japan.com/charts/detail?a=stsongs&year=2018&month=12&day=24
2018,stsongs,2018-12-19,35,PAIN IS BEAUTY,ちゃんみな,https://www.billboard-japan.com/charts/detail?a=stsongs&year=2018&month=12&day=24
2018,stsongs,2018-12-19,36,アンビバレント,欅坂46,https://www.billboard-japan.com/charts/detail?a=stsongs&year=2018&month=12&day=24
2018,stsongs,2018-12-19,37,ハッピーエンド,back number,https://www.billboard-japan.com/charts/detail?a=stsongs&year=2018&month=12&day=24
2018,stsongs,2018-12-19,38,レディオ・ガ・ガ,クイーン,https://www.billboard-japan.com/charts/detail?a=stsongs&year=2018&month=12&day=24
2018,stsongs,2018-12-19,39,Stand By You,Official髭男dism,https://www.billboard-japan.com/charts/detail?a=stsongs&year=2018&month=12&day=24
2018,stsongs,2018-12-19,40,SOLO,JENNIE(from BLACKPINK),https://www.billboard-japan.com/charts/detail?a=stsongs&year=2018&month=12&day=24
2018,stsongs,2018-12-19,41,青と夏,Mrs.GREEN APPLE,https://www.billboard-japan.com/charts/detail?a=stsongs&year=2018&month=12&day=24
2018,stsongs,2018-12-19,42,Blizzard,三浦大知,https://www.billboard-japan.com/charts/detail?a=stsongs&year=2018&month=12&day=24
2018,stsongs,2018-12-19,43,ヒロイン,back number,https://www.billboard-japan.com/charts/detail?a=stsongs&year=2018&month=12&day=24
2018,stsongs,2018-12-19,44,さよならエレジー,菅田将暉,https://www.billboard-japan.com/charts/detail?a=stsongs&year=2018&month=12&day=24
2018,stsongs,2018-12-19,45,クリスマス・イブ,山下達郎,https://www.billboard-japan.com/charts/detail?a=stsongs&year=2018&month=12&day=24
2018,stsongs,2018-12-19,46,生きていたんだよな,あいみょん,https://www.billboard-japan.com/charts/detail?a=stsongs&year=2018&month=12&day=24
2018,stsongs,2018-12-19,47,Bedtime Story,西野カナ,https://www.billboard-japan.com/charts/detail?a=stsongs&year=2018&month=12&day=24
2018,stsongs,2018-12-19,48,ワタリドリ,[ALEXANDROS],https://www.billboard-japan.com/charts/detail?a=stsongs&year=2018&month=12&day=24
2018,stsongs,2018-12-19,49,ラスト・クリスマス,ワム!,https://www.billboard-japan.com/charts/detail?a=stsongs&year=2018&month=12&day=24
2018,stsongs,2018-12-19,50,My Boo,清水翔太,https://www.billboard-japan.com/charts/detail?a=stsongs&year=2018&month=12&day=24
2018,stsongs,2018-12-19,51,カタオモイ,Aimer(エメ),https://www.billboard-japan.com/charts/detail?a=stsongs&year=2018&month=12&day=24
2018,stsongs,2018-12-19,52,男の勲章,嶋大輔,https://www.billboard-japan.com/charts/detail?a=stsongs&year=2018&month=12&day=24
2018,stsongs,2018-12-19,53,蕾,コブクロ,https://www.billboard-japan.com/charts/detail?a=stsongs&year=2018&month=12&day=24
2018,stsongs,2018-12-19,54,What is Love?,TWICE,https://www.billboard-japan.com/charts/detail?a=stsongs&year=2018&month=12&day=24
2018,stsongs,2018-12-19,55,愛という名の欲望,クイーン,https://www.billboard-japan.com/charts/detail?a=stsongs&year=2018&month=12&day=24
2018,stsongs,2018-12-19,56,ふたりの世界,あいみょん,https://www.billboard-japan.com/charts/detail?a=stsongs&year=2018&month=12&day=24
2018,stsongs,2018-12-19,57,獣ゆく細道,椎名林檎と宮本浩次,https://www.billboard-japan.com/charts/detail?a=stsongs&year=2018&month=12&day=24
2018,stsongs,2018-12-19,58,満月の夜なら,あいみょん,https://www.billboard-japan.com/charts/detail?a=stsongs&year=2018&month=12&day=24
2018,stsongs,2018-12-19,59,炎のロックン・ロール,クイーン,https://www.billboard-japan.com/charts/detail?a=stsongs&year=2018&month=12&day=24
2018,stsongs,2018-12-19,60,桜,コブクロ,https://www.billboard-japan.com/charts/detail?a=stsongs&year=2018&month=12&day=24
2018,stsongs,2018-12-19,61,サイレントマジョリティー,欅坂46,https://www.billboard-japan.com/charts/detail?a=stsongs&year=2018&month=12&day=24
2018,stsongs,2018-12-19,62,クローサー feat.ホールジー,チェインスモーカーズ,https://www.billboard-japan.com/charts/detail?a=stsongs&year=2018&month=12&day=24
2018,stsongs,2018-12-19,63,シンフォニー feat.ザラ・ラーソン,クリーン・バンディット,https://www.billboard-japan.com/charts/detail?a=stsongs&year=2018&month=12&day=24
2018,stsongs,2018-12-19,64,恋音と雨空,AAA,https://www.billboard-japan.com/charts/detail?a=stsongs&year=2018&month=12&day=24
2018,stsongs,2018-12-19,65,サンタ・テル・ミー,アリアナ・グランデ,https://www.billboard-japan.com/charts/detail?a=stsongs&year=2018&month=12&day=24
2018,stsongs,2018-12-19,66,高嶺の花子さん,back number,https://www.billboard-japan.com/charts/detail?a=stsongs&year=2018&month=12&day=24
2018,stsongs,2018-12-19,67,ディス・フィーリング feat.ケルシー・バレリーニ,チェインスモーカーズ,https://www.billboard-japan.com/charts/detail?a=stsongs&year=2018&month=12&day=24
2018,stsongs,2018-12-19,68,プロローグ,Uru,https://www.billboard-japan.com/charts/detail?a=stsongs&year=2018&month=12&day=24
2018,stsongs,2018-12-19,69,ライズ feat.ジャック & ジャック,ジョナス・ブルー,https://www.billboard-japan.com/charts/detail?a=stsongs&year=2018&month=12&day=24
2018,stsongs,2018-12-19,70,ボーン・トゥ・ラヴ・ユー,クイーン,https://www.billboard-japan.com/charts/detail?a=stsongs&year=2018&month=12&day=24
2018,stsongs,2018-12-19,71,IDOL,BTS (防弾少年団),https://www.billboard-japan.com/charts/detail?a=stsongs&year=2018&month=12&day=24
2018,stsongs,2018-12-19,72,奏(かなで),スキマスイッチ,https://www.billboard-japan.com/charts/detail?a=stsongs&year=2018&month=12&day=24
2018,stsongs,2018-12-19,73,ノーダウト,Official髭男dism,https://www.billboard-japan.com/charts/detail?a=stsongs&year=2018&month=12&day=24
2018,stsongs,2018-12-19,74,赤い糸,コブクロ,https://www.billboard-japan.com/charts/detail?a=stsongs&year=2018&month=12&day=24
2018,stsongs,2018-12-19,75,新宝島,サカナクション,https://www.billboard-japan.com/charts/detail?a=stsongs&year=2018&month=12&day=24
2018,stsongs,2018-12-19,76,ハピアー,マシュメロ & バスティル,https://www.billboard-japan.com/charts/detail?a=stsongs&year=2018&month=12&day=24
2018,stsongs,2018-12-19,77,ステイ,ゼッド & アレッシア・カーラ,https://www.billboard-japan.com/charts/detail?a=stsongs&year=2018&month=12&day=24
2018,stsongs,2018-12-19,78,小さな恋のうた,MONGOL800,https://www.billboard-japan.com/charts/detail?a=stsongs&year=2018&month=12&day=24
2018,stsongs,2018-12-19,79,トリセツ,西野カナ,https://www.billboard-japan.com/charts/detail?a=stsongs&year=2018&month=12&day=24
2018,stsongs,2018-12-19,80,ファット・ボトムド・ガールズ,クイーン,https://www.billboard-japan.com/charts/detail?a=stsongs&year=2018&month=12&day=24
2018,stsongs,2018-12-19,81,Dance The Night Away,TWICE,https://www.billboard-japan.com/charts/detail?a=stsongs&year=2018&month=12&day=24
2018,stsongs,2018-12-19,82,FAKE LOVE,BTS (防弾少年団),https://www.billboard-japan.com/charts/detail?a=stsongs&year=2018&month=12&day=24
2018,stsongs,2018-12-19,83,WanteD! WanteD!,Mrs.GREEN APPLE,https://www.billboard-japan.com/charts/detail?a=stsongs&year=2018&month=12&day=24
2018,stsongs,2018-12-19,84,ただ君に晴れ,ヨルシカ,https://www.billboard-japan.com/charts/detail?a=stsongs&year=2018&month=12&day=24
2018,stsongs,2018-12-19,85,Love Shot,EXO,https://www.billboard-japan.com/charts/detail?a=stsongs&year=2018&month=12&day=24
2018,stsongs,2018-12-19,86,ディス・イズ・ミー,キアラ・セトル & ザ・グレイテスト・ショーマン・アンサンブル,https://www.billboard-japan.com/charts/detail?a=stsongs&year=2018&month=12&day=24
2018,stsongs,2018-12-19,87,if...,DA PUMP,https://www.billboard-japan.com/charts/detail?a=stsongs&year=2018&month=12&day=24
2018,stsongs,2018-12-19,88,あいことば,絢香,https://www.billboard-japan.com/charts/detail?a=stsongs&year=2018&month=12&day=24
2018,stsongs,2018-12-19,89,アンダー・プレッシャー,クイーン&デヴィッド・ボウイ,https://www.billboard-japan.com/charts/detail?a=stsongs&year=2018&month=12&day=24
2018,stsongs,2018-12-19,90,メンタルヤンキー,t-Ace,https://www.billboard-japan.com/charts/detail?a=stsongs&year=2018&month=12&day=24
2018,stsongs,2018-12-19,91,花束,back number,https://www.billboard-japan.com/charts/detail?a=stsongs&year=2018&month=12&day=24
2018,stsongs,2018-12-19,92,アルペジオ,[ALEXANDROS],https://www.billboard-japan.com/charts/detail?a=stsongs&year=2018&month=12&day=24
2018,stsongs,2018-12-19,93,BDZ,TWICE,https://www.billboard-japan.com/charts/detail?a=stsongs&year=2018&month=12&day=24
2018,stsongs,2018-12-19,94,ナウ・アイム・ヒア(誘惑のロックン・ロール),クイーン,https://www.billboard-japan.com/charts/detail?a=stsongs&year=2018&month=12&day=24
2018,stsongs,2018-12-19,95,ホワット・ドゥ・ユー・ミーン?,ジャスティン・ビーバー,https://www.billboard-japan.com/charts/detail?a=stsongs&year=2018&month=12&day=24
2018,stsongs,2018-12-19,96,ドゥーイング・オール・ライト,スマイル,https://www.billboard-japan.com/charts/detail?a=stsongs&year=2018&month=12&day=24
2018,stsongs,2018-12-19,97,レット・ユー・ラヴ・ミー,リタ・オラ,https://www.billboard-japan.com/charts/detail?a=stsongs&year=2018&month=12&day=24
2018,stsongs,2018-12-19,98,DNA,BTS (防弾少年団),https://www.billboard-japan.com/charts/detail?a=stsongs&year=2018&month=12&day=24
2018,stsongs,2018-12-19,99,The Beginning,ONE OK ROCK,https://www.billboard-japan.com/charts/detail?a=stsongs&year=2018&month=12&day=24
2018,stsongs,2018-12-19,100,ここにしか咲かない花,コブクロ,https://www.billboard-japan.com/charts/detail?a=stsongs&year=2018&month=12&day=24
2018,stsongs,2018-12-26,1,今夜このまま,あいみょん,https://www.billboard-japan.com/charts/detail?a=stsongs&year=2018&month=12&day=31
2018,stsongs,2018-12-26,2,マリーゴールド,あいみょん,https://www.billboard-japan.com/charts/detail?a=stsongs&year=2018&month=12&day=31
2018,stsongs,2018-12-26,3,U.S.A.,DA PUMP,https://www.billboard-japan.com/charts/detail?a=stsongs&year=2018&month=12&day=31
2018,stsongs,2018-12-26,4,ボヘミアン・ラプソディ,クイーン,https://www.billboard-japan.com/charts/detail?a=stsongs&year=2018&month=12&day=31
2018,stsongs,2018-12-26,5,君はロックを聴かない,あいみょん,https://www.billboard-japan.com/charts/detail?a=stsongs&year=2018&month=12&day=31
2018,stsongs,2018-12-26,6,YES or YES,TWICE,https://www.billboard-japan.com/charts/detail?a=stsongs&year=2018&month=12&day=31
2018,stsongs,2018-12-26,7,愛を伝えたいだとか,あいみょん,https://www.billboard-japan.com/charts/detail?a=stsongs&year=2018&month=12&day=31
2018,stsongs,2018-12-26,8,Stand Out Fit In,ONE OK ROCK,https://www.billboard-japan.com/charts/detail?a=stsongs&year=2018&month=12&day=31
2018,stsongs,2018-12-26,9,恋人たちのクリスマス,マライア・キャリー,https://www.billboard-japan.com/charts/detail?a=stsongs&year=2018&month=12&day=31
2018,stsongs,2018-12-26,10,クリスマスソング,back number,https://www.billboard-japan.com/charts/detail?a=stsongs&year=2018&month=12&day=31
2018,stsongs,2018-12-26,11,La Vie en Rose,IZ*ONE,https://www.billboard-japan.com/charts/detail?a=stsongs&year=2018&month=12&day=31
2018,stsongs,2018-12-26,12,シェイプ・オブ・ユー,エド・シーラン,https://www.billboard-japan.com/charts/detail?a=stsongs&year=2018&month=12&day=31
2018,stsongs,2018-12-26,13,メリクリ,BoA,https://www.billboard-japan.com/charts/detail?a=stsongs&year=2018&month=12&day=31
2018,stsongs,2018-12-26,14,Blizzard,三浦大知,https://www.billboard-japan.com/charts/detail?a=stsongs&year=2018&month=12&day=31
2018,stsongs,2018-12-26,15,ドント・ストップ・ミー・ナウ,クイーン,https://www.billboard-japan.com/charts/detail?a=stsongs&year=2018&month=12&day=31
2018,stsongs,2018-12-26,16,帰り道は遠回りしたくなる,乃木坂46,https://www.billboard-japan.com/charts/detail?a=stsongs&year=2018&month=12&day=31
2018,stsongs,2018-12-26,17,まっしろ,ビッケブランカ,https://www.billboard-japan.com/charts/detail?a=stsongs&year=2018&month=12&day=31
2018,stsongs,2018-12-26,18,サンキュー、ネクスト,アリアナ・グランデ,https://www.billboard-japan.com/charts/detail?a=stsongs&year=2018&month=12&day=31
2018,stsongs,2018-12-26,19,キラー・クイーン,クイーン,https://www.billboard-japan.com/charts/detail?a=stsongs&year=2018&month=12&day=31
2018,stsongs,2018-12-26,20,打上花火,DAOKO × 米津玄師,https://www.billboard-japan.com/charts/detail?a=stsongs&year=2018&month=12&day=31
2018,stsongs,2018-12-26,21,ウィ・ウィル・ロック・ユー,クイーン,https://www.billboard-japan.com/charts/detail?a=stsongs&year=2018&month=12&day=31
2018,stsongs,2018-12-26,22,I WON'T LET YOU GO,GOT7,https://www.billboard-japan.com/charts/detail?a=stsongs&year=2018&month=12&day=31
2018,stsongs,2018-12-26,23,愛にすべてを,クイーン,https://www.billboard-japan.com/charts/detail?a=stsongs&year=2018&month=12&day=31
2018,stsongs,2018-12-26,24,アイノカタチ feat.HIDE(GReeeeN),MISIA,https://www.billboard-japan.com/charts/detail?a=stsongs&year=2018&month=12&day=31
2018,stsongs,2018-12-26,25,トリコ,Nissy(西島隆弘),https://www.billboard-japan.com/charts/detail?a=stsongs&year=2018&month=12&day=31
2018,stsongs,2018-12-26,26,貴方解剖純愛歌〜死ね〜,あいみょん,https://www.billboard-japan.com/charts/detail?a=stsongs&year=2018&month=12&day=31
2018,stsongs,2018-12-26,27,伝説のチャンピオン,クイーン,https://www.billboard-japan.com/charts/detail?a=stsongs&year=2018&month=12&day=31
2018,stsongs,2018-12-26,28,さよならエレジー,菅田将暉,https://www.billboard-japan.com/charts/detail?a=stsongs&year=2018&month=12&day=31
2018,stsongs,2018-12-26,29,クリスマス・イブ,山下達郎,https://www.billboard-japan.com/charts/detail?a=stsongs&year=2018&month=12&day=31
2018,stsongs,2018-12-26,30,アンビバレント,欅坂46,https://www.billboard-japan.com/charts/detail?a=stsongs&year=2018&month=12&day=31
2018,stsongs,2018-12-26,31,Wherever you are,ONE OK ROCK,https://www.billboard-japan.com/charts/detail?a=stsongs&year=2018&month=12&day=31
2018,stsongs,2018-12-26,32,ラスト・クリスマス,ワム!,https://www.billboard-japan.com/charts/detail?a=stsongs&year=2018&month=12&day=31
2018,stsongs,2018-12-26,33,イルミネーション,SEKAI NO OWARI,https://www.billboard-japan.com/charts/detail?a=stsongs&year=2018&month=12&day=31
2018,stsongs,2018-12-26,34,HANABI,Mr.Children,https://www.billboard-japan.com/charts/detail?a=stsongs&year=2018&month=12&day=31
2018,stsongs,2018-12-26,35,地獄へ道づれ,クイーン,https://www.billboard-japan.com/charts/detail?a=stsongs&year=2018&month=12&day=31
2018,stsongs,2018-12-26,36,笑顔のループ,AAA,https://www.billboard-japan.com/charts/detail?a=stsongs&year=2018&month=12&day=31
2018,stsongs,2018-12-26,37,DDU-DU DDU-DU,BLACKPINK,https://www.billboard-japan.com/charts/detail?a=stsongs&year=2018&month=12&day=31
2018,stsongs,2018-12-26,38,Stand By You,Official髭男dism,https://www.billboard-japan.com/charts/detail?a=stsongs&year=2018&month=12&day=31
2018,stsongs,2018-12-26,39,Change,ONE OK ROCK,https://www.billboard-japan.com/charts/detail?a=stsongs&year=2018&month=12&day=31
2018,stsongs,2018-12-26,40,生きていたんだよな,あいみょん,https://www.billboard-japan.com/charts/detail?a=stsongs&year=2018&month=12&day=31
2018,stsongs,2018-12-26,41,レディオ・ガ・ガ,クイーン,https://www.billboard-japan.com/charts/detail?a=stsongs&year=2018&month=12&day=31
2018,stsongs,2018-12-26,42,366日,HY,https://www.billboard-japan.com/charts/detail?a=stsongs&year=2018&month=12&day=31
2018,stsongs,2018-12-26,43,What is Love?,TWICE,https://www.billboard-japan.com/charts/detail?a=stsongs&year=2018&month=12&day=31
2018,stsongs,2018-12-26,44,青と夏,Mrs.GREEN APPLE,https://www.billboard-japan.com/charts/detail?a=stsongs&year=2018&month=12&day=31
2018,stsongs,2018-12-26,45,G-ENERGY,GENERATIONS from EXILE TRIBE,https://www.billboard-japan.com/charts/detail?a=stsongs&year=2018&month=12&day=31
2018,stsongs,2018-12-26,46,ハッピーエンド,back number,https://www.billboard-japan.com/charts/detail?a=stsongs&year=2018&month=12&day=31
2018,stsongs,2018-12-26,47,男の勲章,嶋大輔,https://www.billboard-japan.com/charts/detail?a=stsongs&year=2018&month=12&day=31
2018,stsongs,2018-12-26,48,SOLO,JENNIE(from BLACKPINK),https://www.billboard-japan.com/charts/detail?a=stsongs&year=2018&month=12&day=31
2018,stsongs,2018-12-26,49,ワタリドリ,[ALEXANDROS],https://www.billboard-japan.com/charts/detail?a=stsongs&year=2018&month=12&day=31
2018,stsongs,2018-12-26,50,ふたりの世界,あいみょん,https://www.billboard-japan.com/charts/detail?a=stsongs&year=2018&month=12&day=31
2018,stsongs,2018-12-26,51,サンタ・テル・ミー,アリアナ・グランデ,https://www.billboard-japan.com/charts/detail?a=stsongs&year=2018&month=12&day=31
2018,stsongs,2018-12-26,52,My Boo,清水翔太,https://www.billboard-japan.com/charts/detail?a=stsongs&year=2018&month=12&day=31
2018,stsongs,2018-12-26,53,ヒロイン,back number,https://www.billboard-japan.com/charts/detail?a=stsongs&year=2018&month=12&day=31
2018,stsongs,2018-12-26,54,満月の夜なら,あいみょん,https://www.billboard-japan.com/charts/detail?a=stsongs&year=2018&month=12&day=31
2018,stsongs,2018-12-26,55,カタオモイ,Aimer(エメ),https://www.billboard-japan.com/charts/detail?a=stsongs&year=2018&month=12&day=31
2018,stsongs,2018-12-26,56,PLAYBOY Remix feat.t-Ace,CREAM,https://www.billboard-japan.com/charts/detail?a=stsongs&year=2018&month=12&day=31
2018,stsongs,2018-12-26,57,愛という名の欲望,クイーン,https://www.billboard-japan.com/charts/detail?a=stsongs&year=2018&month=12&day=31
2018,stsongs,2018-12-26,58,PAIN IS BEAUTY,ちゃんみな,https://www.billboard-japan.com/charts/detail?a=stsongs&year=2018&month=12&day=31
2018,stsongs,2018-12-26,59,ディス・フィーリング feat.ケルシー・バレリーニ,チェインスモーカーズ,https://www.billboard-japan.com/charts/detail?a=stsongs&year=2018&month=12&day=31
2018,stsongs,2018-12-26,60,Bedtime Story,西野カナ,https://www.billboard-japan.com/charts/detail?a=stsongs&year=2018&month=12&day=31
2018,stsongs,2018-12-26,61,プロローグ,Uru,https://www.billboard-japan.com/charts/detail?a=stsongs&year=2018&month=12&day=31
2018,stsongs,2018-12-26,62,サイレントマジョリティー,欅坂46,https://www.billboard-japan.com/charts/detail?a=stsongs&year=2018&month=12&day=31
2018,stsongs,2018-12-26,63,クローサー feat.ホールジー,チェインスモーカーズ,https://www.billboard-japan.com/charts/detail?a=stsongs&year=2018&month=12&day=31
2018,stsongs,2018-12-26,64,炎のロックン・ロール,クイーン,https://www.billboard-japan.com/charts/detail?a=stsongs&year=2018&month=12&day=31
2018,stsongs,2018-12-26,65,小さな恋のうた,MONGOL800,https://www.billboard-japan.com/charts/detail?a=stsongs&year=2018&month=12&day=31
2018,stsongs,2018-12-26,66,獣ゆく細道,椎名林檎と宮本浩次,https://www.billboard-japan.com/charts/detail?a=stsongs&year=2018&month=12&day=31
2018,stsongs,2018-12-26,67,奏(かなで),スキマスイッチ,https://www.billboard-japan.com/charts/detail?a=stsongs&year=2018&month=12&day=31
2018,stsongs,2018-12-26,68,白い恋人達,清水翔太,https://www.billboard-japan.com/charts/detail?a=stsongs&year=2018&month=12&day=31
2018,stsongs,2018-12-26,69,新宝島,サカナクション,https://www.billboard-japan.com/charts/detail?a=stsongs&year=2018&month=12&day=31
2018,stsongs,2018-12-26,70,恋音と雨空,AAA,https://www.billboard-japan.com/charts/detail?a=stsongs&year=2018&month=12&day=31
2018,stsongs,2018-12-26,71,ボーン・トゥ・ラヴ・ユー,クイーン,https://www.billboard-japan.com/charts/detail?a=stsongs&year=2018&month=12&day=31
2018,stsongs,2018-12-26,72,Dance The Night Away,TWICE,https://www.billboard-japan.com/charts/detail?a=stsongs&year=2018&month=12&day=31
2018,stsongs,2018-12-26,73,トリセツ,西野カナ,https://www.billboard-japan.com/charts/detail?a=stsongs&year=2018&month=12&day=31
2018,stsongs,2018-12-26,74,シンフォニー feat.ザラ・ラーソン,クリーン・バンディット,https://www.billboard-japan.com/charts/detail?a=stsongs&year=2018&month=12&day=31
2018,stsongs,2018-12-26,75,ノーダウト,Official髭男dism,https://www.billboard-japan.com/charts/detail?a=stsongs&year=2018&month=12&day=31
2018,stsongs,2018-12-26,76,ライズ feat.ジャック & ジャック,ジョナス・ブルー,https://www.billboard-japan.com/charts/detail?a=stsongs&year=2018&month=12&day=31
2018,stsongs,2018-12-26,77,IDOL,BTS (防弾少年団),https://www.billboard-japan.com/charts/detail?a=stsongs&year=2018&month=12&day=31
2018,stsongs,2018-12-26,78,BDZ,TWICE,https://www.billboard-japan.com/charts/detail?a=stsongs&year=2018&month=12&day=31
2018,stsongs,2018-12-26,79,WanteD! WanteD!,Mrs.GREEN APPLE,https://www.billboard-japan.com/charts/detail?a=stsongs&year=2018&month=12&day=31
2018,stsongs,2018-12-26,80,ラスト・クリスマス,アリアナ・グランデ,https://www.billboard-japan.com/charts/detail?a=stsongs&year=2018&month=12&day=31
2018,stsongs,2018-12-26,81,ステイ,ゼッド & アレッシア・カーラ,https://www.billboard-japan.com/charts/detail?a=stsongs&year=2018&month=12&day=31
2018,stsongs,2018-12-26,82,イマジン,アリアナ・グランデ,https://www.billboard-japan.com/charts/detail?a=stsongs&year=2018&month=12&day=31
2018,stsongs,2018-12-26,83,ハピアー,マシュメロ & バスティル,https://www.billboard-japan.com/charts/detail?a=stsongs&year=2018&month=12&day=31
2018,stsongs,2018-12-26,84,ファット・ボトムド・ガールズ,クイーン,https://www.billboard-japan.com/charts/detail?a=stsongs&year=2018&month=12&day=31
2018,stsongs,2018-12-26,85,LAST CHRISTMAS,EXILE,https://www.billboard-japan.com/charts/detail?a=stsongs&year=2018&month=12&day=31
2018,stsongs,2018-12-26,86,アンダー・プレッシャー,クイーン&デヴィッド・ボウイ,https://www.billboard-japan.com/charts/detail?a=stsongs&year=2018&month=12&day=31
2018,stsongs,2018-12-26,87,高嶺の花子さん,back number,https://www.billboard-japan.com/charts/detail?a=stsongs&year=2018&month=12&day=31
2018,stsongs,2018-12-26,88,FAKE LOVE,BTS (防弾少年団),https://www.billboard-japan.com/charts/detail?a=stsongs&year=2018&month=12&day=31
2018,stsongs,2018-12-26,89,Love Shot,EXO,https://www.billboard-japan.com/charts/detail?a=stsongs&year=2018&month=12&day=31
2018,stsongs,2018-12-26,90,ただ君に晴れ,ヨルシカ,https://www.billboard-japan.com/charts/detail?a=stsongs&year=2018&month=12&day=31
2018,stsongs,2018-12-26,91,蕾,コブクロ,https://www.billboard-japan.com/charts/detail?a=stsongs&year=2018&month=12&day=31
2018,stsongs,2018-12-26,92,かわE,ヤバイTシャツ屋さん,https://www.billboard-japan.com/charts/detail?a=stsongs&year=2018&month=12&day=31
2018,stsongs,2018-12-26,93,TT,TWICE,https://www.billboard-japan.com/charts/detail?a=stsongs&year=2018&month=12&day=31
2018,stsongs,2018-12-26,94,アルペジオ,[ALEXANDROS],https://www.billboard-japan.com/charts/detail?a=stsongs&year=2018&month=12&day=31
2018,stsongs,2018-12-26,95,シンクロニシティ,乃木坂46,https://www.billboard-japan.com/charts/detail?a=stsongs&year=2018&month=12&day=31
2018,stsongs,2018-12-26,96,桜,コブクロ,https://www.billboard-japan.com/charts/detail?a=stsongs&year=2018&month=12&day=31
2018,stsongs,2018-12-26,97,ディス・イズ・ミー,キアラ・セトル & ザ・グレイテスト・ショーマン・アンサンブル,https://www.billboard-japan.com/charts/detail?a=stsongs&year=2018&month=12&day=31
2018,stsongs,2018-12-26,98,世界はあなたに笑いかけている,Little Glee Monster,https://www.billboard-japan.com/charts/detail?a=stsongs&year=2018&month=12&day=31
2018,stsongs,2018-12-26,99,恋人がサンタクロース,松任谷由実,https://www.billboard-japan.com/charts/detail?a=stsongs&year=2018&month=12&day=31
2018,stsongs,2018-12-26,100,ハッピー・クリスマス(戦争は終った),ジョン・レノン,https://www.billboard-japan.com/charts/detail?a=stsongs&year=2018&month=12&day=31
