chart_year,chart_code,chart_date,rank,title,artist,source_url
2016,hot100,2016-01-06,1,トリセツ,西野カナ,https://www.billboard-japan.com/charts/detail?a=hot100&year=2016&month=01&day=11
2016,hot100,2016-01-06,2,SUN,星野源,https://www.billboard-japan.com/charts/detail?a=hot100&year=2016&month=01&day=11
2016,hot100,2016-01-06,3,未来,コブクロ,https://www.billboard-japan.com/charts/detail?a=hot100&year=2016&month=01&day=11
2016,hot100,2016-01-06,4,刀剣乱舞,刀剣男士team三条 with 加州清光,https://www.billboard-japan.com/charts/detail?a=hot100&year=2016&month=01&day=11
2016,hot100,2016-01-06,5,クリスマスソング,back number,https://www.billboard-japan.com/charts/detail?a=hot100&year=2016&month=01&day=11
2016,hot100,2016-01-06,6,Unfair World,三代目 J Soul Brothers from EXILE TRIBE,https://www.billboard-japan.com/charts/detail?a=hot100&year=2016&month=01&day=11
2016,hot100,2016-01-06,7,R.Y.U.S.E.I.,三代目 J Soul Brothers from EXILE TRIBE,https://www.billboard-japan.com/charts/detail?a=hot100&year=2016&month=01&day=11
2016,hot100,2016-01-06,8,Ki・mi・ni・mu・chu,EXILE,https://www.billboard-japan.com/charts/detail?a=hot100&year=2016&month=01&day=11
2016,hot100,2016-01-06,9,Summer Madness,三代目 J Soul Brothers from EXILE TRIBE,https://www.billboard-japan.com/charts/detail?a=hot100&year=2016&month=01&day=11
2016,hot100,2016-01-06,10,冷たい風と片思い,モーニング娘。'15,https://www.billboard-japan.com/charts/detail?a=hot100&year=2016&month=01&day=11
2016,hot100,2016-01-06,11,黒い雫,Superfly,https://www.billboard-japan.com/charts/detail?a=hot100&year=2016&month=01&day=11
2016,hot100,2016-01-06,12,Beautiful,Superfly,https://www.billboard-japan.com/charts/detail?a=hot100&year=2016&month=01&day=11
2016,hot100,2016-01-06,13,千本桜,小林幸子,https://www.billboard-japan.com/charts/detail?a=hot100&year=2016&month=01&day=11
2016,hot100,2016-01-06,14,365日の紙飛行機,AKB48,https://www.billboard-japan.com/charts/detail?a=hot100&year=2016&month=01&day=11
2016,hot100,2016-01-06,15,私以外私じゃないの,ゲスの極み乙女。,https://www.billboard-japan.com/charts/detail?a=hot100&year=2016&month=01&day=11
2016,hot100,2016-01-06,16,サクラミチ,東方神起,https://www.billboard-japan.com/charts/detail?a=hot100&year=2016&month=01&day=11
2016,hot100,2016-01-06,17,海の声,浦島太郎(桐谷健太),https://www.billboard-japan.com/charts/detail?a=hot100&year=2016&month=01&day=11
2016,hot100,2016-01-06,18,唇にBe My Baby,AKB48,https://www.billboard-japan.com/charts/detail?a=hot100&year=2016&month=01&day=11
2016,hot100,2016-01-06,19,ひまわりの約束,秦基博,https://www.billboard-japan.com/charts/detail?a=hot100&year=2016&month=01&day=11
2016,hot100,2016-01-06,20,Merry × Merry Xmas★,E-Girls,https://www.billboard-japan.com/charts/detail?a=hot100&year=2016&month=01&day=11
2016,hot100,2016-01-06,21,恋音と雨空,AAA,https://www.billboard-japan.com/charts/detail?a=hot100&year=2016&month=01&day=11
2016,hot100,2016-01-06,22,No.1,西野カナ,https://www.billboard-japan.com/charts/detail?a=hot100&year=2016&month=01&day=11
2016,hot100,2016-01-06,23,What You Want,JUJU,https://www.billboard-japan.com/charts/detail?a=hot100&year=2016&month=01&day=11
2016,hot100,2016-01-06,24,新宝島,サカナクション,https://www.billboard-japan.com/charts/detail?a=hot100&year=2016&month=01&day=11
2016,hot100,2016-01-06,25,君の名は希望,乃木坂46,https://www.billboard-japan.com/charts/detail?a=hot100&year=2016&month=01&day=11
2016,hot100,2016-01-06,26,Wherever you are,ONE OK ROCK,https://www.billboard-japan.com/charts/detail?a=hot100&year=2016&month=01&day=11
2016,hot100,2016-01-06,27,あなたがここにいて抱きしめることができるなら,miwa,https://www.billboard-japan.com/charts/detail?a=hot100&year=2016&month=01&day=11
2016,hot100,2016-01-06,28,愛してるのに、愛せない,AAA,https://www.billboard-japan.com/charts/detail?a=hot100&year=2016&month=01&day=11
2016,hot100,2016-01-06,29,SIX SAME FACES〜今夜は最高!!!!!!〜,イヤミ feat.おそ松×カラ松×チョロ松×一松×十四松×トド松(鈴村健一、櫻井孝宏、中村悠一、神谷浩史、福山潤、小野大輔、入野自由),https://www.billboard-japan.com/charts/detail?a=hot100&year=2016&month=01&day=11
2016,hot100,2016-01-06,30,それは僕たちの奇跡,μ's,https://www.billboard-japan.com/charts/detail?a=hot100&year=2016&month=01&day=11
2016,hot100,2016-01-06,31,ray,BUMP OF CHICKEN,https://www.billboard-japan.com/charts/detail?a=hot100&year=2016&month=01&day=11
2016,hot100,2016-01-06,32,長く短い祭,椎名林檎,https://www.billboard-japan.com/charts/detail?a=hot100&year=2016&month=01&day=11
2016,hot100,2016-01-06,33,はなまるぴっぴはよいこだけ,A応P,https://www.billboard-japan.com/charts/detail?a=hot100&year=2016&month=01&day=11
2016,hot100,2016-01-06,34,今、話したい誰かがいる,乃木坂46,https://www.billboard-japan.com/charts/detail?a=hot100&year=2016&month=01&day=11
2016,hot100,2016-01-06,35,DANCE WITH ME NOW!,E-Girls,https://www.billboard-japan.com/charts/detail?a=hot100&year=2016&month=01&day=11
2016,hot100,2016-01-06,36,ホワット・ドゥ・ユー・ミーン?,ジャスティン・ビーバー,https://www.billboard-japan.com/charts/detail?a=hot100&year=2016&month=01&day=11
2016,hot100,2016-01-06,37,アップタウン・ファンク feat.ブルーノ・マーズ,マーク・ロンソン,https://www.billboard-japan.com/charts/detail?a=hot100&year=2016&month=01&day=11
2016,hot100,2016-01-06,38,オルフェンズの涙,MISIA,https://www.billboard-japan.com/charts/detail?a=hot100&year=2016&month=01&day=11
2016,hot100,2016-01-06,39,ハロー,アデル,https://www.billboard-japan.com/charts/detail?a=hot100&year=2016&month=01&day=11
2016,hot100,2016-01-06,40,何度でも,Crystal Kay,https://www.billboard-japan.com/charts/detail?a=hot100&year=2016&month=01&day=11
2016,hot100,2016-01-06,41,千本桜,WhiteFlame feat.初音ミク,https://www.billboard-japan.com/charts/detail?a=hot100&year=2016&month=01&day=11
2016,hot100,2016-01-06,42,前のめり,SKE48,https://www.billboard-japan.com/charts/detail?a=hot100&year=2016&month=01&day=11
2016,hot100,2016-01-06,43,時よ,星野源,https://www.billboard-japan.com/charts/detail?a=hot100&year=2016&month=01&day=11
2016,hot100,2016-01-06,44,愛を叫べ,嵐,https://www.billboard-japan.com/charts/detail?a=hot100&year=2016&month=01&day=11
2016,hot100,2016-01-06,45,瞳の奥の銀河(ミルキーウェイ),Flower,https://www.billboard-japan.com/charts/detail?a=hot100&year=2016&month=01&day=11
2016,hot100,2016-01-06,46,シェイク・イット・オフ〜気にしてなんかいられないっ!!,テイラー・スウィフト,https://www.billboard-japan.com/charts/detail?a=hot100&year=2016&month=01&day=11
2016,hot100,2016-01-06,47,sub/objective,ぼくのりりっくのぼうよみ,https://www.billboard-japan.com/charts/detail?a=hot100&year=2016&month=01&day=11
2016,hot100,2016-01-06,48,アドヴェンチャー・オブ・ア・ライフタイム,コールドプレイ,https://www.billboard-japan.com/charts/detail?a=hot100&year=2016&month=01&day=11
2016,hot100,2016-01-06,49,シー・ユー・アゲイン,ウィズ・カリファ feat.チャーリー・プース,https://www.billboard-japan.com/charts/detail?a=hot100&year=2016&month=01&day=11
2016,hot100,2016-01-06,50,キミを忘れないよ,大原櫻子,https://www.billboard-japan.com/charts/detail?a=hot100&year=2016&month=01&day=11
2016,hot100,2016-01-06,51,Dance Dance Dance,E-Girls,https://www.billboard-japan.com/charts/detail?a=hot100&year=2016&month=01&day=11
2016,hot100,2016-01-06,52,好き,西野カナ,https://www.billboard-japan.com/charts/detail?a=hot100&year=2016&month=01&day=11
2016,hot100,2016-01-06,53,聖なる夜の贈り物,秦基博,https://www.billboard-japan.com/charts/detail?a=hot100&year=2016&month=01&day=11
2016,hot100,2016-01-06,54,ハピネス,AI,https://www.billboard-japan.com/charts/detail?a=hot100&year=2016&month=01&day=11
2016,hot100,2016-01-06,55,Week End,星野源,https://www.billboard-japan.com/charts/detail?a=hot100&year=2016&month=01&day=11
2016,hot100,2016-01-06,56,アイ・リアリー・ライク・ユー,カーリー・レイ・ジェプセン,https://www.billboard-japan.com/charts/detail?a=hot100&year=2016&month=01&day=11
2016,hot100,2016-01-06,57,Wings Flap,L'Arc〜en〜Ciel,https://www.billboard-japan.com/charts/detail?a=hot100&year=2016&month=01&day=11
2016,hot100,2016-01-06,58,瞳,大原櫻子,https://www.billboard-japan.com/charts/detail?a=hot100&year=2016&month=01&day=11
2016,hot100,2016-01-06,59,ソーリー,ジャスティン・ビーバー,https://www.billboard-japan.com/charts/detail?a=hot100&year=2016&month=01&day=11
2016,hot100,2016-01-06,60,シュガーソングとビターステップ,UNISON SQUARE GARDEN,https://www.billboard-japan.com/charts/detail?a=hot100&year=2016&month=01&day=11
2016,hot100,2016-01-06,61,もしも運命の人がいるのなら,西野カナ,https://www.billboard-japan.com/charts/detail?a=hot100&year=2016&month=01&day=11
2016,hot100,2016-01-06,62,君がくれた夏,家入レオ,https://www.billboard-japan.com/charts/detail?a=hot100&year=2016&month=01&day=11
2016,hot100,2016-01-06,63,思い出以上になりたくて,"lily white〜園田海未(三森すずこ),星空凛(飯田里穂),東條希(楠田亜衣奈)from μ's〜",https://www.billboard-japan.com/charts/detail?a=hot100&year=2016&month=01&day=11
2016,hot100,2016-01-06,64,家族になろうよ,福山雅治,https://www.billboard-japan.com/charts/detail?a=hot100&year=2016&month=01&day=11
2016,hot100,2016-01-06,65,Share The Love,THE Sharehappi from 三代目 J Soul Brothers from EXILE TRIBE,https://www.billboard-japan.com/charts/detail?a=hot100&year=2016&month=01&day=11
2016,hot100,2016-01-06,66,リーン・オン feat.ムー & DJスネーク,メジャー・レイザー,https://www.billboard-japan.com/charts/detail?a=hot100&year=2016&month=01&day=11
2016,hot100,2016-01-06,67,ロマンスがありあまる,ゲスの極み乙女。,https://www.billboard-japan.com/charts/detail?a=hot100&year=2016&month=01&day=11
2016,hot100,2016-01-06,68,雪が降る町,ユニコーン,https://www.billboard-japan.com/charts/detail?a=hot100&year=2016&month=01&day=11
2016,hot100,2016-01-06,69,フレンズ,レベッカ,https://www.billboard-japan.com/charts/detail?a=hot100&year=2016&month=01&day=11
2016,hot100,2016-01-06,70,Girl A,[Alexandros],https://www.billboard-japan.com/charts/detail?a=hot100&year=2016&month=01&day=11
2016,hot100,2016-01-06,71,Burning Down,YUNHO from 東方神起,https://www.billboard-japan.com/charts/detail?a=hot100&year=2016&month=01&day=11
2016,hot100,2016-01-06,72,カラフル Eyes,Sexy Zone,https://www.billboard-japan.com/charts/detail?a=hot100&year=2016&month=01&day=11
2016,hot100,2016-01-06,73,いけないボーダーライン,ワルキューレ,https://www.billboard-japan.com/charts/detail?a=hot100&year=2016&month=01&day=11
2016,hot100,2016-01-06,74,オトナチック,ゲスの極み乙女。,https://www.billboard-japan.com/charts/detail?a=hot100&year=2016&month=01&day=11
2016,hot100,2016-01-06,75,Raise your flag,MAN WITH A MISSION,https://www.billboard-japan.com/charts/detail?a=hot100&year=2016&month=01&day=11
2016,hot100,2016-01-06,76,24karats GOLD SOUL,EXILE,https://www.billboard-japan.com/charts/detail?a=hot100&year=2016&month=01&day=11
2016,hot100,2016-01-06,77,恋するフォーチュンクッキー,AKB48,https://www.billboard-japan.com/charts/detail?a=hot100&year=2016&month=01&day=11
2016,hot100,2016-01-06,78,I NEED U,BTS (防弾少年団),https://www.billboard-japan.com/charts/detail?a=hot100&year=2016&month=01&day=11
2016,hot100,2016-01-06,79,女々しくて,ゴールデンボンバー,https://www.billboard-japan.com/charts/detail?a=hot100&year=2016&month=01&day=11
2016,hot100,2016-01-06,80,キャント・フィール・マイ・フェイス,ウィークエンド,https://www.billboard-japan.com/charts/detail?a=hot100&year=2016&month=01&day=11
2016,hot100,2016-01-06,81,Dragon Night,SEKAI NO OWARI,https://www.billboard-japan.com/charts/detail?a=hot100&year=2016&month=01&day=11
2016,hot100,2016-01-06,82,なんでやねんねん,浜田ばみゅばみゅ,https://www.billboard-japan.com/charts/detail?a=hot100&year=2016&month=01&day=11
2016,hot100,2016-01-06,83,Pick Me Up,Perfume,https://www.billboard-japan.com/charts/detail?a=hot100&year=2016&month=01&day=11
2016,hot100,2016-01-06,84,Into The Water,CHANGMIN from 東方神起,https://www.billboard-japan.com/charts/detail?a=hot100&year=2016&month=01&day=11
2016,hot100,2016-01-06,85,SHIKIBU feat.阿波の踊り子,レキシ,https://www.billboard-japan.com/charts/detail?a=hot100&year=2016&month=01&day=11
2016,hot100,2016-01-06,86,Love Me Right〜romantic universe〜,EXO,https://www.billboard-japan.com/charts/detail?a=hot100&year=2016&month=01&day=11
2016,hot100,2016-01-06,87,ヒロイン,back number,https://www.billboard-japan.com/charts/detail?a=hot100&year=2016&month=01&day=11
2016,hot100,2016-01-06,88,明日はきっといい日になる,Rihwa,https://www.billboard-japan.com/charts/detail?a=hot100&year=2016&month=01&day=11
2016,hot100,2016-01-06,89,フォーカス,アリアナ・グランデ,https://www.billboard-japan.com/charts/detail?a=hot100&year=2016&month=01&day=11
2016,hot100,2016-01-06,90,シュガー,マルーン5,https://www.billboard-japan.com/charts/detail?a=hot100&year=2016&month=01&day=11
2016,hot100,2016-01-06,91,THE HERO!!〜怒れる拳に火をつけろ〜,JAM Project,https://www.billboard-japan.com/charts/detail?a=hot100&year=2016&month=01&day=11
2016,hot100,2016-01-06,92,STAR TRAIN,Perfume,https://www.billboard-japan.com/charts/detail?a=hot100&year=2016&month=01&day=11
2016,hot100,2016-01-06,93,The Beginning,ONE OK ROCK,https://www.billboard-japan.com/charts/detail?a=hot100&year=2016&month=01&day=11
2016,hot100,2016-01-06,94,夜空。 feat.ハジ→,miwa,https://www.billboard-japan.com/charts/detail?a=hot100&year=2016&month=01&day=11
2016,hot100,2016-01-06,95,Born to be free,X JAPAN,https://www.billboard-japan.com/charts/detail?a=hot100&year=2016&month=01&day=11
2016,hot100,2016-01-06,96,Rising Sun,EXILE,https://www.billboard-japan.com/charts/detail?a=hot100&year=2016&month=01&day=11
2016,hot100,2016-01-06,97,愛をこめて花束を,Superfly,https://www.billboard-japan.com/charts/detail?a=hot100&year=2016&month=01&day=11
2016,hot100,2016-01-06,98,道,EXILE,https://www.billboard-japan.com/charts/detail?a=hot100&year=2016&month=01&day=11
2016,hot100,2016-01-06,99,花火,三代目 J Soul Brothers from EXILE TRIBE,https://www.billboard-japan.com/charts/detail?a=hot100&year=2016&month=01&day=11
2016,hot100,2016-01-06,100,O.R.I.O.N.,三代目 J Soul Brothers from EXILE TRIBE,https://www.billboard-japan.com/charts/detail?a=hot100&year=2016&month=01&day=11
2016,hot100,2016-01-13,1,BOYMEN NINJA,BOYS AND MEN,https://www.billboard-japan.com/charts/detail?a=hot100&year=2016&month=01&day=18
2016,hot100,2016-01-13,2,SUN,星野源,https://www.billboard-japan.com/charts/detail?a=hot100&year=2016&month=01&day=18
2016,hot100,2016-01-13,3,トリセツ,西野カナ,https://www.billboard-japan.com/charts/detail?a=hot100&year=2016&month=01&day=18
2016,hot100,2016-01-13,4,未来,コブクロ,https://www.billboard-japan.com/charts/detail?a=hot100&year=2016&month=01&day=18
2016,hot100,2016-01-13,5,Devil,SUPER JUNIOR,https://www.billboard-japan.com/charts/detail?a=hot100&year=2016&month=01&day=18
2016,hot100,2016-01-13,6,Ki・mi・ni・mu・chu,EXILE,https://www.billboard-japan.com/charts/detail?a=hot100&year=2016&month=01&day=18
2016,hot100,2016-01-13,7,R.Y.U.S.E.I.,三代目 J Soul Brothers from EXILE TRIBE,https://www.billboard-japan.com/charts/detail?a=hot100&year=2016&month=01&day=18
2016,hot100,2016-01-13,8,365日の紙飛行機,AKB48,https://www.billboard-japan.com/charts/detail?a=hot100&year=2016&month=01&day=18
2016,hot100,2016-01-13,9,Wherever you are,ONE OK ROCK,https://www.billboard-japan.com/charts/detail?a=hot100&year=2016&month=01&day=18
2016,hot100,2016-01-13,10,私以外私じゃないの,ゲスの極み乙女。,https://www.billboard-japan.com/charts/detail?a=hot100&year=2016&month=01&day=18
2016,hot100,2016-01-13,11,クリスマスソング,back number,https://www.billboard-japan.com/charts/detail?a=hot100&year=2016&month=01&day=18
2016,hot100,2016-01-13,12,黒い雫,Superfly,https://www.billboard-japan.com/charts/detail?a=hot100&year=2016&month=01&day=18
2016,hot100,2016-01-13,13,海の声,浦島太郎(桐谷健太),https://www.billboard-japan.com/charts/detail?a=hot100&year=2016&month=01&day=18
2016,hot100,2016-01-13,14,Beautiful,Superfly,https://www.billboard-japan.com/charts/detail?a=hot100&year=2016&month=01&day=18
2016,hot100,2016-01-13,15,今、話したい誰かがいる,乃木坂46,https://www.billboard-japan.com/charts/detail?a=hot100&year=2016&month=01&day=18
2016,hot100,2016-01-13,16,Summer Madness,三代目 J Soul Brothers from EXILE TRIBE,https://www.billboard-japan.com/charts/detail?a=hot100&year=2016&month=01&day=18
2016,hot100,2016-01-13,17,唇にBe My Baby,AKB48,https://www.billboard-japan.com/charts/detail?a=hot100&year=2016&month=01&day=18
2016,hot100,2016-01-13,18,No.1,西野カナ,https://www.billboard-japan.com/charts/detail?a=hot100&year=2016&month=01&day=18
2016,hot100,2016-01-13,19,AGEHA,GENERATIONS from EXILE TRIBE,https://www.billboard-japan.com/charts/detail?a=hot100&year=2016&month=01&day=18
2016,hot100,2016-01-13,20,長く短い祭,椎名林檎,https://www.billboard-japan.com/charts/detail?a=hot100&year=2016&month=01&day=18
2016,hot100,2016-01-13,21,時よ,星野源,https://www.billboard-japan.com/charts/detail?a=hot100&year=2016&month=01&day=18
2016,hot100,2016-01-13,22,Right Now,ASIAN KUNG-FU GENERATION,https://www.billboard-japan.com/charts/detail?a=hot100&year=2016&month=01&day=18
2016,hot100,2016-01-13,23,What You Want,JUJU,https://www.billboard-japan.com/charts/detail?a=hot100&year=2016&month=01&day=18
2016,hot100,2016-01-13,24,ひまわりの約束,秦基博,https://www.billboard-japan.com/charts/detail?a=hot100&year=2016&month=01&day=18
2016,hot100,2016-01-13,25,両成敗でいいじゃない,ゲスの極み乙女。,https://www.billboard-japan.com/charts/detail?a=hot100&year=2016&month=01&day=18
2016,hot100,2016-01-13,26,屋上のスキマ 白いソラ,Rev.from DVL,https://www.billboard-japan.com/charts/detail?a=hot100&year=2016&month=01&day=18
2016,hot100,2016-01-13,27,新宝島,サカナクション,https://www.billboard-japan.com/charts/detail?a=hot100&year=2016&month=01&day=18
2016,hot100,2016-01-13,28,ロマンスがありあまる,ゲスの極み乙女。,https://www.billboard-japan.com/charts/detail?a=hot100&year=2016&month=01&day=18
2016,hot100,2016-01-13,29,破!to the Future,でんぱ組.inc,https://www.billboard-japan.com/charts/detail?a=hot100&year=2016&month=01&day=18
2016,hot100,2016-01-13,30,ホワット・ドゥ・ユー・ミーン?,ジャスティン・ビーバー,https://www.billboard-japan.com/charts/detail?a=hot100&year=2016&month=01&day=18
2016,hot100,2016-01-13,31,Unfair World,三代目 J Soul Brothers from EXILE TRIBE,https://www.billboard-japan.com/charts/detail?a=hot100&year=2016&month=01&day=18
2016,hot100,2016-01-13,32,はなまるぴっぴはよいこだけ,A応P,https://www.billboard-japan.com/charts/detail?a=hot100&year=2016&month=01&day=18
2016,hot100,2016-01-13,33,あなたがここにいて抱きしめることができるなら,miwa,https://www.billboard-japan.com/charts/detail?a=hot100&year=2016&month=01&day=18
2016,hot100,2016-01-13,34,Week End,星野源,https://www.billboard-japan.com/charts/detail?a=hot100&year=2016&month=01&day=18
2016,hot100,2016-01-13,35,羽,稲葉浩志,https://www.billboard-japan.com/charts/detail?a=hot100&year=2016&month=01&day=18
2016,hot100,2016-01-13,36,SIX SAME FACES〜今夜は最高!!!!!!〜,イヤミ feat.おそ松×カラ松×チョロ松×一松×十四松×トド松(鈴村健一、櫻井孝宏、中村悠一、神谷浩史、福山潤、小野大輔、入野自由),https://www.billboard-japan.com/charts/detail?a=hot100&year=2016&month=01&day=18
2016,hot100,2016-01-13,37,オトナチック,ゲスの極み乙女。,https://www.billboard-japan.com/charts/detail?a=hot100&year=2016&month=01&day=18
2016,hot100,2016-01-13,38,ハロー,アデル,https://www.billboard-japan.com/charts/detail?a=hot100&year=2016&month=01&day=18
2016,hot100,2016-01-13,39,オルフェンズの涙,MISIA,https://www.billboard-japan.com/charts/detail?a=hot100&year=2016&month=01&day=18
2016,hot100,2016-01-13,40,Speaking,Mrs.GREEN APPLE,https://www.billboard-japan.com/charts/detail?a=hot100&year=2016&month=01&day=18
2016,hot100,2016-01-13,41,ごめんね東京,岩佐美咲,https://www.billboard-japan.com/charts/detail?a=hot100&year=2016&month=01&day=18
2016,hot100,2016-01-13,42,ソーリー,ジャスティン・ビーバー,https://www.billboard-japan.com/charts/detail?a=hot100&year=2016&month=01&day=18
2016,hot100,2016-01-13,43,Merry × Merry Xmas★,E-girls,https://www.billboard-japan.com/charts/detail?a=hot100&year=2016&month=01&day=18
2016,hot100,2016-01-13,44,キミを忘れないよ,大原櫻子,https://www.billboard-japan.com/charts/detail?a=hot100&year=2016&month=01&day=18
2016,hot100,2016-01-13,45,シー・ユー・アゲイン,ウィズ・カリファ feat.チャーリー・プース,https://www.billboard-japan.com/charts/detail?a=hot100&year=2016&month=01&day=18
2016,hot100,2016-01-13,46,刀剣乱舞,刀剣男士team三条 with 加州清光,https://www.billboard-japan.com/charts/detail?a=hot100&year=2016&month=01&day=18
2016,hot100,2016-01-13,47,走れ、走れ,ベイビーレイズJAPAN,https://www.billboard-japan.com/charts/detail?a=hot100&year=2016&month=01&day=18
2016,hot100,2016-01-13,48,シュガーソングとビターステップ,UNISON SQUARE GARDEN,https://www.billboard-japan.com/charts/detail?a=hot100&year=2016&month=01&day=18
2016,hot100,2016-01-13,49,好き,西野カナ,https://www.billboard-japan.com/charts/detail?a=hot100&year=2016&month=01&day=18
2016,hot100,2016-01-13,50,コップの中の木漏れ日,ラブ・クレッシェンド,https://www.billboard-japan.com/charts/detail?a=hot100&year=2016&month=01&day=18
2016,hot100,2016-01-13,51,ray,BUMP OF CHICKEN,https://www.billboard-japan.com/charts/detail?a=hot100&year=2016&month=01&day=18
2016,hot100,2016-01-13,52,恋音と雨空,AAA,https://www.billboard-japan.com/charts/detail?a=hot100&year=2016&month=01&day=18
2016,hot100,2016-01-13,53,もしも運命の人がいるのなら,西野カナ,https://www.billboard-japan.com/charts/detail?a=hot100&year=2016&month=01&day=18
2016,hot100,2016-01-13,54,いけないボーダーライン,ワルキューレ,https://www.billboard-japan.com/charts/detail?a=hot100&year=2016&month=01&day=18
2016,hot100,2016-01-13,55,ハピネス,AI,https://www.billboard-japan.com/charts/detail?a=hot100&year=2016&month=01&day=18
2016,hot100,2016-01-13,56,リーン・オン feat.ムー & DJスネーク,メジャー・レイザー,https://www.billboard-japan.com/charts/detail?a=hot100&year=2016&month=01&day=18
2016,hot100,2016-01-13,57,愛を叫べ,嵐,https://www.billboard-japan.com/charts/detail?a=hot100&year=2016&month=01&day=18
2016,hot100,2016-01-13,58,はじまり,BLUE ENCOUNT,https://www.billboard-japan.com/charts/detail?a=hot100&year=2016&month=01&day=18
2016,hot100,2016-01-13,59,何度でも,Crystal Kay,https://www.billboard-japan.com/charts/detail?a=hot100&year=2016&month=01&day=18
2016,hot100,2016-01-13,60,アドヴェンチャー・オブ・ア・ライフタイム,コールドプレイ,https://www.billboard-japan.com/charts/detail?a=hot100&year=2016&month=01&day=18
2016,hot100,2016-01-13,61,アップタウン・ファンク feat.ブルーノ・マーズ,マーク・ロンソン,https://www.billboard-japan.com/charts/detail?a=hot100&year=2016&month=01&day=18
2016,hot100,2016-01-13,62,STAY TUNE,Suchmos,https://www.billboard-japan.com/charts/detail?a=hot100&year=2016&month=01&day=18
2016,hot100,2016-01-13,63,ヒロイン,back number,https://www.billboard-japan.com/charts/detail?a=hot100&year=2016&month=01&day=18
2016,hot100,2016-01-13,64,Share The Love,THE Sharehappi from 三代目 J Soul Brothers from EXILE TRIBE,https://www.billboard-japan.com/charts/detail?a=hot100&year=2016&month=01&day=18
2016,hot100,2016-01-13,65,シェイク・イット・オフ〜気にしてなんかいられないっ!!,テイラー・スウィフト,https://www.billboard-japan.com/charts/detail?a=hot100&year=2016&month=01&day=18
2016,hot100,2016-01-13,66,アイ・リアリー・ライク・ユー,カーリー・レイ・ジェプセン,https://www.billboard-japan.com/charts/detail?a=hot100&year=2016&month=01&day=18
2016,hot100,2016-01-13,67,明日はきっといい日になる,Rihwa,https://www.billboard-japan.com/charts/detail?a=hot100&year=2016&month=01&day=18
2016,hot100,2016-01-13,68,千本桜,WhiteFlame feat.初音ミク,https://www.billboard-japan.com/charts/detail?a=hot100&year=2016&month=01&day=18
2016,hot100,2016-01-13,69,瞳の奥の銀河(ミルキーウェイ),Flower,https://www.billboard-japan.com/charts/detail?a=hot100&year=2016&month=01&day=18
2016,hot100,2016-01-13,70,君がくれた夏,家入レオ,https://www.billboard-japan.com/charts/detail?a=hot100&year=2016&month=01&day=18
2016,hot100,2016-01-13,71,YAMABIKO,NakamuraEmi,https://www.billboard-japan.com/charts/detail?a=hot100&year=2016&month=01&day=18
2016,hot100,2016-01-13,72,Girl A,[Alexandros],https://www.billboard-japan.com/charts/detail?a=hot100&year=2016&month=01&day=18
2016,hot100,2016-01-13,73,ハイアー・プレイス,ディミトリ・ヴェガス & ライク・マイク feat.Ne-Yo(ニーヨ),https://www.billboard-japan.com/charts/detail?a=hot100&year=2016&month=01&day=18
2016,hot100,2016-01-13,74,sub/objective,ぼくのりりっくのぼうよみ,https://www.billboard-japan.com/charts/detail?a=hot100&year=2016&month=01&day=18
2016,hot100,2016-01-13,75,Birthdays,花岡なつみ,https://www.billboard-japan.com/charts/detail?a=hot100&year=2016&month=01&day=18
2016,hot100,2016-01-13,76,フォーカス,アリアナ・グランデ,https://www.billboard-japan.com/charts/detail?a=hot100&year=2016&month=01&day=18
2016,hot100,2016-01-13,77,Raise your flag,MAN WITH A MISSION,https://www.billboard-japan.com/charts/detail?a=hot100&year=2016&month=01&day=18
2016,hot100,2016-01-13,78,Dance Dance Dance,E-girls,https://www.billboard-japan.com/charts/detail?a=hot100&year=2016&month=01&day=18
2016,hot100,2016-01-13,79,Summer Magic,MION,https://www.billboard-japan.com/charts/detail?a=hot100&year=2016&month=01&day=18
2016,hot100,2016-01-13,80,家族になろうよ,福山雅治,https://www.billboard-japan.com/charts/detail?a=hot100&year=2016&month=01&day=18
2016,hot100,2016-01-13,81,糸,中島みゆき,https://www.billboard-japan.com/charts/detail?a=hot100&year=2016&month=01&day=18
2016,hot100,2016-01-13,82,愛してるのに、愛せない,AAA,https://www.billboard-japan.com/charts/detail?a=hot100&year=2016&month=01&day=18
2016,hot100,2016-01-13,83,SHIKIBU feat.阿波の踊り子,レキシ,https://www.billboard-japan.com/charts/detail?a=hot100&year=2016&month=01&day=18
2016,hot100,2016-01-13,84,シュガー,マルーン5,https://www.billboard-japan.com/charts/detail?a=hot100&year=2016&month=01&day=18
2016,hot100,2016-01-13,85,愛をこめて花束を,Superfly,https://www.billboard-japan.com/charts/detail?a=hot100&year=2016&month=01&day=18
2016,hot100,2016-01-13,86,君とゲレンデ,SHISHAMO,https://www.billboard-japan.com/charts/detail?a=hot100&year=2016&month=01&day=18
2016,hot100,2016-01-13,87,ヘビーローテーション,AKB48,https://www.billboard-japan.com/charts/detail?a=hot100&year=2016&month=01&day=18
2016,hot100,2016-01-13,88,The Beginning,ONE OK ROCK,https://www.billboard-japan.com/charts/detail?a=hot100&year=2016&month=01&day=18
2016,hot100,2016-01-13,89,冷たい風と片思い,モーニング娘。'15,https://www.billboard-japan.com/charts/detail?a=hot100&year=2016&month=01&day=18
2016,hot100,2016-01-13,90,恋するフォーチュンクッキー,AKB48,https://www.billboard-japan.com/charts/detail?a=hot100&year=2016&month=01&day=18
2016,hot100,2016-01-13,91,24karats GOLD SOUL,EXILE,https://www.billboard-japan.com/charts/detail?a=hot100&year=2016&month=01&day=18
2016,hot100,2016-01-13,92,ヒカリノシズク,NEWS,https://www.billboard-japan.com/charts/detail?a=hot100&year=2016&month=01&day=18
2016,hot100,2016-01-13,93,Darling,西野カナ,https://www.billboard-japan.com/charts/detail?a=hot100&year=2016&month=01&day=18
2016,hot100,2016-01-13,94,FUTURE LOVER-未来恋人-,加藤ミリヤ,https://www.billboard-japan.com/charts/detail?a=hot100&year=2016&month=01&day=18
2016,hot100,2016-01-13,95,花火,三代目 J Soul Brothers from EXILE TRIBE,https://www.billboard-japan.com/charts/detail?a=hot100&year=2016&month=01&day=18
2016,hot100,2016-01-13,96,Butterfly Butterfly,MISIA,https://www.billboard-japan.com/charts/detail?a=hot100&year=2016&month=01&day=18
2016,hot100,2016-01-13,97,アイリスライト,SKY-HI,https://www.billboard-japan.com/charts/detail?a=hot100&year=2016&month=01&day=18
2016,hot100,2016-01-13,98,ワース・イット feat.キッド・インク,フィフス・ハーモニー,https://www.billboard-japan.com/charts/detail?a=hot100&year=2016&month=01&day=18
2016,hot100,2016-01-13,99,DANCE WITH ME NOW!,E-girls,https://www.billboard-japan.com/charts/detail?a=hot100&year=2016&month=01&day=18
2016,hot100,2016-01-13,100,キャント・フィール・マイ・フェイス,ウィークエンド,https://www.billboard-japan.com/charts/detail?a=hot100&year=2016&month=01&day=18
2016,hot100,2016-01-20,1,羽,稲葉浩志,https://www.billboard-japan.com/charts/detail?a=hot100&year=2016&month=01&day=25
2016,hot100,2016-01-20,2,世界に一つだけの花,SMAP,https://www.billboard-japan.com/charts/detail?a=hot100&year=2016&month=01&day=25
2016,hot100,2016-01-20,3,SUN,星野源,https://www.billboard-japan.com/charts/detail?a=hot100&year=2016&month=01&day=25
2016,hot100,2016-01-20,4,Wherever you are,ONE OK ROCK,https://www.billboard-japan.com/charts/detail?a=hot100&year=2016&month=01&day=25
2016,hot100,2016-01-20,5,トリセツ,西野カナ,https://www.billboard-japan.com/charts/detail?a=hot100&year=2016&month=01&day=25
2016,hot100,2016-01-20,6,未来,コブクロ,https://www.billboard-japan.com/charts/detail?a=hot100&year=2016&month=01&day=25
2016,hot100,2016-01-20,7,はじまり,BLUE ENCOUNT,https://www.billboard-japan.com/charts/detail?a=hot100&year=2016&month=01&day=25
2016,hot100,2016-01-20,8,Ki・mi・ni・mu・chu,EXILE,https://www.billboard-japan.com/charts/detail?a=hot100&year=2016&month=01&day=25
2016,hot100,2016-01-20,9,私以外私じゃないの,ゲスの極み乙女。,https://www.billboard-japan.com/charts/detail?a=hot100&year=2016&month=01&day=25
2016,hot100,2016-01-20,10,両成敗でいいじゃない,ゲスの極み乙女。,https://www.billboard-japan.com/charts/detail?a=hot100&year=2016&month=01&day=25
2016,hot100,2016-01-20,11,海の声,浦島太郎(桐谷健太),https://www.billboard-japan.com/charts/detail?a=hot100&year=2016&month=01&day=25
2016,hot100,2016-01-20,12,R.Y.U.S.E.I.,三代目 J Soul Brothers from EXILE TRIBE,https://www.billboard-japan.com/charts/detail?a=hot100&year=2016&month=01&day=25
2016,hot100,2016-01-20,13,アイリスライト,SKY-HI,https://www.billboard-japan.com/charts/detail?a=hot100&year=2016&month=01&day=25
2016,hot100,2016-01-20,14,365日の紙飛行機,AKB48,https://www.billboard-japan.com/charts/detail?a=hot100&year=2016&month=01&day=25
2016,hot100,2016-01-20,15,ハイアー・プレイス,ディミトリ・ヴェガス & ライク・マイク feat.Ne-Yo(ニーヨ),https://www.billboard-japan.com/charts/detail?a=hot100&year=2016&month=01&day=25
2016,hot100,2016-01-20,16,ヒロイン,back number,https://www.billboard-japan.com/charts/detail?a=hot100&year=2016&month=01&day=25
2016,hot100,2016-01-20,17,Birthdays,花岡なつみ,https://www.billboard-japan.com/charts/detail?a=hot100&year=2016&month=01&day=25
2016,hot100,2016-01-20,18,黒い雫,Superfly,https://www.billboard-japan.com/charts/detail?a=hot100&year=2016&month=01&day=25
2016,hot100,2016-01-20,19,クリスマスソング,back number,https://www.billboard-japan.com/charts/detail?a=hot100&year=2016&month=01&day=25
2016,hot100,2016-01-20,20,Speaking,Mrs.GREEN APPLE,https://www.billboard-japan.com/charts/detail?a=hot100&year=2016&month=01&day=25
2016,hot100,2016-01-20,21,ロマンスがありあまる,ゲスの極み乙女。,https://www.billboard-japan.com/charts/detail?a=hot100&year=2016&month=01&day=25
2016,hot100,2016-01-20,22,時よ,星野源,https://www.billboard-japan.com/charts/detail?a=hot100&year=2016&month=01&day=25
2016,hot100,2016-01-20,23,No.1,西野カナ,https://www.billboard-japan.com/charts/detail?a=hot100&year=2016&month=01&day=25
2016,hot100,2016-01-20,24,ひまわりの約束,秦基博,https://www.billboard-japan.com/charts/detail?a=hot100&year=2016&month=01&day=25
2016,hot100,2016-01-20,25,もしも運命の人がいるのなら,西野カナ,https://www.billboard-japan.com/charts/detail?a=hot100&year=2016&month=01&day=25
2016,hot100,2016-01-20,26,Summer Madness,三代目 J Soul Brothers from EXILE TRIBE,https://www.billboard-japan.com/charts/detail?a=hot100&year=2016&month=01&day=25
2016,hot100,2016-01-20,27,KISS! KISS! KISS!,飯田里穂,https://www.billboard-japan.com/charts/detail?a=hot100&year=2016&month=01&day=25
2016,hot100,2016-01-20,28,Beautiful,Superfly,https://www.billboard-japan.com/charts/detail?a=hot100&year=2016&month=01&day=25
2016,hot100,2016-01-20,29,What You Want,JUJU,https://www.billboard-japan.com/charts/detail?a=hot100&year=2016&month=01&day=25
2016,hot100,2016-01-20,30,FUTURE LOVER-未来恋人-,加藤ミリヤ,https://www.billboard-japan.com/charts/detail?a=hot100&year=2016&month=01&day=25
2016,hot100,2016-01-20,31,この涙を知らない,片平里菜,https://www.billboard-japan.com/charts/detail?a=hot100&year=2016&month=01&day=25
2016,hot100,2016-01-20,32,ホワット・ドゥ・ユー・ミーン?,ジャスティン・ビーバー,https://www.billboard-japan.com/charts/detail?a=hot100&year=2016&month=01&day=25
2016,hot100,2016-01-20,33,はなまるぴっぴはよいこだけ,A応P,https://www.billboard-japan.com/charts/detail?a=hot100&year=2016&month=01&day=25
2016,hot100,2016-01-20,34,あなたがここにいて抱きしめることができるなら,miwa,https://www.billboard-japan.com/charts/detail?a=hot100&year=2016&month=01&day=25
2016,hot100,2016-01-20,35,唇にBe My Baby,AKB48,https://www.billboard-japan.com/charts/detail?a=hot100&year=2016&month=01&day=25
2016,hot100,2016-01-20,36,Right Now,ASIAN KUNG-FU GENERATION,https://www.billboard-japan.com/charts/detail?a=hot100&year=2016&month=01&day=25
2016,hot100,2016-01-20,37,ソーリー,ジャスティン・ビーバー,https://www.billboard-japan.com/charts/detail?a=hot100&year=2016&month=01&day=25
2016,hot100,2016-01-20,38,新宝島,サカナクション,https://www.billboard-japan.com/charts/detail?a=hot100&year=2016&month=01&day=25
2016,hot100,2016-01-20,39,YAMABIKO,NakamuraEmi,https://www.billboard-japan.com/charts/detail?a=hot100&year=2016&month=01&day=25
2016,hot100,2016-01-20,40,オトナチック,ゲスの極み乙女。,https://www.billboard-japan.com/charts/detail?a=hot100&year=2016&month=01&day=25
2016,hot100,2016-01-20,41,キミを忘れないよ,大原櫻子,https://www.billboard-japan.com/charts/detail?a=hot100&year=2016&month=01&day=25
2016,hot100,2016-01-20,42,かける,ゆず,https://www.billboard-japan.com/charts/detail?a=hot100&year=2016&month=01&day=25
2016,hot100,2016-01-20,43,TOWA,ゆず,https://www.billboard-japan.com/charts/detail?a=hot100&year=2016&month=01&day=25
2016,hot100,2016-01-20,44,刀剣乱舞,刀剣男士team三条 with 加州清光,https://www.billboard-japan.com/charts/detail?a=hot100&year=2016&month=01&day=25
2016,hot100,2016-01-20,45,STAY TUNE,Suchmos,https://www.billboard-japan.com/charts/detail?a=hot100&year=2016&month=01&day=25
2016,hot100,2016-01-20,46,ハロー,アデル,https://www.billboard-japan.com/charts/detail?a=hot100&year=2016&month=01&day=25
2016,hot100,2016-01-20,47,SIX SAME FACES〜今夜は最高!!!!!!〜,イヤミ feat.おそ松×カラ松×チョロ松×一松×十四松×トド松(鈴村健一、櫻井孝宏、中村悠一、神谷浩史、福山潤、小野大輔、入野自由),https://www.billboard-japan.com/charts/detail?a=hot100&year=2016&month=01&day=25
2016,hot100,2016-01-20,48,長く短い祭,椎名林檎,https://www.billboard-japan.com/charts/detail?a=hot100&year=2016&month=01&day=25
2016,hot100,2016-01-20,49,Unfair World,三代目 J Soul Brothers from EXILE TRIBE,https://www.billboard-japan.com/charts/detail?a=hot100&year=2016&month=01&day=25
2016,hot100,2016-01-20,50,シュガーソングとビターステップ,UNISON SQUARE GARDEN,https://www.billboard-japan.com/charts/detail?a=hot100&year=2016&month=01&day=25
2016,hot100,2016-01-20,51,道,EXILE,https://www.billboard-japan.com/charts/detail?a=hot100&year=2016&month=01&day=25
2016,hot100,2016-01-20,52,シー・ユー・アゲイン,ウィズ・カリファ feat.チャーリー・プース,https://www.billboard-japan.com/charts/detail?a=hot100&year=2016&month=01&day=25
2016,hot100,2016-01-20,53,レッツ・ダンス,デヴィッド・ボウイ,https://www.billboard-japan.com/charts/detail?a=hot100&year=2016&month=01&day=25
2016,hot100,2016-01-20,54,ワース・イット feat.キッド・インク,フィフス・ハーモニー,https://www.billboard-japan.com/charts/detail?a=hot100&year=2016&month=01&day=25
2016,hot100,2016-01-20,55,★,デヴィッド・ボウイ,https://www.billboard-japan.com/charts/detail?a=hot100&year=2016&month=01&day=25
2016,hot100,2016-01-20,56,未来へ,ナオト・インティライミ,https://www.billboard-japan.com/charts/detail?a=hot100&year=2016&month=01&day=25
2016,hot100,2016-01-20,57,ハピネス,AI,https://www.billboard-japan.com/charts/detail?a=hot100&year=2016&month=01&day=25
2016,hot100,2016-01-20,58,スターマン,デヴィッド・ボウイ,https://www.billboard-japan.com/charts/detail?a=hot100&year=2016&month=01&day=25
2016,hot100,2016-01-20,59,真夜中の虹,スガシカオ,https://www.billboard-japan.com/charts/detail?a=hot100&year=2016&month=01&day=25
2016,hot100,2016-01-20,60,オルフェンズの涙,MISIA,https://www.billboard-japan.com/charts/detail?a=hot100&year=2016&month=01&day=25
2016,hot100,2016-01-20,61,恋音と雨空,AAA,https://www.billboard-japan.com/charts/detail?a=hot100&year=2016&month=01&day=25
2016,hot100,2016-01-20,62,Week End,星野源,https://www.billboard-japan.com/charts/detail?a=hot100&year=2016&month=01&day=25
2016,hot100,2016-01-20,63,コップの中の木漏れ日,ラブ・クレッシェンド,https://www.billboard-japan.com/charts/detail?a=hot100&year=2016&month=01&day=25
2016,hot100,2016-01-20,64,好き,西野カナ,https://www.billboard-japan.com/charts/detail?a=hot100&year=2016&month=01&day=25
2016,hot100,2016-01-20,65,Butterfly Butterfly,MISIA,https://www.billboard-japan.com/charts/detail?a=hot100&year=2016&month=01&day=25
2016,hot100,2016-01-20,66,花火,三代目 J Soul Brothers from EXILE TRIBE,https://www.billboard-japan.com/charts/detail?a=hot100&year=2016&month=01&day=25
2016,hot100,2016-01-20,67,Share The Love,THE Sharehappi from 三代目 J Soul Brothers from EXILE TRIBE,https://www.billboard-japan.com/charts/detail?a=hot100&year=2016&month=01&day=25
2016,hot100,2016-01-20,68,今、話したい誰かがいる,乃木坂46,https://www.billboard-japan.com/charts/detail?a=hot100&year=2016&month=01&day=25
2016,hot100,2016-01-20,69,ヒカリノシズク,NEWS,https://www.billboard-japan.com/charts/detail?a=hot100&year=2016&month=01&day=25
2016,hot100,2016-01-20,70,千本桜,WhiteFlame feat.初音ミク,https://www.billboard-japan.com/charts/detail?a=hot100&year=2016&month=01&day=25
2016,hot100,2016-01-20,71,Follow Me,E-girls,https://www.billboard-japan.com/charts/detail?a=hot100&year=2016&month=01&day=25
2016,hot100,2016-01-20,72,The Beginning,ONE OK ROCK,https://www.billboard-japan.com/charts/detail?a=hot100&year=2016&month=01&day=25
2016,hot100,2016-01-20,73,愛してるのに、愛せない,AAA,https://www.billboard-japan.com/charts/detail?a=hot100&year=2016&month=01&day=25
2016,hot100,2016-01-20,74,冷たい風と片思い,モーニング娘。'15,https://www.billboard-japan.com/charts/detail?a=hot100&year=2016&month=01&day=25
2016,hot100,2016-01-20,75,ジギー・スターダスト,デヴィッド・ボウイ,https://www.billboard-japan.com/charts/detail?a=hot100&year=2016&month=01&day=25
2016,hot100,2016-01-20,76,瞳の奥の銀河(ミルキーウェイ),Flower,https://www.billboard-japan.com/charts/detail?a=hot100&year=2016&month=01&day=25
2016,hot100,2016-01-20,77,セイノワ,怒髪天,https://www.billboard-japan.com/charts/detail?a=hot100&year=2016&month=01&day=25
2016,hot100,2016-01-20,78,シェイク・イット・オフ〜気にしてなんかいられないっ!!,テイラー・スウィフト,https://www.billboard-japan.com/charts/detail?a=hot100&year=2016&month=01&day=25
2016,hot100,2016-01-20,79,Otherside,SMAP,https://www.billboard-japan.com/charts/detail?a=hot100&year=2016&month=01&day=25
2016,hot100,2016-01-20,80,AGEHA,GENERATIONS from EXILE TRIBE,https://www.billboard-japan.com/charts/detail?a=hot100&year=2016&month=01&day=25
2016,hot100,2016-01-20,81,リーン・オン feat.ムー & DJスネーク,メジャー・レイザー,https://www.billboard-japan.com/charts/detail?a=hot100&year=2016&month=01&day=25
2016,hot100,2016-01-20,82,Raise your flag,MAN WITH A MISSION,https://www.billboard-japan.com/charts/detail?a=hot100&year=2016&month=01&day=25
2016,hot100,2016-01-20,83,アドヴェンチャー・オブ・ア・ライフタイム,コールドプレイ,https://www.billboard-japan.com/charts/detail?a=hot100&year=2016&month=01&day=25
2016,hot100,2016-01-20,84,君がくれた夏,家入レオ,https://www.billboard-japan.com/charts/detail?a=hot100&year=2016&month=01&day=25
2016,hot100,2016-01-20,85,Merry × Merry Xmas★,E-girls,https://www.billboard-japan.com/charts/detail?a=hot100&year=2016&month=01&day=25
2016,hot100,2016-01-20,86,花束,back number,https://www.billboard-japan.com/charts/detail?a=hot100&year=2016&month=01&day=25
2016,hot100,2016-01-20,87,恋するフォーチュンクッキー,AKB48,https://www.billboard-japan.com/charts/detail?a=hot100&year=2016&month=01&day=25
2016,hot100,2016-01-20,88,Dance Dance Dance,E-girls,https://www.billboard-japan.com/charts/detail?a=hot100&year=2016&month=01&day=25
2016,hot100,2016-01-20,89,ラザルス,デヴィッド・ボウイ,https://www.billboard-japan.com/charts/detail?a=hot100&year=2016&month=01&day=25
2016,hot100,2016-01-20,90,愛を叫べ,嵐,https://www.billboard-japan.com/charts/detail?a=hot100&year=2016&month=01&day=25
2016,hot100,2016-01-20,91,Devil,SUPER JUNIOR,https://www.billboard-japan.com/charts/detail?a=hot100&year=2016&month=01&day=25
2016,hot100,2016-01-20,92,奏(かなで),スキマスイッチ,https://www.billboard-japan.com/charts/detail?a=hot100&year=2016&month=01&day=25
2016,hot100,2016-01-20,93,時計仕掛けの人生,チャラン・ポ・ランタン,https://www.billboard-japan.com/charts/detail?a=hot100&year=2016&month=01&day=25
2016,hot100,2016-01-20,94,愛をこめて花束を,Superfly,https://www.billboard-japan.com/charts/detail?a=hot100&year=2016&month=01&day=25
2016,hot100,2016-01-20,95,Darling,西野カナ,https://www.billboard-japan.com/charts/detail?a=hot100&year=2016&month=01&day=25
2016,hot100,2016-01-20,96,小さな恋が、終わった,Little Glee Monster,https://www.billboard-japan.com/charts/detail?a=hot100&year=2016&month=01&day=25
2016,hot100,2016-01-20,97,夜空。 feat.ハジ→,miwa,https://www.billboard-japan.com/charts/detail?a=hot100&year=2016&month=01&day=25
2016,hot100,2016-01-20,98,ray,BUMP OF CHICKEN,https://www.billboard-japan.com/charts/detail?a=hot100&year=2016&month=01&day=25
2016,hot100,2016-01-20,99,スペース・オディティ,デヴィッド・ボウイ,https://www.billboard-japan.com/charts/detail?a=hot100&year=2016&month=01&day=25
2016,hot100,2016-01-20,100,フォーカス,アリアナ・グランデ,https://www.billboard-japan.com/charts/detail?a=hot100&year=2016&month=01&day=25
2016,hot100,2016-01-27,1,ヒカリノシズク,NEWS,https://www.billboard-japan.com/charts/detail?a=hot100&year=2016&month=02&day=01
2016,hot100,2016-01-27,2,世界に一つだけの花,SMAP,https://www.billboard-japan.com/charts/detail?a=hot100&year=2016&month=02&day=01
2016,hot100,2016-01-27,3,錯覚CROSSROADS,"BiBi〜絢瀬絵里(南條愛乃),西木野真姫(Pile),矢澤にこ(徳井青空)from μ's〜",https://www.billboard-japan.com/charts/detail?a=hot100&year=2016&month=02&day=01
2016,hot100,2016-01-27,4,みんながみんな英雄,AI,https://www.billboard-japan.com/charts/detail?a=hot100&year=2016&month=02&day=01
2016,hot100,2016-01-27,5,SUN,星野源,https://www.billboard-japan.com/charts/detail?a=hot100&year=2016&month=02&day=01
2016,hot100,2016-01-27,6,Wherever you are,ONE OK ROCK,https://www.billboard-japan.com/charts/detail?a=hot100&year=2016&month=02&day=01
2016,hot100,2016-01-27,7,海の声,浦島太郎(桐谷健太),https://www.billboard-japan.com/charts/detail?a=hot100&year=2016&month=02&day=01
2016,hot100,2016-01-27,8,トリセツ,西野カナ,https://www.billboard-japan.com/charts/detail?a=hot100&year=2016&month=02&day=01
2016,hot100,2016-01-27,9,羽,稲葉浩志,https://www.billboard-japan.com/charts/detail?a=hot100&year=2016&month=02&day=01
2016,hot100,2016-01-27,10,舞いジェネ!,夢みるアドレセンス,https://www.billboard-japan.com/charts/detail?a=hot100&year=2016&month=02&day=01
2016,hot100,2016-01-27,11,未来,コブクロ,https://www.billboard-japan.com/charts/detail?a=hot100&year=2016&month=02&day=01
2016,hot100,2016-01-27,12,両成敗でいいじゃない,ゲスの極み乙女。,https://www.billboard-japan.com/charts/detail?a=hot100&year=2016&month=02&day=01
2016,hot100,2016-01-27,13,AGEHA,GENERATIONS from EXILE TRIBE,https://www.billboard-japan.com/charts/detail?a=hot100&year=2016&month=02&day=01
2016,hot100,2016-01-27,14,Ki・mi・ni・mu・chu,EXILE,https://www.billboard-japan.com/charts/detail?a=hot100&year=2016&month=02&day=01
2016,hot100,2016-01-27,15,ヒロイン,back number,https://www.billboard-japan.com/charts/detail?a=hot100&year=2016&month=02&day=01
2016,hot100,2016-01-27,16,YAMABIKO,NakamuraEmi,https://www.billboard-japan.com/charts/detail?a=hot100&year=2016&month=02&day=01
2016,hot100,2016-01-27,17,私以外私じゃないの,ゲスの極み乙女。,https://www.billboard-japan.com/charts/detail?a=hot100&year=2016&month=02&day=01
2016,hot100,2016-01-27,18,R.Y.U.S.E.I.,三代目 J Soul Brothers from EXILE TRIBE,https://www.billboard-japan.com/charts/detail?a=hot100&year=2016&month=02&day=01
2016,hot100,2016-01-27,19,ベストフレンド,ソナーポケット,https://www.billboard-japan.com/charts/detail?a=hot100&year=2016&month=02&day=01
2016,hot100,2016-01-27,20,ランアンドラン,KANA-BOON,https://www.billboard-japan.com/charts/detail?a=hot100&year=2016&month=02&day=01
2016,hot100,2016-01-27,21,真夜中の虹,スガシカオ,https://www.billboard-japan.com/charts/detail?a=hot100&year=2016&month=02&day=01
2016,hot100,2016-01-27,22,はじまり,BLUE ENCOUNT,https://www.billboard-japan.com/charts/detail?a=hot100&year=2016&month=02&day=01
2016,hot100,2016-01-27,23,365日の紙飛行機,AKB48,https://www.billboard-japan.com/charts/detail?a=hot100&year=2016&month=02&day=01
2016,hot100,2016-01-27,24,Sexy Young Beautiful,Happiness,https://www.billboard-japan.com/charts/detail?a=hot100&year=2016&month=02&day=01
2016,hot100,2016-01-27,25,時よ,星野源,https://www.billboard-japan.com/charts/detail?a=hot100&year=2016&month=02&day=01
2016,hot100,2016-01-27,26,クリスマスソング,back number,https://www.billboard-japan.com/charts/detail?a=hot100&year=2016&month=02&day=01
2016,hot100,2016-01-27,27,ロマンスがありあまる,ゲスの極み乙女。,https://www.billboard-japan.com/charts/detail?a=hot100&year=2016&month=02&day=01
2016,hot100,2016-01-27,28,ひまわりの約束,秦基博,https://www.billboard-japan.com/charts/detail?a=hot100&year=2016&month=02&day=01
2016,hot100,2016-01-27,29,ワース・イット feat.キッド・インク,フィフス・ハーモニー,https://www.billboard-japan.com/charts/detail?a=hot100&year=2016&month=02&day=01
2016,hot100,2016-01-27,30,明日への手紙,手嶌葵,https://www.billboard-japan.com/charts/detail?a=hot100&year=2016&month=02&day=01
2016,hot100,2016-01-27,31,Speaking,Mrs.GREEN APPLE,https://www.billboard-japan.com/charts/detail?a=hot100&year=2016&month=02&day=01
2016,hot100,2016-01-27,32,ソーリー,ジャスティン・ビーバー,https://www.billboard-japan.com/charts/detail?a=hot100&year=2016&month=02&day=01
2016,hot100,2016-01-27,33,No.1,西野カナ,https://www.billboard-japan.com/charts/detail?a=hot100&year=2016&month=02&day=01
2016,hot100,2016-01-27,34,黒い雫,Superfly,https://www.billboard-japan.com/charts/detail?a=hot100&year=2016&month=02&day=01
2016,hot100,2016-01-27,35,Summer Madness,三代目 J Soul Brothers from EXILE TRIBE,https://www.billboard-japan.com/charts/detail?a=hot100&year=2016&month=02&day=01
2016,hot100,2016-01-27,36,恋音と雨空,AAA,https://www.billboard-japan.com/charts/detail?a=hot100&year=2016&month=02&day=01
2016,hot100,2016-01-27,37,新宝島,サカナクション,https://www.billboard-japan.com/charts/detail?a=hot100&year=2016&month=02&day=01
2016,hot100,2016-01-27,38,Beautiful,Superfly,https://www.billboard-japan.com/charts/detail?a=hot100&year=2016&month=02&day=01
2016,hot100,2016-01-27,39,あなたがここにいて抱きしめることができるなら,miwa,https://www.billboard-japan.com/charts/detail?a=hot100&year=2016&month=02&day=01
2016,hot100,2016-01-27,40,Touch,NEWS,https://www.billboard-japan.com/charts/detail?a=hot100&year=2016&month=02&day=01
2016,hot100,2016-01-27,41,はなまるぴっぴはよいこだけ,A応P,https://www.billboard-japan.com/charts/detail?a=hot100&year=2016&month=02&day=01
2016,hot100,2016-01-27,42,ホワット・ドゥ・ユー・ミーン?,ジャスティン・ビーバー,https://www.billboard-japan.com/charts/detail?a=hot100&year=2016&month=02&day=01
2016,hot100,2016-01-27,43,唇にBe My Baby,AKB48,https://www.billboard-japan.com/charts/detail?a=hot100&year=2016&month=02&day=01
2016,hot100,2016-01-27,44,ハイアー・プレイス,ディミトリ・ヴェガス & ライク・マイク feat.Ne-Yo(ニーヨ),https://www.billboard-japan.com/charts/detail?a=hot100&year=2016&month=02&day=01
2016,hot100,2016-01-27,45,STAY TUNE,Suchmos,https://www.billboard-japan.com/charts/detail?a=hot100&year=2016&month=02&day=01
2016,hot100,2016-01-27,46,What You Want,JUJU,https://www.billboard-japan.com/charts/detail?a=hot100&year=2016&month=02&day=01
2016,hot100,2016-01-27,47,ワイルド・サイドを行け,GLIM SPANKY,https://www.billboard-japan.com/charts/detail?a=hot100&year=2016&month=02&day=01
2016,hot100,2016-01-27,48,この涙を知らない,片平里菜,https://www.billboard-japan.com/charts/detail?a=hot100&year=2016&month=02&day=01
2016,hot100,2016-01-27,49,ハピネス,AI,https://www.billboard-japan.com/charts/detail?a=hot100&year=2016&month=02&day=01
2016,hot100,2016-01-27,50,もしも運命の人がいるのなら,西野カナ,https://www.billboard-japan.com/charts/detail?a=hot100&year=2016&month=02&day=01
2016,hot100,2016-01-27,51,overdrive,CANDY GO!GO!,https://www.billboard-japan.com/charts/detail?a=hot100&year=2016&month=02&day=01
2016,hot100,2016-01-27,52,華麗なる逆襲,SMAP,https://www.billboard-japan.com/charts/detail?a=hot100&year=2016&month=02&day=01
2016,hot100,2016-01-27,53,今、話したい誰かがいる,乃木坂46,https://www.billboard-japan.com/charts/detail?a=hot100&year=2016&month=02&day=01
2016,hot100,2016-01-27,54,Steppin' out,FLOW,https://www.billboard-japan.com/charts/detail?a=hot100&year=2016&month=02&day=01
2016,hot100,2016-01-27,55,恋するフォーチュンクッキー,AKB48,https://www.billboard-japan.com/charts/detail?a=hot100&year=2016&month=02&day=01
2016,hot100,2016-01-27,56,花火,三代目 J Soul Brothers from EXILE TRIBE,https://www.billboard-japan.com/charts/detail?a=hot100&year=2016&month=02&day=01
2016,hot100,2016-01-27,57,シー・ユー・アゲイン,ウィズ・カリファ feat.チャーリー・プース,https://www.billboard-japan.com/charts/detail?a=hot100&year=2016&month=02&day=01
2016,hot100,2016-01-27,58,千本桜,WhiteFlame feat.初音ミク,https://www.billboard-japan.com/charts/detail?a=hot100&year=2016&month=02&day=01
2016,hot100,2016-01-27,59,アイリスライト,SKY-HI,https://www.billboard-japan.com/charts/detail?a=hot100&year=2016&month=02&day=01
2016,hot100,2016-01-27,60,ハロー,アデル,https://www.billboard-japan.com/charts/detail?a=hot100&year=2016&month=02&day=01
2016,hot100,2016-01-27,61,Follow Me,E-girls,https://www.billboard-japan.com/charts/detail?a=hot100&year=2016&month=02&day=01
2016,hot100,2016-01-27,62,Hello To The World,家入レオ,https://www.billboard-japan.com/charts/detail?a=hot100&year=2016&month=02&day=01
2016,hot100,2016-01-27,63,愛してるのに、愛せない,AAA,https://www.billboard-japan.com/charts/detail?a=hot100&year=2016&month=02&day=01
2016,hot100,2016-01-27,64,かける,ゆず,https://www.billboard-japan.com/charts/detail?a=hot100&year=2016&month=02&day=01
2016,hot100,2016-01-27,65,シュガーソングとビターステップ,UNISON SQUARE GARDEN,https://www.billboard-japan.com/charts/detail?a=hot100&year=2016&month=02&day=01
2016,hot100,2016-01-27,66,未来へ,ナオト・インティライミ,https://www.billboard-japan.com/charts/detail?a=hot100&year=2016&month=02&day=01
2016,hot100,2016-01-27,67,FUTURE LOVER-未来恋人-,加藤ミリヤ,https://www.billboard-japan.com/charts/detail?a=hot100&year=2016&month=02&day=01
2016,hot100,2016-01-27,68,オトナチック,ゲスの極み乙女。,https://www.billboard-japan.com/charts/detail?a=hot100&year=2016&month=02&day=01
2016,hot100,2016-01-27,69,Unfair World,三代目 J Soul Brothers from EXILE TRIBE,https://www.billboard-japan.com/charts/detail?a=hot100&year=2016&month=02&day=01
2016,hot100,2016-01-27,70,The Beginning,ONE OK ROCK,https://www.billboard-japan.com/charts/detail?a=hot100&year=2016&month=02&day=01
2016,hot100,2016-01-27,71,DANCE WITH ME NOW!,E-girls,https://www.billboard-japan.com/charts/detail?a=hot100&year=2016&month=02&day=01
2016,hot100,2016-01-27,72,星空シンフォニー,Stella☆Beats,https://www.billboard-japan.com/charts/detail?a=hot100&year=2016&month=02&day=01
2016,hot100,2016-01-27,73,好き,西野カナ,https://www.billboard-japan.com/charts/detail?a=hot100&year=2016&month=02&day=01
2016,hot100,2016-01-27,74,キミを忘れないよ,大原櫻子,https://www.billboard-japan.com/charts/detail?a=hot100&year=2016&month=02&day=01
2016,hot100,2016-01-27,75,Week End,星野源,https://www.billboard-japan.com/charts/detail?a=hot100&year=2016&month=02&day=01
2016,hot100,2016-01-27,76,スペクタクル,植田真梨恵,https://www.billboard-japan.com/charts/detail?a=hot100&year=2016&month=02&day=01
2016,hot100,2016-01-27,77,花束,back number,https://www.billboard-japan.com/charts/detail?a=hot100&year=2016&month=02&day=01
2016,hot100,2016-01-27,78,SIX SAME FACES〜今夜は最高!!!!!!〜,イヤミ feat.おそ松×カラ松×チョロ松×一松×十四松×トド松(鈴村健一、櫻井孝宏、中村悠一、神谷浩史、福山潤、小野大輔、入野自由),https://www.billboard-japan.com/charts/detail?a=hot100&year=2016&month=02&day=01
2016,hot100,2016-01-27,79,愛を叫べ,嵐,https://www.billboard-japan.com/charts/detail?a=hot100&year=2016&month=02&day=01
2016,hot100,2016-01-27,80,Share The Love,THE Sharehappi from 三代目 J Soul Brothers from EXILE TRIBE,https://www.billboard-japan.com/charts/detail?a=hot100&year=2016&month=02&day=01
2016,hot100,2016-01-27,81,バレンタイン・キッス,トミタ栞 feat.Ladybeard,https://www.billboard-japan.com/charts/detail?a=hot100&year=2016&month=02&day=01
2016,hot100,2016-01-27,82,長く短い祭,椎名林檎,https://www.billboard-japan.com/charts/detail?a=hot100&year=2016&month=02&day=01
2016,hot100,2016-01-27,83,Right Now,ASIAN KUNG-FU GENERATION,https://www.billboard-japan.com/charts/detail?a=hot100&year=2016&month=02&day=01
2016,hot100,2016-01-27,84,思い出以上になりたくて,"lily white〜園田海未(三森すずこ),星空凛(飯田里穂),東條希(楠田亜衣奈)from μ's〜",https://www.billboard-japan.com/charts/detail?a=hot100&year=2016&month=02&day=01
2016,hot100,2016-01-27,85,シェイク・イット・オフ〜気にしてなんかいられないっ!!,テイラー・スウィフト,https://www.billboard-japan.com/charts/detail?a=hot100&year=2016&month=02&day=01
2016,hot100,2016-01-27,86,奏(かなで),スキマスイッチ,https://www.billboard-japan.com/charts/detail?a=hot100&year=2016&month=02&day=01
2016,hot100,2016-01-27,87,Butterfly,BUMP OF CHICKEN,https://www.billboard-japan.com/charts/detail?a=hot100&year=2016&month=02&day=01
2016,hot100,2016-01-27,88,粉雪,レミオロメン,https://www.billboard-japan.com/charts/detail?a=hot100&year=2016&month=02&day=01
2016,hot100,2016-01-27,89,フォーカス,アリアナ・グランデ,https://www.billboard-japan.com/charts/detail?a=hot100&year=2016&month=02&day=01
2016,hot100,2016-01-27,90,海の声,BEGIN,https://www.billboard-japan.com/charts/detail?a=hot100&year=2016&month=02&day=01
2016,hot100,2016-01-27,91,愛をこめて花束を,Superfly,https://www.billboard-japan.com/charts/detail?a=hot100&year=2016&month=02&day=01
2016,hot100,2016-01-27,92,刀剣乱舞,刀剣男士team三条 with 加州清光,https://www.billboard-japan.com/charts/detail?a=hot100&year=2016&month=02&day=01
2016,hot100,2016-01-27,93,リーン・オン feat.ムー & DJスネーク,メジャー・レイザー,https://www.billboard-japan.com/charts/detail?a=hot100&year=2016&month=02&day=01
2016,hot100,2016-01-27,94,瞳の奥の銀河(ミルキーウェイ),Flower,https://www.billboard-japan.com/charts/detail?a=hot100&year=2016&month=02&day=01
2016,hot100,2016-01-27,95,アイ・リアリー・ライク・ユー,カーリー・レイ・ジェプセン,https://www.billboard-japan.com/charts/detail?a=hot100&year=2016&month=02&day=01
2016,hot100,2016-01-27,96,Dance Dance Dance,E-girls,https://www.billboard-japan.com/charts/detail?a=hot100&year=2016&month=02&day=01
2016,hot100,2016-01-27,97,シュガー,マルーン5,https://www.billboard-japan.com/charts/detail?a=hot100&year=2016&month=02&day=01
2016,hot100,2016-01-27,98,ray,BUMP OF CHICKEN,https://www.billboard-japan.com/charts/detail?a=hot100&year=2016&month=02&day=01
2016,hot100,2016-01-27,99,夜空。 feat.ハジ→,miwa,https://www.billboard-japan.com/charts/detail?a=hot100&year=2016&month=02&day=01
2016,hot100,2016-01-27,100,アドヴェンチャー・オブ・ア・ライフタイム,コールドプレイ,https://www.billboard-japan.com/charts/detail?a=hot100&year=2016&month=02&day=01
2016,hot100,2016-02-03,1,AGEHA,GENERATIONS from EXILE TRIBE,https://www.billboard-japan.com/charts/detail?a=hot100&year=2016&month=02&day=08
2016,hot100,2016-02-03,2,SUN,星野源,https://www.billboard-japan.com/charts/detail?a=hot100&year=2016&month=02&day=08
2016,hot100,2016-02-03,3,ladi dadi,lol,https://www.billboard-japan.com/charts/detail?a=hot100&year=2016&month=02&day=08
2016,hot100,2016-02-03,4,世界に一つだけの花,SMAP,https://www.billboard-japan.com/charts/detail?a=hot100&year=2016&month=02&day=08
2016,hot100,2016-02-03,5,Wherever you are,ONE OK ROCK,https://www.billboard-japan.com/charts/detail?a=hot100&year=2016&month=02&day=08
2016,hot100,2016-02-03,6,みんながみんな英雄,AI,https://www.billboard-japan.com/charts/detail?a=hot100&year=2016&month=02&day=08
2016,hot100,2016-02-03,7,彼女はゾンビ,GLAY,https://www.billboard-japan.com/charts/detail?a=hot100&year=2016&month=02&day=08
2016,hot100,2016-02-03,8,トリセツ,西野カナ,https://www.billboard-japan.com/charts/detail?a=hot100&year=2016&month=02&day=08
2016,hot100,2016-02-03,9,Rebellion Star,Trickstar,https://www.billboard-japan.com/charts/detail?a=hot100&year=2016&month=02&day=08
2016,hot100,2016-02-03,10,Butterfly,BUMP OF CHICKEN,https://www.billboard-japan.com/charts/detail?a=hot100&year=2016&month=02&day=08
2016,hot100,2016-02-03,11,365日の紙飛行機,AKB48,https://www.billboard-japan.com/charts/detail?a=hot100&year=2016&month=02&day=08
2016,hot100,2016-02-03,12,羽,稲葉浩志,https://www.billboard-japan.com/charts/detail?a=hot100&year=2016&month=02&day=08
2016,hot100,2016-02-03,13,未来,コブクロ,https://www.billboard-japan.com/charts/detail?a=hot100&year=2016&month=02&day=08
2016,hot100,2016-02-03,14,Joyful×Box*,Ra*bits,https://www.billboard-japan.com/charts/detail?a=hot100&year=2016&month=02&day=08
2016,hot100,2016-02-03,15,ヒカリノシズク,NEWS,https://www.billboard-japan.com/charts/detail?a=hot100&year=2016&month=02&day=08
2016,hot100,2016-02-03,16,HOW CLOSE YOU ARE,宮野真守,https://www.billboard-japan.com/charts/detail?a=hot100&year=2016&month=02&day=08
2016,hot100,2016-02-03,17,海の声,浦島太郎(桐谷健太),https://www.billboard-japan.com/charts/detail?a=hot100&year=2016&month=02&day=08
2016,hot100,2016-02-03,18,STAY TUNE,Suchmos,https://www.billboard-japan.com/charts/detail?a=hot100&year=2016&month=02&day=08
2016,hot100,2016-02-03,19,YAMABIKO,NakamuraEmi,https://www.billboard-japan.com/charts/detail?a=hot100&year=2016&month=02&day=08
2016,hot100,2016-02-03,20,GATE II〜世界を超えて〜,岸田教団&THE明星ロケッツ,https://www.billboard-japan.com/charts/detail?a=hot100&year=2016&month=02&day=08
2016,hot100,2016-02-03,21,Memories,MAN WITH A MISSION,https://www.billboard-japan.com/charts/detail?a=hot100&year=2016&month=02&day=08
2016,hot100,2016-02-03,22,私以外私じゃないの,ゲスの極み乙女。,https://www.billboard-japan.com/charts/detail?a=hot100&year=2016&month=02&day=08
2016,hot100,2016-02-03,23,R.Y.U.S.E.I.,三代目 J Soul Brothers from EXILE TRIBE,https://www.billboard-japan.com/charts/detail?a=hot100&year=2016&month=02&day=08
2016,hot100,2016-02-03,24,両成敗でいいじゃない,ゲスの極み乙女。,https://www.billboard-japan.com/charts/detail?a=hot100&year=2016&month=02&day=08
2016,hot100,2016-02-03,25,Ki・mi・ni・mu・chu,EXILE,https://www.billboard-japan.com/charts/detail?a=hot100&year=2016&month=02&day=08
2016,hot100,2016-02-03,26,ワース・イット feat.キッド・インク,フィフス・ハーモニー,https://www.billboard-japan.com/charts/detail?a=hot100&year=2016&month=02&day=08
2016,hot100,2016-02-03,27,Naked Dive,SCREEN mode,https://www.billboard-japan.com/charts/detail?a=hot100&year=2016&month=02&day=08
2016,hot100,2016-02-03,28,どうしよう、わたし,チャオ ベッラ チンクエッティ,https://www.billboard-japan.com/charts/detail?a=hot100&year=2016&month=02&day=08
2016,hot100,2016-02-03,29,錯覚CROSSROADS,"BiBi〜絢瀬絵里(南條愛乃),西木野真姫(Pile),矢澤にこ(徳井青空)from μ's〜",https://www.billboard-japan.com/charts/detail?a=hot100&year=2016&month=02&day=08
2016,hot100,2016-02-03,30,ワイルド・サイドを行け,GLIM SPANKY,https://www.billboard-japan.com/charts/detail?a=hot100&year=2016&month=02&day=08
2016,hot100,2016-02-03,31,刹那の夜の中で,predia,https://www.billboard-japan.com/charts/detail?a=hot100&year=2016&month=02&day=08
2016,hot100,2016-02-03,32,明日への手紙,手嶌葵,https://www.billboard-japan.com/charts/detail?a=hot100&year=2016&month=02&day=08
2016,hot100,2016-02-03,33,真夜中の虹,スガシカオ,https://www.billboard-japan.com/charts/detail?a=hot100&year=2016&month=02&day=08
2016,hot100,2016-02-03,34,はなまるぴっぴはよいこだけ,A応P,https://www.billboard-japan.com/charts/detail?a=hot100&year=2016&month=02&day=08
2016,hot100,2016-02-03,35,時よ,星野源,https://www.billboard-japan.com/charts/detail?a=hot100&year=2016&month=02&day=08
2016,hot100,2016-02-03,36,NEVER ENDING STORY,KRD8,https://www.billboard-japan.com/charts/detail?a=hot100&year=2016&month=02&day=08
2016,hot100,2016-02-03,37,Sexy Young Beautiful,Happiness,https://www.billboard-japan.com/charts/detail?a=hot100&year=2016&month=02&day=08
2016,hot100,2016-02-03,38,ソーリー,ジャスティン・ビーバー,https://www.billboard-japan.com/charts/detail?a=hot100&year=2016&month=02&day=08
2016,hot100,2016-02-03,39,Hey!カロリーQueen,竹達彩奈,https://www.billboard-japan.com/charts/detail?a=hot100&year=2016&month=02&day=08
2016,hot100,2016-02-03,40,ひまわりの約束,秦基博,https://www.billboard-japan.com/charts/detail?a=hot100&year=2016&month=02&day=08
2016,hot100,2016-02-03,41,黒い雫,Superfly,https://www.billboard-japan.com/charts/detail?a=hot100&year=2016&month=02&day=08
2016,hot100,2016-02-03,42,勇敢なるキミへ,FRAME,https://www.billboard-japan.com/charts/detail?a=hot100&year=2016&month=02&day=08
2016,hot100,2016-02-03,43,ヒロイン,back number,https://www.billboard-japan.com/charts/detail?a=hot100&year=2016&month=02&day=08
2016,hot100,2016-02-03,44,夜は眠れるかい?,flumpool,https://www.billboard-japan.com/charts/detail?a=hot100&year=2016&month=02&day=08
2016,hot100,2016-02-03,45,No.1,西野カナ,https://www.billboard-japan.com/charts/detail?a=hot100&year=2016&month=02&day=08
2016,hot100,2016-02-03,46,クリスマスソング,back number,https://www.billboard-japan.com/charts/detail?a=hot100&year=2016&month=02&day=08
2016,hot100,2016-02-03,47,喝彩!〜花鳥風月〜,彩,https://www.billboard-japan.com/charts/detail?a=hot100&year=2016&month=02&day=08
2016,hot100,2016-02-03,48,天かける星,Suara,https://www.billboard-japan.com/charts/detail?a=hot100&year=2016&month=02&day=08
2016,hot100,2016-02-03,49,ワールドピース,ロッカジャポニカ,https://www.billboard-japan.com/charts/detail?a=hot100&year=2016&month=02&day=08
2016,hot100,2016-02-03,50,唇にBe My Baby,AKB48,https://www.billboard-japan.com/charts/detail?a=hot100&year=2016&month=02&day=08
2016,hot100,2016-02-03,51,Speaking,Mrs.GREEN APPLE,https://www.billboard-japan.com/charts/detail?a=hot100&year=2016&month=02&day=08
2016,hot100,2016-02-03,52,Forever,F.CUZ,https://www.billboard-japan.com/charts/detail?a=hot100&year=2016&month=02&day=08
2016,hot100,2016-02-03,53,ホワット・ドゥ・ユー・ミーン?,ジャスティン・ビーバー,https://www.billboard-japan.com/charts/detail?a=hot100&year=2016&month=02&day=08
2016,hot100,2016-02-03,54,Checkmate!?,MICHI,https://www.billboard-japan.com/charts/detail?a=hot100&year=2016&month=02&day=08
2016,hot100,2016-02-03,55,Summer Madness,三代目 J Soul Brothers from EXILE TRIBE,https://www.billboard-japan.com/charts/detail?a=hot100&year=2016&month=02&day=08
2016,hot100,2016-02-03,56,新宝島,サカナクション,https://www.billboard-japan.com/charts/detail?a=hot100&year=2016&month=02&day=08
2016,hot100,2016-02-03,57,fantastic dreamer,Machico,https://www.billboard-japan.com/charts/detail?a=hot100&year=2016&month=02&day=08
2016,hot100,2016-02-03,58,Beautiful,Superfly,https://www.billboard-japan.com/charts/detail?a=hot100&year=2016&month=02&day=08
2016,hot100,2016-02-03,59,BANG BANG BANG,BIGBANG,https://www.billboard-japan.com/charts/detail?a=hot100&year=2016&month=02&day=08
2016,hot100,2016-02-03,60,恋音と雨空,AAA,https://www.billboard-japan.com/charts/detail?a=hot100&year=2016&month=02&day=08
2016,hot100,2016-02-03,61,シー・ユー・アゲイン,ウィズ・カリファ feat.チャーリー・プース,https://www.billboard-japan.com/charts/detail?a=hot100&year=2016&month=02&day=08
2016,hot100,2016-02-03,62,What You Want,JUJU,https://www.billboard-japan.com/charts/detail?a=hot100&year=2016&month=02&day=08
2016,hot100,2016-02-03,63,ロマンスがありあまる,ゲスの極み乙女。,https://www.billboard-japan.com/charts/detail?a=hot100&year=2016&month=02&day=08
2016,hot100,2016-02-03,64,ハロー,アデル,https://www.billboard-japan.com/charts/detail?a=hot100&year=2016&month=02&day=08
2016,hot100,2016-02-03,65,アイ・リアリー・ライク・ユー,カーリー・レイ・ジェプセン,https://www.billboard-japan.com/charts/detail?a=hot100&year=2016&month=02&day=08
2016,hot100,2016-02-03,66,恋心,MACO,https://www.billboard-japan.com/charts/detail?a=hot100&year=2016&month=02&day=08
2016,hot100,2016-02-03,67,Beat your Heart,鈴木このみ,https://www.billboard-japan.com/charts/detail?a=hot100&year=2016&month=02&day=08
2016,hot100,2016-02-03,68,刀剣乱舞,刀剣男士team三条 with 加州清光,https://www.billboard-japan.com/charts/detail?a=hot100&year=2016&month=02&day=08
2016,hot100,2016-02-03,69,ランアンドラン,KANA-BOON,https://www.billboard-japan.com/charts/detail?a=hot100&year=2016&month=02&day=08
2016,hot100,2016-02-03,70,ワンミーツハー,ヒトリエ,https://www.billboard-japan.com/charts/detail?a=hot100&year=2016&month=02&day=08
2016,hot100,2016-02-03,71,恋のヒットパレード,LIFriends,https://www.billboard-japan.com/charts/detail?a=hot100&year=2016&month=02&day=08
2016,hot100,2016-02-03,72,Genesis,STEREO DIVE FOUNDATION,https://www.billboard-japan.com/charts/detail?a=hot100&year=2016&month=02&day=08
2016,hot100,2016-02-03,73,DANCE WITH ME NOW!,E-girls,https://www.billboard-japan.com/charts/detail?a=hot100&year=2016&month=02&day=08
2016,hot100,2016-02-03,74,あなたがここにいて抱きしめることができるなら,miwa,https://www.billboard-japan.com/charts/detail?a=hot100&year=2016&month=02&day=08
2016,hot100,2016-02-03,75,はじまり,BLUE ENCOUNT,https://www.billboard-japan.com/charts/detail?a=hot100&year=2016&month=02&day=08
2016,hot100,2016-02-03,76,ことば,SUPER BEAVER,https://www.billboard-japan.com/charts/detail?a=hot100&year=2016&month=02&day=08
2016,hot100,2016-02-03,77,愛してるのに、愛せない,AAA,https://www.billboard-japan.com/charts/detail?a=hot100&year=2016&month=02&day=08
2016,hot100,2016-02-03,78,Supernova Express 2016,GLAY,https://www.billboard-japan.com/charts/detail?a=hot100&year=2016&month=02&day=08
2016,hot100,2016-02-03,79,FANTASTIC BABY,BIGBANG,https://www.billboard-japan.com/charts/detail?a=hot100&year=2016&month=02&day=08
2016,hot100,2016-02-03,80,虹を編めたら,fhana,https://www.billboard-japan.com/charts/detail?a=hot100&year=2016&month=02&day=08
2016,hot100,2016-02-03,81,Dreamer,山下智久,https://www.billboard-japan.com/charts/detail?a=hot100&year=2016&month=02&day=08
2016,hot100,2016-02-03,82,千本桜,WhiteFlame feat.初音ミク,https://www.billboard-japan.com/charts/detail?a=hot100&year=2016&month=02&day=08
2016,hot100,2016-02-03,83,ワン・コール・アウェイ,チャーリー・プース,https://www.billboard-japan.com/charts/detail?a=hot100&year=2016&month=02&day=08
2016,hot100,2016-02-03,84,Golden Life,AKINO with bless4,https://www.billboard-japan.com/charts/detail?a=hot100&year=2016&month=02&day=08
2016,hot100,2016-02-03,85,Contrail〜軌跡〜,川田まみ,https://www.billboard-japan.com/charts/detail?a=hot100&year=2016&month=02&day=08
2016,hot100,2016-02-03,86,シェイク・イット・オフ〜気にしてなんかいられないっ!!,テイラー・スウィフト,https://www.billboard-japan.com/charts/detail?a=hot100&year=2016&month=02&day=08
2016,hot100,2016-02-03,87,恋するフォーチュンクッキー,AKB48,https://www.billboard-japan.com/charts/detail?a=hot100&year=2016&month=02&day=08
2016,hot100,2016-02-03,88,シュガーソングとビターステップ,UNISON SQUARE GARDEN,https://www.billboard-japan.com/charts/detail?a=hot100&year=2016&month=02&day=08
2016,hot100,2016-02-03,89,微力ながらGO!,茶熊学園生徒一同と学長,https://www.billboard-japan.com/charts/detail?a=hot100&year=2016&month=02&day=08
2016,hot100,2016-02-03,90,粉雪,レミオロメン,https://www.billboard-japan.com/charts/detail?a=hot100&year=2016&month=02&day=08
2016,hot100,2016-02-03,91,もしも運命の人がいるのなら,西野カナ,https://www.billboard-japan.com/charts/detail?a=hot100&year=2016&month=02&day=08
2016,hot100,2016-02-03,92,我ら思う、故に我ら在り,氣志團,https://www.billboard-japan.com/charts/detail?a=hot100&year=2016&month=02&day=08
2016,hot100,2016-02-03,93,好き,西野カナ,https://www.billboard-japan.com/charts/detail?a=hot100&year=2016&month=02&day=08
2016,hot100,2016-02-03,94,青春!ヒーロー,がんばれ!Victory,https://www.billboard-japan.com/charts/detail?a=hot100&year=2016&month=02&day=08
2016,hot100,2016-02-03,95,ハピネス,AI,https://www.billboard-japan.com/charts/detail?a=hot100&year=2016&month=02&day=08
2016,hot100,2016-02-03,96,The Beginning,ONE OK ROCK,https://www.billboard-japan.com/charts/detail?a=hot100&year=2016&month=02&day=08
2016,hot100,2016-02-03,97,Hello To The World,家入レオ,https://www.billboard-japan.com/charts/detail?a=hot100&year=2016&month=02&day=08
2016,hot100,2016-02-03,98,あしたいろ,安田レイ,https://www.billboard-japan.com/charts/detail?a=hot100&year=2016&month=02&day=08
2016,hot100,2016-02-03,99,未来へ,ナオト・インティライミ,https://www.billboard-japan.com/charts/detail?a=hot100&year=2016&month=02&day=08
2016,hot100,2016-02-03,100,SIX SAME FACES〜今夜は最高!!!!!!〜,イヤミ feat.おそ松×カラ松×チョロ松×一松×十四松×トド松(鈴村健一、櫻井孝宏、中村悠一、神谷浩史、福山潤、小野大輔、入野自由),https://www.billboard-japan.com/charts/detail?a=hot100&year=2016&month=02&day=08
2016,hot100,2016-02-10,1,Wanna be!,BOYS AND MEN,https://www.billboard-japan.com/charts/detail?a=hot100&year=2016&month=02&day=15
2016,hot100,2016-02-10,2,BANG BANG BANG,BIGBANG,https://www.billboard-japan.com/charts/detail?a=hot100&year=2016&month=02&day=15
2016,hot100,2016-02-10,3,海の声,浦島太郎(桐谷健太),https://www.billboard-japan.com/charts/detail?a=hot100&year=2016&month=02&day=15
2016,hot100,2016-02-10,4,Sexy Young Beautiful,Happiness,https://www.billboard-japan.com/charts/detail?a=hot100&year=2016&month=02&day=15
2016,hot100,2016-02-10,5,SUN,星野源,https://www.billboard-japan.com/charts/detail?a=hot100&year=2016&month=02&day=15
2016,hot100,2016-02-10,6,みれん心,氷川きよし,https://www.billboard-japan.com/charts/detail?a=hot100&year=2016&month=02&day=15
2016,hot100,2016-02-10,7,Wherever you are,ONE OK ROCK,https://www.billboard-japan.com/charts/detail?a=hot100&year=2016&month=02&day=15
2016,hot100,2016-02-10,8,FANTASTIC BABY,BIGBANG,https://www.billboard-japan.com/charts/detail?a=hot100&year=2016&month=02&day=15
2016,hot100,2016-02-10,9,トリセツ,西野カナ,https://www.billboard-japan.com/charts/detail?a=hot100&year=2016&month=02&day=15
2016,hot100,2016-02-10,10,AGEHA,GENERATIONS from EXILE TRIBE,https://www.billboard-japan.com/charts/detail?a=hot100&year=2016&month=02&day=15
2016,hot100,2016-02-10,11,みんながみんな英雄,AI,https://www.billboard-japan.com/charts/detail?a=hot100&year=2016&month=02&day=15
2016,hot100,2016-02-10,12,未来,コブクロ,https://www.billboard-japan.com/charts/detail?a=hot100&year=2016&month=02&day=15
2016,hot100,2016-02-10,13,Next is you!,NEXT YOU,https://www.billboard-japan.com/charts/detail?a=hot100&year=2016&month=02&day=15
2016,hot100,2016-02-10,14,世界に一つだけの花,SMAP,https://www.billboard-japan.com/charts/detail?a=hot100&year=2016&month=02&day=15
2016,hot100,2016-02-10,15,365日の紙飛行機,AKB48,https://www.billboard-japan.com/charts/detail?a=hot100&year=2016&month=02&day=15
2016,hot100,2016-02-10,16,Butterfly,BUMP OF CHICKEN,https://www.billboard-japan.com/charts/detail?a=hot100&year=2016&month=02&day=15
2016,hot100,2016-02-10,17,未来へ,ナオト・インティライミ,https://www.billboard-japan.com/charts/detail?a=hot100&year=2016&month=02&day=15
2016,hot100,2016-02-10,18,明日への手紙,手嶌葵,https://www.billboard-japan.com/charts/detail?a=hot100&year=2016&month=02&day=15
2016,hot100,2016-02-10,19,恋心,MACO,https://www.billboard-japan.com/charts/detail?a=hot100&year=2016&month=02&day=15
2016,hot100,2016-02-10,20,絶世スターゲイト,蒼井翔太,https://www.billboard-japan.com/charts/detail?a=hot100&year=2016&month=02&day=15
2016,hot100,2016-02-10,21,Ki・mi・ni・mu・chu,EXILE,https://www.billboard-japan.com/charts/detail?a=hot100&year=2016&month=02&day=15
2016,hot100,2016-02-10,22,R.Y.U.S.E.I.,三代目 J Soul Brothers from EXILE TRIBE,https://www.billboard-japan.com/charts/detail?a=hot100&year=2016&month=02&day=15
2016,hot100,2016-02-10,23,羽,稲葉浩志,https://www.billboard-japan.com/charts/detail?a=hot100&year=2016&month=02&day=15
2016,hot100,2016-02-10,24,STAY TUNE,Suchmos,https://www.billboard-japan.com/charts/detail?a=hot100&year=2016&month=02&day=15
2016,hot100,2016-02-10,25,時よ,星野源,https://www.billboard-japan.com/charts/detail?a=hot100&year=2016&month=02&day=15
2016,hot100,2016-02-10,26,シー・ユー・アゲイン,ウィズ・カリファ feat.チャーリー・プース,https://www.billboard-japan.com/charts/detail?a=hot100&year=2016&month=02&day=15
2016,hot100,2016-02-10,27,復活LOVE,嵐,https://www.billboard-japan.com/charts/detail?a=hot100&year=2016&month=02&day=15
2016,hot100,2016-02-10,28,私以外私じゃないの,ゲスの極み乙女。,https://www.billboard-japan.com/charts/detail?a=hot100&year=2016&month=02&day=15
2016,hot100,2016-02-10,29,薄紅,LACCO TOWER,https://www.billboard-japan.com/charts/detail?a=hot100&year=2016&month=02&day=15
2016,hot100,2016-02-10,30,ファンファーレは僕らのために,でんぱ組.inc,https://www.billboard-japan.com/charts/detail?a=hot100&year=2016&month=02&day=15
2016,hot100,2016-02-10,31,ヒロイン,back number,https://www.billboard-japan.com/charts/detail?a=hot100&year=2016&month=02&day=15
2016,hot100,2016-02-10,32,YAMABIKO,NakamuraEmi,https://www.billboard-japan.com/charts/detail?a=hot100&year=2016&month=02&day=15
2016,hot100,2016-02-10,33,ひまわりの約束,秦基博,https://www.billboard-japan.com/charts/detail?a=hot100&year=2016&month=02&day=15
2016,hot100,2016-02-10,34,心雨,indigo la End,https://www.billboard-japan.com/charts/detail?a=hot100&year=2016&month=02&day=15
2016,hot100,2016-02-10,35,SWEET MEMORIES,渋谷すばる,https://www.billboard-japan.com/charts/detail?a=hot100&year=2016&month=02&day=15
2016,hot100,2016-02-10,36,両成敗でいいじゃない,ゲスの極み乙女。,https://www.billboard-japan.com/charts/detail?a=hot100&year=2016&month=02&day=15
2016,hot100,2016-02-10,37,ワース・イット feat.キッド・インク,フィフス・ハーモニー,https://www.billboard-japan.com/charts/detail?a=hot100&year=2016&month=02&day=15
2016,hot100,2016-02-10,38,アライヴ,シーア,https://www.billboard-japan.com/charts/detail?a=hot100&year=2016&month=02&day=15
2016,hot100,2016-02-10,39,Installation,早見沙織,https://www.billboard-japan.com/charts/detail?a=hot100&year=2016&month=02&day=15
2016,hot100,2016-02-10,40,ソーリー,ジャスティン・ビーバー,https://www.billboard-japan.com/charts/detail?a=hot100&year=2016&month=02&day=15
2016,hot100,2016-02-10,41,DANCE WITH ME NOW!,E-girls,https://www.billboard-japan.com/charts/detail?a=hot100&year=2016&month=02&day=15
2016,hot100,2016-02-10,42,クリスマスソング,back number,https://www.billboard-japan.com/charts/detail?a=hot100&year=2016&month=02&day=15
2016,hot100,2016-02-10,43,ヒカリノシズク,NEWS,https://www.billboard-japan.com/charts/detail?a=hot100&year=2016&month=02&day=15
2016,hot100,2016-02-10,44,はなまるぴっぴはよいこだけ,A応P,https://www.billboard-japan.com/charts/detail?a=hot100&year=2016&month=02&day=15
2016,hot100,2016-02-10,45,黒い雫,Superfly,https://www.billboard-japan.com/charts/detail?a=hot100&year=2016&month=02&day=15
2016,hot100,2016-02-10,46,四万十川,三山ひろし,https://www.billboard-japan.com/charts/detail?a=hot100&year=2016&month=02&day=15
2016,hot100,2016-02-10,47,Beautiful,Superfly,https://www.billboard-japan.com/charts/detail?a=hot100&year=2016&month=02&day=15
2016,hot100,2016-02-10,48,夜は眠れるかい?,flumpool,https://www.billboard-japan.com/charts/detail?a=hot100&year=2016&month=02&day=15
2016,hot100,2016-02-10,49,シュガーソングとビターステップ,UNISON SQUARE GARDEN,https://www.billboard-japan.com/charts/detail?a=hot100&year=2016&month=02&day=15
2016,hot100,2016-02-10,50,彼女はゾンビ,GLAY,https://www.billboard-japan.com/charts/detail?a=hot100&year=2016&month=02&day=15
2016,hot100,2016-02-10,51,恋音と雨空,AAA,https://www.billboard-japan.com/charts/detail?a=hot100&year=2016&month=02&day=15
2016,hot100,2016-02-10,52,刀剣乱舞,刀剣男士team三条 with 加州清光,https://www.billboard-japan.com/charts/detail?a=hot100&year=2016&month=02&day=15
2016,hot100,2016-02-10,53,Rainy Room,GENERATIONS from EXILE TRIBE,https://www.billboard-japan.com/charts/detail?a=hot100&year=2016&month=02&day=15
2016,hot100,2016-02-10,54,Summer Madness,三代目 J Soul Brothers from EXILE TRIBE,https://www.billboard-japan.com/charts/detail?a=hot100&year=2016&month=02&day=15
2016,hot100,2016-02-10,55,No.1,西野カナ,https://www.billboard-japan.com/charts/detail?a=hot100&year=2016&month=02&day=15
2016,hot100,2016-02-10,56,唇にBe My Baby,AKB48,https://www.billboard-japan.com/charts/detail?a=hot100&year=2016&month=02&day=15
2016,hot100,2016-02-10,57,ワイルド・サイドを行け,GLIM SPANKY,https://www.billboard-japan.com/charts/detail?a=hot100&year=2016&month=02&day=15
2016,hot100,2016-02-10,58,ホワット・ドゥ・ユー・ミーン?,ジャスティン・ビーバー,https://www.billboard-japan.com/charts/detail?a=hot100&year=2016&month=02&day=15
2016,hot100,2016-02-10,59,薄ら氷心中,林原めぐみ,https://www.billboard-japan.com/charts/detail?a=hot100&year=2016&month=02&day=15
2016,hot100,2016-02-10,60,新宝島,サカナクション,https://www.billboard-japan.com/charts/detail?a=hot100&year=2016&month=02&day=15
2016,hot100,2016-02-10,61,キミがいい,Softly,https://www.billboard-japan.com/charts/detail?a=hot100&year=2016&month=02&day=15
2016,hot100,2016-02-10,62,ワン・コール・アウェイ,チャーリー・プース,https://www.billboard-japan.com/charts/detail?a=hot100&year=2016&month=02&day=15
2016,hot100,2016-02-10,63,好き,西野カナ,https://www.billboard-japan.com/charts/detail?a=hot100&year=2016&month=02&day=15
2016,hot100,2016-02-10,64,STRIDER'S HIGH,OxT,https://www.billboard-japan.com/charts/detail?a=hot100&year=2016&month=02&day=15
2016,hot100,2016-02-10,65,真夜中の虹,スガシカオ,https://www.billboard-japan.com/charts/detail?a=hot100&year=2016&month=02&day=15
2016,hot100,2016-02-10,66,Memories,MAN WITH A MISSION,https://www.billboard-japan.com/charts/detail?a=hot100&year=2016&month=02&day=15
2016,hot100,2016-02-10,67,ワーク feat.ドレイク,リアーナ,https://www.billboard-japan.com/charts/detail?a=hot100&year=2016&month=02&day=15
2016,hot100,2016-02-10,68,あしたいろ,安田レイ,https://www.billboard-japan.com/charts/detail?a=hot100&year=2016&month=02&day=15
2016,hot100,2016-02-10,69,Unfair World,三代目 J Soul Brothers from EXILE TRIBE,https://www.billboard-japan.com/charts/detail?a=hot100&year=2016&month=02&day=15
2016,hot100,2016-02-10,70,GATE II〜世界を超えて〜,岸田教団&THE明星ロケッツ,https://www.billboard-japan.com/charts/detail?a=hot100&year=2016&month=02&day=15
2016,hot100,2016-02-10,71,あなたがここにいて抱きしめることができるなら,miwa,https://www.billboard-japan.com/charts/detail?a=hot100&year=2016&month=02&day=15
2016,hot100,2016-02-10,72,Naked Dive,SCREEN mode,https://www.billboard-japan.com/charts/detail?a=hot100&year=2016&month=02&day=15
2016,hot100,2016-02-10,73,千本桜,WhiteFlame feat.初音ミク,https://www.billboard-japan.com/charts/detail?a=hot100&year=2016&month=02&day=15
2016,hot100,2016-02-10,74,LOSER,BIGBANG,https://www.billboard-japan.com/charts/detail?a=hot100&year=2016&month=02&day=15
2016,hot100,2016-02-10,75,もっと,aiko,https://www.billboard-japan.com/charts/detail?a=hot100&year=2016&month=02&day=15
2016,hot100,2016-02-10,76,IF YOU,BIGBANG,https://www.billboard-japan.com/charts/detail?a=hot100&year=2016&month=02&day=15
2016,hot100,2016-02-10,77,愛してるのに、愛せない,AAA,https://www.billboard-japan.com/charts/detail?a=hot100&year=2016&month=02&day=15
2016,hot100,2016-02-10,78,シェイク・イット・オフ〜気にしてなんかいられないっ!!,テイラー・スウィフト,https://www.billboard-japan.com/charts/detail?a=hot100&year=2016&month=02&day=15
2016,hot100,2016-02-10,79,The Beginning,ONE OK ROCK,https://www.billboard-japan.com/charts/detail?a=hot100&year=2016&month=02&day=15
2016,hot100,2016-02-10,80,What You Want,JUJU,https://www.billboard-japan.com/charts/detail?a=hot100&year=2016&month=02&day=15
2016,hot100,2016-02-10,81,hopeness,ZAQ,https://www.billboard-japan.com/charts/detail?a=hot100&year=2016&month=02&day=15
2016,hot100,2016-02-10,82,もしも運命の人がいるのなら,西野カナ,https://www.billboard-japan.com/charts/detail?a=hot100&year=2016&month=02&day=15
2016,hot100,2016-02-10,83,ロマンスがありあまる,ゲスの極み乙女。,https://www.billboard-japan.com/charts/detail?a=hot100&year=2016&month=02&day=15
2016,hot100,2016-02-10,84,ランアンドラン,KANA-BOON,https://www.billboard-japan.com/charts/detail?a=hot100&year=2016&month=02&day=15
2016,hot100,2016-02-10,85,Share The Love,THE Sharehappi from 三代目 J Soul Brothers from EXILE TRIBE,https://www.billboard-japan.com/charts/detail?a=hot100&year=2016&month=02&day=15
2016,hot100,2016-02-10,86,変わらぬ想い Duet with Nissy(西島隆弘),ニック・カーター,https://www.billboard-japan.com/charts/detail?a=hot100&year=2016&month=02&day=15
2016,hot100,2016-02-10,87,ハロー,アデル,https://www.billboard-japan.com/charts/detail?a=hot100&year=2016&month=02&day=15
2016,hot100,2016-02-10,88,Supernova Express 2016,GLAY,https://www.billboard-japan.com/charts/detail?a=hot100&year=2016&month=02&day=15
2016,hot100,2016-02-10,89,SO RUN,さかいゆう,https://www.billboard-japan.com/charts/detail?a=hot100&year=2016&month=02&day=15
2016,hot100,2016-02-10,90,さよならの前に,AAA,https://www.billboard-japan.com/charts/detail?a=hot100&year=2016&month=02&day=15
2016,hot100,2016-02-10,91,アイ・リアリー・ライク・ユー,カーリー・レイ・ジェプセン,https://www.billboard-japan.com/charts/detail?a=hot100&year=2016&month=02&day=15
2016,hot100,2016-02-10,92,Speaking,Mrs.GREEN APPLE,https://www.billboard-japan.com/charts/detail?a=hot100&year=2016&month=02&day=15
2016,hot100,2016-02-10,93,奏(かなで),スキマスイッチ,https://www.billboard-japan.com/charts/detail?a=hot100&year=2016&month=02&day=15
2016,hot100,2016-02-10,94,Checkmate!?,MICHI,https://www.billboard-japan.com/charts/detail?a=hot100&year=2016&month=02&day=15
2016,hot100,2016-02-10,95,恋するフォーチュンクッキー,AKB48,https://www.billboard-japan.com/charts/detail?a=hot100&year=2016&month=02&day=15
2016,hot100,2016-02-10,96,錯覚CROSSROADS,"BiBi〜絢瀬絵里(南條愛乃),西木野真姫(Pile),矢澤にこ(徳井青空)from μ's〜",https://www.billboard-japan.com/charts/detail?a=hot100&year=2016&month=02&day=15
2016,hot100,2016-02-10,97,fantastic dreamer,Machico,https://www.billboard-japan.com/charts/detail?a=hot100&year=2016&month=02&day=15
2016,hot100,2016-02-10,98,Hello To The World,家入レオ,https://www.billboard-japan.com/charts/detail?a=hot100&year=2016&month=02&day=15
2016,hot100,2016-02-10,99,HOW CLOSE YOU ARE,宮野真守,https://www.billboard-japan.com/charts/detail?a=hot100&year=2016&month=02&day=15
2016,hot100,2016-02-10,100,好きだ。,Little Glee Monster,https://www.billboard-japan.com/charts/detail?a=hot100&year=2016&month=02&day=15
2016,hot100,2016-02-17,1,TRAGEDY,KAT-TUN,https://www.billboard-japan.com/charts/detail?a=hot100&year=2016&month=02&day=22
2016,hot100,2016-02-17,2,明日への手紙,手嶌葵,https://www.billboard-japan.com/charts/detail?a=hot100&year=2016&month=02&day=22
2016,hot100,2016-02-17,3,BANG BANG BANG,BIGBANG,https://www.billboard-japan.com/charts/detail?a=hot100&year=2016&month=02&day=22
2016,hot100,2016-02-17,4,全力バタンキュー,A応P,https://www.billboard-japan.com/charts/detail?a=hot100&year=2016&month=02&day=22
2016,hot100,2016-02-17,5,SUN,星野源,https://www.billboard-japan.com/charts/detail?a=hot100&year=2016&month=02&day=22
2016,hot100,2016-02-17,6,海の声,浦島太郎(桐谷健太),https://www.billboard-japan.com/charts/detail?a=hot100&year=2016&month=02&day=22
2016,hot100,2016-02-17,7,Wherever you are,ONE OK ROCK,https://www.billboard-japan.com/charts/detail?a=hot100&year=2016&month=02&day=22
2016,hot100,2016-02-17,8,夜は眠れるかい?,flumpool,https://www.billboard-japan.com/charts/detail?a=hot100&year=2016&month=02&day=22
2016,hot100,2016-02-17,9,FANTASTIC BABY,BIGBANG,https://www.billboard-japan.com/charts/detail?a=hot100&year=2016&month=02&day=22
2016,hot100,2016-02-17,10,DANCE WITH ME NOW!,E-girls,https://www.billboard-japan.com/charts/detail?a=hot100&year=2016&month=02&day=22
2016,hot100,2016-02-17,11,Butterfly,BUMP OF CHICKEN,https://www.billboard-japan.com/charts/detail?a=hot100&year=2016&month=02&day=22
2016,hot100,2016-02-17,12,トリセツ,西野カナ,https://www.billboard-japan.com/charts/detail?a=hot100&year=2016&month=02&day=22
2016,hot100,2016-02-17,13,365日の紙飛行機,AKB48,https://www.billboard-japan.com/charts/detail?a=hot100&year=2016&month=02&day=22
2016,hot100,2016-02-17,14,復活LOVE,嵐,https://www.billboard-japan.com/charts/detail?a=hot100&year=2016&month=02&day=22
2016,hot100,2016-02-17,15,世界に一つだけの花,SMAP,https://www.billboard-japan.com/charts/detail?a=hot100&year=2016&month=02&day=22
2016,hot100,2016-02-17,16,whiz,TrySail,https://www.billboard-japan.com/charts/detail?a=hot100&year=2016&month=02&day=22
2016,hot100,2016-02-17,17,white forces,fripSide,https://www.billboard-japan.com/charts/detail?a=hot100&year=2016&month=02&day=22
2016,hot100,2016-02-17,18,未来,コブクロ,https://www.billboard-japan.com/charts/detail?a=hot100&year=2016&month=02&day=22
2016,hot100,2016-02-17,19,夢,GReeeeN,https://www.billboard-japan.com/charts/detail?a=hot100&year=2016&month=02&day=22
2016,hot100,2016-02-17,20,AGEHA,GENERATIONS from EXILE TRIBE,https://www.billboard-japan.com/charts/detail?a=hot100&year=2016&month=02&day=22
2016,hot100,2016-02-17,21,R.Y.U.S.E.I.,三代目 J Soul Brothers from EXILE TRIBE,https://www.billboard-japan.com/charts/detail?a=hot100&year=2016&month=02&day=22
2016,hot100,2016-02-17,22,Memories,MAN WITH A MISSION,https://www.billboard-japan.com/charts/detail?a=hot100&year=2016&month=02&day=22
2016,hot100,2016-02-17,23,Be My Steady,"諏訪怜治(宮野真守),千代松万太郎(江口拓也),妹尾匡(鈴木達央),黛遊馬(小野友樹),奥村楓(豊永利行)",https://www.billboard-japan.com/charts/detail?a=hot100&year=2016&month=02&day=22
2016,hot100,2016-02-17,24,Sexy Young Beautiful,Happiness,https://www.billboard-japan.com/charts/detail?a=hot100&year=2016&month=02&day=22
2016,hot100,2016-02-17,25,Ki・mi・ni・mu・chu,EXILE,https://www.billboard-japan.com/charts/detail?a=hot100&year=2016&month=02&day=22
2016,hot100,2016-02-17,26,Just 1 Light,MR.MR,https://www.billboard-japan.com/charts/detail?a=hot100&year=2016&month=02&day=22
2016,hot100,2016-02-17,27,恋音と雨空,AAA,https://www.billboard-japan.com/charts/detail?a=hot100&year=2016&month=02&day=22
2016,hot100,2016-02-17,28,みんながみんな英雄,AI,https://www.billboard-japan.com/charts/detail?a=hot100&year=2016&month=02&day=22
2016,hot100,2016-02-17,29,シー・ユー・アゲイン,ウィズ・カリファ feat.チャーリー・プース,https://www.billboard-japan.com/charts/detail?a=hot100&year=2016&month=02&day=22
2016,hot100,2016-02-17,30,アップタウン・ファンク feat.ブルーノ・マーズ,マーク・ロンソン,https://www.billboard-japan.com/charts/detail?a=hot100&year=2016&month=02&day=22
2016,hot100,2016-02-17,31,Hello To The World,家入レオ,https://www.billboard-japan.com/charts/detail?a=hot100&year=2016&month=02&day=22
2016,hot100,2016-02-17,32,STELLAR,荒木宏文,https://www.billboard-japan.com/charts/detail?a=hot100&year=2016&month=02&day=22
2016,hot100,2016-02-17,33,ひまわりの約束,秦基博,https://www.billboard-japan.com/charts/detail?a=hot100&year=2016&month=02&day=22
2016,hot100,2016-02-17,34,もっと,aiko,https://www.billboard-japan.com/charts/detail?a=hot100&year=2016&month=02&day=22
2016,hot100,2016-02-17,35,ヒロイン,back number,https://www.billboard-japan.com/charts/detail?a=hot100&year=2016&month=02&day=22
2016,hot100,2016-02-17,36,はなまるぴっぴはよいこだけ,A応P,https://www.billboard-japan.com/charts/detail?a=hot100&year=2016&month=02&day=22
2016,hot100,2016-02-17,37,時よ,星野源,https://www.billboard-japan.com/charts/detail?a=hot100&year=2016&month=02&day=22
2016,hot100,2016-02-17,38,チョコレイト・ディスコ,Perfume,https://www.billboard-japan.com/charts/detail?a=hot100&year=2016&month=02&day=22
2016,hot100,2016-02-17,39,恋心,MACO,https://www.billboard-japan.com/charts/detail?a=hot100&year=2016&month=02&day=22
2016,hot100,2016-02-17,40,Feel So Alive,三代目 J Soul Brothers from EXILE TRIBE,https://www.billboard-japan.com/charts/detail?a=hot100&year=2016&month=02&day=22
2016,hot100,2016-02-17,41,極愛,HY,https://www.billboard-japan.com/charts/detail?a=hot100&year=2016&month=02&day=22
2016,hot100,2016-02-17,42,STAY TUNE,Suchmos,https://www.billboard-japan.com/charts/detail?a=hot100&year=2016&month=02&day=22
2016,hot100,2016-02-17,43,Love your enemies,分島花音,https://www.billboard-japan.com/charts/detail?a=hot100&year=2016&month=02&day=22
2016,hot100,2016-02-17,44,羽,稲葉浩志,https://www.billboard-japan.com/charts/detail?a=hot100&year=2016&month=02&day=22
2016,hot100,2016-02-17,45,薄紅,LACCO TOWER,https://www.billboard-japan.com/charts/detail?a=hot100&year=2016&month=02&day=22
2016,hot100,2016-02-17,46,飛竜の騎士,TRUE,https://www.billboard-japan.com/charts/detail?a=hot100&year=2016&month=02&day=22
2016,hot100,2016-02-17,47,純真Always,田所あずさ,https://www.billboard-japan.com/charts/detail?a=hot100&year=2016&month=02&day=22
2016,hot100,2016-02-17,48,シュガーソングとビターステップ,UNISON SQUARE GARDEN,https://www.billboard-japan.com/charts/detail?a=hot100&year=2016&month=02&day=22
2016,hot100,2016-02-17,49,Knock Knock,N.Flying,https://www.billboard-japan.com/charts/detail?a=hot100&year=2016&month=02&day=22
2016,hot100,2016-02-17,50,唇にBe My Baby,AKB48,https://www.billboard-japan.com/charts/detail?a=hot100&year=2016&month=02&day=22
2016,hot100,2016-02-17,51,私以外私じゃないの,ゲスの極み乙女。,https://www.billboard-japan.com/charts/detail?a=hot100&year=2016&month=02&day=22
2016,hot100,2016-02-17,52,アライヴ,シーア,https://www.billboard-japan.com/charts/detail?a=hot100&year=2016&month=02&day=22
2016,hot100,2016-02-17,53,千本桜,WhiteFlame feat.初音ミク,https://www.billboard-japan.com/charts/detail?a=hot100&year=2016&month=02&day=22
2016,hot100,2016-02-17,54,未来へ,ナオト・インティライミ,https://www.billboard-japan.com/charts/detail?a=hot100&year=2016&month=02&day=22
2016,hot100,2016-02-17,55,ワース・イット feat.キッド・インク,フィフス・ハーモニー,https://www.billboard-japan.com/charts/detail?a=hot100&year=2016&month=02&day=22
2016,hot100,2016-02-17,56,ソーリー,ジャスティン・ビーバー,https://www.billboard-japan.com/charts/detail?a=hot100&year=2016&month=02&day=22
2016,hot100,2016-02-17,57,黒い雫,Superfly,https://www.billboard-japan.com/charts/detail?a=hot100&year=2016&month=02&day=22
2016,hot100,2016-02-17,58,クリスマスソング,back number,https://www.billboard-japan.com/charts/detail?a=hot100&year=2016&month=02&day=22
2016,hot100,2016-02-17,59,隣の行方,新山詩織,https://www.billboard-japan.com/charts/detail?a=hot100&year=2016&month=02&day=22
2016,hot100,2016-02-17,60,GOOD NIGHT AWESOME,IDOLiSH7,https://www.billboard-japan.com/charts/detail?a=hot100&year=2016&month=02&day=22
2016,hot100,2016-02-17,61,スーパーワーカー,go!go!vanillas,https://www.billboard-japan.com/charts/detail?a=hot100&year=2016&month=02&day=22
2016,hot100,2016-02-17,62,Summer Madness,三代目 J Soul Brothers from EXILE TRIBE,https://www.billboard-japan.com/charts/detail?a=hot100&year=2016&month=02&day=22
2016,hot100,2016-02-17,63,No.1,西野カナ,https://www.billboard-japan.com/charts/detail?a=hot100&year=2016&month=02&day=22
2016,hot100,2016-02-17,64,ホワット・ドゥ・ユー・ミーン?,ジャスティン・ビーバー,https://www.billboard-japan.com/charts/detail?a=hot100&year=2016&month=02&day=22
2016,hot100,2016-02-17,65,君はメロディー,AKB48,https://www.billboard-japan.com/charts/detail?a=hot100&year=2016&month=02&day=22
2016,hot100,2016-02-17,66,Raise your flag,MAN WITH A MISSION,https://www.billboard-japan.com/charts/detail?a=hot100&year=2016&month=02&day=22
2016,hot100,2016-02-17,67,スミレ,秦基博,https://www.billboard-japan.com/charts/detail?a=hot100&year=2016&month=02&day=22
2016,hot100,2016-02-17,68,新宝島,サカナクション,https://www.billboard-japan.com/charts/detail?a=hot100&year=2016&month=02&day=22
2016,hot100,2016-02-17,69,みれん心,氷川きよし,https://www.billboard-japan.com/charts/detail?a=hot100&year=2016&month=02&day=22
2016,hot100,2016-02-17,70,アナザーユー,赤マルダッシュ☆,https://www.billboard-japan.com/charts/detail?a=hot100&year=2016&month=02&day=22
2016,hot100,2016-02-17,71,Follow Me,E-girls,https://www.billboard-japan.com/charts/detail?a=hot100&year=2016&month=02&day=22
2016,hot100,2016-02-17,72,四万十川,三山ひろし,https://www.billboard-japan.com/charts/detail?a=hot100&year=2016&month=02&day=22
2016,hot100,2016-02-17,73,SNIFF OUT!,コブクロ,https://www.billboard-japan.com/charts/detail?a=hot100&year=2016&month=02&day=22
2016,hot100,2016-02-17,74,愛してるのに、愛せない,AAA,https://www.billboard-japan.com/charts/detail?a=hot100&year=2016&month=02&day=22
2016,hot100,2016-02-17,75,Beautiful,Superfly,https://www.billboard-japan.com/charts/detail?a=hot100&year=2016&month=02&day=22
2016,hot100,2016-02-17,76,ホールド・バック・ザ・リヴァー,ジェイムス・ベイ,https://www.billboard-japan.com/charts/detail?a=hot100&year=2016&month=02&day=22
2016,hot100,2016-02-17,77,LOSER,BIGBANG,https://www.billboard-japan.com/charts/detail?a=hot100&year=2016&month=02&day=22
2016,hot100,2016-02-17,78,好き,西野カナ,https://www.billboard-japan.com/charts/detail?a=hot100&year=2016&month=02&day=22
2016,hot100,2016-02-17,79,The Beginning,ONE OK ROCK,https://www.billboard-japan.com/charts/detail?a=hot100&year=2016&month=02&day=22
2016,hot100,2016-02-17,80,"Hello,world!",BUMP OF CHICKEN,https://www.billboard-japan.com/charts/detail?a=hot100&year=2016&month=02&day=22
2016,hot100,2016-02-17,81,あしたいろ,安田レイ,https://www.billboard-japan.com/charts/detail?a=hot100&year=2016&month=02&day=22
2016,hot100,2016-02-17,82,キャント・フィール・マイ・フェイス,ウィークエンド,https://www.billboard-japan.com/charts/detail?a=hot100&year=2016&month=02&day=22
2016,hot100,2016-02-17,83,シェイク・イット・オフ〜気にしてなんかいられないっ!!,テイラー・スウィフト,https://www.billboard-japan.com/charts/detail?a=hot100&year=2016&month=02&day=22
2016,hot100,2016-02-17,84,ハロー,アデル,https://www.billboard-japan.com/charts/detail?a=hot100&year=2016&month=02&day=22
2016,hot100,2016-02-17,85,あなたがここにいて抱きしめることができるなら,miwa,https://www.billboard-japan.com/charts/detail?a=hot100&year=2016&month=02&day=22
2016,hot100,2016-02-17,86,両成敗でいいじゃない,ゲスの極み乙女。,https://www.billboard-japan.com/charts/detail?a=hot100&year=2016&month=02&day=22
2016,hot100,2016-02-17,87,ワン・コール・アウェイ,チャーリー・プース,https://www.billboard-japan.com/charts/detail?a=hot100&year=2016&month=02&day=22
2016,hot100,2016-02-17,88,僕のキモチ,WaT,https://www.billboard-japan.com/charts/detail?a=hot100&year=2016&month=02&day=22
2016,hot100,2016-02-17,89,SO RUN,さかいゆう,https://www.billboard-japan.com/charts/detail?a=hot100&year=2016&month=02&day=22
2016,hot100,2016-02-17,90,ALRIGHT,THE YELLOW MONKEY,https://www.billboard-japan.com/charts/detail?a=hot100&year=2016&month=02&day=22
2016,hot100,2016-02-17,91,彼女はゾンビ,GLAY,https://www.billboard-japan.com/charts/detail?a=hot100&year=2016&month=02&day=22
2016,hot100,2016-02-17,92,Let's stand up!,イケてるハーツ,https://www.billboard-japan.com/charts/detail?a=hot100&year=2016&month=02&day=22
2016,hot100,2016-02-17,93,アドヴェンチャー・オブ・ア・ライフタイム,コールドプレイ,https://www.billboard-japan.com/charts/detail?a=hot100&year=2016&month=02&day=22
2016,hot100,2016-02-17,94,get to chance,ワンダーウィード,https://www.billboard-japan.com/charts/detail?a=hot100&year=2016&month=02&day=22
2016,hot100,2016-02-17,95,もしも運命の人がいるのなら,西野カナ,https://www.billboard-japan.com/charts/detail?a=hot100&year=2016&month=02&day=22
2016,hot100,2016-02-17,96,ヒカリノシズク,NEWS,https://www.billboard-japan.com/charts/detail?a=hot100&year=2016&month=02&day=22
2016,hot100,2016-02-17,97,IF YOU,BIGBANG,https://www.billboard-japan.com/charts/detail?a=hot100&year=2016&month=02&day=22
2016,hot100,2016-02-17,98,ランアンドラン,KANA-BOON,https://www.billboard-japan.com/charts/detail?a=hot100&year=2016&month=02&day=22
2016,hot100,2016-02-17,99,Share The Love,THE Sharehappi from 三代目 J Soul Brothers from EXILE TRIBE,https://www.billboard-japan.com/charts/detail?a=hot100&year=2016&month=02&day=22
2016,hot100,2016-02-17,100,奏(かなで),スキマスイッチ,https://www.billboard-japan.com/charts/detail?a=hot100&year=2016&month=02&day=22
2016,hot100,2016-02-24,1,明日への手紙,手嶌葵,https://www.billboard-japan.com/charts/detail?a=hot100&year=2016&month=02&day=29
2016,hot100,2016-02-24,2,桜ナイトフィーバー,こぶしファクトリー,https://www.billboard-japan.com/charts/detail?a=hot100&year=2016&month=02&day=29
2016,hot100,2016-02-24,3,PERFECT HUMAN,RADIO FISH,https://www.billboard-japan.com/charts/detail?a=hot100&year=2016&month=02&day=29
2016,hot100,2016-02-24,4,全力バタンキュー,A応P,https://www.billboard-japan.com/charts/detail?a=hot100&year=2016&month=02&day=29
2016,hot100,2016-02-24,5,Wherever you are,ONE OK ROCK,https://www.billboard-japan.com/charts/detail?a=hot100&year=2016&month=02&day=29
2016,hot100,2016-02-24,6,Hello To The World,家入レオ,https://www.billboard-japan.com/charts/detail?a=hot100&year=2016&month=02&day=29
2016,hot100,2016-02-24,7,海の声,浦島太郎(桐谷健太),https://www.billboard-japan.com/charts/detail?a=hot100&year=2016&month=02&day=29
2016,hot100,2016-02-24,8,BANG BANG BANG,BIGBANG,https://www.billboard-japan.com/charts/detail?a=hot100&year=2016&month=02&day=29
2016,hot100,2016-02-24,9,SUN,星野源,https://www.billboard-japan.com/charts/detail?a=hot100&year=2016&month=02&day=29
2016,hot100,2016-02-24,10,トリセツ,西野カナ,https://www.billboard-japan.com/charts/detail?a=hot100&year=2016&month=02&day=29
2016,hot100,2016-02-24,11,365日の紙飛行機,AKB48,https://www.billboard-japan.com/charts/detail?a=hot100&year=2016&month=02&day=29
2016,hot100,2016-02-24,12,アップタウン・ファンク feat.ブルーノ・マーズ,マーク・ロンソン,https://www.billboard-japan.com/charts/detail?a=hot100&year=2016&month=02&day=29
2016,hot100,2016-02-24,13,Butterfly,BUMP OF CHICKEN,https://www.billboard-japan.com/charts/detail?a=hot100&year=2016&month=02&day=29
2016,hot100,2016-02-24,14,復活LOVE,嵐,https://www.billboard-japan.com/charts/detail?a=hot100&year=2016&month=02&day=29
2016,hot100,2016-02-24,15,DANCE WITH ME NOW!,E-girls,https://www.billboard-japan.com/charts/detail?a=hot100&year=2016&month=02&day=29
2016,hot100,2016-02-24,16,未来,コブクロ,https://www.billboard-japan.com/charts/detail?a=hot100&year=2016&month=02&day=29
2016,hot100,2016-02-24,17,FANTASTIC BABY,BIGBANG,https://www.billboard-japan.com/charts/detail?a=hot100&year=2016&month=02&day=29
2016,hot100,2016-02-24,18,Lovely Lovely Strawberry,久保ユリカ,https://www.billboard-japan.com/charts/detail?a=hot100&year=2016&month=02&day=29
2016,hot100,2016-02-24,19,乙女心の鍵,バクステ外神田一丁目,https://www.billboard-japan.com/charts/detail?a=hot100&year=2016&month=02&day=29
2016,hot100,2016-02-24,20,Ki・mi・ni・mu・chu,EXILE,https://www.billboard-japan.com/charts/detail?a=hot100&year=2016&month=02&day=29
2016,hot100,2016-02-24,21,TRAGEDY,KAT-TUN,https://www.billboard-japan.com/charts/detail?a=hot100&year=2016&month=02&day=29
2016,hot100,2016-02-24,22,R.Y.U.S.E.I.,三代目 J Soul Brothers from EXILE TRIBE,https://www.billboard-japan.com/charts/detail?a=hot100&year=2016&month=02&day=29
2016,hot100,2016-02-24,23,Break Ya,LU:KUS,https://www.billboard-japan.com/charts/detail?a=hot100&year=2016&month=02&day=29
2016,hot100,2016-02-24,24,さらば涙,ケツメイシ,https://www.billboard-japan.com/charts/detail?a=hot100&year=2016&month=02&day=29
2016,hot100,2016-02-24,25,Goin'on,i☆Ris,https://www.billboard-japan.com/charts/detail?a=hot100&year=2016&month=02&day=29
2016,hot100,2016-02-24,26,純白アントワネット,放課後プリンセス,https://www.billboard-japan.com/charts/detail?a=hot100&year=2016&month=02&day=29
2016,hot100,2016-02-24,27,夜は眠れるかい?,flumpool,https://www.billboard-japan.com/charts/detail?a=hot100&year=2016&month=02&day=29
2016,hot100,2016-02-24,28,シー・ユー・アゲイン,ウィズ・カリファ feat.チャーリー・プース,https://www.billboard-japan.com/charts/detail?a=hot100&year=2016&month=02&day=29
2016,hot100,2016-02-24,29,Destiny,765PRO ALLSTARS,https://www.billboard-japan.com/charts/detail?a=hot100&year=2016&month=02&day=29
2016,hot100,2016-02-24,30,みんながみんな英雄,AI,https://www.billboard-japan.com/charts/detail?a=hot100&year=2016&month=02&day=29
2016,hot100,2016-02-24,31,夢,GReeeeN,https://www.billboard-japan.com/charts/detail?a=hot100&year=2016&month=02&day=29
2016,hot100,2016-02-24,32,世界に一つだけの花,SMAP,https://www.billboard-japan.com/charts/detail?a=hot100&year=2016&month=02&day=29
2016,hot100,2016-02-24,33,AGEHA,GENERATIONS from EXILE TRIBE,https://www.billboard-japan.com/charts/detail?a=hot100&year=2016&month=02&day=29
2016,hot100,2016-02-24,34,はなまるぴっぴはよいこだけ,A応P,https://www.billboard-japan.com/charts/detail?a=hot100&year=2016&month=02&day=29
2016,hot100,2016-02-24,35,Knew day,(K)NoW_NAME,https://www.billboard-japan.com/charts/detail?a=hot100&year=2016&month=02&day=29
2016,hot100,2016-02-24,36,シェイク・イット・オフ〜気にしてなんかいられないっ!!,テイラー・スウィフト,https://www.billboard-japan.com/charts/detail?a=hot100&year=2016&month=02&day=29
2016,hot100,2016-02-24,37,ひまわりの約束,秦基博,https://www.billboard-japan.com/charts/detail?a=hot100&year=2016&month=02&day=29
2016,hot100,2016-02-24,38,Memories,MAN WITH A MISSION,https://www.billboard-japan.com/charts/detail?a=hot100&year=2016&month=02&day=29
2016,hot100,2016-02-24,39,シンキング・アウト・ラウド,エド・シーラン,https://www.billboard-japan.com/charts/detail?a=hot100&year=2016&month=02&day=29
2016,hot100,2016-02-24,40,絆。,ハジ→,https://www.billboard-japan.com/charts/detail?a=hot100&year=2016&month=02&day=29
2016,hot100,2016-02-24,41,Damage,清水翔太,https://www.billboard-japan.com/charts/detail?a=hot100&year=2016&month=02&day=29
2016,hot100,2016-02-24,42,恋音と雨空,AAA,https://www.billboard-japan.com/charts/detail?a=hot100&year=2016&month=02&day=29
2016,hot100,2016-02-24,43,シュガーソングとビターステップ,UNISON SQUARE GARDEN,https://www.billboard-japan.com/charts/detail?a=hot100&year=2016&month=02&day=29
2016,hot100,2016-02-24,44,唇にBe My Baby,AKB48,https://www.billboard-japan.com/charts/detail?a=hot100&year=2016&month=02&day=29
2016,hot100,2016-02-24,45,DON'T STOP,ニコル,https://www.billboard-japan.com/charts/detail?a=hot100&year=2016&month=02&day=29
2016,hot100,2016-02-24,46,ホワット・ドゥ・ユー・ミーン?,ジャスティン・ビーバー,https://www.billboard-japan.com/charts/detail?a=hot100&year=2016&month=02&day=29
2016,hot100,2016-02-24,47,ヒロイン,back number,https://www.billboard-japan.com/charts/detail?a=hot100&year=2016&month=02&day=29
2016,hot100,2016-02-24,48,新宝島,サカナクション,https://www.billboard-japan.com/charts/detail?a=hot100&year=2016&month=02&day=29
2016,hot100,2016-02-24,49,ソーリー,ジャスティン・ビーバー,https://www.billboard-japan.com/charts/detail?a=hot100&year=2016&month=02&day=29
2016,hot100,2016-02-24,50,スミレ,秦基博,https://www.billboard-japan.com/charts/detail?a=hot100&year=2016&month=02&day=29
2016,hot100,2016-02-24,51,Follow Me,E-girls,https://www.billboard-japan.com/charts/detail?a=hot100&year=2016&month=02&day=29
2016,hot100,2016-02-24,52,薄紅,LACCO TOWER,https://www.billboard-japan.com/charts/detail?a=hot100&year=2016&month=02&day=29
2016,hot100,2016-02-24,53,BABY,藤原さくら,https://www.billboard-japan.com/charts/detail?a=hot100&year=2016&month=02&day=29
2016,hot100,2016-02-24,54,盟約の彼方,新田恵海,https://www.billboard-japan.com/charts/detail?a=hot100&year=2016&month=02&day=29
2016,hot100,2016-02-24,55,I kill,DEEP GIRL,https://www.billboard-japan.com/charts/detail?a=hot100&year=2016&month=02&day=29
2016,hot100,2016-02-24,56,時よ,星野源,https://www.billboard-japan.com/charts/detail?a=hot100&year=2016&month=02&day=29
2016,hot100,2016-02-24,57,a-gain,Ray,https://www.billboard-japan.com/charts/detail?a=hot100&year=2016&month=02&day=29
2016,hot100,2016-02-24,58,千本桜,WhiteFlame feat.初音ミク,https://www.billboard-japan.com/charts/detail?a=hot100&year=2016&month=02&day=29
2016,hot100,2016-02-24,59,Harvest,(K)NoW_NAME,https://www.billboard-japan.com/charts/detail?a=hot100&year=2016&month=02&day=29
2016,hot100,2016-02-24,60,Sexy Young Beautiful,Happiness,https://www.billboard-japan.com/charts/detail?a=hot100&year=2016&month=02&day=29
2016,hot100,2016-02-24,61,キャント・フィール・マイ・フェイス,ウィークエンド,https://www.billboard-japan.com/charts/detail?a=hot100&year=2016&month=02&day=29
2016,hot100,2016-02-24,62,変わらない強さ,井口裕香,https://www.billboard-japan.com/charts/detail?a=hot100&year=2016&month=02&day=29
2016,hot100,2016-02-24,63,CONTRAST,vistlip,https://www.billboard-japan.com/charts/detail?a=hot100&year=2016&month=02&day=29
2016,hot100,2016-02-24,64,恋心,MACO,https://www.billboard-japan.com/charts/detail?a=hot100&year=2016&month=02&day=29
2016,hot100,2016-02-24,65,ワース・イット feat.キッド・インク,フィフス・ハーモニー,https://www.billboard-japan.com/charts/detail?a=hot100&year=2016&month=02&day=29
2016,hot100,2016-02-24,66,The Beginning,ONE OK ROCK,https://www.billboard-japan.com/charts/detail?a=hot100&year=2016&month=02&day=29
2016,hot100,2016-02-24,67,ビーバイブレーション,ZEN THE HOLLYWOOD,https://www.billboard-japan.com/charts/detail?a=hot100&year=2016&month=02&day=29
2016,hot100,2016-02-24,68,ブランク・スペース,テイラー・スウィフト,https://www.billboard-japan.com/charts/detail?a=hot100&year=2016&month=02&day=29
2016,hot100,2016-02-24,69,Feel So Alive,三代目 J Soul Brothers from EXILE TRIBE,https://www.billboard-japan.com/charts/detail?a=hot100&year=2016&month=02&day=29
2016,hot100,2016-02-24,70,Summer Madness,三代目 J Soul Brothers from EXILE TRIBE,https://www.billboard-japan.com/charts/detail?a=hot100&year=2016&month=02&day=29
2016,hot100,2016-02-24,71,Sorry,I Don't Like Mondays.,https://www.billboard-japan.com/charts/detail?a=hot100&year=2016&month=02&day=29
2016,hot100,2016-02-24,72,羽,稲葉浩志,https://www.billboard-japan.com/charts/detail?a=hot100&year=2016&month=02&day=29
2016,hot100,2016-02-24,73,チョコレイト・ディスコ,Perfume,https://www.billboard-japan.com/charts/detail?a=hot100&year=2016&month=02&day=29
2016,hot100,2016-02-24,74,もっと,aiko,https://www.billboard-japan.com/charts/detail?a=hot100&year=2016&month=02&day=29
2016,hot100,2016-02-24,75,クリスマスソング,back number,https://www.billboard-japan.com/charts/detail?a=hot100&year=2016&month=02&day=29
2016,hot100,2016-02-24,76,四万十川,三山ひろし,https://www.billboard-japan.com/charts/detail?a=hot100&year=2016&month=02&day=29
2016,hot100,2016-02-24,77,黒い雫,Superfly,https://www.billboard-japan.com/charts/detail?a=hot100&year=2016&month=02&day=29
2016,hot100,2016-02-24,78,STAY TUNE,Suchmos,https://www.billboard-japan.com/charts/detail?a=hot100&year=2016&month=02&day=29
2016,hot100,2016-02-24,79,愛してるのに、愛せない,AAA,https://www.billboard-japan.com/charts/detail?a=hot100&year=2016&month=02&day=29
2016,hot100,2016-02-24,80,好き,西野カナ,https://www.billboard-japan.com/charts/detail?a=hot100&year=2016&month=02&day=29
2016,hot100,2016-02-24,81,かわいい,藤原さくら,https://www.billboard-japan.com/charts/detail?a=hot100&year=2016&month=02&day=29
2016,hot100,2016-02-24,82,私以外私じゃないの,ゲスの極み乙女。,https://www.billboard-japan.com/charts/detail?a=hot100&year=2016&month=02&day=29
2016,hot100,2016-02-24,83,シュガー,マルーン5,https://www.billboard-japan.com/charts/detail?a=hot100&year=2016&month=02&day=29
2016,hot100,2016-02-24,84,僕はここで生きていく,クリス・ハート,https://www.billboard-japan.com/charts/detail?a=hot100&year=2016&month=02&day=29
2016,hot100,2016-02-24,85,white forces,fripSide,https://www.billboard-japan.com/charts/detail?a=hot100&year=2016&month=02&day=29
2016,hot100,2016-02-24,86,Raise your flag,MAN WITH A MISSION,https://www.billboard-japan.com/charts/detail?a=hot100&year=2016&month=02&day=29
2016,hot100,2016-02-24,87,奏(かなで),スキマスイッチ,https://www.billboard-japan.com/charts/detail?a=hot100&year=2016&month=02&day=29
2016,hot100,2016-02-24,88,女のあかり,天童よしみ,https://www.billboard-japan.com/charts/detail?a=hot100&year=2016&month=02&day=29
2016,hot100,2016-02-24,89,Share The Love,THE Sharehappi from 三代目 J Soul Brothers from EXILE TRIBE,https://www.billboard-japan.com/charts/detail?a=hot100&year=2016&month=02&day=29
2016,hot100,2016-02-24,90,ハロー,アデル,https://www.billboard-japan.com/charts/detail?a=hot100&year=2016&month=02&day=29
2016,hot100,2016-02-24,91,No.1,西野カナ,https://www.billboard-japan.com/charts/detail?a=hot100&year=2016&month=02&day=29
2016,hot100,2016-02-24,92,チョット愚直に!猪突猛進,こぶしファクトリー,https://www.billboard-japan.com/charts/detail?a=hot100&year=2016&month=02&day=29
2016,hot100,2016-02-24,93,愛してる.com,大森靖子,https://www.billboard-japan.com/charts/detail?a=hot100&year=2016&month=02&day=29
2016,hot100,2016-02-24,94,"Hello,world!",BUMP OF CHICKEN,https://www.billboard-japan.com/charts/detail?a=hot100&year=2016&month=02&day=29
2016,hot100,2016-02-24,95,Feel,unBORDE all stars,https://www.billboard-japan.com/charts/detail?a=hot100&year=2016&month=02&day=29
2016,hot100,2016-02-24,96,ALRIGHT,THE YELLOW MONKEY,https://www.billboard-japan.com/charts/detail?a=hot100&year=2016&month=02&day=29
2016,hot100,2016-02-24,97,ラヴ・ミー・ライク・ユー・ドゥ,エリー・ゴールディング,https://www.billboard-japan.com/charts/detail?a=hot100&year=2016&month=02&day=29
2016,hot100,2016-02-24,98,極愛,HY,https://www.billboard-japan.com/charts/detail?a=hot100&year=2016&month=02&day=29
2016,hot100,2016-02-24,99,ray,BUMP OF CHICKEN,https://www.billboard-japan.com/charts/detail?a=hot100&year=2016&month=02&day=29
2016,hot100,2016-02-24,100,アイ・リアリー・ライク・ユー,カーリー・レイ・ジェプセン,https://www.billboard-japan.com/charts/detail?a=hot100&year=2016&month=02&day=29
2016,hot100,2016-03-02,1,復活LOVE,嵐,https://www.billboard-japan.com/charts/detail?a=hot100&year=2016&month=03&day=07
2016,hot100,2016-03-02,2,Dear Bride,BTOB,https://www.billboard-japan.com/charts/detail?a=hot100&year=2016&month=03&day=07
2016,hot100,2016-03-02,3,またキミと…,超新星,https://www.billboard-japan.com/charts/detail?a=hot100&year=2016&month=03&day=07
2016,hot100,2016-03-02,4,明日への手紙,手嶌葵,https://www.billboard-japan.com/charts/detail?a=hot100&year=2016&month=03&day=07
2016,hot100,2016-03-02,5,PERFECT HUMAN,RADIO FISH,https://www.billboard-japan.com/charts/detail?a=hot100&year=2016&month=03&day=07
2016,hot100,2016-03-02,6,みんながみんな英雄,AI,https://www.billboard-japan.com/charts/detail?a=hot100&year=2016&month=03&day=07
2016,hot100,2016-03-02,7,Jackpot,Block B,https://www.billboard-japan.com/charts/detail?a=hot100&year=2016&month=03&day=07
2016,hot100,2016-03-02,8,Kissing to feel,U-KISS,https://www.billboard-japan.com/charts/detail?a=hot100&year=2016&month=03&day=07
2016,hot100,2016-03-02,9,スミレ,秦基博,https://www.billboard-japan.com/charts/detail?a=hot100&year=2016&month=03&day=07
2016,hot100,2016-03-02,10,Wherever you are,ONE OK ROCK,https://www.billboard-japan.com/charts/detail?a=hot100&year=2016&month=03&day=07
2016,hot100,2016-03-02,11,fragile,TOKIO,https://www.billboard-japan.com/charts/detail?a=hot100&year=2016&month=03&day=07
2016,hot100,2016-03-02,12,BANG BANG BANG,BIGBANG,https://www.billboard-japan.com/charts/detail?a=hot100&year=2016&month=03&day=07
2016,hot100,2016-03-02,13,セーラー服と機関銃,橋本環奈,https://www.billboard-japan.com/charts/detail?a=hot100&year=2016&month=03&day=07
2016,hot100,2016-03-02,14,SUN,星野源,https://www.billboard-japan.com/charts/detail?a=hot100&year=2016&month=03&day=07
2016,hot100,2016-03-02,15,それは小さな光のような,さユり,https://www.billboard-japan.com/charts/detail?a=hot100&year=2016&month=03&day=07
2016,hot100,2016-03-02,16,海の声,浦島太郎(桐谷健太),https://www.billboard-japan.com/charts/detail?a=hot100&year=2016&month=03&day=07
2016,hot100,2016-03-02,17,365日の紙飛行機,AKB48,https://www.billboard-japan.com/charts/detail?a=hot100&year=2016&month=03&day=07
2016,hot100,2016-03-02,18,トリセツ,西野カナ,https://www.billboard-japan.com/charts/detail?a=hot100&year=2016&month=03&day=07
2016,hot100,2016-03-02,19,夢,GReeeeN,https://www.billboard-japan.com/charts/detail?a=hot100&year=2016&month=03&day=07
2016,hot100,2016-03-02,20,ハルジオンが咲く頃,乃木坂46,https://www.billboard-japan.com/charts/detail?a=hot100&year=2016&month=03&day=07
2016,hot100,2016-03-02,21,Danger Heaven?,神谷浩史,https://www.billboard-japan.com/charts/detail?a=hot100&year=2016&month=03&day=07
2016,hot100,2016-03-02,22,Mr.Wednesday,PASSPO☆,https://www.billboard-japan.com/charts/detail?a=hot100&year=2016&month=03&day=07
2016,hot100,2016-03-02,23,全力バタンキュー,A応P,https://www.billboard-japan.com/charts/detail?a=hot100&year=2016&month=03&day=07
2016,hot100,2016-03-02,24,KARATE,BABYMETAL,https://www.billboard-japan.com/charts/detail?a=hot100&year=2016&month=03&day=07
2016,hot100,2016-03-02,25,さらば涙,ケツメイシ,https://www.billboard-japan.com/charts/detail?a=hot100&year=2016&month=03&day=07
2016,hot100,2016-03-02,26,FANTASTIC BABY,BIGBANG,https://www.billboard-japan.com/charts/detail?a=hot100&year=2016&month=03&day=07
2016,hot100,2016-03-02,27,中途半端なスター,ファンキー加藤,https://www.billboard-japan.com/charts/detail?a=hot100&year=2016&month=03&day=07
2016,hot100,2016-03-02,28,DANCE WITH ME NOW!,E-girls,https://www.billboard-japan.com/charts/detail?a=hot100&year=2016&month=03&day=07
2016,hot100,2016-03-02,29,Hello To The World,家入レオ,https://www.billboard-japan.com/charts/detail?a=hot100&year=2016&month=03&day=07
2016,hot100,2016-03-02,30,絆。,ハジ→,https://www.billboard-japan.com/charts/detail?a=hot100&year=2016&month=03&day=07
2016,hot100,2016-03-02,31,Butterfly,BUMP OF CHICKEN,https://www.billboard-japan.com/charts/detail?a=hot100&year=2016&month=03&day=07
2016,hot100,2016-03-02,32,未来,コブクロ,https://www.billboard-japan.com/charts/detail?a=hot100&year=2016&month=03&day=07
2016,hot100,2016-03-02,33,Ki・mi・ni・mu・chu,EXILE,https://www.billboard-japan.com/charts/detail?a=hot100&year=2016&month=03&day=07
2016,hot100,2016-03-02,34,アップタウン・ファンク feat.ブルーノ・マーズ,マーク・ロンソン,https://www.billboard-japan.com/charts/detail?a=hot100&year=2016&month=03&day=07
2016,hot100,2016-03-02,35,R.Y.U.S.E.I.,三代目 J Soul Brothers from EXILE TRIBE,https://www.billboard-japan.com/charts/detail?a=hot100&year=2016&month=03&day=07
2016,hot100,2016-03-02,36,ひまわりの約束,秦基博,https://www.billboard-japan.com/charts/detail?a=hot100&year=2016&month=03&day=07
2016,hot100,2016-03-02,37,宝物,LoVendoЯ,https://www.billboard-japan.com/charts/detail?a=hot100&year=2016&month=03&day=07
2016,hot100,2016-03-02,38,発熱,tacica,https://www.billboard-japan.com/charts/detail?a=hot100&year=2016&month=03&day=07
2016,hot100,2016-03-02,39,友達と呼べる君へ,風男塾,https://www.billboard-japan.com/charts/detail?a=hot100&year=2016&month=03&day=07
2016,hot100,2016-03-02,40,今、話したい誰かがいる,乃木坂46,https://www.billboard-japan.com/charts/detail?a=hot100&year=2016&month=03&day=07
2016,hot100,2016-03-02,41,夜は眠れるかい?,flumpool,https://www.billboard-japan.com/charts/detail?a=hot100&year=2016&month=03&day=07
2016,hot100,2016-03-02,42,シー・ユー・アゲイン,ウィズ・カリファ feat.チャーリー・プース,https://www.billboard-japan.com/charts/detail?a=hot100&year=2016&month=03&day=07
2016,hot100,2016-03-02,43,ソーリー,ジャスティン・ビーバー,https://www.billboard-japan.com/charts/detail?a=hot100&year=2016&month=03&day=07
2016,hot100,2016-03-02,44,そんな君、こんな僕,Thinking Dogs,https://www.billboard-japan.com/charts/detail?a=hot100&year=2016&month=03&day=07
2016,hot100,2016-03-02,45,AGEHA,GENERATIONS from EXILE TRIBE,https://www.billboard-japan.com/charts/detail?a=hot100&year=2016&month=03&day=07
2016,hot100,2016-03-02,46,BABY,藤原さくら,https://www.billboard-japan.com/charts/detail?a=hot100&year=2016&month=03&day=07
2016,hot100,2016-03-02,47,ワーク feat.ドレイク,リアーナ,https://www.billboard-japan.com/charts/detail?a=hot100&year=2016&month=03&day=07
2016,hot100,2016-03-02,48,もっと,aiko,https://www.billboard-japan.com/charts/detail?a=hot100&year=2016&month=03&day=07
2016,hot100,2016-03-02,49,カザキリ,やなぎなぎ,https://www.billboard-japan.com/charts/detail?a=hot100&year=2016&month=03&day=07
2016,hot100,2016-03-02,50,キセキ,GReeeeN,https://www.billboard-japan.com/charts/detail?a=hot100&year=2016&month=03&day=07
2016,hot100,2016-03-02,51,はなまるぴっぴはよいこだけ,A応P,https://www.billboard-japan.com/charts/detail?a=hot100&year=2016&month=03&day=07
2016,hot100,2016-03-02,52,シェイク・イット・オフ〜気にしてなんかいられないっ!!,テイラー・スウィフト,https://www.billboard-japan.com/charts/detail?a=hot100&year=2016&month=03&day=07
2016,hot100,2016-03-02,53,Feel,unBORDE all stars,https://www.billboard-japan.com/charts/detail?a=hot100&year=2016&month=03&day=07
2016,hot100,2016-03-02,54,咲かないで,WHITE JAM,https://www.billboard-japan.com/charts/detail?a=hot100&year=2016&month=03&day=07
2016,hot100,2016-03-02,55,QUESTION,3年E組うた担(渚&茅野&業&磯貝&前原),https://www.billboard-japan.com/charts/detail?a=hot100&year=2016&month=03&day=07
2016,hot100,2016-03-02,56,新宝島,サカナクション,https://www.billboard-japan.com/charts/detail?a=hot100&year=2016&month=03&day=07
2016,hot100,2016-03-02,57,Memories,MAN WITH A MISSION,https://www.billboard-japan.com/charts/detail?a=hot100&year=2016&month=03&day=07
2016,hot100,2016-03-02,58,ホワット・ドゥ・ユー・ミーン?,ジャスティン・ビーバー,https://www.billboard-japan.com/charts/detail?a=hot100&year=2016&month=03&day=07
2016,hot100,2016-03-02,59,ザ・サウンド,The 1975,https://www.billboard-japan.com/charts/detail?a=hot100&year=2016&month=03&day=07
2016,hot100,2016-03-02,60,RPG,SEKAI NO OWARI,https://www.billboard-japan.com/charts/detail?a=hot100&year=2016&month=03&day=07
2016,hot100,2016-03-02,61,恋音と雨空,AAA,https://www.billboard-japan.com/charts/detail?a=hot100&year=2016&month=03&day=07
2016,hot100,2016-03-02,62,唇にBe My Baby,AKB48,https://www.billboard-japan.com/charts/detail?a=hot100&year=2016&month=03&day=07
2016,hot100,2016-03-02,63,かわいい,藤原さくら,https://www.billboard-japan.com/charts/detail?a=hot100&year=2016&month=03&day=07
2016,hot100,2016-03-02,64,コップの中の木漏れ日,ラブ・クレッシェンド,https://www.billboard-japan.com/charts/detail?a=hot100&year=2016&month=03&day=07
2016,hot100,2016-03-02,65,SEVENTH HAVEN,セブンスシスターズ,https://www.billboard-japan.com/charts/detail?a=hot100&year=2016&month=03&day=07
2016,hot100,2016-03-02,66,愛してるのに、愛せない,AAA,https://www.billboard-japan.com/charts/detail?a=hot100&year=2016&month=03&day=07
2016,hot100,2016-03-02,67,Canvas,赤い公園,https://www.billboard-japan.com/charts/detail?a=hot100&year=2016&month=03&day=07
2016,hot100,2016-03-02,68,Flying B,AK-69,https://www.billboard-japan.com/charts/detail?a=hot100&year=2016&month=03&day=07
2016,hot100,2016-03-02,69,千本桜,WhiteFlame feat.初音ミク,https://www.billboard-japan.com/charts/detail?a=hot100&year=2016&month=03&day=07
2016,hot100,2016-03-02,70,世界に一つだけの花,SMAP,https://www.billboard-japan.com/charts/detail?a=hot100&year=2016&month=03&day=07
2016,hot100,2016-03-02,71,STEEL-鉄血の絆-,TRUE,https://www.billboard-japan.com/charts/detail?a=hot100&year=2016&month=03&day=07
2016,hot100,2016-03-02,72,シンキング・アウト・ラウド,エド・シーラン,https://www.billboard-japan.com/charts/detail?a=hot100&year=2016&month=03&day=07
2016,hot100,2016-03-02,73,桜ナイトフィーバー,こぶしファクトリー,https://www.billboard-japan.com/charts/detail?a=hot100&year=2016&month=03&day=07
2016,hot100,2016-03-02,74,シュガーソングとビターステップ,UNISON SQUARE GARDEN,https://www.billboard-japan.com/charts/detail?a=hot100&year=2016&month=03&day=07
2016,hot100,2016-03-02,75,Damage,清水翔太,https://www.billboard-japan.com/charts/detail?a=hot100&year=2016&month=03&day=07
2016,hot100,2016-03-02,76,Tokyo,雨のパレード,https://www.billboard-japan.com/charts/detail?a=hot100&year=2016&month=03&day=07
2016,hot100,2016-03-02,77,うるさい,SUPER BEAVER,https://www.billboard-japan.com/charts/detail?a=hot100&year=2016&month=03&day=07
2016,hot100,2016-03-02,78,君はメロディー,AKB48,https://www.billboard-japan.com/charts/detail?a=hot100&year=2016&month=03&day=07
2016,hot100,2016-03-02,79,Press Your Number,テミン(from SHINee),https://www.billboard-japan.com/charts/detail?a=hot100&year=2016&month=03&day=07
2016,hot100,2016-03-02,80,羽,稲葉浩志,https://www.billboard-japan.com/charts/detail?a=hot100&year=2016&month=03&day=07
2016,hot100,2016-03-02,81,江南スタイル,PSY,https://www.billboard-japan.com/charts/detail?a=hot100&year=2016&month=03&day=07
2016,hot100,2016-03-02,82,ライムツリー,nano.RIPE,https://www.billboard-japan.com/charts/detail?a=hot100&year=2016&month=03&day=07
2016,hot100,2016-03-02,83,黒い雫,Superfly,https://www.billboard-japan.com/charts/detail?a=hot100&year=2016&month=03&day=07
2016,hot100,2016-03-02,84,薄紅,LACCO TOWER,https://www.billboard-japan.com/charts/detail?a=hot100&year=2016&month=03&day=07
2016,hot100,2016-03-02,85,The Beginning,ONE OK ROCK,https://www.billboard-japan.com/charts/detail?a=hot100&year=2016&month=03&day=07
2016,hot100,2016-03-02,86,I want u to love me,[Alexandros],https://www.billboard-japan.com/charts/detail?a=hot100&year=2016&month=03&day=07
2016,hot100,2016-03-02,87,透明な女の子,花澤香菜,https://www.billboard-japan.com/charts/detail?a=hot100&year=2016&month=03&day=07
2016,hot100,2016-03-02,88,奏(かなで),スキマスイッチ,https://www.billboard-japan.com/charts/detail?a=hot100&year=2016&month=03&day=07
2016,hot100,2016-03-02,89,KNOW KNOW KNOW,DOES,https://www.billboard-japan.com/charts/detail?a=hot100&year=2016&month=03&day=07
2016,hot100,2016-03-02,90,Sorry,I Don't Like Mondays.,https://www.billboard-japan.com/charts/detail?a=hot100&year=2016&month=03&day=07
2016,hot100,2016-03-02,91,Summer Madness,三代目 J Soul Brothers from EXILE TRIBE,https://www.billboard-japan.com/charts/detail?a=hot100&year=2016&month=03&day=07
2016,hot100,2016-03-02,92,UNLOCK,KAT-TUN,https://www.billboard-japan.com/charts/detail?a=hot100&year=2016&month=03&day=07
2016,hot100,2016-03-02,93,STAY TUNE,Suchmos,https://www.billboard-japan.com/charts/detail?a=hot100&year=2016&month=03&day=07
2016,hot100,2016-03-02,94,好き,西野カナ,https://www.billboard-japan.com/charts/detail?a=hot100&year=2016&month=03&day=07
2016,hot100,2016-03-02,95,Knew day,(K)NoW_NAME,https://www.billboard-japan.com/charts/detail?a=hot100&year=2016&month=03&day=07
2016,hot100,2016-03-02,96,ラヴ・ユアセルフ,ジャスティン・ビーバー,https://www.billboard-japan.com/charts/detail?a=hot100&year=2016&month=03&day=07
2016,hot100,2016-03-02,97,TRAGEDY,KAT-TUN,https://www.billboard-japan.com/charts/detail?a=hot100&year=2016&month=03&day=07
2016,hot100,2016-03-02,98,ホエア・ザ・ライト・ゲッツ・イン,プライマル・スクリーム,https://www.billboard-japan.com/charts/detail?a=hot100&year=2016&month=03&day=07
2016,hot100,2016-03-02,99,アイ・リアリー・ライク・ユー,カーリー・レイ・ジェプセン,https://www.billboard-japan.com/charts/detail?a=hot100&year=2016&month=03&day=07
2016,hot100,2016-03-02,100,ワース・イット feat.キッド・インク,フィフス・ハーモニー,https://www.billboard-japan.com/charts/detail?a=hot100&year=2016&month=03&day=07
2016,hot100,2016-03-09,1,UNLOCK,KAT-TUN,https://www.billboard-japan.com/charts/detail?a=hot100&year=2016&month=03&day=14
2016,hot100,2016-03-09,2,MOMENT RING,μ's,https://www.billboard-japan.com/charts/detail?a=hot100&year=2016&month=03&day=14
2016,hot100,2016-03-09,3,復活LOVE,嵐,https://www.billboard-japan.com/charts/detail?a=hot100&year=2016&month=03&day=14
2016,hot100,2016-03-09,4,明日への手紙,手嶌葵,https://www.billboard-japan.com/charts/detail?a=hot100&year=2016&month=03&day=14
2016,hot100,2016-03-09,5,Yell,超特急,https://www.billboard-japan.com/charts/detail?a=hot100&year=2016&month=03&day=14
2016,hot100,2016-03-09,6,みんながみんな英雄,AI,https://www.billboard-japan.com/charts/detail?a=hot100&year=2016&month=03&day=14
2016,hot100,2016-03-09,7,世界に一つだけの花,SMAP,https://www.billboard-japan.com/charts/detail?a=hot100&year=2016&month=03&day=14
2016,hot100,2016-03-09,8,BANG BANG BANG,BIGBANG,https://www.billboard-japan.com/charts/detail?a=hot100&year=2016&month=03&day=14
2016,hot100,2016-03-09,9,Wherever you are,ONE OK ROCK,https://www.billboard-japan.com/charts/detail?a=hot100&year=2016&month=03&day=14
2016,hot100,2016-03-09,10,いつか見た虹のその下で,アフィリア・サーガ,https://www.billboard-japan.com/charts/detail?a=hot100&year=2016&month=03&day=14
2016,hot100,2016-03-09,11,PERFECT HUMAN,RADIO FISH,https://www.billboard-japan.com/charts/detail?a=hot100&year=2016&month=03&day=14
2016,hot100,2016-03-09,12,FLY HIGH!!,BURNOUT SYNDROMES,https://www.billboard-japan.com/charts/detail?a=hot100&year=2016&month=03&day=14
2016,hot100,2016-03-09,13,SUN,星野源,https://www.billboard-japan.com/charts/detail?a=hot100&year=2016&month=03&day=14
2016,hot100,2016-03-09,14,No more,EXILE ATSUSHI + AI,https://www.billboard-japan.com/charts/detail?a=hot100&year=2016&month=03&day=14
2016,hot100,2016-03-09,15,スミレ,秦基博,https://www.billboard-japan.com/charts/detail?a=hot100&year=2016&month=03&day=14
2016,hot100,2016-03-09,16,365日の紙飛行機,AKB48,https://www.billboard-japan.com/charts/detail?a=hot100&year=2016&month=03&day=14
2016,hot100,2016-03-09,17,トリセツ,西野カナ,https://www.billboard-japan.com/charts/detail?a=hot100&year=2016&month=03&day=14
2016,hot100,2016-03-09,18,海の声,浦島太郎(桐谷健太),https://www.billboard-japan.com/charts/detail?a=hot100&year=2016&month=03&day=14
2016,hot100,2016-03-09,19,KNOW KNOW KNOW,DOES,https://www.billboard-japan.com/charts/detail?a=hot100&year=2016&month=03&day=14
2016,hot100,2016-03-09,20,QUARTETTO,NEWS,https://www.billboard-japan.com/charts/detail?a=hot100&year=2016&month=03&day=14
2016,hot100,2016-03-09,21,FANTASTIC BABY,BIGBANG,https://www.billboard-japan.com/charts/detail?a=hot100&year=2016&month=03&day=14
2016,hot100,2016-03-09,22,共鳴世界の存在論(オントロジー),二宮飛鳥(青木志貴),https://www.billboard-japan.com/charts/detail?a=hot100&year=2016&month=03&day=14
2016,hot100,2016-03-09,23,ハルジオンが咲く頃,乃木坂46,https://www.billboard-japan.com/charts/detail?a=hot100&year=2016&month=03&day=14
2016,hot100,2016-03-09,24,空へ,山崎まさよし,https://www.billboard-japan.com/charts/detail?a=hot100&year=2016&month=03&day=14
2016,hot100,2016-03-09,25,彩,己龍,https://www.billboard-japan.com/charts/detail?a=hot100&year=2016&month=03&day=14
2016,hot100,2016-03-09,26,Radio Happy,大槻唯(山下七海),https://www.billboard-japan.com/charts/detail?a=hot100&year=2016&month=03&day=14
2016,hot100,2016-03-09,27,夢,GReeeeN,https://www.billboard-japan.com/charts/detail?a=hot100&year=2016&month=03&day=14
2016,hot100,2016-03-09,28,全力バタンキュー,A応P,https://www.billboard-japan.com/charts/detail?a=hot100&year=2016&month=03&day=14
2016,hot100,2016-03-09,29,恋のHamburg♪,五十嵐響子(種崎敦美),https://www.billboard-japan.com/charts/detail?a=hot100&year=2016&month=03&day=14
2016,hot100,2016-03-09,30,lilac time,相葉夕美(木村珠莉),https://www.billboard-japan.com/charts/detail?a=hot100&year=2016&month=03&day=14
2016,hot100,2016-03-09,31,未来,コブクロ,https://www.billboard-japan.com/charts/detail?a=hot100&year=2016&month=03&day=14
2016,hot100,2016-03-09,32,R.Y.U.S.E.I.,三代目 J Soul Brothers from EXILE TRIBE,https://www.billboard-japan.com/charts/detail?a=hot100&year=2016&month=03&day=14
2016,hot100,2016-03-09,33,それは小さな光のような,さユり,https://www.billboard-japan.com/charts/detail?a=hot100&year=2016&month=03&day=14
2016,hot100,2016-03-09,34,ひまわりの約束,秦基博,https://www.billboard-japan.com/charts/detail?a=hot100&year=2016&month=03&day=14
2016,hot100,2016-03-09,35,道,EXILE,https://www.billboard-japan.com/charts/detail?a=hot100&year=2016&month=03&day=14
2016,hot100,2016-03-09,36,恋色エナジー,中野有香(下地紫野),https://www.billboard-japan.com/charts/detail?a=hot100&year=2016&month=03&day=14
2016,hot100,2016-03-09,37,AGEHA,GENERATIONS from EXILE TRIBE,https://www.billboard-japan.com/charts/detail?a=hot100&year=2016&month=03&day=14
2016,hot100,2016-03-09,38,DANCE WITH ME NOW!,E-girls,https://www.billboard-japan.com/charts/detail?a=hot100&year=2016&month=03&day=14
2016,hot100,2016-03-09,39,マッドシュリンプス,ミソッカス,https://www.billboard-japan.com/charts/detail?a=hot100&year=2016&month=03&day=14
2016,hot100,2016-03-09,40,アクセンティア,藍井エイル,https://www.billboard-japan.com/charts/detail?a=hot100&year=2016&month=03&day=14
2016,hot100,2016-03-09,41,さらば涙,ケツメイシ,https://www.billboard-japan.com/charts/detail?a=hot100&year=2016&month=03&day=14
2016,hot100,2016-03-09,42,ザ・サウンド,The 1975,https://www.billboard-japan.com/charts/detail?a=hot100&year=2016&month=03&day=14
2016,hot100,2016-03-09,43,セーラー服と機関銃,橋本環奈,https://www.billboard-japan.com/charts/detail?a=hot100&year=2016&month=03&day=14
2016,hot100,2016-03-09,44,動物戦隊ジュウオウジャー,高取ヒデアキ,https://www.billboard-japan.com/charts/detail?a=hot100&year=2016&month=03&day=14
2016,hot100,2016-03-09,45,STAR☆ットしちゃうぜ春だしね,でんぱ組.inc,https://www.billboard-japan.com/charts/detail?a=hot100&year=2016&month=03&day=14
2016,hot100,2016-03-09,46,Hello To The World,家入レオ,https://www.billboard-japan.com/charts/detail?a=hot100&year=2016&month=03&day=14
2016,hot100,2016-03-09,47,雨と涙と乙女とたい焼き,乙女新党,https://www.billboard-japan.com/charts/detail?a=hot100&year=2016&month=03&day=14
2016,hot100,2016-03-09,48,チェリボム,Silent Siren,https://www.billboard-japan.com/charts/detail?a=hot100&year=2016&month=03&day=14
2016,hot100,2016-03-09,49,3月9日,レミオロメン,https://www.billboard-japan.com/charts/detail?a=hot100&year=2016&month=03&day=14
2016,hot100,2016-03-09,50,Ki・mi・ni・mu・chu,EXILE,https://www.billboard-japan.com/charts/detail?a=hot100&year=2016&month=03&day=14
2016,hot100,2016-03-09,51,ワーク feat.ドレイク,リアーナ,https://www.billboard-japan.com/charts/detail?a=hot100&year=2016&month=03&day=14
2016,hot100,2016-03-09,52,Dear Bride,BTOB,https://www.billboard-japan.com/charts/detail?a=hot100&year=2016&month=03&day=14
2016,hot100,2016-03-09,53,シー・ユー・アゲイン,ウィズ・カリファ feat.チャーリー・プース,https://www.billboard-japan.com/charts/detail?a=hot100&year=2016&month=03&day=14
2016,hot100,2016-03-09,54,MONSTER WORLD,HOWL BE QUIET,https://www.billboard-japan.com/charts/detail?a=hot100&year=2016&month=03&day=14
2016,hot100,2016-03-09,55,あっちむいて,Swimy,https://www.billboard-japan.com/charts/detail?a=hot100&year=2016&month=03&day=14
2016,hot100,2016-03-09,56,絆。,ハジ→,https://www.billboard-japan.com/charts/detail?a=hot100&year=2016&month=03&day=14
2016,hot100,2016-03-09,57,FLASH,Perfume,https://www.billboard-japan.com/charts/detail?a=hot100&year=2016&month=03&day=14
2016,hot100,2016-03-09,58,夜は眠れるかい?,flumpool,https://www.billboard-japan.com/charts/detail?a=hot100&year=2016&month=03&day=14
2016,hot100,2016-03-09,59,もっと,aiko,https://www.billboard-japan.com/charts/detail?a=hot100&year=2016&month=03&day=14
2016,hot100,2016-03-09,60,ソーリー,ジャスティン・ビーバー,https://www.billboard-japan.com/charts/detail?a=hot100&year=2016&month=03&day=14
2016,hot100,2016-03-09,61,新宝島,サカナクション,https://www.billboard-japan.com/charts/detail?a=hot100&year=2016&month=03&day=14
2016,hot100,2016-03-09,62,fragile,TOKIO,https://www.billboard-japan.com/charts/detail?a=hot100&year=2016&month=03&day=14
2016,hot100,2016-03-09,63,君はメロディー,AKB48,https://www.billboard-japan.com/charts/detail?a=hot100&year=2016&month=03&day=14
2016,hot100,2016-03-09,64,Always coming back,ONE OK ROCK,https://www.billboard-japan.com/charts/detail?a=hot100&year=2016&month=03&day=14
2016,hot100,2016-03-09,65,Butterfly,BUMP OF CHICKEN,https://www.billboard-japan.com/charts/detail?a=hot100&year=2016&month=03&day=14
2016,hot100,2016-03-09,66,はなまるぴっぴはよいこだけ,A応P,https://www.billboard-japan.com/charts/detail?a=hot100&year=2016&month=03&day=14
2016,hot100,2016-03-09,67,LOVE ME DO,SCANDAL,https://www.billboard-japan.com/charts/detail?a=hot100&year=2016&month=03&day=14
2016,hot100,2016-03-09,68,シュガーソングとビターステップ,UNISON SQUARE GARDEN,https://www.billboard-japan.com/charts/detail?a=hot100&year=2016&month=03&day=14
2016,hot100,2016-03-09,69,Rainy Room,GENERATIONS from EXILE TRIBE,https://www.billboard-japan.com/charts/detail?a=hot100&year=2016&month=03&day=14
2016,hot100,2016-03-09,70,咲かないで,WHITE JAM,https://www.billboard-japan.com/charts/detail?a=hot100&year=2016&month=03&day=14
2016,hot100,2016-03-09,71,ホワット・ドゥ・ユー・ミーン?,ジャスティン・ビーバー,https://www.billboard-japan.com/charts/detail?a=hot100&year=2016&month=03&day=14
2016,hot100,2016-03-09,72,恋音と雨空,AAA,https://www.billboard-japan.com/charts/detail?a=hot100&year=2016&month=03&day=14
2016,hot100,2016-03-09,73,アップタウン・ファンク feat.ブルーノ・マーズ,マーク・ロンソン,https://www.billboard-japan.com/charts/detail?a=hot100&year=2016&month=03&day=14
2016,hot100,2016-03-09,74,千本桜,WhiteFlame feat.初音ミク,https://www.billboard-japan.com/charts/detail?a=hot100&year=2016&month=03&day=14
2016,hot100,2016-03-09,75,サプリミナル・ダイエット,Charisma.com,https://www.billboard-japan.com/charts/detail?a=hot100&year=2016&month=03&day=14
2016,hot100,2016-03-09,76,愛してるのに、愛せない,AAA,https://www.billboard-japan.com/charts/detail?a=hot100&year=2016&month=03&day=14
2016,hot100,2016-03-09,77,The Beginning,ONE OK ROCK,https://www.billboard-japan.com/charts/detail?a=hot100&year=2016&month=03&day=14
2016,hot100,2016-03-09,78,千年少女〜Tin Ton de Schon〜,ミライスカート,https://www.billboard-japan.com/charts/detail?a=hot100&year=2016&month=03&day=14
2016,hot100,2016-03-09,79,RPG,SEKAI NO OWARI,https://www.billboard-japan.com/charts/detail?a=hot100&year=2016&month=03&day=14
2016,hot100,2016-03-09,80,Best Friend,Kiroro,https://www.billboard-japan.com/charts/detail?a=hot100&year=2016&month=03&day=14
2016,hot100,2016-03-09,81,江南スタイル,PSY,https://www.billboard-japan.com/charts/detail?a=hot100&year=2016&month=03&day=14
2016,hot100,2016-03-09,82,唇にBe My Baby,AKB48,https://www.billboard-japan.com/charts/detail?a=hot100&year=2016&month=03&day=14
2016,hot100,2016-03-09,83,366日,HY,https://www.billboard-japan.com/charts/detail?a=hot100&year=2016&month=03&day=14
2016,hot100,2016-03-09,84,さようならへさよなら!,μ's,https://www.billboard-japan.com/charts/detail?a=hot100&year=2016&month=03&day=14
2016,hot100,2016-03-09,85,奏(かなで),スキマスイッチ,https://www.billboard-japan.com/charts/detail?a=hot100&year=2016&month=03&day=14
2016,hot100,2016-03-09,86,Take It Easy,RIP SLYME,https://www.billboard-japan.com/charts/detail?a=hot100&year=2016&month=03&day=14
2016,hot100,2016-03-09,87,Re:Re:,ASIAN KUNG-FU GENERATION,https://www.billboard-japan.com/charts/detail?a=hot100&year=2016&month=03&day=14
2016,hot100,2016-03-09,88,Summer Madness,三代目 J Soul Brothers from EXILE TRIBE,https://www.billboard-japan.com/charts/detail?a=hot100&year=2016&month=03&day=14
2016,hot100,2016-03-09,89,Memories,MAN WITH A MISSION,https://www.billboard-japan.com/charts/detail?a=hot100&year=2016&month=03&day=14
2016,hot100,2016-03-09,90,キセキ,GReeeeN,https://www.billboard-japan.com/charts/detail?a=hot100&year=2016&month=03&day=14
2016,hot100,2016-03-09,91,星が輝く夜,KIRA,https://www.billboard-japan.com/charts/detail?a=hot100&year=2016&month=03&day=14
2016,hot100,2016-03-09,92,好き,西野カナ,https://www.billboard-japan.com/charts/detail?a=hot100&year=2016&month=03&day=14
2016,hot100,2016-03-09,93,アライヴ,シーア,https://www.billboard-japan.com/charts/detail?a=hot100&year=2016&month=03&day=14
2016,hot100,2016-03-09,94,Tokyo,雨のパレード,https://www.billboard-japan.com/charts/detail?a=hot100&year=2016&month=03&day=14
2016,hot100,2016-03-09,95,ラヴ・ユアセルフ,ジャスティン・ビーバー,https://www.billboard-japan.com/charts/detail?a=hot100&year=2016&month=03&day=14
2016,hot100,2016-03-09,96,TRAGEDY,KAT-TUN,https://www.billboard-japan.com/charts/detail?a=hot100&year=2016&month=03&day=14
2016,hot100,2016-03-09,97,シェイク・イット・オフ〜気にしてなんかいられないっ!!,テイラー・スウィフト,https://www.billboard-japan.com/charts/detail?a=hot100&year=2016&month=03&day=14
2016,hot100,2016-03-09,98,黒い雫,Superfly,https://www.billboard-japan.com/charts/detail?a=hot100&year=2016&month=03&day=14
2016,hot100,2016-03-09,99,KARATE,BABYMETAL,https://www.billboard-japan.com/charts/detail?a=hot100&year=2016&month=03&day=14
2016,hot100,2016-03-09,100,ハピネス,AI,https://www.billboard-japan.com/charts/detail?a=hot100&year=2016&month=03&day=14
2016,hot100,2016-03-16,1,君はメロディー,AKB48,https://www.billboard-japan.com/charts/detail?a=hot100&year=2016&month=03&day=21
2016,hot100,2016-03-16,2,もっと,aiko,https://www.billboard-japan.com/charts/detail?a=hot100&year=2016&month=03&day=21
2016,hot100,2016-03-16,3,ブギウギLOVE,カントリー・ガールズ,https://www.billboard-japan.com/charts/detail?a=hot100&year=2016&month=03&day=21
2016,hot100,2016-03-16,4,No more,EXILE ATSUSHI + AI,https://www.billboard-japan.com/charts/detail?a=hot100&year=2016&month=03&day=21
2016,hot100,2016-03-16,5,3月9日,レミオロメン,https://www.billboard-japan.com/charts/detail?a=hot100&year=2016&month=03&day=21
2016,hot100,2016-03-16,6,Survivor,BLUE ENCOUNT,https://www.billboard-japan.com/charts/detail?a=hot100&year=2016&month=03&day=21
2016,hot100,2016-03-16,7,Feel So Alive,三代目 J Soul Brothers from EXILE TRIBE,https://www.billboard-japan.com/charts/detail?a=hot100&year=2016&month=03&day=21
2016,hot100,2016-03-16,8,明日への手紙,手嶌葵,https://www.billboard-japan.com/charts/detail?a=hot100&year=2016&month=03&day=21
2016,hot100,2016-03-16,9,Always coming back,ONE OK ROCK,https://www.billboard-japan.com/charts/detail?a=hot100&year=2016&month=03&day=21
2016,hot100,2016-03-16,10,復活LOVE,嵐,https://www.billboard-japan.com/charts/detail?a=hot100&year=2016&month=03&day=21
2016,hot100,2016-03-16,11,さくらのうた,高橋優,https://www.billboard-japan.com/charts/detail?a=hot100&year=2016&month=03&day=21
2016,hot100,2016-03-16,12,マシュマロ,アルスマグナ,https://www.billboard-japan.com/charts/detail?a=hot100&year=2016&month=03&day=21
2016,hot100,2016-03-16,13,PERFECT HUMAN,RADIO FISH,https://www.billboard-japan.com/charts/detail?a=hot100&year=2016&month=03&day=21
2016,hot100,2016-03-16,14,UNLOCK,KAT-TUN,https://www.billboard-japan.com/charts/detail?a=hot100&year=2016&month=03&day=21
2016,hot100,2016-03-16,15,Wherever you are,ONE OK ROCK,https://www.billboard-japan.com/charts/detail?a=hot100&year=2016&month=03&day=21
2016,hot100,2016-03-16,16,MOMENT RING,μ's,https://www.billboard-japan.com/charts/detail?a=hot100&year=2016&month=03&day=21
2016,hot100,2016-03-16,17,MONSTER WORLD,HOWL BE QUIET,https://www.billboard-japan.com/charts/detail?a=hot100&year=2016&month=03&day=21
2016,hot100,2016-03-16,18,QUARTETTO,NEWS,https://www.billboard-japan.com/charts/detail?a=hot100&year=2016&month=03&day=21
2016,hot100,2016-03-16,19,AGEHA,GENERATIONS from EXILE TRIBE,https://www.billboard-japan.com/charts/detail?a=hot100&year=2016&month=03&day=21
2016,hot100,2016-03-16,20,トリセツ,西野カナ,https://www.billboard-japan.com/charts/detail?a=hot100&year=2016&month=03&day=21
2016,hot100,2016-03-16,21,みんながみんな英雄,AI,https://www.billboard-japan.com/charts/detail?a=hot100&year=2016&month=03&day=21
2016,hot100,2016-03-16,22,BANG BANG BANG,BIGBANG,https://www.billboard-japan.com/charts/detail?a=hot100&year=2016&month=03&day=21
2016,hot100,2016-03-16,23,SUN,星野源,https://www.billboard-japan.com/charts/detail?a=hot100&year=2016&month=03&day=21
2016,hot100,2016-03-16,24,365日の紙飛行機,AKB48,https://www.billboard-japan.com/charts/detail?a=hot100&year=2016&month=03&day=21
2016,hot100,2016-03-16,25,スミレ,秦基博,https://www.billboard-japan.com/charts/detail?a=hot100&year=2016&month=03&day=21
2016,hot100,2016-03-16,26,FLY HIGH!!,BURNOUT SYNDROMES,https://www.billboard-japan.com/charts/detail?a=hot100&year=2016&month=03&day=21
2016,hot100,2016-03-16,27,海の声,浦島太郎(桐谷健太),https://www.billboard-japan.com/charts/detail?a=hot100&year=2016&month=03&day=21
2016,hot100,2016-03-16,28,アライヴ,シーア,https://www.billboard-japan.com/charts/detail?a=hot100&year=2016&month=03&day=21
2016,hot100,2016-03-16,29,世界に一つだけの花,SMAP,https://www.billboard-japan.com/charts/detail?a=hot100&year=2016&month=03&day=21
2016,hot100,2016-03-16,30,Best Friend,Kiroro,https://www.billboard-japan.com/charts/detail?a=hot100&year=2016&month=03&day=21
2016,hot100,2016-03-16,31,FANTASTIC BABY,BIGBANG,https://www.billboard-japan.com/charts/detail?a=hot100&year=2016&month=03&day=21
2016,hot100,2016-03-16,32,空へ,山崎まさよし,https://www.billboard-japan.com/charts/detail?a=hot100&year=2016&month=03&day=21
2016,hot100,2016-03-16,33,R.Y.U.S.E.I.,三代目 J Soul Brothers from EXILE TRIBE,https://www.billboard-japan.com/charts/detail?a=hot100&year=2016&month=03&day=21
2016,hot100,2016-03-16,34,ありがとう〜旅立ちの声〜,ベリーグッドマン,https://www.billboard-japan.com/charts/detail?a=hot100&year=2016&month=03&day=21
2016,hot100,2016-03-16,35,さらば涙,ケツメイシ,https://www.billboard-japan.com/charts/detail?a=hot100&year=2016&month=03&day=21
2016,hot100,2016-03-16,36,ひまわりの約束,秦基博,https://www.billboard-japan.com/charts/detail?a=hot100&year=2016&month=03&day=21
2016,hot100,2016-03-16,37,道,EXILE,https://www.billboard-japan.com/charts/detail?a=hot100&year=2016&month=03&day=21
2016,hot100,2016-03-16,38,未来,コブクロ,https://www.billboard-japan.com/charts/detail?a=hot100&year=2016&month=03&day=21
2016,hot100,2016-03-16,39,FLASH,Perfume,https://www.billboard-japan.com/charts/detail?a=hot100&year=2016&month=03&day=21
2016,hot100,2016-03-16,40,全力バタンキュー,A応P,https://www.billboard-japan.com/charts/detail?a=hot100&year=2016&month=03&day=21
2016,hot100,2016-03-16,41,セーラー服と機関銃,橋本環奈,https://www.billboard-japan.com/charts/detail?a=hot100&year=2016&month=03&day=21
2016,hot100,2016-03-16,42,ワーク feat.ドレイク,リアーナ,https://www.billboard-japan.com/charts/detail?a=hot100&year=2016&month=03&day=21
2016,hot100,2016-03-16,43,KNOW KNOW KNOW,DOES,https://www.billboard-japan.com/charts/detail?a=hot100&year=2016&month=03&day=21
2016,hot100,2016-03-16,44,春灯,RADWIMPS,https://www.billboard-japan.com/charts/detail?a=hot100&year=2016&month=03&day=21
2016,hot100,2016-03-16,45,ハルジオンが咲く頃,乃木坂46,https://www.billboard-japan.com/charts/detail?a=hot100&year=2016&month=03&day=21
2016,hot100,2016-03-16,46,夢,GReeeeN,https://www.billboard-japan.com/charts/detail?a=hot100&year=2016&month=03&day=21
2016,hot100,2016-03-16,47,ソーリー,ジャスティン・ビーバー,https://www.billboard-japan.com/charts/detail?a=hot100&year=2016&month=03&day=21
2016,hot100,2016-03-16,48,ホワット・ドゥ・ユー・ミーン?,ジャスティン・ビーバー,https://www.billboard-japan.com/charts/detail?a=hot100&year=2016&month=03&day=21
2016,hot100,2016-03-16,49,メチャハイの天地創造,青山★聖ハチャメチャハイスクール,https://www.billboard-japan.com/charts/detail?a=hot100&year=2016&month=03&day=21
2016,hot100,2016-03-16,50,マッドシュリンプス,ミソッカス,https://www.billboard-japan.com/charts/detail?a=hot100&year=2016&month=03&day=21
2016,hot100,2016-03-16,51,DANCE WITH ME NOW!,E-girls,https://www.billboard-japan.com/charts/detail?a=hot100&year=2016&month=03&day=21
2016,hot100,2016-03-16,52,メイク・ミー・ライク・ユー,グウェン・ステファニー,https://www.billboard-japan.com/charts/detail?a=hot100&year=2016&month=03&day=21
2016,hot100,2016-03-16,53,ザ・サウンド,The 1975,https://www.billboard-japan.com/charts/detail?a=hot100&year=2016&month=03&day=21
2016,hot100,2016-03-16,54,新宝島,サカナクション,https://www.billboard-japan.com/charts/detail?a=hot100&year=2016&month=03&day=21
2016,hot100,2016-03-16,55,それは小さな光のような,さユり,https://www.billboard-japan.com/charts/detail?a=hot100&year=2016&month=03&day=21
2016,hot100,2016-03-16,56,Ki・mi・ni・mu・chu,EXILE,https://www.billboard-japan.com/charts/detail?a=hot100&year=2016&month=03&day=21
2016,hot100,2016-03-16,57,Dear Bride,BTOB,https://www.billboard-japan.com/charts/detail?a=hot100&year=2016&month=03&day=21
2016,hot100,2016-03-16,58,Lovers,sumika,https://www.billboard-japan.com/charts/detail?a=hot100&year=2016&month=03&day=21
2016,hot100,2016-03-16,59,Crazy Dancer,夜の本気ダンス,https://www.billboard-japan.com/charts/detail?a=hot100&year=2016&month=03&day=21
2016,hot100,2016-03-16,60,ローズ,ベット・ミドラー,https://www.billboard-japan.com/charts/detail?a=hot100&year=2016&month=03&day=21
2016,hot100,2016-03-16,61,シー・ユー・アゲイン,ウィズ・カリファ feat.チャーリー・プース,https://www.billboard-japan.com/charts/detail?a=hot100&year=2016&month=03&day=21
2016,hot100,2016-03-16,62,夜は眠れるかい?,flumpool,https://www.billboard-japan.com/charts/detail?a=hot100&year=2016&month=03&day=21
2016,hot100,2016-03-16,63,はなまるぴっぴはよいこだけ,A応P,https://www.billboard-japan.com/charts/detail?a=hot100&year=2016&month=03&day=21
2016,hot100,2016-03-16,64,唇にBe My Baby,AKB48,https://www.billboard-japan.com/charts/detail?a=hot100&year=2016&month=03&day=21
2016,hot100,2016-03-16,65,チェリボム,Silent Siren,https://www.billboard-japan.com/charts/detail?a=hot100&year=2016&month=03&day=21
2016,hot100,2016-03-16,66,千本桜,WhiteFlame feat.初音ミク,https://www.billboard-japan.com/charts/detail?a=hot100&year=2016&month=03&day=21
2016,hot100,2016-03-16,67,キャント・フィール・マイ・フェイス,ウィークエンド,https://www.billboard-japan.com/charts/detail?a=hot100&year=2016&month=03&day=21
2016,hot100,2016-03-16,68,シュガーソングとビターステップ,UNISON SQUARE GARDEN,https://www.billboard-japan.com/charts/detail?a=hot100&year=2016&month=03&day=21
2016,hot100,2016-03-16,69,Hello To The World,家入レオ,https://www.billboard-japan.com/charts/detail?a=hot100&year=2016&month=03&day=21
2016,hot100,2016-03-16,70,Be...,Ms.OOJA,https://www.billboard-japan.com/charts/detail?a=hot100&year=2016&month=03&day=21
2016,hot100,2016-03-16,71,好き,西野カナ,https://www.billboard-japan.com/charts/detail?a=hot100&year=2016&month=03&day=21
2016,hot100,2016-03-16,72,恋音と雨空,AAA,https://www.billboard-japan.com/charts/detail?a=hot100&year=2016&month=03&day=21
2016,hot100,2016-03-16,73,The Beginning,ONE OK ROCK,https://www.billboard-japan.com/charts/detail?a=hot100&year=2016&month=03&day=21
2016,hot100,2016-03-16,74,ハート・ミー,ラプスリー,https://www.billboard-japan.com/charts/detail?a=hot100&year=2016&month=03&day=21
2016,hot100,2016-03-16,75,ラヴ・ユアセルフ,ジャスティン・ビーバー,https://www.billboard-japan.com/charts/detail?a=hot100&year=2016&month=03&day=21
2016,hot100,2016-03-16,76,fragile,TOKIO,https://www.billboard-japan.com/charts/detail?a=hot100&year=2016&month=03&day=21
2016,hot100,2016-03-16,77,星が輝く夜,KIRA,https://www.billboard-japan.com/charts/detail?a=hot100&year=2016&month=03&day=21
2016,hot100,2016-03-16,78,君がくれるもの,徳永英明,https://www.billboard-japan.com/charts/detail?a=hot100&year=2016&month=03&day=21
2016,hot100,2016-03-16,79,アップタウン・ファンク feat.ブルーノ・マーズ,マーク・ロンソン,https://www.billboard-japan.com/charts/detail?a=hot100&year=2016&month=03&day=21
2016,hot100,2016-03-16,80,江南スタイル,PSY,https://www.billboard-japan.com/charts/detail?a=hot100&year=2016&month=03&day=21
2016,hot100,2016-03-16,81,Re:Re:,ASIAN KUNG-FU GENERATION,https://www.billboard-japan.com/charts/detail?a=hot100&year=2016&month=03&day=21
2016,hot100,2016-03-16,82,奏(かなで),スキマスイッチ,https://www.billboard-japan.com/charts/detail?a=hot100&year=2016&month=03&day=21
2016,hot100,2016-03-16,83,さくら,ケツメイシ,https://www.billboard-japan.com/charts/detail?a=hot100&year=2016&month=03&day=21
2016,hot100,2016-03-16,84,Yell,超特急,https://www.billboard-japan.com/charts/detail?a=hot100&year=2016&month=03&day=21
2016,hot100,2016-03-16,85,動物戦隊ジュウオウジャー,高取ヒデアキ,https://www.billboard-japan.com/charts/detail?a=hot100&year=2016&month=03&day=21
2016,hot100,2016-03-16,86,ありがとう,いきものがかり,https://www.billboard-japan.com/charts/detail?a=hot100&year=2016&month=03&day=21
2016,hot100,2016-03-16,87,シェイク・イット・オフ〜気にしてなんかいられないっ!!,テイラー・スウィフト,https://www.billboard-japan.com/charts/detail?a=hot100&year=2016&month=03&day=21
2016,hot100,2016-03-16,88,YELL,いきものがかり,https://www.billboard-japan.com/charts/detail?a=hot100&year=2016&month=03&day=21
2016,hot100,2016-03-16,89,手紙〜拝啓十五の君へ〜,アンジェラ・アキ,https://www.billboard-japan.com/charts/detail?a=hot100&year=2016&month=03&day=21
2016,hot100,2016-03-16,90,ホエア・ザ・ライト・ゲッツ・イン,プライマル・スクリーム,https://www.billboard-japan.com/charts/detail?a=hot100&year=2016&month=03&day=21
2016,hot100,2016-03-16,91,Tokyo,雨のパレード,https://www.billboard-japan.com/charts/detail?a=hot100&year=2016&month=03&day=21
2016,hot100,2016-03-16,92,ピロウトーク,ゼイン,https://www.billboard-japan.com/charts/detail?a=hot100&year=2016&month=03&day=21
2016,hot100,2016-03-16,93,Delicious,MONKEY MAJIK,https://www.billboard-japan.com/charts/detail?a=hot100&year=2016&month=03&day=21
2016,hot100,2016-03-16,94,サプリミナル・ダイエット,Charisma.com,https://www.billboard-japan.com/charts/detail?a=hot100&year=2016&month=03&day=21
2016,hot100,2016-03-16,95,愛してるのに、愛せない,AAA,https://www.billboard-japan.com/charts/detail?a=hot100&year=2016&month=03&day=21
2016,hot100,2016-03-16,96,キセキ,GReeeeN,https://www.billboard-japan.com/charts/detail?a=hot100&year=2016&month=03&day=21
2016,hot100,2016-03-16,97,RPG,SEKAI NO OWARI,https://www.billboard-japan.com/charts/detail?a=hot100&year=2016&month=03&day=21
2016,hot100,2016-03-16,98,咲かないで,WHITE JAM,https://www.billboard-japan.com/charts/detail?a=hot100&year=2016&month=03&day=21
2016,hot100,2016-03-16,99,Cry & Fight,三浦大知,https://www.billboard-japan.com/charts/detail?a=hot100&year=2016&month=03&day=21
2016,hot100,2016-03-16,100,HELLO WONDERLAND,KEYTALK,https://www.billboard-japan.com/charts/detail?a=hot100&year=2016&month=03&day=21
2016,hot100,2016-03-23,1,Gravity,Kis-My-Ft2,https://www.billboard-japan.com/charts/detail?a=hot100&year=2016&month=03&day=28
2016,hot100,2016-03-23,2,RUN,BTS (防弾少年団),https://www.billboard-japan.com/charts/detail?a=hot100&year=2016&month=03&day=28
2016,hot100,2016-03-23,3,SIX SHAME FACES〜今夜も最高!!!!!!〜,トト子 feat.おそ松×カラ松×チョロ松×一松×十四松×トド松(遠藤綾、櫻井孝宏、中村悠一、神谷浩史、福山潤、小野大輔、入野自由),https://www.billboard-japan.com/charts/detail?a=hot100&year=2016&month=03&day=28
2016,hot100,2016-03-23,4,FLASH,Perfume,https://www.billboard-japan.com/charts/detail?a=hot100&year=2016&month=03&day=28
2016,hot100,2016-03-23,5,明日への手紙,手嶌葵,https://www.billboard-japan.com/charts/detail?a=hot100&year=2016&month=03&day=28
2016,hot100,2016-03-23,6,君はメロディー,AKB48,https://www.billboard-japan.com/charts/detail?a=hot100&year=2016&month=03&day=28
2016,hot100,2016-03-23,7,Re:Re:,ASIAN KUNG-FU GENERATION,https://www.billboard-japan.com/charts/detail?a=hot100&year=2016&month=03&day=28
2016,hot100,2016-03-23,8,もっと,aiko,https://www.billboard-japan.com/charts/detail?a=hot100&year=2016&month=03&day=28
2016,hot100,2016-03-23,9,さらば涙,ケツメイシ,https://www.billboard-japan.com/charts/detail?a=hot100&year=2016&month=03&day=28
2016,hot100,2016-03-23,10,最後のサヨナラ,JY,https://www.billboard-japan.com/charts/detail?a=hot100&year=2016&month=03&day=28
2016,hot100,2016-03-23,11,リアル-REAL-,下野紘,https://www.billboard-japan.com/charts/detail?a=hot100&year=2016&month=03&day=28
2016,hot100,2016-03-23,12,Always coming back,ONE OK ROCK,https://www.billboard-japan.com/charts/detail?a=hot100&year=2016&month=03&day=28
2016,hot100,2016-03-23,13,Wherever you are,ONE OK ROCK,https://www.billboard-japan.com/charts/detail?a=hot100&year=2016&month=03&day=28
2016,hot100,2016-03-23,14,No more,EXILE ATSUSHI + AI,https://www.billboard-japan.com/charts/detail?a=hot100&year=2016&month=03&day=28
2016,hot100,2016-03-23,15,PERFECT HUMAN,RADIO FISH,https://www.billboard-japan.com/charts/detail?a=hot100&year=2016&month=03&day=28
2016,hot100,2016-03-23,16,復活LOVE,嵐,https://www.billboard-japan.com/charts/detail?a=hot100&year=2016&month=03&day=28
2016,hot100,2016-03-23,17,SUN,星野源,https://www.billboard-japan.com/charts/detail?a=hot100&year=2016&month=03&day=28
2016,hot100,2016-03-23,18,Survivor,BLUE ENCOUNT,https://www.billboard-japan.com/charts/detail?a=hot100&year=2016&month=03&day=28
2016,hot100,2016-03-23,19,トリセツ,西野カナ,https://www.billboard-japan.com/charts/detail?a=hot100&year=2016&month=03&day=28
2016,hot100,2016-03-23,20,MONSTER WORLD,HOWL BE QUIET,https://www.billboard-japan.com/charts/detail?a=hot100&year=2016&month=03&day=28
2016,hot100,2016-03-23,21,365日の紙飛行機,AKB48,https://www.billboard-japan.com/charts/detail?a=hot100&year=2016&month=03&day=28
2016,hot100,2016-03-23,22,みんながみんな英雄,AI,https://www.billboard-japan.com/charts/detail?a=hot100&year=2016&month=03&day=28
2016,hot100,2016-03-23,23,サイレントマジョリティー,欅坂46,https://www.billboard-japan.com/charts/detail?a=hot100&year=2016&month=03&day=28
2016,hot100,2016-03-23,24,海の声,浦島太郎(桐谷健太),https://www.billboard-japan.com/charts/detail?a=hot100&year=2016&month=03&day=28
2016,hot100,2016-03-23,25,未来,コブクロ,https://www.billboard-japan.com/charts/detail?a=hot100&year=2016&month=03&day=28
2016,hot100,2016-03-23,26,スミレ,秦基博,https://www.billboard-japan.com/charts/detail?a=hot100&year=2016&month=03&day=28
2016,hot100,2016-03-23,27,さくらのうた,高橋優,https://www.billboard-japan.com/charts/detail?a=hot100&year=2016&month=03&day=28
2016,hot100,2016-03-23,28,MAYDAY,DEEP,https://www.billboard-japan.com/charts/detail?a=hot100&year=2016&month=03&day=28
2016,hot100,2016-03-23,29,BANG BANG BANG,BIGBANG,https://www.billboard-japan.com/charts/detail?a=hot100&year=2016&month=03&day=28
2016,hot100,2016-03-23,30,Feel So Alive,三代目 J Soul Brothers from EXILE TRIBE,https://www.billboard-japan.com/charts/detail?a=hot100&year=2016&month=03&day=28
2016,hot100,2016-03-23,31,FANTASTIC BABY,BIGBANG,https://www.billboard-japan.com/charts/detail?a=hot100&year=2016&month=03&day=28
2016,hot100,2016-03-23,32,いこう,いきものがかり,https://www.billboard-japan.com/charts/detail?a=hot100&year=2016&month=03&day=28
2016,hot100,2016-03-23,33,QUARTETTO,NEWS,https://www.billboard-japan.com/charts/detail?a=hot100&year=2016&month=03&day=28
2016,hot100,2016-03-23,34,FLY HIGH!!,BURNOUT SYNDROMES,https://www.billboard-japan.com/charts/detail?a=hot100&year=2016&month=03&day=28
2016,hot100,2016-03-23,35,全力バタンキュー,A応P,https://www.billboard-japan.com/charts/detail?a=hot100&year=2016&month=03&day=28
2016,hot100,2016-03-23,36,R.Y.U.S.E.I.,三代目 J Soul Brothers from EXILE TRIBE,https://www.billboard-japan.com/charts/detail?a=hot100&year=2016&month=03&day=28
2016,hot100,2016-03-23,37,AGEHA,GENERATIONS from EXILE TRIBE,https://www.billboard-japan.com/charts/detail?a=hot100&year=2016&month=03&day=28
2016,hot100,2016-03-23,38,MOMENT RING,μ's,https://www.billboard-japan.com/charts/detail?a=hot100&year=2016&month=03&day=28
2016,hot100,2016-03-23,39,3月9日,レミオロメン,https://www.billboard-japan.com/charts/detail?a=hot100&year=2016&month=03&day=28
2016,hot100,2016-03-23,40,ひまわりの約束,秦基博,https://www.billboard-japan.com/charts/detail?a=hot100&year=2016&month=03&day=28
2016,hot100,2016-03-23,41,SAKURA,いきものがかり,https://www.billboard-japan.com/charts/detail?a=hot100&year=2016&month=03&day=28
2016,hot100,2016-03-23,42,ハルジオンが咲く頃,乃木坂46,https://www.billboard-japan.com/charts/detail?a=hot100&year=2016&month=03&day=28
2016,hot100,2016-03-23,43,空へ,山崎まさよし,https://www.billboard-japan.com/charts/detail?a=hot100&year=2016&month=03&day=28
2016,hot100,2016-03-23,44,KARATE,BABYMETAL,https://www.billboard-japan.com/charts/detail?a=hot100&year=2016&month=03&day=28
2016,hot100,2016-03-23,45,UNLOCK,KAT-TUN,https://www.billboard-japan.com/charts/detail?a=hot100&year=2016&month=03&day=28
2016,hot100,2016-03-23,46,恋音と雨空,AAA,https://www.billboard-japan.com/charts/detail?a=hot100&year=2016&month=03&day=28
2016,hot100,2016-03-23,47,君と出逢って,ケツメイシ,https://www.billboard-japan.com/charts/detail?a=hot100&year=2016&month=03&day=28
2016,hot100,2016-03-23,48,Best Friend,Kiroro,https://www.billboard-japan.com/charts/detail?a=hot100&year=2016&month=03&day=28
2016,hot100,2016-03-23,49,夜は眠れるかい?,flumpool,https://www.billboard-japan.com/charts/detail?a=hot100&year=2016&month=03&day=28
2016,hot100,2016-03-23,50,キャント・フィール・マイ・フェイス,ウィークエンド,https://www.billboard-japan.com/charts/detail?a=hot100&year=2016&month=03&day=28
2016,hot100,2016-03-23,51,シー・ユー・アゲイン,ウィズ・カリファ feat.チャーリー・プース,https://www.billboard-japan.com/charts/detail?a=hot100&year=2016&month=03&day=28
2016,hot100,2016-03-23,52,道,EXILE,https://www.billboard-japan.com/charts/detail?a=hot100&year=2016&month=03&day=28
2016,hot100,2016-03-23,53,はなまるぴっぴはよいこだけ,A応P,https://www.billboard-japan.com/charts/detail?a=hot100&year=2016&month=03&day=28
2016,hot100,2016-03-23,54,花言葉,A.B.C-Z,https://www.billboard-japan.com/charts/detail?a=hot100&year=2016&month=03&day=28
2016,hot100,2016-03-23,55,Crazy Dancer,夜の本気ダンス,https://www.billboard-japan.com/charts/detail?a=hot100&year=2016&month=03&day=28
2016,hot100,2016-03-23,56,さくら,ケツメイシ,https://www.billboard-japan.com/charts/detail?a=hot100&year=2016&month=03&day=28
2016,hot100,2016-03-23,57,ワーク feat.ドレイク,リアーナ,https://www.billboard-japan.com/charts/detail?a=hot100&year=2016&month=03&day=28
2016,hot100,2016-03-23,58,ソーリー,ジャスティン・ビーバー,https://www.billboard-japan.com/charts/detail?a=hot100&year=2016&month=03&day=28
2016,hot100,2016-03-23,59,DANCE WITH ME NOW!,E-Girls,https://www.billboard-japan.com/charts/detail?a=hot100&year=2016&month=03&day=28
2016,hot100,2016-03-23,60,ありがとう,いきものがかり,https://www.billboard-japan.com/charts/detail?a=hot100&year=2016&month=03&day=28
2016,hot100,2016-03-23,61,好き,西野カナ,https://www.billboard-japan.com/charts/detail?a=hot100&year=2016&month=03&day=28
2016,hot100,2016-03-23,62,メイク・ミー・ライク・ユー,グウェン・ステファニー,https://www.billboard-japan.com/charts/detail?a=hot100&year=2016&month=03&day=28
2016,hot100,2016-03-23,63,奏(かなで),スキマスイッチ,https://www.billboard-japan.com/charts/detail?a=hot100&year=2016&month=03&day=28
2016,hot100,2016-03-23,64,桜,河口恭吾,https://www.billboard-japan.com/charts/detail?a=hot100&year=2016&month=03&day=28
2016,hot100,2016-03-23,65,千本桜,WhiteFlame feat.初音ミク,https://www.billboard-japan.com/charts/detail?a=hot100&year=2016&month=03&day=28
2016,hot100,2016-03-23,66,夢,GReeeeN,https://www.billboard-japan.com/charts/detail?a=hot100&year=2016&month=03&day=28
2016,hot100,2016-03-23,67,セーラー服と機関銃,橋本環奈,https://www.billboard-japan.com/charts/detail?a=hot100&year=2016&month=03&day=28
2016,hot100,2016-03-23,68,The Beginning,ONE OK ROCK,https://www.billboard-japan.com/charts/detail?a=hot100&year=2016&month=03&day=28
2016,hot100,2016-03-23,69,RADIO,JY,https://www.billboard-japan.com/charts/detail?a=hot100&year=2016&month=03&day=28
2016,hot100,2016-03-23,70,シュガーソングとビターステップ,UNISON SQUARE GARDEN,https://www.billboard-japan.com/charts/detail?a=hot100&year=2016&month=03&day=28
2016,hot100,2016-03-23,71,Ki・mi・ni・mu・chu,EXILE,https://www.billboard-japan.com/charts/detail?a=hot100&year=2016&month=03&day=28
2016,hot100,2016-03-23,72,ホワット・ドゥ・ユー・ミーン?,ジャスティン・ビーバー,https://www.billboard-japan.com/charts/detail?a=hot100&year=2016&month=03&day=28
2016,hot100,2016-03-23,73,ピロウトーク,ゼイン,https://www.billboard-japan.com/charts/detail?a=hot100&year=2016&month=03&day=28
2016,hot100,2016-03-23,74,YELL,いきものがかり,https://www.billboard-japan.com/charts/detail?a=hot100&year=2016&month=03&day=28
2016,hot100,2016-03-23,75,新宝島,サカナクション,https://www.billboard-japan.com/charts/detail?a=hot100&year=2016&month=03&day=28
2016,hot100,2016-03-23,76,コール・ミー・メイビー,カーリー・レイ・ジェプセン,https://www.billboard-japan.com/charts/detail?a=hot100&year=2016&month=03&day=28
2016,hot100,2016-03-23,77,世界に一つだけの花,SMAP,https://www.billboard-japan.com/charts/detail?a=hot100&year=2016&month=03&day=28
2016,hot100,2016-03-23,78,サクラ,Crystal Kay,https://www.billboard-japan.com/charts/detail?a=hot100&year=2016&month=03&day=28
2016,hot100,2016-03-23,79,アライヴ,シーア,https://www.billboard-japan.com/charts/detail?a=hot100&year=2016&month=03&day=28
2016,hot100,2016-03-23,80,もしも運命の人がいるのなら,西野カナ,https://www.billboard-japan.com/charts/detail?a=hot100&year=2016&month=03&day=28
2016,hot100,2016-03-23,81,それは小さな光のような,さユり,https://www.billboard-japan.com/charts/detail?a=hot100&year=2016&month=03&day=28
2016,hot100,2016-03-23,82,Delicious,MONKEY MAJIK,https://www.billboard-japan.com/charts/detail?a=hot100&year=2016&month=03&day=28
2016,hot100,2016-03-23,83,ザ・サウンド,The 1975,https://www.billboard-japan.com/charts/detail?a=hot100&year=2016&month=03&day=28
2016,hot100,2016-03-23,84,アップタウン・ファンク feat.ブルーノ・マーズ,マーク・ロンソン,https://www.billboard-japan.com/charts/detail?a=hot100&year=2016&month=03&day=28
2016,hot100,2016-03-23,85,唇にBe My Baby,AKB48,https://www.billboard-japan.com/charts/detail?a=hot100&year=2016&month=03&day=28
2016,hot100,2016-03-23,86,にじいろ,絢香,https://www.billboard-japan.com/charts/detail?a=hot100&year=2016&month=03&day=28
2016,hot100,2016-03-23,87,SUGAR,Nissy(西島隆弘),https://www.billboard-japan.com/charts/detail?a=hot100&year=2016&month=03&day=28
2016,hot100,2016-03-23,88,愛してるのに、愛せない,AAA,https://www.billboard-japan.com/charts/detail?a=hot100&year=2016&month=03&day=28
2016,hot100,2016-03-23,89,江南スタイル,PSY,https://www.billboard-japan.com/charts/detail?a=hot100&year=2016&month=03&day=28
2016,hot100,2016-03-23,90,進めジパング,FES☆TIVE,https://www.billboard-japan.com/charts/detail?a=hot100&year=2016&month=03&day=28
2016,hot100,2016-03-23,91,Hello To The World,家入レオ,https://www.billboard-japan.com/charts/detail?a=hot100&year=2016&month=03&day=28
2016,hot100,2016-03-23,92,KNOW KNOW KNOW,DOES,https://www.billboard-japan.com/charts/detail?a=hot100&year=2016&month=03&day=28
2016,hot100,2016-03-23,93,Hear〜信じあえた証〜,栞菜智世,https://www.billboard-japan.com/charts/detail?a=hot100&year=2016&month=03&day=28
2016,hot100,2016-03-23,94,デンジャラス・ウーマン,アリアナ・グランデ,https://www.billboard-japan.com/charts/detail?a=hot100&year=2016&month=03&day=28
2016,hot100,2016-03-23,95,Yell,超特急,https://www.billboard-japan.com/charts/detail?a=hot100&year=2016&month=03&day=28
2016,hot100,2016-03-23,96,QUEEN OF POP,POP,https://www.billboard-japan.com/charts/detail?a=hot100&year=2016&month=03&day=28
2016,hot100,2016-03-23,97,シェイク・イット・オフ〜気にしてなんかいられないっ!!,テイラー・スウィフト,https://www.billboard-japan.com/charts/detail?a=hot100&year=2016&month=03&day=28
2016,hot100,2016-03-23,98,咲かないで,WHITE JAM,https://www.billboard-japan.com/charts/detail?a=hot100&year=2016&month=03&day=28
2016,hot100,2016-03-23,99,シュガー,マルーン5,https://www.billboard-japan.com/charts/detail?a=hot100&year=2016&month=03&day=28
2016,hot100,2016-03-23,100,ハート・ミー,ラプスリー,https://www.billboard-japan.com/charts/detail?a=hot100&year=2016&month=03&day=28
2016,hot100,2016-03-30,1,ハルジオンが咲く頃,乃木坂46,https://www.billboard-japan.com/charts/detail?a=hot100&year=2016&month=04&day=04
2016,hot100,2016-03-30,2,もっと,aiko,https://www.billboard-japan.com/charts/detail?a=hot100&year=2016&month=04&day=04
2016,hot100,2016-03-30,3,逆光×礼賛,東京パフォーマンスドール,https://www.billboard-japan.com/charts/detail?a=hot100&year=2016&month=04&day=04
2016,hot100,2016-03-30,4,FLASH,Perfume,https://www.billboard-japan.com/charts/detail?a=hot100&year=2016&month=04&day=04
2016,hot100,2016-03-30,5,Feel So Alive,三代目 J Soul Brothers from EXILE TRIBE,https://www.billboard-japan.com/charts/detail?a=hot100&year=2016&month=04&day=04
2016,hot100,2016-03-30,6,明日への手紙,手嶌葵,https://www.billboard-japan.com/charts/detail?a=hot100&year=2016&month=04&day=04
2016,hot100,2016-03-30,7,君はメロディー,AKB48,https://www.billboard-japan.com/charts/detail?a=hot100&year=2016&month=04&day=04
2016,hot100,2016-03-30,8,Fine!〜fly for the future〜,GEM,https://www.billboard-japan.com/charts/detail?a=hot100&year=2016&month=04&day=04
2016,hot100,2016-03-30,9,Re:Re:,ASIAN KUNG-FU GENERATION,https://www.billboard-japan.com/charts/detail?a=hot100&year=2016&month=04&day=04
2016,hot100,2016-03-30,10,さらば涙,ケツメイシ,https://www.billboard-japan.com/charts/detail?a=hot100&year=2016&month=04&day=04
2016,hot100,2016-03-30,11,Wherever you are,ONE OK ROCK,https://www.billboard-japan.com/charts/detail?a=hot100&year=2016&month=04&day=04
2016,hot100,2016-03-30,12,未来,コブクロ,https://www.billboard-japan.com/charts/detail?a=hot100&year=2016&month=04&day=04
2016,hot100,2016-03-30,13,365日の紙飛行機,AKB48,https://www.billboard-japan.com/charts/detail?a=hot100&year=2016&month=04&day=04
2016,hot100,2016-03-30,14,SIX SHAME FACES〜今夜も最高!!!!!!〜,トト子 feat.おそ松×カラ松×チョロ松×一松×十四松×トド松(遠藤綾、櫻井孝宏、中村悠一、神谷浩史、福山潤、小野大輔、入野自由),https://www.billboard-japan.com/charts/detail?a=hot100&year=2016&month=04&day=04
2016,hot100,2016-03-30,15,Always coming back,ONE OK ROCK,https://www.billboard-japan.com/charts/detail?a=hot100&year=2016&month=04&day=04
2016,hot100,2016-03-30,16,Gravity,Kis-My-Ft2,https://www.billboard-japan.com/charts/detail?a=hot100&year=2016&month=04&day=04
2016,hot100,2016-03-30,17,Supreme,LinQ,https://www.billboard-japan.com/charts/detail?a=hot100&year=2016&month=04&day=04
2016,hot100,2016-03-30,18,SUN,星野源,https://www.billboard-japan.com/charts/detail?a=hot100&year=2016&month=04&day=04
2016,hot100,2016-03-30,19,海の声,浦島太郎(桐谷健太),https://www.billboard-japan.com/charts/detail?a=hot100&year=2016&month=04&day=04
2016,hot100,2016-03-30,20,破花,クリープハイプ,https://www.billboard-japan.com/charts/detail?a=hot100&year=2016&month=04&day=04
2016,hot100,2016-03-30,21,トリセツ,西野カナ,https://www.billboard-japan.com/charts/detail?a=hot100&year=2016&month=04&day=04
2016,hot100,2016-03-30,22,サクラ,Crystal Kay,https://www.billboard-japan.com/charts/detail?a=hot100&year=2016&month=04&day=04
2016,hot100,2016-03-30,23,PERFECT HUMAN,RADIO FISH,https://www.billboard-japan.com/charts/detail?a=hot100&year=2016&month=04&day=04
2016,hot100,2016-03-30,24,さくら,ケツメイシ,https://www.billboard-japan.com/charts/detail?a=hot100&year=2016&month=04&day=04
2016,hot100,2016-03-30,25,友よ〜この先もずっと…,ケツメイシ,https://www.billboard-japan.com/charts/detail?a=hot100&year=2016&month=04&day=04
2016,hot100,2016-03-30,26,Brand New Days,Apink,https://www.billboard-japan.com/charts/detail?a=hot100&year=2016&month=04&day=04
2016,hot100,2016-03-30,27,Survivor,BLUE ENCOUNT,https://www.billboard-japan.com/charts/detail?a=hot100&year=2016&month=04&day=04
2016,hot100,2016-03-30,28,No more,EXILE ATSUSHI + AI,https://www.billboard-japan.com/charts/detail?a=hot100&year=2016&month=04&day=04
2016,hot100,2016-03-30,29,I seek,嵐,https://www.billboard-japan.com/charts/detail?a=hot100&year=2016&month=04&day=04
2016,hot100,2016-03-30,30,QUARTETTO,NEWS,https://www.billboard-japan.com/charts/detail?a=hot100&year=2016&month=04&day=04
2016,hot100,2016-03-30,31,復活LOVE,嵐,https://www.billboard-japan.com/charts/detail?a=hot100&year=2016&month=04&day=04
2016,hot100,2016-03-30,32,MONSTER WORLD,HOWL BE QUIET,https://www.billboard-japan.com/charts/detail?a=hot100&year=2016&month=04&day=04
2016,hot100,2016-03-30,33,運命のルーレット廻して,La PomPon,https://www.billboard-japan.com/charts/detail?a=hot100&year=2016&month=04&day=04
2016,hot100,2016-03-30,34,みんながみんな英雄,AI,https://www.billboard-japan.com/charts/detail?a=hot100&year=2016&month=04&day=04
2016,hot100,2016-03-30,35,Daylight,嵐,https://www.billboard-japan.com/charts/detail?a=hot100&year=2016&month=04&day=04
2016,hot100,2016-03-30,36,流転の波止場,山内惠介,https://www.billboard-japan.com/charts/detail?a=hot100&year=2016&month=04&day=04
2016,hot100,2016-03-30,37,BANG BANG BANG,BIGBANG,https://www.billboard-japan.com/charts/detail?a=hot100&year=2016&month=04&day=04
2016,hot100,2016-03-30,38,3月9日,レミオロメン,https://www.billboard-japan.com/charts/detail?a=hot100&year=2016&month=04&day=04
2016,hot100,2016-03-30,39,始まりの唄,GReeeeN,https://www.billboard-japan.com/charts/detail?a=hot100&year=2016&month=04&day=04
2016,hot100,2016-03-30,40,サイレントマジョリティー,欅坂46,https://www.billboard-japan.com/charts/detail?a=hot100&year=2016&month=04&day=04
2016,hot100,2016-03-30,41,黄色い花,赤い公園,https://www.billboard-japan.com/charts/detail?a=hot100&year=2016&month=04&day=04
2016,hot100,2016-03-30,42,スミレ,秦基博,https://www.billboard-japan.com/charts/detail?a=hot100&year=2016&month=04&day=04
2016,hot100,2016-03-30,43,FANTASTIC BABY,BIGBANG,https://www.billboard-japan.com/charts/detail?a=hot100&year=2016&month=04&day=04
2016,hot100,2016-03-30,44,SAKURA,いきものがかり,https://www.billboard-japan.com/charts/detail?a=hot100&year=2016&month=04&day=04
2016,hot100,2016-03-30,45,キャント・フィール・マイ・フェイス,ウィークエンド,https://www.billboard-japan.com/charts/detail?a=hot100&year=2016&month=04&day=04
2016,hot100,2016-03-30,46,R.Y.U.S.E.I.,三代目 J Soul Brothers from EXILE TRIBE,https://www.billboard-japan.com/charts/detail?a=hot100&year=2016&month=04&day=04
2016,hot100,2016-03-30,47,メイク・ミー・ライク・ユー,グウェン・ステファニー,https://www.billboard-japan.com/charts/detail?a=hot100&year=2016&month=04&day=04
2016,hot100,2016-03-30,48,さくらのうた,高橋優,https://www.billboard-japan.com/charts/detail?a=hot100&year=2016&month=04&day=04
2016,hot100,2016-03-30,49,together,ナオト・インティライミ,https://www.billboard-japan.com/charts/detail?a=hot100&year=2016&month=04&day=04
2016,hot100,2016-03-30,50,全力バタンキュー,A応P,https://www.billboard-japan.com/charts/detail?a=hot100&year=2016&month=04&day=04
2016,hot100,2016-03-30,51,RUN,BTS (防弾少年団),https://www.billboard-japan.com/charts/detail?a=hot100&year=2016&month=04&day=04
2016,hot100,2016-03-30,52,君と出逢って,ケツメイシ,https://www.billboard-japan.com/charts/detail?a=hot100&year=2016&month=04&day=04
2016,hot100,2016-03-30,53,千本桜,WhiteFlame feat.初音ミク,https://www.billboard-japan.com/charts/detail?a=hot100&year=2016&month=04&day=04
2016,hot100,2016-03-30,54,ひまわりの約束,秦基博,https://www.billboard-japan.com/charts/detail?a=hot100&year=2016&month=04&day=04
2016,hot100,2016-03-30,55,Best Friend,Kiroro,https://www.billboard-japan.com/charts/detail?a=hot100&year=2016&month=04&day=04
2016,hot100,2016-03-30,56,FLY HIGH!!,BURNOUT SYNDROMES,https://www.billboard-japan.com/charts/detail?a=hot100&year=2016&month=04&day=04
2016,hot100,2016-03-30,57,はなまるぴっぴはよいこだけ,A応P,https://www.billboard-japan.com/charts/detail?a=hot100&year=2016&month=04&day=04
2016,hot100,2016-03-30,58,さくら(独唱),森山直太朗,https://www.billboard-japan.com/charts/detail?a=hot100&year=2016&month=04&day=04
2016,hot100,2016-03-30,59,ピタゴラス☆ファイター,"二階堂大和(白井悠介),和泉三月(代永翼),六弥ナギ(江口拓也)",https://www.billboard-japan.com/charts/detail?a=hot100&year=2016&month=04&day=04
2016,hot100,2016-03-30,60,MOMENT RING,μ's,https://www.billboard-japan.com/charts/detail?a=hot100&year=2016&month=04&day=04
2016,hot100,2016-03-30,61,道,EXILE,https://www.billboard-japan.com/charts/detail?a=hot100&year=2016&month=04&day=04
2016,hot100,2016-03-30,62,TAOLA,B.I.G,https://www.billboard-japan.com/charts/detail?a=hot100&year=2016&month=04&day=04
2016,hot100,2016-03-30,63,ソーリー,ジャスティン・ビーバー,https://www.billboard-japan.com/charts/detail?a=hot100&year=2016&month=04&day=04
2016,hot100,2016-03-30,64,青い春,SUPER BEAVER,https://www.billboard-japan.com/charts/detail?a=hot100&year=2016&month=04&day=04
2016,hot100,2016-03-30,65,ピロウトーク,ゼイン,https://www.billboard-japan.com/charts/detail?a=hot100&year=2016&month=04&day=04
2016,hot100,2016-03-30,66,Awakening.,NIGHTMARE,https://www.billboard-japan.com/charts/detail?a=hot100&year=2016&month=04&day=04
2016,hot100,2016-03-30,67,それは小さな光のような,さユり,https://www.billboard-japan.com/charts/detail?a=hot100&year=2016&month=04&day=04
2016,hot100,2016-03-30,68,Butterfly,BUMP OF CHICKEN,https://www.billboard-japan.com/charts/detail?a=hot100&year=2016&month=04&day=04
2016,hot100,2016-03-30,69,Ki・mi・ni・mu・chu,EXILE,https://www.billboard-japan.com/charts/detail?a=hot100&year=2016&month=04&day=04
2016,hot100,2016-03-30,70,シー・ユー・アゲイン,ウィズ・カリファ feat.チャーリー・プース,https://www.billboard-japan.com/charts/detail?a=hot100&year=2016&month=04&day=04
2016,hot100,2016-03-30,71,AGEHA,GENERATIONS from EXILE TRIBE,https://www.billboard-japan.com/charts/detail?a=hot100&year=2016&month=04&day=04
2016,hot100,2016-03-30,72,奏(かなで),スキマスイッチ,https://www.billboard-japan.com/charts/detail?a=hot100&year=2016&month=04&day=04
2016,hot100,2016-03-30,73,恋音と雨空,AAA,https://www.billboard-japan.com/charts/detail?a=hot100&year=2016&month=04&day=04
2016,hot100,2016-03-30,74,新宝島,サカナクション,https://www.billboard-japan.com/charts/detail?a=hot100&year=2016&month=04&day=04
2016,hot100,2016-03-30,75,KARATE,BABYMETAL,https://www.billboard-japan.com/charts/detail?a=hot100&year=2016&month=04&day=04
2016,hot100,2016-03-30,76,いこう,いきものがかり,https://www.billboard-japan.com/charts/detail?a=hot100&year=2016&month=04&day=04
2016,hot100,2016-03-30,77,桜坂,福山雅治,https://www.billboard-japan.com/charts/detail?a=hot100&year=2016&month=04&day=04
2016,hot100,2016-03-30,78,The Beginning,ONE OK ROCK,https://www.billboard-japan.com/charts/detail?a=hot100&year=2016&month=04&day=04
2016,hot100,2016-03-30,79,シュガーソングとビターステップ,UNISON SQUARE GARDEN,https://www.billboard-japan.com/charts/detail?a=hot100&year=2016&month=04&day=04
2016,hot100,2016-03-30,80,Share The Love,THE Sharehappi from 三代目 J Soul Brothers from EXILE TRIBE,https://www.billboard-japan.com/charts/detail?a=hot100&year=2016&month=04&day=04
2016,hot100,2016-03-30,81,空へ,山崎まさよし,https://www.billboard-japan.com/charts/detail?a=hot100&year=2016&month=04&day=04
2016,hot100,2016-03-30,82,日日是好日,藤巻亮太,https://www.billboard-japan.com/charts/detail?a=hot100&year=2016&month=04&day=04
2016,hot100,2016-03-30,83,リアル-REAL-,下野紘,https://www.billboard-japan.com/charts/detail?a=hot100&year=2016&month=04&day=04
2016,hot100,2016-03-30,84,CHE.R.RY,YUI,https://www.billboard-japan.com/charts/detail?a=hot100&year=2016&month=04&day=04
2016,hot100,2016-03-30,85,DANCE WITH ME NOW!,E-Girls,https://www.billboard-japan.com/charts/detail?a=hot100&year=2016&month=04&day=04
2016,hot100,2016-03-30,86,恋! ハレイション THE WAR,ワルキューレ,https://www.billboard-japan.com/charts/detail?a=hot100&year=2016&month=04&day=04
2016,hot100,2016-03-30,87,ワーク feat.ドレイク,リアーナ,https://www.billboard-japan.com/charts/detail?a=hot100&year=2016&month=04&day=04
2016,hot100,2016-03-30,88,チェリー,スピッツ,https://www.billboard-japan.com/charts/detail?a=hot100&year=2016&month=04&day=04
2016,hot100,2016-03-30,89,もしも運命の人がいるのなら,西野カナ,https://www.billboard-japan.com/charts/detail?a=hot100&year=2016&month=04&day=04
2016,hot100,2016-03-30,90,ハート・ミー,ラプスリー,https://www.billboard-japan.com/charts/detail?a=hot100&year=2016&month=04&day=04
2016,hot100,2016-03-30,91,ライク・アイ・ウッド,ゼイン,https://www.billboard-japan.com/charts/detail?a=hot100&year=2016&month=04&day=04
2016,hot100,2016-03-30,92,ホワット・ドゥ・ユー・ミーン?,ジャスティン・ビーバー,https://www.billboard-japan.com/charts/detail?a=hot100&year=2016&month=04&day=04
2016,hot100,2016-03-30,93,Crazy Dancer,夜の本気ダンス,https://www.billboard-japan.com/charts/detail?a=hot100&year=2016&month=04&day=04
2016,hot100,2016-03-30,94,夜は眠れるかい?,flumpool,https://www.billboard-japan.com/charts/detail?a=hot100&year=2016&month=04&day=04
2016,hot100,2016-03-30,95,愛してるのに、愛せない,AAA,https://www.billboard-japan.com/charts/detail?a=hot100&year=2016&month=04&day=04
2016,hot100,2016-03-30,96,世界に一つだけの花,SMAP,https://www.billboard-japan.com/charts/detail?a=hot100&year=2016&month=04&day=04
2016,hot100,2016-03-30,97,YELL,いきものがかり,https://www.billboard-japan.com/charts/detail?a=hot100&year=2016&month=04&day=04
2016,hot100,2016-03-30,98,君の名は希望,乃木坂46,https://www.billboard-japan.com/charts/detail?a=hot100&year=2016&month=04&day=04
2016,hot100,2016-03-30,99,ファースト・タイム,カーリー・レイ・ジェプセン,https://www.billboard-japan.com/charts/detail?a=hot100&year=2016&month=04&day=04
2016,hot100,2016-03-30,100,アイ・リアリー・ライク・ユー,カーリー・レイ・ジェプセン,https://www.billboard-japan.com/charts/detail?a=hot100&year=2016&month=04&day=04
2016,hot100,2016-04-06,1,チキンLINE,SKE48,https://www.billboard-japan.com/charts/detail?a=hot100&year=2016&month=04&day=11
2016,hot100,2016-04-06,2,Feel So Alive,三代目 J Soul Brothers from EXILE TRIBE,https://www.billboard-japan.com/charts/detail?a=hot100&year=2016&month=04&day=11
2016,hot100,2016-04-06,3,FLASH,Perfume,https://www.billboard-japan.com/charts/detail?a=hot100&year=2016&month=04&day=11
2016,hot100,2016-04-06,4,ハルジオンが咲く頃,乃木坂46,https://www.billboard-japan.com/charts/detail?a=hot100&year=2016&month=04&day=11
2016,hot100,2016-04-06,5,もっと,aiko,https://www.billboard-japan.com/charts/detail?a=hot100&year=2016&month=04&day=11
2016,hot100,2016-04-06,6,明日への手紙,手嶌葵,https://www.billboard-japan.com/charts/detail?a=hot100&year=2016&month=04&day=11
2016,hot100,2016-04-06,7,矛盾、はじめました。,Negicco,https://www.billboard-japan.com/charts/detail?a=hot100&year=2016&month=04&day=11
2016,hot100,2016-04-06,8,Cry & Fight,三浦大知,https://www.billboard-japan.com/charts/detail?a=hot100&year=2016&month=04&day=11
2016,hot100,2016-04-06,9,365日の紙飛行機,AKB48,https://www.billboard-japan.com/charts/detail?a=hot100&year=2016&month=04&day=11
2016,hot100,2016-04-06,10,君はメロディー,AKB48,https://www.billboard-japan.com/charts/detail?a=hot100&year=2016&month=04&day=11
2016,hot100,2016-04-06,11,Always coming back,ONE OK ROCK,https://www.billboard-japan.com/charts/detail?a=hot100&year=2016&month=04&day=11
2016,hot100,2016-04-06,12,3月9日,レミオロメン,https://www.billboard-japan.com/charts/detail?a=hot100&year=2016&month=04&day=11
2016,hot100,2016-04-06,13,Wherever you are,ONE OK ROCK,https://www.billboard-japan.com/charts/detail?a=hot100&year=2016&month=04&day=11
2016,hot100,2016-04-06,14,友よ〜この先もずっと…,ケツメイシ,https://www.billboard-japan.com/charts/detail?a=hot100&year=2016&month=04&day=11
2016,hot100,2016-04-06,15,新学期アラカルト,M!LK,https://www.billboard-japan.com/charts/detail?a=hot100&year=2016&month=04&day=11
2016,hot100,2016-04-06,16,Snow Wings,"島村卯月(大橋彩香),渋谷凛(福原綾香),本田未央(原紗友里),大槻唯(山下七海),上条春菜(長島光那)",https://www.billboard-japan.com/charts/detail?a=hot100&year=2016&month=04&day=11
2016,hot100,2016-04-06,17,さらば涙,ケツメイシ,https://www.billboard-japan.com/charts/detail?a=hot100&year=2016&month=04&day=11
2016,hot100,2016-04-06,18,Love Raisin,小林豊,https://www.billboard-japan.com/charts/detail?a=hot100&year=2016&month=04&day=11
2016,hot100,2016-04-06,19,さくら,ケツメイシ,https://www.billboard-japan.com/charts/detail?a=hot100&year=2016&month=04&day=11
2016,hot100,2016-04-06,20,越後水原,水森かおり,https://www.billboard-japan.com/charts/detail?a=hot100&year=2016&month=04&day=11
2016,hot100,2016-04-06,21,SUN,星野源,https://www.billboard-japan.com/charts/detail?a=hot100&year=2016&month=04&day=11
2016,hot100,2016-04-06,22,Re:Re:,ASIAN KUNG-FU GENERATION,https://www.billboard-japan.com/charts/detail?a=hot100&year=2016&month=04&day=11
2016,hot100,2016-04-06,23,始まりの唄,GReeeeN,https://www.billboard-japan.com/charts/detail?a=hot100&year=2016&month=04&day=11
2016,hot100,2016-04-06,24,トリセツ,西野カナ,https://www.billboard-japan.com/charts/detail?a=hot100&year=2016&month=04&day=11
2016,hot100,2016-04-06,25,PERFECT HUMAN,RADIO FISH,https://www.billboard-japan.com/charts/detail?a=hot100&year=2016&month=04&day=11
2016,hot100,2016-04-06,26,サクラ,Crystal Kay,https://www.billboard-japan.com/charts/detail?a=hot100&year=2016&month=04&day=11
2016,hot100,2016-04-06,27,together,ナオト・インティライミ,https://www.billboard-japan.com/charts/detail?a=hot100&year=2016&month=04&day=11
2016,hot100,2016-04-06,28,帰り道,anderlust,https://www.billboard-japan.com/charts/detail?a=hot100&year=2016&month=04&day=11
2016,hot100,2016-04-06,29,海の声,浦島太郎(桐谷健太),https://www.billboard-japan.com/charts/detail?a=hot100&year=2016&month=04&day=11
2016,hot100,2016-04-06,30,MOMENT RING,μ's,https://www.billboard-japan.com/charts/detail?a=hot100&year=2016&month=04&day=11
2016,hot100,2016-04-06,31,サイレントマジョリティー,欅坂46,https://www.billboard-japan.com/charts/detail?a=hot100&year=2016&month=04&day=11
2016,hot100,2016-04-06,32,超絶☆はっぴー!じぇねれーしょんっ!,じぇるの!,https://www.billboard-japan.com/charts/detail?a=hot100&year=2016&month=04&day=11
2016,hot100,2016-04-06,33,BANG BANG BANG,BIGBANG,https://www.billboard-japan.com/charts/detail?a=hot100&year=2016&month=04&day=11
2016,hot100,2016-04-06,34,Oh My Girl!,大国男児,https://www.billboard-japan.com/charts/detail?a=hot100&year=2016&month=04&day=11
2016,hot100,2016-04-06,35,Party Up!!,X4,https://www.billboard-japan.com/charts/detail?a=hot100&year=2016&month=04&day=11
2016,hot100,2016-04-06,36,復活LOVE,嵐,https://www.billboard-japan.com/charts/detail?a=hot100&year=2016&month=04&day=11
2016,hot100,2016-04-06,37,MONSTER WORLD,HOWL BE QUIET,https://www.billboard-japan.com/charts/detail?a=hot100&year=2016&month=04&day=11
2016,hot100,2016-04-06,38,R.Y.U.S.E.I.,三代目 J Soul Brothers from EXILE TRIBE,https://www.billboard-japan.com/charts/detail?a=hot100&year=2016&month=04&day=11
2016,hot100,2016-04-06,39,さくら(独唱),森山直太朗,https://www.billboard-japan.com/charts/detail?a=hot100&year=2016&month=04&day=11
2016,hot100,2016-04-06,40,Survivor,BLUE ENCOUNT,https://www.billboard-japan.com/charts/detail?a=hot100&year=2016&month=04&day=11
2016,hot100,2016-04-06,41,Born in the EXILE,三代目 J Soul Brothers from EXILE TRIBE,https://www.billboard-japan.com/charts/detail?a=hot100&year=2016&month=04&day=11
2016,hot100,2016-04-06,42,SAKURA,いきものがかり,https://www.billboard-japan.com/charts/detail?a=hot100&year=2016&month=04&day=11
2016,hot100,2016-04-06,43,FANTASTIC BABY,BIGBANG,https://www.billboard-japan.com/charts/detail?a=hot100&year=2016&month=04&day=11
2016,hot100,2016-04-06,44,スミレ,秦基博,https://www.billboard-japan.com/charts/detail?a=hot100&year=2016&month=04&day=11
2016,hot100,2016-04-06,45,黄色い花,赤い公園,https://www.billboard-japan.com/charts/detail?a=hot100&year=2016&month=04&day=11
2016,hot100,2016-04-06,46,SIX SHAME FACES〜今夜も最高!!!!!!〜,トト子 feat.おそ松×カラ松×チョロ松×一松×十四松×トド松(遠藤綾、櫻井孝宏、中村悠一、神谷浩史、福山潤、小野大輔、入野自由),https://www.billboard-japan.com/charts/detail?a=hot100&year=2016&month=04&day=11
2016,hot100,2016-04-06,47,未来,コブクロ,https://www.billboard-japan.com/charts/detail?a=hot100&year=2016&month=04&day=11
2016,hot100,2016-04-06,48,No more,EXILE ATSUSHI + AI,https://www.billboard-japan.com/charts/detail?a=hot100&year=2016&month=04&day=11
2016,hot100,2016-04-06,49,みんながみんな英雄,AI,https://www.billboard-japan.com/charts/detail?a=hot100&year=2016&month=04&day=11
2016,hot100,2016-04-06,50,千本桜,WhiteFlame feat.初音ミク,https://www.billboard-japan.com/charts/detail?a=hot100&year=2016&month=04&day=11
2016,hot100,2016-04-06,51,甘噛み姫,NMB48,https://www.billboard-japan.com/charts/detail?a=hot100&year=2016&month=04&day=11
2016,hot100,2016-04-06,52,全力バタンキュー,A応P,https://www.billboard-japan.com/charts/detail?a=hot100&year=2016&month=04&day=11
2016,hot100,2016-04-06,53,QUARTETTO,NEWS,https://www.billboard-japan.com/charts/detail?a=hot100&year=2016&month=04&day=11
2016,hot100,2016-04-06,54,約束の丘,X21,https://www.billboard-japan.com/charts/detail?a=hot100&year=2016&month=04&day=11
2016,hot100,2016-04-06,55,ピロウトーク,ゼイン,https://www.billboard-japan.com/charts/detail?a=hot100&year=2016&month=04&day=11
2016,hot100,2016-04-06,56,はなまるぴっぴはよいこだけ,A応P,https://www.billboard-japan.com/charts/detail?a=hot100&year=2016&month=04&day=11
2016,hot100,2016-04-06,57,Butterfly,BUMP OF CHICKEN,https://www.billboard-japan.com/charts/detail?a=hot100&year=2016&month=04&day=11
2016,hot100,2016-04-06,58,Gravity,Kis-My-Ft2,https://www.billboard-japan.com/charts/detail?a=hot100&year=2016&month=04&day=11
2016,hot100,2016-04-06,59,ひまわりの約束,秦基博,https://www.billboard-japan.com/charts/detail?a=hot100&year=2016&month=04&day=11
2016,hot100,2016-04-06,60,チェリー,スピッツ,https://www.billboard-japan.com/charts/detail?a=hot100&year=2016&month=04&day=11
2016,hot100,2016-04-06,61,シー・ユー・アゲイン,ウィズ・カリファ feat.チャーリー・プース,https://www.billboard-japan.com/charts/detail?a=hot100&year=2016&month=04&day=11
2016,hot100,2016-04-06,62,シュガーソングとビターステップ,UNISON SQUARE GARDEN,https://www.billboard-japan.com/charts/detail?a=hot100&year=2016&month=04&day=11
2016,hot100,2016-04-06,63,Ki・mi・ni・mu・chu,EXILE,https://www.billboard-japan.com/charts/detail?a=hot100&year=2016&month=04&day=11
2016,hot100,2016-04-06,64,キャント・フィール・マイ・フェイス,ウィークエンド,https://www.billboard-japan.com/charts/detail?a=hot100&year=2016&month=04&day=11
2016,hot100,2016-04-06,65,Share The Love,THE Sharehappi from 三代目 J Soul Brothers from EXILE TRIBE,https://www.billboard-japan.com/charts/detail?a=hot100&year=2016&month=04&day=11
2016,hot100,2016-04-06,66,コール・ミー・メイビー,カーリー・レイ・ジェプセン,https://www.billboard-japan.com/charts/detail?a=hot100&year=2016&month=04&day=11
2016,hot100,2016-04-06,67,加賀岬,加賀(井口裕香),https://www.billboard-japan.com/charts/detail?a=hot100&year=2016&month=04&day=11
2016,hot100,2016-04-06,68,桜坂,福山雅治,https://www.billboard-japan.com/charts/detail?a=hot100&year=2016&month=04&day=11
2016,hot100,2016-04-06,69,さくらのうた,高橋優,https://www.billboard-japan.com/charts/detail?a=hot100&year=2016&month=04&day=11
2016,hot100,2016-04-06,70,KARATE,BABYMETAL,https://www.billboard-japan.com/charts/detail?a=hot100&year=2016&month=04&day=11
2016,hot100,2016-04-06,71,BREAK OF DAWN,三代目 J Soul Brothers from EXILE TRIBE,https://www.billboard-japan.com/charts/detail?a=hot100&year=2016&month=04&day=11
2016,hot100,2016-04-06,72,破花,クリープハイプ,https://www.billboard-japan.com/charts/detail?a=hot100&year=2016&month=04&day=11
2016,hot100,2016-04-06,73,CHE.R.RY,YUI,https://www.billboard-japan.com/charts/detail?a=hot100&year=2016&month=04&day=11
2016,hot100,2016-04-06,74,ソーリー,ジャスティン・ビーバー,https://www.billboard-japan.com/charts/detail?a=hot100&year=2016&month=04&day=11
2016,hot100,2016-04-06,75,道,EXILE,https://www.billboard-japan.com/charts/detail?a=hot100&year=2016&month=04&day=11
2016,hot100,2016-04-06,76,奏(かなで),スキマスイッチ,https://www.billboard-japan.com/charts/detail?a=hot100&year=2016&month=04&day=11
2016,hot100,2016-04-06,77,日日是好日,藤巻亮太,https://www.billboard-japan.com/charts/detail?a=hot100&year=2016&month=04&day=11
2016,hot100,2016-04-06,78,FLY HIGH!!,BURNOUT SYNDROMES,https://www.billboard-japan.com/charts/detail?a=hot100&year=2016&month=04&day=11
2016,hot100,2016-04-06,79,桜色舞うころ,中島美嘉,https://www.billboard-japan.com/charts/detail?a=hot100&year=2016&month=04&day=11
2016,hot100,2016-04-06,80,世界に一つだけの花,SMAP,https://www.billboard-japan.com/charts/detail?a=hot100&year=2016&month=04&day=11
2016,hot100,2016-04-06,81,ホワット・ドゥ・ユー・ミーン?,ジャスティン・ビーバー,https://www.billboard-japan.com/charts/detail?a=hot100&year=2016&month=04&day=11
2016,hot100,2016-04-06,82,シェイク・イット・オフ〜気にしてなんかいられないっ!!,テイラー・スウィフト,https://www.billboard-japan.com/charts/detail?a=hot100&year=2016&month=04&day=11
2016,hot100,2016-04-06,83,The Beginning,ONE OK ROCK,https://www.billboard-japan.com/charts/detail?a=hot100&year=2016&month=04&day=11
2016,hot100,2016-04-06,84,にじいろ,絢香,https://www.billboard-japan.com/charts/detail?a=hot100&year=2016&month=04&day=11
2016,hot100,2016-04-06,85,ハート・ミー,ラプスリー,https://www.billboard-japan.com/charts/detail?a=hot100&year=2016&month=04&day=11
2016,hot100,2016-04-06,86,Summer Madness,三代目 J Soul Brothers from EXILE TRIBE,https://www.billboard-japan.com/charts/detail?a=hot100&year=2016&month=04&day=11
2016,hot100,2016-04-06,87,ライク・アイ・ウッド,ゼイン,https://www.billboard-japan.com/charts/detail?a=hot100&year=2016&month=04&day=11
2016,hot100,2016-04-06,88,恋音と雨空,AAA,https://www.billboard-japan.com/charts/detail?a=hot100&year=2016&month=04&day=11
2016,hot100,2016-04-06,89,ワーク feat.ドレイク,リアーナ,https://www.billboard-japan.com/charts/detail?a=hot100&year=2016&month=04&day=11
2016,hot100,2016-04-06,90,新宝島,サカナクション,https://www.billboard-japan.com/charts/detail?a=hot100&year=2016&month=04&day=11
2016,hot100,2016-04-06,91,アップタウン・ファンク feat.ブルーノ・マーズ,マーク・ロンソン,https://www.billboard-japan.com/charts/detail?a=hot100&year=2016&month=04&day=11
2016,hot100,2016-04-06,92,DANCE WITH ME NOW!,E-girls,https://www.billboard-japan.com/charts/detail?a=hot100&year=2016&month=04&day=11
2016,hot100,2016-04-06,93,桜,コブクロ,https://www.billboard-japan.com/charts/detail?a=hot100&year=2016&month=04&day=11
2016,hot100,2016-04-06,94,アイ・リアリー・ライク・ユー,カーリー・レイ・ジェプセン,https://www.billboard-japan.com/charts/detail?a=hot100&year=2016&month=04&day=11
2016,hot100,2016-04-06,95,HEMLOCK,コドモドラゴン,https://www.billboard-japan.com/charts/detail?a=hot100&year=2016&month=04&day=11
2016,hot100,2016-04-06,96,ファースト・タイム,カーリー・レイ・ジェプセン,https://www.billboard-japan.com/charts/detail?a=hot100&year=2016&month=04&day=11
2016,hot100,2016-04-06,97,桜の時,aiko,https://www.billboard-japan.com/charts/detail?a=hot100&year=2016&month=04&day=11
2016,hot100,2016-04-06,98,遠く遠く,槇原敬之,https://www.billboard-japan.com/charts/detail?a=hot100&year=2016&month=04&day=11
2016,hot100,2016-04-06,99,さよならセンセーション,せんせーションズ,https://www.billboard-japan.com/charts/detail?a=hot100&year=2016&month=04&day=11
2016,hot100,2016-04-06,100,デンジャラス・ウーマン,アリアナ・グランデ,https://www.billboard-japan.com/charts/detail?a=hot100&year=2016&month=04&day=11
2016,hot100,2016-04-13,1,サイレントマジョリティー,欅坂46,https://www.billboard-japan.com/charts/detail?a=hot100&year=2016&month=04&day=18
2016,hot100,2016-04-13,2,FLASH,Perfume,https://www.billboard-japan.com/charts/detail?a=hot100&year=2016&month=04&day=18
2016,hot100,2016-04-13,3,WATCH OUT,Da-iCE,https://www.billboard-japan.com/charts/detail?a=hot100&year=2016&month=04&day=18
2016,hot100,2016-04-13,4,ハルジオンが咲く頃,乃木坂46,https://www.billboard-japan.com/charts/detail?a=hot100&year=2016&month=04&day=18
2016,hot100,2016-04-13,5,"UP PrizmaX 全国推定売上枚数 総合ポイント数 3,191",PrizmaX,https://www.billboard-japan.com/charts/detail?a=hot100&year=2016&month=04&day=18
2016,hot100,2016-04-13,6,前前前世,RADWIMPS,https://www.billboard-japan.com/charts/detail?a=hot100&year=2016&month=04&day=18
2016,hot100,2016-04-13,7,チキンLINE,SKE48,https://www.billboard-japan.com/charts/detail?a=hot100&year=2016&month=04&day=18
2016,hot100,2016-04-13,8,パーリーピーポーエイリアン,アップアップガールズ(仮),https://www.billboard-japan.com/charts/detail?a=hot100&year=2016&month=04&day=18
2016,hot100,2016-04-13,9,Feel So Alive,三代目 J Soul Brothers from EXILE TRIBE,https://www.billboard-japan.com/charts/detail?a=hot100&year=2016&month=04&day=18
2016,hot100,2016-04-13,10,シャボン,松井玲奈とチャラン・ポ・ランタン,https://www.billboard-japan.com/charts/detail?a=hot100&year=2016&month=04&day=18
2016,hot100,2016-04-13,11,Always coming back,ONE OK ROCK,https://www.billboard-japan.com/charts/detail?a=hot100&year=2016&month=04&day=18
2016,hot100,2016-04-13,12,Committed RED,T.M.Revolution,https://www.billboard-japan.com/charts/detail?a=hot100&year=2016&month=04&day=18
2016,hot100,2016-04-13,13,友よ〜この先もずっと…,ケツメイシ,https://www.billboard-japan.com/charts/detail?a=hot100&year=2016&month=04&day=18
2016,hot100,2016-04-13,14,Wherever you are,ONE OK ROCK,https://www.billboard-japan.com/charts/detail?a=hot100&year=2016&month=04&day=18
2016,hot100,2016-04-13,15,明日への手紙,手嶌葵,https://www.billboard-japan.com/charts/detail?a=hot100&year=2016&month=04&day=18
2016,hot100,2016-04-13,16,もっと,aiko,https://www.billboard-japan.com/charts/detail?a=hot100&year=2016&month=04&day=18
2016,hot100,2016-04-13,17,365日の紙飛行機,AKB48,https://www.billboard-japan.com/charts/detail?a=hot100&year=2016&month=04&day=18
2016,hot100,2016-04-13,18,ふざけんな世界、ふざけろよ,黒木渚,https://www.billboard-japan.com/charts/detail?a=hot100&year=2016&month=04&day=18
2016,hot100,2016-04-13,19,トリセツ,西野カナ,https://www.billboard-japan.com/charts/detail?a=hot100&year=2016&month=04&day=18
2016,hot100,2016-04-13,20,PERFECT HUMAN,RADIO FISH,https://www.billboard-japan.com/charts/detail?a=hot100&year=2016&month=04&day=18
2016,hot100,2016-04-13,21,帰り道,anderlust,https://www.billboard-japan.com/charts/detail?a=hot100&year=2016&month=04&day=18
2016,hot100,2016-04-13,22,いけないボーダーライン,ワルキューレ,https://www.billboard-japan.com/charts/detail?a=hot100&year=2016&month=04&day=18
2016,hot100,2016-04-13,23,あなたの好きなところ,西野カナ,https://www.billboard-japan.com/charts/detail?a=hot100&year=2016&month=04&day=18
2016,hot100,2016-04-13,24,ファイト・ソング,レイチェル・プラッテン,https://www.billboard-japan.com/charts/detail?a=hot100&year=2016&month=04&day=18
2016,hot100,2016-04-13,25,SUN,星野源,https://www.billboard-japan.com/charts/detail?a=hot100&year=2016&month=04&day=18
2016,hot100,2016-04-13,26,8 BEATのシルエット,布袋寅泰,https://www.billboard-japan.com/charts/detail?a=hot100&year=2016&month=04&day=18
2016,hot100,2016-04-13,27,さくら,ケツメイシ,https://www.billboard-japan.com/charts/detail?a=hot100&year=2016&month=04&day=18
2016,hot100,2016-04-13,28,Cherie!,チームしゃちほこ,https://www.billboard-japan.com/charts/detail?a=hot100&year=2016&month=04&day=18
2016,hot100,2016-04-13,29,君はメロディー,AKB48,https://www.billboard-japan.com/charts/detail?a=hot100&year=2016&month=04&day=18
2016,hot100,2016-04-13,30,未来プロローグ,さくらシンデレラ,https://www.billboard-japan.com/charts/detail?a=hot100&year=2016&month=04&day=18
2016,hot100,2016-04-13,31,さらば涙,ケツメイシ,https://www.billboard-japan.com/charts/detail?a=hot100&year=2016&month=04&day=18
2016,hot100,2016-04-13,32,Re:Re:,ASIAN KUNG-FU GENERATION,https://www.billboard-japan.com/charts/detail?a=hot100&year=2016&month=04&day=18
2016,hot100,2016-04-13,33,始まりの唄,GReeeeN,https://www.billboard-japan.com/charts/detail?a=hot100&year=2016&month=04&day=18
2016,hot100,2016-04-13,34,R.Y.U.S.E.I.,三代目 J Soul Brothers from EXILE TRIBE,https://www.billboard-japan.com/charts/detail?a=hot100&year=2016&month=04&day=18
2016,hot100,2016-04-13,35,海の声,浦島太郎(桐谷健太),https://www.billboard-japan.com/charts/detail?a=hot100&year=2016&month=04&day=18
2016,hot100,2016-04-13,36,BANG BANG BANG,BIGBANG,https://www.billboard-japan.com/charts/detail?a=hot100&year=2016&month=04&day=18
2016,hot100,2016-04-13,37,Share The Love,THE Sharehappi from 三代目 J Soul Brothers from EXILE TRIBE,https://www.billboard-japan.com/charts/detail?a=hot100&year=2016&month=04&day=18
2016,hot100,2016-04-13,38,together,ナオト・インティライミ,https://www.billboard-japan.com/charts/detail?a=hot100&year=2016&month=04&day=18
2016,hot100,2016-04-13,39,世界に一つだけの花,SMAP,https://www.billboard-japan.com/charts/detail?a=hot100&year=2016&month=04&day=18
2016,hot100,2016-04-13,40,完全感覚Dreamer,ONE OK ROCK,https://www.billboard-japan.com/charts/detail?a=hot100&year=2016&month=04&day=18
2016,hot100,2016-04-13,41,FANTASTIC BABY,BIGBANG,https://www.billboard-japan.com/charts/detail?a=hot100&year=2016&month=04&day=18
2016,hot100,2016-04-13,42,KARATE,BABYMETAL,https://www.billboard-japan.com/charts/detail?a=hot100&year=2016&month=04&day=18
2016,hot100,2016-04-13,43,みんながみんな英雄,AI,https://www.billboard-japan.com/charts/detail?a=hot100&year=2016&month=04&day=18
2016,hot100,2016-04-13,44,サクラ,Crystal Kay,https://www.billboard-japan.com/charts/detail?a=hot100&year=2016&month=04&day=18
2016,hot100,2016-04-13,45,I'll do my best,三戸なつめ,https://www.billboard-japan.com/charts/detail?a=hot100&year=2016&month=04&day=18
2016,hot100,2016-04-13,46,Live For You,龍雅,https://www.billboard-japan.com/charts/detail?a=hot100&year=2016&month=04&day=18
2016,hot100,2016-04-13,47,全力バタンキュー,A応P,https://www.billboard-japan.com/charts/detail?a=hot100&year=2016&month=04&day=18
2016,hot100,2016-04-13,48,恋! ハレイション THE WAR,ワルキューレ,https://www.billboard-japan.com/charts/detail?a=hot100&year=2016&month=04&day=18
2016,hot100,2016-04-13,49,未来,コブクロ,https://www.billboard-japan.com/charts/detail?a=hot100&year=2016&month=04&day=18
2016,hot100,2016-04-13,50,Cry & Fight,三浦大知,https://www.billboard-japan.com/charts/detail?a=hot100&year=2016&month=04&day=18
2016,hot100,2016-04-13,51,千本桜,WhiteFlame feat.初音ミク,https://www.billboard-japan.com/charts/detail?a=hot100&year=2016&month=04&day=18
2016,hot100,2016-04-13,52,SAKURA,いきものがかり,https://www.billboard-japan.com/charts/detail?a=hot100&year=2016&month=04&day=18
2016,hot100,2016-04-13,53,ひまわりの約束,秦基博,https://www.billboard-japan.com/charts/detail?a=hot100&year=2016&month=04&day=18
2016,hot100,2016-04-13,54,ソーリー,ジャスティン・ビーバー,https://www.billboard-japan.com/charts/detail?a=hot100&year=2016&month=04&day=18
2016,hot100,2016-04-13,55,はなまるぴっぴはよいこだけ,A応P,https://www.billboard-japan.com/charts/detail?a=hot100&year=2016&month=04&day=18
2016,hot100,2016-04-13,56,コール・ミー・メイビー,カーリー・レイ・ジェプセン,https://www.billboard-japan.com/charts/detail?a=hot100&year=2016&month=04&day=18
2016,hot100,2016-04-13,57,Hello Radio,ザ・プールサイド,https://www.billboard-japan.com/charts/detail?a=hot100&year=2016&month=04&day=18
2016,hot100,2016-04-13,58,Ki・mi・ni・mu・chu,EXILE,https://www.billboard-japan.com/charts/detail?a=hot100&year=2016&month=04&day=18
2016,hot100,2016-04-13,59,3月9日,レミオロメン,https://www.billboard-japan.com/charts/detail?a=hot100&year=2016&month=04&day=18
2016,hot100,2016-04-13,60,The Beginning,ONE OK ROCK,https://www.billboard-japan.com/charts/detail?a=hot100&year=2016&month=04&day=18
2016,hot100,2016-04-13,61,ラヴ・ライク・ザット,メイヤー・ホーソーン,https://www.billboard-japan.com/charts/detail?a=hot100&year=2016&month=04&day=18
2016,hot100,2016-04-13,62,Survivor,BLUE ENCOUNT,https://www.billboard-japan.com/charts/detail?a=hot100&year=2016&month=04&day=18
2016,hot100,2016-04-13,63,ノー,メーガン・トレイナー,https://www.billboard-japan.com/charts/detail?a=hot100&year=2016&month=04&day=18
2016,hot100,2016-04-13,64,アイ・リアリー・ライク・ユー,カーリー・レイ・ジェプセン,https://www.billboard-japan.com/charts/detail?a=hot100&year=2016&month=04&day=18
2016,hot100,2016-04-13,65,In Future,Nothing's Carved In Stone,https://www.billboard-japan.com/charts/detail?a=hot100&year=2016&month=04&day=18
2016,hot100,2016-04-13,66,復活LOVE,嵐,https://www.billboard-japan.com/charts/detail?a=hot100&year=2016&month=04&day=18
2016,hot100,2016-04-13,67,Connected feat.Nagaoka Ryosuke,"SOIL&""PIMP""SESSIONS",https://www.billboard-japan.com/charts/detail?a=hot100&year=2016&month=04&day=18
2016,hot100,2016-04-13,68,新宝島,サカナクション,https://www.billboard-japan.com/charts/detail?a=hot100&year=2016&month=04&day=18
2016,hot100,2016-04-13,69,QUARTETTO,NEWS,https://www.billboard-japan.com/charts/detail?a=hot100&year=2016&month=04&day=18
2016,hot100,2016-04-13,70,シェイク・イット・オフ〜気にしてなんかいられないっ!!,テイラー・スウィフト,https://www.billboard-japan.com/charts/detail?a=hot100&year=2016&month=04&day=18
2016,hot100,2016-04-13,71,ファースト・タイム,カーリー・レイ・ジェプセン,https://www.billboard-japan.com/charts/detail?a=hot100&year=2016&month=04&day=18
2016,hot100,2016-04-13,72,桜坂,福山雅治,https://www.billboard-japan.com/charts/detail?a=hot100&year=2016&month=04&day=18
2016,hot100,2016-04-13,73,チェリー,スピッツ,https://www.billboard-japan.com/charts/detail?a=hot100&year=2016&month=04&day=18
2016,hot100,2016-04-13,74,CHE.R.RY,YUI,https://www.billboard-japan.com/charts/detail?a=hot100&year=2016&month=04&day=18
2016,hot100,2016-04-13,75,ホワット・ドゥ・ユー・ミーン?,ジャスティン・ビーバー,https://www.billboard-japan.com/charts/detail?a=hot100&year=2016&month=04&day=18
2016,hot100,2016-04-13,76,嘘と未来と,入野自由,https://www.billboard-japan.com/charts/detail?a=hot100&year=2016&month=04&day=18
2016,hot100,2016-04-13,77,奏(かなで),スキマスイッチ,https://www.billboard-japan.com/charts/detail?a=hot100&year=2016&month=04&day=18
2016,hot100,2016-04-13,78,ワーク feat.ドレイク,リアーナ,https://www.billboard-japan.com/charts/detail?a=hot100&year=2016&month=04&day=18
2016,hot100,2016-04-13,79,シー・ユー・アゲイン,ウィズ・カリファ feat.チャーリー・プース,https://www.billboard-japan.com/charts/detail?a=hot100&year=2016&month=04&day=18
2016,hot100,2016-04-13,80,Summer Madness,三代目 J Soul Brothers from EXILE TRIBE,https://www.billboard-japan.com/charts/detail?a=hot100&year=2016&month=04&day=18
2016,hot100,2016-04-13,81,さくら(独唱),森山直太朗,https://www.billboard-japan.com/charts/detail?a=hot100&year=2016&month=04&day=18
2016,hot100,2016-04-13,82,RUN and RUN,lyrical school,https://www.billboard-japan.com/charts/detail?a=hot100&year=2016&month=04&day=18
2016,hot100,2016-04-13,83,BANZAI! BANZAI!,柊木りお,https://www.billboard-japan.com/charts/detail?a=hot100&year=2016&month=04&day=18
2016,hot100,2016-04-13,84,ワーク・フロム・ホーム feat.タイ・ダラー・サイン,フィフス・ハーモニー,https://www.billboard-japan.com/charts/detail?a=hot100&year=2016&month=04&day=18
2016,hot100,2016-04-13,85,Again,瀧川ありさ,https://www.billboard-japan.com/charts/detail?a=hot100&year=2016&month=04&day=18
2016,hot100,2016-04-13,86,スミレ,秦基博,https://www.billboard-japan.com/charts/detail?a=hot100&year=2016&month=04&day=18
2016,hot100,2016-04-13,87,ザ・ポップ・キッズ,ペット・ショップ・ボーイズ,https://www.billboard-japan.com/charts/detail?a=hot100&year=2016&month=04&day=18
2016,hot100,2016-04-13,88,No more,EXILE ATSUSHI + AI,https://www.billboard-japan.com/charts/detail?a=hot100&year=2016&month=04&day=18
2016,hot100,2016-04-13,89,シュガーソングとビターステップ,UNISON SQUARE GARDEN,https://www.billboard-japan.com/charts/detail?a=hot100&year=2016&month=04&day=18
2016,hot100,2016-04-13,90,Party Up!!,X4,https://www.billboard-japan.com/charts/detail?a=hot100&year=2016&month=04&day=18
2016,hot100,2016-04-13,91,Butterfly,BUMP OF CHICKEN,https://www.billboard-japan.com/charts/detail?a=hot100&year=2016&month=04&day=18
2016,hot100,2016-04-13,92,Butter-Fly,和田光司,https://www.billboard-japan.com/charts/detail?a=hot100&year=2016&month=04&day=18
2016,hot100,2016-04-13,93,恋音と雨空,AAA,https://www.billboard-japan.com/charts/detail?a=hot100&year=2016&month=04&day=18
2016,hot100,2016-04-13,94,さくらのうた,高橋優,https://www.billboard-japan.com/charts/detail?a=hot100&year=2016&month=04&day=18
2016,hot100,2016-04-13,95,SIX SHAME FACES〜今夜も最高!!!!!!〜,トト子 feat.おそ松×カラ松×チョロ松×一松×十四松×トド松(遠藤綾、櫻井孝宏、中村悠一、神谷浩史、福山潤、小野大輔、入野自由),https://www.billboard-japan.com/charts/detail?a=hot100&year=2016&month=04&day=18
2016,hot100,2016-04-13,96,にじいろ,絢香,https://www.billboard-japan.com/charts/detail?a=hot100&year=2016&month=04&day=18
2016,hot100,2016-04-13,97,僕たちの未来,家入レオ,https://www.billboard-japan.com/charts/detail?a=hot100&year=2016&month=04&day=18
2016,hot100,2016-04-13,98,NEW WALL,[Alexandros],https://www.billboard-japan.com/charts/detail?a=hot100&year=2016&month=04&day=18
2016,hot100,2016-04-13,99,みなと,スピッツ,https://www.billboard-japan.com/charts/detail?a=hot100&year=2016&month=04&day=18
2016,hot100,2016-04-13,100,MOMENT RING,μ's,https://www.billboard-japan.com/charts/detail?a=hot100&year=2016&month=04&day=18
2016,hot100,2016-04-20,1,74億分の1の君へ,HKT48,https://www.billboard-japan.com/charts/detail?a=hot100&year=2016&month=04&day=25
2016,hot100,2016-04-20,2,サイレントマジョリティー,欅坂46,https://www.billboard-japan.com/charts/detail?a=hot100&year=2016&month=04&day=25
2016,hot100,2016-04-20,3,花束を君に,宇多田ヒカル,https://www.billboard-japan.com/charts/detail?a=hot100&year=2016&month=04&day=25
2016,hot100,2016-04-20,4,FLASH,Perfume,https://www.billboard-japan.com/charts/detail?a=hot100&year=2016&month=04&day=25
2016,hot100,2016-04-20,5,真夏の通り雨,宇多田ヒカル,https://www.billboard-japan.com/charts/detail?a=hot100&year=2016&month=04&day=25
2016,hot100,2016-04-20,6,世界に一つだけの花,SMAP,https://www.billboard-japan.com/charts/detail?a=hot100&year=2016&month=04&day=25
2016,hot100,2016-04-20,7,ハルジオンが咲く頃,乃木坂46,https://www.billboard-japan.com/charts/detail?a=hot100&year=2016&month=04&day=25
2016,hot100,2016-04-20,8,友よ〜この先もずっと…,ケツメイシ,https://www.billboard-japan.com/charts/detail?a=hot100&year=2016&month=04&day=25
2016,hot100,2016-04-20,9,ファイト・ソング,レイチェル・プラッテン,https://www.billboard-japan.com/charts/detail?a=hot100&year=2016&month=04&day=25
2016,hot100,2016-04-20,10,明日への手紙,手嶌葵,https://www.billboard-japan.com/charts/detail?a=hot100&year=2016&month=04&day=25
2016,hot100,2016-04-20,11,HELLO WONDERLAND,KEYTALK,https://www.billboard-japan.com/charts/detail?a=hot100&year=2016&month=04&day=25
2016,hot100,2016-04-20,12,いけないボーダーライン,ワルキューレ,https://www.billboard-japan.com/charts/detail?a=hot100&year=2016&month=04&day=25
2016,hot100,2016-04-20,13,TRASH CANDY,GRANRODEO,https://www.billboard-japan.com/charts/detail?a=hot100&year=2016&month=04&day=25
2016,hot100,2016-04-20,14,Wherever you are,ONE OK ROCK,https://www.billboard-japan.com/charts/detail?a=hot100&year=2016&month=04&day=25
2016,hot100,2016-04-20,15,365日の紙飛行機,AKB48,https://www.billboard-japan.com/charts/detail?a=hot100&year=2016&month=04&day=25
2016,hot100,2016-04-20,16,Always coming back,ONE OK ROCK,https://www.billboard-japan.com/charts/detail?a=hot100&year=2016&month=04&day=25
2016,hot100,2016-04-20,17,恋色に咲け,CHiCO with HoneyWorks,https://www.billboard-japan.com/charts/detail?a=hot100&year=2016&month=04&day=25
2016,hot100,2016-04-20,18,いつか,DOBERMAN INFINITY,https://www.billboard-japan.com/charts/detail?a=hot100&year=2016&month=04&day=25
2016,hot100,2016-04-20,19,Feel So Alive,三代目 J Soul Brothers from EXILE TRIBE,https://www.billboard-japan.com/charts/detail?a=hot100&year=2016&month=04&day=25
2016,hot100,2016-04-20,20,ナナイロダンス,たこやきレインボー,https://www.billboard-japan.com/charts/detail?a=hot100&year=2016&month=04&day=25
2016,hot100,2016-04-20,21,Rockstar,原駅ステージA,https://www.billboard-japan.com/charts/detail?a=hot100&year=2016&month=04&day=25
2016,hot100,2016-04-20,22,トリセツ,西野カナ,https://www.billboard-japan.com/charts/detail?a=hot100&year=2016&month=04&day=25
2016,hot100,2016-04-20,23,もっと,aiko,https://www.billboard-japan.com/charts/detail?a=hot100&year=2016&month=04&day=25
2016,hot100,2016-04-20,24,SUN,星野源,https://www.billboard-japan.com/charts/detail?a=hot100&year=2016&month=04&day=25
2016,hot100,2016-04-20,25,ラヴ・ライク・ザット,メイヤー・ホーソーン,https://www.billboard-japan.com/charts/detail?a=hot100&year=2016&month=04&day=25
2016,hot100,2016-04-20,26,KARATE,BABYMETAL,https://www.billboard-japan.com/charts/detail?a=hot100&year=2016&month=04&day=25
2016,hot100,2016-04-20,27,さらば涙,ケツメイシ,https://www.billboard-japan.com/charts/detail?a=hot100&year=2016&month=04&day=25
2016,hot100,2016-04-20,28,チキンLINE,SKE48,https://www.billboard-japan.com/charts/detail?a=hot100&year=2016&month=04&day=25
2016,hot100,2016-04-20,29,みなと,スピッツ,https://www.billboard-japan.com/charts/detail?a=hot100&year=2016&month=04&day=25
2016,hot100,2016-04-20,30,みんながみんな英雄,AI,https://www.billboard-japan.com/charts/detail?a=hot100&year=2016&month=04&day=25
2016,hot100,2016-04-20,31,harmony ribbon,水瀬いのり,https://www.billboard-japan.com/charts/detail?a=hot100&year=2016&month=04&day=25
2016,hot100,2016-04-20,32,PERFECT HUMAN,RADIO FISH,https://www.billboard-japan.com/charts/detail?a=hot100&year=2016&month=04&day=25
2016,hot100,2016-04-20,33,NEW WALL,[Alexandros],https://www.billboard-japan.com/charts/detail?a=hot100&year=2016&month=04&day=25
2016,hot100,2016-04-20,34,荒涼たる新世界,聖飢魔II,https://www.billboard-japan.com/charts/detail?a=hot100&year=2016&month=04&day=25
2016,hot100,2016-04-20,35,ふざけんな世界、ふざけろよ,黒木渚,https://www.billboard-japan.com/charts/detail?a=hot100&year=2016&month=04&day=25
2016,hot100,2016-04-20,36,恋! ハレイション THE WAR,ワルキューレ,https://www.billboard-japan.com/charts/detail?a=hot100&year=2016&month=04&day=25
2016,hot100,2016-04-20,37,トライ・エヴリシング,Dream Ami,https://www.billboard-japan.com/charts/detail?a=hot100&year=2016&month=04&day=25
2016,hot100,2016-04-20,38,Dear future,Doll☆Elements,https://www.billboard-japan.com/charts/detail?a=hot100&year=2016&month=04&day=25
2016,hot100,2016-04-20,39,海の声,浦島太郎(桐谷健太),https://www.billboard-japan.com/charts/detail?a=hot100&year=2016&month=04&day=25
2016,hot100,2016-04-20,40,R.Y.U.S.E.I.,三代目 J Soul Brothers from EXILE TRIBE,https://www.billboard-japan.com/charts/detail?a=hot100&year=2016&month=04&day=25
2016,hot100,2016-04-20,41,BANG BANG BANG,BIGBANG,https://www.billboard-japan.com/charts/detail?a=hot100&year=2016&month=04&day=25
2016,hot100,2016-04-20,42,帰り道,anderlust,https://www.billboard-japan.com/charts/detail?a=hot100&year=2016&month=04&day=25
2016,hot100,2016-04-20,43,Landscape,SOLIDEMO,https://www.billboard-japan.com/charts/detail?a=hot100&year=2016&month=04&day=25
2016,hot100,2016-04-20,44,君はメロディー,AKB48,https://www.billboard-japan.com/charts/detail?a=hot100&year=2016&month=04&day=25
2016,hot100,2016-04-20,45,逆転Winner,ジャニーズWEST,https://www.billboard-japan.com/charts/detail?a=hot100&year=2016&month=04&day=25
2016,hot100,2016-04-20,46,あなたの好きなところ,西野カナ,https://www.billboard-japan.com/charts/detail?a=hot100&year=2016&month=04&day=25
2016,hot100,2016-04-20,47,Share The Love,THE Sharehappi from 三代目 J Soul Brothers from EXILE TRIBE,https://www.billboard-japan.com/charts/detail?a=hot100&year=2016&month=04&day=25
2016,hot100,2016-04-20,48,始まりの唄,GReeeeN,https://www.billboard-japan.com/charts/detail?a=hot100&year=2016&month=04&day=25
2016,hot100,2016-04-20,49,Fly away!,"和泉一織(増田俊樹),七瀬陸(小野賢章)",https://www.billboard-japan.com/charts/detail?a=hot100&year=2016&month=04&day=25
2016,hot100,2016-04-20,50,Re:Re:,ASIAN KUNG-FU GENERATION,https://www.billboard-japan.com/charts/detail?a=hot100&year=2016&month=04&day=25
2016,hot100,2016-04-20,51,ワーク・フロム・ホーム feat.タイ・ダラー・サイン,フィフス・ハーモニー,https://www.billboard-japan.com/charts/detail?a=hot100&year=2016&month=04&day=25
2016,hot100,2016-04-20,52,together,ナオト・インティライミ,https://www.billboard-japan.com/charts/detail?a=hot100&year=2016&month=04&day=25
2016,hot100,2016-04-20,53,完全感覚Dreamer,ONE OK ROCK,https://www.billboard-japan.com/charts/detail?a=hot100&year=2016&month=04&day=25
2016,hot100,2016-04-20,54,Hello Radio,ザ・プールサイド,https://www.billboard-japan.com/charts/detail?a=hot100&year=2016&month=04&day=25
2016,hot100,2016-04-20,55,ソーリー,ジャスティン・ビーバー,https://www.billboard-japan.com/charts/detail?a=hot100&year=2016&month=04&day=25
2016,hot100,2016-04-20,56,FANTASTIC BABY,BIGBANG,https://www.billboard-japan.com/charts/detail?a=hot100&year=2016&month=04&day=25
2016,hot100,2016-04-20,57,8 BEATのシルエット,布袋寅泰,https://www.billboard-japan.com/charts/detail?a=hot100&year=2016&month=04&day=25
2016,hot100,2016-04-20,58,シェイク・イット・オフ〜気にしてなんかいられないっ!!,テイラー・スウィフト,https://www.billboard-japan.com/charts/detail?a=hot100&year=2016&month=04&day=25
2016,hot100,2016-04-20,59,鮮やかなReason,WEBER,https://www.billboard-japan.com/charts/detail?a=hot100&year=2016&month=04&day=25
2016,hot100,2016-04-20,60,Ki・mi・ni・mu・chu,EXILE,https://www.billboard-japan.com/charts/detail?a=hot100&year=2016&month=04&day=25
2016,hot100,2016-04-20,61,さくら,ケツメイシ,https://www.billboard-japan.com/charts/detail?a=hot100&year=2016&month=04&day=25
2016,hot100,2016-04-20,62,ノー,メーガン・トレイナー,https://www.billboard-japan.com/charts/detail?a=hot100&year=2016&month=04&day=25
2016,hot100,2016-04-20,63,スミレ,秦基博,https://www.billboard-japan.com/charts/detail?a=hot100&year=2016&month=04&day=25
2016,hot100,2016-04-20,64,ひまわりの約束,秦基博,https://www.billboard-japan.com/charts/detail?a=hot100&year=2016&month=04&day=25
2016,hot100,2016-04-20,65,新宝島,サカナクション,https://www.billboard-japan.com/charts/detail?a=hot100&year=2016&month=04&day=25
2016,hot100,2016-04-20,66,The Beginning,ONE OK ROCK,https://www.billboard-japan.com/charts/detail?a=hot100&year=2016&month=04&day=25
2016,hot100,2016-04-20,67,ビー・オールライト,アリアナ・グランデ,https://www.billboard-japan.com/charts/detail?a=hot100&year=2016&month=04&day=25
2016,hot100,2016-04-20,68,未来,コブクロ,https://www.billboard-japan.com/charts/detail?a=hot100&year=2016&month=04&day=25
2016,hot100,2016-04-20,69,3月9日,レミオロメン,https://www.billboard-japan.com/charts/detail?a=hot100&year=2016&month=04&day=25
2016,hot100,2016-04-20,70,I'll do my best,三戸なつめ,https://www.billboard-japan.com/charts/detail?a=hot100&year=2016&month=04&day=25
2016,hot100,2016-04-20,71,僕たちの未来,家入レオ,https://www.billboard-japan.com/charts/detail?a=hot100&year=2016&month=04&day=25
2016,hot100,2016-04-20,72,最&高,きゃりーぱみゅぱみゅ,https://www.billboard-japan.com/charts/detail?a=hot100&year=2016&month=04&day=25
2016,hot100,2016-04-20,73,デンジャラス・ウーマン,アリアナ・グランデ,https://www.billboard-japan.com/charts/detail?a=hot100&year=2016&month=04&day=25
2016,hot100,2016-04-20,74,Committed RED,T.M.Revolution,https://www.billboard-japan.com/charts/detail?a=hot100&year=2016&month=04&day=25
2016,hot100,2016-04-20,75,Survivor,BLUE ENCOUNT,https://www.billboard-japan.com/charts/detail?a=hot100&year=2016&month=04&day=25
2016,hot100,2016-04-20,76,はなまるぴっぴはよいこだけ,A応P,https://www.billboard-japan.com/charts/detail?a=hot100&year=2016&month=04&day=25
2016,hot100,2016-04-20,77,千本桜,WhiteFlame feat.初音ミク,https://www.billboard-japan.com/charts/detail?a=hot100&year=2016&month=04&day=25
2016,hot100,2016-04-20,78,ワーク feat.ドレイク,リアーナ,https://www.billboard-japan.com/charts/detail?a=hot100&year=2016&month=04&day=25
2016,hot100,2016-04-20,79,復活LOVE,嵐,https://www.billboard-japan.com/charts/detail?a=hot100&year=2016&month=04&day=25
2016,hot100,2016-04-20,80,ザ・ポップ・キッズ,ペット・ショップ・ボーイズ,https://www.billboard-japan.com/charts/detail?a=hot100&year=2016&month=04&day=25
2016,hot100,2016-04-20,81,シー・ユー・アゲイン,ウィズ・カリファ feat.チャーリー・プース,https://www.billboard-japan.com/charts/detail?a=hot100&year=2016&month=04&day=25
2016,hot100,2016-04-20,82,Butter-Fly,和田光司,https://www.billboard-japan.com/charts/detail?a=hot100&year=2016&month=04&day=25
2016,hot100,2016-04-20,83,全力バタンキュー,A応P,https://www.billboard-japan.com/charts/detail?a=hot100&year=2016&month=04&day=25
2016,hot100,2016-04-20,84,シュガーソングとビターステップ,UNISON SQUARE GARDEN,https://www.billboard-japan.com/charts/detail?a=hot100&year=2016&month=04&day=25
2016,hot100,2016-04-20,85,サクラ,Crystal Kay,https://www.billboard-japan.com/charts/detail?a=hot100&year=2016&month=04&day=25
2016,hot100,2016-04-20,86,フワフワSugar Love,ふわふわ,https://www.billboard-japan.com/charts/detail?a=hot100&year=2016&month=04&day=25
2016,hot100,2016-04-20,87,奏(かなで),スキマスイッチ,https://www.billboard-japan.com/charts/detail?a=hot100&year=2016&month=04&day=25
2016,hot100,2016-04-20,88,シュガー,マルーン5,https://www.billboard-japan.com/charts/detail?a=hot100&year=2016&month=04&day=25
2016,hot100,2016-04-20,89,ただひとつの太陽,中田裕二,https://www.billboard-japan.com/charts/detail?a=hot100&year=2016&month=04&day=25
2016,hot100,2016-04-20,90,ホワット・ドゥ・ユー・ミーン?,ジャスティン・ビーバー,https://www.billboard-japan.com/charts/detail?a=hot100&year=2016&month=04&day=25
2016,hot100,2016-04-20,91,Summer Madness,三代目 J Soul Brothers from EXILE TRIBE,https://www.billboard-japan.com/charts/detail?a=hot100&year=2016&month=04&day=25
2016,hot100,2016-04-20,92,コール・ミー・メイビー,カーリー・レイ・ジェプセン,https://www.billboard-japan.com/charts/detail?a=hot100&year=2016&month=04&day=25
2016,hot100,2016-04-20,93,ギミチョコ!!,BABYMETAL,https://www.billboard-japan.com/charts/detail?a=hot100&year=2016&month=04&day=25
2016,hot100,2016-04-20,94,恋音と雨空,AAA,https://www.billboard-japan.com/charts/detail?a=hot100&year=2016&month=04&day=25
2016,hot100,2016-04-20,95,ラヴ・ユアセルフ,ジャスティン・ビーバー,https://www.billboard-japan.com/charts/detail?a=hot100&year=2016&month=04&day=25
2016,hot100,2016-04-20,96,CHE.R.RY,YUI,https://www.billboard-japan.com/charts/detail?a=hot100&year=2016&month=04&day=25
2016,hot100,2016-04-20,97,Lost!!,9mm Parabellum Bullet,https://www.billboard-japan.com/charts/detail?a=hot100&year=2016&month=04&day=25
2016,hot100,2016-04-20,98,セブン・イヤーズ,ルーカス・グラハム,https://www.billboard-japan.com/charts/detail?a=hot100&year=2016&month=04&day=25
2016,hot100,2016-04-20,99,アップタウン・ファンク feat.ブルーノ・マーズ,マーク・ロンソン,https://www.billboard-japan.com/charts/detail?a=hot100&year=2016&month=04&day=25
2016,hot100,2016-04-20,100,シャボン,松井玲奈とチャラン・ポ・ランタン,https://www.billboard-japan.com/charts/detail?a=hot100&year=2016&month=04&day=25
2016,hot100,2016-04-27,1,逆転Winner,ジャニーズWEST,https://www.billboard-japan.com/charts/detail?a=hot100&year=2016&month=05&day=02
2016,hot100,2016-04-27,2,花束を君に,宇多田ヒカル,https://www.billboard-japan.com/charts/detail?a=hot100&year=2016&month=05&day=02
2016,hot100,2016-04-27,3,サイレントマジョリティー,欅坂46,https://www.billboard-japan.com/charts/detail?a=hot100&year=2016&month=05&day=02
2016,hot100,2016-04-27,4,何故 人は争うんだろう?,℃-ute,https://www.billboard-japan.com/charts/detail?a=hot100&year=2016&month=05&day=02
2016,hot100,2016-04-27,5,真夏の通り雨,宇多田ヒカル,https://www.billboard-japan.com/charts/detail?a=hot100&year=2016&month=05&day=02
2016,hot100,2016-04-27,6,愛をちょうだい feat.TAKANORI NISHIKAWA(T.M.Revolution),AOA,https://www.billboard-japan.com/charts/detail?a=hot100&year=2016&month=05&day=02
2016,hot100,2016-04-27,7,友よ〜この先もずっと…,ケツメイシ,https://www.billboard-japan.com/charts/detail?a=hot100&year=2016&month=05&day=02
2016,hot100,2016-04-27,8,FLASH,Perfume,https://www.billboard-japan.com/charts/detail?a=hot100&year=2016&month=05&day=02
2016,hot100,2016-04-27,9,トライ・エヴリシング,Dream Ami,https://www.billboard-japan.com/charts/detail?a=hot100&year=2016&month=05&day=02
2016,hot100,2016-04-27,10,みなと,スピッツ,https://www.billboard-japan.com/charts/detail?a=hot100&year=2016&month=05&day=02
2016,hot100,2016-04-27,11,最&高,きゃりーぱみゅぱみゅ,https://www.billboard-japan.com/charts/detail?a=hot100&year=2016&month=05&day=02
2016,hot100,2016-04-27,12,NEW WALL,[Alexandros],https://www.billboard-japan.com/charts/detail?a=hot100&year=2016&month=05&day=02
2016,hot100,2016-04-27,13,ファイト・ソング,レイチェル・プラッテン,https://www.billboard-japan.com/charts/detail?a=hot100&year=2016&month=05&day=02
2016,hot100,2016-04-27,14,一分一秒君と僕の,HoneyWorks meets スフィア,https://www.billboard-japan.com/charts/detail?a=hot100&year=2016&month=05&day=02
2016,hot100,2016-04-27,15,明日への手紙,手嶌葵,https://www.billboard-japan.com/charts/detail?a=hot100&year=2016&month=05&day=02
2016,hot100,2016-04-27,16,ハルジオンが咲く頃,乃木坂46,https://www.billboard-japan.com/charts/detail?a=hot100&year=2016&month=05&day=02
2016,hot100,2016-04-27,17,KARATE,BABYMETAL,https://www.billboard-japan.com/charts/detail?a=hot100&year=2016&month=05&day=02
2016,hot100,2016-04-27,18,Wherever you are,ONE OK ROCK,https://www.billboard-japan.com/charts/detail?a=hot100&year=2016&month=05&day=02
2016,hot100,2016-04-27,19,74億分の1の君へ,HKT48,https://www.billboard-japan.com/charts/detail?a=hot100&year=2016&month=05&day=02
2016,hot100,2016-04-27,20,世界に一つだけの花,SMAP,https://www.billboard-japan.com/charts/detail?a=hot100&year=2016&month=05&day=02
2016,hot100,2016-04-27,21,いけないボーダーライン,ワルキューレ,https://www.billboard-japan.com/charts/detail?a=hot100&year=2016&month=05&day=02
2016,hot100,2016-04-27,22,トリセツ,西野カナ,https://www.billboard-japan.com/charts/detail?a=hot100&year=2016&month=05&day=02
2016,hot100,2016-04-27,23,さらば涙,ケツメイシ,https://www.billboard-japan.com/charts/detail?a=hot100&year=2016&month=05&day=02
2016,hot100,2016-04-27,24,Feel So Alive,三代目 J Soul Brothers from EXILE TRIBE,https://www.billboard-japan.com/charts/detail?a=hot100&year=2016&month=05&day=02
2016,hot100,2016-04-27,25,Always coming back,ONE OK ROCK,https://www.billboard-japan.com/charts/detail?a=hot100&year=2016&month=05&day=02
2016,hot100,2016-04-27,26,SUN,星野源,https://www.billboard-japan.com/charts/detail?a=hot100&year=2016&month=05&day=02
2016,hot100,2016-04-27,27,Cafe Parade!,Cafe Parade,https://www.billboard-japan.com/charts/detail?a=hot100&year=2016&month=05&day=02
2016,hot100,2016-04-27,28,365日の紙飛行機,AKB48,https://www.billboard-japan.com/charts/detail?a=hot100&year=2016&month=05&day=02
2016,hot100,2016-04-27,29,もっと,aiko,https://www.billboard-japan.com/charts/detail?a=hot100&year=2016&month=05&day=02
2016,hot100,2016-04-27,30,パープル・レイン,プリンス,https://www.billboard-japan.com/charts/detail?a=hot100&year=2016&month=05&day=02
2016,hot100,2016-04-27,31,R.Y.U.S.E.I.,三代目 J Soul Brothers from EXILE TRIBE,https://www.billboard-japan.com/charts/detail?a=hot100&year=2016&month=05&day=02
2016,hot100,2016-04-27,32,バーニン・クールで輝いて,神速一魂,https://www.billboard-japan.com/charts/detail?a=hot100&year=2016&month=05&day=02
2016,hot100,2016-04-27,33,恋色に咲け,CHiCO with HoneyWorks,https://www.billboard-japan.com/charts/detail?a=hot100&year=2016&month=05&day=02
2016,hot100,2016-04-27,34,BANG BANG BANG,BIGBANG,https://www.billboard-japan.com/charts/detail?a=hot100&year=2016&month=05&day=02
2016,hot100,2016-04-27,35,おっしょい!,ばってん少女隊,https://www.billboard-japan.com/charts/detail?a=hot100&year=2016&month=05&day=02
2016,hot100,2016-04-27,36,シーグラス,ストレイテナー,https://www.billboard-japan.com/charts/detail?a=hot100&year=2016&month=05&day=02
2016,hot100,2016-04-27,37,ラヴ・ライク・ザット,メイヤー・ホーソーン,https://www.billboard-japan.com/charts/detail?a=hot100&year=2016&month=05&day=02
2016,hot100,2016-04-27,38,HIDE & SEEK,板野友美,https://www.billboard-japan.com/charts/detail?a=hot100&year=2016&month=05&day=02
2016,hot100,2016-04-27,39,シェイク・イット・オフ〜気にしてなんかいられないっ!!,テイラー・スウィフト,https://www.billboard-japan.com/charts/detail?a=hot100&year=2016&month=05&day=02
2016,hot100,2016-04-27,40,海の声,浦島太郎(桐谷健太),https://www.billboard-japan.com/charts/detail?a=hot100&year=2016&month=05&day=02
2016,hot100,2016-04-27,41,MUSIC VIDEO,岡崎体育,https://www.billboard-japan.com/charts/detail?a=hot100&year=2016&month=05&day=02
2016,hot100,2016-04-27,42,ソーリー,ジャスティン・ビーバー,https://www.billboard-japan.com/charts/detail?a=hot100&year=2016&month=05&day=02
2016,hot100,2016-04-27,43,ブーン!,マイア・ヒラサワ,https://www.billboard-japan.com/charts/detail?a=hot100&year=2016&month=05&day=02
2016,hot100,2016-04-27,44,みんながみんな英雄,AI,https://www.billboard-japan.com/charts/detail?a=hot100&year=2016&month=05&day=02
2016,hot100,2016-04-27,45,新宝島,サカナクション,https://www.billboard-japan.com/charts/detail?a=hot100&year=2016&month=05&day=02
2016,hot100,2016-04-27,46,恋! ハレイション THE WAR,ワルキューレ,https://www.billboard-japan.com/charts/detail?a=hot100&year=2016&month=05&day=02
2016,hot100,2016-04-27,47,together,ナオト・インティライミ,https://www.billboard-japan.com/charts/detail?a=hot100&year=2016&month=05&day=02
2016,hot100,2016-04-27,48,Hello Radio,ザ・プールサイド,https://www.billboard-japan.com/charts/detail?a=hot100&year=2016&month=05&day=02
2016,hot100,2016-04-27,49,ひまわりの約束,秦基博,https://www.billboard-japan.com/charts/detail?a=hot100&year=2016&month=05&day=02
2016,hot100,2016-04-27,50,チキンLINE,SKE48,https://www.billboard-japan.com/charts/detail?a=hot100&year=2016&month=05&day=02
2016,hot100,2016-04-27,51,復活LOVE,嵐,https://www.billboard-japan.com/charts/detail?a=hot100&year=2016&month=05&day=02
2016,hot100,2016-04-27,52,FANTASTIC BABY,BIGBANG,https://www.billboard-japan.com/charts/detail?a=hot100&year=2016&month=05&day=02
2016,hot100,2016-04-27,53,Share The Love,THE Sharehappi from 三代目 J Soul Brothers from EXILE TRIBE,https://www.billboard-japan.com/charts/detail?a=hot100&year=2016&month=05&day=02
2016,hot100,2016-04-27,54,ワーク・フロム・ホーム feat.タイ・ダラー・サイン,フィフス・ハーモニー,https://www.billboard-japan.com/charts/detail?a=hot100&year=2016&month=05&day=02
2016,hot100,2016-04-27,55,君はメロディー,AKB48,https://www.billboard-japan.com/charts/detail?a=hot100&year=2016&month=05&day=02
2016,hot100,2016-04-27,56,心かさねて,市川由紀乃,https://www.billboard-japan.com/charts/detail?a=hot100&year=2016&month=05&day=02
2016,hot100,2016-04-27,57,あなたの好きなところ,西野カナ,https://www.billboard-japan.com/charts/detail?a=hot100&year=2016&month=05&day=02
2016,hot100,2016-04-27,58,PERFECT HUMAN,RADIO FISH,https://www.billboard-japan.com/charts/detail?a=hot100&year=2016&month=05&day=02
2016,hot100,2016-04-27,59,GIANT KILLING,ぐるたみん,https://www.billboard-japan.com/charts/detail?a=hot100&year=2016&month=05&day=02
2016,hot100,2016-04-27,60,完全感覚Dreamer,ONE OK ROCK,https://www.billboard-japan.com/charts/detail?a=hot100&year=2016&month=05&day=02
2016,hot100,2016-04-27,61,Ki・mi・ni・mu・chu,EXILE,https://www.billboard-japan.com/charts/detail?a=hot100&year=2016&month=05&day=02
2016,hot100,2016-04-27,62,ギミチョコ!!,BABYMETAL,https://www.billboard-japan.com/charts/detail?a=hot100&year=2016&month=05&day=02
2016,hot100,2016-04-27,63,未来,コブクロ,https://www.billboard-japan.com/charts/detail?a=hot100&year=2016&month=05&day=02
2016,hot100,2016-04-27,64,フライサイト,ココロオークション,https://www.billboard-japan.com/charts/detail?a=hot100&year=2016&month=05&day=02
2016,hot100,2016-04-27,65,ホワット・ドゥ・ユー・ミーン?,ジャスティン・ビーバー,https://www.billboard-japan.com/charts/detail?a=hot100&year=2016&month=05&day=02
2016,hot100,2016-04-27,66,始まりの唄,GReeeeN,https://www.billboard-japan.com/charts/detail?a=hot100&year=2016&month=05&day=02
2016,hot100,2016-04-27,67,TRASH CANDY,GRANRODEO,https://www.billboard-japan.com/charts/detail?a=hot100&year=2016&month=05&day=02
2016,hot100,2016-04-27,68,千本桜,WhiteFlame feat.初音ミク,https://www.billboard-japan.com/charts/detail?a=hot100&year=2016&month=05&day=02
2016,hot100,2016-04-27,69,はなまるぴっぴはよいこだけ,A応P,https://www.billboard-japan.com/charts/detail?a=hot100&year=2016&month=05&day=02
2016,hot100,2016-04-27,70,全力★Far Away,Nゼロ,https://www.billboard-japan.com/charts/detail?a=hot100&year=2016&month=05&day=02
2016,hot100,2016-04-27,71,セブン・イヤーズ,ルーカス・グラハム,https://www.billboard-japan.com/charts/detail?a=hot100&year=2016&month=05&day=02
2016,hot100,2016-04-27,72,The Beginning,ONE OK ROCK,https://www.billboard-japan.com/charts/detail?a=hot100&year=2016&month=05&day=02
2016,hot100,2016-04-27,73,HELLO WONDERLAND,KEYTALK,https://www.billboard-japan.com/charts/detail?a=hot100&year=2016&month=05&day=02
2016,hot100,2016-04-27,74,Re:Re:,ASIAN KUNG-FU GENERATION,https://www.billboard-japan.com/charts/detail?a=hot100&year=2016&month=05&day=02
2016,hot100,2016-04-27,75,風は止んだ,小田和正,https://www.billboard-japan.com/charts/detail?a=hot100&year=2016&month=05&day=02
2016,hot100,2016-04-27,76,ビー・オールライト,アリアナ・グランデ,https://www.billboard-japan.com/charts/detail?a=hot100&year=2016&month=05&day=02
2016,hot100,2016-04-27,77,奏(かなで),スキマスイッチ,https://www.billboard-japan.com/charts/detail?a=hot100&year=2016&month=05&day=02
2016,hot100,2016-04-27,78,全力バタンキュー,A応P,https://www.billboard-japan.com/charts/detail?a=hot100&year=2016&month=05&day=02
2016,hot100,2016-04-27,79,ワーク feat.ドレイク,リアーナ,https://www.billboard-japan.com/charts/detail?a=hot100&year=2016&month=05&day=02
2016,hot100,2016-04-27,80,コール・ミー・メイビー,カーリー・レイ・ジェプセン,https://www.billboard-japan.com/charts/detail?a=hot100&year=2016&month=05&day=02
2016,hot100,2016-04-27,81,シュガーソングとビターステップ,UNISON SQUARE GARDEN,https://www.billboard-japan.com/charts/detail?a=hot100&year=2016&month=05&day=02
2016,hot100,2016-04-27,82,デンジャラス・ウーマン,アリアナ・グランデ,https://www.billboard-japan.com/charts/detail?a=hot100&year=2016&month=05&day=02
2016,hot100,2016-04-27,83,スミレ,秦基博,https://www.billboard-japan.com/charts/detail?a=hot100&year=2016&month=05&day=02
2016,hot100,2016-04-27,84,BRIGHT,三代目 J Soul Brothers from EXILE TRIBE,https://www.billboard-japan.com/charts/detail?a=hot100&year=2016&month=05&day=02
2016,hot100,2016-04-27,85,クローバー かくめーしょん,とりぷる ふぃーりんぐ,https://www.billboard-japan.com/charts/detail?a=hot100&year=2016&month=05&day=02
2016,hot100,2016-04-27,86,Lost!!,9mm Parabellum Bullet,https://www.billboard-japan.com/charts/detail?a=hot100&year=2016&month=05&day=02
2016,hot100,2016-04-27,87,シー・ユー・アゲイン,ウィズ・カリファ feat.チャーリー・プース,https://www.billboard-japan.com/charts/detail?a=hot100&year=2016&month=05&day=02
2016,hot100,2016-04-27,88,いつか,DOBERMAN INFINITY,https://www.billboard-japan.com/charts/detail?a=hot100&year=2016&month=05&day=02
2016,hot100,2016-04-27,89,甘噛み姫,NMB48,https://www.billboard-japan.com/charts/detail?a=hot100&year=2016&month=05&day=02
2016,hot100,2016-04-27,90,ニュー・ロマンティックス,テイラー・スウィフト,https://www.billboard-japan.com/charts/detail?a=hot100&year=2016&month=05&day=02
2016,hot100,2016-04-27,91,Summer Madness,三代目 J Soul Brothers from EXILE TRIBE,https://www.billboard-japan.com/charts/detail?a=hot100&year=2016&month=05&day=02
2016,hot100,2016-04-27,92,恋音と雨空,AAA,https://www.billboard-japan.com/charts/detail?a=hot100&year=2016&month=05&day=02
2016,hot100,2016-04-27,93,アイ・リアリー・ライク・ユー,カーリー・レイ・ジェプセン,https://www.billboard-japan.com/charts/detail?a=hot100&year=2016&month=05&day=02
2016,hot100,2016-04-27,94,Butterfly,BUMP OF CHICKEN,https://www.billboard-japan.com/charts/detail?a=hot100&year=2016&month=05&day=02
2016,hot100,2016-04-27,95,アップタウン・ファンク feat.ブルーノ・マーズ,マーク・ロンソン,https://www.billboard-japan.com/charts/detail?a=hot100&year=2016&month=05&day=02
2016,hot100,2016-04-27,96,ハナミズキ,一青窈,https://www.billboard-japan.com/charts/detail?a=hot100&year=2016&month=05&day=02
2016,hot100,2016-04-27,97,シンデレラ・シンドローム,ヒステリックパニック,https://www.billboard-japan.com/charts/detail?a=hot100&year=2016&month=05&day=02
2016,hot100,2016-04-27,98,ザ・ポップ・キッズ,ペット・ショップ・ボーイズ,https://www.billboard-japan.com/charts/detail?a=hot100&year=2016&month=05&day=02
2016,hot100,2016-04-27,99,ハローダーリン,SALU,https://www.billboard-japan.com/charts/detail?a=hot100&year=2016&month=05&day=02
2016,hot100,2016-04-27,100,鴎の海峡,杜このみ,https://www.billboard-japan.com/charts/detail?a=hot100&year=2016&month=05&day=02
2016,hot100,2016-05-04,1,甘噛み姫,NMB48,https://www.billboard-japan.com/charts/detail?a=hot100&year=2016&month=05&day=09
2016,hot100,2016-05-04,2,あなたの好きなところ,西野カナ,https://www.billboard-japan.com/charts/detail?a=hot100&year=2016&month=05&day=09
2016,hot100,2016-05-04,3,恋になりたいAQUARIUM,Aqours,https://www.billboard-japan.com/charts/detail?a=hot100&year=2016&month=05&day=09
2016,hot100,2016-05-04,4,サイレントマジョリティー,欅坂46,https://www.billboard-japan.com/charts/detail?a=hot100&year=2016&month=05&day=09
2016,hot100,2016-05-04,5,次々続々,アンジュルム,https://www.billboard-japan.com/charts/detail?a=hot100&year=2016&month=05&day=09
2016,hot100,2016-05-04,6,みなと,スピッツ,https://www.billboard-japan.com/charts/detail?a=hot100&year=2016&month=05&day=09
2016,hot100,2016-05-04,7,花束を君に,宇多田ヒカル,https://www.billboard-japan.com/charts/detail?a=hot100&year=2016&month=05&day=09
2016,hot100,2016-05-04,8,FLASH,Perfume,https://www.billboard-japan.com/charts/detail?a=hot100&year=2016&month=05&day=09
2016,hot100,2016-05-04,9,友よ〜この先もずっと…,ケツメイシ,https://www.billboard-japan.com/charts/detail?a=hot100&year=2016&month=05&day=09
2016,hot100,2016-05-04,10,水商売をやめてくれないか,ゴールデンボンバー,https://www.billboard-japan.com/charts/detail?a=hot100&year=2016&month=05&day=09
2016,hot100,2016-05-04,11,ファイト・ソング,レイチェル・プラッテン,https://www.billboard-japan.com/charts/detail?a=hot100&year=2016&month=05&day=09
2016,hot100,2016-05-04,12,トライ・エヴリシング,Dream Ami,https://www.billboard-japan.com/charts/detail?a=hot100&year=2016&month=05&day=09
2016,hot100,2016-05-04,13,真夏の通り雨,宇多田ヒカル,https://www.billboard-japan.com/charts/detail?a=hot100&year=2016&month=05&day=09
2016,hot100,2016-05-04,14,最&高,きゃりーぱみゅぱみゅ,https://www.billboard-japan.com/charts/detail?a=hot100&year=2016&month=05&day=09
2016,hot100,2016-05-04,15,逆転Winner,ジャニーズWEST,https://www.billboard-japan.com/charts/detail?a=hot100&year=2016&month=05&day=09
2016,hot100,2016-05-04,16,Crazy Noisy Bizarre Town,THE DU,https://www.billboard-japan.com/charts/detail?a=hot100&year=2016&month=05&day=09
2016,hot100,2016-05-04,17,KARATE,BABYMETAL,https://www.billboard-japan.com/charts/detail?a=hot100&year=2016&month=05&day=09
2016,hot100,2016-05-04,18,Wherever you are,ONE OK ROCK,https://www.billboard-japan.com/charts/detail?a=hot100&year=2016&month=05&day=09
2016,hot100,2016-05-04,19,ハルジオンが咲く頃,乃木坂46,https://www.billboard-japan.com/charts/detail?a=hot100&year=2016&month=05&day=09
2016,hot100,2016-05-04,20,おしえてシュレディンガー,夢みるアドレセンス,https://www.billboard-japan.com/charts/detail?a=hot100&year=2016&month=05&day=09
2016,hot100,2016-05-04,21,明日への手紙,手嶌葵,https://www.billboard-japan.com/charts/detail?a=hot100&year=2016&month=05&day=09
2016,hot100,2016-05-04,22,きみわずらい,まねきケチャ,https://www.billboard-japan.com/charts/detail?a=hot100&year=2016&month=05&day=09
2016,hot100,2016-05-04,23,何故 人は争うんだろう?,℃-ute,https://www.billboard-japan.com/charts/detail?a=hot100&year=2016&month=05&day=09
2016,hot100,2016-05-04,24,UNDYING,the GazettE,https://www.billboard-japan.com/charts/detail?a=hot100&year=2016&month=05&day=09
2016,hot100,2016-05-04,25,トリセツ,西野カナ,https://www.billboard-japan.com/charts/detail?a=hot100&year=2016&month=05&day=09
2016,hot100,2016-05-04,26,結露,片平里菜,https://www.billboard-japan.com/charts/detail?a=hot100&year=2016&month=05&day=09
2016,hot100,2016-05-04,27,PERFECT HUMAN,RADIO FISH,https://www.billboard-japan.com/charts/detail?a=hot100&year=2016&month=05&day=09
2016,hot100,2016-05-04,28,NEW WALL,[Alexandros],https://www.billboard-japan.com/charts/detail?a=hot100&year=2016&month=05&day=09
2016,hot100,2016-05-04,29,SUN,星野源,https://www.billboard-japan.com/charts/detail?a=hot100&year=2016&month=05&day=09
2016,hot100,2016-05-04,30,みんながみんな英雄,AI,https://www.billboard-japan.com/charts/detail?a=hot100&year=2016&month=05&day=09
2016,hot100,2016-05-04,31,ドラマチックLOVE,一条シン&太刀花ユキノジョウ&香賀美タイガ&十王院カケル&鷹梁ミナト&西園寺レオ&涼野ユウ(寺島惇太&斉藤壮馬&畠中祐&八代拓&五十嵐雅&永塚琢馬&内田雄馬),https://www.billboard-japan.com/charts/detail?a=hot100&year=2016&month=05&day=09
2016,hot100,2016-05-04,32,いけないボーダーライン,ワルキューレ,https://www.billboard-japan.com/charts/detail?a=hot100&year=2016&month=05&day=09
2016,hot100,2016-05-04,33,さらば涙,ケツメイシ,https://www.billboard-japan.com/charts/detail?a=hot100&year=2016&month=05&day=09
2016,hot100,2016-05-04,34,MUGEN ROAD,三代目 J Soul Brothers from EXILE TRIBE,https://www.billboard-japan.com/charts/detail?a=hot100&year=2016&month=05&day=09
2016,hot100,2016-05-04,35,Feel So Alive,三代目 J Soul Brothers from EXILE TRIBE,https://www.billboard-japan.com/charts/detail?a=hot100&year=2016&month=05&day=09
2016,hot100,2016-05-04,36,一分一秒君と僕の,HoneyWorks meets スフィア,https://www.billboard-japan.com/charts/detail?a=hot100&year=2016&month=05&day=09
2016,hot100,2016-05-04,37,365日の紙飛行機,AKB48,https://www.billboard-japan.com/charts/detail?a=hot100&year=2016&month=05&day=09
2016,hot100,2016-05-04,38,BANG BANG BANG,BIGBANG,https://www.billboard-japan.com/charts/detail?a=hot100&year=2016&month=05&day=09
2016,hot100,2016-05-04,39,Always coming back,ONE OK ROCK,https://www.billboard-japan.com/charts/detail?a=hot100&year=2016&month=05&day=09
2016,hot100,2016-05-04,40,チキンLINE,SKE48,https://www.billboard-japan.com/charts/detail?a=hot100&year=2016&month=05&day=09
2016,hot100,2016-05-04,41,R.Y.U.S.E.I.,三代目 J Soul Brothers from EXILE TRIBE,https://www.billboard-japan.com/charts/detail?a=hot100&year=2016&month=05&day=09
2016,hot100,2016-05-04,42,もっと,aiko,https://www.billboard-japan.com/charts/detail?a=hot100&year=2016&month=05&day=09
2016,hot100,2016-05-04,43,COOLEST,カスタマイZ,https://www.billboard-japan.com/charts/detail?a=hot100&year=2016&month=05&day=09
2016,hot100,2016-05-04,44,EZ DO DANCE,仁科カヅキ&大和アレクサンダー(増田俊樹&武内駿輔),https://www.billboard-japan.com/charts/detail?a=hot100&year=2016&month=05&day=09
2016,hot100,2016-05-04,45,ヨアケマエ,パスピエ,https://www.billboard-japan.com/charts/detail?a=hot100&year=2016&month=05&day=09
2016,hot100,2016-05-04,46,バイ・マイ・サイ,RADWIMPS,https://www.billboard-japan.com/charts/detail?a=hot100&year=2016&month=05&day=09
2016,hot100,2016-05-04,47,愛をちょうだい feat.TAKANORI NISHIKAWA(T.M.Revolution),AOA,https://www.billboard-japan.com/charts/detail?a=hot100&year=2016&month=05&day=09
2016,hot100,2016-05-04,48,海の声,浦島太郎(桐谷健太),https://www.billboard-japan.com/charts/detail?a=hot100&year=2016&month=05&day=09
2016,hot100,2016-05-04,49,世界に一つだけの花,SMAP,https://www.billboard-japan.com/charts/detail?a=hot100&year=2016&month=05&day=09
2016,hot100,2016-05-04,50,ワンパン!!,ブレイク☆スルー,https://www.billboard-japan.com/charts/detail?a=hot100&year=2016&month=05&day=09
2016,hot100,2016-05-04,51,コール・ミー・メイビー,カーリー・レイ・ジェプセン,https://www.billboard-japan.com/charts/detail?a=hot100&year=2016&month=05&day=09
2016,hot100,2016-05-04,52,千本桜,WhiteFlame feat.初音ミク,https://www.billboard-japan.com/charts/detail?a=hot100&year=2016&month=05&day=09
2016,hot100,2016-05-04,53,Rainbow,Leola,https://www.billboard-japan.com/charts/detail?a=hot100&year=2016&month=05&day=09
2016,hot100,2016-05-04,54,ギミチョコ!!,BABYMETAL,https://www.billboard-japan.com/charts/detail?a=hot100&year=2016&month=05&day=09
2016,hot100,2016-05-04,55,恋色に咲け,CHiCO with HoneyWorks,https://www.billboard-japan.com/charts/detail?a=hot100&year=2016&month=05&day=09
2016,hot100,2016-05-04,56,FANTASTIC BABY,BIGBANG,https://www.billboard-japan.com/charts/detail?a=hot100&year=2016&month=05&day=09
2016,hot100,2016-05-04,57,トライ・エヴリシング,シャキーラ,https://www.billboard-japan.com/charts/detail?a=hot100&year=2016&month=05&day=09
2016,hot100,2016-05-04,58,セブン・イヤーズ,ルーカス・グラハム,https://www.billboard-japan.com/charts/detail?a=hot100&year=2016&month=05&day=09
2016,hot100,2016-05-04,59,ビジョン,空想委員会,https://www.billboard-japan.com/charts/detail?a=hot100&year=2016&month=05&day=09
2016,hot100,2016-05-04,60,パープル・レイン,プリンス,https://www.billboard-japan.com/charts/detail?a=hot100&year=2016&month=05&day=09
2016,hot100,2016-05-04,61,RUN THIS TOWN,GENERATIONS from EXILE TRIBE,https://www.billboard-japan.com/charts/detail?a=hot100&year=2016&month=05&day=09
2016,hot100,2016-05-04,62,Sweet! Sweet! Music!,いきものがかり,https://www.billboard-japan.com/charts/detail?a=hot100&year=2016&month=05&day=09
2016,hot100,2016-05-04,63,ソーリー,ジャスティン・ビーバー,https://www.billboard-japan.com/charts/detail?a=hot100&year=2016&month=05&day=09
2016,hot100,2016-05-04,64,74億分の1の君へ,HKT48,https://www.billboard-japan.com/charts/detail?a=hot100&year=2016&month=05&day=09
2016,hot100,2016-05-04,65,シュガーソングとビターステップ,UNISON SQUARE GARDEN,https://www.billboard-japan.com/charts/detail?a=hot100&year=2016&month=05&day=09
2016,hot100,2016-05-04,66,シェイク・イット・オフ〜気にしてなんかいられないっ!!,テイラー・スウィフト,https://www.billboard-japan.com/charts/detail?a=hot100&year=2016&month=05&day=09
2016,hot100,2016-05-04,67,Hello Radio,ザ・プールサイド,https://www.billboard-japan.com/charts/detail?a=hot100&year=2016&month=05&day=09
2016,hot100,2016-05-04,68,フライサイト,ココロオークション,https://www.billboard-japan.com/charts/detail?a=hot100&year=2016&month=05&day=09
2016,hot100,2016-05-04,69,新宝島,サカナクション,https://www.billboard-japan.com/charts/detail?a=hot100&year=2016&month=05&day=09
2016,hot100,2016-05-04,70,ひまわりの約束,秦基博,https://www.billboard-japan.com/charts/detail?a=hot100&year=2016&month=05&day=09
2016,hot100,2016-05-04,71,君はメロディー,AKB48,https://www.billboard-japan.com/charts/detail?a=hot100&year=2016&month=05&day=09
2016,hot100,2016-05-04,72,ニュームーンに恋して,やくしまるえつこ,https://www.billboard-japan.com/charts/detail?a=hot100&year=2016&month=05&day=09
2016,hot100,2016-05-04,73,はなまるぴっぴはよいこだけ,A応P,https://www.billboard-japan.com/charts/detail?a=hot100&year=2016&month=05&day=09
2016,hot100,2016-05-04,74,恋! ハレイション THE WAR,ワルキューレ,https://www.billboard-japan.com/charts/detail?a=hot100&year=2016&month=05&day=09
2016,hot100,2016-05-04,75,ワーク・フロム・ホーム feat.タイ・ダラー・サイン,フィフス・ハーモニー,https://www.billboard-japan.com/charts/detail?a=hot100&year=2016&month=05&day=09
2016,hot100,2016-05-04,76,MUSIC VIDEO,岡崎体育,https://www.billboard-japan.com/charts/detail?a=hot100&year=2016&month=05&day=09
2016,hot100,2016-05-04,77,The Beginning,ONE OK ROCK,https://www.billboard-japan.com/charts/detail?a=hot100&year=2016&month=05&day=09
2016,hot100,2016-05-04,78,シー・ユー・アゲイン,ウィズ・カリファ feat.チャーリー・プース,https://www.billboard-japan.com/charts/detail?a=hot100&year=2016&month=05&day=09
2016,hot100,2016-05-04,79,復活LOVE,嵐,https://www.billboard-japan.com/charts/detail?a=hot100&year=2016&month=05&day=09
2016,hot100,2016-05-04,80,ホワット・ドゥ・ユー・ミーン?,ジャスティン・ビーバー,https://www.billboard-japan.com/charts/detail?a=hot100&year=2016&month=05&day=09
2016,hot100,2016-05-04,81,完全感覚Dreamer,ONE OK ROCK,https://www.billboard-japan.com/charts/detail?a=hot100&year=2016&month=05&day=09
2016,hot100,2016-05-04,82,未来,コブクロ,https://www.billboard-japan.com/charts/detail?a=hot100&year=2016&month=05&day=09
2016,hot100,2016-05-04,83,僕たちの未来,家入レオ,https://www.billboard-japan.com/charts/detail?a=hot100&year=2016&month=05&day=09
2016,hot100,2016-05-04,84,僕の名前を,back number,https://www.billboard-japan.com/charts/detail?a=hot100&year=2016&month=05&day=09
2016,hot100,2016-05-04,85,FEEL×ALIVE,佐咲紗花,https://www.billboard-japan.com/charts/detail?a=hot100&year=2016&month=05&day=09
2016,hot100,2016-05-04,86,全力バタンキュー,A応P,https://www.billboard-japan.com/charts/detail?a=hot100&year=2016&month=05&day=09
2016,hot100,2016-05-04,87,Lost!!,9mm Parabellum Bullet,https://www.billboard-japan.com/charts/detail?a=hot100&year=2016&month=05&day=09
2016,hot100,2016-05-04,88,ブーン!,マイア・ヒラサワ,https://www.billboard-japan.com/charts/detail?a=hot100&year=2016&month=05&day=09
2016,hot100,2016-05-04,89,Share The Love,THE Sharehappi from 三代目 J Soul Brothers from EXILE TRIBE,https://www.billboard-japan.com/charts/detail?a=hot100&year=2016&month=05&day=09
2016,hot100,2016-05-04,90,始まりの唄,GReeeeN,https://www.billboard-japan.com/charts/detail?a=hot100&year=2016&month=05&day=09
2016,hot100,2016-05-04,91,恋の中,新山詩織,https://www.billboard-japan.com/charts/detail?a=hot100&year=2016&month=05&day=09
2016,hot100,2016-05-04,92,Ki・mi・ni・mu・chu,EXILE,https://www.billboard-japan.com/charts/detail?a=hot100&year=2016&month=05&day=09
2016,hot100,2016-05-04,93,Over the Sunshine!,Over The Rainbow(柿原徹也&前野智昭&増田俊樹),https://www.billboard-japan.com/charts/detail?a=hot100&year=2016&month=05&day=09
2016,hot100,2016-05-04,94,拝啓、いつかの君へ,感覚ピエロ,https://www.billboard-japan.com/charts/detail?a=hot100&year=2016&month=05&day=09
2016,hot100,2016-05-04,95,恋音と雨空,AAA,https://www.billboard-japan.com/charts/detail?a=hot100&year=2016&month=05&day=09
2016,hot100,2016-05-04,96,マグニフィセント・タイム,トラヴィス,https://www.billboard-japan.com/charts/detail?a=hot100&year=2016&month=05&day=09
2016,hot100,2016-05-04,97,Re:Re:,ASIAN KUNG-FU GENERATION,https://www.billboard-japan.com/charts/detail?a=hot100&year=2016&month=05&day=09
2016,hot100,2016-05-04,98,奏(かなで),スキマスイッチ,https://www.billboard-japan.com/charts/detail?a=hot100&year=2016&month=05&day=09
2016,hot100,2016-05-04,99,Summer Madness,三代目 J Soul Brothers from EXILE TRIBE,https://www.billboard-japan.com/charts/detail?a=hot100&year=2016&month=05&day=09
2016,hot100,2016-05-04,100,ラヴ・ライク・ザット,メイヤー・ホーソーン,https://www.billboard-japan.com/charts/detail?a=hot100&year=2016&month=05&day=09
2016,hot100,2016-05-11,1,勝利の日まで,Sexy Zone,https://www.billboard-japan.com/charts/detail?a=hot100&year=2016&month=05&day=16
2016,hot100,2016-05-11,2,あなたの好きなところ,西野カナ,https://www.billboard-japan.com/charts/detail?a=hot100&year=2016&month=05&day=16
2016,hot100,2016-05-11,3,サイレントマジョリティー,欅坂46,https://www.billboard-japan.com/charts/detail?a=hot100&year=2016&month=05&day=16
2016,hot100,2016-05-11,4,FLASH,Perfume,https://www.billboard-japan.com/charts/detail?a=hot100&year=2016&month=05&day=16
2016,hot100,2016-05-11,5,友よ〜この先もずっと…,ケツメイシ,https://www.billboard-japan.com/charts/detail?a=hot100&year=2016&month=05&day=16
2016,hot100,2016-05-11,6,あなたのように,DREAMS COME TRUE,https://www.billboard-japan.com/charts/detail?a=hot100&year=2016&month=05&day=16
2016,hot100,2016-05-11,7,Spin the Sky,MAG!C☆PRINCE,https://www.billboard-japan.com/charts/detail?a=hot100&year=2016&month=05&day=16
2016,hot100,2016-05-11,8,Boom Word Up,w-inds.,https://www.billboard-japan.com/charts/detail?a=hot100&year=2016&month=05&day=16
2016,hot100,2016-05-11,9,花束を君に,宇多田ヒカル,https://www.billboard-japan.com/charts/detail?a=hot100&year=2016&month=05&day=16
2016,hot100,2016-05-11,10,世界に一つだけの花,SMAP,https://www.billboard-japan.com/charts/detail?a=hot100&year=2016&month=05&day=16
2016,hot100,2016-05-11,11,NEW,AAA,https://www.billboard-japan.com/charts/detail?a=hot100&year=2016&month=05&day=16
2016,hot100,2016-05-11,12,トライ・エヴリシング,Dream Ami,https://www.billboard-japan.com/charts/detail?a=hot100&year=2016&month=05&day=16
2016,hot100,2016-05-11,13,みなと,スピッツ,https://www.billboard-japan.com/charts/detail?a=hot100&year=2016&month=05&day=16
2016,hot100,2016-05-11,14,Wherever you are,ONE OK ROCK,https://www.billboard-japan.com/charts/detail?a=hot100&year=2016&month=05&day=16
2016,hot100,2016-05-11,15,愛 愛 愛,9nine,https://www.billboard-japan.com/charts/detail?a=hot100&year=2016&month=05&day=16
2016,hot100,2016-05-11,16,DEADMAN,BiSH,https://www.billboard-japan.com/charts/detail?a=hot100&year=2016&month=05&day=16
2016,hot100,2016-05-11,17,甘噛み姫,NMB48,https://www.billboard-japan.com/charts/detail?a=hot100&year=2016&month=05&day=16
2016,hot100,2016-05-11,18,PERFECT HUMAN,RADIO FISH,https://www.billboard-japan.com/charts/detail?a=hot100&year=2016&month=05&day=16
2016,hot100,2016-05-11,19,Ex SUMMER,XOX,https://www.billboard-japan.com/charts/detail?a=hot100&year=2016&month=05&day=16
2016,hot100,2016-05-11,20,トリセツ,西野カナ,https://www.billboard-japan.com/charts/detail?a=hot100&year=2016&month=05&day=16
2016,hot100,2016-05-11,21,最&高,きゃりーぱみゅぱみゅ,https://www.billboard-japan.com/charts/detail?a=hot100&year=2016&month=05&day=16
2016,hot100,2016-05-11,22,恋になりたいAQUARIUM,Aqours,https://www.billboard-japan.com/charts/detail?a=hot100&year=2016&month=05&day=16
2016,hot100,2016-05-11,23,ハルジオンが咲く頃,乃木坂46,https://www.billboard-japan.com/charts/detail?a=hot100&year=2016&month=05&day=16
2016,hot100,2016-05-11,24,真夏の通り雨,宇多田ヒカル,https://www.billboard-japan.com/charts/detail?a=hot100&year=2016&month=05&day=16
2016,hot100,2016-05-11,25,明日への手紙,手嶌葵,https://www.billboard-japan.com/charts/detail?a=hot100&year=2016&month=05&day=16
2016,hot100,2016-05-11,26,SUN,星野源,https://www.billboard-japan.com/charts/detail?a=hot100&year=2016&month=05&day=16
2016,hot100,2016-05-11,27,ストラト,NICO Touches the Walls,https://www.billboard-japan.com/charts/detail?a=hot100&year=2016&month=05&day=16
2016,hot100,2016-05-11,28,もっと,aiko,https://www.billboard-japan.com/charts/detail?a=hot100&year=2016&month=05&day=16
2016,hot100,2016-05-11,29,僕たちの未来,家入レオ,https://www.billboard-japan.com/charts/detail?a=hot100&year=2016&month=05&day=16
2016,hot100,2016-05-11,30,R.Y.U.S.E.I.,三代目 J Soul Brothers from EXILE TRIBE,https://www.billboard-japan.com/charts/detail?a=hot100&year=2016&month=05&day=16
2016,hot100,2016-05-11,31,海の声,浦島太郎(桐谷健太),https://www.billboard-japan.com/charts/detail?a=hot100&year=2016&month=05&day=16
2016,hot100,2016-05-11,32,CHEER UP,TWICE,https://www.billboard-japan.com/charts/detail?a=hot100&year=2016&month=05&day=16
2016,hot100,2016-05-11,33,HOT LIMIT,T.M.Revolution,https://www.billboard-japan.com/charts/detail?a=hot100&year=2016&month=05&day=16
2016,hot100,2016-05-11,34,みんながみんな英雄,AI,https://www.billboard-japan.com/charts/detail?a=hot100&year=2016&month=05&day=16
2016,hot100,2016-05-11,35,泡沫サタデーナイト!,モーニング娘。'16,https://www.billboard-japan.com/charts/detail?a=hot100&year=2016&month=05&day=16
2016,hot100,2016-05-11,36,365日の紙飛行機,AKB48,https://www.billboard-japan.com/charts/detail?a=hot100&year=2016&month=05&day=16
2016,hot100,2016-05-11,37,BANG BANG BANG,BIGBANG,https://www.billboard-japan.com/charts/detail?a=hot100&year=2016&month=05&day=16
2016,hot100,2016-05-11,38,さらば涙,ケツメイシ,https://www.billboard-japan.com/charts/detail?a=hot100&year=2016&month=05&day=16
2016,hot100,2016-05-11,39,チキンLINE,SKE48,https://www.billboard-japan.com/charts/detail?a=hot100&year=2016&month=05&day=16
2016,hot100,2016-05-11,40,KARATE,BABYMETAL,https://www.billboard-japan.com/charts/detail?a=hot100&year=2016&month=05&day=16
2016,hot100,2016-05-11,41,My Best Friend,Little Glee Monster,https://www.billboard-japan.com/charts/detail?a=hot100&year=2016&month=05&day=16
2016,hot100,2016-05-11,42,トライ・エヴリシング,シャキーラ,https://www.billboard-japan.com/charts/detail?a=hot100&year=2016&month=05&day=16
2016,hot100,2016-05-11,43,ファイト・ソング,レイチェル・プラッテン,https://www.billboard-japan.com/charts/detail?a=hot100&year=2016&month=05&day=16
2016,hot100,2016-05-11,44,コール・ミー・メイビー,カーリー・レイ・ジェプセン,https://www.billboard-japan.com/charts/detail?a=hot100&year=2016&month=05&day=16
2016,hot100,2016-05-11,45,I seek,嵐,https://www.billboard-japan.com/charts/detail?a=hot100&year=2016&month=05&day=16
2016,hot100,2016-05-11,46,Feel So Alive,三代目 J Soul Brothers from EXILE TRIBE,https://www.billboard-japan.com/charts/detail?a=hot100&year=2016&month=05&day=16
2016,hot100,2016-05-11,47,シェイク・イット・オフ〜気にしてなんかいられないっ!!,テイラー・スウィフト,https://www.billboard-japan.com/charts/detail?a=hot100&year=2016&month=05&day=16
2016,hot100,2016-05-11,48,いけないボーダーライン,ワルキューレ,https://www.billboard-japan.com/charts/detail?a=hot100&year=2016&month=05&day=16
2016,hot100,2016-05-11,49,新宝島,サカナクション,https://www.billboard-japan.com/charts/detail?a=hot100&year=2016&month=05&day=16
2016,hot100,2016-05-11,50,Always coming back,ONE OK ROCK,https://www.billboard-japan.com/charts/detail?a=hot100&year=2016&month=05&day=16
2016,hot100,2016-05-11,51,Crazy Noisy Bizarre Town,THE DU,https://www.billboard-japan.com/charts/detail?a=hot100&year=2016&month=05&day=16
2016,hot100,2016-05-11,52,セブン・イヤーズ,ルーカス・グラハム,https://www.billboard-japan.com/charts/detail?a=hot100&year=2016&month=05&day=16
2016,hot100,2016-05-11,53,水商売をやめてくれないか,ゴールデンボンバー,https://www.billboard-japan.com/charts/detail?a=hot100&year=2016&month=05&day=16
2016,hot100,2016-05-11,54,一分一秒君と僕の,HoneyWorks meets スフィア,https://www.billboard-japan.com/charts/detail?a=hot100&year=2016&month=05&day=16
2016,hot100,2016-05-11,55,ひずみ,HARUHI,https://www.billboard-japan.com/charts/detail?a=hot100&year=2016&month=05&day=16
2016,hot100,2016-05-11,56,逆転Winner,ジャニーズWEST,https://www.billboard-japan.com/charts/detail?a=hot100&year=2016&month=05&day=16
2016,hot100,2016-05-11,57,Daylight,嵐,https://www.billboard-japan.com/charts/detail?a=hot100&year=2016&month=05&day=16
2016,hot100,2016-05-11,58,千本桜,WhiteFlame feat.初音ミク,https://www.billboard-japan.com/charts/detail?a=hot100&year=2016&month=05&day=16
2016,hot100,2016-05-11,59,Cry & Fight,三浦大知,https://www.billboard-japan.com/charts/detail?a=hot100&year=2016&month=05&day=16
2016,hot100,2016-05-11,60,ひまわりの約束,秦基博,https://www.billboard-japan.com/charts/detail?a=hot100&year=2016&month=05&day=16
2016,hot100,2016-05-11,61,FANTASTIC BABY,BIGBANG,https://www.billboard-japan.com/charts/detail?a=hot100&year=2016&month=05&day=16
2016,hot100,2016-05-11,62,バーン・ザ・ウィッチ,レディオヘッド,https://www.billboard-japan.com/charts/detail?a=hot100&year=2016&month=05&day=16
2016,hot100,2016-05-11,63,ディス・イズ・ホワット・ユー・ケイム・フォー feat.リアーナ,カルヴィン・ハリス,https://www.billboard-japan.com/charts/detail?a=hot100&year=2016&month=05&day=16
2016,hot100,2016-05-11,64,ワーク・フロム・ホーム feat.タイ・ダラー・サイン,フィフス・ハーモニー,https://www.billboard-japan.com/charts/detail?a=hot100&year=2016&month=05&day=16
2016,hot100,2016-05-11,65,幻想ドライブ,和島あみ,https://www.billboard-japan.com/charts/detail?a=hot100&year=2016&month=05&day=16
2016,hot100,2016-05-11,66,シュガーソングとビターステップ,UNISON SQUARE GARDEN,https://www.billboard-japan.com/charts/detail?a=hot100&year=2016&month=05&day=16
2016,hot100,2016-05-11,67,次々続々,アンジュルム,https://www.billboard-japan.com/charts/detail?a=hot100&year=2016&month=05&day=16
2016,hot100,2016-05-11,68,Hello Radio,ザ・プールサイド,https://www.billboard-japan.com/charts/detail?a=hot100&year=2016&month=05&day=16
2016,hot100,2016-05-11,69,Sweet! Sweet! Music!,いきものがかり,https://www.billboard-japan.com/charts/detail?a=hot100&year=2016&month=05&day=16
2016,hot100,2016-05-11,70,未来,コブクロ,https://www.billboard-japan.com/charts/detail?a=hot100&year=2016&month=05&day=16
2016,hot100,2016-05-11,71,MUSIC VIDEO,岡崎体育,https://www.billboard-japan.com/charts/detail?a=hot100&year=2016&month=05&day=16
2016,hot100,2016-05-11,72,ソーリー,ジャスティン・ビーバー,https://www.billboard-japan.com/charts/detail?a=hot100&year=2016&month=05&day=16
2016,hot100,2016-05-11,73,それでしあわせ,chay,https://www.billboard-japan.com/charts/detail?a=hot100&year=2016&month=05&day=16
2016,hot100,2016-05-11,74,シー・ユー・アゲイン,ウィズ・カリファ feat.チャーリー・プース,https://www.billboard-japan.com/charts/detail?a=hot100&year=2016&month=05&day=16
2016,hot100,2016-05-11,75,はなまるぴっぴはよいこだけ,A応P,https://www.billboard-japan.com/charts/detail?a=hot100&year=2016&month=05&day=16
2016,hot100,2016-05-11,76,The Beginning,ONE OK ROCK,https://www.billboard-japan.com/charts/detail?a=hot100&year=2016&month=05&day=16
2016,hot100,2016-05-11,77,恋色に咲け,CHiCO with HoneyWorks,https://www.billboard-japan.com/charts/detail?a=hot100&year=2016&month=05&day=16
2016,hot100,2016-05-11,78,完全感覚Dreamer,ONE OK ROCK,https://www.billboard-japan.com/charts/detail?a=hot100&year=2016&month=05&day=16
2016,hot100,2016-05-11,79,ホワット・ドゥ・ユー・ミーン?,ジャスティン・ビーバー,https://www.billboard-japan.com/charts/detail?a=hot100&year=2016&month=05&day=16
2016,hot100,2016-05-11,80,拝啓、いつかの君へ,感覚ピエロ,https://www.billboard-japan.com/charts/detail?a=hot100&year=2016&month=05&day=16
2016,hot100,2016-05-11,81,ギミチョコ!!,BABYMETAL,https://www.billboard-japan.com/charts/detail?a=hot100&year=2016&month=05&day=16
2016,hot100,2016-05-11,82,復活LOVE,嵐,https://www.billboard-japan.com/charts/detail?a=hot100&year=2016&month=05&day=16
2016,hot100,2016-05-11,83,君はメロディー,AKB48,https://www.billboard-japan.com/charts/detail?a=hot100&year=2016&month=05&day=16
2016,hot100,2016-05-11,84,Share The Love,THE Sharehappi from 三代目 J Soul Brothers from EXILE TRIBE,https://www.billboard-japan.com/charts/detail?a=hot100&year=2016&month=05&day=16
2016,hot100,2016-05-11,85,今すぐに,JJCC,https://www.billboard-japan.com/charts/detail?a=hot100&year=2016&month=05&day=16
2016,hot100,2016-05-11,86,結露,片平里菜,https://www.billboard-japan.com/charts/detail?a=hot100&year=2016&month=05&day=16
2016,hot100,2016-05-11,87,ワタリドリ,[Alexandros],https://www.billboard-japan.com/charts/detail?a=hot100&year=2016&month=05&day=16
2016,hot100,2016-05-11,88,NEW WALL,[Alexandros],https://www.billboard-japan.com/charts/detail?a=hot100&year=2016&month=05&day=16
2016,hot100,2016-05-11,89,FIRE,BTS (防弾少年団),https://www.billboard-japan.com/charts/detail?a=hot100&year=2016&month=05&day=16
2016,hot100,2016-05-11,90,ロビンソン,スピッツ,https://www.billboard-japan.com/charts/detail?a=hot100&year=2016&month=05&day=16
2016,hot100,2016-05-11,91,ふたりの秒針,焚吐,https://www.billboard-japan.com/charts/detail?a=hot100&year=2016&month=05&day=16
2016,hot100,2016-05-11,92,愛をこめて花束を,Superfly,https://www.billboard-japan.com/charts/detail?a=hot100&year=2016&month=05&day=16
2016,hot100,2016-05-11,93,全力バタンキュー,A応P,https://www.billboard-japan.com/charts/detail?a=hot100&year=2016&month=05&day=16
2016,hot100,2016-05-11,94,恋音と雨空,AAA,https://www.billboard-japan.com/charts/detail?a=hot100&year=2016&month=05&day=16
2016,hot100,2016-05-11,95,チェリー,スピッツ,https://www.billboard-japan.com/charts/detail?a=hot100&year=2016&month=05&day=16
2016,hot100,2016-05-11,96,Ki・mi・ni・mu・chu,EXILE,https://www.billboard-japan.com/charts/detail?a=hot100&year=2016&month=05&day=16
2016,hot100,2016-05-11,97,青春は食べ物です,petit milady,https://www.billboard-japan.com/charts/detail?a=hot100&year=2016&month=05&day=16
2016,hot100,2016-05-11,98,グッド・タイム with アウル・シティー,カーリー・レイ・ジェプセン,https://www.billboard-japan.com/charts/detail?a=hot100&year=2016&month=05&day=16
2016,hot100,2016-05-11,99,ダーク・ネセシティーズ,レッド・ホット・チリ・ペッパーズ,https://www.billboard-japan.com/charts/detail?a=hot100&year=2016&month=05&day=16
2016,hot100,2016-05-11,100,愛をちょうだい feat.TAKANORI NISHIKAWA(T.M.Revolution),AOA,https://www.billboard-japan.com/charts/detail?a=hot100&year=2016&month=05&day=16
2016,hot100,2016-05-18,1,真剣SUNSHINE,Hey!Say!JUMP,https://www.billboard-japan.com/charts/detail?a=hot100&year=2016&month=05&day=23
2016,hot100,2016-05-18,2,泡沫サタデーナイト!,モーニング娘。'16,https://www.billboard-japan.com/charts/detail?a=hot100&year=2016&month=05&day=23
2016,hot100,2016-05-18,3,一度だけの恋なら,ワルキューレ,https://www.billboard-japan.com/charts/detail?a=hot100&year=2016&month=05&day=23
2016,hot100,2016-05-18,4,ninelie,Aimer(エメ) with chelly(EGOIST),https://www.billboard-japan.com/charts/detail?a=hot100&year=2016&month=05&day=23
2016,hot100,2016-05-18,5,My Best Friend,Little Glee Monster,https://www.billboard-japan.com/charts/detail?a=hot100&year=2016&month=05&day=23
2016,hot100,2016-05-18,6,High Free Spirits,TrySail,https://www.billboard-japan.com/charts/detail?a=hot100&year=2016&month=05&day=23
2016,hot100,2016-05-18,7,僕たちの未来,家入レオ,https://www.billboard-japan.com/charts/detail?a=hot100&year=2016&month=05&day=23
2016,hot100,2016-05-18,8,恋のかけら,"MEZZO""",https://www.billboard-japan.com/charts/detail?a=hot100&year=2016&month=05&day=23
2016,hot100,2016-05-18,9,あなたの好きなところ,西野カナ,https://www.billboard-japan.com/charts/detail?a=hot100&year=2016&month=05&day=23
2016,hot100,2016-05-18,10,サイレントマジョリティー,欅坂46,https://www.billboard-japan.com/charts/detail?a=hot100&year=2016&month=05&day=23
2016,hot100,2016-05-18,11,トライ・エヴリシング,Dream Ami,https://www.billboard-japan.com/charts/detail?a=hot100&year=2016&month=05&day=23
2016,hot100,2016-05-18,12,元気全開DAY!DAY!DAY!,CYaRon!,https://www.billboard-japan.com/charts/detail?a=hot100&year=2016&month=05&day=23
2016,hot100,2016-05-18,13,友よ〜この先もずっと…,ケツメイシ,https://www.billboard-japan.com/charts/detail?a=hot100&year=2016&month=05&day=23
2016,hot100,2016-05-18,14,甘噛み姫,NMB48,https://www.billboard-japan.com/charts/detail?a=hot100&year=2016&month=05&day=23
2016,hot100,2016-05-18,15,Puzzle,CNBLUE,https://www.billboard-japan.com/charts/detail?a=hot100&year=2016&month=05&day=23
2016,hot100,2016-05-18,16,花束を君に,宇多田ヒカル,https://www.billboard-japan.com/charts/detail?a=hot100&year=2016&month=05&day=23
2016,hot100,2016-05-18,17,ルンがピカッと光ったら,ワルキューレ,https://www.billboard-japan.com/charts/detail?a=hot100&year=2016&month=05&day=23
2016,hot100,2016-05-18,18,FLASH,Perfume,https://www.billboard-japan.com/charts/detail?a=hot100&year=2016&month=05&day=23
2016,hot100,2016-05-18,19,ひずみ,HARUHI,https://www.billboard-japan.com/charts/detail?a=hot100&year=2016&month=05&day=23
2016,hot100,2016-05-18,20,勝利の日まで,Sexy Zone,https://www.billboard-japan.com/charts/detail?a=hot100&year=2016&month=05&day=23
2016,hot100,2016-05-18,21,Wherever you are,ONE OK ROCK,https://www.billboard-japan.com/charts/detail?a=hot100&year=2016&month=05&day=23
2016,hot100,2016-05-18,22,クロノグラフ,SKY-HI,https://www.billboard-japan.com/charts/detail?a=hot100&year=2016&month=05&day=23
2016,hot100,2016-05-18,23,SHOUT!,宮野真守,https://www.billboard-japan.com/charts/detail?a=hot100&year=2016&month=05&day=23
2016,hot100,2016-05-18,24,ラブハンター,THE HOOPERS,https://www.billboard-japan.com/charts/detail?a=hot100&year=2016&month=05&day=23
2016,hot100,2016-05-18,25,みなと,スピッツ,https://www.billboard-japan.com/charts/detail?a=hot100&year=2016&month=05&day=23
2016,hot100,2016-05-18,26,Resonant Heart,内田真礼,https://www.billboard-japan.com/charts/detail?a=hot100&year=2016&month=05&day=23
2016,hot100,2016-05-18,27,デストピア,GLAY,https://www.billboard-japan.com/charts/detail?a=hot100&year=2016&month=05&day=23
2016,hot100,2016-05-18,28,いけないボーダーライン,ワルキューレ,https://www.billboard-japan.com/charts/detail?a=hot100&year=2016&month=05&day=23
2016,hot100,2016-05-18,29,Redo,鈴木このみ,https://www.billboard-japan.com/charts/detail?a=hot100&year=2016&month=05&day=23
2016,hot100,2016-05-18,30,FIRE,BTS (防弾少年団),https://www.billboard-japan.com/charts/detail?a=hot100&year=2016&month=05&day=23
2016,hot100,2016-05-18,31,soup,藤原さくら,https://www.billboard-japan.com/charts/detail?a=hot100&year=2016&month=05&day=23
2016,hot100,2016-05-18,32,NEW,AAA,https://www.billboard-japan.com/charts/detail?a=hot100&year=2016&month=05&day=23
2016,hot100,2016-05-18,33,キャント・ストップ・ザ・フィーリング!,ジャスティン・ティンバーレイク,https://www.billboard-japan.com/charts/detail?a=hot100&year=2016&month=05&day=23
2016,hot100,2016-05-18,34,COOLEST,カスタマイZ,https://www.billboard-japan.com/charts/detail?a=hot100&year=2016&month=05&day=23
2016,hot100,2016-05-18,35,名前を呼ぶよ,ラックライフ,https://www.billboard-japan.com/charts/detail?a=hot100&year=2016&month=05&day=23
2016,hot100,2016-05-18,36,あなたのように,DREAMS COME TRUE,https://www.billboard-japan.com/charts/detail?a=hot100&year=2016&month=05&day=23
2016,hot100,2016-05-18,37,ポラリス,フジファブリック,https://www.billboard-japan.com/charts/detail?a=hot100&year=2016&month=05&day=23
2016,hot100,2016-05-18,38,PERFECT HUMAN,RADIO FISH,https://www.billboard-japan.com/charts/detail?a=hot100&year=2016&month=05&day=23
2016,hot100,2016-05-18,39,トリセツ,西野カナ,https://www.billboard-japan.com/charts/detail?a=hot100&year=2016&month=05&day=23
2016,hot100,2016-05-18,40,世界に一つだけの花,SMAP,https://www.billboard-japan.com/charts/detail?a=hot100&year=2016&month=05&day=23
2016,hot100,2016-05-18,41,僕の名前を,back number,https://www.billboard-japan.com/charts/detail?a=hot100&year=2016&month=05&day=23
2016,hot100,2016-05-18,42,ワーク・フロム・ホーム feat.タイ・ダラー・サイン,フィフス・ハーモニー,https://www.billboard-japan.com/charts/detail?a=hot100&year=2016&month=05&day=23
2016,hot100,2016-05-18,43,Cry & Fight,三浦大知,https://www.billboard-japan.com/charts/detail?a=hot100&year=2016&month=05&day=23
2016,hot100,2016-05-18,44,真夏の通り雨,宇多田ヒカル,https://www.billboard-japan.com/charts/detail?a=hot100&year=2016&month=05&day=23
2016,hot100,2016-05-18,45,I seek,嵐,https://www.billboard-japan.com/charts/detail?a=hot100&year=2016&month=05&day=23
2016,hot100,2016-05-18,46,トライ・エヴリシング,シャキーラ,https://www.billboard-japan.com/charts/detail?a=hot100&year=2016&month=05&day=23
2016,hot100,2016-05-18,47,もっと,aiko,https://www.billboard-japan.com/charts/detail?a=hot100&year=2016&month=05&day=23
2016,hot100,2016-05-18,48,SUN,星野源,https://www.billboard-japan.com/charts/detail?a=hot100&year=2016&month=05&day=23
2016,hot100,2016-05-18,49,拝啓、いつかの君へ,感覚ピエロ,https://www.billboard-japan.com/charts/detail?a=hot100&year=2016&month=05&day=23
2016,hot100,2016-05-18,50,THE DAY,ポルノグラフィティ,https://www.billboard-japan.com/charts/detail?a=hot100&year=2016&month=05&day=23
2016,hot100,2016-05-18,51,Daylight,嵐,https://www.billboard-japan.com/charts/detail?a=hot100&year=2016&month=05&day=23
2016,hot100,2016-05-18,52,BANG BANG BANG,BIGBANG,https://www.billboard-japan.com/charts/detail?a=hot100&year=2016&month=05&day=23
2016,hot100,2016-05-18,53,最&高,きゃりーぱみゅぱみゅ,https://www.billboard-japan.com/charts/detail?a=hot100&year=2016&month=05&day=23
2016,hot100,2016-05-18,54,ダーク・ネセシティーズ,レッド・ホット・チリ・ペッパーズ,https://www.billboard-japan.com/charts/detail?a=hot100&year=2016&month=05&day=23
2016,hot100,2016-05-18,55,さらば涙,ケツメイシ,https://www.billboard-japan.com/charts/detail?a=hot100&year=2016&month=05&day=23
2016,hot100,2016-05-18,56,Mint,安室奈美恵,https://www.billboard-japan.com/charts/detail?a=hot100&year=2016&month=05&day=23
2016,hot100,2016-05-18,57,R.Y.U.S.E.I.,三代目 J Soul Brothers from EXILE TRIBE,https://www.billboard-japan.com/charts/detail?a=hot100&year=2016&month=05&day=23
2016,hot100,2016-05-18,58,セブン・イヤーズ,ルーカス・グラハム,https://www.billboard-japan.com/charts/detail?a=hot100&year=2016&month=05&day=23
2016,hot100,2016-05-18,59,CHEER UP,TWICE,https://www.billboard-japan.com/charts/detail?a=hot100&year=2016&month=05&day=23
2016,hot100,2016-05-18,60,KARATE,BABYMETAL,https://www.billboard-japan.com/charts/detail?a=hot100&year=2016&month=05&day=23
2016,hot100,2016-05-18,61,ひまわりの約束,秦基博,https://www.billboard-japan.com/charts/detail?a=hot100&year=2016&month=05&day=23
2016,hot100,2016-05-18,62,シェイク・イット・オフ〜気にしてなんかいられないっ!!,テイラー・スウィフト,https://www.billboard-japan.com/charts/detail?a=hot100&year=2016&month=05&day=23
2016,hot100,2016-05-18,63,Sweet! Sweet! Music!,いきものがかり,https://www.billboard-japan.com/charts/detail?a=hot100&year=2016&month=05&day=23
2016,hot100,2016-05-18,64,MATSURI BAYASHI,KEYTALK,https://www.billboard-japan.com/charts/detail?a=hot100&year=2016&month=05&day=23
2016,hot100,2016-05-18,65,365日の紙飛行機,AKB48,https://www.billboard-japan.com/charts/detail?a=hot100&year=2016&month=05&day=23
2016,hot100,2016-05-18,66,それぞれのうた,在日ファンク,https://www.billboard-japan.com/charts/detail?a=hot100&year=2016&month=05&day=23
2016,hot100,2016-05-18,67,HOT LIMIT,T.M.Revolution,https://www.billboard-japan.com/charts/detail?a=hot100&year=2016&month=05&day=23
2016,hot100,2016-05-18,68,ディス・イズ・ホワット・ユー・ケイム・フォー feat.リアーナ,カルヴィン・ハリス,https://www.billboard-japan.com/charts/detail?a=hot100&year=2016&month=05&day=23
2016,hot100,2016-05-18,69,戦争を知らない大人たち,My Hair is Bad,https://www.billboard-japan.com/charts/detail?a=hot100&year=2016&month=05&day=23
2016,hot100,2016-05-18,70,コール・ミー・メイビー,カーリー・レイ・ジェプセン,https://www.billboard-japan.com/charts/detail?a=hot100&year=2016&month=05&day=23
2016,hot100,2016-05-18,71,The Beginning,ONE OK ROCK,https://www.billboard-japan.com/charts/detail?a=hot100&year=2016&month=05&day=23
2016,hot100,2016-05-18,72,海の声,浦島太郎(桐谷健太),https://www.billboard-japan.com/charts/detail?a=hot100&year=2016&month=05&day=23
2016,hot100,2016-05-18,73,みんながみんな英雄,AI,https://www.billboard-japan.com/charts/detail?a=hot100&year=2016&month=05&day=23
2016,hot100,2016-05-18,74,未来,コブクロ,https://www.billboard-japan.com/charts/detail?a=hot100&year=2016&month=05&day=23
2016,hot100,2016-05-18,75,明日への手紙,手嶌葵,https://www.billboard-japan.com/charts/detail?a=hot100&year=2016&month=05&day=23
2016,hot100,2016-05-18,76,それでしあわせ,chay,https://www.billboard-japan.com/charts/detail?a=hot100&year=2016&month=05&day=23
2016,hot100,2016-05-18,77,FANTASTIC BABY,BIGBANG,https://www.billboard-japan.com/charts/detail?a=hot100&year=2016&month=05&day=23
2016,hot100,2016-05-18,78,木蘭の涙,松原健之,https://www.billboard-japan.com/charts/detail?a=hot100&year=2016&month=05&day=23
2016,hot100,2016-05-18,79,ホワット・ドゥ・ユー・ミーン?,ジャスティン・ビーバー,https://www.billboard-japan.com/charts/detail?a=hot100&year=2016&month=05&day=23
2016,hot100,2016-05-18,80,Feel So Alive,三代目 J Soul Brothers from EXILE TRIBE,https://www.billboard-japan.com/charts/detail?a=hot100&year=2016&month=05&day=23
2016,hot100,2016-05-18,81,恋になりたいAQUARIUM,Aqours,https://www.billboard-japan.com/charts/detail?a=hot100&year=2016&month=05&day=23
2016,hot100,2016-05-18,82,ファイト・ソング,レイチェル・プラッテン,https://www.billboard-japan.com/charts/detail?a=hot100&year=2016&month=05&day=23
2016,hot100,2016-05-18,83,ロビンソン,スピッツ,https://www.billboard-japan.com/charts/detail?a=hot100&year=2016&month=05&day=23
2016,hot100,2016-05-18,84,完全感覚Dreamer,ONE OK ROCK,https://www.billboard-japan.com/charts/detail?a=hot100&year=2016&month=05&day=23
2016,hot100,2016-05-18,85,千本桜,WhiteFlame feat.初音ミク,https://www.billboard-japan.com/charts/detail?a=hot100&year=2016&month=05&day=23
2016,hot100,2016-05-18,86,Forever Dreaming,Czecho No Republic,https://www.billboard-japan.com/charts/detail?a=hot100&year=2016&month=05&day=23
2016,hot100,2016-05-18,87,はなまるぴっぴはよいこだけ,A応P,https://www.billboard-japan.com/charts/detail?a=hot100&year=2016&month=05&day=23
2016,hot100,2016-05-18,88,ギミチョコ!!,BABYMETAL,https://www.billboard-japan.com/charts/detail?a=hot100&year=2016&month=05&day=23
2016,hot100,2016-05-18,89,MUSIC VIDEO,岡崎体育,https://www.billboard-japan.com/charts/detail?a=hot100&year=2016&month=05&day=23
2016,hot100,2016-05-18,90,チキンLINE,SKE48,https://www.billboard-japan.com/charts/detail?a=hot100&year=2016&month=05&day=23
2016,hot100,2016-05-18,91,キーピング・ユアー・ヘッド・アップ,バーディー,https://www.billboard-japan.com/charts/detail?a=hot100&year=2016&month=05&day=23
2016,hot100,2016-05-18,92,ソーリー,ジャスティン・ビーバー,https://www.billboard-japan.com/charts/detail?a=hot100&year=2016&month=05&day=23
2016,hot100,2016-05-18,93,シー・ユー・アゲイン,ウィズ・カリファ feat.チャーリー・プース,https://www.billboard-japan.com/charts/detail?a=hot100&year=2016&month=05&day=23
2016,hot100,2016-05-18,94,ノー,メーガン・トレイナー,https://www.billboard-japan.com/charts/detail?a=hot100&year=2016&month=05&day=23
2016,hot100,2016-05-18,95,恋! ハレイション THE WAR,ワルキューレ,https://www.billboard-japan.com/charts/detail?a=hot100&year=2016&month=05&day=23
2016,hot100,2016-05-18,96,Always coming back,ONE OK ROCK,https://www.billboard-japan.com/charts/detail?a=hot100&year=2016&month=05&day=23
2016,hot100,2016-05-18,97,Message,安田レイ,https://www.billboard-japan.com/charts/detail?a=hot100&year=2016&month=05&day=23
2016,hot100,2016-05-18,98,Crazy Noisy Bizarre Town,THE DU,https://www.billboard-japan.com/charts/detail?a=hot100&year=2016&month=05&day=23
2016,hot100,2016-05-18,99,奏(かなで),スキマスイッチ,https://www.billboard-japan.com/charts/detail?a=hot100&year=2016&month=05&day=23
2016,hot100,2016-05-18,100,恋音と雨空,AAA,https://www.billboard-japan.com/charts/detail?a=hot100&year=2016&month=05&day=23
2016,hot100,2016-05-25,1,I seek,嵐,https://www.billboard-japan.com/charts/detail?a=hot100&year=2016&month=05&day=30
2016,hot100,2016-05-25,2,Mint,安室奈美恵,https://www.billboard-japan.com/charts/detail?a=hot100&year=2016&month=05&day=30
2016,hot100,2016-05-25,3,Soup,藤原さくら,https://www.billboard-japan.com/charts/detail?a=hot100&year=2016&month=05&day=30
2016,hot100,2016-05-25,4,君のせいで,SHINee,https://www.billboard-japan.com/charts/detail?a=hot100&year=2016&month=05&day=30
2016,hot100,2016-05-25,5,Tulip,"速水奏(飯田友子),塩見周子(ルゥティン),城ヶ崎美嘉(佳村はるか),宮本フレデリカ(高野麻美),一ノ瀬志希(藍原ことみ)",https://www.billboard-japan.com/charts/detail?a=hot100&year=2016&month=05&day=30
2016,hot100,2016-05-25,6,トライ・エヴリシング,Dream Ami,https://www.billboard-japan.com/charts/detail?a=hot100&year=2016&month=05&day=30
2016,hot100,2016-05-25,7,あなたの好きなところ,西野カナ,https://www.billboard-japan.com/charts/detail?a=hot100&year=2016&month=05&day=30
2016,hot100,2016-05-25,8,真剣SUNSHINE,Hey!Say!JUMP,https://www.billboard-japan.com/charts/detail?a=hot100&year=2016&month=05&day=30
2016,hot100,2016-05-25,9,一度だけの恋なら,ワルキューレ,https://www.billboard-japan.com/charts/detail?a=hot100&year=2016&month=05&day=30
2016,hot100,2016-05-25,10,NEW,AAA,https://www.billboard-japan.com/charts/detail?a=hot100&year=2016&month=05&day=30
2016,hot100,2016-05-25,11,友よ〜この先もずっと…,ケツメイシ,https://www.billboard-japan.com/charts/detail?a=hot100&year=2016&month=05&day=30
2016,hot100,2016-05-25,12,KABANERI OF THE IRON FORTRESS,EGOIST,https://www.billboard-japan.com/charts/detail?a=hot100&year=2016&month=05&day=30
2016,hot100,2016-05-25,13,サイレントマジョリティー,欅坂46,https://www.billboard-japan.com/charts/detail?a=hot100&year=2016&month=05&day=30
2016,hot100,2016-05-25,14,MATSURI BAYASHI,KEYTALK,https://www.billboard-japan.com/charts/detail?a=hot100&year=2016&month=05&day=30
2016,hot100,2016-05-25,15,THE DAY,ポルノグラフィティ,https://www.billboard-japan.com/charts/detail?a=hot100&year=2016&month=05&day=30
2016,hot100,2016-05-25,16,僕たちの未来,家入レオ,https://www.billboard-japan.com/charts/detail?a=hot100&year=2016&month=05&day=30
2016,hot100,2016-05-25,17,花束を君に,宇多田ヒカル,https://www.billboard-japan.com/charts/detail?a=hot100&year=2016&month=05&day=30
2016,hot100,2016-05-25,18,FLASH,Perfume,https://www.billboard-japan.com/charts/detail?a=hot100&year=2016&month=05&day=30
2016,hot100,2016-05-25,19,泡沫サタデーナイト!,モーニング娘。'16,https://www.billboard-japan.com/charts/detail?a=hot100&year=2016&month=05&day=30
2016,hot100,2016-05-25,20,キメマスター!,バンドじゃないもん!,https://www.billboard-japan.com/charts/detail?a=hot100&year=2016&month=05&day=30
2016,hot100,2016-05-25,21,Daylight,嵐,https://www.billboard-japan.com/charts/detail?a=hot100&year=2016&month=05&day=30
2016,hot100,2016-05-25,22,74億分の1の君へ,HKT48,https://www.billboard-japan.com/charts/detail?a=hot100&year=2016&month=05&day=30
2016,hot100,2016-05-25,23,ninelie,Aimer(エメ) with chelly(EGOIST),https://www.billboard-japan.com/charts/detail?a=hot100&year=2016&month=05&day=30
2016,hot100,2016-05-25,24,ONE-SIDED LOVE,ソナーポケット,https://www.billboard-japan.com/charts/detail?a=hot100&year=2016&month=05&day=30
2016,hot100,2016-05-25,25,ハイタッチ☆メモリー,小倉唯,https://www.billboard-japan.com/charts/detail?a=hot100&year=2016&month=05&day=30
2016,hot100,2016-05-25,26,ひずみ,HARUHI,https://www.billboard-japan.com/charts/detail?a=hot100&year=2016&month=05&day=30
2016,hot100,2016-05-25,27,キャント・ストップ・ザ・フィーリング!,ジャスティン・ティンバーレイク,https://www.billboard-japan.com/charts/detail?a=hot100&year=2016&month=05&day=30
2016,hot100,2016-05-25,28,私のカレーは世界一,SECRET GUYZ,https://www.billboard-japan.com/charts/detail?a=hot100&year=2016&month=05&day=30
2016,hot100,2016-05-25,29,Wherever you are,ONE OK ROCK,https://www.billboard-japan.com/charts/detail?a=hot100&year=2016&month=05&day=30
2016,hot100,2016-05-25,30,My Best Friend,Little Glee Monster,https://www.billboard-japan.com/charts/detail?a=hot100&year=2016&month=05&day=30
2016,hot100,2016-05-25,31,HIGHER GROUND feat.Dimitri Vegas & Like Mike,EXILE TRIBE,https://www.billboard-japan.com/charts/detail?a=hot100&year=2016&month=05&day=30
2016,hot100,2016-05-25,32,信号,aiko,https://www.billboard-japan.com/charts/detail?a=hot100&year=2016&month=05&day=30
2016,hot100,2016-05-25,33,Forever Dreaming,Czecho No Republic,https://www.billboard-japan.com/charts/detail?a=hot100&year=2016&month=05&day=30
2016,hot100,2016-05-25,34,ノー,メーガン・トレイナー,https://www.billboard-japan.com/charts/detail?a=hot100&year=2016&month=05&day=30
2016,hot100,2016-05-25,35,深呼吸,ハナレグミ,https://www.billboard-japan.com/charts/detail?a=hot100&year=2016&month=05&day=30
2016,hot100,2016-05-25,36,High Free Spirits,TrySail,https://www.billboard-japan.com/charts/detail?a=hot100&year=2016&month=05&day=30
2016,hot100,2016-05-25,37,Melody,Pile,https://www.billboard-japan.com/charts/detail?a=hot100&year=2016&month=05&day=30
2016,hot100,2016-05-25,38,みなと,スピッツ,https://www.billboard-japan.com/charts/detail?a=hot100&year=2016&month=05&day=30
2016,hot100,2016-05-25,39,SUN,星野源,https://www.billboard-japan.com/charts/detail?a=hot100&year=2016&month=05&day=30
2016,hot100,2016-05-25,40,僕の名前を,back number,https://www.billboard-japan.com/charts/detail?a=hot100&year=2016&month=05&day=30
2016,hot100,2016-05-25,41,トライ・エヴリシング,シャキーラ,https://www.billboard-japan.com/charts/detail?a=hot100&year=2016&month=05&day=30
2016,hot100,2016-05-25,42,PERFECT HUMAN,RADIO FISH,https://www.billboard-japan.com/charts/detail?a=hot100&year=2016&month=05&day=30
2016,hot100,2016-05-25,43,もっと,aiko,https://www.billboard-japan.com/charts/detail?a=hot100&year=2016&month=05&day=30
2016,hot100,2016-05-25,44,MUSIC VIDEO,岡崎体育,https://www.billboard-japan.com/charts/detail?a=hot100&year=2016&month=05&day=30
2016,hot100,2016-05-25,45,最&高,きゃりーぱみゅぱみゅ,https://www.billboard-japan.com/charts/detail?a=hot100&year=2016&month=05&day=30
2016,hot100,2016-05-25,46,Message,安田レイ,https://www.billboard-japan.com/charts/detail?a=hot100&year=2016&month=05&day=30
2016,hot100,2016-05-25,47,トリセツ,西野カナ,https://www.billboard-japan.com/charts/detail?a=hot100&year=2016&month=05&day=30
2016,hot100,2016-05-25,48,Chit Chat,安室奈美恵,https://www.billboard-japan.com/charts/detail?a=hot100&year=2016&month=05&day=30
2016,hot100,2016-05-25,49,さらば涙,ケツメイシ,https://www.billboard-japan.com/charts/detail?a=hot100&year=2016&month=05&day=30
2016,hot100,2016-05-25,50,CHEER UP,TWICE,https://www.billboard-japan.com/charts/detail?a=hot100&year=2016&month=05&day=30
2016,hot100,2016-05-25,51,BANG BANG BANG,BIGBANG,https://www.billboard-japan.com/charts/detail?a=hot100&year=2016&month=05&day=30
2016,hot100,2016-05-25,52,Sweet! Sweet! Music!,いきものがかり,https://www.billboard-japan.com/charts/detail?a=hot100&year=2016&month=05&day=30
2016,hot100,2016-05-25,53,ルンがピカッと光ったら,ワルキューレ,https://www.billboard-japan.com/charts/detail?a=hot100&year=2016&month=05&day=30
2016,hot100,2016-05-25,54,恋のかけら,"MEZZO""",https://www.billboard-japan.com/charts/detail?a=hot100&year=2016&month=05&day=30
2016,hot100,2016-05-25,55,世界に一つだけの花,SMAP,https://www.billboard-japan.com/charts/detail?a=hot100&year=2016&month=05&day=30
2016,hot100,2016-05-25,56,ワタリドリ,[Alexandros],https://www.billboard-japan.com/charts/detail?a=hot100&year=2016&month=05&day=30
2016,hot100,2016-05-25,57,いけないボーダーライン,ワルキューレ,https://www.billboard-japan.com/charts/detail?a=hot100&year=2016&month=05&day=30
2016,hot100,2016-05-25,58,明日への手紙,手嶌葵,https://www.billboard-japan.com/charts/detail?a=hot100&year=2016&month=05&day=30
2016,hot100,2016-05-25,59,R.Y.U.S.E.I.,三代目 J Soul Brothers from EXILE TRIBE,https://www.billboard-japan.com/charts/detail?a=hot100&year=2016&month=05&day=30
2016,hot100,2016-05-25,60,ひまわりの約束,秦基博,https://www.billboard-japan.com/charts/detail?a=hot100&year=2016&month=05&day=30
2016,hot100,2016-05-25,61,名前を呼ぶよ,ラックライフ,https://www.billboard-japan.com/charts/detail?a=hot100&year=2016&month=05&day=30
2016,hot100,2016-05-25,62,海の声,浦島太郎(桐谷健太),https://www.billboard-japan.com/charts/detail?a=hot100&year=2016&month=05&day=30
2016,hot100,2016-05-25,63,COOLEST,カスタマイZ,https://www.billboard-japan.com/charts/detail?a=hot100&year=2016&month=05&day=30
2016,hot100,2016-05-25,64,ダーク・ネセシティーズ,レッド・ホット・チリ・ペッパーズ,https://www.billboard-japan.com/charts/detail?a=hot100&year=2016&month=05&day=30
2016,hot100,2016-05-25,65,FANTASTIC BABY,BIGBANG,https://www.billboard-japan.com/charts/detail?a=hot100&year=2016&month=05&day=30
2016,hot100,2016-05-25,66,ソーリー,ジャスティン・ビーバー,https://www.billboard-japan.com/charts/detail?a=hot100&year=2016&month=05&day=30
2016,hot100,2016-05-25,67,元気全開DAY!DAY!DAY!,CYaRon!,https://www.billboard-japan.com/charts/detail?a=hot100&year=2016&month=05&day=30
2016,hot100,2016-05-25,68,拝啓、いつかの君へ,感覚ピエロ,https://www.billboard-japan.com/charts/detail?a=hot100&year=2016&month=05&day=30
2016,hot100,2016-05-25,69,コール・ミー・メイビー,カーリー・レイ・ジェプセン,https://www.billboard-japan.com/charts/detail?a=hot100&year=2016&month=05&day=30
2016,hot100,2016-05-25,70,チキンLINE,SKE48,https://www.billboard-japan.com/charts/detail?a=hot100&year=2016&month=05&day=30
2016,hot100,2016-05-25,71,イントゥ・ユー,アリアナ・グランデ,https://www.billboard-japan.com/charts/detail?a=hot100&year=2016&month=05&day=30
2016,hot100,2016-05-25,72,糸,中島みゆき,https://www.billboard-japan.com/charts/detail?a=hot100&year=2016&month=05&day=30
2016,hot100,2016-05-25,73,ワーク・フロム・ホーム feat.タイ・ダラー・サイン,フィフス・ハーモニー,https://www.billboard-japan.com/charts/detail?a=hot100&year=2016&month=05&day=30
2016,hot100,2016-05-25,74,ファイト・ソング,レイチェル・プラッテン,https://www.billboard-japan.com/charts/detail?a=hot100&year=2016&month=05&day=30
2016,hot100,2016-05-25,75,勝利の日まで,Sexy Zone,https://www.billboard-japan.com/charts/detail?a=hot100&year=2016&month=05&day=30
2016,hot100,2016-05-25,76,真夏の通り雨,宇多田ヒカル,https://www.billboard-japan.com/charts/detail?a=hot100&year=2016&month=05&day=30
2016,hot100,2016-05-25,77,復活LOVE,嵐,https://www.billboard-japan.com/charts/detail?a=hot100&year=2016&month=05&day=30
2016,hot100,2016-05-25,78,千本桜,WhiteFlame feat.初音ミク,https://www.billboard-japan.com/charts/detail?a=hot100&year=2016&month=05&day=30
2016,hot100,2016-05-25,79,Hello Radio,ザ・プールサイド,https://www.billboard-japan.com/charts/detail?a=hot100&year=2016&month=05&day=30
2016,hot100,2016-05-25,80,シー・ユー・アゲイン,ウィズ・カリファ feat.チャーリー・プース,https://www.billboard-japan.com/charts/detail?a=hot100&year=2016&month=05&day=30
2016,hot100,2016-05-25,81,リアリ・スティック,MICHI,https://www.billboard-japan.com/charts/detail?a=hot100&year=2016&month=05&day=30
2016,hot100,2016-05-25,82,新宝島,サカナクション,https://www.billboard-japan.com/charts/detail?a=hot100&year=2016&month=05&day=30
2016,hot100,2016-05-25,83,ホワット・ドゥ・ユー・ミーン?,ジャスティン・ビーバー,https://www.billboard-japan.com/charts/detail?a=hot100&year=2016&month=05&day=30
2016,hot100,2016-05-25,84,あなたのように,DREAMS COME TRUE,https://www.billboard-japan.com/charts/detail?a=hot100&year=2016&month=05&day=30
2016,hot100,2016-05-25,85,The Beginning,ONE OK ROCK,https://www.billboard-japan.com/charts/detail?a=hot100&year=2016&month=05&day=30
2016,hot100,2016-05-25,86,FIRE,BTS (防弾少年団),https://www.billboard-japan.com/charts/detail?a=hot100&year=2016&month=05&day=30
2016,hot100,2016-05-25,87,Redo,鈴木このみ,https://www.billboard-japan.com/charts/detail?a=hot100&year=2016&month=05&day=30
2016,hot100,2016-05-25,88,キーピング・ユアー・ヘッド・アップ,バーディー,https://www.billboard-japan.com/charts/detail?a=hot100&year=2016&month=05&day=30
2016,hot100,2016-05-25,89,未来,コブクロ,https://www.billboard-japan.com/charts/detail?a=hot100&year=2016&month=05&day=30
2016,hot100,2016-05-25,90,完全感覚Dreamer,ONE OK ROCK,https://www.billboard-japan.com/charts/detail?a=hot100&year=2016&month=05&day=30
2016,hot100,2016-05-25,91,恋音と雨空,AAA,https://www.billboard-japan.com/charts/detail?a=hot100&year=2016&month=05&day=30
2016,hot100,2016-05-25,92,シェイク・イット・オフ〜気にしてなんかいられないっ!!,テイラー・スウィフト,https://www.billboard-japan.com/charts/detail?a=hot100&year=2016&month=05&day=30
2016,hot100,2016-05-25,93,Chu Chu,西内まりや,https://www.billboard-japan.com/charts/detail?a=hot100&year=2016&month=05&day=30
2016,hot100,2016-05-25,94,それでしあわせ,chay,https://www.billboard-japan.com/charts/detail?a=hot100&year=2016&month=05&day=30
2016,hot100,2016-05-25,95,365日の紙飛行機,AKB48,https://www.billboard-japan.com/charts/detail?a=hot100&year=2016&month=05&day=30
2016,hot100,2016-05-25,96,Puzzle,CNBLUE,https://www.billboard-japan.com/charts/detail?a=hot100&year=2016&month=05&day=30
2016,hot100,2016-05-25,97,ビー・オールライト,アリアナ・グランデ,https://www.billboard-japan.com/charts/detail?a=hot100&year=2016&month=05&day=30
2016,hot100,2016-05-25,98,ポラリス,フジファブリック,https://www.billboard-japan.com/charts/detail?a=hot100&year=2016&month=05&day=30
2016,hot100,2016-05-25,99,ロビンソン,スピッツ,https://www.billboard-japan.com/charts/detail?a=hot100&year=2016&month=05&day=30
2016,hot100,2016-05-25,100,KARATE,BABYMETAL,https://www.billboard-japan.com/charts/detail?a=hot100&year=2016&month=05&day=30
2016,hot100,2016-06-01,1,僕の名前を,back number,https://www.billboard-japan.com/charts/detail?a=hot100&year=2016&month=06&day=06
2016,hot100,2016-06-01,2,I seek,嵐,https://www.billboard-japan.com/charts/detail?a=hot100&year=2016&month=06&day=06
2016,hot100,2016-06-01,3,THE DAY,ポルノグラフィティ,https://www.billboard-japan.com/charts/detail?a=hot100&year=2016&month=06&day=06
2016,hot100,2016-06-01,4,KABANERI OF THE IRON FORTRESS,EGOIST,https://www.billboard-japan.com/charts/detail?a=hot100&year=2016&month=06&day=06
2016,hot100,2016-06-01,5,やさしさで溢れるように,Flower,https://www.billboard-japan.com/charts/detail?a=hot100&year=2016&month=06&day=06
2016,hot100,2016-06-01,6,Mint,安室奈美恵,https://www.billboard-japan.com/charts/detail?a=hot100&year=2016&month=06&day=06
2016,hot100,2016-06-01,7,Soup,藤原さくら,https://www.billboard-japan.com/charts/detail?a=hot100&year=2016&month=06&day=06
2016,hot100,2016-06-01,8,トリコリコPLEASE!!,AZALEA,https://www.billboard-japan.com/charts/detail?a=hot100&year=2016&month=06&day=06
2016,hot100,2016-06-01,9,今日のつづきが未来になる,THE ALFEE,https://www.billboard-japan.com/charts/detail?a=hot100&year=2016&month=06&day=06
2016,hot100,2016-06-01,10,好きよ 好きよ 好きよ,藤原さくら,https://www.billboard-japan.com/charts/detail?a=hot100&year=2016&month=06&day=06
2016,hot100,2016-06-01,11,NEW,AAA,https://www.billboard-japan.com/charts/detail?a=hot100&year=2016&month=06&day=06
2016,hot100,2016-06-01,12,STYX HELIX,MYTH & ROID,https://www.billboard-japan.com/charts/detail?a=hot100&year=2016&month=06&day=06
2016,hot100,2016-06-01,13,友よ〜この先もずっと…,ケツメイシ,https://www.billboard-japan.com/charts/detail?a=hot100&year=2016&month=06&day=06
2016,hot100,2016-06-01,14,Xenotopia,三森すずこ,https://www.billboard-japan.com/charts/detail?a=hot100&year=2016&month=06&day=06
2016,hot100,2016-06-01,15,トライ・エヴリシング,Dream Ami,https://www.billboard-japan.com/charts/detail?a=hot100&year=2016&month=06&day=06
2016,hot100,2016-06-01,16,Chu Chu,西内まりや,https://www.billboard-japan.com/charts/detail?a=hot100&year=2016&month=06&day=06
2016,hot100,2016-06-01,17,あなたの好きなところ,西野カナ,https://www.billboard-japan.com/charts/detail?a=hot100&year=2016&month=06&day=06
2016,hot100,2016-06-01,18,甘噛み姫,NMB48,https://www.billboard-japan.com/charts/detail?a=hot100&year=2016&month=06&day=06
2016,hot100,2016-06-01,19,ゼロイチキセキ,南條愛乃,https://www.billboard-japan.com/charts/detail?a=hot100&year=2016&month=06&day=06
2016,hot100,2016-06-01,20,Plus One,平井堅,https://www.billboard-japan.com/charts/detail?a=hot100&year=2016&month=06&day=06
2016,hot100,2016-06-01,21,サイレントマジョリティー,欅坂46,https://www.billboard-japan.com/charts/detail?a=hot100&year=2016&month=06&day=06
2016,hot100,2016-06-01,22,一度だけの恋なら,ワルキューレ,https://www.billboard-japan.com/charts/detail?a=hot100&year=2016&month=06&day=06
2016,hot100,2016-06-01,23,キャント・ストップ・ザ・フィーリング!,ジャスティン・ティンバーレイク,https://www.billboard-japan.com/charts/detail?a=hot100&year=2016&month=06&day=06
2016,hot100,2016-06-01,24,The Asterisk War,西沢幸奏,https://www.billboard-japan.com/charts/detail?a=hot100&year=2016&month=06&day=06
2016,hot100,2016-06-01,25,FLASH,Perfume,https://www.billboard-japan.com/charts/detail?a=hot100&year=2016&month=06&day=06
2016,hot100,2016-06-01,26,Celebration〜君に架ける橋〜,SUPER JUNIOR-KYUHYUN,https://www.billboard-japan.com/charts/detail?a=hot100&year=2016&month=06&day=06
2016,hot100,2016-06-01,27,PERFECT HUMAN,RADIO FISH,https://www.billboard-japan.com/charts/detail?a=hot100&year=2016&month=06&day=06
2016,hot100,2016-06-01,28,深呼吸,ハナレグミ,https://www.billboard-japan.com/charts/detail?a=hot100&year=2016&month=06&day=06
2016,hot100,2016-06-01,29,閃光Believer,ベイビーレイズJAPAN,https://www.billboard-japan.com/charts/detail?a=hot100&year=2016&month=06&day=06
2016,hot100,2016-06-01,30,KUMAMIKO DANCING,雨宿まち(日岡なつみ)&クマ井ナツ(安元洋貴) feat.熊出村のみなさん,https://www.billboard-japan.com/charts/detail?a=hot100&year=2016&month=06&day=06
2016,hot100,2016-06-01,31,ワーク・フロム・ホーム feat.タイ・ダラー・サイン,フィフス・ハーモニー,https://www.billboard-japan.com/charts/detail?a=hot100&year=2016&month=06&day=06
2016,hot100,2016-06-01,32,花束を君に,宇多田ヒカル,https://www.billboard-japan.com/charts/detail?a=hot100&year=2016&month=06&day=06
2016,hot100,2016-06-01,33,僕たちの未来,家入レオ,https://www.billboard-japan.com/charts/detail?a=hot100&year=2016&month=06&day=06
2016,hot100,2016-06-01,34,泡沫サタデーナイト!,モーニング娘。'16,https://www.billboard-japan.com/charts/detail?a=hot100&year=2016&month=06&day=06
2016,hot100,2016-06-01,35,ninelie,Aimer(エメ) with chelly(EGOIST),https://www.billboard-japan.com/charts/detail?a=hot100&year=2016&month=06&day=06
2016,hot100,2016-06-01,36,Wherever you are,ONE OK ROCK,https://www.billboard-japan.com/charts/detail?a=hot100&year=2016&month=06&day=06
2016,hot100,2016-06-01,37,74億分の1の君へ,HKT48,https://www.billboard-japan.com/charts/detail?a=hot100&year=2016&month=06&day=06
2016,hot100,2016-06-01,38,大河の一滴,桑田佳祐,https://www.billboard-japan.com/charts/detail?a=hot100&year=2016&month=06&day=06
2016,hot100,2016-06-01,39,恋したらベイベー,Shiggy Jr.,https://www.billboard-japan.com/charts/detail?a=hot100&year=2016&month=06&day=06
2016,hot100,2016-06-01,40,トリセツ,西野カナ,https://www.billboard-japan.com/charts/detail?a=hot100&year=2016&month=06&day=06
2016,hot100,2016-06-01,41,PUNCH☆MIND☆HAPPINESS,Happy Clover,https://www.billboard-japan.com/charts/detail?a=hot100&year=2016&month=06&day=06
2016,hot100,2016-06-01,42,真剣SUNSHINE,Hey!Say!JUMP,https://www.billboard-japan.com/charts/detail?a=hot100&year=2016&month=06&day=06
2016,hot100,2016-06-01,43,それでしあわせ,chay,https://www.billboard-japan.com/charts/detail?a=hot100&year=2016&month=06&day=06
2016,hot100,2016-06-01,44,Ripple Effect,春奈るな,https://www.billboard-japan.com/charts/detail?a=hot100&year=2016&month=06&day=06
2016,hot100,2016-06-01,45,MATSURI BAYASHI,KEYTALK,https://www.billboard-japan.com/charts/detail?a=hot100&year=2016&month=06&day=06
2016,hot100,2016-06-01,46,きっかけ,乃木坂46,https://www.billboard-japan.com/charts/detail?a=hot100&year=2016&month=06&day=06
2016,hot100,2016-06-01,47,R.Y.U.S.E.I.,三代目 J Soul Brothers from EXILE TRIBE,https://www.billboard-japan.com/charts/detail?a=hot100&year=2016&month=06&day=06
2016,hot100,2016-06-01,48,君のせいで,SHINee,https://www.billboard-japan.com/charts/detail?a=hot100&year=2016&month=06&day=06
2016,hot100,2016-06-01,49,ひずみ,HARUHI,https://www.billboard-japan.com/charts/detail?a=hot100&year=2016&month=06&day=06
2016,hot100,2016-06-01,50,イントゥ・ユー,アリアナ・グランデ,https://www.billboard-japan.com/charts/detail?a=hot100&year=2016&month=06&day=06
2016,hot100,2016-06-01,51,GET iT OUT,SiM vs CROSSFAITH,https://www.billboard-japan.com/charts/detail?a=hot100&year=2016&month=06&day=06
2016,hot100,2016-06-01,52,SUN,星野源,https://www.billboard-japan.com/charts/detail?a=hot100&year=2016&month=06&day=06
2016,hot100,2016-06-01,53,トライ・エヴリシング,シャキーラ,https://www.billboard-japan.com/charts/detail?a=hot100&year=2016&month=06&day=06
2016,hot100,2016-06-01,54,TIME,平井堅,https://www.billboard-japan.com/charts/detail?a=hot100&year=2016&month=06&day=06
2016,hot100,2016-06-01,55,翼はいらない,AKB48,https://www.billboard-japan.com/charts/detail?a=hot100&year=2016&month=06&day=06
2016,hot100,2016-06-01,56,High Free Spirits,TrySail,https://www.billboard-japan.com/charts/detail?a=hot100&year=2016&month=06&day=06
2016,hot100,2016-06-01,57,チキンLINE,SKE48,https://www.billboard-japan.com/charts/detail?a=hot100&year=2016&month=06&day=06
2016,hot100,2016-06-01,58,最&高,きゃりーぱみゅぱみゅ,https://www.billboard-japan.com/charts/detail?a=hot100&year=2016&month=06&day=06
2016,hot100,2016-06-01,59,世界に一つだけの花,SMAP,https://www.billboard-japan.com/charts/detail?a=hot100&year=2016&month=06&day=06
2016,hot100,2016-06-01,60,BANG BANG BANG,BIGBANG,https://www.billboard-japan.com/charts/detail?a=hot100&year=2016&month=06&day=06
2016,hot100,2016-06-01,61,HIGHER GROUND feat.Dimitri Vegas & Like Mike,EXILE TRIBE,https://www.billboard-japan.com/charts/detail?a=hot100&year=2016&month=06&day=06
2016,hot100,2016-06-01,62,拝啓、いつかの君へ,感覚ピエロ,https://www.billboard-japan.com/charts/detail?a=hot100&year=2016&month=06&day=06
2016,hot100,2016-06-01,63,みなと,スピッツ,https://www.billboard-japan.com/charts/detail?a=hot100&year=2016&month=06&day=06
2016,hot100,2016-06-01,64,バイバイ YESTERDAY,3年E組うた担(渚&茅野&業&磯貝&前原),https://www.billboard-japan.com/charts/detail?a=hot100&year=2016&month=06&day=06
2016,hot100,2016-06-01,65,さらば涙,ケツメイシ,https://www.billboard-japan.com/charts/detail?a=hot100&year=2016&month=06&day=06
2016,hot100,2016-06-01,66,もっと,aiko,https://www.billboard-japan.com/charts/detail?a=hot100&year=2016&month=06&day=06
2016,hot100,2016-06-01,67,Redo,鈴木このみ,https://www.billboard-japan.com/charts/detail?a=hot100&year=2016&month=06&day=06
2016,hot100,2016-06-01,68,CHEER UP,TWICE,https://www.billboard-japan.com/charts/detail?a=hot100&year=2016&month=06&day=06
2016,hot100,2016-06-01,69,キボウノヒカリ,Unknown Number!!!,https://www.billboard-japan.com/charts/detail?a=hot100&year=2016&month=06&day=06
2016,hot100,2016-06-01,70,My Best Friend,Little Glee Monster,https://www.billboard-japan.com/charts/detail?a=hot100&year=2016&month=06&day=06
2016,hot100,2016-06-01,71,DOUBLE,MAGIC OF LiFE,https://www.billboard-japan.com/charts/detail?a=hot100&year=2016&month=06&day=06
2016,hot100,2016-06-01,72,Puzzle,CNBLUE,https://www.billboard-japan.com/charts/detail?a=hot100&year=2016&month=06&day=06
2016,hot100,2016-06-01,73,糸,中島みゆき,https://www.billboard-japan.com/charts/detail?a=hot100&year=2016&month=06&day=06
2016,hot100,2016-06-01,74,ノー,メーガン・トレイナー,https://www.billboard-japan.com/charts/detail?a=hot100&year=2016&month=06&day=06
2016,hot100,2016-06-01,75,明日でいいから,Happy Clover,https://www.billboard-japan.com/charts/detail?a=hot100&year=2016&month=06&day=06
2016,hot100,2016-06-01,76,ワタリドリ,[Alexandros],https://www.billboard-japan.com/charts/detail?a=hot100&year=2016&month=06&day=06
2016,hot100,2016-06-01,77,ひまわりの約束,秦基博,https://www.billboard-japan.com/charts/detail?a=hot100&year=2016&month=06&day=06
2016,hot100,2016-06-01,78,Sweet! Sweet! Music!,いきものがかり,https://www.billboard-japan.com/charts/detail?a=hot100&year=2016&month=06&day=06
2016,hot100,2016-06-01,79,FANTASTIC BABY,BIGBANG,https://www.billboard-japan.com/charts/detail?a=hot100&year=2016&month=06&day=06
2016,hot100,2016-06-01,80,Sexy Beach Honeymoon,恵比寿★マスカッツ,https://www.billboard-japan.com/charts/detail?a=hot100&year=2016&month=06&day=06
2016,hot100,2016-06-01,81,シェイク・イット・オフ〜気にしてなんかいられないっ!!,テイラー・スウィフト,https://www.billboard-japan.com/charts/detail?a=hot100&year=2016&month=06&day=06
2016,hot100,2016-06-01,82,ダーク・ネセシティーズ,レッド・ホット・チリ・ペッパーズ,https://www.billboard-japan.com/charts/detail?a=hot100&year=2016&month=06&day=06
2016,hot100,2016-06-01,83,海の声,浦島太郎(桐谷健太),https://www.billboard-japan.com/charts/detail?a=hot100&year=2016&month=06&day=06
2016,hot100,2016-06-01,84,名前を呼ぶよ,ラックライフ,https://www.billboard-japan.com/charts/detail?a=hot100&year=2016&month=06&day=06
2016,hot100,2016-06-01,85,Hello Radio,ザ・プールサイド,https://www.billboard-japan.com/charts/detail?a=hot100&year=2016&month=06&day=06
2016,hot100,2016-06-01,86,千本桜,WhiteFlame feat.初音ミク,https://www.billboard-japan.com/charts/detail?a=hot100&year=2016&month=06&day=06
2016,hot100,2016-06-01,87,泣きたいよ,鈴木雅之,https://www.billboard-japan.com/charts/detail?a=hot100&year=2016&month=06&day=06
2016,hot100,2016-06-01,88,ソーリー,ジャスティン・ビーバー,https://www.billboard-japan.com/charts/detail?a=hot100&year=2016&month=06&day=06
2016,hot100,2016-06-01,89,MUSIC VIDEO,岡崎体育,https://www.billboard-japan.com/charts/detail?a=hot100&year=2016&month=06&day=06
2016,hot100,2016-06-01,90,大好き,大原櫻子,https://www.billboard-japan.com/charts/detail?a=hot100&year=2016&month=06&day=06
2016,hot100,2016-06-01,91,Cotona MODE,A応P,https://www.billboard-japan.com/charts/detail?a=hot100&year=2016&month=06&day=06
2016,hot100,2016-06-01,92,COOLEST,カスタマイZ,https://www.billboard-japan.com/charts/detail?a=hot100&year=2016&month=06&day=06
2016,hot100,2016-06-01,93,真夏の通り雨,宇多田ヒカル,https://www.billboard-japan.com/charts/detail?a=hot100&year=2016&month=06&day=06
2016,hot100,2016-06-01,94,未来,コブクロ,https://www.billboard-japan.com/charts/detail?a=hot100&year=2016&month=06&day=06
2016,hot100,2016-06-01,95,いけないボーダーライン,ワルキューレ,https://www.billboard-japan.com/charts/detail?a=hot100&year=2016&month=06&day=06
2016,hot100,2016-06-01,96,恋音と雨空,AAA,https://www.billboard-japan.com/charts/detail?a=hot100&year=2016&month=06&day=06
2016,hot100,2016-06-01,97,新宝島,サカナクション,https://www.billboard-japan.com/charts/detail?a=hot100&year=2016&month=06&day=06
2016,hot100,2016-06-01,98,バイカラーの恋心,Dorothy Little Happy,https://www.billboard-japan.com/charts/detail?a=hot100&year=2016&month=06&day=06
2016,hot100,2016-06-01,99,ビー・オールライト,アリアナ・グランデ,https://www.billboard-japan.com/charts/detail?a=hot100&year=2016&month=06&day=06
2016,hot100,2016-06-01,100,The Beginning,ONE OK ROCK,https://www.billboard-japan.com/charts/detail?a=hot100&year=2016&month=06&day=06
2016,hot100,2016-06-08,1,翼はいらない,AKB48,https://www.billboard-japan.com/charts/detail?a=hot100&year=2016&month=06&day=13
2016,hot100,2016-06-08,2,やさしさで溢れるように,Flower,https://www.billboard-japan.com/charts/detail?a=hot100&year=2016&month=06&day=13
2016,hot100,2016-06-08,3,GLIDER,BOYFRIEND,https://www.billboard-japan.com/charts/detail?a=hot100&year=2016&month=06&day=13
2016,hot100,2016-06-08,4,大好き,大原櫻子,https://www.billboard-japan.com/charts/detail?a=hot100&year=2016&month=06&day=13
2016,hot100,2016-06-08,5,僕の名前を,back number,https://www.billboard-japan.com/charts/detail?a=hot100&year=2016&month=06&day=13
2016,hot100,2016-06-08,6,Mint,安室奈美恵,https://www.billboard-japan.com/charts/detail?a=hot100&year=2016&month=06&day=13
2016,hot100,2016-06-08,7,I seek,嵐,https://www.billboard-japan.com/charts/detail?a=hot100&year=2016&month=06&day=13
2016,hot100,2016-06-08,8,Soup,藤原さくら,https://www.billboard-japan.com/charts/detail?a=hot100&year=2016&month=06&day=13
2016,hot100,2016-06-08,9,NEW,AAA,https://www.billboard-japan.com/charts/detail?a=hot100&year=2016&month=06&day=13
2016,hot100,2016-06-08,10,友よ〜この先もずっと…,ケツメイシ,https://www.billboard-japan.com/charts/detail?a=hot100&year=2016&month=06&day=13
2016,hot100,2016-06-08,11,好きよ 好きよ 好きよ,藤原さくら,https://www.billboard-japan.com/charts/detail?a=hot100&year=2016&month=06&day=13
2016,hot100,2016-06-08,12,トライ・エヴリシング,Dream Ami,https://www.billboard-japan.com/charts/detail?a=hot100&year=2016&month=06&day=13
2016,hot100,2016-06-08,13,THE DAY,ポルノグラフィティ,https://www.billboard-japan.com/charts/detail?a=hot100&year=2016&month=06&day=13
2016,hot100,2016-06-08,14,KABANERI OF THE IRON FORTRESS,EGOIST,https://www.billboard-japan.com/charts/detail?a=hot100&year=2016&month=06&day=13
2016,hot100,2016-06-08,15,あなたの好きなところ,西野カナ,https://www.billboard-japan.com/charts/detail?a=hot100&year=2016&month=06&day=13
2016,hot100,2016-06-08,16,むてきのうた,超ときめき(ハート)宣伝部,https://www.billboard-japan.com/charts/detail?a=hot100&year=2016&month=06&day=13
2016,hot100,2016-06-08,17,climb,04 Limited Sazabys,https://www.billboard-japan.com/charts/detail?a=hot100&year=2016&month=06&day=13
2016,hot100,2016-06-08,18,世界に一つだけの花,SMAP,https://www.billboard-japan.com/charts/detail?a=hot100&year=2016&month=06&day=13
2016,hot100,2016-06-08,19,キャント・ストップ・ザ・フィーリング!,ジャスティン・ティンバーレイク,https://www.billboard-japan.com/charts/detail?a=hot100&year=2016&month=06&day=13
2016,hot100,2016-06-08,20,HEROES,Brian the Sun,https://www.billboard-japan.com/charts/detail?a=hot100&year=2016&month=06&day=13
2016,hot100,2016-06-08,21,一度だけの恋なら,ワルキューレ,https://www.billboard-japan.com/charts/detail?a=hot100&year=2016&month=06&day=13
2016,hot100,2016-06-08,22,サイレントマジョリティー,欅坂46,https://www.billboard-japan.com/charts/detail?a=hot100&year=2016&month=06&day=13
2016,hot100,2016-06-08,23,Ready Smile!!,i☆Ris,https://www.billboard-japan.com/charts/detail?a=hot100&year=2016&month=06&day=13
2016,hot100,2016-06-08,24,僕たちの未来,家入レオ,https://www.billboard-japan.com/charts/detail?a=hot100&year=2016&month=06&day=13
2016,hot100,2016-06-08,25,1st Love Story,Luce Twinkle Wink☆,https://www.billboard-japan.com/charts/detail?a=hot100&year=2016&month=06&day=13
2016,hot100,2016-06-08,26,Wherever you are,ONE OK ROCK,https://www.billboard-japan.com/charts/detail?a=hot100&year=2016&month=06&day=13
2016,hot100,2016-06-08,27,FLASH,Perfume,https://www.billboard-japan.com/charts/detail?a=hot100&year=2016&month=06&day=13
2016,hot100,2016-06-08,28,花束を君に,宇多田ヒカル,https://www.billboard-japan.com/charts/detail?a=hot100&year=2016&month=06&day=13
2016,hot100,2016-06-08,29,PERFECT HUMAN,RADIO FISH,https://www.billboard-japan.com/charts/detail?a=hot100&year=2016&month=06&day=13
2016,hot100,2016-06-08,30,ワーク・フロム・ホーム feat.タイ・ダラー・サイン,フィフス・ハーモニー,https://www.billboard-japan.com/charts/detail?a=hot100&year=2016&month=06&day=13
2016,hot100,2016-06-08,31,Plus One,平井堅,https://www.billboard-japan.com/charts/detail?a=hot100&year=2016&month=06&day=13
2016,hot100,2016-06-08,32,キセキ,GReeeeN,https://www.billboard-japan.com/charts/detail?a=hot100&year=2016&month=06&day=13
2016,hot100,2016-06-08,33,君と僕と夏の物語,Kiss Bee,https://www.billboard-japan.com/charts/detail?a=hot100&year=2016&month=06&day=13
2016,hot100,2016-06-08,34,You & Me,西野カナ,https://www.billboard-japan.com/charts/detail?a=hot100&year=2016&month=06&day=13
2016,hot100,2016-06-08,35,IRREGULAR,郷ひろみ,https://www.billboard-japan.com/charts/detail?a=hot100&year=2016&month=06&day=13
2016,hot100,2016-06-08,36,STYX HELIX,MYTH & ROID,https://www.billboard-japan.com/charts/detail?a=hot100&year=2016&month=06&day=13
2016,hot100,2016-06-08,37,拝啓、いつかの君へ,感覚ピエロ,https://www.billboard-japan.com/charts/detail?a=hot100&year=2016&month=06&day=13
2016,hot100,2016-06-08,38,Sweet Sensation,村川梨衣,https://www.billboard-japan.com/charts/detail?a=hot100&year=2016&month=06&day=13
2016,hot100,2016-06-08,39,STRAWBERRY サディスティック,E-girls,https://www.billboard-japan.com/charts/detail?a=hot100&year=2016&month=06&day=13
2016,hot100,2016-06-08,40,ninelie,Aimer(エメ) with chelly(EGOIST),https://www.billboard-japan.com/charts/detail?a=hot100&year=2016&month=06&day=13
2016,hot100,2016-06-08,41,トライ・エヴリシング,シャキーラ,https://www.billboard-japan.com/charts/detail?a=hot100&year=2016&month=06&day=13
2016,hot100,2016-06-08,42,はじまりの速度,三月のパンタシア,https://www.billboard-japan.com/charts/detail?a=hot100&year=2016&month=06&day=13
2016,hot100,2016-06-08,43,魔法って言っていいかな?,平井堅,https://www.billboard-japan.com/charts/detail?a=hot100&year=2016&month=06&day=13
2016,hot100,2016-06-08,44,泡沫サタデーナイト!,モーニング娘。'16,https://www.billboard-japan.com/charts/detail?a=hot100&year=2016&month=06&day=13
2016,hot100,2016-06-08,45,ステイ feat.マティー・ノイエス,カイゴ,https://www.billboard-japan.com/charts/detail?a=hot100&year=2016&month=06&day=13
2016,hot100,2016-06-08,46,ナツコイ,井上苑子,https://www.billboard-japan.com/charts/detail?a=hot100&year=2016&month=06&day=13
2016,hot100,2016-06-08,47,R.Y.U.S.E.I.,三代目 J Soul Brothers from EXILE TRIBE,https://www.billboard-japan.com/charts/detail?a=hot100&year=2016&month=06&day=13
2016,hot100,2016-06-08,48,BANG BANG BANG,BIGBANG,https://www.billboard-japan.com/charts/detail?a=hot100&year=2016&month=06&day=13
2016,hot100,2016-06-08,49,それでしあわせ,chay,https://www.billboard-japan.com/charts/detail?a=hot100&year=2016&month=06&day=13
2016,hot100,2016-06-08,50,トリセツ,西野カナ,https://www.billboard-japan.com/charts/detail?a=hot100&year=2016&month=06&day=13
2016,hot100,2016-06-08,51,ちちんぷいぷい♪,妄想キャリブレーション,https://www.billboard-japan.com/charts/detail?a=hot100&year=2016&month=06&day=13
2016,hot100,2016-06-08,52,涙,GENERATIONS from EXILE TRIBE,https://www.billboard-japan.com/charts/detail?a=hot100&year=2016&month=06&day=13
2016,hot100,2016-06-08,53,大河の一滴,桑田佳祐,https://www.billboard-japan.com/charts/detail?a=hot100&year=2016&month=06&day=13
2016,hot100,2016-06-08,54,LAY YOUR HANDS ON ME,ブンブンサテライツ,https://www.billboard-japan.com/charts/detail?a=hot100&year=2016&month=06&day=13
2016,hot100,2016-06-08,55,Sweet! Sweet! Music!,いきものがかり,https://www.billboard-japan.com/charts/detail?a=hot100&year=2016&month=06&day=13
2016,hot100,2016-06-08,56,あたらしいうた,花澤香菜,https://www.billboard-japan.com/charts/detail?a=hot100&year=2016&month=06&day=13
2016,hot100,2016-06-08,57,SUN,星野源,https://www.billboard-japan.com/charts/detail?a=hot100&year=2016&month=06&day=13
2016,hot100,2016-06-08,58,ONE,山口活性学園アイドル部,https://www.billboard-japan.com/charts/detail?a=hot100&year=2016&month=06&day=13
2016,hot100,2016-06-08,59,イントゥ・ユー,アリアナ・グランデ,https://www.billboard-japan.com/charts/detail?a=hot100&year=2016&month=06&day=13
2016,hot100,2016-06-08,60,ひまわりの約束,秦基博,https://www.billboard-japan.com/charts/detail?a=hot100&year=2016&month=06&day=13
2016,hot100,2016-06-08,61,Chu Chu,西内まりや,https://www.billboard-japan.com/charts/detail?a=hot100&year=2016&month=06&day=13
2016,hot100,2016-06-08,62,真剣SUNSHINE,Hey!Say!JUMP,https://www.billboard-japan.com/charts/detail?a=hot100&year=2016&month=06&day=13
2016,hot100,2016-06-08,63,ひずみ,HARUHI,https://www.billboard-japan.com/charts/detail?a=hot100&year=2016&month=06&day=13
2016,hot100,2016-06-08,64,深呼吸,ハナレグミ,https://www.billboard-japan.com/charts/detail?a=hot100&year=2016&month=06&day=13
2016,hot100,2016-06-08,65,さらば涙,ケツメイシ,https://www.billboard-japan.com/charts/detail?a=hot100&year=2016&month=06&day=13
2016,hot100,2016-06-08,66,FANTASTIC BABY,BIGBANG,https://www.billboard-japan.com/charts/detail?a=hot100&year=2016&month=06&day=13
2016,hot100,2016-06-08,67,My Best Friend,Little Glee Monster,https://www.billboard-japan.com/charts/detail?a=hot100&year=2016&month=06&day=13
2016,hot100,2016-06-08,68,High Free Spirits,TrySail,https://www.billboard-japan.com/charts/detail?a=hot100&year=2016&month=06&day=13
2016,hot100,2016-06-08,69,Tulip,"速水奏(飯田友子),塩見周子(ルゥティン),城ヶ崎美嘉(佳村はるか),宮本フレデリカ(高野麻美),一ノ瀬志希(藍原ことみ)",https://www.billboard-japan.com/charts/detail?a=hot100&year=2016&month=06&day=13
2016,hot100,2016-06-08,70,今日のつづきが未来になる,THE ALFEE,https://www.billboard-japan.com/charts/detail?a=hot100&year=2016&month=06&day=13
2016,hot100,2016-06-08,71,最&高,きゃりーぱみゅぱみゅ,https://www.billboard-japan.com/charts/detail?a=hot100&year=2016&month=06&day=13
2016,hot100,2016-06-08,72,ウェイク・ミー・アップ!,アヴィーチー,https://www.billboard-japan.com/charts/detail?a=hot100&year=2016&month=06&day=13
2016,hot100,2016-06-08,73,やさしさで溢れるように,JUJU,https://www.billboard-japan.com/charts/detail?a=hot100&year=2016&month=06&day=13
2016,hot100,2016-06-08,74,海の声,浦島太郎(桐谷健太),https://www.billboard-japan.com/charts/detail?a=hot100&year=2016&month=06&day=13
2016,hot100,2016-06-08,75,トリコリコPLEASE!!,AZALEA,https://www.billboard-japan.com/charts/detail?a=hot100&year=2016&month=06&day=13
2016,hot100,2016-06-08,76,みなと,スピッツ,https://www.billboard-japan.com/charts/detail?a=hot100&year=2016&month=06&day=13
2016,hot100,2016-06-08,77,Beautiful World,V6,https://www.billboard-japan.com/charts/detail?a=hot100&year=2016&month=06&day=13
2016,hot100,2016-06-08,78,BROTHER,OKAMOTO'S,https://www.billboard-japan.com/charts/detail?a=hot100&year=2016&month=06&day=13
2016,hot100,2016-06-08,79,The Asterisk War,西沢幸奏,https://www.billboard-japan.com/charts/detail?a=hot100&year=2016&month=06&day=13
2016,hot100,2016-06-08,80,未来,コブクロ,https://www.billboard-japan.com/charts/detail?a=hot100&year=2016&month=06&day=13
2016,hot100,2016-06-08,81,The Beginning,ONE OK ROCK,https://www.billboard-japan.com/charts/detail?a=hot100&year=2016&month=06&day=13
2016,hot100,2016-06-08,82,歯をくいしばれっっ!,吉川友,https://www.billboard-japan.com/charts/detail?a=hot100&year=2016&month=06&day=13
2016,hot100,2016-06-08,83,AfterRain,FlowBack,https://www.billboard-japan.com/charts/detail?a=hot100&year=2016&month=06&day=13
2016,hot100,2016-06-08,84,CHEER UP,TWICE,https://www.billboard-japan.com/charts/detail?a=hot100&year=2016&month=06&day=13
2016,hot100,2016-06-08,85,夢のゴール,kokua,https://www.billboard-japan.com/charts/detail?a=hot100&year=2016&month=06&day=13
2016,hot100,2016-06-08,86,ウェイティング・フォー・ラヴ,アヴィーチー,https://www.billboard-japan.com/charts/detail?a=hot100&year=2016&month=06&day=13
2016,hot100,2016-06-08,87,もっと,aiko,https://www.billboard-japan.com/charts/detail?a=hot100&year=2016&month=06&day=13
2016,hot100,2016-06-08,88,ハピネスYOU&ME,"海棠4兄弟 海棠零(皆川純子),海棠晴(前野智昭),海棠亜樹(松岡禎丞),海棠蒔麻(寺島拓篤)",https://www.billboard-japan.com/charts/detail?a=hot100&year=2016&month=06&day=13
2016,hot100,2016-06-08,89,ディス・イズ・ホワット・ユー・ケイム・フォー feat.リアーナ,カルヴィン・ハリス,https://www.billboard-japan.com/charts/detail?a=hot100&year=2016&month=06&day=13
2016,hot100,2016-06-08,90,ゼロイチキセキ,南條愛乃,https://www.billboard-japan.com/charts/detail?a=hot100&year=2016&month=06&day=13
2016,hot100,2016-06-08,91,ダーク・ネセシティーズ,レッド・ホット・チリ・ペッパーズ,https://www.billboard-japan.com/charts/detail?a=hot100&year=2016&month=06&day=13
2016,hot100,2016-06-08,92,千本桜,WhiteFlame feat.初音ミク,https://www.billboard-japan.com/charts/detail?a=hot100&year=2016&month=06&day=13
2016,hot100,2016-06-08,93,シェイク・イット・オフ〜気にしてなんかいられないっ!!,テイラー・スウィフト,https://www.billboard-japan.com/charts/detail?a=hot100&year=2016&month=06&day=13
2016,hot100,2016-06-08,94,365日の紙飛行機,AKB48,https://www.billboard-japan.com/charts/detail?a=hot100&year=2016&month=06&day=13
2016,hot100,2016-06-08,95,二人で feat.西内まりや & YU-A,SPICY CHOCOLATE,https://www.billboard-japan.com/charts/detail?a=hot100&year=2016&month=06&day=13
2016,hot100,2016-06-08,96,ワタリドリ,[Alexandros],https://www.billboard-japan.com/charts/detail?a=hot100&year=2016&month=06&day=13
2016,hot100,2016-06-08,97,HIGHER GROUND feat.Dimitri Vegas & Like Mike,EXILE TRIBE,https://www.billboard-japan.com/charts/detail?a=hot100&year=2016&month=06&day=13
2016,hot100,2016-06-08,98,マディウォーター,斉藤和義,https://www.billboard-japan.com/charts/detail?a=hot100&year=2016&month=06&day=13
2016,hot100,2016-06-08,99,KUMAMIKO DANCING,雨宿まち(日岡なつみ)&クマ井ナツ(安元洋貴) feat.熊出村のみなさん,https://www.billboard-japan.com/charts/detail?a=hot100&year=2016&month=06&day=13
2016,hot100,2016-06-08,100,オンリーワンダー,フレデリック,https://www.billboard-japan.com/charts/detail?a=hot100&year=2016&month=06&day=13
2016,hot100,2016-06-15,1,Beautiful World,V6,https://www.billboard-japan.com/charts/detail?a=hot100&year=2016&month=06&day=20
2016,hot100,2016-06-15,2,Soup,藤原さくら,https://www.billboard-japan.com/charts/detail?a=hot100&year=2016&month=06&day=20
2016,hot100,2016-06-15,3,NEW,AAA,https://www.billboard-japan.com/charts/detail?a=hot100&year=2016&month=06&day=20
2016,hot100,2016-06-15,4,やさしさで溢れるように,Flower,https://www.billboard-japan.com/charts/detail?a=hot100&year=2016&month=06&day=20
2016,hot100,2016-06-15,5,翼はいらない,AKB48,https://www.billboard-japan.com/charts/detail?a=hot100&year=2016&month=06&day=20
2016,hot100,2016-06-15,6,世界に一つだけの花,SMAP,https://www.billboard-japan.com/charts/detail?a=hot100&year=2016&month=06&day=20
2016,hot100,2016-06-15,7,Strawberry Trapper,Guilty Kiss,https://www.billboard-japan.com/charts/detail?a=hot100&year=2016&month=06&day=20
2016,hot100,2016-06-15,8,Mint,安室奈美恵,https://www.billboard-japan.com/charts/detail?a=hot100&year=2016&month=06&day=20
2016,hot100,2016-06-15,9,僕の名前を,back number,https://www.billboard-japan.com/charts/detail?a=hot100&year=2016&month=06&day=20
2016,hot100,2016-06-15,10,好きよ 好きよ 好きよ,藤原さくら,https://www.billboard-japan.com/charts/detail?a=hot100&year=2016&month=06&day=20
2016,hot100,2016-06-15,11,大好き,大原櫻子,https://www.billboard-japan.com/charts/detail?a=hot100&year=2016&month=06&day=20
2016,hot100,2016-06-15,12,I seek,嵐,https://www.billboard-japan.com/charts/detail?a=hot100&year=2016&month=06&day=20
2016,hot100,2016-06-15,13,マディウォーター,斉藤和義,https://www.billboard-japan.com/charts/detail?a=hot100&year=2016&month=06&day=20
2016,hot100,2016-06-15,14,友よ〜この先もずっと…,ケツメイシ,https://www.billboard-japan.com/charts/detail?a=hot100&year=2016&month=06&day=20
2016,hot100,2016-06-15,15,大河の一滴,桑田佳祐,https://www.billboard-japan.com/charts/detail?a=hot100&year=2016&month=06&day=20
2016,hot100,2016-06-15,16,あなたの好きなところ,西野カナ,https://www.billboard-japan.com/charts/detail?a=hot100&year=2016&month=06&day=20
2016,hot100,2016-06-15,17,魔法って言っていいかな?,平井堅,https://www.billboard-japan.com/charts/detail?a=hot100&year=2016&month=06&day=20
2016,hot100,2016-06-15,18,FANTASTIC BABY,BIGBANG,https://www.billboard-japan.com/charts/detail?a=hot100&year=2016&month=06&day=20
2016,hot100,2016-06-15,19,キャント・ストップ・ザ・フィーリング!,ジャスティン・ティンバーレイク,https://www.billboard-japan.com/charts/detail?a=hot100&year=2016&month=06&day=20
2016,hot100,2016-06-15,20,トライ・エヴリシング,Dream Ami,https://www.billboard-japan.com/charts/detail?a=hot100&year=2016&month=06&day=20
2016,hot100,2016-06-15,21,未来,コブクロ,https://www.billboard-japan.com/charts/detail?a=hot100&year=2016&month=06&day=20
2016,hot100,2016-06-15,22,THE DAY,ポルノグラフィティ,https://www.billboard-japan.com/charts/detail?a=hot100&year=2016&month=06&day=20
2016,hot100,2016-06-15,23,きっかけ,乃木坂46,https://www.billboard-japan.com/charts/detail?a=hot100&year=2016&month=06&day=20
2016,hot100,2016-06-15,24,ブラザー,ファンキー加藤,https://www.billboard-japan.com/charts/detail?a=hot100&year=2016&month=06&day=20
2016,hot100,2016-06-15,25,Wherever you are,ONE OK ROCK,https://www.billboard-japan.com/charts/detail?a=hot100&year=2016&month=06&day=20
2016,hot100,2016-06-15,26,一度だけの恋なら,ワルキューレ,https://www.billboard-japan.com/charts/detail?a=hot100&year=2016&month=06&day=20
2016,hot100,2016-06-15,27,サイレントマジョリティー,欅坂46,https://www.billboard-japan.com/charts/detail?a=hot100&year=2016&month=06&day=20
2016,hot100,2016-06-15,28,FLASH,Perfume,https://www.billboard-japan.com/charts/detail?a=hot100&year=2016&month=06&day=20
2016,hot100,2016-06-15,29,エコー,ユニコーン,https://www.billboard-japan.com/charts/detail?a=hot100&year=2016&month=06&day=20
2016,hot100,2016-06-15,30,僕たちの未来,家入レオ,https://www.billboard-japan.com/charts/detail?a=hot100&year=2016&month=06&day=20
2016,hot100,2016-06-15,31,ナツコイ,井上苑子,https://www.billboard-japan.com/charts/detail?a=hot100&year=2016&month=06&day=20
2016,hot100,2016-06-15,32,花束を君に,宇多田ヒカル,https://www.billboard-japan.com/charts/detail?a=hot100&year=2016&month=06&day=20
2016,hot100,2016-06-15,33,ステイ feat.マティー・ノイエス,カイゴ,https://www.billboard-japan.com/charts/detail?a=hot100&year=2016&month=06&day=20
2016,hot100,2016-06-15,34,アイノフシギ,エラバレシ,https://www.billboard-japan.com/charts/detail?a=hot100&year=2016&month=06&day=20
2016,hot100,2016-06-15,35,KABANERI OF THE IRON FORTRESS,EGOIST,https://www.billboard-japan.com/charts/detail?a=hot100&year=2016&month=06&day=20
2016,hot100,2016-06-15,36,HEROES,Brian the Sun,https://www.billboard-japan.com/charts/detail?a=hot100&year=2016&month=06&day=20
2016,hot100,2016-06-15,37,拝啓、いつかの君へ,感覚ピエロ,https://www.billboard-japan.com/charts/detail?a=hot100&year=2016&month=06&day=20
2016,hot100,2016-06-15,38,恋人同士,MACO,https://www.billboard-japan.com/charts/detail?a=hot100&year=2016&month=06&day=20
2016,hot100,2016-06-15,39,SIN,ACE OF SPADES feat.登坂広臣,https://www.billboard-japan.com/charts/detail?a=hot100&year=2016&month=06&day=20
2016,hot100,2016-06-15,40,PERFECT HUMAN,RADIO FISH,https://www.billboard-japan.com/charts/detail?a=hot100&year=2016&month=06&day=20
2016,hot100,2016-06-15,41,トリセツ,西野カナ,https://www.billboard-japan.com/charts/detail?a=hot100&year=2016&month=06&day=20
2016,hot100,2016-06-15,42,MUGEN ROAD,三代目 J Soul Brothers from EXILE TRIBE,https://www.billboard-japan.com/charts/detail?a=hot100&year=2016&month=06&day=20
2016,hot100,2016-06-15,43,500マイル,藤原さくら,https://www.billboard-japan.com/charts/detail?a=hot100&year=2016&month=06&day=20
2016,hot100,2016-06-15,44,Morning Glow,SHE'S,https://www.billboard-japan.com/charts/detail?a=hot100&year=2016&month=06&day=20
2016,hot100,2016-06-15,45,ワーク・フロム・ホーム feat.タイ・ダラー・サイン,フィフス・ハーモニー,https://www.billboard-japan.com/charts/detail?a=hot100&year=2016&month=06&day=20
2016,hot100,2016-06-15,46,BANG BANG BANG,BIGBANG,https://www.billboard-japan.com/charts/detail?a=hot100&year=2016&month=06&day=20
2016,hot100,2016-06-15,47,You & Me,西野カナ,https://www.billboard-japan.com/charts/detail?a=hot100&year=2016&month=06&day=20
2016,hot100,2016-06-15,48,Sweet! Sweet! Music!,いきものがかり,https://www.billboard-japan.com/charts/detail?a=hot100&year=2016&month=06&day=20
2016,hot100,2016-06-15,49,Plus One,平井堅,https://www.billboard-japan.com/charts/detail?a=hot100&year=2016&month=06&day=20
2016,hot100,2016-06-15,50,オンリーワンダー,フレデリック,https://www.billboard-japan.com/charts/detail?a=hot100&year=2016&month=06&day=20
2016,hot100,2016-06-15,51,Monster,EXO,https://www.billboard-japan.com/charts/detail?a=hot100&year=2016&month=06&day=20
2016,hot100,2016-06-15,52,涙,GENERATIONS from EXILE TRIBE,https://www.billboard-japan.com/charts/detail?a=hot100&year=2016&month=06&day=20
2016,hot100,2016-06-15,53,STYX HELIX,MYTH & ROID,https://www.billboard-japan.com/charts/detail?a=hot100&year=2016&month=06&day=20
2016,hot100,2016-06-15,54,R.Y.U.S.E.I.,三代目 J Soul Brothers from EXILE TRIBE,https://www.billboard-japan.com/charts/detail?a=hot100&year=2016&month=06&day=20
2016,hot100,2016-06-15,55,SUN,星野源,https://www.billboard-japan.com/charts/detail?a=hot100&year=2016&month=06&day=20
2016,hot100,2016-06-15,56,イントゥ・ユー,アリアナ・グランデ,https://www.billboard-japan.com/charts/detail?a=hot100&year=2016&month=06&day=20
2016,hot100,2016-06-15,57,LAY YOUR HANDS ON ME,ブンブンサテライツ,https://www.billboard-japan.com/charts/detail?a=hot100&year=2016&month=06&day=20
2016,hot100,2016-06-15,58,ひずみ,HARUHI,https://www.billboard-japan.com/charts/detail?a=hot100&year=2016&month=06&day=20
2016,hot100,2016-06-15,59,参乱-MAIRAN-,ROOT FIVE,https://www.billboard-japan.com/charts/detail?a=hot100&year=2016&month=06&day=20
2016,hot100,2016-06-15,60,トリコリコPLEASE!!,AZALEA,https://www.billboard-japan.com/charts/detail?a=hot100&year=2016&month=06&day=20
2016,hot100,2016-06-15,61,やさしさで溢れるように,JUJU,https://www.billboard-japan.com/charts/detail?a=hot100&year=2016&month=06&day=20
2016,hot100,2016-06-15,62,climb,04 Limited Sazabys,https://www.billboard-japan.com/charts/detail?a=hot100&year=2016&month=06&day=20
2016,hot100,2016-06-15,63,トライ・エヴリシング,シャキーラ,https://www.billboard-japan.com/charts/detail?a=hot100&year=2016&month=06&day=20
2016,hot100,2016-06-15,64,HIGHER GROUND feat.Dimitri Vegas & Like Mike,EXILE TRIBE,https://www.billboard-japan.com/charts/detail?a=hot100&year=2016&month=06&day=20
2016,hot100,2016-06-15,65,チキンLINE,SKE48,https://www.billboard-japan.com/charts/detail?a=hot100&year=2016&month=06&day=20
2016,hot100,2016-06-15,66,風が吹いた日,SING LIKE TALKING,https://www.billboard-japan.com/charts/detail?a=hot100&year=2016&month=06&day=20
2016,hot100,2016-06-15,67,The Beginning,ONE OK ROCK,https://www.billboard-japan.com/charts/detail?a=hot100&year=2016&month=06&day=20
2016,hot100,2016-06-15,68,ディス・イズ・ホワット・ユー・ケイム・フォー feat.リアーナ,カルヴィン・ハリス,https://www.billboard-japan.com/charts/detail?a=hot100&year=2016&month=06&day=20
2016,hot100,2016-06-15,69,ninelie,Aimer(エメ) with chelly(EGOIST),https://www.billboard-japan.com/charts/detail?a=hot100&year=2016&month=06&day=20
2016,hot100,2016-06-15,70,それでしあわせ,chay,https://www.billboard-japan.com/charts/detail?a=hot100&year=2016&month=06&day=20
2016,hot100,2016-06-15,71,Everything,ASH DA HERO,https://www.billboard-japan.com/charts/detail?a=hot100&year=2016&month=06&day=20
2016,hot100,2016-06-15,72,海の声,浦島太郎(桐谷健太),https://www.billboard-japan.com/charts/detail?a=hot100&year=2016&month=06&day=20
2016,hot100,2016-06-15,73,恋音と雨空,AAA,https://www.billboard-japan.com/charts/detail?a=hot100&year=2016&month=06&day=20
2016,hot100,2016-06-15,74,74億分の1の君へ,HKT48,https://www.billboard-japan.com/charts/detail?a=hot100&year=2016&month=06&day=20
2016,hot100,2016-06-15,75,ひまわりの約束,秦基博,https://www.billboard-japan.com/charts/detail?a=hot100&year=2016&month=06&day=20
2016,hot100,2016-06-15,76,完全感覚Dreamer,ONE OK ROCK,https://www.billboard-japan.com/charts/detail?a=hot100&year=2016&month=06&day=20
2016,hot100,2016-06-15,77,最強純情DNA,マボロシ可憐GeNE,https://www.billboard-japan.com/charts/detail?a=hot100&year=2016&month=06&day=20
2016,hot100,2016-06-15,78,STRAWBERRY サディスティック,E-girls,https://www.billboard-japan.com/charts/detail?a=hot100&year=2016&month=06&day=20
2016,hot100,2016-06-15,79,シュガーソングとビターステップ,UNISON SQUARE GARDEN,https://www.billboard-japan.com/charts/detail?a=hot100&year=2016&month=06&day=20
2016,hot100,2016-06-15,80,さらば涙,ケツメイシ,https://www.billboard-japan.com/charts/detail?a=hot100&year=2016&month=06&day=20
2016,hot100,2016-06-15,81,千本桜,WhiteFlame feat.初音ミク,https://www.billboard-japan.com/charts/detail?a=hot100&year=2016&month=06&day=20
2016,hot100,2016-06-15,82,みなと,スピッツ,https://www.billboard-japan.com/charts/detail?a=hot100&year=2016&month=06&day=20
2016,hot100,2016-06-15,83,ダーク・ネセシティーズ,レッド・ホット・チリ・ペッパーズ,https://www.billboard-japan.com/charts/detail?a=hot100&year=2016&month=06&day=20
2016,hot100,2016-06-15,84,あこがれ,ミツメ,https://www.billboard-japan.com/charts/detail?a=hot100&year=2016&month=06&day=20
2016,hot100,2016-06-15,85,365日の紙飛行機,AKB48,https://www.billboard-japan.com/charts/detail?a=hot100&year=2016&month=06&day=20
2016,hot100,2016-06-15,86,High Free Spirits,TrySail,https://www.billboard-japan.com/charts/detail?a=hot100&year=2016&month=06&day=20
2016,hot100,2016-06-15,87,ソーリー,ジャスティン・ビーバー,https://www.billboard-japan.com/charts/detail?a=hot100&year=2016&month=06&day=20
2016,hot100,2016-06-15,88,真剣SUNSHINE,Hey!Say!JUMP,https://www.billboard-japan.com/charts/detail?a=hot100&year=2016&month=06&day=20
2016,hot100,2016-06-15,89,奏(かなで),スキマスイッチ,https://www.billboard-japan.com/charts/detail?a=hot100&year=2016&month=06&day=20
2016,hot100,2016-06-15,90,最&高,きゃりーぱみゅぱみゅ,https://www.billboard-japan.com/charts/detail?a=hot100&year=2016&month=06&day=20
2016,hot100,2016-06-15,91,Ray Of Hope,つばさFly,https://www.billboard-japan.com/charts/detail?a=hot100&year=2016&month=06&day=20
2016,hot100,2016-06-15,92,はなまるぴっぴはよいこだけ,A応P,https://www.billboard-japan.com/charts/detail?a=hot100&year=2016&month=06&day=20
2016,hot100,2016-06-15,93,Chu Chu,西内まりや,https://www.billboard-japan.com/charts/detail?a=hot100&year=2016&month=06&day=20
2016,hot100,2016-06-15,94,ウェイク・ミー・アップ!,アヴィーチー,https://www.billboard-japan.com/charts/detail?a=hot100&year=2016&month=06&day=20
2016,hot100,2016-06-15,95,泣きたいよ,鈴木雅之,https://www.billboard-japan.com/charts/detail?a=hot100&year=2016&month=06&day=20
2016,hot100,2016-06-15,96,シュガー,マルーン5,https://www.billboard-japan.com/charts/detail?a=hot100&year=2016&month=06&day=20
2016,hot100,2016-06-15,97,シェイク・イット・オフ〜気にしてなんかいられないっ!!,テイラー・スウィフト,https://www.billboard-japan.com/charts/detail?a=hot100&year=2016&month=06&day=20
2016,hot100,2016-06-15,98,ワオ,ベック,https://www.billboard-japan.com/charts/detail?a=hot100&year=2016&month=06&day=20
2016,hot100,2016-06-15,99,元気全開DAY!DAY!DAY!,CYaRon!,https://www.billboard-japan.com/charts/detail?a=hot100&year=2016&month=06&day=20
2016,hot100,2016-06-15,100,My Best Friend,Little Glee Monster,https://www.billboard-japan.com/charts/detail?a=hot100&year=2016&month=06&day=20
2016,hot100,2016-06-22,1,L.U.V,BTOB,https://www.billboard-japan.com/charts/detail?a=hot100&year=2016&month=06&day=27
2016,hot100,2016-06-22,2,Soup,藤原さくら,https://www.billboard-japan.com/charts/detail?a=hot100&year=2016&month=06&day=27
2016,hot100,2016-06-22,3,やさしさで溢れるように,Flower,https://www.billboard-japan.com/charts/detail?a=hot100&year=2016&month=06&day=27
2016,hot100,2016-06-22,4,Toy,Block B,https://www.billboard-japan.com/charts/detail?a=hot100&year=2016&month=06&day=27
2016,hot100,2016-06-22,5,翼はいらない,AKB48,https://www.billboard-japan.com/charts/detail?a=hot100&year=2016&month=06&day=27
2016,hot100,2016-06-22,6,MUGEN ROAD,三代目 J Soul Brothers from EXILE TRIBE,https://www.billboard-japan.com/charts/detail?a=hot100&year=2016&month=06&day=27
2016,hot100,2016-06-22,7,未来,コブクロ,https://www.billboard-japan.com/charts/detail?a=hot100&year=2016&month=06&day=27
2016,hot100,2016-06-22,8,Mint,安室奈美恵,https://www.billboard-japan.com/charts/detail?a=hot100&year=2016&month=06&day=27
2016,hot100,2016-06-22,9,Monster,EXO,https://www.billboard-japan.com/charts/detail?a=hot100&year=2016&month=06&day=27
2016,hot100,2016-06-22,10,KSK,DAIGO,https://www.billboard-japan.com/charts/detail?a=hot100&year=2016&month=06&day=27
2016,hot100,2016-06-22,11,NEW,AAA,https://www.billboard-japan.com/charts/detail?a=hot100&year=2016&month=06&day=27
2016,hot100,2016-06-22,12,世界に一つだけの花,SMAP,https://www.billboard-japan.com/charts/detail?a=hot100&year=2016&month=06&day=27
2016,hot100,2016-06-22,13,好きよ 好きよ 好きよ,藤原さくら,https://www.billboard-japan.com/charts/detail?a=hot100&year=2016&month=06&day=27
2016,hot100,2016-06-22,14,HIGHER GROUND feat.Dimitri Vegas & Like Mike,EXILE TRIBE,https://www.billboard-japan.com/charts/detail?a=hot100&year=2016&month=06&day=27
2016,hot100,2016-06-22,15,オンリーワンダー,フレデリック,https://www.billboard-japan.com/charts/detail?a=hot100&year=2016&month=06&day=27
2016,hot100,2016-06-22,16,I seek,嵐,https://www.billboard-japan.com/charts/detail?a=hot100&year=2016&month=06&day=27
2016,hot100,2016-06-22,17,僕の名前を,back number,https://www.billboard-japan.com/charts/detail?a=hot100&year=2016&month=06&day=27
2016,hot100,2016-06-22,18,友よ〜この先もずっと…,ケツメイシ,https://www.billboard-japan.com/charts/detail?a=hot100&year=2016&month=06&day=27
2016,hot100,2016-06-22,19,大好き,大原櫻子,https://www.billboard-japan.com/charts/detail?a=hot100&year=2016&month=06&day=27
2016,hot100,2016-06-22,20,STRAWBERRY サディスティック,E-girls,https://www.billboard-japan.com/charts/detail?a=hot100&year=2016&month=06&day=27
2016,hot100,2016-06-22,21,500マイル,藤原さくら,https://www.billboard-japan.com/charts/detail?a=hot100&year=2016&month=06&day=27
2016,hot100,2016-06-22,22,Wherever you are,ONE OK ROCK,https://www.billboard-japan.com/charts/detail?a=hot100&year=2016&month=06&day=27
2016,hot100,2016-06-22,23,サママ・フェスティバル!,Mrs.GREEN APPLE,https://www.billboard-japan.com/charts/detail?a=hot100&year=2016&month=06&day=27
2016,hot100,2016-06-22,24,トライ・エヴリシング,Dream Ami,https://www.billboard-japan.com/charts/detail?a=hot100&year=2016&month=06&day=27
2016,hot100,2016-06-22,25,イントゥ・ユー,アリアナ・グランデ,https://www.billboard-japan.com/charts/detail?a=hot100&year=2016&month=06&day=27
2016,hot100,2016-06-22,26,魔法って言っていいかな?,平井堅,https://www.billboard-japan.com/charts/detail?a=hot100&year=2016&month=06&day=27
2016,hot100,2016-06-22,27,あなたの好きなところ,西野カナ,https://www.billboard-japan.com/charts/detail?a=hot100&year=2016&month=06&day=27
2016,hot100,2016-06-22,28,キャント・ストップ・ザ・フィーリング!,ジャスティン・ティンバーレイク,https://www.billboard-japan.com/charts/detail?a=hot100&year=2016&month=06&day=27
2016,hot100,2016-06-22,29,Beautiful World,V6,https://www.billboard-japan.com/charts/detail?a=hot100&year=2016&month=06&day=27
2016,hot100,2016-06-22,30,ステイ feat.マティー・ノイエス,カイゴ,https://www.billboard-japan.com/charts/detail?a=hot100&year=2016&month=06&day=27
2016,hot100,2016-06-22,31,Chuしたい,つりビット,https://www.billboard-japan.com/charts/detail?a=hot100&year=2016&month=06&day=27
2016,hot100,2016-06-22,32,THE DAY,ポルノグラフィティ,https://www.billboard-japan.com/charts/detail?a=hot100&year=2016&month=06&day=27
2016,hot100,2016-06-22,33,僕たちの未来,家入レオ,https://www.billboard-japan.com/charts/detail?a=hot100&year=2016&month=06&day=27
2016,hot100,2016-06-22,34,ナツコイ,井上苑子,https://www.billboard-japan.com/charts/detail?a=hot100&year=2016&month=06&day=27
2016,hot100,2016-06-22,35,RUN THIS TOWN,GENERATIONS from EXILE TRIBE,https://www.billboard-japan.com/charts/detail?a=hot100&year=2016&month=06&day=27
2016,hot100,2016-06-22,36,サイレントマジョリティー,欅坂46,https://www.billboard-japan.com/charts/detail?a=hot100&year=2016&month=06&day=27
2016,hot100,2016-06-22,37,FLASH,Perfume,https://www.billboard-japan.com/charts/detail?a=hot100&year=2016&month=06&day=27
2016,hot100,2016-06-22,38,花束を君に,宇多田ヒカル,https://www.billboard-japan.com/charts/detail?a=hot100&year=2016&month=06&day=27
2016,hot100,2016-06-22,39,一度だけの恋なら,ワルキューレ,https://www.billboard-japan.com/charts/detail?a=hot100&year=2016&month=06&day=27
2016,hot100,2016-06-22,40,進ませろ!,柿原徹也,https://www.billboard-japan.com/charts/detail?a=hot100&year=2016&month=06&day=27
2016,hot100,2016-06-22,41,大河の一滴,桑田佳祐,https://www.billboard-japan.com/charts/detail?a=hot100&year=2016&month=06&day=27
2016,hot100,2016-06-22,42,YES!I SCREAM,Kis-My-Ft2,https://www.billboard-japan.com/charts/detail?a=hot100&year=2016&month=06&day=27
2016,hot100,2016-06-22,43,トリセツ,西野カナ,https://www.billboard-japan.com/charts/detail?a=hot100&year=2016&month=06&day=27
2016,hot100,2016-06-22,44,糸,中島みゆき,https://www.billboard-japan.com/charts/detail?a=hot100&year=2016&month=06&day=27
2016,hot100,2016-06-22,45,拝啓、いつかの君へ,感覚ピエロ,https://www.billboard-japan.com/charts/detail?a=hot100&year=2016&month=06&day=27
2016,hot100,2016-06-22,46,FANTASTIC BABY,BIGBANG,https://www.billboard-japan.com/charts/detail?a=hot100&year=2016&month=06&day=27
2016,hot100,2016-06-22,47,R.Y.U.S.E.I.,三代目 J Soul Brothers from EXILE TRIBE,https://www.billboard-japan.com/charts/detail?a=hot100&year=2016&month=06&day=27
2016,hot100,2016-06-22,48,SUN,星野源,https://www.billboard-japan.com/charts/detail?a=hot100&year=2016&month=06&day=27
2016,hot100,2016-06-22,49,マディウォーター,斉藤和義,https://www.billboard-japan.com/charts/detail?a=hot100&year=2016&month=06&day=27
2016,hot100,2016-06-22,50,恋人同士,MACO,https://www.billboard-japan.com/charts/detail?a=hot100&year=2016&month=06&day=27
2016,hot100,2016-06-22,51,KABANERI OF THE IRON FORTRESS,EGOIST,https://www.billboard-japan.com/charts/detail?a=hot100&year=2016&month=06&day=27
2016,hot100,2016-06-22,52,星の中の君,Uru,https://www.billboard-japan.com/charts/detail?a=hot100&year=2016&month=06&day=27
2016,hot100,2016-06-22,53,ダーク・ネセシティーズ,レッド・ホット・チリ・ペッパーズ,https://www.billboard-japan.com/charts/detail?a=hot100&year=2016&month=06&day=27
2016,hot100,2016-06-22,54,Sweet! Sweet! Music!,いきものがかり,https://www.billboard-japan.com/charts/detail?a=hot100&year=2016&month=06&day=27
2016,hot100,2016-06-22,55,HEROES,Brian the Sun,https://www.billboard-japan.com/charts/detail?a=hot100&year=2016&month=06&day=27
2016,hot100,2016-06-22,56,Strawberry Trapper,Guilty Kiss,https://www.billboard-japan.com/charts/detail?a=hot100&year=2016&month=06&day=27
2016,hot100,2016-06-22,57,甘噛み姫,NMB48,https://www.billboard-japan.com/charts/detail?a=hot100&year=2016&month=06&day=27
2016,hot100,2016-06-22,58,ワーク・フロム・ホーム feat.タイ・ダラー・サイン,フィフス・ハーモニー,https://www.billboard-japan.com/charts/detail?a=hot100&year=2016&month=06&day=27
2016,hot100,2016-06-22,59,BANG BANG BANG,BIGBANG,https://www.billboard-japan.com/charts/detail?a=hot100&year=2016&month=06&day=27
2016,hot100,2016-06-22,60,PERFECT HUMAN,RADIO FISH,https://www.billboard-japan.com/charts/detail?a=hot100&year=2016&month=06&day=27
2016,hot100,2016-06-22,61,ひまわりの約束,秦基博,https://www.billboard-japan.com/charts/detail?a=hot100&year=2016&month=06&day=27
2016,hot100,2016-06-22,62,ハイデ,ムック,https://www.billboard-japan.com/charts/detail?a=hot100&year=2016&month=06&day=27
2016,hot100,2016-06-22,63,呪いのシャ・ナ・ナ・ナ,聖飢魔II,https://www.billboard-japan.com/charts/detail?a=hot100&year=2016&month=06&day=27
2016,hot100,2016-06-22,64,LAY YOUR HANDS ON ME,ブンブンサテライツ,https://www.billboard-japan.com/charts/detail?a=hot100&year=2016&month=06&day=27
2016,hot100,2016-06-22,65,トライ・エヴリシング,シャキーラ,https://www.billboard-japan.com/charts/detail?a=hot100&year=2016&month=06&day=27
2016,hot100,2016-06-22,66,涙,GENERATIONS from EXILE TRIBE,https://www.billboard-japan.com/charts/detail?a=hot100&year=2016&month=06&day=27
2016,hot100,2016-06-22,67,世界には愛しかない,欅坂46,https://www.billboard-japan.com/charts/detail?a=hot100&year=2016&month=06&day=27
2016,hot100,2016-06-22,68,Life is Beautiful,平井大,https://www.billboard-japan.com/charts/detail?a=hot100&year=2016&month=06&day=27
2016,hot100,2016-06-22,69,それでしあわせ,chay,https://www.billboard-japan.com/charts/detail?a=hot100&year=2016&month=06&day=27
2016,hot100,2016-06-22,70,シュガーソングとビターステップ,UNISON SQUARE GARDEN,https://www.billboard-japan.com/charts/detail?a=hot100&year=2016&month=06&day=27
2016,hot100,2016-06-22,71,アイ・リアリー・ライク・ユー,カーリー・レイ・ジェプセン,https://www.billboard-japan.com/charts/detail?a=hot100&year=2016&month=06&day=27
2016,hot100,2016-06-22,72,シュガー,マルーン5,https://www.billboard-japan.com/charts/detail?a=hot100&year=2016&month=06&day=27
2016,hot100,2016-06-22,73,モノクローム・ダンディー,AARON,https://www.billboard-japan.com/charts/detail?a=hot100&year=2016&month=06&day=27
2016,hot100,2016-06-22,74,ソーリー,ジャスティン・ビーバー,https://www.billboard-japan.com/charts/detail?a=hot100&year=2016&month=06&day=27
2016,hot100,2016-06-22,75,恋音と雨空,AAA,https://www.billboard-japan.com/charts/detail?a=hot100&year=2016&month=06&day=27
2016,hot100,2016-06-22,76,チキンLINE,SKE48,https://www.billboard-japan.com/charts/detail?a=hot100&year=2016&month=06&day=27
2016,hot100,2016-06-22,77,新宝島,サカナクション,https://www.billboard-japan.com/charts/detail?a=hot100&year=2016&month=06&day=27
2016,hot100,2016-06-22,78,海の声,浦島太郎(桐谷健太),https://www.billboard-japan.com/charts/detail?a=hot100&year=2016&month=06&day=27
2016,hot100,2016-06-22,79,完全感覚Dreamer,ONE OK ROCK,https://www.billboard-japan.com/charts/detail?a=hot100&year=2016&month=06&day=27
2016,hot100,2016-06-22,80,You & Me,西野カナ,https://www.billboard-japan.com/charts/detail?a=hot100&year=2016&month=06&day=27
2016,hot100,2016-06-22,81,STYX HELIX,MYTH & ROID,https://www.billboard-japan.com/charts/detail?a=hot100&year=2016&month=06&day=27
2016,hot100,2016-06-22,82,千本桜,WhiteFlame feat.初音ミク,https://www.billboard-japan.com/charts/detail?a=hot100&year=2016&month=06&day=27
2016,hot100,2016-06-22,83,ディス・イズ・ホワット・ユー・ケイム・フォー feat.リアーナ,カルヴィン・ハリス,https://www.billboard-japan.com/charts/detail?a=hot100&year=2016&month=06&day=27
2016,hot100,2016-06-22,84,グッド・タイム with アウル・シティー,カーリー・レイ・ジェプセン,https://www.billboard-japan.com/charts/detail?a=hot100&year=2016&month=06&day=27
2016,hot100,2016-06-22,85,シェイク・イット・オフ〜気にしてなんかいられないっ!!,テイラー・スウィフト,https://www.billboard-japan.com/charts/detail?a=hot100&year=2016&month=06&day=27
2016,hot100,2016-06-22,86,ホワット・ドゥ・ユー・ミーン?,ジャスティン・ビーバー,https://www.billboard-japan.com/charts/detail?a=hot100&year=2016&month=06&day=27
2016,hot100,2016-06-22,87,The Beginning,ONE OK ROCK,https://www.billboard-japan.com/charts/detail?a=hot100&year=2016&month=06&day=27
2016,hot100,2016-06-22,88,365日の紙飛行機,AKB48,https://www.billboard-japan.com/charts/detail?a=hot100&year=2016&month=06&day=27
2016,hot100,2016-06-22,89,Plus One,平井堅,https://www.billboard-japan.com/charts/detail?a=hot100&year=2016&month=06&day=27
2016,hot100,2016-06-22,90,やさしさで溢れるように,JUJU,https://www.billboard-japan.com/charts/detail?a=hot100&year=2016&month=06&day=27
2016,hot100,2016-06-22,91,さよならの前に,AAA,https://www.billboard-japan.com/charts/detail?a=hot100&year=2016&month=06&day=27
2016,hot100,2016-06-22,92,Do or Die,DOBERMAN INFINITY,https://www.billboard-japan.com/charts/detail?a=hot100&year=2016&month=06&day=27
2016,hot100,2016-06-22,93,コール・ミー・メイビー,カーリー・レイ・ジェプセン,https://www.billboard-japan.com/charts/detail?a=hot100&year=2016&month=06&day=27
2016,hot100,2016-06-22,94,Beautiful Day,戸渡陽太,https://www.billboard-japan.com/charts/detail?a=hot100&year=2016&month=06&day=27
2016,hot100,2016-06-22,95,SIN,ACE OF SPADES feat.登坂広臣,https://www.billboard-japan.com/charts/detail?a=hot100&year=2016&month=06&day=27
2016,hot100,2016-06-22,96,はなまるぴっぴはよいこだけ,A応P,https://www.billboard-japan.com/charts/detail?a=hot100&year=2016&month=06&day=27
2016,hot100,2016-06-22,97,奏(かなで),スキマスイッチ,https://www.billboard-japan.com/charts/detail?a=hot100&year=2016&month=06&day=27
2016,hot100,2016-06-22,98,エコー,ユニコーン,https://www.billboard-japan.com/charts/detail?a=hot100&year=2016&month=06&day=27
2016,hot100,2016-06-22,99,さらば涙,ケツメイシ,https://www.billboard-japan.com/charts/detail?a=hot100&year=2016&month=06&day=27
2016,hot100,2016-06-22,100,ヨシ子さん,桑田佳祐,https://www.billboard-japan.com/charts/detail?a=hot100&year=2016&month=06&day=27
2016,hot100,2016-06-29,1,ハイファイ☆デイズ,"佐々木千枝(今井麻夏),櫻井桃華(照井春佳),市原仁奈(久野美咲),龍崎薫(春瀬なつみ),赤城みりあ(黒沢ともよ)",https://www.billboard-japan.com/charts/detail?a=hot100&year=2016&month=07&day=04
2016,hot100,2016-06-29,2,Soup,藤原さくら,https://www.billboard-japan.com/charts/detail?a=hot100&year=2016&month=07&day=04
2016,hot100,2016-06-29,3,HIGH-VOLTAGE DANCER,DISH//,https://www.billboard-japan.com/charts/detail?a=hot100&year=2016&month=07&day=04
2016,hot100,2016-06-29,4,魔法って言っていいかな?,平井堅,https://www.billboard-japan.com/charts/detail?a=hot100&year=2016&month=07&day=04
2016,hot100,2016-06-29,5,やさしさで溢れるように,Flower,https://www.billboard-japan.com/charts/detail?a=hot100&year=2016&month=07&day=04
2016,hot100,2016-06-29,6,"Take a""5""Train",A.B.C-Z,https://www.billboard-japan.com/charts/detail?a=hot100&year=2016&month=07&day=04
2016,hot100,2016-06-29,7,Princess,miwa,https://www.billboard-japan.com/charts/detail?a=hot100&year=2016&month=07&day=04
2016,hot100,2016-06-29,8,未来,コブクロ,https://www.billboard-japan.com/charts/detail?a=hot100&year=2016&month=07&day=04
2016,hot100,2016-06-29,9,SILVER SKY,Re:vale,https://www.billboard-japan.com/charts/detail?a=hot100&year=2016&month=07&day=04
2016,hot100,2016-06-29,10,月,マオ from SID,https://www.billboard-japan.com/charts/detail?a=hot100&year=2016&month=07&day=04
2016,hot100,2016-06-29,11,LAY YOUR HANDS ON ME,ブンブンサテライツ,https://www.billboard-japan.com/charts/detail?a=hot100&year=2016&month=07&day=04
2016,hot100,2016-06-29,12,ヨシ子さん,桑田佳祐,https://www.billboard-japan.com/charts/detail?a=hot100&year=2016&month=07&day=04
2016,hot100,2016-06-29,13,Mint,安室奈美恵,https://www.billboard-japan.com/charts/detail?a=hot100&year=2016&month=07&day=04
2016,hot100,2016-06-29,14,道なき道、反骨の。,東京スカパラダイスオーケストラ feat.Ken Yokoyama,https://www.billboard-japan.com/charts/detail?a=hot100&year=2016&month=07&day=04
2016,hot100,2016-06-29,15,MUGEN ROAD,三代目 J Soul Brothers from EXILE TRIBE,https://www.billboard-japan.com/charts/detail?a=hot100&year=2016&month=07&day=04
2016,hot100,2016-06-29,16,E.G. summer RIDER,E-girls,https://www.billboard-japan.com/charts/detail?a=hot100&year=2016&month=07&day=04
2016,hot100,2016-06-29,17,産まれた理由,高橋優,https://www.billboard-japan.com/charts/detail?a=hot100&year=2016&month=07&day=04
2016,hot100,2016-06-29,18,NEW,AAA,https://www.billboard-japan.com/charts/detail?a=hot100&year=2016&month=07&day=04
2016,hot100,2016-06-29,19,Limit,LUNA SEA,https://www.billboard-japan.com/charts/detail?a=hot100&year=2016&month=07&day=04
2016,hot100,2016-06-29,20,Monster,EXO,https://www.billboard-japan.com/charts/detail?a=hot100&year=2016&month=07&day=04
2016,hot100,2016-06-29,21,ナツコイ,井上苑子,https://www.billboard-japan.com/charts/detail?a=hot100&year=2016&month=07&day=04
2016,hot100,2016-06-29,22,ステイ feat.マティー・ノイエス,カイゴ,https://www.billboard-japan.com/charts/detail?a=hot100&year=2016&month=07&day=04
2016,hot100,2016-06-29,23,友よ〜この先もずっと…,ケツメイシ,https://www.billboard-japan.com/charts/detail?a=hot100&year=2016&month=07&day=04
2016,hot100,2016-06-29,24,大好き,大原櫻子,https://www.billboard-japan.com/charts/detail?a=hot100&year=2016&month=07&day=04
2016,hot100,2016-06-29,25,僕の名前を,back number,https://www.billboard-japan.com/charts/detail?a=hot100&year=2016&month=07&day=04
2016,hot100,2016-06-29,26,STRAWBERRY サディスティック,E-girls,https://www.billboard-japan.com/charts/detail?a=hot100&year=2016&month=07&day=04
2016,hot100,2016-06-29,27,Reunited,SHINJIRO ATAE(from AAA),https://www.billboard-japan.com/charts/detail?a=hot100&year=2016&month=07&day=04
2016,hot100,2016-06-29,28,ワタリドリ,[Alexandros],https://www.billboard-japan.com/charts/detail?a=hot100&year=2016&month=07&day=04
2016,hot100,2016-06-29,29,I seek,嵐,https://www.billboard-japan.com/charts/detail?a=hot100&year=2016&month=07&day=04
2016,hot100,2016-06-29,30,トライ・エヴリシング,Dream Ami,https://www.billboard-japan.com/charts/detail?a=hot100&year=2016&month=07&day=04
2016,hot100,2016-06-29,31,待っとうよ!,HR,https://www.billboard-japan.com/charts/detail?a=hot100&year=2016&month=07&day=04
2016,hot100,2016-06-29,32,三羽烏漢唄,"オイゲン(藤原啓治),ソリッズ(小山力也),ジン(安元洋貴)",https://www.billboard-japan.com/charts/detail?a=hot100&year=2016&month=07&day=04
2016,hot100,2016-06-29,33,翼はいらない,AKB48,https://www.billboard-japan.com/charts/detail?a=hot100&year=2016&month=07&day=04
2016,hot100,2016-06-29,34,涙,GENERATIONS from EXILE TRIBE,https://www.billboard-japan.com/charts/detail?a=hot100&year=2016&month=07&day=04
2016,hot100,2016-06-29,35,僕たちの未来,家入レオ,https://www.billboard-japan.com/charts/detail?a=hot100&year=2016&month=07&day=04
2016,hot100,2016-06-29,36,世界に一つだけの花,SMAP,https://www.billboard-japan.com/charts/detail?a=hot100&year=2016&month=07&day=04
2016,hot100,2016-06-29,37,Wherever you are,ONE OK ROCK,https://www.billboard-japan.com/charts/detail?a=hot100&year=2016&month=07&day=04
2016,hot100,2016-06-29,38,イントゥ・ユー,アリアナ・グランデ,https://www.billboard-japan.com/charts/detail?a=hot100&year=2016&month=07&day=04
2016,hot100,2016-06-29,39,あなたの好きなところ,西野カナ,https://www.billboard-japan.com/charts/detail?a=hot100&year=2016&month=07&day=04
2016,hot100,2016-06-29,40,L.U.V,BTOB,https://www.billboard-japan.com/charts/detail?a=hot100&year=2016&month=07&day=04
2016,hot100,2016-06-29,41,YES!I SCREAM,Kis-My-Ft2,https://www.billboard-japan.com/charts/detail?a=hot100&year=2016&month=07&day=04
2016,hot100,2016-06-29,42,MINT,Suchmos,https://www.billboard-japan.com/charts/detail?a=hot100&year=2016&month=07&day=04
2016,hot100,2016-06-29,43,キャント・ストップ・ザ・フィーリング!,ジャスティン・ティンバーレイク,https://www.billboard-japan.com/charts/detail?a=hot100&year=2016&month=07&day=04
2016,hot100,2016-06-29,44,HIGHER GROUND feat.Dimitri Vegas & Like Mike,EXILE TRIBE,https://www.billboard-japan.com/charts/detail?a=hot100&year=2016&month=07&day=04
2016,hot100,2016-06-29,45,feel a heartbeat,有安杏果,https://www.billboard-japan.com/charts/detail?a=hot100&year=2016&month=07&day=04
2016,hot100,2016-06-29,46,サイレントマジョリティー,欅坂46,https://www.billboard-japan.com/charts/detail?a=hot100&year=2016&month=07&day=04
2016,hot100,2016-06-29,47,ダーク・ネセシティーズ,レッド・ホット・チリ・ペッパーズ,https://www.billboard-japan.com/charts/detail?a=hot100&year=2016&month=07&day=04
2016,hot100,2016-06-29,48,花束を君に,宇多田ヒカル,https://www.billboard-japan.com/charts/detail?a=hot100&year=2016&month=07&day=04
2016,hot100,2016-06-29,49,ヨゾラのシズク,"アリーザ(高森奈津美),ジェシカ(瀬戸麻沙美)",https://www.billboard-japan.com/charts/detail?a=hot100&year=2016&month=07&day=04
2016,hot100,2016-06-29,50,拝啓、いつかの君へ,感覚ピエロ,https://www.billboard-japan.com/charts/detail?a=hot100&year=2016&month=07&day=04
2016,hot100,2016-06-29,51,THE DAY,ポルノグラフィティ,https://www.billboard-japan.com/charts/detail?a=hot100&year=2016&month=07&day=04
2016,hot100,2016-06-29,52,最後の将軍 feat.森の石松さん,レキシ,https://www.billboard-japan.com/charts/detail?a=hot100&year=2016&month=07&day=04
2016,hot100,2016-06-29,53,好きよ 好きよ 好きよ,藤原さくら,https://www.billboard-japan.com/charts/detail?a=hot100&year=2016&month=07&day=04
2016,hot100,2016-06-29,54,Yell,AAA,https://www.billboard-japan.com/charts/detail?a=hot100&year=2016&month=07&day=04
2016,hot100,2016-06-29,55,シャンランラン,miwa,https://www.billboard-japan.com/charts/detail?a=hot100&year=2016&month=07&day=04
2016,hot100,2016-06-29,56,KSK,DAIGO,https://www.billboard-japan.com/charts/detail?a=hot100&year=2016&month=07&day=04
2016,hot100,2016-06-29,57,一度だけの恋なら,ワルキューレ,https://www.billboard-japan.com/charts/detail?a=hot100&year=2016&month=07&day=04
2016,hot100,2016-06-29,58,FLASH,Perfume,https://www.billboard-japan.com/charts/detail?a=hot100&year=2016&month=07&day=04
2016,hot100,2016-06-29,59,海の声,浦島太郎(桐谷健太),https://www.billboard-japan.com/charts/detail?a=hot100&year=2016&month=07&day=04
2016,hot100,2016-06-29,60,Valkyrie-戦乙女-,和楽器バンド,https://www.billboard-japan.com/charts/detail?a=hot100&year=2016&month=07&day=04
2016,hot100,2016-06-29,61,オンリーワンダー,フレデリック,https://www.billboard-japan.com/charts/detail?a=hot100&year=2016&month=07&day=04
2016,hot100,2016-06-29,62,トリセツ,西野カナ,https://www.billboard-japan.com/charts/detail?a=hot100&year=2016&month=07&day=04
2016,hot100,2016-06-29,63,Selfish,前田敦子,https://www.billboard-japan.com/charts/detail?a=hot100&year=2016&month=07&day=04
2016,hot100,2016-06-29,64,HEROES,Brian the Sun,https://www.billboard-japan.com/charts/detail?a=hot100&year=2016&month=07&day=04
2016,hot100,2016-06-29,65,Age of Future,G=AGE,https://www.billboard-japan.com/charts/detail?a=hot100&year=2016&month=07&day=04
2016,hot100,2016-06-29,66,my town,YEN TOWN BAND feat.Kj(Dragon Ash),https://www.billboard-japan.com/charts/detail?a=hot100&year=2016&month=07&day=04
2016,hot100,2016-06-29,67,ワーク・フロム・ホーム feat.タイ・ダラー・サイン,フィフス・ハーモニー,https://www.billboard-japan.com/charts/detail?a=hot100&year=2016&month=07&day=04
2016,hot100,2016-06-29,68,R.Y.U.S.E.I.,三代目 J Soul Brothers from EXILE TRIBE,https://www.billboard-japan.com/charts/detail?a=hot100&year=2016&month=07&day=04
2016,hot100,2016-06-29,69,BANG BANG BANG,BIGBANG,https://www.billboard-japan.com/charts/detail?a=hot100&year=2016&month=07&day=04
2016,hot100,2016-06-29,70,TOO YOUNG TO DIE!,地獄図(ヘルズ),https://www.billboard-japan.com/charts/detail?a=hot100&year=2016&month=07&day=04
2016,hot100,2016-06-29,71,ソーリー,ジャスティン・ビーバー,https://www.billboard-japan.com/charts/detail?a=hot100&year=2016&month=07&day=04
2016,hot100,2016-06-29,72,シャキシャキして!!,Gacharic Spin,https://www.billboard-japan.com/charts/detail?a=hot100&year=2016&month=07&day=04
2016,hot100,2016-06-29,73,"Don't Think,Feel",Awesome City Club,https://www.billboard-japan.com/charts/detail?a=hot100&year=2016&month=07&day=04
2016,hot100,2016-06-29,74,ツチノコ,水曜日のカンパネラ,https://www.billboard-japan.com/charts/detail?a=hot100&year=2016&month=07&day=04
2016,hot100,2016-06-29,75,サママ・フェスティバル!,Mrs.GREEN APPLE,https://www.billboard-japan.com/charts/detail?a=hot100&year=2016&month=07&day=04
2016,hot100,2016-06-29,76,YEAH!! YEAH!! YEAH!!,EXILE THE SECOND,https://www.billboard-japan.com/charts/detail?a=hot100&year=2016&month=07&day=04
2016,hot100,2016-06-29,77,コール・ミー・メイビー,カーリー・レイ・ジェプセン,https://www.billboard-japan.com/charts/detail?a=hot100&year=2016&month=07&day=04
2016,hot100,2016-06-29,78,アイ・リアリー・ライク・ユー,カーリー・レイ・ジェプセン,https://www.billboard-japan.com/charts/detail?a=hot100&year=2016&month=07&day=04
2016,hot100,2016-06-29,79,キセキ,GReeeeN,https://www.billboard-japan.com/charts/detail?a=hot100&year=2016&month=07&day=04
2016,hot100,2016-06-29,80,KABANERI OF THE IRON FORTRESS,EGOIST,https://www.billboard-japan.com/charts/detail?a=hot100&year=2016&month=07&day=04
2016,hot100,2016-06-29,81,チキンLINE,SKE48,https://www.billboard-japan.com/charts/detail?a=hot100&year=2016&month=07&day=04
2016,hot100,2016-06-29,82,PERFECT HUMAN,RADIO FISH,https://www.billboard-japan.com/charts/detail?a=hot100&year=2016&month=07&day=04
2016,hot100,2016-06-29,83,FANTASTIC BABY,BIGBANG,https://www.billboard-japan.com/charts/detail?a=hot100&year=2016&month=07&day=04
2016,hot100,2016-06-29,84,Miss.Revolutionist,竹達彩奈,https://www.billboard-japan.com/charts/detail?a=hot100&year=2016&month=07&day=04
2016,hot100,2016-06-29,85,Life is Beautiful,平井大,https://www.billboard-japan.com/charts/detail?a=hot100&year=2016&month=07&day=04
2016,hot100,2016-06-29,86,365日の紙飛行機,AKB48,https://www.billboard-japan.com/charts/detail?a=hot100&year=2016&month=07&day=04
2016,hot100,2016-06-29,87,74億分の1の君へ,HKT48,https://www.billboard-japan.com/charts/detail?a=hot100&year=2016&month=07&day=04
2016,hot100,2016-06-29,88,ニュームーンに恋して,ももいろクローバーZ,https://www.billboard-japan.com/charts/detail?a=hot100&year=2016&month=07&day=04
2016,hot100,2016-06-29,89,完全感覚Dreamer,ONE OK ROCK,https://www.billboard-japan.com/charts/detail?a=hot100&year=2016&month=07&day=04
2016,hot100,2016-06-29,90,SUN,星野源,https://www.billboard-japan.com/charts/detail?a=hot100&year=2016&month=07&day=04
2016,hot100,2016-06-29,91,The Beginning,ONE OK ROCK,https://www.billboard-japan.com/charts/detail?a=hot100&year=2016&month=07&day=04
2016,hot100,2016-06-29,92,糸,中島みゆき,https://www.billboard-japan.com/charts/detail?a=hot100&year=2016&month=07&day=04
2016,hot100,2016-06-29,93,500マイル,藤原さくら,https://www.billboard-japan.com/charts/detail?a=hot100&year=2016&month=07&day=04
2016,hot100,2016-06-29,94,ディス・イズ・ホワット・ユー・ケイム・フォー feat.リアーナ,カルヴィン・ハリス,https://www.billboard-japan.com/charts/detail?a=hot100&year=2016&month=07&day=04
2016,hot100,2016-06-29,95,千本桜,WhiteFlame feat.初音ミク,https://www.billboard-japan.com/charts/detail?a=hot100&year=2016&month=07&day=04
2016,hot100,2016-06-29,96,ひまわりの約束,秦基博,https://www.billboard-japan.com/charts/detail?a=hot100&year=2016&month=07&day=04
2016,hot100,2016-06-29,97,恋音と雨空,AAA,https://www.billboard-japan.com/charts/detail?a=hot100&year=2016&month=07&day=04
2016,hot100,2016-06-29,98,ジャスト・ライク・ファイア,ピンク,https://www.billboard-japan.com/charts/detail?a=hot100&year=2016&month=07&day=04
2016,hot100,2016-06-29,99,シュガーソングとビターステップ,UNISON SQUARE GARDEN,https://www.billboard-japan.com/charts/detail?a=hot100&year=2016&month=07&day=04
2016,hot100,2016-06-29,100,ホワット・ドゥ・ユー・ミーン?,ジャスティン・ビーバー,https://www.billboard-japan.com/charts/detail?a=hot100&year=2016&month=07&day=04
2016,hot100,2016-07-06,1,涙,GENERATIONS from EXILE TRIBE,https://www.billboard-japan.com/charts/detail?a=hot100&year=2016&month=07&day=11
2016,hot100,2016-07-06,2,ヨシ子さん,桑田佳祐,https://www.billboard-japan.com/charts/detail?a=hot100&year=2016&month=07&day=11
2016,hot100,2016-07-06,3,花風,VIXX,https://www.billboard-japan.com/charts/detail?a=hot100&year=2016&month=07&day=11
2016,hot100,2016-07-06,4,Soup,藤原さくら,https://www.billboard-japan.com/charts/detail?a=hot100&year=2016&month=07&day=11
2016,hot100,2016-07-06,5,魔法って言っていいかな?,平井堅,https://www.billboard-japan.com/charts/detail?a=hot100&year=2016&month=07&day=11
2016,hot100,2016-07-06,6,Into the Sky,SawanoHiroyuki[nZk]:Tielle,https://www.billboard-japan.com/charts/detail?a=hot100&year=2016&month=07&day=11
2016,hot100,2016-07-06,7,spank!!,lol,https://www.billboard-japan.com/charts/detail?a=hot100&year=2016&month=07&day=11
2016,hot100,2016-07-06,8,やさしさで溢れるように,Flower,https://www.billboard-japan.com/charts/detail?a=hot100&year=2016&month=07&day=11
2016,hot100,2016-07-06,9,ナツコイ,井上苑子,https://www.billboard-japan.com/charts/detail?a=hot100&year=2016&month=07&day=11
2016,hot100,2016-07-06,10,未来,コブクロ,https://www.billboard-japan.com/charts/detail?a=hot100&year=2016&month=07&day=11
2016,hot100,2016-07-06,11,大河の一滴,桑田佳祐,https://www.billboard-japan.com/charts/detail?a=hot100&year=2016&month=07&day=11
2016,hot100,2016-07-06,12,だいじょうぶ,BLUE ENCOUNT,https://www.billboard-japan.com/charts/detail?a=hot100&year=2016&month=07&day=11
2016,hot100,2016-07-06,13,MUGEN ROAD,三代目 J Soul Brothers from EXILE TRIBE,https://www.billboard-japan.com/charts/detail?a=hot100&year=2016&month=07&day=11
2016,hot100,2016-07-06,14,Mint,安室奈美恵,https://www.billboard-japan.com/charts/detail?a=hot100&year=2016&month=07&day=11
2016,hot100,2016-07-06,15,YES!I SCREAM,Kis-My-Ft2,https://www.billboard-japan.com/charts/detail?a=hot100&year=2016&month=07&day=11
2016,hot100,2016-07-06,16,NEW,AAA,https://www.billboard-japan.com/charts/detail?a=hot100&year=2016&month=07&day=11
2016,hot100,2016-07-06,17,ハイファイ☆デイズ,"佐々木千枝(今井麻夏),櫻井桃華(照井春佳),市原仁奈(久野美咲),龍崎薫(春瀬なつみ),赤城みりあ(黒沢ともよ)",https://www.billboard-japan.com/charts/detail?a=hot100&year=2016&month=07&day=11
2016,hot100,2016-07-06,18,僕はいない,NMB48,https://www.billboard-japan.com/charts/detail?a=hot100&year=2016&month=07&day=11
2016,hot100,2016-07-06,19,I seek,嵐,https://www.billboard-japan.com/charts/detail?a=hot100&year=2016&month=07&day=11
2016,hot100,2016-07-06,20,ジャスト・ライク・ファイア,ピンク,https://www.billboard-japan.com/charts/detail?a=hot100&year=2016&month=07&day=11
2016,hot100,2016-07-06,21,ステイ feat.マティー・ノイエス,カイゴ,https://www.billboard-japan.com/charts/detail?a=hot100&year=2016&month=07&day=11
2016,hot100,2016-07-06,22,大好き,大原櫻子,https://www.billboard-japan.com/charts/detail?a=hot100&year=2016&month=07&day=11
2016,hot100,2016-07-06,23,ワタリドリ,[Alexandros],https://www.billboard-japan.com/charts/detail?a=hot100&year=2016&month=07&day=11
2016,hot100,2016-07-06,24,MINT,Suchmos,https://www.billboard-japan.com/charts/detail?a=hot100&year=2016&month=07&day=11
2016,hot100,2016-07-06,25,チキンLINE,SKE48,https://www.billboard-japan.com/charts/detail?a=hot100&year=2016&month=07&day=11
2016,hot100,2016-07-06,26,シュガーソングとビターステップ,UNISON SQUARE GARDEN,https://www.billboard-japan.com/charts/detail?a=hot100&year=2016&month=07&day=11
2016,hot100,2016-07-06,27,E.G. summer RIDER,E-girls,https://www.billboard-japan.com/charts/detail?a=hot100&year=2016&month=07&day=11
2016,hot100,2016-07-06,28,あなたの好きなところ,西野カナ,https://www.billboard-japan.com/charts/detail?a=hot100&year=2016&month=07&day=11
2016,hot100,2016-07-06,29,Monster,EXO,https://www.billboard-japan.com/charts/detail?a=hot100&year=2016&month=07&day=11
2016,hot100,2016-07-06,30,Princess,miwa,https://www.billboard-japan.com/charts/detail?a=hot100&year=2016&month=07&day=11
2016,hot100,2016-07-06,31,友よ〜この先もずっと…,ケツメイシ,https://www.billboard-japan.com/charts/detail?a=hot100&year=2016&month=07&day=11
2016,hot100,2016-07-06,32,Wherever you are,ONE OK ROCK,https://www.billboard-japan.com/charts/detail?a=hot100&year=2016&month=07&day=11
2016,hot100,2016-07-06,33,青春マーメイド,放課後プリンセス,https://www.billboard-japan.com/charts/detail?a=hot100&year=2016&month=07&day=11
2016,hot100,2016-07-06,34,STRAWBERRY サディスティック,E-girls,https://www.billboard-japan.com/charts/detail?a=hot100&year=2016&month=07&day=11
2016,hot100,2016-07-06,35,裸足でSummer,乃木坂46,https://www.billboard-japan.com/charts/detail?a=hot100&year=2016&month=07&day=11
2016,hot100,2016-07-06,36,恋を知らない君へ,NEWS,https://www.billboard-japan.com/charts/detail?a=hot100&year=2016&month=07&day=11
2016,hot100,2016-07-06,37,365日の紙飛行機,AKB48,https://www.billboard-japan.com/charts/detail?a=hot100&year=2016&month=07&day=11
2016,hot100,2016-07-06,38,僕の名前を,back number,https://www.billboard-japan.com/charts/detail?a=hot100&year=2016&month=07&day=11
2016,hot100,2016-07-06,39,世界に一つだけの花,SMAP,https://www.billboard-japan.com/charts/detail?a=hot100&year=2016&month=07&day=11
2016,hot100,2016-07-06,40,LAY YOUR HANDS ON ME,ブンブンサテライツ,https://www.billboard-japan.com/charts/detail?a=hot100&year=2016&month=07&day=11
2016,hot100,2016-07-06,41,サイレントマジョリティー,欅坂46,https://www.billboard-japan.com/charts/detail?a=hot100&year=2016&month=07&day=11
2016,hot100,2016-07-06,42,トリセツ,西野カナ,https://www.billboard-japan.com/charts/detail?a=hot100&year=2016&month=07&day=11
2016,hot100,2016-07-06,43,THE DAY,ポルノグラフィティ,https://www.billboard-japan.com/charts/detail?a=hot100&year=2016&month=07&day=11
2016,hot100,2016-07-06,44,あたしはあたしのままで,新山詩織,https://www.billboard-japan.com/charts/detail?a=hot100&year=2016&month=07&day=11
2016,hot100,2016-07-06,45,トライ・エヴリシング,Dream Ami,https://www.billboard-japan.com/charts/detail?a=hot100&year=2016&month=07&day=11
2016,hot100,2016-07-06,46,僕たちの未来,家入レオ,https://www.billboard-japan.com/charts/detail?a=hot100&year=2016&month=07&day=11
2016,hot100,2016-07-06,47,イントゥ・ユー,アリアナ・グランデ,https://www.billboard-japan.com/charts/detail?a=hot100&year=2016&month=07&day=11
2016,hot100,2016-07-06,48,一度だけの恋なら,ワルキューレ,https://www.billboard-japan.com/charts/detail?a=hot100&year=2016&month=07&day=11
2016,hot100,2016-07-06,49,R.Y.U.S.E.I.,三代目 J Soul Brothers from EXILE TRIBE,https://www.billboard-japan.com/charts/detail?a=hot100&year=2016&month=07&day=11
2016,hot100,2016-07-06,50,キャント・ストップ・ザ・フィーリング!,ジャスティン・ティンバーレイク,https://www.billboard-japan.com/charts/detail?a=hot100&year=2016&month=07&day=11
2016,hot100,2016-07-06,51,Next 2 U -eUC-,SawanoHiroyuki[nZk]:naNami,https://www.billboard-japan.com/charts/detail?a=hot100&year=2016&month=07&day=11
2016,hot100,2016-07-06,52,百万本の赤い薔薇,桑田佳祐,https://www.billboard-japan.com/charts/detail?a=hot100&year=2016&month=07&day=11
2016,hot100,2016-07-06,53,世界へはばたけ!,イケてるハーツ,https://www.billboard-japan.com/charts/detail?a=hot100&year=2016&month=07&day=11
2016,hot100,2016-07-06,54,道なき道、反骨の。,東京スカパラダイスオーケストラ feat.Ken Yokoyama,https://www.billboard-japan.com/charts/detail?a=hot100&year=2016&month=07&day=11
2016,hot100,2016-07-06,55,FLASH,Perfume,https://www.billboard-japan.com/charts/detail?a=hot100&year=2016&month=07&day=11
2016,hot100,2016-07-06,56,花束を君に,宇多田ヒカル,https://www.billboard-japan.com/charts/detail?a=hot100&year=2016&month=07&day=11
2016,hot100,2016-07-06,57,海の声,浦島太郎(桐谷健太),https://www.billboard-japan.com/charts/detail?a=hot100&year=2016&month=07&day=11
2016,hot100,2016-07-06,58,ダーク・ネセシティーズ,レッド・ホット・チリ・ペッパーズ,https://www.billboard-japan.com/charts/detail?a=hot100&year=2016&month=07&day=11
2016,hot100,2016-07-06,59,オンリーワンダー,フレデリック,https://www.billboard-japan.com/charts/detail?a=hot100&year=2016&month=07&day=11
2016,hot100,2016-07-06,60,罪と夏,関ジャニ∞[エイト],https://www.billboard-japan.com/charts/detail?a=hot100&year=2016&month=07&day=11
2016,hot100,2016-07-06,61,サイン,大原櫻子,https://www.billboard-japan.com/charts/detail?a=hot100&year=2016&month=07&day=11
2016,hot100,2016-07-06,62,SUN,星野源,https://www.billboard-japan.com/charts/detail?a=hot100&year=2016&month=07&day=11
2016,hot100,2016-07-06,63,PERFECT HUMAN,RADIO FISH,https://www.billboard-japan.com/charts/detail?a=hot100&year=2016&month=07&day=11
2016,hot100,2016-07-06,64,BANG BANG BANG,BIGBANG,https://www.billboard-japan.com/charts/detail?a=hot100&year=2016&month=07&day=11
2016,hot100,2016-07-06,65,コール・ミー・メイビー,カーリー・レイ・ジェプセン,https://www.billboard-japan.com/charts/detail?a=hot100&year=2016&month=07&day=11
2016,hot100,2016-07-06,66,アイ・リアリー・ライク・ユー,カーリー・レイ・ジェプセン,https://www.billboard-japan.com/charts/detail?a=hot100&year=2016&month=07&day=11
2016,hot100,2016-07-06,67,ひまわりの約束,秦基博,https://www.billboard-japan.com/charts/detail?a=hot100&year=2016&month=07&day=11
2016,hot100,2016-07-06,68,HIGHER GROUND feat.Dimitri Vegas & Like Mike,EXILE TRIBE,https://www.billboard-japan.com/charts/detail?a=hot100&year=2016&month=07&day=11
2016,hot100,2016-07-06,69,翼はいらない,AKB48,https://www.billboard-japan.com/charts/detail?a=hot100&year=2016&month=07&day=11
2016,hot100,2016-07-06,70,ワーク・フロム・ホーム feat.タイ・ダラー・サイン,フィフス・ハーモニー,https://www.billboard-japan.com/charts/detail?a=hot100&year=2016&month=07&day=11
2016,hot100,2016-07-06,71,愛のプレリュード,桑田佳祐,https://www.billboard-japan.com/charts/detail?a=hot100&year=2016&month=07&day=11
2016,hot100,2016-07-06,72,真剣SUNSHINE,Hey!Say!JUMP,https://www.billboard-japan.com/charts/detail?a=hot100&year=2016&month=07&day=11
2016,hot100,2016-07-06,73,キセキ,GReeeeN,https://www.billboard-japan.com/charts/detail?a=hot100&year=2016&month=07&day=11
2016,hot100,2016-07-06,74,YEAH!! YEAH!! YEAH!!,EXILE THE SECOND,https://www.billboard-japan.com/charts/detail?a=hot100&year=2016&month=07&day=11
2016,hot100,2016-07-06,75,ディス・イズ・ホワット・ユー・ケイム・フォー feat.リアーナ,カルヴィン・ハリス,https://www.billboard-japan.com/charts/detail?a=hot100&year=2016&month=07&day=11
2016,hot100,2016-07-06,76,LOVE TRIP,AKB48,https://www.billboard-japan.com/charts/detail?a=hot100&year=2016&month=07&day=11
2016,hot100,2016-07-06,77,FANTASTIC BABY,BIGBANG,https://www.billboard-japan.com/charts/detail?a=hot100&year=2016&month=07&day=11
2016,hot100,2016-07-06,78,最後の将軍 feat.森の石松さん,レキシ,https://www.billboard-japan.com/charts/detail?a=hot100&year=2016&month=07&day=11
2016,hot100,2016-07-06,79,好きよ 好きよ 好きよ,藤原さくら,https://www.billboard-japan.com/charts/detail?a=hot100&year=2016&month=07&day=11
2016,hot100,2016-07-06,80,トーク・トゥ・ミー,キャンディス・スプリングス,https://www.billboard-japan.com/charts/detail?a=hot100&year=2016&month=07&day=11
2016,hot100,2016-07-06,81,HEROES,Brian the Sun,https://www.billboard-japan.com/charts/detail?a=hot100&year=2016&month=07&day=11
2016,hot100,2016-07-06,82,KABANERI OF THE IRON FORTRESS,EGOIST,https://www.billboard-japan.com/charts/detail?a=hot100&year=2016&month=07&day=11
2016,hot100,2016-07-06,83,KSK,DAIGO,https://www.billboard-japan.com/charts/detail?a=hot100&year=2016&month=07&day=11
2016,hot100,2016-07-06,84,ソーリー,ジャスティン・ビーバー,https://www.billboard-japan.com/charts/detail?a=hot100&year=2016&month=07&day=11
2016,hot100,2016-07-06,85,恋のはじまり,TEE,https://www.billboard-japan.com/charts/detail?a=hot100&year=2016&month=07&day=11
2016,hot100,2016-07-06,86,Life is Beautiful,平井大,https://www.billboard-japan.com/charts/detail?a=hot100&year=2016&month=07&day=11
2016,hot100,2016-07-06,87,SILVER SKY,Re:vale,https://www.billboard-japan.com/charts/detail?a=hot100&year=2016&month=07&day=11
2016,hot100,2016-07-06,88,UNLOCK,KAT-TUN,https://www.billboard-japan.com/charts/detail?a=hot100&year=2016&month=07&day=11
2016,hot100,2016-07-06,89,完全感覚Dreamer,ONE OK ROCK,https://www.billboard-japan.com/charts/detail?a=hot100&year=2016&month=07&day=11
2016,hot100,2016-07-06,90,千本桜,WhiteFlame feat.初音ミク,https://www.billboard-japan.com/charts/detail?a=hot100&year=2016&month=07&day=11
2016,hot100,2016-07-06,91,The Beginning,ONE OK ROCK,https://www.billboard-japan.com/charts/detail?a=hot100&year=2016&month=07&day=11
2016,hot100,2016-07-06,92,パラレル・ワールド,ヒルクライム,https://www.billboard-japan.com/charts/detail?a=hot100&year=2016&month=07&day=11
2016,hot100,2016-07-06,93,ホワット・ドゥ・ユー・ミーン?,ジャスティン・ビーバー,https://www.billboard-japan.com/charts/detail?a=hot100&year=2016&month=07&day=11
2016,hot100,2016-07-06,94,Have a nice day,西野カナ,https://www.billboard-japan.com/charts/detail?a=hot100&year=2016&month=07&day=11
2016,hot100,2016-07-06,95,Limit,LUNA SEA,https://www.billboard-japan.com/charts/detail?a=hot100&year=2016&month=07&day=11
2016,hot100,2016-07-06,96,恋音と雨空,AAA,https://www.billboard-japan.com/charts/detail?a=hot100&year=2016&month=07&day=11
2016,hot100,2016-07-06,97,灯台,黒木渚,https://www.billboard-japan.com/charts/detail?a=hot100&year=2016&month=07&day=11
2016,hot100,2016-07-06,98,奏(かなで),スキマスイッチ,https://www.billboard-japan.com/charts/detail?a=hot100&year=2016&month=07&day=11
2016,hot100,2016-07-06,99,"Don't Think,Feel",Awesome City Club,https://www.billboard-japan.com/charts/detail?a=hot100&year=2016&month=07&day=11
2016,hot100,2016-07-06,100,糸,中島みゆき,https://www.billboard-japan.com/charts/detail?a=hot100&year=2016&month=07&day=11
2016,hot100,2016-07-13,1,罪と夏,関ジャニ∞[エイト],https://www.billboard-japan.com/charts/detail?a=hot100&year=2016&month=07&day=18
2016,hot100,2016-07-13,2,Overflows〜言葉にできなくて〜,ナオト・インティライミ,https://www.billboard-japan.com/charts/detail?a=hot100&year=2016&month=07&day=18
2016,hot100,2016-07-13,3,NATSU☆しようぜ!,IDOLiSH7,https://www.billboard-japan.com/charts/detail?a=hot100&year=2016&month=07&day=18
2016,hot100,2016-07-13,4,Beautiful Gorgeous Love,EXILE ATSUSHI,https://www.billboard-japan.com/charts/detail?a=hot100&year=2016&month=07&day=18
2016,hot100,2016-07-13,5,ヨシ子さん,桑田佳祐,https://www.billboard-japan.com/charts/detail?a=hot100&year=2016&month=07&day=18
2016,hot100,2016-07-13,6,MINT,Suchmos,https://www.billboard-japan.com/charts/detail?a=hot100&year=2016&month=07&day=18
2016,hot100,2016-07-13,7,キミの詩,刀剣男士team三条 with 加州清光,https://www.billboard-japan.com/charts/detail?a=hot100&year=2016&month=07&day=18
2016,hot100,2016-07-13,8,世界に一つだけの花,SMAP,https://www.billboard-japan.com/charts/detail?a=hot100&year=2016&month=07&day=18
2016,hot100,2016-07-13,9,Soup,藤原さくら,https://www.billboard-japan.com/charts/detail?a=hot100&year=2016&month=07&day=18
2016,hot100,2016-07-13,10,魔法って言っていいかな?,平井堅,https://www.billboard-japan.com/charts/detail?a=hot100&year=2016&month=07&day=18
2016,hot100,2016-07-13,11,Yell,AAA,https://www.billboard-japan.com/charts/detail?a=hot100&year=2016&month=07&day=18
2016,hot100,2016-07-13,12,シュガーソングとビターステップ,UNISON SQUARE GARDEN,https://www.billboard-japan.com/charts/detail?a=hot100&year=2016&month=07&day=18
2016,hot100,2016-07-13,13,涙,GENERATIONS from EXILE TRIBE,https://www.billboard-japan.com/charts/detail?a=hot100&year=2016&month=07&day=18
2016,hot100,2016-07-13,14,前前前世,RADWIMPS,https://www.billboard-japan.com/charts/detail?a=hot100&year=2016&month=07&day=18
2016,hot100,2016-07-13,15,教歌SHOCK!,ロッカジャポニカ,https://www.billboard-japan.com/charts/detail?a=hot100&year=2016&month=07&day=18
2016,hot100,2016-07-13,16,やさしさで溢れるように,Flower,https://www.billboard-japan.com/charts/detail?a=hot100&year=2016&month=07&day=18
2016,hot100,2016-07-13,17,insane dream,Aimer(エメ),https://www.billboard-japan.com/charts/detail?a=hot100&year=2016&month=07&day=18
2016,hot100,2016-07-13,18,チキンLINE,SKE48,https://www.billboard-japan.com/charts/detail?a=hot100&year=2016&month=07&day=18
2016,hot100,2016-07-13,19,RIDE ON SUMMER,TUBE,https://www.billboard-japan.com/charts/detail?a=hot100&year=2016&month=07&day=18
2016,hot100,2016-07-13,20,With You〜10年、20年経っても〜,AK-69,https://www.billboard-japan.com/charts/detail?a=hot100&year=2016&month=07&day=18
2016,hot100,2016-07-13,21,STRAWBERRY サディスティック,E-girls,https://www.billboard-japan.com/charts/detail?a=hot100&year=2016&month=07&day=18
2016,hot100,2016-07-13,22,GOSWING,ゴスペラーズ,https://www.billboard-japan.com/charts/detail?a=hot100&year=2016&month=07&day=18
2016,hot100,2016-07-13,23,糸,EXILE ATSUSHI,https://www.billboard-japan.com/charts/detail?a=hot100&year=2016&month=07&day=18
2016,hot100,2016-07-13,24,ワーク・フロム・ホーム feat.タイ・ダラー・サイン,フィフス・ハーモニー,https://www.billboard-japan.com/charts/detail?a=hot100&year=2016&month=07&day=18
2016,hot100,2016-07-13,25,未来,コブクロ,https://www.billboard-japan.com/charts/detail?a=hot100&year=2016&month=07&day=18
2016,hot100,2016-07-13,26,大河の一滴,桑田佳祐,https://www.billboard-japan.com/charts/detail?a=hot100&year=2016&month=07&day=18
2016,hot100,2016-07-13,27,鼓動*アンビシャス,B-PROJECT,https://www.billboard-japan.com/charts/detail?a=hot100&year=2016&month=07&day=18
2016,hot100,2016-07-13,28,トーク・トゥ・ミー,キャンディス・スプリングス,https://www.billboard-japan.com/charts/detail?a=hot100&year=2016&month=07&day=18
2016,hot100,2016-07-13,29,NEW,AAA,https://www.billboard-japan.com/charts/detail?a=hot100&year=2016&month=07&day=18
2016,hot100,2016-07-13,30,Make me,KEVIN(from U-KISS),https://www.billboard-japan.com/charts/detail?a=hot100&year=2016&month=07&day=18
2016,hot100,2016-07-13,31,片想い接近,飯田里穂,https://www.billboard-japan.com/charts/detail?a=hot100&year=2016&month=07&day=18
2016,hot100,2016-07-13,32,僕らの戦場,ワルキューレ,https://www.billboard-japan.com/charts/detail?a=hot100&year=2016&month=07&day=18
2016,hot100,2016-07-13,33,Mint,安室奈美恵,https://www.billboard-japan.com/charts/detail?a=hot100&year=2016&month=07&day=18
2016,hot100,2016-07-13,34,ナツコイ,井上苑子,https://www.billboard-japan.com/charts/detail?a=hot100&year=2016&month=07&day=18
2016,hot100,2016-07-13,35,大好き,大原櫻子,https://www.billboard-japan.com/charts/detail?a=hot100&year=2016&month=07&day=18
2016,hot100,2016-07-13,36,Wherever you are,ONE OK ROCK,https://www.billboard-japan.com/charts/detail?a=hot100&year=2016&month=07&day=18
2016,hot100,2016-07-13,37,MUGEN ROAD,三代目 J Soul Brothers from EXILE TRIBE,https://www.billboard-japan.com/charts/detail?a=hot100&year=2016&month=07&day=18
2016,hot100,2016-07-13,38,僕たちの未来,家入レオ,https://www.billboard-japan.com/charts/detail?a=hot100&year=2016&month=07&day=18
2016,hot100,2016-07-13,39,"7月7日,晴れ",DREAMS COME TRUE,https://www.billboard-japan.com/charts/detail?a=hot100&year=2016&month=07&day=18
2016,hot100,2016-07-13,40,裸足でSummer,乃木坂46,https://www.billboard-japan.com/charts/detail?a=hot100&year=2016&month=07&day=18
2016,hot100,2016-07-13,41,あなたの好きなところ,西野カナ,https://www.billboard-japan.com/charts/detail?a=hot100&year=2016&month=07&day=18
2016,hot100,2016-07-13,42,恋を知らない君へ,NEWS,https://www.billboard-japan.com/charts/detail?a=hot100&year=2016&month=07&day=18
2016,hot100,2016-07-13,43,友よ〜この先もずっと…,ケツメイシ,https://www.billboard-japan.com/charts/detail?a=hot100&year=2016&month=07&day=18
2016,hot100,2016-07-13,44,琥珀色の街、上海蟹の朝,くるり,https://www.billboard-japan.com/charts/detail?a=hot100&year=2016&month=07&day=18
2016,hot100,2016-07-13,45,I seek,嵐,https://www.billboard-japan.com/charts/detail?a=hot100&year=2016&month=07&day=18
2016,hot100,2016-07-13,46,RAINBOW,SE7EN,https://www.billboard-japan.com/charts/detail?a=hot100&year=2016&month=07&day=18
2016,hot100,2016-07-13,47,ワタリドリ,[Alexandros],https://www.billboard-japan.com/charts/detail?a=hot100&year=2016&month=07&day=18
2016,hot100,2016-07-13,48,Into the Sky,SawanoHiroyuki[nZk]:Tielle,https://www.billboard-japan.com/charts/detail?a=hot100&year=2016&month=07&day=18
2016,hot100,2016-07-13,49,海の声,浦島太郎(桐谷健太),https://www.billboard-japan.com/charts/detail?a=hot100&year=2016&month=07&day=18
2016,hot100,2016-07-13,50,GIRAFFE BLUES,ワルキューレ,https://www.billboard-japan.com/charts/detail?a=hot100&year=2016&month=07&day=18
2016,hot100,2016-07-13,51,ジャスト・ライク・ファイア,ピンク,https://www.billboard-japan.com/charts/detail?a=hot100&year=2016&month=07&day=18
2016,hot100,2016-07-13,52,あなたのように,DREAMS COME TRUE,https://www.billboard-japan.com/charts/detail?a=hot100&year=2016&month=07&day=18
2016,hot100,2016-07-13,53,キャント・ストップ・ザ・フィーリング!,ジャスティン・ティンバーレイク,https://www.billboard-japan.com/charts/detail?a=hot100&year=2016&month=07&day=18
2016,hot100,2016-07-13,54,Walkure Attack!,ワルキューレ,https://www.billboard-japan.com/charts/detail?a=hot100&year=2016&month=07&day=18
2016,hot100,2016-07-13,55,ソーリー,ビヨンセ,https://www.billboard-japan.com/charts/detail?a=hot100&year=2016&month=07&day=18
2016,hot100,2016-07-13,56,AXIA〜ダイスキでダイキライ〜,ワルキューレ,https://www.billboard-japan.com/charts/detail?a=hot100&year=2016&month=07&day=18
2016,hot100,2016-07-13,57,トリセツ,西野カナ,https://www.billboard-japan.com/charts/detail?a=hot100&year=2016&month=07&day=18
2016,hot100,2016-07-13,58,醒めない,スピッツ,https://www.billboard-japan.com/charts/detail?a=hot100&year=2016&month=07&day=18
2016,hot100,2016-07-13,59,君の笑顔 僕の笑顔,岡本信彦,https://www.billboard-japan.com/charts/detail?a=hot100&year=2016&month=07&day=18
2016,hot100,2016-07-13,60,花束を君に,宇多田ヒカル,https://www.billboard-japan.com/charts/detail?a=hot100&year=2016&month=07&day=18
2016,hot100,2016-07-13,61,サイレントマジョリティー,欅坂46,https://www.billboard-japan.com/charts/detail?a=hot100&year=2016&month=07&day=18
2016,hot100,2016-07-13,62,R.Y.U.S.E.I.,三代目 J Soul Brothers from EXILE TRIBE,https://www.billboard-japan.com/charts/detail?a=hot100&year=2016&month=07&day=18
2016,hot100,2016-07-13,63,YEAH!! YEAH!! YEAH!!,EXILE THE SECOND,https://www.billboard-japan.com/charts/detail?a=hot100&year=2016&month=07&day=18
2016,hot100,2016-07-13,64,Brand New Tomorrow,家入レオ,https://www.billboard-japan.com/charts/detail?a=hot100&year=2016&month=07&day=18
2016,hot100,2016-07-13,65,僕の名前を,back number,https://www.billboard-japan.com/charts/detail?a=hot100&year=2016&month=07&day=18
2016,hot100,2016-07-13,66,Princess,miwa,https://www.billboard-japan.com/charts/detail?a=hot100&year=2016&month=07&day=18
2016,hot100,2016-07-13,67,PERFECT HUMAN,RADIO FISH,https://www.billboard-japan.com/charts/detail?a=hot100&year=2016&month=07&day=18
2016,hot100,2016-07-13,68,真夏のエイプリルフール,まなみのりさ,https://www.billboard-japan.com/charts/detail?a=hot100&year=2016&month=07&day=18
2016,hot100,2016-07-13,69,青春のすべて,Shout it Out,https://www.billboard-japan.com/charts/detail?a=hot100&year=2016&month=07&day=18
2016,hot100,2016-07-13,70,BANG BANG BANG,BIGBANG,https://www.billboard-japan.com/charts/detail?a=hot100&year=2016&month=07&day=18
2016,hot100,2016-07-13,71,トライ・エヴリシング,Dream Ami,https://www.billboard-japan.com/charts/detail?a=hot100&year=2016&month=07&day=18
2016,hot100,2016-07-13,72,FLASH,Perfume,https://www.billboard-japan.com/charts/detail?a=hot100&year=2016&month=07&day=18
2016,hot100,2016-07-13,73,一度だけの恋なら,ワルキューレ,https://www.billboard-japan.com/charts/detail?a=hot100&year=2016&month=07&day=18
2016,hot100,2016-07-13,74,怒りをくれよ,GLIM SPANKY,https://www.billboard-japan.com/charts/detail?a=hot100&year=2016&month=07&day=18
2016,hot100,2016-07-13,75,君がくれた夏,家入レオ,https://www.billboard-japan.com/charts/detail?a=hot100&year=2016&month=07&day=18
2016,hot100,2016-07-13,76,ひまわりの約束,秦基博,https://www.billboard-japan.com/charts/detail?a=hot100&year=2016&month=07&day=18
2016,hot100,2016-07-13,77,SUN,星野源,https://www.billboard-japan.com/charts/detail?a=hot100&year=2016&month=07&day=18
2016,hot100,2016-07-13,78,コール・ミー・メイビー,カーリー・レイ・ジェプセン,https://www.billboard-japan.com/charts/detail?a=hot100&year=2016&month=07&day=18
2016,hot100,2016-07-13,79,イントゥ・ユー,アリアナ・グランデ,https://www.billboard-japan.com/charts/detail?a=hot100&year=2016&month=07&day=18
2016,hot100,2016-07-13,80,YES!I SCREAM,Kis-My-Ft2,https://www.billboard-japan.com/charts/detail?a=hot100&year=2016&month=07&day=18
2016,hot100,2016-07-13,81,ケーキ・バイ・ザ・オーシャン,DNCE,https://www.billboard-japan.com/charts/detail?a=hot100&year=2016&month=07&day=18
2016,hot100,2016-07-13,82,365日の紙飛行機,AKB48,https://www.billboard-japan.com/charts/detail?a=hot100&year=2016&month=07&day=18
2016,hot100,2016-07-13,83,THE DAY,ポルノグラフィティ,https://www.billboard-japan.com/charts/detail?a=hot100&year=2016&month=07&day=18
2016,hot100,2016-07-13,84,HIGHER GROUND feat.Dimitri Vegas & Like Mike,EXILE TRIBE,https://www.billboard-japan.com/charts/detail?a=hot100&year=2016&month=07&day=18
2016,hot100,2016-07-13,85,ディス・イズ・ホワット・ユー・ケイム・フォー feat.リアーナ,カルヴィン・ハリス,https://www.billboard-japan.com/charts/detail?a=hot100&year=2016&month=07&day=18
2016,hot100,2016-07-13,86,FANTASTIC BABY,BIGBANG,https://www.billboard-japan.com/charts/detail?a=hot100&year=2016&month=07&day=18
2016,hot100,2016-07-13,87,ソーリー,ジャスティン・ビーバー,https://www.billboard-japan.com/charts/detail?a=hot100&year=2016&month=07&day=18
2016,hot100,2016-07-13,88,mix juiceのいうとおり,UNISON SQUARE GARDEN,https://www.billboard-japan.com/charts/detail?a=hot100&year=2016&month=07&day=18
2016,hot100,2016-07-13,89,アイ・リアリー・ライク・ユー,カーリー・レイ・ジェプセン,https://www.billboard-japan.com/charts/detail?a=hot100&year=2016&month=07&day=18
2016,hot100,2016-07-13,90,go for it!,DREAMS COME TRUE,https://www.billboard-japan.com/charts/detail?a=hot100&year=2016&month=07&day=18
2016,hot100,2016-07-13,91,千本桜,WhiteFlame feat.初音ミク,https://www.billboard-japan.com/charts/detail?a=hot100&year=2016&month=07&day=18
2016,hot100,2016-07-13,92,トモダチメートル,The Super Ball,https://www.billboard-japan.com/charts/detail?a=hot100&year=2016&month=07&day=18
2016,hot100,2016-07-13,93,ふれたら消えてしまう,植田真梨恵,https://www.billboard-japan.com/charts/detail?a=hot100&year=2016&month=07&day=18
2016,hot100,2016-07-13,94,マエヲムケ!,むすびズム,https://www.billboard-japan.com/charts/detail?a=hot100&year=2016&month=07&day=18
2016,hot100,2016-07-13,95,シンクロニシティ,HY + BIGMAMA,https://www.billboard-japan.com/charts/detail?a=hot100&year=2016&month=07&day=18
2016,hot100,2016-07-13,96,アンテナラスト,10-FEET,https://www.billboard-japan.com/charts/detail?a=hot100&year=2016&month=07&day=18
2016,hot100,2016-07-13,97,薔薇と太陽,KinKi Kids,https://www.billboard-japan.com/charts/detail?a=hot100&year=2016&month=07&day=18
2016,hot100,2016-07-13,98,Monster,EXO,https://www.billboard-japan.com/charts/detail?a=hot100&year=2016&month=07&day=18
2016,hot100,2016-07-13,99,こちら、幸福安心委員会です。 feat.初音ミク,うたたP,https://www.billboard-japan.com/charts/detail?a=hot100&year=2016&month=07&day=18
2016,hot100,2016-07-13,100,E.G. summer RIDER,E-girls,https://www.billboard-japan.com/charts/detail?a=hot100&year=2016&month=07&day=18
2016,hot100,2016-07-20,1,恋を知らない君へ,NEWS,https://www.billboard-japan.com/charts/detail?a=hot100&year=2016&month=07&day=25
2016,hot100,2016-07-20,2,YEAH!! YEAH!! YEAH!!,EXILE THE SECOND,https://www.billboard-japan.com/charts/detail?a=hot100&year=2016&month=07&day=25
2016,hot100,2016-07-20,3,STARTING NOW!,水樹奈々,https://www.billboard-japan.com/charts/detail?a=hot100&year=2016&month=07&day=25
2016,hot100,2016-07-20,4,Have a nice day,西野カナ,https://www.billboard-japan.com/charts/detail?a=hot100&year=2016&month=07&day=25
2016,hot100,2016-07-20,5,ポストに声を投げ入れて,YUKI,https://www.billboard-japan.com/charts/detail?a=hot100&year=2016&month=07&day=25
2016,hot100,2016-07-20,6,罪と夏,関ジャニ∞[エイト],https://www.billboard-japan.com/charts/detail?a=hot100&year=2016&month=07&day=25
2016,hot100,2016-07-20,7,Soup,藤原さくら,https://www.billboard-japan.com/charts/detail?a=hot100&year=2016&month=07&day=25
2016,hot100,2016-07-20,8,ヨシ子さん,桑田佳祐,https://www.billboard-japan.com/charts/detail?a=hot100&year=2016&month=07&day=25
2016,hot100,2016-07-20,9,魔法って言っていいかな?,平井堅,https://www.billboard-japan.com/charts/detail?a=hot100&year=2016&month=07&day=25
2016,hot100,2016-07-20,10,サンバDEわっしょい! feat.九瓏幸子,アルスマグナ,https://www.billboard-japan.com/charts/detail?a=hot100&year=2016&month=07&day=25
2016,hot100,2016-07-20,11,シュガーソングとビターステップ,UNISON SQUARE GARDEN,https://www.billboard-japan.com/charts/detail?a=hot100&year=2016&month=07&day=25
2016,hot100,2016-07-20,12,MINT,Suchmos,https://www.billboard-japan.com/charts/detail?a=hot100&year=2016&month=07&day=25
2016,hot100,2016-07-20,13,Overflows〜言葉にできなくて〜,ナオト・インティライミ,https://www.billboard-japan.com/charts/detail?a=hot100&year=2016&month=07&day=25
2016,hot100,2016-07-20,14,FEEL SO GOOD,B.A.P,https://www.billboard-japan.com/charts/detail?a=hot100&year=2016&month=07&day=25
2016,hot100,2016-07-20,15,ブラッドサーキュレーター,ASIAN KUNG-FU GENERATION,https://www.billboard-japan.com/charts/detail?a=hot100&year=2016&month=07&day=25
2016,hot100,2016-07-20,16,ワーク・フロム・ホーム feat.タイ・ダラー・サイン,フィフス・ハーモニー,https://www.billboard-japan.com/charts/detail?a=hot100&year=2016&month=07&day=25
2016,hot100,2016-07-20,17,THIS IS HOW WE ROCK,SPYAIR,https://www.billboard-japan.com/charts/detail?a=hot100&year=2016&month=07&day=25
2016,hot100,2016-07-20,18,やさしさで溢れるように,Flower,https://www.billboard-japan.com/charts/detail?a=hot100&year=2016&month=07&day=25
2016,hot100,2016-07-20,19,世界に一つだけの花,SMAP,https://www.billboard-japan.com/charts/detail?a=hot100&year=2016&month=07&day=25
2016,hot100,2016-07-20,20,裸足でSummer,乃木坂46,https://www.billboard-japan.com/charts/detail?a=hot100&year=2016&month=07&day=25
2016,hot100,2016-07-20,21,夜空を煌めく星のように,DRAMATIC STARS & High×Joker,https://www.billboard-japan.com/charts/detail?a=hot100&year=2016&month=07&day=25
2016,hot100,2016-07-20,22,海の声,浦島太郎(桐谷健太),https://www.billboard-japan.com/charts/detail?a=hot100&year=2016&month=07&day=25
2016,hot100,2016-07-20,23,未来,コブクロ,https://www.billboard-japan.com/charts/detail?a=hot100&year=2016&month=07&day=25
2016,hot100,2016-07-20,24,世界には愛しかない,欅坂46,https://www.billboard-japan.com/charts/detail?a=hot100&year=2016&month=07&day=25
2016,hot100,2016-07-20,25,鼓動*アンビシャス,B-PROJECT,https://www.billboard-japan.com/charts/detail?a=hot100&year=2016&month=07&day=25
2016,hot100,2016-07-20,26,涙,GENERATIONS from EXILE TRIBE,https://www.billboard-japan.com/charts/detail?a=hot100&year=2016&month=07&day=25
2016,hot100,2016-07-20,27,あなたの好きなところ,西野カナ,https://www.billboard-japan.com/charts/detail?a=hot100&year=2016&month=07&day=25
2016,hot100,2016-07-20,28,Yell,AAA,https://www.billboard-japan.com/charts/detail?a=hot100&year=2016&month=07&day=25
2016,hot100,2016-07-20,29,キャント・ストップ・ザ・フィーリング!,ジャスティン・ティンバーレイク,https://www.billboard-japan.com/charts/detail?a=hot100&year=2016&month=07&day=25
2016,hot100,2016-07-20,30,トーク・トゥ・ミー,キャンディス・スプリングス,https://www.billboard-japan.com/charts/detail?a=hot100&year=2016&month=07&day=25
2016,hot100,2016-07-20,31,糸,EXILE ATSUSHI,https://www.billboard-japan.com/charts/detail?a=hot100&year=2016&month=07&day=25
2016,hot100,2016-07-20,32,NEW,AAA,https://www.billboard-japan.com/charts/detail?a=hot100&year=2016&month=07&day=25
2016,hot100,2016-07-20,33,トリセツ,西野カナ,https://www.billboard-japan.com/charts/detail?a=hot100&year=2016&month=07&day=25
2016,hot100,2016-07-20,34,Wherever you are,ONE OK ROCK,https://www.billboard-japan.com/charts/detail?a=hot100&year=2016&month=07&day=25
2016,hot100,2016-07-20,35,サイレントマジョリティー,欅坂46,https://www.billboard-japan.com/charts/detail?a=hot100&year=2016&month=07&day=25
2016,hot100,2016-07-20,36,にじいろ,絢香,https://www.billboard-japan.com/charts/detail?a=hot100&year=2016&month=07&day=25
2016,hot100,2016-07-20,37,NATSU☆しようぜ!,IDOLiSH7,https://www.billboard-japan.com/charts/detail?a=hot100&year=2016&month=07&day=25
2016,hot100,2016-07-20,38,Pink Champagne,E-girls,https://www.billboard-japan.com/charts/detail?a=hot100&year=2016&month=07&day=25
2016,hot100,2016-07-20,39,ナツコイ,井上苑子,https://www.billboard-japan.com/charts/detail?a=hot100&year=2016&month=07&day=25
2016,hot100,2016-07-20,40,友よ〜この先もずっと…,ケツメイシ,https://www.billboard-japan.com/charts/detail?a=hot100&year=2016&month=07&day=25
2016,hot100,2016-07-20,41,花束を君に,宇多田ヒカル,https://www.billboard-japan.com/charts/detail?a=hot100&year=2016&month=07&day=25
2016,hot100,2016-07-20,42,ひまわりの約束,秦基博,https://www.billboard-japan.com/charts/detail?a=hot100&year=2016&month=07&day=25
2016,hot100,2016-07-20,43,醒めない,スピッツ,https://www.billboard-japan.com/charts/detail?a=hot100&year=2016&month=07&day=25
2016,hot100,2016-07-20,44,YES!I SCREAM,Kis-My-Ft2,https://www.billboard-japan.com/charts/detail?a=hot100&year=2016&month=07&day=25
2016,hot100,2016-07-20,45,MUGEN ROAD,三代目 J Soul Brothers from EXILE TRIBE,https://www.billboard-japan.com/charts/detail?a=hot100&year=2016&month=07&day=25
2016,hot100,2016-07-20,46,怒りをくれよ,GLIM SPANKY,https://www.billboard-japan.com/charts/detail?a=hot100&year=2016&month=07&day=25
2016,hot100,2016-07-20,47,Mint,安室奈美恵,https://www.billboard-japan.com/charts/detail?a=hot100&year=2016&month=07&day=25
2016,hot100,2016-07-20,48,前前前世,RADWIMPS,https://www.billboard-japan.com/charts/detail?a=hot100&year=2016&month=07&day=25
2016,hot100,2016-07-20,49,FLASH,Perfume,https://www.billboard-japan.com/charts/detail?a=hot100&year=2016&month=07&day=25
2016,hot100,2016-07-20,50,大好き,大原櫻子,https://www.billboard-japan.com/charts/detail?a=hot100&year=2016&month=07&day=25
2016,hot100,2016-07-20,51,ともに,WANIMA,https://www.billboard-japan.com/charts/detail?a=hot100&year=2016&month=07&day=25
2016,hot100,2016-07-20,52,E.G. summer RIDER,E-girls,https://www.billboard-japan.com/charts/detail?a=hot100&year=2016&month=07&day=25
2016,hot100,2016-07-20,53,僕たちの未来,家入レオ,https://www.billboard-japan.com/charts/detail?a=hot100&year=2016&month=07&day=25
2016,hot100,2016-07-20,54,R.Y.U.S.E.I.,三代目 J Soul Brothers from EXILE TRIBE,https://www.billboard-japan.com/charts/detail?a=hot100&year=2016&month=07&day=25
2016,hot100,2016-07-20,55,僕はいない,NMB48,https://www.billboard-japan.com/charts/detail?a=hot100&year=2016&month=07&day=25
2016,hot100,2016-07-20,56,大河の一滴,桑田佳祐,https://www.billboard-japan.com/charts/detail?a=hot100&year=2016&month=07&day=25
2016,hot100,2016-07-20,57,I seek,嵐,https://www.billboard-japan.com/charts/detail?a=hot100&year=2016&month=07&day=25
2016,hot100,2016-07-20,58,花風,VIXX,https://www.billboard-japan.com/charts/detail?a=hot100&year=2016&month=07&day=25
2016,hot100,2016-07-20,59,Princess,miwa,https://www.billboard-japan.com/charts/detail?a=hot100&year=2016&month=07&day=25
2016,hot100,2016-07-20,60,Beautiful Gorgeous Love,EXILE ATSUSHI,https://www.billboard-japan.com/charts/detail?a=hot100&year=2016&month=07&day=25
2016,hot100,2016-07-20,61,STRAWBERRY サディスティック,E-girls,https://www.billboard-japan.com/charts/detail?a=hot100&year=2016&month=07&day=25
2016,hot100,2016-07-20,62,ワタリドリ,[Alexandros],https://www.billboard-japan.com/charts/detail?a=hot100&year=2016&month=07&day=25
2016,hot100,2016-07-20,63,SUN,星野源,https://www.billboard-japan.com/charts/detail?a=hot100&year=2016&month=07&day=25
2016,hot100,2016-07-20,64,HIGHER GROUND feat.Dimitri Vegas & Like Mike,EXILE TRIBE,https://www.billboard-japan.com/charts/detail?a=hot100&year=2016&month=07&day=25
2016,hot100,2016-07-20,65,薔薇と太陽,KinKi Kids,https://www.billboard-japan.com/charts/detail?a=hot100&year=2016&month=07&day=25
2016,hot100,2016-07-20,66,Endless Summer,N.Flying,https://www.billboard-japan.com/charts/detail?a=hot100&year=2016&month=07&day=25
2016,hot100,2016-07-20,67,BANG BANG BANG,BIGBANG,https://www.billboard-japan.com/charts/detail?a=hot100&year=2016&month=07&day=25
2016,hot100,2016-07-20,68,Monster,EXO,https://www.billboard-japan.com/charts/detail?a=hot100&year=2016&month=07&day=25
2016,hot100,2016-07-20,69,365日の紙飛行機,AKB48,https://www.billboard-japan.com/charts/detail?a=hot100&year=2016&month=07&day=25
2016,hot100,2016-07-20,70,シェイク・イット・オフ〜気にしてなんかいられないっ!!,テイラー・スウィフト,https://www.billboard-japan.com/charts/detail?a=hot100&year=2016&month=07&day=25
2016,hot100,2016-07-20,71,翼,藍井エイル,https://www.billboard-japan.com/charts/detail?a=hot100&year=2016&month=07&day=25
2016,hot100,2016-07-20,72,アンテナラスト,10-FEET,https://www.billboard-japan.com/charts/detail?a=hot100&year=2016&month=07&day=25
2016,hot100,2016-07-20,73,ケーキ・バイ・ザ・オーシャン,DNCE,https://www.billboard-japan.com/charts/detail?a=hot100&year=2016&month=07&day=25
2016,hot100,2016-07-20,74,上を向いて歩こう,坂本九,https://www.billboard-japan.com/charts/detail?a=hot100&year=2016&month=07&day=25
2016,hot100,2016-07-20,75,PERFECT HUMAN,RADIO FISH,https://www.billboard-japan.com/charts/detail?a=hot100&year=2016&month=07&day=25
2016,hot100,2016-07-20,76,ジャスト・ライク・ファイア,ピンク,https://www.billboard-japan.com/charts/detail?a=hot100&year=2016&month=07&day=25
2016,hot100,2016-07-20,77,mix juiceのいうとおり,UNISON SQUARE GARDEN,https://www.billboard-japan.com/charts/detail?a=hot100&year=2016&month=07&day=25
2016,hot100,2016-07-20,78,トモダチメートル,The Super Ball,https://www.billboard-japan.com/charts/detail?a=hot100&year=2016&month=07&day=25
2016,hot100,2016-07-20,79,琥珀色の街、上海蟹の朝,くるり,https://www.billboard-japan.com/charts/detail?a=hot100&year=2016&month=07&day=25
2016,hot100,2016-07-20,80,トライ・エヴリシング,Dream Ami,https://www.billboard-japan.com/charts/detail?a=hot100&year=2016&month=07&day=25
2016,hot100,2016-07-20,81,Living Room,LILI LIMIT,https://www.billboard-japan.com/charts/detail?a=hot100&year=2016&month=07&day=25
2016,hot100,2016-07-20,82,ディス・イズ・ホワット・ユー・ケイム・フォー feat.リアーナ,カルヴィン・ハリス,https://www.billboard-japan.com/charts/detail?a=hot100&year=2016&month=07&day=25
2016,hot100,2016-07-20,83,恋音と雨空,AAA,https://www.billboard-japan.com/charts/detail?a=hot100&year=2016&month=07&day=25
2016,hot100,2016-07-20,84,蝶々結び,Aimer(エメ),https://www.billboard-japan.com/charts/detail?a=hot100&year=2016&month=07&day=25
2016,hot100,2016-07-20,85,僕の名前を,back number,https://www.billboard-japan.com/charts/detail?a=hot100&year=2016&month=07&day=25
2016,hot100,2016-07-20,86,FANTASTIC BABY,BIGBANG,https://www.billboard-japan.com/charts/detail?a=hot100&year=2016&month=07&day=25
2016,hot100,2016-07-20,87,黒い猫の歌,back number,https://www.billboard-japan.com/charts/detail?a=hot100&year=2016&month=07&day=25
2016,hot100,2016-07-20,88,チキンLINE,SKE48,https://www.billboard-japan.com/charts/detail?a=hot100&year=2016&month=07&day=25
2016,hot100,2016-07-20,89,カム・カム・カム,マイア・ヒラサワ,https://www.billboard-japan.com/charts/detail?a=hot100&year=2016&month=07&day=25
2016,hot100,2016-07-20,90,金の愛、銀の愛,SKE48,https://www.billboard-japan.com/charts/detail?a=hot100&year=2016&month=07&day=25
2016,hot100,2016-07-20,91,Perfumeメドレー,ペンタトニックス,https://www.billboard-japan.com/charts/detail?a=hot100&year=2016&month=07&day=25
2016,hot100,2016-07-20,92,千本桜,WhiteFlame feat.初音ミク,https://www.billboard-japan.com/charts/detail?a=hot100&year=2016&month=07&day=25
2016,hot100,2016-07-20,93,ワース・イット feat.キッド・インク,フィフス・ハーモニー,https://www.billboard-japan.com/charts/detail?a=hot100&year=2016&month=07&day=25
2016,hot100,2016-07-20,94,ソーリー,ジャスティン・ビーバー,https://www.billboard-japan.com/charts/detail?a=hot100&year=2016&month=07&day=25
2016,hot100,2016-07-20,95,Into the Sky,SawanoHiroyuki[nZk]:Tielle,https://www.billboard-japan.com/charts/detail?a=hot100&year=2016&month=07&day=25
2016,hot100,2016-07-20,96,WE ARE GO,UVERworld,https://www.billboard-japan.com/charts/detail?a=hot100&year=2016&month=07&day=25
2016,hot100,2016-07-20,97,THE DAY,ポルノグラフィティ,https://www.billboard-japan.com/charts/detail?a=hot100&year=2016&month=07&day=25
2016,hot100,2016-07-20,98,アバンチュールしようよ,清竜人25,https://www.billboard-japan.com/charts/detail?a=hot100&year=2016&month=07&day=25
2016,hot100,2016-07-20,99,イントゥ・ユー,アリアナ・グランデ,https://www.billboard-japan.com/charts/detail?a=hot100&year=2016&month=07&day=25
2016,hot100,2016-07-20,100,With You〜10年、20年経っても〜,AK-69,https://www.billboard-japan.com/charts/detail?a=hot100&year=2016&month=07&day=25
2016,hot100,2016-07-27,1,薔薇と太陽,KinKi Kids,https://www.billboard-japan.com/charts/detail?a=hot100&year=2016&month=08&day=01
2016,hot100,2016-07-27,2,E.G. summer RIDER,E-girls,https://www.billboard-japan.com/charts/detail?a=hot100&year=2016&month=08&day=01
2016,hot100,2016-07-27,3,青空Jumping Heart,Aqours,https://www.billboard-japan.com/charts/detail?a=hot100&year=2016&month=08&day=01
2016,hot100,2016-07-27,4,パラダイブ,Da-iCE,https://www.billboard-japan.com/charts/detail?a=hot100&year=2016&month=08&day=01
2016,hot100,2016-07-27,5,翼,藍井エイル,https://www.billboard-japan.com/charts/detail?a=hot100&year=2016&month=08&day=01
2016,hot100,2016-07-27,6,アンテナラスト,10-FEET,https://www.billboard-japan.com/charts/detail?a=hot100&year=2016&month=08&day=01
2016,hot100,2016-07-27,7,ハプニング,Nissy(西島隆弘),https://www.billboard-japan.com/charts/detail?a=hot100&year=2016&month=08&day=01
2016,hot100,2016-07-27,8,まだ君は知らない MY PRETTIEST GIRL,Nissy(西島隆弘),https://www.billboard-japan.com/charts/detail?a=hot100&year=2016&month=08&day=01
2016,hot100,2016-07-27,9,Have a nice day,西野カナ,https://www.billboard-japan.com/charts/detail?a=hot100&year=2016&month=08&day=01
2016,hot100,2016-07-27,10,裸足でSummer,乃木坂46,https://www.billboard-japan.com/charts/detail?a=hot100&year=2016&month=08&day=01
2016,hot100,2016-07-27,11,サイレントマジョリティー,欅坂46,https://www.billboard-japan.com/charts/detail?a=hot100&year=2016&month=08&day=01
2016,hot100,2016-07-27,12,恋を知らない君へ,NEWS,https://www.billboard-japan.com/charts/detail?a=hot100&year=2016&month=08&day=01
2016,hot100,2016-07-27,13,海の声,浦島太郎(桐谷健太),https://www.billboard-japan.com/charts/detail?a=hot100&year=2016&month=08&day=01
2016,hot100,2016-07-27,14,好きな人がいること,JY,https://www.billboard-japan.com/charts/detail?a=hot100&year=2016&month=08&day=01
2016,hot100,2016-07-27,15,魔法って言っていいかな?,平井堅,https://www.billboard-japan.com/charts/detail?a=hot100&year=2016&month=08&day=01
2016,hot100,2016-07-27,16,ヨシ子さん,桑田佳祐,https://www.billboard-japan.com/charts/detail?a=hot100&year=2016&month=08&day=01
2016,hot100,2016-07-27,17,怒りをくれよ,GLIM SPANKY,https://www.billboard-japan.com/charts/detail?a=hot100&year=2016&month=08&day=01
2016,hot100,2016-07-27,18,Soup,藤原さくら,https://www.billboard-japan.com/charts/detail?a=hot100&year=2016&month=08&day=01
2016,hot100,2016-07-27,19,はなび,湘南乃風,https://www.billboard-japan.com/charts/detail?a=hot100&year=2016&month=08&day=01
2016,hot100,2016-07-27,20,Overflows〜言葉にできなくて〜,ナオト・インティライミ,https://www.billboard-japan.com/charts/detail?a=hot100&year=2016&month=08&day=01
2016,hot100,2016-07-27,21,世界には愛しかない,欅坂46,https://www.billboard-japan.com/charts/detail?a=hot100&year=2016&month=08&day=01
2016,hot100,2016-07-27,22,STARTING NOW!,水樹奈々,https://www.billboard-japan.com/charts/detail?a=hot100&year=2016&month=08&day=01
2016,hot100,2016-07-27,23,恋のレッスン,ふわふわ,https://www.billboard-japan.com/charts/detail?a=hot100&year=2016&month=08&day=01
2016,hot100,2016-07-27,24,beautiful days,GReeeeN,https://www.billboard-japan.com/charts/detail?a=hot100&year=2016&month=08&day=01
2016,hot100,2016-07-27,25,YEAH!! YEAH!! YEAH!!,EXILE THE SECOND,https://www.billboard-japan.com/charts/detail?a=hot100&year=2016&month=08&day=01
2016,hot100,2016-07-27,26,MINT,Suchmos,https://www.billboard-japan.com/charts/detail?a=hot100&year=2016&month=08&day=01
2016,hot100,2016-07-27,27,やさしさで溢れるように,Flower,https://www.billboard-japan.com/charts/detail?a=hot100&year=2016&month=08&day=01
2016,hot100,2016-07-27,28,こだま、ことだま。,Bank Band,https://www.billboard-japan.com/charts/detail?a=hot100&year=2016&month=08&day=01
2016,hot100,2016-07-27,29,ポストに声を投げ入れて,YUKI,https://www.billboard-japan.com/charts/detail?a=hot100&year=2016&month=08&day=01
2016,hot100,2016-07-27,30,トリセツ,西野カナ,https://www.billboard-japan.com/charts/detail?a=hot100&year=2016&month=08&day=01
2016,hot100,2016-07-27,31,罪と夏,関ジャニ∞[エイト],https://www.billboard-japan.com/charts/detail?a=hot100&year=2016&month=08&day=01
2016,hot100,2016-07-27,32,ワタリドリ,[Alexandros],https://www.billboard-japan.com/charts/detail?a=hot100&year=2016&month=08&day=01
2016,hot100,2016-07-27,33,MUGEN ROAD,三代目 J Soul Brothers from EXILE TRIBE,https://www.billboard-japan.com/charts/detail?a=hot100&year=2016&month=08&day=01
2016,hot100,2016-07-27,34,未来,コブクロ,https://www.billboard-japan.com/charts/detail?a=hot100&year=2016&month=08&day=01
2016,hot100,2016-07-27,35,You,雨のパレード,https://www.billboard-japan.com/charts/detail?a=hot100&year=2016&month=08&day=01
2016,hot100,2016-07-27,36,45s,THE BAWDIES,https://www.billboard-japan.com/charts/detail?a=hot100&year=2016&month=08&day=01
2016,hot100,2016-07-27,37,Happy!,"天海春香(中村繪里子),如月千早(今井麻美),萩原雪歩(浅倉杏美),水瀬伊織(釘宮理恵),三浦あずさ(たかはし智秋),我那覇響(沼倉愛美),秋月律子(若林直美)",https://www.billboard-japan.com/charts/detail?a=hot100&year=2016&month=08&day=01
2016,hot100,2016-07-27,38,あなたの好きなところ,西野カナ,https://www.billboard-japan.com/charts/detail?a=hot100&year=2016&month=08&day=01
2016,hot100,2016-07-27,39,ナナイロホリデー,SKY-HI,https://www.billboard-japan.com/charts/detail?a=hot100&year=2016&month=08&day=01
2016,hot100,2016-07-27,40,世界に一つだけの花,SMAP,https://www.billboard-japan.com/charts/detail?a=hot100&year=2016&month=08&day=01
2016,hot100,2016-07-27,41,ひまわりの約束,秦基博,https://www.billboard-japan.com/charts/detail?a=hot100&year=2016&month=08&day=01
2016,hot100,2016-07-27,42,TONIGHT,I Don't Like Mondays.,https://www.billboard-japan.com/charts/detail?a=hot100&year=2016&month=08&day=01
2016,hot100,2016-07-27,43,シュガーソングとビターステップ,UNISON SQUARE GARDEN,https://www.billboard-japan.com/charts/detail?a=hot100&year=2016&month=08&day=01
2016,hot100,2016-07-27,44,Hero,安室奈美恵,https://www.billboard-japan.com/charts/detail?a=hot100&year=2016&month=08&day=01
2016,hot100,2016-07-27,45,R.Y.U.S.E.I.,三代目 J Soul Brothers from EXILE TRIBE,https://www.billboard-japan.com/charts/detail?a=hot100&year=2016&month=08&day=01
2016,hot100,2016-07-27,46,ワーク・フロム・ホーム feat.タイ・ダラー・サイン,フィフス・ハーモニー,https://www.billboard-japan.com/charts/detail?a=hot100&year=2016&month=08&day=01
2016,hot100,2016-07-27,47,鼓動*アンビシャス,B-PROJECT,https://www.billboard-japan.com/charts/detail?a=hot100&year=2016&month=08&day=01
2016,hot100,2016-07-27,48,Wherever you are,ONE OK ROCK,https://www.billboard-japan.com/charts/detail?a=hot100&year=2016&month=08&day=01
2016,hot100,2016-07-27,49,FLASH,Perfume,https://www.billboard-japan.com/charts/detail?a=hot100&year=2016&month=08&day=01
2016,hot100,2016-07-27,50,NEW,AAA,https://www.billboard-japan.com/charts/detail?a=hot100&year=2016&month=08&day=01
2016,hot100,2016-07-27,51,アリア,BUMP OF CHICKEN,https://www.billboard-japan.com/charts/detail?a=hot100&year=2016&month=08&day=01
2016,hot100,2016-07-27,52,にじいろ,絢香,https://www.billboard-japan.com/charts/detail?a=hot100&year=2016&month=08&day=01
2016,hot100,2016-07-27,53,ケーキ・バイ・ザ・オーシャン,DNCE,https://www.billboard-japan.com/charts/detail?a=hot100&year=2016&month=08&day=01
2016,hot100,2016-07-27,54,友よ〜この先もずっと…,ケツメイシ,https://www.billboard-japan.com/charts/detail?a=hot100&year=2016&month=08&day=01
2016,hot100,2016-07-27,55,インフェルノ,9mm Parabellum Bullet,https://www.billboard-japan.com/charts/detail?a=hot100&year=2016&month=08&day=01
2016,hot100,2016-07-27,56,トーク・トゥ・ミー,キャンディス・スプリングス,https://www.billboard-japan.com/charts/detail?a=hot100&year=2016&month=08&day=01
2016,hot100,2016-07-27,57,PLASMIC FIRE,KOTOKO×ALTIMA,https://www.billboard-japan.com/charts/detail?a=hot100&year=2016&month=08&day=01
2016,hot100,2016-07-27,58,天鏡のアルデラミン,岸田教団&THE明星ロケッツ,https://www.billboard-japan.com/charts/detail?a=hot100&year=2016&month=08&day=01
2016,hot100,2016-07-27,59,大河の一滴,桑田佳祐,https://www.billboard-japan.com/charts/detail?a=hot100&year=2016&month=08&day=01
2016,hot100,2016-07-27,60,SUN,星野源,https://www.billboard-japan.com/charts/detail?a=hot100&year=2016&month=08&day=01
2016,hot100,2016-07-27,61,沸点突破☆LOVE IS POWER☆,地球防衛部,https://www.billboard-japan.com/charts/detail?a=hot100&year=2016&month=08&day=01
2016,hot100,2016-07-27,62,Spotlight,GEM,https://www.billboard-japan.com/charts/detail?a=hot100&year=2016&month=08&day=01
2016,hot100,2016-07-27,63,ブラッドサーキュレーター,ASIAN KUNG-FU GENERATION,https://www.billboard-japan.com/charts/detail?a=hot100&year=2016&month=08&day=01
2016,hot100,2016-07-27,64,ナツコイ,井上苑子,https://www.billboard-japan.com/charts/detail?a=hot100&year=2016&month=08&day=01
2016,hot100,2016-07-27,65,トモダチメートル,The Super Ball,https://www.billboard-japan.com/charts/detail?a=hot100&year=2016&month=08&day=01
2016,hot100,2016-07-27,66,キャント・ストップ・ザ・フィーリング!,ジャスティン・ティンバーレイク,https://www.billboard-japan.com/charts/detail?a=hot100&year=2016&month=08&day=01
2016,hot100,2016-07-27,67,I seek,嵐,https://www.billboard-japan.com/charts/detail?a=hot100&year=2016&month=08&day=01
2016,hot100,2016-07-27,68,醒めない,スピッツ,https://www.billboard-japan.com/charts/detail?a=hot100&year=2016&month=08&day=01
2016,hot100,2016-07-27,69,大好き,大原櫻子,https://www.billboard-japan.com/charts/detail?a=hot100&year=2016&month=08&day=01
2016,hot100,2016-07-27,70,恋音と雨空,AAA,https://www.billboard-japan.com/charts/detail?a=hot100&year=2016&month=08&day=01
2016,hot100,2016-07-27,71,涙,GENERATIONS from EXILE TRIBE,https://www.billboard-japan.com/charts/detail?a=hot100&year=2016&month=08&day=01
2016,hot100,2016-07-27,72,前前前世,RADWIMPS,https://www.billboard-japan.com/charts/detail?a=hot100&year=2016&month=08&day=01
2016,hot100,2016-07-27,73,Newspeak,ぼくのりりっくのぼうよみ,https://www.billboard-japan.com/charts/detail?a=hot100&year=2016&month=08&day=01
2016,hot100,2016-07-27,74,PERFECT HUMAN,RADIO FISH,https://www.billboard-japan.com/charts/detail?a=hot100&year=2016&month=08&day=01
2016,hot100,2016-07-27,75,BANG BANG BANG,BIGBANG,https://www.billboard-japan.com/charts/detail?a=hot100&year=2016&month=08&day=01
2016,hot100,2016-07-27,76,STRAWBERRY サディスティック,E-girls,https://www.billboard-japan.com/charts/detail?a=hot100&year=2016&month=08&day=01
2016,hot100,2016-07-27,77,365日の紙飛行機,AKB48,https://www.billboard-japan.com/charts/detail?a=hot100&year=2016&month=08&day=01
2016,hot100,2016-07-27,78,Mint,安室奈美恵,https://www.billboard-japan.com/charts/detail?a=hot100&year=2016&month=08&day=01
2016,hot100,2016-07-27,79,僕たちの未来,家入レオ,https://www.billboard-japan.com/charts/detail?a=hot100&year=2016&month=08&day=01
2016,hot100,2016-07-27,80,語るなら未来を…,欅坂46,https://www.billboard-japan.com/charts/detail?a=hot100&year=2016&month=08&day=01
2016,hot100,2016-07-27,81,ともに,WANIMA,https://www.billboard-japan.com/charts/detail?a=hot100&year=2016&month=08&day=01
2016,hot100,2016-07-27,82,HIGHER GROUND feat.Dimitri Vegas & Like Mike,EXILE TRIBE,https://www.billboard-japan.com/charts/detail?a=hot100&year=2016&month=08&day=01
2016,hot100,2016-07-27,83,糸,EXILE ATSUSHI,https://www.billboard-japan.com/charts/detail?a=hot100&year=2016&month=08&day=01
2016,hot100,2016-07-27,84,花束を君に,宇多田ヒカル,https://www.billboard-japan.com/charts/detail?a=hot100&year=2016&month=08&day=01
2016,hot100,2016-07-27,85,金の愛、銀の愛,SKE48,https://www.billboard-japan.com/charts/detail?a=hot100&year=2016&month=08&day=01
2016,hot100,2016-07-27,86,FANTASTIC BABY,BIGBANG,https://www.billboard-japan.com/charts/detail?a=hot100&year=2016&month=08&day=01
2016,hot100,2016-07-27,87,RUN THIS TOWN,GENERATIONS from EXILE TRIBE,https://www.billboard-japan.com/charts/detail?a=hot100&year=2016&month=08&day=01
2016,hot100,2016-07-27,88,Princess,miwa,https://www.billboard-japan.com/charts/detail?a=hot100&year=2016&month=08&day=01
2016,hot100,2016-07-27,89,Yell,AAA,https://www.billboard-japan.com/charts/detail?a=hot100&year=2016&month=08&day=01
2016,hot100,2016-07-27,90,イントゥ・ユー,アリアナ・グランデ,https://www.billboard-japan.com/charts/detail?a=hot100&year=2016&month=08&day=01
2016,hot100,2016-07-27,91,トライ・エヴリシング,Dream Ami,https://www.billboard-japan.com/charts/detail?a=hot100&year=2016&month=08&day=01
2016,hot100,2016-07-27,92,Freaking Cute,BEAST,https://www.billboard-japan.com/charts/detail?a=hot100&year=2016&month=08&day=01
2016,hot100,2016-07-27,93,ダーク・ネセシティーズ,レッド・ホット・チリ・ペッパーズ,https://www.billboard-japan.com/charts/detail?a=hot100&year=2016&month=08&day=01
2016,hot100,2016-07-27,94,千本桜,WhiteFlame feat.初音ミク,https://www.billboard-japan.com/charts/detail?a=hot100&year=2016&month=08&day=01
2016,hot100,2016-07-27,95,メイク・ミー feat.Gイージー,ブリトニー・スピアーズ,https://www.billboard-japan.com/charts/detail?a=hot100&year=2016&month=08&day=01
2016,hot100,2016-07-27,96,ディス・イズ・ホワット・ユー・ケイム・フォー feat.リアーナ,カルヴィン・ハリス,https://www.billboard-japan.com/charts/detail?a=hot100&year=2016&month=08&day=01
2016,hot100,2016-07-27,97,君がくれた夏,家入レオ,https://www.billboard-japan.com/charts/detail?a=hot100&year=2016&month=08&day=01
2016,hot100,2016-07-27,98,STAY TUNE,Suchmos,https://www.billboard-japan.com/charts/detail?a=hot100&year=2016&month=08&day=01
2016,hot100,2016-07-27,99,シェイク・イット・オフ〜気にしてなんかいられないっ!!,テイラー・スウィフト,https://www.billboard-japan.com/charts/detail?a=hot100&year=2016&month=08&day=01
2016,hot100,2016-07-27,100,Electric Girl,Czecho No Republic,https://www.billboard-japan.com/charts/detail?a=hot100&year=2016&month=08&day=01
2016,hot100,2016-08-03,1,裸足でSummer,乃木坂46,https://www.billboard-japan.com/charts/detail?a=hot100&year=2016&month=08&day=08
2016,hot100,2016-08-03,2,人生は素晴らしい,ジャニーズWEST,https://www.billboard-japan.com/charts/detail?a=hot100&year=2016&month=08&day=08
2016,hot100,2016-08-03,3,Hero,安室奈美恵,https://www.billboard-japan.com/charts/detail?a=hot100&year=2016&month=08&day=08
2016,hot100,2016-08-03,4,前前前世,RADWIMPS,https://www.billboard-japan.com/charts/detail?a=hot100&year=2016&month=08&day=08
2016,hot100,2016-08-03,5,WE ARE GO,UVERworld,https://www.billboard-japan.com/charts/detail?a=hot100&year=2016&month=08&day=08
2016,hot100,2016-08-03,6,サンバ!こぶしジャネイロ,こぶしファクトリー,https://www.billboard-japan.com/charts/detail?a=hot100&year=2016&month=08&day=08
2016,hot100,2016-08-03,7,テイクミーアウト,SCANDAL,https://www.billboard-japan.com/charts/detail?a=hot100&year=2016&month=08&day=08
2016,hot100,2016-08-03,8,生存本能ヴァルキュリア,"新田美波(洲崎綾),鷺沢文香(M・A・O),橘ありす(佐藤亜美菜),高森藍子(金子有希),相葉夕美(木村珠莉)",https://www.billboard-japan.com/charts/detail?a=hot100&year=2016&month=08&day=08
2016,hot100,2016-08-03,9,醒めない,スピッツ,https://www.billboard-japan.com/charts/detail?a=hot100&year=2016&month=08&day=08
2016,hot100,2016-08-03,10,GA GA SUMMER,DOBERMAN INFINITY,https://www.billboard-japan.com/charts/detail?a=hot100&year=2016&month=08&day=08
2016,hot100,2016-08-03,11,翼,藍井エイル,https://www.billboard-japan.com/charts/detail?a=hot100&year=2016&month=08&day=08
2016,hot100,2016-08-03,12,E.G. summer RIDER,E-girls,https://www.billboard-japan.com/charts/detail?a=hot100&year=2016&month=08&day=08
2016,hot100,2016-08-03,13,Lost In The Sky,アフィリア・サーガ,https://www.billboard-japan.com/charts/detail?a=hot100&year=2016&month=08&day=08
2016,hot100,2016-08-03,14,見上げてごらん夜の星を〜ぼくらのうた〜,ゆず,https://www.billboard-japan.com/charts/detail?a=hot100&year=2016&month=08&day=08
2016,hot100,2016-08-03,15,Love for You,夢みるアドレセンス,https://www.billboard-japan.com/charts/detail?a=hot100&year=2016&month=08&day=08
2016,hot100,2016-08-03,16,Joy-ride〜歓喜のドライブ〜,EXILE,https://www.billboard-japan.com/charts/detail?a=hot100&year=2016&month=08&day=08
2016,hot100,2016-08-03,17,Have a nice day,西野カナ,https://www.billboard-japan.com/charts/detail?a=hot100&year=2016&month=08&day=08
2016,hot100,2016-08-03,18,まだ君は知らない MY PRETTIEST GIRL,Nissy(西島隆弘),https://www.billboard-japan.com/charts/detail?a=hot100&year=2016&month=08&day=08
2016,hot100,2016-08-03,19,ナナイロホリデー,SKY-HI,https://www.billboard-japan.com/charts/detail?a=hot100&year=2016&month=08&day=08
2016,hot100,2016-08-03,20,薔薇と太陽,KinKi Kids,https://www.billboard-japan.com/charts/detail?a=hot100&year=2016&month=08&day=08
2016,hot100,2016-08-03,21,詩踏み,DIR EN GREY,https://www.billboard-japan.com/charts/detail?a=hot100&year=2016&month=08&day=08
2016,hot100,2016-08-03,22,ともに,WANIMA,https://www.billboard-japan.com/charts/detail?a=hot100&year=2016&month=08&day=08
2016,hot100,2016-08-03,23,beautiful days,GReeeeN,https://www.billboard-japan.com/charts/detail?a=hot100&year=2016&month=08&day=08
2016,hot100,2016-08-03,24,青空Jumping Heart,Aqours,https://www.billboard-japan.com/charts/detail?a=hot100&year=2016&month=08&day=08
2016,hot100,2016-08-03,25,Never Ending Fantasy,"ディアンサ(水瀬いのり),リナリア(田中美海),ハリエ(小倉唯),ジオラ(高橋未奈美),カンナ(内山夕実)",https://www.billboard-japan.com/charts/detail?a=hot100&year=2016&month=08&day=08
2016,hot100,2016-08-03,26,怒りをくれよ,GLIM SPANKY,https://www.billboard-japan.com/charts/detail?a=hot100&year=2016&month=08&day=08
2016,hot100,2016-08-03,27,Overflows〜言葉にできなくて〜,ナオト・インティライミ,https://www.billboard-japan.com/charts/detail?a=hot100&year=2016&month=08&day=08
2016,hot100,2016-08-03,28,魔法って言っていいかな?,平井堅,https://www.billboard-japan.com/charts/detail?a=hot100&year=2016&month=08&day=08
2016,hot100,2016-08-03,29,星と月のセンテンス,"キタコレ(小野大輔,岸尾だいすけ)",https://www.billboard-japan.com/charts/detail?a=hot100&year=2016&month=08&day=08
2016,hot100,2016-08-03,30,夏だよ!!,X21,https://www.billboard-japan.com/charts/detail?a=hot100&year=2016&month=08&day=08
2016,hot100,2016-08-03,31,イノセント,蒼井翔太,https://www.billboard-japan.com/charts/detail?a=hot100&year=2016&month=08&day=08
2016,hot100,2016-08-03,32,強く尊き獣たち,THE 虎牙道,https://www.billboard-japan.com/charts/detail?a=hot100&year=2016&month=08&day=08
2016,hot100,2016-08-03,33,好きな人がいること,JY,https://www.billboard-japan.com/charts/detail?a=hot100&year=2016&month=08&day=08
2016,hot100,2016-08-03,34,涙,GENERATIONS from EXILE TRIBE,https://www.billboard-japan.com/charts/detail?a=hot100&year=2016&month=08&day=08
2016,hot100,2016-08-03,35,Million Clouds,坂本真綾,https://www.billboard-japan.com/charts/detail?a=hot100&year=2016&month=08&day=08
2016,hot100,2016-08-03,36,The 1st Movement〜未来のための二重奏〜,Altessimo,https://www.billboard-japan.com/charts/detail?a=hot100&year=2016&month=08&day=08
2016,hot100,2016-08-03,37,SAKURAスキップ,fourfolium,https://www.billboard-japan.com/charts/detail?a=hot100&year=2016&month=08&day=08
2016,hot100,2016-08-03,38,海の声,浦島太郎(桐谷健太),https://www.billboard-japan.com/charts/detail?a=hot100&year=2016&month=08&day=08
2016,hot100,2016-08-03,39,アンテナラスト,10-FEET,https://www.billboard-japan.com/charts/detail?a=hot100&year=2016&month=08&day=08
2016,hot100,2016-08-03,40,サイレントマジョリティー,欅坂46,https://www.billboard-japan.com/charts/detail?a=hot100&year=2016&month=08&day=08
2016,hot100,2016-08-03,41,鼓動*アンビシャス,B-PROJECT,https://www.billboard-japan.com/charts/detail?a=hot100&year=2016&month=08&day=08
2016,hot100,2016-08-03,42,Deal with,OLDCODEX,https://www.billboard-japan.com/charts/detail?a=hot100&year=2016&month=08&day=08
2016,hot100,2016-08-03,43,ヨシ子さん,桑田佳祐,https://www.billboard-japan.com/charts/detail?a=hot100&year=2016&month=08&day=08
2016,hot100,2016-08-03,44,花風,VIXX,https://www.billboard-japan.com/charts/detail?a=hot100&year=2016&month=08&day=08
2016,hot100,2016-08-03,45,MINT,Suchmos,https://www.billboard-japan.com/charts/detail?a=hot100&year=2016&month=08&day=08
2016,hot100,2016-08-03,46,Soup,藤原さくら,https://www.billboard-japan.com/charts/detail?a=hot100&year=2016&month=08&day=08
2016,hot100,2016-08-03,47,やさしさで溢れるように,Flower,https://www.billboard-japan.com/charts/detail?a=hot100&year=2016&month=08&day=08
2016,hot100,2016-08-03,48,YEAH!! YEAH!! YEAH!!,EXILE THE SECOND,https://www.billboard-japan.com/charts/detail?a=hot100&year=2016&month=08&day=08
2016,hot100,2016-08-03,49,Gravity,ClariS,https://www.billboard-japan.com/charts/detail?a=hot100&year=2016&month=08&day=08
2016,hot100,2016-08-03,50,コールド・ウォーター feat.ジャスティン・ビーバー & ムー,メジャー・レイザー,https://www.billboard-japan.com/charts/detail?a=hot100&year=2016&month=08&day=08
2016,hot100,2016-08-03,51,ハプニング,Nissy(西島隆弘),https://www.billboard-japan.com/charts/detail?a=hot100&year=2016&month=08&day=08
2016,hot100,2016-08-03,52,レイ・ユー・ダウン・イージー feat.ショーン・ポール,マジック!,https://www.billboard-japan.com/charts/detail?a=hot100&year=2016&month=08&day=08
2016,hot100,2016-08-03,53,バチェロレッテは終わらない,PASSPO☆,https://www.billboard-japan.com/charts/detail?a=hot100&year=2016&month=08&day=08
2016,hot100,2016-08-03,54,世界には愛しかない,欅坂46,https://www.billboard-japan.com/charts/detail?a=hot100&year=2016&month=08&day=08
2016,hot100,2016-08-03,55,キャント・ストップ・ザ・フィーリング!,ジャスティン・ティンバーレイク,https://www.billboard-japan.com/charts/detail?a=hot100&year=2016&month=08&day=08
2016,hot100,2016-08-03,56,ワタリドリ,[Alexandros],https://www.billboard-japan.com/charts/detail?a=hot100&year=2016&month=08&day=08
2016,hot100,2016-08-03,57,FLASH,Perfume,https://www.billboard-japan.com/charts/detail?a=hot100&year=2016&month=08&day=08
2016,hot100,2016-08-03,58,74億分の1の君へ,HKT48,https://www.billboard-japan.com/charts/detail?a=hot100&year=2016&month=08&day=08
2016,hot100,2016-08-03,59,君といた夏,CODE-V,https://www.billboard-japan.com/charts/detail?a=hot100&year=2016&month=08&day=08
2016,hot100,2016-08-03,60,ケーキ・バイ・ザ・オーシャン,DNCE,https://www.billboard-japan.com/charts/detail?a=hot100&year=2016&month=08&day=08
2016,hot100,2016-08-03,61,トリセツ,西野カナ,https://www.billboard-japan.com/charts/detail?a=hot100&year=2016&month=08&day=08
2016,hot100,2016-08-03,62,ひまわりの約束,秦基博,https://www.billboard-japan.com/charts/detail?a=hot100&year=2016&month=08&day=08
2016,hot100,2016-08-03,63,One Sided Love,UNIONE,https://www.billboard-japan.com/charts/detail?a=hot100&year=2016&month=08&day=08
2016,hot100,2016-08-03,64,未来,コブクロ,https://www.billboard-japan.com/charts/detail?a=hot100&year=2016&month=08&day=08
2016,hot100,2016-08-03,65,トーク・トゥ・ミー,キャンディス・スプリングス,https://www.billboard-japan.com/charts/detail?a=hot100&year=2016&month=08&day=08
2016,hot100,2016-08-03,66,ヤシの木のように,ケツメイシ,https://www.billboard-japan.com/charts/detail?a=hot100&year=2016&month=08&day=08
2016,hot100,2016-08-03,67,黒い猫の歌,back number,https://www.billboard-japan.com/charts/detail?a=hot100&year=2016&month=08&day=08
2016,hot100,2016-08-03,68,ポストに声を投げ入れて,YUKI,https://www.billboard-japan.com/charts/detail?a=hot100&year=2016&month=08&day=08
2016,hot100,2016-08-03,69,あなたの好きなところ,西野カナ,https://www.billboard-japan.com/charts/detail?a=hot100&year=2016&month=08&day=08
2016,hot100,2016-08-03,70,STARTING NOW!,水樹奈々,https://www.billboard-japan.com/charts/detail?a=hot100&year=2016&month=08&day=08
2016,hot100,2016-08-03,71,Wherever you are,ONE OK ROCK,https://www.billboard-japan.com/charts/detail?a=hot100&year=2016&month=08&day=08
2016,hot100,2016-08-03,72,恋を知らない君へ,NEWS,https://www.billboard-japan.com/charts/detail?a=hot100&year=2016&month=08&day=08
2016,hot100,2016-08-03,73,chase,batta,https://www.billboard-japan.com/charts/detail?a=hot100&year=2016&month=08&day=08
2016,hot100,2016-08-03,74,GOLDEN TOWER feat.當山みれい,RADIO FISH,https://www.billboard-japan.com/charts/detail?a=hot100&year=2016&month=08&day=08
2016,hot100,2016-08-03,75,MUGEN ROAD,三代目 J Soul Brothers from EXILE TRIBE,https://www.billboard-japan.com/charts/detail?a=hot100&year=2016&month=08&day=08
2016,hot100,2016-08-03,76,R.Y.U.S.E.I.,三代目 J Soul Brothers from EXILE TRIBE,https://www.billboard-japan.com/charts/detail?a=hot100&year=2016&month=08&day=08
2016,hot100,2016-08-03,77,NEW,AAA,https://www.billboard-japan.com/charts/detail?a=hot100&year=2016&month=08&day=08
2016,hot100,2016-08-03,78,Now Loading!!!!,fourfolium,https://www.billboard-japan.com/charts/detail?a=hot100&year=2016&month=08&day=08
2016,hot100,2016-08-03,79,こだま、ことだま。,Bank Band,https://www.billboard-japan.com/charts/detail?a=hot100&year=2016&month=08&day=08
2016,hot100,2016-08-03,80,BANG BANG BANG,BIGBANG,https://www.billboard-japan.com/charts/detail?a=hot100&year=2016&month=08&day=08
2016,hot100,2016-08-03,81,FANTASTIC BABY,BIGBANG,https://www.billboard-japan.com/charts/detail?a=hot100&year=2016&month=08&day=08
2016,hot100,2016-08-03,82,ワーク・フロム・ホーム feat.タイ・ダラー・サイン,フィフス・ハーモニー,https://www.billboard-japan.com/charts/detail?a=hot100&year=2016&month=08&day=08
2016,hot100,2016-08-03,83,カラーバリエーション,ケツメイシ,https://www.billboard-japan.com/charts/detail?a=hot100&year=2016&month=08&day=08
2016,hot100,2016-08-03,84,シュガーソングとビターステップ,UNISON SQUARE GARDEN,https://www.billboard-japan.com/charts/detail?a=hot100&year=2016&month=08&day=08
2016,hot100,2016-08-03,85,Rx Overdrive,CROSSFAITH,https://www.billboard-japan.com/charts/detail?a=hot100&year=2016&month=08&day=08
2016,hot100,2016-08-03,86,You,雨のパレード,https://www.billboard-japan.com/charts/detail?a=hot100&year=2016&month=08&day=08
2016,hot100,2016-08-03,87,にじいろ,絢香,https://www.billboard-japan.com/charts/detail?a=hot100&year=2016&month=08&day=08
2016,hot100,2016-08-03,88,はなび,湘南乃風,https://www.billboard-japan.com/charts/detail?a=hot100&year=2016&month=08&day=08
2016,hot100,2016-08-03,89,僕はいない,NMB48,https://www.billboard-japan.com/charts/detail?a=hot100&year=2016&month=08&day=08
2016,hot100,2016-08-03,90,友よ〜この先もずっと…,ケツメイシ,https://www.billboard-japan.com/charts/detail?a=hot100&year=2016&month=08&day=08
2016,hot100,2016-08-03,91,Pink Champagne,E-girls,https://www.billboard-japan.com/charts/detail?a=hot100&year=2016&month=08&day=08
2016,hot100,2016-08-03,92,花束を君に,宇多田ヒカル,https://www.billboard-japan.com/charts/detail?a=hot100&year=2016&month=08&day=08
2016,hot100,2016-08-03,93,TONIGHT,I Don't Like Mondays.,https://www.billboard-japan.com/charts/detail?a=hot100&year=2016&month=08&day=08
2016,hot100,2016-08-03,94,PERFECT HUMAN,RADIO FISH,https://www.billboard-japan.com/charts/detail?a=hot100&year=2016&month=08&day=08
2016,hot100,2016-08-03,95,Show Me What You've Got,安室奈美恵,https://www.billboard-japan.com/charts/detail?a=hot100&year=2016&month=08&day=08
2016,hot100,2016-08-03,96,罪と夏,関ジャニ∞[エイト],https://www.billboard-japan.com/charts/detail?a=hot100&year=2016&month=08&day=08
2016,hot100,2016-08-03,97,世界に一つだけの花,SMAP,https://www.billboard-japan.com/charts/detail?a=hot100&year=2016&month=08&day=08
2016,hot100,2016-08-03,98,コメット,スピッツ,https://www.billboard-japan.com/charts/detail?a=hot100&year=2016&month=08&day=08
2016,hot100,2016-08-03,99,ナツコイ,井上苑子,https://www.billboard-japan.com/charts/detail?a=hot100&year=2016&month=08&day=08
2016,hot100,2016-08-03,100,永すぎた春,パスピエ,https://www.billboard-japan.com/charts/detail?a=hot100&year=2016&month=08&day=08
2016,hot100,2016-08-10,1,僕はいない,NMB48,https://www.billboard-japan.com/charts/detail?a=hot100&year=2016&month=08&day=15
2016,hot100,2016-08-10,2,ともに,WANIMA,https://www.billboard-japan.com/charts/detail?a=hot100&year=2016&month=08&day=15
2016,hot100,2016-08-10,3,裸足でSummer,乃木坂46,https://www.billboard-japan.com/charts/detail?a=hot100&year=2016&month=08&day=15
2016,hot100,2016-08-10,4,ピカチュウのうた,ピカチュウ(大谷育江),https://www.billboard-japan.com/charts/detail?a=hot100&year=2016&month=08&day=15
2016,hot100,2016-08-10,5,サマータイム!,Apink,https://www.billboard-japan.com/charts/detail?a=hot100&year=2016&month=08&day=15
2016,hot100,2016-08-10,6,Hero,安室奈美恵,https://www.billboard-japan.com/charts/detail?a=hot100&year=2016&month=08&day=15
2016,hot100,2016-08-10,7,決めたよHand in Hand,"高海千歌(伊波杏樹),桜内梨子(逢田梨香子),渡辺曜(斉藤朱夏)",https://www.billboard-japan.com/charts/detail?a=hot100&year=2016&month=08&day=15
2016,hot100,2016-08-10,8,デストピア,GLAY,https://www.billboard-japan.com/charts/detail?a=hot100&year=2016&month=08&day=15
2016,hot100,2016-08-10,9,Good Luck,AOA,https://www.billboard-japan.com/charts/detail?a=hot100&year=2016&month=08&day=15
2016,hot100,2016-08-10,10,前前前世,RADWIMPS,https://www.billboard-japan.com/charts/detail?a=hot100&year=2016&month=08&day=15
2016,hot100,2016-08-10,11,NEO ZIPANG〜UTAGE〜,DANCE EARTH PARTY feat.banvox + DRUM TAO,https://www.billboard-japan.com/charts/detail?a=hot100&year=2016&month=08&day=15
2016,hot100,2016-08-10,12,黒い猫の歌,back number,https://www.billboard-japan.com/charts/detail?a=hot100&year=2016&month=08&day=15
2016,hot100,2016-08-10,13,ヤシの木のように,ケツメイシ,https://www.billboard-japan.com/charts/detail?a=hot100&year=2016&month=08&day=15
2016,hot100,2016-08-10,14,Have a nice day,西野カナ,https://www.billboard-japan.com/charts/detail?a=hot100&year=2016&month=08&day=15
2016,hot100,2016-08-10,15,E.G. summer RIDER,E-girls,https://www.billboard-japan.com/charts/detail?a=hot100&year=2016&month=08&day=15
2016,hot100,2016-08-10,16,ダンシンデレラ,NAUGHTYBOYS,https://www.billboard-japan.com/charts/detail?a=hot100&year=2016&month=08&day=15
2016,hot100,2016-08-10,17,サギグラファー,キュウソネコカミ,https://www.billboard-japan.com/charts/detail?a=hot100&year=2016&month=08&day=15
2016,hot100,2016-08-10,18,ケーキ・バイ・ザ・オーシャン,DNCE,https://www.billboard-japan.com/charts/detail?a=hot100&year=2016&month=08&day=15
2016,hot100,2016-08-10,19,Re:Call,i☆Ris,https://www.billboard-japan.com/charts/detail?a=hot100&year=2016&month=08&day=15
2016,hot100,2016-08-10,20,翼,藍井エイル,https://www.billboard-japan.com/charts/detail?a=hot100&year=2016&month=08&day=15
2016,hot100,2016-08-10,21,Overflows〜言葉にできなくて〜,ナオト・インティライミ,https://www.billboard-japan.com/charts/detail?a=hot100&year=2016&month=08&day=15
2016,hot100,2016-08-10,22,人生は素晴らしい,ジャニーズWEST,https://www.billboard-japan.com/charts/detail?a=hot100&year=2016&month=08&day=15
2016,hot100,2016-08-10,23,好きな人がいること,JY,https://www.billboard-japan.com/charts/detail?a=hot100&year=2016&month=08&day=15
2016,hot100,2016-08-10,24,DIP-BAP,THE ORAL CIGARETTES,https://www.billboard-japan.com/charts/detail?a=hot100&year=2016&month=08&day=15
2016,hot100,2016-08-10,25,Wake We Up,HOWL BE QUIET,https://www.billboard-japan.com/charts/detail?a=hot100&year=2016&month=08&day=15
2016,hot100,2016-08-10,26,ありがとう,SMAP,https://www.billboard-japan.com/charts/detail?a=hot100&year=2016&month=08&day=15
2016,hot100,2016-08-10,27,恋する図形(cubic futurismo),上坂すみれ,https://www.billboard-japan.com/charts/detail?a=hot100&year=2016&month=08&day=15
2016,hot100,2016-08-10,28,サイレントマジョリティー,欅坂46,https://www.billboard-japan.com/charts/detail?a=hot100&year=2016&month=08&day=15
2016,hot100,2016-08-10,29,WE ARE GO,UVERworld,https://www.billboard-japan.com/charts/detail?a=hot100&year=2016&month=08&day=15
2016,hot100,2016-08-10,30,青空Jumping Heart,Aqours,https://www.billboard-japan.com/charts/detail?a=hot100&year=2016&month=08&day=15
2016,hot100,2016-08-10,31,魔法って言っていいかな?,平井堅,https://www.billboard-japan.com/charts/detail?a=hot100&year=2016&month=08&day=15
2016,hot100,2016-08-10,32,海の声,浦島太郎(桐谷健太),https://www.billboard-japan.com/charts/detail?a=hot100&year=2016&month=08&day=15
2016,hot100,2016-08-10,33,まだ君は知らない MY PRETTIEST GIRL,Nissy(西島隆弘),https://www.billboard-japan.com/charts/detail?a=hot100&year=2016&month=08&day=15
2016,hot100,2016-08-10,34,ULTRA 超 MIRACLE SUPER VERY POWER BALL,チームしゃちほこ,https://www.billboard-japan.com/charts/detail?a=hot100&year=2016&month=08&day=15
2016,hot100,2016-08-10,35,醒めない,スピッツ,https://www.billboard-japan.com/charts/detail?a=hot100&year=2016&month=08&day=15
2016,hot100,2016-08-10,36,夢を追う旅人,エレファントカシマシ,https://www.billboard-japan.com/charts/detail?a=hot100&year=2016&month=08&day=15
2016,hot100,2016-08-10,37,世界には愛しかない,欅坂46,https://www.billboard-japan.com/charts/detail?a=hot100&year=2016&month=08&day=15
2016,hot100,2016-08-10,38,コールド・ウォーター feat.ジャスティン・ビーバー & ムー,メジャー・レイザー,https://www.billboard-japan.com/charts/detail?a=hot100&year=2016&month=08&day=15
2016,hot100,2016-08-10,39,さよならひとり,テミン,https://www.billboard-japan.com/charts/detail?a=hot100&year=2016&month=08&day=15
2016,hot100,2016-08-10,40,Soup,藤原さくら,https://www.billboard-japan.com/charts/detail?a=hot100&year=2016&month=08&day=15
2016,hot100,2016-08-10,41,beautiful days,GReeeeN,https://www.billboard-japan.com/charts/detail?a=hot100&year=2016&month=08&day=15
2016,hot100,2016-08-10,42,Let it fly,Leola,https://www.billboard-japan.com/charts/detail?a=hot100&year=2016&month=08&day=15
2016,hot100,2016-08-10,43,YEAH!! YEAH!! YEAH!!,EXILE THE SECOND,https://www.billboard-japan.com/charts/detail?a=hot100&year=2016&month=08&day=15
2016,hot100,2016-08-10,44,1461日,福山雅治,https://www.billboard-japan.com/charts/detail?a=hot100&year=2016&month=08&day=15
2016,hot100,2016-08-10,45,カミイロアワセ,binaria,https://www.billboard-japan.com/charts/detail?a=hot100&year=2016&month=08&day=15
2016,hot100,2016-08-10,46,やさしさで溢れるように,Flower,https://www.billboard-japan.com/charts/detail?a=hot100&year=2016&month=08&day=15
2016,hot100,2016-08-10,47,怒りをくれよ,GLIM SPANKY,https://www.billboard-japan.com/charts/detail?a=hot100&year=2016&month=08&day=15
2016,hot100,2016-08-10,48,鼓動*アンビシャス,B-PROJECT,https://www.billboard-japan.com/charts/detail?a=hot100&year=2016&month=08&day=15
2016,hot100,2016-08-10,49,世界に一つだけの花,SMAP,https://www.billboard-japan.com/charts/detail?a=hot100&year=2016&month=08&day=15
2016,hot100,2016-08-10,50,恋を知らない君へ,NEWS,https://www.billboard-japan.com/charts/detail?a=hot100&year=2016&month=08&day=15
2016,hot100,2016-08-10,51,Wherever you are,ONE OK ROCK,https://www.billboard-japan.com/charts/detail?a=hot100&year=2016&month=08&day=15
2016,hot100,2016-08-10,52,罪と夏,関ジャニ∞[エイト],https://www.billboard-japan.com/charts/detail?a=hot100&year=2016&month=08&day=15
2016,hot100,2016-08-10,53,トリセツ,西野カナ,https://www.billboard-japan.com/charts/detail?a=hot100&year=2016&month=08&day=15
2016,hot100,2016-08-10,54,今しかない〜now or never〜,岩永亞美,https://www.billboard-japan.com/charts/detail?a=hot100&year=2016&month=08&day=15
2016,hot100,2016-08-10,55,友よ〜この先もずっと…,ケツメイシ,https://www.billboard-japan.com/charts/detail?a=hot100&year=2016&month=08&day=15
2016,hot100,2016-08-10,56,NEW,AAA,https://www.billboard-japan.com/charts/detail?a=hot100&year=2016&month=08&day=15
2016,hot100,2016-08-10,57,未来,コブクロ,https://www.billboard-japan.com/charts/detail?a=hot100&year=2016&month=08&day=15
2016,hot100,2016-08-10,58,BANG BANG BANG,BIGBANG,https://www.billboard-japan.com/charts/detail?a=hot100&year=2016&month=08&day=15
2016,hot100,2016-08-10,59,涙,GENERATIONS from EXILE TRIBE,https://www.billboard-japan.com/charts/detail?a=hot100&year=2016&month=08&day=15
2016,hot100,2016-08-10,60,テイクミーアウト,SCANDAL,https://www.billboard-japan.com/charts/detail?a=hot100&year=2016&month=08&day=15
2016,hot100,2016-08-10,61,ヨシ子さん,桑田佳祐,https://www.billboard-japan.com/charts/detail?a=hot100&year=2016&month=08&day=15
2016,hot100,2016-08-10,62,ワタリドリ,[Alexandros],https://www.billboard-japan.com/charts/detail?a=hot100&year=2016&month=08&day=15
2016,hot100,2016-08-10,63,LOVE TRIP,AKB48,https://www.billboard-japan.com/charts/detail?a=hot100&year=2016&month=08&day=15
2016,hot100,2016-08-10,64,Have Dreams!,May J.,https://www.billboard-japan.com/charts/detail?a=hot100&year=2016&month=08&day=15
2016,hot100,2016-08-10,65,キャント・ストップ・ザ・フィーリング!,ジャスティン・ティンバーレイク,https://www.billboard-japan.com/charts/detail?a=hot100&year=2016&month=08&day=15
2016,hot100,2016-08-10,66,ひまわりの約束,秦基博,https://www.billboard-japan.com/charts/detail?a=hot100&year=2016&month=08&day=15
2016,hot100,2016-08-10,67,SAKURAスキップ,fourfolium,https://www.billboard-japan.com/charts/detail?a=hot100&year=2016&month=08&day=15
2016,hot100,2016-08-10,68,シュガーソングとビターステップ,UNISON SQUARE GARDEN,https://www.billboard-japan.com/charts/detail?a=hot100&year=2016&month=08&day=15
2016,hot100,2016-08-10,69,R.Y.U.S.E.I.,三代目 J Soul Brothers from EXILE TRIBE,https://www.billboard-japan.com/charts/detail?a=hot100&year=2016&month=08&day=15
2016,hot100,2016-08-10,70,あなたの好きなところ,西野カナ,https://www.billboard-japan.com/charts/detail?a=hot100&year=2016&month=08&day=15
2016,hot100,2016-08-10,71,Lotus Pain,綾野ましろ,https://www.billboard-japan.com/charts/detail?a=hot100&year=2016&month=08&day=15
2016,hot100,2016-08-10,72,FANTASTIC BABY,BIGBANG,https://www.billboard-japan.com/charts/detail?a=hot100&year=2016&month=08&day=15
2016,hot100,2016-08-10,73,アリア,BUMP OF CHICKEN,https://www.billboard-japan.com/charts/detail?a=hot100&year=2016&month=08&day=15
2016,hot100,2016-08-10,74,恋音と雨空,AAA,https://www.billboard-japan.com/charts/detail?a=hot100&year=2016&month=08&day=15
2016,hot100,2016-08-10,75,にじいろ,絢香,https://www.billboard-japan.com/charts/detail?a=hot100&year=2016&month=08&day=15
2016,hot100,2016-08-10,76,ワーク・フロム・ホーム feat.タイ・ダラー・サイン,フィフス・ハーモニー,https://www.billboard-japan.com/charts/detail?a=hot100&year=2016&month=08&day=15
2016,hot100,2016-08-10,77,The Great Journey feat.RHYMESTER,KIRINJI,https://www.billboard-japan.com/charts/detail?a=hot100&year=2016&month=08&day=15
2016,hot100,2016-08-10,78,"Dreamland｡ feat.RED RICE(from 湘南乃風),CICO(from BENNIE K)",ハジ→,https://www.billboard-japan.com/charts/detail?a=hot100&year=2016&month=08&day=15
2016,hot100,2016-08-10,79,MUGEN ROAD,三代目 J Soul Brothers from EXILE TRIBE,https://www.billboard-japan.com/charts/detail?a=hot100&year=2016&month=08&day=15
2016,hot100,2016-08-10,80,GOLDEN TOWER feat.當山みれい,RADIO FISH,https://www.billboard-japan.com/charts/detail?a=hot100&year=2016&month=08&day=15
2016,hot100,2016-08-10,81,Joy-ride〜歓喜のドライブ〜,EXILE,https://www.billboard-japan.com/charts/detail?a=hot100&year=2016&month=08&day=15
2016,hot100,2016-08-10,82,Bye Bye,藤田ニコル,https://www.billboard-japan.com/charts/detail?a=hot100&year=2016&month=08&day=15
2016,hot100,2016-08-10,83,セルリアンスカッシュ,相坂優歌,https://www.billboard-japan.com/charts/detail?a=hot100&year=2016&month=08&day=15
2016,hot100,2016-08-10,84,アンテナラスト,10-FEET,https://www.billboard-japan.com/charts/detail?a=hot100&year=2016&month=08&day=15
2016,hot100,2016-08-10,85,ダイスキだったらダイジョウブ!,"高海千歌(伊波杏樹),桜内梨子(逢田梨香子),渡辺曜(斉藤朱夏)",https://www.billboard-japan.com/charts/detail?a=hot100&year=2016&month=08&day=15
2016,hot100,2016-08-10,86,生存本能ヴァルキュリア,"新田美波(洲崎綾),鷺沢文香(M・A・O),橘ありす(佐藤亜美菜),高森藍子(金子有希),相葉夕美(木村珠莉)",https://www.billboard-japan.com/charts/detail?a=hot100&year=2016&month=08&day=15
2016,hot100,2016-08-10,87,ハプニング,Nissy(西島隆弘),https://www.billboard-japan.com/charts/detail?a=hot100&year=2016&month=08&day=15
2016,hot100,2016-08-10,88,SUN,星野源,https://www.billboard-japan.com/charts/detail?a=hot100&year=2016&month=08&day=15
2016,hot100,2016-08-10,89,ポストに声を投げ入れて,YUKI,https://www.billboard-japan.com/charts/detail?a=hot100&year=2016&month=08&day=15
2016,hot100,2016-08-10,90,薔薇と太陽,KinKi Kids,https://www.billboard-japan.com/charts/detail?a=hot100&year=2016&month=08&day=15
2016,hot100,2016-08-10,91,MINT,Suchmos,https://www.billboard-japan.com/charts/detail?a=hot100&year=2016&month=08&day=15
2016,hot100,2016-08-10,92,見上げてごらん夜の星を〜ぼくらのうた〜,ゆず,https://www.billboard-japan.com/charts/detail?a=hot100&year=2016&month=08&day=15
2016,hot100,2016-08-10,93,千本桜,WhiteFlame feat.初音ミク,https://www.billboard-japan.com/charts/detail?a=hot100&year=2016&month=08&day=15
2016,hot100,2016-08-10,94,ホープフル,バーズ & メロディ,https://www.billboard-japan.com/charts/detail?a=hot100&year=2016&month=08&day=15
2016,hot100,2016-08-10,95,FLASH,Perfume,https://www.billboard-japan.com/charts/detail?a=hot100&year=2016&month=08&day=15
2016,hot100,2016-08-10,96,DRAMATIC SURF COASTER,吉野裕行,https://www.billboard-japan.com/charts/detail?a=hot100&year=2016&month=08&day=15
2016,hot100,2016-08-10,97,STARTING NOW!,水樹奈々,https://www.billboard-japan.com/charts/detail?a=hot100&year=2016&month=08&day=15
2016,hot100,2016-08-10,98,オール・イン・マイ・ヘッド(フレックス) feat.フェティ・ワップ,フィフス・ハーモニー,https://www.billboard-japan.com/charts/detail?a=hot100&year=2016&month=08&day=15
2016,hot100,2016-08-10,99,絶対希望バースデー,狛枝凪斗(緒方恵美),https://www.billboard-japan.com/charts/detail?a=hot100&year=2016&month=08&day=15
2016,hot100,2016-08-10,100,Pink Champagne,E-girls,https://www.billboard-japan.com/charts/detail?a=hot100&year=2016&month=08&day=15
2016,hot100,2016-08-17,1,世界には愛しかない,欅坂46,https://www.billboard-japan.com/charts/detail?a=hot100&year=2016&month=08&day=22
2016,hot100,2016-08-17,2,Pink Champagne,E-girls,https://www.billboard-japan.com/charts/detail?a=hot100&year=2016&month=08&day=22
2016,hot100,2016-08-17,3,Hero,安室奈美恵,https://www.billboard-japan.com/charts/detail?a=hot100&year=2016&month=08&day=22
2016,hot100,2016-08-17,4,絶対零度θノヴァティック,ワルキューレ,https://www.billboard-japan.com/charts/detail?a=hot100&year=2016&month=08&day=22
2016,hot100,2016-08-17,5,前前前世,RADWIMPS,https://www.billboard-japan.com/charts/detail?a=hot100&year=2016&month=08&day=22
2016,hot100,2016-08-17,6,裸足でSummer,乃木坂46,https://www.billboard-japan.com/charts/detail?a=hot100&year=2016&month=08&day=22
2016,hot100,2016-08-17,7,ともに,WANIMA,https://www.billboard-japan.com/charts/detail?a=hot100&year=2016&month=08&day=22
2016,hot100,2016-08-17,8,夏味ランデブー,M!LK,https://www.billboard-japan.com/charts/detail?a=hot100&year=2016&month=08&day=22
2016,hot100,2016-08-17,9,blaze,Kalafina,https://www.billboard-japan.com/charts/detail?a=hot100&year=2016&month=08&day=22
2016,hot100,2016-08-17,10,Darling Darling,チャン・グンソク,https://www.billboard-japan.com/charts/detail?a=hot100&year=2016&month=08&day=22
2016,hot100,2016-08-17,11,クロスロード,フェアリーズ,https://www.billboard-japan.com/charts/detail?a=hot100&year=2016&month=08&day=22
2016,hot100,2016-08-17,12,ありがとう,SMAP,https://www.billboard-japan.com/charts/detail?a=hot100&year=2016&month=08&day=22
2016,hot100,2016-08-17,13,蝶々結び,Aimer(エメ),https://www.billboard-japan.com/charts/detail?a=hot100&year=2016&month=08&day=22
2016,hot100,2016-08-17,14,鬼,クリープハイプ,https://www.billboard-japan.com/charts/detail?a=hot100&year=2016&month=08&day=22
2016,hot100,2016-08-17,15,世界に一つだけの花,SMAP,https://www.billboard-japan.com/charts/detail?a=hot100&year=2016&month=08&day=22
2016,hot100,2016-08-17,16,僕はいない,NMB48,https://www.billboard-japan.com/charts/detail?a=hot100&year=2016&month=08&day=22
2016,hot100,2016-08-17,17,サイレントマジョリティー,欅坂46,https://www.billboard-japan.com/charts/detail?a=hot100&year=2016&month=08&day=22
2016,hot100,2016-08-17,18,ピカチュウのうた,ピカチュウ(大谷育江),https://www.billboard-japan.com/charts/detail?a=hot100&year=2016&month=08&day=22
2016,hot100,2016-08-17,19,好きな人がいること,JY,https://www.billboard-japan.com/charts/detail?a=hot100&year=2016&month=08&day=22
2016,hot100,2016-08-17,20,E.G. summer RIDER,E-girls,https://www.billboard-japan.com/charts/detail?a=hot100&year=2016&month=08&day=22
2016,hot100,2016-08-17,21,Have a nice day,西野カナ,https://www.billboard-japan.com/charts/detail?a=hot100&year=2016&month=08&day=22
2016,hot100,2016-08-17,22,ワタリドリ,[Alexandros],https://www.billboard-japan.com/charts/detail?a=hot100&year=2016&month=08&day=22
2016,hot100,2016-08-17,23,翼,藍井エイル,https://www.billboard-japan.com/charts/detail?a=hot100&year=2016&month=08&day=22
2016,hot100,2016-08-17,24,ヤシの木のように,ケツメイシ,https://www.billboard-japan.com/charts/detail?a=hot100&year=2016&month=08&day=22
2016,hot100,2016-08-17,25,破滅の純情,ワルキューレ,https://www.billboard-japan.com/charts/detail?a=hot100&year=2016&month=08&day=22
2016,hot100,2016-08-17,26,Overflows〜言葉にできなくて〜,ナオト・インティライミ,https://www.billboard-japan.com/charts/detail?a=hot100&year=2016&month=08&day=22
2016,hot100,2016-08-17,27,ケーキ・バイ・ザ・オーシャン,DNCE,https://www.billboard-japan.com/charts/detail?a=hot100&year=2016&month=08&day=22
2016,hot100,2016-08-17,28,決めたよHand in Hand,"高海千歌(伊波杏樹),桜内梨子(逢田梨香子),渡辺曜(斉藤朱夏)",https://www.billboard-japan.com/charts/detail?a=hot100&year=2016&month=08&day=22
2016,hot100,2016-08-17,29,まだ君は知らない MY PRETTIEST GIRL,Nissy(西島隆弘),https://www.billboard-japan.com/charts/detail?a=hot100&year=2016&month=08&day=22
2016,hot100,2016-08-17,30,Soup,藤原さくら,https://www.billboard-japan.com/charts/detail?a=hot100&year=2016&month=08&day=22
2016,hot100,2016-08-17,31,怒りをくれよ,GLIM SPANKY,https://www.billboard-japan.com/charts/detail?a=hot100&year=2016&month=08&day=22
2016,hot100,2016-08-17,32,コールド・ウォーター feat.ジャスティン・ビーバー & ムー,メジャー・レイザー,https://www.billboard-japan.com/charts/detail?a=hot100&year=2016&month=08&day=22
2016,hot100,2016-08-17,33,1461日,福山雅治,https://www.billboard-japan.com/charts/detail?a=hot100&year=2016&month=08&day=22
2016,hot100,2016-08-17,34,恋を知らない君へ,NEWS,https://www.billboard-japan.com/charts/detail?a=hot100&year=2016&month=08&day=22
2016,hot100,2016-08-17,35,キセキ〜未来へ〜,whiteeeen,https://www.billboard-japan.com/charts/detail?a=hot100&year=2016&month=08&day=22
2016,hot100,2016-08-17,36,黒い猫の歌,back number,https://www.billboard-japan.com/charts/detail?a=hot100&year=2016&month=08&day=22
2016,hot100,2016-08-17,37,デストピア,GLAY,https://www.billboard-japan.com/charts/detail?a=hot100&year=2016&month=08&day=22
2016,hot100,2016-08-17,38,人生は素晴らしい,ジャニーズWEST,https://www.billboard-japan.com/charts/detail?a=hot100&year=2016&month=08&day=22
2016,hot100,2016-08-17,39,NEW,AAA,https://www.billboard-japan.com/charts/detail?a=hot100&year=2016&month=08&day=22
2016,hot100,2016-08-17,40,Wherever you are,ONE OK ROCK,https://www.billboard-japan.com/charts/detail?a=hot100&year=2016&month=08&day=22
2016,hot100,2016-08-17,41,未来,コブクロ,https://www.billboard-japan.com/charts/detail?a=hot100&year=2016&month=08&day=22
2016,hot100,2016-08-17,42,Promise You!!,ゆいかおり(小倉唯&石原夏織),https://www.billboard-japan.com/charts/detail?a=hot100&year=2016&month=08&day=22
2016,hot100,2016-08-17,43,友よ〜この先もずっと…,ケツメイシ,https://www.billboard-japan.com/charts/detail?a=hot100&year=2016&month=08&day=22
2016,hot100,2016-08-17,44,トリセツ,西野カナ,https://www.billboard-japan.com/charts/detail?a=hot100&year=2016&month=08&day=22
2016,hot100,2016-08-17,45,魔法って言っていいかな?,平井堅,https://www.billboard-japan.com/charts/detail?a=hot100&year=2016&month=08&day=22
2016,hot100,2016-08-17,46,ラヴ・マイセルフ,ヘイリー・スタインフェルド,https://www.billboard-japan.com/charts/detail?a=hot100&year=2016&month=08&day=22
2016,hot100,2016-08-17,47,Let it fly,Leola,https://www.billboard-japan.com/charts/detail?a=hot100&year=2016&month=08&day=22
2016,hot100,2016-08-17,48,Wake We Up,HOWL BE QUIET,https://www.billboard-japan.com/charts/detail?a=hot100&year=2016&month=08&day=22
2016,hot100,2016-08-17,49,やさしさで溢れるように,Flower,https://www.billboard-japan.com/charts/detail?a=hot100&year=2016&month=08&day=22
2016,hot100,2016-08-17,50,海の声,浦島太郎(桐谷健太),https://www.billboard-japan.com/charts/detail?a=hot100&year=2016&month=08&day=22
2016,hot100,2016-08-17,51,青空Jumping Heart,Aqours,https://www.billboard-japan.com/charts/detail?a=hot100&year=2016&month=08&day=22
2016,hot100,2016-08-17,52,Summer☆Summer,アキシブProject,https://www.billboard-japan.com/charts/detail?a=hot100&year=2016&month=08&day=22
2016,hot100,2016-08-17,53,鼓動*アンビシャス,B-PROJECT,https://www.billboard-japan.com/charts/detail?a=hot100&year=2016&month=08&day=22
2016,hot100,2016-08-17,54,YEAH!! YEAH!! YEAH!!,EXILE THE SECOND,https://www.billboard-japan.com/charts/detail?a=hot100&year=2016&month=08&day=22
2016,hot100,2016-08-17,55,"Fly High, So High",Goose house,https://www.billboard-japan.com/charts/detail?a=hot100&year=2016&month=08&day=22
2016,hot100,2016-08-17,56,ソーリー,ジャスティン・ビーバー,https://www.billboard-japan.com/charts/detail?a=hot100&year=2016&month=08&day=22
2016,hot100,2016-08-17,57,beautiful days,GReeeeN,https://www.billboard-japan.com/charts/detail?a=hot100&year=2016&month=08&day=22
2016,hot100,2016-08-17,58,さよならひとり,テミン,https://www.billboard-japan.com/charts/detail?a=hot100&year=2016&month=08&day=22
2016,hot100,2016-08-17,59,罪と夏,関ジャニ∞[エイト],https://www.billboard-japan.com/charts/detail?a=hot100&year=2016&month=08&day=22
2016,hot100,2016-08-17,60,光と影の日々,AKB48,https://www.billboard-japan.com/charts/detail?a=hot100&year=2016&month=08&day=22
2016,hot100,2016-08-17,61,キャリー・オン,ノラ・ジョーンズ,https://www.billboard-japan.com/charts/detail?a=hot100&year=2016&month=08&day=22
2016,hot100,2016-08-17,62,BANG BANG BANG,BIGBANG,https://www.billboard-japan.com/charts/detail?a=hot100&year=2016&month=08&day=22
2016,hot100,2016-08-17,63,ドント・レット・ミー・ダウン feat.ダヤ,チェインスモーカーズ,https://www.billboard-japan.com/charts/detail?a=hot100&year=2016&month=08&day=22
2016,hot100,2016-08-17,64,花束を君に,宇多田ヒカル,https://www.billboard-japan.com/charts/detail?a=hot100&year=2016&month=08&day=22
2016,hot100,2016-08-17,65,キャント・ストップ・ザ・フィーリング!,ジャスティン・ティンバーレイク,https://www.billboard-japan.com/charts/detail?a=hot100&year=2016&month=08&day=22
2016,hot100,2016-08-17,66,R.Y.U.S.E.I.,三代目 J Soul Brothers from EXILE TRIBE,https://www.billboard-japan.com/charts/detail?a=hot100&year=2016&month=08&day=22
2016,hot100,2016-08-17,67,ひまわりの約束,秦基博,https://www.billboard-japan.com/charts/detail?a=hot100&year=2016&month=08&day=22
2016,hot100,2016-08-17,68,サギグラファー,キュウソネコカミ,https://www.billboard-japan.com/charts/detail?a=hot100&year=2016&month=08&day=22
2016,hot100,2016-08-17,69,ヨシ子さん,桑田佳祐,https://www.billboard-japan.com/charts/detail?a=hot100&year=2016&month=08&day=22
2016,hot100,2016-08-17,70,SUN,星野源,https://www.billboard-japan.com/charts/detail?a=hot100&year=2016&month=08&day=22
2016,hot100,2016-08-17,71,シュガーソングとビターステップ,UNISON SQUARE GARDEN,https://www.billboard-japan.com/charts/detail?a=hot100&year=2016&month=08&day=22
2016,hot100,2016-08-17,72,醒めない,スピッツ,https://www.billboard-japan.com/charts/detail?a=hot100&year=2016&month=08&day=22
2016,hot100,2016-08-17,73,千本桜,WhiteFlame feat.初音ミク,https://www.billboard-japan.com/charts/detail?a=hot100&year=2016&month=08&day=22
2016,hot100,2016-08-17,74,FANTASTIC BABY,BIGBANG,https://www.billboard-japan.com/charts/detail?a=hot100&year=2016&month=08&day=22
2016,hot100,2016-08-17,75,Joy-ride〜歓喜のドライブ〜,EXILE,https://www.billboard-japan.com/charts/detail?a=hot100&year=2016&month=08&day=22
2016,hot100,2016-08-17,76,あなたの好きなところ,西野カナ,https://www.billboard-japan.com/charts/detail?a=hot100&year=2016&month=08&day=22
2016,hot100,2016-08-17,77,ホワット・ドゥ・ユー・ミーン?,ジャスティン・ビーバー,https://www.billboard-japan.com/charts/detail?a=hot100&year=2016&month=08&day=22
2016,hot100,2016-08-17,78,I seek,嵐,https://www.billboard-japan.com/charts/detail?a=hot100&year=2016&month=08&day=22
2016,hot100,2016-08-17,79,キセキ,GReeeeN,https://www.billboard-japan.com/charts/detail?a=hot100&year=2016&month=08&day=22
2016,hot100,2016-08-17,80,金の愛、銀の愛,SKE48,https://www.billboard-japan.com/charts/detail?a=hot100&year=2016&month=08&day=22
2016,hot100,2016-08-17,81,"Dreamland｡ feat.RED RICE(from 湘南乃風),CICO(from BENNIE K)",ハジ→,https://www.billboard-japan.com/charts/detail?a=hot100&year=2016&month=08&day=22
2016,hot100,2016-08-17,82,見上げてごらん夜の星を〜ぼくらのうた〜,ゆず,https://www.billboard-japan.com/charts/detail?a=hot100&year=2016&month=08&day=22
2016,hot100,2016-08-17,83,SHAKE IT UP,5urprise,https://www.billboard-japan.com/charts/detail?a=hot100&year=2016&month=08&day=22
2016,hot100,2016-08-17,84,ハッピー,ファレル・ウィリアムス,https://www.billboard-japan.com/charts/detail?a=hot100&year=2016&month=08&day=22
2016,hot100,2016-08-17,85,恋音と雨空,AAA,https://www.billboard-japan.com/charts/detail?a=hot100&year=2016&month=08&day=22
2016,hot100,2016-08-17,86,コール・ミー・メイビー,カーリー・レイ・ジェプセン,https://www.billboard-japan.com/charts/detail?a=hot100&year=2016&month=08&day=22
2016,hot100,2016-08-17,87,ホープフル,バーズ & メロディ,https://www.billboard-japan.com/charts/detail?a=hot100&year=2016&month=08&day=22
2016,hot100,2016-08-17,88,風は予告なく吹く,ワルキューレ,https://www.billboard-japan.com/charts/detail?a=hot100&year=2016&month=08&day=22
2016,hot100,2016-08-17,89,SAKURAスキップ,fourfolium,https://www.billboard-japan.com/charts/detail?a=hot100&year=2016&month=08&day=22
2016,hot100,2016-08-17,90,MINT,Suchmos,https://www.billboard-japan.com/charts/detail?a=hot100&year=2016&month=08&day=22
2016,hot100,2016-08-17,91,テイクミーアウト,SCANDAL,https://www.billboard-japan.com/charts/detail?a=hot100&year=2016&month=08&day=22
2016,hot100,2016-08-17,92,ワーク・フロム・ホーム feat.タイ・ダラー・サイン,フィフス・ハーモニー,https://www.billboard-japan.com/charts/detail?a=hot100&year=2016&month=08&day=22
2016,hot100,2016-08-17,93,MUGEN ROAD,三代目 J Soul Brothers from EXILE TRIBE,https://www.billboard-japan.com/charts/detail?a=hot100&year=2016&month=08&day=22
2016,hot100,2016-08-17,94,涙,GENERATIONS from EXILE TRIBE,https://www.billboard-japan.com/charts/detail?a=hot100&year=2016&month=08&day=22
2016,hot100,2016-08-17,95,ウェイク・ミー・アップ!,アヴィーチー,https://www.billboard-japan.com/charts/detail?a=hot100&year=2016&month=08&day=22
2016,hot100,2016-08-17,96,WE ARE GO,UVERworld,https://www.billboard-japan.com/charts/detail?a=hot100&year=2016&month=08&day=22
2016,hot100,2016-08-17,97,Mint,安室奈美恵,https://www.billboard-japan.com/charts/detail?a=hot100&year=2016&month=08&day=22
2016,hot100,2016-08-17,98,365日の紙飛行機,AKB48,https://www.billboard-japan.com/charts/detail?a=hot100&year=2016&month=08&day=22
2016,hot100,2016-08-17,99,FLASH,Perfume,https://www.billboard-japan.com/charts/detail?a=hot100&year=2016&month=08&day=22
2016,hot100,2016-08-17,100,ターンオンタイム!,"春日未来(山崎はるか),最上静香(田所あずさ),箱崎星梨花(麻倉もも)",https://www.billboard-japan.com/charts/detail?a=hot100&year=2016&month=08&day=22
2016,hot100,2016-08-24,1,金の愛、銀の愛,SKE48,https://www.billboard-japan.com/charts/detail?a=hot100&year=2016&month=08&day=29
2016,hot100,2016-08-24,2,Joy-ride〜歓喜のドライブ〜,EXILE,https://www.billboard-japan.com/charts/detail?a=hot100&year=2016&month=08&day=29
2016,hot100,2016-08-24,3,世界に一つだけの花,SMAP,https://www.billboard-japan.com/charts/detail?a=hot100&year=2016&month=08&day=29
2016,hot100,2016-08-24,4,好きな人がいること,JY,https://www.billboard-japan.com/charts/detail?a=hot100&year=2016&month=08&day=29
2016,hot100,2016-08-24,5,Hero,安室奈美恵,https://www.billboard-japan.com/charts/detail?a=hot100&year=2016&month=08&day=29
2016,hot100,2016-08-24,6,ありがとう,SMAP,https://www.billboard-japan.com/charts/detail?a=hot100&year=2016&month=08&day=29
2016,hot100,2016-08-24,7,前前前世,RADWIMPS,https://www.billboard-japan.com/charts/detail?a=hot100&year=2016&month=08&day=29
2016,hot100,2016-08-24,8,蝶々結び,Aimer(エメ),https://www.billboard-japan.com/charts/detail?a=hot100&year=2016&month=08&day=29
2016,hot100,2016-08-24,9,アリア,BUMP OF CHICKEN,https://www.billboard-japan.com/charts/detail?a=hot100&year=2016&month=08&day=29
2016,hot100,2016-08-24,10,純愛カオス,東京パフォーマンスドール,https://www.billboard-japan.com/charts/detail?a=hot100&year=2016&month=08&day=29
2016,hot100,2016-08-24,11,私らしく生きてみたい,Little Glee Monster,https://www.billboard-japan.com/charts/detail?a=hot100&year=2016&month=08&day=29
2016,hot100,2016-08-24,12,世界には愛しかない,欅坂46,https://www.billboard-japan.com/charts/detail?a=hot100&year=2016&month=08&day=29
2016,hot100,2016-08-24,13,DAY DREAM,"DAY DREAM[一十木音也(寺島拓篤),四ノ宮那月(谷山紀章),神宮寺レン(諏訪部順一),来栖翔(下野紘),寿嶺二(森久保祥太郎),黒崎蘭丸(鈴木達央)]",https://www.billboard-japan.com/charts/detail?a=hot100&year=2016&month=08&day=29
2016,hot100,2016-08-24,14,キセキ〜未来へ〜,whiteeeen,https://www.billboard-japan.com/charts/detail?a=hot100&year=2016&month=08&day=29
2016,hot100,2016-08-24,15,裸足でSummer,乃木坂46,https://www.billboard-japan.com/charts/detail?a=hot100&year=2016&month=08&day=29
2016,hot100,2016-08-24,16,ともに,WANIMA,https://www.billboard-japan.com/charts/detail?a=hot100&year=2016&month=08&day=29
2016,hot100,2016-08-24,17,Pink Champagne,E-girls,https://www.billboard-japan.com/charts/detail?a=hot100&year=2016&month=08&day=29
2016,hot100,2016-08-24,18,絶対零度θノヴァティック,ワルキューレ,https://www.billboard-japan.com/charts/detail?a=hot100&year=2016&month=08&day=29
2016,hot100,2016-08-24,19,「星のない夜だから」,drop,https://www.billboard-japan.com/charts/detail?a=hot100&year=2016&month=08&day=29
2016,hot100,2016-08-24,20,JUST DO IT,FTISLAND,https://www.billboard-japan.com/charts/detail?a=hot100&year=2016&month=08&day=29
2016,hot100,2016-08-24,21,CHEER UP! THE SUMMER,山下達郎,https://www.billboard-japan.com/charts/detail?a=hot100&year=2016&month=08&day=29
2016,hot100,2016-08-24,22,Have a nice day,西野カナ,https://www.billboard-japan.com/charts/detail?a=hot100&year=2016&month=08&day=29
2016,hot100,2016-08-24,23,ワタリドリ,[Alexandros],https://www.billboard-japan.com/charts/detail?a=hot100&year=2016&month=08&day=29
2016,hot100,2016-08-24,24,僕はいない,NMB48,https://www.billboard-japan.com/charts/detail?a=hot100&year=2016&month=08&day=29
2016,hot100,2016-08-24,25,DEAD OR LIE,黒崎真音 feat.TRUSTRICK,https://www.billboard-japan.com/charts/detail?a=hot100&year=2016&month=08&day=29
2016,hot100,2016-08-24,26,Overflows〜言葉にできなくて〜,ナオト・インティライミ,https://www.billboard-japan.com/charts/detail?a=hot100&year=2016&month=08&day=29
2016,hot100,2016-08-24,27,サイレントマジョリティー,欅坂46,https://www.billboard-japan.com/charts/detail?a=hot100&year=2016&month=08&day=29
2016,hot100,2016-08-24,28,翼,藍井エイル,https://www.billboard-japan.com/charts/detail?a=hot100&year=2016&month=08&day=29
2016,hot100,2016-08-24,29,SUMMER CHANCE!!,久保ユリカ,https://www.billboard-japan.com/charts/detail?a=hot100&year=2016&month=08&day=29
2016,hot100,2016-08-24,30,Jewel,AAA,https://www.billboard-japan.com/charts/detail?a=hot100&year=2016&month=08&day=29
2016,hot100,2016-08-24,31,E.G. summer RIDER,E-girls,https://www.billboard-japan.com/charts/detail?a=hot100&year=2016&month=08&day=29
2016,hot100,2016-08-24,32,魅力発散タイム,MAP6,https://www.billboard-japan.com/charts/detail?a=hot100&year=2016&month=08&day=29
2016,hot100,2016-08-24,33,ホープフル,バーズ & メロディ,https://www.billboard-japan.com/charts/detail?a=hot100&year=2016&month=08&day=29
2016,hot100,2016-08-24,34,Let it fly,Leola,https://www.billboard-japan.com/charts/detail?a=hot100&year=2016&month=08&day=29
2016,hot100,2016-08-24,35,ラヴ・マイセルフ,ヘイリー・スタインフェルド,https://www.billboard-japan.com/charts/detail?a=hot100&year=2016&month=08&day=29
2016,hot100,2016-08-24,36,キセキ,GReeeeN,https://www.billboard-japan.com/charts/detail?a=hot100&year=2016&month=08&day=29
2016,hot100,2016-08-24,37,まだ君は知らない MY PRETTIEST GIRL,Nissy(西島隆弘),https://www.billboard-japan.com/charts/detail?a=hot100&year=2016&month=08&day=29
2016,hot100,2016-08-24,38,ひだりむね,さくらしめじ,https://www.billboard-japan.com/charts/detail?a=hot100&year=2016&month=08&day=29
2016,hot100,2016-08-24,39,君のようになりたい,Little Glee Monster,https://www.billboard-japan.com/charts/detail?a=hot100&year=2016&month=08&day=29
2016,hot100,2016-08-24,40,約束-Promise code-,GARNiDELiA,https://www.billboard-japan.com/charts/detail?a=hot100&year=2016&month=08&day=29
2016,hot100,2016-08-24,41,ケーキ・バイ・ザ・オーシャン,DNCE,https://www.billboard-japan.com/charts/detail?a=hot100&year=2016&month=08&day=29
2016,hot100,2016-08-24,42,blaze,Kalafina,https://www.billboard-japan.com/charts/detail?a=hot100&year=2016&month=08&day=29
2016,hot100,2016-08-24,43,クロスロード,フェアリーズ,https://www.billboard-japan.com/charts/detail?a=hot100&year=2016&month=08&day=29
2016,hot100,2016-08-24,44,鬼,クリープハイプ,https://www.billboard-japan.com/charts/detail?a=hot100&year=2016&month=08&day=29
2016,hot100,2016-08-24,45,Wherever you are,ONE OK ROCK,https://www.billboard-japan.com/charts/detail?a=hot100&year=2016&month=08&day=29
2016,hot100,2016-08-24,46,コールド・ウォーター feat.ジャスティン・ビーバー & ムー,メジャー・レイザー,https://www.billboard-japan.com/charts/detail?a=hot100&year=2016&month=08&day=29
2016,hot100,2016-08-24,47,BORN TO BLEED,coldrain,https://www.billboard-japan.com/charts/detail?a=hot100&year=2016&month=08&day=29
2016,hot100,2016-08-24,48,光と影の日々,AKB48,https://www.billboard-japan.com/charts/detail?a=hot100&year=2016&month=08&day=29
2016,hot100,2016-08-24,49,Miracle Night,"天海春香(中村繪里子),菊地真(平田宏美),双海亜美(下田麻美),双海真美(下田麻美),水瀬伊織(釘宮理恵)",https://www.billboard-japan.com/charts/detail?a=hot100&year=2016&month=08&day=29
2016,hot100,2016-08-24,50,魔法って言っていいかな?,平井堅,https://www.billboard-japan.com/charts/detail?a=hot100&year=2016&month=08&day=29
2016,hot100,2016-08-24,51,ピカチュウのうた,ピカチュウ(大谷育江),https://www.billboard-japan.com/charts/detail?a=hot100&year=2016&month=08&day=29
2016,hot100,2016-08-24,52,Swan,[Alexandros],https://www.billboard-japan.com/charts/detail?a=hot100&year=2016&month=08&day=29
2016,hot100,2016-08-24,53,Soup,藤原さくら,https://www.billboard-japan.com/charts/detail?a=hot100&year=2016&month=08&day=29
2016,hot100,2016-08-24,54,トリセツ,西野カナ,https://www.billboard-japan.com/charts/detail?a=hot100&year=2016&month=08&day=29
2016,hot100,2016-08-24,55,ひまわりの約束,秦基博,https://www.billboard-japan.com/charts/detail?a=hot100&year=2016&month=08&day=29
2016,hot100,2016-08-24,56,怒りをくれよ,GLIM SPANKY,https://www.billboard-japan.com/charts/detail?a=hot100&year=2016&month=08&day=29
2016,hot100,2016-08-24,57,beautiful days,GReeeeN,https://www.billboard-japan.com/charts/detail?a=hot100&year=2016&month=08&day=29
2016,hot100,2016-08-24,58,sunlight avenue,寺島拓篤,https://www.billboard-japan.com/charts/detail?a=hot100&year=2016&month=08&day=29
2016,hot100,2016-08-24,59,光の破片,高橋優,https://www.billboard-japan.com/charts/detail?a=hot100&year=2016&month=08&day=29
2016,hot100,2016-08-24,60,SUN,星野源,https://www.billboard-japan.com/charts/detail?a=hot100&year=2016&month=08&day=29
2016,hot100,2016-08-24,61,未来,コブクロ,https://www.billboard-japan.com/charts/detail?a=hot100&year=2016&month=08&day=29
2016,hot100,2016-08-24,62,ウェイク・ミー・アップ!,アヴィーチー,https://www.billboard-japan.com/charts/detail?a=hot100&year=2016&month=08&day=29
2016,hot100,2016-08-24,63,NEW,AAA,https://www.billboard-japan.com/charts/detail?a=hot100&year=2016&month=08&day=29
2016,hot100,2016-08-24,64,海の声,浦島太郎(桐谷健太),https://www.billboard-japan.com/charts/detail?a=hot100&year=2016&month=08&day=29
2016,hot100,2016-08-24,65,糸,EXILE ATSUSHI,https://www.billboard-japan.com/charts/detail?a=hot100&year=2016&month=08&day=29
2016,hot100,2016-08-24,66,友よ〜この先もずっと…,ケツメイシ,https://www.billboard-japan.com/charts/detail?a=hot100&year=2016&month=08&day=29
2016,hot100,2016-08-24,67,ソーリー,ジャスティン・ビーバー,https://www.billboard-japan.com/charts/detail?a=hot100&year=2016&month=08&day=29
2016,hot100,2016-08-24,68,鼓動*アンビシャス,B-PROJECT,https://www.billboard-japan.com/charts/detail?a=hot100&year=2016&month=08&day=29
2016,hot100,2016-08-24,69,やさしさで溢れるように,Flower,https://www.billboard-japan.com/charts/detail?a=hot100&year=2016&month=08&day=29
2016,hot100,2016-08-24,70,青空Jumping Heart,Aqours,https://www.billboard-japan.com/charts/detail?a=hot100&year=2016&month=08&day=29
2016,hot100,2016-08-24,71,破滅の純情,ワルキューレ,https://www.billboard-japan.com/charts/detail?a=hot100&year=2016&month=08&day=29
2016,hot100,2016-08-24,72,スパークル,RADWIMPS,https://www.billboard-japan.com/charts/detail?a=hot100&year=2016&month=08&day=29
2016,hot100,2016-08-24,73,決めたよHand in Hand,"高海千歌(伊波杏樹),桜内梨子(逢田梨香子),渡辺曜(斉藤朱夏)",https://www.billboard-japan.com/charts/detail?a=hot100&year=2016&month=08&day=29
2016,hot100,2016-08-24,74,醒めない,スピッツ,https://www.billboard-japan.com/charts/detail?a=hot100&year=2016&month=08&day=29
2016,hot100,2016-08-24,75,キャリー・オン,ノラ・ジョーンズ,https://www.billboard-japan.com/charts/detail?a=hot100&year=2016&month=08&day=29
2016,hot100,2016-08-24,76,ヤシの木のように,ケツメイシ,https://www.billboard-japan.com/charts/detail?a=hot100&year=2016&month=08&day=29
2016,hot100,2016-08-24,77,ドント・レット・ミー・ダウン feat.ダヤ,チェインスモーカーズ,https://www.billboard-japan.com/charts/detail?a=hot100&year=2016&month=08&day=29
2016,hot100,2016-08-24,78,花束を君に,宇多田ヒカル,https://www.billboard-japan.com/charts/detail?a=hot100&year=2016&month=08&day=29
2016,hot100,2016-08-24,79,love letter,MACO,https://www.billboard-japan.com/charts/detail?a=hot100&year=2016&month=08&day=29
2016,hot100,2016-08-24,80,MUGEN ROAD,三代目 J Soul Brothers from EXILE TRIBE,https://www.billboard-japan.com/charts/detail?a=hot100&year=2016&month=08&day=29
2016,hot100,2016-08-24,81,ハッピー,ファレル・ウィリアムス,https://www.billboard-japan.com/charts/detail?a=hot100&year=2016&month=08&day=29
2016,hot100,2016-08-24,82,BANG BANG BANG,BIGBANG,https://www.billboard-japan.com/charts/detail?a=hot100&year=2016&month=08&day=29
2016,hot100,2016-08-24,83,R.Y.U.S.E.I.,三代目 J Soul Brothers from EXILE TRIBE,https://www.billboard-japan.com/charts/detail?a=hot100&year=2016&month=08&day=29
2016,hot100,2016-08-24,84,YEAH!! YEAH!! YEAH!!,EXILE THE SECOND,https://www.billboard-japan.com/charts/detail?a=hot100&year=2016&month=08&day=29
2016,hot100,2016-08-24,85,千本桜,WhiteFlame feat.初音ミク,https://www.billboard-japan.com/charts/detail?a=hot100&year=2016&month=08&day=29
2016,hot100,2016-08-24,86,恋を知らない君へ,NEWS,https://www.billboard-japan.com/charts/detail?a=hot100&year=2016&month=08&day=29
2016,hot100,2016-08-24,87,涙のない世界,AAA,https://www.billboard-japan.com/charts/detail?a=hot100&year=2016&month=08&day=29
2016,hot100,2016-08-24,88,キャント・ストップ・ザ・フィーリング!,ジャスティン・ティンバーレイク,https://www.billboard-japan.com/charts/detail?a=hot100&year=2016&month=08&day=29
2016,hot100,2016-08-24,89,アップタウン・ファンク feat.ブルーノ・マーズ,マーク・ロンソン,https://www.billboard-japan.com/charts/detail?a=hot100&year=2016&month=08&day=29
2016,hot100,2016-08-24,90,見上げてごらん夜の星を〜ぼくらのうた〜,ゆず,https://www.billboard-japan.com/charts/detail?a=hot100&year=2016&month=08&day=29
2016,hot100,2016-08-24,91,バン・バン,グリーン・デイ,https://www.billboard-japan.com/charts/detail?a=hot100&year=2016&month=08&day=29
2016,hot100,2016-08-24,92,レット・ミー・ラヴ・ユー feat.ジャスティン・ビーバー,DJスネイク,https://www.billboard-japan.com/charts/detail?a=hot100&year=2016&month=08&day=29
2016,hot100,2016-08-24,93,FANTASTIC BABY,BIGBANG,https://www.billboard-japan.com/charts/detail?a=hot100&year=2016&month=08&day=29
2016,hot100,2016-08-24,94,オレンジ,SMAP,https://www.billboard-japan.com/charts/detail?a=hot100&year=2016&month=08&day=29
2016,hot100,2016-08-24,95,シュガーソングとビターステップ,UNISON SQUARE GARDEN,https://www.billboard-japan.com/charts/detail?a=hot100&year=2016&month=08&day=29
2016,hot100,2016-08-24,96,"Dreamland｡ feat.RED RICE(from 湘南乃風),CICO(from BENNIE K)",ハジ→,https://www.billboard-japan.com/charts/detail?a=hot100&year=2016&month=08&day=29
2016,hot100,2016-08-24,97,クローサー feat.ホールジー,チェインスモーカーズ,https://www.billboard-japan.com/charts/detail?a=hot100&year=2016&month=08&day=29
2016,hot100,2016-08-24,98,あなたの好きなところ,西野カナ,https://www.billboard-japan.com/charts/detail?a=hot100&year=2016&month=08&day=29
2016,hot100,2016-08-24,99,罪と夏,関ジャニ∞[エイト],https://www.billboard-japan.com/charts/detail?a=hot100&year=2016&month=08&day=29
2016,hot100,2016-08-24,100,起死回生,和楽器バンド,https://www.billboard-japan.com/charts/detail?a=hot100&year=2016&month=08&day=29
2016,hot100,2016-08-31,1,Sha la la☆Summer Time,Kis-My-Ft2,https://www.billboard-japan.com/charts/detail?a=hot100&year=2016&month=09&day=05
2016,hot100,2016-08-31,2,YAMATO☆Dancing,BOYS AND MEN,https://www.billboard-japan.com/charts/detail?a=hot100&year=2016&month=09&day=05
2016,hot100,2016-08-31,3,前前前世,RADWIMPS,https://www.billboard-japan.com/charts/detail?a=hot100&year=2016&month=09&day=05
2016,hot100,2016-08-31,4,Swan,[Alexandros],https://www.billboard-japan.com/charts/detail?a=hot100&year=2016&month=09&day=05
2016,hot100,2016-08-31,5,ユメ語るよりユメ歌おう,Aqours,https://www.billboard-japan.com/charts/detail?a=hot100&year=2016&month=09&day=05
2016,hot100,2016-08-31,6,Hero,安室奈美恵,https://www.billboard-japan.com/charts/detail?a=hot100&year=2016&month=09&day=05
2016,hot100,2016-08-31,7,Brave Freak Out,LiSA,https://www.billboard-japan.com/charts/detail?a=hot100&year=2016&month=09&day=05
2016,hot100,2016-08-31,8,世界に一つだけの花,SMAP,https://www.billboard-japan.com/charts/detail?a=hot100&year=2016&month=09&day=05
2016,hot100,2016-08-31,9,Shut up!! Shut up!! Shut up!!,EXILE THE SECOND,https://www.billboard-japan.com/charts/detail?a=hot100&year=2016&month=09&day=05
2016,hot100,2016-08-31,10,好きな人がいること,JY,https://www.billboard-japan.com/charts/detail?a=hot100&year=2016&month=09&day=05
2016,hot100,2016-08-31,11,風ノ唄,FLOW,https://www.billboard-japan.com/charts/detail?a=hot100&year=2016&month=09&day=05
2016,hot100,2016-08-31,12,Paradisus-Paradoxum,MYTH & ROID,https://www.billboard-japan.com/charts/detail?a=hot100&year=2016&month=09&day=05
2016,hot100,2016-08-31,13,Joy-ride〜歓喜のドライブ〜,EXILE,https://www.billboard-japan.com/charts/detail?a=hot100&year=2016&month=09&day=05
2016,hot100,2016-08-31,14,世界には愛しかない,欅坂46,https://www.billboard-japan.com/charts/detail?a=hot100&year=2016&month=09&day=05
2016,hot100,2016-08-31,15,蝶々結び,Aimer(エメ),https://www.billboard-japan.com/charts/detail?a=hot100&year=2016&month=09&day=05
2016,hot100,2016-08-31,16,I Love You,Apeace,https://www.billboard-japan.com/charts/detail?a=hot100&year=2016&month=09&day=05
2016,hot100,2016-08-31,17,裸足でSummer,乃木坂46,https://www.billboard-japan.com/charts/detail?a=hot100&year=2016&month=09&day=05
2016,hot100,2016-08-31,18,夏のOh!バイブス,バンドじゃないもん!,https://www.billboard-japan.com/charts/detail?a=hot100&year=2016&month=09&day=05
2016,hot100,2016-08-31,19,ともに,WANIMA,https://www.billboard-japan.com/charts/detail?a=hot100&year=2016&month=09&day=05
2016,hot100,2016-08-31,20,金の愛、銀の愛,SKE48,https://www.billboard-japan.com/charts/detail?a=hot100&year=2016&month=09&day=05
2016,hot100,2016-08-31,21,ありがとう,SMAP,https://www.billboard-japan.com/charts/detail?a=hot100&year=2016&month=09&day=05
2016,hot100,2016-08-31,22,ラストシーン,いきものがかり,https://www.billboard-japan.com/charts/detail?a=hot100&year=2016&month=09&day=05
2016,hot100,2016-08-31,23,Let it fly,Leola,https://www.billboard-japan.com/charts/detail?a=hot100&year=2016&month=09&day=05
2016,hot100,2016-08-31,24,スパークル,RADWIMPS,https://www.billboard-japan.com/charts/detail?a=hot100&year=2016&month=09&day=05
2016,hot100,2016-08-31,25,Stay Alive,エミリア(高橋李依),https://www.billboard-japan.com/charts/detail?a=hot100&year=2016&month=09&day=05
2016,hot100,2016-08-31,26,キセキ〜未来へ〜,whiteeeen,https://www.billboard-japan.com/charts/detail?a=hot100&year=2016&month=09&day=05
2016,hot100,2016-08-31,27,YELLOW,稲葉浩志,https://www.billboard-japan.com/charts/detail?a=hot100&year=2016&month=09&day=05
2016,hot100,2016-08-31,28,ワタリドリ,[Alexandros],https://www.billboard-japan.com/charts/detail?a=hot100&year=2016&month=09&day=05
2016,hot100,2016-08-31,29,アリア,BUMP OF CHICKEN,https://www.billboard-japan.com/charts/detail?a=hot100&year=2016&month=09&day=05
2016,hot100,2016-08-31,30,ジユーダム,椎名林檎,https://www.billboard-japan.com/charts/detail?a=hot100&year=2016&month=09&day=05
2016,hot100,2016-08-31,31,CHEER UP! THE SUMMER,山下達郎,https://www.billboard-japan.com/charts/detail?a=hot100&year=2016&month=09&day=05
2016,hot100,2016-08-31,32,どっとjpジャパーン!,たこやきレインボー,https://www.billboard-japan.com/charts/detail?a=hot100&year=2016&month=09&day=05
2016,hot100,2016-08-31,33,まだ君は知らない MY PRETTIEST GIRL,Nissy(西島隆弘),https://www.billboard-japan.com/charts/detail?a=hot100&year=2016&month=09&day=05
2016,hot100,2016-08-31,34,サイレントマジョリティー,欅坂46,https://www.billboard-japan.com/charts/detail?a=hot100&year=2016&month=09&day=05
2016,hot100,2016-08-31,35,BURN,FLOW,https://www.billboard-japan.com/charts/detail?a=hot100&year=2016&month=09&day=05
2016,hot100,2016-08-31,36,Have a nice day,西野カナ,https://www.billboard-japan.com/charts/detail?a=hot100&year=2016&month=09&day=05
2016,hot100,2016-08-31,37,LOVE TRIP,AKB48,https://www.billboard-japan.com/charts/detail?a=hot100&year=2016&month=09&day=05
2016,hot100,2016-08-31,38,なんでもないや,RADWIMPS,https://www.billboard-japan.com/charts/detail?a=hot100&year=2016&month=09&day=05
2016,hot100,2016-08-31,39,北の出世船,福田こうへい,https://www.billboard-japan.com/charts/detail?a=hot100&year=2016&month=09&day=05
2016,hot100,2016-08-31,40,ホープフル,バーズ & メロディ,https://www.billboard-japan.com/charts/detail?a=hot100&year=2016&month=09&day=05
2016,hot100,2016-08-31,41,私らしく生きてみたい,Little Glee Monster,https://www.billboard-japan.com/charts/detail?a=hot100&year=2016&month=09&day=05
2016,hot100,2016-08-31,42,絶対零度θノヴァティック,ワルキューレ,https://www.billboard-japan.com/charts/detail?a=hot100&year=2016&month=09&day=05
2016,hot100,2016-08-31,43,GRAVITIC-LOVE,Six Gravity,https://www.billboard-japan.com/charts/detail?a=hot100&year=2016&month=09&day=05
2016,hot100,2016-08-31,44,Belief,May'n,https://www.billboard-japan.com/charts/detail?a=hot100&year=2016&month=09&day=05
2016,hot100,2016-08-31,45,僕はいない,NMB48,https://www.billboard-japan.com/charts/detail?a=hot100&year=2016&month=09&day=05
2016,hot100,2016-08-31,46,ラヴ・マイセルフ,ヘイリー・スタインフェルド,https://www.billboard-japan.com/charts/detail?a=hot100&year=2016&month=09&day=05
2016,hot100,2016-08-31,47,ガールズ・トーク・ボーイズ,ファイヴ・セカンズ・オブ・サマー,https://www.billboard-japan.com/charts/detail?a=hot100&year=2016&month=09&day=05
2016,hot100,2016-08-31,48,夢灯籠,RADWIMPS,https://www.billboard-japan.com/charts/detail?a=hot100&year=2016&month=09&day=05
2016,hot100,2016-08-31,49,Pink Champagne,E-girls,https://www.billboard-japan.com/charts/detail?a=hot100&year=2016&month=09&day=05
2016,hot100,2016-08-31,50,翼,藍井エイル,https://www.billboard-japan.com/charts/detail?a=hot100&year=2016&month=09&day=05
2016,hot100,2016-08-31,51,ケーキ・バイ・ザ・オーシャン,DNCE,https://www.billboard-japan.com/charts/detail?a=hot100&year=2016&month=09&day=05
2016,hot100,2016-08-31,52,Do The D-D-T!!,MAGiC BOYZ,https://www.billboard-japan.com/charts/detail?a=hot100&year=2016&month=09&day=05
2016,hot100,2016-08-31,53,Overflows〜言葉にできなくて〜,ナオト・インティライミ,https://www.billboard-japan.com/charts/detail?a=hot100&year=2016&month=09&day=05
2016,hot100,2016-08-31,54,鬼,クリープハイプ,https://www.billboard-japan.com/charts/detail?a=hot100&year=2016&month=09&day=05
2016,hot100,2016-08-31,55,コールド・ウォーター feat.ジャスティン・ビーバー & ムー,メジャー・レイザー,https://www.billboard-japan.com/charts/detail?a=hot100&year=2016&month=09&day=05
2016,hot100,2016-08-31,56,Wherever you are,ONE OK ROCK,https://www.billboard-japan.com/charts/detail?a=hot100&year=2016&month=09&day=05
2016,hot100,2016-08-31,57,魔法って言っていいかな?,平井堅,https://www.billboard-japan.com/charts/detail?a=hot100&year=2016&month=09&day=05
2016,hot100,2016-08-31,58,理由,槇原敬之,https://www.billboard-japan.com/charts/detail?a=hot100&year=2016&month=09&day=05
2016,hot100,2016-08-31,59,E.G. summer RIDER,E-girls,https://www.billboard-japan.com/charts/detail?a=hot100&year=2016&month=09&day=05
2016,hot100,2016-08-31,60,若者のすべて,フジファブリック,https://www.billboard-japan.com/charts/detail?a=hot100&year=2016&month=09&day=05
2016,hot100,2016-08-31,61,鼓動*アンビシャス,B-PROJECT,https://www.billboard-japan.com/charts/detail?a=hot100&year=2016&month=09&day=05
2016,hot100,2016-08-31,62,光の破片,高橋優,https://www.billboard-japan.com/charts/detail?a=hot100&year=2016&month=09&day=05
2016,hot100,2016-08-31,63,13 jours au Japon〜2O2O日本の夏〜,椎名林檎,https://www.billboard-japan.com/charts/detail?a=hot100&year=2016&month=09&day=05
2016,hot100,2016-08-31,64,純愛カオス,東京パフォーマンスドール,https://www.billboard-japan.com/charts/detail?a=hot100&year=2016&month=09&day=05
2016,hot100,2016-08-31,65,ひまわりの約束,秦基博,https://www.billboard-japan.com/charts/detail?a=hot100&year=2016&month=09&day=05
2016,hot100,2016-08-31,66,ハッピー,ファレル・ウィリアムス,https://www.billboard-japan.com/charts/detail?a=hot100&year=2016&month=09&day=05
2016,hot100,2016-08-31,67,トリセツ,西野カナ,https://www.billboard-japan.com/charts/detail?a=hot100&year=2016&month=09&day=05
2016,hot100,2016-08-31,68,SUN,星野源,https://www.billboard-japan.com/charts/detail?a=hot100&year=2016&month=09&day=05
2016,hot100,2016-08-31,69,やさしさで溢れるように,Flower,https://www.billboard-japan.com/charts/detail?a=hot100&year=2016&month=09&day=05
2016,hot100,2016-08-31,70,口の悪い女,篠崎愛,https://www.billboard-japan.com/charts/detail?a=hot100&year=2016&month=09&day=05
2016,hot100,2016-08-31,71,Beautiful Life,Shiggy Jr.,https://www.billboard-japan.com/charts/detail?a=hot100&year=2016&month=09&day=05
2016,hot100,2016-08-31,72,DAY DREAM,"DAY DREAM[一十木音也(寺島拓篤),四ノ宮那月(谷山紀章),神宮寺レン(諏訪部順一),来栖翔(下野紘),寿嶺二(森久保祥太郎),黒崎蘭丸(鈴木達央)]",https://www.billboard-japan.com/charts/detail?a=hot100&year=2016&month=09&day=05
2016,hot100,2016-08-31,73,未来,コブクロ,https://www.billboard-japan.com/charts/detail?a=hot100&year=2016&month=09&day=05
2016,hot100,2016-08-31,74,オレンジ,SMAP,https://www.billboard-japan.com/charts/detail?a=hot100&year=2016&month=09&day=05
2016,hot100,2016-08-31,75,キャント・ストップ・ザ・フィーリング!,ジャスティン・ティンバーレイク,https://www.billboard-japan.com/charts/detail?a=hot100&year=2016&month=09&day=05
2016,hot100,2016-08-31,76,キセキ,GReeeeN,https://www.billboard-japan.com/charts/detail?a=hot100&year=2016&month=09&day=05
2016,hot100,2016-08-31,77,友よ〜この先もずっと…,ケツメイシ,https://www.billboard-japan.com/charts/detail?a=hot100&year=2016&month=09&day=05
2016,hot100,2016-08-31,78,Soup,藤原さくら,https://www.billboard-japan.com/charts/detail?a=hot100&year=2016&month=09&day=05
2016,hot100,2016-08-31,79,花束を君に,宇多田ヒカル,https://www.billboard-japan.com/charts/detail?a=hot100&year=2016&month=09&day=05
2016,hot100,2016-08-31,80,クローサー feat.ホールジー,チェインスモーカーズ,https://www.billboard-japan.com/charts/detail?a=hot100&year=2016&month=09&day=05
2016,hot100,2016-08-31,81,Wishing,レム(水瀬いのり),https://www.billboard-japan.com/charts/detail?a=hot100&year=2016&month=09&day=05
2016,hot100,2016-08-31,82,天使の悪戯〜消えて行かないで〜,川上大輔,https://www.billboard-japan.com/charts/detail?a=hot100&year=2016&month=09&day=05
2016,hot100,2016-08-31,83,BANG BANG BANG,BIGBANG,https://www.billboard-japan.com/charts/detail?a=hot100&year=2016&month=09&day=05
2016,hot100,2016-08-31,84,夏の終わり,森山直太朗,https://www.billboard-japan.com/charts/detail?a=hot100&year=2016&month=09&day=05
2016,hot100,2016-08-31,85,トライ・エヴリシング,Dream Ami,https://www.billboard-japan.com/charts/detail?a=hot100&year=2016&month=09&day=05
2016,hot100,2016-08-31,86,R.Y.U.S.E.I.,三代目 J Soul Brothers from EXILE TRIBE,https://www.billboard-japan.com/charts/detail?a=hot100&year=2016&month=09&day=05
2016,hot100,2016-08-31,87,海の声,浦島太郎(桐谷健太),https://www.billboard-japan.com/charts/detail?a=hot100&year=2016&month=09&day=05
2016,hot100,2016-08-31,88,少年時代,井上陽水,https://www.billboard-japan.com/charts/detail?a=hot100&year=2016&month=09&day=05
2016,hot100,2016-08-31,89,青空Jumping Heart,Aqours,https://www.billboard-japan.com/charts/detail?a=hot100&year=2016&month=09&day=05
2016,hot100,2016-08-31,90,ソーリー,ジャスティン・ビーバー,https://www.billboard-japan.com/charts/detail?a=hot100&year=2016&month=09&day=05
2016,hot100,2016-08-31,91,キャリー・オン,ノラ・ジョーンズ,https://www.billboard-japan.com/charts/detail?a=hot100&year=2016&month=09&day=05
2016,hot100,2016-08-31,92,FANTASTIC BABY,BIGBANG,https://www.billboard-japan.com/charts/detail?a=hot100&year=2016&month=09&day=05
2016,hot100,2016-08-31,93,365日の紙飛行機,AKB48,https://www.billboard-japan.com/charts/detail?a=hot100&year=2016&month=09&day=05
2016,hot100,2016-08-31,94,決めたよHand in Hand,"高海千歌(伊波杏樹),桜内梨子(逢田梨香子),渡辺曜(斉藤朱夏)",https://www.billboard-japan.com/charts/detail?a=hot100&year=2016&month=09&day=05
2016,hot100,2016-08-31,95,NEW,AAA,https://www.billboard-japan.com/charts/detail?a=hot100&year=2016&month=09&day=05
2016,hot100,2016-08-31,96,千本桜,WhiteFlame feat.初音ミク,https://www.billboard-japan.com/charts/detail?a=hot100&year=2016&month=09&day=05
2016,hot100,2016-08-31,97,DEAD OR LIE,黒崎真音 feat.TRUSTRICK,https://www.billboard-japan.com/charts/detail?a=hot100&year=2016&month=09&day=05
2016,hot100,2016-08-31,98,FLASH,Perfume,https://www.billboard-japan.com/charts/detail?a=hot100&year=2016&month=09&day=05
2016,hot100,2016-08-31,99,いつかの自分,anderlust,https://www.billboard-japan.com/charts/detail?a=hot100&year=2016&month=09&day=05
2016,hot100,2016-08-31,100,恋を知らない君へ,NEWS,https://www.billboard-japan.com/charts/detail?a=hot100&year=2016&month=09&day=05
2016,hot100,2016-09-07,1,LOVE TRIP,AKB48,https://www.billboard-japan.com/charts/detail?a=hot100&year=2016&month=09&day=12
2016,hot100,2016-09-07,2,前前前世,RADWIMPS,https://www.billboard-japan.com/charts/detail?a=hot100&year=2016&month=09&day=12
2016,hot100,2016-09-07,3,好きな人がいること,JY,https://www.billboard-japan.com/charts/detail?a=hot100&year=2016&month=09&day=12
2016,hot100,2016-09-07,4,スパークル,RADWIMPS,https://www.billboard-japan.com/charts/detail?a=hot100&year=2016&month=09&day=12
2016,hot100,2016-09-07,5,ラブサマ!!!,SUPER☆GiRLS,https://www.billboard-japan.com/charts/detail?a=hot100&year=2016&month=09&day=12
2016,hot100,2016-09-07,6,なんでもないや,RADWIMPS,https://www.billboard-japan.com/charts/detail?a=hot100&year=2016&month=09&day=12
2016,hot100,2016-09-07,7,夢灯籠,RADWIMPS,https://www.billboard-japan.com/charts/detail?a=hot100&year=2016&month=09&day=12
2016,hot100,2016-09-07,8,世界に一つだけの花,SMAP,https://www.billboard-japan.com/charts/detail?a=hot100&year=2016&month=09&day=12
2016,hot100,2016-09-07,9,裸足でSummer,乃木坂46,https://www.billboard-japan.com/charts/detail?a=hot100&year=2016&month=09&day=12
2016,hot100,2016-09-07,10,Sha la la☆Summer Time,Kis-My-Ft2,https://www.billboard-japan.com/charts/detail?a=hot100&year=2016&month=09&day=12
2016,hot100,2016-09-07,11,Hero,安室奈美恵,https://www.billboard-japan.com/charts/detail?a=hot100&year=2016&month=09&day=12
2016,hot100,2016-09-07,12,Swan,[Alexandros],https://www.billboard-japan.com/charts/detail?a=hot100&year=2016&month=09&day=12
2016,hot100,2016-09-07,13,光の破片,高橋優,https://www.billboard-japan.com/charts/detail?a=hot100&year=2016&month=09&day=12
2016,hot100,2016-09-07,14,他の誰かより悲しい恋をしただけ,Flower,https://www.billboard-japan.com/charts/detail?a=hot100&year=2016&month=09&day=12
2016,hot100,2016-09-07,15,夏恋クレシェンド,さくらシンデレラ,https://www.billboard-japan.com/charts/detail?a=hot100&year=2016&month=09&day=12
2016,hot100,2016-09-07,16,Backstage,w-inds.,https://www.billboard-japan.com/charts/detail?a=hot100&year=2016&month=09&day=12
2016,hot100,2016-09-07,17,世界には愛しかない,欅坂46,https://www.billboard-japan.com/charts/detail?a=hot100&year=2016&month=09&day=12
2016,hot100,2016-09-07,18,RAIMEI,T.M.Revolution,https://www.billboard-japan.com/charts/detail?a=hot100&year=2016&month=09&day=12
2016,hot100,2016-09-07,19,純情Midnight伝説,"向井拓海(原優子),藤本里奈(金子真由美),松永涼(千菅春香),大和亜季(村中知),木村夏樹(安野希世乃)",https://www.billboard-japan.com/charts/detail?a=hot100&year=2016&month=09&day=12
2016,hot100,2016-09-07,20,金の愛、銀の愛,SKE48,https://www.billboard-japan.com/charts/detail?a=hot100&year=2016&month=09&day=12
2016,hot100,2016-09-07,21,エウレカダイアリー,Beit & S.E.M,https://www.billboard-japan.com/charts/detail?a=hot100&year=2016&month=09&day=12
2016,hot100,2016-09-07,22,ONE CHANCE,下野紘,https://www.billboard-japan.com/charts/detail?a=hot100&year=2016&month=09&day=12
2016,hot100,2016-09-07,23,蝶々結び,Aimer(エメ),https://www.billboard-japan.com/charts/detail?a=hot100&year=2016&month=09&day=12
2016,hot100,2016-09-07,24,やさしさで溢れるように,Flower,https://www.billboard-japan.com/charts/detail?a=hot100&year=2016&month=09&day=12
2016,hot100,2016-09-07,25,NOIR〜ノワール〜,風男塾,https://www.billboard-japan.com/charts/detail?a=hot100&year=2016&month=09&day=12
2016,hot100,2016-09-07,26,ラブリー☆メラメラサマータイム,愛乙女☆DOLL,https://www.billboard-japan.com/charts/detail?a=hot100&year=2016&month=09&day=12
2016,hot100,2016-09-07,27,花束を君に,宇多田ヒカル,https://www.billboard-japan.com/charts/detail?a=hot100&year=2016&month=09&day=12
2016,hot100,2016-09-07,28,ともに,WANIMA,https://www.billboard-japan.com/charts/detail?a=hot100&year=2016&month=09&day=12
2016,hot100,2016-09-07,29,しあわせを分けなさい,AKB48,https://www.billboard-japan.com/charts/detail?a=hot100&year=2016&month=09&day=12
2016,hot100,2016-09-07,30,99,MOB CHOIR,https://www.billboard-japan.com/charts/detail?a=hot100&year=2016&month=09&day=12
2016,hot100,2016-09-07,31,風ノ唄,FLOW,https://www.billboard-japan.com/charts/detail?a=hot100&year=2016&month=09&day=12
2016,hot100,2016-09-07,32,INSIDE OF ME feat.Chris Motionless of Motionless In White,VAMPS,https://www.billboard-japan.com/charts/detail?a=hot100&year=2016&month=09&day=12
2016,hot100,2016-09-07,33,ユメ語るよりユメ歌おう,Aqours,https://www.billboard-japan.com/charts/detail?a=hot100&year=2016&month=09&day=12
2016,hot100,2016-09-07,34,Joy-ride〜歓喜のドライブ〜,EXILE,https://www.billboard-japan.com/charts/detail?a=hot100&year=2016&month=09&day=12
2016,hot100,2016-09-07,35,ラストシーン,いきものがかり,https://www.billboard-japan.com/charts/detail?a=hot100&year=2016&month=09&day=12
2016,hot100,2016-09-07,36,魔法って言っていいかな?,平井堅,https://www.billboard-japan.com/charts/detail?a=hot100&year=2016&month=09&day=12
2016,hot100,2016-09-07,37,サイレントマジョリティー,欅坂46,https://www.billboard-japan.com/charts/detail?a=hot100&year=2016&month=09&day=12
2016,hot100,2016-09-07,38,ありがとう,SMAP,https://www.billboard-japan.com/charts/detail?a=hot100&year=2016&month=09&day=12
2016,hot100,2016-09-07,39,Let it fly,Leola,https://www.billboard-japan.com/charts/detail?a=hot100&year=2016&month=09&day=12
2016,hot100,2016-09-07,40,Brave Freak Out,LiSA,https://www.billboard-japan.com/charts/detail?a=hot100&year=2016&month=09&day=12
2016,hot100,2016-09-07,41,まだ君は知らない MY PRETTIEST GIRL,Nissy(西島隆弘),https://www.billboard-japan.com/charts/detail?a=hot100&year=2016&month=09&day=12
2016,hot100,2016-09-07,42,CHEER UP! THE SUMMER,山下達郎,https://www.billboard-japan.com/charts/detail?a=hot100&year=2016&month=09&day=12
2016,hot100,2016-09-07,43,Have a nice day,西野カナ,https://www.billboard-japan.com/charts/detail?a=hot100&year=2016&month=09&day=12
2016,hot100,2016-09-07,44,ワタリドリ,[Alexandros],https://www.billboard-japan.com/charts/detail?a=hot100&year=2016&month=09&day=12
2016,hot100,2016-09-07,45,キセキ〜未来へ〜,whiteeeen,https://www.billboard-japan.com/charts/detail?a=hot100&year=2016&month=09&day=12
2016,hot100,2016-09-07,46,夏の恋人,SHISHAMO,https://www.billboard-japan.com/charts/detail?a=hot100&year=2016&month=09&day=12
2016,hot100,2016-09-07,47,クローサー feat.ホールジー,チェインスモーカーズ,https://www.billboard-japan.com/charts/detail?a=hot100&year=2016&month=09&day=12
2016,hot100,2016-09-07,48,アリア,BUMP OF CHICKEN,https://www.billboard-japan.com/charts/detail?a=hot100&year=2016&month=09&day=12
2016,hot100,2016-09-07,49,ホープフル,バーズ & メロディ,https://www.billboard-japan.com/charts/detail?a=hot100&year=2016&month=09&day=12
2016,hot100,2016-09-07,50,絶対零度θノヴァティック,ワルキューレ,https://www.billboard-japan.com/charts/detail?a=hot100&year=2016&month=09&day=12
2016,hot100,2016-09-07,51,Paradisus-Paradoxum,MYTH & ROID,https://www.billboard-japan.com/charts/detail?a=hot100&year=2016&month=09&day=12
2016,hot100,2016-09-07,52,セプテンバーさん,RADWIMPS,https://www.billboard-japan.com/charts/detail?a=hot100&year=2016&month=09&day=12
2016,hot100,2016-09-07,53,Shut up!! Shut up!! Shut up!!,EXILE THE SECOND,https://www.billboard-japan.com/charts/detail?a=hot100&year=2016&month=09&day=12
2016,hot100,2016-09-07,54,ホワイト・タイガー,イジー・ビズ,https://www.billboard-japan.com/charts/detail?a=hot100&year=2016&month=09&day=12
2016,hot100,2016-09-07,55,鼓動*アンビシャス,B-PROJECT,https://www.billboard-japan.com/charts/detail?a=hot100&year=2016&month=09&day=12
2016,hot100,2016-09-07,56,恋を知らない君へ,NEWS,https://www.billboard-japan.com/charts/detail?a=hot100&year=2016&month=09&day=12
2016,hot100,2016-09-07,57,YELLOW,稲葉浩志,https://www.billboard-japan.com/charts/detail?a=hot100&year=2016&month=09&day=12
2016,hot100,2016-09-07,58,ラヴ・マイセルフ,ヘイリー・スタインフェルド,https://www.billboard-japan.com/charts/detail?a=hot100&year=2016&month=09&day=12
2016,hot100,2016-09-07,59,ROCK this WφRLD,MR.MR,https://www.billboard-japan.com/charts/detail?a=hot100&year=2016&month=09&day=12
2016,hot100,2016-09-07,60,"Key-bring it on, my Destiny-",Lenny code fiction,https://www.billboard-japan.com/charts/detail?a=hot100&year=2016&month=09&day=12
2016,hot100,2016-09-07,61,僕はいない,NMB48,https://www.billboard-japan.com/charts/detail?a=hot100&year=2016&month=09&day=12
2016,hot100,2016-09-07,62,リフレインボーイ,ALL OFF,https://www.billboard-japan.com/charts/detail?a=hot100&year=2016&month=09&day=12
2016,hot100,2016-09-07,63,海の声,浦島太郎(桐谷健太),https://www.billboard-japan.com/charts/detail?a=hot100&year=2016&month=09&day=12
2016,hot100,2016-09-07,64,Overflows〜言葉にできなくて〜,ナオト・インティライミ,https://www.billboard-japan.com/charts/detail?a=hot100&year=2016&month=09&day=12
2016,hot100,2016-09-07,65,コールド・ウォーター feat.ジャスティン・ビーバー & ムー,メジャー・レイザー,https://www.billboard-japan.com/charts/detail?a=hot100&year=2016&month=09&day=12
2016,hot100,2016-09-07,66,R.Y.U.S.E.I.,三代目 J Soul Brothers from EXILE TRIBE,https://www.billboard-japan.com/charts/detail?a=hot100&year=2016&month=09&day=12
2016,hot100,2016-09-07,67,私らしく生きてみたい,Little Glee Monster,https://www.billboard-japan.com/charts/detail?a=hot100&year=2016&month=09&day=12
2016,hot100,2016-09-07,68,HIDE-AND-SEEK,鈴村健一,https://www.billboard-japan.com/charts/detail?a=hot100&year=2016&month=09&day=12
2016,hot100,2016-09-07,69,Power of the Paradise,嵐,https://www.billboard-japan.com/charts/detail?a=hot100&year=2016&month=09&day=12
2016,hot100,2016-09-07,70,鬼,クリープハイプ,https://www.billboard-japan.com/charts/detail?a=hot100&year=2016&month=09&day=12
2016,hot100,2016-09-07,71,過呼吸,TOC,https://www.billboard-japan.com/charts/detail?a=hot100&year=2016&month=09&day=12
2016,hot100,2016-09-07,72,Wherever you are,ONE OK ROCK,https://www.billboard-japan.com/charts/detail?a=hot100&year=2016&month=09&day=12
2016,hot100,2016-09-07,73,ひまわりの約束,秦基博,https://www.billboard-japan.com/charts/detail?a=hot100&year=2016&month=09&day=12
2016,hot100,2016-09-07,74,純愛カオス,東京パフォーマンスドール,https://www.billboard-japan.com/charts/detail?a=hot100&year=2016&month=09&day=12
2016,hot100,2016-09-07,75,翼,藍井エイル,https://www.billboard-japan.com/charts/detail?a=hot100&year=2016&month=09&day=12
2016,hot100,2016-09-07,76,有心論,RADWIMPS,https://www.billboard-japan.com/charts/detail?a=hot100&year=2016&month=09&day=12
2016,hot100,2016-09-07,77,若者のすべて,フジファブリック,https://www.billboard-japan.com/charts/detail?a=hot100&year=2016&month=09&day=12
2016,hot100,2016-09-07,78,Pink Champagne,E-girls,https://www.billboard-japan.com/charts/detail?a=hot100&year=2016&month=09&day=12
2016,hot100,2016-09-07,79,セプテンバー,アース・ウィンド&ファイアー,https://www.billboard-japan.com/charts/detail?a=hot100&year=2016&month=09&day=12
2016,hot100,2016-09-07,80,夏の終わり,森山直太朗,https://www.billboard-japan.com/charts/detail?a=hot100&year=2016&month=09&day=12
2016,hot100,2016-09-07,81,未来,コブクロ,https://www.billboard-japan.com/charts/detail?a=hot100&year=2016&month=09&day=12
2016,hot100,2016-09-07,82,友よ〜この先もずっと…,ケツメイシ,https://www.billboard-japan.com/charts/detail?a=hot100&year=2016&month=09&day=12
2016,hot100,2016-09-07,83,トリセツ,西野カナ,https://www.billboard-japan.com/charts/detail?a=hot100&year=2016&month=09&day=12
2016,hot100,2016-09-07,84,君と羊と青,RADWIMPS,https://www.billboard-japan.com/charts/detail?a=hot100&year=2016&month=09&day=12
2016,hot100,2016-09-07,85,君が好き,西野カナ,https://www.billboard-japan.com/charts/detail?a=hot100&year=2016&month=09&day=12
2016,hot100,2016-09-07,86,千本桜,WhiteFlame feat.初音ミク,https://www.billboard-japan.com/charts/detail?a=hot100&year=2016&month=09&day=12
2016,hot100,2016-09-07,87,ジユーダム,椎名林檎,https://www.billboard-japan.com/charts/detail?a=hot100&year=2016&month=09&day=12
2016,hot100,2016-09-07,88,ハッピー,ファレル・ウィリアムス,https://www.billboard-japan.com/charts/detail?a=hot100&year=2016&month=09&day=12
2016,hot100,2016-09-07,89,ふたりごと,RADWIMPS,https://www.billboard-japan.com/charts/detail?a=hot100&year=2016&month=09&day=12
2016,hot100,2016-09-07,90,Soup,藤原さくら,https://www.billboard-japan.com/charts/detail?a=hot100&year=2016&month=09&day=12
2016,hot100,2016-09-07,91,恋をしたのは,aiko,https://www.billboard-japan.com/charts/detail?a=hot100&year=2016&month=09&day=12
2016,hot100,2016-09-07,92,トライ・エヴリシング,Dream Ami,https://www.billboard-japan.com/charts/detail?a=hot100&year=2016&month=09&day=12
2016,hot100,2016-09-07,93,365日の紙飛行機,AKB48,https://www.billboard-japan.com/charts/detail?a=hot100&year=2016&month=09&day=12
2016,hot100,2016-09-07,94,ザ・ゴールデン・ヒストリー,ももいろクローバーZ,https://www.billboard-japan.com/charts/detail?a=hot100&year=2016&month=09&day=12
2016,hot100,2016-09-07,95,BURN,FLOW,https://www.billboard-japan.com/charts/detail?a=hot100&year=2016&month=09&day=12
2016,hot100,2016-09-07,96,BANG BANG BANG,BIGBANG,https://www.billboard-japan.com/charts/detail?a=hot100&year=2016&month=09&day=12
2016,hot100,2016-09-07,97,E.G. summer RIDER,E-girls,https://www.billboard-japan.com/charts/detail?a=hot100&year=2016&month=09&day=12
2016,hot100,2016-09-07,98,SUN,星野源,https://www.billboard-japan.com/charts/detail?a=hot100&year=2016&month=09&day=12
2016,hot100,2016-09-07,99,キャリー・オン,ノラ・ジョーンズ,https://www.billboard-japan.com/charts/detail?a=hot100&year=2016&month=09&day=12
2016,hot100,2016-09-07,100,FANTASTIC BABY,BIGBANG,https://www.billboard-japan.com/charts/detail?a=hot100&year=2016&month=09&day=12
2016,hot100,2016-09-14,1,最高かよ,HKT48,https://www.billboard-japan.com/charts/detail?a=hot100&year=2016&month=09&day=19
2016,hot100,2016-09-14,2,前前前世,RADWIMPS,https://www.billboard-japan.com/charts/detail?a=hot100&year=2016&month=09&day=19
2016,hot100,2016-09-14,3,世界に一つだけの花,SMAP,https://www.billboard-japan.com/charts/detail?a=hot100&year=2016&month=09&day=19
2016,hot100,2016-09-14,4,ザ・ゴールデン・ヒストリー,ももいろクローバーZ,https://www.billboard-japan.com/charts/detail?a=hot100&year=2016&month=09&day=19
2016,hot100,2016-09-14,5,なんでもないや,RADWIMPS,https://www.billboard-japan.com/charts/detail?a=hot100&year=2016&month=09&day=19
2016,hot100,2016-09-14,6,好きな人がいること,JY,https://www.billboard-japan.com/charts/detail?a=hot100&year=2016&month=09&day=19
2016,hot100,2016-09-14,7,スパークル,RADWIMPS,https://www.billboard-japan.com/charts/detail?a=hot100&year=2016&month=09&day=19
2016,hot100,2016-09-14,8,夢灯籠,RADWIMPS,https://www.billboard-japan.com/charts/detail?a=hot100&year=2016&month=09&day=19
2016,hot100,2016-09-14,9,LOVE TRIP,AKB48,https://www.billboard-japan.com/charts/detail?a=hot100&year=2016&month=09&day=19
2016,hot100,2016-09-14,10,ありがとう,SMAP,https://www.billboard-japan.com/charts/detail?a=hot100&year=2016&month=09&day=19
2016,hot100,2016-09-14,11,創造は始まりの風を連れて,"七尾百合子(伊藤美来),天空橋朋花(小岩井ことり),箱崎星梨花(麻倉もも),松田亜利沙(村川梨衣),ロコ(中村温姫)",https://www.billboard-japan.com/charts/detail?a=hot100&year=2016&month=09&day=19
2016,hot100,2016-09-14,12,夏の恋人,SHISHAMO,https://www.billboard-japan.com/charts/detail?a=hot100&year=2016&month=09&day=19
2016,hot100,2016-09-14,13,Hero,安室奈美恵,https://www.billboard-japan.com/charts/detail?a=hot100&year=2016&month=09&day=19
2016,hot100,2016-09-14,14,Joy-ride〜歓喜のドライブ〜,EXILE,https://www.billboard-japan.com/charts/detail?a=hot100&year=2016&month=09&day=19
2016,hot100,2016-09-14,15,さよならホテル,東京スカパラダイスオーケストラ feat.Ken Yokoyama,https://www.billboard-japan.com/charts/detail?a=hot100&year=2016&month=09&day=19
2016,hot100,2016-09-14,16,Swan,[Alexandros],https://www.billboard-japan.com/charts/detail?a=hot100&year=2016&month=09&day=19
2016,hot100,2016-09-14,17,ラストシーン,いきものがかり,https://www.billboard-japan.com/charts/detail?a=hot100&year=2016&month=09&day=19
2016,hot100,2016-09-14,18,Maybe,Brian the Sun,https://www.billboard-japan.com/charts/detail?a=hot100&year=2016&month=09&day=19
2016,hot100,2016-09-14,19,ホワイト・タイガー,イジー・ビズ,https://www.billboard-japan.com/charts/detail?a=hot100&year=2016&month=09&day=19
2016,hot100,2016-09-14,20,裸足でSummer,乃木坂46,https://www.billboard-japan.com/charts/detail?a=hot100&year=2016&month=09&day=19
2016,hot100,2016-09-14,21,アリア,BUMP OF CHICKEN,https://www.billboard-japan.com/charts/detail?a=hot100&year=2016&month=09&day=19
2016,hot100,2016-09-14,22,想い出の九十九里浜,La PomPon,https://www.billboard-japan.com/charts/detail?a=hot100&year=2016&month=09&day=19
2016,hot100,2016-09-14,23,世界には愛しかない,欅坂46,https://www.billboard-japan.com/charts/detail?a=hot100&year=2016&month=09&day=19
2016,hot100,2016-09-14,24,蝶々結び,Aimer(エメ),https://www.billboard-japan.com/charts/detail?a=hot100&year=2016&month=09&day=19
2016,hot100,2016-09-14,25,花束を君に,宇多田ヒカル,https://www.billboard-japan.com/charts/detail?a=hot100&year=2016&month=09&day=19
2016,hot100,2016-09-14,26,FOREVER,龍雅,https://www.billboard-japan.com/charts/detail?a=hot100&year=2016&month=09&day=19
2016,hot100,2016-09-14,27,金の愛、銀の愛,SKE48,https://www.billboard-japan.com/charts/detail?a=hot100&year=2016&month=09&day=19
2016,hot100,2016-09-14,28,Signal,TK from 凛として時雨,https://www.billboard-japan.com/charts/detail?a=hot100&year=2016&month=09&day=19
2016,hot100,2016-09-14,29,鼓動*アンビシャス,B-PROJECT,https://www.billboard-japan.com/charts/detail?a=hot100&year=2016&month=09&day=19
2016,hot100,2016-09-14,30,ともに,WANIMA,https://www.billboard-japan.com/charts/detail?a=hot100&year=2016&month=09&day=19
2016,hot100,2016-09-14,31,宝物,FLOWER FLOWER,https://www.billboard-japan.com/charts/detail?a=hot100&year=2016&month=09&day=19
2016,hot100,2016-09-14,32,鬼,クリープハイプ,https://www.billboard-japan.com/charts/detail?a=hot100&year=2016&month=09&day=19
2016,hot100,2016-09-14,33,他の誰かより悲しい恋をしただけ,Flower,https://www.billboard-japan.com/charts/detail?a=hot100&year=2016&month=09&day=19
2016,hot100,2016-09-14,34,クローサー feat.ホールジー,チェインスモーカーズ,https://www.billboard-japan.com/charts/detail?a=hot100&year=2016&month=09&day=19
2016,hot100,2016-09-14,35,UNIVERSE,ShuuKaRen,https://www.billboard-japan.com/charts/detail?a=hot100&year=2016&month=09&day=19
2016,hot100,2016-09-14,36,君が好き,西野カナ,https://www.billboard-japan.com/charts/detail?a=hot100&year=2016&month=09&day=19
2016,hot100,2016-09-14,37,サイレントマジョリティー,欅坂46,https://www.billboard-japan.com/charts/detail?a=hot100&year=2016&month=09&day=19
2016,hot100,2016-09-14,38,Have a nice day,西野カナ,https://www.billboard-japan.com/charts/detail?a=hot100&year=2016&month=09&day=19
2016,hot100,2016-09-14,39,#SOTS,Carat,https://www.billboard-japan.com/charts/detail?a=hot100&year=2016&month=09&day=19
2016,hot100,2016-09-14,40,まだ君は知らない MY PRETTIEST GIRL,Nissy(西島隆弘),https://www.billboard-japan.com/charts/detail?a=hot100&year=2016&month=09&day=19
2016,hot100,2016-09-14,41,Come A Long Way,FlowBack,https://www.billboard-japan.com/charts/detail?a=hot100&year=2016&month=09&day=19
2016,hot100,2016-09-14,42,CHEER UP! THE SUMMER,山下達郎,https://www.billboard-japan.com/charts/detail?a=hot100&year=2016&month=09&day=19
2016,hot100,2016-09-14,43,光の破片,高橋優,https://www.billboard-japan.com/charts/detail?a=hot100&year=2016&month=09&day=19
2016,hot100,2016-09-14,44,Eye to Eye,ベリーグッドマン,https://www.billboard-japan.com/charts/detail?a=hot100&year=2016&month=09&day=19
2016,hot100,2016-09-14,45,Shut up!! Shut up!! Shut up!!,EXILE THE SECOND,https://www.billboard-japan.com/charts/detail?a=hot100&year=2016&month=09&day=19
2016,hot100,2016-09-14,46,Taking Off,ONE OK ROCK,https://www.billboard-japan.com/charts/detail?a=hot100&year=2016&month=09&day=19
2016,hot100,2016-09-14,47,WILD WILD WILD,EXILE THE SECOND,https://www.billboard-japan.com/charts/detail?a=hot100&year=2016&month=09&day=19
2016,hot100,2016-09-14,48,僕はいない,NMB48,https://www.billboard-japan.com/charts/detail?a=hot100&year=2016&month=09&day=19
2016,hot100,2016-09-14,49,Overflows〜言葉にできなくて〜,ナオト・インティライミ,https://www.billboard-japan.com/charts/detail?a=hot100&year=2016&month=09&day=19
2016,hot100,2016-09-14,50,始まりの街,尾崎裕哉,https://www.billboard-japan.com/charts/detail?a=hot100&year=2016&month=09&day=19
2016,hot100,2016-09-14,51,ワタリドリ,[Alexandros],https://www.billboard-japan.com/charts/detail?a=hot100&year=2016&month=09&day=19
2016,hot100,2016-09-14,52,恋をしたのは,aiko,https://www.billboard-japan.com/charts/detail?a=hot100&year=2016&month=09&day=19
2016,hot100,2016-09-14,53,Wherever you are,ONE OK ROCK,https://www.billboard-japan.com/charts/detail?a=hot100&year=2016&month=09&day=19
2016,hot100,2016-09-14,54,ザ・グレイテスト feat.ケンドリック・ラマー,シーア,https://www.billboard-japan.com/charts/detail?a=hot100&year=2016&month=09&day=19
2016,hot100,2016-09-14,55,ユメ語るよりユメ歌おう,Aqours,https://www.billboard-japan.com/charts/detail?a=hot100&year=2016&month=09&day=19
2016,hot100,2016-09-14,56,Power of the Paradise,嵐,https://www.billboard-japan.com/charts/detail?a=hot100&year=2016&month=09&day=19
2016,hot100,2016-09-14,57,風ノ唄,FLOW,https://www.billboard-japan.com/charts/detail?a=hot100&year=2016&month=09&day=19
2016,hot100,2016-09-14,58,やさしさで溢れるように,Flower,https://www.billboard-japan.com/charts/detail?a=hot100&year=2016&month=09&day=19
2016,hot100,2016-09-14,59,Paradisus-Paradoxum,MYTH & ROID,https://www.billboard-japan.com/charts/detail?a=hot100&year=2016&month=09&day=19
2016,hot100,2016-09-14,60,Choo Choo SHITAIN,JINTAKA,https://www.billboard-japan.com/charts/detail?a=hot100&year=2016&month=09&day=19
2016,hot100,2016-09-14,61,キャリー・オン,ノラ・ジョーンズ,https://www.billboard-japan.com/charts/detail?a=hot100&year=2016&month=09&day=19
2016,hot100,2016-09-14,62,色褪せない瞳,瀧川ありさ,https://www.billboard-japan.com/charts/detail?a=hot100&year=2016&month=09&day=19
2016,hot100,2016-09-14,63,Sha la la☆Summer Time,Kis-My-Ft2,https://www.billboard-japan.com/charts/detail?a=hot100&year=2016&month=09&day=19
2016,hot100,2016-09-14,64,RAIMEI,T.M.Revolution,https://www.billboard-japan.com/charts/detail?a=hot100&year=2016&month=09&day=19
2016,hot100,2016-09-14,65,コールド・ウォーター feat.ジャスティン・ビーバー & ムー,メジャー・レイザー,https://www.billboard-japan.com/charts/detail?a=hot100&year=2016&month=09&day=19
2016,hot100,2016-09-14,66,絶対零度θノヴァティック,ワルキューレ,https://www.billboard-japan.com/charts/detail?a=hot100&year=2016&month=09&day=19
2016,hot100,2016-09-14,67,友よ〜この先もずっと…,ケツメイシ,https://www.billboard-japan.com/charts/detail?a=hot100&year=2016&month=09&day=19
2016,hot100,2016-09-14,68,Brave Freak Out,LiSA,https://www.billboard-japan.com/charts/detail?a=hot100&year=2016&month=09&day=19
2016,hot100,2016-09-14,69,カヌレ,CHiCO with HoneyWorks,https://www.billboard-japan.com/charts/detail?a=hot100&year=2016&month=09&day=19
2016,hot100,2016-09-14,70,魔法って言っていいかな?,平井堅,https://www.billboard-japan.com/charts/detail?a=hot100&year=2016&month=09&day=19
2016,hot100,2016-09-14,71,R.Y.U.S.E.I.,三代目 J Soul Brothers from EXILE TRIBE,https://www.billboard-japan.com/charts/detail?a=hot100&year=2016&month=09&day=19
2016,hot100,2016-09-14,72,ハッピー,ファレル・ウィリアムス,https://www.billboard-japan.com/charts/detail?a=hot100&year=2016&month=09&day=19
2016,hot100,2016-09-14,73,キセキ〜未来へ〜,whiteeeen,https://www.billboard-japan.com/charts/detail?a=hot100&year=2016&month=09&day=19
2016,hot100,2016-09-14,74,サイド・トゥ・サイド feat.ニッキー・ミナージュ,アリアナ・グランデ,https://www.billboard-japan.com/charts/detail?a=hot100&year=2016&month=09&day=19
2016,hot100,2016-09-14,75,BANG BANG BANG,BIGBANG,https://www.billboard-japan.com/charts/detail?a=hot100&year=2016&month=09&day=19
2016,hot100,2016-09-14,76,nameless,鹿乃,https://www.billboard-japan.com/charts/detail?a=hot100&year=2016&month=09&day=19
2016,hot100,2016-09-14,77,ラヴ・マイセルフ,ヘイリー・スタインフェルド,https://www.billboard-japan.com/charts/detail?a=hot100&year=2016&month=09&day=19
2016,hot100,2016-09-14,78,Over The Rainbow,palet,https://www.billboard-japan.com/charts/detail?a=hot100&year=2016&month=09&day=19
2016,hot100,2016-09-14,79,未来,コブクロ,https://www.billboard-japan.com/charts/detail?a=hot100&year=2016&month=09&day=19
2016,hot100,2016-09-14,80,トリセツ,西野カナ,https://www.billboard-japan.com/charts/detail?a=hot100&year=2016&month=09&day=19
2016,hot100,2016-09-14,81,SUN,星野源,https://www.billboard-japan.com/charts/detail?a=hot100&year=2016&month=09&day=19
2016,hot100,2016-09-14,82,海の声,浦島太郎(桐谷健太),https://www.billboard-japan.com/charts/detail?a=hot100&year=2016&month=09&day=19
2016,hot100,2016-09-14,83,純情Midnight伝説,"向井拓海(原優子),藤本里奈(金子真由美),松永涼(千菅春香),大和亜季(村中知),木村夏樹(安野希世乃)",https://www.billboard-japan.com/charts/detail?a=hot100&year=2016&month=09&day=19
2016,hot100,2016-09-14,84,ひまわりの約束,秦基博,https://www.billboard-japan.com/charts/detail?a=hot100&year=2016&month=09&day=19
2016,hot100,2016-09-14,85,トライ・エヴリシング,Dream Ami,https://www.billboard-japan.com/charts/detail?a=hot100&year=2016&month=09&day=19
2016,hot100,2016-09-14,86,翼,藍井エイル,https://www.billboard-japan.com/charts/detail?a=hot100&year=2016&month=09&day=19
2016,hot100,2016-09-14,87,ボタン,PENGUIN RESEARCH,https://www.billboard-japan.com/charts/detail?a=hot100&year=2016&month=09&day=19
2016,hot100,2016-09-14,88,365日の紙飛行機,AKB48,https://www.billboard-japan.com/charts/detail?a=hot100&year=2016&month=09&day=19
2016,hot100,2016-09-14,89,パーフェクト・イリュージョン,レディー・ガガ,https://www.billboard-japan.com/charts/detail?a=hot100&year=2016&month=09&day=19
2016,hot100,2016-09-14,90,糸,EXILE ATSUSHI,https://www.billboard-japan.com/charts/detail?a=hot100&year=2016&month=09&day=19
2016,hot100,2016-09-14,91,Let it fly,Leola,https://www.billboard-japan.com/charts/detail?a=hot100&year=2016&month=09&day=19
2016,hot100,2016-09-14,92,青春は残酷じゃない,花江夏樹,https://www.billboard-japan.com/charts/detail?a=hot100&year=2016&month=09&day=19
2016,hot100,2016-09-14,93,北の出世船,福田こうへい,https://www.billboard-japan.com/charts/detail?a=hot100&year=2016&month=09&day=19
2016,hot100,2016-09-14,94,私らしく生きてみたい,Little Glee Monster,https://www.billboard-japan.com/charts/detail?a=hot100&year=2016&month=09&day=19
2016,hot100,2016-09-14,95,キセキ,GReeeeN,https://www.billboard-japan.com/charts/detail?a=hot100&year=2016&month=09&day=19
2016,hot100,2016-09-14,96,FLASH,Perfume,https://www.billboard-japan.com/charts/detail?a=hot100&year=2016&month=09&day=19
2016,hot100,2016-09-14,97,Hands up!,Cheeky Parade,https://www.billboard-japan.com/charts/detail?a=hot100&year=2016&month=09&day=19
2016,hot100,2016-09-14,98,Time goes on〜泡のように〜,TETSUYA,https://www.billboard-japan.com/charts/detail?a=hot100&year=2016&month=09&day=19
2016,hot100,2016-09-14,99,Stay Alive,エミリア(高橋李依),https://www.billboard-japan.com/charts/detail?a=hot100&year=2016&month=09&day=19
2016,hot100,2016-09-14,100,グッド・グリーフ,バスティル,https://www.billboard-japan.com/charts/detail?a=hot100&year=2016&month=09&day=19
2016,hot100,2016-09-21,1,Power of the Paradise,嵐,https://www.billboard-japan.com/charts/detail?a=hot100&year=2016&month=09&day=26
2016,hot100,2016-09-21,2,前前前世,RADWIMPS,https://www.billboard-japan.com/charts/detail?a=hot100&year=2016&month=09&day=26
2016,hot100,2016-09-21,3,好きな人がいること,JY,https://www.billboard-japan.com/charts/detail?a=hot100&year=2016&month=09&day=26
2016,hot100,2016-09-21,4,Taking Off,ONE OK ROCK,https://www.billboard-japan.com/charts/detail?a=hot100&year=2016&month=09&day=26
2016,hot100,2016-09-21,5,なんでもないや,RADWIMPS,https://www.billboard-japan.com/charts/detail?a=hot100&year=2016&month=09&day=26
2016,hot100,2016-09-21,6,夢で夜空を照らしたい,"高海千歌(伊波杏樹),桜内梨子(逢田梨香子),渡辺曜(斉藤朱夏),津島善子(小林愛香),国木田花丸(高槻かな子),黒澤ルビィ(降幡愛)",https://www.billboard-japan.com/charts/detail?a=hot100&year=2016&month=09&day=26
2016,hot100,2016-09-21,7,スパークル,RADWIMPS,https://www.billboard-japan.com/charts/detail?a=hot100&year=2016&month=09&day=26
2016,hot100,2016-09-21,8,最高かよ,HKT48,https://www.billboard-japan.com/charts/detail?a=hot100&year=2016&month=09&day=26
2016,hot100,2016-09-21,9,夢灯籠,RADWIMPS,https://www.billboard-japan.com/charts/detail?a=hot100&year=2016&month=09&day=26
2016,hot100,2016-09-21,10,CHEER UP! THE SUMMER,山下達郎,https://www.billboard-japan.com/charts/detail?a=hot100&year=2016&month=09&day=26
2016,hot100,2016-09-21,11,世界に一つだけの花,SMAP,https://www.billboard-japan.com/charts/detail?a=hot100&year=2016&month=09&day=26
2016,hot100,2016-09-21,12,道,宇多田ヒカル,https://www.billboard-japan.com/charts/detail?a=hot100&year=2016&month=09&day=26
2016,hot100,2016-09-21,13,恋,星野源,https://www.billboard-japan.com/charts/detail?a=hot100&year=2016&month=09&day=26
2016,hot100,2016-09-21,14,Hero,安室奈美恵,https://www.billboard-japan.com/charts/detail?a=hot100&year=2016&month=09&day=26
2016,hot100,2016-09-21,15,LOSER,米津玄師,https://www.billboard-japan.com/charts/detail?a=hot100&year=2016&month=09&day=26
2016,hot100,2016-09-21,16,金の愛、銀の愛,SKE48,https://www.billboard-japan.com/charts/detail?a=hot100&year=2016&month=09&day=26
2016,hot100,2016-09-21,17,Endless Summer,チャン・グンソク,https://www.billboard-japan.com/charts/detail?a=hot100&year=2016&month=09&day=26
2016,hot100,2016-09-21,18,Orange,SOLIDEMO,https://www.billboard-japan.com/charts/detail?a=hot100&year=2016&month=09&day=26
2016,hot100,2016-09-21,19,LOVE TRIP,AKB48,https://www.billboard-japan.com/charts/detail?a=hot100&year=2016&month=09&day=26
2016,hot100,2016-09-21,20,裸足でSummer,乃木坂46,https://www.billboard-japan.com/charts/detail?a=hot100&year=2016&month=09&day=26
2016,hot100,2016-09-21,21,ラストシーン,いきものがかり,https://www.billboard-japan.com/charts/detail?a=hot100&year=2016&month=09&day=26
2016,hot100,2016-09-21,22,涙のない世界,AAA,https://www.billboard-japan.com/charts/detail?a=hot100&year=2016&month=09&day=26
2016,hot100,2016-09-21,23,他の誰かより悲しい恋をしただけ,Flower,https://www.billboard-japan.com/charts/detail?a=hot100&year=2016&month=09&day=26
2016,hot100,2016-09-21,24,カヌレ,CHiCO with HoneyWorks,https://www.billboard-japan.com/charts/detail?a=hot100&year=2016&month=09&day=26
2016,hot100,2016-09-21,25,Overflows〜言葉にできなくて〜,ナオト・インティライミ,https://www.billboard-japan.com/charts/detail?a=hot100&year=2016&month=09&day=26
2016,hot100,2016-09-21,26,Joy-ride〜歓喜のドライブ〜,EXILE,https://www.billboard-japan.com/charts/detail?a=hot100&year=2016&month=09&day=26
2016,hot100,2016-09-21,27,アリア,BUMP OF CHICKEN,https://www.billboard-japan.com/charts/detail?a=hot100&year=2016&month=09&day=26
2016,hot100,2016-09-21,28,ザ・ゴールデン・ヒストリー,ももいろクローバーZ,https://www.billboard-japan.com/charts/detail?a=hot100&year=2016&month=09&day=26
2016,hot100,2016-09-21,29,蝶々結び,Aimer(エメ),https://www.billboard-japan.com/charts/detail?a=hot100&year=2016&month=09&day=26
2016,hot100,2016-09-21,30,Good-bye,Superfly,https://www.billboard-japan.com/charts/detail?a=hot100&year=2016&month=09&day=26
2016,hot100,2016-09-21,31,ホワイト・タイガー,イジー・ビズ,https://www.billboard-japan.com/charts/detail?a=hot100&year=2016&month=09&day=26
2016,hot100,2016-09-21,32,CLASSIC,ムック,https://www.billboard-japan.com/charts/detail?a=hot100&year=2016&month=09&day=26
2016,hot100,2016-09-21,33,clever,ClariS × GARNiDELiA,https://www.billboard-japan.com/charts/detail?a=hot100&year=2016&month=09&day=26
2016,hot100,2016-09-21,34,クローサー feat.ホールジー,チェインスモーカーズ,https://www.billboard-japan.com/charts/detail?a=hot100&year=2016&month=09&day=26
2016,hot100,2016-09-21,35,パーフェクト・イリュージョン,レディー・ガガ,https://www.billboard-japan.com/charts/detail?a=hot100&year=2016&month=09&day=26
2016,hot100,2016-09-21,36,ありがとう,いきものがかり,https://www.billboard-japan.com/charts/detail?a=hot100&year=2016&month=09&day=26
2016,hot100,2016-09-21,37,世界には愛しかない,欅坂46,https://www.billboard-japan.com/charts/detail?a=hot100&year=2016&month=09&day=26
2016,hot100,2016-09-21,38,ペテン師ロック,ザ・クロマニヨンズ,https://www.billboard-japan.com/charts/detail?a=hot100&year=2016&month=09&day=26
2016,hot100,2016-09-21,39,君が好き,西野カナ,https://www.billboard-japan.com/charts/detail?a=hot100&year=2016&month=09&day=26
2016,hot100,2016-09-21,40,恋をしたのは,aiko,https://www.billboard-japan.com/charts/detail?a=hot100&year=2016&month=09&day=26
2016,hot100,2016-09-21,41,トリセツ,西野カナ,https://www.billboard-japan.com/charts/detail?a=hot100&year=2016&month=09&day=26
2016,hot100,2016-09-21,42,Swan,[Alexandros],https://www.billboard-japan.com/charts/detail?a=hot100&year=2016&month=09&day=26
2016,hot100,2016-09-21,43,Wherever you are,ONE OK ROCK,https://www.billboard-japan.com/charts/detail?a=hot100&year=2016&month=09&day=26
2016,hot100,2016-09-21,44,Have a nice day,西野カナ,https://www.billboard-japan.com/charts/detail?a=hot100&year=2016&month=09&day=26
2016,hot100,2016-09-21,45,二時間だけのバカンス feat.椎名林檎,宇多田ヒカル,https://www.billboard-japan.com/charts/detail?a=hot100&year=2016&month=09&day=26
2016,hot100,2016-09-21,46,メイク・ミー... feat.Gイージー,ブリトニー・スピアーズ,https://www.billboard-japan.com/charts/detail?a=hot100&year=2016&month=09&day=26
2016,hot100,2016-09-21,47,よかよかダンス,ばってん少女隊,https://www.billboard-japan.com/charts/detail?a=hot100&year=2016&month=09&day=26
2016,hot100,2016-09-21,48,夏の恋人,SHISHAMO,https://www.billboard-japan.com/charts/detail?a=hot100&year=2016&month=09&day=26
2016,hot100,2016-09-21,49,サイレントマジョリティー,欅坂46,https://www.billboard-japan.com/charts/detail?a=hot100&year=2016&month=09&day=26
2016,hot100,2016-09-21,50,ミス・ラビット,エラバレシ,https://www.billboard-japan.com/charts/detail?a=hot100&year=2016&month=09&day=26
2016,hot100,2016-09-21,51,花束を君に,宇多田ヒカル,https://www.billboard-japan.com/charts/detail?a=hot100&year=2016&month=09&day=26
2016,hot100,2016-09-21,52,ともに,WANIMA,https://www.billboard-japan.com/charts/detail?a=hot100&year=2016&month=09&day=26
2016,hot100,2016-09-21,53,もしも僕らがGAMEの主役で,DAOKO,https://www.billboard-japan.com/charts/detail?a=hot100&year=2016&month=09&day=26
2016,hot100,2016-09-21,54,Maybe,Brian the Sun,https://www.billboard-japan.com/charts/detail?a=hot100&year=2016&month=09&day=26
2016,hot100,2016-09-21,55,Eye to Eye,ベリーグッドマン,https://www.billboard-japan.com/charts/detail?a=hot100&year=2016&month=09&day=26
2016,hot100,2016-09-21,56,まだ君は知らない MY PRETTIEST GIRL,Nissy(西島隆弘),https://www.billboard-japan.com/charts/detail?a=hot100&year=2016&month=09&day=26
2016,hot100,2016-09-21,57,R.Y.U.S.E.I.,三代目 J Soul Brothers from EXILE TRIBE,https://www.billboard-japan.com/charts/detail?a=hot100&year=2016&month=09&day=26
2016,hot100,2016-09-21,58,ワタリドリ,[Alexandros],https://www.billboard-japan.com/charts/detail?a=hot100&year=2016&month=09&day=26
2016,hot100,2016-09-21,59,あなたに会えなくなる日まで,Ms.OOJA,https://www.billboard-japan.com/charts/detail?a=hot100&year=2016&month=09&day=26
2016,hot100,2016-09-21,60,やさしさで溢れるように,Flower,https://www.billboard-japan.com/charts/detail?a=hot100&year=2016&month=09&day=26
2016,hot100,2016-09-21,61,人魚姫,Flower,https://www.billboard-japan.com/charts/detail?a=hot100&year=2016&month=09&day=26
2016,hot100,2016-09-21,62,コールド・ウォーター feat.ジャスティン・ビーバー & ムー,メジャー・レイザー,https://www.billboard-japan.com/charts/detail?a=hot100&year=2016&month=09&day=26
2016,hot100,2016-09-21,63,僕はいない,NMB48,https://www.billboard-japan.com/charts/detail?a=hot100&year=2016&month=09&day=26
2016,hot100,2016-09-21,64,Last Dimension〜引き金をひくのは誰だ〜,TRIGGER,https://www.billboard-japan.com/charts/detail?a=hot100&year=2016&month=09&day=26
2016,hot100,2016-09-21,65,ユメ語るよりユメ歌おう,Aqours,https://www.billboard-japan.com/charts/detail?a=hot100&year=2016&month=09&day=26
2016,hot100,2016-09-21,66,ザ・グレイテスト feat.ケンドリック・ラマー,シーア,https://www.billboard-japan.com/charts/detail?a=hot100&year=2016&month=09&day=26
2016,hot100,2016-09-21,67,北の出世船,福田こうへい,https://www.billboard-japan.com/charts/detail?a=hot100&year=2016&month=09&day=26
2016,hot100,2016-09-21,68,友よ〜この先もずっと…,ケツメイシ,https://www.billboard-japan.com/charts/detail?a=hot100&year=2016&month=09&day=26
2016,hot100,2016-09-21,69,鬼,クリープハイプ,https://www.billboard-japan.com/charts/detail?a=hot100&year=2016&month=09&day=26
2016,hot100,2016-09-21,70,にじいろ,絢香,https://www.billboard-japan.com/charts/detail?a=hot100&year=2016&month=09&day=26
2016,hot100,2016-09-21,71,Lovin' You,Crystal Kay,https://www.billboard-japan.com/charts/detail?a=hot100&year=2016&month=09&day=26
2016,hot100,2016-09-21,72,ひまわりの約束,秦基博,https://www.billboard-japan.com/charts/detail?a=hot100&year=2016&month=09&day=26
2016,hot100,2016-09-21,73,キセキ〜未来へ〜,whiteeeen,https://www.billboard-japan.com/charts/detail?a=hot100&year=2016&month=09&day=26
2016,hot100,2016-09-21,74,BANG BANG BANG,BIGBANG,https://www.billboard-japan.com/charts/detail?a=hot100&year=2016&month=09&day=26
2016,hot100,2016-09-21,75,ハッピー,ファレル・ウィリアムス,https://www.billboard-japan.com/charts/detail?a=hot100&year=2016&month=09&day=26
2016,hot100,2016-09-21,76,TIME FLIES,ACE OF SPADES × PKCZ feat.登坂広臣,https://www.billboard-japan.com/charts/detail?a=hot100&year=2016&month=09&day=26
2016,hot100,2016-09-21,77,未来,コブクロ,https://www.billboard-japan.com/charts/detail?a=hot100&year=2016&month=09&day=26
2016,hot100,2016-09-21,78,チェンジ・ザ・ワールド,エリック・クラプトン,https://www.billboard-japan.com/charts/detail?a=hot100&year=2016&month=09&day=26
2016,hot100,2016-09-21,79,Wake up,KANA-BOON,https://www.billboard-japan.com/charts/detail?a=hot100&year=2016&month=09&day=26
2016,hot100,2016-09-21,80,Sha la la☆Summer Time,Kis-My-Ft2,https://www.billboard-japan.com/charts/detail?a=hot100&year=2016&month=09&day=26
2016,hot100,2016-09-21,81,絶対零度θノヴァティック,ワルキューレ,https://www.billboard-japan.com/charts/detail?a=hot100&year=2016&month=09&day=26
2016,hot100,2016-09-21,82,さよならホテル,東京スカパラダイスオーケストラ feat.Ken Yokoyama,https://www.billboard-japan.com/charts/detail?a=hot100&year=2016&month=09&day=26
2016,hot100,2016-09-21,83,The Beginning,ONE OK ROCK,https://www.billboard-japan.com/charts/detail?a=hot100&year=2016&month=09&day=26
2016,hot100,2016-09-21,84,Paradisus-Paradoxum,MYTH & ROID,https://www.billboard-japan.com/charts/detail?a=hot100&year=2016&month=09&day=26
2016,hot100,2016-09-21,85,海の声,浦島太郎(桐谷健太),https://www.billboard-japan.com/charts/detail?a=hot100&year=2016&month=09&day=26
2016,hot100,2016-09-21,86,グッド・グリーフ,バスティル,https://www.billboard-japan.com/charts/detail?a=hot100&year=2016&month=09&day=26
2016,hot100,2016-09-21,87,Horizon,04 Limited Sazabys,https://www.billboard-japan.com/charts/detail?a=hot100&year=2016&month=09&day=26
2016,hot100,2016-09-21,88,キセキ,GReeeeN,https://www.billboard-japan.com/charts/detail?a=hot100&year=2016&month=09&day=26
2016,hot100,2016-09-21,89,beautiful days,GReeeeN,https://www.billboard-japan.com/charts/detail?a=hot100&year=2016&month=09&day=26
2016,hot100,2016-09-21,90,Brave Freak Out,LiSA,https://www.billboard-japan.com/charts/detail?a=hot100&year=2016&month=09&day=26
2016,hot100,2016-09-21,91,Fantastic Time,Hey!Say!JUMP,https://www.billboard-japan.com/charts/detail?a=hot100&year=2016&month=09&day=26
2016,hot100,2016-09-21,92,Always coming back,ONE OK ROCK,https://www.billboard-japan.com/charts/detail?a=hot100&year=2016&month=09&day=26
2016,hot100,2016-09-21,93,FLASH,Perfume,https://www.billboard-japan.com/charts/detail?a=hot100&year=2016&month=09&day=26
2016,hot100,2016-09-21,94,トライ・エヴリシング,Dream Ami,https://www.billboard-japan.com/charts/detail?a=hot100&year=2016&month=09&day=26
2016,hot100,2016-09-21,95,シアワセ林檎,ゲスの極み乙女。,https://www.billboard-japan.com/charts/detail?a=hot100&year=2016&month=09&day=26
2016,hot100,2016-09-21,96,365日の紙飛行機,AKB48,https://www.billboard-japan.com/charts/detail?a=hot100&year=2016&month=09&day=26
2016,hot100,2016-09-21,97,魔法って言っていいかな?,平井堅,https://www.billboard-japan.com/charts/detail?a=hot100&year=2016&month=09&day=26
2016,hot100,2016-09-21,98,Soup,藤原さくら,https://www.billboard-japan.com/charts/detail?a=hot100&year=2016&month=09&day=26
2016,hot100,2016-09-21,99,光の破片,高橋優,https://www.billboard-japan.com/charts/detail?a=hot100&year=2016&month=09&day=26
2016,hot100,2016-09-21,100,風ノ唄,FLOW,https://www.billboard-japan.com/charts/detail?a=hot100&year=2016&month=09&day=26
2016,hot100,2016-09-28,1,前前前世,RADWIMPS,https://www.billboard-japan.com/charts/detail?a=hot100&year=2016&month=10&day=03
2016,hot100,2016-09-28,2,WILD WILD WILD,EXILE THE SECOND,https://www.billboard-japan.com/charts/detail?a=hot100&year=2016&month=10&day=03
2016,hot100,2016-09-28,3,好きな人がいること,JY,https://www.billboard-japan.com/charts/detail?a=hot100&year=2016&month=10&day=03
2016,hot100,2016-09-28,4,恋をしたのは,aiko,https://www.billboard-japan.com/charts/detail?a=hot100&year=2016&month=10&day=03
2016,hot100,2016-09-28,5,Power of the Paradise,嵐,https://www.billboard-japan.com/charts/detail?a=hot100&year=2016&month=10&day=03
2016,hot100,2016-09-28,6,薔薇のように咲いて 桜のように散って,松田聖子,https://www.billboard-japan.com/charts/detail?a=hot100&year=2016&month=10&day=03
2016,hot100,2016-09-28,7,なんでもないや,RADWIMPS,https://www.billboard-japan.com/charts/detail?a=hot100&year=2016&month=10&day=03
2016,hot100,2016-09-28,8,スパークル,RADWIMPS,https://www.billboard-japan.com/charts/detail?a=hot100&year=2016&month=10&day=03
2016,hot100,2016-09-28,9,恋,星野源,https://www.billboard-japan.com/charts/detail?a=hot100&year=2016&month=10&day=03
2016,hot100,2016-09-28,10,道,宇多田ヒカル,https://www.billboard-japan.com/charts/detail?a=hot100&year=2016&month=10&day=03
2016,hot100,2016-09-28,11,限りなく冒険に近いサマー,虹のコンキスタドール,https://www.billboard-japan.com/charts/detail?a=hot100&year=2016&month=10&day=03
2016,hot100,2016-09-28,12,夢灯籠,RADWIMPS,https://www.billboard-japan.com/charts/detail?a=hot100&year=2016&month=10&day=03
2016,hot100,2016-09-28,13,キラリ☆NiPPON,CLEAR'S,https://www.billboard-japan.com/charts/detail?a=hot100&year=2016&month=10&day=03
2016,hot100,2016-09-28,14,EverYell,アルスマグナ,https://www.billboard-japan.com/charts/detail?a=hot100&year=2016&month=10&day=03
2016,hot100,2016-09-28,15,桜流し,宇多田ヒカル,https://www.billboard-japan.com/charts/detail?a=hot100&year=2016&month=10&day=03
2016,hot100,2016-09-28,16,Taking Off,ONE OK ROCK,https://www.billboard-japan.com/charts/detail?a=hot100&year=2016&month=10&day=03
2016,hot100,2016-09-28,17,Hero,安室奈美恵,https://www.billboard-japan.com/charts/detail?a=hot100&year=2016&month=10&day=03
2016,hot100,2016-09-28,18,世界に一つだけの花,SMAP,https://www.billboard-japan.com/charts/detail?a=hot100&year=2016&month=10&day=03
2016,hot100,2016-09-28,19,Choo Choo SHITAIN,JINTAKA,https://www.billboard-japan.com/charts/detail?a=hot100&year=2016&month=10&day=03
2016,hot100,2016-09-28,20,まっすぐ,私立恵比寿中学,https://www.billboard-japan.com/charts/detail?a=hot100&year=2016&month=10&day=03
2016,hot100,2016-09-28,21,BELIEVE,西内まりや,https://www.billboard-japan.com/charts/detail?a=hot100&year=2016&month=10&day=03
2016,hot100,2016-09-28,22,六本木心中,JUJU,https://www.billboard-japan.com/charts/detail?a=hot100&year=2016&month=10&day=03
2016,hot100,2016-09-28,23,花束を君に,宇多田ヒカル,https://www.billboard-japan.com/charts/detail?a=hot100&year=2016&month=10&day=03
2016,hot100,2016-09-28,24,ラストシーン,いきものがかり,https://www.billboard-japan.com/charts/detail?a=hot100&year=2016&month=10&day=03
2016,hot100,2016-09-28,25,蝶々結び,Aimer(エメ),https://www.billboard-japan.com/charts/detail?a=hot100&year=2016&month=10&day=03
2016,hot100,2016-09-28,26,君が好き,西野カナ,https://www.billboard-japan.com/charts/detail?a=hot100&year=2016&month=10&day=03
2016,hot100,2016-09-28,27,SUN,星野源,https://www.billboard-japan.com/charts/detail?a=hot100&year=2016&month=10&day=03
2016,hot100,2016-09-28,28,PIERROT,GENERATIONS from EXILE TRIBE,https://www.billboard-japan.com/charts/detail?a=hot100&year=2016&month=10&day=03
2016,hot100,2016-09-28,29,クローサー feat.ホールジー,チェインスモーカーズ,https://www.billboard-japan.com/charts/detail?a=hot100&year=2016&month=10&day=03
2016,hot100,2016-09-28,30,LOVE TRIP,AKB48,https://www.billboard-japan.com/charts/detail?a=hot100&year=2016&month=10&day=03
2016,hot100,2016-09-28,31,僕たちのResistance,"星井美希(長谷川明子),如月千早(今井麻美),高槻やよい(仁後真耶子),我那覇響(沼倉愛美)",https://www.billboard-japan.com/charts/detail?a=hot100&year=2016&month=10&day=03
2016,hot100,2016-09-28,32,R.Y.U.S.E.I.,三代目 J Soul Brothers from EXILE TRIBE,https://www.billboard-japan.com/charts/detail?a=hot100&year=2016&month=10&day=03
2016,hot100,2016-09-28,33,他の誰かより悲しい恋をしただけ,Flower,https://www.billboard-japan.com/charts/detail?a=hot100&year=2016&month=10&day=03
2016,hot100,2016-09-28,34,ホワイト・タイガー,イジー・ビズ,https://www.billboard-japan.com/charts/detail?a=hot100&year=2016&month=10&day=03
2016,hot100,2016-09-28,35,夢で夜空を照らしたい,"高海千歌(伊波杏樹),桜内梨子(逢田梨香子),渡辺曜(斉藤朱夏),津島善子(小林愛香),国木田花丸(高槻かな子),黒澤ルビィ(降幡愛)",https://www.billboard-japan.com/charts/detail?a=hot100&year=2016&month=10&day=03
2016,hot100,2016-09-28,36,New World,BUCK-TICK,https://www.billboard-japan.com/charts/detail?a=hot100&year=2016&month=10&day=03
2016,hot100,2016-09-28,37,スターダスト,イトヲカシ,https://www.billboard-japan.com/charts/detail?a=hot100&year=2016&month=10&day=03
2016,hot100,2016-09-28,38,トリセツ,西野カナ,https://www.billboard-japan.com/charts/detail?a=hot100&year=2016&month=10&day=03
2016,hot100,2016-09-28,39,裸足でSummer,乃木坂46,https://www.billboard-japan.com/charts/detail?a=hot100&year=2016&month=10&day=03
2016,hot100,2016-09-28,40,二時間だけのバカンス feat.椎名林檎,宇多田ヒカル,https://www.billboard-japan.com/charts/detail?a=hot100&year=2016&month=10&day=03
2016,hot100,2016-09-28,41,Wherever you are,ONE OK ROCK,https://www.billboard-japan.com/charts/detail?a=hot100&year=2016&month=10&day=03
2016,hot100,2016-09-28,42,CHEER UP! THE SUMMER,山下達郎,https://www.billboard-japan.com/charts/detail?a=hot100&year=2016&month=10&day=03
2016,hot100,2016-09-28,43,Eye to Eye,ベリーグッドマン,https://www.billboard-japan.com/charts/detail?a=hot100&year=2016&month=10&day=03
2016,hot100,2016-09-28,44,アリア,BUMP OF CHICKEN,https://www.billboard-japan.com/charts/detail?a=hot100&year=2016&month=10&day=03
2016,hot100,2016-09-28,45,世界には愛しかない,欅坂46,https://www.billboard-japan.com/charts/detail?a=hot100&year=2016&month=10&day=03
2016,hot100,2016-09-28,46,最高かよ,HKT48,https://www.billboard-japan.com/charts/detail?a=hot100&year=2016&month=10&day=03
2016,hot100,2016-09-28,47,Have a nice day,西野カナ,https://www.billboard-japan.com/charts/detail?a=hot100&year=2016&month=10&day=03
2016,hot100,2016-09-28,48,UNIVERSE,ShuuKaRen,https://www.billboard-japan.com/charts/detail?a=hot100&year=2016&month=10&day=03
2016,hot100,2016-09-28,49,ひまわりの約束,秦基博,https://www.billboard-japan.com/charts/detail?a=hot100&year=2016&month=10&day=03
2016,hot100,2016-09-28,50,カヌレ,CHiCO with HoneyWorks,https://www.billboard-japan.com/charts/detail?a=hot100&year=2016&month=10&day=03
2016,hot100,2016-09-28,51,サイレントマジョリティー,欅坂46,https://www.billboard-japan.com/charts/detail?a=hot100&year=2016&month=10&day=03
2016,hot100,2016-09-28,52,Ring the Bell,ももたまい(百田夏菜子&玉井詩織),https://www.billboard-japan.com/charts/detail?a=hot100&year=2016&month=10&day=03
2016,hot100,2016-09-28,53,Overflows〜言葉にできなくて〜,ナオト・インティライミ,https://www.billboard-japan.com/charts/detail?a=hot100&year=2016&month=10&day=03
2016,hot100,2016-09-28,54,海の声,浦島太郎(桐谷健太),https://www.billboard-japan.com/charts/detail?a=hot100&year=2016&month=10&day=03
2016,hot100,2016-09-28,55,365日の紙飛行機,AKB48,https://www.billboard-japan.com/charts/detail?a=hot100&year=2016&month=10&day=03
2016,hot100,2016-09-28,56,Swan,[Alexandros],https://www.billboard-japan.com/charts/detail?a=hot100&year=2016&month=10&day=03
2016,hot100,2016-09-28,57,LOSER,米津玄師,https://www.billboard-japan.com/charts/detail?a=hot100&year=2016&month=10&day=03
2016,hot100,2016-09-28,58,ありがとう,SMAP,https://www.billboard-japan.com/charts/detail?a=hot100&year=2016&month=10&day=03
2016,hot100,2016-09-28,59,ともに,WANIMA,https://www.billboard-japan.com/charts/detail?a=hot100&year=2016&month=10&day=03
2016,hot100,2016-09-28,60,パーフェクト・イリュージョン,レディー・ガガ,https://www.billboard-japan.com/charts/detail?a=hot100&year=2016&month=10&day=03
2016,hot100,2016-09-28,61,コールド・ウォーター feat.ジャスティン・ビーバー & ムー,メジャー・レイザー,https://www.billboard-japan.com/charts/detail?a=hot100&year=2016&month=10&day=03
2016,hot100,2016-09-28,62,アンサー,BUMP OF CHICKEN,https://www.billboard-japan.com/charts/detail?a=hot100&year=2016&month=10&day=03
2016,hot100,2016-09-28,63,ザ・グレイテスト feat.ケンドリック・ラマー,シーア,https://www.billboard-japan.com/charts/detail?a=hot100&year=2016&month=10&day=03
2016,hot100,2016-09-28,64,Take-A-Shot! feat.PKCZ,ShuuKaRen,https://www.billboard-japan.com/charts/detail?a=hot100&year=2016&month=10&day=03
2016,hot100,2016-09-28,65,ワタリドリ,[Alexandros],https://www.billboard-japan.com/charts/detail?a=hot100&year=2016&month=10&day=03
2016,hot100,2016-09-28,66,clever,ClariS × GARNiDELiA,https://www.billboard-japan.com/charts/detail?a=hot100&year=2016&month=10&day=03
2016,hot100,2016-09-28,67,まだ君は知らない MY PRETTIEST GIRL,Nissy(西島隆弘),https://www.billboard-japan.com/charts/detail?a=hot100&year=2016&month=10&day=03
2016,hot100,2016-09-28,68,涙のない世界,AAA,https://www.billboard-japan.com/charts/detail?a=hot100&year=2016&month=10&day=03
2016,hot100,2016-09-28,69,366日,HY,https://www.billboard-japan.com/charts/detail?a=hot100&year=2016&month=10&day=03
2016,hot100,2016-09-28,70,ULTRA TIGER,RADIO FISH,https://www.billboard-japan.com/charts/detail?a=hot100&year=2016&month=10&day=03
2016,hot100,2016-09-28,71,僕はいない,NMB48,https://www.billboard-japan.com/charts/detail?a=hot100&year=2016&month=10&day=03
2016,hot100,2016-09-28,72,ザ・ゴールデン・ヒストリー,ももいろクローバーZ,https://www.billboard-japan.com/charts/detail?a=hot100&year=2016&month=10&day=03
2016,hot100,2016-09-28,73,友よ〜この先もずっと…,ケツメイシ,https://www.billboard-japan.com/charts/detail?a=hot100&year=2016&month=10&day=03
2016,hot100,2016-09-28,74,夏の終わり,森山直太朗,https://www.billboard-japan.com/charts/detail?a=hot100&year=2016&month=10&day=03
2016,hot100,2016-09-28,75,BANG BANG BANG,BIGBANG,https://www.billboard-japan.com/charts/detail?a=hot100&year=2016&month=10&day=03
2016,hot100,2016-09-28,76,ハッピー,ファレル・ウィリアムス,https://www.billboard-japan.com/charts/detail?a=hot100&year=2016&month=10&day=03
2016,hot100,2016-09-28,77,FLASH,Perfume,https://www.billboard-japan.com/charts/detail?a=hot100&year=2016&month=10&day=03
2016,hot100,2016-09-28,78,夜更けのアモーレ,ももたまい(百田夏菜子&玉井詩織),https://www.billboard-japan.com/charts/detail?a=hot100&year=2016&month=10&day=03
2016,hot100,2016-09-28,79,思い出になれ,奥華子,https://www.billboard-japan.com/charts/detail?a=hot100&year=2016&month=10&day=03
2016,hot100,2016-09-28,80,やさしさで溢れるように,Flower,https://www.billboard-japan.com/charts/detail?a=hot100&year=2016&month=10&day=03
2016,hot100,2016-09-28,81,The Beginning,ONE OK ROCK,https://www.billboard-japan.com/charts/detail?a=hot100&year=2016&month=10&day=03
2016,hot100,2016-09-28,82,奏(かなで),スキマスイッチ,https://www.billboard-japan.com/charts/detail?a=hot100&year=2016&month=10&day=03
2016,hot100,2016-09-28,83,マイ・ウェイ,カルヴィン・ハリス,https://www.billboard-japan.com/charts/detail?a=hot100&year=2016&month=10&day=03
2016,hot100,2016-09-28,84,キセキ,GReeeeN,https://www.billboard-japan.com/charts/detail?a=hot100&year=2016&month=10&day=03
2016,hot100,2016-09-28,85,未来,コブクロ,https://www.billboard-japan.com/charts/detail?a=hot100&year=2016&month=10&day=03
2016,hot100,2016-09-28,86,COCOA,Rei,https://www.billboard-japan.com/charts/detail?a=hot100&year=2016&month=10&day=03
2016,hot100,2016-09-28,87,夏の恋人,SHISHAMO,https://www.billboard-japan.com/charts/detail?a=hot100&year=2016&month=10&day=03
2016,hot100,2016-09-28,88,命短し恋せよ乙女,MOSHIMO,https://www.billboard-japan.com/charts/detail?a=hot100&year=2016&month=10&day=03
2016,hot100,2016-09-28,89,Joy-ride〜歓喜のドライブ〜,EXILE,https://www.billboard-japan.com/charts/detail?a=hot100&year=2016&month=10&day=03
2016,hot100,2016-09-28,90,FANTASTIC BABY,BIGBANG,https://www.billboard-japan.com/charts/detail?a=hot100&year=2016&month=10&day=03
2016,hot100,2016-09-28,91,カタオモイ,Aimer(エメ),https://www.billboard-japan.com/charts/detail?a=hot100&year=2016&month=10&day=03
2016,hot100,2016-09-28,92,完全感覚Dreamer,ONE OK ROCK,https://www.billboard-japan.com/charts/detail?a=hot100&year=2016&month=10&day=03
2016,hot100,2016-09-28,93,トライ・エヴリシング,Dream Ami,https://www.billboard-japan.com/charts/detail?a=hot100&year=2016&month=10&day=03
2016,hot100,2016-09-28,94,もしも僕らがGAMEの主役で,DAOKO,https://www.billboard-japan.com/charts/detail?a=hot100&year=2016&month=10&day=03
2016,hot100,2016-09-28,95,溜息と不安の夜に,遠藤舞,https://www.billboard-japan.com/charts/detail?a=hot100&year=2016&month=10&day=03
2016,hot100,2016-09-28,96,ユメ語るよりユメ歌おう,Aqours,https://www.billboard-japan.com/charts/detail?a=hot100&year=2016&month=10&day=03
2016,hot100,2016-09-28,97,"Imagine day,Imagine life!",小松未可子,https://www.billboard-japan.com/charts/detail?a=hot100&year=2016&month=10&day=03
2016,hot100,2016-09-28,98,Paradisus-Paradoxum,MYTH & ROID,https://www.billboard-japan.com/charts/detail?a=hot100&year=2016&month=10&day=03
2016,hot100,2016-09-28,99,Maybe,Brian the Sun,https://www.billboard-japan.com/charts/detail?a=hot100&year=2016&month=10&day=03
2016,hot100,2016-09-28,100,恋音と雨空,AAA,https://www.billboard-japan.com/charts/detail?a=hot100&year=2016&month=10&day=03
2016,hot100,2016-10-05,1,DUMB & DUMBER,iKON,https://www.billboard-japan.com/charts/detail?a=hot100&year=2016&month=10&day=10
2016,hot100,2016-10-05,2,前前前世,RADWIMPS,https://www.billboard-japan.com/charts/detail?a=hot100&year=2016&month=10&day=10
2016,hot100,2016-10-05,3,LOSER,米津玄師,https://www.billboard-japan.com/charts/detail?a=hot100&year=2016&month=10&day=10
2016,hot100,2016-10-05,4,なんでもないや,RADWIMPS,https://www.billboard-japan.com/charts/detail?a=hot100&year=2016&month=10&day=10
2016,hot100,2016-10-05,5,道,宇多田ヒカル,https://www.billboard-japan.com/charts/detail?a=hot100&year=2016&month=10&day=10
2016,hot100,2016-10-05,6,好きな人がいること,JY,https://www.billboard-japan.com/charts/detail?a=hot100&year=2016&month=10&day=10
2016,hot100,2016-10-05,7,どーだっていいの,カントリー・ガールズ,https://www.billboard-japan.com/charts/detail?a=hot100&year=2016&month=10&day=10
2016,hot100,2016-10-05,8,スパークル,RADWIMPS,https://www.billboard-japan.com/charts/detail?a=hot100&year=2016&month=10&day=10
2016,hot100,2016-10-05,9,恋,星野源,https://www.billboard-japan.com/charts/detail?a=hot100&year=2016&month=10&day=10
2016,hot100,2016-10-05,10,My Boo,清水翔太,https://www.billboard-japan.com/charts/detail?a=hot100&year=2016&month=10&day=10
2016,hot100,2016-10-05,11,みれん心,氷川きよし,https://www.billboard-japan.com/charts/detail?a=hot100&year=2016&month=10&day=10
2016,hot100,2016-10-05,12,DESTRUCTION ROAD,UNDEAD,https://www.billboard-japan.com/charts/detail?a=hot100&year=2016&month=10&day=10
2016,hot100,2016-10-05,13,薔薇のように咲いて 桜のように散って,松田聖子,https://www.billboard-japan.com/charts/detail?a=hot100&year=2016&month=10&day=10
2016,hot100,2016-10-05,14,涙のない世界,AAA,https://www.billboard-japan.com/charts/detail?a=hot100&year=2016&month=10&day=10
2016,hot100,2016-10-05,15,なんでもないや,上白石萌音,https://www.billboard-japan.com/charts/detail?a=hot100&year=2016&month=10&day=10
2016,hot100,2016-10-05,16,Ordinary Girls,Happiness,https://www.billboard-japan.com/charts/detail?a=hot100&year=2016&month=10&day=10
2016,hot100,2016-10-05,17,Hero,安室奈美恵,https://www.billboard-japan.com/charts/detail?a=hot100&year=2016&month=10&day=10
2016,hot100,2016-10-05,18,恋をしたのは,aiko,https://www.billboard-japan.com/charts/detail?a=hot100&year=2016&month=10&day=10
2016,hot100,2016-10-05,19,江南スタイル,PSY,https://www.billboard-japan.com/charts/detail?a=hot100&year=2016&month=10&day=10
2016,hot100,2016-10-05,20,ハートプリズム・シンメトリー,2wink,https://www.billboard-japan.com/charts/detail?a=hot100&year=2016&month=10&day=10
2016,hot100,2016-10-05,21,世界に一つだけの花,SMAP,https://www.billboard-japan.com/charts/detail?a=hot100&year=2016&month=10&day=10
2016,hot100,2016-10-05,22,Power of the Paradise,嵐,https://www.billboard-japan.com/charts/detail?a=hot100&year=2016&month=10&day=10
2016,hot100,2016-10-05,23,二時間だけのバカンス feat.椎名林檎,宇多田ヒカル,https://www.billboard-japan.com/charts/detail?a=hot100&year=2016&month=10&day=10
2016,hot100,2016-10-05,24,NANIMONO feat.米津玄師,中田ヤスタカ,https://www.billboard-japan.com/charts/detail?a=hot100&year=2016&month=10&day=10
2016,hot100,2016-10-05,25,夢灯籠,RADWIMPS,https://www.billboard-japan.com/charts/detail?a=hot100&year=2016&month=10&day=10
2016,hot100,2016-10-05,26,Hey Ho,SEKAI NO OWARI,https://www.billboard-japan.com/charts/detail?a=hot100&year=2016&month=10&day=10
2016,hot100,2016-10-05,27,裸足でSummer,乃木坂46,https://www.billboard-japan.com/charts/detail?a=hot100&year=2016&month=10&day=10
2016,hot100,2016-10-05,28,ジャパニーズフォーシーズン!,DREAMING MONSTER,https://www.billboard-japan.com/charts/detail?a=hot100&year=2016&month=10&day=10
2016,hot100,2016-10-05,29,ナンバーナイン,米津玄師,https://www.billboard-japan.com/charts/detail?a=hot100&year=2016&month=10&day=10
2016,hot100,2016-10-05,30,クローサー feat.ホールジー,チェインスモーカーズ,https://www.billboard-japan.com/charts/detail?a=hot100&year=2016&month=10&day=10
2016,hot100,2016-10-05,31,夢現乱舞抄,板垣奏太郎,https://www.billboard-japan.com/charts/detail?a=hot100&year=2016&month=10&day=10
2016,hot100,2016-10-05,32,あーりんはあーりん,佐々木彩夏,https://www.billboard-japan.com/charts/detail?a=hot100&year=2016&month=10&day=10
2016,hot100,2016-10-05,33,アンバランスアンブレラ,妄想キャリブレーション,https://www.billboard-japan.com/charts/detail?a=hot100&year=2016&month=10&day=10
2016,hot100,2016-10-05,34,Wherever you are,ONE OK ROCK,https://www.billboard-japan.com/charts/detail?a=hot100&year=2016&month=10&day=10
2016,hot100,2016-10-05,35,花束を君に,宇多田ヒカル,https://www.billboard-japan.com/charts/detail?a=hot100&year=2016&month=10&day=10
2016,hot100,2016-10-05,36,サイレントマジョリティー,欅坂46,https://www.billboard-japan.com/charts/detail?a=hot100&year=2016&month=10&day=10
2016,hot100,2016-10-05,37,UNIVERSE,ShuuKaRen,https://www.billboard-japan.com/charts/detail?a=hot100&year=2016&month=10&day=10
2016,hot100,2016-10-05,38,ふるさとジャポン,LinQ,https://www.billboard-japan.com/charts/detail?a=hot100&year=2016&month=10&day=10
2016,hot100,2016-10-05,39,Taking Off,ONE OK ROCK,https://www.billboard-japan.com/charts/detail?a=hot100&year=2016&month=10&day=10
2016,hot100,2016-10-05,40,ラストシーン,いきものがかり,https://www.billboard-japan.com/charts/detail?a=hot100&year=2016&month=10&day=10
2016,hot100,2016-10-05,41,他の誰かより悲しい恋をしただけ,Flower,https://www.billboard-japan.com/charts/detail?a=hot100&year=2016&month=10&day=10
2016,hot100,2016-10-05,42,ひまわりの約束,秦基博,https://www.billboard-japan.com/charts/detail?a=hot100&year=2016&month=10&day=10
2016,hot100,2016-10-05,43,蝶々結び,Aimer(エメ),https://www.billboard-japan.com/charts/detail?a=hot100&year=2016&month=10&day=10
2016,hot100,2016-10-05,44,12月のひまわり,Aqua Timez,https://www.billboard-japan.com/charts/detail?a=hot100&year=2016&month=10&day=10
2016,hot100,2016-10-05,45,LOVE TRIP,AKB48,https://www.billboard-japan.com/charts/detail?a=hot100&year=2016&month=10&day=10
2016,hot100,2016-10-05,46,WILD WILD WILD,EXILE THE SECOND,https://www.billboard-japan.com/charts/detail?a=hot100&year=2016&month=10&day=10
2016,hot100,2016-10-05,47,君が好き,西野カナ,https://www.billboard-japan.com/charts/detail?a=hot100&year=2016&month=10&day=10
2016,hot100,2016-10-05,48,世界には愛しかない,欅坂46,https://www.billboard-japan.com/charts/detail?a=hot100&year=2016&month=10&day=10
2016,hot100,2016-10-05,49,SUN,星野源,https://www.billboard-japan.com/charts/detail?a=hot100&year=2016&month=10&day=10
2016,hot100,2016-10-05,50,ホワイト・タイガー,イジー・ビズ,https://www.billboard-japan.com/charts/detail?a=hot100&year=2016&month=10&day=10
2016,hot100,2016-10-05,51,アンサー,BUMP OF CHICKEN,https://www.billboard-japan.com/charts/detail?a=hot100&year=2016&month=10&day=10
2016,hot100,2016-10-05,52,パーフェクト・イリュージョン,レディー・ガガ,https://www.billboard-japan.com/charts/detail?a=hot100&year=2016&month=10&day=10
2016,hot100,2016-10-05,53,トリセツ,西野カナ,https://www.billboard-japan.com/charts/detail?a=hot100&year=2016&month=10&day=10
2016,hot100,2016-10-05,54,海の声,浦島太郎(桐谷健太),https://www.billboard-japan.com/charts/detail?a=hot100&year=2016&month=10&day=10
2016,hot100,2016-10-05,55,六本木心中,JUJU,https://www.billboard-japan.com/charts/detail?a=hot100&year=2016&month=10&day=10
2016,hot100,2016-10-05,56,Eye to Eye,ベリーグッドマン,https://www.billboard-japan.com/charts/detail?a=hot100&year=2016&month=10&day=10
2016,hot100,2016-10-05,57,Have a nice day,西野カナ,https://www.billboard-japan.com/charts/detail?a=hot100&year=2016&month=10&day=10
2016,hot100,2016-10-05,58,ワタリドリ,[Alexandros],https://www.billboard-japan.com/charts/detail?a=hot100&year=2016&month=10&day=10
2016,hot100,2016-10-05,59,キラリ☆NiPPON,CLEAR'S,https://www.billboard-japan.com/charts/detail?a=hot100&year=2016&month=10&day=10
2016,hot100,2016-10-05,60,最高かよ,HKT48,https://www.billboard-japan.com/charts/detail?a=hot100&year=2016&month=10&day=10
2016,hot100,2016-10-05,61,僕はいない,NMB48,https://www.billboard-japan.com/charts/detail?a=hot100&year=2016&month=10&day=10
2016,hot100,2016-10-05,62,チェンジ・ザ・ワールド,エリック・クラプトン,https://www.billboard-japan.com/charts/detail?a=hot100&year=2016&month=10&day=10
2016,hot100,2016-10-05,63,BELIEVE,西内まりや,https://www.billboard-japan.com/charts/detail?a=hot100&year=2016&month=10&day=10
2016,hot100,2016-10-05,64,R.Y.U.S.E.I.,三代目 J Soul Brothers from EXILE TRIBE,https://www.billboard-japan.com/charts/detail?a=hot100&year=2016&month=10&day=10
2016,hot100,2016-10-05,65,Crazy,I Don't Like Mondays.,https://www.billboard-japan.com/charts/detail?a=hot100&year=2016&month=10&day=10
2016,hot100,2016-10-05,66,ザ・グレイテスト feat.ケンドリック・ラマー,シーア,https://www.billboard-japan.com/charts/detail?a=hot100&year=2016&month=10&day=10
2016,hot100,2016-10-05,67,夢で夜空を照らしたい,"高海千歌(伊波杏樹),桜内梨子(逢田梨香子),渡辺曜(斉藤朱夏),津島善子(小林愛香),国木田花丸(高槻かな子),黒澤ルビィ(降幡愛)",https://www.billboard-japan.com/charts/detail?a=hot100&year=2016&month=10&day=10
2016,hot100,2016-10-05,68,ザッツ・マイ・ガール,フィフス・ハーモニー,https://www.billboard-japan.com/charts/detail?a=hot100&year=2016&month=10&day=10
2016,hot100,2016-10-05,69,Absolute 5,ワルキューレ,https://www.billboard-japan.com/charts/detail?a=hot100&year=2016&month=10&day=10
2016,hot100,2016-10-05,70,ありがとう,SMAP,https://www.billboard-japan.com/charts/detail?a=hot100&year=2016&month=10&day=10
2016,hot100,2016-10-05,71,The Beginning,ONE OK ROCK,https://www.billboard-japan.com/charts/detail?a=hot100&year=2016&month=10&day=10
2016,hot100,2016-10-05,72,コールド・ウォーター feat.ジャスティン・ビーバー & ムー,メジャー・レイザー,https://www.billboard-japan.com/charts/detail?a=hot100&year=2016&month=10&day=10
2016,hot100,2016-10-05,73,友よ〜この先もずっと…,ケツメイシ,https://www.billboard-japan.com/charts/detail?a=hot100&year=2016&month=10&day=10
2016,hot100,2016-10-05,74,未来,コブクロ,https://www.billboard-japan.com/charts/detail?a=hot100&year=2016&month=10&day=10
2016,hot100,2016-10-05,75,アリア,BUMP OF CHICKEN,https://www.billboard-japan.com/charts/detail?a=hot100&year=2016&month=10&day=10
2016,hot100,2016-10-05,76,まだ君は知らない MY PRETTIEST GIRL,Nissy(西島隆弘),https://www.billboard-japan.com/charts/detail?a=hot100&year=2016&month=10&day=10
2016,hot100,2016-10-05,77,完全感覚Dreamer,ONE OK ROCK,https://www.billboard-japan.com/charts/detail?a=hot100&year=2016&month=10&day=10
2016,hot100,2016-10-05,78,Overflows〜言葉にできなくて〜,ナオト・インティライミ,https://www.billboard-japan.com/charts/detail?a=hot100&year=2016&month=10&day=10
2016,hot100,2016-10-05,79,We are the QUEENS,浜崎あゆみ,https://www.billboard-japan.com/charts/detail?a=hot100&year=2016&month=10&day=10
2016,hot100,2016-10-05,80,ともに,WANIMA,https://www.billboard-japan.com/charts/detail?a=hot100&year=2016&month=10&day=10
2016,hot100,2016-10-05,81,BANG BANG BANG,BIGBANG,https://www.billboard-japan.com/charts/detail?a=hot100&year=2016&month=10&day=10
2016,hot100,2016-10-05,82,Take-A-Shot! feat.PKCZ,ShuuKaRen,https://www.billboard-japan.com/charts/detail?a=hot100&year=2016&month=10&day=10
2016,hot100,2016-10-05,83,Swan,[Alexandros],https://www.billboard-japan.com/charts/detail?a=hot100&year=2016&month=10&day=10
2016,hot100,2016-10-05,84,マイ・ウェイ,カルヴィン・ハリス,https://www.billboard-japan.com/charts/detail?a=hot100&year=2016&month=10&day=10
2016,hot100,2016-10-05,85,アイネクライネ,米津玄師,https://www.billboard-japan.com/charts/detail?a=hot100&year=2016&month=10&day=10
2016,hot100,2016-10-05,86,金の愛、銀の愛,SKE48,https://www.billboard-japan.com/charts/detail?a=hot100&year=2016&month=10&day=10
2016,hot100,2016-10-05,87,カタオモイ,Aimer(エメ),https://www.billboard-japan.com/charts/detail?a=hot100&year=2016&month=10&day=10
2016,hot100,2016-10-05,88,カヌレ,CHiCO with HoneyWorks,https://www.billboard-japan.com/charts/detail?a=hot100&year=2016&month=10&day=10
2016,hot100,2016-10-05,89,やさしさで溢れるように,Flower,https://www.billboard-japan.com/charts/detail?a=hot100&year=2016&month=10&day=10
2016,hot100,2016-10-05,90,約束。,ハジ→,https://www.billboard-japan.com/charts/detail?a=hot100&year=2016&month=10&day=10
2016,hot100,2016-10-05,91,Welcome to TOKYO,三代目 J Soul Brothers from EXILE TRIBE,https://www.billboard-japan.com/charts/detail?a=hot100&year=2016&month=10&day=10
2016,hot100,2016-10-05,92,FLASH,Perfume,https://www.billboard-japan.com/charts/detail?a=hot100&year=2016&month=10&day=10
2016,hot100,2016-10-05,93,FANTASTIC BABY,BIGBANG,https://www.billboard-japan.com/charts/detail?a=hot100&year=2016&month=10&day=10
2016,hot100,2016-10-05,94,完全なるアイドル,わーすた,https://www.billboard-japan.com/charts/detail?a=hot100&year=2016&month=10&day=10
2016,hot100,2016-10-05,95,ハッピー,ファレル・ウィリアムス,https://www.billboard-japan.com/charts/detail?a=hot100&year=2016&month=10&day=10
2016,hot100,2016-10-05,96,千本桜,WhiteFlame feat.初音ミク,https://www.billboard-japan.com/charts/detail?a=hot100&year=2016&month=10&day=10
2016,hot100,2016-10-05,97,flora,南壽あさ子,https://www.billboard-japan.com/charts/detail?a=hot100&year=2016&month=10&day=10
2016,hot100,2016-10-05,98,君の名前,山崎まさよし,https://www.billboard-japan.com/charts/detail?a=hot100&year=2016&month=10&day=10
2016,hot100,2016-10-05,99,NEW ERA,Nulbarich,https://www.billboard-japan.com/charts/detail?a=hot100&year=2016&month=10&day=10
2016,hot100,2016-10-05,100,多分、風。,サカナクション,https://www.billboard-japan.com/charts/detail?a=hot100&year=2016&month=10&day=10
2016,hot100,2016-10-12,1,ANOTHER STARTING LINE,Hi-STANDARD,https://www.billboard-japan.com/charts/detail?a=hot100&year=2016&month=10&day=17
2016,hot100,2016-10-12,2,恋,星野源,https://www.billboard-japan.com/charts/detail?a=hot100&year=2016&month=10&day=17
2016,hot100,2016-10-12,3,前前前世,RADWIMPS,https://www.billboard-japan.com/charts/detail?a=hot100&year=2016&month=10&day=17
2016,hot100,2016-10-12,4,ペンパイナッポーアッポーペン,ピコ太郎,https://www.billboard-japan.com/charts/detail?a=hot100&year=2016&month=10&day=17
2016,hot100,2016-10-12,5,Hey Ho,SEKAI NO OWARI,https://www.billboard-japan.com/charts/detail?a=hot100&year=2016&month=10&day=17
2016,hot100,2016-10-12,6,UNIVERSE,ShuuKaRen,https://www.billboard-japan.com/charts/detail?a=hot100&year=2016&month=10&day=17
2016,hot100,2016-10-12,7,涙のない世界,AAA,https://www.billboard-japan.com/charts/detail?a=hot100&year=2016&month=10&day=17
2016,hot100,2016-10-12,8,道,宇多田ヒカル,https://www.billboard-japan.com/charts/detail?a=hot100&year=2016&month=10&day=17
2016,hot100,2016-10-12,9,Over The Rainbow,MAG!C☆PRINCE,https://www.billboard-japan.com/charts/detail?a=hot100&year=2016&month=10&day=17
2016,hot100,2016-10-12,10,My Boo,清水翔太,https://www.billboard-japan.com/charts/detail?a=hot100&year=2016&month=10&day=17
2016,hot100,2016-10-12,11,NANIMONO feat.米津玄師,中田ヤスタカ,https://www.billboard-japan.com/charts/detail?a=hot100&year=2016&month=10&day=17
2016,hot100,2016-10-12,12,なんでもないや,RADWIMPS,https://www.billboard-japan.com/charts/detail?a=hot100&year=2016&month=10&day=17
2016,hot100,2016-10-12,13,世界はあなたの色になる,B'z,https://www.billboard-japan.com/charts/detail?a=hot100&year=2016&month=10&day=17
2016,hot100,2016-10-12,14,マジLOVEレジェンドスター,ST☆RISH,https://www.billboard-japan.com/charts/detail?a=hot100&year=2016&month=10&day=17
2016,hot100,2016-10-12,15,好きな人がいること,JY,https://www.billboard-japan.com/charts/detail?a=hot100&year=2016&month=10&day=17
2016,hot100,2016-10-12,16,LOSER,米津玄師,https://www.billboard-japan.com/charts/detail?a=hot100&year=2016&month=10&day=17
2016,hot100,2016-10-12,17,結-ゆい-,miwa,https://www.billboard-japan.com/charts/detail?a=hot100&year=2016&month=10&day=17
2016,hot100,2016-10-12,18,恋をしたのは,aiko,https://www.billboard-japan.com/charts/detail?a=hot100&year=2016&month=10&day=17
2016,hot100,2016-10-12,19,なんでもないや,上白石萌音,https://www.billboard-japan.com/charts/detail?a=hot100&year=2016&month=10&day=17
2016,hot100,2016-10-12,20,最高かよ,HKT48,https://www.billboard-japan.com/charts/detail?a=hot100&year=2016&month=10&day=17
2016,hot100,2016-10-12,21,Hero,安室奈美恵,https://www.billboard-japan.com/charts/detail?a=hot100&year=2016&month=10&day=17
2016,hot100,2016-10-12,22,スパークル,RADWIMPS,https://www.billboard-japan.com/charts/detail?a=hot100&year=2016&month=10&day=17
2016,hot100,2016-10-12,23,Wake up,KANA-BOON,https://www.billboard-japan.com/charts/detail?a=hot100&year=2016&month=10&day=17
2016,hot100,2016-10-12,24,Ordinary Girls,Happiness,https://www.billboard-japan.com/charts/detail?a=hot100&year=2016&month=10&day=17
2016,hot100,2016-10-12,25,Feel like,[Alexandros],https://www.billboard-japan.com/charts/detail?a=hot100&year=2016&month=10&day=17
2016,hot100,2016-10-12,26,花束を君に,宇多田ヒカル,https://www.billboard-japan.com/charts/detail?a=hot100&year=2016&month=10&day=17
2016,hot100,2016-10-12,27,夢灯籠,RADWIMPS,https://www.billboard-japan.com/charts/detail?a=hot100&year=2016&month=10&day=17
2016,hot100,2016-10-12,28,カレイド TOURHYTHM,Jupiter & W,https://www.billboard-japan.com/charts/detail?a=hot100&year=2016&month=10&day=17
2016,hot100,2016-10-12,29,薔薇のように咲いて 桜のように散って,松田聖子,https://www.billboard-japan.com/charts/detail?a=hot100&year=2016&month=10&day=17
2016,hot100,2016-10-12,30,クローサー feat.ホールジー,チェインスモーカーズ,https://www.billboard-japan.com/charts/detail?a=hot100&year=2016&month=10&day=17
2016,hot100,2016-10-12,31,世界に一つだけの花,SMAP,https://www.billboard-japan.com/charts/detail?a=hot100&year=2016&month=10&day=17
2016,hot100,2016-10-12,32,オーケストラ,BiSH,https://www.billboard-japan.com/charts/detail?a=hot100&year=2016&month=10&day=17
2016,hot100,2016-10-12,33,Wherever you are,ONE OK ROCK,https://www.billboard-japan.com/charts/detail?a=hot100&year=2016&month=10&day=17
2016,hot100,2016-10-12,34,二時間だけのバカンス feat.椎名林檎,宇多田ヒカル,https://www.billboard-japan.com/charts/detail?a=hot100&year=2016&month=10&day=17
2016,hot100,2016-10-12,35,多分、風。,サカナクション,https://www.billboard-japan.com/charts/detail?a=hot100&year=2016&month=10&day=17
2016,hot100,2016-10-12,36,NEW ERA,Nulbarich,https://www.billboard-japan.com/charts/detail?a=hot100&year=2016&month=10&day=17
2016,hot100,2016-10-12,37,キャリー・オン,ノラ・ジョーンズ,https://www.billboard-japan.com/charts/detail?a=hot100&year=2016&month=10&day=17
2016,hot100,2016-10-12,38,Power of the Paradise,嵐,https://www.billboard-japan.com/charts/detail?a=hot100&year=2016&month=10&day=17
2016,hot100,2016-10-12,39,SUN,星野源,https://www.billboard-japan.com/charts/detail?a=hot100&year=2016&month=10&day=17
2016,hot100,2016-10-12,40,So...Start,ロットングラフティー,https://www.billboard-japan.com/charts/detail?a=hot100&year=2016&month=10&day=17
2016,hot100,2016-10-12,41,砂の塔,THE YELLOW MONKEY,https://www.billboard-japan.com/charts/detail?a=hot100&year=2016&month=10&day=17
2016,hot100,2016-10-12,42,ラストシーン,いきものがかり,https://www.billboard-japan.com/charts/detail?a=hot100&year=2016&month=10&day=17
2016,hot100,2016-10-12,43,アンサー,BUMP OF CHICKEN,https://www.billboard-japan.com/charts/detail?a=hot100&year=2016&month=10&day=17
2016,hot100,2016-10-12,44,アンマー,かりゆし58,https://www.billboard-japan.com/charts/detail?a=hot100&year=2016&month=10&day=17
2016,hot100,2016-10-12,45,ともに,WANIMA,https://www.billboard-japan.com/charts/detail?a=hot100&year=2016&month=10&day=17
2016,hot100,2016-10-12,46,君が好き,西野カナ,https://www.billboard-japan.com/charts/detail?a=hot100&year=2016&month=10&day=17
2016,hot100,2016-10-12,47,ひまわりの約束,秦基博,https://www.billboard-japan.com/charts/detail?a=hot100&year=2016&month=10&day=17
2016,hot100,2016-10-12,48,サイレントマジョリティー,欅坂46,https://www.billboard-japan.com/charts/detail?a=hot100&year=2016&month=10&day=17
2016,hot100,2016-10-12,49,他の誰かより悲しい恋をしただけ,Flower,https://www.billboard-japan.com/charts/detail?a=hot100&year=2016&month=10&day=17
2016,hot100,2016-10-12,50,さあ共に!-story of yours-,Stella☆Beats,https://www.billboard-japan.com/charts/detail?a=hot100&year=2016&month=10&day=17
2016,hot100,2016-10-12,51,蝶々結び,Aimer(エメ),https://www.billboard-japan.com/charts/detail?a=hot100&year=2016&month=10&day=17
2016,hot100,2016-10-12,52,Have a nice day,西野カナ,https://www.billboard-japan.com/charts/detail?a=hot100&year=2016&month=10&day=17
2016,hot100,2016-10-12,53,DUMB & DUMBER,iKON,https://www.billboard-japan.com/charts/detail?a=hot100&year=2016&month=10&day=17
2016,hot100,2016-10-12,54,チェンジ・ザ・ワールド,エリック・クラプトン,https://www.billboard-japan.com/charts/detail?a=hot100&year=2016&month=10&day=17
2016,hot100,2016-10-12,55,Taking Off,ONE OK ROCK,https://www.billboard-japan.com/charts/detail?a=hot100&year=2016&month=10&day=17
2016,hot100,2016-10-12,56,クラッシュ,アッシャー,https://www.billboard-japan.com/charts/detail?a=hot100&year=2016&month=10&day=17
2016,hot100,2016-10-12,57,世界には愛しかない,欅坂46,https://www.billboard-japan.com/charts/detail?a=hot100&year=2016&month=10&day=17
2016,hot100,2016-10-12,58,Welcome to TOKYO,三代目 J Soul Brothers from EXILE TRIBE,https://www.billboard-japan.com/charts/detail?a=hot100&year=2016&month=10&day=17
2016,hot100,2016-10-12,59,パーフェクト・イリュージョン,レディー・ガガ,https://www.billboard-japan.com/charts/detail?a=hot100&year=2016&month=10&day=17
2016,hot100,2016-10-12,60,エイント・ギヴィング・アップ,クレイグ・デイヴィッド,https://www.billboard-japan.com/charts/detail?a=hot100&year=2016&month=10&day=17
2016,hot100,2016-10-12,61,アイネクライネ,米津玄師,https://www.billboard-japan.com/charts/detail?a=hot100&year=2016&month=10&day=17
2016,hot100,2016-10-12,62,Coming Over,EXO,https://www.billboard-japan.com/charts/detail?a=hot100&year=2016&month=10&day=17
2016,hot100,2016-10-12,63,海の声,浦島太郎(桐谷健太),https://www.billboard-japan.com/charts/detail?a=hot100&year=2016&month=10&day=17
2016,hot100,2016-10-12,64,LOVE TRIP,AKB48,https://www.billboard-japan.com/charts/detail?a=hot100&year=2016&month=10&day=17
2016,hot100,2016-10-12,65,トリセツ,西野カナ,https://www.billboard-japan.com/charts/detail?a=hot100&year=2016&month=10&day=17
2016,hot100,2016-10-12,66,裸足でSummer,乃木坂46,https://www.billboard-japan.com/charts/detail?a=hot100&year=2016&month=10&day=17
2016,hot100,2016-10-12,67,Overflows〜言葉にできなくて〜,ナオト・インティライミ,https://www.billboard-japan.com/charts/detail?a=hot100&year=2016&month=10&day=17
2016,hot100,2016-10-12,68,六本木心中,JUJU,https://www.billboard-japan.com/charts/detail?a=hot100&year=2016&month=10&day=17
2016,hot100,2016-10-12,69,まだ君は知らない MY PRETTIEST GIRL,Nissy(西島隆弘),https://www.billboard-japan.com/charts/detail?a=hot100&year=2016&month=10&day=17
2016,hot100,2016-10-12,70,コールド・ウォーター feat.ジャスティン・ビーバー & ムー,メジャー・レイザー,https://www.billboard-japan.com/charts/detail?a=hot100&year=2016&month=10&day=17
2016,hot100,2016-10-12,71,R.Y.U.S.E.I.,三代目 J Soul Brothers from EXILE TRIBE,https://www.billboard-japan.com/charts/detail?a=hot100&year=2016&month=10&day=17
2016,hot100,2016-10-12,72,友よ〜この先もずっと…,ケツメイシ,https://www.billboard-japan.com/charts/detail?a=hot100&year=2016&month=10&day=17
2016,hot100,2016-10-12,73,僕はいない,NMB48,https://www.billboard-japan.com/charts/detail?a=hot100&year=2016&month=10&day=17
2016,hot100,2016-10-12,74,BANG BANG BANG,BIGBANG,https://www.billboard-japan.com/charts/detail?a=hot100&year=2016&month=10&day=17
2016,hot100,2016-10-12,75,ワタリドリ,[Alexandros],https://www.billboard-japan.com/charts/detail?a=hot100&year=2016&month=10&day=17
2016,hot100,2016-10-12,76,ブーヤー,ショウテック feat.ウィ・アー・ラウド & ソニー・ウィルソン,https://www.billboard-japan.com/charts/detail?a=hot100&year=2016&month=10&day=17
2016,hot100,2016-10-12,77,ザ・グレイテスト feat.ケンドリック・ラマー,シーア,https://www.billboard-japan.com/charts/detail?a=hot100&year=2016&month=10&day=17
2016,hot100,2016-10-12,78,24K・マジック,ブルーノ・マーズ,https://www.billboard-japan.com/charts/detail?a=hot100&year=2016&month=10&day=17
2016,hot100,2016-10-12,79,Heaven's Door〜陽のあたる場所〜,栞菜智世,https://www.billboard-japan.com/charts/detail?a=hot100&year=2016&month=10&day=17
2016,hot100,2016-10-12,80,The Beginning,ONE OK ROCK,https://www.billboard-japan.com/charts/detail?a=hot100&year=2016&month=10&day=17
2016,hot100,2016-10-12,81,スターボーイ feat.ダフト・パンク,ウィークエンド,https://www.billboard-japan.com/charts/detail?a=hot100&year=2016&month=10&day=17
2016,hot100,2016-10-12,82,WILD WILD WILD,EXILE THE SECOND,https://www.billboard-japan.com/charts/detail?a=hot100&year=2016&month=10&day=17
2016,hot100,2016-10-12,83,Eye to Eye,ベリーグッドマン,https://www.billboard-japan.com/charts/detail?a=hot100&year=2016&month=10&day=17
2016,hot100,2016-10-12,84,366日,上白石萌音,https://www.billboard-japan.com/charts/detail?a=hot100&year=2016&month=10&day=17
2016,hot100,2016-10-12,85,完全感覚Dreamer,ONE OK ROCK,https://www.billboard-japan.com/charts/detail?a=hot100&year=2016&month=10&day=17
2016,hot100,2016-10-12,86,シェイク・イット・オフ〜気にしてなんかいられないっ!!,テイラー・スウィフト,https://www.billboard-japan.com/charts/detail?a=hot100&year=2016&month=10&day=17
2016,hot100,2016-10-12,87,FLASH,Perfume,https://www.billboard-japan.com/charts/detail?a=hot100&year=2016&month=10&day=17
2016,hot100,2016-10-12,88,ナンバーナイン,米津玄師,https://www.billboard-japan.com/charts/detail?a=hot100&year=2016&month=10&day=17
2016,hot100,2016-10-12,89,アリア,BUMP OF CHICKEN,https://www.billboard-japan.com/charts/detail?a=hot100&year=2016&month=10&day=17
2016,hot100,2016-10-12,90,FANTASTIC BABY,BIGBANG,https://www.billboard-japan.com/charts/detail?a=hot100&year=2016&month=10&day=17
2016,hot100,2016-10-12,91,千本桜,WhiteFlame feat.初音ミク,https://www.billboard-japan.com/charts/detail?a=hot100&year=2016&month=10&day=17
2016,hot100,2016-10-12,92,Dear Bride,西野カナ,https://www.billboard-japan.com/charts/detail?a=hot100&year=2016&month=10&day=17
2016,hot100,2016-10-12,93,365日の紙飛行機,AKB48,https://www.billboard-japan.com/charts/detail?a=hot100&year=2016&month=10&day=17
2016,hot100,2016-10-12,94,愛をこめて花束を,Superfly,https://www.billboard-japan.com/charts/detail?a=hot100&year=2016&month=10&day=17
2016,hot100,2016-10-12,95,History Maker,DEAN FUJIOKA,https://www.billboard-japan.com/charts/detail?a=hot100&year=2016&month=10&day=17
2016,hot100,2016-10-12,96,ホワイト・タイガー,イジー・ビズ,https://www.billboard-japan.com/charts/detail?a=hot100&year=2016&month=10&day=17
2016,hot100,2016-10-12,97,12月のひまわり,Aqua Timez,https://www.billboard-japan.com/charts/detail?a=hot100&year=2016&month=10&day=17
2016,hot100,2016-10-12,98,シュガー,マルーン5,https://www.billboard-japan.com/charts/detail?a=hot100&year=2016&month=10&day=17
2016,hot100,2016-10-12,99,恋音と雨空,AAA,https://www.billboard-japan.com/charts/detail?a=hot100&year=2016&month=10&day=17
2016,hot100,2016-10-12,100,やさしさで溢れるように,Flower,https://www.billboard-japan.com/charts/detail?a=hot100&year=2016&month=10&day=17
2016,hot100,2016-10-19,1,恋,星野源,https://www.billboard-japan.com/charts/detail?a=hot100&year=2016&month=10&day=24
2016,hot100,2016-10-19,2,パノラマ,関ジャニ∞[エイト],https://www.billboard-japan.com/charts/detail?a=hot100&year=2016&month=10&day=24
2016,hot100,2016-10-19,3,ペンパイナッポーアッポーペン,ピコ太郎,https://www.billboard-japan.com/charts/detail?a=hot100&year=2016&month=10&day=24
2016,hot100,2016-10-19,4,TIME FLIES,ACE OF SPADES × PKCZ feat.登坂広臣,https://www.billboard-japan.com/charts/detail?a=hot100&year=2016&month=10&day=24
2016,hot100,2016-10-19,5,前前前世,RADWIMPS,https://www.billboard-japan.com/charts/detail?a=hot100&year=2016&month=10&day=24
2016,hot100,2016-10-19,6,ANOTHER STARTING LINE,Hi-STANDARD,https://www.billboard-japan.com/charts/detail?a=hot100&year=2016&month=10&day=24
2016,hot100,2016-10-19,7,道,宇多田ヒカル,https://www.billboard-japan.com/charts/detail?a=hot100&year=2016&month=10&day=24
2016,hot100,2016-10-19,8,なんでもないや,RADWIMPS,https://www.billboard-japan.com/charts/detail?a=hot100&year=2016&month=10&day=24
2016,hot100,2016-10-19,9,なんでもないや,上白石萌音,https://www.billboard-japan.com/charts/detail?a=hot100&year=2016&month=10&day=24
2016,hot100,2016-10-19,10,Hey Ho,SEKAI NO OWARI,https://www.billboard-japan.com/charts/detail?a=hot100&year=2016&month=10&day=24
2016,hot100,2016-10-19,11,NANIMONO feat.米津玄師,中田ヤスタカ,https://www.billboard-japan.com/charts/detail?a=hot100&year=2016&month=10&day=24
2016,hot100,2016-10-19,12,My Boo,清水翔太,https://www.billboard-japan.com/charts/detail?a=hot100&year=2016&month=10&day=24
2016,hot100,2016-10-19,13,テンペスト,宮野真守,https://www.billboard-japan.com/charts/detail?a=hot100&year=2016&month=10&day=24
2016,hot100,2016-10-19,14,花丸◎日和!,"大和守安定(市来光弘),加州清光(増田俊樹)",https://www.billboard-japan.com/charts/detail?a=hot100&year=2016&month=10&day=24
2016,hot100,2016-10-19,15,世界に一つだけの花,SMAP,https://www.billboard-japan.com/charts/detail?a=hot100&year=2016&month=10&day=24
2016,hot100,2016-10-19,16,侠気乱舞,"ジュリア(愛美),周防桃子(渡部恵子),大神環(稲川英里),木下ひなた(田村奈央),福田のり子(浜崎奈々)",https://www.billboard-japan.com/charts/detail?a=hot100&year=2016&month=10&day=24
2016,hot100,2016-10-19,17,好きな人がいること,JY,https://www.billboard-japan.com/charts/detail?a=hot100&year=2016&month=10&day=24
2016,hot100,2016-10-19,18,Blood Sweat & Tears,BTS (防弾少年団),https://www.billboard-japan.com/charts/detail?a=hot100&year=2016&month=10&day=24
2016,hot100,2016-10-19,19,24K・マジック,ブルーノ・マーズ,https://www.billboard-japan.com/charts/detail?a=hot100&year=2016&month=10&day=24
2016,hot100,2016-10-19,20,スパークル,RADWIMPS,https://www.billboard-japan.com/charts/detail?a=hot100&year=2016&month=10&day=24
2016,hot100,2016-10-19,21,砂の塔,THE YELLOW MONKEY,https://www.billboard-japan.com/charts/detail?a=hot100&year=2016&month=10&day=24
2016,hot100,2016-10-19,22,Welcome to TOKYO,三代目 J Soul Brothers from EXILE TRIBE,https://www.billboard-japan.com/charts/detail?a=hot100&year=2016&month=10&day=24
2016,hot100,2016-10-19,23,The Birth,宮野真守,https://www.billboard-japan.com/charts/detail?a=hot100&year=2016&month=10&day=24
2016,hot100,2016-10-19,24,LOSER,米津玄師,https://www.billboard-japan.com/charts/detail?a=hot100&year=2016&month=10&day=24
2016,hot100,2016-10-19,25,秘密のティアラとジェラート,放課後プリンセス,https://www.billboard-japan.com/charts/detail?a=hot100&year=2016&month=10&day=24
2016,hot100,2016-10-19,26,Don't You Get It,嵐,https://www.billboard-japan.com/charts/detail?a=hot100&year=2016&month=10&day=24
2016,hot100,2016-10-19,27,THE RED RAIN,EXILE TAKAHIRO × 登坂広臣,https://www.billboard-japan.com/charts/detail?a=hot100&year=2016&month=10&day=24
2016,hot100,2016-10-19,28,Ordinary Girls,Happiness,https://www.billboard-japan.com/charts/detail?a=hot100&year=2016&month=10&day=24
2016,hot100,2016-10-19,29,多分、風。,サカナクション,https://www.billboard-japan.com/charts/detail?a=hot100&year=2016&month=10&day=24
2016,hot100,2016-10-19,30,Hero,安室奈美恵,https://www.billboard-japan.com/charts/detail?a=hot100&year=2016&month=10&day=24
2016,hot100,2016-10-19,31,She's Got Me,L.A.U,https://www.billboard-japan.com/charts/detail?a=hot100&year=2016&month=10&day=24
2016,hot100,2016-10-19,32,涙のない世界,AAA,https://www.billboard-japan.com/charts/detail?a=hot100&year=2016&month=10&day=24
2016,hot100,2016-10-19,33,夢灯籠,RADWIMPS,https://www.billboard-japan.com/charts/detail?a=hot100&year=2016&month=10&day=24
2016,hot100,2016-10-19,34,花束を君に,宇多田ヒカル,https://www.billboard-japan.com/charts/detail?a=hot100&year=2016&month=10&day=24
2016,hot100,2016-10-19,35,風に吹かれて,ボブ・ディラン,https://www.billboard-japan.com/charts/detail?a=hot100&year=2016&month=10&day=24
2016,hot100,2016-10-19,36,Feel like,[Alexandros],https://www.billboard-japan.com/charts/detail?a=hot100&year=2016&month=10&day=24
2016,hot100,2016-10-19,37,SUN,星野源,https://www.billboard-japan.com/charts/detail?a=hot100&year=2016&month=10&day=24
2016,hot100,2016-10-19,38,UNIVERSE,ShuuKaRen,https://www.billboard-japan.com/charts/detail?a=hot100&year=2016&month=10&day=24
2016,hot100,2016-10-19,39,恋をしたのは,aiko,https://www.billboard-japan.com/charts/detail?a=hot100&year=2016&month=10&day=24
2016,hot100,2016-10-19,40,最高かよ,HKT48,https://www.billboard-japan.com/charts/detail?a=hot100&year=2016&month=10&day=24
2016,hot100,2016-10-19,41,あいたい,林部智史,https://www.billboard-japan.com/charts/detail?a=hot100&year=2016&month=10&day=24
2016,hot100,2016-10-19,42,LAY YOUR HANDS ON ME,ブンブンサテライツ,https://www.billboard-japan.com/charts/detail?a=hot100&year=2016&month=10&day=24
2016,hot100,2016-10-19,43,History Maker,DEAN FUJIOKA,https://www.billboard-japan.com/charts/detail?a=hot100&year=2016&month=10&day=24
2016,hot100,2016-10-19,44,世界には愛しかない,欅坂46,https://www.billboard-japan.com/charts/detail?a=hot100&year=2016&month=10&day=24
2016,hot100,2016-10-19,45,クローサー feat.ホールジー,チェインスモーカーズ,https://www.billboard-japan.com/charts/detail?a=hot100&year=2016&month=10&day=24
2016,hot100,2016-10-19,46,99,Superfly,https://www.billboard-japan.com/charts/detail?a=hot100&year=2016&month=10&day=24
2016,hot100,2016-10-19,47,マジLOVEレジェンドスター,ST☆RISH,https://www.billboard-japan.com/charts/detail?a=hot100&year=2016&month=10&day=24
2016,hot100,2016-10-19,48,BANJIKYUSU PARTY,ワンダーウィード,https://www.billboard-japan.com/charts/detail?a=hot100&year=2016&month=10&day=24
2016,hot100,2016-10-19,49,Wherever you are,ONE OK ROCK,https://www.billboard-japan.com/charts/detail?a=hot100&year=2016&month=10&day=24
2016,hot100,2016-10-19,50,ブーヤー,ショウテック feat.ウィ・アー・ラウド & ソニー・ウィルソン,https://www.billboard-japan.com/charts/detail?a=hot100&year=2016&month=10&day=24
2016,hot100,2016-10-19,51,結-ゆい-,miwa,https://www.billboard-japan.com/charts/detail?a=hot100&year=2016&month=10&day=24
2016,hot100,2016-10-19,52,キセキ,GReeeeN,https://www.billboard-japan.com/charts/detail?a=hot100&year=2016&month=10&day=24
2016,hot100,2016-10-19,53,!!!!!!!!,アップアップガールズ(仮),https://www.billboard-japan.com/charts/detail?a=hot100&year=2016&month=10&day=24
2016,hot100,2016-10-19,54,二時間だけのバカンス feat.椎名林檎,宇多田ヒカル,https://www.billboard-japan.com/charts/detail?a=hot100&year=2016&month=10&day=24
2016,hot100,2016-10-19,55,オーケストラ,BiSH,https://www.billboard-japan.com/charts/detail?a=hot100&year=2016&month=10&day=24
2016,hot100,2016-10-19,56,STAY TUNE,Suchmos,https://www.billboard-japan.com/charts/detail?a=hot100&year=2016&month=10&day=24
2016,hot100,2016-10-19,57,キャリー・オン,ノラ・ジョーンズ,https://www.billboard-japan.com/charts/detail?a=hot100&year=2016&month=10&day=24
2016,hot100,2016-10-19,58,人間ビデオ,ドレスコーズ,https://www.billboard-japan.com/charts/detail?a=hot100&year=2016&month=10&day=24
2016,hot100,2016-10-19,59,ハッピーエンド,back number,https://www.billboard-japan.com/charts/detail?a=hot100&year=2016&month=10&day=24
2016,hot100,2016-10-19,60,薔薇のように咲いて 桜のように散って,松田聖子,https://www.billboard-japan.com/charts/detail?a=hot100&year=2016&month=10&day=24
2016,hot100,2016-10-19,61,サイレントマジョリティー,欅坂46,https://www.billboard-japan.com/charts/detail?a=hot100&year=2016&month=10&day=24
2016,hot100,2016-10-19,62,蝶々結び,Aimer(エメ),https://www.billboard-japan.com/charts/detail?a=hot100&year=2016&month=10&day=24
2016,hot100,2016-10-19,63,MUSIC VIDEO,岡崎体育,https://www.billboard-japan.com/charts/detail?a=hot100&year=2016&month=10&day=24
2016,hot100,2016-10-19,64,ハイテンション,AKB48,https://www.billboard-japan.com/charts/detail?a=hot100&year=2016&month=10&day=24
2016,hot100,2016-10-19,65,夢のパレード,植田真梨恵,https://www.billboard-japan.com/charts/detail?a=hot100&year=2016&month=10&day=24
2016,hot100,2016-10-19,66,DUMB & DUMBER,iKON,https://www.billboard-japan.com/charts/detail?a=hot100&year=2016&month=10&day=24
2016,hot100,2016-10-19,67,アイネクライネ,米津玄師,https://www.billboard-japan.com/charts/detail?a=hot100&year=2016&month=10&day=24
2016,hot100,2016-10-19,68,サウンドスケープ,TRUE,https://www.billboard-japan.com/charts/detail?a=hot100&year=2016&month=10&day=24
2016,hot100,2016-10-19,69,世界はあなたの色になる,B'z,https://www.billboard-japan.com/charts/detail?a=hot100&year=2016&month=10&day=24
2016,hot100,2016-10-19,70,Voice Of Heart,岡崎体育,https://www.billboard-japan.com/charts/detail?a=hot100&year=2016&month=10&day=24
2016,hot100,2016-10-19,71,ラストシーン,いきものがかり,https://www.billboard-japan.com/charts/detail?a=hot100&year=2016&month=10&day=24
2016,hot100,2016-10-19,72,70億のピース,秦基博,https://www.billboard-japan.com/charts/detail?a=hot100&year=2016&month=10&day=24
2016,hot100,2016-10-19,73,ひまわりの約束,秦基博,https://www.billboard-japan.com/charts/detail?a=hot100&year=2016&month=10&day=24
2016,hot100,2016-10-19,74,NEW ERA,Nulbarich,https://www.billboard-japan.com/charts/detail?a=hot100&year=2016&month=10&day=24
2016,hot100,2016-10-19,75,Wake up,KANA-BOON,https://www.billboard-japan.com/charts/detail?a=hot100&year=2016&month=10&day=24
2016,hot100,2016-10-19,76,Power of the Paradise,嵐,https://www.billboard-japan.com/charts/detail?a=hot100&year=2016&month=10&day=24
2016,hot100,2016-10-19,77,Heaven's Door〜陽のあたる場所〜,栞菜智世,https://www.billboard-japan.com/charts/detail?a=hot100&year=2016&month=10&day=24
2016,hot100,2016-10-19,78,君が好き,西野カナ,https://www.billboard-japan.com/charts/detail?a=hot100&year=2016&month=10&day=24
2016,hot100,2016-10-19,79,BANG BANG BANG,BIGBANG,https://www.billboard-japan.com/charts/detail?a=hot100&year=2016&month=10&day=24
2016,hot100,2016-10-19,80,他の誰かより悲しい恋をしただけ,Flower,https://www.billboard-japan.com/charts/detail?a=hot100&year=2016&month=10&day=24
2016,hot100,2016-10-19,81,パーフェクト・イリュージョン,レディー・ガガ,https://www.billboard-japan.com/charts/detail?a=hot100&year=2016&month=10&day=24
2016,hot100,2016-10-19,82,スターボーイ feat.ダフト・パンク,ウィークエンド,https://www.billboard-japan.com/charts/detail?a=hot100&year=2016&month=10&day=24
2016,hot100,2016-10-19,83,トリセツ,西野カナ,https://www.billboard-japan.com/charts/detail?a=hot100&year=2016&month=10&day=24
2016,hot100,2016-10-19,84,糸,EXILE ATSUSHI,https://www.billboard-japan.com/charts/detail?a=hot100&year=2016&month=10&day=24
2016,hot100,2016-10-19,85,Have a nice day,西野カナ,https://www.billboard-japan.com/charts/detail?a=hot100&year=2016&month=10&day=24
2016,hot100,2016-10-19,86,R.Y.U.S.E.I.,三代目 J Soul Brothers from EXILE TRIBE,https://www.billboard-japan.com/charts/detail?a=hot100&year=2016&month=10&day=24
2016,hot100,2016-10-19,87,ドント・ワナ・ノウ feat.ケンドリック・ラマー,マルーン5,https://www.billboard-japan.com/charts/detail?a=hot100&year=2016&month=10&day=24
2016,hot100,2016-10-19,88,Windia,春奈るな,https://www.billboard-japan.com/charts/detail?a=hot100&year=2016&month=10&day=24
2016,hot100,2016-10-19,89,キラリ☆NiPPON,CLEAR'S,https://www.billboard-japan.com/charts/detail?a=hot100&year=2016&month=10&day=24
2016,hot100,2016-10-19,90,友よ〜この先もずっと…,ケツメイシ,https://www.billboard-japan.com/charts/detail?a=hot100&year=2016&month=10&day=24
2016,hot100,2016-10-19,91,Taking Off,ONE OK ROCK,https://www.billboard-japan.com/charts/detail?a=hot100&year=2016&month=10&day=24
2016,hot100,2016-10-19,92,向日葵,木村カエラ,https://www.billboard-japan.com/charts/detail?a=hot100&year=2016&month=10&day=24
2016,hot100,2016-10-19,93,LOVE TRIP,AKB48,https://www.billboard-japan.com/charts/detail?a=hot100&year=2016&month=10&day=24
2016,hot100,2016-10-19,94,まだ君は知らない MY PRETTIEST GIRL,Nissy(西島隆弘),https://www.billboard-japan.com/charts/detail?a=hot100&year=2016&month=10&day=24
2016,hot100,2016-10-19,95,Error,SEKAI NO OWARI,https://www.billboard-japan.com/charts/detail?a=hot100&year=2016&month=10&day=24
2016,hot100,2016-10-19,96,海の声,浦島太郎(桐谷健太),https://www.billboard-japan.com/charts/detail?a=hot100&year=2016&month=10&day=24
2016,hot100,2016-10-19,97,ともに,WANIMA,https://www.billboard-japan.com/charts/detail?a=hot100&year=2016&month=10&day=24
2016,hot100,2016-10-19,98,ハッピー,ファレル・ウィリアムス,https://www.billboard-japan.com/charts/detail?a=hot100&year=2016&month=10&day=24
2016,hot100,2016-10-19,99,Dear Bride,西野カナ,https://www.billboard-japan.com/charts/detail?a=hot100&year=2016&month=10&day=24
2016,hot100,2016-10-19,100,ノーファング,グッドモーニングアメリカ,https://www.billboard-japan.com/charts/detail?a=hot100&year=2016&month=10&day=24
2016,hot100,2016-10-26,1,恋,星野源,https://www.billboard-japan.com/charts/detail?a=hot100&year=2016&month=10&day=31
2016,hot100,2016-10-26,2,ペンパイナッポーアッポーペン,ピコ太郎,https://www.billboard-japan.com/charts/detail?a=hot100&year=2016&month=10&day=31
2016,hot100,2016-10-26,3,砂の塔,THE YELLOW MONKEY,https://www.billboard-japan.com/charts/detail?a=hot100&year=2016&month=10&day=31
2016,hot100,2016-10-26,4,よびすて,Sexy Zone,https://www.billboard-japan.com/charts/detail?a=hot100&year=2016&month=10&day=31
2016,hot100,2016-10-26,5,前前前世,RADWIMPS,https://www.billboard-japan.com/charts/detail?a=hot100&year=2016&month=10&day=31
2016,hot100,2016-10-26,6,多分、風。,サカナクション,https://www.billboard-japan.com/charts/detail?a=hot100&year=2016&month=10&day=31
2016,hot100,2016-10-26,7,上手く言えない,アンジュルム,https://www.billboard-japan.com/charts/detail?a=hot100&year=2016&month=10&day=31
2016,hot100,2016-10-26,8,サヨナラの意味,乃木坂46,https://www.billboard-japan.com/charts/detail?a=hot100&year=2016&month=10&day=31
2016,hot100,2016-10-26,9,Lovefool-好きだって言って-,Dream Ami,https://www.billboard-japan.com/charts/detail?a=hot100&year=2016&month=10&day=31
2016,hot100,2016-10-26,10,道,宇多田ヒカル,https://www.billboard-japan.com/charts/detail?a=hot100&year=2016&month=10&day=31
2016,hot100,2016-10-26,11,雨のち晴れの空の色,SUPER JUNIOR-YESUNG,https://www.billboard-japan.com/charts/detail?a=hot100&year=2016&month=10&day=31
2016,hot100,2016-10-26,12,なんでもないや,RADWIMPS,https://www.billboard-japan.com/charts/detail?a=hot100&year=2016&month=10&day=31
2016,hot100,2016-10-26,13,Dear Bride,西野カナ,https://www.billboard-japan.com/charts/detail?a=hot100&year=2016&month=10&day=31
2016,hot100,2016-10-26,14,なんでもないや,上白石萌音,https://www.billboard-japan.com/charts/detail?a=hot100&year=2016&month=10&day=31
2016,hot100,2016-10-26,15,ANOTHER STARTING LINE,Hi-STANDARD,https://www.billboard-japan.com/charts/detail?a=hot100&year=2016&month=10&day=31
2016,hot100,2016-10-26,16,70億のピース,秦基博,https://www.billboard-japan.com/charts/detail?a=hot100&year=2016&month=10&day=31
2016,hot100,2016-10-26,17,RAGE OF DUST,SPYAIR,https://www.billboard-japan.com/charts/detail?a=hot100&year=2016&month=10&day=31
2016,hot100,2016-10-26,18,NANIMONO feat.米津玄師,中田ヤスタカ,https://www.billboard-japan.com/charts/detail?a=hot100&year=2016&month=10&day=31
2016,hot100,2016-10-26,19,My Boo,清水翔太,https://www.billboard-japan.com/charts/detail?a=hot100&year=2016&month=10&day=31
2016,hot100,2016-10-26,20,好きな人がいること,JY,https://www.billboard-japan.com/charts/detail?a=hot100&year=2016&month=10&day=31
2016,hot100,2016-10-26,21,LOSER,米津玄師,https://www.billboard-japan.com/charts/detail?a=hot100&year=2016&month=10&day=31
2016,hot100,2016-10-26,22,24K・マジック,ブルーノ・マーズ,https://www.billboard-japan.com/charts/detail?a=hot100&year=2016&month=10&day=31
2016,hot100,2016-10-26,23,TIME FLIES,ACE OF SPADES × PKCZ feat.登坂広臣,https://www.billboard-japan.com/charts/detail?a=hot100&year=2016&month=10&day=31
2016,hot100,2016-10-26,24,タイムマシン,まねきケチャ,https://www.billboard-japan.com/charts/detail?a=hot100&year=2016&month=10&day=31
2016,hot100,2016-10-26,25,Hey Ho,SEKAI NO OWARI,https://www.billboard-japan.com/charts/detail?a=hot100&year=2016&month=10&day=31
2016,hot100,2016-10-26,26,涙のない世界,AAA,https://www.billboard-japan.com/charts/detail?a=hot100&year=2016&month=10&day=31
2016,hot100,2016-10-26,27,THE RED RAIN,EXILE TAKAHIRO × 登坂広臣,https://www.billboard-japan.com/charts/detail?a=hot100&year=2016&month=10&day=31
2016,hot100,2016-10-26,28,パノラマ,関ジャニ∞[エイト],https://www.billboard-japan.com/charts/detail?a=hot100&year=2016&month=10&day=31
2016,hot100,2016-10-26,29,世界に一つだけの花,SMAP,https://www.billboard-japan.com/charts/detail?a=hot100&year=2016&month=10&day=31
2016,hot100,2016-10-26,30,SUN,星野源,https://www.billboard-japan.com/charts/detail?a=hot100&year=2016&month=10&day=31
2016,hot100,2016-10-26,31,アマテラス,"萩原雪歩(浅倉杏美),三浦あずさ(たかはし智秋),四条貴音(原由実),秋月律子(若林直美)",https://www.billboard-japan.com/charts/detail?a=hot100&year=2016&month=10&day=31
2016,hot100,2016-10-26,32,スパークル,RADWIMPS,https://www.billboard-japan.com/charts/detail?a=hot100&year=2016&month=10&day=31
2016,hot100,2016-10-26,33,Blood Sweat & Tears,BTS (防弾少年団),https://www.billboard-japan.com/charts/detail?a=hot100&year=2016&month=10&day=31
2016,hot100,2016-10-26,34,DDD,蒼井翔太,https://www.billboard-japan.com/charts/detail?a=hot100&year=2016&month=10&day=31
2016,hot100,2016-10-26,35,Great Days,"青木カレン,ハセガワダイスケ",https://www.billboard-japan.com/charts/detail?a=hot100&year=2016&month=10&day=31
2016,hot100,2016-10-26,36,ドント・ワナ・ノウ feat.ケンドリック・ラマー,マルーン5,https://www.billboard-japan.com/charts/detail?a=hot100&year=2016&month=10&day=31
2016,hot100,2016-10-26,37,Hero,安室奈美恵,https://www.billboard-japan.com/charts/detail?a=hot100&year=2016&month=10&day=31
2016,hot100,2016-10-26,38,Fantastic Time,Hey!Say!JUMP,https://www.billboard-japan.com/charts/detail?a=hot100&year=2016&month=10&day=31
2016,hot100,2016-10-26,39,パーフェクト・イリュージョン,レディー・ガガ,https://www.billboard-japan.com/charts/detail?a=hot100&year=2016&month=10&day=31
2016,hot100,2016-10-26,40,花束を君に,宇多田ヒカル,https://www.billboard-japan.com/charts/detail?a=hot100&year=2016&month=10&day=31
2016,hot100,2016-10-26,41,Wherever you are,ONE OK ROCK,https://www.billboard-japan.com/charts/detail?a=hot100&year=2016&month=10&day=31
2016,hot100,2016-10-26,42,花丸◎日和!,"大和守安定(市来光弘),加州清光(増田俊樹)",https://www.billboard-japan.com/charts/detail?a=hot100&year=2016&month=10&day=31
2016,hot100,2016-10-26,43,夢灯籠,RADWIMPS,https://www.billboard-japan.com/charts/detail?a=hot100&year=2016&month=10&day=31
2016,hot100,2016-10-26,44,クローサー feat.ホールジー,チェインスモーカーズ,https://www.billboard-japan.com/charts/detail?a=hot100&year=2016&month=10&day=31
2016,hot100,2016-10-26,45,Ordinary Girls,Happiness,https://www.billboard-japan.com/charts/detail?a=hot100&year=2016&month=10&day=31
2016,hot100,2016-10-26,46,Heaven's Door〜陽のあたる場所〜,栞菜智世,https://www.billboard-japan.com/charts/detail?a=hot100&year=2016&month=10&day=31
2016,hot100,2016-10-26,47,向日葵,木村カエラ,https://www.billboard-japan.com/charts/detail?a=hot100&year=2016&month=10&day=31
2016,hot100,2016-10-26,48,ハッピーエンド,back number,https://www.billboard-japan.com/charts/detail?a=hot100&year=2016&month=10&day=31
2016,hot100,2016-10-26,49,Don't You Get It,嵐,https://www.billboard-japan.com/charts/detail?a=hot100&year=2016&month=10&day=31
2016,hot100,2016-10-26,50,僕は僕であって,angela × fripSide,https://www.billboard-japan.com/charts/detail?a=hot100&year=2016&month=10&day=31
2016,hot100,2016-10-26,51,99,Superfly,https://www.billboard-japan.com/charts/detail?a=hot100&year=2016&month=10&day=31
2016,hot100,2016-10-26,52,ALRIGHT,THE YELLOW MONKEY,https://www.billboard-japan.com/charts/detail?a=hot100&year=2016&month=10&day=31
2016,hot100,2016-10-26,53,History Maker,DEAN FUJIOKA,https://www.billboard-japan.com/charts/detail?a=hot100&year=2016&month=10&day=31
2016,hot100,2016-10-26,54,Feel like,[Alexandros],https://www.billboard-japan.com/charts/detail?a=hot100&year=2016&month=10&day=31
2016,hot100,2016-10-26,55,結-ゆい-,miwa,https://www.billboard-japan.com/charts/detail?a=hot100&year=2016&month=10&day=31
2016,hot100,2016-10-26,56,サイレントマジョリティー,欅坂46,https://www.billboard-japan.com/charts/detail?a=hot100&year=2016&month=10&day=31
2016,hot100,2016-10-26,57,君への手紙,桑田佳祐,https://www.billboard-japan.com/charts/detail?a=hot100&year=2016&month=10&day=31
2016,hot100,2016-10-26,58,ひまわりの約束,秦基博,https://www.billboard-japan.com/charts/detail?a=hot100&year=2016&month=10&day=31
2016,hot100,2016-10-26,59,恋をしたのは,aiko,https://www.billboard-japan.com/charts/detail?a=hot100&year=2016&month=10&day=31
2016,hot100,2016-10-26,60,Have a nice day,西野カナ,https://www.billboard-japan.com/charts/detail?a=hot100&year=2016&month=10&day=31
2016,hot100,2016-10-26,61,ヒカリアレ,BURNOUT SYNDROMES,https://www.billboard-japan.com/charts/detail?a=hot100&year=2016&month=10&day=31
2016,hot100,2016-10-26,62,あいたい,林部智史,https://www.billboard-japan.com/charts/detail?a=hot100&year=2016&month=10&day=31
2016,hot100,2016-10-26,63,ハッピー,ファレル・ウィリアムス,https://www.billboard-japan.com/charts/detail?a=hot100&year=2016&month=10&day=31
2016,hot100,2016-10-26,64,最後の頁,西田あい,https://www.billboard-japan.com/charts/detail?a=hot100&year=2016&month=10&day=31
2016,hot100,2016-10-26,65,君が好き,西野カナ,https://www.billboard-japan.com/charts/detail?a=hot100&year=2016&month=10&day=31
2016,hot100,2016-10-26,66,世界には愛しかない,欅坂46,https://www.billboard-japan.com/charts/detail?a=hot100&year=2016&month=10&day=31
2016,hot100,2016-10-26,67,キャリー・オン,ノラ・ジョーンズ,https://www.billboard-japan.com/charts/detail?a=hot100&year=2016&month=10&day=31
2016,hot100,2016-10-26,68,STAY TUNE,Suchmos,https://www.billboard-japan.com/charts/detail?a=hot100&year=2016&month=10&day=31
2016,hot100,2016-10-26,69,走れ 走れ,ファンキー加藤,https://www.billboard-japan.com/charts/detail?a=hot100&year=2016&month=10&day=31
2016,hot100,2016-10-26,70,トリセツ,西野カナ,https://www.billboard-japan.com/charts/detail?a=hot100&year=2016&month=10&day=31
2016,hot100,2016-10-26,71,UNIVERSE,ShuuKaRen,https://www.billboard-japan.com/charts/detail?a=hot100&year=2016&month=10&day=31
2016,hot100,2016-10-26,72,MUSIC VIDEO,岡崎体育,https://www.billboard-japan.com/charts/detail?a=hot100&year=2016&month=10&day=31
2016,hot100,2016-10-26,73,Welcome to TOKYO,三代目 J Soul Brothers from EXILE TRIBE,https://www.billboard-japan.com/charts/detail?a=hot100&year=2016&month=10&day=31
2016,hot100,2016-10-26,74,恋の知らせ,瀬川あやか,https://www.billboard-japan.com/charts/detail?a=hot100&year=2016&month=10&day=31
2016,hot100,2016-10-26,75,かちとばせ!栄光のレインボー,ベボガ!,https://www.billboard-japan.com/charts/detail?a=hot100&year=2016&month=10&day=31
2016,hot100,2016-10-26,76,光,RADWIMPS,https://www.billboard-japan.com/charts/detail?a=hot100&year=2016&month=10&day=31
2016,hot100,2016-10-26,77,アイネクライネ,米津玄師,https://www.billboard-japan.com/charts/detail?a=hot100&year=2016&month=10&day=31
2016,hot100,2016-10-26,78,With You,THE BACK HORN,https://www.billboard-japan.com/charts/detail?a=hot100&year=2016&month=10&day=31
2016,hot100,2016-10-26,79,FLASH,Perfume,https://www.billboard-japan.com/charts/detail?a=hot100&year=2016&month=10&day=31
2016,hot100,2016-10-26,80,R.Y.U.S.E.I.,三代目 J Soul Brothers from EXILE TRIBE,https://www.billboard-japan.com/charts/detail?a=hot100&year=2016&month=10&day=31
2016,hot100,2016-10-26,81,OMG,板野友美,https://www.billboard-japan.com/charts/detail?a=hot100&year=2016&month=10&day=31
2016,hot100,2016-10-26,82,薔薇のように咲いて 桜のように散って,松田聖子,https://www.billboard-japan.com/charts/detail?a=hot100&year=2016&month=10&day=31
2016,hot100,2016-10-26,83,ボディ・ムーヴズ,DNCE,https://www.billboard-japan.com/charts/detail?a=hot100&year=2016&month=10&day=31
2016,hot100,2016-10-26,84,わかってんだよ,キュウソネコカミ,https://www.billboard-japan.com/charts/detail?a=hot100&year=2016&month=10&day=31
2016,hot100,2016-10-26,85,BANG BANG BANG,BIGBANG,https://www.billboard-japan.com/charts/detail?a=hot100&year=2016&month=10&day=31
2016,hot100,2016-10-26,86,ブーヤー,ショウテック feat.ウィ・アー・ラウド & ソニー・ウィルソン,https://www.billboard-japan.com/charts/detail?a=hot100&year=2016&month=10&day=31
2016,hot100,2016-10-26,87,テンペスト,宮野真守,https://www.billboard-japan.com/charts/detail?a=hot100&year=2016&month=10&day=31
2016,hot100,2016-10-26,88,S.O.S.,WEAVER,https://www.billboard-japan.com/charts/detail?a=hot100&year=2016&month=10&day=31
2016,hot100,2016-10-26,89,他の誰かより悲しい恋をしただけ,Flower,https://www.billboard-japan.com/charts/detail?a=hot100&year=2016&month=10&day=31
2016,hot100,2016-10-26,90,友よ〜この先もずっと…,ケツメイシ,https://www.billboard-japan.com/charts/detail?a=hot100&year=2016&month=10&day=31
2016,hot100,2016-10-26,91,蝶々結び,Aimer(エメ),https://www.billboard-japan.com/charts/detail?a=hot100&year=2016&month=10&day=31
2016,hot100,2016-10-26,92,シャウト・アウト・トゥ・マイ・エックス〜完全ふっ切れ宣言〜,リトル・ミックス,https://www.billboard-japan.com/charts/detail?a=hot100&year=2016&month=10&day=31
2016,hot100,2016-10-26,93,スターボーイ feat.ダフト・パンク,ウィークエンド,https://www.billboard-japan.com/charts/detail?a=hot100&year=2016&month=10&day=31
2016,hot100,2016-10-26,94,ワタリドリ,[Alexandros],https://www.billboard-japan.com/charts/detail?a=hot100&year=2016&month=10&day=31
2016,hot100,2016-10-26,95,二時間だけのバカンス feat.椎名林檎,宇多田ヒカル,https://www.billboard-japan.com/charts/detail?a=hot100&year=2016&month=10&day=31
2016,hot100,2016-10-26,96,まだ君は知らない MY PRETTIEST GIRL,Nissy(西島隆弘),https://www.billboard-japan.com/charts/detail?a=hot100&year=2016&month=10&day=31
2016,hot100,2016-10-26,97,ラストシーン,いきものがかり,https://www.billboard-japan.com/charts/detail?a=hot100&year=2016&month=10&day=31
2016,hot100,2016-10-26,98,moon,サカナクション,https://www.billboard-japan.com/charts/detail?a=hot100&year=2016&month=10&day=31
2016,hot100,2016-10-26,99,時よ,星野源,https://www.billboard-japan.com/charts/detail?a=hot100&year=2016&month=10&day=31
2016,hot100,2016-10-26,100,海の声,浦島太郎(桐谷健太),https://www.billboard-japan.com/charts/detail?a=hot100&year=2016&month=10&day=31
2016,hot100,2016-11-02,1,Fantastic Time,Hey!Say!JUMP,https://www.billboard-japan.com/charts/detail?a=hot100&year=2016&month=11&day=07
2016,hot100,2016-11-02,2,恋,星野源,https://www.billboard-japan.com/charts/detail?a=hot100&year=2016&month=11&day=07
2016,hot100,2016-11-02,3,ペンパイナッポーアッポーペン,ピコ太郎,https://www.billboard-japan.com/charts/detail?a=hot100&year=2016&month=11&day=07
2016,hot100,2016-11-02,4,Promise(I'll be),2PM,https://www.billboard-japan.com/charts/detail?a=hot100&year=2016&month=11&day=07
2016,hot100,2016-11-02,5,Dear Bride,西野カナ,https://www.billboard-japan.com/charts/detail?a=hot100&year=2016&month=11&day=07
2016,hot100,2016-11-02,6,Dream Road〜心が躍り出してる〜,Juice=Juice,https://www.billboard-japan.com/charts/detail?a=hot100&year=2016&month=11&day=07
2016,hot100,2016-11-02,7,Dear Diary,安室奈美恵,https://www.billboard-japan.com/charts/detail?a=hot100&year=2016&month=11&day=07
2016,hot100,2016-11-02,8,前前前世,RADWIMPS,https://www.billboard-japan.com/charts/detail?a=hot100&year=2016&month=11&day=07
2016,hot100,2016-11-02,9,砂の塔,THE YELLOW MONKEY,https://www.billboard-japan.com/charts/detail?a=hot100&year=2016&month=11&day=07
2016,hot100,2016-11-02,10,Welcome to TOKYO,三代目 J Soul Brothers from EXILE TRIBE,https://www.billboard-japan.com/charts/detail?a=hot100&year=2016&month=11&day=07
2016,hot100,2016-11-02,11,心魂の在処,"へし切長谷部(新垣樽助),宗三左文字(泰勇気),薬研藤四郎(山下誠一郎)",https://www.billboard-japan.com/charts/detail?a=hot100&year=2016&month=11&day=07
2016,hot100,2016-11-02,12,Love∞Destiny,"佐久間まゆ(牧野由依),北条加蓮(渕上舞),小日向美穂(津田美波),多田李衣菜(青木瑠璃子),緒方智絵里(大空直美)",https://www.billboard-japan.com/charts/detail?a=hot100&year=2016&month=11&day=07
2016,hot100,2016-11-02,13,泣いたロザリオ,青柳翔,https://www.billboard-japan.com/charts/detail?a=hot100&year=2016&month=11&day=07
2016,hot100,2016-11-02,14,多分、風。,サカナクション,https://www.billboard-japan.com/charts/detail?a=hot100&year=2016&month=11&day=07
2016,hot100,2016-11-02,15,Silent Oath,Knights,https://www.billboard-japan.com/charts/detail?a=hot100&year=2016&month=11&day=07
2016,hot100,2016-11-02,16,涙のない世界,AAA,https://www.billboard-japan.com/charts/detail?a=hot100&year=2016&month=11&day=07
2016,hot100,2016-11-02,17,Get Up,MONOEYES,https://www.billboard-japan.com/charts/detail?a=hot100&year=2016&month=11&day=07
2016,hot100,2016-11-02,18,TT,TWICE,https://www.billboard-japan.com/charts/detail?a=hot100&year=2016&month=11&day=07
2016,hot100,2016-11-02,19,スパークル,RADWIMPS,https://www.billboard-japan.com/charts/detail?a=hot100&year=2016&month=11&day=07
2016,hot100,2016-11-02,20,PIERROT,GENERATIONS from EXILE TRIBE,https://www.billboard-japan.com/charts/detail?a=hot100&year=2016&month=11&day=07
2016,hot100,2016-11-02,21,ANOTHER STARTING LINE,Hi-STANDARD,https://www.billboard-japan.com/charts/detail?a=hot100&year=2016&month=11&day=07
2016,hot100,2016-11-02,22,サヨナラの意味,乃木坂46,https://www.billboard-japan.com/charts/detail?a=hot100&year=2016&month=11&day=07
2016,hot100,2016-11-02,23,なんでもないや,RADWIMPS,https://www.billboard-japan.com/charts/detail?a=hot100&year=2016&month=11&day=07
2016,hot100,2016-11-02,24,モヤモヤLover,B2takes!,https://www.billboard-japan.com/charts/detail?a=hot100&year=2016&month=11&day=07
2016,hot100,2016-11-02,25,想ひ出綴り,紅月,https://www.billboard-japan.com/charts/detail?a=hot100&year=2016&month=11&day=07
2016,hot100,2016-11-02,26,My Boo,清水翔太,https://www.billboard-japan.com/charts/detail?a=hot100&year=2016&month=11&day=07
2016,hot100,2016-11-02,27,好きな人がいること,JY,https://www.billboard-japan.com/charts/detail?a=hot100&year=2016&month=11&day=07
2016,hot100,2016-11-02,28,道,宇多田ヒカル,https://www.billboard-japan.com/charts/detail?a=hot100&year=2016&month=11&day=07
2016,hot100,2016-11-02,29,Taking Off,ONE OK ROCK,https://www.billboard-japan.com/charts/detail?a=hot100&year=2016&month=11&day=07
2016,hot100,2016-11-02,30,24K・マジック,ブルーノ・マーズ,https://www.billboard-japan.com/charts/detail?a=hot100&year=2016&month=11&day=07
2016,hot100,2016-11-02,31,わかってんだよ,キュウソネコカミ,https://www.billboard-japan.com/charts/detail?a=hot100&year=2016&month=11&day=07
2016,hot100,2016-11-02,32,LOSER,米津玄師,https://www.billboard-japan.com/charts/detail?a=hot100&year=2016&month=11&day=07
2016,hot100,2016-11-02,33,Mighty Aura,"一ノ瀬トキヤ(宮野真守),鳳瑛二(内田雄馬)",https://www.billboard-japan.com/charts/detail?a=hot100&year=2016&month=11&day=07
2016,hot100,2016-11-02,34,わたし道,バクステ外神田一丁目,https://www.billboard-japan.com/charts/detail?a=hot100&year=2016&month=11&day=07
2016,hot100,2016-11-02,35,7日間かけて世界を創るより可愛い女の子1人創った方がいい,カリオストロ(丹下桜),https://www.billboard-japan.com/charts/detail?a=hot100&year=2016&month=11&day=07
2016,hot100,2016-11-02,36,よびすて,Sexy Zone,https://www.billboard-japan.com/charts/detail?a=hot100&year=2016&month=11&day=07
2016,hot100,2016-11-02,37,SUN,星野源,https://www.billboard-japan.com/charts/detail?a=hot100&year=2016&month=11&day=07
2016,hot100,2016-11-02,38,RAGE OF DUST,SPYAIR,https://www.billboard-japan.com/charts/detail?a=hot100&year=2016&month=11&day=07
2016,hot100,2016-11-02,39,ヒカリアレ,BURNOUT SYNDROMES,https://www.billboard-japan.com/charts/detail?a=hot100&year=2016&month=11&day=07
2016,hot100,2016-11-02,40,世界に一つだけの花,SMAP,https://www.billboard-japan.com/charts/detail?a=hot100&year=2016&month=11&day=07
2016,hot100,2016-11-02,41,NANIMONO feat.米津玄師,中田ヤスタカ,https://www.billboard-japan.com/charts/detail?a=hot100&year=2016&month=11&day=07
2016,hot100,2016-11-02,42,Hey Ho,SEKAI NO OWARI,https://www.billboard-japan.com/charts/detail?a=hot100&year=2016&month=11&day=07
2016,hot100,2016-11-02,43,Heaven's Door〜陽のあたる場所〜,栞菜智世,https://www.billboard-japan.com/charts/detail?a=hot100&year=2016&month=11&day=07
2016,hot100,2016-11-02,44,君への手紙,桑田佳祐,https://www.billboard-japan.com/charts/detail?a=hot100&year=2016&month=11&day=07
2016,hot100,2016-11-02,45,なんでもないや,上白石萌音,https://www.billboard-japan.com/charts/detail?a=hot100&year=2016&month=11&day=07
2016,hot100,2016-11-02,46,夢色VOYAGER,F-LAGS,https://www.billboard-japan.com/charts/detail?a=hot100&year=2016&month=11&day=07
2016,hot100,2016-11-02,47,TIME FLIES,ACE OF SPADES × PKCZ feat.登坂広臣,https://www.billboard-japan.com/charts/detail?a=hot100&year=2016&month=11&day=07
2016,hot100,2016-11-02,48,パーフェクト・イリュージョン,レディー・ガガ,https://www.billboard-japan.com/charts/detail?a=hot100&year=2016&month=11&day=07
2016,hot100,2016-11-02,49,花丸◎日和!,"大和守安定(市来光弘),加州清光(増田俊樹)",https://www.billboard-japan.com/charts/detail?a=hot100&year=2016&month=11&day=07
2016,hot100,2016-11-02,50,ドント・ワナ・ノウ feat.ケンドリック・ラマー,マルーン5,https://www.billboard-japan.com/charts/detail?a=hot100&year=2016&month=11&day=07
2016,hot100,2016-11-02,51,Legacy of Spirit,Legenders,https://www.billboard-japan.com/charts/detail?a=hot100&year=2016&month=11&day=07
2016,hot100,2016-11-02,52,うぇるかむ・はぴきらパーク!,もふもふえん,https://www.billboard-japan.com/charts/detail?a=hot100&year=2016&month=11&day=07
2016,hot100,2016-11-02,53,Lostorage,井口裕香,https://www.billboard-japan.com/charts/detail?a=hot100&year=2016&month=11&day=07
2016,hot100,2016-11-02,54,Blood Sweat & Tears,BTS (防弾少年団),https://www.billboard-japan.com/charts/detail?a=hot100&year=2016&month=11&day=07
2016,hot100,2016-11-02,55,Lovefool-好きだって言って-,Dream Ami,https://www.billboard-japan.com/charts/detail?a=hot100&year=2016&month=11&day=07
2016,hot100,2016-11-02,56,Hero,安室奈美恵,https://www.billboard-japan.com/charts/detail?a=hot100&year=2016&month=11&day=07
2016,hot100,2016-11-02,57,クローサー feat.ホールジー,チェインスモーカーズ,https://www.billboard-japan.com/charts/detail?a=hot100&year=2016&month=11&day=07
2016,hot100,2016-11-02,58,Wherever you are,ONE OK ROCK,https://www.billboard-japan.com/charts/detail?a=hot100&year=2016&month=11&day=07
2016,hot100,2016-11-02,59,最後の星,ACIDMAN,https://www.billboard-japan.com/charts/detail?a=hot100&year=2016&month=11&day=07
2016,hot100,2016-11-02,60,あいたい,林部智史,https://www.billboard-japan.com/charts/detail?a=hot100&year=2016&month=11&day=07
2016,hot100,2016-11-02,61,シャウト・アウト・トゥ・マイ・エックス〜完全ふっ切れ宣言〜,リトル・ミックス,https://www.billboard-japan.com/charts/detail?a=hot100&year=2016&month=11&day=07
2016,hot100,2016-11-02,62,The last rain,Uru,https://www.billboard-japan.com/charts/detail?a=hot100&year=2016&month=11&day=07
2016,hot100,2016-11-02,63,君が好き,西野カナ,https://www.billboard-japan.com/charts/detail?a=hot100&year=2016&month=11&day=07
2016,hot100,2016-11-02,64,Rain,ソナーポケット,https://www.billboard-japan.com/charts/detail?a=hot100&year=2016&month=11&day=07
2016,hot100,2016-11-02,65,TRIGGER,The QUEEN of PURPLE,https://www.billboard-japan.com/charts/detail?a=hot100&year=2016&month=11&day=07
2016,hot100,2016-11-02,66,Power of the Paradise,嵐,https://www.billboard-japan.com/charts/detail?a=hot100&year=2016&month=11&day=07
2016,hot100,2016-11-02,67,結-ゆい-,miwa,https://www.billboard-japan.com/charts/detail?a=hot100&year=2016&month=11&day=07
2016,hot100,2016-11-02,68,Feel like,[Alexandros],https://www.billboard-japan.com/charts/detail?a=hot100&year=2016&month=11&day=07
2016,hot100,2016-11-02,69,History Maker,DEAN FUJIOKA,https://www.billboard-japan.com/charts/detail?a=hot100&year=2016&month=11&day=07
2016,hot100,2016-11-02,70,サイレントマジョリティー,欅坂46,https://www.billboard-japan.com/charts/detail?a=hot100&year=2016&month=11&day=07
2016,hot100,2016-11-02,71,ハイテンション,AKB48,https://www.billboard-japan.com/charts/detail?a=hot100&year=2016&month=11&day=07
2016,hot100,2016-11-02,72,未来DELIGHT,UNIONE,https://www.billboard-japan.com/charts/detail?a=hot100&year=2016&month=11&day=07
2016,hot100,2016-11-02,73,夢灯籠,RADWIMPS,https://www.billboard-japan.com/charts/detail?a=hot100&year=2016&month=11&day=07
2016,hot100,2016-11-02,74,パノラマ,関ジャニ∞[エイト],https://www.billboard-japan.com/charts/detail?a=hot100&year=2016&month=11&day=07
2016,hot100,2016-11-02,75,70億のピース,秦基博,https://www.billboard-japan.com/charts/detail?a=hot100&year=2016&month=11&day=07
2016,hot100,2016-11-02,76,雪恋,山本彩,https://www.billboard-japan.com/charts/detail?a=hot100&year=2016&month=11&day=07
2016,hot100,2016-11-02,77,花束を君に,宇多田ヒカル,https://www.billboard-japan.com/charts/detail?a=hot100&year=2016&month=11&day=07
2016,hot100,2016-11-02,78,友よ〜この先もずっと…,ケツメイシ,https://www.billboard-japan.com/charts/detail?a=hot100&year=2016&month=11&day=07
2016,hot100,2016-11-02,79,99,Superfly,https://www.billboard-japan.com/charts/detail?a=hot100&year=2016&month=11&day=07
2016,hot100,2016-11-02,80,ユー・スピン・ミー・ラウンド,デッド・オア・アライヴ,https://www.billboard-japan.com/charts/detail?a=hot100&year=2016&month=11&day=07
2016,hot100,2016-11-02,81,ひまわりの約束,秦基博,https://www.billboard-japan.com/charts/detail?a=hot100&year=2016&month=11&day=07
2016,hot100,2016-11-02,82,トリセツ,西野カナ,https://www.billboard-japan.com/charts/detail?a=hot100&year=2016&month=11&day=07
2016,hot100,2016-11-02,83,雨のち晴れの空の色,SUPER JUNIOR-YESUNG,https://www.billboard-japan.com/charts/detail?a=hot100&year=2016&month=11&day=07
2016,hot100,2016-11-02,84,rhythm,iri,https://www.billboard-japan.com/charts/detail?a=hot100&year=2016&month=11&day=07
2016,hot100,2016-11-02,85,スリラー,マイケル・ジャクソン,https://www.billboard-japan.com/charts/detail?a=hot100&year=2016&month=11&day=07
2016,hot100,2016-11-02,86,Ordinary Girls,Happiness,https://www.billboard-japan.com/charts/detail?a=hot100&year=2016&month=11&day=07
2016,hot100,2016-11-02,87,奏(かなで),スキマスイッチ,https://www.billboard-japan.com/charts/detail?a=hot100&year=2016&month=11&day=07
2016,hot100,2016-11-02,88,ワタリドリ,[Alexandros],https://www.billboard-japan.com/charts/detail?a=hot100&year=2016&month=11&day=07
2016,hot100,2016-11-02,89,Yuri on ICE,梅林太郎,https://www.billboard-japan.com/charts/detail?a=hot100&year=2016&month=11&day=07
2016,hot100,2016-11-02,90,Have a nice day,西野カナ,https://www.billboard-japan.com/charts/detail?a=hot100&year=2016&month=11&day=07
2016,hot100,2016-11-02,91,Great Days,"青木カレン,ハセガワダイスケ",https://www.billboard-japan.com/charts/detail?a=hot100&year=2016&month=11&day=07
2016,hot100,2016-11-02,92,R.Y.U.S.E.I.,三代目 J Soul Brothers from EXILE TRIBE,https://www.billboard-japan.com/charts/detail?a=hot100&year=2016&month=11&day=07
2016,hot100,2016-11-02,93,Crazy Party Night〜ぱんぷきんの逆襲〜,きゃりーぱみゅぱみゅ,https://www.billboard-japan.com/charts/detail?a=hot100&year=2016&month=11&day=07
2016,hot100,2016-11-02,94,STAY TUNE,Suchmos,https://www.billboard-japan.com/charts/detail?a=hot100&year=2016&month=11&day=07
2016,hot100,2016-11-02,95,BANG BANG BANG,BIGBANG,https://www.billboard-japan.com/charts/detail?a=hot100&year=2016&month=11&day=07
2016,hot100,2016-11-02,96,ブレンデッド・ファミリー feat.エイサップ・ロッキー,アリシア・キーズ,https://www.billboard-japan.com/charts/detail?a=hot100&year=2016&month=11&day=07
2016,hot100,2016-11-02,97,惑星ループ,Eve,https://www.billboard-japan.com/charts/detail?a=hot100&year=2016&month=11&day=07
2016,hot100,2016-11-02,98,スターボーイ feat.ダフト・パンク,ウィークエンド,https://www.billboard-japan.com/charts/detail?a=hot100&year=2016&month=11&day=07
2016,hot100,2016-11-02,99,道は手ずから夢の花,KinKi Kids,https://www.billboard-japan.com/charts/detail?a=hot100&year=2016&month=11&day=07
2016,hot100,2016-11-02,100,恋をしたのは,aiko,https://www.billboard-japan.com/charts/detail?a=hot100&year=2016&month=11&day=07
2016,hot100,2016-11-09,1,ペンパイナッポーアッポーペン,ピコ太郎,https://www.billboard-japan.com/charts/detail?a=hot100&year=2016&month=11&day=14
2016,hot100,2016-11-09,2,恋,星野源,https://www.billboard-japan.com/charts/detail?a=hot100&year=2016&month=11&day=14
2016,hot100,2016-11-09,3,道は手ずから夢の花,KinKi Kids,https://www.billboard-japan.com/charts/detail?a=hot100&year=2016&month=11&day=14
2016,hot100,2016-11-09,4,夢幻クライマックス,℃-ute,https://www.billboard-japan.com/charts/detail?a=hot100&year=2016&month=11&day=14
2016,hot100,2016-11-09,5,恋ごころ,Da-iCE,https://www.billboard-japan.com/charts/detail?a=hot100&year=2016&month=11&day=14
2016,hot100,2016-11-09,6,前前前世,RADWIMPS,https://www.billboard-japan.com/charts/detail?a=hot100&year=2016&month=11&day=14
2016,hot100,2016-11-09,7,サヨナラの意味,乃木坂46,https://www.billboard-japan.com/charts/detail?a=hot100&year=2016&month=11&day=14
2016,hot100,2016-11-09,8,砂の塔,THE YELLOW MONKEY,https://www.billboard-japan.com/charts/detail?a=hot100&year=2016&month=11&day=14
2016,hot100,2016-11-09,9,Welcome to TOKYO,三代目 J Soul Brothers from EXILE TRIBE,https://www.billboard-japan.com/charts/detail?a=hot100&year=2016&month=11&day=14
2016,hot100,2016-11-09,10,最Ψ最好調!,でんぱ組.inc,https://www.billboard-japan.com/charts/detail?a=hot100&year=2016&month=11&day=14
2016,hot100,2016-11-09,11,Dear Bride,西野カナ,https://www.billboard-japan.com/charts/detail?a=hot100&year=2016&month=11&day=14
2016,hot100,2016-11-09,12,Fantastic Time,Hey!Say!JUMP,https://www.billboard-japan.com/charts/detail?a=hot100&year=2016&month=11&day=14
2016,hot100,2016-11-09,13,多分、風。,サカナクション,https://www.billboard-japan.com/charts/detail?a=hot100&year=2016&month=11&day=14
2016,hot100,2016-11-09,14,Future Strike,小倉唯,https://www.billboard-japan.com/charts/detail?a=hot100&year=2016&month=11&day=14
2016,hot100,2016-11-09,15,TT,TWICE,https://www.billboard-japan.com/charts/detail?a=hot100&year=2016&month=11&day=14
2016,hot100,2016-11-09,16,なんでもないや,RADWIMPS,https://www.billboard-japan.com/charts/detail?a=hot100&year=2016&month=11&day=14
2016,hot100,2016-11-09,17,FREE YOUR MIND,flumpool,https://www.billboard-japan.com/charts/detail?a=hot100&year=2016&month=11&day=14
2016,hot100,2016-11-09,18,PIERROT,GENERATIONS from EXILE TRIBE,https://www.billboard-japan.com/charts/detail?a=hot100&year=2016&month=11&day=14
2016,hot100,2016-11-09,19,My Boo,清水翔太,https://www.billboard-japan.com/charts/detail?a=hot100&year=2016&month=11&day=14
2016,hot100,2016-11-09,20,Dear Diary,安室奈美恵,https://www.billboard-japan.com/charts/detail?a=hot100&year=2016&month=11&day=14
2016,hot100,2016-11-09,21,24K・マジック,ブルーノ・マーズ,https://www.billboard-japan.com/charts/detail?a=hot100&year=2016&month=11&day=14
2016,hot100,2016-11-09,22,Smile for me,松任谷由実,https://www.billboard-japan.com/charts/detail?a=hot100&year=2016&month=11&day=14
2016,hot100,2016-11-09,23,世界に一つだけの花,SMAP,https://www.billboard-japan.com/charts/detail?a=hot100&year=2016&month=11&day=14
2016,hot100,2016-11-09,24,Skylight,XOX,https://www.billboard-japan.com/charts/detail?a=hot100&year=2016&month=11&day=14
2016,hot100,2016-11-09,25,SUN,星野源,https://www.billboard-japan.com/charts/detail?a=hot100&year=2016&month=11&day=14
2016,hot100,2016-11-09,26,道,宇多田ヒカル,https://www.billboard-japan.com/charts/detail?a=hot100&year=2016&month=11&day=14
2016,hot100,2016-11-09,27,好きな人がいること,JY,https://www.billboard-japan.com/charts/detail?a=hot100&year=2016&month=11&day=14
2016,hot100,2016-11-09,28,明日は君と。,麻倉もも,https://www.billboard-japan.com/charts/detail?a=hot100&year=2016&month=11&day=14
2016,hot100,2016-11-09,29,Go! Go! Let's Go!,E-girls,https://www.billboard-japan.com/charts/detail?a=hot100&year=2016&month=11&day=14
2016,hot100,2016-11-09,30,ANOTHER STARTING LINE,Hi-STANDARD,https://www.billboard-japan.com/charts/detail?a=hot100&year=2016&month=11&day=14
2016,hot100,2016-11-09,31,サイレントマジョリティー,欅坂46,https://www.billboard-japan.com/charts/detail?a=hot100&year=2016&month=11&day=14
2016,hot100,2016-11-09,32,Forget Me Not,中島美嘉,https://www.billboard-japan.com/charts/detail?a=hot100&year=2016&month=11&day=14
2016,hot100,2016-11-09,33,STAY,SMAP,https://www.billboard-japan.com/charts/detail?a=hot100&year=2016&month=11&day=14
2016,hot100,2016-11-09,34,LOSER,米津玄師,https://www.billboard-japan.com/charts/detail?a=hot100&year=2016&month=11&day=14
2016,hot100,2016-11-09,35,In the Morning,Mrs.GREEN APPLE,https://www.billboard-japan.com/charts/detail?a=hot100&year=2016&month=11&day=14
2016,hot100,2016-11-09,36,あいたい,林部智史,https://www.billboard-japan.com/charts/detail?a=hot100&year=2016&month=11&day=14
2016,hot100,2016-11-09,37,君と僕の唄,KRD8,https://www.billboard-japan.com/charts/detail?a=hot100&year=2016&month=11&day=14
2016,hot100,2016-11-09,38,RAGE OF DUST,SPYAIR,https://www.billboard-japan.com/charts/detail?a=hot100&year=2016&month=11&day=14
2016,hot100,2016-11-09,39,パーフェクト・イリュージョン,レディー・ガガ,https://www.billboard-japan.com/charts/detail?a=hot100&year=2016&month=11&day=14
2016,hot100,2016-11-09,40,なんでもないや,上白石萌音,https://www.billboard-japan.com/charts/detail?a=hot100&year=2016&month=11&day=14
2016,hot100,2016-11-09,41,Feel like,[Alexandros],https://www.billboard-japan.com/charts/detail?a=hot100&year=2016&month=11&day=14
2016,hot100,2016-11-09,42,スパークル,RADWIMPS,https://www.billboard-japan.com/charts/detail?a=hot100&year=2016&month=11&day=14
2016,hot100,2016-11-09,43,涙のない世界,AAA,https://www.billboard-japan.com/charts/detail?a=hot100&year=2016&month=11&day=14
2016,hot100,2016-11-09,44,JUSTICE IMPULSE,"来栖翔(下野紘),日向大和(木村良平)",https://www.billboard-japan.com/charts/detail?a=hot100&year=2016&month=11&day=14
2016,hot100,2016-11-09,45,叫べ,沼倉愛美,https://www.billboard-japan.com/charts/detail?a=hot100&year=2016&month=11&day=14
2016,hot100,2016-11-09,46,Taking Off,ONE OK ROCK,https://www.billboard-japan.com/charts/detail?a=hot100&year=2016&month=11&day=14
2016,hot100,2016-11-09,47,ありがとう,SMAP,https://www.billboard-japan.com/charts/detail?a=hot100&year=2016&month=11&day=14
2016,hot100,2016-11-09,48,ヒカリアレ,BURNOUT SYNDROMES,https://www.billboard-japan.com/charts/detail?a=hot100&year=2016&month=11&day=14
2016,hot100,2016-11-09,49,クローサー feat.ホールジー,チェインスモーカーズ,https://www.billboard-japan.com/charts/detail?a=hot100&year=2016&month=11&day=14
2016,hot100,2016-11-09,50,Hey Ho,SEKAI NO OWARI,https://www.billboard-japan.com/charts/detail?a=hot100&year=2016&month=11&day=14
2016,hot100,2016-11-09,51,ドント・ワナ・ノウ feat.ケンドリック・ラマー,マルーン5,https://www.billboard-japan.com/charts/detail?a=hot100&year=2016&month=11&day=14
2016,hot100,2016-11-09,52,(RE)PLAY,三浦大知,https://www.billboard-japan.com/charts/detail?a=hot100&year=2016&month=11&day=14
2016,hot100,2016-11-09,53,NANIMONO feat.米津玄師,中田ヤスタカ,https://www.billboard-japan.com/charts/detail?a=hot100&year=2016&month=11&day=14
2016,hot100,2016-11-09,54,Promise you,THE BEAT GARDEN,https://www.billboard-japan.com/charts/detail?a=hot100&year=2016&month=11&day=14
2016,hot100,2016-11-09,55,同じ空 feat.ナオト・インティライミ & 安田レイ,SPICY CHOCOLATE,https://www.billboard-japan.com/charts/detail?a=hot100&year=2016&month=11&day=14
2016,hot100,2016-11-09,56,BANG BANG BANG,BIGBANG,https://www.billboard-japan.com/charts/detail?a=hot100&year=2016&month=11&day=14
2016,hot100,2016-11-09,57,アラジン,水曜日のカンパネラ,https://www.billboard-japan.com/charts/detail?a=hot100&year=2016&month=11&day=14
2016,hot100,2016-11-09,58,男子タルモノ!〜MATSURI〜,八乙女楽(羽多野渉)&二階堂大和(白井悠介)&和泉三月(代永翼)&六弥ナギ(江口拓也),https://www.billboard-japan.com/charts/detail?a=hot100&year=2016&month=11&day=14
2016,hot100,2016-11-09,59,あつまれ!パーティーピーポー,ヤバイTシャツ屋さん,https://www.billboard-japan.com/charts/detail?a=hot100&year=2016&month=11&day=14
2016,hot100,2016-11-09,60,Wherever you are,ONE OK ROCK,https://www.billboard-japan.com/charts/detail?a=hot100&year=2016&month=11&day=14
2016,hot100,2016-11-09,61,History Maker,DEAN FUJIOKA,https://www.billboard-japan.com/charts/detail?a=hot100&year=2016&month=11&day=14
2016,hot100,2016-11-09,62,Hero,安室奈美恵,https://www.billboard-japan.com/charts/detail?a=hot100&year=2016&month=11&day=14
2016,hot100,2016-11-09,63,Get Up,MONOEYES,https://www.billboard-japan.com/charts/detail?a=hot100&year=2016&month=11&day=14
2016,hot100,2016-11-09,64,ヴィヴァーチェ!,北宇治カルテット,https://www.billboard-japan.com/charts/detail?a=hot100&year=2016&month=11&day=14
2016,hot100,2016-11-09,65,心魂の在処,"へし切長谷部(新垣樽助),宗三左文字(泰勇気),薬研藤四郎(山下誠一郎)",https://www.billboard-japan.com/charts/detail?a=hot100&year=2016&month=11&day=14
2016,hot100,2016-11-09,66,DREAMCATCHER,ナノ,https://www.billboard-japan.com/charts/detail?a=hot100&year=2016&month=11&day=14
2016,hot100,2016-11-09,67,気分上々↑↑ feat.SAE TOKIMIYA,アルスマグナ,https://www.billboard-japan.com/charts/detail?a=hot100&year=2016&month=11&day=14
2016,hot100,2016-11-09,68,HERO,田口淳之介,https://www.billboard-japan.com/charts/detail?a=hot100&year=2016&month=11&day=14
2016,hot100,2016-11-09,69,夢灯籠,RADWIMPS,https://www.billboard-japan.com/charts/detail?a=hot100&year=2016&month=11&day=14
2016,hot100,2016-11-09,70,Heaven's Door〜陽のあたる場所〜,栞菜智世,https://www.billboard-japan.com/charts/detail?a=hot100&year=2016&month=11&day=14
2016,hot100,2016-11-09,71,ひまわりの約束,秦基博,https://www.billboard-japan.com/charts/detail?a=hot100&year=2016&month=11&day=14
2016,hot100,2016-11-09,72,Love∞Destiny,"佐久間まゆ(牧野由依),北条加蓮(渕上舞),小日向美穂(津田美波),多田李衣菜(青木瑠璃子),緒方智絵里(大空直美)",https://www.billboard-japan.com/charts/detail?a=hot100&year=2016&month=11&day=14
2016,hot100,2016-11-09,73,君への手紙,桑田佳祐,https://www.billboard-japan.com/charts/detail?a=hot100&year=2016&month=11&day=14
2016,hot100,2016-11-09,74,Promise(I'll be),2PM,https://www.billboard-japan.com/charts/detail?a=hot100&year=2016&month=11&day=14
2016,hot100,2016-11-09,75,キセキ,GReeeeN,https://www.billboard-japan.com/charts/detail?a=hot100&year=2016&month=11&day=14
2016,hot100,2016-11-09,76,Lovefool-好きだって言って-,Dream Ami,https://www.billboard-japan.com/charts/detail?a=hot100&year=2016&month=11&day=14
2016,hot100,2016-11-09,77,Blood Sweat & Tears,BTS (防弾少年団),https://www.billboard-japan.com/charts/detail?a=hot100&year=2016&month=11&day=14
2016,hot100,2016-11-09,78,風が吹く街,ラックライフ,https://www.billboard-japan.com/charts/detail?a=hot100&year=2016&month=11&day=14
2016,hot100,2016-11-09,79,STAY TUNE,Suchmos,https://www.billboard-japan.com/charts/detail?a=hot100&year=2016&month=11&day=14
2016,hot100,2016-11-09,80,シャウト・アウト・トゥ・マイ・エックス〜完全ふっ切れ宣言〜,リトル・ミックス,https://www.billboard-japan.com/charts/detail?a=hot100&year=2016&month=11&day=14
2016,hot100,2016-11-09,81,ハッピーエンド,back number,https://www.billboard-japan.com/charts/detail?a=hot100&year=2016&month=11&day=14
2016,hot100,2016-11-09,82,TIME FLIES,ACE OF SPADES × PKCZ feat.登坂広臣,https://www.billboard-japan.com/charts/detail?a=hot100&year=2016&month=11&day=14
2016,hot100,2016-11-09,83,The Brave,JAM Project,https://www.billboard-japan.com/charts/detail?a=hot100&year=2016&month=11&day=14
2016,hot100,2016-11-09,84,ミラクル,AI,https://www.billboard-japan.com/charts/detail?a=hot100&year=2016&month=11&day=14
2016,hot100,2016-11-09,85,雪恋,山本彩,https://www.billboard-japan.com/charts/detail?a=hot100&year=2016&month=11&day=14
2016,hot100,2016-11-09,86,■km/h,Ray,https://www.billboard-japan.com/charts/detail?a=hot100&year=2016&month=11&day=14
2016,hot100,2016-11-09,87,流星のロマンス,はやぶさ,https://www.billboard-japan.com/charts/detail?a=hot100&year=2016&month=11&day=14
2016,hot100,2016-11-09,88,ドキドキの風,村川梨衣,https://www.billboard-japan.com/charts/detail?a=hot100&year=2016&month=11&day=14
2016,hot100,2016-11-09,89,70億のピース,秦基博,https://www.billboard-japan.com/charts/detail?a=hot100&year=2016&month=11&day=14
2016,hot100,2016-11-09,90,4 Walls,f(x),https://www.billboard-japan.com/charts/detail?a=hot100&year=2016&month=11&day=14
2016,hot100,2016-11-09,91,結-ゆい-,miwa,https://www.billboard-japan.com/charts/detail?a=hot100&year=2016&month=11&day=14
2016,hot100,2016-11-09,92,花束を君に,宇多田ヒカル,https://www.billboard-japan.com/charts/detail?a=hot100&year=2016&month=11&day=14
2016,hot100,2016-11-09,93,花丸◎日和!,"大和守安定(市来光弘),加州清光(増田俊樹)",https://www.billboard-japan.com/charts/detail?a=hot100&year=2016&month=11&day=14
2016,hot100,2016-11-09,94,友よ〜この先もずっと…,ケツメイシ,https://www.billboard-japan.com/charts/detail?a=hot100&year=2016&month=11&day=14
2016,hot100,2016-11-09,95,トリセツ,西野カナ,https://www.billboard-japan.com/charts/detail?a=hot100&year=2016&month=11&day=14
2016,hot100,2016-11-09,96,Silent Oath,Knights,https://www.billboard-japan.com/charts/detail?a=hot100&year=2016&month=11&day=14
2016,hot100,2016-11-09,97,宇宙図書館,松任谷由実,https://www.billboard-japan.com/charts/detail?a=hot100&year=2016&month=11&day=14
2016,hot100,2016-11-09,98,R.Y.U.S.E.I.,三代目 J Soul Brothers from EXILE TRIBE,https://www.billboard-japan.com/charts/detail?a=hot100&year=2016&month=11&day=14
2016,hot100,2016-11-09,99,君が好き,西野カナ,https://www.billboard-japan.com/charts/detail?a=hot100&year=2016&month=11&day=14
2016,hot100,2016-11-09,100,金の愛、銀の愛,SKE48,https://www.billboard-japan.com/charts/detail?a=hot100&year=2016&month=11&day=14
2016,hot100,2016-11-16,1,サヨナラの意味,乃木坂46,https://www.billboard-japan.com/charts/detail?a=hot100&year=2016&month=11&day=21
2016,hot100,2016-11-16,2,Welcome to TOKYO,三代目 J Soul Brothers from EXILE TRIBE,https://www.billboard-japan.com/charts/detail?a=hot100&year=2016&month=11&day=21
2016,hot100,2016-11-16,3,恋,星野源,https://www.billboard-japan.com/charts/detail?a=hot100&year=2016&month=11&day=21
2016,hot100,2016-11-16,4,ペンパイナッポーアッポーペン,ピコ太郎,https://www.billboard-japan.com/charts/detail?a=hot100&year=2016&month=11&day=21
2016,hot100,2016-11-16,5,想いよひとつになれ,"渡辺曜(斉藤朱夏),津島善子(小林愛香),国木田花丸(高槻かな子),小原鞠莉(鈴木愛奈),黒澤ルビィ(降幡愛),高海千歌(伊波杏樹),松浦果南(諏訪ななか),黒澤ダイヤ(小宮有紗)",https://www.billboard-japan.com/charts/detail?a=hot100&year=2016&month=11&day=21
2016,hot100,2016-11-16,6,前前前世,RADWIMPS,https://www.billboard-japan.com/charts/detail?a=hot100&year=2016&month=11&day=21
2016,hot100,2016-11-16,7,RAGE OF DUST,SPYAIR,https://www.billboard-japan.com/charts/detail?a=hot100&year=2016&month=11&day=21
2016,hot100,2016-11-16,8,世界に一つだけの花,SMAP,https://www.billboard-japan.com/charts/detail?a=hot100&year=2016&month=11&day=21
2016,hot100,2016-11-16,9,LiAR,ポルノグラフィティ,https://www.billboard-japan.com/charts/detail?a=hot100&year=2016&month=11&day=21
2016,hot100,2016-11-16,10,赤い世界が消える頃,"北上麗花(平山笑美),佐竹美奈子(大関英里),篠宮可憐(近藤唯),真壁瑞希(阿部里果),矢吹可奈(木戸衣吹)",https://www.billboard-japan.com/charts/detail?a=hot100&year=2016&month=11&day=21
2016,hot100,2016-11-16,11,時ぞとも無し兼備の華よ,"堀川国広(榎木淳弥),和泉守兼定(木村良平)",https://www.billboard-japan.com/charts/detail?a=hot100&year=2016&month=11&day=21
2016,hot100,2016-11-16,12,光りの街,Dragon Ash,https://www.billboard-japan.com/charts/detail?a=hot100&year=2016&month=11&day=21
2016,hot100,2016-11-16,13,Starry Wish,水瀬いのり,https://www.billboard-japan.com/charts/detail?a=hot100&year=2016&month=11&day=21
2016,hot100,2016-11-16,14,はじまりのうた,Little Glee Monster,https://www.billboard-japan.com/charts/detail?a=hot100&year=2016&month=11&day=21
2016,hot100,2016-11-16,15,Dear Bride,西野カナ,https://www.billboard-japan.com/charts/detail?a=hot100&year=2016&month=11&day=21
2016,hot100,2016-11-16,16,BRIGHT,三代目 J Soul Brothers from EXILE TRIBE,https://www.billboard-japan.com/charts/detail?a=hot100&year=2016&month=11&day=21
2016,hot100,2016-11-16,17,砂の塔,THE YELLOW MONKEY,https://www.billboard-japan.com/charts/detail?a=hot100&year=2016&month=11&day=21
2016,hot100,2016-11-16,18,ガンバ!!,超ときめき(ハート)宣伝部,https://www.billboard-japan.com/charts/detail?a=hot100&year=2016&month=11&day=21
2016,hot100,2016-11-16,19,Dear Diary,安室奈美恵,https://www.billboard-japan.com/charts/detail?a=hot100&year=2016&month=11&day=21
2016,hot100,2016-11-16,20,道は手ずから夢の花,KinKi Kids,https://www.billboard-japan.com/charts/detail?a=hot100&year=2016&month=11&day=21
2016,hot100,2016-11-16,21,24K・マジック,ブルーノ・マーズ,https://www.billboard-japan.com/charts/detail?a=hot100&year=2016&month=11&day=21
2016,hot100,2016-11-16,22,多分、風。,サカナクション,https://www.billboard-japan.com/charts/detail?a=hot100&year=2016&month=11&day=21
2016,hot100,2016-11-16,23,My Boo,清水翔太,https://www.billboard-japan.com/charts/detail?a=hot100&year=2016&month=11&day=21
2016,hot100,2016-11-16,24,SUN,星野源,https://www.billboard-japan.com/charts/detail?a=hot100&year=2016&month=11&day=21
2016,hot100,2016-11-16,25,なんでもないや,RADWIMPS,https://www.billboard-japan.com/charts/detail?a=hot100&year=2016&month=11&day=21
2016,hot100,2016-11-16,26,TT,TWICE,https://www.billboard-japan.com/charts/detail?a=hot100&year=2016&month=11&day=21
2016,hot100,2016-11-16,27,最高かよ,HKT48,https://www.billboard-japan.com/charts/detail?a=hot100&year=2016&month=11&day=21
2016,hot100,2016-11-16,28,晴天HOLIDAY,ふわふわ,https://www.billboard-japan.com/charts/detail?a=hot100&year=2016&month=11&day=21
2016,hot100,2016-11-16,29,LOVE & GAME,"四葉環(KENN),逢坂壮五(阿部敦)&十龍之介(佐藤拓也)",https://www.billboard-japan.com/charts/detail?a=hot100&year=2016&month=11&day=21
2016,hot100,2016-11-16,30,Heaven's Door〜陽のあたる場所〜,栞菜智世,https://www.billboard-japan.com/charts/detail?a=hot100&year=2016&month=11&day=21
2016,hot100,2016-11-16,31,道,宇多田ヒカル,https://www.billboard-japan.com/charts/detail?a=hot100&year=2016&month=11&day=21
2016,hot100,2016-11-16,32,好きな人がいること,JY,https://www.billboard-japan.com/charts/detail?a=hot100&year=2016&month=11&day=21
2016,hot100,2016-11-16,33,STAY TUNE,Suchmos,https://www.billboard-japan.com/charts/detail?a=hot100&year=2016&month=11&day=21
2016,hot100,2016-11-16,34,Taking Off,ONE OK ROCK,https://www.billboard-japan.com/charts/detail?a=hot100&year=2016&month=11&day=21
2016,hot100,2016-11-16,35,Promise you,THE BEAT GARDEN,https://www.billboard-japan.com/charts/detail?a=hot100&year=2016&month=11&day=21
2016,hot100,2016-11-16,36,ムーンソング,[Alexandros],https://www.billboard-japan.com/charts/detail?a=hot100&year=2016&month=11&day=21
2016,hot100,2016-11-16,37,君への手紙,桑田佳祐,https://www.billboard-japan.com/charts/detail?a=hot100&year=2016&month=11&day=21
2016,hot100,2016-11-16,38,LOSER,米津玄師,https://www.billboard-japan.com/charts/detail?a=hot100&year=2016&month=11&day=21
2016,hot100,2016-11-16,39,二人セゾン,欅坂46,https://www.billboard-japan.com/charts/detail?a=hot100&year=2016&month=11&day=21
2016,hot100,2016-11-16,40,Jewel,じぇるの!,https://www.billboard-japan.com/charts/detail?a=hot100&year=2016&month=11&day=21
2016,hot100,2016-11-16,41,Feel like,[Alexandros],https://www.billboard-japan.com/charts/detail?a=hot100&year=2016&month=11&day=21
2016,hot100,2016-11-16,42,Flower,Lenny code fiction,https://www.billboard-japan.com/charts/detail?a=hot100&year=2016&month=11&day=21
2016,hot100,2016-11-16,43,PIERROT,GENERATIONS from EXILE TRIBE,https://www.billboard-japan.com/charts/detail?a=hot100&year=2016&month=11&day=21
2016,hot100,2016-11-16,44,涙のない世界,AAA,https://www.billboard-japan.com/charts/detail?a=hot100&year=2016&month=11&day=21
2016,hot100,2016-11-16,45,Visible Elf,"愛島セシル(鳥海浩輔),天草シオン(山下大輝)",https://www.billboard-japan.com/charts/detail?a=hot100&year=2016&month=11&day=21
2016,hot100,2016-11-16,46,スパークル,RADWIMPS,https://www.billboard-japan.com/charts/detail?a=hot100&year=2016&month=11&day=21
2016,hot100,2016-11-16,47,MIRAI TICKET,Aqours,https://www.billboard-japan.com/charts/detail?a=hot100&year=2016&month=11&day=21
2016,hot100,2016-11-16,48,アシンメトリ,ねごと,https://www.billboard-japan.com/charts/detail?a=hot100&year=2016&month=11&day=21
2016,hot100,2016-11-16,49,クローサー feat.ホールジー,チェインスモーカーズ,https://www.billboard-japan.com/charts/detail?a=hot100&year=2016&month=11&day=21
2016,hot100,2016-11-16,50,cross the line,AKINO with bless4,https://www.billboard-japan.com/charts/detail?a=hot100&year=2016&month=11&day=21
2016,hot100,2016-11-16,51,Fantastic Time,Hey!Say!JUMP,https://www.billboard-japan.com/charts/detail?a=hot100&year=2016&month=11&day=21
2016,hot100,2016-11-16,52,サイレントマジョリティー,欅坂46,https://www.billboard-japan.com/charts/detail?a=hot100&year=2016&month=11&day=21
2016,hot100,2016-11-16,53,Forget Me Not,中島美嘉,https://www.billboard-japan.com/charts/detail?a=hot100&year=2016&month=11&day=21
2016,hot100,2016-11-16,54,ヒカリアレ,BURNOUT SYNDROMES,https://www.billboard-japan.com/charts/detail?a=hot100&year=2016&month=11&day=21
2016,hot100,2016-11-16,55,ANOTHER STARTING LINE,Hi-STANDARD,https://www.billboard-japan.com/charts/detail?a=hot100&year=2016&month=11&day=21
2016,hot100,2016-11-16,56,なんでもないや,上白石萌音,https://www.billboard-japan.com/charts/detail?a=hot100&year=2016&month=11&day=21
2016,hot100,2016-11-16,57,ハイテンション,AKB48,https://www.billboard-japan.com/charts/detail?a=hot100&year=2016&month=11&day=21
2016,hot100,2016-11-16,58,パーフェクト・イリュージョン,レディー・ガガ,https://www.billboard-japan.com/charts/detail?a=hot100&year=2016&month=11&day=21
2016,hot100,2016-11-16,59,アイ・キャント・ストップ・シンキング・アバウト・ユー,スティング,https://www.billboard-japan.com/charts/detail?a=hot100&year=2016&month=11&day=21
2016,hot100,2016-11-16,60,夢灯籠,RADWIMPS,https://www.billboard-japan.com/charts/detail?a=hot100&year=2016&month=11&day=21
2016,hot100,2016-11-16,61,ワタリドリ,[Alexandros],https://www.billboard-japan.com/charts/detail?a=hot100&year=2016&month=11&day=21
2016,hot100,2016-11-16,62,Wherever you are,ONE OK ROCK,https://www.billboard-japan.com/charts/detail?a=hot100&year=2016&month=11&day=21
2016,hot100,2016-11-16,63,夢とバッハとカフェインと,The Birthday,https://www.billboard-japan.com/charts/detail?a=hot100&year=2016&month=11&day=21
2016,hot100,2016-11-16,64,History Maker,DEAN FUJIOKA,https://www.billboard-japan.com/charts/detail?a=hot100&year=2016&month=11&day=21
2016,hot100,2016-11-16,65,恋ごころ,Da-iCE,https://www.billboard-japan.com/charts/detail?a=hot100&year=2016&month=11&day=21
2016,hot100,2016-11-16,66,ドント・ワナ・ノウ feat.ケンドリック・ラマー,マルーン5,https://www.billboard-japan.com/charts/detail?a=hot100&year=2016&month=11&day=21
2016,hot100,2016-11-16,67,Hey Ho,SEKAI NO OWARI,https://www.billboard-japan.com/charts/detail?a=hot100&year=2016&month=11&day=21
2016,hot100,2016-11-16,68,夢幻クライマックス,℃-ute,https://www.billboard-japan.com/charts/detail?a=hot100&year=2016&month=11&day=21
2016,hot100,2016-11-16,69,BANG BANG BANG,BIGBANG,https://www.billboard-japan.com/charts/detail?a=hot100&year=2016&month=11&day=21
2016,hot100,2016-11-16,70,キセキ,グリーンボーイズ,https://www.billboard-japan.com/charts/detail?a=hot100&year=2016&month=11&day=21
2016,hot100,2016-11-16,71,Hero,安室奈美恵,https://www.billboard-japan.com/charts/detail?a=hot100&year=2016&month=11&day=21
2016,hot100,2016-11-16,72,あいたい,林部智史,https://www.billboard-japan.com/charts/detail?a=hot100&year=2016&month=11&day=21
2016,hot100,2016-11-16,73,ハッピーエンド,back number,https://www.billboard-japan.com/charts/detail?a=hot100&year=2016&month=11&day=21
2016,hot100,2016-11-16,74,Future Strike,小倉唯,https://www.billboard-japan.com/charts/detail?a=hot100&year=2016&month=11&day=21
2016,hot100,2016-11-16,75,フェイス,スティーヴィー・ワンダー feat.アリアナ・グランデ,https://www.billboard-japan.com/charts/detail?a=hot100&year=2016&month=11&day=21
2016,hot100,2016-11-16,76,出づる月、招宴の唄,"歌仙兼定(石川界人),燭台切光忠(佐藤拓也),鶴丸国永(斉藤壮馬),三日月宗近(鳥海浩輔)",https://www.billboard-japan.com/charts/detail?a=hot100&year=2016&month=11&day=21
2016,hot100,2016-11-16,77,花丸◎日和!,"大和守安定(市来光弘),加州清光(増田俊樹)",https://www.billboard-japan.com/charts/detail?a=hot100&year=2016&month=11&day=21
2016,hot100,2016-11-16,78,DREAM,清水翔太,https://www.billboard-japan.com/charts/detail?a=hot100&year=2016&month=11&day=21
2016,hot100,2016-11-16,79,ひまわりの約束,秦基博,https://www.billboard-japan.com/charts/detail?a=hot100&year=2016&month=11&day=21
2016,hot100,2016-11-16,80,好きだから言えない,ももちひろこ,https://www.billboard-japan.com/charts/detail?a=hot100&year=2016&month=11&day=21
2016,hot100,2016-11-16,81,PLAYING WITH FIRE,BLACKPINK,https://www.billboard-japan.com/charts/detail?a=hot100&year=2016&month=11&day=21
2016,hot100,2016-11-16,82,Forever Young,AK-69,https://www.billboard-japan.com/charts/detail?a=hot100&year=2016&month=11&day=21
2016,hot100,2016-11-16,83,友よ〜この先もずっと…,ケツメイシ,https://www.billboard-japan.com/charts/detail?a=hot100&year=2016&month=11&day=21
2016,hot100,2016-11-16,84,The Beginning,ONE OK ROCK,https://www.billboard-japan.com/charts/detail?a=hot100&year=2016&month=11&day=21
2016,hot100,2016-11-16,85,Smile for me,松任谷由実,https://www.billboard-japan.com/charts/detail?a=hot100&year=2016&month=11&day=21
2016,hot100,2016-11-16,86,FANTASTIC BABY,BIGBANG,https://www.billboard-japan.com/charts/detail?a=hot100&year=2016&month=11&day=21
2016,hot100,2016-11-16,87,NANIMONO feat.米津玄師,中田ヤスタカ,https://www.billboard-japan.com/charts/detail?a=hot100&year=2016&month=11&day=21
2016,hot100,2016-11-16,88,シャウト・アウト・トゥ・マイ・エックス〜完全ふっ切れ宣言〜,リトル・ミックス,https://www.billboard-japan.com/charts/detail?a=hot100&year=2016&month=11&day=21
2016,hot100,2016-11-16,89,STAY,SMAP,https://www.billboard-japan.com/charts/detail?a=hot100&year=2016&month=11&day=21
2016,hot100,2016-11-16,90,TIME FLIES,ACE OF SPADES × PKCZ feat.登坂広臣,https://www.billboard-japan.com/charts/detail?a=hot100&year=2016&month=11&day=21
2016,hot100,2016-11-16,91,70億のピース,秦基博,https://www.billboard-japan.com/charts/detail?a=hot100&year=2016&month=11&day=21
2016,hot100,2016-11-16,92,R.Y.U.S.E.I.,三代目 J Soul Brothers from EXILE TRIBE,https://www.billboard-japan.com/charts/detail?a=hot100&year=2016&month=11&day=21
2016,hot100,2016-11-16,93,心魂の在処,"へし切長谷部(新垣樽助),宗三左文字(泰勇気),薬研藤四郎(山下誠一郎)",https://www.billboard-japan.com/charts/detail?a=hot100&year=2016&month=11&day=21
2016,hot100,2016-11-16,94,Blood Sweat & Tears,BTS (防弾少年団),https://www.billboard-japan.com/charts/detail?a=hot100&year=2016&month=11&day=21
2016,hot100,2016-11-16,95,トリセツ,西野カナ,https://www.billboard-japan.com/charts/detail?a=hot100&year=2016&month=11&day=21
2016,hot100,2016-11-16,96,拝啓ロミオとジュリエットへ,ダイヤモンドルフィー,https://www.billboard-japan.com/charts/detail?a=hot100&year=2016&month=11&day=21
2016,hot100,2016-11-16,97,同じ空 feat.ナオト・インティライミ & 安田レイ,SPICY CHOCOLATE,https://www.billboard-japan.com/charts/detail?a=hot100&year=2016&month=11&day=21
2016,hot100,2016-11-16,98,奏(かなで),スキマスイッチ,https://www.billboard-japan.com/charts/detail?a=hot100&year=2016&month=11&day=21
2016,hot100,2016-11-16,99,Silent Oath,Knights,https://www.billboard-japan.com/charts/detail?a=hot100&year=2016&month=11&day=21
2016,hot100,2016-11-16,100,モールス,Halo at 四畳半,https://www.billboard-japan.com/charts/detail?a=hot100&year=2016&month=11&day=21
2016,hot100,2016-11-23,1,ハイテンション,AKB48,https://www.billboard-japan.com/charts/detail?a=hot100&year=2016&month=11&day=28
2016,hot100,2016-11-23,2,恋,星野源,https://www.billboard-japan.com/charts/detail?a=hot100&year=2016&month=11&day=28
2016,hot100,2016-11-23,3,PIERROT,GENERATIONS from EXILE TRIBE,https://www.billboard-japan.com/charts/detail?a=hot100&year=2016&month=11&day=28
2016,hot100,2016-11-23,4,ハッピーエンド,back number,https://www.billboard-japan.com/charts/detail?a=hot100&year=2016&month=11&day=28
2016,hot100,2016-11-23,5,ペンパイナッポーアッポーペン,ピコ太郎,https://www.billboard-japan.com/charts/detail?a=hot100&year=2016&month=11&day=28
2016,hot100,2016-11-23,6,サヨナラの意味,乃木坂46,https://www.billboard-japan.com/charts/detail?a=hot100&year=2016&month=11&day=28
2016,hot100,2016-11-23,7,Welcome to TOKYO,三代目 J Soul Brothers from EXILE TRIBE,https://www.billboard-japan.com/charts/detail?a=hot100&year=2016&month=11&day=28
2016,hot100,2016-11-23,8,茜さす,Aimer(エメ),https://www.billboard-japan.com/charts/detail?a=hot100&year=2016&month=11&day=28
2016,hot100,2016-11-23,9,前前前世,RADWIMPS,https://www.billboard-japan.com/charts/detail?a=hot100&year=2016&month=11&day=28
2016,hot100,2016-11-23,10,PaNiC!,U-KISS,https://www.billboard-japan.com/charts/detail?a=hot100&year=2016&month=11&day=28
2016,hot100,2016-11-23,11,Pendulum Beat!,SUPER★DRAGON,https://www.billboard-japan.com/charts/detail?a=hot100&year=2016&month=11&day=28
2016,hot100,2016-11-23,12,Take me☆Take you,"THE IDOLM@STER CINDERELLA GIRLS!!(高垣楓,三船美優,森久保乃々,島村卯月,安部菜々,前川みく,依田芳乃,本田未央,佐藤心)",https://www.billboard-japan.com/charts/detail?a=hot100&year=2016&month=11&day=28
2016,hot100,2016-11-23,13,Taking Off,ONE OK ROCK,https://www.billboard-japan.com/charts/detail?a=hot100&year=2016&month=11&day=28
2016,hot100,2016-11-23,14,君への手紙,桑田佳祐,https://www.billboard-japan.com/charts/detail?a=hot100&year=2016&month=11&day=28
2016,hot100,2016-11-23,15,Fighter,安室奈美恵,https://www.billboard-japan.com/charts/detail?a=hot100&year=2016&month=11&day=28
2016,hot100,2016-11-23,16,Dear Bride,西野カナ,https://www.billboard-japan.com/charts/detail?a=hot100&year=2016&month=11&day=28
2016,hot100,2016-11-23,17,二人セゾン,欅坂46,https://www.billboard-japan.com/charts/detail?a=hot100&year=2016&month=11&day=28
2016,hot100,2016-11-23,18,Dance Dance!!,トラフィックライト。,https://www.billboard-japan.com/charts/detail?a=hot100&year=2016&month=11&day=28
2016,hot100,2016-11-23,19,RAGE OF DUST,SPYAIR,https://www.billboard-japan.com/charts/detail?a=hot100&year=2016&month=11&day=28
2016,hot100,2016-11-23,20,Bedroom Warfare,ONE OK ROCK,https://www.billboard-japan.com/charts/detail?a=hot100&year=2016&month=11&day=28
2016,hot100,2016-11-23,21,世界に一つだけの花,SMAP,https://www.billboard-japan.com/charts/detail?a=hot100&year=2016&month=11&day=28
2016,hot100,2016-11-23,22,光,RADWIMPS,https://www.billboard-japan.com/charts/detail?a=hot100&year=2016&month=11&day=28
2016,hot100,2016-11-23,23,涙のない世界,AAA,https://www.billboard-japan.com/charts/detail?a=hot100&year=2016&month=11&day=28
2016,hot100,2016-11-23,24,SUN,星野源,https://www.billboard-japan.com/charts/detail?a=hot100&year=2016&month=11&day=28
2016,hot100,2016-11-23,25,砂の塔,THE YELLOW MONKEY,https://www.billboard-japan.com/charts/detail?a=hot100&year=2016&month=11&day=28
2016,hot100,2016-11-23,26,24K・マジック,ブルーノ・マーズ,https://www.billboard-japan.com/charts/detail?a=hot100&year=2016&month=11&day=28
2016,hot100,2016-11-23,27,なんでもないや,RADWIMPS,https://www.billboard-japan.com/charts/detail?a=hot100&year=2016&month=11&day=28
2016,hot100,2016-11-23,28,5150,THE ORAL CIGARETTES,https://www.billboard-japan.com/charts/detail?a=hot100&year=2016&month=11&day=28
2016,hot100,2016-11-23,29,TT,TWICE,https://www.billboard-japan.com/charts/detail?a=hot100&year=2016&month=11&day=28
2016,hot100,2016-11-23,30,Dear Diary,安室奈美恵,https://www.billboard-japan.com/charts/detail?a=hot100&year=2016&month=11&day=28
2016,hot100,2016-11-23,31,絶対的晴天青空,aki a.k.a 出口陽,https://www.billboard-japan.com/charts/detail?a=hot100&year=2016&month=11&day=28
2016,hot100,2016-11-23,32,STAY TUNE,Suchmos,https://www.billboard-japan.com/charts/detail?a=hot100&year=2016&month=11&day=28
2016,hot100,2016-11-23,33,多分、風。,サカナクション,https://www.billboard-japan.com/charts/detail?a=hot100&year=2016&month=11&day=28
2016,hot100,2016-11-23,34,My Boo,清水翔太,https://www.billboard-japan.com/charts/detail?a=hot100&year=2016&month=11&day=28
2016,hot100,2016-11-23,35,Coming Over,EXO,https://www.billboard-japan.com/charts/detail?a=hot100&year=2016&month=11&day=28
2016,hot100,2016-11-23,36,凛,遊助,https://www.billboard-japan.com/charts/detail?a=hot100&year=2016&month=11&day=28
2016,hot100,2016-11-23,37,明日はきっといい日になる,高橋優,https://www.billboard-japan.com/charts/detail?a=hot100&year=2016&month=11&day=28
2016,hot100,2016-11-23,38,好きな人がいること,JY,https://www.billboard-japan.com/charts/detail?a=hot100&year=2016&month=11&day=28
2016,hot100,2016-11-23,39,Lovely Eyes,"神宮寺レン(諏訪部順一),桐生院ヴァン(高橋英則)",https://www.billboard-japan.com/charts/detail?a=hot100&year=2016&month=11&day=28
2016,hot100,2016-11-23,40,サイレントマジョリティー,欅坂46,https://www.billboard-japan.com/charts/detail?a=hot100&year=2016&month=11&day=28
2016,hot100,2016-11-23,41,Promise you,THE BEAT GARDEN,https://www.billboard-japan.com/charts/detail?a=hot100&year=2016&month=11&day=28
2016,hot100,2016-11-23,42,道,宇多田ヒカル,https://www.billboard-japan.com/charts/detail?a=hot100&year=2016&month=11&day=28
2016,hot100,2016-11-23,43,あいたい,林部智史,https://www.billboard-japan.com/charts/detail?a=hot100&year=2016&month=11&day=28
2016,hot100,2016-11-23,44,再燃SHOW,さかいゆう,https://www.billboard-japan.com/charts/detail?a=hot100&year=2016&month=11&day=28
2016,hot100,2016-11-23,45,暁の君に,GReeeeN,https://www.billboard-japan.com/charts/detail?a=hot100&year=2016&month=11&day=28
2016,hot100,2016-11-23,46,ボディ・ムーヴズ,DNCE,https://www.billboard-japan.com/charts/detail?a=hot100&year=2016&month=11&day=28
2016,hot100,2016-11-23,47,想いよひとつになれ,"渡辺曜(斉藤朱夏),津島善子(小林愛香),国木田花丸(高槻かな子),小原鞠莉(鈴木愛奈),黒澤ルビィ(降幡愛),高海千歌(伊波杏樹),松浦果南(諏訪ななか),黒澤ダイヤ(小宮有紗)",https://www.billboard-japan.com/charts/detail?a=hot100&year=2016&month=11&day=28
2016,hot100,2016-11-23,48,クローサー feat.ホールジー,チェインスモーカーズ,https://www.billboard-japan.com/charts/detail?a=hot100&year=2016&month=11&day=28
2016,hot100,2016-11-23,49,everlasting snow,Aimer(エメ),https://www.billboard-japan.com/charts/detail?a=hot100&year=2016&month=11&day=28
2016,hot100,2016-11-23,50,君の恋人になったら,back number,https://www.billboard-japan.com/charts/detail?a=hot100&year=2016&month=11&day=28
2016,hot100,2016-11-23,51,世界には愛しかない,欅坂46,https://www.billboard-japan.com/charts/detail?a=hot100&year=2016&month=11&day=28
2016,hot100,2016-11-23,52,History Maker,DEAN FUJIOKA,https://www.billboard-japan.com/charts/detail?a=hot100&year=2016&month=11&day=28
2016,hot100,2016-11-23,53,スパークル,RADWIMPS,https://www.billboard-japan.com/charts/detail?a=hot100&year=2016&month=11&day=28
2016,hot100,2016-11-23,54,道は手ずから夢の花,KinKi Kids,https://www.billboard-japan.com/charts/detail?a=hot100&year=2016&month=11&day=28
2016,hot100,2016-11-23,55,Wherever you are,ONE OK ROCK,https://www.billboard-japan.com/charts/detail?a=hot100&year=2016&month=11&day=28
2016,hot100,2016-11-23,56,まほうのカギを手に入れたら,むすびズム,https://www.billboard-japan.com/charts/detail?a=hot100&year=2016&month=11&day=28
2016,hot100,2016-11-23,57,フレフレ!青春賛歌,"和泉一織(増田俊樹),七瀬陸(小野賢章),九条天(斉藤壮馬)",https://www.billboard-japan.com/charts/detail?a=hot100&year=2016&month=11&day=28
2016,hot100,2016-11-23,58,Heaven's Door〜陽のあたる場所〜,栞菜智世,https://www.billboard-japan.com/charts/detail?a=hot100&year=2016&month=11&day=28
2016,hot100,2016-11-23,59,なんでもないや,上白石萌音,https://www.billboard-japan.com/charts/detail?a=hot100&year=2016&month=11&day=28
2016,hot100,2016-11-23,60,LOSER,米津玄師,https://www.billboard-japan.com/charts/detail?a=hot100&year=2016&month=11&day=28
2016,hot100,2016-11-23,61,クリスマスソング,back number,https://www.billboard-japan.com/charts/detail?a=hot100&year=2016&month=11&day=28
2016,hot100,2016-11-23,62,Feel like,[Alexandros],https://www.billboard-japan.com/charts/detail?a=hot100&year=2016&month=11&day=28
2016,hot100,2016-11-23,63,ヒカリアレ,BURNOUT SYNDROMES,https://www.billboard-japan.com/charts/detail?a=hot100&year=2016&month=11&day=28
2016,hot100,2016-11-23,64,ワタリドリ,[Alexandros],https://www.billboard-japan.com/charts/detail?a=hot100&year=2016&month=11&day=28
2016,hot100,2016-11-23,65,ANOTHER STARTING LINE,Hi-STANDARD,https://www.billboard-japan.com/charts/detail?a=hot100&year=2016&month=11&day=28
2016,hot100,2016-11-23,66,ルミカジェーン,イケてるハーツ,https://www.billboard-japan.com/charts/detail?a=hot100&year=2016&month=11&day=28
2016,hot100,2016-11-23,67,ドント・ワナ・ノウ feat.ケンドリック・ラマー,マルーン5,https://www.billboard-japan.com/charts/detail?a=hot100&year=2016&month=11&day=28
2016,hot100,2016-11-23,68,ムーンソング,[Alexandros],https://www.billboard-japan.com/charts/detail?a=hot100&year=2016&month=11&day=28
2016,hot100,2016-11-23,69,Hey Ho,SEKAI NO OWARI,https://www.billboard-japan.com/charts/detail?a=hot100&year=2016&month=11&day=28
2016,hot100,2016-11-23,70,アイ・キャント・ストップ・シンキング・アバウト・ユー,スティング,https://www.billboard-japan.com/charts/detail?a=hot100&year=2016&month=11&day=28
2016,hot100,2016-11-23,71,恋音と雨空,AAA,https://www.billboard-japan.com/charts/detail?a=hot100&year=2016&month=11&day=28
2016,hot100,2016-11-23,72,時ぞとも無し兼備の華よ,"堀川国広(榎木淳弥),和泉守兼定(木村良平)",https://www.billboard-japan.com/charts/detail?a=hot100&year=2016&month=11&day=28
2016,hot100,2016-11-23,73,僕は僕であって,angela × fripSide,https://www.billboard-japan.com/charts/detail?a=hot100&year=2016&month=11&day=28
2016,hot100,2016-11-23,74,My Only Place,スフィア,https://www.billboard-japan.com/charts/detail?a=hot100&year=2016&month=11&day=28
2016,hot100,2016-11-23,75,BRIGHT,三代目 J Soul Brothers from EXILE TRIBE,https://www.billboard-japan.com/charts/detail?a=hot100&year=2016&month=11&day=28
2016,hot100,2016-11-23,76,SUPER!!,フジファブリック,https://www.billboard-japan.com/charts/detail?a=hot100&year=2016&month=11&day=28
2016,hot100,2016-11-23,77,LiAR,ポルノグラフィティ,https://www.billboard-japan.com/charts/detail?a=hot100&year=2016&month=11&day=28
2016,hot100,2016-11-23,78,BANG BANG BANG,BIGBANG,https://www.billboard-japan.com/charts/detail?a=hot100&year=2016&month=11&day=28
2016,hot100,2016-11-23,79,好きだから言えない,ももちひろこ,https://www.billboard-japan.com/charts/detail?a=hot100&year=2016&month=11&day=28
2016,hot100,2016-11-23,80,ひまわりの約束,秦基博,https://www.billboard-japan.com/charts/detail?a=hot100&year=2016&month=11&day=28
2016,hot100,2016-11-23,81,Hero,安室奈美恵,https://www.billboard-japan.com/charts/detail?a=hot100&year=2016&month=11&day=28
2016,hot100,2016-11-23,82,アシタノツバサ,石田燿子,https://www.billboard-japan.com/charts/detail?a=hot100&year=2016&month=11&day=28
2016,hot100,2016-11-23,83,Starry Wish,水瀬いのり,https://www.billboard-japan.com/charts/detail?a=hot100&year=2016&month=11&day=28
2016,hot100,2016-11-23,84,宇宙の彼方で,森口博子,https://www.billboard-japan.com/charts/detail?a=hot100&year=2016&month=11&day=28
2016,hot100,2016-11-23,85,Fantastic Time,Hey!Say!JUMP,https://www.billboard-japan.com/charts/detail?a=hot100&year=2016&month=11&day=28
2016,hot100,2016-11-23,86,はじまりのうた,Little Glee Monster,https://www.billboard-japan.com/charts/detail?a=hot100&year=2016&month=11&day=28
2016,hot100,2016-11-23,87,菫アイオライト,WHY@DOLL,https://www.billboard-japan.com/charts/detail?a=hot100&year=2016&month=11&day=28
2016,hot100,2016-11-23,88,パーフェクト・イリュージョン,レディー・ガガ,https://www.billboard-japan.com/charts/detail?a=hot100&year=2016&month=11&day=28
2016,hot100,2016-11-23,89,光りの街,Dragon Ash,https://www.billboard-japan.com/charts/detail?a=hot100&year=2016&month=11&day=28
2016,hot100,2016-11-23,90,PLAYING WITH FIRE,BLACKPINK,https://www.billboard-japan.com/charts/detail?a=hot100&year=2016&month=11&day=28
2016,hot100,2016-11-23,91,FANTASTIC BABY,BIGBANG,https://www.billboard-japan.com/charts/detail?a=hot100&year=2016&month=11&day=28
2016,hot100,2016-11-23,92,Bloom,ガーリッシュ ナンバー,https://www.billboard-japan.com/charts/detail?a=hot100&year=2016&month=11&day=28
2016,hot100,2016-11-23,93,友よ〜この先もずっと…,ケツメイシ,https://www.billboard-japan.com/charts/detail?a=hot100&year=2016&month=11&day=28
2016,hot100,2016-11-23,94,フェイス feat.アリアナ・グランデ,スティーヴィー・ワンダー,https://www.billboard-japan.com/charts/detail?a=hot100&year=2016&month=11&day=28
2016,hot100,2016-11-23,95,ソング・フォー・ユー,レオン・ラッセル,https://www.billboard-japan.com/charts/detail?a=hot100&year=2016&month=11&day=28
2016,hot100,2016-11-23,96,花束を君に,宇多田ヒカル,https://www.billboard-japan.com/charts/detail?a=hot100&year=2016&month=11&day=28
2016,hot100,2016-11-23,97,Flower,Lenny code fiction,https://www.billboard-japan.com/charts/detail?a=hot100&year=2016&month=11&day=28
2016,hot100,2016-11-23,98,Yuri on ICE,梅林太郎,https://www.billboard-japan.com/charts/detail?a=hot100&year=2016&month=11&day=28
2016,hot100,2016-11-23,99,奏(かなで),スキマスイッチ,https://www.billboard-japan.com/charts/detail?a=hot100&year=2016&month=11&day=28
2016,hot100,2016-11-23,100,365日の紙飛行機,AKB48,https://www.billboard-japan.com/charts/detail?a=hot100&year=2016&month=11&day=28
2016,hot100,2016-11-30,1,恋,星野源,https://www.billboard-japan.com/charts/detail?a=hot100&year=2016&month=12&day=05
2016,hot100,2016-11-30,2,セクシーキャットの演説,モーニング娘。'16,https://www.billboard-japan.com/charts/detail?a=hot100&year=2016&month=12&day=05
2016,hot100,2016-11-30,3,君への手紙,桑田佳祐,https://www.billboard-japan.com/charts/detail?a=hot100&year=2016&month=12&day=05
2016,hot100,2016-11-30,4,ペンパイナッポーアッポーペン,ピコ太郎,https://www.billboard-japan.com/charts/detail?a=hot100&year=2016&month=12&day=05
2016,hot100,2016-11-30,5,ジングルベルがとまらない,Aqours,https://www.billboard-japan.com/charts/detail?a=hot100&year=2016&month=12&day=05
2016,hot100,2016-11-30,6,前前前世,RADWIMPS,https://www.billboard-japan.com/charts/detail?a=hot100&year=2016&month=12&day=05
2016,hot100,2016-11-30,7,ハッピーエンド,back number,https://www.billboard-japan.com/charts/detail?a=hot100&year=2016&month=12&day=05
2016,hot100,2016-11-30,8,サヨナラの意味,乃木坂46,https://www.billboard-japan.com/charts/detail?a=hot100&year=2016&month=12&day=05
2016,hot100,2016-11-30,9,ハイテンション,AKB48,https://www.billboard-japan.com/charts/detail?a=hot100&year=2016&month=12&day=05
2016,hot100,2016-11-30,10,Dear Diary,安室奈美恵,https://www.billboard-japan.com/charts/detail?a=hot100&year=2016&month=12&day=05
2016,hot100,2016-11-30,11,You Only Live Once,YURI!!! on ICE feat.w.hatano,https://www.billboard-japan.com/charts/detail?a=hot100&year=2016&month=12&day=05
2016,hot100,2016-11-30,12,(RE)PLAY,三浦大知,https://www.billboard-japan.com/charts/detail?a=hot100&year=2016&month=12&day=05
2016,hot100,2016-11-30,13,Welcome to TOKYO,三代目 J Soul Brothers from EXILE TRIBE,https://www.billboard-japan.com/charts/detail?a=hot100&year=2016&month=12&day=05
2016,hot100,2016-11-30,14,お気楽珍道中,"陸奥守吉行(濱健人),博多藤四郎(大須賀純),山伏国広(櫻井トオル),御手杵(浜田賢二)",https://www.billboard-japan.com/charts/detail?a=hot100&year=2016&month=12&day=05
2016,hot100,2016-11-30,15,フキアレナサイ,B'z,https://www.billboard-japan.com/charts/detail?a=hot100&year=2016&month=12&day=05
2016,hot100,2016-11-30,16,スパークル,RADWIMPS,https://www.billboard-japan.com/charts/detail?a=hot100&year=2016&month=12&day=05
2016,hot100,2016-11-30,17,五色のShooting☆Star!!!!!,流星隊,https://www.billboard-japan.com/charts/detail?a=hot100&year=2016&month=12&day=05
2016,hot100,2016-11-30,18,99,Superfly,https://www.billboard-japan.com/charts/detail?a=hot100&year=2016&month=12&day=05
2016,hot100,2016-11-30,19,世界に一つだけの花,SMAP,https://www.billboard-japan.com/charts/detail?a=hot100&year=2016&month=12&day=05
2016,hot100,2016-11-30,20,光,RADWIMPS,https://www.billboard-japan.com/charts/detail?a=hot100&year=2016&month=12&day=05
2016,hot100,2016-11-30,21,Love me,KEYTALK,https://www.billboard-japan.com/charts/detail?a=hot100&year=2016&month=12&day=05
2016,hot100,2016-11-30,22,PIERROT,GENERATIONS from EXILE TRIBE,https://www.billboard-japan.com/charts/detail?a=hot100&year=2016&month=12&day=05
2016,hot100,2016-11-30,23,Dear Bride,西野カナ,https://www.billboard-japan.com/charts/detail?a=hot100&year=2016&month=12&day=05
2016,hot100,2016-11-30,24,だけどユメ見る,ロッカジャポニカ,https://www.billboard-japan.com/charts/detail?a=hot100&year=2016&month=12&day=05
2016,hot100,2016-11-30,25,少年の果て,GRANRODEO,https://www.billboard-japan.com/charts/detail?a=hot100&year=2016&month=12&day=05
2016,hot100,2016-11-30,26,二人セゾン,欅坂46,https://www.billboard-japan.com/charts/detail?a=hot100&year=2016&month=12&day=05
2016,hot100,2016-11-30,27,茜さす,Aimer(エメ),https://www.billboard-japan.com/charts/detail?a=hot100&year=2016&month=12&day=05
2016,hot100,2016-11-30,28,SUN,星野源,https://www.billboard-japan.com/charts/detail?a=hot100&year=2016&month=12&day=05
2016,hot100,2016-11-30,29,24K・マジック,ブルーノ・マーズ,https://www.billboard-japan.com/charts/detail?a=hot100&year=2016&month=12&day=05
2016,hot100,2016-11-30,30,LAST HERO,BLUE ENCOUNT,https://www.billboard-japan.com/charts/detail?a=hot100&year=2016&month=12&day=05
2016,hot100,2016-11-30,31,大人やらせてよ,夢みるアドレセンス,https://www.billboard-japan.com/charts/detail?a=hot100&year=2016&month=12&day=05
2016,hot100,2016-11-30,32,Hoppin' Season♪,Ra*bits,https://www.billboard-japan.com/charts/detail?a=hot100&year=2016&month=12&day=05
2016,hot100,2016-11-30,33,砂の塔,THE YELLOW MONKEY,https://www.billboard-japan.com/charts/detail?a=hot100&year=2016&month=12&day=05
2016,hot100,2016-11-30,34,なんでもないや,RADWIMPS,https://www.billboard-japan.com/charts/detail?a=hot100&year=2016&month=12&day=05
2016,hot100,2016-11-30,35,RAGE OF DUST,SPYAIR,https://www.billboard-japan.com/charts/detail?a=hot100&year=2016&month=12&day=05
2016,hot100,2016-11-30,36,サイレントマジョリティー,欅坂46,https://www.billboard-japan.com/charts/detail?a=hot100&year=2016&month=12&day=05
2016,hot100,2016-11-30,37,TT,TWICE,https://www.billboard-japan.com/charts/detail?a=hot100&year=2016&month=12&day=05
2016,hot100,2016-11-30,38,Promise you,THE BEAT GARDEN,https://www.billboard-japan.com/charts/detail?a=hot100&year=2016&month=12&day=05
2016,hot100,2016-11-30,39,好きだから言えない,ももちひろこ,https://www.billboard-japan.com/charts/detail?a=hot100&year=2016&month=12&day=05
2016,hot100,2016-11-30,40,Fighter,安室奈美恵,https://www.billboard-japan.com/charts/detail?a=hot100&year=2016&month=12&day=05
2016,hot100,2016-11-30,41,Taking Off,ONE OK ROCK,https://www.billboard-japan.com/charts/detail?a=hot100&year=2016&month=12&day=05
2016,hot100,2016-11-30,42,シャウト・アウト・トゥ・マイ・エックス〜完全ふっ切れ宣言〜,リトル・ミックス,https://www.billboard-japan.com/charts/detail?a=hot100&year=2016&month=12&day=05
2016,hot100,2016-11-30,43,My Boo,清水翔太,https://www.billboard-japan.com/charts/detail?a=hot100&year=2016&month=12&day=05
2016,hot100,2016-11-30,44,明日はきっといい日になる,高橋優,https://www.billboard-japan.com/charts/detail?a=hot100&year=2016&month=12&day=05
2016,hot100,2016-11-30,45,Grown empathy,四ノ宮那月(谷山紀章)&帝ナギ(代永翼),https://www.billboard-japan.com/charts/detail?a=hot100&year=2016&month=12&day=05
2016,hot100,2016-11-30,46,History Maker,DEAN FUJIOKA,https://www.billboard-japan.com/charts/detail?a=hot100&year=2016&month=12&day=05
2016,hot100,2016-11-30,47,Don't be Afraid,L'Arc〜en〜Ciel,https://www.billboard-japan.com/charts/detail?a=hot100&year=2016&month=12&day=05
2016,hot100,2016-11-30,48,好きな人がいること,JY,https://www.billboard-japan.com/charts/detail?a=hot100&year=2016&month=12&day=05
2016,hot100,2016-11-30,49,リライト,ASIAN KUNG-FU GENERATION,https://www.billboard-japan.com/charts/detail?a=hot100&year=2016&month=12&day=05
2016,hot100,2016-11-30,50,帰還,西沢幸奏,https://www.billboard-japan.com/charts/detail?a=hot100&year=2016&month=12&day=05
2016,hot100,2016-11-30,51,あいたい,林部智史,https://www.billboard-japan.com/charts/detail?a=hot100&year=2016&month=12&day=05
2016,hot100,2016-11-30,52,道,宇多田ヒカル,https://www.billboard-japan.com/charts/detail?a=hot100&year=2016&month=12&day=05
2016,hot100,2016-11-30,53,多分、風。,サカナクション,https://www.billboard-japan.com/charts/detail?a=hot100&year=2016&month=12&day=05
2016,hot100,2016-11-30,54,こじらせ片思い,SAY-LA,https://www.billboard-japan.com/charts/detail?a=hot100&year=2016&month=12&day=05
2016,hot100,2016-11-30,55,恋と浄土の八重桜,"""前田藤四郎(入江玲於奈),鯰尾藤四郎(斉藤壮馬),薬研藤四郎(山下誠一郎),五虎退(粕谷雄太),秋田藤四郎(山谷祥生),乱藤四郎(山本和臣),平野藤四郎(浅利遼太),骨喰藤四郎(鈴木裕斗),厚藤四郎",https://www.billboard-japan.com/charts/detail?a=hot100&year=2016&month=12&day=05
2016,hot100,2016-11-30,56,Bedroom Warfare,ONE OK ROCK,https://www.billboard-japan.com/charts/detail?a=hot100&year=2016&month=12&day=05
2016,hot100,2016-11-30,57,The Dragon Knights,"ランスロット(小野友樹),ヴェイン(江口拓也),パーシヴァル(逢坂良太),ジークフリート(井上和彦)",https://www.billboard-japan.com/charts/detail?a=hot100&year=2016&month=12&day=05
2016,hot100,2016-11-30,58,STAY TUNE,Suchmos,https://www.billboard-japan.com/charts/detail?a=hot100&year=2016&month=12&day=05
2016,hot100,2016-11-30,59,"Loving you,Love me",CODE-V,https://www.billboard-japan.com/charts/detail?a=hot100&year=2016&month=12&day=05
2016,hot100,2016-11-30,60,ギミギミaction,PASSPO☆,https://www.billboard-japan.com/charts/detail?a=hot100&year=2016&month=12&day=05
2016,hot100,2016-11-30,61,クローサー feat.ホールジー,チェインスモーカーズ,https://www.billboard-japan.com/charts/detail?a=hot100&year=2016&month=12&day=05
2016,hot100,2016-11-30,62,Wherever you are,ONE OK ROCK,https://www.billboard-japan.com/charts/detail?a=hot100&year=2016&month=12&day=05
2016,hot100,2016-11-30,63,ムキダシで向き合って,モーニング娘。'16,https://www.billboard-japan.com/charts/detail?a=hot100&year=2016&month=12&day=05
2016,hot100,2016-11-30,64,VERMILLION,黒崎真音,https://www.billboard-japan.com/charts/detail?a=hot100&year=2016&month=12&day=05
2016,hot100,2016-11-30,65,旅立ちの唄,あゆみくりかまき,https://www.billboard-japan.com/charts/detail?a=hot100&year=2016&month=12&day=05
2016,hot100,2016-11-30,66,I&I,Leola,https://www.billboard-japan.com/charts/detail?a=hot100&year=2016&month=12&day=05
2016,hot100,2016-11-30,67,24sync,access,https://www.billboard-japan.com/charts/detail?a=hot100&year=2016&month=12&day=05
2016,hot100,2016-11-30,68,奏(かなで),スキマスイッチ,https://www.billboard-japan.com/charts/detail?a=hot100&year=2016&month=12&day=05
2016,hot100,2016-11-30,69,涙のない世界,AAA,https://www.billboard-japan.com/charts/detail?a=hot100&year=2016&month=12&day=05
2016,hot100,2016-11-30,70,Hero,安室奈美恵,https://www.billboard-japan.com/charts/detail?a=hot100&year=2016&month=12&day=05
2016,hot100,2016-11-30,71,LOSER,米津玄師,https://www.billboard-japan.com/charts/detail?a=hot100&year=2016&month=12&day=05
2016,hot100,2016-11-30,72,キセキ,GReeeeN,https://www.billboard-japan.com/charts/detail?a=hot100&year=2016&month=12&day=05
2016,hot100,2016-11-30,73,メーデー,パスピエ,https://www.billboard-japan.com/charts/detail?a=hot100&year=2016&month=12&day=05
2016,hot100,2016-11-30,74,クリスマスソング,back number,https://www.billboard-japan.com/charts/detail?a=hot100&year=2016&month=12&day=05
2016,hot100,2016-11-30,75,微笑みの爆弾,馬渡松子,https://www.billboard-japan.com/charts/detail?a=hot100&year=2016&month=12&day=05
2016,hot100,2016-11-30,76,世界には愛しかない,欅坂46,https://www.billboard-japan.com/charts/detail?a=hot100&year=2016&month=12&day=05
2016,hot100,2016-11-30,77,月下美人,己龍,https://www.billboard-japan.com/charts/detail?a=hot100&year=2016&month=12&day=05
2016,hot100,2016-11-30,78,小さな勇気,有安杏果,https://www.billboard-japan.com/charts/detail?a=hot100&year=2016&month=12&day=05
2016,hot100,2016-11-30,79,愛/憎,CIVILIAN,https://www.billboard-japan.com/charts/detail?a=hot100&year=2016&month=12&day=05
2016,hot100,2016-11-30,80,花束を君に,宇多田ヒカル,https://www.billboard-japan.com/charts/detail?a=hot100&year=2016&month=12&day=05
2016,hot100,2016-11-30,81,ボディ・ムーヴズ,DNCE,https://www.billboard-japan.com/charts/detail?a=hot100&year=2016&month=12&day=05
2016,hot100,2016-11-30,82,Africa,佐藤竹善,https://www.billboard-japan.com/charts/detail?a=hot100&year=2016&month=12&day=05
2016,hot100,2016-11-30,83,Heaven's Door〜陽のあたる場所〜,栞菜智世,https://www.billboard-japan.com/charts/detail?a=hot100&year=2016&month=12&day=05
2016,hot100,2016-11-30,84,BANG BANG BANG,BIGBANG,https://www.billboard-japan.com/charts/detail?a=hot100&year=2016&month=12&day=05
2016,hot100,2016-11-30,85,なんでもないや,上白石萌音,https://www.billboard-japan.com/charts/detail?a=hot100&year=2016&month=12&day=05
2016,hot100,2016-11-30,86,FANTASTIC BABY,BIGBANG,https://www.billboard-japan.com/charts/detail?a=hot100&year=2016&month=12&day=05
2016,hot100,2016-11-30,87,Yuri on ICE,梅林太郎,https://www.billboard-japan.com/charts/detail?a=hot100&year=2016&month=12&day=05
2016,hot100,2016-11-30,88,想いよひとつになれ,"渡辺曜(斉藤朱夏),津島善子(小林愛香),国木田花丸(高槻かな子),小原鞠莉(鈴木愛奈),黒澤ルビィ(降幡愛),高海千歌(伊波杏樹),松浦果南(諏訪ななか),黒澤ダイヤ(小宮有紗)",https://www.billboard-japan.com/charts/detail?a=hot100&year=2016&month=12&day=05
2016,hot100,2016-11-30,89,ひまわりの約束,秦基博,https://www.billboard-japan.com/charts/detail?a=hot100&year=2016&month=12&day=05
2016,hot100,2016-11-30,90,灼熱スイッチ,雀が原中学卓球部,https://www.billboard-japan.com/charts/detail?a=hot100&year=2016&month=12&day=05
2016,hot100,2016-11-30,91,ループ&ループ,ASIAN KUNG-FU GENERATION,https://www.billboard-japan.com/charts/detail?a=hot100&year=2016&month=12&day=05
2016,hot100,2016-11-30,92,恋音と雨空,AAA,https://www.billboard-japan.com/charts/detail?a=hot100&year=2016&month=12&day=05
2016,hot100,2016-11-30,93,進め、たまに逃げても,チャラン・ポ・ランタン,https://www.billboard-japan.com/charts/detail?a=hot100&year=2016&month=12&day=05
2016,hot100,2016-11-30,94,時よ,星野源,https://www.billboard-japan.com/charts/detail?a=hot100&year=2016&month=12&day=05
2016,hot100,2016-11-30,95,SHINY SHY GIRL,DEAR KISS,https://www.billboard-japan.com/charts/detail?a=hot100&year=2016&month=12&day=05
2016,hot100,2016-11-30,96,ヒカリアレ,BURNOUT SYNDROMES,https://www.billboard-japan.com/charts/detail?a=hot100&year=2016&month=12&day=05
2016,hot100,2016-11-30,97,友よ〜この先もずっと…,ケツメイシ,https://www.billboard-japan.com/charts/detail?a=hot100&year=2016&month=12&day=05
2016,hot100,2016-11-30,98,夢灯籠,RADWIMPS,https://www.billboard-japan.com/charts/detail?a=hot100&year=2016&month=12&day=05
2016,hot100,2016-11-30,99,ドント・ワナ・ノウ feat.ケンドリック・ラマー,マルーン5,https://www.billboard-japan.com/charts/detail?a=hot100&year=2016&month=12&day=05
2016,hot100,2016-11-30,100,トリセツ,西野カナ,https://www.billboard-japan.com/charts/detail?a=hot100&year=2016&month=12&day=05
2016,hot100,2016-12-07,1,二人セゾン,欅坂46,https://www.billboard-japan.com/charts/detail?a=hot100&year=2016&month=12&day=12
2016,hot100,2016-12-07,2,恋,星野源,https://www.billboard-japan.com/charts/detail?a=hot100&year=2016&month=12&day=12
2016,hot100,2016-12-07,3,PPAP(ペンパイナッポーアッポーペン),ピコ太郎,https://www.billboard-japan.com/charts/detail?a=hot100&year=2016&month=12&day=12
2016,hot100,2016-12-07,4,前前前世,RADWIMPS,https://www.billboard-japan.com/charts/detail?a=hot100&year=2016&month=12&day=12
2016,hot100,2016-12-07,5,Go! Go! Let's Go!,E-girls,https://www.billboard-japan.com/charts/detail?a=hot100&year=2016&month=12&day=12
2016,hot100,2016-12-07,6,君への手紙,桑田佳祐,https://www.billboard-japan.com/charts/detail?a=hot100&year=2016&month=12&day=12
2016,hot100,2016-12-07,7,ハッピーエンド,back number,https://www.billboard-japan.com/charts/detail?a=hot100&year=2016&month=12&day=12
2016,hot100,2016-12-07,8,サヨナラの意味,乃木坂46,https://www.billboard-japan.com/charts/detail?a=hot100&year=2016&month=12&day=12
2016,hot100,2016-12-07,9,世界に一つだけの花,SMAP,https://www.billboard-japan.com/charts/detail?a=hot100&year=2016&month=12&day=12
2016,hot100,2016-12-07,10,Welcome to TOKYO,三代目 J Soul Brothers from EXILE TRIBE,https://www.billboard-japan.com/charts/detail?a=hot100&year=2016&month=12&day=12
2016,hot100,2016-12-07,11,ハイテンション,AKB48,https://www.billboard-japan.com/charts/detail?a=hot100&year=2016&month=12&day=12
2016,hot100,2016-12-07,12,PIERROT,GENERATIONS from EXILE TRIBE,https://www.billboard-japan.com/charts/detail?a=hot100&year=2016&month=12&day=12
2016,hot100,2016-12-07,13,愛!wanna be with you...,TOKIO,https://www.billboard-japan.com/charts/detail?a=hot100&year=2016&month=12&day=12
2016,hot100,2016-12-07,14,Dear Diary,安室奈美恵,https://www.billboard-japan.com/charts/detail?a=hot100&year=2016&month=12&day=12
2016,hot100,2016-12-07,15,Dear Bride,西野カナ,https://www.billboard-japan.com/charts/detail?a=hot100&year=2016&month=12&day=12
2016,hot100,2016-12-07,16,砂の塔,THE YELLOW MONKEY,https://www.billboard-japan.com/charts/detail?a=hot100&year=2016&month=12&day=12
2016,hot100,2016-12-07,17,24K・マジック,ブルーノ・マーズ,https://www.billboard-japan.com/charts/detail?a=hot100&year=2016&month=12&day=12
2016,hot100,2016-12-07,18,SUN,星野源,https://www.billboard-japan.com/charts/detail?a=hot100&year=2016&month=12&day=12
2016,hot100,2016-12-07,19,なんでもないや,RADWIMPS,https://www.billboard-japan.com/charts/detail?a=hot100&year=2016&month=12&day=12
2016,hot100,2016-12-07,20,クリスマスソング,back number,https://www.billboard-japan.com/charts/detail?a=hot100&year=2016&month=12&day=12
2016,hot100,2016-12-07,21,サイレントマジョリティー,欅坂46,https://www.billboard-japan.com/charts/detail?a=hot100&year=2016&month=12&day=12
2016,hot100,2016-12-07,22,STAY TUNE,Suchmos,https://www.billboard-japan.com/charts/detail?a=hot100&year=2016&month=12&day=12
2016,hot100,2016-12-07,23,ジングルベルがとまらない,Aqours,https://www.billboard-japan.com/charts/detail?a=hot100&year=2016&month=12&day=12
2016,hot100,2016-12-07,24,Promise you,THE BEAT GARDEN,https://www.billboard-japan.com/charts/detail?a=hot100&year=2016&month=12&day=12
2016,hot100,2016-12-07,25,Hey Now,MAN WITH A MISSION,https://www.billboard-japan.com/charts/detail?a=hot100&year=2016&month=12&day=12
2016,hot100,2016-12-07,26,全力少年 produced by 奥田民生,スキマスイッチ,https://www.billboard-japan.com/charts/detail?a=hot100&year=2016&month=12&day=12
2016,hot100,2016-12-07,27,believe believe,JUJU,https://www.billboard-japan.com/charts/detail?a=hot100&year=2016&month=12&day=12
2016,hot100,2016-12-07,28,(RE)PLAY,三浦大知,https://www.billboard-japan.com/charts/detail?a=hot100&year=2016&month=12&day=12
2016,hot100,2016-12-07,29,スパークル,RADWIMPS,https://www.billboard-japan.com/charts/detail?a=hot100&year=2016&month=12&day=12
2016,hot100,2016-12-07,30,"Scribble,and Beyond",OLDCODEX,https://www.billboard-japan.com/charts/detail?a=hot100&year=2016&month=12&day=12
2016,hot100,2016-12-07,31,99,Superfly,https://www.billboard-japan.com/charts/detail?a=hot100&year=2016&month=12&day=12
2016,hot100,2016-12-07,32,SUMILE SMILE,内田彩,https://www.billboard-japan.com/charts/detail?a=hot100&year=2016&month=12&day=12
2016,hot100,2016-12-07,33,マシ・マシ,NICO Touches the Walls,https://www.billboard-japan.com/charts/detail?a=hot100&year=2016&month=12&day=12
2016,hot100,2016-12-07,34,Taking Off,ONE OK ROCK,https://www.billboard-japan.com/charts/detail?a=hot100&year=2016&month=12&day=12
2016,hot100,2016-12-07,35,Lasting Oneness,"聖川真斗(鈴村健一),皇綺羅(小野大輔)",https://www.billboard-japan.com/charts/detail?a=hot100&year=2016&month=12&day=12
2016,hot100,2016-12-07,36,believe believe feat.明辺悠五,JUJU,https://www.billboard-japan.com/charts/detail?a=hot100&year=2016&month=12&day=12
2016,hot100,2016-12-07,37,NOROSHI,関ジャニ∞[エイト],https://www.billboard-japan.com/charts/detail?a=hot100&year=2016&month=12&day=12
2016,hot100,2016-12-07,38,"OH,MY GiRL!?〜夏をあきらめて。冷やし中華終わりました。〜",SECRET GUYZ,https://www.billboard-japan.com/charts/detail?a=hot100&year=2016&month=12&day=12
2016,hot100,2016-12-07,39,オリオンの夜,小野大輔,https://www.billboard-japan.com/charts/detail?a=hot100&year=2016&month=12&day=12
2016,hot100,2016-12-07,40,My Boo,清水翔太,https://www.billboard-japan.com/charts/detail?a=hot100&year=2016&month=12&day=12
2016,hot100,2016-12-07,41,TT,TWICE,https://www.billboard-japan.com/charts/detail?a=hot100&year=2016&month=12&day=12
2016,hot100,2016-12-07,42,茜さす,Aimer(エメ),https://www.billboard-japan.com/charts/detail?a=hot100&year=2016&month=12&day=12
2016,hot100,2016-12-07,43,You Only Live Once,YURI!!! on ICE feat.w.hatano,https://www.billboard-japan.com/charts/detail?a=hot100&year=2016&month=12&day=12
2016,hot100,2016-12-07,44,明日はきっといい日になる,高橋優,https://www.billboard-japan.com/charts/detail?a=hot100&year=2016&month=12&day=12
2016,hot100,2016-12-07,45,RAGE OF DUST,SPYAIR,https://www.billboard-japan.com/charts/detail?a=hot100&year=2016&month=12&day=12
2016,hot100,2016-12-07,46,奏(かなで),スキマスイッチ,https://www.billboard-japan.com/charts/detail?a=hot100&year=2016&month=12&day=12
2016,hot100,2016-12-07,47,THE EDGE,THE BAWDIES,https://www.billboard-japan.com/charts/detail?a=hot100&year=2016&month=12&day=12
2016,hot100,2016-12-07,48,セクシーキャットの演説,モーニング娘。'16,https://www.billboard-japan.com/charts/detail?a=hot100&year=2016&month=12&day=12
2016,hot100,2016-12-07,49,one chance,ジャニーズWEST,https://www.billboard-japan.com/charts/detail?a=hot100&year=2016&month=12&day=12
2016,hot100,2016-12-07,50,オーセンティックインベンションとロマンティックパラノイド,MAPLEZ,https://www.billboard-japan.com/charts/detail?a=hot100&year=2016&month=12&day=12
2016,hot100,2016-12-07,51,それぞれの明日へ,家入レオ,https://www.billboard-japan.com/charts/detail?a=hot100&year=2016&month=12&day=12
2016,hot100,2016-12-07,52,ブレンデッド・ファミリー(ホワット・ユー・ドゥー・フォー・ラヴ) feat.エイサップ・ロッキー,アリシア・キーズ,https://www.billboard-japan.com/charts/detail?a=hot100&year=2016&month=12&day=12
2016,hot100,2016-12-07,53,光,RADWIMPS,https://www.billboard-japan.com/charts/detail?a=hot100&year=2016&month=12&day=12
2016,hot100,2016-12-07,54,クローサー feat.ホールジー,チェインスモーカーズ,https://www.billboard-japan.com/charts/detail?a=hot100&year=2016&month=12&day=12
2016,hot100,2016-12-07,55,世界には愛しかない,欅坂46,https://www.billboard-japan.com/charts/detail?a=hot100&year=2016&month=12&day=12
2016,hot100,2016-12-07,56,好きな人がいること,JY,https://www.billboard-japan.com/charts/detail?a=hot100&year=2016&month=12&day=12
2016,hot100,2016-12-07,57,運命のアイラブユー,chay,https://www.billboard-japan.com/charts/detail?a=hot100&year=2016&month=12&day=12
2016,hot100,2016-12-07,58,あいたい,林部智史,https://www.billboard-japan.com/charts/detail?a=hot100&year=2016&month=12&day=12
2016,hot100,2016-12-07,59,History Maker,DEAN FUJIOKA,https://www.billboard-japan.com/charts/detail?a=hot100&year=2016&month=12&day=12
2016,hot100,2016-12-07,60,Wherever you are,ONE OK ROCK,https://www.billboard-japan.com/charts/detail?a=hot100&year=2016&month=12&day=12
2016,hot100,2016-12-07,61,二文字目ミステイク,ピコ太郎,https://www.billboard-japan.com/charts/detail?a=hot100&year=2016&month=12&day=12
2016,hot100,2016-12-07,62,Hero,安室奈美恵,https://www.billboard-japan.com/charts/detail?a=hot100&year=2016&month=12&day=12
2016,hot100,2016-12-07,63,道,宇多田ヒカル,https://www.billboard-japan.com/charts/detail?a=hot100&year=2016&month=12&day=12
2016,hot100,2016-12-07,64,Coming Over,EXO,https://www.billboard-japan.com/charts/detail?a=hot100&year=2016&month=12&day=12
2016,hot100,2016-12-07,65,夢のありか,ナオト・インティライミ,https://www.billboard-japan.com/charts/detail?a=hot100&year=2016&month=12&day=12
2016,hot100,2016-12-07,66,ざらざら,花澤香菜,https://www.billboard-japan.com/charts/detail?a=hot100&year=2016&month=12&day=12
2016,hot100,2016-12-07,67,好きだから言えない,ももちひろこ,https://www.billboard-japan.com/charts/detail?a=hot100&year=2016&month=12&day=12
2016,hot100,2016-12-07,68,GOOD TO BE BAD,MR.MR,https://www.billboard-japan.com/charts/detail?a=hot100&year=2016&month=12&day=12
2016,hot100,2016-12-07,69,多分、風。,サカナクション,https://www.billboard-japan.com/charts/detail?a=hot100&year=2016&month=12&day=12
2016,hot100,2016-12-07,70,Heaven's Door〜陽のあたる場所〜,栞菜智世,https://www.billboard-japan.com/charts/detail?a=hot100&year=2016&month=12&day=12
2016,hot100,2016-12-07,71,恋人たちのクリスマス,マライア・キャリー,https://www.billboard-japan.com/charts/detail?a=hot100&year=2016&month=12&day=12
2016,hot100,2016-12-07,72,リライト,ASIAN KUNG-FU GENERATION,https://www.billboard-japan.com/charts/detail?a=hot100&year=2016&month=12&day=12
2016,hot100,2016-12-07,73,FANTASTIC BABY,BIGBANG,https://www.billboard-japan.com/charts/detail?a=hot100&year=2016&month=12&day=12
2016,hot100,2016-12-07,74,シャウト・アウト・トゥ・マイ・エックス〜完全ふっ切れ宣言〜,リトル・ミックス,https://www.billboard-japan.com/charts/detail?a=hot100&year=2016&month=12&day=12
2016,hot100,2016-12-07,75,12月の雨,chay,https://www.billboard-japan.com/charts/detail?a=hot100&year=2016&month=12&day=12
2016,hot100,2016-12-07,76,again,ClariS,https://www.billboard-japan.com/charts/detail?a=hot100&year=2016&month=12&day=12
2016,hot100,2016-12-07,77,帰還,西沢幸奏,https://www.billboard-japan.com/charts/detail?a=hot100&year=2016&month=12&day=12
2016,hot100,2016-12-07,78,LOSER,米津玄師,https://www.billboard-japan.com/charts/detail?a=hot100&year=2016&month=12&day=12
2016,hot100,2016-12-07,79,悪戯されて,桑田佳祐,https://www.billboard-japan.com/charts/detail?a=hot100&year=2016&month=12&day=12
2016,hot100,2016-12-07,80,D,LITE,https://www.billboard-japan.com/charts/detail?a=hot100&year=2016&month=12&day=12
2016,hot100,2016-12-07,81,LAST HERO,BLUE ENCOUNT,https://www.billboard-japan.com/charts/detail?a=hot100&year=2016&month=12&day=12
2016,hot100,2016-12-07,82,時よ,星野源,https://www.billboard-japan.com/charts/detail?a=hot100&year=2016&month=12&day=12
2016,hot100,2016-12-07,83,花束を君に,宇多田ヒカル,https://www.billboard-japan.com/charts/detail?a=hot100&year=2016&month=12&day=12
2016,hot100,2016-12-07,84,Fighter,安室奈美恵,https://www.billboard-japan.com/charts/detail?a=hot100&year=2016&month=12&day=12
2016,hot100,2016-12-07,85,×旋律-Schlehit Melodie-,BUD VIRGIN LOGIC,https://www.billboard-japan.com/charts/detail?a=hot100&year=2016&month=12&day=12
2016,hot100,2016-12-07,86,cloudy irony,Maison book girl,https://www.billboard-japan.com/charts/detail?a=hot100&year=2016&month=12&day=12
2016,hot100,2016-12-07,87,ドント・ワナ・ノウ feat.ケンドリック・ラマー,マルーン5,https://www.billboard-japan.com/charts/detail?a=hot100&year=2016&month=12&day=12
2016,hot100,2016-12-07,88,フキアレナサイ,B'z,https://www.billboard-japan.com/charts/detail?a=hot100&year=2016&month=12&day=12
2016,hot100,2016-12-07,89,アイ・キャント・ストップ・シンキング・アバウト・ユー,スティング,https://www.billboard-japan.com/charts/detail?a=hot100&year=2016&month=12&day=12
2016,hot100,2016-12-07,90,お気楽珍道中,"陸奥守吉行(濱健人),博多藤四郎(大須賀純),山伏国広(櫻井トオル),御手杵(浜田賢二)",https://www.billboard-japan.com/charts/detail?a=hot100&year=2016&month=12&day=12
2016,hot100,2016-12-07,91,ヒロイン,back number,https://www.billboard-japan.com/charts/detail?a=hot100&year=2016&month=12&day=12
2016,hot100,2016-12-07,92,少年の果て,GRANRODEO,https://www.billboard-japan.com/charts/detail?a=hot100&year=2016&month=12&day=12
2016,hot100,2016-12-07,93,Without You,夜の本気ダンス,https://www.billboard-japan.com/charts/detail?a=hot100&year=2016&month=12&day=12
2016,hot100,2016-12-07,94,BANG BANG BANG,BIGBANG,https://www.billboard-japan.com/charts/detail?a=hot100&year=2016&month=12&day=12
2016,hot100,2016-12-07,95,涙のない世界,AAA,https://www.billboard-japan.com/charts/detail?a=hot100&year=2016&month=12&day=12
2016,hot100,2016-12-07,96,キセキ,GReeeeN,https://www.billboard-japan.com/charts/detail?a=hot100&year=2016&month=12&day=12
2016,hot100,2016-12-07,97,クリスマス・イブ,山下達郎,https://www.billboard-japan.com/charts/detail?a=hot100&year=2016&month=12&day=12
2016,hot100,2016-12-07,98,五色のShooting☆Star!!!!!,流星隊,https://www.billboard-japan.com/charts/detail?a=hot100&year=2016&month=12&day=12
2016,hot100,2016-12-07,99,Hey Ho,SEKAI NO OWARI,https://www.billboard-japan.com/charts/detail?a=hot100&year=2016&month=12&day=12
2016,hot100,2016-12-07,100,トリセツ,西野カナ,https://www.billboard-japan.com/charts/detail?a=hot100&year=2016&month=12&day=12
2016,hot100,2016-12-14,1,恋,星野源,https://www.billboard-japan.com/charts/detail?a=hot100&year=2016&month=12&day=19
2016,hot100,2016-12-14,2,NOROSHI,関ジャニ∞[エイト],https://www.billboard-japan.com/charts/detail?a=hot100&year=2016&month=12&day=19
2016,hot100,2016-12-14,3,Coming Over,EXO,https://www.billboard-japan.com/charts/detail?a=hot100&year=2016&month=12&day=19
2016,hot100,2016-12-14,4,二人セゾン,欅坂46,https://www.billboard-japan.com/charts/detail?a=hot100&year=2016&month=12&day=19
2016,hot100,2016-12-14,5,PPAP(ペンパイナッポーアッポーペン),ピコ太郎,https://www.billboard-japan.com/charts/detail?a=hot100&year=2016&month=12&day=19
2016,hot100,2016-12-14,6,世界に一つだけの花,SMAP,https://www.billboard-japan.com/charts/detail?a=hot100&year=2016&month=12&day=19
2016,hot100,2016-12-14,7,You Can't Hurry Love,Hi-STANDARD,https://www.billboard-japan.com/charts/detail?a=hot100&year=2016&month=12&day=19
2016,hot100,2016-12-14,8,前前前世,RADWIMPS,https://www.billboard-japan.com/charts/detail?a=hot100&year=2016&month=12&day=19
2016,hot100,2016-12-14,9,ハッピーエンド,back number,https://www.billboard-japan.com/charts/detail?a=hot100&year=2016&month=12&day=19
2016,hot100,2016-12-14,10,なんでもないや,RADWIMPS,https://www.billboard-japan.com/charts/detail?a=hot100&year=2016&month=12&day=19
2016,hot100,2016-12-14,11,サヨナラの意味,乃木坂46,https://www.billboard-japan.com/charts/detail?a=hot100&year=2016&month=12&day=19
2016,hot100,2016-12-14,12,FLY HIGH,B.A.P,https://www.billboard-japan.com/charts/detail?a=hot100&year=2016&month=12&day=19
2016,hot100,2016-12-14,13,Dear Bride,西野カナ,https://www.billboard-japan.com/charts/detail?a=hot100&year=2016&month=12&day=19
2016,hot100,2016-12-14,14,君への手紙,桑田佳祐,https://www.billboard-japan.com/charts/detail?a=hot100&year=2016&month=12&day=19
2016,hot100,2016-12-14,15,Welcome to TOKYO,三代目 J Soul Brothers from EXILE TRIBE,https://www.billboard-japan.com/charts/detail?a=hot100&year=2016&month=12&day=19
2016,hot100,2016-12-14,16,にっかり妖かし数え唄,にっかり青江(間島淳司)と幽霊退治戦隊,https://www.billboard-japan.com/charts/detail?a=hot100&year=2016&month=12&day=19
2016,hot100,2016-12-14,17,reunion,back numberと秦基博と小林武史,https://www.billboard-japan.com/charts/detail?a=hot100&year=2016&month=12&day=19
2016,hot100,2016-12-14,18,夢のありか,ナオト・インティライミ,https://www.billboard-japan.com/charts/detail?a=hot100&year=2016&month=12&day=19
2016,hot100,2016-12-14,19,STAY TUNE,Suchmos,https://www.billboard-japan.com/charts/detail?a=hot100&year=2016&month=12&day=19
2016,hot100,2016-12-14,20,サマカニ!!,"川島瑞樹(東山奈央),日野茜(赤崎千夏),堀裕子(鈴木絵理),上田鈴帆(春野ななみ),難波笑美(伊達朱里紗)",https://www.billboard-japan.com/charts/detail?a=hot100&year=2016&month=12&day=19
2016,hot100,2016-12-14,21,大嫌いなはずだった。,HoneyWorks meets さゆりんご軍団 + 真夏さんリスペクト軍団 from 乃木坂46,https://www.billboard-japan.com/charts/detail?a=hot100&year=2016&month=12&day=19
2016,hot100,2016-12-14,22,フラレガイガール,さユり,https://www.billboard-japan.com/charts/detail?a=hot100&year=2016&month=12&day=19
2016,hot100,2016-12-14,23,砂の塔,THE YELLOW MONKEY,https://www.billboard-japan.com/charts/detail?a=hot100&year=2016&month=12&day=19
2016,hot100,2016-12-14,24,#ハッシュタグ,#ハッシュタグ,https://www.billboard-japan.com/charts/detail?a=hot100&year=2016&month=12&day=19
2016,hot100,2016-12-14,25,SUN,星野源,https://www.billboard-japan.com/charts/detail?a=hot100&year=2016&month=12&day=19
2016,hot100,2016-12-14,26,ハイテンション,AKB48,https://www.billboard-japan.com/charts/detail?a=hot100&year=2016&month=12&day=19
2016,hot100,2016-12-14,27,サイレントマジョリティー,欅坂46,https://www.billboard-japan.com/charts/detail?a=hot100&year=2016&month=12&day=19
2016,hot100,2016-12-14,28,24K・マジック,ブルーノ・マーズ,https://www.billboard-japan.com/charts/detail?a=hot100&year=2016&month=12&day=19
2016,hot100,2016-12-14,29,あいたい,林部智史,https://www.billboard-japan.com/charts/detail?a=hot100&year=2016&month=12&day=19
2016,hot100,2016-12-14,30,クリスマスソング,back number,https://www.billboard-japan.com/charts/detail?a=hot100&year=2016&month=12&day=19
2016,hot100,2016-12-14,31,潮風,岡崎体育,https://www.billboard-japan.com/charts/detail?a=hot100&year=2016&month=12&day=19
2016,hot100,2016-12-14,32,Go! Go! Let's Go!,E-girls,https://www.billboard-japan.com/charts/detail?a=hot100&year=2016&month=12&day=19
2016,hot100,2016-12-14,33,Heartbreaker,FlowBack,https://www.billboard-japan.com/charts/detail?a=hot100&year=2016&month=12&day=19
2016,hot100,2016-12-14,34,PIERROT,GENERATIONS from EXILE TRIBE,https://www.billboard-japan.com/charts/detail?a=hot100&year=2016&month=12&day=19
2016,hot100,2016-12-14,35,モノクロ,Flower,https://www.billboard-japan.com/charts/detail?a=hot100&year=2016&month=12&day=19
2016,hot100,2016-12-14,36,Update A Day,Trignal,https://www.billboard-japan.com/charts/detail?a=hot100&year=2016&month=12&day=19
2016,hot100,2016-12-14,37,TT,TWICE,https://www.billboard-japan.com/charts/detail?a=hot100&year=2016&month=12&day=19
2016,hot100,2016-12-14,38,NEXT DOOR,"一十木音也(寺島拓篤),鳳瑛一(緑川光)",https://www.billboard-japan.com/charts/detail?a=hot100&year=2016&month=12&day=19
2016,hot100,2016-12-14,39,Dear Diary,安室奈美恵,https://www.billboard-japan.com/charts/detail?a=hot100&year=2016&month=12&day=19
2016,hot100,2016-12-14,40,99,Superfly,https://www.billboard-japan.com/charts/detail?a=hot100&year=2016&month=12&day=19
2016,hot100,2016-12-14,41,Without You,夜の本気ダンス,https://www.billboard-japan.com/charts/detail?a=hot100&year=2016&month=12&day=19
2016,hot100,2016-12-14,42,なんでもないや,上白石萌音,https://www.billboard-japan.com/charts/detail?a=hot100&year=2016&month=12&day=19
2016,hot100,2016-12-14,43,スパークル,RADWIMPS,https://www.billboard-japan.com/charts/detail?a=hot100&year=2016&month=12&day=19
2016,hot100,2016-12-14,44,The end of escape,fripSide × angela,https://www.billboard-japan.com/charts/detail?a=hot100&year=2016&month=12&day=19
2016,hot100,2016-12-14,45,暁の君に,GReeeeN,https://www.billboard-japan.com/charts/detail?a=hot100&year=2016&month=12&day=19
2016,hot100,2016-12-14,46,走り始めたばかりのキミに,Poppin'Party,https://www.billboard-japan.com/charts/detail?a=hot100&year=2016&month=12&day=19
2016,hot100,2016-12-14,47,クローサー feat.ホールジー,チェインスモーカーズ,https://www.billboard-japan.com/charts/detail?a=hot100&year=2016&month=12&day=19
2016,hot100,2016-12-14,48,believe believe,JUJU,https://www.billboard-japan.com/charts/detail?a=hot100&year=2016&month=12&day=19
2016,hot100,2016-12-14,49,ありがとうの時間,久保ユリカ,https://www.billboard-japan.com/charts/detail?a=hot100&year=2016&month=12&day=19
2016,hot100,2016-12-14,50,Hey Now,MAN WITH A MISSION,https://www.billboard-japan.com/charts/detail?a=hot100&year=2016&month=12&day=19
2016,hot100,2016-12-14,51,カラフル,Flower,https://www.billboard-japan.com/charts/detail?a=hot100&year=2016&month=12&day=19
2016,hot100,2016-12-14,52,3月9日,レミオロメン,https://www.billboard-japan.com/charts/detail?a=hot100&year=2016&month=12&day=19
2016,hot100,2016-12-14,53,恋人たちのクリスマス,マライア・キャリー,https://www.billboard-japan.com/charts/detail?a=hot100&year=2016&month=12&day=19
2016,hot100,2016-12-14,54,History Maker,DEAN FUJIOKA,https://www.billboard-japan.com/charts/detail?a=hot100&year=2016&month=12&day=19
2016,hot100,2016-12-14,55,My Boo,清水翔太,https://www.billboard-japan.com/charts/detail?a=hot100&year=2016&month=12&day=19
2016,hot100,2016-12-14,56,好きな人がいること,JY,https://www.billboard-japan.com/charts/detail?a=hot100&year=2016&month=12&day=19
2016,hot100,2016-12-14,57,最高なしあわせ,加藤ミリヤ,https://www.billboard-japan.com/charts/detail?a=hot100&year=2016&month=12&day=19
2016,hot100,2016-12-14,58,街の報せ,cero,https://www.billboard-japan.com/charts/detail?a=hot100&year=2016&month=12&day=19
2016,hot100,2016-12-14,59,道,宇多田ヒカル,https://www.billboard-japan.com/charts/detail?a=hot100&year=2016&month=12&day=19
2016,hot100,2016-12-14,60,ありがとう,SMAP,https://www.billboard-japan.com/charts/detail?a=hot100&year=2016&month=12&day=19
2016,hot100,2016-12-14,61,キセキ,GReeeeN,https://www.billboard-japan.com/charts/detail?a=hot100&year=2016&month=12&day=19
2016,hot100,2016-12-14,62,恋をしていたこと,JY,https://www.billboard-japan.com/charts/detail?a=hot100&year=2016&month=12&day=19
2016,hot100,2016-12-14,63,RAGE OF DUST,SPYAIR,https://www.billboard-japan.com/charts/detail?a=hot100&year=2016&month=12&day=19
2016,hot100,2016-12-14,64,Hero,安室奈美恵,https://www.billboard-japan.com/charts/detail?a=hot100&year=2016&month=12&day=19
2016,hot100,2016-12-14,65,Heaven's Door〜陽のあたる場所〜,栞菜智世,https://www.billboard-japan.com/charts/detail?a=hot100&year=2016&month=12&day=19
2016,hot100,2016-12-14,66,茜さす,Aimer(エメ),https://www.billboard-japan.com/charts/detail?a=hot100&year=2016&month=12&day=19
2016,hot100,2016-12-14,67,KNOCKIN' ON YOUR DOOR,L⇔R,https://www.billboard-japan.com/charts/detail?a=hot100&year=2016&month=12&day=19
2016,hot100,2016-12-14,68,花束を君に,宇多田ヒカル,https://www.billboard-japan.com/charts/detail?a=hot100&year=2016&month=12&day=19
2016,hot100,2016-12-14,69,Taking Off,ONE OK ROCK,https://www.billboard-japan.com/charts/detail?a=hot100&year=2016&month=12&day=19
2016,hot100,2016-12-14,70,魔法,塩ノ谷早耶香,https://www.billboard-japan.com/charts/detail?a=hot100&year=2016&month=12&day=19
2016,hot100,2016-12-14,71,Wherever you are,ONE OK ROCK,https://www.billboard-japan.com/charts/detail?a=hot100&year=2016&month=12&day=19
2016,hot100,2016-12-14,72,365日の紙飛行機,AKB48,https://www.billboard-japan.com/charts/detail?a=hot100&year=2016&month=12&day=19
2016,hot100,2016-12-14,73,TRUE LOVE,篠崎愛,https://www.billboard-japan.com/charts/detail?a=hot100&year=2016&month=12&day=19
2016,hot100,2016-12-14,74,多分、風。,サカナクション,https://www.billboard-japan.com/charts/detail?a=hot100&year=2016&month=12&day=19
2016,hot100,2016-12-14,75,クリスマス・イブ,山下達郎,https://www.billboard-japan.com/charts/detail?a=hot100&year=2016&month=12&day=19
2016,hot100,2016-12-14,76,トリセツ,西野カナ,https://www.billboard-japan.com/charts/detail?a=hot100&year=2016&month=12&day=19
2016,hot100,2016-12-14,77,12月の雨,chay,https://www.billboard-japan.com/charts/detail?a=hot100&year=2016&month=12&day=19
2016,hot100,2016-12-14,78,世界には愛しかない,欅坂46,https://www.billboard-japan.com/charts/detail?a=hot100&year=2016&month=12&day=19
2016,hot100,2016-12-14,79,光,RADWIMPS,https://www.billboard-japan.com/charts/detail?a=hot100&year=2016&month=12&day=19
2016,hot100,2016-12-14,80,BANG BANG BANG,BIGBANG,https://www.billboard-japan.com/charts/detail?a=hot100&year=2016&month=12&day=19
2016,hot100,2016-12-14,81,フェイク,JY,https://www.billboard-japan.com/charts/detail?a=hot100&year=2016&month=12&day=19
2016,hot100,2016-12-14,82,エール,井上苑子,https://www.billboard-japan.com/charts/detail?a=hot100&year=2016&month=12&day=19
2016,hot100,2016-12-14,83,ラスト・クリスマス,ワム!,https://www.billboard-japan.com/charts/detail?a=hot100&year=2016&month=12&day=19
2016,hot100,2016-12-14,84,bye bye,lol,https://www.billboard-japan.com/charts/detail?a=hot100&year=2016&month=12&day=19
2016,hot100,2016-12-14,85,LOSER,米津玄師,https://www.billboard-japan.com/charts/detail?a=hot100&year=2016&month=12&day=19
2016,hot100,2016-12-14,86,サネカズラ,HOWL BE QUIET,https://www.billboard-japan.com/charts/detail?a=hot100&year=2016&month=12&day=19
2016,hot100,2016-12-14,87,(RE)PLAY,三浦大知,https://www.billboard-japan.com/charts/detail?a=hot100&year=2016&month=12&day=19
2016,hot100,2016-12-14,88,ザ・クリスマス・シング・アロング,ペンタトニックス,https://www.billboard-japan.com/charts/detail?a=hot100&year=2016&month=12&day=19
2016,hot100,2016-12-14,89,A.I. am Human,MONKEY MAJIK,https://www.billboard-japan.com/charts/detail?a=hot100&year=2016&month=12&day=19
2016,hot100,2016-12-14,90,You Only Live Once,YURI!!! on ICE feat.w.hatano,https://www.billboard-japan.com/charts/detail?a=hot100&year=2016&month=12&day=19
2016,hot100,2016-12-14,91,みんながみんな英雄,AI,https://www.billboard-japan.com/charts/detail?a=hot100&year=2016&month=12&day=19
2016,hot100,2016-12-14,92,Precious Love,ブレイク☆スルー,https://www.billboard-japan.com/charts/detail?a=hot100&year=2016&month=12&day=19
2016,hot100,2016-12-14,93,明日はきっといい日になる,高橋優,https://www.billboard-japan.com/charts/detail?a=hot100&year=2016&month=12&day=19
2016,hot100,2016-12-14,94,白い恋人達,桑田佳祐,https://www.billboard-japan.com/charts/detail?a=hot100&year=2016&month=12&day=19
2016,hot100,2016-12-14,95,FANTASTIC BABY,BIGBANG,https://www.billboard-japan.com/charts/detail?a=hot100&year=2016&month=12&day=19
2016,hot100,2016-12-14,96,スターボーイ feat.ダフト・パンク,ウィークエンド,https://www.billboard-japan.com/charts/detail?a=hot100&year=2016&month=12&day=19
2016,hot100,2016-12-14,97,僕以外の誰か,NMB48,https://www.billboard-japan.com/charts/detail?a=hot100&year=2016&month=12&day=19
2016,hot100,2016-12-14,98,愛!wanna be with you...,TOKIO,https://www.billboard-japan.com/charts/detail?a=hot100&year=2016&month=12&day=19
2016,hot100,2016-12-14,99,ひまわりの約束,秦基博,https://www.billboard-japan.com/charts/detail?a=hot100&year=2016&month=12&day=19
2016,hot100,2016-12-14,100,時よ,星野源,https://www.billboard-japan.com/charts/detail?a=hot100&year=2016&month=12&day=19
2016,hot100,2016-12-21,1,恋,星野源,https://www.billboard-japan.com/charts/detail?a=hot100&year=2016&month=12&day=26
2016,hot100,2016-12-21,2,Give Me Love,Hey!Say!JUMP,https://www.billboard-japan.com/charts/detail?a=hot100&year=2016&month=12&day=26
2016,hot100,2016-12-21,3,PPAP(ペンパイナッポーアッポーペン),ピコ太郎,https://www.billboard-japan.com/charts/detail?a=hot100&year=2016&month=12&day=26
2016,hot100,2016-12-21,4,ハッピーエンド,back number,https://www.billboard-japan.com/charts/detail?a=hot100&year=2016&month=12&day=26
2016,hot100,2016-12-21,5,前前前世,RADWIMPS,https://www.billboard-japan.com/charts/detail?a=hot100&year=2016&month=12&day=26
2016,hot100,2016-12-21,6,二人セゾン,欅坂46,https://www.billboard-japan.com/charts/detail?a=hot100&year=2016&month=12&day=26
2016,hot100,2016-12-21,7,FXXK IT,BIGBANG,https://www.billboard-japan.com/charts/detail?a=hot100&year=2016&month=12&day=26
2016,hot100,2016-12-21,8,NOROSHI,関ジャニ∞[エイト],https://www.billboard-japan.com/charts/detail?a=hot100&year=2016&month=12&day=26
2016,hot100,2016-12-21,9,LAST DANCE,BIGBANG,https://www.billboard-japan.com/charts/detail?a=hot100&year=2016&month=12&day=26
2016,hot100,2016-12-21,10,サヨナラの意味,乃木坂46,https://www.billboard-japan.com/charts/detail?a=hot100&year=2016&month=12&day=26
2016,hot100,2016-12-21,11,bye bye,lol,https://www.billboard-japan.com/charts/detail?a=hot100&year=2016&month=12&day=26
2016,hot100,2016-12-21,12,世界に一つだけの花,SMAP,https://www.billboard-japan.com/charts/detail?a=hot100&year=2016&month=12&day=26
2016,hot100,2016-12-21,13,クリスマスソング,back number,https://www.billboard-japan.com/charts/detail?a=hot100&year=2016&month=12&day=26
2016,hot100,2016-12-21,14,センパイ。,HoneyWorks meets TrySail,https://www.billboard-japan.com/charts/detail?a=hot100&year=2016&month=12&day=26
2016,hot100,2016-12-21,15,抱きしめたい,チャン・グンソク,https://www.billboard-japan.com/charts/detail?a=hot100&year=2016&month=12&day=26
2016,hot100,2016-12-21,16,SUN,星野源,https://www.billboard-japan.com/charts/detail?a=hot100&year=2016&month=12&day=26
2016,hot100,2016-12-21,17,ありがとう,SMAP,https://www.billboard-japan.com/charts/detail?a=hot100&year=2016&month=12&day=26
2016,hot100,2016-12-21,18,砂の塔,THE YELLOW MONKEY,https://www.billboard-japan.com/charts/detail?a=hot100&year=2016&month=12&day=26
2016,hot100,2016-12-21,19,You Can't Hurry Love,Hi-STANDARD,https://www.billboard-japan.com/charts/detail?a=hot100&year=2016&month=12&day=26
2016,hot100,2016-12-21,20,Welcome to TOKYO,三代目 J Soul Brothers from EXILE TRIBE,https://www.billboard-japan.com/charts/detail?a=hot100&year=2016&month=12&day=26
2016,hot100,2016-12-21,21,Dear Bride,西野カナ,https://www.billboard-japan.com/charts/detail?a=hot100&year=2016&month=12&day=26
2016,hot100,2016-12-21,22,GIRLFRIEND,BIGBANG,https://www.billboard-japan.com/charts/detail?a=hot100&year=2016&month=12&day=26
2016,hot100,2016-12-21,23,なんでもないや,RADWIMPS,https://www.billboard-japan.com/charts/detail?a=hot100&year=2016&month=12&day=26
2016,hot100,2016-12-21,24,STAY TUNE,Suchmos,https://www.billboard-japan.com/charts/detail?a=hot100&year=2016&month=12&day=26
2016,hot100,2016-12-21,25,君への手紙,桑田佳祐,https://www.billboard-japan.com/charts/detail?a=hot100&year=2016&month=12&day=26
2016,hot100,2016-12-21,26,I was King,ONE OK ROCK,https://www.billboard-japan.com/charts/detail?a=hot100&year=2016&month=12&day=26
2016,hot100,2016-12-21,27,恋人たちのクリスマス,マライア・キャリー,https://www.billboard-japan.com/charts/detail?a=hot100&year=2016&month=12&day=26
2016,hot100,2016-12-21,28,サイレントマジョリティー,欅坂46,https://www.billboard-japan.com/charts/detail?a=hot100&year=2016&month=12&day=26
2016,hot100,2016-12-21,29,TO MY DEAREST,Re:vale,https://www.billboard-japan.com/charts/detail?a=hot100&year=2016&month=12&day=26
2016,hot100,2016-12-21,30,24K・マジック,ブルーノ・マーズ,https://www.billboard-japan.com/charts/detail?a=hot100&year=2016&month=12&day=26
2016,hot100,2016-12-21,31,PIERROT,GENERATIONS from EXILE TRIBE,https://www.billboard-japan.com/charts/detail?a=hot100&year=2016&month=12&day=26
2016,hot100,2016-12-21,32,夢のありか,ナオト・インティライミ,https://www.billboard-japan.com/charts/detail?a=hot100&year=2016&month=12&day=26
2016,hot100,2016-12-21,33,Coming Over,EXO,https://www.billboard-japan.com/charts/detail?a=hot100&year=2016&month=12&day=26
2016,hot100,2016-12-21,34,クリスマス・イブ,山下達郎,https://www.billboard-japan.com/charts/detail?a=hot100&year=2016&month=12&day=26
2016,hot100,2016-12-21,35,メリクリ,BoA,https://www.billboard-japan.com/charts/detail?a=hot100&year=2016&month=12&day=26
2016,hot100,2016-12-21,36,99,Superfly,https://www.billboard-japan.com/charts/detail?a=hot100&year=2016&month=12&day=26
2016,hot100,2016-12-21,37,モノクロ,Flower,https://www.billboard-japan.com/charts/detail?a=hot100&year=2016&month=12&day=26
2016,hot100,2016-12-21,38,ハイテンション,AKB48,https://www.billboard-japan.com/charts/detail?a=hot100&year=2016&month=12&day=26
2016,hot100,2016-12-21,39,reunion,back numberと秦基博と小林武史,https://www.billboard-japan.com/charts/detail?a=hot100&year=2016&month=12&day=26
2016,hot100,2016-12-21,40,クローサー feat.ホールジー,チェインスモーカーズ,https://www.billboard-japan.com/charts/detail?a=hot100&year=2016&month=12&day=26
2016,hot100,2016-12-21,41,ラスト・クリスマス,ワム!,https://www.billboard-japan.com/charts/detail?a=hot100&year=2016&month=12&day=26
2016,hot100,2016-12-21,42,大嫌いなはずだった。,HoneyWorks meets さゆりんご軍団 + 真夏さんリスペクト軍団 from 乃木坂46,https://www.billboard-japan.com/charts/detail?a=hot100&year=2016&month=12&day=26
2016,hot100,2016-12-21,43,やさしい気持ち,Chara,https://www.billboard-japan.com/charts/detail?a=hot100&year=2016&month=12&day=26
2016,hot100,2016-12-21,44,DiVE!!,天月-あまつき-,https://www.billboard-japan.com/charts/detail?a=hot100&year=2016&month=12&day=26
2016,hot100,2016-12-21,45,Double Down,SKY-HI,https://www.billboard-japan.com/charts/detail?a=hot100&year=2016&month=12&day=26
2016,hot100,2016-12-21,46,虹とトキメキのFes,アイドルカレッジ,https://www.billboard-japan.com/charts/detail?a=hot100&year=2016&month=12&day=26
2016,hot100,2016-12-21,47,Go! Go! Let's Go!,E-girls,https://www.billboard-japan.com/charts/detail?a=hot100&year=2016&month=12&day=26
2016,hot100,2016-12-21,48,トリセツ,西野カナ,https://www.billboard-japan.com/charts/detail?a=hot100&year=2016&month=12&day=26
2016,hot100,2016-12-21,49,なんでもないや,上白石萌音,https://www.billboard-japan.com/charts/detail?a=hot100&year=2016&month=12&day=26
2016,hot100,2016-12-21,50,Hero,安室奈美恵,https://www.billboard-japan.com/charts/detail?a=hot100&year=2016&month=12&day=26
2016,hot100,2016-12-21,51,くせのうた,星野源,https://www.billboard-japan.com/charts/detail?a=hot100&year=2016&month=12&day=26
2016,hot100,2016-12-21,52,フラレガイガール,さユり,https://www.billboard-japan.com/charts/detail?a=hot100&year=2016&month=12&day=26
2016,hot100,2016-12-21,53,サネカズラ,HOWL BE QUIET,https://www.billboard-japan.com/charts/detail?a=hot100&year=2016&month=12&day=26
2016,hot100,2016-12-21,54,スパークル,RADWIMPS,https://www.billboard-japan.com/charts/detail?a=hot100&year=2016&month=12&day=26
2016,hot100,2016-12-21,55,道,宇多田ヒカル,https://www.billboard-japan.com/charts/detail?a=hot100&year=2016&month=12&day=26
2016,hot100,2016-12-21,56,ワタリドリ,[Alexandros],https://www.billboard-japan.com/charts/detail?a=hot100&year=2016&month=12&day=26
2016,hot100,2016-12-21,57,白い恋人達,桑田佳祐,https://www.billboard-japan.com/charts/detail?a=hot100&year=2016&month=12&day=26
2016,hot100,2016-12-21,58,あいたい,林部智史,https://www.billboard-japan.com/charts/detail?a=hot100&year=2016&month=12&day=26
2016,hot100,2016-12-21,59,My Boo,清水翔太,https://www.billboard-japan.com/charts/detail?a=hot100&year=2016&month=12&day=26
2016,hot100,2016-12-21,60,Dear Diary,安室奈美恵,https://www.billboard-japan.com/charts/detail?a=hot100&year=2016&month=12&day=26
2016,hot100,2016-12-21,61,好きな人がいること,JY,https://www.billboard-japan.com/charts/detail?a=hot100&year=2016&month=12&day=26
2016,hot100,2016-12-21,62,日々,吉田山田,https://www.billboard-japan.com/charts/detail?a=hot100&year=2016&month=12&day=26
2016,hot100,2016-12-21,63,明日はきっといい日になる,高橋優,https://www.billboard-japan.com/charts/detail?a=hot100&year=2016&month=12&day=26
2016,hot100,2016-12-21,64,History Maker,DEAN FUJIOKA,https://www.billboard-japan.com/charts/detail?a=hot100&year=2016&month=12&day=26
2016,hot100,2016-12-21,65,believe believe,JUJU,https://www.billboard-japan.com/charts/detail?a=hot100&year=2016&month=12&day=26
2016,hot100,2016-12-21,66,花束,back number,https://www.billboard-japan.com/charts/detail?a=hot100&year=2016&month=12&day=26
2016,hot100,2016-12-21,67,Bang Bang No.1,妄想キャリブレーション,https://www.billboard-japan.com/charts/detail?a=hot100&year=2016&month=12&day=26
2016,hot100,2016-12-21,68,Without You,夜の本気ダンス,https://www.billboard-japan.com/charts/detail?a=hot100&year=2016&month=12&day=26
2016,hot100,2016-12-21,69,Wherever you are,ONE OK ROCK,https://www.billboard-japan.com/charts/detail?a=hot100&year=2016&month=12&day=26
2016,hot100,2016-12-21,70,未来のPiece,ツキクラ,https://www.billboard-japan.com/charts/detail?a=hot100&year=2016&month=12&day=26
2016,hot100,2016-12-21,71,ロマンスの神様,広瀬香美,https://www.billboard-japan.com/charts/detail?a=hot100&year=2016&month=12&day=26
2016,hot100,2016-12-21,72,RAGE OF DUST,SPYAIR,https://www.billboard-japan.com/charts/detail?a=hot100&year=2016&month=12&day=26
2016,hot100,2016-12-21,73,キズナ,X4,https://www.billboard-japan.com/charts/detail?a=hot100&year=2016&month=12&day=26
2016,hot100,2016-12-21,74,BANG BANG BANG,BIGBANG,https://www.billboard-japan.com/charts/detail?a=hot100&year=2016&month=12&day=26
2016,hot100,2016-12-21,75,茜さす,Aimer(エメ),https://www.billboard-japan.com/charts/detail?a=hot100&year=2016&month=12&day=26
2016,hot100,2016-12-21,76,暁の君に,GReeeeN,https://www.billboard-japan.com/charts/detail?a=hot100&year=2016&month=12&day=26
2016,hot100,2016-12-21,77,キセキ,GReeeeN,https://www.billboard-japan.com/charts/detail?a=hot100&year=2016&month=12&day=26
2016,hot100,2016-12-21,78,ヒロイン,back number,https://www.billboard-japan.com/charts/detail?a=hot100&year=2016&month=12&day=26
2016,hot100,2016-12-21,79,Winter Wonderland,SHINee,https://www.billboard-japan.com/charts/detail?a=hot100&year=2016&month=12&day=26
2016,hot100,2016-12-21,80,Update A Day,Trignal,https://www.billboard-japan.com/charts/detail?a=hot100&year=2016&month=12&day=26
2016,hot100,2016-12-21,81,TT,TWICE,https://www.billboard-japan.com/charts/detail?a=hot100&year=2016&month=12&day=26
2016,hot100,2016-12-21,82,潮風,岡崎体育,https://www.billboard-japan.com/charts/detail?a=hot100&year=2016&month=12&day=26
2016,hot100,2016-12-21,83,Taking Off,ONE OK ROCK,https://www.billboard-japan.com/charts/detail?a=hot100&year=2016&month=12&day=26
2016,hot100,2016-12-21,84,ハピネス,AI,https://www.billboard-japan.com/charts/detail?a=hot100&year=2016&month=12&day=26
2016,hot100,2016-12-21,85,多分、風。,サカナクション,https://www.billboard-japan.com/charts/detail?a=hot100&year=2016&month=12&day=26
2016,hot100,2016-12-21,86,花束を君に,宇多田ヒカル,https://www.billboard-japan.com/charts/detail?a=hot100&year=2016&month=12&day=26
2016,hot100,2016-12-21,87,僕以外の誰か,NMB48,https://www.billboard-japan.com/charts/detail?a=hot100&year=2016&month=12&day=26
2016,hot100,2016-12-21,88,All Day Long Lady,E-girls,https://www.billboard-japan.com/charts/detail?a=hot100&year=2016&month=12&day=26
2016,hot100,2016-12-21,89,友へ,清木場俊介,https://www.billboard-japan.com/charts/detail?a=hot100&year=2016&month=12&day=26
2016,hot100,2016-12-21,90,スターボーイ feat.ダフト・パンク,ウィークエンド,https://www.billboard-japan.com/charts/detail?a=hot100&year=2016&month=12&day=26
2016,hot100,2016-12-21,91,新宝島,サカナクション,https://www.billboard-japan.com/charts/detail?a=hot100&year=2016&month=12&day=26
2016,hot100,2016-12-21,92,ジャスト・ホールド・オン,スティーヴ・アオキ & ルイ・トムリンソン,https://www.billboard-japan.com/charts/detail?a=hot100&year=2016&month=12&day=26
2016,hot100,2016-12-21,93,FANTASTIC BABY,BIGBANG,https://www.billboard-japan.com/charts/detail?a=hot100&year=2016&month=12&day=26
2016,hot100,2016-12-21,94,ひまわりの約束,秦基博,https://www.billboard-japan.com/charts/detail?a=hot100&year=2016&month=12&day=26
2016,hot100,2016-12-21,95,世界には愛しかない,欅坂46,https://www.billboard-japan.com/charts/detail?a=hot100&year=2016&month=12&day=26
2016,hot100,2016-12-21,96,ドント・ワナ・ノウ feat.ケンドリック・ラマー,マルーン5,https://www.billboard-japan.com/charts/detail?a=hot100&year=2016&month=12&day=26
2016,hot100,2016-12-21,97,にっかり妖かし数え唄,にっかり青江(間島淳司)と幽霊退治戦隊,https://www.billboard-japan.com/charts/detail?a=hot100&year=2016&month=12&day=26
2016,hot100,2016-12-21,98,時よ,星野源,https://www.billboard-japan.com/charts/detail?a=hot100&year=2016&month=12&day=26
2016,hot100,2016-12-21,99,ソーリー,ジャスティン・ビーバー,https://www.billboard-japan.com/charts/detail?a=hot100&year=2016&month=12&day=26
2016,hot100,2016-12-21,100,海の声,浦島太郎(桐谷健太),https://www.billboard-japan.com/charts/detail?a=hot100&year=2016&month=12&day=26
2016,hot100,2016-12-28,1,恋,星野源,https://www.billboard-japan.com/charts/detail?a=hot100&year=2017&month=01&day=02
2016,hot100,2016-12-28,2,God's S.T.A.R.,QUARTET NIGHT,https://www.billboard-japan.com/charts/detail?a=hot100&year=2017&month=01&day=02
2016,hot100,2016-12-28,3,Winter Wonderland,SHINee,https://www.billboard-japan.com/charts/detail?a=hot100&year=2017&month=01&day=02
2016,hot100,2016-12-28,4,Don't be Afraid,L'Arc〜en〜Ciel,https://www.billboard-japan.com/charts/detail?a=hot100&year=2017&month=01&day=02
2016,hot100,2016-12-28,5,PPAP(ペンパイナッポーアッポーペン),ピコ太郎,https://www.billboard-japan.com/charts/detail?a=hot100&year=2017&month=01&day=02
2016,hot100,2016-12-28,6,ドドンコ Don't worry,BOYS AND MEN 研究生,https://www.billboard-japan.com/charts/detail?a=hot100&year=2017&month=01&day=02
2016,hot100,2016-12-28,7,アンサー,BUMP OF CHICKEN,https://www.billboard-japan.com/charts/detail?a=hot100&year=2017&month=01&day=02
2016,hot100,2016-12-28,8,前前前世,RADWIMPS,https://www.billboard-japan.com/charts/detail?a=hot100&year=2017&month=01&day=02
2016,hot100,2016-12-28,9,恋☆煌メケーション!!!,SUPER☆GiRLS,https://www.billboard-japan.com/charts/detail?a=hot100&year=2017&month=01&day=02
2016,hot100,2016-12-28,10,クリスマスソング,back number,https://www.billboard-japan.com/charts/detail?a=hot100&year=2017&month=01&day=02
2016,hot100,2016-12-28,11,ハッピーエンド,back number,https://www.billboard-japan.com/charts/detail?a=hot100&year=2017&month=01&day=02
2016,hot100,2016-12-28,12,無敵*デンジャラス,B-PROJECT,https://www.billboard-japan.com/charts/detail?a=hot100&year=2017&month=01&day=02
2016,hot100,2016-12-28,13,Give Me Love,Hey!Say!JUMP,https://www.billboard-japan.com/charts/detail?a=hot100&year=2017&month=01&day=02
2016,hot100,2016-12-28,14,二人セゾン,欅坂46,https://www.billboard-japan.com/charts/detail?a=hot100&year=2017&month=01&day=02
2016,hot100,2016-12-28,15,ありがとう,SMAP,https://www.billboard-japan.com/charts/detail?a=hot100&year=2017&month=01&day=02
2016,hot100,2016-12-28,16,恋人たちのクリスマス,マライア・キャリー,https://www.billboard-japan.com/charts/detail?a=hot100&year=2017&month=01&day=02
2016,hot100,2016-12-28,17,クリスマス・イブ,山下達郎,https://www.billboard-japan.com/charts/detail?a=hot100&year=2017&month=01&day=02
2016,hot100,2016-12-28,18,世界に一つだけの花,SMAP,https://www.billboard-japan.com/charts/detail?a=hot100&year=2017&month=01&day=02
2016,hot100,2016-12-28,19,Welcome to TOKYO,三代目 J Soul Brothers from EXILE TRIBE,https://www.billboard-japan.com/charts/detail?a=hot100&year=2017&month=01&day=02
2016,hot100,2016-12-28,20,サイレントマジョリティー,欅坂46,https://www.billboard-japan.com/charts/detail?a=hot100&year=2017&month=01&day=02
2016,hot100,2016-12-28,21,魅惑劇,Valkyrie,https://www.billboard-japan.com/charts/detail?a=hot100&year=2017&month=01&day=02
2016,hot100,2016-12-28,22,サヨナラの意味,乃木坂46,https://www.billboard-japan.com/charts/detail?a=hot100&year=2017&month=01&day=02
2016,hot100,2016-12-28,23,ラスト・クリスマス,ワム!,https://www.billboard-japan.com/charts/detail?a=hot100&year=2017&month=01&day=02
2016,hot100,2016-12-28,24,SUN,星野源,https://www.billboard-japan.com/charts/detail?a=hot100&year=2017&month=01&day=02
2016,hot100,2016-12-28,25,FXXK IT,BIGBANG,https://www.billboard-japan.com/charts/detail?a=hot100&year=2017&month=01&day=02
2016,hot100,2016-12-28,26,NOROSHI,関ジャニ∞[エイト],https://www.billboard-japan.com/charts/detail?a=hot100&year=2017&month=01&day=02
2016,hot100,2016-12-28,27,メリクリ,BoA,https://www.billboard-japan.com/charts/detail?a=hot100&year=2017&month=01&day=02
2016,hot100,2016-12-28,28,愛、かましたいの,Negicco,https://www.billboard-japan.com/charts/detail?a=hot100&year=2017&month=01&day=02
2016,hot100,2016-12-28,29,Dear Bride,西野カナ,https://www.billboard-japan.com/charts/detail?a=hot100&year=2017&month=01&day=02
2016,hot100,2016-12-28,30,心馳せから縁あり,"愛染国俊(山下誠一郎),蛍丸(井口祐一),明石国行(浅利遼太)",https://www.billboard-japan.com/charts/detail?a=hot100&year=2017&month=01&day=02
2016,hot100,2016-12-28,31,君への手紙,桑田佳祐,https://www.billboard-japan.com/charts/detail?a=hot100&year=2017&month=01&day=02
2016,hot100,2016-12-28,32,Temptation Magic,Switch,https://www.billboard-japan.com/charts/detail?a=hot100&year=2017&month=01&day=02
2016,hot100,2016-12-28,33,I was King,ONE OK ROCK,https://www.billboard-japan.com/charts/detail?a=hot100&year=2017&month=01&day=02
2016,hot100,2016-12-28,34,砂の塔,THE YELLOW MONKEY,https://www.billboard-japan.com/charts/detail?a=hot100&year=2017&month=01&day=02
2016,hot100,2016-12-28,35,PIERROT,GENERATIONS from EXILE TRIBE,https://www.billboard-japan.com/charts/detail?a=hot100&year=2017&month=01&day=02
2016,hot100,2016-12-28,36,stage,雨のパレード,https://www.billboard-japan.com/charts/detail?a=hot100&year=2017&month=01&day=02
2016,hot100,2016-12-28,37,なんでもないや,RADWIMPS,https://www.billboard-japan.com/charts/detail?a=hot100&year=2017&month=01&day=02
2016,hot100,2016-12-28,38,LAST DANCE,BIGBANG,https://www.billboard-japan.com/charts/detail?a=hot100&year=2017&month=01&day=02
2016,hot100,2016-12-28,39,ハッピー・クリスマス(戦争は終った),ジョン・レノン,https://www.billboard-japan.com/charts/detail?a=hot100&year=2017&month=01&day=02
2016,hot100,2016-12-28,40,ハイテンション,AKB48,https://www.billboard-japan.com/charts/detail?a=hot100&year=2017&month=01&day=02
2016,hot100,2016-12-28,41,You Can't Hurry Love,Hi-STANDARD,https://www.billboard-japan.com/charts/detail?a=hot100&year=2017&month=01&day=02
2016,hot100,2016-12-28,42,鏡の中のパラレルガール,X21,https://www.billboard-japan.com/charts/detail?a=hot100&year=2017&month=01&day=02
2016,hot100,2016-12-28,43,24K・マジック,ブルーノ・マーズ,https://www.billboard-japan.com/charts/detail?a=hot100&year=2017&month=01&day=02
2016,hot100,2016-12-28,44,夢のありか,ナオト・インティライミ,https://www.billboard-japan.com/charts/detail?a=hot100&year=2017&month=01&day=02
2016,hot100,2016-12-28,45,STAY TUNE,Suchmos,https://www.billboard-japan.com/charts/detail?a=hot100&year=2017&month=01&day=02
2016,hot100,2016-12-28,46,TT,TWICE,https://www.billboard-japan.com/charts/detail?a=hot100&year=2017&month=01&day=02
2016,hot100,2016-12-28,47,キセキ,GReeeeN,https://www.billboard-japan.com/charts/detail?a=hot100&year=2017&month=01&day=02
2016,hot100,2016-12-28,48,白い恋人達,桑田佳祐,https://www.billboard-japan.com/charts/detail?a=hot100&year=2017&month=01&day=02
2016,hot100,2016-12-28,49,Happy?,三代目 J Soul Brothers from EXILE TRIBE,https://www.billboard-japan.com/charts/detail?a=hot100&year=2017&month=01&day=02
2016,hot100,2016-12-28,50,History Maker,DEAN FUJIOKA,https://www.billboard-japan.com/charts/detail?a=hot100&year=2017&month=01&day=02
2016,hot100,2016-12-28,51,なんでもないや,上白石萌音,https://www.billboard-japan.com/charts/detail?a=hot100&year=2017&month=01&day=02
2016,hot100,2016-12-28,52,クローサー feat.ホールジー,チェインスモーカーズ,https://www.billboard-japan.com/charts/detail?a=hot100&year=2017&month=01&day=02
2016,hot100,2016-12-28,53,海の声,浦島太郎(桐谷健太),https://www.billboard-japan.com/charts/detail?a=hot100&year=2017&month=01&day=02
2016,hot100,2016-12-28,54,逆さ坂,じゃんけん民,https://www.billboard-japan.com/charts/detail?a=hot100&year=2017&month=01&day=02
2016,hot100,2016-12-28,55,いつかのメリークリスマス,B'z,https://www.billboard-japan.com/charts/detail?a=hot100&year=2017&month=01&day=02
2016,hot100,2016-12-28,56,WWDBEST,でんぱ組.inc,https://www.billboard-japan.com/charts/detail?a=hot100&year=2017&month=01&day=02
2016,hot100,2016-12-28,57,Lightning,THE RAMPAGE from EXILE TRIBE,https://www.billboard-japan.com/charts/detail?a=hot100&year=2017&month=01&day=02
2016,hot100,2016-12-28,58,色恋狂詩曲,空想委員会,https://www.billboard-japan.com/charts/detail?a=hot100&year=2017&month=01&day=02
2016,hot100,2016-12-28,59,ワンダフル・クリスマスタイム,ポール・マッカートニー/ウイングス,https://www.billboard-japan.com/charts/detail?a=hot100&year=2017&month=01&day=02
2016,hot100,2016-12-28,60,恋人たちのクリスマス Duet with マライア・キャリー,ジャスティン・ビーバー,https://www.billboard-japan.com/charts/detail?a=hot100&year=2017&month=01&day=02
2016,hot100,2016-12-28,61,ドライビング・フォー・クリスマス,クリス・レア,https://www.billboard-japan.com/charts/detail?a=hot100&year=2017&month=01&day=02
2016,hot100,2016-12-28,62,フラレガイガール,さユり,https://www.billboard-japan.com/charts/detail?a=hot100&year=2017&month=01&day=02
2016,hot100,2016-12-28,63,ヒロイン,back number,https://www.billboard-japan.com/charts/detail?a=hot100&year=2017&month=01&day=02
2016,hot100,2016-12-28,64,My Boo,清水翔太,https://www.billboard-japan.com/charts/detail?a=hot100&year=2017&month=01&day=02
2016,hot100,2016-12-28,65,Wherever you are,ONE OK ROCK,https://www.billboard-japan.com/charts/detail?a=hot100&year=2017&month=01&day=02
2016,hot100,2016-12-28,66,Hungry Wolf,"KiLLER KiNG(西山宏太朗,八代拓,江口拓也,千葉翔也)",https://www.billboard-japan.com/charts/detail?a=hot100&year=2017&month=01&day=02
2016,hot100,2016-12-28,67,花束を君に,宇多田ヒカル,https://www.billboard-japan.com/charts/detail?a=hot100&year=2017&month=01&day=02
2016,hot100,2016-12-28,68,SNOW SOUND,[Alexandros],https://www.billboard-japan.com/charts/detail?a=hot100&year=2017&month=01&day=02
2016,hot100,2016-12-28,69,センパイ。,HoneyWorks meets TrySail,https://www.billboard-japan.com/charts/detail?a=hot100&year=2017&month=01&day=02
2016,hot100,2016-12-28,70,99,Superfly,https://www.billboard-japan.com/charts/detail?a=hot100&year=2017&month=01&day=02
2016,hot100,2016-12-28,71,ハピネス,AI,https://www.billboard-japan.com/charts/detail?a=hot100&year=2017&month=01&day=02
2016,hot100,2016-12-28,72,恋 Strings & Piano ver.,末廣健一郎,https://www.billboard-japan.com/charts/detail?a=hot100&year=2017&month=01&day=02
2016,hot100,2016-12-28,73,好きな人がいること,JY,https://www.billboard-japan.com/charts/detail?a=hot100&year=2017&month=01&day=02
2016,hot100,2016-12-28,74,STAY,SMAP,https://www.billboard-japan.com/charts/detail?a=hot100&year=2017&month=01&day=02
2016,hot100,2016-12-28,75,進め、たまに逃げても,チャラン・ポ・ランタン,https://www.billboard-japan.com/charts/detail?a=hot100&year=2017&month=01&day=02
2016,hot100,2016-12-28,76,スパークル,RADWIMPS,https://www.billboard-japan.com/charts/detail?a=hot100&year=2017&month=01&day=02
2016,hot100,2016-12-28,77,Christmas Wish,安室奈美恵,https://www.billboard-japan.com/charts/detail?a=hot100&year=2017&month=01&day=02
2016,hot100,2016-12-28,78,サンタ・テル・ミー,アリアナ・グランデ,https://www.billboard-japan.com/charts/detail?a=hot100&year=2017&month=01&day=02
2016,hot100,2016-12-28,79,クリスマスキャロルの頃には,稲垣潤一,https://www.billboard-japan.com/charts/detail?a=hot100&year=2017&month=01&day=02
2016,hot100,2016-12-28,80,Hero,安室奈美恵,https://www.billboard-japan.com/charts/detail?a=hot100&year=2017&month=01&day=02
2016,hot100,2016-12-28,81,EMMA,NEWS,https://www.billboard-japan.com/charts/detail?a=hot100&year=2017&month=01&day=02
2016,hot100,2016-12-28,82,Go! Go! Let's Go!,E-girls,https://www.billboard-japan.com/charts/detail?a=hot100&year=2017&month=01&day=02
2016,hot100,2016-12-28,83,あいたい,林部智史,https://www.billboard-japan.com/charts/detail?a=hot100&year=2017&month=01&day=02
2016,hot100,2016-12-28,84,トリセツ,西野カナ,https://www.billboard-japan.com/charts/detail?a=hot100&year=2017&month=01&day=02
2016,hot100,2016-12-28,85,カラノココロ,Anly,https://www.billboard-japan.com/charts/detail?a=hot100&year=2017&month=01&day=02
2016,hot100,2016-12-28,86,スターボーイ feat.ダフト・パンク,ウィークエンド,https://www.billboard-japan.com/charts/detail?a=hot100&year=2017&month=01&day=02
2016,hot100,2016-12-28,87,Taking Off,ONE OK ROCK,https://www.billboard-japan.com/charts/detail?a=hot100&year=2017&month=01&day=02
2016,hot100,2016-12-28,88,時よ,星野源,https://www.billboard-japan.com/charts/detail?a=hot100&year=2017&month=01&day=02
2016,hot100,2016-12-28,89,友へ,清木場俊介,https://www.billboard-japan.com/charts/detail?a=hot100&year=2017&month=01&day=02
2016,hot100,2016-12-28,90,ハッピークリスマス,AI,https://www.billboard-japan.com/charts/detail?a=hot100&year=2017&month=01&day=02
2016,hot100,2016-12-28,91,世界には愛しかない,欅坂46,https://www.billboard-japan.com/charts/detail?a=hot100&year=2017&month=01&day=02
2016,hot100,2016-12-28,92,恋人がサンタクロース,松任谷由実,https://www.billboard-japan.com/charts/detail?a=hot100&year=2017&month=01&day=02
2016,hot100,2016-12-28,93,Merry × Merry Xmas★,E-girls,https://www.billboard-japan.com/charts/detail?a=hot100&year=2017&month=01&day=02
2016,hot100,2016-12-28,94,アイ・フィール・イット・カミング feat.ダフト・パンク,ウィークエンド,https://www.billboard-japan.com/charts/detail?a=hot100&year=2017&month=01&day=02
2016,hot100,2016-12-28,95,BANG BANG BANG,BIGBANG,https://www.billboard-japan.com/charts/detail?a=hot100&year=2017&month=01&day=02
2016,hot100,2016-12-28,96,ひまわりの約束,秦基博,https://www.billboard-japan.com/charts/detail?a=hot100&year=2017&month=01&day=02
2016,hot100,2016-12-28,97,ザ・クリスマス・シング・アロング,ペンタトニックス,https://www.billboard-japan.com/charts/detail?a=hot100&year=2017&month=01&day=02
2016,hot100,2016-12-28,98,believe believe,JUJU,https://www.billboard-japan.com/charts/detail?a=hot100&year=2017&month=01&day=02
2016,hot100,2016-12-28,99,Dear Diary,安室奈美恵,https://www.billboard-japan.com/charts/detail?a=hot100&year=2017&month=01&day=02
2016,hot100,2016-12-28,100,365日の紙飛行機,AKB48,https://www.billboard-japan.com/charts/detail?a=hot100&year=2017&month=01&day=02
