chart_code,year,requested_date,status,entry_count,method,duplicate_of
hot100,2008,2008-01-16,検証済みCSV,100,公式チャート・出典照合済みCSV,
hot100,2008,2008-01-23,検証済みCSV,100,公式チャート・出典照合済みCSV,
hot100,2008,2008-01-30,検証済みCSV,100,公式チャート・出典照合済みCSV,
hot100,2008,2008-02-06,検証済みCSV,100,公式チャート・出典照合済みCSV,
hot100,2008,2008-02-13,検証済みCSV,100,公式チャート・出典照合済みCSV,
hot100,2008,2008-02-20,検証済みCSV,100,公式チャート・出典照合済みCSV,
hot100,2008,2008-02-27,検証済みCSV,100,公式チャート・出典照合済みCSV,
hot100,2008,2008-03-05,検証済みCSV,100,公式チャート・出典照合済みCSV,
hot100,2008,2008-03-12,検証済みCSV,100,公式チャート・出典照合済みCSV,
hot100,2008,2008-03-19,検証済みCSV,100,公式チャート・出典照合済みCSV,
hot100,2008,2008-03-26,検証済みCSV,100,公式チャート・出典照合済みCSV,
hot100,2008,2008-04-02,検証済みCSV,100,公式チャート・出典照合済みCSV,
hot100,2008,2008-04-09,検証済みCSV,100,公式チャート・出典照合済みCSV,
hot100,2008,2008-04-16,検証済みCSV,100,公式チャート・出典照合済みCSV,
hot100,2008,2008-04-23,検証済みCSV,100,公式チャート・出典照合済みCSV,
hot100,2008,2008-04-30,検証済みCSV,100,公式チャート・出典照合済みCSV,
hot100,2008,2008-05-07,検証済みCSV,100,公式チャート・出典照合済みCSV,
hot100,2008,2008-05-14,検証済みCSV,100,公式チャート・出典照合済みCSV,
hot100,2008,2008-05-21,検証済みCSV,100,公式チャート・出典照合済みCSV,
hot100,2008,2008-05-28,検証済みCSV,100,公式チャート・出典照合済みCSV,
hot100,2008,2008-06-04,検証済みCSV,100,公式チャート・出典照合済みCSV,
hot100,2008,2008-06-11,検証済みCSV,100,公式チャート・出典照合済みCSV,
hot100,2008,2008-06-18,検証済みCSV,100,公式チャート・出典照合済みCSV,
hot100,2008,2008-06-25,検証済みCSV,100,公式チャート・出典照合済みCSV,
hot100,2008,2008-07-02,検証済みCSV,100,公式チャート・出典照合済みCSV,
hot100,2008,2008-07-09,検証済みCSV,100,公式チャート・出典照合済みCSV,
hot100,2008,2008-07-16,検証済みCSV,100,公式チャート・出典照合済みCSV,
hot100,2008,2008-07-23,検証済みCSV,100,公式チャート・出典照合済みCSV,
hot100,2008,2008-07-30,検証済みCSV,100,公式チャート・出典照合済みCSV,
hot100,2008,2008-08-06,検証済みCSV,100,公式チャート・出典照合済みCSV,
hot100,2008,2008-08-13,検証済みCSV,100,公式チャート・出典照合済みCSV,
hot100,2008,2008-08-20,検証済みCSV,100,公式チャート・出典照合済みCSV,
hot100,2008,2008-08-27,検証済みCSV,100,公式チャート・出典照合済みCSV,
hot100,2008,2008-09-03,検証済みCSV,100,公式チャート・出典照合済みCSV,
hot100,2008,2008-09-10,検証済みCSV,100,公式チャート・出典照合済みCSV,
hot100,2008,2008-09-17,検証済みCSV,100,公式チャート・出典照合済みCSV,
hot100,2008,2008-09-24,検証済みCSV,100,公式チャート・出典照合済みCSV,
hot100,2008,2008-10-01,検証済みCSV,100,公式チャート・出典照合済みCSV,
hot100,2008,2008-10-08,検証済みCSV,100,公式チャート・出典照合済みCSV,
hot100,2008,2008-10-15,検証済みCSV,100,公式チャート・出典照合済みCSV,
hot100,2008,2008-10-22,検証済みCSV,100,公式チャート・出典照合済みCSV,
hot100,2008,2008-10-29,検証済みCSV,100,公式チャート・出典照合済みCSV,
hot100,2008,2008-11-05,検証済みCSV,100,公式チャート・出典照合済みCSV,
hot100,2008,2008-11-12,検証済みCSV,100,公式チャート・出典照合済みCSV,
hot100,2008,2008-11-19,検証済みCSV,100,公式チャート・出典照合済みCSV,
hot100,2008,2008-11-26,検証済みCSV,100,公式チャート・出典照合済みCSV,
hot100,2008,2008-12-03,検証済みCSV,100,公式チャート・出典照合済みCSV,
hot100,2008,2008-12-10,検証済みCSV,100,公式チャート・出典照合済みCSV,
hot100,2008,2008-12-17,検証済みCSV,100,公式チャート・出典照合済みCSV,
hot100,2008,2008-12-24,検証済みCSV,100,公式チャート・出典照合済みCSV,
hot100,2008,2008-12-31,検証済みCSV,100,公式チャート・出典照合済みCSV,
hot100,2009,2009-01-14,検証済みCSV,100,公式チャート・出典照合済みCSV,
hot100,2009,2009-01-21,検証済みCSV,100,公式チャート・出典照合済みCSV,
hot100,2009,2009-01-28,検証済みCSV,100,公式チャート・出典照合済みCSV,
hot100,2009,2009-02-04,検証済みCSV,100,公式チャート・出典照合済みCSV,
hot100,2009,2009-02-11,検証済みCSV,100,公式チャート・出典照合済みCSV,
hot100,2009,2009-02-18,検証済みCSV,100,公式チャート・出典照合済みCSV,
hot100,2009,2009-02-25,検証済みCSV,100,公式チャート・出典照合済みCSV,
hot100,2009,2009-03-04,検証済みCSV,100,公式チャート・出典照合済みCSV,
hot100,2009,2009-03-11,検証済みCSV,100,公式チャート・出典照合済みCSV,
hot100,2009,2009-03-18,検証済みCSV,100,公式チャート・出典照合済みCSV,
hot100,2009,2009-03-25,検証済みCSV,100,公式チャート・出典照合済みCSV,
hot100,2009,2009-04-01,検証済みCSV,100,公式チャート・出典照合済みCSV,
hot100,2009,2009-04-08,検証済みCSV,100,公式チャート・出典照合済みCSV,
hot100,2009,2009-04-15,検証済みCSV,100,公式チャート・出典照合済みCSV,
hot100,2009,2009-04-22,検証済みCSV,101,公式チャート・出典照合済みCSV,
hot100,2009,2009-04-29,検証済みCSV,100,公式チャート・出典照合済みCSV,
hot100,2009,2009-05-06,検証済みCSV,100,公式チャート・出典照合済みCSV,
hot100,2009,2009-05-13,検証済みCSV,100,公式チャート・出典照合済みCSV,
hot100,2009,2009-05-20,検証済みCSV,100,公式チャート・出典照合済みCSV,
hot100,2009,2009-05-27,検証済みCSV,100,公式チャート・出典照合済みCSV,
hot100,2009,2009-06-03,検証済みCSV,100,公式チャート・出典照合済みCSV,
hot100,2009,2009-06-10,検証済みCSV,100,公式チャート・出典照合済みCSV,
hot100,2009,2009-06-17,検証済みCSV,100,公式チャート・出典照合済みCSV,
hot100,2009,2009-06-24,検証済みCSV,100,公式チャート・出典照合済みCSV,
hot100,2009,2009-07-01,検証済みCSV,100,公式チャート・出典照合済みCSV,
hot100,2009,2009-07-08,検証済みCSV,100,公式チャート・出典照合済みCSV,
hot100,2009,2009-07-15,検証済みCSV,100,公式チャート・出典照合済みCSV,
hot100,2009,2009-07-22,検証済みCSV,100,公式チャート・出典照合済みCSV,
hot100,2009,2009-07-29,検証済みCSV,100,公式チャート・出典照合済みCSV,
hot100,2009,2009-08-05,検証済みCSV,100,公式チャート・出典照合済みCSV,
hot100,2009,2009-08-12,検証済みCSV,100,公式チャート・出典照合済みCSV,
hot100,2009,2009-08-19,検証済みCSV,100,公式チャート・出典照合済みCSV,
hot100,2009,2009-08-26,検証済みCSV,100,公式チャート・出典照合済みCSV,
hot100,2009,2009-09-02,検証済みCSV,100,公式チャート・出典照合済みCSV,
hot100,2009,2009-09-09,検証済みCSV,100,公式チャート・出典照合済みCSV,
hot100,2009,2009-09-16,検証済みCSV,100,公式チャート・出典照合済みCSV,
hot100,2009,2009-09-23,検証済みCSV,100,公式チャート・出典照合済みCSV,
hot100,2009,2009-09-30,検証済みCSV,100,公式チャート・出典照合済みCSV,
hot100,2009,2009-10-07,検証済みCSV,101,公式チャート・出典照合済みCSV,
hot100,2009,2009-10-14,検証済みCSV,100,公式チャート・出典照合済みCSV,
hot100,2009,2009-10-21,検証済みCSV,100,公式チャート・出典照合済みCSV,
hot100,2009,2009-10-28,検証済みCSV,100,公式チャート・出典照合済みCSV,
hot100,2009,2009-11-04,検証済みCSV,100,公式チャート・出典照合済みCSV,
hot100,2009,2009-11-11,検証済みCSV,100,公式チャート・出典照合済みCSV,
hot100,2009,2009-11-18,検証済みCSV,100,公式チャート・出典照合済みCSV,
hot100,2009,2009-11-25,検証済みCSV,100,公式チャート・出典照合済みCSV,
hot100,2009,2009-12-02,検証済みCSV,100,公式チャート・出典照合済みCSV,
hot100,2009,2009-12-09,検証済みCSV,100,公式チャート・出典照合済みCSV,
hot100,2009,2009-12-16,検証済みCSV,100,公式チャート・出典照合済みCSV,
hot100,2009,2009-12-23,検証済みCSV,100,公式チャート・出典照合済みCSV,
hot100,2009,2009-12-30,検証済みCSV,100,公式チャート・出典照合済みCSV,
hot100,2009,2009-01-07,公式アーカイブに掲載なし・未確定,0,公式前後リンクを確認,
hot100,2010,2010-01-13,検証済みCSV,102,公式チャート・出典照合済みCSV,
hot100,2010,2010-01-20,検証済みCSV,100,公式チャート・出典照合済みCSV,
hot100,2010,2010-01-27,検証済みCSV,100,公式チャート・出典照合済みCSV,
hot100,2010,2010-02-03,検証済みCSV,100,公式チャート・出典照合済みCSV,
hot100,2010,2010-02-10,検証済みCSV,100,公式チャート・出典照合済みCSV,
hot100,2010,2010-02-17,検証済みCSV,100,公式チャート・出典照合済みCSV,
hot100,2010,2010-02-24,検証済みCSV,100,公式チャート・出典照合済みCSV,
hot100,2010,2010-03-03,検証済みCSV,100,公式チャート・出典照合済みCSV,
hot100,2010,2010-03-10,検証済みCSV,100,公式チャート・出典照合済みCSV,
hot100,2010,2010-03-17,検証済みCSV,100,公式チャート・出典照合済みCSV,
hot100,2010,2010-03-24,検証済みCSV,100,公式チャート・出典照合済みCSV,
hot100,2010,2010-03-31,検証済みCSV,100,公式チャート・出典照合済みCSV,
hot100,2010,2010-04-07,検証済みCSV,100,公式チャート・出典照合済みCSV,
hot100,2010,2010-04-14,検証済みCSV,100,公式チャート・出典照合済みCSV,
hot100,2010,2010-04-21,検証済みCSV,100,公式チャート・出典照合済みCSV,
hot100,2010,2010-04-28,検証済みCSV,100,公式チャート・出典照合済みCSV,
hot100,2010,2010-05-05,検証済みCSV,100,公式チャート・出典照合済みCSV,
hot100,2010,2010-05-12,検証済みCSV,100,公式チャート・出典照合済みCSV,
hot100,2010,2010-05-19,検証済みCSV,100,公式チャート・出典照合済みCSV,
hot100,2010,2010-05-26,検証済みCSV,100,公式チャート・出典照合済みCSV,
hot100,2010,2010-06-02,検証済みCSV,100,公式チャート・出典照合済みCSV,
hot100,2010,2010-06-09,検証済みCSV,100,公式チャート・出典照合済みCSV,
hot100,2010,2010-06-16,検証済みCSV,100,公式チャート・出典照合済みCSV,
hot100,2010,2010-06-23,検証済みCSV,100,公式チャート・出典照合済みCSV,
hot100,2010,2010-06-30,検証済みCSV,100,公式チャート・出典照合済みCSV,
hot100,2010,2010-07-07,検証済みCSV,100,公式チャート・出典照合済みCSV,
hot100,2010,2010-07-14,検証済みCSV,100,公式チャート・出典照合済みCSV,
hot100,2010,2010-07-21,検証済みCSV,100,公式チャート・出典照合済みCSV,
hot100,2010,2010-07-28,検証済みCSV,100,公式チャート・出典照合済みCSV,
hot100,2010,2010-08-04,検証済みCSV,100,公式チャート・出典照合済みCSV,
hot100,2010,2010-08-11,検証済みCSV,100,公式チャート・出典照合済みCSV,
hot100,2010,2010-08-18,検証済みCSV,100,公式チャート・出典照合済みCSV,
hot100,2010,2010-08-25,検証済みCSV,100,公式チャート・出典照合済みCSV,
hot100,2010,2010-09-01,検証済みCSV,100,公式チャート・出典照合済みCSV,
hot100,2010,2010-09-08,検証済みCSV,100,公式チャート・出典照合済みCSV,
hot100,2010,2010-09-15,検証済みCSV,100,公式チャート・出典照合済みCSV,
hot100,2010,2010-09-22,検証済みCSV,100,公式チャート・出典照合済みCSV,
hot100,2010,2010-09-29,検証済みCSV,100,公式チャート・出典照合済みCSV,
hot100,2010,2010-10-06,検証済みCSV,100,公式チャート・出典照合済みCSV,
hot100,2010,2010-10-13,検証済みCSV,100,公式チャート・出典照合済みCSV,
hot100,2010,2010-10-20,検証済みCSV,100,公式チャート・出典照合済みCSV,
hot100,2010,2010-10-27,検証済みCSV,100,公式チャート・出典照合済みCSV,
hot100,2010,2010-11-03,検証済みCSV,100,公式チャート・出典照合済みCSV,
hot100,2010,2010-11-10,検証済みCSV,100,公式チャート・出典照合済みCSV,
hot100,2010,2010-11-17,検証済みCSV,100,公式チャート・出典照合済みCSV,
hot100,2010,2010-11-24,検証済みCSV,100,公式チャート・出典照合済みCSV,
hot100,2010,2010-12-01,検証済みCSV,100,公式チャート・出典照合済みCSV,
hot100,2010,2010-12-08,検証済みCSV,100,公式チャート・出典照合済みCSV,
hot100,2010,2010-12-15,検証済みCSV,100,公式チャート・出典照合済みCSV,
hot100,2010,2010-12-22,検証済みCSV,100,公式チャート・出典照合済みCSV,
hot100,2010,2010-12-29,検証済みCSV,100,公式チャート・出典照合済みCSV,
hot100,2010,2010-01-06,公式アーカイブに掲載なし・未確定,0,公式前後リンクを確認,
hot100,2011,2011-01-12,検証済みCSV,100,公式チャート・出典照合済みCSV,
hot100,2011,2011-01-19,検証済みCSV,100,公式チャート・出典照合済みCSV,
hot100,2011,2011-01-26,検証済みCSV,100,公式チャート・出典照合済みCSV,
hot100,2011,2011-02-02,検証済みCSV,100,公式チャート・出典照合済みCSV,
hot100,2011,2011-02-09,検証済みCSV,100,公式チャート・出典照合済みCSV,
hot100,2011,2011-02-16,検証済みCSV,100,公式チャート・出典照合済みCSV,
hot100,2011,2011-02-23,検証済みCSV,100,公式チャート・出典照合済みCSV,
hot100,2011,2011-03-02,検証済みCSV,100,公式チャート・出典照合済みCSV,
hot100,2011,2011-03-09,検証済みCSV,100,公式チャート・出典照合済みCSV,
hot100,2011,2011-03-16,検証済みCSV,100,公式チャート・出典照合済みCSV,
hot100,2011,2011-03-23,検証済みCSV,100,公式チャート・出典照合済みCSV,
hot100,2011,2011-03-30,検証済みCSV,100,公式チャート・出典照合済みCSV,
hot100,2011,2011-04-06,検証済みCSV,100,公式チャート・出典照合済みCSV,
hot100,2011,2011-04-13,検証済みCSV,100,公式チャート・出典照合済みCSV,
hot100,2011,2011-04-20,検証済みCSV,100,公式チャート・出典照合済みCSV,
hot100,2011,2011-04-27,検証済みCSV,100,公式チャート・出典照合済みCSV,
hot100,2011,2011-05-04,検証済みCSV,100,公式チャート・出典照合済みCSV,
hot100,2011,2011-05-11,検証済みCSV,100,公式チャート・出典照合済みCSV,
hot100,2011,2011-05-18,検証済みCSV,100,公式チャート・出典照合済みCSV,
hot100,2011,2011-05-25,検証済みCSV,100,公式チャート・出典照合済みCSV,
hot100,2011,2011-06-01,検証済みCSV,100,公式チャート・出典照合済みCSV,
hot100,2011,2011-06-08,検証済みCSV,100,公式チャート・出典照合済みCSV,
hot100,2011,2011-06-15,検証済みCSV,100,公式チャート・出典照合済みCSV,
hot100,2011,2011-06-22,検証済みCSV,100,公式チャート・出典照合済みCSV,
hot100,2011,2011-06-29,検証済みCSV,100,公式チャート・出典照合済みCSV,
hot100,2011,2011-07-06,検証済みCSV,100,公式チャート・出典照合済みCSV,
hot100,2011,2011-07-13,検証済みCSV,100,公式チャート・出典照合済みCSV,
hot100,2011,2011-07-20,検証済みCSV,100,公式チャート・出典照合済みCSV,
hot100,2011,2011-07-27,検証済みCSV,100,公式チャート・出典照合済みCSV,
hot100,2011,2011-08-03,検証済みCSV,100,公式チャート・出典照合済みCSV,
hot100,2011,2011-08-10,検証済みCSV,100,公式チャート・出典照合済みCSV,
hot100,2011,2011-08-17,検証済みCSV,100,公式チャート・出典照合済みCSV,
hot100,2011,2011-08-24,検証済みCSV,100,公式チャート・出典照合済みCSV,
hot100,2011,2011-08-31,検証済みCSV,100,公式チャート・出典照合済みCSV,
hot100,2011,2011-09-07,検証済みCSV,100,公式チャート・出典照合済みCSV,
hot100,2011,2011-09-14,検証済みCSV,100,公式チャート・出典照合済みCSV,
hot100,2011,2011-09-21,検証済みCSV,100,公式チャート・出典照合済みCSV,
hot100,2011,2011-09-28,検証済みCSV,100,公式チャート・出典照合済みCSV,
hot100,2011,2011-10-05,検証済みCSV,100,公式チャート・出典照合済みCSV,
hot100,2011,2011-10-12,検証済みCSV,100,公式チャート・出典照合済みCSV,
hot100,2011,2011-10-19,検証済みCSV,100,公式チャート・出典照合済みCSV,
hot100,2011,2011-10-26,検証済みCSV,100,公式チャート・出典照合済みCSV,
hot100,2011,2011-11-02,検証済みCSV,100,公式チャート・出典照合済みCSV,
hot100,2011,2011-11-09,検証済みCSV,100,公式チャート・出典照合済みCSV,
hot100,2011,2011-11-16,検証済みCSV,100,公式チャート・出典照合済みCSV,
hot100,2011,2011-11-23,検証済みCSV,100,公式チャート・出典照合済みCSV,
hot100,2011,2011-11-30,検証済みCSV,100,公式チャート・出典照合済みCSV,
hot100,2011,2011-12-07,検証済みCSV,100,公式チャート・出典照合済みCSV,
hot100,2011,2011-12-14,検証済みCSV,100,公式チャート・出典照合済みCSV,
hot100,2011,2011-12-21,検証済みCSV,100,公式チャート・出典照合済みCSV,
hot100,2011,2011-12-28,検証済みCSV,100,公式チャート・出典照合済みCSV,
hot100,2011,2011-01-05,公式アーカイブに掲載なし・未確定,0,公式前後リンクを確認,
hot100,2012,2012-01-11,検証済みCSV,100,公式チャート・出典照合済みCSV,
hot100,2012,2012-01-18,検証済みCSV,100,公式チャート・出典照合済みCSV,
hot100,2012,2012-01-25,検証済みCSV,100,公式チャート・出典照合済みCSV,
hot100,2012,2012-02-01,検証済みCSV,100,公式チャート・出典照合済みCSV,
hot100,2012,2012-02-08,検証済みCSV,100,公式チャート・出典照合済みCSV,
hot100,2012,2012-02-15,検証済みCSV,100,公式チャート・出典照合済みCSV,
hot100,2012,2012-02-22,検証済みCSV,100,公式チャート・出典照合済みCSV,
hot100,2012,2012-02-29,検証済みCSV,100,公式チャート・出典照合済みCSV,
hot100,2012,2012-03-07,検証済みCSV,100,公式チャート・出典照合済みCSV,
hot100,2012,2012-03-14,検証済みCSV,100,公式チャート・出典照合済みCSV,
hot100,2012,2012-03-21,検証済みCSV,100,公式チャート・出典照合済みCSV,
hot100,2012,2012-03-28,検証済みCSV,100,公式チャート・出典照合済みCSV,
hot100,2012,2012-04-04,検証済みCSV,100,公式チャート・出典照合済みCSV,
hot100,2012,2012-04-11,検証済みCSV,100,公式チャート・出典照合済みCSV,
hot100,2012,2012-04-18,検証済みCSV,100,公式チャート・出典照合済みCSV,
hot100,2012,2012-04-25,検証済みCSV,100,公式チャート・出典照合済みCSV,
hot100,2012,2012-05-02,検証済みCSV,100,公式チャート・出典照合済みCSV,
hot100,2012,2012-05-09,検証済みCSV,100,公式チャート・出典照合済みCSV,
hot100,2012,2012-05-16,検証済みCSV,100,公式チャート・出典照合済みCSV,
hot100,2012,2012-05-23,検証済みCSV,100,公式チャート・出典照合済みCSV,
hot100,2012,2012-05-30,検証済みCSV,100,公式チャート・出典照合済みCSV,
hot100,2012,2012-06-06,検証済みCSV,100,公式チャート・出典照合済みCSV,
hot100,2012,2012-06-13,検証済みCSV,100,公式チャート・出典照合済みCSV,
hot100,2012,2012-06-20,検証済みCSV,100,公式チャート・出典照合済みCSV,
hot100,2012,2012-06-27,検証済みCSV,100,公式チャート・出典照合済みCSV,
hot100,2012,2012-07-04,検証済みCSV,100,公式チャート・出典照合済みCSV,
hot100,2012,2012-07-11,検証済みCSV,100,公式チャート・出典照合済みCSV,
hot100,2012,2012-07-18,検証済みCSV,100,公式チャート・出典照合済みCSV,
hot100,2012,2012-07-25,検証済みCSV,100,公式チャート・出典照合済みCSV,
hot100,2012,2012-08-01,検証済みCSV,100,公式チャート・出典照合済みCSV,
hot100,2012,2012-08-08,検証済みCSV,100,公式チャート・出典照合済みCSV,
hot100,2012,2012-08-15,検証済みCSV,100,公式チャート・出典照合済みCSV,
hot100,2012,2012-08-22,検証済みCSV,100,公式チャート・出典照合済みCSV,
hot100,2012,2012-08-29,検証済みCSV,100,公式チャート・出典照合済みCSV,
hot100,2012,2012-09-05,検証済みCSV,100,公式チャート・出典照合済みCSV,
hot100,2012,2012-09-12,検証済みCSV,100,公式チャート・出典照合済みCSV,
hot100,2012,2012-09-19,検証済みCSV,100,公式チャート・出典照合済みCSV,
hot100,2012,2012-09-26,検証済みCSV,100,公式チャート・出典照合済みCSV,
hot100,2012,2012-10-03,検証済みCSV,100,公式チャート・出典照合済みCSV,
hot100,2012,2012-10-10,検証済みCSV,100,公式チャート・出典照合済みCSV,
hot100,2012,2012-10-17,検証済みCSV,100,公式チャート・出典照合済みCSV,
hot100,2012,2012-10-24,検証済みCSV,100,公式チャート・出典照合済みCSV,
hot100,2012,2012-10-31,検証済みCSV,100,公式チャート・出典照合済みCSV,
hot100,2012,2012-11-07,検証済みCSV,100,公式チャート・出典照合済みCSV,
hot100,2012,2012-11-14,検証済みCSV,100,公式チャート・出典照合済みCSV,
hot100,2012,2012-11-21,検証済みCSV,100,公式チャート・出典照合済みCSV,
hot100,2012,2012-11-28,検証済みCSV,100,公式チャート・出典照合済みCSV,
hot100,2012,2012-12-05,検証済みCSV,100,公式チャート・出典照合済みCSV,
hot100,2012,2012-12-12,検証済みCSV,100,公式チャート・出典照合済みCSV,
hot100,2012,2012-12-19,検証済みCSV,100,公式チャート・出典照合済みCSV,
hot100,2012,2012-12-26,検証済みCSV,100,公式チャート・出典照合済みCSV,
hot100,2012,2012-01-04,公式アーカイブに掲載なし・未確定,0,公式前後リンクを確認,
hot100,2013,2013-01-09,検証済みCSV,100,公式チャート・出典照合済みCSV,
hot100,2013,2013-01-16,検証済みCSV,100,公式チャート・出典照合済みCSV,
hot100,2013,2013-01-23,検証済みCSV,100,公式チャート・出典照合済みCSV,
hot100,2013,2013-01-30,検証済みCSV,100,公式チャート・出典照合済みCSV,
hot100,2013,2013-02-06,検証済みCSV,100,公式チャート・出典照合済みCSV,
hot100,2013,2013-02-13,検証済みCSV,100,公式チャート・出典照合済みCSV,
hot100,2013,2013-02-20,検証済みCSV,100,公式チャート・出典照合済みCSV,
hot100,2013,2013-02-27,検証済みCSV,100,公式チャート・出典照合済みCSV,
hot100,2013,2013-03-06,検証済みCSV,100,公式チャート・出典照合済みCSV,
hot100,2013,2013-03-13,検証済みCSV,100,公式チャート・出典照合済みCSV,
hot100,2013,2013-03-20,検証済みCSV,100,公式チャート・出典照合済みCSV,
hot100,2013,2013-03-27,検証済みCSV,100,公式チャート・出典照合済みCSV,
hot100,2013,2013-04-03,検証済みCSV,100,公式チャート・出典照合済みCSV,
hot100,2013,2013-04-10,検証済みCSV,100,公式チャート・出典照合済みCSV,
hot100,2013,2013-04-17,検証済みCSV,100,公式チャート・出典照合済みCSV,
hot100,2013,2013-04-24,検証済みCSV,100,公式チャート・出典照合済みCSV,
hot100,2013,2013-05-01,検証済みCSV,100,公式チャート・出典照合済みCSV,
hot100,2013,2013-05-08,検証済みCSV,100,公式チャート・出典照合済みCSV,
hot100,2013,2013-05-15,検証済みCSV,100,公式チャート・出典照合済みCSV,
hot100,2013,2013-05-22,検証済みCSV,100,公式チャート・出典照合済みCSV,
hot100,2013,2013-05-29,検証済みCSV,100,公式チャート・出典照合済みCSV,
hot100,2013,2013-06-05,検証済みCSV,100,公式チャート・出典照合済みCSV,
hot100,2013,2013-06-12,検証済みCSV,100,公式チャート・出典照合済みCSV,
hot100,2013,2013-06-19,検証済みCSV,100,公式チャート・出典照合済みCSV,
hot100,2013,2013-06-26,検証済みCSV,100,公式チャート・出典照合済みCSV,
hot100,2013,2013-07-03,検証済みCSV,100,公式チャート・出典照合済みCSV,
hot100,2013,2013-07-10,検証済みCSV,100,公式チャート・出典照合済みCSV,
hot100,2013,2013-07-17,検証済みCSV,101,公式チャート・出典照合済みCSV,
hot100,2013,2013-07-24,検証済みCSV,100,公式チャート・出典照合済みCSV,
hot100,2013,2013-07-31,検証済みCSV,100,公式チャート・出典照合済みCSV,
hot100,2013,2013-08-07,検証済みCSV,100,公式チャート・出典照合済みCSV,
hot100,2013,2013-08-14,検証済みCSV,100,公式チャート・出典照合済みCSV,
hot100,2013,2013-08-21,検証済みCSV,100,公式チャート・出典照合済みCSV,
hot100,2013,2013-08-28,検証済みCSV,100,公式チャート・出典照合済みCSV,
hot100,2013,2013-09-04,検証済みCSV,100,公式チャート・出典照合済みCSV,
hot100,2013,2013-09-11,検証済みCSV,100,公式チャート・出典照合済みCSV,
hot100,2013,2013-09-18,検証済みCSV,100,公式チャート・出典照合済みCSV,
hot100,2013,2013-09-25,検証済みCSV,100,公式チャート・出典照合済みCSV,
hot100,2013,2013-10-02,検証済みCSV,100,公式チャート・出典照合済みCSV,
hot100,2013,2013-10-09,検証済みCSV,100,公式チャート・出典照合済みCSV,
hot100,2013,2013-10-16,検証済みCSV,100,公式チャート・出典照合済みCSV,
hot100,2013,2013-10-23,検証済みCSV,100,公式チャート・出典照合済みCSV,
hot100,2013,2013-10-30,検証済みCSV,100,公式チャート・出典照合済みCSV,
hot100,2013,2013-11-06,検証済みCSV,100,公式チャート・出典照合済みCSV,
hot100,2013,2013-11-13,検証済みCSV,100,公式チャート・出典照合済みCSV,
hot100,2013,2013-11-20,検証済みCSV,100,公式チャート・出典照合済みCSV,
hot100,2013,2013-11-26,検証済みCSV,100,公式チャート・出典照合済みCSV,
hot100,2013,2013-12-04,検証済みCSV,100,公式チャート・出典照合済みCSV,
hot100,2013,2013-12-11,検証済みCSV,100,公式チャート・出典照合済みCSV,
hot100,2013,2013-12-18,検証済みCSV,100,公式チャート・出典照合済みCSV,
hot100,2013,2013-12-25,検証済みCSV,100,公式チャート・出典照合済みCSV,
hot100,2013,2013-01-02,公式アーカイブに掲載なし・未確定,0,公式前後リンクを確認,
hot100,2014,2014-01-08,検証済みCSV,100,公式チャート・出典照合済みCSV,
hot100,2014,2014-01-15,検証済みCSV,100,公式チャート・出典照合済みCSV,
hot100,2014,2014-01-22,検証済みCSV,100,公式チャート・出典照合済みCSV,
hot100,2014,2014-01-29,検証済みCSV,100,公式チャート・出典照合済みCSV,
hot100,2014,2014-02-05,検証済みCSV,100,公式チャート・出典照合済みCSV,
hot100,2014,2014-02-12,検証済みCSV,100,公式チャート・出典照合済みCSV,
hot100,2014,2014-02-19,検証済みCSV,100,公式チャート・出典照合済みCSV,
hot100,2014,2014-02-26,検証済みCSV,100,公式チャート・出典照合済みCSV,
hot100,2014,2014-03-05,検証済みCSV,100,公式チャート・出典照合済みCSV,
hot100,2014,2014-03-12,検証済みCSV,100,公式チャート・出典照合済みCSV,
hot100,2014,2014-03-19,検証済みCSV,100,公式チャート・出典照合済みCSV,
hot100,2014,2014-03-26,検証済みCSV,100,公式チャート・出典照合済みCSV,
hot100,2014,2014-04-02,検証済みCSV,100,公式チャート・出典照合済みCSV,
hot100,2014,2014-04-09,検証済みCSV,100,公式チャート・出典照合済みCSV,
hot100,2014,2014-04-16,検証済みCSV,100,公式チャート・出典照合済みCSV,
hot100,2014,2014-04-23,検証済みCSV,100,公式チャート・出典照合済みCSV,
hot100,2014,2014-04-30,検証済みCSV,100,公式チャート・出典照合済みCSV,
hot100,2014,2014-05-07,検証済みCSV,100,公式チャート・出典照合済みCSV,
hot100,2014,2014-05-14,検証済みCSV,100,公式チャート・出典照合済みCSV,
hot100,2014,2014-05-21,検証済みCSV,100,公式チャート・出典照合済みCSV,
hot100,2014,2014-05-28,検証済みCSV,100,公式チャート・出典照合済みCSV,
hot100,2014,2014-06-04,検証済みCSV,100,公式チャート・出典照合済みCSV,
hot100,2014,2014-06-11,検証済みCSV,100,公式チャート・出典照合済みCSV,
hot100,2014,2014-06-18,検証済みCSV,100,公式チャート・出典照合済みCSV,
hot100,2014,2014-06-25,検証済みCSV,100,公式チャート・出典照合済みCSV,
hot100,2014,2014-07-02,検証済みCSV,100,公式チャート・出典照合済みCSV,
hot100,2014,2014-07-09,検証済みCSV,100,公式チャート・出典照合済みCSV,
hot100,2014,2014-07-16,検証済みCSV,100,公式チャート・出典照合済みCSV,
hot100,2014,2014-07-23,検証済みCSV,100,公式チャート・出典照合済みCSV,
hot100,2014,2014-07-30,検証済みCSV,100,公式チャート・出典照合済みCSV,
hot100,2014,2014-08-06,検証済みCSV,100,公式チャート・出典照合済みCSV,
hot100,2014,2014-08-13,検証済みCSV,100,公式チャート・出典照合済みCSV,
hot100,2014,2014-08-20,検証済みCSV,100,公式チャート・出典照合済みCSV,
hot100,2014,2014-08-27,検証済みCSV,100,公式チャート・出典照合済みCSV,
hot100,2014,2014-09-03,検証済みCSV,100,公式チャート・出典照合済みCSV,
hot100,2014,2014-09-10,検証済みCSV,100,公式チャート・出典照合済みCSV,
hot100,2014,2014-09-17,検証済みCSV,100,公式チャート・出典照合済みCSV,
hot100,2014,2014-09-24,検証済みCSV,100,公式チャート・出典照合済みCSV,
hot100,2014,2014-10-01,検証済みCSV,100,公式チャート・出典照合済みCSV,
hot100,2014,2014-10-08,検証済みCSV,100,公式チャート・出典照合済みCSV,
hot100,2014,2014-10-15,検証済みCSV,100,公式チャート・出典照合済みCSV,
hot100,2014,2014-10-22,検証済みCSV,100,公式チャート・出典照合済みCSV,
hot100,2014,2014-10-29,検証済みCSV,100,公式チャート・出典照合済みCSV,
hot100,2014,2014-11-05,検証済みCSV,100,公式チャート・出典照合済みCSV,
hot100,2014,2014-11-12,検証済みCSV,100,公式チャート・出典照合済みCSV,
hot100,2014,2014-11-19,検証済みCSV,100,公式チャート・出典照合済みCSV,
hot100,2014,2014-11-26,検証済みCSV,100,公式チャート・出典照合済みCSV,
hot100,2014,2014-12-03,検証済みCSV,100,公式チャート・出典照合済みCSV,
hot100,2014,2014-12-10,検証済みCSV,100,公式チャート・出典照合済みCSV,
hot100,2014,2014-12-17,検証済みCSV,100,公式チャート・出典照合済みCSV,
hot100,2014,2014-12-24,検証済みCSV,100,公式チャート・出典照合済みCSV,
hot100,2014,2014-01-01,公式アーカイブに掲載なし・未確定,0,公式前後リンクを確認,
hot100,2014,2014-12-31,公式アーカイブに掲載なし・未確定,0,公式前後リンクを確認,
hot100,2015,2015-01-07,検証済みCSV,100,公式チャート・出典照合済みCSV,
hot100,2015,2015-01-14,検証済みCSV,100,公式チャート・出典照合済みCSV,
hot100,2015,2015-01-21,検証済みCSV,100,公式チャート・出典照合済みCSV,
hot100,2015,2015-01-28,検証済みCSV,100,公式チャート・出典照合済みCSV,
hot100,2015,2015-02-04,検証済みCSV,100,公式チャート・出典照合済みCSV,
hot100,2015,2015-02-11,検証済みCSV,100,公式チャート・出典照合済みCSV,
hot100,2015,2015-02-18,検証済みCSV,100,公式チャート・出典照合済みCSV,
hot100,2015,2015-02-25,検証済みCSV,100,公式チャート・出典照合済みCSV,
hot100,2015,2015-03-04,検証済みCSV,100,公式チャート・出典照合済みCSV,
hot100,2015,2015-03-11,検証済みCSV,100,公式チャート・出典照合済みCSV,
hot100,2015,2015-03-18,検証済みCSV,100,公式チャート・出典照合済みCSV,
hot100,2015,2015-03-25,検証済みCSV,100,公式チャート・出典照合済みCSV,
hot100,2015,2015-04-01,検証済みCSV,100,公式チャート・出典照合済みCSV,
hot100,2015,2015-04-08,検証済みCSV,100,公式チャート・出典照合済みCSV,
hot100,2015,2015-04-15,検証済みCSV,100,公式チャート・出典照合済みCSV,
hot100,2015,2015-04-22,検証済みCSV,100,公式チャート・出典照合済みCSV,
hot100,2015,2015-04-29,検証済みCSV,100,公式チャート・出典照合済みCSV,
hot100,2015,2015-05-06,検証済みCSV,100,公式チャート・出典照合済みCSV,
hot100,2015,2015-05-13,検証済みCSV,100,公式チャート・出典照合済みCSV,
hot100,2015,2015-05-20,検証済みCSV,100,公式チャート・出典照合済みCSV,
hot100,2015,2015-05-27,検証済みCSV,100,公式チャート・出典照合済みCSV,
hot100,2015,2015-06-03,検証済みCSV,100,公式チャート・出典照合済みCSV,
hot100,2015,2015-06-10,検証済みCSV,100,公式チャート・出典照合済みCSV,
hot100,2015,2015-06-17,検証済みCSV,100,公式チャート・出典照合済みCSV,
hot100,2015,2015-06-24,検証済みCSV,100,公式チャート・出典照合済みCSV,
hot100,2015,2015-07-01,検証済みCSV,100,公式チャート・出典照合済みCSV,
hot100,2015,2015-07-08,検証済みCSV,100,公式チャート・出典照合済みCSV,
hot100,2015,2015-07-15,検証済みCSV,100,公式チャート・出典照合済みCSV,
hot100,2015,2015-07-22,検証済みCSV,100,公式チャート・出典照合済みCSV,
hot100,2015,2015-07-29,検証済みCSV,100,公式チャート・出典照合済みCSV,
hot100,2015,2015-08-05,検証済みCSV,100,公式チャート・出典照合済みCSV,
hot100,2015,2015-08-12,検証済みCSV,100,公式チャート・出典照合済みCSV,
hot100,2015,2015-08-19,検証済みCSV,100,公式チャート・出典照合済みCSV,
hot100,2015,2015-08-26,検証済みCSV,100,公式チャート・出典照合済みCSV,
hot100,2015,2015-09-02,検証済みCSV,100,公式チャート・出典照合済みCSV,
hot100,2015,2015-09-09,検証済みCSV,100,公式チャート・出典照合済みCSV,
hot100,2015,2015-09-16,検証済みCSV,100,公式チャート・出典照合済みCSV,
hot100,2015,2015-09-23,検証済みCSV,100,公式チャート・出典照合済みCSV,
hot100,2015,2015-09-30,検証済みCSV,100,公式チャート・出典照合済みCSV,
hot100,2015,2015-10-07,検証済みCSV,100,公式チャート・出典照合済みCSV,
hot100,2015,2015-10-14,検証済みCSV,100,公式チャート・出典照合済みCSV,
hot100,2015,2015-10-21,検証済みCSV,100,公式チャート・出典照合済みCSV,
hot100,2015,2015-10-28,検証済みCSV,100,公式チャート・出典照合済みCSV,
hot100,2015,2015-11-04,検証済みCSV,100,公式チャート・出典照合済みCSV,
hot100,2015,2015-11-11,検証済みCSV,100,公式チャート・出典照合済みCSV,
hot100,2015,2015-11-18,検証済みCSV,100,公式チャート・出典照合済みCSV,
hot100,2015,2015-11-25,検証済みCSV,100,公式チャート・出典照合済みCSV,
hot100,2015,2015-12-02,検証済みCSV,100,公式チャート・出典照合済みCSV,
hot100,2015,2015-12-09,検証済みCSV,100,公式チャート・出典照合済みCSV,
hot100,2015,2015-12-16,検証済みCSV,100,公式チャート・出典照合済みCSV,
hot100,2015,2015-12-23,検証済みCSV,100,公式チャート・出典照合済みCSV,
hot100,2015,2015-12-30,検証済みCSV,100,公式チャート・出典照合済みCSV,
hot100,2016,2016-01-06,検証済みCSV,100,公式チャート・出典照合済みCSV,
hot100,2016,2016-01-13,検証済みCSV,100,公式チャート・出典照合済みCSV,
hot100,2016,2016-01-20,検証済みCSV,100,公式チャート・出典照合済みCSV,
hot100,2016,2016-01-27,検証済みCSV,100,公式チャート・出典照合済みCSV,
hot100,2016,2016-02-03,検証済みCSV,100,公式チャート・出典照合済みCSV,
hot100,2016,2016-02-10,検証済みCSV,100,公式チャート・出典照合済みCSV,
hot100,2016,2016-02-17,検証済みCSV,100,公式チャート・出典照合済みCSV,
hot100,2016,2016-02-24,検証済みCSV,100,公式チャート・出典照合済みCSV,
hot100,2016,2016-03-02,検証済みCSV,100,公式チャート・出典照合済みCSV,
hot100,2016,2016-03-09,検証済みCSV,100,公式チャート・出典照合済みCSV,
hot100,2016,2016-03-16,検証済みCSV,100,公式チャート・出典照合済みCSV,
hot100,2016,2016-03-23,検証済みCSV,100,公式チャート・出典照合済みCSV,
hot100,2016,2016-03-30,検証済みCSV,100,公式チャート・出典照合済みCSV,
hot100,2016,2016-04-06,検証済みCSV,100,公式チャート・出典照合済みCSV,
hot100,2016,2016-04-13,検証済みCSV,100,公式チャート・出典照合済みCSV,
hot100,2016,2016-04-20,検証済みCSV,100,公式チャート・出典照合済みCSV,
hot100,2016,2016-04-27,検証済みCSV,100,公式チャート・出典照合済みCSV,
hot100,2016,2016-05-04,検証済みCSV,100,公式チャート・出典照合済みCSV,
hot100,2016,2016-05-11,検証済みCSV,100,公式チャート・出典照合済みCSV,
hot100,2016,2016-05-18,検証済みCSV,100,公式チャート・出典照合済みCSV,
hot100,2016,2016-05-25,検証済みCSV,100,公式チャート・出典照合済みCSV,
hot100,2016,2016-06-01,検証済みCSV,100,公式チャート・出典照合済みCSV,
hot100,2016,2016-06-08,検証済みCSV,100,公式チャート・出典照合済みCSV,
hot100,2016,2016-06-15,検証済みCSV,100,公式チャート・出典照合済みCSV,
hot100,2016,2016-06-22,検証済みCSV,100,公式チャート・出典照合済みCSV,
hot100,2016,2016-06-29,検証済みCSV,100,公式チャート・出典照合済みCSV,
hot100,2016,2016-07-06,検証済みCSV,100,公式チャート・出典照合済みCSV,
hot100,2016,2016-07-13,検証済みCSV,100,公式チャート・出典照合済みCSV,
hot100,2016,2016-07-20,検証済みCSV,100,公式チャート・出典照合済みCSV,
hot100,2016,2016-07-27,検証済みCSV,100,公式チャート・出典照合済みCSV,
hot100,2016,2016-08-03,検証済みCSV,100,公式チャート・出典照合済みCSV,
hot100,2016,2016-08-10,検証済みCSV,100,公式チャート・出典照合済みCSV,
hot100,2016,2016-08-17,検証済みCSV,100,公式チャート・出典照合済みCSV,
hot100,2016,2016-08-24,検証済みCSV,100,公式チャート・出典照合済みCSV,
hot100,2016,2016-08-31,検証済みCSV,100,公式チャート・出典照合済みCSV,
hot100,2016,2016-09-07,検証済みCSV,100,公式チャート・出典照合済みCSV,
hot100,2016,2016-09-14,検証済みCSV,100,公式チャート・出典照合済みCSV,
hot100,2016,2016-09-21,検証済みCSV,100,公式チャート・出典照合済みCSV,
hot100,2016,2016-09-28,検証済みCSV,100,公式チャート・出典照合済みCSV,
hot100,2016,2016-10-05,検証済みCSV,100,公式チャート・出典照合済みCSV,
hot100,2016,2016-10-12,検証済みCSV,100,公式チャート・出典照合済みCSV,
hot100,2016,2016-10-19,検証済みCSV,100,公式チャート・出典照合済みCSV,
hot100,2016,2016-10-26,検証済みCSV,100,公式チャート・出典照合済みCSV,
hot100,2016,2016-11-02,検証済みCSV,100,公式チャート・出典照合済みCSV,
hot100,2016,2016-11-09,検証済みCSV,100,公式チャート・出典照合済みCSV,
hot100,2016,2016-11-16,検証済みCSV,100,公式チャート・出典照合済みCSV,
hot100,2016,2016-11-23,検証済みCSV,100,公式チャート・出典照合済みCSV,
hot100,2016,2016-11-30,検証済みCSV,100,公式チャート・出典照合済みCSV,
hot100,2016,2016-12-07,検証済みCSV,100,公式チャート・出典照合済みCSV,
hot100,2016,2016-12-14,検証済みCSV,100,公式チャート・出典照合済みCSV,
hot100,2016,2016-12-21,検証済みCSV,100,公式チャート・出典照合済みCSV,
hot100,2016,2016-12-28,検証済みCSV,100,公式チャート・出典照合済みCSV,
hot100,2017,2017-01-04,検証済みCSV,100,公式チャート・出典照合済みCSV,
hot100,2017,2017-01-11,検証済みCSV,100,公式チャート・出典照合済みCSV,
hot100,2017,2017-01-18,検証済みCSV,100,公式チャート・出典照合済みCSV,
hot100,2017,2017-01-25,検証済みCSV,100,公式チャート・出典照合済みCSV,
hot100,2017,2017-02-01,検証済みCSV,100,公式チャート・出典照合済みCSV,
hot100,2017,2017-02-08,検証済みCSV,100,公式チャート・出典照合済みCSV,
hot100,2017,2017-02-15,検証済みCSV,100,公式チャート・出典照合済みCSV,
hot100,2017,2017-02-22,検証済みCSV,100,公式チャート・出典照合済みCSV,
hot100,2017,2017-03-01,検証済みCSV,100,公式チャート・出典照合済みCSV,
hot100,2017,2017-03-08,検証済みCSV,100,公式チャート・出典照合済みCSV,
hot100,2017,2017-03-15,検証済みCSV,100,公式チャート・出典照合済みCSV,
hot100,2017,2017-03-22,検証済みCSV,100,公式チャート・出典照合済みCSV,
hot100,2017,2017-03-29,検証済みCSV,100,公式チャート・出典照合済みCSV,
hot100,2017,2017-04-05,検証済みCSV,100,公式チャート・出典照合済みCSV,
hot100,2017,2017-04-12,検証済みCSV,100,公式チャート・出典照合済みCSV,
hot100,2017,2017-04-19,検証済みCSV,100,公式チャート・出典照合済みCSV,
hot100,2017,2017-04-26,検証済みCSV,100,公式チャート・出典照合済みCSV,
hot100,2017,2017-05-03,検証済みCSV,100,公式チャート・出典照合済みCSV,
hot100,2017,2017-05-10,検証済みCSV,100,公式チャート・出典照合済みCSV,
hot100,2017,2017-05-17,検証済みCSV,100,公式チャート・出典照合済みCSV,
hot100,2017,2017-05-24,検証済みCSV,100,公式チャート・出典照合済みCSV,
hot100,2017,2017-05-31,検証済みCSV,100,公式チャート・出典照合済みCSV,
hot100,2017,2017-06-07,検証済みCSV,100,公式チャート・出典照合済みCSV,
hot100,2017,2017-06-14,検証済みCSV,100,公式チャート・出典照合済みCSV,
hot100,2017,2017-06-21,検証済みCSV,100,公式チャート・出典照合済みCSV,
hot100,2017,2017-06-28,検証済みCSV,100,公式チャート・出典照合済みCSV,
hot100,2017,2017-07-05,検証済みCSV,100,公式チャート・出典照合済みCSV,
hot100,2017,2017-07-12,検証済みCSV,100,公式チャート・出典照合済みCSV,
hot100,2017,2017-07-19,検証済みCSV,100,公式チャート・出典照合済みCSV,
hot100,2017,2017-07-26,検証済みCSV,100,公式チャート・出典照合済みCSV,
hot100,2017,2017-08-02,検証済みCSV,100,公式チャート・出典照合済みCSV,
hot100,2017,2017-08-09,検証済みCSV,100,公式チャート・出典照合済みCSV,
hot100,2017,2017-08-16,検証済みCSV,100,公式チャート・出典照合済みCSV,
hot100,2017,2017-08-23,検証済みCSV,100,公式チャート・出典照合済みCSV,
hot100,2017,2017-08-30,検証済みCSV,100,公式チャート・出典照合済みCSV,
hot100,2017,2017-09-06,検証済みCSV,100,公式チャート・出典照合済みCSV,
hot100,2017,2017-09-13,検証済みCSV,100,公式チャート・出典照合済みCSV,
hot100,2017,2017-09-20,検証済みCSV,100,公式チャート・出典照合済みCSV,
hot100,2017,2017-09-27,検証済みCSV,100,公式チャート・出典照合済みCSV,
hot100,2017,2017-10-04,検証済みCSV,100,公式チャート・出典照合済みCSV,
hot100,2017,2017-10-11,検証済みCSV,100,公式チャート・出典照合済みCSV,
hot100,2017,2017-10-18,検証済みCSV,100,公式チャート・出典照合済みCSV,
hot100,2017,2017-10-25,検証済みCSV,100,公式チャート・出典照合済みCSV,
hot100,2017,2017-11-01,検証済みCSV,100,公式チャート・出典照合済みCSV,
hot100,2017,2017-11-08,検証済みCSV,100,公式チャート・出典照合済みCSV,
hot100,2017,2017-11-15,検証済みCSV,100,公式チャート・出典照合済みCSV,
hot100,2017,2017-11-22,検証済みCSV,100,公式チャート・出典照合済みCSV,
hot100,2017,2017-11-29,検証済みCSV,100,公式チャート・出典照合済みCSV,
hot100,2017,2017-12-06,検証済みCSV,100,公式チャート・出典照合済みCSV,
hot100,2017,2017-12-13,検証済みCSV,100,公式チャート・出典照合済みCSV,
hot100,2017,2017-12-20,検証済みCSV,100,公式チャート・出典照合済みCSV,
hot100,2017,2017-12-27,検証済みCSV,100,公式チャート・出典照合済みCSV,
hot100,2018,2018-01-03,検証済みCSV,100,公式チャート・出典照合済みCSV,
hot100,2018,2018-01-10,検証済みCSV,100,公式チャート・出典照合済みCSV,
hot100,2018,2018-01-17,検証済みCSV,100,公式チャート・出典照合済みCSV,
hot100,2018,2018-01-24,検証済みCSV,100,公式チャート・出典照合済みCSV,
hot100,2018,2018-01-31,検証済みCSV,100,公式チャート・出典照合済みCSV,
hot100,2018,2018-02-07,検証済みCSV,100,公式チャート・出典照合済みCSV,
hot100,2018,2018-02-14,検証済みCSV,100,公式チャート・出典照合済みCSV,
hot100,2018,2018-02-21,検証済みCSV,100,公式チャート・出典照合済みCSV,
hot100,2018,2018-02-28,検証済みCSV,100,公式チャート・出典照合済みCSV,
hot100,2018,2018-03-07,検証済みCSV,100,公式チャート・出典照合済みCSV,
hot100,2018,2018-03-14,検証済みCSV,100,公式チャート・出典照合済みCSV,
hot100,2018,2018-03-21,検証済みCSV,100,公式チャート・出典照合済みCSV,
hot100,2018,2018-03-28,検証済みCSV,100,公式チャート・出典照合済みCSV,
hot100,2018,2018-04-04,検証済みCSV,100,公式チャート・出典照合済みCSV,
hot100,2018,2018-04-11,検証済みCSV,100,公式チャート・出典照合済みCSV,
hot100,2018,2018-04-18,検証済みCSV,100,公式チャート・出典照合済みCSV,
hot100,2018,2018-04-25,検証済みCSV,100,公式チャート・出典照合済みCSV,
hot100,2018,2018-05-02,検証済みCSV,100,公式チャート・出典照合済みCSV,
hot100,2018,2018-05-09,検証済みCSV,100,公式チャート・出典照合済みCSV,
hot100,2018,2018-05-16,検証済みCSV,100,公式チャート・出典照合済みCSV,
hot100,2018,2018-05-23,検証済みCSV,100,公式チャート・出典照合済みCSV,
hot100,2018,2018-05-30,検証済みCSV,100,公式チャート・出典照合済みCSV,
hot100,2018,2018-06-06,検証済みCSV,100,公式チャート・出典照合済みCSV,
hot100,2018,2018-06-13,検証済みCSV,100,公式チャート・出典照合済みCSV,
hot100,2018,2018-06-20,検証済みCSV,100,公式チャート・出典照合済みCSV,
hot100,2018,2018-06-27,検証済みCSV,100,公式チャート・出典照合済みCSV,
hot100,2018,2018-07-04,検証済みCSV,100,公式チャート・出典照合済みCSV,
hot100,2018,2018-07-11,検証済みCSV,100,公式チャート・出典照合済みCSV,
hot100,2018,2018-07-18,検証済みCSV,100,公式チャート・出典照合済みCSV,
hot100,2018,2018-07-25,検証済みCSV,100,公式チャート・出典照合済みCSV,
hot100,2018,2018-08-01,検証済みCSV,100,公式チャート・出典照合済みCSV,
hot100,2018,2018-08-08,検証済みCSV,100,公式チャート・出典照合済みCSV,
hot100,2018,2018-08-15,検証済みCSV,100,公式チャート・出典照合済みCSV,
hot100,2018,2018-08-22,検証済みCSV,100,公式チャート・出典照合済みCSV,
hot100,2018,2018-08-29,検証済みCSV,100,公式チャート・出典照合済みCSV,
hot100,2018,2018-09-05,検証済みCSV,100,公式チャート・出典照合済みCSV,
hot100,2018,2018-09-12,検証済みCSV,100,公式チャート・出典照合済みCSV,
hot100,2018,2018-09-19,検証済みCSV,100,公式チャート・出典照合済みCSV,
hot100,2018,2018-09-26,検証済みCSV,100,公式チャート・出典照合済みCSV,
hot100,2018,2018-10-03,検証済みCSV,100,公式チャート・出典照合済みCSV,
hot100,2018,2018-10-10,検証済みCSV,100,公式チャート・出典照合済みCSV,
hot100,2018,2018-10-17,検証済みCSV,100,公式チャート・出典照合済みCSV,
hot100,2018,2018-10-24,検証済みCSV,100,公式チャート・出典照合済みCSV,
hot100,2018,2018-10-31,検証済みCSV,100,公式チャート・出典照合済みCSV,
hot100,2018,2018-11-07,検証済みCSV,100,公式チャート・出典照合済みCSV,
hot100,2018,2018-11-14,検証済みCSV,100,公式チャート・出典照合済みCSV,
hot100,2018,2018-11-21,検証済みCSV,100,公式チャート・出典照合済みCSV,
hot100,2018,2018-11-28,検証済みCSV,100,公式チャート・出典照合済みCSV,
hot100,2018,2018-12-05,検証済みCSV,100,公式チャート・出典照合済みCSV,
hot100,2018,2018-12-12,検証済みCSV,100,公式チャート・出典照合済みCSV,
hot100,2018,2018-12-19,検証済みCSV,100,公式チャート・出典照合済みCSV,
hot100,2018,2018-12-26,検証済みCSV,100,公式チャート・出典照合済みCSV,
hot100,2019,2019-01-02,検証済みCSV,100,公式チャート・出典照合済みCSV,
hot100,2019,2019-01-09,検証済みCSV,100,公式チャート・出典照合済みCSV,
hot100,2019,2019-01-16,検証済みCSV,100,公式チャート・出典照合済みCSV,
hot100,2019,2019-01-23,検証済みCSV,100,公式チャート・出典照合済みCSV,
hot100,2019,2019-01-30,検証済みCSV,100,公式チャート・出典照合済みCSV,
hot100,2019,2019-02-06,検証済みCSV,100,公式チャート・出典照合済みCSV,
hot100,2019,2019-02-13,検証済みCSV,100,公式チャート・出典照合済みCSV,
hot100,2019,2019-02-20,検証済みCSV,100,公式チャート・出典照合済みCSV,
hot100,2019,2019-02-27,検証済みCSV,100,公式チャート・出典照合済みCSV,
hot100,2019,2019-03-06,検証済みCSV,100,公式チャート・出典照合済みCSV,
hot100,2019,2019-03-13,検証済みCSV,100,公式チャート・出典照合済みCSV,
hot100,2019,2019-03-20,検証済みCSV,100,公式チャート・出典照合済みCSV,
hot100,2019,2019-03-27,検証済みCSV,100,公式チャート・出典照合済みCSV,
hot100,2019,2019-04-03,検証済みCSV,100,公式チャート・出典照合済みCSV,
hot100,2019,2019-04-10,検証済みCSV,100,公式チャート・出典照合済みCSV,
hot100,2019,2019-04-17,検証済みCSV,100,公式チャート・出典照合済みCSV,
hot100,2019,2019-04-24,検証済みCSV,100,公式チャート・出典照合済みCSV,
hot100,2019,2019-05-01,検証済みCSV,100,公式チャート・出典照合済みCSV,
hot100,2019,2019-05-08,検証済みCSV,100,公式チャート・出典照合済みCSV,
hot100,2019,2019-05-15,検証済みCSV,100,公式チャート・出典照合済みCSV,
hot100,2019,2019-05-22,検証済みCSV,100,公式チャート・出典照合済みCSV,
hot100,2019,2019-05-29,検証済みCSV,100,公式チャート・出典照合済みCSV,
hot100,2019,2019-06-05,検証済みCSV,100,公式チャート・出典照合済みCSV,
hot100,2019,2019-06-12,検証済みCSV,100,公式チャート・出典照合済みCSV,
hot100,2019,2019-06-19,検証済みCSV,100,公式チャート・出典照合済みCSV,
hot100,2019,2019-06-26,検証済みCSV,100,公式チャート・出典照合済みCSV,
hot100,2019,2019-07-03,検証済みCSV,100,公式チャート・出典照合済みCSV,
hot100,2019,2019-07-10,検証済みCSV,100,公式チャート・出典照合済みCSV,
hot100,2019,2019-07-17,検証済みCSV,100,公式チャート・出典照合済みCSV,
hot100,2019,2019-07-24,検証済みCSV,100,公式チャート・出典照合済みCSV,
hot100,2019,2019-07-31,検証済みCSV,100,公式チャート・出典照合済みCSV,
hot100,2019,2019-08-07,検証済みCSV,100,公式チャート・出典照合済みCSV,
hot100,2019,2019-08-14,検証済みCSV,100,公式チャート・出典照合済みCSV,
hot100,2019,2019-08-21,検証済みCSV,100,公式チャート・出典照合済みCSV,
hot100,2019,2019-08-28,検証済みCSV,100,公式チャート・出典照合済みCSV,
hot100,2019,2019-09-04,検証済みCSV,100,公式チャート・出典照合済みCSV,
hot100,2019,2019-09-11,検証済みCSV,100,公式チャート・出典照合済みCSV,
hot100,2019,2019-09-18,検証済みCSV,100,公式チャート・出典照合済みCSV,
hot100,2019,2019-09-25,検証済みCSV,100,公式チャート・出典照合済みCSV,
hot100,2019,2019-10-02,検証済みCSV,100,公式チャート・出典照合済みCSV,
hot100,2019,2019-10-09,検証済みCSV,100,公式チャート・出典照合済みCSV,
hot100,2019,2019-10-16,検証済みCSV,100,公式チャート・出典照合済みCSV,
hot100,2019,2019-10-23,検証済みCSV,100,公式チャート・出典照合済みCSV,
hot100,2019,2019-10-30,検証済みCSV,100,公式チャート・出典照合済みCSV,
hot100,2019,2019-11-06,検証済みCSV,100,公式チャート・出典照合済みCSV,
hot100,2019,2019-11-13,検証済みCSV,100,公式チャート・出典照合済みCSV,
hot100,2019,2019-11-20,検証済みCSV,100,公式チャート・出典照合済みCSV,
hot100,2019,2019-11-27,検証済みCSV,100,公式チャート・出典照合済みCSV,
hot100,2019,2019-12-04,検証済みCSV,100,公式チャート・出典照合済みCSV,
hot100,2019,2019-12-11,検証済みCSV,100,公式チャート・出典照合済みCSV,
hot100,2019,2019-12-18,検証済みCSV,100,公式チャート・出典照合済みCSV,
hot100,2019,2019-12-25,検証済みCSV,100,公式チャート・出典照合済みCSV,
hot100,2020,2020-01-01,検証済みCSV,100,公式チャート・出典照合済みCSV,
hot100,2020,2020-01-08,検証済みCSV,100,公式チャート・出典照合済みCSV,
hot100,2020,2020-01-15,検証済みCSV,100,公式チャート・出典照合済みCSV,
hot100,2020,2020-01-22,検証済みCSV,100,公式チャート・出典照合済みCSV,
hot100,2020,2020-01-29,検証済みCSV,100,公式チャート・出典照合済みCSV,
hot100,2020,2020-02-05,検証済みCSV,100,公式チャート・出典照合済みCSV,
hot100,2020,2020-02-12,検証済みCSV,100,公式チャート・出典照合済みCSV,
hot100,2020,2020-02-19,検証済みCSV,100,公式チャート・出典照合済みCSV,
hot100,2020,2020-02-26,検証済みCSV,100,公式チャート・出典照合済みCSV,
hot100,2020,2020-03-04,検証済みCSV,100,公式チャート・出典照合済みCSV,
hot100,2020,2020-03-11,検証済みCSV,100,公式チャート・出典照合済みCSV,
hot100,2020,2020-03-18,検証済みCSV,100,公式チャート・出典照合済みCSV,
hot100,2020,2020-03-25,検証済みCSV,100,公式チャート・出典照合済みCSV,
hot100,2020,2020-04-01,検証済みCSV,100,公式チャート・出典照合済みCSV,
hot100,2020,2020-04-08,検証済みCSV,100,公式チャート・出典照合済みCSV,
hot100,2020,2020-04-15,検証済みCSV,100,公式チャート・出典照合済みCSV,
hot100,2020,2020-04-22,検証済みCSV,100,公式チャート・出典照合済みCSV,
hot100,2020,2020-04-29,検証済みCSV,100,公式チャート・出典照合済みCSV,
hot100,2020,2020-05-06,検証済みCSV,100,公式チャート・出典照合済みCSV,
hot100,2020,2020-05-13,検証済みCSV,100,公式チャート・出典照合済みCSV,
hot100,2020,2020-05-20,検証済みCSV,100,公式チャート・出典照合済みCSV,
hot100,2020,2020-05-27,検証済みCSV,100,公式チャート・出典照合済みCSV,
hot100,2020,2020-06-03,検証済みCSV,100,公式チャート・出典照合済みCSV,
hot100,2020,2020-06-10,検証済みCSV,100,公式チャート・出典照合済みCSV,
hot100,2020,2020-06-17,検証済みCSV,100,公式チャート・出典照合済みCSV,
hot100,2020,2020-06-24,検証済みCSV,100,公式チャート・出典照合済みCSV,
hot100,2020,2020-07-01,検証済みCSV,100,公式チャート・出典照合済みCSV,
hot100,2020,2020-07-08,検証済みCSV,100,公式チャート・出典照合済みCSV,
hot100,2020,2020-07-15,検証済みCSV,100,公式チャート・出典照合済みCSV,
hot100,2020,2020-07-22,検証済みCSV,100,公式チャート・出典照合済みCSV,
hot100,2020,2020-07-29,検証済みCSV,100,公式チャート・出典照合済みCSV,
hot100,2020,2020-08-05,検証済みCSV,100,公式チャート・出典照合済みCSV,
hot100,2020,2020-08-12,検証済みCSV,100,公式チャート・出典照合済みCSV,
hot100,2020,2020-08-19,検証済みCSV,100,公式チャート・出典照合済みCSV,
hot100,2020,2020-08-26,検証済みCSV,100,公式チャート・出典照合済みCSV,
hot100,2020,2020-09-02,検証済みCSV,100,公式チャート・出典照合済みCSV,
hot100,2020,2020-09-09,検証済みCSV,100,公式チャート・出典照合済みCSV,
hot100,2020,2020-09-16,検証済みCSV,100,公式チャート・出典照合済みCSV,
hot100,2020,2020-09-23,検証済みCSV,100,公式チャート・出典照合済みCSV,
hot100,2020,2020-09-30,検証済みCSV,100,公式チャート・出典照合済みCSV,
hot100,2020,2020-10-07,検証済みCSV,100,公式チャート・出典照合済みCSV,
hot100,2020,2020-10-14,検証済みCSV,100,公式チャート・出典照合済みCSV,
hot100,2020,2020-10-21,検証済みCSV,100,公式チャート・出典照合済みCSV,
hot100,2020,2020-10-28,検証済みCSV,100,公式チャート・出典照合済みCSV,
hot100,2020,2020-11-04,検証済みCSV,100,公式チャート・出典照合済みCSV,
hot100,2020,2020-11-11,検証済みCSV,100,公式チャート・出典照合済みCSV,
hot100,2020,2020-11-18,検証済みCSV,100,公式チャート・出典照合済みCSV,
hot100,2020,2020-11-25,検証済みCSV,100,公式チャート・出典照合済みCSV,
hot100,2020,2020-12-02,検証済みCSV,100,公式チャート・出典照合済みCSV,
hot100,2020,2020-12-09,検証済みCSV,100,公式チャート・出典照合済みCSV,
hot100,2020,2020-12-16,検証済みCSV,100,公式チャート・出典照合済みCSV,
hot100,2020,2020-12-23,検証済みCSV,100,公式チャート・出典照合済みCSV,
hot100,2020,2020-12-30,検証済みCSV,100,公式チャート・出典照合済みCSV,
hot100,2021,2021-01-06,検証済みCSV,100,公式チャート・出典照合済みCSV,
hot100,2021,2021-01-13,検証済みCSV,100,公式チャート・出典照合済みCSV,
hot100,2021,2021-01-20,検証済みCSV,100,公式チャート・出典照合済みCSV,
hot100,2021,2021-01-27,検証済みCSV,100,公式チャート・出典照合済みCSV,
hot100,2021,2021-02-03,検証済みCSV,100,公式チャート・出典照合済みCSV,
hot100,2021,2021-02-10,検証済みCSV,100,公式チャート・出典照合済みCSV,
hot100,2021,2021-02-17,検証済みCSV,100,公式チャート・出典照合済みCSV,
hot100,2021,2021-02-24,検証済みCSV,100,公式チャート・出典照合済みCSV,
hot100,2021,2021-03-03,検証済みCSV,100,公式チャート・出典照合済みCSV,
hot100,2021,2021-03-10,検証済みCSV,100,公式チャート・出典照合済みCSV,
hot100,2021,2021-03-17,検証済みCSV,100,公式チャート・出典照合済みCSV,
hot100,2021,2021-03-24,検証済みCSV,100,公式チャート・出典照合済みCSV,
hot100,2021,2021-03-31,検証済みCSV,100,公式チャート・出典照合済みCSV,
hot100,2021,2021-04-07,検証済みCSV,100,公式チャート・出典照合済みCSV,
hot100,2021,2021-04-14,検証済みCSV,100,公式チャート・出典照合済みCSV,
hot100,2021,2021-04-21,検証済みCSV,100,公式チャート・出典照合済みCSV,
hot100,2021,2021-04-28,検証済みCSV,100,公式チャート・出典照合済みCSV,
hot100,2021,2021-05-05,検証済みCSV,100,公式チャート・出典照合済みCSV,
hot100,2021,2021-05-12,検証済みCSV,100,公式チャート・出典照合済みCSV,
hot100,2021,2021-05-19,検証済みCSV,100,公式チャート・出典照合済みCSV,
hot100,2021,2021-05-26,検証済みCSV,100,公式チャート・出典照合済みCSV,
hot100,2021,2021-06-02,検証済みCSV,100,公式チャート・出典照合済みCSV,
hot100,2021,2021-06-09,検証済みCSV,100,公式チャート・出典照合済みCSV,
hot100,2021,2021-06-16,検証済みCSV,100,公式チャート・出典照合済みCSV,
hot100,2021,2021-06-23,検証済みCSV,100,公式チャート・出典照合済みCSV,
hot100,2021,2021-06-30,検証済みCSV,100,公式チャート・出典照合済みCSV,
hot100,2021,2021-07-07,検証済みCSV,100,公式チャート・出典照合済みCSV,
hot100,2021,2021-07-14,検証済みCSV,100,公式チャート・出典照合済みCSV,
hot100,2021,2021-07-21,検証済みCSV,100,公式チャート・出典照合済みCSV,
hot100,2021,2021-07-28,検証済みCSV,100,公式チャート・出典照合済みCSV,
hot100,2021,2021-08-04,検証済みCSV,100,公式チャート・出典照合済みCSV,
hot100,2021,2021-08-11,検証済みCSV,100,公式チャート・出典照合済みCSV,
hot100,2021,2021-08-18,検証済みCSV,100,公式チャート・出典照合済みCSV,
hot100,2021,2021-08-25,検証済みCSV,100,公式チャート・出典照合済みCSV,
hot100,2021,2021-09-01,検証済みCSV,100,公式チャート・出典照合済みCSV,
hot100,2021,2021-09-08,検証済みCSV,100,公式チャート・出典照合済みCSV,
hot100,2021,2021-09-15,検証済みCSV,100,公式チャート・出典照合済みCSV,
hot100,2021,2021-09-22,検証済みCSV,100,公式チャート・出典照合済みCSV,
hot100,2021,2021-09-29,検証済みCSV,100,公式チャート・出典照合済みCSV,
hot100,2021,2021-10-06,検証済みCSV,100,公式チャート・出典照合済みCSV,
hot100,2021,2021-10-13,検証済みCSV,100,公式チャート・出典照合済みCSV,
hot100,2021,2021-10-20,検証済みCSV,100,公式チャート・出典照合済みCSV,
hot100,2021,2021-10-27,検証済みCSV,100,公式チャート・出典照合済みCSV,
hot100,2021,2021-11-03,検証済みCSV,100,公式チャート・出典照合済みCSV,
hot100,2021,2021-11-10,検証済みCSV,100,公式チャート・出典照合済みCSV,
hot100,2021,2021-11-17,検証済みCSV,100,公式チャート・出典照合済みCSV,
hot100,2021,2021-11-24,検証済みCSV,100,公式チャート・出典照合済みCSV,
hot100,2021,2021-12-01,検証済みCSV,100,公式チャート・出典照合済みCSV,
hot100,2021,2021-12-08,検証済みCSV,100,公式チャート・出典照合済みCSV,
hot100,2021,2021-12-15,検証済みCSV,100,公式チャート・出典照合済みCSV,
hot100,2021,2021-12-22,検証済みCSV,100,公式チャート・出典照合済みCSV,
hot100,2021,2021-12-29,検証済みCSV,100,公式チャート・出典照合済みCSV,
hot100,2022,2022-01-05,検証済みCSV,100,公式チャート・出典照合済みCSV,
hot100,2022,2022-01-12,検証済みCSV,100,公式チャート・出典照合済みCSV,
hot100,2022,2022-01-19,検証済みCSV,100,公式チャート・出典照合済みCSV,
hot100,2022,2022-01-26,検証済みCSV,100,公式チャート・出典照合済みCSV,
hot100,2022,2022-02-02,検証済みCSV,100,公式チャート・出典照合済みCSV,
hot100,2022,2022-02-09,検証済みCSV,100,公式チャート・出典照合済みCSV,
hot100,2022,2022-02-16,検証済みCSV,100,公式チャート・出典照合済みCSV,
hot100,2022,2022-02-23,検証済みCSV,100,公式チャート・出典照合済みCSV,
hot100,2022,2022-03-02,検証済みCSV,100,公式チャート・出典照合済みCSV,
hot100,2022,2022-03-09,検証済みCSV,100,公式チャート・出典照合済みCSV,
hot100,2022,2022-03-16,検証済みCSV,100,公式チャート・出典照合済みCSV,
hot100,2022,2022-03-23,検証済みCSV,100,公式チャート・出典照合済みCSV,
hot100,2022,2022-03-30,検証済みCSV,100,公式チャート・出典照合済みCSV,
hot100,2022,2022-04-06,検証済みCSV,100,公式チャート・出典照合済みCSV,
hot100,2022,2022-04-13,検証済みCSV,100,公式チャート・出典照合済みCSV,
hot100,2022,2022-04-20,検証済みCSV,100,公式チャート・出典照合済みCSV,
hot100,2022,2022-04-27,検証済みCSV,100,公式チャート・出典照合済みCSV,
hot100,2022,2022-05-04,検証済みCSV,100,公式チャート・出典照合済みCSV,
hot100,2022,2022-05-11,検証済みCSV,100,公式チャート・出典照合済みCSV,
hot100,2022,2022-05-18,検証済みCSV,100,公式チャート・出典照合済みCSV,
hot100,2022,2022-05-25,検証済みCSV,100,公式チャート・出典照合済みCSV,
hot100,2022,2022-06-01,検証済みCSV,100,公式チャート・出典照合済みCSV,
hot100,2022,2022-06-08,検証済みCSV,100,公式チャート・出典照合済みCSV,
hot100,2022,2022-06-15,検証済みCSV,100,公式チャート・出典照合済みCSV,
hot100,2022,2022-06-22,検証済みCSV,100,公式チャート・出典照合済みCSV,
hot100,2022,2022-06-29,検証済みCSV,100,公式チャート・出典照合済みCSV,
hot100,2022,2022-07-06,検証済みCSV,100,公式チャート・出典照合済みCSV,
hot100,2022,2022-07-13,検証済みCSV,100,公式チャート・出典照合済みCSV,
hot100,2022,2022-07-20,検証済みCSV,100,公式チャート・出典照合済みCSV,
hot100,2022,2022-07-27,検証済みCSV,100,公式チャート・出典照合済みCSV,
hot100,2022,2022-08-03,検証済みCSV,100,公式チャート・出典照合済みCSV,
hot100,2022,2022-08-10,検証済みCSV,100,公式チャート・出典照合済みCSV,
hot100,2022,2022-08-17,検証済みCSV,100,公式チャート・出典照合済みCSV,
hot100,2022,2022-08-24,検証済みCSV,100,公式チャート・出典照合済みCSV,
hot100,2022,2022-08-31,検証済みCSV,100,公式チャート・出典照合済みCSV,
hot100,2022,2022-09-07,検証済みCSV,100,公式チャート・出典照合済みCSV,
hot100,2022,2022-09-14,検証済みCSV,100,公式チャート・出典照合済みCSV,
hot100,2022,2022-09-21,検証済みCSV,100,公式チャート・出典照合済みCSV,
hot100,2022,2022-09-28,検証済みCSV,100,公式チャート・出典照合済みCSV,
hot100,2022,2022-10-05,検証済みCSV,100,公式チャート・出典照合済みCSV,
hot100,2022,2022-10-12,検証済みCSV,100,公式チャート・出典照合済みCSV,
hot100,2022,2022-10-19,検証済みCSV,100,公式チャート・出典照合済みCSV,
hot100,2022,2022-10-26,検証済みCSV,100,公式チャート・出典照合済みCSV,
hot100,2022,2022-11-02,検証済みCSV,100,公式チャート・出典照合済みCSV,
hot100,2022,2022-11-09,検証済みCSV,100,公式チャート・出典照合済みCSV,
hot100,2022,2022-11-16,検証済みCSV,100,公式チャート・出典照合済みCSV,
hot100,2022,2022-11-23,検証済みCSV,100,公式チャート・出典照合済みCSV,
hot100,2022,2022-11-30,検証済みCSV,100,公式チャート・出典照合済みCSV,
hot100,2022,2022-12-07,検証済みCSV,100,公式チャート・出典照合済みCSV,
hot100,2022,2022-12-14,検証済みCSV,100,公式チャート・出典照合済みCSV,
hot100,2022,2022-12-21,検証済みCSV,100,公式チャート・出典照合済みCSV,
hot100,2022,2022-12-28,検証済みCSV,100,公式チャート・出典照合済みCSV,
hot100,2023,2023-01-04,検証済みCSV,100,公式チャート・出典照合済みCSV,
hot100,2023,2023-01-11,検証済みCSV,100,公式チャート・出典照合済みCSV,
hot100,2023,2023-01-18,検証済みCSV,100,公式チャート・出典照合済みCSV,
hot100,2023,2023-01-25,検証済みCSV,100,公式チャート・出典照合済みCSV,
hot100,2023,2023-02-01,検証済みCSV,100,公式チャート・出典照合済みCSV,
hot100,2023,2023-02-08,検証済みCSV,100,公式チャート・出典照合済みCSV,
hot100,2023,2023-02-15,検証済みCSV,100,公式チャート・出典照合済みCSV,
hot100,2023,2023-02-22,検証済みCSV,100,公式チャート・出典照合済みCSV,
hot100,2023,2023-03-01,検証済みCSV,100,公式チャート・出典照合済みCSV,
hot100,2023,2023-03-08,検証済みCSV,100,公式チャート・出典照合済みCSV,
hot100,2023,2023-03-15,検証済みCSV,100,公式チャート・出典照合済みCSV,
hot100,2023,2023-03-22,検証済みCSV,100,公式チャート・出典照合済みCSV,
hot100,2023,2023-03-29,検証済みCSV,100,公式チャート・出典照合済みCSV,
hot100,2023,2023-04-05,検証済みCSV,100,公式チャート・出典照合済みCSV,
hot100,2023,2023-04-12,検証済みCSV,100,公式チャート・出典照合済みCSV,
hot100,2023,2023-04-19,検証済みCSV,100,公式チャート・出典照合済みCSV,
hot100,2023,2023-04-26,検証済みCSV,100,公式チャート・出典照合済みCSV,
hot100,2023,2023-05-03,検証済みCSV,100,公式チャート・出典照合済みCSV,
hot100,2023,2023-05-10,検証済みCSV,100,公式チャート・出典照合済みCSV,
hot100,2023,2023-05-17,検証済みCSV,100,公式チャート・出典照合済みCSV,
hot100,2023,2023-05-24,検証済みCSV,100,公式チャート・出典照合済みCSV,
hot100,2023,2023-05-31,検証済みCSV,100,公式チャート・出典照合済みCSV,
hot100,2023,2023-06-07,検証済みCSV,100,公式チャート・出典照合済みCSV,
hot100,2023,2023-06-14,検証済みCSV,100,公式チャート・出典照合済みCSV,
hot100,2023,2023-06-21,検証済みCSV,100,公式チャート・出典照合済みCSV,
hot100,2023,2023-06-28,検証済みCSV,100,公式チャート・出典照合済みCSV,
hot100,2023,2023-07-05,検証済みCSV,100,公式チャート・出典照合済みCSV,
hot100,2023,2023-07-12,検証済みCSV,100,公式チャート・出典照合済みCSV,
hot100,2023,2023-07-19,検証済みCSV,100,公式チャート・出典照合済みCSV,
hot100,2023,2023-07-26,検証済みCSV,100,公式チャート・出典照合済みCSV,
hot100,2023,2023-08-02,検証済みCSV,100,公式チャート・出典照合済みCSV,
hot100,2023,2023-08-09,検証済みCSV,100,公式チャート・出典照合済みCSV,
hot100,2023,2023-08-16,検証済みCSV,100,公式チャート・出典照合済みCSV,
hot100,2023,2023-08-23,検証済みCSV,100,公式チャート・出典照合済みCSV,
hot100,2023,2023-08-30,検証済みCSV,100,公式チャート・出典照合済みCSV,
hot100,2023,2023-09-06,検証済みCSV,100,公式チャート・出典照合済みCSV,
hot100,2023,2023-09-13,検証済みCSV,100,公式チャート・出典照合済みCSV,
hot100,2023,2023-09-20,検証済みCSV,100,公式チャート・出典照合済みCSV,
hot100,2023,2023-09-27,検証済みCSV,100,公式チャート・出典照合済みCSV,
hot100,2023,2023-10-04,検証済みCSV,100,公式チャート・出典照合済みCSV,
hot100,2023,2023-10-11,検証済みCSV,100,公式チャート・出典照合済みCSV,
hot100,2023,2023-10-18,検証済みCSV,100,公式チャート・出典照合済みCSV,
hot100,2023,2023-10-25,検証済みCSV,100,公式チャート・出典照合済みCSV,
hot100,2023,2023-11-01,検証済みCSV,100,公式チャート・出典照合済みCSV,
hot100,2023,2023-11-08,検証済みCSV,100,公式チャート・出典照合済みCSV,
hot100,2023,2023-11-15,検証済みCSV,100,公式チャート・出典照合済みCSV,
hot100,2023,2023-11-22,検証済みCSV,100,公式チャート・出典照合済みCSV,
hot100,2023,2023-11-29,検証済みCSV,100,公式チャート・出典照合済みCSV,
hot100,2023,2023-12-06,検証済みCSV,100,公式チャート・出典照合済みCSV,
hot100,2023,2023-12-13,検証済みCSV,100,公式チャート・出典照合済みCSV,
hot100,2023,2023-12-20,検証済みCSV,100,公式チャート・出典照合済みCSV,
hot100,2023,2023-12-27,検証済みCSV,100,公式チャート・出典照合済みCSV,
hot100,2024,2024-01-03,検証済みCSV,100,公式チャート・出典照合済みCSV,
hot100,2024,2024-01-10,検証済みCSV,100,公式チャート・出典照合済みCSV,
hot100,2024,2024-01-17,検証済みCSV,100,公式チャート・出典照合済みCSV,
hot100,2024,2024-01-24,検証済みCSV,100,公式チャート・出典照合済みCSV,
hot100,2024,2024-01-31,検証済みCSV,100,公式チャート・出典照合済みCSV,
hot100,2024,2024-02-07,検証済みCSV,100,公式チャート・出典照合済みCSV,
hot100,2024,2024-02-14,検証済みCSV,100,公式チャート・出典照合済みCSV,
hot100,2024,2024-02-21,検証済みCSV,100,公式チャート・出典照合済みCSV,
hot100,2024,2024-02-28,検証済みCSV,100,公式チャート・出典照合済みCSV,
hot100,2024,2024-03-06,検証済みCSV,100,公式チャート・出典照合済みCSV,
hot100,2024,2024-03-13,検証済みCSV,100,公式チャート・出典照合済みCSV,
hot100,2024,2024-03-20,検証済みCSV,100,公式チャート・出典照合済みCSV,
hot100,2024,2024-03-27,検証済みCSV,100,公式チャート・出典照合済みCSV,
hot100,2024,2024-04-03,検証済みCSV,100,公式チャート・出典照合済みCSV,
hot100,2024,2024-04-10,検証済みCSV,100,公式チャート・出典照合済みCSV,
hot100,2024,2024-04-17,検証済みCSV,100,公式チャート・出典照合済みCSV,
hot100,2024,2024-04-24,検証済みCSV,100,公式チャート・出典照合済みCSV,
hot100,2024,2024-05-01,検証済みCSV,100,公式チャート・出典照合済みCSV,
hot100,2024,2024-05-08,検証済みCSV,100,公式チャート・出典照合済みCSV,
hot100,2024,2024-05-15,検証済みCSV,100,公式チャート・出典照合済みCSV,
hot100,2024,2024-05-22,検証済みCSV,100,公式チャート・出典照合済みCSV,
hot100,2024,2024-05-29,検証済みCSV,100,公式チャート・出典照合済みCSV,
hot100,2024,2024-06-05,検証済みCSV,100,公式チャート・出典照合済みCSV,
hot100,2024,2024-06-12,検証済みCSV,100,公式チャート・出典照合済みCSV,
hot100,2024,2024-06-19,検証済みCSV,100,公式チャート・出典照合済みCSV,
hot100,2024,2024-06-26,検証済みCSV,100,公式チャート・出典照合済みCSV,
hot100,2024,2024-07-03,検証済みCSV,100,公式チャート・出典照合済みCSV,
hot100,2024,2024-07-10,検証済みCSV,100,公式チャート・出典照合済みCSV,
hot100,2024,2024-07-17,検証済みCSV,100,公式チャート・出典照合済みCSV,
hot100,2024,2024-07-24,検証済みCSV,100,公式チャート・出典照合済みCSV,
hot100,2024,2024-07-31,検証済みCSV,100,公式チャート・出典照合済みCSV,
hot100,2024,2024-08-07,検証済みCSV,100,公式チャート・出典照合済みCSV,
hot100,2024,2024-08-14,検証済みCSV,100,公式チャート・出典照合済みCSV,
hot100,2024,2024-08-21,検証済みCSV,100,公式チャート・出典照合済みCSV,
hot100,2024,2024-08-28,検証済みCSV,100,公式チャート・出典照合済みCSV,
hot100,2024,2024-09-04,検証済みCSV,100,公式チャート・出典照合済みCSV,
hot100,2024,2024-09-11,検証済みCSV,100,公式チャート・出典照合済みCSV,
hot100,2024,2024-09-18,検証済みCSV,100,公式チャート・出典照合済みCSV,
hot100,2024,2024-09-25,検証済みCSV,100,公式チャート・出典照合済みCSV,
hot100,2024,2024-10-02,検証済みCSV,100,公式チャート・出典照合済みCSV,
hot100,2024,2024-10-09,検証済みCSV,100,公式チャート・出典照合済みCSV,
hot100,2024,2024-10-16,検証済みCSV,100,公式チャート・出典照合済みCSV,
hot100,2024,2024-10-23,検証済みCSV,100,公式チャート・出典照合済みCSV,
hot100,2024,2024-10-30,検証済みCSV,100,公式チャート・出典照合済みCSV,
hot100,2024,2024-11-06,検証済みCSV,100,公式チャート・出典照合済みCSV,
hot100,2024,2024-11-13,検証済みCSV,100,公式チャート・出典照合済みCSV,
hot100,2024,2024-11-20,検証済みCSV,100,公式チャート・出典照合済みCSV,
hot100,2024,2024-11-27,検証済みCSV,100,公式チャート・出典照合済みCSV,
hot100,2024,2024-12-04,検証済みCSV,100,公式チャート・出典照合済みCSV,
hot100,2024,2024-12-11,検証済みCSV,100,公式チャート・出典照合済みCSV,
hot100,2024,2024-12-18,検証済みCSV,100,公式チャート・出典照合済みCSV,
hot100,2024,2024-12-25,検証済みCSV,100,公式チャート・出典照合済みCSV,
hot100,2025,2025-01-01,検証済みCSV,100,公式チャート・出典照合済みCSV,
hot100,2025,2025-01-08,検証済みCSV,100,公式チャート・出典照合済みCSV,
hot100,2025,2025-01-15,検証済みCSV,100,公式チャート・出典照合済みCSV,
hot100,2025,2025-01-22,検証済みCSV,100,公式チャート・出典照合済みCSV,
hot100,2025,2025-01-29,検証済みCSV,100,公式チャート・出典照合済みCSV,
hot100,2025,2025-02-05,検証済みCSV,100,公式チャート・出典照合済みCSV,
hot100,2025,2025-02-12,検証済みCSV,100,公式チャート・出典照合済みCSV,
hot100,2025,2025-02-19,検証済みCSV,100,公式チャート・出典照合済みCSV,
hot100,2025,2025-02-26,検証済みCSV,100,公式チャート・出典照合済みCSV,
hot100,2025,2025-03-05,検証済みCSV,100,公式チャート・出典照合済みCSV,
hot100,2025,2025-03-12,検証済みCSV,100,公式チャート・出典照合済みCSV,
hot100,2025,2025-03-19,検証済みCSV,100,公式チャート・出典照合済みCSV,
hot100,2025,2025-03-26,検証済みCSV,100,公式チャート・出典照合済みCSV,
hot100,2025,2025-04-02,検証済みCSV,100,公式チャート・出典照合済みCSV,
hot100,2025,2025-04-09,検証済みCSV,100,公式チャート・出典照合済みCSV,
hot100,2025,2025-04-16,検証済みCSV,100,公式チャート・出典照合済みCSV,
hot100,2025,2025-04-23,検証済みCSV,100,公式チャート・出典照合済みCSV,
hot100,2025,2025-04-30,検証済みCSV,100,公式チャート・出典照合済みCSV,
hot100,2025,2025-05-07,検証済みCSV,100,公式チャート・出典照合済みCSV,
hot100,2025,2025-05-14,検証済みCSV,100,公式チャート・出典照合済みCSV,
hot100,2025,2025-05-21,検証済みCSV,100,公式チャート・出典照合済みCSV,
hot100,2025,2025-05-28,検証済みCSV,100,公式チャート・出典照合済みCSV,
hot100,2025,2025-06-04,検証済みCSV,100,公式チャート・出典照合済みCSV,
hot100,2025,2025-06-11,検証済みCSV,100,公式チャート・出典照合済みCSV,
hot100,2025,2025-06-18,検証済みCSV,100,公式チャート・出典照合済みCSV,
hot100,2025,2025-06-25,検証済みCSV,100,公式チャート・出典照合済みCSV,
hot100,2025,2025-07-02,検証済みCSV,100,公式チャート・出典照合済みCSV,
hot100,2025,2025-07-09,検証済みCSV,100,公式チャート・出典照合済みCSV,
hot100,2025,2025-07-16,検証済みCSV,100,公式チャート・出典照合済みCSV,
hot100,2025,2025-07-23,検証済みCSV,100,公式チャート・出典照合済みCSV,
hot100,2025,2025-07-30,検証済みCSV,100,公式チャート・出典照合済みCSV,
hot100,2025,2025-08-06,検証済みCSV,100,公式チャート・出典照合済みCSV,
hot100,2025,2025-08-13,検証済みCSV,100,公式チャート・出典照合済みCSV,
hot100,2025,2025-08-20,検証済みCSV,100,公式チャート・出典照合済みCSV,
hot100,2025,2025-08-27,検証済みCSV,100,公式チャート・出典照合済みCSV,
hot100,2025,2025-09-03,検証済みCSV,100,公式チャート・出典照合済みCSV,
hot100,2025,2025-09-10,検証済みCSV,100,公式チャート・出典照合済みCSV,
hot100,2025,2025-09-17,検証済みCSV,100,公式チャート・出典照合済みCSV,
hot100,2025,2025-09-24,検証済みCSV,100,公式チャート・出典照合済みCSV,
hot100,2025,2025-10-01,検証済みCSV,100,公式チャート・出典照合済みCSV,
hot100,2025,2025-10-08,検証済みCSV,100,公式チャート・出典照合済みCSV,
hot100,2025,2025-10-15,検証済みCSV,100,公式チャート・出典照合済みCSV,
hot100,2025,2025-10-22,検証済みCSV,100,公式チャート・出典照合済みCSV,
hot100,2025,2025-10-29,検証済みCSV,100,公式チャート・出典照合済みCSV,
hot100,2025,2025-11-05,検証済みCSV,100,公式チャート・出典照合済みCSV,
hot100,2025,2025-11-12,検証済みCSV,100,公式チャート・出典照合済みCSV,
hot100,2025,2025-11-19,検証済みCSV,100,公式チャート・出典照合済みCSV,
hot100,2025,2025-11-26,検証済みCSV,100,公式チャート・出典照合済みCSV,
hot100,2025,2025-12-03,検証済みCSV,100,公式チャート・出典照合済みCSV,
hot100,2025,2025-12-10,検証済みCSV,100,公式チャート・出典照合済みCSV,
hot100,2025,2025-12-17,検証済みCSV,100,公式チャート・出典照合済みCSV,
hot100,2025,2025-12-24,検証済みCSV,100,公式チャート・出典照合済みCSV,
hot100,2025,2025-12-31,検証済みCSV,100,公式チャート・出典照合済みCSV,
hot100,2026,2026-01-07,検証済みCSV,100,公式チャート・出典照合済みCSV,
hot100,2026,2026-01-14,検証済みCSV,100,公式チャート・出典照合済みCSV,
hot100,2026,2026-01-21,検証済みCSV,100,公式チャート・出典照合済みCSV,
hot100,2026,2026-01-28,検証済みCSV,100,公式チャート・出典照合済みCSV,
hot100,2026,2026-02-04,検証済みCSV,100,公式チャート・出典照合済みCSV,
hot100,2026,2026-02-11,検証済みCSV,100,公式チャート・出典照合済みCSV,
hot100,2026,2026-02-18,検証済みCSV,100,公式チャート・出典照合済みCSV,
hot100,2026,2026-02-25,検証済みCSV,100,公式チャート・出典照合済みCSV,
hot100,2026,2026-03-04,検証済みCSV,100,公式チャート・出典照合済みCSV,
hot100,2026,2026-03-11,検証済みCSV,100,公式チャート・出典照合済みCSV,
hot100,2026,2026-03-18,検証済みCSV,100,公式チャート・出典照合済みCSV,
hot100,2026,2026-03-25,検証済みCSV,100,公式チャート・出典照合済みCSV,
hot100,2026,2026-04-01,検証済みCSV,100,公式チャート・出典照合済みCSV,
hot100,2026,2026-04-08,検証済みCSV,100,公式チャート・出典照合済みCSV,
hot100,2026,2026-04-15,検証済みCSV,100,公式チャート・出典照合済みCSV,
hot100,2026,2026-04-22,検証済みCSV,100,公式チャート・出典照合済みCSV,
hot100,2026,2026-04-29,検証済みCSV,100,公式チャート・出典照合済みCSV,
hot100,2026,2026-05-06,検証済みCSV,100,公式チャート・出典照合済みCSV,
hot100,2026,2026-05-13,検証済みCSV,100,公式チャート・出典照合済みCSV,
hot100,2026,2026-05-20,検証済みCSV,100,公式チャート・出典照合済みCSV,
hot100,2026,2026-05-27,検証済みCSV,100,公式チャート・出典照合済みCSV,
hot100,2026,2026-06-03,検証済みCSV,100,公式チャート・出典照合済みCSV,
hot100,2026,2026-06-10,検証済みCSV,100,公式チャート・出典照合済みCSV,
hot100,2026,2026-06-17,検証済みCSV,100,公式チャート・出典照合済みCSV,
hot100,2026,2026-06-24,検証済みCSV,100,公式チャート・出典照合済みCSV,
hot100,2026,2026-07-01,検証済みCSV,100,公式チャート・出典照合済みCSV,
hot100,2026,2026-07-08,検証済みCSV,100,公式チャート・出典照合済みCSV,
hot100,2026,2026-07-15,検証済みCSV,100,公式チャート・出典照合済みCSV,
hot100,2026,2026-07-22,検証済みCSV,100,公式チャート・出典照合済みCSV,
hot100,2026,2026-07-29,検証済みCSV,100,公式チャート・出典照合済みCSV,
hot100,2026,2026-08-05,検証済みCSV,100,公式チャート・出典照合済みCSV,
hot100,2026,2026-08-12,検証済みCSV,100,公式チャート・出典照合済みCSV,
hot100,2026,2026-08-19,検証済みCSV,100,公式チャート・出典照合済みCSV,
hot100,2026,2026-08-26,検証済みCSV,100,公式チャート・出典照合済みCSV,
hot100,2026,2026-09-02,検証済みCSV,100,公式チャート・出典照合済みCSV,
hot100,2026,2026-09-09,検証済みCSV,100,公式チャート・出典照合済みCSV,
hot100,2026,2026-09-16,検証済みCSV,100,公式チャート・出典照合済みCSV,
hot100,2026,2026-09-23,検証済みCSV,100,公式チャート・出典照合済みCSV,
hot100,2026,2026-09-30,検証済みCSV,100,公式チャート・出典照合済みCSV,
hot100,2026,2026-10-07,検証済みCSV,100,公式チャート・出典照合済みCSV,
stsongs,2017,2017-10-04,検証済みCSV,100,公式チャート・出典照合済みCSV,
stsongs,2017,2017-10-11,検証済みCSV,100,公式チャート・出典照合済みCSV,
stsongs,2017,2017-10-18,検証済みCSV,100,公式チャート・出典照合済みCSV,
stsongs,2017,2017-10-25,検証済みCSV,100,公式チャート・出典照合済みCSV,
stsongs,2017,2017-11-01,検証済みCSV,100,公式チャート・出典照合済みCSV,
stsongs,2017,2017-11-08,検証済みCSV,100,公式チャート・出典照合済みCSV,
stsongs,2017,2017-11-15,検証済みCSV,100,公式チャート・出典照合済みCSV,
stsongs,2017,2017-11-22,検証済みCSV,100,公式チャート・出典照合済みCSV,
stsongs,2017,2017-11-29,検証済みCSV,100,公式チャート・出典照合済みCSV,
stsongs,2017,2017-12-06,検証済みCSV,100,公式チャート・出典照合済みCSV,
stsongs,2017,2017-12-13,検証済みCSV,100,公式チャート・出典照合済みCSV,
stsongs,2017,2017-12-20,検証済みCSV,100,公式チャート・出典照合済みCSV,
stsongs,2017,2017-12-27,検証済みCSV,101,公式チャート・出典照合済みCSV,
stsongs,2018,2018-01-03,検証済みCSV,100,公式チャート・出典照合済みCSV,
stsongs,2018,2018-01-10,検証済みCSV,100,公式チャート・出典照合済みCSV,
stsongs,2018,2018-01-17,検証済みCSV,100,公式チャート・出典照合済みCSV,
stsongs,2018,2018-01-24,検証済みCSV,100,公式チャート・出典照合済みCSV,
stsongs,2018,2018-01-31,検証済みCSV,100,公式チャート・出典照合済みCSV,
stsongs,2018,2018-02-07,検証済みCSV,100,公式チャート・出典照合済みCSV,
stsongs,2018,2018-02-14,検証済みCSV,100,公式チャート・出典照合済みCSV,
stsongs,2018,2018-02-21,検証済みCSV,100,公式チャート・出典照合済みCSV,
stsongs,2018,2018-02-28,検証済みCSV,100,公式チャート・出典照合済みCSV,
stsongs,2018,2018-03-07,検証済みCSV,100,公式チャート・出典照合済みCSV,
stsongs,2018,2018-03-14,検証済みCSV,100,公式チャート・出典照合済みCSV,
stsongs,2018,2018-03-21,検証済みCSV,100,公式チャート・出典照合済みCSV,
stsongs,2018,2018-03-28,検証済みCSV,100,公式チャート・出典照合済みCSV,
stsongs,2018,2018-04-04,検証済みCSV,100,公式チャート・出典照合済みCSV,
stsongs,2018,2018-04-11,検証済みCSV,100,公式チャート・出典照合済みCSV,
stsongs,2018,2018-04-18,検証済みCSV,100,公式チャート・出典照合済みCSV,
stsongs,2018,2018-04-25,検証済みCSV,100,公式チャート・出典照合済みCSV,
stsongs,2018,2018-05-02,検証済みCSV,100,公式チャート・出典照合済みCSV,
stsongs,2018,2018-05-09,検証済みCSV,100,公式チャート・出典照合済みCSV,
stsongs,2018,2018-05-16,検証済みCSV,100,公式チャート・出典照合済みCSV,
stsongs,2018,2018-05-23,検証済みCSV,100,公式チャート・出典照合済みCSV,
stsongs,2018,2018-05-30,検証済みCSV,100,公式チャート・出典照合済みCSV,
stsongs,2018,2018-06-06,検証済みCSV,100,公式チャート・出典照合済みCSV,
stsongs,2018,2018-06-13,検証済みCSV,100,公式チャート・出典照合済みCSV,
stsongs,2018,2018-06-20,検証済みCSV,100,公式チャート・出典照合済みCSV,
stsongs,2018,2018-06-27,検証済みCSV,100,公式チャート・出典照合済みCSV,
stsongs,2018,2018-07-04,検証済みCSV,100,公式チャート・出典照合済みCSV,
stsongs,2018,2018-07-11,検証済みCSV,100,公式チャート・出典照合済みCSV,
stsongs,2018,2018-07-18,検証済みCSV,100,公式チャート・出典照合済みCSV,
stsongs,2018,2018-07-25,検証済みCSV,100,公式チャート・出典照合済みCSV,
stsongs,2018,2018-08-01,検証済みCSV,100,公式チャート・出典照合済みCSV,
stsongs,2018,2018-08-08,検証済みCSV,100,公式チャート・出典照合済みCSV,
stsongs,2018,2018-08-15,検証済みCSV,100,公式チャート・出典照合済みCSV,
stsongs,2018,2018-08-22,検証済みCSV,100,公式チャート・出典照合済みCSV,
stsongs,2018,2018-08-29,検証済みCSV,100,公式チャート・出典照合済みCSV,
stsongs,2018,2018-09-05,検証済みCSV,100,公式チャート・出典照合済みCSV,
stsongs,2018,2018-09-12,検証済みCSV,100,公式チャート・出典照合済みCSV,
stsongs,2018,2018-09-19,検証済みCSV,100,公式チャート・出典照合済みCSV,
stsongs,2018,2018-09-26,検証済みCSV,100,公式チャート・出典照合済みCSV,
stsongs,2018,2018-10-03,検証済みCSV,100,公式チャート・出典照合済みCSV,
stsongs,2018,2018-10-10,検証済みCSV,100,公式チャート・出典照合済みCSV,
stsongs,2018,2018-10-17,検証済みCSV,100,公式チャート・出典照合済みCSV,
stsongs,2018,2018-10-24,検証済みCSV,100,公式チャート・出典照合済みCSV,
stsongs,2018,2018-10-31,検証済みCSV,100,公式チャート・出典照合済みCSV,
stsongs,2018,2018-11-07,検証済みCSV,100,公式チャート・出典照合済みCSV,
stsongs,2018,2018-11-14,検証済みCSV,100,公式チャート・出典照合済みCSV,
stsongs,2018,2018-11-21,検証済みCSV,100,公式チャート・出典照合済みCSV,
stsongs,2018,2018-11-28,検証済みCSV,100,公式チャート・出典照合済みCSV,
stsongs,2018,2018-12-05,検証済みCSV,100,公式チャート・出典照合済みCSV,
stsongs,2018,2018-12-12,検証済みCSV,100,公式チャート・出典照合済みCSV,
stsongs,2018,2018-12-19,検証済みCSV,100,公式チャート・出典照合済みCSV,
stsongs,2018,2018-12-26,検証済みCSV,100,公式チャート・出典照合済みCSV,
stsongs,2019,2019-01-02,検証済みCSV,100,公式チャート・出典照合済みCSV,
stsongs,2019,2019-01-09,検証済みCSV,100,公式チャート・出典照合済みCSV,
stsongs,2019,2019-01-16,検証済みCSV,100,公式チャート・出典照合済みCSV,
stsongs,2019,2019-01-23,検証済みCSV,100,公式チャート・出典照合済みCSV,
stsongs,2019,2019-01-30,検証済みCSV,100,公式チャート・出典照合済みCSV,
stsongs,2019,2019-02-06,検証済みCSV,100,公式チャート・出典照合済みCSV,
stsongs,2019,2019-02-13,検証済みCSV,100,公式チャート・出典照合済みCSV,
stsongs,2019,2019-02-20,検証済みCSV,100,公式チャート・出典照合済みCSV,
stsongs,2019,2019-02-27,検証済みCSV,100,公式チャート・出典照合済みCSV,
stsongs,2019,2019-03-06,検証済みCSV,100,公式チャート・出典照合済みCSV,
stsongs,2019,2019-03-13,検証済みCSV,100,公式チャート・出典照合済みCSV,
stsongs,2019,2019-03-20,検証済みCSV,100,公式チャート・出典照合済みCSV,
stsongs,2019,2019-03-27,検証済みCSV,100,公式チャート・出典照合済みCSV,
stsongs,2019,2019-04-03,検証済みCSV,100,公式チャート・出典照合済みCSV,
stsongs,2019,2019-04-10,検証済みCSV,100,公式チャート・出典照合済みCSV,
stsongs,2019,2019-04-17,検証済みCSV,100,公式チャート・出典照合済みCSV,
stsongs,2019,2019-04-24,検証済みCSV,100,公式チャート・出典照合済みCSV,
stsongs,2019,2019-05-01,検証済みCSV,100,公式チャート・出典照合済みCSV,
stsongs,2019,2019-05-08,検証済みCSV,100,公式チャート・出典照合済みCSV,
stsongs,2019,2019-05-15,検証済みCSV,100,公式チャート・出典照合済みCSV,
stsongs,2019,2019-05-22,検証済みCSV,100,公式チャート・出典照合済みCSV,
stsongs,2019,2019-05-29,検証済みCSV,100,公式チャート・出典照合済みCSV,
stsongs,2019,2019-06-05,検証済みCSV,100,公式チャート・出典照合済みCSV,
stsongs,2019,2019-06-12,検証済みCSV,100,公式チャート・出典照合済みCSV,
stsongs,2019,2019-06-19,検証済みCSV,100,公式チャート・出典照合済みCSV,
stsongs,2019,2019-06-26,検証済みCSV,100,公式チャート・出典照合済みCSV,
stsongs,2019,2019-07-03,検証済みCSV,100,公式チャート・出典照合済みCSV,
stsongs,2019,2019-07-10,検証済みCSV,100,公式チャート・出典照合済みCSV,
stsongs,2019,2019-07-17,検証済みCSV,100,公式チャート・出典照合済みCSV,
stsongs,2019,2019-07-24,検証済みCSV,100,公式チャート・出典照合済みCSV,
stsongs,2019,2019-07-31,検証済みCSV,100,公式チャート・出典照合済みCSV,
stsongs,2019,2019-08-07,検証済みCSV,100,公式チャート・出典照合済みCSV,
stsongs,2019,2019-08-14,検証済みCSV,100,公式チャート・出典照合済みCSV,
stsongs,2019,2019-08-21,検証済みCSV,100,公式チャート・出典照合済みCSV,
stsongs,2019,2019-08-28,検証済みCSV,100,公式チャート・出典照合済みCSV,
stsongs,2019,2019-09-04,検証済みCSV,100,公式チャート・出典照合済みCSV,
stsongs,2019,2019-09-11,検証済みCSV,100,公式チャート・出典照合済みCSV,
stsongs,2019,2019-09-18,検証済みCSV,100,公式チャート・出典照合済みCSV,
stsongs,2019,2019-09-25,検証済みCSV,100,公式チャート・出典照合済みCSV,
stsongs,2019,2019-10-02,検証済みCSV,100,公式チャート・出典照合済みCSV,
stsongs,2019,2019-10-09,検証済みCSV,100,公式チャート・出典照合済みCSV,
stsongs,2019,2019-10-16,検証済みCSV,100,公式チャート・出典照合済みCSV,
stsongs,2019,2019-10-23,検証済みCSV,100,公式チャート・出典照合済みCSV,
stsongs,2019,2019-10-30,検証済みCSV,100,公式チャート・出典照合済みCSV,
stsongs,2019,2019-11-06,検証済みCSV,100,公式チャート・出典照合済みCSV,
stsongs,2019,2019-11-13,検証済みCSV,100,公式チャート・出典照合済みCSV,
stsongs,2019,2019-11-20,検証済みCSV,100,公式チャート・出典照合済みCSV,
stsongs,2019,2019-11-27,検証済みCSV,100,公式チャート・出典照合済みCSV,
stsongs,2019,2019-12-04,検証済みCSV,100,公式チャート・出典照合済みCSV,
stsongs,2019,2019-12-11,検証済みCSV,100,公式チャート・出典照合済みCSV,
stsongs,2019,2019-12-18,検証済みCSV,100,公式チャート・出典照合済みCSV,
stsongs,2019,2019-12-25,検証済みCSV,100,公式チャート・出典照合済みCSV,
stsongs,2020,2020-01-01,検証済みCSV,100,公式チャート・出典照合済みCSV,
stsongs,2020,2020-01-08,検証済みCSV,100,公式チャート・出典照合済みCSV,
stsongs,2020,2020-01-15,検証済みCSV,100,公式チャート・出典照合済みCSV,
stsongs,2020,2020-01-22,検証済みCSV,100,公式チャート・出典照合済みCSV,
stsongs,2020,2020-01-29,検証済みCSV,100,公式チャート・出典照合済みCSV,
stsongs,2020,2020-02-05,検証済みCSV,100,公式チャート・出典照合済みCSV,
stsongs,2020,2020-02-12,検証済みCSV,100,公式チャート・出典照合済みCSV,
stsongs,2020,2020-02-19,検証済みCSV,100,公式チャート・出典照合済みCSV,
stsongs,2020,2020-02-26,検証済みCSV,100,公式チャート・出典照合済みCSV,
stsongs,2020,2020-03-04,検証済みCSV,100,公式チャート・出典照合済みCSV,
stsongs,2020,2020-03-11,検証済みCSV,100,公式チャート・出典照合済みCSV,
stsongs,2020,2020-03-18,検証済みCSV,100,公式チャート・出典照合済みCSV,
stsongs,2020,2020-03-25,検証済みCSV,100,公式チャート・出典照合済みCSV,
stsongs,2020,2020-04-01,検証済みCSV,100,公式チャート・出典照合済みCSV,
stsongs,2020,2020-04-08,検証済みCSV,100,公式チャート・出典照合済みCSV,
stsongs,2020,2020-04-15,検証済みCSV,100,公式チャート・出典照合済みCSV,
stsongs,2020,2020-04-22,検証済みCSV,100,公式チャート・出典照合済みCSV,
stsongs,2020,2020-04-29,検証済みCSV,100,公式チャート・出典照合済みCSV,
stsongs,2020,2020-05-06,検証済みCSV,100,公式チャート・出典照合済みCSV,
stsongs,2020,2020-05-13,検証済みCSV,100,公式チャート・出典照合済みCSV,
stsongs,2020,2020-05-20,検証済みCSV,100,公式チャート・出典照合済みCSV,
stsongs,2020,2020-05-27,検証済みCSV,100,公式チャート・出典照合済みCSV,
stsongs,2020,2020-06-03,検証済みCSV,100,公式チャート・出典照合済みCSV,
stsongs,2020,2020-06-10,検証済みCSV,100,公式チャート・出典照合済みCSV,
stsongs,2020,2020-06-17,検証済みCSV,100,公式チャート・出典照合済みCSV,
stsongs,2020,2020-06-24,検証済みCSV,100,公式チャート・出典照合済みCSV,
stsongs,2020,2020-07-01,検証済みCSV,100,公式チャート・出典照合済みCSV,
stsongs,2020,2020-07-08,検証済みCSV,100,公式チャート・出典照合済みCSV,
stsongs,2020,2020-07-15,検証済みCSV,100,公式チャート・出典照合済みCSV,
stsongs,2020,2020-07-22,検証済みCSV,100,公式チャート・出典照合済みCSV,
stsongs,2020,2020-07-29,検証済みCSV,100,公式チャート・出典照合済みCSV,
stsongs,2020,2020-08-05,検証済みCSV,100,公式チャート・出典照合済みCSV,
stsongs,2020,2020-08-12,検証済みCSV,100,公式チャート・出典照合済みCSV,
stsongs,2020,2020-08-19,検証済みCSV,100,公式チャート・出典照合済みCSV,
stsongs,2020,2020-08-26,検証済みCSV,100,公式チャート・出典照合済みCSV,
stsongs,2020,2020-09-02,検証済みCSV,100,公式チャート・出典照合済みCSV,
stsongs,2020,2020-09-09,検証済みCSV,100,公式チャート・出典照合済みCSV,
stsongs,2020,2020-09-16,検証済みCSV,100,公式チャート・出典照合済みCSV,
stsongs,2020,2020-09-23,検証済みCSV,100,公式チャート・出典照合済みCSV,
stsongs,2020,2020-09-30,検証済みCSV,100,公式チャート・出典照合済みCSV,
stsongs,2020,2020-10-07,検証済みCSV,100,公式チャート・出典照合済みCSV,
stsongs,2020,2020-10-14,検証済みCSV,100,公式チャート・出典照合済みCSV,
stsongs,2020,2020-10-21,検証済みCSV,100,公式チャート・出典照合済みCSV,
stsongs,2020,2020-10-28,検証済みCSV,100,公式チャート・出典照合済みCSV,
stsongs,2020,2020-11-04,検証済みCSV,100,公式チャート・出典照合済みCSV,
stsongs,2020,2020-11-11,検証済みCSV,100,公式チャート・出典照合済みCSV,
stsongs,2020,2020-11-18,検証済みCSV,100,公式チャート・出典照合済みCSV,
stsongs,2020,2020-11-25,検証済みCSV,100,公式チャート・出典照合済みCSV,
stsongs,2020,2020-12-02,検証済みCSV,100,公式チャート・出典照合済みCSV,
stsongs,2020,2020-12-09,検証済みCSV,100,公式チャート・出典照合済みCSV,
stsongs,2020,2020-12-16,検証済みCSV,100,公式チャート・出典照合済みCSV,
stsongs,2020,2020-12-23,検証済みCSV,100,公式チャート・出典照合済みCSV,
stsongs,2020,2020-12-30,検証済みCSV,100,公式チャート・出典照合済みCSV,
stsongs,2021,2021-01-06,検証済みCSV,100,公式チャート・出典照合済みCSV,
stsongs,2021,2021-01-13,検証済みCSV,100,公式チャート・出典照合済みCSV,
stsongs,2021,2021-01-20,検証済みCSV,100,公式チャート・出典照合済みCSV,
stsongs,2021,2021-01-27,検証済みCSV,100,公式チャート・出典照合済みCSV,
stsongs,2021,2021-02-03,検証済みCSV,100,公式チャート・出典照合済みCSV,
stsongs,2021,2021-02-10,検証済みCSV,100,公式チャート・出典照合済みCSV,
stsongs,2021,2021-02-17,検証済みCSV,100,公式チャート・出典照合済みCSV,
stsongs,2021,2021-02-24,検証済みCSV,100,公式チャート・出典照合済みCSV,
stsongs,2021,2021-03-03,検証済みCSV,100,公式チャート・出典照合済みCSV,
stsongs,2021,2021-03-10,検証済みCSV,100,公式チャート・出典照合済みCSV,
stsongs,2021,2021-03-17,検証済みCSV,100,公式チャート・出典照合済みCSV,
stsongs,2021,2021-03-24,検証済みCSV,100,公式チャート・出典照合済みCSV,
stsongs,2021,2021-03-31,検証済みCSV,100,公式チャート・出典照合済みCSV,
stsongs,2021,2021-04-07,検証済みCSV,100,公式チャート・出典照合済みCSV,
stsongs,2021,2021-04-14,検証済みCSV,100,公式チャート・出典照合済みCSV,
stsongs,2021,2021-04-21,検証済みCSV,100,公式チャート・出典照合済みCSV,
stsongs,2021,2021-04-28,検証済みCSV,100,公式チャート・出典照合済みCSV,
stsongs,2021,2021-05-05,検証済みCSV,100,公式チャート・出典照合済みCSV,
stsongs,2021,2021-05-12,検証済みCSV,100,公式チャート・出典照合済みCSV,
stsongs,2021,2021-05-19,検証済みCSV,100,公式チャート・出典照合済みCSV,
stsongs,2021,2021-05-26,検証済みCSV,100,公式チャート・出典照合済みCSV,
stsongs,2021,2021-06-02,検証済みCSV,100,公式チャート・出典照合済みCSV,
stsongs,2021,2021-06-09,検証済みCSV,100,公式チャート・出典照合済みCSV,
stsongs,2021,2021-06-16,検証済みCSV,100,公式チャート・出典照合済みCSV,
stsongs,2021,2021-06-23,検証済みCSV,100,公式チャート・出典照合済みCSV,
stsongs,2021,2021-06-30,検証済みCSV,100,公式チャート・出典照合済みCSV,
stsongs,2021,2021-07-07,検証済みCSV,100,公式チャート・出典照合済みCSV,
stsongs,2021,2021-07-14,検証済みCSV,100,公式チャート・出典照合済みCSV,
stsongs,2021,2021-07-21,検証済みCSV,100,公式チャート・出典照合済みCSV,
stsongs,2021,2021-07-28,検証済みCSV,100,公式チャート・出典照合済みCSV,
stsongs,2021,2021-08-04,検証済みCSV,100,公式チャート・出典照合済みCSV,
stsongs,2021,2021-08-11,検証済みCSV,100,公式チャート・出典照合済みCSV,
stsongs,2021,2021-08-18,検証済みCSV,100,公式チャート・出典照合済みCSV,
stsongs,2021,2021-08-25,検証済みCSV,100,公式チャート・出典照合済みCSV,
stsongs,2021,2021-09-01,検証済みCSV,100,公式チャート・出典照合済みCSV,
stsongs,2021,2021-09-08,検証済みCSV,100,公式チャート・出典照合済みCSV,
stsongs,2021,2021-09-15,検証済みCSV,100,公式チャート・出典照合済みCSV,
stsongs,2021,2021-09-22,検証済みCSV,100,公式チャート・出典照合済みCSV,
stsongs,2021,2021-09-29,検証済みCSV,100,公式チャート・出典照合済みCSV,
stsongs,2021,2021-10-06,検証済みCSV,100,公式チャート・出典照合済みCSV,
stsongs,2021,2021-10-13,検証済みCSV,100,公式チャート・出典照合済みCSV,
stsongs,2021,2021-10-20,検証済みCSV,100,公式チャート・出典照合済みCSV,
stsongs,2021,2021-10-27,検証済みCSV,100,公式チャート・出典照合済みCSV,
stsongs,2021,2021-11-03,検証済みCSV,100,公式チャート・出典照合済みCSV,
stsongs,2021,2021-11-10,検証済みCSV,100,公式チャート・出典照合済みCSV,
stsongs,2021,2021-11-17,検証済みCSV,100,公式チャート・出典照合済みCSV,
stsongs,2021,2021-11-24,検証済みCSV,100,公式チャート・出典照合済みCSV,
stsongs,2021,2021-12-01,検証済みCSV,100,公式チャート・出典照合済みCSV,
stsongs,2021,2021-12-08,検証済みCSV,100,公式チャート・出典照合済みCSV,
stsongs,2021,2021-12-15,検証済みCSV,100,公式チャート・出典照合済みCSV,
stsongs,2021,2021-12-22,検証済みCSV,100,公式チャート・出典照合済みCSV,
stsongs,2021,2021-12-29,検証済みCSV,100,公式チャート・出典照合済みCSV,
stsongs,2022,2022-01-05,検証済みCSV,100,公式チャート・出典照合済みCSV,
stsongs,2022,2022-01-12,検証済みCSV,100,公式チャート・出典照合済みCSV,
stsongs,2022,2022-01-19,検証済みCSV,100,公式チャート・出典照合済みCSV,
stsongs,2022,2022-01-26,検証済みCSV,100,公式チャート・出典照合済みCSV,
stsongs,2022,2022-02-02,検証済みCSV,100,公式チャート・出典照合済みCSV,
stsongs,2022,2022-02-09,検証済みCSV,100,公式チャート・出典照合済みCSV,
stsongs,2022,2022-02-16,検証済みCSV,100,公式チャート・出典照合済みCSV,
stsongs,2022,2022-02-23,検証済みCSV,100,公式チャート・出典照合済みCSV,
stsongs,2022,2022-03-02,検証済みCSV,100,公式チャート・出典照合済みCSV,
stsongs,2022,2022-03-09,検証済みCSV,100,公式チャート・出典照合済みCSV,
stsongs,2022,2022-03-16,検証済みCSV,100,公式チャート・出典照合済みCSV,
stsongs,2022,2022-03-23,検証済みCSV,100,公式チャート・出典照合済みCSV,
stsongs,2022,2022-03-30,検証済みCSV,100,公式チャート・出典照合済みCSV,
stsongs,2022,2022-04-06,検証済みCSV,100,公式チャート・出典照合済みCSV,
stsongs,2022,2022-04-13,検証済みCSV,100,公式チャート・出典照合済みCSV,
stsongs,2022,2022-04-20,検証済みCSV,100,公式チャート・出典照合済みCSV,
stsongs,2022,2022-04-27,検証済みCSV,100,公式チャート・出典照合済みCSV,
stsongs,2022,2022-05-04,検証済みCSV,100,公式チャート・出典照合済みCSV,
stsongs,2022,2022-05-11,検証済みCSV,100,公式チャート・出典照合済みCSV,
stsongs,2022,2022-05-18,検証済みCSV,100,公式チャート・出典照合済みCSV,
stsongs,2022,2022-05-25,検証済みCSV,100,公式チャート・出典照合済みCSV,
stsongs,2022,2022-06-01,検証済みCSV,100,公式チャート・出典照合済みCSV,
stsongs,2022,2022-06-08,検証済みCSV,100,公式チャート・出典照合済みCSV,
stsongs,2022,2022-06-15,検証済みCSV,100,公式チャート・出典照合済みCSV,
stsongs,2022,2022-06-22,検証済みCSV,100,公式チャート・出典照合済みCSV,
stsongs,2022,2022-06-29,検証済みCSV,100,公式チャート・出典照合済みCSV,
stsongs,2022,2022-07-06,検証済みCSV,100,公式チャート・出典照合済みCSV,
stsongs,2022,2022-07-13,検証済みCSV,100,公式チャート・出典照合済みCSV,
stsongs,2022,2022-07-20,検証済みCSV,100,公式チャート・出典照合済みCSV,
stsongs,2022,2022-07-27,検証済みCSV,100,公式チャート・出典照合済みCSV,
stsongs,2022,2022-08-03,検証済みCSV,100,公式チャート・出典照合済みCSV,
stsongs,2022,2022-08-10,検証済みCSV,100,公式チャート・出典照合済みCSV,
stsongs,2022,2022-08-17,検証済みCSV,100,公式チャート・出典照合済みCSV,
stsongs,2022,2022-08-24,検証済みCSV,100,公式チャート・出典照合済みCSV,
stsongs,2022,2022-08-31,検証済みCSV,100,公式チャート・出典照合済みCSV,
stsongs,2022,2022-09-07,検証済みCSV,100,公式チャート・出典照合済みCSV,
stsongs,2022,2022-09-14,検証済みCSV,100,公式チャート・出典照合済みCSV,
stsongs,2022,2022-09-21,検証済みCSV,100,公式チャート・出典照合済みCSV,
stsongs,2022,2022-09-28,検証済みCSV,100,公式チャート・出典照合済みCSV,
stsongs,2022,2022-10-05,検証済みCSV,100,公式チャート・出典照合済みCSV,
stsongs,2022,2022-10-12,検証済みCSV,100,公式チャート・出典照合済みCSV,
stsongs,2022,2022-10-19,検証済みCSV,100,公式チャート・出典照合済みCSV,
stsongs,2022,2022-10-26,検証済みCSV,100,公式チャート・出典照合済みCSV,
stsongs,2022,2022-11-02,検証済みCSV,100,公式チャート・出典照合済みCSV,
stsongs,2022,2022-11-09,検証済みCSV,100,公式チャート・出典照合済みCSV,
stsongs,2022,2022-11-16,検証済みCSV,100,公式チャート・出典照合済みCSV,
stsongs,2022,2022-11-23,検証済みCSV,100,公式チャート・出典照合済みCSV,
stsongs,2022,2022-11-30,検証済みCSV,100,公式チャート・出典照合済みCSV,
stsongs,2022,2022-12-07,検証済みCSV,100,公式チャート・出典照合済みCSV,
stsongs,2022,2022-12-14,検証済みCSV,100,公式チャート・出典照合済みCSV,
stsongs,2022,2022-12-21,検証済みCSV,100,公式チャート・出典照合済みCSV,
stsongs,2022,2022-12-28,検証済みCSV,100,公式チャート・出典照合済みCSV,
stsongs,2023,2023-01-04,検証済みCSV,100,公式チャート・出典照合済みCSV,
stsongs,2023,2023-01-11,検証済みCSV,100,公式チャート・出典照合済みCSV,
stsongs,2023,2023-01-18,検証済みCSV,100,公式チャート・出典照合済みCSV,
stsongs,2023,2023-01-25,検証済みCSV,100,公式チャート・出典照合済みCSV,
stsongs,2023,2023-02-01,検証済みCSV,100,公式チャート・出典照合済みCSV,
stsongs,2023,2023-02-08,検証済みCSV,100,公式チャート・出典照合済みCSV,
stsongs,2023,2023-02-15,検証済みCSV,100,公式チャート・出典照合済みCSV,
stsongs,2023,2023-02-22,検証済みCSV,100,公式チャート・出典照合済みCSV,
stsongs,2023,2023-03-01,検証済みCSV,100,公式チャート・出典照合済みCSV,
stsongs,2023,2023-03-08,検証済みCSV,100,公式チャート・出典照合済みCSV,
stsongs,2023,2023-03-15,検証済みCSV,100,公式チャート・出典照合済みCSV,
stsongs,2023,2023-03-22,検証済みCSV,100,公式チャート・出典照合済みCSV,
stsongs,2023,2023-03-29,検証済みCSV,100,公式チャート・出典照合済みCSV,
stsongs,2023,2023-04-05,検証済みCSV,100,公式チャート・出典照合済みCSV,
stsongs,2023,2023-04-12,検証済みCSV,100,公式チャート・出典照合済みCSV,
stsongs,2023,2023-04-19,検証済みCSV,100,公式チャート・出典照合済みCSV,
stsongs,2023,2023-04-26,検証済みCSV,100,公式チャート・出典照合済みCSV,
stsongs,2023,2023-05-03,検証済みCSV,100,公式チャート・出典照合済みCSV,
stsongs,2023,2023-05-10,検証済みCSV,100,公式チャート・出典照合済みCSV,
stsongs,2023,2023-05-17,検証済みCSV,100,公式チャート・出典照合済みCSV,
stsongs,2023,2023-05-24,検証済みCSV,100,公式チャート・出典照合済みCSV,
stsongs,2023,2023-05-31,検証済みCSV,100,公式チャート・出典照合済みCSV,
stsongs,2023,2023-06-07,検証済みCSV,100,公式チャート・出典照合済みCSV,
stsongs,2023,2023-06-14,検証済みCSV,100,公式チャート・出典照合済みCSV,
stsongs,2023,2023-06-21,検証済みCSV,100,公式チャート・出典照合済みCSV,
stsongs,2023,2023-06-28,検証済みCSV,100,公式チャート・出典照合済みCSV,
stsongs,2023,2023-07-05,検証済みCSV,100,公式チャート・出典照合済みCSV,
stsongs,2023,2023-07-12,検証済みCSV,100,公式チャート・出典照合済みCSV,
stsongs,2023,2023-07-19,検証済みCSV,100,公式チャート・出典照合済みCSV,
stsongs,2023,2023-07-26,検証済みCSV,100,公式チャート・出典照合済みCSV,
stsongs,2023,2023-08-02,検証済みCSV,100,公式チャート・出典照合済みCSV,
stsongs,2023,2023-08-09,検証済みCSV,100,公式チャート・出典照合済みCSV,
stsongs,2023,2023-08-16,検証済みCSV,100,公式チャート・出典照合済みCSV,
stsongs,2023,2023-08-23,検証済みCSV,100,公式チャート・出典照合済みCSV,
stsongs,2023,2023-08-30,検証済みCSV,100,公式チャート・出典照合済みCSV,
stsongs,2023,2023-09-06,検証済みCSV,100,公式チャート・出典照合済みCSV,
stsongs,2023,2023-09-13,検証済みCSV,100,公式チャート・出典照合済みCSV,
stsongs,2023,2023-09-20,検証済みCSV,100,公式チャート・出典照合済みCSV,
stsongs,2023,2023-09-27,検証済みCSV,100,公式チャート・出典照合済みCSV,
stsongs,2023,2023-10-04,検証済みCSV,100,公式チャート・出典照合済みCSV,
stsongs,2023,2023-10-11,検証済みCSV,100,公式チャート・出典照合済みCSV,
stsongs,2023,2023-10-18,検証済みCSV,100,公式チャート・出典照合済みCSV,
stsongs,2023,2023-10-25,検証済みCSV,100,公式チャート・出典照合済みCSV,
stsongs,2023,2023-11-01,検証済みCSV,100,公式チャート・出典照合済みCSV,
stsongs,2023,2023-11-08,検証済みCSV,100,公式チャート・出典照合済みCSV,
stsongs,2023,2023-11-15,検証済みCSV,100,公式チャート・出典照合済みCSV,
stsongs,2023,2023-11-22,検証済みCSV,100,公式チャート・出典照合済みCSV,
stsongs,2023,2023-11-29,検証済みCSV,100,公式チャート・出典照合済みCSV,
stsongs,2023,2023-12-06,検証済みCSV,100,公式チャート・出典照合済みCSV,
stsongs,2023,2023-12-13,検証済みCSV,100,公式チャート・出典照合済みCSV,
stsongs,2023,2023-12-20,検証済みCSV,100,公式チャート・出典照合済みCSV,
stsongs,2023,2023-12-27,検証済みCSV,100,公式チャート・出典照合済みCSV,
stsongs,2024,2024-01-03,検証済みCSV,100,公式チャート・出典照合済みCSV,
stsongs,2024,2024-01-10,検証済みCSV,100,公式チャート・出典照合済みCSV,
stsongs,2024,2024-01-17,検証済みCSV,100,公式チャート・出典照合済みCSV,
stsongs,2024,2024-01-24,検証済みCSV,100,公式チャート・出典照合済みCSV,
stsongs,2024,2024-01-31,検証済みCSV,100,公式チャート・出典照合済みCSV,
stsongs,2024,2024-02-07,検証済みCSV,100,公式チャート・出典照合済みCSV,
stsongs,2024,2024-02-14,検証済みCSV,100,公式チャート・出典照合済みCSV,
stsongs,2024,2024-02-21,検証済みCSV,100,公式チャート・出典照合済みCSV,
stsongs,2024,2024-02-28,検証済みCSV,100,公式チャート・出典照合済みCSV,
stsongs,2024,2024-03-06,検証済みCSV,100,公式チャート・出典照合済みCSV,
stsongs,2024,2024-03-13,検証済みCSV,100,公式チャート・出典照合済みCSV,
stsongs,2024,2024-03-20,検証済みCSV,100,公式チャート・出典照合済みCSV,
stsongs,2024,2024-03-27,検証済みCSV,100,公式チャート・出典照合済みCSV,
stsongs,2024,2024-04-03,検証済みCSV,100,公式チャート・出典照合済みCSV,
stsongs,2024,2024-04-10,検証済みCSV,100,公式チャート・出典照合済みCSV,
stsongs,2024,2024-04-17,検証済みCSV,100,公式チャート・出典照合済みCSV,
stsongs,2024,2024-04-24,検証済みCSV,100,公式チャート・出典照合済みCSV,
stsongs,2024,2024-05-01,検証済みCSV,100,公式チャート・出典照合済みCSV,
stsongs,2024,2024-05-08,検証済みCSV,100,公式チャート・出典照合済みCSV,
stsongs,2024,2024-05-15,検証済みCSV,100,公式チャート・出典照合済みCSV,
stsongs,2024,2024-05-22,検証済みCSV,100,公式チャート・出典照合済みCSV,
stsongs,2024,2024-05-29,検証済みCSV,100,公式チャート・出典照合済みCSV,
stsongs,2024,2024-06-05,検証済みCSV,100,公式チャート・出典照合済みCSV,
stsongs,2024,2024-06-12,検証済みCSV,100,公式チャート・出典照合済みCSV,
stsongs,2024,2024-06-19,検証済みCSV,100,公式チャート・出典照合済みCSV,
stsongs,2024,2024-06-26,検証済みCSV,100,公式チャート・出典照合済みCSV,
stsongs,2024,2024-07-03,検証済みCSV,100,公式チャート・出典照合済みCSV,
stsongs,2024,2024-07-10,検証済みCSV,100,公式チャート・出典照合済みCSV,
stsongs,2024,2024-07-17,検証済みCSV,100,公式チャート・出典照合済みCSV,
stsongs,2024,2024-07-24,検証済みCSV,100,公式チャート・出典照合済みCSV,
stsongs,2024,2024-07-31,検証済みCSV,100,公式チャート・出典照合済みCSV,
stsongs,2024,2024-08-07,検証済みCSV,100,公式チャート・出典照合済みCSV,
stsongs,2024,2024-08-14,検証済みCSV,100,公式チャート・出典照合済みCSV,
stsongs,2024,2024-08-21,検証済みCSV,100,公式チャート・出典照合済みCSV,
stsongs,2024,2024-08-28,検証済みCSV,100,公式チャート・出典照合済みCSV,
stsongs,2024,2024-09-04,検証済みCSV,100,公式チャート・出典照合済みCSV,
stsongs,2024,2024-09-11,検証済みCSV,100,公式チャート・出典照合済みCSV,
stsongs,2024,2024-09-18,検証済みCSV,100,公式チャート・出典照合済みCSV,
stsongs,2024,2024-09-25,検証済みCSV,100,公式チャート・出典照合済みCSV,
stsongs,2024,2024-10-02,検証済みCSV,100,公式チャート・出典照合済みCSV,
stsongs,2024,2024-10-09,検証済みCSV,100,公式チャート・出典照合済みCSV,
stsongs,2024,2024-10-16,検証済みCSV,100,公式チャート・出典照合済みCSV,
stsongs,2024,2024-10-23,検証済みCSV,100,公式チャート・出典照合済みCSV,
stsongs,2024,2024-10-30,検証済みCSV,100,公式チャート・出典照合済みCSV,
stsongs,2024,2024-11-06,検証済みCSV,100,公式チャート・出典照合済みCSV,
stsongs,2024,2024-11-13,検証済みCSV,100,公式チャート・出典照合済みCSV,
stsongs,2024,2024-11-20,検証済みCSV,100,公式チャート・出典照合済みCSV,
stsongs,2024,2024-11-27,検証済みCSV,100,公式チャート・出典照合済みCSV,
stsongs,2024,2024-12-04,検証済みCSV,100,公式チャート・出典照合済みCSV,
stsongs,2024,2024-12-11,検証済みCSV,100,公式チャート・出典照合済みCSV,
stsongs,2024,2024-12-18,検証済みCSV,100,公式チャート・出典照合済みCSV,
stsongs,2024,2024-12-25,検証済みCSV,100,公式チャート・出典照合済みCSV,
stsongs,2025,2025-01-01,検証済みCSV,100,公式チャート・出典照合済みCSV,
stsongs,2025,2025-01-08,検証済みCSV,100,公式チャート・出典照合済みCSV,
stsongs,2025,2025-01-15,検証済みCSV,100,公式チャート・出典照合済みCSV,
stsongs,2025,2025-01-22,検証済みCSV,100,公式チャート・出典照合済みCSV,
stsongs,2025,2025-01-29,検証済みCSV,100,公式チャート・出典照合済みCSV,
stsongs,2025,2025-02-05,検証済みCSV,100,公式チャート・出典照合済みCSV,
stsongs,2025,2025-02-12,検証済みCSV,100,公式チャート・出典照合済みCSV,
stsongs,2025,2025-02-19,検証済みCSV,100,公式チャート・出典照合済みCSV,
stsongs,2025,2025-02-26,検証済みCSV,100,公式チャート・出典照合済みCSV,
stsongs,2025,2025-03-05,検証済みCSV,100,公式チャート・出典照合済みCSV,
stsongs,2025,2025-03-12,検証済みCSV,100,公式チャート・出典照合済みCSV,
stsongs,2025,2025-03-19,検証済みCSV,100,公式チャート・出典照合済みCSV,
stsongs,2025,2025-03-26,検証済みCSV,100,公式チャート・出典照合済みCSV,
stsongs,2025,2025-04-02,検証済みCSV,100,公式チャート・出典照合済みCSV,
stsongs,2025,2025-04-09,検証済みCSV,100,公式チャート・出典照合済みCSV,
stsongs,2025,2025-04-16,検証済みCSV,100,公式チャート・出典照合済みCSV,
stsongs,2025,2025-04-23,検証済みCSV,100,公式チャート・出典照合済みCSV,
stsongs,2025,2025-04-30,検証済みCSV,100,公式チャート・出典照合済みCSV,
stsongs,2025,2025-05-07,検証済みCSV,100,公式チャート・出典照合済みCSV,
stsongs,2025,2025-05-14,検証済みCSV,100,公式チャート・出典照合済みCSV,
stsongs,2025,2025-05-21,検証済みCSV,100,公式チャート・出典照合済みCSV,
stsongs,2025,2025-05-28,検証済みCSV,100,公式チャート・出典照合済みCSV,
stsongs,2025,2025-06-04,検証済みCSV,100,公式チャート・出典照合済みCSV,
stsongs,2025,2025-06-11,検証済みCSV,100,公式チャート・出典照合済みCSV,
stsongs,2025,2025-06-18,検証済みCSV,100,公式チャート・出典照合済みCSV,
stsongs,2025,2025-06-25,検証済みCSV,100,公式チャート・出典照合済みCSV,
stsongs,2025,2025-07-02,検証済みCSV,100,公式チャート・出典照合済みCSV,
stsongs,2025,2025-07-09,検証済みCSV,100,公式チャート・出典照合済みCSV,
stsongs,2025,2025-07-16,検証済みCSV,100,公式チャート・出典照合済みCSV,
stsongs,2025,2025-07-23,検証済みCSV,100,公式チャート・出典照合済みCSV,
stsongs,2025,2025-07-30,検証済みCSV,100,公式チャート・出典照合済みCSV,
stsongs,2025,2025-08-06,検証済みCSV,100,公式チャート・出典照合済みCSV,
stsongs,2025,2025-08-13,検証済みCSV,100,公式チャート・出典照合済みCSV,
stsongs,2025,2025-08-20,検証済みCSV,100,公式チャート・出典照合済みCSV,
stsongs,2025,2025-08-27,検証済みCSV,100,公式チャート・出典照合済みCSV,
stsongs,2025,2025-09-03,検証済みCSV,100,公式チャート・出典照合済みCSV,
stsongs,2025,2025-09-10,検証済みCSV,100,公式チャート・出典照合済みCSV,
stsongs,2025,2025-09-17,検証済みCSV,100,公式チャート・出典照合済みCSV,
stsongs,2025,2025-09-24,検証済みCSV,100,公式チャート・出典照合済みCSV,
stsongs,2025,2025-10-01,検証済みCSV,100,公式チャート・出典照合済みCSV,
stsongs,2025,2025-10-08,検証済みCSV,100,公式チャート・出典照合済みCSV,
stsongs,2025,2025-10-15,検証済みCSV,100,公式チャート・出典照合済みCSV,
stsongs,2025,2025-10-22,検証済みCSV,100,公式チャート・出典照合済みCSV,
stsongs,2025,2025-10-29,検証済みCSV,100,公式チャート・出典照合済みCSV,
stsongs,2025,2025-11-05,検証済みCSV,100,公式チャート・出典照合済みCSV,
stsongs,2025,2025-11-12,検証済みCSV,100,公式チャート・出典照合済みCSV,
stsongs,2025,2025-11-19,検証済みCSV,100,公式チャート・出典照合済みCSV,
stsongs,2025,2025-11-26,検証済みCSV,100,公式チャート・出典照合済みCSV,
stsongs,2025,2025-12-03,検証済みCSV,100,公式チャート・出典照合済みCSV,
stsongs,2025,2025-12-10,検証済みCSV,100,公式チャート・出典照合済みCSV,
stsongs,2025,2025-12-17,検証済みCSV,100,公式チャート・出典照合済みCSV,
stsongs,2025,2025-12-24,検証済みCSV,100,公式チャート・出典照合済みCSV,
stsongs,2025,2025-12-31,検証済みCSV,100,公式チャート・出典照合済みCSV,
stsongs,2026,2026-01-07,検証済みCSV,100,公式チャート・出典照合済みCSV,
stsongs,2026,2026-01-14,検証済みCSV,100,公式チャート・出典照合済みCSV,
stsongs,2026,2026-01-21,検証済みCSV,100,公式チャート・出典照合済みCSV,
stsongs,2026,2026-01-28,検証済みCSV,100,公式チャート・出典照合済みCSV,
stsongs,2026,2026-02-04,検証済みCSV,100,公式チャート・出典照合済みCSV,
stsongs,2026,2026-02-11,検証済みCSV,100,公式チャート・出典照合済みCSV,
stsongs,2026,2026-02-18,検証済みCSV,100,公式チャート・出典照合済みCSV,
stsongs,2026,2026-02-25,検証済みCSV,100,公式チャート・出典照合済みCSV,
stsongs,2026,2026-03-04,検証済みCSV,100,公式チャート・出典照合済みCSV,
stsongs,2026,2026-03-11,検証済みCSV,100,公式チャート・出典照合済みCSV,
stsongs,2026,2026-03-18,検証済みCSV,100,公式チャート・出典照合済みCSV,
stsongs,2026,2026-03-25,検証済みCSV,100,公式チャート・出典照合済みCSV,
stsongs,2026,2026-04-01,検証済みCSV,100,公式チャート・出典照合済みCSV,
stsongs,2026,2026-04-08,検証済みCSV,100,公式チャート・出典照合済みCSV,
stsongs,2026,2026-04-15,検証済みCSV,100,公式チャート・出典照合済みCSV,
stsongs,2026,2026-04-22,検証済みCSV,100,公式チャート・出典照合済みCSV,
stsongs,2026,2026-04-29,検証済みCSV,100,公式チャート・出典照合済みCSV,
stsongs,2026,2026-05-06,検証済みCSV,100,公式チャート・出典照合済みCSV,
stsongs,2026,2026-05-13,検証済みCSV,100,公式チャート・出典照合済みCSV,
stsongs,2026,2026-05-20,検証済みCSV,100,公式チャート・出典照合済みCSV,
stsongs,2026,2026-05-27,検証済みCSV,100,公式チャート・出典照合済みCSV,
stsongs,2026,2026-06-03,検証済みCSV,100,公式チャート・出典照合済みCSV,
stsongs,2026,2026-06-10,検証済みCSV,100,公式チャート・出典照合済みCSV,
stsongs,2026,2026-06-17,検証済みCSV,100,公式チャート・出典照合済みCSV,
stsongs,2026,2026-06-24,検証済みCSV,100,公式チャート・出典照合済みCSV,
stsongs,2026,2026-07-01,検証済みCSV,100,公式チャート・出典照合済みCSV,
stsongs,2026,2026-07-08,検証済みCSV,100,公式チャート・出典照合済みCSV,
stsongs,2026,2026-07-15,検証済みCSV,100,公式チャート・出典照合済みCSV,
stsongs,2026,2026-07-22,検証済みCSV,100,公式チャート・出典照合済みCSV,
stsongs,2026,2026-07-29,検証済みCSV,100,公式チャート・出典照合済みCSV,
stsongs,2026,2026-08-05,検証済みCSV,100,公式チャート・出典照合済みCSV,
stsongs,2026,2026-08-12,検証済みCSV,100,公式チャート・出典照合済みCSV,
stsongs,2026,2026-08-19,検証済みCSV,100,公式チャート・出典照合済みCSV,
stsongs,2026,2026-08-26,検証済みCSV,100,公式チャート・出典照合済みCSV,
stsongs,2026,2026-09-02,検証済みCSV,100,公式チャート・出典照合済みCSV,
stsongs,2026,2026-09-09,検証済みCSV,100,公式チャート・出典照合済みCSV,
stsongs,2026,2026-09-16,検証済みCSV,100,公式チャート・出典照合済みCSV,
stsongs,2026,2026-09-23,検証済みCSV,100,公式チャート・出典照合済みCSV,
stsongs,2026,2026-09-30,検証済みCSV,100,公式チャート・出典照合済みCSV,
stsongs,2026,2026-10-07,検証済みCSV,100,公式チャート・出典照合済みCSV,
dlsongs,2017,2017-10-04,検証済みCSV,100,公式チャート・出典照合済みCSV,
dlsongs,2017,2017-10-11,検証済みCSV,100,公式チャート・出典照合済みCSV,
dlsongs,2017,2017-10-18,検証済みCSV,100,公式チャート・出典照合済みCSV,
dlsongs,2017,2017-10-25,検証済みCSV,100,公式チャート・出典照合済みCSV,
dlsongs,2017,2017-11-01,検証済みCSV,100,公式チャート・出典照合済みCSV,
dlsongs,2017,2017-11-08,検証済みCSV,100,公式チャート・出典照合済みCSV,
dlsongs,2017,2017-11-15,検証済みCSV,100,公式チャート・出典照合済みCSV,
dlsongs,2017,2017-11-22,検証済みCSV,100,公式チャート・出典照合済みCSV,
dlsongs,2017,2017-11-29,検証済みCSV,100,公式チャート・出典照合済みCSV,
dlsongs,2017,2017-12-06,検証済みCSV,100,公式チャート・出典照合済みCSV,
dlsongs,2017,2017-12-13,検証済みCSV,100,公式チャート・出典照合済みCSV,
dlsongs,2017,2017-12-20,検証済みCSV,100,公式チャート・出典照合済みCSV,
dlsongs,2017,2017-12-27,検証済みCSV,100,公式チャート・出典照合済みCSV,
dlsongs,2018,2018-01-03,検証済みCSV,100,公式チャート・出典照合済みCSV,
dlsongs,2018,2018-01-10,検証済みCSV,100,公式チャート・出典照合済みCSV,
dlsongs,2018,2018-01-17,検証済みCSV,100,公式チャート・出典照合済みCSV,
dlsongs,2018,2018-01-24,検証済みCSV,100,公式チャート・出典照合済みCSV,
dlsongs,2018,2018-01-31,検証済みCSV,100,公式チャート・出典照合済みCSV,
dlsongs,2018,2018-02-07,検証済みCSV,100,公式チャート・出典照合済みCSV,
dlsongs,2018,2018-02-14,検証済みCSV,100,公式チャート・出典照合済みCSV,
dlsongs,2018,2018-02-21,検証済みCSV,100,公式チャート・出典照合済みCSV,
dlsongs,2018,2018-02-28,検証済みCSV,100,公式チャート・出典照合済みCSV,
dlsongs,2018,2018-03-07,検証済みCSV,100,公式チャート・出典照合済みCSV,
dlsongs,2018,2018-03-14,検証済みCSV,100,公式チャート・出典照合済みCSV,
dlsongs,2018,2018-03-21,検証済みCSV,100,公式チャート・出典照合済みCSV,
dlsongs,2018,2018-03-28,検証済みCSV,100,公式チャート・出典照合済みCSV,
dlsongs,2018,2018-04-04,検証済みCSV,100,公式チャート・出典照合済みCSV,
dlsongs,2018,2018-04-11,検証済みCSV,100,公式チャート・出典照合済みCSV,
dlsongs,2018,2018-04-18,検証済みCSV,100,公式チャート・出典照合済みCSV,
dlsongs,2018,2018-04-25,検証済みCSV,100,公式チャート・出典照合済みCSV,
dlsongs,2018,2018-05-02,検証済みCSV,100,公式チャート・出典照合済みCSV,
dlsongs,2018,2018-05-09,検証済みCSV,100,公式チャート・出典照合済みCSV,
dlsongs,2018,2018-05-16,検証済みCSV,100,公式チャート・出典照合済みCSV,
dlsongs,2018,2018-05-23,検証済みCSV,100,公式チャート・出典照合済みCSV,
dlsongs,2018,2018-05-30,検証済みCSV,100,公式チャート・出典照合済みCSV,
dlsongs,2018,2018-06-06,検証済みCSV,100,公式チャート・出典照合済みCSV,
dlsongs,2018,2018-06-13,検証済みCSV,100,公式チャート・出典照合済みCSV,
dlsongs,2018,2018-06-20,検証済みCSV,100,公式チャート・出典照合済みCSV,
dlsongs,2018,2018-06-27,検証済みCSV,100,公式チャート・出典照合済みCSV,
dlsongs,2018,2018-07-04,検証済みCSV,100,公式チャート・出典照合済みCSV,
dlsongs,2018,2018-07-11,検証済みCSV,100,公式チャート・出典照合済みCSV,
dlsongs,2018,2018-07-18,検証済みCSV,100,公式チャート・出典照合済みCSV,
dlsongs,2018,2018-07-25,検証済みCSV,100,公式チャート・出典照合済みCSV,
dlsongs,2018,2018-08-01,検証済みCSV,100,公式チャート・出典照合済みCSV,
dlsongs,2018,2018-08-08,検証済みCSV,100,公式チャート・出典照合済みCSV,
dlsongs,2018,2018-08-15,検証済みCSV,100,公式チャート・出典照合済みCSV,
dlsongs,2018,2018-08-22,検証済みCSV,100,公式チャート・出典照合済みCSV,
dlsongs,2018,2018-08-29,検証済みCSV,100,公式チャート・出典照合済みCSV,
dlsongs,2018,2018-09-05,検証済みCSV,100,公式チャート・出典照合済みCSV,
dlsongs,2018,2018-09-12,検証済みCSV,100,公式チャート・出典照合済みCSV,
dlsongs,2018,2018-09-19,検証済みCSV,100,公式チャート・出典照合済みCSV,
dlsongs,2018,2018-09-26,検証済みCSV,100,公式チャート・出典照合済みCSV,
dlsongs,2018,2018-10-03,検証済みCSV,100,公式チャート・出典照合済みCSV,
dlsongs,2018,2018-10-10,検証済みCSV,100,公式チャート・出典照合済みCSV,
dlsongs,2018,2018-10-17,検証済みCSV,101,公式チャート・出典照合済みCSV,
dlsongs,2018,2018-10-24,検証済みCSV,100,公式チャート・出典照合済みCSV,
dlsongs,2018,2018-10-31,検証済みCSV,100,公式チャート・出典照合済みCSV,
dlsongs,2018,2018-11-07,検証済みCSV,100,公式チャート・出典照合済みCSV,
dlsongs,2018,2018-11-14,検証済みCSV,100,公式チャート・出典照合済みCSV,
dlsongs,2018,2018-11-21,検証済みCSV,100,公式チャート・出典照合済みCSV,
dlsongs,2018,2018-11-28,検証済みCSV,100,公式チャート・出典照合済みCSV,
dlsongs,2018,2018-12-05,検証済みCSV,100,公式チャート・出典照合済みCSV,
dlsongs,2018,2018-12-12,検証済みCSV,100,公式チャート・出典照合済みCSV,
dlsongs,2018,2018-12-19,検証済みCSV,100,公式チャート・出典照合済みCSV,
dlsongs,2018,2018-12-26,検証済みCSV,100,公式チャート・出典照合済みCSV,
dlsongs,2019,2019-01-02,検証済みCSV,100,公式チャート・出典照合済みCSV,
dlsongs,2019,2019-01-09,検証済みCSV,100,公式チャート・出典照合済みCSV,
dlsongs,2019,2019-01-16,検証済みCSV,100,公式チャート・出典照合済みCSV,
dlsongs,2019,2019-01-23,検証済みCSV,100,公式チャート・出典照合済みCSV,
dlsongs,2019,2019-01-30,検証済みCSV,100,公式チャート・出典照合済みCSV,
dlsongs,2019,2019-02-06,検証済みCSV,100,公式チャート・出典照合済みCSV,
dlsongs,2019,2019-02-13,検証済みCSV,100,公式チャート・出典照合済みCSV,
dlsongs,2019,2019-02-20,検証済みCSV,100,公式チャート・出典照合済みCSV,
dlsongs,2019,2019-02-27,検証済みCSV,100,公式チャート・出典照合済みCSV,
dlsongs,2019,2019-03-06,検証済みCSV,100,公式チャート・出典照合済みCSV,
dlsongs,2019,2019-03-13,検証済みCSV,100,公式チャート・出典照合済みCSV,
dlsongs,2019,2019-03-20,検証済みCSV,100,公式チャート・出典照合済みCSV,
dlsongs,2019,2019-03-27,検証済みCSV,100,公式チャート・出典照合済みCSV,
dlsongs,2019,2019-04-03,検証済みCSV,100,公式チャート・出典照合済みCSV,
dlsongs,2019,2019-04-10,検証済みCSV,100,公式チャート・出典照合済みCSV,
dlsongs,2019,2019-04-17,検証済みCSV,100,公式チャート・出典照合済みCSV,
dlsongs,2019,2019-04-24,検証済みCSV,100,公式チャート・出典照合済みCSV,
dlsongs,2019,2019-05-01,検証済みCSV,100,公式チャート・出典照合済みCSV,
dlsongs,2019,2019-05-08,検証済みCSV,100,公式チャート・出典照合済みCSV,
dlsongs,2019,2019-05-15,検証済みCSV,100,公式チャート・出典照合済みCSV,
dlsongs,2019,2019-05-22,検証済みCSV,100,公式チャート・出典照合済みCSV,
dlsongs,2019,2019-05-29,検証済みCSV,100,公式チャート・出典照合済みCSV,
dlsongs,2019,2019-06-05,検証済みCSV,100,公式チャート・出典照合済みCSV,
dlsongs,2019,2019-06-12,検証済みCSV,100,公式チャート・出典照合済みCSV,
dlsongs,2019,2019-06-19,検証済みCSV,100,公式チャート・出典照合済みCSV,
dlsongs,2019,2019-06-26,検証済みCSV,100,公式チャート・出典照合済みCSV,
dlsongs,2019,2019-07-03,検証済みCSV,100,公式チャート・出典照合済みCSV,
dlsongs,2019,2019-07-10,検証済みCSV,100,公式チャート・出典照合済みCSV,
dlsongs,2019,2019-07-17,検証済みCSV,100,公式チャート・出典照合済みCSV,
dlsongs,2019,2019-07-24,検証済みCSV,100,公式チャート・出典照合済みCSV,
dlsongs,2019,2019-07-31,検証済みCSV,100,公式チャート・出典照合済みCSV,
dlsongs,2019,2019-08-07,検証済みCSV,100,公式チャート・出典照合済みCSV,
dlsongs,2019,2019-08-14,検証済みCSV,102,公式チャート・出典照合済みCSV,
dlsongs,2019,2019-08-21,検証済みCSV,100,公式チャート・出典照合済みCSV,
dlsongs,2019,2019-08-28,検証済みCSV,100,公式チャート・出典照合済みCSV,
dlsongs,2019,2019-09-04,検証済みCSV,100,公式チャート・出典照合済みCSV,
dlsongs,2019,2019-09-11,検証済みCSV,100,公式チャート・出典照合済みCSV,
dlsongs,2019,2019-09-18,検証済みCSV,100,公式チャート・出典照合済みCSV,
dlsongs,2019,2019-09-25,検証済みCSV,100,公式チャート・出典照合済みCSV,
dlsongs,2019,2019-10-02,検証済みCSV,100,公式チャート・出典照合済みCSV,
dlsongs,2019,2019-10-09,検証済みCSV,100,公式チャート・出典照合済みCSV,
dlsongs,2019,2019-10-16,検証済みCSV,101,公式チャート・出典照合済みCSV,
dlsongs,2019,2019-10-23,検証済みCSV,100,公式チャート・出典照合済みCSV,
dlsongs,2019,2019-10-30,検証済みCSV,100,公式チャート・出典照合済みCSV,
dlsongs,2019,2019-11-06,検証済みCSV,100,公式チャート・出典照合済みCSV,
dlsongs,2019,2019-11-13,検証済みCSV,100,公式チャート・出典照合済みCSV,
dlsongs,2019,2019-11-20,検証済みCSV,100,公式チャート・出典照合済みCSV,
dlsongs,2019,2019-11-27,検証済みCSV,100,公式チャート・出典照合済みCSV,
dlsongs,2019,2019-12-04,検証済みCSV,100,公式チャート・出典照合済みCSV,
dlsongs,2019,2019-12-11,検証済みCSV,100,公式チャート・出典照合済みCSV,
dlsongs,2019,2019-12-18,検証済みCSV,100,公式チャート・出典照合済みCSV,
dlsongs,2019,2019-12-25,検証済みCSV,100,公式チャート・出典照合済みCSV,
dlsongs,2020,2020-01-01,検証済みCSV,100,公式チャート・出典照合済みCSV,
dlsongs,2020,2020-01-08,検証済みCSV,100,公式チャート・出典照合済みCSV,
dlsongs,2020,2020-01-15,検証済みCSV,100,公式チャート・出典照合済みCSV,
dlsongs,2020,2020-01-22,検証済みCSV,100,公式チャート・出典照合済みCSV,
dlsongs,2020,2020-01-29,検証済みCSV,100,公式チャート・出典照合済みCSV,
dlsongs,2020,2020-02-05,検証済みCSV,100,公式チャート・出典照合済みCSV,
dlsongs,2020,2020-02-12,検証済みCSV,100,公式チャート・出典照合済みCSV,
dlsongs,2020,2020-02-19,検証済みCSV,100,公式チャート・出典照合済みCSV,
dlsongs,2020,2020-02-26,検証済みCSV,100,公式チャート・出典照合済みCSV,
dlsongs,2020,2020-03-04,検証済みCSV,100,公式チャート・出典照合済みCSV,
dlsongs,2020,2020-03-11,検証済みCSV,100,公式チャート・出典照合済みCSV,
dlsongs,2020,2020-03-18,一部確認・未確認曲あり,68,公式チャート・出典照合済みCSV,
dlsongs,2020,2020-03-25,検証済みCSV,100,公式チャート・出典照合済みCSV,
dlsongs,2020,2020-04-01,検証済みCSV,100,公式チャート・出典照合済みCSV,
dlsongs,2020,2020-04-08,検証済みCSV,100,公式チャート・出典照合済みCSV,
dlsongs,2020,2020-04-15,検証済みCSV,100,公式チャート・出典照合済みCSV,
dlsongs,2020,2020-04-22,検証済みCSV,100,公式チャート・出典照合済みCSV,
dlsongs,2020,2020-04-29,検証済みCSV,100,公式チャート・出典照合済みCSV,
dlsongs,2020,2020-05-06,検証済みCSV,100,公式チャート・出典照合済みCSV,
dlsongs,2020,2020-05-13,検証済みCSV,100,公式チャート・出典照合済みCSV,
dlsongs,2020,2020-05-20,検証済みCSV,100,公式チャート・出典照合済みCSV,
dlsongs,2020,2020-05-27,検証済みCSV,100,公式チャート・出典照合済みCSV,
dlsongs,2020,2020-06-03,検証済みCSV,100,公式チャート・出典照合済みCSV,
dlsongs,2020,2020-06-10,検証済みCSV,100,公式チャート・出典照合済みCSV,
dlsongs,2020,2020-06-17,検証済みCSV,100,公式チャート・出典照合済みCSV,
dlsongs,2020,2020-06-24,検証済みCSV,100,公式チャート・出典照合済みCSV,
dlsongs,2020,2020-07-01,検証済みCSV,100,公式チャート・出典照合済みCSV,
dlsongs,2020,2020-07-08,検証済みCSV,100,公式チャート・出典照合済みCSV,
dlsongs,2020,2020-07-15,検証済みCSV,100,公式チャート・出典照合済みCSV,
dlsongs,2020,2020-07-22,検証済みCSV,100,公式チャート・出典照合済みCSV,
dlsongs,2020,2020-07-29,検証済みCSV,100,公式チャート・出典照合済みCSV,
dlsongs,2020,2020-08-05,検証済みCSV,100,公式チャート・出典照合済みCSV,
dlsongs,2020,2020-08-12,検証済みCSV,100,公式チャート・出典照合済みCSV,
dlsongs,2020,2020-08-19,検証済みCSV,100,公式チャート・出典照合済みCSV,
dlsongs,2020,2020-08-26,検証済みCSV,100,公式チャート・出典照合済みCSV,
dlsongs,2020,2020-09-02,検証済みCSV,100,公式チャート・出典照合済みCSV,
dlsongs,2020,2020-09-09,検証済みCSV,100,公式チャート・出典照合済みCSV,
dlsongs,2020,2020-09-16,検証済みCSV,100,公式チャート・出典照合済みCSV,
dlsongs,2020,2020-09-23,検証済みCSV,100,公式チャート・出典照合済みCSV,
dlsongs,2020,2020-09-30,検証済みCSV,100,公式チャート・出典照合済みCSV,
dlsongs,2020,2020-10-07,検証済みCSV,100,公式チャート・出典照合済みCSV,
dlsongs,2020,2020-10-14,検証済みCSV,100,公式チャート・出典照合済みCSV,
dlsongs,2020,2020-10-21,検証済みCSV,100,公式チャート・出典照合済みCSV,
dlsongs,2020,2020-10-28,検証済みCSV,100,公式チャート・出典照合済みCSV,
dlsongs,2020,2020-11-04,検証済みCSV,100,公式チャート・出典照合済みCSV,
dlsongs,2020,2020-11-11,検証済みCSV,100,公式チャート・出典照合済みCSV,
dlsongs,2020,2020-11-18,検証済みCSV,100,公式チャート・出典照合済みCSV,
dlsongs,2020,2020-11-25,検証済みCSV,100,公式チャート・出典照合済みCSV,
dlsongs,2020,2020-12-02,検証済みCSV,100,公式チャート・出典照合済みCSV,
dlsongs,2020,2020-12-09,検証済みCSV,100,公式チャート・出典照合済みCSV,
dlsongs,2020,2020-12-16,検証済みCSV,100,公式チャート・出典照合済みCSV,
dlsongs,2020,2020-12-23,検証済みCSV,100,公式チャート・出典照合済みCSV,
dlsongs,2020,2020-12-30,検証済みCSV,100,公式チャート・出典照合済みCSV,
dlsongs,2021,2021-01-06,検証済みCSV,100,公式チャート・出典照合済みCSV,
dlsongs,2021,2021-01-13,検証済みCSV,100,公式チャート・出典照合済みCSV,
dlsongs,2021,2021-01-20,検証済みCSV,100,公式チャート・出典照合済みCSV,
dlsongs,2021,2021-01-27,検証済みCSV,101,公式チャート・出典照合済みCSV,
dlsongs,2021,2021-02-03,検証済みCSV,100,公式チャート・出典照合済みCSV,
dlsongs,2021,2021-02-10,検証済みCSV,100,公式チャート・出典照合済みCSV,
dlsongs,2021,2021-02-17,検証済みCSV,100,公式チャート・出典照合済みCSV,
dlsongs,2021,2021-02-24,検証済みCSV,100,公式チャート・出典照合済みCSV,
dlsongs,2021,2021-03-03,検証済みCSV,100,公式チャート・出典照合済みCSV,
dlsongs,2021,2021-03-10,検証済みCSV,100,公式チャート・出典照合済みCSV,
dlsongs,2021,2021-03-17,検証済みCSV,100,公式チャート・出典照合済みCSV,
dlsongs,2021,2021-03-24,検証済みCSV,100,公式チャート・出典照合済みCSV,
dlsongs,2021,2021-03-31,検証済みCSV,100,公式チャート・出典照合済みCSV,
dlsongs,2021,2021-04-07,検証済みCSV,100,公式チャート・出典照合済みCSV,
dlsongs,2021,2021-04-14,検証済みCSV,100,公式チャート・出典照合済みCSV,
dlsongs,2021,2021-04-21,検証済みCSV,100,公式チャート・出典照合済みCSV,
dlsongs,2021,2021-04-28,検証済みCSV,100,公式チャート・出典照合済みCSV,
dlsongs,2021,2021-05-05,検証済みCSV,100,公式チャート・出典照合済みCSV,
dlsongs,2021,2021-05-12,検証済みCSV,100,公式チャート・出典照合済みCSV,
dlsongs,2021,2021-05-19,検証済みCSV,100,公式チャート・出典照合済みCSV,
dlsongs,2021,2021-05-26,検証済みCSV,100,公式チャート・出典照合済みCSV,
dlsongs,2021,2021-06-02,検証済みCSV,100,公式チャート・出典照合済みCSV,
dlsongs,2021,2021-06-09,検証済みCSV,100,公式チャート・出典照合済みCSV,
dlsongs,2021,2021-06-16,検証済みCSV,100,公式チャート・出典照合済みCSV,
dlsongs,2021,2021-06-23,検証済みCSV,100,公式チャート・出典照合済みCSV,
dlsongs,2021,2021-06-30,検証済みCSV,100,公式チャート・出典照合済みCSV,
dlsongs,2021,2021-07-07,検証済みCSV,100,公式チャート・出典照合済みCSV,
dlsongs,2021,2021-07-14,検証済みCSV,100,公式チャート・出典照合済みCSV,
dlsongs,2021,2021-07-21,検証済みCSV,100,公式チャート・出典照合済みCSV,
dlsongs,2021,2021-07-28,検証済みCSV,100,公式チャート・出典照合済みCSV,
dlsongs,2021,2021-08-04,検証済みCSV,100,公式チャート・出典照合済みCSV,
dlsongs,2021,2021-08-11,検証済みCSV,100,公式チャート・出典照合済みCSV,
dlsongs,2021,2021-08-18,検証済みCSV,100,公式チャート・出典照合済みCSV,
dlsongs,2021,2021-08-25,検証済みCSV,101,公式チャート・出典照合済みCSV,
dlsongs,2021,2021-09-01,検証済みCSV,100,公式チャート・出典照合済みCSV,
dlsongs,2021,2021-09-08,検証済みCSV,100,公式チャート・出典照合済みCSV,
dlsongs,2021,2021-09-15,検証済みCSV,100,公式チャート・出典照合済みCSV,
dlsongs,2021,2021-09-22,検証済みCSV,100,公式チャート・出典照合済みCSV,
dlsongs,2021,2021-09-29,検証済みCSV,100,公式チャート・出典照合済みCSV,
dlsongs,2021,2021-10-06,検証済みCSV,100,公式チャート・出典照合済みCSV,
dlsongs,2021,2021-10-13,検証済みCSV,100,公式チャート・出典照合済みCSV,
dlsongs,2021,2021-10-20,検証済みCSV,100,公式チャート・出典照合済みCSV,
dlsongs,2021,2021-10-27,検証済みCSV,101,公式チャート・出典照合済みCSV,
dlsongs,2021,2021-11-03,検証済みCSV,100,公式チャート・出典照合済みCSV,
dlsongs,2021,2021-11-10,検証済みCSV,100,公式チャート・出典照合済みCSV,
dlsongs,2021,2021-11-17,検証済みCSV,100,公式チャート・出典照合済みCSV,
dlsongs,2021,2021-11-24,検証済みCSV,100,公式チャート・出典照合済みCSV,
dlsongs,2021,2021-12-01,検証済みCSV,100,公式チャート・出典照合済みCSV,
dlsongs,2021,2021-12-08,検証済みCSV,100,公式チャート・出典照合済みCSV,
dlsongs,2021,2021-12-15,検証済みCSV,100,公式チャート・出典照合済みCSV,
dlsongs,2021,2021-12-22,検証済みCSV,100,公式チャート・出典照合済みCSV,
dlsongs,2021,2021-12-29,検証済みCSV,101,公式チャート・出典照合済みCSV,
dlsongs,2022,2022-01-05,検証済みCSV,101,公式チャート・出典照合済みCSV,
dlsongs,2022,2022-01-12,検証済みCSV,100,公式チャート・出典照合済みCSV,
dlsongs,2022,2022-01-19,検証済みCSV,100,公式チャート・出典照合済みCSV,
dlsongs,2022,2022-01-26,検証済みCSV,100,公式チャート・出典照合済みCSV,
dlsongs,2022,2022-02-02,検証済みCSV,100,公式チャート・出典照合済みCSV,
dlsongs,2022,2022-02-09,検証済みCSV,100,公式チャート・出典照合済みCSV,
dlsongs,2022,2022-02-16,検証済みCSV,100,公式チャート・出典照合済みCSV,
dlsongs,2022,2022-02-23,検証済みCSV,100,公式チャート・出典照合済みCSV,
dlsongs,2022,2022-03-02,検証済みCSV,100,公式チャート・出典照合済みCSV,
dlsongs,2022,2022-03-09,検証済みCSV,100,公式チャート・出典照合済みCSV,
dlsongs,2022,2022-03-16,検証済みCSV,100,公式チャート・出典照合済みCSV,
dlsongs,2022,2022-03-23,検証済みCSV,100,公式チャート・出典照合済みCSV,
dlsongs,2022,2022-03-30,検証済みCSV,100,公式チャート・出典照合済みCSV,
dlsongs,2022,2022-04-06,検証済みCSV,100,公式チャート・出典照合済みCSV,
dlsongs,2022,2022-04-13,検証済みCSV,100,公式チャート・出典照合済みCSV,
dlsongs,2022,2022-04-20,検証済みCSV,100,公式チャート・出典照合済みCSV,
dlsongs,2022,2022-04-27,検証済みCSV,100,公式チャート・出典照合済みCSV,
dlsongs,2022,2022-05-04,検証済みCSV,100,公式チャート・出典照合済みCSV,
dlsongs,2022,2022-05-11,検証済みCSV,100,公式チャート・出典照合済みCSV,
dlsongs,2022,2022-05-18,検証済みCSV,100,公式チャート・出典照合済みCSV,
dlsongs,2022,2022-05-25,検証済みCSV,100,公式チャート・出典照合済みCSV,
dlsongs,2022,2022-06-01,検証済みCSV,100,公式チャート・出典照合済みCSV,
dlsongs,2022,2022-06-08,検証済みCSV,100,公式チャート・出典照合済みCSV,
dlsongs,2022,2022-06-15,検証済みCSV,100,公式チャート・出典照合済みCSV,
dlsongs,2022,2022-06-22,検証済みCSV,100,公式チャート・出典照合済みCSV,
dlsongs,2022,2022-06-29,検証済みCSV,100,公式チャート・出典照合済みCSV,
dlsongs,2022,2022-07-06,検証済みCSV,100,公式チャート・出典照合済みCSV,
dlsongs,2022,2022-07-13,検証済みCSV,100,公式チャート・出典照合済みCSV,
dlsongs,2022,2022-07-20,検証済みCSV,100,公式チャート・出典照合済みCSV,
dlsongs,2022,2022-07-27,検証済みCSV,100,公式チャート・出典照合済みCSV,
dlsongs,2022,2022-08-03,検証済みCSV,100,公式チャート・出典照合済みCSV,
dlsongs,2022,2022-08-10,検証済みCSV,100,公式チャート・出典照合済みCSV,
dlsongs,2022,2022-08-17,検証済みCSV,100,公式チャート・出典照合済みCSV,
dlsongs,2022,2022-08-24,検証済みCSV,100,公式チャート・出典照合済みCSV,
dlsongs,2022,2022-08-31,検証済みCSV,100,公式チャート・出典照合済みCSV,
dlsongs,2022,2022-09-07,検証済みCSV,100,公式チャート・出典照合済みCSV,
dlsongs,2022,2022-09-14,検証済みCSV,100,公式チャート・出典照合済みCSV,
dlsongs,2022,2022-09-21,検証済みCSV,100,公式チャート・出典照合済みCSV,
dlsongs,2022,2022-09-28,検証済みCSV,100,公式チャート・出典照合済みCSV,
dlsongs,2022,2022-10-05,検証済みCSV,100,公式チャート・出典照合済みCSV,
dlsongs,2022,2022-10-12,検証済みCSV,100,公式チャート・出典照合済みCSV,
dlsongs,2022,2022-10-19,検証済みCSV,100,公式チャート・出典照合済みCSV,
dlsongs,2022,2022-10-26,検証済みCSV,100,公式チャート・出典照合済みCSV,
dlsongs,2022,2022-11-02,検証済みCSV,100,公式チャート・出典照合済みCSV,
dlsongs,2022,2022-11-09,検証済みCSV,100,公式チャート・出典照合済みCSV,
dlsongs,2022,2022-11-16,検証済みCSV,100,公式チャート・出典照合済みCSV,
dlsongs,2022,2022-11-23,検証済みCSV,100,公式チャート・出典照合済みCSV,
dlsongs,2022,2022-11-30,検証済みCSV,100,公式チャート・出典照合済みCSV,
dlsongs,2022,2022-12-07,検証済みCSV,100,公式チャート・出典照合済みCSV,
dlsongs,2022,2022-12-14,検証済みCSV,100,公式チャート・出典照合済みCSV,
dlsongs,2022,2022-12-21,検証済みCSV,100,公式チャート・出典照合済みCSV,
dlsongs,2022,2022-12-28,検証済みCSV,100,公式チャート・出典照合済みCSV,
dlsongs,2023,2023-01-04,検証済みCSV,100,公式チャート・出典照合済みCSV,
dlsongs,2023,2023-01-11,検証済みCSV,100,公式チャート・出典照合済みCSV,
dlsongs,2023,2023-01-18,検証済みCSV,100,公式チャート・出典照合済みCSV,
dlsongs,2023,2023-01-25,検証済みCSV,100,公式チャート・出典照合済みCSV,
dlsongs,2023,2023-02-01,検証済みCSV,100,公式チャート・出典照合済みCSV,
dlsongs,2023,2023-02-08,検証済みCSV,100,公式チャート・出典照合済みCSV,
dlsongs,2023,2023-02-15,検証済みCSV,100,公式チャート・出典照合済みCSV,
dlsongs,2023,2023-02-22,検証済みCSV,100,公式チャート・出典照合済みCSV,
dlsongs,2023,2023-03-01,検証済みCSV,100,公式チャート・出典照合済みCSV,
dlsongs,2023,2023-03-08,検証済みCSV,100,公式チャート・出典照合済みCSV,
dlsongs,2023,2023-03-15,検証済みCSV,100,公式チャート・出典照合済みCSV,
dlsongs,2023,2023-03-22,検証済みCSV,100,公式チャート・出典照合済みCSV,
dlsongs,2023,2023-03-29,検証済みCSV,100,公式チャート・出典照合済みCSV,
dlsongs,2023,2023-04-05,検証済みCSV,100,公式チャート・出典照合済みCSV,
dlsongs,2023,2023-04-12,検証済みCSV,100,公式チャート・出典照合済みCSV,
dlsongs,2023,2023-04-19,検証済みCSV,100,公式チャート・出典照合済みCSV,
dlsongs,2023,2023-04-26,検証済みCSV,100,公式チャート・出典照合済みCSV,
dlsongs,2023,2023-05-03,検証済みCSV,100,公式チャート・出典照合済みCSV,
dlsongs,2023,2023-05-10,検証済みCSV,101,公式チャート・出典照合済みCSV,
dlsongs,2023,2023-05-17,検証済みCSV,100,公式チャート・出典照合済みCSV,
dlsongs,2023,2023-05-24,検証済みCSV,100,公式チャート・出典照合済みCSV,
dlsongs,2023,2023-05-31,検証済みCSV,100,公式チャート・出典照合済みCSV,
dlsongs,2023,2023-06-07,検証済みCSV,100,公式チャート・出典照合済みCSV,
dlsongs,2023,2023-06-14,検証済みCSV,100,公式チャート・出典照合済みCSV,
dlsongs,2023,2023-06-21,検証済みCSV,100,公式チャート・出典照合済みCSV,
dlsongs,2023,2023-06-28,検証済みCSV,100,公式チャート・出典照合済みCSV,
dlsongs,2023,2023-07-05,検証済みCSV,100,公式チャート・出典照合済みCSV,
dlsongs,2023,2023-07-12,検証済みCSV,100,公式チャート・出典照合済みCSV,
dlsongs,2023,2023-07-19,検証済みCSV,100,公式チャート・出典照合済みCSV,
dlsongs,2023,2023-07-26,検証済みCSV,100,公式チャート・出典照合済みCSV,
dlsongs,2023,2023-08-02,検証済みCSV,100,公式チャート・出典照合済みCSV,
dlsongs,2023,2023-08-09,検証済みCSV,101,公式チャート・出典照合済みCSV,
dlsongs,2023,2023-08-16,検証済みCSV,100,公式チャート・出典照合済みCSV,
dlsongs,2023,2023-08-23,検証済みCSV,100,公式チャート・出典照合済みCSV,
dlsongs,2023,2023-08-30,検証済みCSV,100,公式チャート・出典照合済みCSV,
dlsongs,2023,2023-09-06,検証済みCSV,100,公式チャート・出典照合済みCSV,
dlsongs,2023,2023-09-13,検証済みCSV,100,公式チャート・出典照合済みCSV,
dlsongs,2023,2023-09-20,検証済みCSV,100,公式チャート・出典照合済みCSV,
dlsongs,2023,2023-09-27,検証済みCSV,100,公式チャート・出典照合済みCSV,
dlsongs,2023,2023-10-04,検証済みCSV,100,公式チャート・出典照合済みCSV,
dlsongs,2023,2023-10-11,検証済みCSV,100,公式チャート・出典照合済みCSV,
dlsongs,2023,2023-10-18,検証済みCSV,100,公式チャート・出典照合済みCSV,
dlsongs,2023,2023-10-25,検証済みCSV,100,公式チャート・出典照合済みCSV,
dlsongs,2023,2023-11-01,検証済みCSV,100,公式チャート・出典照合済みCSV,
dlsongs,2023,2023-11-08,検証済みCSV,100,公式チャート・出典照合済みCSV,
dlsongs,2023,2023-11-15,検証済みCSV,100,公式チャート・出典照合済みCSV,
dlsongs,2023,2023-11-22,検証済みCSV,101,公式チャート・出典照合済みCSV,
dlsongs,2023,2023-11-29,検証済みCSV,100,公式チャート・出典照合済みCSV,
dlsongs,2023,2023-12-06,検証済みCSV,100,公式チャート・出典照合済みCSV,
dlsongs,2023,2023-12-13,検証済みCSV,100,公式チャート・出典照合済みCSV,
dlsongs,2023,2023-12-20,検証済みCSV,100,公式チャート・出典照合済みCSV,
dlsongs,2023,2023-12-27,検証済みCSV,100,公式チャート・出典照合済みCSV,
dlsongs,2024,2024-01-03,検証済みCSV,100,公式チャート・出典照合済みCSV,
dlsongs,2024,2024-01-10,検証済みCSV,100,公式チャート・出典照合済みCSV,
dlsongs,2024,2024-01-17,検証済みCSV,100,公式チャート・出典照合済みCSV,
dlsongs,2024,2024-01-24,検証済みCSV,100,公式チャート・出典照合済みCSV,
dlsongs,2024,2024-01-31,検証済みCSV,100,公式チャート・出典照合済みCSV,
dlsongs,2024,2024-02-07,検証済みCSV,100,公式チャート・出典照合済みCSV,
dlsongs,2024,2024-02-14,検証済みCSV,100,公式チャート・出典照合済みCSV,
dlsongs,2024,2024-02-21,検証済みCSV,100,公式チャート・出典照合済みCSV,
dlsongs,2024,2024-02-28,検証済みCSV,100,公式チャート・出典照合済みCSV,
dlsongs,2024,2024-03-06,検証済みCSV,100,公式チャート・出典照合済みCSV,
dlsongs,2024,2024-03-13,検証済みCSV,100,公式チャート・出典照合済みCSV,
dlsongs,2024,2024-03-20,検証済みCSV,100,公式チャート・出典照合済みCSV,
dlsongs,2024,2024-03-27,検証済みCSV,101,公式チャート・出典照合済みCSV,
dlsongs,2024,2024-04-03,検証済みCSV,100,公式チャート・出典照合済みCSV,
dlsongs,2024,2024-04-10,検証済みCSV,100,公式チャート・出典照合済みCSV,
dlsongs,2024,2024-04-17,検証済みCSV,100,公式チャート・出典照合済みCSV,
dlsongs,2024,2024-04-24,検証済みCSV,100,公式チャート・出典照合済みCSV,
dlsongs,2024,2024-05-01,検証済みCSV,100,公式チャート・出典照合済みCSV,
dlsongs,2024,2024-05-08,検証済みCSV,100,公式チャート・出典照合済みCSV,
dlsongs,2024,2024-05-15,検証済みCSV,100,公式チャート・出典照合済みCSV,
dlsongs,2024,2024-05-22,検証済みCSV,100,公式チャート・出典照合済みCSV,
dlsongs,2024,2024-05-29,検証済みCSV,100,公式チャート・出典照合済みCSV,
dlsongs,2024,2024-06-05,検証済みCSV,101,公式チャート・出典照合済みCSV,
dlsongs,2024,2024-06-12,検証済みCSV,100,公式チャート・出典照合済みCSV,
dlsongs,2024,2024-06-19,検証済みCSV,100,公式チャート・出典照合済みCSV,
dlsongs,2024,2024-06-26,検証済みCSV,100,公式チャート・出典照合済みCSV,
dlsongs,2024,2024-07-03,検証済みCSV,100,公式チャート・出典照合済みCSV,
dlsongs,2024,2024-07-10,検証済みCSV,100,公式チャート・出典照合済みCSV,
dlsongs,2024,2024-07-17,検証済みCSV,100,公式チャート・出典照合済みCSV,
dlsongs,2024,2024-07-24,検証済みCSV,100,公式チャート・出典照合済みCSV,
dlsongs,2024,2024-07-31,検証済みCSV,100,公式チャート・出典照合済みCSV,
dlsongs,2024,2024-08-07,検証済みCSV,100,公式チャート・出典照合済みCSV,
dlsongs,2024,2024-08-14,検証済みCSV,100,公式チャート・出典照合済みCSV,
dlsongs,2024,2024-08-21,検証済みCSV,100,公式チャート・出典照合済みCSV,
dlsongs,2024,2024-08-28,検証済みCSV,100,公式チャート・出典照合済みCSV,
dlsongs,2024,2024-09-04,検証済みCSV,100,公式チャート・出典照合済みCSV,
dlsongs,2024,2024-09-11,検証済みCSV,100,公式チャート・出典照合済みCSV,
dlsongs,2024,2024-09-18,検証済みCSV,100,公式チャート・出典照合済みCSV,
dlsongs,2024,2024-09-25,検証済みCSV,100,公式チャート・出典照合済みCSV,
dlsongs,2024,2024-10-02,検証済みCSV,100,公式チャート・出典照合済みCSV,
dlsongs,2024,2024-10-09,検証済みCSV,100,公式チャート・出典照合済みCSV,
dlsongs,2024,2024-10-16,検証済みCSV,100,公式チャート・出典照合済みCSV,
dlsongs,2024,2024-10-23,検証済みCSV,100,公式チャート・出典照合済みCSV,
dlsongs,2024,2024-10-30,検証済みCSV,100,公式チャート・出典照合済みCSV,
dlsongs,2024,2024-11-06,検証済みCSV,100,公式チャート・出典照合済みCSV,
dlsongs,2024,2024-11-13,検証済みCSV,100,公式チャート・出典照合済みCSV,
dlsongs,2024,2024-11-20,検証済みCSV,100,公式チャート・出典照合済みCSV,
dlsongs,2024,2024-11-27,検証済みCSV,100,公式チャート・出典照合済みCSV,
dlsongs,2024,2024-12-04,検証済みCSV,100,公式チャート・出典照合済みCSV,
dlsongs,2024,2024-12-11,検証済みCSV,100,公式チャート・出典照合済みCSV,
dlsongs,2024,2024-12-18,検証済みCSV,100,公式チャート・出典照合済みCSV,
dlsongs,2024,2024-12-25,検証済みCSV,100,公式チャート・出典照合済みCSV,
dlsongs,2025,2025-01-01,検証済みCSV,100,公式チャート・出典照合済みCSV,
dlsongs,2025,2025-01-08,検証済みCSV,100,公式チャート・出典照合済みCSV,
dlsongs,2025,2025-01-15,検証済みCSV,100,公式チャート・出典照合済みCSV,
dlsongs,2025,2025-01-22,検証済みCSV,100,公式チャート・出典照合済みCSV,
dlsongs,2025,2025-01-29,検証済みCSV,100,公式チャート・出典照合済みCSV,
dlsongs,2025,2025-02-05,検証済みCSV,100,公式チャート・出典照合済みCSV,
dlsongs,2025,2025-02-12,検証済みCSV,100,公式チャート・出典照合済みCSV,
dlsongs,2025,2025-02-19,検証済みCSV,100,公式チャート・出典照合済みCSV,
dlsongs,2025,2025-02-26,検証済みCSV,100,公式チャート・出典照合済みCSV,
dlsongs,2025,2025-03-05,検証済みCSV,101,公式チャート・出典照合済みCSV,
dlsongs,2025,2025-03-12,検証済みCSV,100,公式チャート・出典照合済みCSV,
dlsongs,2025,2025-03-19,検証済みCSV,100,公式チャート・出典照合済みCSV,
dlsongs,2025,2025-03-26,検証済みCSV,101,公式チャート・出典照合済みCSV,
dlsongs,2025,2025-04-02,検証済みCSV,102,公式チャート・出典照合済みCSV,
dlsongs,2025,2025-04-09,検証済みCSV,100,公式チャート・出典照合済みCSV,
dlsongs,2025,2025-04-16,検証済みCSV,100,公式チャート・出典照合済みCSV,
dlsongs,2025,2025-04-23,検証済みCSV,100,公式チャート・出典照合済みCSV,
dlsongs,2025,2025-04-30,検証済みCSV,100,公式チャート・出典照合済みCSV,
dlsongs,2025,2025-05-07,検証済みCSV,100,公式チャート・出典照合済みCSV,
dlsongs,2025,2025-05-14,検証済みCSV,100,公式チャート・出典照合済みCSV,
dlsongs,2025,2025-05-21,検証済みCSV,100,公式チャート・出典照合済みCSV,
dlsongs,2025,2025-05-28,検証済みCSV,100,公式チャート・出典照合済みCSV,
dlsongs,2025,2025-06-04,検証済みCSV,100,公式チャート・出典照合済みCSV,
dlsongs,2025,2025-06-11,検証済みCSV,100,公式チャート・出典照合済みCSV,
dlsongs,2025,2025-06-18,検証済みCSV,100,公式チャート・出典照合済みCSV,
dlsongs,2025,2025-06-25,検証済みCSV,100,公式チャート・出典照合済みCSV,
dlsongs,2025,2025-07-02,検証済みCSV,101,公式チャート・出典照合済みCSV,
dlsongs,2025,2025-07-09,検証済みCSV,100,公式チャート・出典照合済みCSV,
dlsongs,2025,2025-07-16,検証済みCSV,101,公式チャート・出典照合済みCSV,
dlsongs,2025,2025-07-23,検証済みCSV,100,公式チャート・出典照合済みCSV,
dlsongs,2025,2025-07-30,検証済みCSV,100,公式チャート・出典照合済みCSV,
dlsongs,2025,2025-08-06,検証済みCSV,100,公式チャート・出典照合済みCSV,
dlsongs,2025,2025-08-13,検証済みCSV,100,公式チャート・出典照合済みCSV,
dlsongs,2025,2025-08-20,検証済みCSV,100,公式チャート・出典照合済みCSV,
dlsongs,2025,2025-08-27,検証済みCSV,100,公式チャート・出典照合済みCSV,
dlsongs,2025,2025-09-03,検証済みCSV,100,公式チャート・出典照合済みCSV,
dlsongs,2025,2025-09-10,検証済みCSV,100,公式チャート・出典照合済みCSV,
dlsongs,2025,2025-09-17,検証済みCSV,100,公式チャート・出典照合済みCSV,
dlsongs,2025,2025-09-24,検証済みCSV,100,公式チャート・出典照合済みCSV,
dlsongs,2025,2025-10-01,検証済みCSV,100,公式チャート・出典照合済みCSV,
dlsongs,2025,2025-10-08,検証済みCSV,100,公式チャート・出典照合済みCSV,
dlsongs,2025,2025-10-15,検証済みCSV,100,公式チャート・出典照合済みCSV,
dlsongs,2025,2025-10-22,検証済みCSV,100,公式チャート・出典照合済みCSV,
dlsongs,2025,2025-10-29,検証済みCSV,101,公式チャート・出典照合済みCSV,
dlsongs,2025,2025-11-05,検証済みCSV,100,公式チャート・出典照合済みCSV,
dlsongs,2025,2025-11-12,検証済みCSV,100,公式チャート・出典照合済みCSV,
dlsongs,2025,2025-11-19,検証済みCSV,100,公式チャート・出典照合済みCSV,
dlsongs,2025,2025-11-26,検証済みCSV,100,公式チャート・出典照合済みCSV,
dlsongs,2025,2025-12-03,検証済みCSV,101,公式チャート・出典照合済みCSV,
dlsongs,2025,2025-12-10,検証済みCSV,100,公式チャート・出典照合済みCSV,
dlsongs,2025,2025-12-17,検証済みCSV,100,公式チャート・出典照合済みCSV,
dlsongs,2025,2025-12-24,検証済みCSV,100,公式チャート・出典照合済みCSV,
dlsongs,2025,2025-12-31,検証済みCSV,100,公式チャート・出典照合済みCSV,
dlsongs,2026,2026-01-07,検証済みCSV,100,公式チャート・出典照合済みCSV,
dlsongs,2026,2026-01-14,検証済みCSV,100,公式チャート・出典照合済みCSV,
dlsongs,2026,2026-01-21,検証済みCSV,100,公式チャート・出典照合済みCSV,
dlsongs,2026,2026-01-28,検証済みCSV,100,公式チャート・出典照合済みCSV,
dlsongs,2026,2026-02-04,検証済みCSV,100,公式チャート・出典照合済みCSV,
dlsongs,2026,2026-02-11,検証済みCSV,100,公式チャート・出典照合済みCSV,
dlsongs,2026,2026-02-18,検証済みCSV,100,公式チャート・出典照合済みCSV,
dlsongs,2026,2026-02-25,検証済みCSV,100,公式チャート・出典照合済みCSV,
dlsongs,2026,2026-03-04,検証済みCSV,100,公式チャート・出典照合済みCSV,
dlsongs,2026,2026-03-11,検証済みCSV,100,公式チャート・出典照合済みCSV,
dlsongs,2026,2026-03-18,検証済みCSV,100,公式チャート・出典照合済みCSV,
dlsongs,2026,2026-03-25,検証済みCSV,100,公式チャート・出典照合済みCSV,
dlsongs,2026,2026-04-01,検証済みCSV,100,公式チャート・出典照合済みCSV,
dlsongs,2026,2026-04-08,検証済みCSV,100,公式チャート・出典照合済みCSV,
dlsongs,2026,2026-04-15,検証済みCSV,100,公式チャート・出典照合済みCSV,
dlsongs,2026,2026-04-22,検証済みCSV,100,公式チャート・出典照合済みCSV,
dlsongs,2026,2026-04-29,検証済みCSV,100,公式チャート・出典照合済みCSV,
dlsongs,2026,2026-05-06,検証済みCSV,100,公式チャート・出典照合済みCSV,
dlsongs,2026,2026-05-13,検証済みCSV,100,公式チャート・出典照合済みCSV,
dlsongs,2026,2026-05-20,検証済みCSV,100,公式チャート・出典照合済みCSV,
dlsongs,2026,2026-05-27,検証済みCSV,100,公式チャート・出典照合済みCSV,
dlsongs,2026,2026-06-03,検証済みCSV,101,公式チャート・出典照合済みCSV,
dlsongs,2026,2026-06-10,検証済みCSV,101,公式チャート・出典照合済みCSV,
dlsongs,2026,2026-06-17,検証済みCSV,100,公式チャート・出典照合済みCSV,
dlsongs,2026,2026-06-24,検証済みCSV,100,公式チャート・出典照合済みCSV,
dlsongs,2026,2026-07-01,検証済みCSV,100,公式チャート・出典照合済みCSV,
dlsongs,2026,2026-07-08,検証済みCSV,100,公式チャート・出典照合済みCSV,
dlsongs,2026,2026-07-15,検証済みCSV,100,公式チャート・出典照合済みCSV,
dlsongs,2026,2026-07-22,検証済みCSV,100,公式チャート・出典照合済みCSV,
dlsongs,2026,2026-07-29,検証済みCSV,100,公式チャート・出典照合済みCSV,
dlsongs,2026,2026-08-05,検証済みCSV,100,公式チャート・出典照合済みCSV,
dlsongs,2026,2026-08-12,検証済みCSV,100,公式チャート・出典照合済みCSV,
dlsongs,2026,2026-08-19,検証済みCSV,101,公式チャート・出典照合済みCSV,
dlsongs,2026,2026-08-26,検証済みCSV,100,公式チャート・出典照合済みCSV,
dlsongs,2026,2026-09-02,検証済みCSV,100,公式チャート・出典照合済みCSV,
dlsongs,2026,2026-09-09,検証済みCSV,101,公式チャート・出典照合済みCSV,
dlsongs,2026,2026-09-16,検証済みCSV,100,公式チャート・出典照合済みCSV,
dlsongs,2026,2026-09-23,検証済みCSV,100,公式チャート・出典照合済みCSV,
dlsongs,2026,2026-09-30,検証済みCSV,100,公式チャート・出典照合済みCSV,
dlsongs,2026,2026-10-07,検証済みCSV,100,公式チャート・出典照合済みCSV,
